seed,variant,variant_display_label,is_baseline_nheft,configured_tolerance,configured_comp_advantage,configured_drt_advantage,configured_irt_advantage,ccr_data,idr_image,nccr_total,heft_makespan,heft_slr,heft_vcpus,heft_hosts,heft_instances,heft_image_dl_total,heft_image_from_repo,heft_image_from_host,dheft_makespan,dheft_slr,dheft_vcpus,dheft_hosts,dheft_instances,dheft_image_dl_total,dheft_image_from_repo,dheft_image_from_host,nheft_makespan,nheft_slr,nheft_vcpus,nheft_hosts,nheft_instances,nheft_image_dl_total,nheft_image_from_repo,nheft_image_from_host,time_sec,return_code,status,log_file
741896,baseline,NHEFT,1,0.0,0,0,0,1.2303,1.1183,2.3486,735.2227000000003,22.5736,4,3,43,442,442,0,114.81930000000003,3.5253,35,11,239,104,47,57,66.52067588780265,2.0424,51,12,320,171,102,69,4.631029,0,ok,logs/seed_741896.log
430515,baseline,NHEFT,1,0.0,0,0,0,1.1748,1.1775,2.3523,603.5493999999994,15.0604,3,2,42,468,468,0,95.22590000000001,2.3762,40,12,260,119,45,74,62.692687179487166,1.5644,42,11,310,142,81,61,4.66107,0,ok,logs/seed_430515.log
888075,baseline,NHEFT,1,0.0,0,0,0,1.1706,1.0357,2.2063,532.1215000000008,13.672,6,3,71,471,471,0,94.45760000000001,2.4269,37,9,269,128,54,74,68.53156109852216,1.7608,47,12,336,189,121,68,6.248425,0,ok,logs/seed_888075.log
914983,baseline,NHEFT,1,0.0,0,0,0,1.3326,1.3438,2.6764,803.3076999999981,22.5954,3,2,34,446,446,0,112.78010000000002,3.1723,26,8,200,83,46,37,67.48259720969156,1.8981,39,10,271,115,65,50,6.115059,0,ok,logs/seed_914983.log
997971,baseline,NHEFT,1,0.0,0,0,0,1.1813,0.9859,2.1672,523.2706999999989,17.7417,4,2,61,478,478,0,90.13669999999999,3.0561,32,10,272,100,50,50,58.732220562254255,1.9913,42,11,317,154,98,56,6.922879,0,ok,logs/seed_997971.log
747642,baseline,NHEFT,1,0.0,0,0,0,1.0391,0.9199,1.959,783.1683999999988,17.7073,4,3,51,466,466,0,98.9826,2.238,35,11,246,108,46,62,71.39634594594595,1.6143,39,11,295,130,87,43,7.191909,0,ok,logs/seed_747642.log
664527,baseline,NHEFT,1,0.0,0,0,0,1.1612,1.3391,2.5003,531.4905999999997,12.9257,6,3,75,485,485,0,111.0634,2.701,39,9,254,117,53,64,63.32960157381325,1.5402,43,10,318,166,95,71,10.977146,0,ok,logs/seed_664527.log
760044,baseline,NHEFT,1,0.0,0,0,0,1.0202,0.9517,1.9719,809.8849999999995,15.3749,4,2,43,458,458,0,127.67779999999999,2.4238,39,11,228,109,46,63,84.91511682242991,1.612,46,11,308,153,96,57,8.768024,0,ok,logs/seed_760044.log
215549,baseline,NHEFT,1,0.0,0,0,0,1.1499,1.2115,2.3614,678.6130000000002,19.2042,2,1,42,465,465,0,91.38180000000003,2.586,30,5,256,87,47,40,64.7226127541298,1.8316,46,10,304,135,86,49,10.287399,0,ok,logs/seed_215549.log
370191,baseline,NHEFT,1,0.0,0,0,0,1.0978,1.1411,2.2389,819.3051999999996,23.135,4,2,44,469,469,0,100.3977,2.835,40,9,253,92,42,50,71.11645205452561,2.0081,52,15,310,125,74,51,12.782339,0,ok,logs/seed_370191.log
296947,baseline,NHEFT,1,0.0,0,0,0,1.0201,1.1951,2.2152,738.0290999999997,16.1285,4,2,57,471,471,0,138.31009999999998,3.0226,42,12,255,128,49,79,99.39557712587413,2.1721,41,10,306,141,88,53,11.812188,0,ok,logs/seed_296947.log
963598,baseline,NHEFT,1,0.0,0,0,0,1.205,1.1808,2.3858,721.4806000000008,18.6689,3,2,40,459,459,0,104.06040000000002,2.6926,37,11,244,125,48,77,69.65415151581608,1.8024,45,12,320,173,94,79,13.428396,0,ok,logs/seed_963598.log
388451,baseline,NHEFT,1,0.0,0,0,0,1.1301,1.1267,2.2568,583.1016000000011,15.4859,4,2,48,465,465,0,94.25250000000001,2.5031,34,8,246,90,41,49,69.57142311404729,1.8477,46,11,309,134,81,53,13.151701,0,ok,logs/seed_388451.log
602873,baseline,NHEFT,1,0.0,0,0,0,1.0685,1.021,2.0895,584.6607000000001,12.0863,4,2,53,465,465,0,108.9053,2.2513,34,12,244,102,45,57,67.4363610538336,1.3941,47,10,324,161,94,67,16.543142,0,ok,logs/seed_602873.log
122745,baseline,NHEFT,1,0.0,0,0,0,1.1458,0.9874,2.1332,745.5243999999998,21.4898,5,3,44,466,466,0,99.72190000000005,2.8745,47,11,285,107,44,63,81.22277688932806,2.3413,53,12,326,135,85,50,15.200613,0,ok,logs/seed_122745.log
484762,baseline,NHEFT,1,0.0,0,0,0,1.1676,1.2638,2.4314,533.3516999999998,15.1872,4,2,58,456,456,0,83.89369999999998,2.3889,31,7,256,90,49,41,61.4085866877736,1.7486,47,10,326,164,95,69,14.143703,0,ok,logs/seed_484762.log
514215,baseline,NHEFT,1,0.0,0,0,0,1.2406,1.0705,2.3111,875.021399999999,22.2607,6,4,46,457,457,0,106.56070000000003,2.7109,31,11,247,116,40,76,66.68929544235925,1.6966,43,12,302,153,93,60,12.752335,0,ok,logs/seed_514215.log
601161,baseline,NHEFT,1,0.0,0,0,0,1.0085,1.0051,2.0136,567.7806000000004,12.7034,4,2,55,459,459,0,105.0291,2.3499,36,11,278,117,41,76,70.93685925865475,1.5871,45,11,300,162,94,68,13.364352,0,ok,logs/seed_601161.log
78435,baseline,NHEFT,1,0.0,0,0,0,1.0547,0.9687,2.0234,544.8393999999998,12.4313,4,2,48,448,448,0,90.6289,2.0678,35,10,259,114,46,68,61.24491694915254,1.3974,41,11,297,150,87,63,12.535797,0,ok,logs/seed_78435.log
480957,baseline,NHEFT,1,0.0,0,0,0,1.1766,1.026,2.2026,472.04979999999966,13.4327,5,3,47,448,448,0,80.50829999999996,2.291,33,10,240,102,49,53,60.354086340044745,1.7174,36,11,283,130,77,53,14.597465,0,ok,logs/seed_480957.log
113260,baseline,NHEFT,1,0.0,0,0,0,1.2837,1.2492,2.5329,691.3044000000003,15.1451,5,2,49,499,499,0,101.41359999999999,2.2218,42,11,280,133,54,79,91.72635087281795,2.0095,50,12,332,173,108,65,26.655143,0,ok,logs/seed_113260.log
846854,baseline,NHEFT,1,0.0,0,0,0,1.103,1.1292,2.2322,608.0666000000011,17.6668,3,2,39,425,425,0,91.83460000000002,2.6682,33,9,205,89,44,45,65.18161974110032,1.8938,38,10,265,135,75,60,18.157249,0,ok,logs/seed_846854.log
422970,baseline,NHEFT,1,0.0,0,0,0,1.1088,1.2583,2.3671,564.0515000000009,14.5321,4,2,51,437,437,0,101.29579999999996,2.6098,31,7,234,92,50,42,64.54526698298815,1.6629,52,14,297,148,83,65,22.149904,0,ok,logs/seed_422970.log
762973,baseline,NHEFT,1,0.0,0,0,0,1.2995,0.9775,2.277,524.5414999999997,12.742,3,2,42,468,468,0,79.0247,1.9196,31,8,246,86,46,40,69.09117460510329,1.6783,36,10,288,129,83,46,22.87038,0,ok,logs/seed_762973.log
303068,baseline,NHEFT,1,0.0,0,0,0,1.3395,1.4751,2.8146,900.4385000000029,25.4833,4,2,29,496,496,0,98.56000000000002,2.7893,33,9,237,83,43,40,64.79366573866082,1.8337,41,10,314,152,88,64,26.893579,0,ok,logs/seed_303068.log
701483,baseline,NHEFT,1,0.0,0,0,0,1.3856,1.3856,2.7712,591.1452999999984,19.1105,4,2,44,447,447,0,85.72250000000003,2.7712,31,7,247,85,44,41,69.86637527188769,2.2586,45,11,310,177,99,78,18.414305,0,ok,logs/seed_701483.log
193272,baseline,NHEFT,1,0.0,0,0,0,1.1762,1.2923,2.4685,543.3592000000003,12.0278,4,2,61,460,460,0,103.2574,2.2857,36,11,255,109,50,59,69.4850696650953,1.5381,51,12,330,164,87,77,26.062382,0,ok,logs/seed_193272.log
609026,baseline,NHEFT,1,0.0,0,0,0,1.0879,1.0696,2.1575,582.4770000000007,16.018,4,2,52,463,463,0,89.5133,2.4616,33,9,251,89,46,43,63.5135333672206,1.7466,53,12,330,149,95,54,25.517589,0,ok,logs/seed_609026.log
385324,baseline,NHEFT,1,0.0,0,0,0,1.2385,1.3643,2.6028,610.7407000000007,19.268,4,2,43,473,473,0,83.22170000000001,2.6255,22,6,231,71,43,28,65.60838739376423,2.0698,43,11,293,127,82,45,20.938841,0,ok,logs/seed_385324.log
586699,baseline,NHEFT,1,0.0,0,0,0,1.135,1.2116,2.3466,624.1707000000005,16.0943,4,2,43,430,430,0,96.6803,2.4929,30,9,225,85,46,39,65.7965126712346,1.6966,36,9,279,139,86,53,19.634299,0,ok,logs/seed_586699.log
127154,baseline,NHEFT,1,0.0,0,0,0,1.3205,1.3013,2.6218,745.7014999999989,26.6774,4,3,50,491,491,0,99.62000000000003,3.5639,37,9,285,122,46,76,69.43662007091288,2.4841,45,11,325,166,93,73,18.370789,0,ok,logs/seed_127154.log
140763,baseline,NHEFT,1,0.0,0,0,0,1.1324,1.0953,2.2277,581.6856999999995,15.2652,3,1,43,460,460,0,100.74900000000002,2.644,31,8,250,102,45,57,73.31895818701697,1.9241,47,12,303,176,97,79,21.497754,0,ok,logs/seed_140763.log
162375,baseline,NHEFT,1,0.0,0,0,0,1.2807,1.3488,2.6295,579.5533999999993,14.3328,3,2,42,444,444,0,98.42,2.434,34,11,222,81,39,42,68.54929124390245,1.6953,33,9,271,116,74,42,19.399241,0,ok,logs/seed_162375.log
320372,baseline,NHEFT,1,0.0,0,0,0,1.3005,1.5383,2.8388,574.1950999999993,15.204,4,2,48,462,462,0,89.9715,2.3823,29,6,255,86,48,38,69.61474858220502,1.8433,58,12,336,162,90,72,19.180061,0,ok,logs/seed_320372.log
911752,baseline,NHEFT,1,0.0,0,0,0,1.3638,1.2241,2.5879,533.6037999999994,13.4529,4,2,49,465,465,0,83.57339999999999,2.107,35,9,260,97,50,47,59.90427567248908,1.5103,56,13,332,172,92,80,22.487268,0,ok,logs/seed_911752.log
185527,baseline,NHEFT,1,0.0,0,0,0,1.2113,1.0884,2.2997,567.1119999999995,11.7245,6,3,67,475,475,0,105.61999999999998,2.1836,45,14,295,149,51,98,71.21844821763602,1.4724,41,10,319,160,93,67,23.814041,0,ok,logs/seed_185527.log
766339,baseline,NHEFT,1,0.0,0,0,0,1.2936,1.2185,2.5121,1170.2301999999997,31.6801,3,3,34,450,450,0,120.35969999999999,3.2583,33,8,219,104,38,66,107.01691605078489,2.8971,48,10,305,169,89,80,20.821917,0,ok,logs/seed_766339.log
911829,baseline,NHEFT,1,0.0,0,0,0,1.1679,1.1181,2.286,1219.2204999999972,24.1243,3,3,33,473,473,0,123.91529999999999,2.4519,34,9,221,94,41,53,79.13204448385947,1.5658,49,10,322,157,99,58,27.278268,0,ok,logs/seed_911829.log
184906,baseline,NHEFT,1,0.0,0,0,0,1.2465,1.2189,2.4654,683.0713999999988,15.9326,3,2,39,446,446,0,96.22010000000004,2.2443,34,9,227,97,44,53,68.48269308857509,1.5974,44,10,289,140,94,46,18.260181,0,ok,logs/seed_184906.log
189090,baseline,NHEFT,1,0.0,0,0,0,1.2428,0.9914,2.2342,595.6771000000022,16.8135,3,2,42,448,448,0,92.23149999999998,2.6033,36,9,238,106,52,54,55.97717829468599,1.58,47,13,298,148,89,59,23.638167,0,ok,logs/seed_189090.log
355619,baseline,NHEFT,1,0.0,0,0,0,1.0325,1.103,2.1355,654.2398999999986,14.3608,4,2,58,469,469,0,113.91680000000001,2.5005,47,15,288,135,52,83,79.96455197155787,1.7553,50,11,317,169,112,57,19.188788,0,ok,logs/seed_355619.log
440123,baseline,NHEFT,1,0.0,0,0,0,1.0955,1.2053,2.3008,464.08879999999976,10.0254,5,2,71,474,474,0,102.83330000000002,2.2214,39,11,260,121,47,74,78.57089178675768,1.6973,49,13,328,181,105,76,21.042457,0,ok,logs/seed_440123.log
65843,baseline,NHEFT,1,0.0,0,0,0,1.2531,1.0345,2.2876,902.0619000000017,26.1796,5,3,29,426,426,0,92.8358,2.6943,39,11,235,94,40,54,61.412492133004925,1.7823,52,11,281,152,88,64,14.92049,0,ok,logs/seed_65843.log
356002,baseline,NHEFT,1,0.0,0,0,0,1.3026,1.0928,2.3954,541.8534000000001,14.4114,2,1,42,454,454,0,96.71809999999999,2.5724,32,8,225,107,53,54,67.5104778879405,1.7955,37,10,281,125,88,37,20.552858,0,ok,logs/seed_356002.log
546160,baseline,NHEFT,1,0.0,0,0,0,1.2515,1.1171,2.3686,822.6097000000005,14.7213,6,3,53,469,469,0,113.29429999999998,2.0275,33,9,227,110,48,62,66.94646802140574,1.1981,34,9,279,120,79,41,19.6269,0,ok,logs/seed_546160.log
466702,baseline,NHEFT,1,0.0,0,0,0,0.9959,0.8237,1.8196,548.6893000000006,15.3882,4,2,45,469,469,0,93.2661,2.6157,35,9,241,110,40,70,63.55018801906059,1.7823,46,12,299,149,86,63,24.149319,0,ok,logs/seed_466702.log
108594,baseline,NHEFT,1,0.0,0,0,0,1.1024,1.0524,2.1548,605.4704999999997,17.6075,4,2,45,450,450,0,91.39670000000002,2.6579,33,8,250,98,43,55,66.83590466133217,1.9436,60,13,330,179,93,86,23.51979,0,ok,logs/seed_108594.log
302326,baseline,NHEFT,1,0.0,0,0,0,1.2537,1.1559,2.4096,645.2978999999998,15.9359,4,2,43,473,473,0,98.21390000000002,2.4254,33,10,237,106,41,65,66.03845745212323,1.6308,37,11,303,129,78,51,19.349175,0,ok,logs/seed_302326.log
830943,baseline,NHEFT,1,0.0,0,0,0,1.2706,1.0556,2.3262,999.7583000000035,28.4883,3,3,32,445,445,0,108.47399999999999,3.091,31,9,212,79,40,39,59.82724736842104,1.7048,47,10,307,140,70,70,19.349377,0,ok,logs/seed_830943.log
774892,baseline,NHEFT,1,0.0,0,0,0,1.1476,0.9627,2.1103,638.0682000000002,15.8589,6,4,70,489,489,0,95.36300000000003,2.3702,29,6,281,83,45,38,64.6409928667564,1.6066,50,14,327,144,88,56,24.862777,0,ok,logs/seed_774892.log
317399,baseline,NHEFT,1,0.0,0,0,0,1.244,1.092,2.336,628.9337000000015,17.6064,5,3,44,462,462,0,95.16839999999999,2.6641,31,8,221,95,53,42,63.69016802071164,1.7829,36,11,294,137,82,55,19.746994,0,ok,logs/seed_317399.log
179499,baseline,NHEFT,1,0.0,0,0,0,1.2066,1.0624,2.269,748.6612999999991,18.9139,5,3,49,463,463,0,106.65319999999997,2.6944,34,11,242,109,47,62,63.14731883439491,1.5953,36,11,318,157,99,58,20.078031,0,ok,logs/seed_179499.log
551935,baseline,NHEFT,1,0.0,0,0,0,1.3131,1.283,2.5961,599.4904999999999,11.8544,4,2,43,464,464,0,85.02530000000003,1.6813,32,8,249,86,44,42,72.1886411200469,1.4275,38,8,298,125,83,42,20.551654,0,ok,logs/seed_551935.log
751687,baseline,NHEFT,1,0.0,0,0,0,1.123,0.8666,1.9896,555.9189000000008,15.989,5,3,50,435,435,0,87.5108,2.5169,35,8,239,88,47,41,57.141993857965446,1.6435,45,12,307,143,83,60,18.514116,0,ok,logs/seed_751687.log
531148,baseline,NHEFT,1,0.0,0,0,0,1.149,1.0262,2.1752,757.079599999999,16.4019,4,2,43,487,487,0,117.33209999999998,2.542,41,13,269,130,53,77,67.54825959619062,1.4634,45,9,325,134,92,42,24.82703,0,ok,logs/seed_531148.log
594138,baseline,NHEFT,1,0.0,0,0,0,1.3075,1.2245,2.532,539.684800000001,15.8424,4,2,46,429,429,0,92.48730000000003,2.715,30,9,232,95,43,52,69.26247554585153,2.0332,39,12,293,130,79,51,17.206681,0,ok,logs/seed_594138.log
702028,baseline,NHEFT,1,0.0,0,0,0,1.2638,1.1258,2.3896,761.0742999999999,19.5984,4,3,54,466,466,0,99.58520000000003,2.5644,31,7,228,86,46,40,70.21249321706398,1.808,51,13,305,169,85,84,20.395994,0,ok,logs/seed_702028.log
492022,baseline,NHEFT,1,0.0,0,0,0,1.1113,0.9994,2.1107,641.1065999999992,16.8035,5,3,62,469,469,0,107.78880000000001,2.8252,50,13,269,143,50,93,63.2901,1.6588,53,13,320,177,86,91,20.381697,0,ok,logs/seed_492022.log
231332,baseline,NHEFT,1,0.0,0,0,0,1.2358,1.1226,2.3584,699.8840000000007,19.845,4,2,43,475,475,0,97.45179999999999,2.7632,33,9,265,92,40,52,66.50015185185184,1.8856,44,12,299,152,83,69,24.322044,0,ok,logs/seed_231332.log
147537,baseline,NHEFT,1,0.0,0,0,0,1.2969,1.2083,2.5052,893.6709000000043,19.6265,3,2,32,487,487,0,117.68269999999998,2.5845,35,9,236,121,51,70,71.7907089586777,1.5766,46,11,312,158,92,66,24.940413,0,ok,logs/seed_147537.log
109654,baseline,NHEFT,1,0.0,0,0,0,1.1091,1.198,2.3071,656.9644999999988,16.1114,3,2,42,471,471,0,101.9006,2.499,37,11,260,112,47,65,62.862468392370566,1.5416,49,13,313,151,92,59,25.021884,0,ok,logs/seed_109654.log
357820,baseline,NHEFT,1,0.0,0,0,0,1.0192,1.0747,2.0939,556.5697999999994,19.0614,3,2,42,478,478,0,93.1505,3.1902,33,9,234,93,52,41,62.304750524752464,2.1338,41,10,308,134,90,44,22.295619,0,ok,logs/seed_357820.log
813854,baseline,NHEFT,1,0.0,0,0,0,1.1668,1.0805,2.2473,625.502699999999,14.5764,3,2,42,461,461,0,105.66390000000001,2.4623,30,9,226,93,47,46,71.97620984568879,1.6773,33,10,278,117,82,35,22.157733,0,ok,logs/seed_813854.log
840701,baseline,NHEFT,1,0.0,0,0,0,1.1354,1.1871,2.3225,553.108700000001,12.9743,4,2,55,489,489,0,89.7639,2.1056,30,9,277,92,44,48,68.34654531258947,1.6032,39,11,341,134,85,49,25.849756,0,ok,logs/seed_840701.log
528112,baseline,NHEFT,1,0.0,0,0,0,1.3112,1.2242,2.5354,591.4202000000007,14.1012,4,2,42,446,446,0,87.10289999999999,2.0768,22,6,225,66,40,26,61.15988562230672,1.4582,41,9,298,129,84,45,20.226546,0,ok,logs/seed_528112.log
610245,baseline,NHEFT,1,0.0,0,0,0,1.2805,1.24,2.5205,781.3260000000013,21.3591,5,3,34,456,456,0,105.44309999999997,2.8825,32,12,209,100,43,57,60.946047169745206,1.6661,36,11,275,126,80,46,19.783307,0,ok,logs/seed_610245.log
540631,baseline,NHEFT,1,0.0,0,0,0,1.1969,1.0066,2.2035,696.8183000000002,20.1219,3,2,42,498,498,0,111.87549999999999,3.2306,31,10,237,125,44,81,63.80576277686511,1.8425,44,10,331,159,94,65,23.912199,0,ok,logs/seed_540631.log
670354,baseline,NHEFT,1,0.0,0,0,0,1.2103,1.131,2.3413,680.5566000000003,17.3664,4,2,43,467,467,0,100.7718,2.5715,32,8,247,94,48,46,64.85948009630819,1.6551,43,11,317,153,93,60,20.163571,0,ok,logs/seed_670354.log
416284,baseline,NHEFT,1,0.0,0,0,0,1.2364,1.234,2.4704,612.3752000000009,17.9546,5,3,55,473,473,0,96.55679999999998,2.831,30,9,255,94,52,42,67.7117142300195,1.9853,47,13,315,157,96,61,20.28093,0,ok,logs/seed_416284.log
853922,baseline,NHEFT,1,0.0,0,0,0,1.2795,1.4659,2.7454,627.6543000000005,15.1076,4,2,41,464,464,0,87.96779999999998,2.1174,33,9,235,90,45,45,57.60107990044577,1.3865,34,9,281,111,69,42,19.923179,0,ok,logs/seed_853922.log
703771,baseline,NHEFT,1,0.0,0,0,0,1.2498,1.3626,2.6124,593.0010000000002,16.2245,3,2,42,448,448,0,101.64160000000001,2.7809,25,6,200,86,45,41,61.05527681227437,1.6705,36,9,283,135,81,54,20.341203,0,ok,logs/seed_703771.log
131782,baseline,NHEFT,1,0.0,0,0,0,1.2287,1.1757,2.4044,709.4290999999998,22.4155,4,2,34,451,451,0,88.55159999999998,2.7979,37,9,234,91,42,49,64.82712161772558,2.0483,44,10,275,121,71,50,19.912908,0,ok,logs/seed_131782.log
793335,baseline,NHEFT,1,0.0,0,0,0,1.251,1.3379,2.5889,580.1044000000006,16.4506,3,2,42,441,441,0,103.1313,2.9246,24,8,214,91,48,43,67.00085467558662,1.9,41,11,280,145,85,60,21.376114,0,ok,logs/seed_793335.log
829835,baseline,NHEFT,1,0.0,0,0,0,1.0678,0.9771,2.0449,584.2762000000004,16.33,4,2,43,444,444,0,88.79850000000003,2.4818,34,9,244,112,52,60,61.1349310558017,1.7087,41,11,291,138,94,44,26.342348,0,ok,logs/seed_829835.log
517538,baseline,NHEFT,1,0.0,0,0,0,1.275,1.0916,2.3666,575.2374999999996,14.6846,4,2,43,465,465,0,91.3441,2.3318,33,8,238,93,45,48,56.14458071139547,1.4333,48,11,325,143,80,63,24.800039,0,ok,logs/seed_517538.log
432977,baseline,NHEFT,1,0.0,0,0,0,1.2122,1.1164,2.3286,775.6643000000013,17.2692,4,3,44,477,477,0,108.68719999999999,2.4198,37,10,263,106,51,55,65.39479077666356,1.4559,44,11,328,165,94,71,25.086264,0,ok,logs/seed_432977.log
202788,baseline,NHEFT,1,0.0,0,0,0,1.2488,1.1145,2.3633,625.0265000000004,16.1682,3,2,42,446,446,0,97.23409999999997,2.5153,42,13,256,129,40,89,58.674075988103546,1.5178,37,10,284,137,81,56,21.249287,0,ok,logs/seed_202788.log
455331,baseline,NHEFT,1,0.0,0,0,0,1.2797,1.1166,2.3963,755.0657000000006,19.7404,5,3,51,448,448,0,104.22130000000001,2.7248,32,11,239,105,46,59,62.55168225608244,1.6354,49,13,321,177,94,83,19.399245,0,ok,logs/seed_455331.log
795054,baseline,NHEFT,1,0.0,0,0,0,1.275,1.1361,2.4111,593.3962999999994,18.3635,4,2,43,429,429,0,99.0779,3.0661,31,10,215,95,40,55,64.73545514505777,2.0033,38,10,270,133,78,55,16.981091,0,ok,logs/seed_795054.log
612732,baseline,NHEFT,1,0.0,0,0,0,1.2294,0.9792,2.2086,539.4427000000002,17.0873,4,2,48,446,446,0,84.87349999999999,2.6884,38,10,250,106,45,61,57.08376342038216,1.8082,53,13,297,135,85,50,19.943611,0,ok,logs/seed_612732.log
753523,baseline,NHEFT,1,0.0,0,0,0,1.1574,1.1716,2.329,545.3956000000021,14.0831,5,2,68,450,450,0,91.8041,2.3705,37,11,251,113,43,70,63.6070762961083,1.6424,48,12,308,156,87,69,19.796995,0,ok,logs/seed_753523.log
239744,baseline,NHEFT,1,0.0,0,0,0,1.1966,1.2003,2.3969,582.5865,13.536,5,2,47,470,470,0,92.62060000000002,2.152,36,8,260,92,45,47,65.96842625506389,1.5327,40,11,322,155,89,66,23.462472,0,ok,logs/seed_239744.log
838648,baseline,NHEFT,1,0.0,0,0,0,1.2592,1.1274,2.3866,561.8008999999992,14.1421,4,2,44,455,455,0,95.5421,2.4051,31,9,224,101,51,50,60.523619478260876,1.5235,42,13,305,145,90,55,20.432826,0,ok,logs/seed_838648.log
115403,baseline,NHEFT,1,0.0,0,0,0,1.0653,0.9368,2.0021,967.8873999999996,22.9472,4,3,34,456,456,0,105.6959,2.5059,35,11,251,96,39,57,77.26743834196891,1.8319,52,12,313,144,85,59,20.400833,0,ok,logs/seed_115403.log
712189,baseline,NHEFT,1,0.0,0,0,0,1.2967,1.3687,2.6654,684.8489000000005,20.453,4,2,45,461,461,0,107.86769999999996,3.2215,41,12,259,125,41,84,74.43466825573074,2.223,56,11,315,172,98,74,23.475825,0,ok,logs/seed_712189.log
873143,baseline,NHEFT,1,0.0,0,0,0,1.1428,1.0042,2.147,505.3776000000004,17.8965,5,2,47,454,454,0,86.9325,3.0785,30,9,229,98,44,54,54.32678498845266,1.9238,37,13,291,124,76,48,18.704012,0,ok,logs/seed_873143.log
877233,baseline,NHEFT,1,0.0,0,0,0,1.1305,0.9131,2.0436,889.710399999999,24.2946,4,3,43,462,462,0,113.5414,3.1004,32,10,213,100,49,51,70.81975047622883,1.9338,49,13,299,169,101,68,24.992629,0,ok,logs/seed_877233.log
663658,baseline,NHEFT,1,0.0,0,0,0,1.2762,1.3614,2.6376,713.6935999999996,18.7915,4,2,43,467,467,0,110.24760000000003,2.9028,38,12,260,104,46,58,66.62647891605732,1.7543,49,14,303,169,80,89,18.92331,0,ok,logs/seed_663658.log
656054,baseline,NHEFT,1,0.0,0,0,0,1.1433,0.8474,1.9907,789.3667000000007,22.4929,5,3,60,493,493,0,109.78160000000001,3.1282,43,10,275,124,54,70,60.43981960544218,1.7222,53,13,358,157,94,63,26.566403,0,ok,logs/seed_656054.log
464471,baseline,NHEFT,1,0.0,0,0,0,1.2008,1.2251,2.4259,685.8206000000018,19.0408,3,2,41,441,441,0,92.45209999999999,2.5668,31,10,237,92,46,46,60.52559010220492,1.6804,39,11,276,118,72,46,21.745046,0,ok,logs/seed_464471.log
586510,baseline,NHEFT,1,0.0,0,0,0,1.1818,1.2363,2.4181,463.7706999999999,14.3132,5,2,59,452,452,0,84.66940000000001,2.6131,37,12,262,123,43,80,69.58706880396618,2.1476,39,8,292,134,85,49,21.402738,0,ok,logs/seed_586510.log
50264,baseline,NHEFT,1,0.0,0,0,0,1.188,1.1369,2.3249,631.6101000000006,17.5336,4,3,50,438,438,0,89.05829999999999,2.4723,33,9,229,88,44,44,58.580276485956894,1.6262,35,10,295,125,77,48,19.685667,0,ok,logs/seed_50264.log
719048,baseline,NHEFT,1,0.0,0,0,0,1.2796,1.3494,2.629,621.4604000000003,16.7666,3,2,42,473,473,0,88.77789999999999,2.3952,39,12,268,106,50,56,62.73793449812696,1.6926,47,13,329,163,103,60,23.055396,0,ok,logs/seed_719048.log
677021,baseline,NHEFT,1,0.0,0,0,0,1.1733,1.2394,2.4127,673.4930000000004,18.6503,5,3,55,460,460,0,97.46679999999999,2.699,35,10,241,107,49,58,64.63124387481147,1.7898,43,9,292,146,92,54,19.5047,0,ok,logs/seed_677021.log
861718,baseline,NHEFT,1,0.0,0,0,0,1.3331,1.3205,2.6536,602.9350999999991,20.3889,4,2,51,452,452,0,110.7405,3.7448,30,9,238,104,43,61,69.14065457915059,2.3381,45,13,295,156,86,70,22.867915,0,ok,logs/seed_861718.log
495401,baseline,NHEFT,1,0.0,0,0,0,1.2011,0.9557,2.1568,491.45340000000124,14.2254,4,2,60,461,461,0,89.1403,2.5802,41,10,270,111,48,63,63.9819717557241,1.852,47,12,309,167,99,68,26.019732,0,ok,logs/seed_495401.log
209510,baseline,NHEFT,1,0.0,0,0,0,1.2065,1.079,2.2855,653.9302000000001,15.2973,4,2,43,454,454,0,99.88610000000003,2.3366,31,5,234,85,50,35,71.71438871929826,1.6776,50,11,304,172,101,71,18.878622,0,ok,logs/seed_209510.log
743312,baseline,NHEFT,1,0.0,0,0,0,1.2602,1.3031,2.5633,714.0079999999995,23.0093,5,3,52,435,435,0,104.40299999999999,3.3644,31,10,224,99,47,52,60.54122760098523,1.951,40,10,279,121,72,49,20.341782,0,ok,logs/seed_743312.log
212694,baseline,NHEFT,1,0.0,0,0,0,1.1345,1.1912,2.3257,578.0047000000014,19.2277,3,2,42,463,463,0,91.1587,3.0325,29,7,239,92,45,47,69.0922839247571,2.2984,46,12,304,159,104,55,23.252895,0,ok,logs/seed_212694.log
224701,baseline,NHEFT,1,0.0,0,0,0,1.1684,1.0593,2.2277,675.1176000000007,15.512,4,2,53,436,436,0,115.2542,2.6482,32,10,235,100,44,56,78.73531442203932,1.8091,51,12,317,168,81,87,18.765504,0,ok,logs/seed_224701.log
861434,baseline,NHEFT,1,0.0,0,0,0,1.2358,1.215,2.4508,660.2200000000008,18.3725,3,2,42,452,452,0,103.65809999999998,2.8846,36,10,242,113,44,69,65.67827959183674,1.8277,38,10,280,152,95,57,22.170714,0,ok,logs/seed_861434.log
844102,baseline,NHEFT,1,0.0,0,0,0,1.1006,1.0787,2.1793,709.1089000000009,16.0907,4,2,43,453,453,0,109.5763,2.4864,35,11,245,118,48,70,76.2496858954041,1.7302,43,12,295,151,89,62,19.15237,0,ok,logs/seed_844102.log
722064,baseline,NHEFT,1,0.0,0,0,0,1.119,1.071,2.19,612.3172999999999,18.557,3,2,42,428,428,0,91.77779999999997,2.7814,35,10,216,96,48,48,58.88,1.7844,41,10,273,131,84,47,20.951935,0,ok,logs/seed_722064.log
549862,baseline,NHEFT,1,0.0,0,0,0,1.317,1.0948,2.4118,821.9084000000021,22.7525,4,2,31,441,441,0,104.6632,2.8973,33,10,212,102,40,62,58.50889247083775,1.6197,41,10,288,147,88,59,18.041511,0,ok,logs/seed_549862.log
2010,baseline,NHEFT,1,0.0,0,0,0,1.258,0.9632,2.2212,692.7904999999993,16.7184,4,2,44,475,475,0,102.31159999999997,2.469,31,10,238,107,45,62,59.2524750774322,1.4299,38,9,303,150,91,59,22.009353,0,ok,logs/seed_2010.log
796027,baseline,NHEFT,1,0.0,0,0,0,1.1733,0.9738,2.1471,476.25019999999984,12.8164,5,2,60,438,438,0,97.71920000000003,2.6297,32,9,248,97,54,43,72.13016076974591,1.9411,40,9,297,146,100,46,18.091811,0,ok,logs/seed_796027.log
401997,baseline,NHEFT,1,0.0,0,0,0,1.0461,0.9965,2.0426,671.4736000000003,17.5664,5,2,64,460,460,0,115.50430000000001,3.0217,42,12,271,135,50,85,82.92963684210524,2.1695,40,13,300,153,98,55,22.443113,0,ok,logs/seed_401997.log
35721,baseline,NHEFT,1,0.0,0,0,0,1.3937,1.1247,2.5184,610.9312999999983,17.0675,5,3,61,435,435,0,99.6949,2.7852,40,12,268,137,43,94,67.17473043478262,1.8767,43,13,305,153,92,61,19.470303,0,ok,logs/seed_35721.log
724068,baseline,NHEFT,1,0.0,0,0,0,1.2153,1.1989,2.4142,511.5222000000002,12.8444,5,2,50,503,503,0,100.5089,2.5238,45,13,287,142,44,98,61.123461450171824,1.5348,38,9,315,145,93,52,24.975208,0,ok,logs/seed_724068.log
800182,baseline,NHEFT,1,0.0,0,0,0,1.0777,1.1152,2.1929,772.2025000000003,20.309,5,3,53,456,456,0,118.85190000000001,3.1258,38,11,254,109,52,57,69.84597964077669,1.837,45,11,317,157,86,71,20.855686,0,ok,logs/seed_800182.log
937614,baseline,NHEFT,1,0.0,0,0,0,1.0613,1.1827,2.244,569.3383000000013,15.0346,4,2,43,459,459,0,104.35300000000004,2.7557,34,9,228,104,48,56,71.28027541295855,1.8823,46,13,303,155,92,63,20.160992,0,ok,logs/seed_937614.log
722394,baseline,NHEFT,1,0.0,0,0,0,1.1348,1.3316,2.4664,529.4718000000003,14.005,4,2,49,455,455,0,99.56190000000001,2.6335,29,8,239,88,53,35,77.32994971621679,2.0454,49,12,310,159,87,72,19.274993,0,ok,logs/seed_722394.log
509760,baseline,NHEFT,1,0.0,0,0,0,1.1828,1.1289,2.3117,647.2359000000008,15.246,4,2,44,479,479,0,104.76029999999999,2.4677,36,9,257,117,53,64,82.21752596843618,1.9367,40,10,306,149,100,49,25.461084,0,ok,logs/seed_509760.log
70327,baseline,NHEFT,1,0.0,0,0,0,1.1327,1.017,2.1497,737.4175999999993,16.7122,4,2,43,453,453,0,116.92330000000004,2.6498,31,8,223,100,45,55,79.12966878612718,1.7933,42,9,285,145,87,58,22.305625,0,ok,logs/seed_70327.log
750147,baseline,NHEFT,1,0.0,0,0,0,1.4577,1.2973,2.755,587.2679999999996,13.9939,4,2,44,457,457,0,102.08690000000003,2.4326,41,10,257,108,47,61,63.58331196983977,1.5151,36,10,272,131,85,46,19.312782,0,ok,logs/seed_750147.log
460446,baseline,NHEFT,1,0.0,0,0,0,1.242,1.2768,2.5188,589.6461000000004,11.4674,4,2,57,481,481,0,118.569,2.3059,29,10,230,111,49,62,73.42772216065109,1.428,42,11,306,166,97,69,19.251497,0,ok,logs/seed_460446.log
748846,baseline,NHEFT,1,0.0,0,0,0,1.1402,1.219,2.3592,528.2842999999993,16.7967,4,2,57,456,456,0,101.68080000000002,3.2329,31,7,247,100,48,52,70.97480471891176,2.2566,43,10,322,150,88,62,21.189944,0,ok,logs/seed_748846.log
610796,baseline,NHEFT,1,0.0,0,0,0,1.1569,1.1643,2.3212,685.7905999999999,14.3032,5,3,60,485,485,0,121.17870000000003,2.5274,35,9,255,111,48,63,85.7888809687011,1.7893,41,10,307,155,87,68,24.145359,0,ok,logs/seed_610796.log
372755,baseline,NHEFT,1,0.0,0,0,0,1.2903,1.2262,2.5165,492.3893999999997,15.3215,5,2,66,452,452,0,100.74659999999997,3.1349,38,15,265,123,49,74,67.76693081355933,2.1087,40,11,293,128,82,46,21.08485,0,ok,logs/seed_372755.log
324404,baseline,NHEFT,1,0.0,0,0,0,1.1903,1.0226,2.2129,613.0736000000016,20.4672,5,3,44,443,443,0,109.41409999999996,3.6527,26,8,211,97,48,49,67.97812817493691,2.2694,41,10,298,146,92,54,22.117519,0,ok,logs/seed_324404.log
138451,baseline,NHEFT,1,0.0,0,0,0,1.2057,1.2406,2.4463,586.833499999999,12.7844,4,2,47,445,445,0,89.61729999999999,1.9524,34,9,265,112,49,63,70.86910889292197,1.5439,37,10,288,148,95,53,21.589062,0,ok,logs/seed_138451.log
117059,baseline,NHEFT,1,0.0,0,0,0,1.2278,1.1941,2.4219,719.1778000000022,21.1393,3,2,42,461,461,0,100.49589999999999,2.9539,45,14,247,130,44,86,61.673305840682794,1.8128,45,10,320,176,109,67,22.971778,0,ok,logs/seed_117059.log
976782,baseline,NHEFT,1,0.0,0,0,0,1.1569,1.1018,2.2587,560.8928999999995,12.5592,4,2,45,456,456,0,94.3885,2.1135,35,11,237,113,44,69,63.73800192926042,1.4272,43,12,307,159,91,68,19.033307,0,ok,logs/seed_976782.log
574644,baseline,NHEFT,1,0.0,0,0,0,1.3272,1.3048,2.632,711.8727999999992,14.1525,4,2,44,449,449,0,107.4732,2.1366,41,11,248,116,43,73,62.58925192582025,1.2443,45,14,300,143,83,60,18.796728,0,ok,logs/seed_574644.log
435308,baseline,NHEFT,1,0.0,0,0,0,1.3102,1.124,2.4342,556.3648999999997,12.7897,4,2,60,456,456,0,101.21650000000001,2.3268,34,9,250,114,48,66,74.15298931423665,1.7046,46,12,304,157,93,64,16.749571,0,ok,logs/seed_435308.log
635612,baseline,NHEFT,1,0.0,0,0,0,1.1382,1.0022,2.1404,606.2342999999994,13.9076,4,2,43,455,455,0,90.97499999999998,2.0871,31,8,250,91,47,44,70.77788729638829,1.6237,55,12,306,177,104,73,15.599613,0,ok,logs/seed_635612.log
289817,baseline,NHEFT,1,0.0,0,0,0,1.1207,1.0609,2.1816,682.2548000000003,19.9038,3,2,42,455,455,0,102.57050000000002,2.9923,38,11,248,113,47,66,66.22736084930463,1.9321,48,13,306,157,92,65,15.584448,0,ok,logs/seed_289817.log
639065,baseline,NHEFT,1,0.0,0,0,0,1.3606,1.2554,2.616,620.2525000000006,15.2703,3,2,42,469,469,0,103.01309999999998,2.5361,39,12,295,123,44,79,64.86265809190067,1.5969,51,13,314,168,92,76,16.452319,0,ok,logs/seed_639065.log
650943,baseline,NHEFT,1,0.0,0,0,0,1.2035,0.9734,2.1769,640.1519000000002,16.4231,4,2,43,495,495,0,94.50649999999996,2.4246,32,7,254,99,47,52,61.360344866385375,1.5742,46,11,313,149,96,53,16.708509,0,ok,logs/seed_650943.log
110055,baseline,NHEFT,1,0.0,0,0,0,1.0359,0.8999,1.9358,691.2866999999997,17.9008,4,2,45,492,492,0,99.89520000000002,2.5868,43,9,268,139,55,84,63.96438219865684,1.6564,48,13,336,161,95,66,14.148264,0,ok,logs/seed_110055.log
117791,baseline,NHEFT,1,0.0,0,0,0,1.2908,1.149,2.4398,621.9209000000008,17.2617,5,2,49,443,443,0,101.58439999999999,2.8195,33,10,243,101,41,60,66.82573916083916,1.8548,51,11,319,152,84,68,13.225627,0,ok,logs/seed_117791.log
124685,baseline,NHEFT,1,0.0,0,0,0,1.1425,1.0465,2.189,652.0567999999987,16.6058,6,4,69,456,456,0,108.64129999999999,2.7668,47,12,286,131,50,81,70.55758022852729,1.7969,53,13,322,153,96,57,15.216235,0,ok,logs/seed_124685.log
997328,baseline,NHEFT,1,0.0,0,0,0,1.1079,1.0325,2.1404,777.0951999999997,22.3746,4,3,54,472,472,0,99.16240000000003,2.8551,37,13,254,117,40,77,66.04349227799227,1.9016,51,13,324,166,96,70,13.692593,0,ok,logs/seed_997328.log
655714,baseline,NHEFT,1,0.0,0,0,0,1.2741,1.2443,2.5184,614.604100000002,17.3605,5,2,44,466,466,0,101.79289999999999,2.8753,38,11,274,123,51,72,64.43826811594204,1.8202,47,11,314,159,87,72,12.580969,0,ok,logs/seed_655714.log
512136,baseline,NHEFT,1,0.0,0,0,0,1.2093,1.0295,2.2388,683.4236999999995,17.3715,6,3,58,457,457,0,127.71050000000004,3.2462,35,11,237,120,48,72,65.04945170466321,1.6534,47,12,313,171,103,68,8.681207,0,ok,logs/seed_512136.log
695034,baseline,NHEFT,1,0.0,0,0,0,1.1704,1.0874,2.2578,725.4499,17.1055,4,2,39,469,469,0,97.89160000000001,2.3082,40,10,243,105,47,58,64.81244492523365,1.5282,42,11,287,125,74,51,7.504066,0,ok,logs/seed_695034.log
539246,baseline,NHEFT,1,0.0,0,0,0,1.0627,1.2206,2.2833,811.8956999999991,22.7064,5,3,53,438,438,0,138.97570000000002,3.8868,37,12,240,113,45,68,119.40648434622467,3.3395,37,10,277,130,83,47,6.720046,0,ok,logs/seed_539246.log
354388,baseline,NHEFT,1,0.0,0,0,0,1.2418,1.0958,2.3376,610.6612,15.5749,4,2,43,476,476,0,94.18219999999998,2.4021,31,9,247,99,52,47,60.440906000000005,1.5415,48,11,319,171,97,74,6.101332,0,ok,logs/seed_354388.log
282392,baseline,NHEFT,1,0.0,0,0,0,1.1618,1.2686,2.4304,745.6031999999975,21.1929,4,2,43,461,461,0,109.8305,3.1218,40,12,248,112,52,60,65.55395929203539,1.8633,47,11,318,158,92,66,7.155527,0,ok,logs/seed_282392.log
465345,baseline,NHEFT,1,0.0,0,0,0,1.2629,1.3039,2.5668,698.0164000000022,20.0469,5,3,51,452,452,0,99.8641,2.8681,38,8,247,104,50,54,73.39989268181414,2.108,54,12,314,170,95,75,6.014385,0,ok,logs/seed_465345.log
276209,baseline,NHEFT,1,0.0,0,0,0,1.1579,0.9612,2.1191,460.9135999999988,11.843,4,2,58,428,428,0,92.0814,2.366,40,9,256,109,40,69,61.25435763688762,1.5739,45,11,293,145,89,56,5.899025,0,ok,logs/seed_276209.log
48268,baseline,NHEFT,1,0.0,0,0,0,1.2412,1.2781,2.5193,511.4532999999997,12.586,4,2,60,471,471,0,87.9044,2.1632,44,12,289,125,44,81,70.39471459746399,1.7323,50,12,336,183,94,89,7.073907,0,ok,logs/seed_48268.log
312904,baseline,NHEFT,1,0.0,0,0,0,1.3802,1.3339,2.7141,632.8769999999998,16.356,3,2,42,455,455,0,97.1486,2.5107,31,10,222,107,45,62,63.38019669767439,1.638,42,9,294,152,84,68,6.340706,0,ok,logs/seed_312904.log
95163,baseline,NHEFT,1,0.0,0,0,0,1.3005,1.5479,2.8484,608.1991000000008,16.2868,3,2,42,466,466,0,97.0023,2.5976,33,9,227,98,47,51,66.39695464105364,1.778,42,11,284,147,90,57,7.085345,0,ok,logs/seed_95163.log
739903,baseline,NHEFT,1,0.0,0,0,0,1.1737,1.1941,2.3678,426.228300000001,12.004,3,1,61,459,459,0,78.5744,2.2129,31,8,267,98,47,51,64.87915305942003,1.8272,46,11,295,142,86,56,5.757036,0,ok,logs/seed_739903.log
527611,baseline,NHEFT,1,0.0,0,0,0,1.1065,0.9674,2.0739,566.5114999999994,15.9456,5,3,58,446,446,0,99.73380000000002,2.8072,32,9,248,114,51,63,56.10872737047899,1.5793,51,13,317,162,85,77,25.390483,0,ok,logs/seed_527611.log
591781,baseline,NHEFT,1,0.0,0,0,0,1.2903,1.1798,2.4701,622.5595999999994,15.2592,4,2,43,496,496,0,91.90929999999999,2.2527,38,9,268,107,54,53,63.36270716244125,1.553,41,10,315,128,77,51,24.396303,0,ok,logs/seed_591781.log
10602,baseline,NHEFT,1,0.0,0,0,0,1.2025,1.1938,2.3963,664.0796000000003,20.551,4,2,35,459,459,0,87.08949999999999,2.6951,32,8,212,86,44,42,56.223311318147914,1.7399,43,10,312,130,91,39,21.820407,0,ok,logs/seed_10602.log
91728,baseline,NHEFT,1,0.0,0,0,0,1.3656,1.0384,2.404,620.2121999999994,16.4214,4,2,45,468,468,0,100.2221,2.6536,47,15,279,139,49,90,72.58143793103449,1.9217,46,11,306,161,103,58,25.299388,0,ok,logs/seed_91728.log
777150,baseline,NHEFT,1,0.0,0,0,0,1.1883,1.0866,2.2749,509.9597000000007,13.8935,4,2,50,423,423,0,78.6904,2.1439,35,9,258,79,41,38,58.12524011659193,1.5836,48,12,306,121,74,47,20.573075,0,ok,logs/seed_777150.log
761499,baseline,NHEFT,1,0.0,0,0,0,1.17,1.0491,2.2191,667.5511000000016,16.0311,3,2,40,464,464,0,91.2256,2.1908,33,9,236,89,49,40,61.84976262408769,1.4853,39,10,289,145,93,52,23.65166,0,ok,logs/seed_761499.log
453482,baseline,NHEFT,1,0.0,0,0,0,1.2339,1.3112,2.5451,498.31130000000127,15.04,4,2,51,444,444,0,82.96740000000001,2.5041,31,8,238,88,50,38,69.0105513556907,2.0829,41,11,313,155,88,67,19.919435,0,ok,logs/seed_453482.log
562121,baseline,NHEFT,1,0.0,0,0,0,1.1508,1.0476,2.1984,439.8214999999998,11.77,6,3,67,430,430,0,104.2778,2.7906,29,7,232,97,51,46,61.74527932354818,1.6524,49,11,292,148,87,61,21.337625,0,ok,logs/seed_562121.log
770979,baseline,NHEFT,1,0.0,0,0,0,1.1024,1.0869,2.1893,654.4547000000013,16.4764,3,2,39,442,442,0,89.1782,2.2451,29,10,220,91,44,47,64.3605547420965,1.6203,42,11,275,140,95,45,18.068899,0,ok,logs/seed_770979.log
703949,baseline,NHEFT,1,0.0,0,0,0,1.1736,1.2019,2.3755,583.7457000000019,15.1481,4,2,50,458,458,0,90.96129999999998,2.3604,26,9,214,94,47,47,73.88169060402686,1.9172,44,12,312,153,97,56,19.892847,0,ok,logs/seed_703949.log
314686,baseline,NHEFT,1,0.0,0,0,0,1.1511,0.8528,2.0039,915.7270999999988,19.9149,4,3,30,460,460,0,123.1746,2.6788,30,9,254,96,45,51,75.4219473282443,1.6402,51,12,312,175,94,81,14.244159,0,ok,logs/seed_314686.log
475760,baseline,NHEFT,1,0.0,0,0,0,1.2021,1.3067,2.5088,808.2855999999985,22.7809,4,3,50,483,483,0,110.19359999999996,3.1057,36,9,248,110,50,60,61.43887302967866,1.7316,42,9,308,134,77,57,5.480715,0,ok,logs/seed_475760.log
595079,baseline,NHEFT,1,0.0,0,0,0,1.2648,1.1375,2.4023,638.4647999999996,18.9329,3,2,40,426,426,0,101.2345,3.002,25,7,205,93,44,49,61.064525674744374,1.8108,36,10,269,134,80,54,15.444285,0,ok,logs/seed_595079.log
27243,baseline,NHEFT,1,0.0,0,0,0,1.1391,1.1293,2.2684,570.3252000000001,13.9552,6,3,69,449,449,0,118.70149999999994,2.9045,33,11,214,106,52,54,71.95908941639118,1.7608,39,11,288,140,87,53,19.740482,0,ok,logs/seed_27243.log
143022,baseline,NHEFT,1,0.0,0,0,0,1.249,1.465,2.714,454.92029999999903,10.0693,4,2,48,429,429,0,73.83480000000002,1.6343,35,8,247,100,52,48,61.06184953445065,1.3516,46,13,273,137,85,52,18.178813,0,ok,logs/seed_143022.log
958432,baseline,NHEFT,1,0.0,0,0,0,1.152,1.0309,2.1829,564.5146000000005,12.0602,5,2,55,427,427,0,104.05360000000003,2.223,27,8,239,96,48,48,65.33140181478711,1.3957,45,11,294,167,92,75,17.42008,0,ok,logs/seed_958432.log
799339,baseline,NHEFT,1,0.0,0,0,0,1.3171,1.303,2.6201,558.0796000000009,16.0936,4,2,43,452,452,0,94.0873,2.7132,39,14,246,119,46,73,64.36191718963944,1.856,40,11,305,150,88,62,20.745713,0,ok,logs/seed_799339.log
953842,baseline,NHEFT,1,0.0,0,0,0,1.1568,1.1372,2.294,689.7475000000005,18.5539,3,2,40,447,447,0,98.88839999999999,2.66,32,10,223,116,49,67,65.82353314754099,1.7706,34,10,272,120,78,42,19.531138,0,ok,logs/seed_953842.log
937400,baseline,NHEFT,1,0.0,0,0,0,1.2759,1.1274,2.4033,759.4105000000012,21.285,3,2,34,470,470,0,96.98209999999996,2.7182,32,9,220,95,49,46,61.51397605373489,1.7241,38,11,282,126,83,43,19.620075,0,ok,logs/seed_937400.log
919932,baseline,NHEFT,1,0.0,0,0,0,1.1649,1.2631,2.428,590.0201999999997,17.021,4,2,53,450,450,0,89.2735,2.5754,35,9,272,111,51,60,61.83171685262283,1.7837,39,9,314,153,97,56,21.511337,0,ok,logs/seed_919932.log
786261,baseline,NHEFT,1,0.0,0,0,0,1.1377,1.4259,2.5636,469.9495000000012,11.6951,6,3,65,442,442,0,99.8714,2.4854,39,9,269,124,47,77,70.7881778129178,1.7616,41,9,305,157,99,58,20.55654,0,ok,logs/seed_786261.log
266747,baseline,NHEFT,1,0.0,0,0,0,1.1568,1.037,2.1938,643.6773999999998,20.2715,3,2,40,450,450,0,89.80570000000002,2.8283,36,9,234,90,45,45,52.409348108663735,1.6505,38,12,296,126,74,52,22.01348,0,ok,logs/seed_266747.log
394465,baseline,NHEFT,1,0.0,0,0,0,1.061,1.1873,2.2483,625.3885000000018,15.4136,4,2,48,488,488,0,103.7808,2.5578,39,9,279,118,54,64,68.74119374999998,1.6942,46,11,332,138,90,48,20.560909,0,ok,logs/seed_394465.log
725987,baseline,NHEFT,1,0.0,0,0,0,1.1147,0.9609,2.0756,519.0115999999985,9.4036,6,3,46,488,488,0,102.12169999999998,1.8503,44,12,267,132,54,78,72.53129853954412,1.3141,44,11,325,164,114,50,22.677077,0,ok,logs/seed_725987.log
224478,baseline,NHEFT,1,0.0,0,0,0,1.066,1.1236,2.1896,845.4843,17.4389,4,2,37,489,489,0,106.92540000000002,2.2054,32,11,232,111,48,63,84.98967225901397,1.753,40,9,316,147,83,64,17.890133,0,ok,logs/seed_224478.log
408636,baseline,NHEFT,1,0.0,0,0,0,1.1745,1.1003,2.2748,558.1363999999998,14.4831,4,2,59,460,460,0,100.83409999999999,2.6166,36,12,262,116,44,72,86.26558753822536,2.2385,43,12,296,158,91,67,21.881319,0,ok,logs/seed_408636.log
617269,baseline,NHEFT,1,0.0,0,0,0,1.3321,1.0652,2.3973,601.3942999999996,17.4151,4,2,43,453,453,0,83.1802,2.4087,31,9,242,84,45,39,58.46979498432892,1.6932,47,11,318,144,91,53,19.553986,0,ok,logs/seed_617269.log
650122,baseline,NHEFT,1,0.0,0,0,0,1.1828,0.8825,2.0653,460.5358,12.166,4,2,55,433,433,0,91.20549999999999,2.4094,37,10,254,118,49,69,61.384458926658894,1.6216,42,11,304,160,105,55,20.911917,0,ok,logs/seed_650122.log
522983,baseline,NHEFT,1,0.0,0,0,0,1.2705,1.4093,2.6798,681.4757999999996,15.3067,4,2,43,486,486,0,106.84699999999998,2.3999,35,11,244,112,54,58,68.3652078419244,1.5356,42,10,312,145,90,55,20.792373,0,ok,logs/seed_522983.log
239950,baseline,NHEFT,1,0.0,0,0,0,1.0952,1.1928,2.288,480.17659999999984,13.1329,3,2,42,437,437,0,82.27210000000001,2.2502,30,9,222,99,46,53,63.953247002917294,1.7491,40,11,291,148,93,55,19.588677,0,ok,logs/seed_239950.log
258973,baseline,NHEFT,1,0.0,0,0,0,0.9753,0.872,1.8473,606.2584999999998,11.4055,5,3,67,479,479,0,105.19290000000001,1.979,37,10,267,113,50,63,81.53992779738562,1.534,37,9,316,164,102,62,20.510073,0,ok,logs/seed_258973.log
824466,baseline,NHEFT,1,0.0,0,0,0,1.2042,1.1521,2.3563,701.134900000001,22.0594,4,2,30,441,441,0,100.98439999999998,3.1772,36,10,211,107,46,61,75.34936361093477,2.3707,43,11,287,157,94,63,17.748146,0,ok,logs/seed_824466.log
682056,baseline,NHEFT,1,0.0,0,0,0,1.0915,1.2777,2.3692,513.8998999999986,9.893,5,2,49,465,465,0,90.11269999999999,1.7348,33,9,248,98,52,46,71.79643256713068,1.3821,46,10,313,152,96,56,22.280842,0,ok,logs/seed_682056.log
431617,baseline,NHEFT,1,0.0,0,0,0,1.1585,0.9602,2.1187,589.311099999998,11.2636,4,2,44,493,493,0,90.72749999999999,1.7341,46,13,265,116,42,74,70.59993067414928,1.3494,42,9,330,139,91,48,23.276466,0,ok,logs/seed_431617.log
777731,baseline,NHEFT,1,0.0,0,0,0,1.1991,1.3542,2.5533,614.9481000000001,18.0853,4,2,57,468,468,0,108.17699999999998,3.1814,46,10,279,130,44,86,83.5642179357022,2.4576,42,9,317,150,96,54,20.651728,0,ok,logs/seed_777731.log
65523,baseline,NHEFT,1,0.0,0,0,0,1.2725,1.0646,2.3371,648.1389000000004,19.0581,5,3,55,455,455,0,93.43440000000002,2.7474,28,6,225,91,50,41,59.0272353397689,1.7357,50,14,299,142,81,61,16.488192,0,ok,logs/seed_65523.log
226267,baseline,NHEFT,1,0.0,0,0,0,1.119,1.1485,2.2675,537.6026999999998,12.6193,4,2,43,475,475,0,86.84160000000001,2.0385,36,9,265,97,49,48,65.17832443795619,1.5299,45,13,314,152,95,57,9.733772,0,ok,logs/seed_226267.log
20773,baseline,NHEFT,1,0.0,0,0,0,1.191,0.9626,2.1536,764.2630000000006,18.046,4,3,54,457,457,0,107.58310000000002,2.5403,36,10,233,109,46,63,60.85235557390587,1.4369,39,12,303,141,94,47,8.735289,0,ok,logs/seed_20773.log
75919,baseline,NHEFT,1,0.0,0,0,0,1.0163,1.2175,2.2338,519.0748999999997,12.3815,6,2,73,464,464,0,98.06700000000001,2.3392,43,11,300,119,51,68,74.42641132075472,1.7753,41,9,306,135,92,43,9.661972,0,ok,logs/seed_75919.log
796262,baseline,NHEFT,1,0.0,0,0,0,1.0946,1.2009,2.2955,728.7954999999998,16.7175,4,2,50,477,477,0,95.87510000000002,2.1992,39,7,277,92,46,46,72.64235656200151,1.6663,57,13,339,152,81,71,8.78873,0,ok,logs/seed_796262.log
557554,baseline,NHEFT,1,0.0,0,0,0,1.3041,1.245,2.5491,502.5450999999994,13.8977,6,3,69,474,474,0,95.94250000000002,2.6533,40,13,262,135,48,87,66.19764188333006,1.8307,42,8,325,154,94,60,8.664924,0,ok,logs/seed_557554.log
818564,baseline,NHEFT,1,0.0,0,0,0,1.1933,1.1177,2.311,735.5360000000013,17.6612,4,2,36,461,461,0,97.78720000000004,2.348,33,9,205,86,47,39,69.67515402013423,1.673,40,9,297,129,79,50,8.181093,0,ok,logs/seed_818564.log
5641,baseline,NHEFT,1,0.0,0,0,0,1.1987,0.9913,2.19,629.8434999999979,17.2675,4,2,43,432,432,0,93.47780000000002,2.5627,40,12,229,103,42,61,62.43920000000001,1.7118,46,13,286,140,84,56,8.026954,0,ok,logs/seed_5641.log
80721,baseline,NHEFT,1,0.0,0,0,0,1.2294,1.252,2.4814,771.2553000000014,14.9406,4,2,43,491,491,0,112.77570000000003,2.1847,33,9,248,96,48,48,81.2993539414342,1.5749,46,13,325,162,99,63,9.983772,0,ok,logs/seed_80721.log
14714,baseline,NHEFT,1,0.0,0,0,0,1.1437,1.072,2.2157,676.2878000000005,13.6086,5,2,45,489,489,0,106.68699999999998,2.1468,34,7,259,99,49,50,73.13728411829433,1.4717,44,10,321,154,95,59,8.442925,0,ok,logs/seed_14714.log
965327,baseline,NHEFT,1,0.0,0,0,0,1.2086,1.3046,2.5132,637.5098999999998,16.381,4,2,43,449,449,0,115.6166,2.9708,37,11,236,124,46,78,71.28318117621146,1.8316,40,12,293,137,82,55,7.177027,0,ok,logs/seed_965327.log
460722,baseline,NHEFT,1,0.0,0,0,0,1.172,1.0794,2.2514,995.1607999999986,27.3936,3,3,40,434,434,0,117.69690000000001,3.2398,39,10,225,116,46,70,64.28078654373935,1.7694,48,11,298,162,94,68,14.878232,0,ok,logs/seed_460722.log
724036,baseline,NHEFT,1,0.0,0,0,0,1.154,1.0551,2.2091,725.1377999999982,13.016,4,3,43,448,448,0,111.5796,2.0028,35,9,247,99,42,57,72.37681553634084,1.2991,46,11,312,152,83,69,14.028702,0,ok,logs/seed_724036.log
901968,baseline,NHEFT,1,0.0,0,0,0,1.2722,1.1335,2.4057,595.2171000000006,17.2901,4,2,41,461,461,0,82.96870000000003,2.4101,37,10,235,100,44,56,57.45542595069415,1.669,42,12,314,138,88,50,15.025168,0,ok,logs/seed_901968.log
287728,baseline,NHEFT,1,0.0,0,0,0,1.2622,1.1276,2.3898,686.9542999999991,18.7205,4,2,40,477,477,0,97.03739999999995,2.6444,39,14,239,114,47,67,55.883322222222226,1.5229,56,11,316,159,92,67,18.300482,0,ok,logs/seed_287728.log
747287,baseline,NHEFT,1,0.0,0,0,0,1.23,1.2106,2.4406,651.5727000000003,19.4326,4,2,45,470,470,0,94.27540000000003,2.8117,44,12,270,112,54,58,68.67286755373995,2.0481,44,10,314,158,100,58,18.135824,0,ok,logs/seed_747287.log
867108,baseline,NHEFT,1,0.0,0,0,0,1.1904,1.223,2.4134,773.8358000000013,21.7835,5,3,55,454,454,0,115.49250000000002,3.2511,43,11,257,120,47,73,68.03289008523993,1.9151,44,11,304,145,91,54,21.450078,0,ok,logs/seed_867108.log
196697,baseline,NHEFT,1,0.0,0,0,0,1.2302,1.3653,2.5955,674.4872999999993,16.7467,3,2,35,456,456,0,96.85270000000001,2.4047,35,11,221,101,44,57,59.72069248525353,1.4828,37,10,283,134,77,57,14.995412,0,ok,logs/seed_196697.log
635464,baseline,NHEFT,1,0.0,0,0,0,1.1434,1.3086,2.452,748.503,14.1605,3,2,42,468,468,0,110.2158,2.0851,30,10,250,93,44,49,83.32698103780068,1.5764,42,11,307,145,96,49,21.840864,0,ok,logs/seed_635464.log
389228,baseline,NHEFT,1,0.0,0,0,0,1.2322,1.1047,2.3369,852.9617999999986,17.547,4,3,49,450,450,0,113.79440000000002,2.341,34,8,239,94,45,49,66.49830246412886,1.368,43,10,302,142,78,64,19.016096,0,ok,logs/seed_389228.log
813617,baseline,NHEFT,1,0.0,0,0,0,1.2042,1.1853,2.3895,638.9331000000001,17.1888,3,2,42,458,458,0,96.10510000000002,2.5855,34,11,227,99,49,50,75.80671127674749,2.0394,38,10,275,118,79,39,18.577721,0,ok,logs/seed_813617.log
232555,baseline,NHEFT,1,0.0,0,0,0,1.1339,1.2507,2.3846,711.300800000002,15.5215,3,2,41,480,480,0,107.2949,2.3413,41,12,240,131,52,79,73.3038427480916,1.5996,47,11,317,166,101,65,23.954552,0,ok,logs/seed_232555.log
932496,baseline,NHEFT,1,0.0,0,0,0,1.2334,1.4395,2.6729,575.1441000000011,14.3974,4,2,60,473,473,0,109.1903,2.7333,29,8,248,115,51,64,74.021575,1.853,41,11,301,147,94,53,23.364439,0,ok,logs/seed_932496.log
544493,baseline,NHEFT,1,0.0,0,0,0,1.3714,1.3595,2.7309,580.4158999999992,11.926,4,2,45,466,466,0,100.4129,2.0632,29,8,232,94,53,41,76.23003437974681,1.5663,42,10,304,137,83,54,23.34029,0,ok,logs/seed_544493.log
174431,baseline,NHEFT,1,0.0,0,0,0,1.3091,1.2816,2.5907,659.1158,18.4305,3,1,43,440,440,0,100.9973,2.8241,38,13,251,130,47,83,64.38570236616569,1.8004,45,11,304,140,91,49,19.909402,0,ok,logs/seed_174431.log
715533,baseline,NHEFT,1,0.0,0,0,0,1.1643,1.0415,2.2058,686.0005000000001,17.2004,4,2,44,461,461,0,120.607,3.024,37,12,233,124,44,80,61.92554126778783,1.5527,49,13,312,173,84,89,17.009656,0,ok,logs/seed_715533.log
710115,baseline,NHEFT,1,0.0,0,0,0,1.1187,1.1386,2.2573,888.2780999999999,16.8279,6,3,49,435,435,0,129.94230000000002,2.4617,46,14,256,141,50,91,75.5574533548607,1.4314,39,9,297,124,86,38,16.102235,0,ok,logs/seed_710115.log
69527,baseline,NHEFT,1,0.0,0,0,0,1.2544,1.2446,2.499,643.1582999999988,17.7538,5,3,56,469,469,0,94.0898,2.5973,33,6,264,80,50,30,59.524974251497,1.6431,50,11,333,151,88,63,17.525607,0,ok,logs/seed_69527.log
584456,baseline,NHEFT,1,0.0,0,0,0,1.2292,1.0814,2.3106,582.6271000000005,16.1457,4,2,45,459,459,0,94.3015,2.6133,33,10,230,108,48,60,60.29762050901887,1.671,37,9,298,142,92,50,8.907788,0,ok,logs/seed_584456.log
678197,baseline,NHEFT,1,0.0,0,0,0,1.134,1.134,2.268,773.3173000000015,20.2037,4,2,33,468,468,0,102.40680000000002,2.6755,35,8,229,104,50,54,63.812716170278634,1.6672,40,10,295,131,83,48,20.563665,0,ok,logs/seed_678197.log
871381,baseline,NHEFT,1,0.0,0,0,0,1.1802,1.0511,2.2313,564.8408000000002,15.4469,5,3,55,438,438,0,98.8843,2.7042,33,10,246,97,47,50,64.66502648931922,1.7684,42,10,289,145,92,53,19.449462,0,ok,logs/seed_871381.log
855755,baseline,NHEFT,1,0.0,0,0,0,1.206,1.357,2.563,592.3984999999997,15.2304,4,2,62,461,461,0,101.42379999999999,2.6076,45,11,285,128,50,78,71.03301323551766,1.8262,49,12,315,146,88,58,25.649012,0,ok,logs/seed_855755.log
137836,baseline,NHEFT,1,0.0,0,0,0,1.1567,1.1358,2.2925,601.1166000000005,16.3388,4,2,50,442,442,0,97.27710000000002,2.6441,33,8,243,97,51,46,70.24487303420152,1.9093,42,10,298,143,92,51,21.873067,0,ok,logs/seed_137836.log
560927,baseline,NHEFT,1,0.0,0,0,0,1.036,1.1632,2.1992,1349.8791999999978,33.01,3,3,40,450,450,0,128.5493,3.1435,38,11,222,103,33,70,103.45823579033576,2.53,42,10,299,152,97,55,20.988274,0,ok,logs/seed_560927.log
47925,baseline,NHEFT,1,0.0,0,0,0,1.2067,1.384,2.5907,485.80190000000056,12.3276,5,3,55,419,419,0,95.77169999999998,2.4303,31,8,213,86,51,35,66.74837472727272,1.6938,39,11,265,139,91,48,19.709489,0,ok,logs/seed_47925.log
667073,baseline,NHEFT,1,0.0,0,0,0,1.0865,0.9082,1.9947,582.3620999999994,15.0958,3,2,42,431,431,0,94.74390000000001,2.4559,34,10,210,107,47,60,61.187778965269814,1.5861,36,9,283,149,96,53,17.645468,0,ok,logs/seed_667073.log
153349,baseline,NHEFT,1,0.0,0,0,0,1.2119,1.0782,2.2901,740.5956000000001,15.2265,3,2,42,470,470,0,99.89090000000003,2.0537,41,11,253,111,40,71,67.16538558100078,1.3809,43,11,322,157,86,71,22.129542,0,ok,logs/seed_153349.log
263035,baseline,NHEFT,1,0.0,0,0,0,1.1129,1.1243,2.2372,715.8110999999998,18.4805,4,2,45,474,474,0,100.69720000000002,2.5998,38,10,284,121,46,75,70.66678118244745,1.8244,59,12,337,176,92,84,21.005628,0,ok,logs/seed_263035.log
782665,baseline,NHEFT,1,0.0,0,0,0,1.0689,1.1445,2.2134,649.3536999999999,13.276,6,3,60,452,452,0,96.15070000000001,1.9658,32,8,254,96,53,43,67.20094320857474,1.3739,48,12,297,162,101,61,18.744975,0,ok,logs/seed_782665.log
372049,baseline,NHEFT,1,0.0,0,0,0,1.2012,0.9894,2.1906,742.8763999999998,16.0157,5,3,56,483,483,0,105.04920000000003,2.2648,39,11,256,117,54,63,64.97251538434689,1.4007,38,9,310,150,97,53,18.836896,0,ok,logs/seed_372049.log
15262,baseline,NHEFT,1,0.0,0,0,0,1.3368,1.5045,2.8413,536.316600000001,16.0253,4,2,52,449,449,0,94.1952,2.8146,31,9,248,100,46,54,68.31392365037888,2.0412,46,13,295,151,81,70,21.325359,0,ok,logs/seed_15262.log
745342,baseline,NHEFT,1,0.0,0,0,0,1.3053,1.0274,2.3327,546.9990000000007,13.6906,5,2,74,485,485,0,100.45899999999999,2.5143,39,12,285,114,50,64,63.82889822590753,1.5975,47,10,347,158,94,64,23.501276,0,ok,logs/seed_745342.log
437809,baseline,NHEFT,1,0.0,0,0,0,1.2957,1.1337,2.4294,490.2021000000003,13.9673,3,2,42,426,426,0,78.04009999999997,2.2236,33,9,231,97,48,49,55.21491730205278,1.5732,44,11,278,125,78,47,16.691049,0,ok,logs/seed_437809.log
987435,baseline,NHEFT,1,0.0,0,0,0,1.3346,1.0499,2.3845,747.5463000000001,25.0612,3,2,39,466,466,0,109.0449,3.6557,40,13,244,138,50,88,59.77856811494341,2.0041,43,11,301,157,91,66,21.638098,0,ok,logs/seed_987435.log
146585,baseline,NHEFT,1,0.0,0,0,0,1.1646,1.1714,2.336,683.9647999999996,15.6342,5,2,59,488,488,0,116.17160000000003,2.6555,39,9,270,113,46,67,67.79194063664764,1.5496,46,11,345,158,89,69,26.0676,0,ok,logs/seed_146585.log
368863,baseline,NHEFT,1,0.0,0,0,0,1.1546,1.1124,2.267,535.4509000000003,11.3901,5,2,63,473,473,0,108.6124,2.3104,43,12,266,123,49,74,73.55743460275261,1.5647,47,13,326,161,89,72,26.421985,0,ok,logs/seed_368863.log
572806,baseline,NHEFT,1,0.0,0,0,0,1.2295,1.2017,2.4312,607.8733000000002,16.7608,5,3,58,475,475,0,97.29550000000005,2.6827,24,7,227,90,53,37,60.756761635220116,1.6752,36,10,291,150,83,67,23.021924,0,ok,logs/seed_572806.log
198288,baseline,NHEFT,1,0.0,0,0,0,1.2869,1.1523,2.4392,682.7762000000014,19.3926,3,2,42,474,474,0,92.90130000000002,2.6386,36,8,246,96,46,50,64.63068946372846,1.8357,45,9,326,144,92,52,22.050469,0,ok,logs/seed_198288.log
110116,baseline,NHEFT,1,0.0,0,0,0,1.1374,0.9654,2.1028,1005.3699000000014,22.4764,4,3,38,470,470,0,112.6547,2.5185,41,12,270,111,49,62,78.54066333549642,1.7559,36,9,310,136,92,44,18.573371,0,ok,logs/seed_110116.log
149047,baseline,NHEFT,1,0.0,0,0,0,1.3021,1.1297,2.4318,774.2373000000009,24.7541,4,2,30,484,484,0,87.87750000000003,2.8096,33,9,225,83,42,41,59.87810636604774,1.9144,48,11,309,132,90,42,21.023064,0,ok,logs/seed_149047.log
864824,baseline,NHEFT,1,0.0,0,0,0,1.1303,1.2821,2.4124,491.0338000000013,14.0269,6,3,71,424,424,0,87.49029999999999,2.4993,34,8,249,94,47,47,64.59293925323897,1.8452,47,11,310,162,85,77,14.259336,0,ok,logs/seed_864824.log
801768,baseline,NHEFT,1,0.0,0,0,0,1.2146,0.9641,2.1787,1002.8324000000003,27.9201,3,3,24,469,469,0,111.73869999999997,3.1109,36,12,227,120,45,75,62.036895167286254,1.7272,57,16,326,172,85,87,7.416153,0,ok,logs/seed_801768.log
262875,baseline,NHEFT,1,0.0,0,0,0,1.207,1.0547,2.2617,523.8968,13.5616,4,2,46,476,476,0,83.73370000000001,2.1675,31,11,249,105,50,55,66.21056797472737,1.7139,42,10,306,153,102,51,7.42382,0,ok,logs/seed_262875.log
524794,baseline,NHEFT,1,0.0,0,0,0,1.0559,0.8875,1.9434,669.9638999999988,13.3177,3,2,42,488,488,0,101.29770000000002,2.0136,30,9,250,92,46,46,74.55636085843553,1.4821,41,9,309,132,79,53,15.767586,0,ok,logs/seed_524794.log
824487,baseline,NHEFT,1,0.0,0,0,0,1.111,1.2413,2.3523,648.2181000000013,14.3566,3,2,42,466,466,0,107.18319999999999,2.3739,33,11,271,106,41,65,76.38183899339936,1.6917,41,10,297,142,91,51,17.696886,0,ok,logs/seed_824487.log
927335,baseline,NHEFT,1,0.0,0,0,0,1.1804,1.1131,2.2935,595.3543000000014,12.9948,4,2,43,448,448,0,89.9287,1.9629,32,7,242,98,45,53,70.92871919191919,1.5482,53,11,307,165,108,57,21.550393,0,ok,logs/seed_927335.log
982015,baseline,NHEFT,1,0.0,0,0,0,1.2518,1.1304,2.3822,502.1014000000004,15.8102,4,2,50,448,448,0,86.39920000000001,2.7205,32,9,230,98,50,48,57.1408282694848,1.7993,41,10,293,106,72,34,18.289543,0,ok,logs/seed_982015.log
205178,baseline,NHEFT,1,0.0,0,0,0,1.1629,1.1734,2.3363,577.4516000000008,21.2623,4,2,54,472,472,0,93.19420000000002,3.4315,36,9,264,108,49,59,65.18578658961472,2.4002,47,10,325,161,98,63,20.144702,0,ok,logs/seed_205178.log
888604,baseline,NHEFT,1,0.0,0,0,0,1.1638,1.2047,2.3685,893.5150000000003,18.1957,4,2,43,477,477,0,116.0428,2.3631,42,15,277,136,45,91,68.21916329966331,1.3892,46,10,319,152,81,71,22.199447,0,ok,logs/seed_888604.log
546566,baseline,NHEFT,1,0.0,0,0,0,1.2645,0.9007,2.1652,712.2038000000013,14.8044,3,2,42,440,440,0,103.63880000000003,2.1543,40,10,252,112,42,70,61.03927291722594,1.2688,42,11,289,140,85,55,17.331119,0,ok,logs/seed_546566.log
939943,baseline,NHEFT,1,0.0,0,0,0,1.2675,1.1695,2.437,672.8319999999985,19.2343,5,3,55,446,446,0,106.42220000000002,3.0423,30,9,232,113,48,65,64.36923772691337,1.8401,51,12,314,184,92,92,19.607512,0,ok,logs/seed_939943.log
461796,baseline,NHEFT,1,0.0,0,0,0,1.2056,1.2667,2.4723,641.6377999999988,14.4348,4,3,54,463,463,0,93.5533,2.1047,42,11,276,105,44,61,80.46386290476192,1.8102,51,10,338,176,113,63,23.330475,0,ok,logs/seed_461796.log
683805,baseline,NHEFT,1,0.0,0,0,0,1.2343,1.0585,2.2928,935.6879,23.2079,3,2,42,489,489,0,132.82019999999994,3.2943,28,9,240,108,43,65,73.46137441860466,1.8221,48,13,335,188,93,95,23.58303,0,ok,logs/seed_683805.log
273298,baseline,NHEFT,1,0.0,0,0,0,1.0841,0.8881,1.9722,840.5132000000009,20.9992,3,2,35,488,488,0,94.7368,2.3669,34,8,243,80,45,35,62.74662103719913,1.5676,57,12,354,171,102,69,18.746276,0,ok,logs/seed_273298.log
870064,baseline,NHEFT,1,0.0,0,0,0,1.3977,1.4047,2.8024,495.91549999999955,13.881,4,2,45,416,416,0,87.97749999999999,2.4625,45,15,255,130,49,81,63.725889655172416,1.7837,39,12,285,152,95,57,10.767081,0,ok,logs/seed_870064.log
739336,baseline,NHEFT,1,0.0,0,0,0,1.0818,1.1002,2.182,623.0304999999994,13.3101,4,2,49,456,456,0,113.70519999999995,2.4291,29,7,234,98,51,47,84.66093529411766,1.8087,39,10,295,142,97,45,10.459688,0,ok,logs/seed_739336.log
374908,baseline,NHEFT,1,0.0,0,0,0,1.2198,1.4004,2.6202,561.0554999999995,17.4491,3,2,42,452,452,0,89.1266,2.7719,37,9,235,104,46,58,68.00771486321628,2.1151,44,10,301,149,78,71,10.800596,0,ok,logs/seed_374908.log
489107,baseline,NHEFT,1,0.0,0,0,0,1.1176,1.0238,2.1414,688.9468000000002,14.5236,5,3,51,472,472,0,108.98060000000001,2.2974,45,15,292,147,41,106,68.68525691005291,1.4479,41,11,314,157,90,67,12.631451,0,ok,logs/seed_489107.log
676170,baseline,NHEFT,1,0.0,0,0,0,1.1339,1.1076,2.2415,707.8264999999984,16.0229,4,2,43,504,504,0,101.2358,2.2917,33,10,244,113,48,65,71.97448068323013,1.6293,48,13,333,174,102,72,15.313249,0,ok,logs/seed_676170.log
946643,baseline,NHEFT,1,0.0,0,0,0,1.303,1.4243,2.7273,630.3179999999993,17.4229,4,2,53,447,447,0,108.24089999999998,2.9919,41,18,257,143,51,92,79.3836690115274,2.1943,39,11,302,164,97,67,12.406655,0,ok,logs/seed_946643.log
245576,baseline,NHEFT,1,0.0,0,0,0,1.2079,1.2689,2.4768,652.6476999999996,20.1654,4,2,43,455,455,0,89.18709999999997,2.7557,37,7,274,92,42,50,63.29259779606189,1.9556,51,11,328,159,86,73,13.35662,0,ok,logs/seed_245576.log
61677,baseline,NHEFT,1,0.0,0,0,0,1.229,1.1216,2.3506,500.5499999999989,11.0371,4,2,62,454,454,0,87.57499999999999,1.931,31,8,250,89,39,50,66.80828217468805,1.4731,45,12,302,148,79,69,14.414615,0,ok,logs/seed_61677.log
985204,baseline,NHEFT,1,0.0,0,0,0,1.1358,1.3342,2.47,633.3663000000004,18.197,4,2,61,468,468,0,104.63110000000002,3.0061,31,7,268,93,56,37,73.21520826432392,2.1035,55,11,347,174,100,74,14.237038,0,ok,logs/seed_985204.log
957734,baseline,NHEFT,1,0.0,0,0,0,1.2813,1.2754,2.5567,487.05580000000174,15.6604,3,2,42,447,447,0,65.95490000000001,2.1207,27,8,250,75,43,32,62.36034916985952,2.0051,38,11,294,128,87,41,12.334906,0,ok,logs/seed_957734.log
586973,baseline,NHEFT,1,0.0,0,0,0,1.0999,1.0039,2.1038,712.6244999999989,19.2688,4,2,38,477,477,0,104.10950000000001,2.815,29,6,231,93,51,42,68.01290368863746,1.839,40,9,294,123,81,42,24.206167,0,ok,logs/seed_586973.log
81222,baseline,NHEFT,1,0.0,0,0,0,1.1156,1.1593,2.2749,597.4238999999994,18.5168,4,2,47,437,437,0,100.51839999999999,3.1155,34,10,251,107,42,65,71.95576638710357,2.2302,50,13,326,174,95,79,17.459027,0,ok,logs/seed_81222.log
985268,baseline,NHEFT,1,0.0,0,0,0,1.2926,1.342,2.6346,699.4039000000009,19.4994,6,3,46,440,440,0,104.59750000000003,2.9162,24,6,205,82,51,31,65.08390234704659,1.8145,43,11,304,162,90,72,17.129586,0,ok,logs/seed_985268.log
240715,baseline,NHEFT,1,0.0,0,0,0,1.3068,1.1928,2.4996,637.0263999999992,17.522,4,2,41,441,441,0,93.36490000000002,2.5681,36,8,260,105,47,58,59.595668381974264,1.6392,54,13,307,168,84,84,21.368949,0,ok,logs/seed_240715.log
336806,baseline,NHEFT,1,0.0,0,0,0,1.2373,1.3669,2.6042,596.1129999999995,18.0365,4,2,58,470,470,0,95.4959,2.8894,33,6,260,90,43,47,64.08173137254902,1.9389,49,10,332,168,89,79,23.70299,0,ok,logs/seed_336806.log
431396,baseline,NHEFT,1,0.0,0,0,0,1.3146,1.1842,2.4988,600.6678999999987,16.2487,4,3,59,445,445,0,92.26299999999999,2.4958,35,10,262,103,46,57,60.37126128317915,1.6331,33,10,288,129,86,43,20.01675,0,ok,logs/seed_431396.log
850253,baseline,NHEFT,1,0.0,0,0,0,1.2337,1.2132,2.4469,783.6466000000025,22.4543,4,2,35,456,456,0,97.5526,2.7952,33,10,223,89,45,44,65.97517365189574,1.8904,40,12,283,143,85,58,18.805111,0,ok,logs/seed_850253.log
342204,baseline,NHEFT,1,0.0,0,0,0,1.2856,1.2241,2.5097,659.1862000000001,22.1189,5,3,50,456,456,0,101.203,3.3958,41,14,261,137,45,92,67.16103961679467,2.2536,43,11,293,161,92,69,19.485661,0,ok,logs/seed_342204.log
810991,baseline,NHEFT,1,0.0,0,0,0,1.0777,0.9203,1.998,688.6182999999991,18.2437,4,2,32,459,459,0,103.57889999999996,2.7441,30,11,210,107,43,64,68.70941399466787,1.8203,41,12,270,130,85,45,21.276274,0,ok,logs/seed_810991.log
895124,baseline,NHEFT,1,0.0,0,0,0,1.1057,1.2349,2.3406,724.4555000000007,20.7925,3,2,42,493,493,0,114.419,3.2839,30,8,230,90,44,46,69.69280286809467,2.0002,40,11,328,147,85,62,23.396399,0,ok,logs/seed_895124.log
437866,baseline,NHEFT,1,0.0,0,0,0,1.3099,1.2704,2.5803,722.3368999999996,17.4094,4,3,55,434,434,0,97.62619999999998,2.3529,41,14,243,115,46,69,71.75373306106869,1.7294,49,11,294,132,87,45,22.562073,0,ok,logs/seed_437866.log
246441,baseline,NHEFT,1,0.0,0,0,0,1.1046,0.8513,1.9559,593.6603999999998,14.4524,5,3,57,453,453,0,92.2109,2.2448,39,12,247,105,46,59,68.16569843807831,1.6595,48,12,320,169,103,66,23.247055,0,ok,logs/seed_246441.log
834777,baseline,NHEFT,1,0.0,0,0,0,1.2296,1.3278,2.5574,477.41149999999953,12.3991,6,3,66,454,454,0,106.77299999999998,2.7731,34,10,262,128,48,80,74.40005722543353,1.9323,39,11,311,159,110,49,21.92274,0,ok,logs/seed_834777.log
159109,baseline,NHEFT,1,0.0,0,0,0,1.1244,1.0071,2.1315,545.7483999999992,13.9382,4,2,62,476,476,0,105.64979999999998,2.6983,43,11,289,132,48,84,73.65859321549617,1.8812,48,11,329,170,108,62,23.429705,0,ok,logs/seed_159109.log
469145,baseline,NHEFT,1,0.0,0,0,0,1.1952,1.0122,2.2074,571.6731000000003,16.938,4,2,43,453,453,0,112.90509999999996,3.3452,38,12,243,136,47,89,69.65734938709677,2.0639,35,9,283,142,86,56,16.33397,0,ok,logs/seed_469145.log
359039,baseline,NHEFT,1,0.0,0,0,0,1.1713,0.9958,2.1671,591.8453000000002,14.5272,4,2,57,467,467,0,115.66020000000003,2.8389,34,10,243,97,40,57,63.02906262068965,1.5471,44,10,314,147,86,61,18.699195,0,ok,logs/seed_359039.log
441554,baseline,NHEFT,1,0.0,0,0,0,1.3157,1.3405,2.6562,633.4809000000008,12.2244,4,2,57,470,470,0,108.5758,2.0952,37,11,254,105,48,57,87.90012031420576,1.6962,41,9,318,152,95,57,21.835095,0,ok,logs/seed_441554.log
981230,baseline,NHEFT,1,0.0,0,0,0,1.2536,1.2573,2.5109,685.9595999999997,18.5656,4,2,43,467,467,0,98.47809999999998,2.6653,42,10,264,108,50,58,65.64496404576043,1.7767,48,12,312,151,92,59,20.09015,0,ok,logs/seed_981230.log
386385,baseline,NHEFT,1,0.0,0,0,0,1.2505,1.3409,2.5914,575.9937,14.8897,3,2,42,448,448,0,89.54349999999998,2.3147,30,8,212,78,43,35,62.12438353949904,1.6059,35,9,276,116,81,35,14.802175,0,ok,logs/seed_386385.log
667900,baseline,NHEFT,1,0.0,0,0,0,1.1021,1.2689,2.371,597.2373000000005,16.7825,4,2,43,475,475,0,99.1936,2.7874,44,9,252,106,49,57,70.79867788696282,1.9895,48,13,322,151,79,72,24.659613,0,ok,logs/seed_667900.log
361299,baseline,NHEFT,1,0.0,0,0,0,1.2124,1.3547,2.5671,611.5040000000001,16.3535,4,2,36,448,448,0,89.7477,2.4001,27,7,205,77,45,32,62.76551868067411,1.6785,45,11,295,157,96,61,20.331675,0,ok,logs/seed_361299.log
270600,baseline,NHEFT,1,0.0,0,0,0,1.1964,0.9899,2.1863,671.4592999999993,20.0896,6,4,55,444,444,0,96.67229999999996,2.8924,34,9,254,92,49,43,62.625416651168024,1.8737,44,10,305,147,99,48,16.124982,0,ok,logs/seed_270600.log
399493,baseline,NHEFT,1,0.0,0,0,0,1.0975,1.0159,2.1134,709.4539000000002,16.8894,4,2,41,459,459,0,96.3075,2.2927,32,10,218,103,45,58,75.50826172660358,1.7976,35,11,280,128,73,55,20.116609,0,ok,logs/seed_399493.log
344401,baseline,NHEFT,1,0.0,0,0,0,1.3784,1.2057,2.5841,693.27,17.8885,4,2,44,477,477,0,103.8125,2.6787,33,10,236,105,52,53,63.49905270765687,1.6385,49,13,320,175,103,72,22.499699,0,ok,logs/seed_344401.log
440653,baseline,NHEFT,1,0.0,0,0,0,1.1372,1.0048,2.142,702.5277999999994,13.648,7,3,66,496,496,0,131.98010000000002,2.564,32,9,262,118,48,70,86.66743488372093,1.6837,42,10,330,164,96,68,21.409264,0,ok,logs/seed_440653.log
422829,baseline,NHEFT,1,0.0,0,0,0,1.0599,1.3592,2.4191,763.6901999999994,18.8534,5,3,59,459,459,0,121.15340000000002,2.9909,36,9,248,107,53,54,75.97727431474102,1.8757,48,12,310,158,96,62,20.915403,0,ok,logs/seed_422829.log
194493,baseline,NHEFT,1,0.0,0,0,0,1.2035,1.1913,2.3948,606.0541000000009,13.6126,5,2,61,480,480,0,101.75679999999997,2.2856,37,9,260,98,52,46,76.12126091056909,1.7098,50,11,320,164,95,69,23.888198,0,ok,logs/seed_194493.log
79088,baseline,NHEFT,1,0.0,0,0,0,1.119,1.146,2.265,723.1332000000031,15.2887,3,2,42,485,485,0,112.96610000000003,2.3884,36,10,227,106,47,59,75.14319754189084,1.5887,52,13,320,175,93,82,17.206598,0,ok,logs/seed_79088.log
144274,baseline,NHEFT,1,0.0,0,0,0,0.9924,0.9581,1.9505,561.1118999999992,14.5787,4,2,47,486,486,0,98.33750000000002,2.555,36,11,244,113,52,61,63.16673438348864,1.6412,43,12,315,161,99,62,20.185622,0,ok,logs/seed_144274.log
568701,baseline,NHEFT,1,0.0,0,0,0,1.3558,1.4302,2.786,720.5162,25.025,3,2,42,457,457,0,113.39589999999997,3.9385,45,11,248,124,45,79,61.239050547730834,2.127,44,11,298,148,76,72,14.917807,0,ok,logs/seed_568701.log
643829,baseline,NHEFT,1,0.0,0,0,0,1.1581,1.1216,2.2797,744.6619999999988,20.5716,3,2,40,480,480,0,99.35500000000002,2.7447,34,9,239,101,47,54,59.278767327462845,1.6376,41,9,326,151,84,67,12.100006,0,ok,logs/seed_643829.log
271983,baseline,NHEFT,1,0.0,0,0,0,1.1606,1.0191,2.1797,541.7155,14.9516,5,3,57,466,466,0,92.36420000000003,2.5493,31,8,244,94,47,47,61.414011477577425,1.6951,52,13,319,164,96,68,17.449179,0,ok,logs/seed_271983.log
197314,baseline,NHEFT,1,0.0,0,0,0,1.132,1.0129,2.1449,765.2543999999979,20.0928,3,2,38,451,451,0,103.95219999999998,2.7294,34,9,234,97,52,45,67.21474110429448,1.7648,46,13,305,144,83,61,21.31631,0,ok,logs/seed_197314.log
994686,baseline,NHEFT,1,0.0,0,0,0,1.2925,1.4961,2.7886,626.1665999999998,16.915,4,2,43,478,478,0,85.00729999999999,2.2964,34,8,247,91,48,43,60.88798841624167,1.6448,37,9,298,142,89,53,21.009975,0,ok,logs/seed_994686.log
282842,baseline,NHEFT,1,0.0,0,0,0,1.2503,1.3382,2.5885,587.3040999999996,15.62,4,2,44,455,455,0,95.0658,2.5284,31,8,237,103,44,59,64.70442117758171,1.7209,34,10,296,140,88,52,18.625699,0,ok,logs/seed_282842.log
137602,baseline,NHEFT,1,0.0,0,0,0,1.212,1.0512,2.2632,573.7507000000006,12.4183,3,2,42,442,442,0,82.57660000000003,1.7873,35,9,248,94,48,46,52.66880890052356,1.14,45,11,300,145,88,57,23.361678,0,ok,logs/seed_137602.log
472131,baseline,NHEFT,1,0.0,0,0,0,1.1259,0.9631,2.089,819.0038999999987,19.7412,4,3,54,448,448,0,122.53099999999996,2.9535,39,12,243,118,47,71,75.64663027659176,1.8234,52,12,312,181,110,71,21.519391,0,ok,logs/seed_472131.log
327054,baseline,NHEFT,1,0.0,0,0,0,1.2603,1.2073,2.4676,885.7359000000013,23.5107,4,2,39,441,441,0,106.44479999999999,2.8254,38,10,233,102,41,61,64.21244824684432,1.7044,51,11,290,148,90,58,16.760672,0,ok,logs/seed_327054.log
416581,baseline,NHEFT,1,0.0,0,0,0,1.1811,1.1709,2.352,699.6542,17.4119,3,2,42,480,480,0,95.3317,2.3725,27,6,250,76,46,30,76.83360302020202,1.9121,42,10,331,132,83,49,20.960347,0,ok,logs/seed_416581.log
223716,baseline,NHEFT,1,0.0,0,0,0,1.1764,1.4165,2.5929,685.7927000000003,17.8502,6,3,59,511,511,0,108.14699999999998,2.8149,36,10,244,117,52,65,66.10825528620057,1.7207,53,16,350,182,86,96,28.050191,0,ok,logs/seed_223716.log
116436,baseline,NHEFT,1,0.0,0,0,0,1.2353,1.3129,2.5482,595.5180999999992,16.0643,5,2,46,468,468,0,102.27920000000002,2.759,45,11,278,133,51,82,63.272211001251925,1.7068,44,11,300,149,96,53,22.728425,0,ok,logs/seed_116436.log
650936,baseline,NHEFT,1,0.0,0,0,0,1.1333,1.4329,2.5662,634.0085999999988,18.8467,3,2,34,447,447,0,87.19619999999998,2.592,29,9,215,95,50,45,79.34205763530647,2.3585,38,11,272,131,85,46,16.714078,0,ok,logs/seed_650936.log
516657,baseline,NHEFT,1,0.0,0,0,0,1.2011,1.1648,2.3659,495.58369999999985,12.2768,4,2,51,461,461,0,89.213,2.21,34,10,230,91,44,47,60.52368104295942,1.4993,34,10,305,138,90,48,16.79097,0,ok,logs/seed_516657.log
687865,baseline,NHEFT,1,0.0,0,0,0,1.1271,1.3102,2.4373,531.1875999999999,16.3418,4,2,47,456,456,0,86.6174,2.6648,33,9,247,105,51,54,84.99756031322511,2.6149,42,13,303,164,105,59,10.374707,0,ok,logs/seed_687865.log
715106,baseline,NHEFT,1,0.0,0,0,0,1.2156,1.0969,2.3125,674.9207000000008,15.7497,4,2,43,478,478,0,93.0235,2.1708,36,7,255,89,50,39,67.34952422222223,1.5716,49,11,316,143,86,57,24.525539,0,ok,logs/seed_715106.log
293374,baseline,NHEFT,1,0.0,0,0,0,1.2132,1.1951,2.4083,976.6273000000018,24.862,2,2,22,432,432,0,111.35959999999999,2.8349,35,11,210,112,42,70,99.19039226519337,2.5251,47,12,289,158,78,80,19.586534,0,ok,logs/seed_293374.log
658834,baseline,NHEFT,1,0.0,0,0,0,1.3046,1.514,2.8186,481.3034000000017,14.4022,3,2,42,440,440,0,84.72099999999999,2.5351,30,6,239,85,48,37,58.79956907852547,1.7595,46,13,285,150,88,62,20.840879,0,ok,logs/seed_658834.log
23329,baseline,NHEFT,1,0.0,0,0,0,1.2243,0.9848,2.2091,641.3932000000004,20.6764,3,2,37,458,458,0,91.16210000000002,2.9388,40,12,236,131,51,80,59.300851427672946,1.9117,45,12,313,164,106,58,19.28992,0,ok,logs/seed_23329.log
661707,baseline,NHEFT,1,0.0,0,0,0,1.2826,1.1424,2.425,740.5976000000019,15.9067,4,3,42,466,466,0,100.91659999999999,2.1675,36,11,249,106,45,61,65.9962052515311,1.4175,41,9,319,166,102,64,19.184311,0,ok,logs/seed_661707.log
579773,baseline,NHEFT,1,0.0,0,0,0,1.2843,1.3588,2.6431,636.0179000000002,16.0562,3,1,55,435,435,0,107.3426,2.7099,37,9,262,109,50,59,75.00940984703297,1.8936,50,10,318,161,103,58,21.293933,0,ok,logs/seed_579773.log
688431,baseline,NHEFT,1,0.0,0,0,0,1.1733,1.0677,2.241,715.4194999999994,15.8632,4,2,43,464,464,0,114.4774,2.5383,25,6,225,77,42,35,72.98846231746032,1.6184,45,13,289,139,83,56,24.202474,0,ok,logs/seed_688431.log
735633,baseline,NHEFT,1,0.0,0,0,0,1.1938,1.1718,2.3656,984.2141000000014,22.5699,4,3,40,460,460,0,127.21470000000001,2.9173,42,11,252,125,39,86,87.351324504084,2.0031,45,10,308,164,102,62,18.647059,0,ok,logs/seed_735633.log
208263,baseline,NHEFT,1,0.0,0,0,0,1.1799,1.0759,2.2558,600.5906000000004,14.1232,4,2,43,455,455,0,99.68710000000002,2.3442,31,11,227,108,46,62,71.12493911025793,1.6725,40,13,300,157,95,62,19.760527,0,ok,logs/seed_208263.log
733953,baseline,NHEFT,1,0.0,0,0,0,1.2283,1.0778,2.3061,688.6392999999991,17.2469,4,2,45,474,474,0,101.05070000000002,2.5308,41,13,281,120,44,76,64.02424174196001,1.6035,54,13,321,171,84,87,18.339471,0,ok,logs/seed_733953.log
241442,baseline,NHEFT,1,0.0,0,0,0,1.1577,1.3438,2.5015,593.5998000000006,18.2931,4,2,51,451,451,0,105.39320000000001,3.2479,39,11,228,107,45,62,61.47586737734651,1.8945,47,10,308,152,89,63,17.862982,0,ok,logs/seed_241442.log
665452,baseline,NHEFT,1,0.0,0,0,0,1.2492,1.0896,2.3388,710.8594999999976,16.7382,3,2,42,458,458,0,96.72869999999998,2.2776,41,10,250,103,48,55,63.05951912298746,1.4848,49,12,309,165,99,66,8.274268,0,ok,logs/seed_665452.log
631051,baseline,NHEFT,1,0.0,0,0,0,1.1642,1.1656,2.3298,541.9444999999992,18.784,4,2,61,446,446,0,101.18590000000002,3.5071,28,8,247,99,49,50,66.79326772919417,2.3151,47,10,313,144,81,63,8.258395,0,ok,logs/seed_631051.log
497919,baseline,NHEFT,1,0.0,0,0,0,1.1034,1.153,2.2564,634.063200000001,15.4409,4,2,43,464,464,0,98.17990000000002,2.3909,38,10,250,111,48,63,70.03336845637585,1.7055,41,10,310,144,89,55,7.501316,0,ok,logs/seed_497919.log
960027,baseline,NHEFT,1,0.0,0,0,0,1.2982,1.1706,2.4688,899.8914000000009,28.0633,4,3,42,424,424,0,130.12460000000002,4.058,27,8,203,84,51,33,84.0428888111888,2.6209,36,9,282,165,105,60,6.860988,0,ok,logs/seed_960027.log
305476,baseline,NHEFT,1,0.0,0,0,0,1.3659,1.4223,2.7882,660.798699999999,13.9574,7,3,57,480,480,0,98.293,2.0761,28,7,255,94,50,44,73.672554488088,1.5561,51,11,320,170,99,71,8.003467,0,ok,logs/seed_305476.log
365837,baseline,NHEFT,1,0.0,0,0,0,1.1203,1.0716,2.1919,763.8272000000022,18.5442,4,2,43,460,460,0,106.42690000000002,2.5838,35,11,248,108,43,65,96.13723771236411,2.334,36,10,289,129,85,44,7.19284,0,ok,logs/seed_365837.log
514986,baseline,NHEFT,1,0.0,0,0,0,1.084,1.3699,2.4539,683.5084000000004,11.9624,5,2,62,452,452,0,118.92930000000003,2.0814,29,9,243,94,50,44,92.38930345254954,1.6169,52,13,315,167,89,78,6.580007,0,ok,logs/seed_514986.log
291361,baseline,NHEFT,1,0.0,0,0,0,1.4052,1.1411,2.5463,670.6209999999978,16.6276,6,3,50,458,458,0,111.3316,2.7604,46,10,256,136,56,80,72.21286979503223,1.7905,39,10,303,160,95,65,6.906614,0,ok,logs/seed_291361.log
831040,baseline,NHEFT,1,0.0,0,0,0,1.2007,1.0392,2.2399,573.9722999999996,13.299,4,2,55,450,450,0,104.02209999999997,2.4102,32,10,233,94,49,45,66.85820212765958,1.5491,47,13,303,156,101,55,6.597306,0,ok,logs/seed_831040.log
900613,baseline,NHEFT,1,0.0,0,0,0,1.1406,1.1075,2.2481,525.7314999999988,13.8027,5,2,56,461,461,0,86.10929999999999,2.2607,38,9,262,106,49,57,65.26140577661828,1.7134,45,11,320,159,94,65,6.469116,0,ok,logs/seed_900613.log
738426,baseline,NHEFT,1,0.0,0,0,0,1.1987,1.2688,2.4675,658.1206000000011,16.3963,4,3,51,485,485,0,108.00529999999998,2.6908,38,9,252,114,57,57,70.06615598389983,1.7456,37,9,323,129,83,46,7.197199,0,ok,logs/seed_738426.log
924607,baseline,NHEFT,1,0.0,0,0,0,1.2363,1.4517,2.688,635.6791000000011,16.3403,3,1,43,453,453,0,92.53029999999998,2.3785,27,9,212,93,44,49,66.11626006451613,1.6995,43,12,292,155,94,61,22.785648,0,ok,logs/seed_924607.log
461861,baseline,NHEFT,1,0.0,0,0,0,1.0845,1.139,2.2235,597.1363999999999,18.3167,4,2,43,446,446,0,98.47680000000003,3.0207,33,11,220,95,44,51,62.88596151962217,1.929,44,8,307,135,86,49,19.294749,0,ok,logs/seed_461861.log
854725,baseline,NHEFT,1,0.0,0,0,0,1.2297,1.2019,2.4316,866.1719000000015,24.1703,4,2,42,489,489,0,117.13499999999998,3.2686,36,12,236,99,45,54,71.69506887436333,2.0006,45,13,309,173,92,81,20.209538,0,ok,logs/seed_854725.log
808927,baseline,NHEFT,1,0.0,0,0,0,1.2697,1.5674,2.8371,695.2440000000006,19.6732,4,2,38,484,484,0,96.5247,2.7313,40,9,252,98,48,50,59.40488650048919,1.681,46,11,299,142,78,64,23.181918,0,ok,logs/seed_808927.log
826006,baseline,NHEFT,1,0.0,0,0,0,1.1577,1.2396,2.3973,618.574499999999,14.3255,3,2,42,445,445,0,93.19090000000001,2.1582,30,9,239,83,48,35,65.35794555175856,1.5136,45,12,311,145,93,52,19.088656,0,ok,logs/seed_826006.log
522333,baseline,NHEFT,1,0.0,0,0,0,1.189,1.4583,2.6473,613.6046000000006,16.5538,4,2,44,468,468,0,103.54270000000004,2.7934,31,10,230,104,46,58,87.049751940688,2.3484,33,10,274,137,90,47,21.372917,0,ok,logs/seed_522333.log
245912,baseline,NHEFT,1,0.0,0,0,0,1.2775,1.3642,2.6417,679.0257000000003,14.9117,3,2,42,466,466,0,98.06080000000004,2.1535,34,8,239,90,45,45,70.94569355668173,1.558,49,11,302,150,92,58,21.946367,0,ok,logs/seed_245912.log
758389,baseline,NHEFT,1,0.0,0,0,0,1.2616,1.2073,2.4689,639.1771000000008,19.5379,4,2,43,451,451,0,94.11939999999997,2.877,39,10,238,111,47,64,69.03587165354332,2.1102,47,12,311,167,90,77,20.793284,0,ok,logs/seed_758389.log
631363,baseline,NHEFT,1,0.0,0,0,0,1.2104,1.2179,2.4283,641.7269999999999,17.3196,4,2,52,457,457,0,106.33360000000003,2.8698,39,10,241,119,54,65,70.15584644913626,1.8934,59,12,324,192,101,91,22.854892,0,ok,logs/seed_631363.log
766985,baseline,NHEFT,1,0.0,0,0,0,1.2277,1.0217,2.2494,695.467500000001,17.9475,3,2,42,444,444,0,106.77459999999998,2.7555,44,14,256,130,45,85,58.21108449682684,1.5022,46,12,298,167,90,77,21.235364,0,ok,logs/seed_766985.log
582309,baseline,NHEFT,1,0.0,0,0,0,1.2436,0.9738,2.2174,729.9983000000005,22.3297,3,2,30,442,442,0,95.91810000000001,2.934,26,6,201,83,42,41,70.37462021709631,2.1527,34,10,250,120,72,48,10.431494,0,ok,logs/seed_582309.log
846927,baseline,NHEFT,1,0.0,0,0,0,1.1608,1.2424,2.4032,1101.5024000000008,31.5089,4,4,43,483,483,0,126.21490000000001,3.6104,48,11,270,134,42,92,86.15423467561523,2.4645,47,11,339,164,92,72,7.720878,0,ok,logs/seed_846927.log
763059,baseline,NHEFT,1,0.0,0,0,0,1.3111,1.3518,2.6629,519.1136999999994,12.4016,4,2,59,452,452,0,110.02140000000001,2.6284,40,10,242,135,47,88,72.50296959974057,1.7321,47,10,301,165,86,79,5.453087,0,ok,logs/seed_763059.log
861602,baseline,NHEFT,1,0.0,0,0,0,1.3833,1.3037,2.687,699.3679999999993,21.2729,3,2,42,488,488,0,103.3795,3.1445,44,13,285,120,44,76,64.78537351399116,1.9706,44,11,332,151,97,54,7.065764,0,ok,logs/seed_861602.log
631173,baseline,NHEFT,1,0.0,0,0,0,1.2301,1.0514,2.2815,643.3525999999998,15.8011,6,3,64,457,457,0,97.9299,2.4052,43,10,264,123,53,70,60.40377649580883,1.4836,46,11,311,145,86,59,7.747505,0,ok,logs/seed_631173.log
53408,baseline,NHEFT,1,0.0,0,0,0,1.2271,1.2256,2.4527,814.1240999999998,20.8769,3,2,42,453,453,0,105.39650000000002,2.7027,33,12,237,92,46,46,70.11229618223449,1.7979,42,11,298,152,94,58,7.032412,0,ok,logs/seed_53408.log
328439,baseline,NHEFT,1,0.0,0,0,0,1.1371,1.0804,2.2175,592.0903999999999,16.947,4,2,61,464,464,0,98.76769999999996,2.827,42,10,269,110,47,63,63.71838523324635,1.8238,51,11,324,149,89,60,6.586288,0,ok,logs/seed_328439.log
1087,baseline,NHEFT,1,0.0,0,0,0,1.1274,1.2251,2.3525,638.6118,15.1717,4,2,49,455,455,0,98.5773,2.3419,37,9,252,104,44,60,69.38733454833599,1.6485,47,12,313,166,107,59,6.417894,0,ok,logs/seed_1087.log
577361,baseline,NHEFT,1,0.0,0,0,0,1.299,1.3039,2.6029,816.4077999999972,19.8151,4,3,44,434,434,0,110.04079999999999,2.6708,34,10,220,107,46,61,63.61821970331119,1.5441,44,10,310,175,101,74,6.255632,0,ok,logs/seed_577361.log
72146,baseline,NHEFT,1,0.0,0,0,0,1.2049,1.1816,2.3865,659.4770000000002,19.9554,3,2,42,446,446,0,97.63719999999999,2.9545,47,13,272,128,47,81,59.707437779767226,1.8067,45,11,308,162,102,60,6.968089,0,ok,logs/seed_72146.log
479068,baseline,NHEFT,1,0.0,0,0,0,1.0052,1.1056,2.1108,614.4644000000004,19.5857,5,3,59,432,432,0,96.90690000000002,3.0889,30,9,241,109,34,75,69.45297718120804,2.2138,48,14,284,170,75,95,4.915319,0,ok,logs/seed_479068.log
267093,baseline,NHEFT,1,0.0,0,0,0,0.9376,1.0177,1.9553,739.861600000002,18.3896,3,2,42,473,473,0,116.08179999999997,2.8853,35,9,247,106,52,54,78.64636027397259,1.9548,52,13,321,167,100,67,20.033207,0,ok,logs/seed_267093.log
174052,baseline,NHEFT,1,0.0,0,0,0,1.093,1.0998,2.1928,584.3757000000002,15.8274,3,2,42,467,467,0,97.01809999999999,2.6277,39,10,248,112,52,60,61.781826480466535,1.6733,58,14,334,164,85,79,22.077046,0,ok,logs/seed_174052.log
224195,baseline,NHEFT,1,0.0,0,0,0,1.0134,0.9327,1.9461,619.0748999999998,17.1784,5,3,58,438,438,0,107.54870000000004,2.9843,43,12,251,124,38,86,97.43081695092025,2.7036,51,12,309,164,115,49,19.75282,0,ok,logs/seed_224195.log
203906,baseline,NHEFT,1,0.0,0,0,0,1.2705,1.3587,2.6292,570.4547,15.0497,5,3,57,433,433,0,110.0911,2.9044,35,9,233,130,57,73,73.35656570588235,1.9353,36,10,276,149,103,46,18.247871,0,ok,logs/seed_203906.log
223610,baseline,NHEFT,1,0.0,0,0,0,1.123,1.2964,2.4194,664.6975000000001,19.6854,4,2,41,453,453,0,95.78829999999998,2.8368,37,11,248,108,42,66,62.28351869671815,1.8446,43,10,310,136,77,59,18.108925,0,ok,logs/seed_223610.log
765827,baseline,NHEFT,1,0.0,0,0,0,1.1791,1.2387,2.4178,646.2929999999993,15.6677,4,2,51,485,485,0,114.28869999999999,2.7706,30,9,225,100,50,50,66.1822978819492,1.6044,47,13,333,163,85,78,21.523389,0,ok,logs/seed_765827.log
597825,baseline,NHEFT,1,0.0,0,0,0,1.2349,1.2399,2.4748,584.9817999999998,14.091,3,2,42,439,439,0,97.42529999999998,2.3468,33,7,225,92,50,42,64.52639999896518,1.5543,47,10,297,135,86,49,19.933189,0,ok,logs/seed_597825.log
743325,baseline,NHEFT,1,0.0,0,0,0,1.2051,1.3642,2.5693,699.6520000000002,23.4645,5,3,50,456,456,0,99.8028,3.3471,40,10,282,110,45,65,69.00390445632797,2.3142,51,11,321,150,88,62,22.823477,0,ok,logs/seed_743325.log
459404,baseline,NHEFT,1,0.0,0,0,0,0.9801,0.9887,1.9688,578.4384000000002,13.7282,5,2,63,456,456,0,105.23329999999999,2.4975,44,11,290,140,47,93,73.19318812213804,1.7371,59,14,336,185,101,84,17.918869,0,ok,logs/seed_459404.log
644891,baseline,NHEFT,1,0.0,0,0,0,1.2348,1.2415,2.4763,666.9481999999979,15.1449,3,2,42,469,469,0,93.07600000000001,2.1135,34,8,242,87,46,41,74.35988125427355,1.6885,44,12,308,161,98,63,18.830588,0,ok,logs/seed_644891.log
112316,baseline,NHEFT,1,0.0,0,0,0,1.1973,1.0677,2.265,732.2737999999998,18.8824,6,3,46,472,472,0,118.29180000000005,3.0503,41,11,255,140,50,90,62.02860802409637,1.5995,59,12,327,171,101,70,22.948229,0,ok,logs/seed_112316.log
708240,baseline,NHEFT,1,0.0,0,0,0,1.167,1.228,2.395,537.0742999999999,12.6326,5,3,52,438,438,0,101.22949999999996,2.381,34,10,245,117,48,69,70.61075939887044,1.6608,32,10,284,142,86,56,18.25064,0,ok,logs/seed_708240.log
988612,baseline,NHEFT,1,0.0,0,0,0,1.2058,0.9697,2.1755,686.3322000000006,19.3922,4,2,44,445,445,0,95.16980000000001,2.689,32,10,232,99,44,55,94.14472091310749,2.66,42,10,296,150,86,64,18.001749,0,ok,logs/seed_988612.log
737269,baseline,NHEFT,1,0.0,0,0,0,1.2833,1.2611,2.5444,537.5541000000003,12.8212,4,2,58,450,450,0,92.9607,2.2172,34,10,254,104,43,61,76.92429524648009,1.8347,38,11,294,152,88,64,18.066046,0,ok,logs/seed_737269.log
670045,baseline,NHEFT,1,0.0,0,0,0,1.222,1.1111,2.3331,802.5689000000007,22.0086,4,2,47,431,431,0,116.27059999999994,3.1885,26,10,213,103,49,54,68.25138527672956,1.8716,43,12,302,167,96,71,20.236545,0,ok,logs/seed_670045.log
697981,baseline,NHEFT,1,0.0,0,0,0,1.1078,1.174,2.2818,715.2829000000008,21.7146,4,2,51,481,481,0,92.7136,2.8146,29,7,228,84,49,35,62.79601764705882,1.9064,51,12,311,159,84,75,20.346472,0,ok,logs/seed_697981.log
940926,baseline,NHEFT,1,0.0,0,0,0,1.4205,1.44,2.8605,680.5274999999992,20.6071,3,2,42,464,464,0,104.23689999999999,3.1564,34,11,226,99,44,55,59.339536782608704,1.7969,49,10,321,154,86,68,18.607513,0,ok,logs/seed_940926.log
245466,baseline,NHEFT,1,0.0,0,0,0,1.3447,1.3003,2.645,521.7493999999989,11.2674,4,2,49,484,484,0,94.5309,2.0414,29,7,243,95,51,44,76.25464631083203,1.6467,36,10,298,164,106,58,26.123727,0,ok,logs/seed_245466.log
863385,baseline,NHEFT,1,0.0,0,0,0,1.2212,1.0133,2.2345,519.6612000000003,12.2175,5,2,63,490,490,0,93.38170000000001,2.1954,43,13,287,123,43,80,81.8011682286465,1.9232,56,12,328,188,104,84,19.617264,0,ok,logs/seed_863385.log
502084,baseline,NHEFT,1,0.0,0,0,0,1.191,1.3465,2.5375,700.5531000000011,16.0887,4,3,45,474,474,0,101.0451,2.3206,35,9,257,105,53,52,64.54415064104728,1.4823,47,10,324,162,89,73,21.000961,0,ok,logs/seed_502084.log
268333,baseline,NHEFT,1,0.0,0,0,0,1.2568,0.994,2.2508,593.6866999999996,19.7738,6,3,56,467,467,0,97.3753,3.2433,45,11,272,115,44,71,56.33276954182531,1.8763,54,13,315,148,80,68,16.491232,0,ok,logs/seed_268333.log
889172,baseline,NHEFT,1,0.0,0,0,0,1.1661,0.9731,2.1392,689.1962000000016,17.7299,3,2,41,445,445,0,90.84660000000001,2.3371,33,8,225,95,45,50,56.58922884782489,1.4558,39,9,301,137,80,57,10.728393,0,ok,logs/seed_889172.log
768859,baseline,NHEFT,1,0.0,0,0,0,1.1597,1.2753,2.435,677.1756000000003,18.8986,5,3,58,454,454,0,108.009,3.0143,37,9,234,117,57,60,68.60419026790451,1.9146,40,11,301,155,100,55,9.9131,0,ok,logs/seed_768859.log
108511,baseline,NHEFT,1,0.0,0,0,0,1.1992,1.2822,2.4814,651.974100000001,19.8146,5,3,48,485,485,0,98.08119999999998,2.9808,34,10,250,103,48,55,58.52931851701637,1.7788,47,12,324,148,87,61,12.686789,0,ok,logs/seed_108511.log
828273,baseline,NHEFT,1,0.0,0,0,0,1.1594,1.0598,2.2192,562.2221000000011,14.4332,4,2,43,453,453,0,88.036,2.26,37,9,242,107,49,58,59.99137165379167,1.5401,39,10,297,124,85,39,9.399753,0,ok,logs/seed_828273.log
932667,baseline,NHEFT,1,0.0,0,0,0,1.1151,1.0812,2.1963,809.3638999999997,26.1368,5,3,50,422,422,0,109.30379999999998,3.5297,36,11,242,132,46,86,73.45373680884676,2.372,48,13,289,175,96,79,9.849323,0,ok,logs/seed_932667.log
245421,baseline,NHEFT,1,0.0,0,0,0,1.1493,1.0826,2.2319,815.5031000000013,22.5249,6,4,53,445,445,0,124.92439999999998,3.4505,41,13,239,134,44,90,66.95229117839996,1.8493,58,14,317,174,97,77,10.198133,0,ok,logs/seed_245421.log
678641,baseline,NHEFT,1,0.0,0,0,0,1.3197,1.1408,2.4605,597.3436,13.6598,4,2,45,460,460,0,90.09870000000002,2.0603,48,14,289,131,41,90,67.195415318958,1.5366,51,14,304,147,92,55,11.805897,0,ok,logs/seed_678641.log
935125,baseline,NHEFT,1,0.0,0,0,0,1.2827,1.3354,2.6181,523.2230000000005,12.4724,5,2,63,480,480,0,103.14450000000001,2.4587,34,11,258,120,46,74,79.34928422147652,1.8915,47,11,332,178,106,72,12.8761,0,ok,logs/seed_935125.log
605287,baseline,NHEFT,1,0.0,0,0,0,1.2514,1.3358,2.5872,549.2278000000014,13.9642,4,2,43,447,447,0,85.72719999999998,2.1796,39,10,245,94,36,58,75.37909081501446,1.9165,43,10,284,139,89,50,12.015062,0,ok,logs/seed_605287.log
241117,baseline,NHEFT,1,0.0,0,0,0,1.3526,1.0488,2.4014,605.8650999999994,13.0226,5,2,44,477,477,0,102.8616,2.2109,28,7,240,86,51,35,68.12211906354516,1.4642,47,11,323,158,97,61,11.243529,0,ok,logs/seed_241117.log
137693,baseline,NHEFT,1,0.0,0,0,0,1.015,1.1609,2.1759,734.8105999999998,22.2184,6,3,63,503,503,0,118.66460000000005,3.588,52,15,284,162,37,125,80.48263398940196,2.4335,61,13,335,182,91,91,27.851714,0,ok,logs/seed_137693.log
519815,baseline,NHEFT,1,0.0,0,0,0,1.2756,1.2168,2.4924,693.3159999999995,18.1355,3,2,39,472,472,0,88.79880000000003,2.3228,28,7,230,87,47,40,62.33074737048711,1.6304,39,10,313,152,86,66,19.892754,0,ok,logs/seed_519815.log
825689,baseline,NHEFT,1,0.0,0,0,0,1.211,1.0601,2.2711,594.1989000000004,14.2564,4,2,51,461,461,0,102.03999999999999,2.4482,38,12,246,115,47,68,60.51765921831868,1.452,50,13,318,167,98,69,21.718918,0,ok,logs/seed_825689.log
266300,baseline,NHEFT,1,0.0,0,0,0,1.2869,1.1047,2.3916,672.3500000000003,18.8631,5,3,48,473,473,0,93.49279999999999,2.623,35,10,240,109,50,59,55.22117354949782,1.5493,41,10,288,149,96,53,20.739204,0,ok,logs/seed_266300.log
353884,baseline,NHEFT,1,0.0,0,0,0,1.2199,1.2914,2.5113,574.4433999999999,12.6264,6,2,76,483,483,0,118.1507,2.597,42,11,291,133,38,95,105.81277831578947,2.3258,51,11,323,166,96,70,19.824085,0,ok,logs/seed_353884.log
141574,baseline,NHEFT,1,0.0,0,0,0,1.1879,0.8998,2.0877,661.2581000000002,14.4643,4,2,44,485,485,0,96.3554,2.1077,47,11,283,129,48,81,98.77193633333334,2.1605,45,10,330,148,94,54,20.520502,0,ok,logs/seed_141574.log
211351,baseline,NHEFT,1,0.0,0,0,0,1.2473,1.188,2.4353,661.0800000000027,15.6598,3,2,42,467,467,0,103.27530000000002,2.4464,32,7,254,93,49,44,61.52297777777778,1.4574,48,11,306,162,94,68,17.541514,0,ok,logs/seed_211351.log
64745,baseline,NHEFT,1,0.0,0,0,0,1.0256,0.9156,1.9412,559.1859999999987,11.2783,6,3,68,472,472,0,109.42639999999999,2.207,41,10,261,109,58,51,78.43565156388954,1.582,57,12,331,183,108,75,22.055998,0,ok,logs/seed_64745.log
827551,baseline,NHEFT,1,0.0,0,0,0,1.2908,1.3792,2.67,512.339599999999,11.4887,4,2,43,426,426,0,94.4778,2.1186,28,7,221,93,57,36,65.45372812100139,1.4677,44,10,272,143,90,53,21.216121,0,ok,logs/seed_827551.log
236634,baseline,NHEFT,1,0.0,0,0,0,1.2218,1.1804,2.4022,566.2301999999999,15.9432,5,3,55,442,442,0,86.8959,2.4467,31,7,256,96,48,48,71.76788129838374,2.0208,46,11,303,165,100,65,18.11256,0,ok,logs/seed_236634.log
554061,baseline,NHEFT,1,0.0,0,0,0,1.1819,1.1836,2.3655,943.1805999999995,21.7092,6,4,47,450,450,0,130.81070000000003,3.0109,36,9,256,105,45,60,71.9508727056308,1.6561,52,12,305,153,90,63,15.909052,0,ok,logs/seed_554061.log
473253,baseline,NHEFT,1,0.0,0,0,0,1.069,0.9285,1.9975,718.8656000000004,18.6197,5,3,55,433,433,0,134.7003,3.4889,34,11,209,114,39,75,67.15299710389611,1.7394,46,11,295,154,79,75,8.211809,0,ok,logs/seed_473253.log
397414,baseline,NHEFT,1,0.0,0,0,0,1.2605,1.4776,2.7381,641.6905,18.098,5,3,57,484,484,0,92.95720000000003,2.6217,39,7,281,81,50,31,69.90276001279922,1.9715,56,12,344,174,95,79,13.012835,0,ok,logs/seed_397414.log
237902,baseline,NHEFT,1,0.0,0,0,0,1.2002,1.0442,2.2444,668.7113999999996,18.4413,3,2,40,441,441,0,103.02760000000002,2.8412,30,8,203,81,43,38,59.758904356806596,1.648,49,14,289,151,79,72,9.869707,0,ok,logs/seed_237902.log
57519,baseline,NHEFT,1,0.0,0,0,0,1.0947,1.0357,2.1304,916.735999999999,28.0287,5,4,44,450,450,0,105.51650000000004,3.2261,39,9,240,105,45,60,60.6947681434466,1.8557,55,11,311,142,85,57,11.292928,0,ok,logs/seed_57519.log
505780,baseline,NHEFT,1,0.0,0,0,0,1.323,1.1072,2.4302,456.2184999999999,10.8911,4,2,58,425,425,0,84.30819999999997,2.0126,35,9,241,101,48,53,68.94407597597599,1.6459,47,13,293,153,96,57,10.60352,0,ok,logs/seed_505780.log
353215,baseline,NHEFT,1,0.0,0,0,0,0.969,0.9731,1.9421,534.9193000000007,13.2812,5,2,67,476,476,0,101.57669999999997,2.522,40,12,262,126,45,81,85.0816076305221,2.1124,38,10,283,145,90,55,10.862026,0,ok,logs/seed_353215.log
60194,baseline,NHEFT,1,0.0,0,0,0,1.2305,1.1652,2.3957,706.4862000000022,23.2647,5,4,50,477,477,0,101.9017,3.3556,31,8,251,89,54,35,77.08184999999999,2.5383,53,11,330,156,103,53,13.082776,0,ok,logs/seed_60194.log
21327,baseline,NHEFT,1,0.0,0,0,0,1.2047,1.0257,2.2304,939.6757999999994,19.6872,5,3,44,482,482,0,122.66440000000003,2.5699,30,8,208,103,47,56,75.90330129589634,1.5903,42,11,319,149,92,57,12.14354,0,ok,logs/seed_21327.log
551141,baseline,NHEFT,1,0.0,0,0,0,1.1576,0.9105,2.0681,493.736199999999,13.8925,3,1,54,425,425,0,90.55969999999999,2.5481,28,7,232,93,43,50,58.68570943952803,1.6513,37,11,287,126,79,47,9.135177,0,ok,logs/seed_551141.log
504483,baseline,NHEFT,1,0.0,0,0,0,1.212,1.277,2.489,592.0981000000003,19.749,4,2,43,450,450,0,90.8611,3.0306,30,9,216,96,49,47,63.416220569694076,2.1152,40,11,299,130,87,43,9.110264,0,ok,logs/seed_504483.log
50984,baseline,NHEFT,1,0.0,0,0,0,1.1295,1.0446,2.1741,673.6021000000009,14.1807,4,2,45,469,469,0,93.21390000000001,1.9623,38,9,260,115,51,64,68.76324123951507,1.4476,42,11,310,158,96,62,20.825009,0,ok,logs/seed_50984.log
145299,baseline,NHEFT,1,0.0,0,0,0,1.2521,1.2215,2.4736,932.9342999999991,24.4345,4,3,38,440,440,0,123.69659999999999,3.2397,31,11,218,114,40,74,71.68758764118041,1.8776,52,11,311,149,89,60,20.74967,0,ok,logs/seed_145299.log
933274,baseline,NHEFT,1,0.0,0,0,0,1.1474,0.9683,2.1157,783.2802000000006,16.3079,4,2,43,472,472,0,111.1073,2.3133,44,16,260,142,45,97,68.65262530982658,1.4293,47,12,318,169,101,68,23.156455,0,ok,logs/seed_933274.log
321337,baseline,NHEFT,1,0.0,0,0,0,1.3675,1.3556,2.7231,780.5599000000016,27.9365,4,2,27,468,468,0,105.6514,3.7813,29,9,202,86,41,45,64.45133582587064,2.3067,41,13,300,146,79,67,18.094055,0,ok,logs/seed_321337.log
181404,baseline,NHEFT,1,0.0,0,0,0,1.2423,1.3277,2.57,622.2359000000017,17.3493,4,2,55,483,483,0,109.55759999999998,3.0547,35,8,254,96,49,47,72.72964026974952,2.0279,37,10,306,140,86,54,19.00603,0,ok,logs/seed_181404.log
3899,baseline,NHEFT,1,0.0,0,0,0,1.1707,1.2244,2.3951,580.2931000000008,11.5926,4,2,50,444,444,0,101.63900000000004,2.0305,46,12,280,130,46,84,71.2346040120254,1.4231,49,11,304,159,95,64,20.509696,0,ok,logs/seed_3899.log
494958,baseline,NHEFT,1,0.0,0,0,0,1.3637,1.4481,2.8118,580.5863,14.6365,5,3,61,428,428,0,103.9704,2.6211,39,9,259,119,51,68,66.26204767250661,1.6705,40,10,287,124,76,48,18.653542,0,ok,logs/seed_494958.log
970507,baseline,NHEFT,1,0.0,0,0,0,1.0507,1.1208,2.1715,773.2845999999995,20.7179,3,2,31,452,452,0,102.43860000000002,2.7445,23,9,206,88,44,44,61.00240127952953,1.6344,37,12,294,162,99,63,21.787703,0,ok,logs/seed_970507.log
705866,baseline,NHEFT,1,0.0,0,0,0,1.1888,1.258,2.4468,538.0206000000002,12.7243,4,2,61,466,466,0,103.50240000000002,2.4479,35,8,241,101,49,52,74.13980031719437,1.7534,52,12,316,161,93,68,23.745728,0,ok,logs/seed_705866.log
296343,baseline,NHEFT,1,0.0,0,0,0,1.3101,1.122,2.4321,475.7530000000007,14.2727,4,2,62,440,440,0,90.2841,2.7086,34,9,251,110,49,61,66.29867569060772,1.989,39,11,276,126,85,41,18.420379,0,ok,logs/seed_296343.log
586398,baseline,NHEFT,1,0.0,0,0,0,1.139,0.8707,2.0097,689.4858000000021,17.4978,4,2,43,490,490,0,104.37789999999997,2.6489,41,12,239,137,46,91,63.85250100000001,1.6205,36,11,314,158,90,68,15.308667,0,ok,logs/seed_586398.log
378648,baseline,NHEFT,1,0.0,0,0,0,1.2589,1.3113,2.5702,666.6318999999988,20.8147,4,2,45,446,446,0,95.01500000000001,2.9667,34,10,215,107,50,57,69.50908051190058,2.1703,36,10,278,134,86,48,16.829004,0,ok,logs/seed_378648.log
531966,baseline,NHEFT,1,0.0,0,0,0,1.261,1.1236,2.3846,448.9113000000001,14.9391,4,2,51,433,433,0,78.78450000000002,2.6218,28,10,233,104,47,57,61.386761780673176,2.0429,40,10,284,147,84,63,15.69307,0,ok,logs/seed_531966.log
596361,baseline,NHEFT,1,0.0,0,0,0,1.1385,1.0694,2.2079,724.8900000000015,19.7802,4,2,43,472,472,0,99.5396,2.7162,26,8,215,85,45,40,58.656558361774756,1.6006,45,12,318,164,87,77,18.234368,0,ok,logs/seed_596361.log
60220,baseline,NHEFT,1,0.0,0,0,0,1.2337,1.0016,2.2353,1064.3405999999995,29.7343,2,2,22,464,464,0,98.00110000000002,2.7378,33,9,233,89,36,53,70.47025294891141,1.9687,49,12,300,138,75,63,17.106552,0,ok,logs/seed_60220.log
189568,baseline,NHEFT,1,0.0,0,0,0,1.1774,1.3957,2.5731,649.1974000000002,15.338,4,2,44,454,454,0,96.85049999999997,2.2882,33,8,233,95,46,49,66.05530528315414,1.5606,43,11,300,162,99,63,20.486671,0,ok,logs/seed_189568.log
151000,baseline,NHEFT,1,0.0,0,0,0,1.1244,1.0347,2.1591,484.30890000000005,10.2166,4,2,59,441,441,0,89.73840000000001,1.8931,30,8,241,90,44,46,75.49915898418308,1.5927,42,10,305,145,89,56,13.378276,0,ok,logs/seed_151000.log
72402,baseline,NHEFT,1,0.0,0,0,0,1.1463,1.3134,2.4597,467.99350000000055,11.201,4,2,60,445,445,0,90.5377,2.1669,37,8,252,105,49,56,64.99421237924153,1.5556,44,11,299,142,86,56,15.650965,0,ok,logs/seed_72402.log
983055,baseline,NHEFT,1,0.0,0,0,0,1.2402,1.1957,2.4359,605.3084000000001,16.4793,4,2,43,465,465,0,91.2664,2.4847,40,11,260,104,40,64,71.58347435398916,1.9488,40,9,313,138,87,51,15.93171,0,ok,logs/seed_983055.log
538582,baseline,NHEFT,1,0.0,0,0,0,1.2262,1.124,2.3502,536.2346999999995,14.2808,4,2,48,444,444,0,95.8495,2.5526,44,12,242,116,43,73,63.62097372727271,1.6943,48,12,310,170,94,76,17.508871,0,ok,logs/seed_538582.log
934509,baseline,NHEFT,1,0.0,0,0,0,1.2401,1.2608,2.5009,636.8363999999996,15.8445,4,2,43,468,468,0,99.16629999999998,2.4673,35,9,239,100,54,46,61.129040267148014,1.5209,44,12,309,149,102,47,18.356219,0,ok,logs/seed_934509.log
220410,baseline,NHEFT,1,0.0,0,0,0,1.2629,0.9622,2.2251,575.795299999999,17.8521,3,2,41,450,450,0,74.00910000000002,2.2946,26,7,234,75,42,33,58.38740735387751,1.8103,44,10,303,140,85,55,7.236553,0,ok,logs/seed_220410.log
755547,baseline,NHEFT,1,0.0,0,0,0,1.4237,1.3501,2.7738,728.1422,17.4522,4,3,56,457,457,0,112.7675,2.7028,37,11,258,113,43,70,68.03960960577459,1.6308,37,9,303,131,84,47,12.155245,0,ok,logs/seed_755547.log
682666,baseline,NHEFT,1,0.0,0,0,0,1.006,0.9279,1.9339,561.8699000000001,15.644,4,2,57,453,453,0,108.13810000000001,3.0109,36,10,263,123,44,79,73.4911350954907,2.0462,50,13,308,170,94,76,12.197328,0,ok,logs/seed_682666.log
707759,baseline,NHEFT,1,0.0,0,0,0,1.1352,1.1347,2.2699,525.7071999999995,12.5583,4,2,45,446,446,0,94.52470000000002,2.258,35,9,251,113,50,63,71.33474930727023,1.7041,46,12,298,146,93,53,11.097555,0,ok,logs/seed_707759.log
472298,baseline,NHEFT,1,0.0,0,0,0,1.0886,1.0381,2.1267,652.2277000000003,18.3054,3,2,40,465,465,0,87.74340000000002,2.4626,33,9,233,108,47,61,68.40966503972366,1.92,42,11,293,153,95,58,11.371205,0,ok,logs/seed_472298.log
842827,baseline,NHEFT,1,0.0,0,0,0,1.2901,1.1622,2.4523,624.8858999999981,16.5337,3,2,42,465,465,0,87.32889999999999,2.3106,34,10,234,106,42,64,59.351523303216744,1.5704,46,11,312,142,82,60,12.877713,0,ok,logs/seed_842827.log
598514,baseline,NHEFT,1,0.0,0,0,0,1.4013,1.2485,2.6498,594.5974999999999,14.6352,3,2,42,467,467,0,96.85390000000001,2.3839,28,7,233,93,51,42,63.819637328719764,1.5708,45,13,301,150,82,68,11.427055,0,ok,logs/seed_598514.log
985883,baseline,NHEFT,1,0.0,0,0,0,1.1106,0.9679,2.0785,665.5768000000006,16.7909,3,2,42,445,445,0,97.46539999999999,2.4588,36,9,218,98,43,55,75.42699254267745,1.9028,52,12,296,141,88,53,11.152106,0,ok,logs/seed_985883.log
595328,baseline,NHEFT,1,0.0,0,0,0,1.1478,1.1582,2.306,794.8713999999993,17.9954,4,3,44,473,473,0,101.93020000000003,2.3076,39,7,253,92,45,47,73.12070864119602,1.6554,50,9,336,159,97,62,11.740361,0,ok,logs/seed_595328.log
238922,baseline,NHEFT,1,0.0,0,0,0,1.2097,1.0814,2.2911,694.9441999999996,19.0296,3,2,42,468,468,0,100.83850000000001,2.7612,35,6,247,96,50,46,70.64679806744869,1.9345,57,13,341,159,91,68,10.574062,0,ok,logs/seed_238922.log
469556,baseline,NHEFT,1,0.0,0,0,0,1.1406,1.1087,2.2493,689.7109999999998,16.5725,3,2,37,457,457,0,98.62340000000002,2.3697,35,9,219,97,45,52,63.25714561796915,1.52,34,9,274,121,75,46,19.202424,0,ok,logs/seed_469556.log
108225,baseline,NHEFT,1,0.0,0,0,0,1.1718,1.1485,2.3203,620.7527000000002,13.6161,3,2,42,449,449,0,95.51810000000005,2.0952,38,10,231,108,51,57,71.53362532645403,1.5691,43,12,299,137,88,49,18.7122,0,ok,logs/seed_108225.log
899644,baseline,NHEFT,1,0.0,0,0,0,1.157,1.2405,2.3975,677.9273000000002,15.985,5,3,55,460,460,0,112.4787,2.6522,44,11,264,138,51,87,77.85742509186693,1.8358,40,11,310,156,92,64,18.918976,0,ok,logs/seed_899644.log
885107,baseline,NHEFT,1,0.0,0,0,0,1.3063,1.4495,2.7558,539.3277000000003,11.9101,4,2,43,469,469,0,85.95949999999998,1.8983,30,6,253,81,45,36,63.9446848324515,1.4121,49,11,309,128,86,42,25.723452,0,ok,logs/seed_885107.log
624803,baseline,NHEFT,1,0.0,0,0,0,1.1745,1.0074,2.1819,852.5084999999998,19.1616,4,3,49,459,459,0,120.5165,2.7088,35,11,228,107,51,56,74.02160903356007,1.6638,52,13,312,166,95,71,23.228418,0,ok,logs/seed_624803.log
412384,baseline,NHEFT,1,0.0,0,0,0,1.1341,1.1794,2.3135,1006.022200000001,28.9905,5,3,42,472,472,0,112.1336,3.2313,37,10,224,106,44,62,65.74011372741681,1.8944,43,12,311,141,80,61,21.749123,0,ok,logs/seed_412384.log
534437,baseline,NHEFT,1,0.0,0,0,0,1.2369,1.3993,2.6362,705.5066000000002,16.9534,5,3,60,451,451,0,102.4748,2.4625,34,10,248,93,52,41,67.45659383922049,1.621,45,11,300,151,88,63,20.859336,0,ok,logs/seed_534437.log
28388,baseline,NHEFT,1,0.0,0,0,0,1.2251,1.235,2.4601,538.1375999999996,15.1569,3,2,42,442,442,0,86.85999999999999,2.4465,33,9,233,99,45,54,62.772351007564495,1.768,41,8,293,141,89,52,19.234905,0,ok,logs/seed_28388.log
480416,baseline,NHEFT,1,0.0,0,0,0,1.1934,1.1872,2.3806,691.9897999999997,16.1911,3,2,42,455,455,0,104.06079999999997,2.4348,32,10,239,118,47,71,71.07999999999998,1.6631,40,11,308,155,99,56,18.332522,0,ok,logs/seed_480416.log
6523,baseline,NHEFT,1,0.0,0,0,0,1.1831,1.4177,2.6008,493.6829000000011,10.8997,4,2,58,452,452,0,100.27109999999999,2.2138,39,8,235,92,53,39,76.33678364168925,1.6854,45,11,297,160,97,63,20.180487,0,ok,logs/seed_6523.log
875492,baseline,NHEFT,1,0.0,0,0,0,1.1659,1.1326,2.2985,602.9284999999985,16.697,4,2,62,457,457,0,99.60290000000002,2.7583,41,10,275,112,46,66,93.19575012118409,2.5809,39,10,308,148,98,50,11.673262,0,ok,logs/seed_875492.log
445144,baseline,NHEFT,1,0.0,0,0,0,1.2805,1.1459,2.4264,670.0829000000001,17.8278,3,2,42,448,448,0,100.721,2.6797,35,10,233,109,39,70,83.11435770750987,2.2113,42,11,301,147,86,61,11.528416,0,ok,logs/seed_445144.log
178145,baseline,NHEFT,1,0.0,0,0,0,1.0949,1.3921,2.487,780.5124999999989,18.6942,4,3,42,486,486,0,114.0183,2.7309,34,8,258,94,50,44,71.81061700727714,1.72,48,11,314,163,91,72,10.798517,0,ok,logs/seed_178145.log
496478,baseline,NHEFT,1,0.0,0,0,0,1.173,1.1444,2.3174,567.9663999999999,12.9742,4,2,43,448,448,0,93.6659,2.1396,34,12,249,134,45,89,63.70063650230727,1.4551,41,12,281,147,94,53,10.111422,0,ok,logs/seed_496478.log
239617,baseline,NHEFT,1,0.0,0,0,0,1.1779,1.0873,2.2652,553.2998999999987,16.645,3,2,42,464,464,0,93.0992,2.8007,28,8,232,87,54,33,58.04504738069705,1.7462,48,11,330,147,90,57,11.21122,0,ok,logs/seed_239617.log
473997,baseline,NHEFT,1,0.0,0,0,0,1.1252,1.0912,2.2164,558.1477999999981,14.0828,4,2,43,452,452,0,96.63519999999998,2.4382,32,9,221,99,47,52,58.41355787593164,1.4738,38,9,287,159,106,53,11.279604,0,ok,logs/seed_473997.log
229225,baseline,NHEFT,1,0.0,0,0,0,1.3216,1.4973,2.8189,534.2635999999994,11.3602,4,2,49,435,435,0,92.99109999999999,1.9773,31,9,225,85,47,38,65.63424268115944,1.3956,36,9,285,136,90,46,9.769523,0,ok,logs/seed_229225.log
254791,baseline,NHEFT,1,0.0,0,0,0,1.1583,1.2729,2.4312,832.3909000000006,23.761,4,3,42,482,482,0,116.94279999999995,3.3382,36,11,223,103,57,46,68.10347481143009,1.944,52,13,316,164,92,72,12.313836,0,ok,logs/seed_254791.log
966201,baseline,NHEFT,1,0.0,0,0,0,1.3769,1.645,3.0219,519.0563000000003,16.0185,4,2,46,449,449,0,90.3144,2.7872,25,7,224,76,41,35,64.7285582205029,1.9976,40,10,282,136,76,60,10.027016,0,ok,logs/seed_966201.log
533361,baseline,NHEFT,1,0.0,0,0,0,1.119,1.141,2.26,764.937800000001,18.7982,4,2,43,472,472,0,101.17179999999999,2.4863,39,11,263,99,40,59,78.50587342582897,1.9293,40,11,315,159,96,63,10.338445,0,ok,logs/seed_533361.log
872306,baseline,NHEFT,1,0.0,0,0,0,1.1865,0.9334,2.1199,544.0681999999994,18.6796,4,2,59,465,465,0,94.28380000000003,3.2371,38,9,263,115,51,64,63.36836257082749,2.1756,45,11,309,155,91,64,7.317411,0,ok,logs/seed_872306.log
444933,baseline,NHEFT,1,0.0,0,0,0,1.2501,1.4478,2.6979,738.0952999999998,15.3115,3,2,40,465,465,0,104.1961,2.1615,28,7,211,80,46,34,72.28948162003454,1.4996,46,11,321,166,91,75,19.811542,0,ok,logs/seed_444933.log
456356,baseline,NHEFT,1,0.0,0,0,0,1.1296,1.2678,2.3974,757.3148000000018,18.2109,4,3,49,458,458,0,107.40690000000002,2.5828,33,10,243,115,49,66,64.7327095461946,1.5566,41,10,303,150,93,57,19.901412,0,ok,logs/seed_456356.log
853702,baseline,NHEFT,1,0.0,0,0,0,1.261,1.2481,2.5091,618.7169,17.0469,5,3,51,484,484,0,98.7131,2.7198,40,12,267,122,46,76,70.44650096060859,1.9409,53,14,325,170,95,75,22.628101,0,ok,logs/seed_853702.log
176967,baseline,NHEFT,1,0.0,0,0,0,1.0674,1.098,2.1654,704.7054000000009,18.6695,4,2,43,467,467,0,107.60419999999996,2.8507,41,12,247,116,53,63,60.86317711093183,1.6124,50,11,328,159,90,69,19.891961,0,ok,logs/seed_176967.log
33347,baseline,NHEFT,1,0.0,0,0,0,1.1176,1.0861,2.2037,720.9483000000004,19.8106,6,3,44,432,432,0,109.25570000000002,3.0022,27,9,215,102,51,51,66.84209752054795,1.8367,41,9,291,158,95,63,16.315717,0,ok,logs/seed_33347.log
411283,baseline,NHEFT,1,0.0,0,0,0,1.2621,1.3542,2.6163,527.2250999999999,17.2444,5,2,46,467,467,0,91.27220000000001,2.9853,47,11,293,132,48,84,60.59272775743438,1.9819,51,12,308,149,86,63,18.201479,0,ok,logs/seed_411283.log
81911,baseline,NHEFT,1,0.0,0,0,0,1.3002,1.2517,2.5519,813.3673000000017,22.4493,3,2,42,477,477,0,113.9491,3.145,38,11,257,112,46,66,69.67217462686568,1.923,46,14,321,166,89,77,18.938246,0,ok,logs/seed_81911.log
956925,baseline,NHEFT,1,0.0,0,0,0,1.1034,0.9035,2.0069,692.3426000000004,15.6165,4,3,43,461,461,0,105.72739999999999,2.3848,35,10,234,109,51,58,76.0484815771365,1.7154,43,10,295,140,98,42,20.544819,0,ok,logs/seed_956925.log
362804,baseline,NHEFT,1,0.0,0,0,0,1.1061,1.1932,2.2993,521.0634000000003,16.7195,5,3,54,433,433,0,92.10100000000003,2.9553,30,10,235,102,49,53,64.06199272932331,2.0556,28,8,280,114,73,41,16.164651,0,ok,logs/seed_362804.log
728140,baseline,NHEFT,1,0.0,0,0,0,1.2301,1.4063,2.6364,622.9760000000003,16.5913,6,3,56,474,474,0,85.6554,2.2812,34,8,238,81,53,28,61.97746342972302,1.6506,44,11,312,152,89,63,14.711275,0,ok,logs/seed_728140.log
554565,baseline,NHEFT,1,0.0,0,0,0,1.3347,1.2334,2.5681,603.7583000000005,15.0858,3,2,42,452,452,0,88.34949999999999,2.2075,36,12,254,115,52,63,61.251138028169024,1.5304,52,12,312,169,96,73,26.313214,0,ok,logs/seed_554565.log
392733,baseline,NHEFT,1,0.0,0,0,0,1.2202,1.2423,2.4625,911.5128000000032,25.7939,4,2,39,486,486,0,107.8153,3.0509,25,5,218,61,41,20,60.78276681556082,1.72,45,12,303,140,70,70,22.355154,0,ok,logs/seed_392733.log
769066,baseline,NHEFT,1,0.0,0,0,0,1.2415,1.1871,2.4286,730.1387999999985,19.2541,5,3,46,459,459,0,104.22680000000003,2.7485,44,12,247,119,51,68,62.71264890281865,1.6538,53,12,311,159,94,65,24.587106,0,ok,logs/seed_769066.log
925520,baseline,NHEFT,1,0.0,0,0,0,1.0852,1.1927,2.2779,636.9453000000009,15.7811,3,2,42,474,474,0,96.4748,2.3903,28,7,243,101,53,48,71.57667054966889,1.7734,39,11,305,148,98,50,22.891273,0,ok,logs/seed_925520.log
4410,baseline,NHEFT,1,0.0,0,0,0,1.2283,1.232,2.4603,532.8917999999995,14.7304,4,2,47,448,448,0,99.0126,2.7369,30,10,226,98,49,49,62.64478071545459,1.7317,52,13,298,159,96,63,19.774482,0,ok,logs/seed_4410.log
729459,baseline,NHEFT,1,0.0,0,0,0,1.1774,0.928,2.1054,550.9401000000001,13.2946,4,2,45,447,447,0,87.16829999999999,2.1034,39,11,253,108,45,63,57.35295416787029,1.384,48,12,309,172,97,75,19.413912,0,ok,logs/seed_729459.log
179329,baseline,NHEFT,1,0.0,0,0,0,1.2002,0.9568,2.157,660.7390000000012,21.0859,5,3,45,452,452,0,87.16580000000002,2.7817,34,11,233,105,49,56,63.24221632012387,2.0182,44,11,285,149,91,58,23.195102,0,ok,logs/seed_179329.log
282114,baseline,NHEFT,1,0.0,0,0,0,1.2199,0.9382,2.1581,545.8530999999989,15.2598,3,2,42,438,438,0,98.374,2.7501,32,10,232,115,49,66,60.271149997134664,1.6849,38,11,299,142,90,52,17.599279,0,ok,logs/seed_282114.log
583172,baseline,NHEFT,1,0.0,0,0,0,1.2541,1.088,2.3421,558.045899999999,14.6369,4,2,49,462,462,0,86.10630000000002,2.2585,32,8,257,87,48,39,72.61790427470216,1.9047,49,13,313,151,94,57,22.663031,0,ok,logs/seed_583172.log
534010,baseline,NHEFT,1,0.0,0,0,0,1.137,1.2729,2.4099,588.5808000000018,15.6941,3,1,53,473,473,0,97.05130000000001,2.5878,32,10,271,116,53,63,64.78356866666667,1.7274,45,11,311,161,95,66,16.866996,0,ok,logs/seed_534010.log
824110,baseline,NHEFT,1,0.0,0,0,0,0.9947,0.9499,1.9446,523.1990000000003,13.5683,3,2,42,460,460,0,86.74139999999998,2.2495,27,8,224,85,45,40,63.930975000000004,1.6579,35,9,283,127,94,33,12.432997,0,ok,logs/seed_824110.log
897704,baseline,NHEFT,1,0.0,0,0,0,1.1176,1.1775,2.2951,568.4145000000001,13.2708,4,2,61,467,467,0,106.28710000000001,2.4815,40,13,270,120,43,77,73.2562852884097,1.7103,47,13,310,158,97,61,19.703482,0,ok,logs/seed_897704.log
226589,baseline,NHEFT,1,0.0,0,0,0,1.1876,1.1448,2.3324,619.7881999999995,15.6489,4,2,43,455,455,0,91.19859999999998,2.3027,29,8,215,92,51,41,58.26726292834891,1.4712,38,11,295,139,94,45,18.766036,0,ok,logs/seed_226589.log
481886,baseline,NHEFT,1,0.0,0,0,0,1.1354,1.1615,2.2969,757.8267999999993,23.5291,5,3,53,448,448,0,108.33659999999996,3.3637,32,7,221,88,43,45,65.54450634920634,2.035,47,11,306,144,81,63,16.070838,0,ok,logs/seed_481886.log
982251,baseline,NHEFT,1,0.0,0,0,0,1.0259,1.0988,2.1247,701.7946000000014,17.1312,4,2,43,436,436,0,93.0284,2.2709,33,9,225,89,45,44,65.51988695652173,1.5994,38,11,286,125,87,38,15.233728,0,ok,logs/seed_982251.log
543181,baseline,NHEFT,1,0.0,0,0,0,1.1068,1.046,2.1528,557.5550000000004,16.4191,4,2,57,477,477,0,95.47519999999997,2.8116,36,10,247,98,54,44,64.65338585269122,1.9039,48,12,325,156,90,66,20.398026,0,ok,logs/seed_543181.log
397234,baseline,NHEFT,1,0.0,0,0,0,1.1465,1.0841,2.2306,713.0724000000008,18.9792,5,3,54,488,488,0,105.6207,2.8112,38,10,264,112,49,63,70.9678821945429,1.8889,47,12,321,166,107,59,23.256911,0,ok,logs/seed_397234.log
973889,baseline,NHEFT,1,0.0,0,0,0,1.0656,0.9813,2.0469,601.2768999999984,13.0296,4,2,61,475,475,0,96.19709999999998,2.0846,45,11,298,95,42,53,76.5391,1.6586,50,11,329,126,78,48,19.977875,0,ok,logs/seed_973889.log
110682,baseline,NHEFT,1,0.0,0,0,0,1.1149,1.1175,2.2324,707.7728999999991,11.7469,4,2,43,433,433,0,108.81339999999999,1.806,39,11,234,115,46,69,99.13476234286483,1.6453,45,11,296,155,90,65,15.2158,0,ok,logs/seed_110682.log
663813,baseline,NHEFT,1,0.0,0,0,0,1.0648,1.0489,2.1137,691.5187000000003,17.8883,5,3,51,437,437,0,107.96349999999995,2.7928,31,7,226,82,44,38,66.56383369786293,1.7219,50,11,281,146,87,59,15.723812,0,ok,logs/seed_663813.log
895348,baseline,NHEFT,1,0.0,0,0,0,1.0823,1.0745,2.1568,557.1821000000007,15.8317,4,2,55,440,440,0,97.115,2.7594,38,10,268,110,46,64,66.16860427314737,1.8801,48,10,311,156,96,60,12.640759,0,ok,logs/seed_895348.log
840905,baseline,NHEFT,1,0.0,0,0,0,1.2994,1.2604,2.5598,622.9600999999997,14.7269,4,2,43,451,451,0,90.31839999999997,2.1351,32,8,229,98,51,47,66.46878605141569,1.5713,42,11,295,151,94,57,6.634969,0,ok,logs/seed_840905.log
366120,baseline,NHEFT,1,0.0,0,0,0,1.2207,1.2369,2.4576,689.5072999999995,15.8128,5,3,45,453,453,0,102.8707,2.3592,37,10,269,116,46,70,68.94147795163586,1.5811,48,11,304,160,92,68,6.748004,0,ok,logs/seed_366120.log
873087,baseline,NHEFT,1,0.0,0,0,0,1.1798,0.8917,2.0715,433.03620000000114,10.9961,4,2,55,414,414,0,76.626,1.9458,38,9,235,104,48,56,56.8523708281697,1.4437,49,12,303,172,107,65,8.959735,0,ok,logs/seed_873087.log
333017,baseline,NHEFT,1,0.0,0,0,0,1.1746,1.1922,2.3668,564.9442000000001,15.0137,4,2,46,420,420,0,91.8908,2.4421,30,7,235,89,45,44,65.9971394109397,1.7539,39,9,286,143,90,53,11.251013,0,ok,logs/seed_333017.log
479679,baseline,NHEFT,1,0.0,0,0,0,1.259,1.0389,2.2979,747.8479999999995,23.7921,4,3,42,454,454,0,102.74159999999999,3.2686,34,12,229,114,41,73,64.6333,2.0563,53,15,304,181,95,86,13.482726,0,ok,logs/seed_479679.log
547920,baseline,NHEFT,1,0.0,0,0,0,1.2176,1.0411,2.2587,1116.0910000000026,29.6785,3,3,25,457,457,0,111.30980000000005,2.9599,31,11,232,92,38,54,87.29076956756757,2.3212,49,10,326,147,83,64,12.840495,0,ok,logs/seed_547920.log
397055,baseline,NHEFT,1,0.0,0,0,0,1.3145,1.3794,2.6939,722.9338999999999,19.2449,5,3,55,472,472,0,103.24669999999999,2.7485,33,8,264,100,49,51,72.22286624247103,1.9226,53,12,336,175,101,74,13.559733,0,ok,logs/seed_397055.log
255407,baseline,NHEFT,1,0.0,0,0,0,1.2269,1.1651,2.392,556.5801000000001,13.7476,4,2,55,467,467,0,86.7402,2.1425,33,9,260,98,43,55,61.213934387672346,1.512,41,12,298,138,79,59,12.981944,0,ok,logs/seed_255407.log
529276,baseline,NHEFT,1,0.0,0,0,0,1.1815,1.3015,2.483,519.6189999999999,14.6368,6,2,71,461,461,0,95.1805,2.6811,39,8,304,97,48,49,66.22278016753404,1.8654,45,10,308,157,98,59,12.409873,0,ok,logs/seed_529276.log
772641,baseline,NHEFT,1,0.0,0,0,0,1.2091,1.0955,2.3046,536.3452000000002,14.0508,4,2,51,458,458,0,90.01369999999999,2.3581,32,8,246,107,46,61,59.398021092278704,1.5561,49,13,313,162,95,67,14.453576,0,ok,logs/seed_772641.log
452290,baseline,NHEFT,1,0.0,0,0,0,1.1239,0.9313,2.0552,596.5756999999992,16.758,4,2,45,452,452,0,107.29469999999999,3.0139,38,9,225,104,46,58,78.16355341730281,2.1956,47,12,321,171,100,71,11.602269,0,ok,logs/seed_452290.log
70730,baseline,NHEFT,1,0.0,0,0,0,1.2483,1.2725,2.5208,704.6274000000006,21.342,3,2,39,475,475,0,101.96770000000001,3.0884,27,8,199,91,48,43,66.17487478532396,2.0043,39,11,297,146,92,54,22.879782,0,ok,logs/seed_70730.log
29523,baseline,NHEFT,1,0.0,0,0,0,1.2416,1.2504,2.492,785.9503999999989,24.0011,5,3,44,440,440,0,107.7225,3.2896,27,9,207,95,45,50,65.68038981136698,2.0057,40,11,292,152,87,65,17.889746,0,ok,logs/seed_29523.log
580005,baseline,NHEFT,1,0.0,0,0,0,1.1972,0.9159,2.1131,890.8913999999999,22.0041,3,2,32,466,466,0,114.43530000000001,2.8264,32,8,235,102,41,61,68.599001,1.6943,58,14,321,155,85,70,29.705247,0,ok,logs/seed_580005.log
273040,baseline,NHEFT,1,0.0,0,0,0,1.264,1.0445,2.3085,499.19429999999835,11.859,5,2,49,451,451,0,81.50850000000003,1.9363,31,9,249,94,44,50,60.20422284873949,1.4302,46,10,321,145,93,52,18.958256,0,ok,logs/seed_273040.log
333143,baseline,NHEFT,1,0.0,0,0,0,1.2032,1.2519,2.4551,672.4887000000003,13.2953,3,2,42,456,456,0,101.20629999999998,2.0009,27,8,206,90,47,43,72.90271174678607,1.4413,33,9,290,137,89,48,19.004347,0,ok,logs/seed_333143.log
6027,baseline,NHEFT,1,0.0,0,0,0,1.046,0.8521,1.8981,770.7343000000012,17.5717,5,4,44,487,487,0,107.26070000000001,2.4454,31,9,247,119,52,67,65.4289374025696,1.4917,47,11,341,174,114,60,20.705699,0,ok,logs/seed_6027.log
802904,baseline,NHEFT,1,0.0,0,0,0,1.1436,0.9673,2.1109,532.0733,12.8342,5,3,62,465,465,0,86.12729999999999,2.0775,35,8,276,110,51,59,59.59906441463415,1.4376,49,12,331,169,94,75,25.907966,0,ok,logs/seed_802904.log
495402,baseline,NHEFT,1,0.0,0,0,0,1.1327,1.1456,2.2783,563.7623000000002,12.5963,5,2,64,464,464,0,104.26899999999996,2.3297,43,12,251,113,45,68,75.83802981065091,1.6945,51,13,321,185,93,92,18.987463,0,ok,logs/seed_495402.log
385502,baseline,NHEFT,1,0.0,0,0,0,1.4648,1.4262,2.891,810.9163000000007,21.4437,5,3,49,482,482,0,105.53749999999998,2.7908,31,11,220,102,45,57,71.3302301092776,1.8862,48,10,312,129,78,51,21.261887,0,ok,logs/seed_385502.log
847050,baseline,NHEFT,1,0.0,0,0,0,1.1004,1.1816,2.282,495.73629999999866,12.8294,4,2,49,440,440,0,86.38189999999999,2.2355,33,8,248,98,51,47,68.74610636364781,1.7791,52,12,308,151,95,56,17.961504,0,ok,logs/seed_847050.log
386832,baseline,NHEFT,1,0.0,0,0,0,1.1407,1.3606,2.5013,586.2509999999994,16.528,4,2,43,442,442,0,94.07550000000003,2.6522,37,12,244,114,52,62,71.54361361101243,2.017,46,13,306,161,94,67,15.321299,0,ok,logs/seed_386832.log
325099,baseline,NHEFT,1,0.0,0,0,0,1.2683,1.1966,2.4649,627.5175000000024,13.5231,3,2,42,451,451,0,90.41860000000004,1.9485,30,9,232,88,46,42,76.9822,1.659,39,9,293,139,86,53,8.215785,0,ok,logs/seed_325099.log
23707,baseline,NHEFT,1,0.0,0,0,0,1.0714,1.3495,2.4209,645.2611999999986,17.3879,5,2,63,472,472,0,100.9803,2.7211,42,10,274,105,36,69,94.1989933076923,2.5384,47,10,329,168,96,72,8.510296,0,ok,logs/seed_23707.log
779751,baseline,NHEFT,1,0.0,0,0,0,1.0664,1.0688,2.1352,643.7315999999988,12.7208,3,2,42,445,445,0,104.95860000000002,2.0741,33,11,228,100,50,50,72.38550455536627,1.4304,35,9,284,121,83,38,6.943974,0,ok,logs/seed_779751.log
213180,baseline,NHEFT,1,0.0,0,0,0,1.2379,1.083,2.3209,594.9595999999993,13.1666,5,2,49,459,459,0,88.85799999999998,1.9665,35,8,266,97,51,46,68.25961824821248,1.5106,43,11,301,139,92,47,7.522691,0,ok,logs/seed_213180.log
903156,baseline,NHEFT,1,0.0,0,0,0,1.1373,0.9555,2.0928,647.1686999999997,20.3569,3,2,42,439,439,0,93.7663,2.9495,35,9,228,99,45,54,63.931775012486575,2.011,48,11,301,144,85,59,8.015616,0,ok,logs/seed_903156.log
854656,baseline,NHEFT,1,0.0,0,0,0,1.175,1.1751,2.3501,478.6698999999999,10.1176,4,2,60,458,458,0,94.73630000000001,2.0024,31,10,236,102,49,53,67.1045390092916,1.4184,35,10,291,151,98,53,8.731602,0,ok,logs/seed_854656.log
130554,baseline,NHEFT,1,0.0,0,0,0,1.0701,0.9986,2.0687,689.0896000000001,16.1382,6,3,49,455,455,0,119.9681,2.8096,37,10,253,120,52,68,81.44270821468928,1.9074,48,12,317,153,99,54,10.716728,0,ok,logs/seed_130554.log
384884,baseline,NHEFT,1,0.0,0,0,0,1.2846,1.1923,2.4769,562.9480000000007,14.9295,5,2,44,434,434,0,86.64219999999999,2.2978,30,9,244,97,46,51,69.45854407514136,1.8421,43,11,287,154,93,61,6.500082,0,ok,logs/seed_384884.log
433977,baseline,NHEFT,1,0.0,0,0,0,1.1448,1.2529,2.3977,594.1024000000008,14.6766,6,3,72,450,450,0,124.1702,3.0675,36,10,235,126,45,81,76.18250026168226,1.882,48,11,303,156,92,64,7.570894,0,ok,logs/seed_433977.log
37380,baseline,NHEFT,1,0.0,0,0,0,1.186,1.1384,2.3244,749.6577999999979,20.8268,3,2,42,486,486,0,108.87509999999999,3.0247,27,8,247,98,54,44,68.02153727598566,1.8898,38,10,319,167,98,69,8.421295,0,ok,logs/seed_37380.log
171794,baseline,NHEFT,1,0.0,0,0,0,1.2392,1.1254,2.3646,646.5479999999988,20.9852,5,3,54,455,455,0,92.4942,3.0021,43,12,260,115,44,71,56.46535103160041,1.8327,46,10,321,156,98,58,26.396093,0,ok,logs/seed_171794.log
154379,baseline,NHEFT,1,0.0,0,0,0,1.1133,0.8677,1.981,962.1139999999999,25.7094,4,2,31,465,465,0,115.4138,3.0841,36,12,235,134,41,93,71.41274054054055,1.9083,48,12,316,154,90,64,19.770893,0,ok,logs/seed_154379.log
757152,baseline,NHEFT,1,0.0,0,0,0,1.0808,1.16,2.2408,659.7511000000027,18.1594,4,2,44,465,465,0,100.18070000000002,2.7574,46,13,266,132,43,89,68.80618484848486,1.8939,47,10,301,149,88,61,22.670316,0,ok,logs/seed_757152.log
624137,baseline,NHEFT,1,0.0,0,0,0,1.1639,0.9157,2.0796,832.7610999999985,18.2487,7,3,54,498,498,0,123.93090000000001,2.7158,50,12,255,130,48,82,72.739001,1.594,46,10,329,161,100,61,21.332423,0,ok,logs/seed_624137.log
209074,baseline,NHEFT,1,0.0,0,0,0,1.168,0.9465,2.1145,604.7287999999999,15.4289,3,2,42,434,434,0,94.88790000000002,2.4209,37,10,241,102,49,53,66.7012606060606,1.7018,47,11,311,160,111,49,22.496945,0,ok,logs/seed_209074.log
748006,baseline,NHEFT,1,0.0,0,0,0,1.1577,1.2018,2.3595,591.3298999999992,11.1937,5,2,49,464,464,0,102.03469999999997,1.9315,38,12,259,119,51,68,76.02890872300871,1.4392,46,11,306,150,93,57,22.278785,0,ok,logs/seed_748006.log
930590,baseline,NHEFT,1,0.0,0,0,0,1.2097,1.0101,2.2198,586.9677999999999,17.7904,5,3,56,464,464,0,83.69449999999998,2.5367,37,10,278,111,48,63,59.221576796900315,1.7949,46,12,316,157,98,59,21.674975,0,ok,logs/seed_930590.log
746597,baseline,NHEFT,1,0.0,0,0,0,1.2195,0.9982,2.2177,810.4903000000012,22.9064,3,2,31,438,438,0,108.47919999999998,3.0659,33,12,222,109,47,62,65.01461609090909,1.8375,45,11,303,147,91,56,17.829306,0,ok,logs/seed_746597.log
421675,baseline,NHEFT,1,0.0,0,0,0,1.182,1.1668,2.3488,515.8740000000004,13.6819,4,2,43,463,463,0,85.04220000000001,2.2555,31,8,233,94,50,44,60.43049012894045,1.6027,40,10,307,141,94,47,19.174372,0,ok,logs/seed_421675.log
31076,baseline,NHEFT,1,0.0,0,0,0,1.1934,1.2524,2.4458,698.9339999999978,15.4787,4,3,45,479,479,0,103.131,2.284,32,9,259,115,54,61,74.32401479310344,1.646,37,10,301,162,100,62,19.159314,0,ok,logs/seed_31076.log
466796,baseline,NHEFT,1,0.0,0,0,0,1.0549,0.9251,1.98,550.6348999999989,13.8007,5,2,70,472,472,0,104.35580000000002,2.6155,52,12,311,141,45,96,73.88297170944699,1.8517,54,12,331,187,109,78,18.686046,0,ok,logs/seed_466796.log
711358,baseline,NHEFT,1,0.0,0,0,0,1.2384,1.4895,2.7279,623.603800000001,15.697,3,2,42,441,441,0,89.2077,2.2455,27,7,227,79,49,30,66.07513477948805,1.6632,38,10,275,126,81,45,19.128384,0,ok,logs/seed_711358.log
185748,baseline,NHEFT,1,0.0,0,0,0,1.3129,1.2466,2.5595,559.4487999999996,18.834,4,2,43,438,438,0,88.12499999999999,2.9668,34,9,226,104,47,57,58.91371884057971,1.9833,50,11,304,152,96,56,19.969802,0,ok,logs/seed_185748.log
876677,baseline,NHEFT,1,0.0,0,0,0,1.3082,1.0444,2.3526,550.6488999999989,12.1363,4,2,43,440,440,0,98.25670000000001,2.1656,32,12,226,101,40,61,62.59123333333334,1.3795,45,11,298,146,74,72,18.381471,0,ok,logs/seed_876677.log
223283,baseline,NHEFT,1,0.0,0,0,0,1.1544,1.1511,2.3055,658.0602999999995,19.2982,3,2,35,433,433,0,85.6318,2.5112,32,10,217,96,46,50,63.539309417517856,1.8634,38,11,284,144,96,48,17.030809,0,ok,logs/seed_223283.log
894739,baseline,NHEFT,1,0.0,0,0,0,1.1412,1.1913,2.3325,586.2232,15.8193,4,2,44,459,459,0,82.48099999999997,2.2258,32,7,248,80,45,35,58.098450064711606,1.5678,39,9,305,127,78,49,22.830881,0,ok,logs/seed_894739.log
108347,baseline,NHEFT,1,0.0,0,0,0,1.1311,1.0179,2.149,641.2025000000007,16.7862,5,3,46,464,464,0,88.27139999999999,2.3109,29,7,230,82,39,43,60.93654979919679,1.5953,39,11,288,132,86,46,18.741693,0,ok,logs/seed_108347.log
190486,baseline,NHEFT,1,0.0,0,0,0,1.4911,1.3365,2.8276,579.3660000000008,20.288,4,2,48,475,475,0,84.65200000000002,2.9643,33,10,251,97,43,54,60.381896773917546,2.1144,51,12,296,151,92,59,20.600862,0,ok,logs/seed_190486.log
168340,baseline,NHEFT,1,0.0,0,0,0,1.2211,1.1426,2.3637,607.9436000000001,16.4456,4,3,39,443,443,0,85.21780000000001,2.3052,28,8,215,84,44,40,70.64320447761195,1.911,37,11,278,128,85,43,18.936109,0,ok,logs/seed_168340.log
304561,baseline,NHEFT,1,0.0,0,0,0,1.2827,1.2176,2.5003,648.2054000000005,19.9367,4,3,43,442,442,0,90.825,2.7935,33,8,239,87,47,40,60.24912972836439,1.8531,43,11,303,129,80,49,22.407509,0,ok,logs/seed_304561.log
574192,baseline,NHEFT,1,0.0,0,0,0,1.0239,0.9453,1.9692,664.1686000000014,13.7194,7,3,54,474,474,0,105.3988,2.1772,40,10,257,109,56,53,70.8094063268301,1.4627,48,11,322,146,92,54,23.128276,0,ok,logs/seed_574192.log
687972,baseline,NHEFT,1,0.0,0,0,0,1.1246,0.9281,2.0527,688.3633000000002,17.375,3,2,42,481,481,0,95.95889999999997,2.4221,35,12,235,113,46,67,58.29448907594937,1.4714,35,11,294,141,81,60,18.454754,0,ok,logs/seed_687972.log
731201,baseline,NHEFT,1,0.0,0,0,0,1.1176,1.1038,2.2214,646.9616000000015,11.2917,3,2,42,458,458,0,104.96249999999998,1.832,36,9,241,104,49,55,70.26358137676608,1.2263,38,9,290,136,85,51,21.070034,0,ok,logs/seed_731201.log
579731,baseline,NHEFT,1,0.0,0,0,0,1.3109,1.1261,2.437,721.5246000000003,17.878,4,2,44,498,498,0,107.36470000000001,2.6603,30,9,245,105,49,56,68.5984938045977,1.6997,44,11,328,162,94,68,23.400964,0,ok,logs/seed_579731.log
451867,baseline,NHEFT,1,0.0,0,0,0,1.1877,1.2891,2.4768,748.2118999999996,19.3633,4,2,43,456,456,0,119.00629999999998,3.0798,34,10,233,115,47,68,65.21246748180295,1.6877,40,10,310,166,93,73,18.9127,0,ok,logs/seed_451867.log
406724,baseline,NHEFT,1,0.0,0,0,0,1.0685,1.1566,2.2251,601.9811999999988,13.6534,4,2,59,475,475,0,101.32759999999999,2.2982,37,10,275,102,46,56,79.62888251544538,1.806,44,10,321,157,106,51,25.375416,0,ok,logs/seed_406724.log
793861,baseline,NHEFT,1,0.0,0,0,0,1.3094,1.1921,2.5015,691.4576000000005,22.1774,5,3,55,470,470,0,106.17740000000003,3.4055,43,14,266,135,44,91,66.82815592747558,2.1434,46,13,307,174,92,82,21.467997,0,ok,logs/seed_793861.log
611415,baseline,NHEFT,1,0.0,0,0,0,1.1493,1.1993,2.3486,536.9585000000002,10.6228,4,2,60,459,459,0,107.53320000000001,2.1274,35,10,258,107,51,56,80.574052563458,1.594,43,12,299,161,93,68,21.662772,0,ok,logs/seed_611415.log
521320,baseline,NHEFT,1,0.0,0,0,0,1.1514,1.2229,2.3743,647.0450999999998,13.5051,7,3,60,453,453,0,117.61599999999997,2.4549,39,10,242,114,57,57,78.84948169243287,1.6457,47,11,305,161,98,63,21.845086,0,ok,logs/seed_521320.log
8846,baseline,NHEFT,1,0.0,0,0,0,1.1811,0.9865,2.1676,688.0108999999998,20.3403,5,3,50,459,459,0,102.71779999999997,3.0367,38,11,243,109,41,68,79.63803425925926,2.3544,51,10,294,157,82,75,21.989646,0,ok,logs/seed_8846.log
49614,baseline,NHEFT,1,0.0,0,0,0,1.3145,1.3747,2.6892,720.7290000000013,22.6799,3,2,42,447,447,0,105.65860000000002,3.3249,35,9,242,81,43,38,91.66341231527093,2.8845,40,11,286,132,76,56,20.185081,0,ok,logs/seed_49614.log
659032,baseline,NHEFT,1,0.0,0,0,0,1.1886,1.0744,2.263,602.2126999999998,16.4126,3,2,40,422,422,0,78.21099999999998,2.1316,30,9,219,79,38,41,65.2716157116451,1.7789,43,11,284,149,95,54,18.491966,0,ok,logs/seed_659032.log
998482,baseline,NHEFT,1,0.0,0,0,0,1.3725,1.0751,2.4476,587.6414000000015,15.4013,4,2,50,480,480,0,88.07490000000001,2.3083,34,8,229,96,49,47,56.91446764304046,1.4917,43,10,307,142,93,49,22.738194,0,ok,logs/seed_998482.log
93047,baseline,NHEFT,1,0.0,0,0,0,1.17,1.0787,2.2487,604.9976999999991,17.0502,3,2,42,467,467,0,92.05810000000004,2.5944,41,13,248,115,41,74,67.2096411928118,1.8941,41,12,307,150,80,70,21.601857,0,ok,logs/seed_93047.log
80158,baseline,NHEFT,1,0.0,0,0,0,1.1545,1.3178,2.4723,610.7772000000008,12.6314,4,2,48,490,490,0,96.01350000000004,1.9856,31,7,244,86,46,40,78.54774646235721,1.6244,53,13,335,169,96,73,24.616381,0,ok,logs/seed_80158.log
510654,baseline,NHEFT,1,0.0,0,0,0,1.2169,1.2641,2.481,716.8912000000007,13.7538,4,2,50,467,467,0,135.26999999999998,2.5952,35,11,231,115,50,65,84.72799542670654,1.6255,39,11,312,156,93,63,20.481714,0,ok,logs/seed_510654.log
530654,baseline,NHEFT,1,0.0,0,0,0,1.2041,1.2745,2.4786,595.3383999999995,17.8411,5,3,56,477,477,0,109.16680000000001,3.2715,37,10,239,113,49,64,78.34696846394033,2.3479,39,10,296,138,81,57,21.768882,0,ok,logs/seed_530654.log
573179,baseline,NHEFT,1,0.0,0,0,0,1.1447,1.0027,2.1474,458.01249999999925,9.9849,4,2,52,457,457,0,83.5829,1.8221,33,9,257,98,42,56,60.3944,1.3166,41,11,304,149,94,55,23.863073,0,ok,logs/seed_573179.log
47016,baseline,NHEFT,1,0.0,0,0,0,1.1451,1.1592,2.3043,569.1218000000006,12.5856,4,2,43,463,463,0,87.26570000000002,1.9298,32,8,238,91,48,43,61.27860712820513,1.3551,34,10,276,110,69,41,20.750734,0,ok,logs/seed_47016.log
590729,baseline,NHEFT,1,0.0,0,0,0,1.1541,1.3305,2.4846,492.1313000000009,13.0889,7,3,79,419,419,0,108.36429999999999,2.8821,40,12,246,125,45,80,86.40757711030554,2.2981,45,12,293,162,104,58,18.233247,0,ok,logs/seed_590729.log
383125,baseline,NHEFT,1,0.0,0,0,0,1.4921,1.2264,2.7185,581.4761999999994,16.9431,3,2,39,445,445,0,84.52069999999999,2.4628,32,5,238,88,45,43,54.13634850898575,1.5774,39,9,299,122,74,48,19.528628,0,ok,logs/seed_383125.log
844140,baseline,NHEFT,1,0.0,0,0,0,1.1967,1.2888,2.4855,627.1098000000001,17.8175,4,2,51,459,459,0,116.47240000000001,3.3092,42,13,256,136,44,92,74.80682857142858,2.1254,44,11,315,174,98,76,17.776686,0,ok,logs/seed_844140.log
909688,baseline,NHEFT,1,0.0,0,0,0,1.1425,1.1719,2.3144,623.5322999999986,20.0508,4,2,45,435,435,0,102.29770000000002,3.2896,33,10,232,98,50,48,68.10443091314839,2.19,46,12,301,162,102,60,13.973537,0,ok,logs/seed_909688.log
200398,baseline,NHEFT,1,0.0,0,0,0,1.2195,1.2398,2.4593,640.2664000000009,12.8866,3,2,42,478,478,0,111.00829999999998,2.2343,34,11,258,118,47,71,82.60837918215613,1.6626,46,12,322,173,91,82,8.426785,0,ok,logs/seed_200398.log
563666,baseline,NHEFT,1,0.0,0,0,0,1.1933,1.1428,2.3361,772.5924999999978,15.5627,4,3,44,459,459,0,107.65610000000001,2.1686,34,11,241,116,52,64,76.90434995801252,1.5491,45,12,299,174,106,68,8.319579,0,ok,logs/seed_563666.log
982230,baseline,NHEFT,1,0.0,0,0,0,1.1228,1.0024,2.1252,534.3592000000006,11.8904,4,2,57,488,488,0,96.76059999999998,2.1531,36,10,253,114,45,69,66.96841533314887,1.4902,52,12,346,169,87,82,9.392224,0,ok,logs/seed_982230.log
825585,baseline,NHEFT,1,0.0,0,0,0,1.1988,0.8993,2.0981,498.5509999999996,9.7629,4,2,61,453,453,0,90.5407,1.773,36,10,270,120,53,67,61.31424012930012,1.2007,41,11,322,148,101,47,7.427945,0,ok,logs/seed_825585.log
178808,baseline,NHEFT,1,0.0,0,0,0,1.147,1.0222,2.1692,875.7570000000019,22.7059,4,3,50,455,455,0,125.58470000000001,3.2561,44,14,246,145,47,98,74.88881591002573,1.9417,48,12,307,166,89,77,7.832679,0,ok,logs/seed_178808.log
132464,baseline,NHEFT,1,0.0,0,0,0,1.2776,1.1794,2.457,615.1413999999995,15.8164,4,2,48,471,471,0,98.07799999999996,2.5218,41,14,270,129,50,79,70.41419889415481,1.8105,60,15,311,178,98,80,10.828751,0,ok,logs/seed_132464.log
242596,baseline,NHEFT,1,0.0,0,0,0,1.0919,1.2652,2.3571,595.2887000000001,14.8928,4,2,51,466,466,0,111.55850000000001,2.7909,33,10,240,120,46,74,91.89252116641431,2.2989,44,10,301,154,95,59,8.913776,0,ok,logs/seed_242596.log
627641,baseline,NHEFT,1,0.0,0,0,0,1.2639,1.3009,2.5648,759.9289,23.6834,4,2,43,453,453,0,104.72299999999998,3.2637,28,8,237,90,44,46,65.12441557415308,2.0296,42,9,316,155,99,56,7.087183,0,ok,logs/seed_627641.log
233825,baseline,NHEFT,1,0.0,0,0,0,1.382,1.5503,2.9323,505.13139999999834,17.586,4,2,44,432,432,0,87.01140000000001,3.0293,35,9,243,114,57,57,58.90172241747572,2.0506,41,10,294,128,81,47,6.553074,0,ok,logs/seed_233825.log
104559,baseline,NHEFT,1,0.0,0,0,0,1.3607,1.4124,2.7731,637.3903999999999,22.8205,6,3,61,453,453,0,95.1572,3.4069,35,10,229,111,47,64,57.607840059965255,2.0625,45,11,323,150,82,68,5.322753,0,ok,logs/seed_104559.log
420030,baseline,NHEFT,1,0.0,0,0,0,1.2981,1.63,2.9281,718.1660999999987,20.6618,5,3,54,455,455,0,124.05679999999994,3.5691,26,8,212,99,51,48,70.85967792954989,2.0386,33,8,277,137,82,55,17.976977,0,ok,logs/seed_420030.log
122728,baseline,NHEFT,1,0.0,0,0,0,1.2236,1.0695,2.2931,618.4107999999998,20.1862,4,2,43,438,438,0,92.99029999999999,3.0354,48,13,261,126,49,77,58.627578961504014,1.9137,45,10,291,149,91,58,20.699301,0,ok,logs/seed_122728.log
513240,baseline,NHEFT,1,0.0,0,0,0,1.1613,1.1384,2.2997,643.2694999999989,16.4478,4,2,44,464,464,0,111.8754,2.8606,24,8,215,99,44,55,65.46612335766423,1.6739,37,10,309,163,95,68,17.882562,0,ok,logs/seed_513240.log
762685,baseline,NHEFT,1,0.0,0,0,0,1.2416,1.5258,2.7674,675.4709000000003,17.3502,4,2,44,450,450,0,109.6649,2.8169,36,11,237,115,47,68,70.47250158708415,1.8102,50,11,309,166,81,85,20.147892,0,ok,logs/seed_762685.log
33644,baseline,NHEFT,1,0.0,0,0,0,1.2872,1.4905,2.7777,482.8006000000014,13.7455,5,2,45,453,453,0,86.98729999999999,2.4766,42,12,256,116,52,64,74.78120413675462,2.1291,59,15,325,184,83,101,20.898633,0,ok,logs/seed_33644.log
717433,baseline,NHEFT,1,0.0,0,0,0,1.1658,1.1308,2.2966,587.304100000001,14.1982,4,2,45,480,480,0,97.98149999999997,2.3687,36,10,247,122,52,70,57.60396090014064,1.3926,47,11,320,161,102,59,24.01107,0,ok,logs/seed_717433.log
223415,baseline,NHEFT,1,0.0,0,0,0,1.1624,1.3186,2.481,497.0178000000003,11.8519,4,2,49,440,440,0,97.7329,2.3305,31,8,214,93,53,40,64.51726452009457,1.5385,38,9,277,128,85,43,18.788473,0,ok,logs/seed_223415.log
770297,baseline,NHEFT,1,0.0,0,0,0,1.2391,1.2803,2.5194,597.8398000000012,17.4398,5,2,54,462,462,0,96.7911,2.8235,49,15,270,135,48,87,67.60673986010362,1.9722,48,11,323,177,116,61,24.726315,0,ok,logs/seed_770297.log
53816,baseline,NHEFT,1,0.0,0,0,0,1.2154,1.0249,2.2403,683.4383999999995,14.8429,3,2,42,451,451,0,103.9878,2.2584,33,8,232,98,47,51,70.62956794490819,1.5339,40,9,306,168,94,74,17.853401,0,ok,logs/seed_53816.log
277504,baseline,NHEFT,1,0.0,0,0,0,1.1808,1.2386,2.4194,660.4610999999976,19.2353,3,2,41,465,465,0,87.20710000000003,2.5398,31,8,233,77,40,37,67.11364972751787,1.9546,53,12,320,154,76,78,16.653844,0,ok,logs/seed_277504.log
348035,baseline,NHEFT,1,0.0,0,0,0,1.3219,1.1398,2.4617,617.3935000000002,16.3129,4,2,50,452,452,0,79.3946,2.0978,33,8,229,91,46,45,60.03486658333333,1.5863,45,12,314,144,89,55,20.624129,0,ok,logs/seed_348035.log
310372,baseline,NHEFT,1,0.0,0,0,0,1.3404,1.2494,2.5898,892.295999999998,24.6157,4,2,39,457,457,0,112.1447,3.0937,38,11,236,101,41,60,73.01562307792209,2.0143,50,12,315,174,100,74,23.9544,0,ok,logs/seed_310372.log
800807,baseline,NHEFT,1,0.0,0,0,0,1.1948,1.2065,2.4013,598.8061000000004,15.1514,4,2,52,458,458,0,100.96010000000004,2.5546,36,9,252,114,51,63,62.578891930835724,1.5834,40,11,309,139,85,54,19.158047,0,ok,logs/seed_800807.log
263339,baseline,NHEFT,1,0.0,0,0,0,1.1385,1.0647,2.2032,796.6041000000009,21.5265,4,2,32,484,484,0,94.89999999999998,2.5645,32,8,248,99,49,50,61.7163862292503,1.6678,49,12,313,155,92,63,23.902266,0,ok,logs/seed_263339.log
573677,baseline,NHEFT,1,0.0,0,0,0,0.9932,1.0769,2.0701,759.5818999999992,16.1224,4,2,43,455,455,0,115.2076,2.4453,37,13,239,108,50,58,74.58058709122204,1.583,47,13,316,197,103,94,16.953922,0,ok,logs/seed_573677.log
15182,baseline,NHEFT,1,0.0,0,0,0,1.2521,0.936,2.1881,575.5257999999997,11.2009,6,3,57,435,435,0,98.11120000000001,1.9095,29,8,224,102,52,50,68.72568404048205,1.3375,40,11,300,167,99,68,16.308669,0,ok,logs/seed_15182.log
775808,baseline,NHEFT,1,0.0,0,0,0,1.2256,1.236,2.4616,493.27089999999953,17.6534,4,2,44,441,441,0,76.44730000000001,2.7359,35,9,239,94,47,47,58.11904151565074,2.08,54,13,310,158,94,64,20.648184,0,ok,logs/seed_775808.log
993850,baseline,NHEFT,1,0.0,0,0,0,1.1947,1.0753,2.27,552.7882999999999,12.2731,4,2,44,466,466,0,95.4797,2.1199,30,10,231,79,40,39,62.4014783592645,1.3854,40,10,306,146,87,59,17.98734,0,ok,logs/seed_993850.log
254088,baseline,NHEFT,1,0.0,0,0,0,1.1453,1.1062,2.2515,510.0780999999993,13.1045,4,2,43,425,425,0,91.43200000000004,2.349,28,7,204,83,47,36,61.172065868263466,1.5716,37,9,280,133,87,46,18.669397,0,ok,logs/seed_254088.log
547104,baseline,NHEFT,1,0.0,0,0,0,1.2578,1.4522,2.71,511.6885999999999,11.256,3,2,42,476,476,0,87.18010000000001,1.9178,34,9,246,103,55,48,63.5756770321064,1.3985,44,12,326,177,101,76,20.700316,0,ok,logs/seed_547104.log
906200,baseline,NHEFT,1,0.0,0,0,0,1.3026,1.4861,2.7887,636.2342999999994,15.8244,4,2,43,450,450,0,103.64920000000001,2.578,29,8,240,95,43,52,64.86760399999999,1.6134,44,10,302,152,83,69,10.543315,0,ok,logs/seed_906200.log
539013,baseline,NHEFT,1,0.0,0,0,0,1.2939,1.0751,2.369,597.4811,13.9148,4,2,44,435,435,0,101.8415,2.3718,40,13,256,125,45,80,63.30511228449938,1.4743,46,11,316,154,86,68,16.923139,0,ok,logs/seed_539013.log
116455,baseline,NHEFT,1,0.0,0,0,0,1.259,1.394,2.653,565.6998999999997,13.2733,5,2,48,455,455,0,103.0035,2.4168,34,8,245,118,52,66,83.19442061421023,1.952,40,10,299,152,101,51,17.084905,0,ok,logs/seed_116455.log
149887,baseline,NHEFT,1,0.0,0,0,0,1.1327,0.9284,2.0611,457.4059999999999,11.2187,4,2,61,451,451,0,88.77040000000001,2.1773,38,9,254,115,47,68,64.68281319221187,1.5865,49,12,322,166,99,67,15.397025,0,ok,logs/seed_149887.log
581975,baseline,NHEFT,1,0.0,0,0,0,1.0777,0.9205,1.9982,505.0299000000003,11.7511,4,2,53,458,458,0,83.99910000000001,1.9545,33,8,268,104,46,58,61.66669208280254,1.4349,48,12,313,154,95,59,16.694345,0,ok,logs/seed_581975.log
245300,baseline,NHEFT,1,0.0,0,0,0,1.0928,0.9396,2.0324,915.4502000000005,23.8626,6,4,41,440,440,0,117.22909999999993,3.0558,31,8,220,100,42,58,66.44921479310344,1.7321,45,12,304,177,115,62,15.509743,0,ok,logs/seed_245300.log
749768,baseline,NHEFT,1,0.0,0,0,0,1.2503,1.1952,2.4455,553.0850999999993,17.2693,3,2,42,430,430,0,90.44149999999999,2.8239,36,10,231,104,42,62,52.955698726388015,1.6535,46,11,287,143,84,59,10.804926,0,ok,logs/seed_749768.log
984059,baseline,NHEFT,1,0.0,0,0,0,1.3519,1.2039,2.5558,517.6402999999991,14.0153,3,2,42,421,421,0,80.74010000000003,2.1861,27,6,203,82,45,37,57.480552174078774,1.5563,40,11,281,130,90,40,12.6209,0,ok,logs/seed_984059.log
97410,baseline,NHEFT,1,0.0,0,0,0,1.1411,0.9386,2.0797,570.8638999999996,16.3915,3,1,52,464,464,0,93.11640000000001,2.6737,41,14,250,125,44,81,66.26602695085357,1.9027,47,11,309,160,106,54,18.821143,0,ok,logs/seed_97410.log
956125,baseline,NHEFT,1,0.0,0,0,0,1.1861,1.0204,2.2065,543.4963000000002,15.0377,5,2,44,444,444,0,86.35419999999999,2.3893,37,11,253,103,51,52,62.09218250536158,1.718,43,10,294,143,85,58,15.841801,0,ok,logs/seed_956125.log
877091,baseline,NHEFT,1,0.0,0,0,0,1.0723,0.8604,1.9327,850.042300000001,18.7243,6,3,48,466,466,0,111.16380000000007,2.4487,41,12,258,127,44,83,67.5694325455187,1.4884,49,12,312,164,90,74,14.636861,0,ok,logs/seed_877091.log
226651,baseline,NHEFT,1,0.0,0,0,0,1.2315,1.1987,2.4302,554.9728999999994,12.8368,4,2,45,442,442,0,91.07329999999996,2.1066,31,9,238,102,49,53,65.27984710017576,1.51,55,12,312,196,107,89,11.762149,0,ok,logs/seed_226651.log
673466,baseline,NHEFT,1,0.0,0,0,0,1.1803,1.0171,2.1974,634.5584000000003,17.4471,5,3,58,451,451,0,87.85370000000003,2.4155,28,8,242,90,50,40,59.918684423851595,1.6475,46,12,307,164,110,54,8.832616,0,ok,logs/seed_673466.log
905076,baseline,NHEFT,1,0.0,0,0,0,1.2108,1.0866,2.2974,601.3736000000006,15.1244,3,1,46,463,463,0,91.19529999999999,2.2935,43,12,257,116,44,72,62.71726959142497,1.5773,45,11,314,155,96,59,11.148145,0,ok,logs/seed_905076.log
156873,baseline,NHEFT,1,0.0,0,0,0,1.0263,1.061,2.0873,680.0128999999989,15.4931,3,2,42,471,471,0,94.65360000000003,2.1566,41,12,265,111,43,68,64.73038076274743,1.4748,41,10,317,144,81,63,11.286091,0,ok,logs/seed_156873.log
687203,baseline,NHEFT,1,0.0,0,0,0,1.3122,1.7128,3.025,699.7849999999999,15.7817,4,3,54,457,457,0,94.1945,2.1243,31,8,236,85,48,37,68.31073658105778,1.5406,49,11,314,176,93,83,11.189043,0,ok,logs/seed_687203.log
137164,baseline,NHEFT,1,0.0,0,0,0,1.1297,1.4129,2.5426,595.7501999999996,15.2461,5,2,50,464,464,0,103.49099999999997,2.6485,40,11,262,126,50,76,71.00600336220472,1.8171,45,10,302,152,98,54,13.823109,0,ok,logs/seed_137164.log
615585,baseline,NHEFT,1,0.0,0,0,0,1.1521,0.9862,2.1383,622.8984999999994,16.467,4,2,46,466,466,0,93.79709999999999,2.4796,41,13,270,130,51,79,62.74731737114416,1.6588,45,12,326,146,93,53,11.852501,0,ok,logs/seed_615585.log
948603,baseline,NHEFT,1,0.0,0,0,0,1.1631,0.9451,2.1082,542.0660999999994,13.611,5,2,48,440,440,0,87.33400000000002,2.1929,33,10,255,113,44,69,64.50739497060745,1.6197,37,10,289,143,97,46,9.800059,0,ok,logs/seed_948603.log
330246,baseline,NHEFT,1,0.0,0,0,0,1.3232,1.1039,2.4271,605.0669999999992,16.5497,3,2,42,474,474,0,98.58600000000003,2.6965,34,8,233,96,43,53,65.40782738853503,1.789,35,9,309,142,84,58,10.97305,0,ok,logs/seed_330246.log
231763,baseline,NHEFT,1,0.0,0,0,0,1.2002,1.0714,2.2716,639.2671999999992,15.9135,4,2,46,453,453,0,104.80129999999998,2.6089,29,7,248,95,40,55,69.05580764206643,1.719,43,11,319,140,82,58,8.691006,0,ok,logs/seed_231763.log
254692,baseline,NHEFT,1,0.0,0,0,0,1.2352,1.2545,2.4897,762.3776999999983,24.1105,3,2,40,452,452,0,112.33719999999998,3.5527,34,11,221,110,49,61,64.33295839568346,2.0346,38,12,270,130,75,55,18.856504,0,ok,logs/seed_254692.log
726098,baseline,NHEFT,1,0.0,0,0,0,1.2843,1.1181,2.4024,769.1480999999982,25.6624,4,3,50,490,490,0,105.8868,3.5329,38,8,266,104,47,57,60.36802835820897,2.0142,44,10,328,146,86,60,23.121993,0,ok,logs/seed_726098.log
165469,baseline,NHEFT,1,0.0,0,0,0,1.371,1.097,2.468,564.7151000000003,15.8256,4,2,42,459,459,0,94.49900000000001,2.6482,32,9,228,99,46,53,56.92545343915345,1.5953,38,11,298,138,97,41,19.475984,0,ok,logs/seed_165469.log
467321,baseline,NHEFT,1,0.0,0,0,0,1.1195,1.4836,2.6031,687.4913999999998,19.9801,4,3,44,455,455,0,104.22909999999999,3.0291,31,10,210,106,52,54,60.72134118770897,1.7647,34,10,282,148,91,57,17.5757,0,ok,logs/seed_467321.log
729320,baseline,NHEFT,1,0.0,0,0,0,1.1444,1.1882,2.3326,646.5909000000014,16.4655,3,2,42,462,462,0,93.20460000000001,2.3735,35,8,244,89,48,41,64.77210513090077,1.6494,43,10,305,138,85,53,19.254572,0,ok,logs/seed_729320.log
400221,baseline,NHEFT,1,0.0,0,0,0,1.3137,1.1776,2.4913,647.0573000000012,16.5801,3,2,42,457,457,0,84.53849999999997,2.1662,37,7,273,87,46,41,69.23402914752785,1.774,45,11,306,156,93,63,19.997992,0,ok,logs/seed_400221.log
456402,baseline,NHEFT,1,0.0,0,0,0,1.2225,1.3263,2.5488,533.4358000000007,12.571,7,3,67,445,445,0,102.07369999999997,2.4055,45,12,278,130,49,81,64.9001001383126,1.5294,39,10,300,129,78,51,15.763823,0,ok,logs/seed_456402.log
91696,baseline,NHEFT,1,0.0,0,0,0,1.2438,1.4064,2.6502,686.7748000000004,19.2968,5,3,55,475,475,0,97.75309999999999,2.7466,42,10,277,111,53,58,68.45284634234234,1.9234,52,11,314,159,93,66,21.812564,0,ok,logs/seed_91696.log
868799,baseline,NHEFT,1,0.0,0,0,0,1.2893,1.0715,2.3608,636.9615000000009,17.4829,4,2,54,449,449,0,95.74859999999998,2.628,31,10,244,114,53,61,79.38741572556893,2.179,49,11,305,159,98,61,18.449225,0,ok,logs/seed_868799.log
809171,baseline,NHEFT,1,0.0,0,0,0,1.1254,1.0518,2.1772,703.105100000001,19.687,4,2,43,467,467,0,94.6841,2.6512,35,9,257,93,50,43,59.253879139096384,1.6591,54,13,329,179,92,87,20.571796,0,ok,logs/seed_809171.log
509668,baseline,NHEFT,1,0.0,0,0,0,1.059,0.9805,2.0395,524.4449000000008,11.1851,4,2,56,466,466,0,98.49059999999999,2.1006,39,9,250,104,48,56,70.38035932885758,1.501,45,13,326,163,96,67,19.189725,0,ok,logs/seed_509668.log
715759,baseline,NHEFT,1,0.0,0,0,0,1.1917,1.4034,2.5951,534.4240999999994,15.8758,5,3,64,473,473,0,110.61879999999998,3.2861,38,9,255,116,55,61,70.18364445360288,2.0849,54,13,322,183,103,80,26.742954,0,ok,logs/seed_715759.log
34130,baseline,NHEFT,1,0.0,0,0,0,1.2145,1.3125,2.527,511.8416999999983,13.2992,4,2,59,461,461,0,96.73709999999998,2.5135,37,8,260,96,48,48,63.397512744972985,1.6473,55,12,321,165,95,70,24.995469,0,ok,logs/seed_34130.log
439635,baseline,NHEFT,1,0.0,0,0,0,1.176,1.2143,2.3903,616.0004999999986,19.7033,4,2,38,440,440,0,86.25320000000002,2.7589,30,7,214,93,50,43,62.4751027959528,1.9983,45,11,316,160,89,71,20.06992,0,ok,logs/seed_439635.log
353714,baseline,NHEFT,1,0.0,0,0,0,1.339,1.1196,2.4586,814.4641999999986,23.0896,5,3,30,486,486,0,99.31750000000002,2.8156,21,6,198,73,49,24,64.68219956579303,1.8337,46,12,310,158,89,69,20.589698,0,ok,logs/seed_353714.log
844934,baseline,NHEFT,1,0.0,0,0,0,1.1845,1.385,2.5695,591.972400000001,14.9549,4,2,44,445,445,0,98.68569999999998,2.4931,34,10,250,95,48,47,65.77363057142858,1.6616,42,10,309,155,78,77,20.507965,0,ok,logs/seed_844934.log
960763,baseline,NHEFT,1,0.0,0,0,0,1.2824,1.1501,2.4325,528.6520999999996,15.3881,4,2,62,456,456,0,96.1996,2.8002,30,8,267,100,49,51,61.10849246231155,1.7788,45,10,306,158,90,68,19.670807,0,ok,logs/seed_960763.log
659657,baseline,NHEFT,1,0.0,0,0,0,1.1619,1.1393,2.3012,941.4758999999998,17.1624,5,4,44,417,417,0,129.22639999999998,2.3557,36,8,235,113,45,68,78.9674901966759,1.4395,45,10,285,147,84,63,17.756063,0,ok,logs/seed_659657.log
938087,baseline,NHEFT,1,0.0,0,0,0,1.1967,1.364,2.5607,843.5049000000001,23.5192,4,3,44,470,470,0,132.24509999999995,3.6874,32,10,238,106,44,62,94.42089124390243,2.6327,36,9,307,148,88,60,19.056345,0,ok,logs/seed_938087.log
430630,baseline,NHEFT,1,0.0,0,0,0,1.2594,1.143,2.4024,530.5996999999998,13.1356,5,2,48,451,451,0,84.03779999999998,2.0805,35,10,258,102,48,54,69.20177523316278,1.7132,51,13,314,174,97,77,19.942714,0,ok,logs/seed_430630.log
450588,baseline,NHEFT,1,0.0,0,0,0,1.2159,1.0637,2.2796,641.9787000000015,19.1231,5,3,45,458,458,0,96.41010000000003,2.8718,35,8,239,97,43,54,63.628584460358915,1.8954,47,10,314,146,82,64,14.837112,0,ok,logs/seed_450588.log
324937,baseline,NHEFT,1,0.0,0,0,0,1.0202,1.0437,2.0639,601.2395999999998,8.7522,5,2,51,465,465,0,125.71040000000002,1.83,33,10,241,109,50,59,90.18486022872301,1.3128,46,12,315,171,100,71,27.083838,0,ok,logs/seed_324937.log
220568,baseline,NHEFT,1,0.0,0,0,0,1.0582,0.9736,2.0318,557.2144000000003,10.9601,4,2,55,472,472,0,98.9975,1.9472,33,9,249,111,54,57,67.00841818727565,1.318,38,10,312,153,95,58,23.518771,0,ok,logs/seed_220568.log
143411,baseline,NHEFT,1,0.0,0,0,0,1.1579,1.4193,2.5772,595.3772999999986,12.1839,3,2,42,467,467,0,98.35519999999997,2.0128,36,8,246,98,45,53,72.21044555357813,1.4777,42,10,304,145,84,61,22.022505,0,ok,logs/seed_143411.log
578644,baseline,NHEFT,1,0.0,0,0,0,1.1291,1.0739,2.203,800.7843999999991,20.2536,4,2,33,470,470,0,92.12389999999999,2.33,31,8,229,92,45,47,65.85036457740831,1.6655,44,10,316,147,94,53,22.980128,0,ok,logs/seed_578644.log
411421,baseline,NHEFT,1,0.0,0,0,0,1.2069,1.1633,2.3702,645.6956999999994,17.9321,4,2,43,465,465,0,101.63769999999997,2.8227,39,10,251,110,41,69,72.4876703770903,2.0131,47,13,302,149,95,54,20.272552,0,ok,logs/seed_411421.log
332843,baseline,NHEFT,1,0.0,0,0,0,1.1659,1.0378,2.2037,594.4750000000007,13.477,4,2,50,469,469,0,101.8178,2.3083,36,8,280,127,49,78,68.98074892086332,1.5638,49,13,326,168,101,67,26.498299,0,ok,logs/seed_332843.log
2159,baseline,NHEFT,1,0.0,0,0,0,1.1722,1.0819,2.2541,531.4909000000002,14.2918,6,3,71,454,454,0,101.94920000000002,2.7414,36,11,277,118,43,75,63.540701,1.7086,42,11,303,156,88,68,18.129632,0,ok,logs/seed_2159.log
816107,baseline,NHEFT,1,0.0,0,0,0,1.1794,1.2722,2.4516,703.1146999999988,16.9649,3,2,42,454,454,0,111.3366,2.6864,30,8,240,83,44,39,77.343364003663,1.8662,51,12,312,173,91,82,23.218659,0,ok,logs/seed_816107.log
373934,baseline,NHEFT,1,0.0,0,0,0,1.3092,1.1766,2.4858,667.2936999999997,18.8615,5,3,53,461,461,0,109.91120000000001,3.1067,37,10,263,119,47,72,70.88194561763949,2.0035,54,13,323,178,110,68,22.164394,0,ok,logs/seed_373934.log
824212,baseline,NHEFT,1,0.0,0,0,0,1.2513,1.1508,2.4021,550.2815,13.8037,4,2,50,417,417,0,87.78229999999999,2.202,45,9,263,104,50,54,70.3243119610764,1.7641,49,11,283,150,97,53,15.777516,0,ok,logs/seed_824212.log
549839,baseline,NHEFT,1,0.0,0,0,0,1.1897,1.0458,2.2355,631.0696000000011,17.5558,3,2,39,442,442,0,95.36129999999999,2.6529,37,12,218,118,41,77,56.73264701986755,1.5782,37,10,275,133,75,58,14.234267,0,ok,logs/seed_549839.log
17250,baseline,NHEFT,1,0.0,0,0,0,1.2108,1.0899,2.3007,972.1519999999999,26.454,3,3,41,448,448,0,107.02550000000001,2.9124,33,8,257,80,43,37,72.75571834319527,1.9798,47,10,314,154,96,58,7.011366,0,ok,logs/seed_17250.log
644403,baseline,NHEFT,1,0.0,0,0,0,1.1394,0.9139,2.0533,647.9986999999999,13.24,4,2,48,476,476,0,92.72649999999999,1.8946,37,10,246,107,49,58,65.18960714905151,1.332,42,11,315,147,104,43,19.19463,0,ok,logs/seed_644403.log
891331,baseline,NHEFT,1,0.0,0,0,0,1.2461,1.1657,2.4118,546.0204000000002,11.2286,5,2,44,473,473,0,87.0451,1.79,33,7,264,97,52,45,62.95763335354761,1.2947,46,12,307,163,98,65,21.908618,0,ok,logs/seed_891331.log
541033,baseline,NHEFT,1,0.0,0,0,0,1.2271,1.15,2.3771,657.3210000000008,15.5755,3,2,42,452,452,0,92.26370000000001,2.1862,34,8,236,95,50,45,69.83526157553051,1.6548,37,10,302,155,96,59,22.06463,0,ok,logs/seed_541033.log
711521,baseline,NHEFT,1,0.0,0,0,0,1.1776,1.0259,2.2035,509.55289999999934,12.4646,4,2,55,447,447,0,96.9026,2.3704,42,10,266,121,45,76,65.96684285714286,1.6137,43,9,303,141,94,47,19.652188,0,ok,logs/seed_711521.log
725265,baseline,NHEFT,1,0.0,0,0,0,1.1114,0.842,1.9534,590.6974,10.9796,5,2,53,480,480,0,92.5969,1.7212,42,9,289,115,47,68,66.8856075184788,1.2432,50,10,344,154,100,54,20.886434,0,ok,logs/seed_725265.log
793509,baseline,NHEFT,1,0.0,0,0,0,1.1151,1.1313,2.2464,599.4180999999994,20.0719,4,2,50,460,460,0,98.60300000000001,3.3018,28,9,233,91,47,44,61.98232675814752,2.0755,37,11,295,141,94,47,19.653907,0,ok,logs/seed_793509.log
417817,baseline,NHEFT,1,0.0,0,0,0,1.1053,1.2085,2.3138,579.3272000000003,16.446,5,3,63,469,469,0,101.4693,2.8805,34,8,270,91,52,39,72.48946089304813,2.0578,46,12,302,149,92,57,23.149002,0,ok,logs/seed_417817.log
603228,baseline,NHEFT,1,0.0,0,0,0,1.251,1.2519,2.5029,705.8226000000006,21.9478,5,4,65,447,447,0,109.8157,3.4148,39,11,236,109,38,71,78.31470300000001,2.4352,42,9,298,132,85,47,21.733032,0,ok,logs/seed_603228.log
21177,baseline,NHEFT,1,0.0,0,0,0,1.1575,1.0238,2.1813,752.6012000000007,21.2208,5,3,42,450,450,0,108.50599999999997,3.0595,29,9,211,99,56,43,64.0230746296959,1.8052,42,11,293,151,96,55,21.662189,0,ok,logs/seed_21177.log
307954,baseline,NHEFT,1,0.0,0,0,0,1.1412,1.2677,2.4089,660.5896000000004,12.9742,4,2,44,458,458,0,101.3668,1.9909,29,7,244,87,50,37,78.74636867676769,1.5466,38,10,306,136,91,45,21.542155,0,ok,logs/seed_307954.log
527286,baseline,NHEFT,1,0.0,0,0,0,1.4327,1.3843,2.817,560.4203,13.581,4,2,44,447,447,0,93.04920000000004,2.2549,35,7,241,82,47,35,62.17806016641901,1.5068,43,10,309,123,76,47,17.925386,0,ok,logs/seed_527286.log
199889,baseline,NHEFT,1,0.0,0,0,0,1.1575,1.1652,2.3227,773.4276999999984,20.9598,6,3,56,422,422,0,107.78589999999998,2.921,39,9,231,100,49,51,62.75885223062899,1.7008,45,10,285,136,88,48,19.214277,0,ok,logs/seed_199889.log
364276,baseline,NHEFT,1,0.0,0,0,0,1.0944,0.9881,2.0825,558.5645000000006,16.887,4,2,59,448,448,0,92.4508,2.7951,39,11,253,109,51,58,74.26225423728813,2.2452,55,14,312,167,94,73,22.100828,0,ok,logs/seed_364276.log
68246,baseline,NHEFT,1,0.0,0,0,0,1.1381,0.9666,2.1047,546.8479000000009,16.1671,4,2,43,429,429,0,108.05220000000001,3.1945,28,10,205,105,44,61,62.369936608735145,1.8439,37,9,284,152,91,61,18.59915,0,ok,logs/seed_68246.log
238033,baseline,NHEFT,1,0.0,0,0,0,1.066,0.9938,2.0598,666.7509000000005,15.0668,3,2,42,440,440,0,105.78980000000003,2.3906,34,12,233,116,53,63,67.267451119284,1.5201,34,9,285,151,97,54,18.741974,0,ok,logs/seed_238033.log
220944,baseline,NHEFT,1,0.0,0,0,0,1.1351,1.0134,2.1485,561.9675,14.1085,7,4,84,486,486,0,110.2332,2.7675,42,11,287,134,50,84,84.21111707317074,2.1142,53,14,325,186,117,69,24.835035,0,ok,logs/seed_220944.log
891582,baseline,NHEFT,1,0.0,0,0,0,1.094,0.8988,1.9928,613.3679999999998,16.7094,3,2,42,466,466,0,93.13349999999998,2.5372,40,12,232,124,47,77,58.004784981822326,1.5802,46,13,307,170,101,69,22.91801,0,ok,logs/seed_891582.log
782412,baseline,NHEFT,1,0.0,0,0,0,1.4108,1.6463,3.0571,522.5707999999998,16.6732,5,2,52,451,451,0,91.2069,2.9101,38,11,263,124,53,71,61.101934624272786,1.9495,45,12,311,165,92,73,21.357273,0,ok,logs/seed_782412.log
272720,baseline,NHEFT,1,0.0,0,0,0,1.1343,0.9485,2.0828,865.5059999999984,23.7079,5,3,44,468,468,0,110.1131,3.0162,36,12,255,118,44,74,76.30936336162362,2.0903,44,12,322,156,93,63,18.010344,0,ok,logs/seed_272720.log
992708,baseline,NHEFT,1,0.0,0,0,0,1.115,1.2011,2.3161,605.4843999999986,16.9259,5,3,61,452,452,0,95.78229999999999,2.6775,39,9,270,104,49,55,69.28745285145482,1.9369,42,9,309,144,90,54,19.61066,0,ok,logs/seed_992708.log
30644,baseline,NHEFT,1,0.0,0,0,0,1.2452,1.1559,2.4011,591.3763000000009,16.8061,5,2,45,446,446,0,94.60799999999995,2.6886,35,10,236,109,44,65,59.19507714468864,1.6822,51,12,303,147,82,65,18.003296,0,ok,logs/seed_30644.log
921837,baseline,NHEFT,1,0.0,0,0,0,1.366,1.2128,2.5788,525.8457000000009,14.321,4,2,43,444,444,0,84.62469999999999,2.3047,34,11,232,96,43,53,59.77444929364633,1.6279,48,12,318,160,102,58,21.999739,0,ok,logs/seed_921837.log
920979,baseline,NHEFT,1,0.0,0,0,0,1.3075,1.0595,2.367,782.7816000000015,22.0913,5,3,53,471,471,0,111.49110000000002,3.1464,42,11,261,130,51,79,61.36297207438016,1.7318,46,11,330,153,96,57,19.539783,0,ok,logs/seed_920979.log
642755,baseline,NHEFT,1,0.0,0,0,0,1.2742,1.0862,2.3604,583.1602999999998,15.9122,6,3,56,459,459,0,94.74550000000002,2.5852,28,6,242,75,42,33,73.33249074216353,2.001,46,9,307,158,96,62,20.572701,0,ok,logs/seed_642755.log
43741,baseline,NHEFT,1,0.0,0,0,0,1.3035,1.1977,2.5012,836.9346999999992,23.5599,4,2,28,458,458,0,98.28439999999999,2.7667,31,9,218,105,42,63,71.1152131051559,2.0019,46,12,293,142,82,60,23.117389,0,ok,logs/seed_43741.log
254302,baseline,NHEFT,1,0.0,0,0,0,1.2844,1.5421,2.8265,715.6628000000009,19.694,5,3,63,456,456,0,107.15929999999997,2.9489,40,12,284,117,36,81,81.87536703773586,2.2531,41,10,305,150,94,56,20.938274,0,ok,logs/seed_254302.log
53196,baseline,NHEFT,1,0.0,0,0,0,1.2315,1.1996,2.4311,539.9012999999991,14.2783,8,4,72,474,474,0,100.03000000000002,2.6454,33,12,240,121,52,69,66.50161323957735,1.7587,32,9,301,143,86,57,20.076209,0,ok,logs/seed_53196.log
601808,baseline,NHEFT,1,0.0,0,0,0,1.0933,1.1326,2.2259,525.0659000000009,12.3564,4,2,43,452,452,0,80.9708,1.9055,34,8,239,83,48,35,60.744150018281786,1.4295,36,9,286,117,75,42,22.464899,0,ok,logs/seed_601808.log
832225,baseline,NHEFT,1,0.0,0,0,0,1.2892,1.061,2.3502,546.503799999999,15.5334,5,3,50,458,458,0,87.43949999999998,2.4853,31,7,258,99,52,47,60.64555822328932,1.7237,53,12,319,163,94,69,20.675308,0,ok,logs/seed_832225.log
582446,baseline,NHEFT,1,0.0,0,0,0,1.0243,0.9085,1.9328,717.9940000000001,18.5058,5,3,61,463,463,0,122.00960000000002,3.1447,48,14,287,145,50,95,96.27433833133433,2.4814,45,10,321,152,100,52,19.79691,0,ok,logs/seed_582446.log
538445,baseline,NHEFT,1,0.0,0,0,0,1.2266,1.4084,2.635,650.1593000000005,17.0156,4,2,48,456,456,0,112.1763,2.9358,35,8,242,101,51,50,75.11908518518518,1.966,40,10,279,133,89,44,23.986065,0,ok,logs/seed_538445.log
323662,baseline,NHEFT,1,0.0,0,0,0,1.22,1.427,2.647,806.2260000000006,24.8439,4,2,43,506,506,0,115.56219999999998,3.5611,32,10,252,105,48,57,73.17429369930787,2.2549,51,13,335,197,91,106,16.53059,0,ok,logs/seed_323662.log
361331,baseline,NHEFT,1,0.0,0,0,0,1.1583,1.4134,2.5717,616.9477999999991,16.6762,4,2,43,455,455,0,92.02610000000001,2.4875,40,11,250,101,44,57,70.05246812386157,1.8935,41,12,299,145,82,63,15.62067,0,ok,logs/seed_361331.log
139576,baseline,NHEFT,1,0.0,0,0,0,1.2188,1.2899,2.5087,680.8334999999987,17.4359,5,3,53,457,457,0,98.43159999999997,2.5208,38,10,259,102,46,56,72.65673476836157,1.8607,47,11,293,144,82,62,14.273566,0,ok,logs/seed_139576.log
802985,baseline,NHEFT,1,0.0,0,0,0,1.2894,1.5031,2.7925,608.9390000000005,13.961,3,2,42,451,451,0,109.421,2.5087,22,8,211,108,52,56,77.56170927021697,1.7782,29,10,251,134,88,46,15.987162,0,ok,logs/seed_802985.log
801777,baseline,NHEFT,1,0.0,0,0,0,1.116,1.1829,2.2989,572.7848999999997,17.8788,3,2,40,454,454,0,94.50019999999998,2.9497,35,8,241,102,48,54,59.90413077777777,1.8698,52,12,309,141,86,55,15.63746,0,ok,logs/seed_801777.log
340074,baseline,NHEFT,1,0.0,0,0,0,1.1417,0.9622,2.1039,800.1864000000008,20.7186,4,2,43,464,464,0,109.79820000000001,2.8429,39,14,252,131,45,86,67.42879656071511,1.7459,59,14,325,179,108,71,18.166661,0,ok,logs/seed_340074.log
850648,baseline,NHEFT,1,0.0,0,0,0,1.1183,0.8872,2.0055,736.2992999999999,12.3357,9,4,72,478,478,0,102.30829999999997,1.714,39,8,268,99,41,58,106.73749353731343,1.7882,42,10,306,152,95,57,13.783257,0,ok,logs/seed_850648.log
332271,baseline,NHEFT,1,0.0,0,0,0,1.2479,1.3222,2.5701,624.2584999999976,18.7175,4,2,50,494,494,0,98.7753,2.9616,43,14,280,132,48,84,82.41092666412214,2.471,40,10,331,153,90,63,14.274598,0,ok,logs/seed_332271.log
389750,baseline,NHEFT,1,0.0,0,0,0,1.2499,1.1348,2.3847,574.2508999999997,15.3049,5,2,59,469,469,0,99.61459999999998,2.6549,38,10,262,116,48,68,67.24911719357394,1.7923,49,11,307,162,107,55,14.508153,0,ok,logs/seed_389750.log
798169,baseline,NHEFT,1,0.0,0,0,0,1.2666,1.2998,2.5664,658.8670000000006,18.2906,3,2,42,433,433,0,106.71389999999998,2.9625,37,10,235,97,45,52,71.71955347966892,1.991,50,12,303,158,90,68,13.611328,0,ok,logs/seed_798169.log
297853,baseline,NHEFT,1,0.0,0,0,0,1.1491,1.0236,2.1727,755.2055000000009,17.7746,4,3,44,490,490,0,105.36180000000002,2.4798,31,9,226,103,44,59,60.775197790055245,1.4304,44,13,307,151,90,61,16.531179,0,ok,logs/seed_297853.log
579634,baseline,NHEFT,1,0.0,0,0,0,1.2537,1.1721,2.4258,765.6432999999997,17.7543,3,2,50,466,466,0,110.30969999999999,2.5579,34,12,237,109,47,62,63.378982985553776,1.4697,40,12,303,137,90,47,21.542557,0,ok,logs/seed_579634.log
345486,baseline,NHEFT,1,0.0,0,0,0,1.2347,1.2635,2.4982,660.3191000000012,23.5731,4,3,43,455,455,0,98.13250000000001,3.5033,28,8,224,87,50,37,66.45123521052632,2.3723,40,9,291,143,83,60,19.31401,0,ok,logs/seed_345486.log
345064,baseline,NHEFT,1,0.0,0,0,0,1.2315,1.4986,2.7301,669.0312000000015,16.8125,5,3,63,442,442,0,117.17510000000001,2.9446,35,7,251,100,37,63,94.2382361826793,2.3682,40,10,285,151,89,62,17.892227,0,ok,logs/seed_345064.log
956254,baseline,NHEFT,1,0.0,0,0,0,1.2257,1.0211,2.2468,664.8842999999999,18.2035,4,2,45,448,448,0,101.64480000000002,2.7829,39,9,245,124,49,75,69.54970325203251,1.9042,38,11,299,144,91,53,19.884206,0,ok,logs/seed_956254.log
84361,baseline,NHEFT,1,0.0,0,0,0,1.0743,1.0825,2.1568,517.8635000000004,11.0417,4,2,62,432,432,0,95.63340000000001,2.0391,43,10,275,126,51,75,65.9913048038038,1.407,48,12,300,157,86,71,21.58726,0,ok,logs/seed_84361.log
496940,baseline,NHEFT,1,0.0,0,0,0,1.0622,1.1073,2.1695,550.7033,11.9706,4,2,50,461,461,0,95.90159999999999,2.0846,28,7,249,92,47,45,69.78889898336412,1.517,34,10,281,121,81,40,19.919294,0,ok,logs/seed_496940.log
898042,baseline,NHEFT,1,0.0,0,0,0,1.0094,0.9293,1.9387,583.5518000000003,13.9266,5,2,48,445,445,0,88.7867,2.1189,30,6,251,82,49,33,67.11698932394367,1.6018,45,10,317,157,105,52,20.96643,0,ok,logs/seed_898042.log
653358,baseline,NHEFT,1,0.0,0,0,0,1.1158,1.0969,2.2127,538.0829000000003,12.3545,4,2,54,444,444,0,97.82600000000002,2.2461,35,8,245,110,50,60,61.06019659781289,1.402,55,13,320,174,99,75,22.645745,0,ok,logs/seed_653358.log
400544,baseline,NHEFT,1,0.0,0,0,0,1.242,1.2079,2.4499,470.80979999999875,10.854,5,2,44,419,419,0,93.27639999999995,2.1504,23,6,214,84,45,39,76.45792213728446,1.7627,49,12,290,187,106,81,19.548338,0,ok,logs/seed_400544.log
242184,baseline,NHEFT,1,0.0,0,0,0,1.2961,1.2457,2.5418,735.5106000000015,23.041,6,3,48,477,477,0,105.1338,3.2935,27,7,216,98,51,47,73.00689678026282,2.2871,43,11,301,159,80,79,17.474568,0,ok,logs/seed_242184.log
393637,baseline,NHEFT,1,0.0,0,0,0,1.2605,1.3555,2.616,765.0914999999987,17.3937,4,2,43,454,454,0,115.6937,2.6302,40,11,230,99,42,57,69.3241049852807,1.576,42,10,302,148,87,61,13.979643,0,ok,logs/seed_393637.log
995508,baseline,NHEFT,1,0.0,0,0,0,1.2593,1.1731,2.4324,708.1541999999993,18.6186,3,2,42,472,472,0,109.37739999999998,2.8757,30,8,200,95,49,46,63.81138021635435,1.6777,36,10,285,134,88,46,10.440735,0,ok,logs/seed_995508.log
243653,baseline,NHEFT,1,0.0,0,0,0,1.2027,1.4092,2.6119,627.5491999999998,18.4193,4,2,43,469,469,0,106.93500000000002,3.1387,37,10,252,110,51,59,75.32468766603417,2.2109,42,11,306,151,92,59,10.063844,0,ok,logs/seed_243653.log
343514,baseline,NHEFT,1,0.0,0,0,0,1.1272,1.1679,2.2951,726.0832999999999,17.3934,3,2,42,469,469,0,123.42439999999999,2.9566,29,9,231,120,50,70,65.6845954640523,1.5735,40,10,304,162,87,75,7.961999,0,ok,logs/seed_343514.log
411929,baseline,NHEFT,1,0.0,0,0,0,1.1543,1.2572,2.4115,613.4018000000009,16.3692,4,2,57,445,445,0,114.64090000000003,3.0593,25,7,235,88,42,46,68.59875585047713,1.8306,43,11,299,151,81,70,8.182995,0,ok,logs/seed_411929.log
668641,baseline,NHEFT,1,0.0,0,0,0,1.2103,1.0812,2.2915,678.9343999999994,14.4459,4,2,43,463,463,0,100.08379999999998,2.1295,36,10,244,93,42,51,78.38206215823593,1.6678,40,10,309,138,87,51,8.631869,0,ok,logs/seed_668641.log
20187,baseline,NHEFT,1,0.0,0,0,0,1.238,1.5604,2.7984,654.5116999999991,18.9037,3,2,41,469,469,0,94.22689999999999,2.7215,31,11,229,118,50,68,67.53691354092527,1.9506,36,10,292,143,90,53,8.436215,0,ok,logs/seed_20187.log
658023,baseline,NHEFT,1,0.0,0,0,0,1.1738,1.2278,2.4016,620.1455,14.8385,5,3,45,437,437,0,93.7944,2.2443,31,7,231,73,45,28,65.1512150554675,1.5589,43,11,295,143,87,56,6.849833,0,ok,logs/seed_658023.log
846287,baseline,NHEFT,1,0.0,0,0,0,1.2407,1.287,2.5277,886.9614999999999,31.0896,4,3,31,463,463,0,113.41089999999998,3.9753,31,9,216,88,48,40,70.37288497412479,2.4667,39,11,270,122,77,45,7.427974,0,ok,logs/seed_846287.log
347153,baseline,NHEFT,1,0.0,0,0,0,1.242,1.469,2.711,649.0497999999993,16.6954,3,2,42,481,481,0,100.2808,2.5795,31,10,249,103,50,53,68.10957715355806,1.752,44,11,312,169,100,69,8.977885,0,ok,logs/seed_347153.log
891181,baseline,NHEFT,1,0.0,0,0,0,1.2751,1.0857,2.3608,590.0105000000017,15.272,4,2,46,461,461,0,83.2109,2.1538,34,9,261,98,45,53,68.37553325554259,1.7698,45,10,312,136,90,46,7.852771,0,ok,logs/seed_891181.log
937433,baseline,NHEFT,1,0.0,0,0,0,1.005,1.0449,2.0499,488.17230000000086,11.8361,5,2,65,441,441,0,90.1869,2.1867,38,11,268,128,42,86,91.96139776951672,2.2297,51,12,312,180,118,62,8.541255,0,ok,logs/seed_937433.log
489777,baseline,NHEFT,1,0.0,0,0,0,1.1772,1.1169,2.2941,741.5525000000002,15.9724,4,2,43,447,447,0,104.0937,2.2421,36,11,246,113,45,68,75.1407,1.6185,43,11,301,149,90,59,9.703999,0,ok,logs/seed_489777.log
248415,baseline,NHEFT,1,0.0,0,0,0,1.1157,1.0768,2.1925,673.0810999999994,16.8725,3,2,51,454,454,0,97.2516,2.4379,44,11,252,120,58,62,68.68495924975431,1.7218,42,10,295,136,83,53,9.597341,0,ok,logs/seed_248415.log
552234,baseline,NHEFT,1,0.0,0,0,0,1.2291,1.326,2.5551,777.2174999999992,19.9135,5,3,47,446,446,0,115.75800000000001,2.9659,31,10,212,108,52,56,62.647180001721175,1.6051,36,10,268,139,82,57,7.129505,0,ok,logs/seed_552234.log
660822,baseline,NHEFT,1,0.0,0,0,0,1.3115,0.9564,2.2679,644.4590000000018,17.463,4,3,39,425,425,0,91.3279,2.4747,38,12,233,109,48,61,61.26422927272726,1.6601,37,10,258,122,75,47,7.713095,0,ok,logs/seed_660822.log
899646,baseline,NHEFT,1,0.0,0,0,0,1.2004,1.29,2.4904,556.6714999999996,13.6338,6,3,69,457,457,0,97.97130000000001,2.3995,35,10,259,108,50,58,73.1172491266782,1.7908,47,10,305,151,98,53,14.097429,0,ok,logs/seed_899646.log
657048,baseline,NHEFT,1,0.0,0,0,0,1.0519,1.2317,2.2836,718.6229000000003,16.8218,3,2,41,447,447,0,109.74969999999998,2.5691,37,10,214,94,48,46,73.84982642725437,1.7287,47,14,311,179,91,88,16.721951,0,ok,logs/seed_657048.log
519203,baseline,NHEFT,1,0.0,0,0,0,1.2707,1.3187,2.5894,682.2235999999997,16.8408,4,2,52,454,454,0,105.725,2.6098,37,8,267,99,44,55,76.42875570032572,1.8867,43,10,304,157,100,57,17.774848,0,ok,logs/seed_519203.log
198049,baseline,NHEFT,1,0.0,0,0,0,1.0555,1.0582,2.1137,620.2007999999994,17.4839,5,3,52,488,488,0,87.61310000000002,2.4699,40,8,252,100,58,42,68.84854025934739,1.9409,45,11,314,133,90,43,20.578794,0,ok,logs/seed_198049.log
690757,baseline,NHEFT,1,0.0,0,0,0,1.1081,1.2503,2.3584,680.5829000000003,15.0752,4,2,49,477,477,0,110.1962,2.4409,43,13,292,127,51,76,78.41577963338005,1.7369,50,11,330,165,102,63,20.001182,0,ok,logs/seed_690757.log
402947,baseline,NHEFT,1,0.0,0,0,0,1.2577,1.385,2.6427,923.6932999999984,29.8449,3,3,34,456,456,0,103.24489999999997,3.3359,32,10,214,86,42,44,71.20488185106383,2.3007,47,12,311,175,100,75,16.609782,0,ok,logs/seed_402947.log
556081,baseline,NHEFT,1,0.0,0,0,0,1.2158,1.4037,2.6195,663.6385000000009,17.6496,3,2,42,460,460,0,86.7988,2.3084,36,7,266,87,48,39,66.13528643756295,1.7589,52,12,312,145,84,61,23.12869,0,ok,logs/seed_556081.log
934188,baseline,NHEFT,1,0.0,0,0,0,1.1346,1.0979,2.2325,609.3994999999999,13.6732,4,2,43,458,458,0,96.37029999999999,2.1623,41,12,258,119,48,71,69.23884456435643,1.5535,59,14,308,173,98,75,25.971368,0,ok,logs/seed_934188.log
123970,baseline,NHEFT,1,0.0,0,0,0,1.2518,1.1084,2.3602,667.7055000000005,17.1196,3,2,40,445,445,0,105.21379999999999,2.6976,31,11,223,120,47,73,77.85610476190477,1.9962,45,13,321,152,100,52,22.559994,0,ok,logs/seed_123970.log
518181,baseline,NHEFT,1,0.0,0,0,0,1.3358,1.121,2.4568,936.193100000001,23.2312,4,4,47,461,461,0,109.75740000000003,2.7236,40,11,233,106,46,60,66.8970730140845,1.66,44,10,316,160,95,65,21.741791,0,ok,logs/seed_518181.log
399989,baseline,NHEFT,1,0.0,0,0,0,1.1123,1.1768,2.2891,645.1867000000008,16.5139,4,2,47,454,454,0,99.41870000000002,2.5447,36,9,259,110,50,60,72.3464734137931,1.8517,48,10,312,158,99,59,17.991984,0,ok,logs/seed_399989.log
901771,baseline,NHEFT,1,0.0,0,0,0,1.3023,1.0186,2.3209,696.7433000000012,18.4325,3,2,42,467,467,0,97.48319999999998,2.5789,38,12,251,124,55,69,60.731768341998425,1.6067,38,10,300,138,97,41,21.835661,0,ok,logs/seed_901771.log
775491,baseline,NHEFT,1,0.0,0,0,0,1.2422,1.1417,2.3839,705.7474000000004,19.4173,3,2,42,462,462,0,102.52130000000002,2.8207,26,6,236,67,43,24,70.27312435970595,1.9334,53,12,342,160,95,65,23.401896,0,ok,logs/seed_775491.log
925874,baseline,NHEFT,1,0.0,0,0,0,1.0742,1.0484,2.1226,535.2239999999986,12.9316,4,2,52,469,469,0,87.39419999999998,2.1115,39,9,277,112,49,63,62.47310810659897,1.5094,50,11,335,139,85,54,20.600975,0,ok,logs/seed_925874.log
298914,baseline,NHEFT,1,0.0,0,0,0,1.3614,1.4503,2.8117,689.6185000000002,18.7794,3,2,40,476,476,0,91.6248,2.4951,29,7,239,83,44,39,66.72058378045932,1.8169,50,14,326,159,89,70,23.219253,0,ok,logs/seed_298914.log
769242,baseline,NHEFT,1,0.0,0,0,0,1.2036,1.3374,2.541,500.9441000000015,12.8906,4,2,51,459,459,0,78.42960000000001,2.0182,34,8,260,82,44,38,65.96026936860669,1.6973,47,11,324,152,86,66,17.727866,0,ok,logs/seed_769242.log
884462,baseline,NHEFT,1,0.0,0,0,0,1.1379,1.1387,2.2766,573.9742000000011,14.0963,4,2,51,456,456,0,97.71969999999997,2.3999,30,8,250,100,46,54,61.38438991479631,1.5075,38,10,304,144,82,62,9.747899,0,ok,logs/seed_884462.log
948968,baseline,NHEFT,1,0.0,0,0,0,1.2341,1.4655,2.6996,656.0455999999997,16.3643,4,2,52,478,478,0,125.34119999999996,3.1265,29,9,228,103,51,52,78.80004299858557,1.9656,48,12,320,161,101,60,24.597913,0,ok,logs/seed_948968.log
237390,baseline,NHEFT,1,0.0,0,0,0,1.1549,1.1203,2.2752,638.6285999999993,13.7943,3,2,42,471,471,0,100.39340000000001,2.1685,34,10,233,111,46,65,65.61470201823282,1.4173,36,10,283,148,90,58,21.863356,0,ok,logs/seed_237390.log
788501,baseline,NHEFT,1,0.0,0,0,0,1.1227,1.163,2.2857,1277.040899999999,36.0017,3,3,32,462,462,0,150.6799000000001,4.2479,34,12,217,117,40,77,95.04075878687607,2.6793,37,10,287,142,85,57,22.333968,0,ok,logs/seed_788501.log
841514,baseline,NHEFT,1,0.0,0,0,0,1.1344,0.9535,2.0879,651.8958000000014,17.2798,3,2,42,441,441,0,109.86039999999996,2.9121,34,10,234,113,46,67,66.37056056406998,1.7593,48,11,307,138,77,61,23.142737,0,ok,logs/seed_841514.log
731954,baseline,NHEFT,1,0.0,0,0,0,1.2268,1.3064,2.5332,543.5260999999989,15.3324,3,2,42,458,458,0,75.59520000000002,2.1325,34,8,233,85,45,40,64.94186862559,1.8319,48,11,328,145,85,60,23.012783,0,ok,logs/seed_731954.log
512900,baseline,NHEFT,1,0.0,0,0,0,1.3432,1.0092,2.3524,700.0885000000002,16.7222,6,4,55,460,460,0,97.52449999999999,2.3295,37,9,262,110,52,58,59.60455757610706,1.4237,48,12,314,167,109,58,21.097106,0,ok,logs/seed_512900.log
163797,baseline,NHEFT,1,0.0,0,0,0,1.1315,0.9103,2.0418,527.1147,15.6354,4,2,43,438,438,0,85.11670000000001,2.5248,32,10,221,103,50,53,62.79670780570995,1.8627,44,12,283,136,85,51,17.878395,0,ok,logs/seed_163797.log
411938,baseline,NHEFT,1,0.0,0,0,0,1.2572,1.071,2.3282,689.9954000000004,16.1036,5,3,53,471,471,0,114.48149999999998,2.6719,34,12,232,119,48,71,76.78411488788633,1.792,38,12,282,137,87,50,21.042848,0,ok,logs/seed_411938.log
297875,baseline,NHEFT,1,0.0,0,0,0,1.18,1.2092,2.3892,618.2322999999994,15.7415,4,2,60,489,489,0,97.06989999999999,2.4716,37,8,287,95,48,47,73.8969941747573,1.8816,51,12,342,171,107,64,27.267668,0,ok,logs/seed_297875.log
862431,baseline,NHEFT,1,0.0,0,0,0,1.4246,1.3612,2.7858,686.2529999999985,22.3535,5,3,58,469,469,0,104.60249999999999,3.4072,38,11,255,128,42,86,73.167012878779,2.3833,32,9,314,162,108,54,20.322008,0,ok,logs/seed_862431.log
944164,baseline,NHEFT,1,0.0,0,0,0,1.2514,1.1717,2.4231,492.48870000000096,11.7088,4,2,53,472,472,0,103.1807,2.4531,40,12,243,123,47,76,67.81892862991128,1.6124,37,10,305,158,103,55,19.442193,0,ok,logs/seed_944164.log
593633,baseline,NHEFT,1,0.0,0,0,0,1.3559,1.1693,2.5252,685.591199999999,20.1157,3,2,41,475,475,0,87.27449999999999,2.5607,40,11,253,103,50,53,70.50674355027915,2.0687,40,10,312,135,84,51,23.0019,0,ok,logs/seed_593633.log
49083,baseline,NHEFT,1,0.0,0,0,0,1.2485,1.2097,2.4582,582.2121000000003,16.3482,4,2,45,446,446,0,86.58879999999999,2.4314,32,7,270,96,45,51,62.21646766666667,1.747,36,8,296,131,89,42,17.144622,0,ok,logs/seed_49083.log
511497,baseline,NHEFT,1,0.0,0,0,0,1.1563,0.9375,2.0938,539.6430999999998,17.6784,4,2,45,481,481,0,87.02659999999997,2.8509,36,9,258,100,50,50,59.12397595673207,1.9369,45,12,315,147,89,58,22.248563,0,ok,logs/seed_511497.log
332550,baseline,NHEFT,1,0.0,0,0,0,1.1804,1.0116,2.192,555.7379000000006,10.8171,4,2,43,436,436,0,95.18209999999999,1.8527,33,8,240,100,53,47,73.47263043375081,1.4301,37,10,293,141,91,50,19.652988,0,ok,logs/seed_332550.log
179506,baseline,NHEFT,1,0.0,0,0,0,1.282,1.4687,2.7507,576.0821000000012,18.2014,4,2,38,444,444,0,80.85339999999998,2.5546,28,7,208,81,46,35,72.06286586315456,2.2768,51,12,306,173,100,73,20.267792,0,ok,logs/seed_179506.log
103680,baseline,NHEFT,1,0.0,0,0,0,1.157,1.1837,2.3407,596.2328000000005,14.0081,4,2,51,471,471,0,108.5046,2.5493,35,8,241,109,48,61,70.23211655065501,1.6501,42,10,319,160,93,67,22.392573,0,ok,logs/seed_103680.log
109216,baseline,NHEFT,1,0.0,0,0,0,1.0621,1.0407,2.1028,523.917000000001,13.3042,4,2,54,466,466,0,116.38229999999996,2.9554,41,11,233,117,49,68,73.10352060735725,1.8564,45,13,304,165,96,69,24.5084,0,ok,logs/seed_109216.log
344612,baseline,NHEFT,1,0.0,0,0,0,1.1477,1.0421,2.1898,487.04090000000144,13.0879,4,2,46,459,459,0,80.45449999999998,2.162,34,8,247,97,51,46,64.24588410165127,1.7264,41,10,291,126,82,44,22.101058,0,ok,logs/seed_344612.log
919045,baseline,NHEFT,1,0.0,0,0,0,1.0478,0.9559,2.0037,504.42249999999945,11.0845,4,2,57,433,433,0,96.3214,2.1166,33,10,226,109,54,55,66.72188528008519,1.4662,45,11,289,145,94,51,20.480862,0,ok,logs/seed_919045.log
478565,baseline,NHEFT,1,0.0,0,0,0,1.2022,1.0656,2.2678,643.5062999999996,17.4003,4,2,43,440,440,0,91.031,2.4615,37,11,224,96,46,50,59.09474915857911,1.5979,42,10,273,118,77,41,18.932909,0,ok,logs/seed_478565.log
473670,baseline,NHEFT,1,0.0,0,0,0,1.1002,1.209,2.3092,788.2367999999991,23.5191,4,2,26,462,462,0,97.9871,2.9237,28,6,224,85,51,34,68.46545113978878,2.0428,43,11,302,150,91,59,21.687161,0,ok,logs/seed_473670.log
175136,baseline,NHEFT,1,0.0,0,0,0,1.1229,0.9897,2.1126,537.9757999999999,13.0271,8,3,69,471,471,0,100.113,2.4242,39,11,280,123,48,75,71.0150303030303,1.7196,48,13,334,159,94,65,24.421747,0,ok,logs/seed_175136.log
30661,baseline,NHEFT,1,0.0,0,0,0,1.1207,0.9483,2.069,845.0410000000013,22.0527,4,3,55,459,459,0,120.60100000000003,3.1473,41,12,249,116,51,65,65.789674294486,1.7169,47,11,321,165,104,61,22.849748,0,ok,logs/seed_30661.log
461986,baseline,NHEFT,1,0.0,0,0,0,1.1855,1.0608,2.2463,513.6299999999989,13.6034,5,3,63,463,463,0,90.90470000000002,2.4076,34,10,247,109,52,57,63.66163784908747,1.6861,32,10,292,128,86,42,18.94648,0,ok,logs/seed_461986.log
806917,baseline,NHEFT,1,0.0,0,0,0,1.2102,1.063,2.2732,577.7085,14.5827,4,2,43,442,442,0,95.6146,2.4135,37,11,255,127,55,72,58.254981081081084,1.4705,48,14,297,156,94,62,18.51598,0,ok,logs/seed_806917.log
251935,baseline,NHEFT,1,0.0,0,0,0,1.1888,1.0903,2.2791,496.65490000000057,14.9068,4,2,50,408,408,0,83.36090000000002,2.502,36,11,238,114,42,72,58.379356080432395,1.7522,51,13,289,162,87,75,17.69914,0,ok,logs/seed_251935.log
485053,baseline,NHEFT,1,0.0,0,0,0,1.1631,0.9246,2.0877,557.9052999999989,15.1823,4,2,43,460,460,0,83.95379999999996,2.2846,37,8,251,92,48,44,52.646948703494935,1.4327,42,9,300,131,81,50,22.113244,0,ok,logs/seed_485053.log
766370,baseline,NHEFT,1,0.0,0,0,0,1.2425,1.127,2.3695,557.5146000000011,17.9932,3,2,42,430,430,0,86.05140000000002,2.7772,38,10,224,103,53,50,52.098275950795944,1.6814,39,10,285,133,88,45,17.300641,0,ok,logs/seed_766370.log
229231,baseline,NHEFT,1,0.0,0,0,0,1.2127,0.8822,2.0949,700.9726000000005,14.916,7,3,55,483,483,0,112.97879999999998,2.4041,38,12,245,135,55,80,64.33535645653662,1.369,40,11,313,157,102,55,22.070716,0,ok,logs/seed_229231.log
577471,baseline,NHEFT,1,0.0,0,0,0,1.0622,0.9019,1.9641,500.2593000000006,13.4435,4,2,56,442,442,0,101.66080000000001,2.7319,30,9,235,94,52,42,71.06060178571427,1.9096,45,12,278,132,81,51,17.595156,0,ok,logs/seed_577471.log
37962,baseline,NHEFT,1,0.0,0,0,0,1.2065,1.2726,2.4791,664.7172000000004,13.6499,7,3,59,466,466,0,104.2511,2.1408,33,8,258,88,42,46,69.97242924668814,1.4369,44,10,306,161,90,71,22.907622,0,ok,logs/seed_37962.log
944872,baseline,NHEFT,1,0.0,0,0,0,1.2301,1.2258,2.4559,693.4744000000011,18.1879,4,2,50,497,497,0,100.07729999999998,2.6248,39,14,273,121,43,78,77.13304274074075,2.023,52,12,337,169,76,93,26.50045,0,ok,logs/seed_944872.log
288361,baseline,NHEFT,1,0.0,0,0,0,1.1843,0.9793,2.1636,632.7876000000008,17.4842,3,2,39,430,430,0,83.5185,2.3077,31,9,220,81,41,40,60.082161232604385,1.6601,38,11,283,139,85,54,18.621422,0,ok,logs/seed_288361.log
811804,baseline,NHEFT,1,0.0,0,0,0,1.3686,1.5206,2.8892,612.4442999999984,16.294,4,2,47,449,449,0,103.00409999999997,2.7404,35,7,243,94,50,44,65.83887760617762,1.7516,41,11,313,151,91,60,20.231833,0,ok,logs/seed_811804.log
150312,baseline,NHEFT,1,0.0,0,0,0,1.2298,1.275,2.5048,587.8476999999997,14.2082,4,3,48,458,458,0,92.51359999999995,2.236,28,7,239,78,46,32,66.7710250755287,1.6139,36,9,293,137,90,47,20.226506,0,ok,logs/seed_150312.log
300144,baseline,NHEFT,1,0.0,0,0,0,1.1686,1.0519,2.2205,459.70300000000117,10.8234,4,2,53,460,460,0,84.05160000000001,1.9789,29,10,232,91,37,54,66.71339873417722,1.5707,34,11,289,118,78,40,18.190982,0,ok,logs/seed_300144.log
321546,baseline,NHEFT,1,0.0,0,0,0,1.2042,1.4676,2.6718,863.545600000001,20.6219,4,2,43,444,444,0,131.00820000000002,3.1285,36,11,242,101,51,50,88.01399496402878,2.1018,49,12,312,153,91,62,22.685432,0,ok,logs/seed_321546.log
333826,baseline,NHEFT,1,0.0,0,0,0,1.1203,1.2468,2.3671,629.3965999999992,16.2513,5,2,44,446,446,0,97.4393,2.5159,38,9,249,105,46,59,65.22137018379661,1.684,57,12,319,165,92,73,21.504527,0,ok,logs/seed_333826.log
601923,baseline,NHEFT,1,0.0,0,0,0,1.2486,1.3371,2.5857,700.8922999999994,22.9134,4,2,28,464,464,0,95.376,3.118,32,8,213,99,48,51,62.91878695652174,2.0569,50,12,312,170,88,82,21.509059,0,ok,logs/seed_601923.log
165547,baseline,NHEFT,1,0.0,0,0,0,1.2454,1.1393,2.3847,756.8432999999966,18.4961,4,2,46,468,468,0,106.3999,2.6003,35,10,239,124,44,80,67.97869802229454,1.6613,40,11,320,156,84,72,23.307973,0,ok,logs/seed_165547.log
376387,baseline,NHEFT,1,0.0,0,0,0,1.312,1.0897,2.4017,557.4002999999987,14.3093,4,2,53,439,439,0,91.00599999999999,2.3363,38,10,254,111,50,61,54.354195465220656,1.3954,54,12,315,158,95,63,22.096772,0,ok,logs/seed_376387.log
667407,baseline,NHEFT,1,0.0,0,0,0,1.2365,1.0295,2.266,624.9075999999989,18.6326,3,2,42,448,448,0,95.6797,2.8528,37,12,223,123,51,72,58.46396491729796,1.7432,39,12,279,155,92,63,17.271259,0,ok,logs/seed_667407.log
536326,baseline,NHEFT,1,0.0,0,0,0,1.104,1.0413,2.1453,572.4336000000011,15.7104,3,2,42,458,458,0,82.0008,2.2505,32,8,233,83,46,37,66.9719029143898,1.838,40,11,306,130,83,47,20.360207,0,ok,logs/seed_536326.log
48649,baseline,NHEFT,1,0.0,0,0,0,1.2484,1.4093,2.6577,477.93289999999917,10.7469,4,2,52,442,442,0,87.8036,1.9744,35,11,226,98,41,57,70.57962074966439,1.5871,45,10,284,139,88,51,17.527507,0,ok,logs/seed_48649.log
138474,baseline,NHEFT,1,0.0,0,0,0,1.1723,0.9196,2.0919,616.4322999999989,18.2856,6,4,61,442,442,0,92.47459999999998,2.7431,31,6,238,85,47,38,86.16895759637187,2.5561,47,12,302,169,106,63,22.515701,0,ok,logs/seed_138474.log
581410,baseline,NHEFT,1,0.0,0,0,0,1.1513,0.8662,2.0175,449.4542000000012,12.1957,5,2,54,443,443,0,86.59629999999999,2.3497,36,9,251,112,52,60,58.570899068901305,1.5893,38,10,287,137,82,55,18.567447,0,ok,logs/seed_581410.log
462634,baseline,NHEFT,1,0.0,0,0,0,1.2229,1.2014,2.4243,706.3129999999998,18.0542,4,2,44,466,466,0,111.36600000000004,2.8466,31,10,245,122,53,69,62.4937146263911,1.5974,38,9,309,170,104,66,21.979156,0,ok,logs/seed_462634.log
349227,baseline,NHEFT,1,0.0,0,0,0,1.1963,1.1794,2.3757,568.9744999999992,15.7554,4,2,49,443,443,0,102.0671,2.8263,42,12,249,139,49,90,62.31074626865672,1.7254,37,11,292,159,100,59,18.198161,0,ok,logs/seed_349227.log
453227,baseline,NHEFT,1,0.0,0,0,0,1.0932,0.9224,2.0156,650.2380999999999,16.402,4,2,44,476,476,0,106.1494,2.6776,36,14,254,127,52,75,67.80026644517774,1.7102,43,11,294,157,99,58,23.547972,0,ok,logs/seed_453227.log
424389,baseline,NHEFT,1,0.0,0,0,0,1.1728,0.9837,2.1565,418.9329000000004,9.9938,4,2,62,450,450,0,86.89100000000002,2.0728,35,8,246,93,48,45,61.41281754601671,1.465,52,14,302,153,86,67,23.349904,0,ok,logs/seed_424389.log
706750,baseline,NHEFT,1,0.0,0,0,0,1.0314,1.0294,2.0608,488.55629999999866,9.8128,4,2,53,451,451,0,97.48469999999999,1.958,31,9,234,100,44,56,70.50363022559449,1.4161,32,10,282,114,76,38,18.767452,0,ok,logs/seed_706750.log
70613,baseline,NHEFT,1,0.0,0,0,0,1.377,1.2528,2.6298,719.9484999999999,16.7836,8,4,59,476,476,0,117.7683,2.7454,34,11,275,142,55,87,75.09290191082802,1.7506,48,11,314,164,108,56,20.556825,0,ok,logs/seed_70613.log
599838,baseline,NHEFT,1,0.0,0,0,0,1.1942,1.3229,2.5171,617.8502000000002,17.7887,4,2,49,448,448,0,123.51609999999998,3.5562,29,11,222,103,47,56,79.74596507023894,2.296,34,10,290,144,89,55,18.521439,0,ok,logs/seed_599838.log
275233,baseline,NHEFT,1,0.0,0,0,0,1.2932,1.4535,2.7467,653.5458000000001,15.035,4,3,45,453,453,0,102.1122,2.3491,29,9,227,98,52,46,81.38658026829268,1.8723,40,11,275,154,94,60,22.52476,0,ok,logs/seed_275233.log
257926,baseline,NHEFT,1,0.0,0,0,0,1.2411,1.222,2.4631,610.8663999999994,14.2715,7,3,62,441,441,0,107.11180000000002,2.5024,28,6,225,103,57,46,64.63413934833652,1.51,42,10,293,145,97,48,19.118487,0,ok,logs/seed_257926.log
65039,baseline,NHEFT,1,0.0,0,0,0,1.0846,0.9622,2.0468,586.1576999999994,17.2376,5,2,56,464,464,0,98.28959999999996,2.8905,39,11,285,115,46,69,69.97073845019919,2.0577,50,13,332,153,79,74,21.356779,0,ok,logs/seed_65039.log
354531,baseline,NHEFT,1,0.0,0,0,0,1.2295,1.3697,2.5992,498.9661000000002,14.5644,5,2,52,433,433,0,84.65099999999998,2.4709,32,9,243,97,45,52,62.43800416362309,1.8225,41,11,304,154,91,63,20.380521,0,ok,logs/seed_354531.log
941030,baseline,NHEFT,1,0.0,0,0,0,1.2522,1.0226,2.2748,637.0209999999988,16.3363,3,2,42,446,446,0,91.74040000000002,2.3527,32,9,230,85,44,41,81.9818822731128,2.1024,46,14,302,152,93,59,19.906536,0,ok,logs/seed_941030.log
624899,baseline,NHEFT,1,0.0,0,0,0,1.145,1.0759,2.2209,546.0343999999996,14.4695,5,2,54,468,468,0,89.81479999999998,2.38,39,9,268,112,52,60,64.1331161849711,1.6995,41,10,290,127,82,45,19.094629,0,ok,logs/seed_624899.log
899565,baseline,NHEFT,1,0.0,0,0,0,1.1478,1.1542,2.302,509.91790000000026,12.2658,3,1,61,455,455,0,93.97639999999998,2.2606,35,8,274,112,50,62,74.36968628389155,1.7889,41,11,290,162,106,56,18.483789,0,ok,logs/seed_899565.log
930280,baseline,NHEFT,1,0.0,0,0,0,1.2209,1.0425,2.2634,546.1822999999993,12.2217,4,2,51,454,454,0,100.68079999999999,2.2529,30,6,235,88,49,39,71.23795798830605,1.5941,46,9,293,148,99,49,20.9292,0,ok,logs/seed_930280.log
405167,baseline,NHEFT,1,0.0,0,0,0,1.2459,1.0992,2.3451,581.6982999999997,18.3521,4,2,40,464,464,0,86.98619999999998,2.7443,24,5,206,82,47,35,62.679327518408016,1.9775,40,10,283,152,88,64,18.495202,0,ok,logs/seed_405167.log
1448,baseline,NHEFT,1,0.0,0,0,0,1.1389,0.9797,2.1186,588.6111999999983,14.3,3,2,42,467,467,0,89.22589999999997,2.1677,38,10,245,112,49,63,71.18033280727231,1.7293,48,13,332,157,95,62,21.912331,0,ok,logs/seed_1448.log
507391,baseline,NHEFT,1,0.0,0,0,0,1.1765,1.1856,2.3621,543.5926999999991,15.6202,5,2,45,445,445,0,80.9139,2.3251,28,7,243,82,48,34,55.33965057020058,1.5902,42,12,296,148,83,65,18.904625,0,ok,logs/seed_507391.log
837291,baseline,NHEFT,1,0.0,0,0,0,1.1693,1.1006,2.2699,696.8021999999994,14.4618,4,3,43,471,471,0,101.90429999999995,2.115,34,10,233,112,55,57,62.60916152807736,1.2994,38,11,291,140,94,46,20.308533,0,ok,logs/seed_837291.log
536078,baseline,NHEFT,1,0.0,0,0,0,1.2414,1.3381,2.5795,581.8982000000003,17.8989,4,2,43,452,452,0,91.6259,2.8184,29,8,238,104,50,54,62.88589552218964,1.9343,42,11,311,136,81,55,21.526754,0,ok,logs/seed_536078.log
381453,baseline,NHEFT,1,0.0,0,0,0,0.9981,1.1513,2.1494,564.1846999999995,13.1687,4,2,62,463,463,0,111.05719999999998,2.5922,34,6,265,96,49,47,82.07251225641026,1.9157,49,10,317,156,96,60,21.422532,0,ok,logs/seed_381453.log
58349,baseline,NHEFT,1,0.0,0,0,0,1.1546,1.0048,2.1594,712.4532000000002,17.879,4,2,43,485,485,0,106.98059999999998,2.6847,36,9,255,101,47,54,68.07257288135594,1.7083,41,10,313,118,76,42,23.402271,0,ok,logs/seed_58349.log
613460,baseline,NHEFT,1,0.0,0,0,0,1.3007,1.5077,2.8084,478.59680000000066,13.9188,5,2,53,470,470,0,86.60100000000001,2.5186,30,10,250,102,50,52,62.55991150661625,1.8194,41,11,303,146,86,60,22.140889,0,ok,logs/seed_613460.log
581102,baseline,NHEFT,1,0.0,0,0,0,1.2187,1.4175,2.6362,607.8573000000017,14.7476,3,2,42,481,481,0,98.45430000000002,2.3887,28,8,228,80,45,35,70.13569852216749,1.7016,41,10,303,141,84,57,25.508566,0,ok,logs/seed_581102.log
814302,baseline,NHEFT,1,0.0,0,0,0,1.1714,1.0268,2.1982,538.6203999999987,16.3037,4,2,43,441,441,0,88.1589,2.6685,37,8,237,92,48,44,70.62724921687392,2.1378,46,13,301,161,99,62,18.425892,0,ok,logs/seed_814302.log
453089,baseline,NHEFT,1,0.0,0,0,0,1.2399,1.0489,2.2888,605.7399000000001,16.0703,5,3,57,451,451,0,94.73049999999999,2.5132,31,10,244,93,44,49,64.21247878682027,1.7036,48,10,326,143,90,53,18.766926,0,ok,logs/seed_453089.log
583877,baseline,NHEFT,1,0.0,0,0,0,1.2047,1.1797,2.3844,526.0380000000005,12.06,4,2,58,451,451,0,98.24400000000003,2.2524,33,9,242,100,45,55,66.37318056989248,1.5217,39,10,302,129,82,47,19.757891,0,ok,logs/seed_583877.log
312977,baseline,NHEFT,1,0.0,0,0,0,1.2747,1.0515,2.3262,537.0920000000009,14.1392,4,2,43,476,476,0,104.6146,2.754,22,7,187,84,42,42,63.7748993932519,1.6789,38,10,281,146,85,61,18.556721,0,ok,logs/seed_312977.log
140256,baseline,NHEFT,1,0.0,0,0,0,1.1535,1.0334,2.1869,583.8251000000009,11.4043,4,2,43,472,472,0,93.0749,1.8181,41,12,288,113,48,65,68.77948987863874,1.3435,46,13,318,142,84,58,25.444253,0,ok,logs/seed_140256.log
547797,baseline,NHEFT,1,0.0,0,0,0,1.29,1.2903,2.5803,554.7527000000014,17.1336,4,2,43,448,448,0,90.5172,2.7956,29,9,202,100,43,57,77.42318066990292,2.3912,46,11,303,145,85,60,21.052376,0,ok,logs/seed_547797.log
874895,baseline,NHEFT,1,0.0,0,0,0,1.2508,1.3485,2.5993,560.3818000000008,16.3474,4,2,43,448,448,0,79.97879999999999,2.3331,28,6,249,86,47,39,58.931877447979055,1.7192,49,11,310,166,99,67,21.552793,0,ok,logs/seed_874895.log
450779,baseline,NHEFT,1,0.0,0,0,0,1.2299,1.1867,2.4166,496.12790000000115,14.2956,4,2,55,444,444,0,98.5567,2.8398,33,9,221,98,38,60,64.76161450141,1.8661,49,12,295,144,72,72,23.364789,0,ok,logs/seed_450779.log
263459,baseline,NHEFT,1,0.0,0,0,0,1.1978,1.0898,2.2876,571.7892000000006,16.1842,4,2,43,442,442,0,93.65030000000003,2.6507,27,9,229,87,46,41,66.61420487051372,1.8855,49,16,292,153,92,61,19.248517,0,ok,logs/seed_263459.log
164312,baseline,NHEFT,1,0.0,0,0,0,1.2535,1.472,2.7255,731.1965000000012,22.7309,3,2,39,458,458,0,108.00720000000001,3.3576,35,6,245,75,43,32,65.72798277777777,2.0433,46,13,308,168,80,88,25.465434,0,ok,logs/seed_164312.log
595764,baseline,NHEFT,1,0.0,0,0,0,0.9971,1.2039,2.201,535.1549000000011,10.6399,5,2,47,461,461,0,86.60239999999997,1.7218,33,8,264,93,55,38,73.3715648401788,1.4588,41,10,320,148,91,57,21.193449,0,ok,logs/seed_595764.log
872208,baseline,NHEFT,1,0.0,0,0,0,1.1266,0.9743,2.1009,559.1104000000008,12.8146,4,3,54,475,475,0,87.95020000000001,2.0158,40,9,254,99,49,50,63.058138107193244,1.4453,48,12,331,152,100,52,23.510219,0,ok,logs/seed_872208.log
34237,baseline,NHEFT,1,0.0,0,0,0,1.2865,1.0264,2.3129,570.7604999999996,17.3281,3,2,42,449,449,0,91.88170000000002,2.7895,31,8,221,79,46,33,51.44393561058925,1.5618,36,9,272,116,69,47,19.381876,0,ok,logs/seed_34237.log
203637,baseline,NHEFT,1,0.0,0,0,0,1.064,0.9062,1.9702,564.7810000000005,13.8496,4,2,43,456,456,0,114.65429999999996,2.8116,38,10,241,120,48,72,65.8797557788873,1.6155,37,11,280,132,87,45,21.293135,0,ok,logs/seed_203637.log
35021,baseline,NHEFT,1,0.0,0,0,0,1.0664,1.3285,2.3949,592.6291000000008,16.904,3,2,42,462,462,0,98.44570000000003,2.808,35,9,235,101,47,54,64.22498769399466,1.8319,44,12,314,152,74,78,21.218739,0,ok,logs/seed_35021.log
128136,baseline,NHEFT,1,0.0,0,0,0,1.2224,1.2474,2.4698,542.162799999999,13.9673,4,2,44,435,435,0,86.9754,2.2407,41,8,248,94,48,46,72.64349526895658,1.8715,48,12,294,135,88,47,20.894115,0,ok,logs/seed_128136.log
897068,baseline,NHEFT,1,0.0,0,0,0,1.2489,1.2794,2.5283,539.7352999999998,13.5938,4,2,44,462,462,0,84.75340000000001,2.1346,33,10,250,97,48,49,64.08415497048088,1.614,35,10,306,145,87,58,20.197637,0,ok,logs/seed_897068.log
145634,baseline,NHEFT,1,0.0,0,0,0,1.2365,1.1796,2.4161,546.4367000000007,15.4437,5,2,59,433,433,0,100.4038,2.8377,35,8,255,120,47,73,71.91454046153846,2.0325,54,13,305,175,97,78,19.372102,0,ok,logs/seed_145634.log
828280,baseline,NHEFT,1,0.0,0,0,0,1.2163,1.1976,2.4139,701.1832000000012,16.8296,4,2,43,444,444,0,105.36319999999999,2.5289,34,11,228,106,52,54,68.86606823794644,1.6529,49,14,303,168,94,74,20.537017,0,ok,logs/seed_828280.log
808182,baseline,NHEFT,1,0.0,0,0,0,1.2549,1.4083,2.6632,750.7939000000018,16.085,4,2,43,443,443,0,105.99490000000002,2.2708,27,6,229,85,48,37,76.66172716586706,1.6424,40,8,311,154,101,53,19.155281,0,ok,logs/seed_808182.log
28303,baseline,NHEFT,1,0.0,0,0,0,1.1597,1.0415,2.2012,581.4479999999996,12.4993,5,3,58,463,463,0,103.11629999999998,2.2167,39,10,262,112,51,61,76.93171820811908,1.6538,37,10,307,126,81,45,25.938574,0,ok,logs/seed_28303.log
695763,baseline,NHEFT,1,0.0,0,0,0,1.1671,1.1151,2.2822,581.1806,14.6206,5,3,61,439,439,0,98.31890000000001,2.4734,40,9,248,124,50,74,65.77096444286728,1.6546,36,11,286,162,103,59,17.088866,0,ok,logs/seed_695763.log
264497,baseline,NHEFT,1,0.0,0,0,0,1.1872,1.1458,2.333,640.0423999999989,14.6328,4,2,43,495,495,0,97.17549999999997,2.2217,34,9,266,111,52,59,67.09633167968768,1.534,49,12,323,174,101,73,27.494328,0,ok,logs/seed_264497.log
765068,baseline,NHEFT,1,0.0,0,0,0,1.3753,1.1257,2.501,673.5843000000018,19.0697,3,2,41,455,455,0,86.74969999999999,2.4559,32,8,242,87,47,40,57.004265773814794,1.6138,44,12,299,164,97,67,19.014063,0,ok,logs/seed_765068.log
293386,baseline,NHEFT,1,0.0,0,0,0,1.1329,1.1332,2.2661,464.5809,9.6821,5,2,65,435,435,0,98.85839999999997,2.0603,37,9,249,113,46,67,70.59152787007973,1.4712,43,11,284,146,90,56,18.296044,0,ok,logs/seed_293386.log
585056,baseline,NHEFT,1,0.0,0,0,0,1.1599,1.0737,2.2336,500.4135999999994,13.2013,4,2,58,440,440,0,93.59619999999998,2.4691,37,12,261,115,53,62,59.61486592105153,1.5727,40,11,298,144,91,53,23.668313,0,ok,logs/seed_585056.log
16768,baseline,NHEFT,1,0.0,0,0,0,1.2209,1.0958,2.3167,841.6030999999998,24.9145,4,3,46,467,467,0,100.26090000000002,2.9681,44,12,265,127,50,77,58.41644098523699,1.7293,56,13,340,174,92,82,23.618319,0,ok,logs/seed_16768.log
768880,baseline,NHEFT,1,0.0,0,0,0,1.1359,1.1584,2.2943,635.2828000000004,16.413,4,2,47,466,466,0,97.11539999999998,2.509,37,9,275,110,51,59,69.42728364314989,1.7937,53,14,315,152,87,65,21.509699,0,ok,logs/seed_768880.log
146419,baseline,NHEFT,1,0.0,0,0,0,1.28,1.2196,2.4996,599.7164000000004,16.1914,4,2,45,485,485,0,99.8119,2.6948,30,9,231,104,56,48,64.79262982791586,1.7493,47,13,303,153,85,68,19.00631,0,ok,logs/seed_146419.log
769016,baseline,NHEFT,1,0.0,0,0,0,1.2014,1.3646,2.566,579.6129000000004,16.1266,4,2,43,449,449,0,93.21760000000002,2.5936,35,11,233,116,45,71,65.08166106623587,1.8108,34,11,287,138,82,56,19.973657,0,ok,logs/seed_769016.log
753173,baseline,NHEFT,1,0.0,0,0,0,1.1401,1.0069,2.147,518.2909999999995,18.5819,4,2,45,433,433,0,81.2785,2.914,34,9,256,102,40,62,57.79568696810711,2.0721,42,10,301,148,87,61,16.936802,0,ok,logs/seed_753173.log
414868,baseline,NHEFT,1,0.0,0,0,0,1.3721,1.1642,2.5363,593.1478000000001,17.9651,4,2,43,451,451,0,91.85100000000003,2.782,45,13,257,116,47,69,60.496625423728815,1.8323,41,9,300,138,83,55,19.326158,0,ok,logs/seed_414868.log
383978,baseline,NHEFT,1,0.0,0,0,0,1.2134,1.3391,2.5525,537.6530999999998,15.4982,5,2,58,470,470,0,88.0354,2.5377,37,9,269,105,54,51,66.30278793467758,1.9112,56,13,317,158,92,66,20.983642,0,ok,logs/seed_383978.log
596187,baseline,NHEFT,1,0.0,0,0,0,1.2697,1.228,2.4977,593.3450999999998,13.5134,4,2,44,488,488,0,103.19770000000004,2.3503,38,11,269,131,50,81,64.04565963302751,1.4586,48,13,313,154,89,65,20.15025,0,ok,logs/seed_596187.log
217004,baseline,NHEFT,1,0.0,0,0,0,1.2637,1.3733,2.637,594.1968999999998,13.783,7,3,53,437,437,0,111.992,2.5978,29,8,225,104,50,54,70.96607284894839,1.6461,38,10,275,138,93,45,18.884843,0,ok,logs/seed_217004.log
306928,baseline,NHEFT,1,0.0,0,0,0,1.0877,0.8976,1.9853,718.6349000000004,22.5047,3,2,42,471,471,0,92.4682,2.8957,31,9,241,88,44,44,62.22906382813744,1.9488,53,10,320,153,94,59,21.208034,0,ok,logs/seed_306928.log
699954,baseline,NHEFT,1,0.0,0,0,0,1.261,0.9231,2.1841,671.0395,16.9085,5,3,60,459,459,0,93.7996,2.3635,34,9,249,96,46,50,63.905110596026496,1.6102,48,11,316,150,97,53,22.484017,0,ok,logs/seed_699954.log
915360,baseline,NHEFT,1,0.0,0,0,0,1.1894,1.099,2.2884,592.4029000000008,16.8245,4,2,43,459,459,0,88.08040000000001,2.5015,32,9,244,90,49,41,62.876267349551846,1.7857,48,12,314,139,78,61,23.743972,0,ok,logs/seed_915360.log
401920,baseline,NHEFT,1,0.0,0,0,0,1.17,1.1914,2.3614,685.2682000000002,22.9925,5,3,59,463,463,0,115.95970000000001,3.8907,37,11,247,107,44,63,86.67126344916345,2.908,39,11,291,151,93,58,18.110357,0,ok,logs/seed_401920.log
590032,baseline,NHEFT,1,0.0,0,0,0,1.1871,1.228,2.4151,526.2395999999995,13.6441,5,2,60,484,484,0,91.53540000000004,2.3733,30,8,271,92,51,41,70.66950275580147,1.8323,35,11,314,133,82,51,21.592122,0,ok,logs/seed_590032.log
592350,baseline,NHEFT,1,0.0,0,0,0,1.428,1.2971,2.7251,566.5997999999987,17.1806,4,2,43,464,464,0,81.16549999999998,2.4611,32,9,256,96,47,49,57.44146065573772,1.7418,46,13,314,155,94,61,19.474859,0,ok,logs/seed_592350.log
356544,baseline,NHEFT,1,0.0,0,0,0,1.165,1.0808,2.2458,522.7635000000009,10.1707,4,2,43,456,456,0,95.75419999999998,1.863,36,11,228,110,48,62,70.83106857679181,1.3781,35,11,283,148,98,50,21.377262,0,ok,logs/seed_356544.log
882358,baseline,NHEFT,1,0.0,0,0,0,1.1788,1.1184,2.2972,596.1518999999996,13.842,5,3,54,439,439,0,96.54610000000001,2.2417,35,7,250,82,48,34,69.12287592829706,1.605,51,11,313,150,98,52,22.745851,0,ok,logs/seed_882358.log
659606,baseline,NHEFT,1,0.0,0,0,0,1.0739,1.2099,2.2838,615.5257000000007,13.7056,4,2,44,433,433,0,115.22399999999998,2.5656,32,10,214,95,56,39,84.05418218764997,1.8716,49,12,305,169,100,69,18.791619,0,ok,logs/seed_659606.log
136181,baseline,NHEFT,1,0.0,0,0,0,1.1981,0.9353,2.1334,586.5626000000003,15.6526,5,3,57,451,451,0,95.38869999999999,2.5455,31,9,256,88,48,40,76.52879136144581,2.0422,41,8,280,139,94,45,19.73374,0,ok,logs/seed_136181.log
695310,baseline,NHEFT,1,0.0,0,0,0,0.9969,0.8371,1.834,566.7559000000001,10.4471,4,2,62,466,466,0,106.64319999999998,1.9658,41,12,263,125,51,74,75.97487299185099,1.4005,46,11,309,163,110,53,22.46811,0,ok,logs/seed_695310.log
313264,baseline,NHEFT,1,0.0,0,0,0,1.2165,0.9358,2.1523,723.5600000000004,23.6721,4,2,30,446,446,0,86.67750000000001,2.8357,31,6,210,77,45,32,49.16970919903204,1.6086,42,10,294,131,81,50,19.518167,0,ok,logs/seed_313264.log
622633,baseline,NHEFT,1,0.0,0,0,0,1.1757,1.2709,2.4466,600.9471999999986,13.3948,4,2,43,452,452,0,102.56890000000003,2.2862,30,7,231,89,45,44,76.58337566185217,1.707,43,10,296,150,89,61,22.690768,0,ok,logs/seed_622633.log
153151,baseline,NHEFT,1,0.0,0,0,0,1.0533,0.8756,1.9289,1073.9026000000013,29.937,3,3,23,459,459,0,109.69080000000002,3.0578,28,5,224,71,38,33,71.49773274603174,1.9931,55,11,301,147,94,53,25.308673,0,ok,logs/seed_153151.log
252872,baseline,NHEFT,1,0.0,0,0,0,1.3494,1.139,2.4884,455.8539000000003,12.7096,5,3,66,452,452,0,89.1494,2.4856,35,10,272,117,49,68,59.707120618556694,1.6647,44,11,309,142,94,48,22.932486,0,ok,logs/seed_252872.log
886011,baseline,NHEFT,1,0.0,0,0,0,1.1262,1.1675,2.2937,629.4774000000002,15.3537,4,2,43,439,439,0,97.8846,2.3875,36,11,235,101,52,49,65.17110484927116,1.5896,43,12,295,130,91,39,22.293516,0,ok,logs/seed_886011.log
88875,baseline,NHEFT,1,0.0,0,0,0,1.0622,1.0518,2.114,560.0490000000008,10.9249,4,2,58,439,439,0,133.80509999999998,2.6101,28,8,223,113,48,65,95.39361247540981,1.8608,38,10,279,144,84,60,20.241066,0,ok,logs/seed_88875.log
911968,baseline,NHEFT,1,0.0,0,0,0,1.1755,1.3696,2.5451,598.1288999999996,20.197,6,3,61,478,478,0,105.51409999999998,3.5629,29,6,244,74,51,23,66.0371916642729,2.2299,47,9,322,137,79,58,18.926202,0,ok,logs/seed_911968.log
334656,baseline,NHEFT,1,0.0,0,0,0,1.1563,1.1982,2.3545,578.2376000000003,14.2099,7,3,57,459,459,0,91.99370000000003,2.2607,36,7,247,101,42,59,65.61494295192686,1.6125,45,12,309,130,77,53,21.692796,0,ok,logs/seed_334656.log
245478,baseline,NHEFT,1,0.0,0,0,0,1.1816,1.0893,2.2709,576.9601999999994,14.4019,5,3,59,451,451,0,98.3184,2.4542,31,10,236,104,54,50,67.20965454545453,1.6777,37,11,284,135,86,49,21.62767,0,ok,logs/seed_245478.log
614692,baseline,NHEFT,1,0.0,0,0,0,1.2342,1.199,2.4332,596.758299999998,13.2143,5,2,44,463,463,0,94.11529999999998,2.084,41,12,249,109,51,58,64.48566078655311,1.4279,40,11,293,154,97,57,25.219608,0,ok,logs/seed_614692.log
583839,baseline,NHEFT,1,0.0,0,0,0,1.1056,0.982,2.0876,823.8555000000005,22.0438,4,3,50,467,467,0,112.07309999999997,2.9987,41,12,253,128,48,80,71.29075954250239,1.9075,47,11,320,183,103,80,21.063782,0,ok,logs/seed_583839.log
899827,baseline,NHEFT,1,0.0,0,0,0,1.284,1.0346,2.3186,524.8051,17.1655,3,1,56,474,474,0,94.4277,3.0886,43,14,292,123,42,81,58.75664038461538,1.9218,41,10,328,149,96,53,23.551705,0,ok,logs/seed_899827.log
759818,baseline,NHEFT,1,0.0,0,0,0,1.0989,1.1116,2.2105,662.0294000000009,16.3951,5,3,46,457,457,0,107.50429999999997,2.6623,33,9,233,107,52,55,66.76060910466127,1.6533,41,11,294,135,92,43,22.580568,0,ok,logs/seed_759818.log
536406,baseline,NHEFT,1,0.0,0,0,0,1.202,1.3118,2.5138,555.3665999999996,14.7184,4,2,47,456,456,0,98.41279999999998,2.6082,36,10,253,119,49,70,70.89439122135582,1.8789,47,12,322,162,95,67,23.219924,0,ok,logs/seed_536406.log
875025,baseline,NHEFT,1,0.0,0,0,0,1.1797,1.2085,2.3882,649.5059999999999,14.9405,4,2,43,423,423,0,96.50200000000001,2.2198,33,10,244,91,46,45,66.20142326380929,1.5228,46,12,297,145,83,62,16.960601,0,ok,logs/seed_875025.log
235459,baseline,NHEFT,1,0.0,0,0,0,1.2457,1.1143,2.36,547.7459000000007,11.608,4,2,52,462,462,0,86.10930000000002,1.8249,34,9,257,94,48,46,70.4556435588744,1.4931,43,10,321,175,102,73,23.432668,0,ok,logs/seed_235459.log
737985,baseline,NHEFT,1,0.0,0,0,0,1.1012,0.9267,2.0279,1075.4403000000011,22.0166,3,2,25,465,465,0,125.52699999999997,2.5698,36,13,235,126,42,84,73.42280000000001,1.5031,51,14,310,170,85,85,20.071855,0,ok,logs/seed_737985.log
833397,baseline,NHEFT,1,0.0,0,0,0,1.1464,1.0761,2.2225,630.6010000000009,19.738,4,2,36,431,431,0,77.19650000000003,2.4163,29,8,220,65,41,24,58.38629297893819,1.8275,34,10,262,107,74,33,20.682838,0,ok,logs/seed_833397.log
722013,baseline,NHEFT,1,0.0,0,0,0,1.2152,1.1299,2.3451,676.9697000000003,17.6307,3,2,41,446,446,0,96.2297,2.5062,30,9,225,101,51,50,65.3683695378267,1.7024,34,10,275,131,84,47,20.815515,0,ok,logs/seed_722013.log
519052,baseline,NHEFT,1,0.0,0,0,0,1.3436,0.996,2.3396,610.2960999999995,18.4331,5,3,46,429,429,0,93.28740000000002,2.8176,30,9,211,96,51,45,56.771667807351086,1.7147,38,11,265,121,78,43,20.840975,0,ok,logs/seed_519052.log
953927,baseline,NHEFT,1,0.0,0,0,0,1.1889,0.9871,2.176,443.16809999999896,12.0477,5,3,64,433,433,0,82.97109999999998,2.2556,31,8,256,99,51,48,60.7514483584291,1.6516,42,11,270,130,90,40,20.107199,0,ok,logs/seed_953927.log
792837,baseline,NHEFT,1,0.0,0,0,0,1.0858,1.0702,2.156,635.1430000000004,13.0965,4,2,44,440,440,0,95.14129999999999,1.9618,39,10,246,107,40,67,73.12794082532419,1.5079,48,11,287,157,83,74,19.700489,0,ok,logs/seed_792837.log
271444,baseline,NHEFT,1,0.0,0,0,0,1.3317,1.0875,2.4192,729.8941999999987,22.4695,4,2,43,475,475,0,99.14580000000005,3.0522,37,10,244,113,54,59,60.756499999999996,1.8704,52,13,321,170,94,76,22.106898,0,ok,logs/seed_271444.log
747106,baseline,NHEFT,1,0.0,0,0,0,1.2352,1.1536,2.3888,721.3092000000006,17.7206,4,2,43,462,462,0,90.83290000000001,2.2315,39,11,249,106,45,61,69.08411088270857,1.6972,46,12,307,148,101,47,24.194911,0,ok,logs/seed_747106.log
509003,baseline,NHEFT,1,0.0,0,0,0,1.1485,1.0698,2.2183,537.5459999999988,16.3652,5,3,64,479,479,0,92.22,2.8076,35,9,276,99,42,57,64.03202137834036,1.9494,41,9,328,141,85,56,19.998187,0,ok,logs/seed_509003.log
41751,baseline,NHEFT,1,0.0,0,0,0,1.3959,1.3841,2.78,641.4976999999994,19.7478,5,3,51,462,462,0,105.8359,3.258,32,10,224,114,47,67,55.88819330769232,1.7205,40,12,298,143,84,59,17.595218,0,ok,logs/seed_41751.log
346747,baseline,NHEFT,1,0.0,0,0,0,1.4688,1.4179,2.8867,643.0751000000002,18.5093,4,2,43,460,460,0,96.2371,2.7699,46,11,270,129,51,78,60.567938095238105,1.7433,39,12,308,139,86,53,20.146508,0,ok,logs/seed_346747.log
147208,baseline,NHEFT,1,0.0,0,0,0,1.2664,1.1108,2.3772,714.5891999999994,20.2788,4,3,44,469,469,0,90.14900000000002,2.5583,35,9,241,105,50,55,59.71222805906061,1.6945,43,11,319,146,90,56,22.020088,0,ok,logs/seed_147208.log
810767,baseline,NHEFT,1,0.0,0,0,0,1.2529,1.0228,2.2757,969.7033999999991,29.3577,4,4,39,478,478,0,100.24760000000002,3.035,28,8,236,77,43,34,55.00332295277943,1.6652,42,8,318,125,73,52,17.320291,0,ok,logs/seed_810767.log
475154,baseline,NHEFT,1,0.0,0,0,0,1.3549,1.184,2.5389,771.6341999999986,20.3305,3,2,42,456,456,0,102.66539999999999,2.705,42,12,251,109,41,68,65.54586441741907,1.727,46,10,321,143,83,60,18.1908,0,ok,logs/seed_475154.log
444114,baseline,NHEFT,1,0.0,0,0,0,1.2413,1.3273,2.5686,648.580499999999,16.7876,3,2,42,471,471,0,89.80019999999998,2.3243,38,11,260,104,45,59,63.68290611785241,1.6483,46,12,308,143,86,57,23.538909,0,ok,logs/seed_444114.log
21690,baseline,NHEFT,1,0.0,0,0,0,1.225,1.0087,2.2337,606.6945000000004,13.5655,4,2,43,449,449,0,86.265,1.9289,32,10,239,89,39,50,61.17603174265975,1.3679,42,11,314,140,79,61,17.517309,0,ok,logs/seed_21690.log
904712,baseline,NHEFT,1,0.0,0,0,0,1.2548,1.3172,2.572,562.3607999999994,17.1456,4,2,43,444,444,0,97.61989999999999,2.9763,37,9,245,97,51,46,61.232919230769234,1.8669,45,11,310,175,96,79,20.075175,0,ok,logs/seed_904712.log
724949,baseline,NHEFT,1,0.0,0,0,0,1.1857,1.0352,2.2209,610.1586999999995,14.1746,4,3,52,468,468,0,101.09700000000001,2.3486,28,9,235,98,48,50,62.14548048048048,1.4437,40,11,311,153,93,60,21.145334,0,ok,logs/seed_724949.log
104040,baseline,NHEFT,1,0.0,0,0,0,1.0831,1.2732,2.3563,501.6739999999992,14.4637,4,2,49,447,447,0,93.3956,2.6927,31,8,239,99,49,50,61.8678360236466,1.7837,55,13,328,174,92,82,22.32728,0,ok,logs/seed_104040.log
468918,baseline,NHEFT,1,0.0,0,0,0,1.3065,1.514,2.8205,550.3463999999997,12.2347,4,2,45,452,452,0,92.22660000000002,2.0503,38,8,247,105,48,57,63.02409382481579,1.4011,37,8,287,121,82,39,21.567983,0,ok,logs/seed_468918.log
47836,baseline,NHEFT,1,0.0,0,0,0,1.2079,0.9927,2.2006,484.18819999999977,13.9641,4,2,59,452,452,0,85.68109999999999,2.4711,37,12,252,111,50,61,59.74732403329059,1.7231,39,9,314,140,96,44,21.134431,0,ok,logs/seed_47836.log
441476,baseline,NHEFT,1,0.0,0,0,0,1.1011,1.0206,2.1217,449.4899000000008,13.7077,4,2,60,433,433,0,88.29960000000003,2.6928,42,11,252,121,51,70,63.51688622453227,1.937,46,11,308,152,95,57,20.379408,0,ok,logs/seed_441476.log
551870,baseline,NHEFT,1,0.0,0,0,0,1.2056,1.1645,2.3701,574.0343999999999,15.3843,4,2,58,461,461,0,98.16559999999996,2.6309,50,13,278,136,49,87,74.7215081041968,2.0026,48,13,315,151,96,55,23.912691,0,ok,logs/seed_551870.log
570939,baseline,NHEFT,1,0.0,0,0,0,1.3407,1.1502,2.4909,667.7694000000005,16.4915,4,2,43,478,478,0,91.46459999999999,2.2588,35,9,267,112,53,59,61.630718196869395,1.5221,46,10,318,166,105,61,26.295137,0,ok,logs/seed_570939.log
110385,baseline,NHEFT,1,0.0,0,0,0,1.1775,1.2008,2.3783,666.5588000000014,17.0264,4,2,43,477,477,0,94.70019999999995,2.419,33,9,245,94,47,47,60.58282118181818,1.5475,40,10,310,151,92,59,22.734581,0,ok,logs/seed_110385.log
465624,baseline,NHEFT,1,0.0,0,0,0,1.0622,0.8795,1.9417,923.8268000000006,31.5176,4,2,24,419,419,0,112.48539999999994,3.8376,32,11,208,100,45,55,63.208197863691176,2.1564,49,12,290,142,81,61,18.359566,0,ok,logs/seed_465624.log
785434,baseline,NHEFT,1,0.0,0,0,0,1.1825,0.9745,2.157,458.26170000000087,11.895,6,2,63,446,446,0,89.78669999999995,2.3306,39,9,265,106,49,57,60.68748942436414,1.5753,48,12,305,141,90,51,21.643828,0,ok,logs/seed_785434.log
274202,baseline,NHEFT,1,0.0,0,0,0,1.1636,1.0855,2.2491,707.3585999999998,17.722,6,3,49,436,436,0,102.402,2.5656,36,9,237,102,42,60,69.20126041584159,1.7338,49,13,304,159,92,67,19.184597,0,ok,logs/seed_274202.log
384098,baseline,NHEFT,1,0.0,0,0,0,1.1703,1.2561,2.4264,626.8594999999987,17.0814,3,2,42,457,457,0,94.20440000000004,2.567,26,7,233,90,43,47,69.80963463687151,1.9023,47,12,299,167,91,76,18.248681,0,ok,logs/seed_384098.log
260865,baseline,NHEFT,1,0.0,0,0,0,1.398,1.6362,3.0342,481.92160000000035,13.6256,5,3,59,455,455,0,81.14400000000002,2.2942,30,8,259,84,43,41,61.071302272134695,1.7267,37,10,297,130,78,52,17.79934,0,ok,logs/seed_260865.log
857320,baseline,NHEFT,1,0.0,0,0,0,1.312,1.095,2.407,620.7605999999986,20.1038,5,2,44,427,427,0,93.94300000000001,3.0424,33,8,242,108,50,58,64.06443069306931,2.0748,53,11,300,142,86,56,16.024223,0,ok,logs/seed_857320.log
307981,baseline,NHEFT,1,0.0,0,0,0,1.2223,1.1294,2.3517,832.9413999999981,22.1953,4,3,42,480,480,0,114.91189999999997,3.062,35,10,239,115,51,64,68.53596312091243,1.8263,43,11,322,156,88,68,23.018083,0,ok,logs/seed_307981.log
977105,baseline,NHEFT,1,0.0,0,0,0,1.214,1.4397,2.6537,603.3923999999982,16.6648,3,2,42,483,483,0,97.9691,2.7058,27,5,221,76,48,28,66.69845915516643,1.8421,42,9,309,138,83,55,22.35374,0,ok,logs/seed_977105.log
795094,baseline,NHEFT,1,0.0,0,0,0,1.0258,0.9862,2.012,675.6143999999993,17.9856,6,3,57,483,483,0,104.48500000000001,2.7815,36,10,257,107,52,55,63.798007169063546,1.6984,51,13,325,154,79,75,22.445514,0,ok,logs/seed_795094.log
598248,baseline,NHEFT,1,0.0,0,0,0,1.1643,1.0148,2.1791,450.0107000000005,9.7993,5,2,49,448,448,0,80.50680000000003,1.7531,33,9,245,105,46,59,56.85197944260266,1.238,37,10,286,143,89,54,23.271289,0,ok,logs/seed_598248.log
617822,baseline,NHEFT,1,0.0,0,0,0,0.9284,0.9307,1.8591,853.4767000000002,25.4393,3,3,42,461,461,0,116.26130000000002,3.4654,32,9,224,118,46,72,66.87851152287138,1.9934,38,10,304,148,96,52,18.805131,0,ok,logs/seed_617822.log
530710,baseline,NHEFT,1,0.0,0,0,0,1.0924,1.1883,2.2807,642.9022000000004,13.4372,3,2,42,479,479,0,89.93600000000004,1.8797,31,7,247,88,48,40,77.77256766666666,1.6255,46,11,328,162,100,62,24.75011,0,ok,logs/seed_530710.log
181371,baseline,NHEFT,1,0.0,0,0,0,1.1797,0.954,2.1337,957.2423000000026,25.2094,3,2,34,469,469,0,115.55660000000002,3.0432,44,12,258,126,42,84,73.76586154664291,1.9427,49,12,332,146,88,58,19.972621,0,ok,logs/seed_181371.log
239698,baseline,NHEFT,1,0.0,0,0,0,1.1879,1.0029,2.1908,553.4590000000006,13.2731,4,2,43,471,471,0,78.09359999999998,1.8728,34,9,248,84,43,41,70.28136953246754,1.6855,37,9,298,129,87,42,21.608882,0,ok,logs/seed_239698.log
945780,baseline,NHEFT,1,0.0,0,0,0,1.2104,1.3975,2.6079,827.0719999999998,19.7684,5,3,44,454,454,0,118.01890000000002,2.8208,34,10,218,91,51,40,79.14565246860481,1.8917,48,11,312,151,86,65,17.882432,0,ok,logs/seed_945780.log
454302,baseline,NHEFT,1,0.0,0,0,0,1.2909,1.4614,2.7523,648.6962000000016,18.9797,4,2,41,454,454,0,92.29690000000001,2.7004,25,7,204,72,43,29,61.003937375000014,1.7849,44,10,307,150,77,73,19.511614,0,ok,logs/seed_454302.log
687120,baseline,NHEFT,1,0.0,0,0,0,1.1071,1.0302,2.1373,474.35199999999935,13.0083,6,3,77,468,468,0,108.58159999999997,2.9777,31,9,236,107,48,59,75.93296571449487,2.0823,45,13,299,160,87,73,21.808467,0,ok,logs/seed_687120.log
911463,baseline,NHEFT,1,0.0,0,0,0,1.2238,1.0129,2.2367,610.9772000000004,16.3125,3,2,42,464,464,0,89.33399999999997,2.3851,28,8,220,90,49,41,63.9583677373978,1.7076,45,12,308,146,89,57,23.318248,0,ok,logs/seed_911463.log
979494,baseline,NHEFT,1,0.0,0,0,0,1.2335,1.2511,2.4846,471.3355000000001,12.9476,7,3,72,467,467,0,95.59460000000003,2.626,30,7,257,88,45,43,65.5509351916179,1.8007,49,11,333,156,98,58,21.238796,0,ok,logs/seed_979494.log
840574,baseline,NHEFT,1,0.0,0,0,0,1.1594,1.2614,2.4208,752.6301000000012,18.2399,4,2,45,464,464,0,94.59879999999998,2.2926,35,8,228,85,44,41,67.54097832167832,1.6368,42,10,304,145,87,58,19.412682,0,ok,logs/seed_840574.log
877832,baseline,NHEFT,1,0.0,0,0,0,1.2843,1.3491,2.6334,637.128299999999,15.7934,4,2,60,459,459,0,100.1628,2.4829,38,9,272,89,43,46,71.79130576190477,1.7796,40,8,318,157,96,61,21.10588,0,ok,logs/seed_877832.log
845918,baseline,NHEFT,1,0.0,0,0,0,1.3765,1.2314,2.6079,676.6371999999999,18.4952,4,3,53,438,438,0,94.7749,2.5906,35,9,243,99,47,52,57.4293049077156,1.5698,49,12,309,169,103,66,21.276646,0,ok,logs/seed_845918.log
336942,baseline,NHEFT,1,0.0,0,0,0,1.2744,1.2815,2.5559,668.2585999999992,20.0701,5,3,65,474,474,0,103.2492,3.1009,47,13,259,146,44,102,74.75339645634658,2.2451,52,11,324,154,98,56,24.68453,0,ok,logs/seed_336942.log
100720,baseline,NHEFT,1,0.0,0,0,0,1.094,1.0185,2.1125,837.2188000000009,19.6638,3,2,41,480,480,0,129.52089999999998,3.0421,32,10,223,119,51,68,70.65762421780077,1.6595,48,12,334,185,100,85,24.282054,0,ok,logs/seed_100720.log
200909,baseline,NHEFT,1,0.0,0,0,0,1.2931,1.2861,2.5792,686.5005,22.4286,5,3,49,453,453,0,106.71750000000002,3.4866,27,7,229,93,47,46,60.88815775939931,1.9893,39,11,300,166,92,74,17.591345,0,ok,logs/seed_200909.log
442852,baseline,NHEFT,1,0.0,0,0,0,1.2359,1.0476,2.2835,682.5386000000001,21.4167,4,2,42,459,459,0,92.67300000000002,2.9079,28,8,246,81,43,38,70.4461690498589,2.2105,42,11,296,136,87,49,22.556763,0,ok,logs/seed_442852.log
841786,baseline,NHEFT,1,0.0,0,0,0,1.1993,1.2277,2.427,565.3679000000004,17.472,4,2,50,461,461,0,87.8565,2.7151,30,6,255,92,48,44,59.4366569055118,1.8368,48,13,323,165,84,81,21.948788,0,ok,logs/seed_841786.log
966897,baseline,NHEFT,1,0.0,0,0,0,1.204,1.1818,2.3858,570.5021999999993,14.7589,4,2,43,450,450,0,97.8178,2.5305,34,8,248,99,47,52,61.422597882113735,1.589,53,12,312,176,105,71,21.052505,0,ok,logs/seed_966897.log
669763,baseline,NHEFT,1,0.0,0,0,0,1.205,1.1904,2.3954,718.9264000000004,18.6405,4,2,43,468,468,0,107.35220000000002,2.7835,36,11,247,116,47,69,69.27147593394002,1.7961,43,11,304,154,86,68,26.274574,0,ok,logs/seed_669763.log
920861,baseline,NHEFT,1,0.0,0,0,0,1.1955,1.1474,2.3429,576.0466999999992,16.0579,3,2,40,461,461,0,83.3592,2.3237,29,10,214,83,45,38,58.16235974647888,1.6213,44,10,305,142,87,55,20.413253,0,ok,logs/seed_920861.log
584307,baseline,NHEFT,1,0.0,0,0,0,1.0909,1.3397,2.4306,750.4612999999998,22.3491,4,2,43,472,472,0,121.06809999999994,3.6055,27,7,226,86,47,39,67.82713565423047,2.0199,48,12,322,168,85,83,20.823679,0,ok,logs/seed_584307.log
747314,baseline,NHEFT,1,0.0,0,0,0,1.1397,1.1815,2.3212,763.9970000000011,20.2379,4,3,50,466,466,0,98.88660000000002,2.6195,41,10,263,114,51,63,65.4508397260274,1.7338,51,10,319,158,98,60,22.387743,0,ok,logs/seed_747314.log
197715,baseline,NHEFT,1,0.0,0,0,0,1.18,1.1931,2.3731,726.6933,18.9587,4,2,37,471,471,0,88.48640000000003,2.3085,31,9,241,88,46,42,65.09478774703557,1.6983,44,10,308,141,85,56,18.806427,0,ok,logs/seed_197715.log
891603,baseline,NHEFT,1,0.0,0,0,0,1.1132,1.0183,2.1315,658.0551000000007,21.0223,4,2,43,458,458,0,107.59710000000001,3.4373,35,10,253,123,49,74,63.07289723809524,2.0149,48,11,321,156,101,55,22.669051,0,ok,logs/seed_891603.log
811812,baseline,NHEFT,1,0.0,0,0,0,1.1916,1.1219,2.3135,650.0998,14.7751,7,4,65,466,466,0,108.75010000000002,2.4716,50,17,295,151,48,103,70.79294976757534,1.6089,49,11,318,171,101,70,24.444984,0,ok,logs/seed_811812.log
920333,baseline,NHEFT,1,0.0,0,0,0,1.1307,1.1784,2.3091,564.154500000001,11.2482,4,2,45,458,458,0,111.3335,2.2198,30,9,234,111,51,60,72.29778988888889,1.4415,40,10,287,149,91,58,19.14836,0,ok,logs/seed_920333.log
824191,baseline,NHEFT,1,0.0,0,0,0,1.2191,1.2982,2.5173,630.3656000000001,15.5606,5,2,53,455,455,0,103.61300000000003,2.5577,38,8,253,105,54,51,73.63479822222222,1.8177,48,11,313,173,103,70,21.128192,0,ok,logs/seed_824191.log
674701,baseline,NHEFT,1,0.0,0,0,0,1.0427,1.0874,2.1301,934.8100000000018,20.4639,5,4,55,462,462,0,140.41270000000003,3.0738,44,13,258,140,49,91,79.48366766666666,1.74,52,11,315,149,85,64,20.616369,0,ok,logs/seed_674701.log
738670,baseline,NHEFT,1,0.0,0,0,0,1.2764,1.0826,2.359,670.7059000000003,18.5883,2,1,42,478,478,0,95.22429999999999,2.6391,34,11,256,109,49,60,62.34252064512041,1.7278,46,12,311,154,87,67,20.109895,0,ok,logs/seed_738670.log
85247,baseline,NHEFT,1,0.0,0,0,0,1.0905,1.0021,2.0926,1014.9282000000002,23.5228,7,3,42,462,462,0,133.589,3.0962,34,11,235,126,40,86,90.28283773469389,2.0925,46,12,310,163,90,73,24.229697,0,ok,logs/seed_85247.log
857484,baseline,NHEFT,1,0.0,0,0,0,1.0426,1.0087,2.0513,627.4658999999995,14.6342,4,2,43,446,446,0,87.50200000000001,2.0408,32,8,246,85,49,36,74.42186575342467,1.7357,50,13,311,145,89,56,22.020095,0,ok,logs/seed_857484.log
223082,baseline,NHEFT,1,0.0,0,0,0,1.0973,1.0913,2.1886,637.4849999999988,17.4684,3,2,42,463,463,0,99.36109999999998,2.7227,29,11,229,105,44,61,57.409792819789,1.5731,44,13,313,154,85,69,20.230195,0,ok,logs/seed_223082.log
481168,baseline,NHEFT,1,0.0,0,0,0,1.3093,1.5814,2.8907,707.3443000000004,19.9906,4,3,55,458,458,0,100.49040000000002,2.84,37,9,257,97,47,50,67.75476950000002,1.9148,47,10,324,171,98,73,24.241963,0,ok,logs/seed_481168.log
435943,baseline,NHEFT,1,0.0,0,0,0,1.0785,1.1635,2.242,712.0150000000006,14.8464,4,2,45,461,461,0,104.71510000000004,2.1834,42,8,275,108,46,62,70.979834213765,1.48,50,13,325,165,94,71,24.570066,0,ok,logs/seed_435943.log
502778,baseline,NHEFT,1,0.0,0,0,0,1.2091,1.2923,2.5014,634.3137999999998,14.132,4,3,53,445,445,0,98.88260000000002,2.203,33,9,242,97,46,51,71.67391303273351,1.5968,38,11,280,141,92,49,16.854502,0,ok,logs/seed_502778.log
324171,baseline,NHEFT,1,0.0,0,0,0,1.0379,0.9859,2.0238,537.1543999999994,12.8082,4,2,49,451,451,0,80.3598,1.9161,36,7,275,96,49,47,57.345311763487594,1.3674,55,12,326,169,105,64,22.731819,0,ok,logs/seed_324171.log
339100,baseline,NHEFT,1,0.0,0,0,0,1.0332,0.8517,1.8849,485.19059999999837,10.4355,4,2,62,466,466,0,89.72540000000002,1.9298,31,9,266,116,57,59,58.153847374912964,1.2508,34,11,294,136,90,46,22.480097,0,ok,logs/seed_339100.log
33498,baseline,NHEFT,1,0.0,0,0,0,1.4595,1.29,2.7495,593.2826000000001,14.6676,3,2,42,452,452,0,83.0957,2.0544,31,8,246,97,49,48,52.24160983606557,1.2916,46,10,309,157,96,61,23.413052,0,ok,logs/seed_33498.log
658947,baseline,NHEFT,1,0.0,0,0,0,1.2287,1.1404,2.3691,612.9516000000009,15.1823,3,2,42,484,484,0,84.4141,2.0909,28,7,239,86,45,41,69.48171144475754,1.721,44,12,314,143,89,54,21.110654,0,ok,logs/seed_658947.log
14026,baseline,NHEFT,1,0.0,0,0,0,1.1813,1.0252,2.2065,593.155099999999,17.3761,3,2,42,432,432,0,95.2064,2.789,45,13,247,125,47,78,62.725967604049494,1.8375,39,9,283,151,87,64,20.47211,0,ok,logs/seed_14026.log
368769,baseline,NHEFT,1,0.0,0,0,0,1.2405,1.5088,2.7493,499.4590999999996,12.8944,3,2,42,473,473,0,81.2723,2.0982,32,9,217,89,43,46,58.08334203720814,1.4995,48,11,320,169,96,73,21.758788,0,ok,logs/seed_368769.log
863024,baseline,NHEFT,1,0.0,0,0,0,1.2337,1.3409,2.5746,558.900099999999,12.667,4,2,46,444,444,0,103.22320000000003,2.3395,31,9,232,110,55,55,73.0775317397765,1.6562,40,12,290,157,97,60,21.758118,0,ok,logs/seed_863024.log
343909,baseline,NHEFT,1,0.0,0,0,0,1.236,1.1332,2.3692,657.2656999999987,20.5131,4,2,45,437,437,0,94.96489999999996,2.9638,39,9,256,117,47,70,61.68289953379953,1.9251,57,14,315,161,88,73,20.684562,0,ok,logs/seed_343909.log
333507,baseline,NHEFT,1,0.0,0,0,0,1.1668,1.3502,2.517,733.2737999999998,17.8542,8,4,66,433,433,0,127.69160000000002,3.1091,41,12,239,113,40,73,93.34908571986418,2.2729,48,10,301,148,95,53,23.063699,0,ok,logs/seed_333507.log
661131,baseline,NHEFT,1,0.0,0,0,0,1.2753,1.2284,2.5037,569.8488000000004,14.9299,5,2,48,449,449,0,89.15429999999999,2.3358,40,9,271,113,44,69,61.92047621657558,1.6223,42,9,309,141,85,56,21.406596,0,ok,logs/seed_661131.log
957275,baseline,NHEFT,1,0.0,0,0,0,1.2919,1.347,2.6389,709.9035999999995,17.6335,4,2,43,458,458,0,100.90690000000005,2.5064,31,8,228,98,44,54,58.31305024514201,1.4485,41,10,296,146,81,65,19.515445,0,ok,logs/seed_957275.log
999032,baseline,NHEFT,1,0.0,0,0,0,1.272,1.147,2.419,614.5311,14.6479,3,2,42,437,437,0,83.4535,1.9892,33,7,241,91,45,46,58.245852398523986,1.3883,44,10,285,118,76,42,23.198952,0,ok,logs/seed_999032.log
106107,baseline,NHEFT,1,0.0,0,0,0,1.2866,1.1422,2.4288,608.7135000000002,17.1931,3,2,42,446,446,0,107.3152,3.0311,34,12,233,120,50,70,71.1134221260816,2.0086,40,12,287,144,95,49,21.032866,0,ok,logs/seed_106107.log
892937,baseline,NHEFT,1,0.0,0,0,0,1.1126,1.0866,2.1992,478.40360000000015,10.5488,4,2,52,432,432,0,90.69829999999999,1.9999,36,8,237,104,52,52,65.69920602808111,1.4487,45,12,279,138,79,59,18.318007,0,ok,logs/seed_892937.log
500359,baseline,NHEFT,1,0.0,0,0,0,1.2101,1.2498,2.4599,666.5273000000013,17.5646,3,2,41,462,462,0,94.53719999999998,2.4913,40,13,249,120,50,70,65.84638485757122,1.7352,35,10,302,143,94,49,21.064138,0,ok,logs/seed_500359.log
709021,baseline,NHEFT,1,0.0,0,0,0,1.1056,1.1075,2.2131,564.0408999999997,13.7348,4,2,59,450,450,0,87.39200000000001,2.1281,30,7,264,84,44,40,75.96196878527986,1.8497,55,14,306,166,96,70,20.832918,0,ok,logs/seed_709021.log
616809,baseline,NHEFT,1,0.0,0,0,0,1.2133,0.9823,2.1956,917.1626000000016,28.3036,4,3,31,473,473,0,99.8938,3.0827,41,12,248,119,44,75,59.25138644449055,1.8285,46,11,320,156,93,63,23.568584,0,ok,logs/seed_616809.log
964750,baseline,NHEFT,1,0.0,0,0,0,1.1304,1.0061,2.1365,892.6245999999984,23.3615,4,3,39,459,459,0,118.87929999999999,3.1113,37,12,243,117,47,70,73.03659999999999,1.9115,37,10,310,149,85,64,19.819891,0,ok,logs/seed_964750.log
347599,baseline,NHEFT,1,0.0,0,0,0,1.1816,1.0294,2.211,521.4253000000003,13.9859,4,2,57,451,451,0,93.09389999999999,2.497,36,9,259,105,48,57,70.50823793652381,1.8912,45,12,300,155,97,58,19.295645,0,ok,logs/seed_347599.log
561541,baseline,NHEFT,1,0.0,0,0,0,1.231,1.1039,2.3349,648.8583,18.4493,7,4,70,428,428,0,118.47109999999998,3.3685,36,11,238,131,49,82,77.85017804878049,2.2136,40,9,289,132,92,40,20.728011,0,ok,logs/seed_561541.log
35471,baseline,NHEFT,1,0.0,0,0,0,1.215,1.0432,2.2582,796.702099999998,19.9633,4,2,43,475,475,0,103.49950000000004,2.5934,40,10,251,100,46,54,68.11006760949681,1.7067,42,9,310,136,78,58,23.679036,0,ok,logs/seed_35471.log
530889,baseline,NHEFT,1,0.0,0,0,0,1.1722,1.0138,2.186,988.2178000000014,22.0001,4,3,36,474,474,0,118.8973,2.6469,49,16,259,141,44,97,64.98289430434782,1.4467,53,14,344,185,96,89,24.833849,0,ok,logs/seed_530889.log
435171,baseline,NHEFT,1,0.0,0,0,0,1.0293,1.2571,2.2864,539.0710999999997,13.2942,3,2,42,423,423,0,85.36110000000002,2.1051,30,7,226,77,50,27,72.33222564243012,1.7838,43,10,279,126,75,51,20.653442,0,ok,logs/seed_435171.log
857091,baseline,NHEFT,1,0.0,0,0,0,1.1712,1.1636,2.3348,532.6780999999995,14.2881,4,2,43,441,441,0,88.5995,2.3765,40,11,245,108,46,62,59.08929545350734,1.585,44,11,304,144,84,60,19.406485,0,ok,logs/seed_857091.log
266083,baseline,NHEFT,1,0.0,0,0,0,1.1407,1.2543,2.395,547.9776999999991,16.435,5,2,48,469,469,0,87.03379999999997,2.6103,36,9,265,101,46,55,65.63712343868708,1.9686,41,10,323,151,87,64,22.920578,0,ok,logs/seed_266083.log
843150,baseline,NHEFT,1,0.0,0,0,0,1.2267,1.4238,2.6505,608.1393,14.6772,3,2,42,436,436,0,80.49179999999998,1.9426,33,8,246,85,46,39,54.057254329371816,1.3046,39,9,285,135,83,52,18.25533,0,ok,logs/seed_843150.log
323855,baseline,NHEFT,1,0.0,0,0,0,1.1893,1.3917,2.581,677.4130999999993,17.4045,3,2,40,485,485,0,82.89359999999999,2.1298,38,9,267,103,47,56,59.836568666666665,1.5374,46,10,308,135,82,53,24.238,0,ok,logs/seed_323855.log
759997,baseline,NHEFT,1,0.0,0,0,0,1.1292,1.404,2.5332,540.8572999999993,13.6093,4,2,60,451,451,0,98.6402,2.482,30,7,246,90,50,40,74.21067589582071,1.8673,41,11,299,143,83,60,20.576085,0,ok,logs/seed_759997.log
233845,baseline,NHEFT,1,0.0,0,0,0,1.1894,1.1534,2.3428,700.7042000000009,14.734,4,3,52,484,484,0,104.13110000000005,2.1896,32,9,219,104,54,50,70.21310163463282,1.4764,36,10,298,145,91,54,21.121077,0,ok,logs/seed_233845.log
397130,baseline,NHEFT,1,0.0,0,0,0,1.2782,1.3954,2.6736,539.7616000000002,13.4819,5,2,49,435,435,0,89.111,2.2258,36,9,246,90,47,43,73.30264052741151,1.8309,45,11,301,127,88,39,20.528776,0,ok,logs/seed_397130.log
683545,baseline,NHEFT,1,0.0,0,0,0,1.1772,1.3204,2.4976,748.401499999998,21.3333,4,3,45,465,465,0,113.05759999999995,3.2227,37,8,265,123,59,64,68.82991096637923,1.962,45,13,337,170,104,66,23.378302,0,ok,logs/seed_683545.log
265770,baseline,NHEFT,1,0.0,0,0,0,1.319,1.0278,2.3468,638.7159000000004,16.3585,4,3,56,448,448,0,106.83110000000003,2.7361,32,8,227,99,53,46,62.229635224212366,1.5938,48,12,309,174,101,73,22.912104,0,ok,logs/seed_265770.log
820890,baseline,NHEFT,1,0.0,0,0,0,1.1757,1.2805,2.4562,642.8981999999993,19.7761,4,3,38,462,462,0,83.92550000000003,2.5816,35,8,246,100,49,51,64.76014654756284,1.9921,36,9,291,116,77,39,18.170522,0,ok,logs/seed_820890.log
878022,baseline,NHEFT,1,0.0,0,0,0,1.048,1.2274,2.2754,587.5448000000001,14.2895,3,2,42,459,459,0,102.75330000000001,2.499,38,12,231,115,47,68,70.17630979541109,1.7067,40,12,293,158,89,69,21.229456,0,ok,logs/seed_878022.log
160041,baseline,NHEFT,1,0.0,0,0,0,1.3568,1.4386,2.7954,671.8504999999992,17.166,3,2,42,493,493,0,95.04659999999997,2.4285,34,8,277,96,47,49,66.15840355467367,1.6904,40,11,309,151,83,68,24.697251,0,ok,logs/seed_160041.log
904461,baseline,NHEFT,1,0.0,0,0,0,1.3346,1.4276,2.7622,626.3377999999999,15.6468,4,2,51,451,451,0,89.069,2.2251,32,9,228,99,51,48,62.41700172413793,1.5593,36,11,300,155,100,55,22.43164,0,ok,logs/seed_904461.log
641339,baseline,NHEFT,1,0.0,0,0,0,1.363,1.6448,3.0078,623.6586000000019,13.0906,4,2,43,477,477,0,106.80669999999998,2.2419,35,11,251,110,55,55,67.0846323984815,1.4081,49,12,334,168,87,81,20.153112,0,ok,logs/seed_641339.log
980412,baseline,NHEFT,1,0.0,0,0,0,1.2692,1.0925,2.3617,574.5885000000018,15.9014,3,2,42,435,435,0,89.45399999999997,2.4756,36,9,226,94,46,48,62.740786337314205,1.7363,35,10,272,125,81,44,18.872973,0,ok,logs/seed_980412.log
509693,baseline,NHEFT,1,0.0,0,0,0,1.2488,1.1553,2.4041,557.8972000000002,13.5398,5,3,64,462,462,0,97.85309999999998,2.3748,41,14,273,130,50,80,82.11356587956486,1.9928,48,11,318,176,114,62,24.298175,0,ok,logs/seed_509693.log
89260,baseline,NHEFT,1,0.0,0,0,0,1.242,1.3603,2.6023,606.7922,16.7822,5,3,45,459,459,0,102.70929999999998,2.8406,38,11,251,137,54,83,66.21167469308601,1.8312,48,12,317,183,108,75,22.927412,0,ok,logs/seed_89260.log
49537,baseline,NHEFT,1,0.0,0,0,0,1.2873,1.3239,2.6112,587.9864999999992,20.3292,4,2,46,473,473,0,89.2403,3.0854,30,9,255,89,49,40,58.45323211272141,2.021,41,10,322,137,85,52,18.271578,0,ok,logs/seed_49537.log
632773,baseline,NHEFT,1,0.0,0,0,0,1.2485,1.1,2.3485,749.3749999999993,20.6281,3,2,39,450,450,0,112.54289999999995,3.098,37,10,217,106,48,58,67.72366323966735,1.8642,39,10,280,134,94,40,19.827022,0,ok,logs/seed_632773.log
806015,baseline,NHEFT,1,0.0,0,0,0,1.2594,1.0954,2.3548,648.1890000000003,17.6407,3,2,42,463,463,0,89.53460000000001,2.4367,32,7,242,87,46,41,57.36333585838781,1.5612,53,10,325,151,88,63,21.581546,0,ok,logs/seed_806015.log
77261,baseline,NHEFT,1,0.0,0,0,0,1.1493,1.0954,2.2447,577.3455000000005,16.4663,6,3,58,466,466,0,118.40919999999998,3.3771,34,11,254,120,50,70,72.22582367601247,2.0599,43,12,297,154,91,63,18.51719,0,ok,logs/seed_77261.log
928757,baseline,NHEFT,1,0.0,0,0,0,1.283,1.1589,2.4419,936.5815000000016,22.5052,4,2,31,482,482,0,123.7268,2.973,28,8,201,89,43,46,75.249801,1.8082,43,11,305,147,77,70,19.537053,0,ok,logs/seed_928757.log
101503,baseline,NHEFT,1,0.0,0,0,0,1.2721,1.4088,2.6809,648.6900999999999,17.3614,2,1,41,453,453,0,105.2857,2.8178,28,7,229,109,53,56,64.17765260115607,1.7176,51,13,314,189,103,86,23.496957,0,ok,logs/seed_101503.log
771006,baseline,NHEFT,1,0.0,0,0,0,1.3937,1.2342,2.6279,613.6694000000003,16.7524,3,2,42,448,448,0,89.37559999999998,2.4398,29,9,217,83,43,40,62.693191440181266,1.7114,39,9,296,143,88,55,18.953731,0,ok,logs/seed_771006.log
980797,baseline,NHEFT,1,0.0,0,0,0,1.248,1.4922,2.7402,613.8875999999993,17.439,3,2,42,443,443,0,101.21590000000002,2.8753,31,8,210,105,44,61,71.28325820478962,2.025,35,10,280,144,91,53,21.293042,0,ok,logs/seed_980797.log
810307,baseline,NHEFT,1,0.0,0,0,0,1.383,1.2829,2.6659,574.2074999999998,18.3994,4,2,43,454,454,0,87.71910000000001,2.8108,35,12,230,105,42,63,73.50542923653889,2.3553,45,14,300,169,105,64,20.438631,0,ok,logs/seed_810307.log
601855,baseline,NHEFT,1,0.0,0,0,0,1.1309,1.0089,2.1398,507.7993999999992,10.3875,4,2,59,427,427,0,92.0263,1.8825,30,8,237,92,44,48,70.95647057739697,1.4515,42,12,282,140,83,57,19.007086,0,ok,logs/seed_601855.log
315131,baseline,NHEFT,1,0.0,0,0,0,1.0948,1.2007,2.2955,484.8409000000005,10.69,5,2,74,479,479,0,102.28160000000001,2.2551,42,9,294,116,50,66,84.3764745822549,1.8604,47,9,331,156,97,59,24.494348,0,ok,logs/seed_315131.log
857672,baseline,NHEFT,1,0.0,0,0,0,1.2399,1.0856,2.3255,543.5925999999994,14.4912,4,2,47,452,452,0,92.393,2.463,44,11,254,120,53,67,61.493429754871926,1.6393,43,11,302,159,95,64,18.845058,0,ok,logs/seed_857672.log
301408,baseline,NHEFT,1,0.0,0,0,0,1.0376,1.1284,2.166,872.6830000000019,22.542,4,2,29,457,457,0,124.78030000000003,3.2232,36,10,214,108,48,60,72.8583562559472,1.882,51,12,305,171,93,78,19.290903,0,ok,logs/seed_301408.log
477074,baseline,NHEFT,1,0.0,0,0,0,1.157,1.1577,2.3147,597.3214999999998,16.2809,4,2,43,488,488,0,90.1494,2.4572,30,7,248,90,50,40,69.63426651490816,1.898,49,13,321,166,84,82,19.190467,0,ok,logs/seed_477074.log
856925,baseline,NHEFT,1,0.0,0,0,0,1.1594,1.0943,2.2537,595.7524999999996,15.8795,4,2,43,414,414,0,87.79190000000001,2.3401,35,10,246,95,40,55,59.96641193506186,1.5984,49,10,281,130,77,53,19.686186,0,ok,logs/seed_856925.log
358293,baseline,NHEFT,1,0.0,0,0,0,1.0969,0.987,2.0839,719.0646999999984,20.4515,3,2,54,483,483,0,111.52220000000003,3.1719,42,10,262,113,56,57,66.43823902824576,1.8896,52,12,323,174,101,73,23.44121,0,ok,logs/seed_358293.log
419060,baseline,NHEFT,1,0.0,0,0,0,1.1619,1.0757,2.2376,713.0905999999999,16.7295,5,3,57,447,447,0,103.43359999999996,2.4266,27,7,229,74,48,26,60.409351434907045,1.4172,39,10,310,138,82,56,20.083718,0,ok,logs/seed_419060.log
279827,baseline,NHEFT,1,0.0,0,0,0,1.1504,1.1831,2.3335,601.4185999999992,15.4436,6,3,46,460,460,0,91.27579999999999,2.3438,36,9,235,95,51,44,62.88020856934307,1.6147,41,12,312,133,80,53,18.631277,0,ok,logs/seed_279827.log
492206,baseline,NHEFT,1,0.0,0,0,0,1.1728,1.3398,2.5126,506.20209999999975,14.4974,4,2,60,437,437,0,95.3325,2.7303,32,7,259,102,50,52,66.8834653309807,1.9155,56,15,319,183,92,91,20.861509,0,ok,logs/seed_492206.log
899477,baseline,NHEFT,1,0.0,0,0,0,1.2833,1.1348,2.4181,688.2848999999975,23.5737,4,2,42,464,464,0,99.12319999999998,3.395,33,8,259,90,47,43,64.84132199089136,2.2208,46,10,312,153,100,53,20.035722,0,ok,logs/seed_899477.log
598216,baseline,NHEFT,1,0.0,0,0,0,1.1887,1.3941,2.5828,628.1997999999995,16.3308,4,2,46,472,472,0,99.5882,2.5889,44,10,269,120,55,65,68.97601928151346,1.7931,61,15,327,184,96,88,27.215594,0,ok,logs/seed_598216.log
792100,baseline,NHEFT,1,0.0,0,0,0,1.1631,1.0976,2.2607,468.3185000000002,12.1631,4,2,50,427,427,0,88.17780000000003,2.2901,27,8,219,100,45,55,58.554954695596194,1.5208,44,9,300,152,94,58,20.979714,0,ok,logs/seed_792100.log
600819,baseline,NHEFT,1,0.0,0,0,0,1.4462,1.3559,2.8021,614.9886999999991,16.0664,3,2,42,467,467,0,91.42840000000004,2.3885,27,9,210,99,50,49,68.90374843074987,1.8001,41,10,273,137,93,44,23.590613,0,ok,logs/seed_600819.log
141930,baseline,NHEFT,1,0.0,0,0,0,1.3639,1.0143,2.3782,576.4598000000001,10.5827,4,2,56,489,489,0,85.8132,1.5754,34,10,294,106,48,58,74.8384850340136,1.3739,42,10,327,160,105,55,23.195591,0,ok,logs/seed_141930.log
92175,baseline,NHEFT,1,0.0,0,0,0,1.1466,0.9736,2.1202,683.6536000000002,21.9849,4,3,43,440,440,0,101.32600000000001,3.2584,33,9,226,103,48,55,55.50671385566947,1.785,54,12,319,171,100,71,20.551965,0,ok,logs/seed_92175.log
814416,baseline,NHEFT,1,0.0,0,0,0,1.1326,1.033,2.1656,544.2016000000003,9.936,4,2,57,456,456,0,113.50590000000001,2.0724,45,11,241,119,47,72,74.9734075630252,1.3689,42,12,286,156,94,62,22.515229,0,ok,logs/seed_814416.log
219838,baseline,NHEFT,1,0.0,0,0,0,1.2936,1.1773,2.4709,627.4854000000004,20.096,4,3,53,442,442,0,87.5809,2.8049,37,11,248,92,45,47,56.09565602178424,1.7965,42,10,291,121,85,36,17.882651,0,ok,logs/seed_219838.log
826599,baseline,NHEFT,1,0.0,0,0,0,1.283,1.2273,2.5103,578.4091999999996,16.8796,4,2,50,472,472,0,91.1872,2.6611,28,8,253,93,47,46,62.16665351515152,1.8142,42,11,309,173,94,79,20.684245,0,ok,logs/seed_826599.log
872887,baseline,NHEFT,1,0.0,0,0,0,1.1408,1.1251,2.2659,537.1526999999998,12.5435,5,2,49,458,458,0,90.73000000000002,2.1187,37,7,277,99,55,44,67.23910972899795,1.5702,44,11,318,156,95,61,23.208514,0,ok,logs/seed_872887.log
9276,baseline,NHEFT,1,0.0,0,0,0,1.1689,1.1078,2.2767,744.1789000000018,21.5328,4,2,39,458,458,0,108.5454,3.1408,28,8,205,82,44,38,65.10928419452887,1.8839,43,11,290,146,90,56,23.260127,0,ok,logs/seed_9276.log
476843,baseline,NHEFT,1,0.0,0,0,0,1.0935,1.123,2.2165,607.1648999999994,13.0045,5,2,56,460,460,0,95.48129999999999,2.0451,29,8,254,94,47,47,85.75195655555555,1.8367,48,11,311,157,102,55,23.9608,0,ok,logs/seed_476843.log
669745,baseline,NHEFT,1,0.0,0,0,0,1.2786,1.3412,2.6198,601.8189,14.5963,4,2,43,457,457,0,102.04820000000001,2.475,27,7,223,88,44,44,65.1432289524171,1.58,42,11,304,146,91,55,23.628255,0,ok,logs/seed_669745.log
348419,baseline,NHEFT,1,0.0,0,0,0,1.1149,1.1843,2.2992,637.4969999999998,15.6972,4,2,43,454,454,0,94.15210000000002,2.3183,36,10,249,113,46,67,72.56624537288134,1.7868,42,10,306,154,96,58,19.881808,0,ok,logs/seed_348419.log
459262,baseline,NHEFT,1,0.0,0,0,0,1.1297,0.9126,2.0423,637.3465000000007,14.9281,5,3,59,481,481,0,100.16110000000003,2.346,45,14,284,128,49,79,71.28011152113018,1.6695,55,12,346,169,106,63,26.420867,0,ok,logs/seed_459262.log
953735,baseline,NHEFT,1,0.0,0,0,0,1.3174,1.3438,2.6612,536.6393000000002,13.0544,5,3,56,464,464,0,103.46810000000002,2.517,43,9,279,113,47,66,65.33274002874079,1.5893,38,10,308,127,76,51,18.044535,0,ok,logs/seed_953735.log
438523,baseline,NHEFT,1,0.0,0,0,0,1.2033,1.1758,2.3791,503.7296000000009,13.06,4,2,51,451,451,0,86.8967,2.2529,31,9,229,88,44,44,57.53016855129708,1.4916,46,10,302,156,82,74,19.886055,0,ok,logs/seed_438523.log
671488,baseline,NHEFT,1,0.0,0,0,0,1.3857,1.2816,2.6673,704.1542999999989,20.1396,4,2,43,458,458,0,107.49100000000001,3.0744,30,7,221,92,42,50,66.08739196243684,1.8902,40,8,292,139,88,51,17.30617,0,ok,logs/seed_671488.log
959396,baseline,NHEFT,1,0.0,0,0,0,1.1263,1.0677,2.194,769.4810000000022,19.9205,3,2,41,470,470,0,103.51330000000002,2.6798,32,9,240,106,45,61,65.9216794774666,1.7066,42,10,308,144,94,50,23.193652,0,ok,logs/seed_959396.log
127531,baseline,NHEFT,1,0.0,0,0,0,1.3333,1.1748,2.5081,682.3379999999977,18.0513,6,4,55,460,460,0,116.89260000000003,3.0924,38,9,254,97,49,48,79.57558965517241,2.1052,48,11,316,172,98,74,21.536179,0,ok,logs/seed_127531.log
720158,baseline,NHEFT,1,0.0,0,0,0,1.0823,0.8816,1.9639,526.1746000000002,14.7366,4,2,43,455,455,0,95.68450000000001,2.6798,29,7,222,91,48,43,70.38671341482268,1.9713,41,9,302,135,86,49,19.957251,0,ok,logs/seed_720158.log
616958,baseline,NHEFT,1,0.0,0,0,0,1.2761,1.1002,2.3763,1030.067000000001,24.4531,4,3,42,482,482,0,124.58580000000003,2.9576,34,8,222,108,42,66,70.31382647523601,1.6692,58,11,347,169,98,71,24.077344,0,ok,logs/seed_616958.log
767920,baseline,NHEFT,1,0.0,0,0,0,1.1722,1.0051,2.1773,641.4194,18.4486,3,2,42,454,454,0,84.03,2.4169,39,12,252,113,47,66,56.57907777128774,1.6273,41,12,311,159,101,58,19.02067,0,ok,logs/seed_767920.log
286030,baseline,NHEFT,1,0.0,0,0,0,1.0646,1.109,2.1736,551.3148999999995,13.1204,5,2,58,458,458,0,91.53750000000001,2.1784,36,9,265,102,42,60,67.6901519607843,1.6109,45,12,323,152,89,63,19.326548,0,ok,logs/seed_286030.log
18671,baseline,NHEFT,1,0.0,0,0,0,0.9909,1.0308,2.0217,642.0041999999993,14.673,5,3,48,435,435,0,102.2954,2.338,35,9,245,96,47,49,70.64133604240283,1.6145,43,12,291,137,82,55,20.09792,0,ok,logs/seed_18671.log
348701,baseline,NHEFT,1,0.0,0,0,0,1.0902,1.0637,2.1539,624.2720999999991,12.753,3,2,42,451,451,0,93.39270000000002,1.9079,42,11,241,102,48,54,66.43629146521106,1.3572,41,10,284,138,89,49,21.046758,0,ok,logs/seed_348701.log
630160,baseline,NHEFT,1,0.0,0,0,0,1.1673,1.0705,2.2378,623.2770999999992,18.8666,5,3,61,458,458,0,96.81949999999998,2.9307,35,8,264,109,48,61,58.88498364779874,1.7824,47,11,327,160,87,73,20.824124,0,ok,logs/seed_630160.log
534421,baseline,NHEFT,1,0.0,0,0,0,1.0237,0.9646,1.9883,554.782799999998,15.7784,5,2,45,449,449,0,85.12680000000003,2.4211,35,9,270,107,48,59,60.641258936352514,1.7247,36,11,288,144,92,52,21.843068,0,ok,logs/seed_534421.log
550498,baseline,NHEFT,1,0.0,0,0,0,1.0981,1.3755,2.4736,664.8095999999975,12.5734,3,2,42,442,442,0,95.71680000000002,1.8103,23,6,228,79,47,32,69.10021609610266,1.3069,41,11,313,153,85,68,23.929318,0,ok,logs/seed_550498.log
440724,baseline,NHEFT,1,0.0,0,0,0,1.139,1.0234,2.1624,533.5693000000001,13.3663,4,2,62,454,454,0,92.39409999999998,2.3145,39,11,262,106,44,62,65.54184198286411,1.6419,49,11,317,157,89,68,21.166869,0,ok,logs/seed_440724.log
475946,baseline,NHEFT,1,0.0,0,0,0,1.1976,1.3021,2.4997,801.2112000000011,20.4195,5,4,61,472,472,0,119.0315,3.0336,39,11,253,99,51,48,82.11564686151013,2.0928,46,12,307,139,82,57,24.089015,0,ok,logs/seed_475946.log
522340,baseline,NHEFT,1,0.0,0,0,0,1.3976,1.1827,2.5803,592.5671999999995,17.5026,4,2,43,490,490,0,85.2454,2.5179,35,7,266,89,45,44,68.90375082497083,2.0352,44,10,302,133,89,44,22.685148,0,ok,logs/seed_522340.log
514258,baseline,NHEFT,1,0.0,0,0,0,1.1232,1.2609,2.3841,635.0739999999995,12.542,4,2,43,486,486,0,104.22860000000003,2.0584,34,9,251,102,49,53,74.23977967933972,1.4662,33,9,297,138,91,47,23.469226,0,ok,logs/seed_514258.log
222457,baseline,NHEFT,1,0.0,0,0,0,1.1814,1.3772,2.5586,653.7542999999993,17.1332,3,2,42,475,475,0,95.96690000000002,2.515,31,9,253,99,45,54,62.69963203883495,1.6432,32,9,291,122,75,47,20.085948,0,ok,logs/seed_222457.log
769416,baseline,NHEFT,1,0.0,0,0,0,1.1326,1.1373,2.2699,530.5147000000013,16.0018,3,2,42,424,424,0,101.21780000000004,3.053,29,9,184,91,45,46,69.19241185612695,2.087,27,10,231,100,70,30,14.606925,0,ok,logs/seed_769416.log
429996,baseline,NHEFT,1,0.0,0,0,0,1.108,0.9552,2.0632,647.0029999999982,15.1953,6,3,65,499,499,0,111.69720000000001,2.6233,51,16,303,170,49,121,66.94972336840097,1.5724,60,14,352,193,114,79,26.536552,0,ok,logs/seed_429996.log
657311,baseline,NHEFT,1,0.0,0,0,0,1.0722,1.0455,2.1177,576.8293000000001,12.0975,4,2,44,467,467,0,91.00580000000001,1.9086,39,10,248,108,49,59,68.03832528058844,1.4269,49,12,319,156,95,61,22.627486,0,ok,logs/seed_657311.log
402349,baseline,NHEFT,1,0.0,0,0,0,1.2511,1.0615,2.3126,846.0855,21.678,4,3,42,433,433,0,119.32380000000002,3.0573,37,12,240,136,47,89,63.668700712446345,1.6313,46,12,304,159,94,65,21.100038,0,ok,logs/seed_402349.log
434184,baseline,NHEFT,1,0.0,0,0,0,1.2395,1.1214,2.3609,975.0628999999997,24.675,6,3,41,441,441,0,110.53380000000003,2.7972,33,11,250,99,44,55,62.145525489795915,1.5727,57,14,313,172,92,80,21.258443,0,ok,logs/seed_434184.log
786598,baseline,NHEFT,1,0.0,0,0,0,1.1416,0.9138,2.0554,901.6933000000002,24.4283,5,3,42,466,466,0,110.55710000000002,2.9952,39,12,237,107,44,63,63.37357408464388,1.7169,50,12,320,152,76,76,22.616248,0,ok,logs/seed_786598.log
101351,baseline,NHEFT,1,0.0,0,0,0,1.2428,1.2462,2.489,563.6595999999998,16.9826,4,2,59,460,460,0,95.20899999999999,2.8686,34,10,268,108,43,65,67.41343736363638,2.0311,41,11,309,151,100,51,18.764,0,ok,logs/seed_101351.log
155305,baseline,NHEFT,1,0.0,0,0,0,1.1432,1.1399,2.2831,618.7759999999995,17.9088,3,2,49,469,469,0,90.81970000000001,2.6285,32,8,245,100,46,54,61.51336687677725,1.7803,42,10,317,137,90,47,20.070325,0,ok,logs/seed_155305.log
218988,baseline,NHEFT,1,0.0,0,0,0,1.138,1.2264,2.3644,563.4055999999997,13.9578,4,2,43,472,472,0,100.53980000000001,2.4908,32,9,257,111,48,63,68.5626970366577,1.6986,28,10,293,132,86,46,19.172807,0,ok,logs/seed_218988.log
981581,baseline,NHEFT,1,0.0,0,0,0,1.1348,1.1471,2.2819,570.7336000000017,14.2737,3,2,42,439,439,0,81.1849,2.0304,29,6,245,75,48,27,58.059473094910615,1.452,39,10,298,139,93,46,21.235873,0,ok,logs/seed_981581.log
495855,baseline,NHEFT,1,0.0,0,0,0,1.1761,1.0861,2.2622,661.6121999999992,18.4663,4,2,43,440,440,0,107.13550000000001,2.9903,26,10,232,109,44,65,67.93185170085438,1.8961,45,13,289,156,89,67,18.059678,0,ok,logs/seed_495855.log
708196,baseline,NHEFT,1,0.0,0,0,0,1.1802,1.3026,2.4828,658.0008000000006,13.4304,4,2,44,439,439,0,104.4179,2.1313,41,13,230,116,44,72,74.23003564551898,1.5151,39,9,268,135,80,55,22.912642,0,ok,logs/seed_708196.log
700191,baseline,NHEFT,1,0.0,0,0,0,1.2178,1.5273,2.7451,558.6822999999997,13.4569,4,2,46,468,468,0,102.07430000000001,2.4586,35,11,246,122,50,72,75.32504025233645,1.8143,45,11,304,184,101,83,21.973249,0,ok,logs/seed_700191.log
366645,baseline,NHEFT,1,0.0,0,0,0,1.1336,0.8941,2.0277,537.5484999999983,9.8208,4,2,55,462,462,0,92.044,1.6816,38,9,268,107,50,57,69.17081979194629,1.2637,44,12,310,144,95,49,20.494209,0,ok,logs/seed_366645.log
664766,baseline,NHEFT,1,0.0,0,0,0,1.2094,1.2792,2.4886,615.7755000000003,19.3612,5,2,53,449,449,0,102.01709999999997,3.2076,32,9,245,98,46,52,71.00969156626508,2.2327,40,10,297,124,72,52,19.174346,0,ok,logs/seed_664766.log
137324,baseline,NHEFT,1,0.0,0,0,0,1.1156,1.1685,2.2841,699.7784000000005,17.7951,4,2,43,490,490,0,101.66070000000002,2.5852,45,10,290,120,46,74,63.06466938286479,1.6037,44,11,346,151,95,56,21.786144,0,ok,logs/seed_137324.log
93537,baseline,NHEFT,1,0.0,0,0,0,1.1521,1.1095,2.2616,588.6301000000017,13.8735,4,2,45,435,435,0,97.24330000000002,2.2919,35,9,253,99,47,52,67.25634910001706,1.5852,43,11,286,136,81,55,18.654076,0,ok,logs/seed_93537.log
827786,baseline,NHEFT,1,0.0,0,0,0,1.2671,1.3353,2.6024,742.5173999999995,21.1721,3,2,42,466,466,0,105.68549999999999,3.0135,35,11,240,108,44,64,62.02400493022549,1.7685,47,12,304,162,79,83,24.254372,0,ok,logs/seed_827786.log
343941,baseline,NHEFT,1,0.0,0,0,0,1.2546,1.0306,2.2852,497.28180000000015,10.5331,4,2,61,444,444,0,93.36000000000001,1.9775,37,11,263,117,55,62,66.39537241911086,1.4063,49,12,306,163,91,72,22.122028,0,ok,logs/seed_343941.log
710910,baseline,NHEFT,1,0.0,0,0,0,1.2151,1.2239,2.439,584.9646,14.4123,5,3,55,436,436,0,86.3472,2.1274,28,8,232,78,43,35,60.77021161718021,1.4972,55,13,305,174,104,70,21.896539,0,ok,logs/seed_710910.log
335281,baseline,NHEFT,1,0.0,0,0,0,1.2625,1.0292,2.2917,583.1863999999997,18.1778,5,3,48,457,457,0,92.5216,2.8839,38,11,254,105,46,59,71.94099346168284,2.2424,37,10,285,131,80,51,26.705914,0,ok,logs/seed_335281.log
385234,baseline,NHEFT,1,0.0,0,0,0,1.1447,1.0365,2.1812,592.3769999999994,16.0477,4,2,43,436,436,0,92.6804,2.5108,29,9,217,95,42,53,61.8893547363184,1.6766,44,10,305,160,93,67,21.845708,0,ok,logs/seed_385234.log
566861,baseline,NHEFT,1,0.0,0,0,0,1.1041,0.923,2.0271,948.9304999999999,26.2827,4,4,42,442,442,0,109.2422,3.0257,41,12,229,108,44,64,65.33458000099854,1.8096,51,12,313,168,88,80,24.533845,0,ok,logs/seed_566861.log
794225,baseline,NHEFT,1,0.0,0,0,0,1.0846,0.981,2.0656,588.5905999999999,14.6162,4,2,44,469,469,0,97.19469999999998,2.4136,37,9,242,105,49,56,67.17586495005807,1.6681,44,11,330,134,79,55,22.511276,0,ok,logs/seed_794225.log
509569,baseline,NHEFT,1,0.0,0,0,0,1.174,1.5296,2.7036,616.9121999999992,12.9802,4,2,48,456,456,0,102.56020000000001,2.1579,36,10,259,122,48,74,73.96630193905818,1.5563,41,10,296,147,84,63,24.721306,0,ok,logs/seed_509569.log
949698,baseline,NHEFT,1,0.0,0,0,0,1.2687,1.0933,2.362,518.8827999999993,14.6054,4,2,53,450,450,0,93.7615,2.6392,37,10,247,108,49,59,63.28743286908078,1.7814,52,12,331,191,114,77,27.794778,0,ok,logs/seed_949698.log
553382,baseline,NHEFT,1,0.0,0,0,0,1.1792,1.3776,2.5568,761.6821000000006,18.27,4,2,43,461,461,0,112.96179999999995,2.7095,33,8,237,97,45,52,74.01551851179674,1.7754,51,10,316,153,79,74,24.221175,0,ok,logs/seed_553382.log
572482,baseline,NHEFT,1,0.0,0,0,0,1.2097,0.996,2.2057,559.4959000000003,14.9939,6,3,55,445,445,0,85.64020000000001,2.2951,32,9,223,92,54,38,59.40130767430026,1.5919,33,11,270,105,69,36,25.423118,0,ok,logs/seed_572482.log
389037,baseline,NHEFT,1,0.0,0,0,0,1.293,1.2248,2.5178,656.6540999999988,20.2281,3,2,32,432,432,0,84.30959999999999,2.5971,32,8,207,82,46,36,63.762519023779724,1.9642,50,12,303,155,96,59,22.907519,0,ok,logs/seed_389037.log
309802,baseline,NHEFT,1,0.0,0,0,0,1.1279,1.2872,2.4151,538.0727999999989,15.8938,3,2,42,439,439,0,107.23140000000001,3.1674,33,9,216,105,50,55,73.56316789259797,2.1729,40,8,299,146,94,52,23.087701,0,ok,logs/seed_309802.log
704427,baseline,NHEFT,1,0.0,0,0,0,1.1932,1.0463,2.2395,584.436400000001,14.3259,4,2,45,479,479,0,97.45970000000001,2.389,38,10,258,113,53,60,63.142510913308904,1.5478,46,11,319,147,103,44,24.810669,0,ok,logs/seed_704427.log
101580,baseline,NHEFT,1,0.0,0,0,0,1.3625,1.4942,2.8567,501.9984999999986,13.8958,4,2,52,452,452,0,100.303,2.7765,32,9,231,114,53,61,64.3625295200719,1.7816,36,10,285,145,91,54,24.9464,0,ok,logs/seed_101580.log
341337,baseline,NHEFT,1,0.0,0,0,0,1.127,0.8924,2.0194,613.8096000000003,13.0962,5,2,56,475,475,0,96.1034,2.0505,28,7,271,98,47,51,66.34597733674778,1.4156,43,9,334,137,94,43,25.339393,0,ok,logs/seed_341337.log
392761,baseline,NHEFT,1,0.0,0,0,0,1.1402,1.3496,2.4898,481.70489999999984,14.9616,4,2,60,441,441,0,82.29440000000001,2.556,29,8,261,91,50,41,68.3423043255814,2.1227,45,14,299,163,98,65,19.046978,0,ok,logs/seed_392761.log
481487,baseline,NHEFT,1,0.0,0,0,0,1.2958,1.1948,2.4906,623.3382999999992,15.6899,4,2,57,466,466,0,100.5618,2.5312,47,9,275,111,50,61,70.35783937007874,1.771,52,11,330,166,98,68,21.253082,0,ok,logs/seed_481487.log
399403,baseline,NHEFT,1,0.0,0,0,0,1.1682,1.0971,2.2653,732.7874999999999,17.6194,4,2,43,486,486,0,118.87850000000003,2.8584,39,12,236,120,53,67,64.79687234042552,1.558,50,12,331,165,108,57,26.539885,0,ok,logs/seed_399403.log
823258,baseline,NHEFT,1,0.0,0,0,0,1.2946,0.9997,2.2943,605.7658999999987,18.3022,3,2,41,446,446,0,80.5992,2.4352,32,7,238,86,46,40,55.63902508737362,1.681,45,11,285,130,84,46,20.894087,0,ok,logs/seed_823258.log
213758,baseline,NHEFT,1,0.0,0,0,0,1.1694,1.1791,2.3485,777.9176999999999,22.3255,5,3,41,469,469,0,90.58169999999998,2.5996,37,8,253,93,48,45,64.36403081009296,1.8472,48,10,306,147,88,59,23.646239,0,ok,logs/seed_213758.log
852462,baseline,NHEFT,1,0.0,0,0,0,1.0292,1.0859,2.1151,864.5239999999966,18.15,3,2,34,456,456,0,124.92960000000002,2.6228,37,12,225,122,44,78,68.44701797989032,1.437,51,13,313,161,83,78,20.124398,0,ok,logs/seed_852462.log
98150,baseline,NHEFT,1,0.0,0,0,0,1.2863,1.112,2.3983,577.937399999998,15.7933,3,2,42,473,473,0,79.54929999999999,2.1738,36,8,254,96,48,48,61.42075731100554,1.6784,43,11,324,122,73,49,21.6974,0,ok,logs/seed_98150.log
290105,baseline,NHEFT,1,0.0,0,0,0,1.2005,1.2132,2.4137,632.7915999999993,22.4184,4,2,46,446,446,0,103.67029999999998,3.6728,30,10,231,110,46,64,64.71796849816849,2.2928,46,12,309,164,99,65,21.214581,0,ok,logs/seed_290105.log
411034,baseline,NHEFT,1,0.0,0,0,0,1.292,1.1461,2.4381,597.7083999999992,15.6977,5,3,60,431,431,0,109.36920000000002,2.8724,33,11,236,114,40,74,74.22570100000002,1.9494,49,12,300,174,98,76,17.974763,0,ok,logs/seed_411034.log
269026,baseline,NHEFT,1,0.0,0,0,0,1.3277,1.1176,2.4453,484.5590999999997,12.8374,4,2,59,467,467,0,92.3178,2.4458,34,9,239,109,54,55,70.44691578413523,1.8663,47,11,305,165,103,62,25.813522,0,ok,logs/seed_269026.log
69100,baseline,NHEFT,1,0.0,0,0,0,1.0661,0.9482,2.0143,629.3517999999985,20.3283,4,2,59,476,476,0,108.2404,3.4962,48,14,288,152,41,111,80.31271274328545,2.5941,37,11,305,154,95,59,22.725796,0,ok,logs/seed_69100.log
433242,baseline,NHEFT,1,0.0,0,0,0,1.0879,1.2036,2.2915,612.6568000000003,14.9629,5,3,62,419,419,0,112.47179999999999,2.7469,46,13,253,130,40,90,88.10774932126697,2.1519,44,10,292,152,99,53,16.364339,0,ok,logs/seed_433242.log
931676,baseline,NHEFT,1,0.0,0,0,0,1.0924,1.0546,2.147,560.8153000000005,13.7405,4,2,58,462,462,0,95.7792,2.3467,45,13,271,124,49,75,64.38158402457454,1.5774,48,11,324,162,93,69,23.496466,0,ok,logs/seed_931676.log
281692,baseline,NHEFT,1,0.0,0,0,0,1.1555,1.0964,2.2519,580.8787999999986,15.7184,4,2,53,475,475,0,97.09009999999999,2.6272,30,9,253,95,50,45,60.251204255319166,1.6304,46,10,318,144,80,64,22.030178,0,ok,logs/seed_281692.log
904446,baseline,NHEFT,1,0.0,0,0,0,1.0776,1.4068,2.4844,580.2192999999997,17.3504,4,3,58,455,455,0,98.75550000000001,2.9531,43,10,249,114,48,66,64.51564660194174,1.9292,46,9,321,145,85,60,21.404375,0,ok,logs/seed_904446.log
831666,baseline,NHEFT,1,0.0,0,0,0,1.1875,1.0007,2.1882,548.3824000000003,14.356,7,3,61,476,476,0,86.28689999999997,2.2589,36,8,252,97,52,45,62.33425042275173,1.6318,37,10,276,125,79,46,19.721048,0,ok,logs/seed_831666.log
83588,baseline,NHEFT,1,0.0,0,0,0,1.2802,1.1229,2.4031,518.2953000000012,12.4745,4,2,43,469,469,0,80.45799999999997,1.9365,29,10,237,98,46,52,61.794112524850895,1.4873,45,12,315,147,78,69,17.509399,0,ok,logs/seed_83588.log
326878,baseline,NHEFT,1,0.0,0,0,0,1.2116,1.2189,2.4305,647.6073999999988,18.8997,4,2,44,465,465,0,96.6739,2.8213,32,10,253,93,44,49,62.944001,1.8369,44,10,311,147,87,60,26.273289,0,ok,logs/seed_326878.log
928118,baseline,NHEFT,1,0.0,0,0,0,1.3353,1.2503,2.5856,505.0962000000017,12.3128,5,2,60,459,459,0,84.38390000000001,2.057,37,8,272,102,49,53,61.8869118626198,1.5086,46,9,317,159,97,62,24.765007,0,ok,logs/seed_928118.log
890764,baseline,NHEFT,1,0.0,0,0,0,1.1089,1.1461,2.255,652.8068000000007,14.9576,5,3,54,479,479,0,92.35840000000002,2.1162,32,8,253,94,55,39,59.959733864197524,1.3738,47,11,312,152,94,58,22.103259,0,ok,logs/seed_890764.log
355815,baseline,NHEFT,1,0.0,0,0,0,1.2509,1.5174,2.7683,583.7300000000015,14.4823,5,2,63,457,457,0,114.86960000000002,2.8499,40,10,266,128,47,81,81.06065841346513,2.0111,31,8,291,138,90,48,27.318704,0,ok,logs/seed_355815.log
368407,baseline,NHEFT,1,0.0,0,0,0,1.3335,1.3437,2.6772,739.7429999999996,25.617,5,3,48,494,494,0,118.584,4.1065,29,7,258,91,55,36,74.291901,2.5727,42,10,304,158,85,73,21.790186,0,ok,logs/seed_368407.log
874310,baseline,NHEFT,1,0.0,0,0,0,1.0965,1.0247,2.1212,718.4103999999999,15.1361,3,2,42,468,468,0,89.4298,1.8842,40,8,272,85,45,40,68.37609576109395,1.4406,46,9,313,139,87,52,22.806782,0,ok,logs/seed_874310.log
971526,baseline,NHEFT,1,0.0,0,0,0,1.2945,1.1627,2.4572,643.2857999999997,15.905,4,2,44,484,484,0,98.86999999999999,2.4445,31,9,247,86,44,42,67.91419281625402,1.6791,46,11,317,146,95,51,23.144952,0,ok,logs/seed_971526.log
563565,baseline,NHEFT,1,0.0,0,0,0,1.0707,0.9826,2.0533,607.2681999999988,12.4162,8,5,78,441,441,0,114.134,2.3336,33,9,247,114,49,65,76.43765198039218,1.5628,41,10,297,156,98,58,20.153058,0,ok,logs/seed_563565.log
943133,baseline,NHEFT,1,0.0,0,0,0,1.2549,1.1649,2.4198,601.6970000000023,15.0162,4,2,45,462,462,0,116.2901,2.9022,38,12,253,138,50,88,81.05103053736654,2.0227,43,11,284,154,90,64,18.271109,0,ok,logs/seed_943133.log
455182,baseline,NHEFT,1,0.0,0,0,0,1.3165,1.6149,2.9314,692.0947999999995,17.3624,4,3,50,452,452,0,99.98220000000005,2.5082,29,8,237,91,53,38,65.29329400231997,1.638,45,12,310,165,89,76,20.730725,0,ok,logs/seed_455182.log
719709,baseline,NHEFT,1,0.0,0,0,0,1.1844,1.0453,2.2297,606.2248000000004,11.4302,6,2,59,463,463,0,99.69959999999999,1.8798,29,7,260,86,49,37,74.01915268192545,1.3956,52,12,310,164,107,57,20.249109,0,ok,logs/seed_719709.log
720998,baseline,NHEFT,1,0.0,0,0,0,1.2012,0.9793,2.1805,957.3510999999983,22.2515,7,4,46,462,462,0,111.86400000000003,2.6,40,9,259,103,45,58,72.7088984508504,1.69,58,12,333,183,114,69,23.464232,0,ok,logs/seed_720998.log
747524,baseline,NHEFT,1,0.0,0,0,0,1.3129,1.4719,2.7848,642.6041000000004,16.28,4,2,48,476,476,0,99.36730000000001,2.5174,37,10,259,108,45,63,95.53430299004974,2.4203,40,10,308,177,105,72,21.078644,0,ok,logs/seed_747524.log
252772,baseline,NHEFT,1,0.0,0,0,0,1.1352,1.0346,2.1698,471.5291000000001,12.7774,5,2,63,483,483,0,84.99789999999999,2.3032,35,9,278,105,51,54,57.87812967189728,1.5684,51,11,326,157,98,59,24.388735,0,ok,logs/seed_252772.log
175281,baseline,NHEFT,1,0.0,0,0,0,1.1853,1.0909,2.2762,687.4192999999995,17.3693,4,3,55,464,464,0,96.7472,2.4445,35,11,236,98,45,53,62.828368816997425,1.5875,42,9,309,132,86,46,23.407853,0,ok,logs/seed_175281.log
72567,baseline,NHEFT,1,0.0,0,0,0,1.3037,1.1845,2.4882,678.5006999999978,21.2848,3,2,40,438,438,0,91.0122,2.8551,25,6,208,64,40,24,63.01541984241546,1.9768,45,10,297,141,79,62,23.556097,0,ok,logs/seed_72567.log
937978,baseline,NHEFT,1,0.0,0,0,0,1.206,1.1158,2.3218,552.6867000000007,11.8501,5,3,57,444,444,0,102.22729999999996,2.1919,32,10,237,113,54,59,71.63807878787877,1.536,37,11,289,138,88,50,21.868824,0,ok,logs/seed_937978.log
543059,baseline,NHEFT,1,0.0,0,0,0,1.3119,1.5419,2.8538,640.8354000000013,16.1622,3,2,42,437,437,0,107.2239,2.7042,30,8,215,84,50,34,71.01026432678454,1.7909,49,11,304,144,91,53,22.029884,0,ok,logs/seed_543059.log
48503,baseline,NHEFT,1,0.0,0,0,0,1.2054,1.0013,2.2067,540.6229999999996,15.0932,4,2,49,416,416,0,93.64269999999999,2.6143,33,10,235,114,44,70,58.98460000000001,1.6467,39,8,283,140,92,48,19.329362,0,ok,logs/seed_48503.log
738560,baseline,NHEFT,1,0.0,0,0,0,1.2071,1.0094,2.2165,611.9956000000009,13.197,6,3,71,483,483,0,100.4312,2.1657,46,12,290,143,45,98,69.900185475986,1.5073,49,12,326,178,104,74,22.066987,0,ok,logs/seed_738560.log
975608,baseline,NHEFT,1,0.0,0,0,0,1.2125,1.0352,2.2477,691.5878999999999,15.1155,3,2,42,470,470,0,99.74839999999999,2.1801,40,11,259,110,42,68,68.80372123125491,1.5038,47,12,293,143,80,63,19.007039,0,ok,logs/seed_975608.log
683245,baseline,NHEFT,1,0.0,0,0,0,1.1921,1.1612,2.3533,492.434700000001,13.4849,4,2,62,455,455,0,101.06349999999999,2.7675,31,9,221,113,46,67,71.83766380876654,1.9672,49,14,317,167,82,85,21.401018,0,ok,logs/seed_683245.log
781133,baseline,NHEFT,1,0.0,0,0,0,1.1956,1.2064,2.402,597.6162999999997,13.6424,4,2,43,470,470,0,95.7908,2.1867,37,11,227,111,52,59,72.38986216872127,1.6525,38,11,276,140,90,50,20.675221,0,ok,logs/seed_781133.log
43408,baseline,NHEFT,1,0.0,0,0,0,1.308,1.3076,2.6156,661.2623999999994,18.1607,3,2,42,451,451,0,91.09929999999997,2.5019,32,7,241,82,47,35,62.81323540669855,1.7251,43,10,307,142,88,54,23.313909,0,ok,logs/seed_43408.log
226631,baseline,NHEFT,1,0.0,0,0,0,1.1464,1.1953,2.3417,611.4966999999995,13.8381,3,2,42,441,441,0,89.50480000000002,2.0255,34,10,227,91,51,40,67.25680203189344,1.522,53,11,322,178,106,72,22.331604,0,ok,logs/seed_226631.log
181152,baseline,NHEFT,1,0.0,0,0,0,1.2874,1.4104,2.6978,620.535299999999,19.428,4,3,48,450,450,0,98.9053,3.0966,26,7,200,69,48,21,67.7774684704241,2.122,45,12,302,151,90,61,21.334257,0,ok,logs/seed_181152.log
429823,baseline,NHEFT,1,0.0,0,0,0,1.1958,1.1677,2.3635,733.9642999999998,21.1819,5,3,46,463,463,0,119.9478,3.4616,37,10,251,125,47,78,76.21068148820325,2.1994,41,10,320,164,105,59,26.372858,0,ok,logs/seed_429823.log
404672,baseline,NHEFT,1,0.0,0,0,0,1.0026,0.9452,1.9478,637.2964999999999,16.2072,4,2,41,458,458,0,87.02179999999998,2.2131,33,9,226,81,42,39,64.2114825907859,1.633,48,12,326,154,84,70,21.589818,0,ok,logs/seed_404672.log
877698,baseline,NHEFT,1,0.0,0,0,0,1.188,0.8506,2.0386,567.3140000000002,16.2819,2,1,42,458,458,0,87.89209999999999,2.5225,39,7,246,95,48,47,60.13861107628003,1.726,47,10,310,137,88,49,24.587577,0,ok,logs/seed_877698.log
958202,baseline,NHEFT,1,0.0,0,0,0,1.1595,1.3983,2.5578,717.0644999999992,18.1508,4,2,43,454,454,0,97.88819999999997,2.4778,30,9,228,90,42,48,64.77733350396967,1.6397,51,11,326,159,93,66,21.612358,0,ok,logs/seed_958202.log
544591,baseline,NHEFT,1,0.0,0,0,0,1.18,1.0962,2.2762,565.967400000001,15.5291,4,2,43,457,457,0,86.1328,2.3633,28,7,217,88,49,39,56.411772887885775,1.5478,38,11,296,133,79,54,24.599214,0,ok,logs/seed_544591.log
539008,baseline,NHEFT,1,0.0,0,0,0,1.1139,1.2282,2.3421,678.7107999999996,13.7446,6,3,54,465,465,0,107.57419999999998,2.1785,31,8,241,92,48,44,66.44291881475705,1.3455,43,9,313,159,96,63,23.419583,0,ok,logs/seed_539008.log
183645,baseline,NHEFT,1,0.0,0,0,0,1.3706,1.3012,2.6718,574.3914999999987,15.0472,4,2,56,460,460,0,102.8197,2.6935,33,11,255,102,47,55,70.92023433333334,1.8579,36,11,287,137,84,53,19.470195,0,ok,logs/seed_183645.log
701092,baseline,NHEFT,1,0.0,0,0,0,1.3041,1.217,2.5211,627.2923000000008,16.4113,4,2,45,460,460,0,95.18580000000001,2.4903,38,9,255,100,48,52,70.4169321064996,1.8423,52,13,324,185,116,69,22.028958,0,ok,logs/seed_701092.log
529935,baseline,NHEFT,1,0.0,0,0,0,1.2625,1.1986,2.4611,562.7192000000002,15.615,4,2,49,444,444,0,99.99459999999999,2.7748,32,10,229,92,46,46,66.00828877005348,1.8317,47,12,299,144,80,64,17.130592,0,ok,logs/seed_529935.log
159302,baseline,NHEFT,1,0.0,0,0,0,1.0983,0.9721,2.0704,799.0617999999994,21.4688,4,2,37,471,471,0,115.01999999999998,3.0903,36,12,227,106,42,64,66.59184536652319,1.7892,48,12,311,174,98,76,26.190216,0,ok,logs/seed_159302.log
946627,baseline,NHEFT,1,0.0,0,0,0,1.1913,1.1326,2.3239,570.8032000000009,14.3624,5,2,44,460,460,0,92.56750000000001,2.3292,34,9,250,112,48,64,72.05768684210528,1.8131,47,11,321,165,107,58,26.19547,0,ok,logs/seed_946627.log
367625,baseline,NHEFT,1,0.0,0,0,0,1.1919,1.0912,2.2831,638.2964999999989,19.3762,4,3,53,455,455,0,96.80309999999999,2.9386,32,8,222,97,51,46,79.33114029433276,2.4082,49,12,303,150,102,48,21.474549,0,ok,logs/seed_367625.log
177782,baseline,NHEFT,1,0.0,0,0,0,1.3404,1.242,2.5824,577.9590000000001,15.735,5,2,44,465,465,0,102.47420000000001,2.7899,37,11,252,120,51,69,101.24743030819135,2.7565,37,11,303,134,97,37,19.095796,0,ok,logs/seed_177782.log
302988,baseline,NHEFT,1,0.0,0,0,0,1.2369,1.4201,2.657,617.6130000000004,22.7281,3,2,42,446,446,0,91.67119999999997,3.3735,30,10,214,100,42,58,59.34524672833366,2.1839,39,10,282,128,76,52,21.945057,0,ok,logs/seed_302988.log
192553,baseline,NHEFT,1,0.0,0,0,0,1.3308,1.0874,2.4182,806.2965999999977,25.3184,5,3,47,479,479,0,103.90499999999997,3.2627,40,12,243,109,45,64,67.60559631449632,2.1229,40,10,307,143,93,50,20.995322,0,ok,logs/seed_192553.log
835851,baseline,NHEFT,1,0.0,0,0,0,1.2126,1.43,2.6426,741.5684000000017,20.422,5,3,55,452,452,0,112.2482,3.0912,26,6,217,81,49,32,70.59834482758619,1.9442,49,11,314,159,87,72,21.337374,0,ok,logs/seed_835851.log
598671,baseline,NHEFT,1,0.0,0,0,0,1.3949,1.176,2.5709,595.5733000000007,16.7778,3,2,42,470,470,0,93.00810000000001,2.6201,36,11,245,123,51,72,55.251534448160534,1.5565,45,12,333,175,94,81,22.690991,0,ok,logs/seed_598671.log
517206,baseline,NHEFT,1,0.0,0,0,0,1.0509,1.3893,2.4402,698.1988999999991,15.228,5,2,64,448,448,0,123.54409999999997,2.6945,46,12,271,135,48,87,93.39661653784863,2.037,41,10,297,152,101,51,22.958237,0,ok,logs/seed_517206.log
10492,baseline,NHEFT,1,0.0,0,0,0,1.1875,1.1355,2.323,445.7907000000004,9.2825,4,2,61,423,423,0,84.78809999999999,1.7655,48,11,269,121,47,74,62.52860504774898,1.302,44,9,291,126,85,41,22.743864,0,ok,logs/seed_10492.log
120821,baseline,NHEFT,1,0.0,0,0,0,1.1855,1.2585,2.444,762.5779999999993,20.3493,3,2,42,476,476,0,98.01000000000002,2.6154,33,8,243,91,47,44,65.53525865189586,1.7488,41,11,298,138,83,55,23.576657,0,ok,logs/seed_120821.log
41152,baseline,NHEFT,1,0.0,0,0,0,1.2668,1.3027,2.5695,751.6961000000008,19.5343,4,2,43,474,474,0,107.0377,2.7816,26,10,215,99,45,54,74.73121510375894,1.942,44,12,305,171,82,89,24.033308,0,ok,logs/seed_41152.log
642504,baseline,NHEFT,1,0.0,0,0,0,1.3062,1.2466,2.5528,626.9137000000007,20.2832,4,2,38,458,458,0,79.22299999999998,2.5632,33,9,248,84,44,40,58.633520761215635,1.897,54,12,331,164,96,68,20.438644,0,ok,logs/seed_642504.log
362252,baseline,NHEFT,1,0.0,0,0,0,1.1967,1.2338,2.4305,505.6215000000005,15.2286,5,2,47,447,447,0,91.03790000000001,2.7419,41,9,248,112,54,58,61.58489640423003,1.8549,51,12,311,151,96,55,27.037195,0,ok,logs/seed_362252.log
129046,baseline,NHEFT,1,0.0,0,0,0,1.1182,1.1549,2.2731,668.6161999999995,16.907,4,2,43,465,465,0,94.17569999999999,2.3814,32,9,251,91,45,46,70.52927637795275,1.7834,42,12,302,134,88,46,22.772986,0,ok,logs/seed_129046.log
302190,baseline,NHEFT,1,0.0,0,0,0,1.2841,1.1584,2.4425,600.1807000000007,19.2139,3,2,42,466,466,0,95.7451,3.0651,38,14,224,118,43,75,60.19641319794345,1.9271,52,14,308,168,88,80,26.778436,0,ok,logs/seed_302190.log
757010,baseline,NHEFT,1,0.0,0,0,0,1.1858,1.1832,2.369,568.3839999999993,11.8502,4,2,46,440,440,0,95.5434,1.992,34,10,204,96,50,46,68.61360989856321,1.4305,49,12,287,158,100,58,25.489114,0,ok,logs/seed_757010.log
104638,baseline,NHEFT,1,0.0,0,0,0,1.3595,1.3625,2.722,697.8493000000013,19.1457,3,2,42,458,458,0,95.23509999999996,2.6128,36,11,258,98,50,48,68.12984273504274,1.8692,43,10,289,131,81,50,22.511488,0,ok,logs/seed_104638.log
843408,baseline,NHEFT,1,0.0,0,0,0,1.3473,1.1699,2.5172,695.1046000000001,14.1372,4,3,45,457,457,0,105.29489999999997,2.1415,26,6,223,90,46,44,67.65992632337877,1.3761,41,11,293,150,83,67,17.777466,0,ok,logs/seed_843408.log
508994,baseline,NHEFT,1,0.0,0,0,0,1.1151,1.0943,2.2094,533.995999999999,17.0464,4,2,57,476,476,0,103.792,3.3133,43,12,250,140,44,96,67.4419188320925,2.1529,50,12,332,171,99,72,23.044833,0,ok,logs/seed_508994.log
604086,baseline,NHEFT,1,0.0,0,0,0,1.181,1.1754,2.3564,551.4600999999997,18.0762,4,2,58,481,481,0,95.90239999999999,3.1436,39,12,275,146,49,97,73.29693565045594,2.4026,52,13,320,186,100,86,23.500863,0,ok,logs/seed_604086.log
756232,baseline,NHEFT,1,0.0,0,0,0,1.3005,1.2645,2.565,528.6736000000005,14.2866,4,2,46,438,438,0,92.03569999999998,2.4871,36,10,218,107,48,59,63.15835964912281,1.7068,39,11,294,140,98,42,21.926767,0,ok,logs/seed_756232.log
752351,baseline,NHEFT,1,0.0,0,0,0,1.0531,0.8807,1.9338,653.3897000000014,14.8818,4,2,47,451,451,0,100.25110000000001,2.2834,49,13,285,130,47,83,72.8996501185558,1.6604,55,14,315,175,96,79,22.614824,0,ok,logs/seed_752351.log
532132,baseline,NHEFT,1,0.0,0,0,0,1.2488,1.2518,2.5006,597.6528999999992,18.8553,4,2,46,438,438,0,98.5548,3.1093,43,11,266,119,48,71,62.91020597609561,1.9847,35,10,280,112,70,42,21.271155,0,ok,logs/seed_532132.log
715672,baseline,NHEFT,1,0.0,0,0,0,1.2343,1.301,2.5353,638.9994999999994,17.1648,4,2,46,443,443,0,101.1679,2.7176,31,8,245,94,46,48,63.39362843731642,1.7029,45,12,316,166,83,83,20.309699,0,ok,logs/seed_715672.log
244053,baseline,NHEFT,1,0.0,0,0,0,1.217,1.459,2.676,580.9644999999997,16.9621,4,2,58,434,434,0,112.12440000000001,3.2736,30,10,222,98,42,56,77.99712225149457,2.2772,32,10,264,137,87,50,20.440766,0,ok,logs/seed_244053.log
360248,baseline,NHEFT,1,0.0,0,0,0,1.1151,1.1934,2.3085,605.0522000000002,14.5226,3,2,42,437,437,0,87.28620000000001,2.0951,33,10,236,97,45,52,62.93764026974954,1.5106,45,13,303,172,100,72,21.475185,0,ok,logs/seed_360248.log
320801,baseline,NHEFT,1,0.0,0,0,0,1.3495,1.6047,2.9542,638.8155999999997,20.5771,4,2,38,468,468,0,86.16300000000001,2.7754,29,8,225,71,46,25,65.84313016763006,2.1209,41,10,304,145,94,51,24.678815,0,ok,logs/seed_320801.log
469418,baseline,NHEFT,1,0.0,0,0,0,1.2877,1.3576,2.6453,842.953999999999,28.3598,4,2,30,432,432,0,111.7527,3.7597,37,13,211,107,43,64,78.72590131578949,2.6486,40,9,263,133,88,45,20.242474,0,ok,logs/seed_469418.log
622181,baseline,NHEFT,1,0.0,0,0,0,1.0237,0.9312,1.9549,605.6890000000003,16.2804,4,2,57,466,466,0,101.96269999999998,2.7407,35,9,261,105,56,49,73.9741844339915,1.9884,46,11,324,156,96,60,23.391199,0,ok,logs/seed_622181.log
264411,baseline,NHEFT,1,0.0,0,0,0,1.1493,1.0675,2.2168,1023.6690000000002,27.4917,5,3,27,492,492,0,105.17350000000003,2.8245,39,9,260,113,45,68,63.181853819380194,1.6968,47,10,327,146,84,62,25.055317,0,ok,logs/seed_264411.log
311857,baseline,NHEFT,1,0.0,0,0,0,1.3132,1.1268,2.44,621.2910000000005,13.1285,4,2,43,453,453,0,92.5934,1.9566,39,12,264,126,43,83,62.06878713365796,1.3116,45,12,292,146,86,60,18.9174,0,ok,logs/seed_311857.log
252607,baseline,NHEFT,1,0.0,0,0,0,1.1665,1.2356,2.4021,770.1136000000005,15.8076,5,3,63,478,478,0,126.57549999999999,2.5981,47,13,275,126,47,79,101.7948643387816,2.0895,40,11,313,163,102,61,26.216228,0,ok,logs/seed_252607.log
420553,baseline,NHEFT,1,0.0,0,0,0,1.3318,1.1573,2.4891,608.1247000000009,15.5745,4,2,42,470,470,0,77.96299999999998,1.9967,28,7,235,77,44,33,58.45266452578139,1.497,44,12,324,167,98,69,22.931605,0,ok,logs/seed_420553.log
802672,baseline,NHEFT,1,0.0,0,0,0,1.2438,1.1993,2.4431,698.8824000000014,14.1235,6,3,51,458,458,0,117.77500000000002,2.3801,33,8,221,91,41,50,66.92509718777943,1.3525,42,11,306,132,75,57,26.043929,0,ok,logs/seed_802672.log
26302,baseline,NHEFT,1,0.0,0,0,0,1.2125,1.2739,2.4864,523.8879999999995,9.9359,4,2,43,436,436,0,95.48230000000001,1.8109,41,15,231,115,46,69,70.51851070277239,1.3374,36,10,282,128,86,42,22.278706,0,ok,logs/seed_26302.log
42701,baseline,NHEFT,1,0.0,0,0,0,1.2177,1.245,2.4627,590.9792999999997,17.713,4,2,48,479,479,0,93.5473,2.8038,37,10,267,123,50,73,62.64499733856448,1.8776,39,9,313,160,110,50,20.925789,0,ok,logs/seed_42701.log
694217,baseline,NHEFT,1,0.0,0,0,0,1.0872,1.1176,2.2048,557.5062999999991,17.8424,4,2,45,455,455,0,89.7581,2.8726,37,9,234,100,49,51,61.39510257168879,1.9649,52,13,326,166,96,70,23.505102,0,ok,logs/seed_694217.log
730247,baseline,NHEFT,1,0.0,0,0,0,1.139,0.9611,2.1001,589.6775000000001,17.3689,4,2,52,463,463,0,97.61330000000001,2.8752,29,9,246,96,50,46,63.523661543579514,1.8711,49,12,318,168,109,59,24.138208,0,ok,logs/seed_730247.log
41076,baseline,NHEFT,1,0.0,0,0,0,1.2591,1.2513,2.5104,541.3135,14.148,4,2,43,435,435,0,88.51089999999998,2.3134,36,10,233,87,46,41,62.01792127434618,1.6209,45,11,302,147,93,54,22.56501,0,ok,logs/seed_41076.log
502796,baseline,NHEFT,1,0.0,0,0,0,1.0539,1.0355,2.0894,832.1764999999981,22.3857,5,3,58,455,455,0,115.03150000000001,3.0944,41,13,256,138,41,97,85.5761248095238,2.302,54,13,313,166,95,71,24.509628,0,ok,logs/seed_502796.log
709473,baseline,NHEFT,1,0.0,0,0,0,1.1345,0.9896,2.1241,733.7214000000002,21.3405,3,2,45,486,486,0,90.82780000000002,2.6417,35,7,254,96,45,51,54.18275870646765,1.5759,52,11,327,141,97,44,23.699412,0,ok,logs/seed_709473.log
26140,baseline,NHEFT,1,0.0,0,0,0,1.3036,1.1736,2.4772,593.3169999999998,16.2365,5,2,54,494,494,0,91.02519999999997,2.491,33,10,274,111,51,60,68.23585632049307,1.8673,39,11,313,171,107,64,20.154949,0,ok,logs/seed_26140.log
540656,baseline,NHEFT,1,0.0,0,0,0,1.3533,1.1971,2.5504,554.1112000000004,13.8404,6,3,47,439,439,0,88.23630000000001,2.2039,29,8,265,92,49,43,61.03024087943262,1.5244,42,10,294,166,92,74,18.127016,0,ok,logs/seed_540656.log
343393,baseline,NHEFT,1,0.0,0,0,0,1.2053,1.1179,2.3232,763.8393000000001,18.9148,3,2,41,473,473,0,108.15530000000003,2.6782,32,9,248,113,49,64,63.9869375180713,1.5845,49,13,320,183,102,81,20.162279,0,ok,logs/seed_343393.log
412975,baseline,NHEFT,1,0.0,0,0,0,1.1322,0.9471,2.0793,720.4716999999994,17.266,4,2,45,495,495,0,92.7619,2.223,36,9,280,92,42,50,59.79926821623048,1.4331,56,12,345,159,87,72,26.536825,0,ok,logs/seed_412975.log
497025,baseline,NHEFT,1,0.0,0,0,0,1.1433,1.0853,2.2286,552.342700000001,13.703,4,2,59,459,459,0,102.92559999999999,2.5535,27,6,265,84,44,40,64.31189779106379,1.5955,48,13,311,135,80,55,20.731258,0,ok,logs/seed_497025.log
646790,baseline,NHEFT,1,0.0,0,0,0,1.4079,1.3704,2.7783,1063.9414999999995,36.3817,3,3,27,463,463,0,108.61410000000004,3.7141,37,13,215,115,45,70,70.08679712610768,2.3966,43,12,291,161,87,74,21.044832,0,ok,logs/seed_646790.log
115672,baseline,NHEFT,1,0.0,0,0,0,1.4303,1.3669,2.7972,663.1181999999984,21.2072,4,2,43,468,468,0,95.25619999999996,3.0464,31,10,222,92,46,46,57.8040453549199,1.8486,41,11,309,153,82,71,21.053054,0,ok,logs/seed_115672.log
517217,baseline,NHEFT,1,0.0,0,0,0,1.1565,1.4215,2.578,777.3611000000011,20.9891,4,2,35,465,465,0,104.24170000000001,2.8146,27,8,206,90,46,44,68.01830931295842,1.8365,42,11,297,151,84,67,23.833927,0,ok,logs/seed_517217.log
289065,baseline,NHEFT,1,0.0,0,0,0,1.2784,1.0642,2.3426,640.0256999999996,16.6293,4,2,46,446,446,0,102.13720000000002,2.6538,25,6,225,87,47,40,65.57665032701885,1.7038,35,10,285,129,90,39,20.137616,0,ok,logs/seed_289065.log
104127,baseline,NHEFT,1,0.0,0,0,0,1.2019,1.4405,2.6424,624.9290000000009,17.1684,5,3,56,457,457,0,97.5953,2.6812,40,9,276,117,57,60,66.4207008391044,1.8247,53,11,323,149,82,67,22.480012,0,ok,logs/seed_104127.log
371163,baseline,NHEFT,1,0.0,0,0,0,1.1586,1.108,2.2666,593.8565999999995,16.9951,4,2,47,428,428,0,91.10570000000001,2.6073,39,11,239,103,46,57,59.94702921569518,1.7156,48,11,302,150,96,54,21.73198,0,ok,logs/seed_371163.log
883139,baseline,NHEFT,1,0.0,0,0,0,1.0452,1.2684,2.3136,644.9630000000005,13.2668,3,2,42,477,477,0,106.04229999999997,2.1813,36,9,237,110,52,58,79.62945707668412,1.638,43,13,320,165,95,70,23.451053,0,ok,logs/seed_883139.log
342132,baseline,NHEFT,1,0.0,0,0,0,1.1105,0.9382,2.0487,562.6528,16.5117,5,3,61,460,460,0,105.09250000000002,3.0841,43,12,263,129,49,80,60.653156410256415,1.7799,60,13,324,186,109,77,19.837411,0,ok,logs/seed_342132.log
704990,baseline,NHEFT,1,0.0,0,0,0,1.1414,1.0851,2.2265,589.4240999999997,13.7513,4,2,46,489,489,0,102.15620000000003,2.3833,35,12,258,122,55,67,80.24892693498452,1.8722,52,13,342,178,123,55,27.201494,0,ok,logs/seed_704990.log
424860,baseline,NHEFT,1,0.0,0,0,0,1.2703,1.3323,2.6026,681.9250000000018,17.1118,3,2,42,471,471,0,90.16930000000002,2.2626,37,12,240,100,47,53,64.32122978056427,1.614,39,11,287,117,69,48,23.691929,0,ok,logs/seed_424860.log
217443,baseline,NHEFT,1,0.0,0,0,0,1.1955,1.5228,2.7183,772.0732000000013,18.6561,5,2,45,454,454,0,121.83729999999996,2.944,30,7,252,99,45,54,81.06096031746031,1.9587,37,8,291,133,83,50,21.621739,0,ok,logs/seed_217443.log
851006,baseline,NHEFT,1,0.0,0,0,0,1.0603,1.0655,2.1258,539.8712999999996,11.001,5,2,63,458,458,0,109.17760000000001,2.2247,48,11,304,134,47,87,71.76473210417264,1.4624,46,11,326,166,103,63,17.137253,0,ok,logs/seed_851006.log
100338,baseline,NHEFT,1,0.0,0,0,0,1.2302,1.1768,2.407,801.531099999997,21.9401,4,3,47,457,457,0,104.38760000000002,2.8574,38,11,246,114,56,58,63.0683,1.7264,43,11,312,154,98,56,20.274059,0,ok,logs/seed_100338.log
163602,baseline,NHEFT,1,0.0,0,0,0,1.1779,1.2903,2.4682,686.8804999999994,17.6376,3,2,42,487,487,0,105.66919999999998,2.7134,37,11,253,130,51,79,69.84872895366802,1.7936,38,13,317,160,102,58,21.998872,0,ok,logs/seed_163602.log
994002,baseline,NHEFT,1,0.0,0,0,0,1.2263,1.0799,2.3062,1094.8509000000008,26.138,3,3,36,445,445,0,117.5317,2.8059,40,12,239,116,39,77,76.67479998986762,1.8305,42,10,284,148,96,52,20.17834,0,ok,logs/seed_994002.log
483462,baseline,NHEFT,1,0.0,0,0,0,1.1466,0.9598,2.1064,681.3648,16.0638,3,2,42,457,457,0,96.8544,2.2834,31,10,228,86,42,44,61.22348578579547,1.4434,53,15,327,166,95,71,21.822561,0,ok,logs/seed_483462.log
525884,baseline,NHEFT,1,0.0,0,0,0,1.2299,1.2729,2.5028,736.9310999999988,19.9373,3,2,42,481,481,0,107.45349999999999,2.9071,35,10,257,110,53,57,69.8177486821192,1.8889,47,11,321,160,98,62,24.59258,0,ok,logs/seed_525884.log
142307,baseline,NHEFT,1,0.0,0,0,0,1.1847,1.0312,2.2159,591.4448999999994,17.4011,4,2,43,468,468,0,87.01590000000002,2.5601,29,9,242,94,42,52,66.42539940546968,1.9543,44,11,313,167,99,68,22.668834,0,ok,logs/seed_142307.log
624690,baseline,NHEFT,1,0.0,0,0,0,1.2015,1.0425,2.244,1002.5978000000014,22.4746,5,3,50,486,486,0,106.01100000000004,2.3764,44,12,273,118,40,78,62.324092989987456,1.3971,65,13,357,171,92,79,26.763175,0,ok,logs/seed_624690.log
864874,baseline,NHEFT,1,0.0,0,0,0,1.2547,1.0719,2.3266,541.3747000000004,15.0882,4,2,54,463,463,0,86.362,2.4069,37,10,252,111,52,59,56.34487108440967,1.5703,54,13,339,165,87,78,24.365724,0,ok,logs/seed_864874.log
679889,baseline,NHEFT,1,0.0,0,0,0,1.0476,0.9758,2.0234,550.1107000000005,13.5658,4,2,51,478,478,0,101.6522,2.5068,35,10,266,124,46,78,65.49563819582852,1.6151,50,14,315,158,99,59,22.163778,0,ok,logs/seed_679889.log
963564,baseline,NHEFT,1,0.0,0,0,0,1.1897,1.0438,2.2335,594.5531000000008,14.9826,4,2,43,455,455,0,89.60179999999997,2.258,31,9,236,89,44,45,69.77603475547402,1.7583,54,11,326,159,91,68,23.338364,0,ok,logs/seed_963564.log
485084,baseline,NHEFT,1,0.0,0,0,0,1.331,1.2408,2.5718,534.9119,16.5152,5,2,57,439,439,0,89.62819999999998,2.7672,27,6,259,79,50,29,64.08887568644946,1.9787,35,9,284,122,83,39,18.011666,0,ok,logs/seed_485084.log
281639,baseline,NHEFT,1,0.0,0,0,0,1.2012,1.1343,2.3355,613.8847000000004,16.5778,3,2,42,449,449,0,87.14239999999998,2.3533,31,9,235,105,50,55,57.221013043478266,1.5452,43,12,293,141,82,59,21.550156,0,ok,logs/seed_281639.log
362714,baseline,NHEFT,1,0.0,0,0,0,1.1108,1.2109,2.3217,647.8176,18.2934,4,2,43,446,446,0,97.3655,2.7495,33,8,239,94,47,47,64.97331001926783,1.8348,44,11,313,140,91,49,20.105607,0,ok,logs/seed_362714.log
551581,baseline,NHEFT,1,0.0,0,0,0,1.2753,1.2904,2.5657,670.4415000000002,17.6944,4,2,43,459,459,0,105.25850000000001,2.778,35,10,234,111,49,62,63.66393453502313,1.6802,43,12,308,163,95,68,17.967049,0,ok,logs/seed_551581.log
349348,baseline,NHEFT,1,0.0,0,0,0,1.2265,1.0133,2.2398,655.2340000000006,11.6585,4,2,44,473,473,0,109.94529999999997,1.9562,32,10,240,110,51,59,76.5420065885798,1.3619,41,13,294,160,100,60,20.525838,0,ok,logs/seed_349348.log
376087,baseline,NHEFT,1,0.0,0,0,0,1.2355,1.0313,2.2668,593.3377000000012,13.5001,5,3,55,467,467,0,110.90499999999999,2.5234,50,15,266,135,47,88,68.73396693354582,1.5639,57,13,317,166,87,79,24.410365,0,ok,logs/seed_376087.log
924562,baseline,NHEFT,1,0.0,0,0,0,1.217,1.4907,2.7077,746.8597000000005,21.6316,4,2,43,461,461,0,109.89419999999998,3.1829,33,9,248,106,46,60,75.65170018552877,2.1911,47,11,300,157,87,70,24.440917,0,ok,logs/seed_924562.log
1642,baseline,NHEFT,1,0.0,0,0,0,1.2185,1.0479,2.2664,612.3245000000007,11.5842,4,2,49,430,430,0,103.187,1.9521,38,9,236,102,42,60,69.13569532789433,1.3079,40,9,282,129,80,49,19.974904,0,ok,logs/seed_1642.log
724193,baseline,NHEFT,1,0.0,0,0,0,1.2473,1.0556,2.3029,536.0552,15.4174,4,2,57,477,477,0,81.3725,2.3403,35,9,284,84,45,39,59.00539283111396,1.697,45,11,308,132,88,44,27.198395,0,ok,logs/seed_724193.log
939156,baseline,NHEFT,1,0.0,0,0,0,1.1981,1.0165,2.2146,665.2159,18.2209,4,2,46,466,466,0,98.30850000000002,2.6928,32,9,260,102,43,59,64.18718598261685,1.7582,42,10,321,151,95,56,22.215248,0,ok,logs/seed_939156.log
236458,baseline,NHEFT,1,0.0,0,0,0,1.0977,0.8979,1.9956,599.6725999999994,13.332,4,2,56,484,484,0,98.00550000000003,2.1789,43,11,283,152,53,99,71.53897070702608,1.5905,47,12,315,167,111,56,22.229651,0,ok,logs/seed_236458.log
703305,baseline,NHEFT,1,0.0,0,0,0,1.1044,1.3606,2.465,591.7814999999993,14.1856,4,2,58,474,474,0,96.91239999999998,2.3231,37,9,272,104,56,48,80.06887099697884,1.9193,49,11,325,172,97,75,24.516323,0,ok,logs/seed_703305.log
955021,baseline,NHEFT,1,0.0,0,0,0,1.1257,1.3644,2.4901,658.9418,16.8426,3,2,42,458,458,0,119.9757,3.0666,37,9,245,106,55,51,72.14886089473683,1.8441,40,11,279,143,90,53,19.148168,0,ok,logs/seed_955021.log
771327,baseline,NHEFT,1,0.0,0,0,0,1.3115,1.361,2.6725,578.1762000000002,12.7269,4,2,62,461,461,0,112.22310000000002,2.4703,40,12,266,130,51,79,80.68630200000001,1.7761,39,11,303,150,94,56,17.64903,0,ok,logs/seed_771327.log
152800,baseline,NHEFT,1,0.0,0,0,0,1.3252,1.4031,2.7283,623.2415999999998,16.5788,4,2,43,480,480,0,93.64659999999996,2.4911,30,7,223,80,48,32,62.779369266770665,1.67,40,9,310,147,95,52,21.358128,0,ok,logs/seed_152800.log
359783,baseline,NHEFT,1,0.0,0,0,0,1.3198,1.1168,2.4366,664.2038999999997,17.3201,3,2,42,447,447,0,94.31519999999999,2.4594,35,8,229,105,53,52,64.72602877697842,1.6878,37,10,276,142,89,53,19.623222,0,ok,logs/seed_359783.log
812871,baseline,NHEFT,1,0.0,0,0,0,1.2874,1.319,2.6064,621.2043000000014,14.5466,3,2,42,458,458,0,96.9945,2.2713,31,11,215,112,51,61,63.568902336414034,1.4886,44,14,303,183,105,78,21.841487,0,ok,logs/seed_812871.log
502458,baseline,NHEFT,1,0.0,0,0,0,1.2588,1.279,2.5378,679.5541999999996,19.8423,6,3,55,473,473,0,108.17719999999998,3.1587,38,10,272,115,48,67,63.9673818603269,1.8678,52,12,322,172,89,83,21.879324,0,ok,logs/seed_502458.log
969372,baseline,NHEFT,1,0.0,0,0,0,1.072,1.2639,2.3359,523.4761999999994,14.1911,4,2,45,478,478,0,98.4964,2.6702,28,9,248,112,54,58,67.75541089059261,1.8368,43,11,306,160,99,61,23.186192,0,ok,logs/seed_969372.log
488676,baseline,NHEFT,1,0.0,0,0,0,1.3266,0.9653,2.2919,619.0762999999996,17.1997,4,2,43,457,457,0,92.91020000000005,2.5813,39,11,256,115,49,66,59.796407614206075,1.6613,50,11,312,134,83,51,19.581089,0,ok,logs/seed_488676.log
109992,baseline,NHEFT,1,0.0,0,0,0,1.3579,1.147,2.5049,597.361299999999,19.4629,3,2,42,459,459,0,84.6728,2.7588,25,6,219,72,43,29,64.30170626185958,2.095,38,9,275,122,86,36,22.341609,0,ok,logs/seed_109992.log
461354,baseline,NHEFT,1,0.0,0,0,0,1.1616,0.9359,2.0975,625.8658000000013,14.5922,5,3,54,465,465,0,111.13710000000002,2.5912,40,13,255,127,50,77,72.25801824137932,1.6847,41,12,306,156,96,60,19.222597,0,ok,logs/seed_461354.log
24818,baseline,NHEFT,1,0.0,0,0,0,1.1636,1.0767,2.2403,622.0888999999995,17.953,6,3,48,432,432,0,94.2504,2.72,36,11,260,102,40,62,61.00632727272726,1.7606,50,13,303,166,86,80,20.695451,0,ok,logs/seed_24818.log
105885,baseline,NHEFT,1,0.0,0,0,0,1.2462,1.1951,2.4413,567.7363000000013,16.9849,4,2,46,459,459,0,86.8723,2.5989,31,6,237,82,46,36,58.61191379310344,1.7535,45,12,322,153,96,57,22.47298,0,ok,logs/seed_105885.log
165347,baseline,NHEFT,1,0.0,0,0,0,0.975,0.9446,1.9196,571.1892000000009,13.4484,4,2,43,465,465,0,91.35740000000003,2.151,40,9,261,116,59,57,80.6961952994693,1.9,46,12,317,143,103,40,19.211412,0,ok,logs/seed_165347.log
780065,baseline,NHEFT,1,0.0,0,0,0,1.3129,1.5085,2.8214,641.9744000000002,16.4913,3,2,42,494,494,0,85.2704,2.1905,33,7,264,94,49,45,77.64632857142857,1.9946,49,12,329,171,100,71,24.195939,0,ok,logs/seed_780065.log
473614,baseline,NHEFT,1,0.0,0,0,0,1.1922,1.3664,2.5586,672.7752,20.3667,4,2,47,470,470,0,102.11080000000001,3.0912,47,10,268,121,49,72,68.49763235504949,2.0736,44,11,313,142,94,48,22.47935,0,ok,logs/seed_473614.log
69796,baseline,NHEFT,1,0.0,0,0,0,1.0514,1.2802,2.3316,516.8928000000002,12.8088,4,2,52,451,451,0,80.2932,1.9897,41,8,272,97,48,49,66.85000315606936,1.6566,51,12,301,148,83,65,20.362986,0,ok,logs/seed_69796.log
181597,baseline,NHEFT,1,0.0,0,0,0,1.2326,1.0822,2.3148,659.5554999999991,21.0028,5,3,54,455,455,0,94.89779999999999,3.0219,37,9,249,105,45,60,60.27280843373492,1.9193,51,13,300,169,102,67,22.591431,0,ok,logs/seed_181597.log
55316,baseline,NHEFT,1,0.0,0,0,0,1.1785,1.1297,2.3082,745.7243000000008,16.4551,4,2,43,453,453,0,130.84960000000004,2.8873,35,11,234,121,48,73,70.36224327874658,1.5526,42,11,291,151,96,55,20.888564,0,ok,logs/seed_55316.log
435633,baseline,NHEFT,1,0.0,0,0,0,1.1183,1.084,2.2023,501.40029999999933,10.6284,4,2,56,467,467,0,84.77829999999999,1.7971,34,9,252,90,48,42,65.684127909585,1.3923,48,12,324,161,104,57,23.192936,0,ok,logs/seed_435633.log
887668,baseline,NHEFT,1,0.0,0,0,0,1.1812,0.942,2.1232,683.9310000000002,18.4506,5,3,49,446,446,0,103.74940000000001,2.7989,29,7,220,91,48,43,65.69191007897973,1.7722,32,9,274,118,79,39,16.529792,0,ok,logs/seed_887668.log
933960,baseline,NHEFT,1,0.0,0,0,0,1.2213,1.396,2.6173,627.6752999999993,16.5987,5,3,58,462,462,0,102.54719999999998,2.7118,34,9,229,95,52,43,65.26250700242838,1.7258,40,10,293,142,88,54,21.998595,0,ok,logs/seed_933960.log
529550,baseline,NHEFT,1,0.0,0,0,0,1.2083,1.0485,2.2568,663.8526999999996,16.4466,4,2,44,484,484,0,115.12809999999999,2.8522,39,12,255,126,47,79,70.93040789655171,1.7573,43,10,315,147,100,47,18.755632,0,ok,logs/seed_529550.log
735489,baseline,NHEFT,1,0.0,0,0,0,1.1968,1.3193,2.5161,649.838699999999,21.477,4,2,49,483,483,0,104.3053,3.4473,39,10,266,117,49,68,72.20091070472594,2.3862,50,13,323,176,95,81,27.68208,0,ok,logs/seed_735489.log
802611,baseline,NHEFT,1,0.0,0,0,0,1.1229,1.0095,2.1324,628.7484000000003,14.4678,4,2,49,448,448,0,101.96440000000001,2.3462,32,8,242,105,40,65,69.18146732026142,1.5919,37,10,279,132,80,52,18.911439,0,ok,logs/seed_802611.log
525482,baseline,NHEFT,1,0.0,0,0,0,1.0774,1.291,2.3684,713.5556000000004,17.4461,4,3,44,477,477,0,101.7747,2.4883,31,9,252,99,54,45,69.58138337383177,1.7012,46,12,327,164,97,67,25.877897,0,ok,logs/seed_525482.log
523591,baseline,NHEFT,1,0.0,0,0,0,1.1102,1.1266,2.2368,593.7362999999993,12.1168,6,2,68,470,470,0,113.88730000000002,2.3242,30,7,259,94,48,46,72.41223116651825,1.4778,51,11,332,170,92,78,22.80186,0,ok,logs/seed_523591.log
412993,baseline,NHEFT,1,0.0,0,0,0,1.1727,1.0579,2.2306,563.7731000000002,16.5582,3,2,42,458,458,0,92.3295,2.7118,43,12,240,117,53,64,75.6979986831559,2.2233,43,12,297,155,104,51,22.871226,0,ok,logs/seed_412993.log
463614,baseline,NHEFT,1,0.0,0,0,0,1.1069,1.2765,2.3834,668.5452999999983,14.1155,4,2,43,458,458,0,120.19409999999999,2.5377,36,8,232,112,48,64,80.62558759689921,1.7023,42,11,282,157,98,59,19.506889,0,ok,logs/seed_463614.log
637493,baseline,NHEFT,1,0.0,0,0,0,1.2608,1.258,2.5188,592.3222000000002,15.9084,4,2,43,425,425,0,107.50329999999998,2.8873,30,9,219,106,48,58,71.53340544657803,1.9212,37,10,281,149,94,55,17.275111,0,ok,logs/seed_637493.log
990693,baseline,NHEFT,1,0.0,0,0,0,1.163,1.1209,2.2839,627.828199999999,17.1229,2,1,42,468,468,0,91.09729999999999,2.4845,32,9,255,100,47,53,67.66877346702557,1.8455,50,11,327,167,92,75,21.787194,0,ok,logs/seed_990693.log
50605,baseline,NHEFT,1,0.0,0,0,0,1.2002,1.1222,2.3224,638.3686000000001,13.8305,3,2,42,479,479,0,92.27370000000003,1.9991,39,10,260,108,50,58,65.39748648125546,1.4169,45,11,303,140,89,51,26.826832,0,ok,logs/seed_50605.log
198813,baseline,NHEFT,1,0.0,0,0,0,1.3716,1.3374,2.709,1113.8225000000002,27.09,2,2,22,475,475,0,110.66899999999998,2.6917,32,10,218,98,37,61,60.974155529961955,1.483,48,10,327,154,89,65,25.331559,0,ok,logs/seed_198813.log
385020,baseline,NHEFT,1,0.0,0,0,0,1.1274,1.0733,2.2007,847.1739000000018,15.0641,3,2,39,461,461,0,123.54200000000002,2.1968,36,14,230,133,42,91,77.10302133995037,1.371,50,11,309,177,100,77,21.01587,0,ok,logs/seed_385020.log
771793,baseline,NHEFT,1,0.0,0,0,0,1.0986,1.1167,2.2153,823.8729000000004,24.6488,3,2,36,449,449,0,110.99869999999996,3.3209,37,11,246,118,50,68,69.65441397158556,2.0839,49,11,307,176,111,65,21.879098,0,ok,logs/seed_771793.log
936864,baseline,NHEFT,1,0.0,0,0,0,1.0603,0.9612,2.0215,999.7938,30.5833,5,3,42,462,462,0,106.27380000000001,3.2509,41,11,239,124,43,81,73.445501,2.2467,41,9,314,157,95,62,23.36137,0,ok,logs/seed_936864.log
966220,baseline,NHEFT,1,0.0,0,0,0,1.1975,1.2784,2.4759,445.94460000000004,16.1778,4,2,43,415,415,0,95.16830000000002,3.4525,28,9,202,92,46,46,59.37260739431615,2.1539,34,9,240,122,77,45,13.118854,0,ok,logs/seed_966220.log
764069,baseline,NHEFT,1,0.0,0,0,0,1.2233,1.4298,2.6531,562.3920000000007,16.3791,4,2,43,433,433,0,92.47929999999998,2.6934,36,10,239,108,50,58,59.39733636363637,1.7299,40,11,292,140,81,59,22.979734,0,ok,logs/seed_764069.log
45162,baseline,NHEFT,1,0.0,0,0,0,1.2119,1.4243,2.6362,720.7546999999995,14.7386,4,2,43,480,480,0,96.87659999999995,1.981,39,12,264,123,47,76,71.94848981296266,1.4713,40,11,313,140,84,56,19.935287,0,ok,logs/seed_45162.log
386688,baseline,NHEFT,1,0.0,0,0,0,1.1145,1.055,2.1695,1256.6120000000003,31.5635,4,4,58,481,481,0,136.55549999999997,3.43,44,12,255,129,40,89,83.91211662088047,2.1077,51,12,325,161,99,62,24.098725,0,ok,logs/seed_386688.log
911121,baseline,NHEFT,1,0.0,0,0,0,1.3305,1.2235,2.554,651.2921999999994,18.2796,5,3,49,469,469,0,101.6904,2.8541,40,10,252,127,47,80,67.44264071887416,1.8929,39,12,301,152,99,53,17.687492,0,ok,logs/seed_911121.log
926403,baseline,NHEFT,1,0.0,0,0,0,1.2207,1.2106,2.4313,670.7429999999993,18.6833,3,2,42,459,459,0,102.04679999999999,2.8425,40,11,272,118,48,70,65.89948626692457,1.8356,49,12,328,185,97,88,17.780729,0,ok,logs/seed_926403.log
452911,baseline,NHEFT,1,0.0,0,0,0,1.3003,1.2988,2.5991,512.6257000000007,13.6069,4,2,43,453,453,0,99.82969999999999,2.6498,34,10,236,105,50,55,67.9237132947977,1.8029,37,10,287,137,95,42,21.136125,0,ok,logs/seed_452911.log
810123,baseline,NHEFT,1,0.0,0,0,0,1.1782,1.366,2.5442,702.6807999999993,19.3797,4,2,43,460,460,0,102.15570000000001,2.8174,33,11,255,108,46,62,78.07862022541966,2.1534,42,11,302,143,93,50,21.890975,0,ok,logs/seed_810123.log
64740,baseline,NHEFT,1,0.0,0,0,0,1.2469,1.3706,2.6175,681.7612000000008,20.6619,3,2,42,461,461,0,109.53809999999999,3.3197,38,11,234,108,46,62,70.3130687411995,2.131,38,9,295,141,83,58,19.904875,0,ok,logs/seed_64740.log
937717,baseline,NHEFT,1,0.0,0,0,0,1.3174,1.101,2.4184,641.738300000001,15.9775,4,2,43,460,460,0,105.12370000000001,2.6173,36,11,238,121,50,71,64.42071419807188,1.6039,36,9,296,136,92,44,19.960841,0,ok,logs/seed_937717.log
118891,baseline,NHEFT,1,0.0,0,0,0,1.2027,1.0345,2.2372,546.6576000000002,12.8266,4,2,48,464,464,0,95.3759,2.2379,40,10,256,130,54,76,86.98743656752032,2.041,39,11,288,162,108,54,19.19643,0,ok,logs/seed_118891.log
553366,baseline,NHEFT,1,0.0,0,0,0,1.2552,0.9599,2.2151,621.8446,17.8942,5,3,45,448,448,0,90.32219999999998,2.5991,35,11,237,102,47,55,70.00179555322339,2.0144,37,11,284,141,88,53,21.121907,0,ok,logs/seed_553366.log
742414,baseline,NHEFT,1,0.0,0,0,0,1.0963,1.3468,2.4431,589.6302000000006,15.5873,4,2,58,438,438,0,106.37299999999999,2.812,35,10,244,108,47,61,64.80427947169812,1.7131,44,12,316,165,92,73,19.276541,0,ok,logs/seed_742414.log
710013,baseline,NHEFT,1,0.0,0,0,0,1.2072,1.24,2.4472,771.7879999999981,18.5679,4,3,47,465,465,0,115.43499999999999,2.7772,35,9,251,124,53,71,67.30067760341625,1.6191,49,13,311,161,89,72,23.380521,0,ok,logs/seed_710013.log
759523,baseline,NHEFT,1,0.0,0,0,0,1.1963,1.2039,2.4002,732.1376999999999,14.9866,5,3,53,469,469,0,111.17649999999999,2.2757,31,7,254,90,50,40,70.79093663218391,1.4491,50,10,310,161,101,60,27.489687,0,ok,logs/seed_759523.log
712622,baseline,NHEFT,1,0.0,0,0,0,1.2314,1.235,2.4664,675.4381000000001,16.514,3,2,42,442,442,0,102.89729999999997,2.5158,25,8,217,76,42,34,64.93563392513857,1.5876,36,10,281,125,74,51,17.956604,0,ok,logs/seed_712622.log
427212,baseline,NHEFT,1,0.0,0,0,0,1.2311,1.4086,2.6397,506.65500000000156,13.9561,3,2,42,469,469,0,101.64999999999998,2.8,23,6,208,88,48,40,66.29055350426687,1.826,42,10,310,160,91,69,23.442012,0,ok,logs/seed_427212.log
905211,baseline,NHEFT,1,0.0,0,0,0,1.268,1.0646,2.3326,521.2851000000006,10.9416,4,2,50,448,448,0,97.54939999999999,2.0475,28,7,257,85,45,40,75.52729816713884,1.5853,49,13,294,167,96,71,22.390052,0,ok,logs/seed_905211.log
489366,baseline,NHEFT,1,0.0,0,0,0,1.2996,1.4878,2.7874,709.6988999999986,20.9638,5,3,42,462,462,0,90.70150000000001,2.6792,28,9,226,102,50,52,59.064475171029684,1.7447,37,11,286,136,88,48,19.223373,0,ok,logs/seed_489366.log
253395,baseline,NHEFT,1,0.0,0,0,0,1.3147,1.0491,2.3638,538.1546999999987,12.9589,4,2,59,474,474,0,103.74859999999998,2.4983,46,13,291,156,49,107,74.10826026046563,1.7846,34,11,304,155,95,60,18.782559,0,ok,logs/seed_253395.log
312505,baseline,NHEFT,1,0.0,0,0,0,1.1986,1.195,2.3936,563.850400000001,13.3209,5,2,51,464,464,0,94.2897,2.2276,36,9,265,109,54,55,70.67083999421963,1.6696,56,14,320,170,87,83,24.503132,0,ok,logs/seed_312505.log
545465,baseline,NHEFT,1,0.0,0,0,0,1.2996,1.3896,2.6892,573.4536,12.1531,3,2,42,435,435,0,87.45439999999998,1.8534,30,6,242,93,47,46,66.94138535852372,1.4187,36,10,274,128,82,46,19.659146,0,ok,logs/seed_545465.log
567819,baseline,NHEFT,1,0.0,0,0,0,1.158,1.107,2.265,880.6931000000004,30.7797,3,3,41,454,454,0,105.99759999999999,3.7046,37,8,235,113,45,68,65.50269562171628,2.2893,45,11,308,151,83,68,17.012668,0,ok,logs/seed_567819.log
924675,baseline,NHEFT,1,0.0,0,0,0,1.0693,1.0678,2.1371,573.1357999999996,12.9412,4,2,61,469,469,0,96.5932,2.181,34,8,271,89,49,40,75.85909999999998,1.7129,39,11,305,133,82,51,22.193195,0,ok,logs/seed_924675.log
931173,baseline,NHEFT,1,0.0,0,0,0,1.1496,1.1348,2.2844,606.2230999999998,10.9432,4,2,59,495,495,0,100.35939999999998,1.8116,38,11,272,122,53,69,74.36233418112113,1.3423,48,10,323,173,102,71,26.288407,0,ok,logs/seed_931173.log
279170,baseline,NHEFT,1,0.0,0,0,0,1.0889,1.026,2.1149,634.9681000000007,13.6397,3,2,42,472,472,0,102.2492,2.1964,34,10,237,109,48,61,66.69314906464837,1.4326,38,11,302,139,91,48,21.879553,0,ok,logs/seed_279170.log
994520,baseline,NHEFT,1,0.0,0,0,0,1.0051,0.8998,1.9049,763.224299999999,17.7703,6,3,50,472,472,0,116.74329999999996,2.7182,37,10,259,125,44,81,70.61776291155493,1.6442,48,12,323,163,92,71,20.68501,0,ok,logs/seed_994520.log
145376,baseline,NHEFT,1,0.0,0,0,0,1.2571,1.1651,2.4222,713.4384000000016,17.161,3,2,42,460,460,0,98.78739999999998,2.3762,35,10,253,102,46,56,66.45279371618037,1.5985,53,13,326,180,94,86,24.34479,0,ok,logs/seed_145376.log
406364,baseline,NHEFT,1,0.0,0,0,0,1.092,1.155,2.247,688.0475000000013,15.8645,4,2,44,449,449,0,106.4058,2.4534,33,10,250,102,50,52,71.94387021150858,1.6588,40,9,295,135,90,45,20.439687,0,ok,logs/seed_406364.log
250377,baseline,NHEFT,1,0.0,0,0,0,1.1662,1.1557,2.3219,873.755299999998,27.7264,5,4,58,453,453,0,113.7174,3.6085,42,12,243,109,44,65,59.50099026433857,1.8881,54,14,319,151,81,70,19.31963,0,ok,logs/seed_250377.log
446841,baseline,NHEFT,1,0.0,0,0,0,1.0748,1.3294,2.4042,466.9778999999995,12.9758,5,2,66,454,454,0,92.3104,2.565,34,7,281,98,46,52,61.111212077960325,1.6981,46,9,335,175,102,73,21.304812,0,ok,logs/seed_446841.log
707398,baseline,NHEFT,1,0.0,0,0,0,1.1804,1.1853,2.3657,662.6755000000006,16.0651,5,3,48,464,464,0,103.0308,2.4978,28,7,246,86,51,35,68.82513790521813,1.6685,44,11,312,148,90,58,24.286332,0,ok,logs/seed_707398.log
343108,baseline,NHEFT,1,0.0,0,0,0,1.1491,1.1371,2.2862,535.1152999999999,14.7897,3,2,42,429,429,0,98.28719999999998,2.7165,30,7,201,82,48,34,64.18152204260173,1.7739,46,12,303,156,84,72,21.064432,0,ok,logs/seed_343108.log
745842,baseline,NHEFT,1,0.0,0,0,0,1.182,1.4112,2.5932,498.1861,14.788,4,2,43,459,459,0,84.1329,2.4974,27,7,237,81,47,34,62.875545341274545,1.8664,51,12,315,164,85,79,22.356247,0,ok,logs/seed_745842.log
664943,baseline,NHEFT,1,0.0,0,0,0,1.2279,1.1094,2.3373,585.5651,17.9265,4,2,43,448,448,0,95.65259999999995,2.9283,36,9,249,120,56,64,61.47736654993725,1.8821,54,13,303,172,100,72,18.924853,0,ok,logs/seed_664943.log
679192,baseline,NHEFT,1,0.0,0,0,0,1.2638,1.2977,2.5615,770.7997999999999,19.4783,3,2,39,440,440,0,99.58890000000002,2.5166,35,9,224,88,46,42,59.64408787878788,1.5072,53,12,288,157,87,70,20.808925,0,ok,logs/seed_679192.log
398887,baseline,NHEFT,1,0.0,0,0,0,1.1115,1.0671,2.1786,557.5683000000017,13.897,5,2,60,486,486,0,94.45339999999997,2.3542,52,15,317,154,45,109,62.02924723171817,1.546,42,10,309,135,84,51,21.964118,0,ok,logs/seed_398887.log
830308,baseline,NHEFT,1,0.0,0,0,0,1.2203,1.1867,2.407,698.7457999999999,16.5599,3,2,42,451,451,0,102.1147,2.4201,35,10,245,99,44,55,100.10179999999998,2.3724,57,13,315,164,87,77,21.3009,0,ok,logs/seed_830308.log
664904,baseline,NHEFT,1,0.0,0,0,0,1.1189,1.1524,2.2713,596.6895000000011,19.4524,5,2,44,447,447,0,109.00279999999998,3.5536,26,7,209,84,47,37,67.10971158301157,2.1878,36,10,286,127,83,44,20.691675,0,ok,logs/seed_664904.log
529590,baseline,NHEFT,1,0.0,0,0,0,1.2344,1.599,2.8334,669.416300000002,16.0318,4,2,43,481,481,0,103.41240000000002,2.4766,31,8,254,96,42,54,78.89377786259543,1.8894,36,10,291,134,87,47,22.242208,0,ok,logs/seed_529590.log
897949,baseline,NHEFT,1,0.0,0,0,0,1.1936,1.1411,2.3347,844.1025000000009,21.5089,4,3,51,460,460,0,118.12419999999999,3.01,36,10,241,111,46,65,64.28862780763717,1.6382,48,12,307,152,77,75,20.091423,0,ok,logs/seed_897949.log
487896,baseline,NHEFT,1,0.0,0,0,0,1.2434,1.2384,2.4818,624.1174000000021,13.908,4,2,43,471,471,0,108.2317,2.4119,40,9,237,105,51,54,70.35042355232397,1.5677,51,12,325,167,112,55,21.853042,0,ok,logs/seed_487896.log
969832,baseline,NHEFT,1,0.0,0,0,0,1.1857,0.9445,2.1302,685.6478999999999,21.6412,3,2,34,437,437,0,95.9793,3.0294,35,8,224,95,44,51,70.00140713501648,2.2095,35,10,280,124,80,44,18.889737,0,ok,logs/seed_969832.log
774939,baseline,NHEFT,1,0.0,0,0,0,1.301,1.3452,2.6462,673.3217999999989,19.2749,5,3,59,459,459,0,107.04549999999999,3.0644,29,7,228,99,54,45,64.4035798108792,1.8437,43,10,315,173,104,69,22.746315,0,ok,logs/seed_774939.log
634733,baseline,NHEFT,1,0.0,0,0,0,1.0221,1.0766,2.0987,792.2977000000008,17.3926,5,3,55,454,454,0,125.71039999999998,2.7596,37,12,253,112,45,67,90.17036164912281,1.9794,44,11,311,142,91,51,20.584792,0,ok,logs/seed_634733.log
172408,baseline,NHEFT,1,0.0,0,0,0,1.0579,1.2828,2.3407,642.3370000000001,13.9199,7,3,65,451,451,0,115.09859999999999,2.4943,28,8,243,88,52,36,78.30694372892839,1.697,55,12,330,168,92,76,24.017198,0,ok,logs/seed_172408.log
124353,baseline,NHEFT,1,0.0,0,0,0,1.3258,1.4839,2.8097,673.1513000000007,18.6899,4,2,59,491,491,0,109.4659,3.0393,39,11,263,112,38,74,76.91231662404093,2.1355,45,10,335,160,96,64,25.163127,0,ok,logs/seed_124353.log
704921,baseline,NHEFT,1,0.0,0,0,0,1.2503,1.2536,2.5039,561.8594999999997,18.2736,5,3,46,468,468,0,102.84360000000001,3.3448,32,9,226,106,50,56,74.27080708117444,2.4155,37,10,283,156,103,53,22.081322,0,ok,logs/seed_704921.log
140623,baseline,NHEFT,1,0.0,0,0,0,1.3079,1.0956,2.4035,692.7670999999998,17.5068,4,2,38,446,446,0,101.11880000000004,2.5554,25,9,215,95,47,48,59.68333330772608,1.5082,35,9,284,124,79,45,18.154136,0,ok,logs/seed_140623.log
965901,baseline,NHEFT,1,0.0,0,0,0,1.1046,1.3216,2.4262,563.7870999999996,15.3392,4,2,48,447,447,0,93.8425,2.5532,37,8,255,100,51,49,71.86141323251418,1.9552,55,12,320,168,87,81,21.820114,0,ok,logs/seed_965901.log
678805,baseline,NHEFT,1,0.0,0,0,0,1.3701,1.2894,2.6595,735.7880999999996,22.2125,6,3,53,490,490,0,103.37830000000001,3.1209,43,13,276,145,47,98,64.83078625102996,1.9572,39,12,327,163,100,63,25.042086,0,ok,logs/seed_678805.log
888860,baseline,NHEFT,1,0.0,0,0,0,1.3766,1.1446,2.5212,712.6465000000012,16.5285,4,2,42,456,456,0,100.52220000000001,2.3314,38,12,236,135,50,85,73.06759571663922,1.6947,25,8,251,112,77,35,18.471965,0,ok,logs/seed_888860.log
193042,baseline,NHEFT,1,0.0,0,0,0,1.2508,1.532,2.7828,612.5763000000002,15.92,5,2,56,465,465,0,106.02009999999997,2.7553,36,10,270,100,43,57,69.89480265912518,1.8165,45,9,296,143,84,59,20.437911,0,ok,logs/seed_193042.log
606306,baseline,NHEFT,1,0.0,0,0,0,1.2158,1.2428,2.4586,638.3822000000007,18.0436,5,3,60,461,461,0,100.27539999999999,2.8342,32,10,235,91,50,41,62.83510550569675,1.776,38,11,294,142,85,57,23.465266,0,ok,logs/seed_606306.log
353318,baseline,NHEFT,1,0.0,0,0,0,1.2227,1.1204,2.3431,536.3918000000003,12.8324,4,2,43,483,483,0,85.21000000000001,2.0385,33,7,246,106,53,53,72.38410000000002,1.7317,49,10,326,164,99,65,21.950374,0,ok,logs/seed_353318.log
397237,baseline,NHEFT,1,0.0,0,0,0,1.3018,1.1403,2.4421,856.411800000003,26.93,4,2,28,459,459,0,105.48719999999997,3.3171,30,11,209,99,44,55,62.32379487179488,1.9598,48,13,301,171,85,86,18.39092,0,ok,logs/seed_397237.log
244510,baseline,NHEFT,1,0.0,0,0,0,1.096,1.1303,2.2263,683.6955999999991,15.8559,5,2,44,462,462,0,106.78210000000003,2.4764,35,10,241,92,39,53,71.59643499209486,1.6604,39,10,300,119,73,46,22.043811,0,ok,logs/seed_244510.log
580072,baseline,NHEFT,1,0.0,0,0,0,1.0878,0.9373,2.0251,934.2399999999998,29.1701,3,2,44,469,469,0,108.37899999999996,3.384,33,8,237,105,42,63,64.56134499366287,2.0158,48,11,332,155,89,66,22.078526,0,ok,logs/seed_580072.log
839381,baseline,NHEFT,1,0.0,0,0,0,1.2204,1.3197,2.5401,648.7125999999989,15.0895,4,2,47,476,476,0,93.5586,2.1762,33,8,240,90,42,48,73.23309562447969,1.7035,45,12,292,133,81,52,24.631151,0,ok,logs/seed_839381.log
949213,baseline,NHEFT,1,0.0,0,0,0,1.3264,1.2457,2.5721,621.9534000000008,15.1912,4,2,43,460,460,0,111.29630000000002,2.7184,31,12,194,103,44,59,69.9144693175782,1.7077,35,11,268,151,88,63,21.280935,0,ok,logs/seed_949213.log
956973,baseline,NHEFT,1,0.0,0,0,0,1.1093,1.0575,2.1668,890.5132999999988,18.9801,7,5,67,444,444,0,127.76090000000003,2.7231,42,12,248,128,49,79,66.58208650724639,1.4191,51,12,323,167,91,76,18.962146,0,ok,logs/seed_956973.log
643831,baseline,NHEFT,1,0.0,0,0,0,1.198,1.0657,2.2637,782.2242000000003,19.0125,7,3,59,438,438,0,116.8284,2.8396,32,10,222,97,42,55,63.568494478527604,1.5451,49,12,304,166,108,58,19.030579,0,ok,logs/seed_643831.log
602801,baseline,NHEFT,1,0.0,0,0,0,1.1614,1.3893,2.5507,576.4508999999974,18.2732,4,2,55,440,440,0,119.2944,3.7816,21,8,197,85,48,37,78.40160368273055,2.4853,44,11,286,156,86,70,19.106776,0,ok,logs/seed_602801.log
857566,baseline,NHEFT,1,0.0,0,0,0,1.0756,0.9597,2.0353,558.6265000000003,15.2489,4,2,52,438,438,0,88.05109999999999,2.4035,30,7,247,91,46,45,57.67157030054586,1.5743,46,11,301,132,76,56,16.00809,0,ok,logs/seed_857566.log
857840,baseline,NHEFT,1,0.0,0,0,0,1.2384,1.1822,2.4206,648.3146000000011,18.0988,4,2,54,468,468,0,108.03309999999998,3.0159,30,9,250,102,46,56,74.6766081446541,2.0847,42,11,318,158,89,69,21.468404,0,ok,logs/seed_857840.log
788394,baseline,NHEFT,1,0.0,0,0,0,1.095,1.327,2.422,604.2896999999996,17.0598,4,2,43,440,440,0,94.97509999999997,2.6813,32,8,237,82,47,35,72.02513155662344,2.0334,49,12,289,138,84,54,22.618863,0,ok,logs/seed_788394.log
956037,baseline,NHEFT,1,0.0,0,0,0,1.2148,0.9978,2.2126,497.23990000000094,12.429,6,3,65,444,444,0,89.0194,2.2251,35,11,256,101,47,54,66.59993843807197,1.6647,38,9,297,149,96,53,22.622735,0,ok,logs/seed_956037.log
352927,baseline,NHEFT,1,0.0,0,0,0,1.3247,1.3809,2.7056,540.2499999999991,14.9367,4,2,50,457,457,0,109.2994,3.0219,24,8,221,89,51,38,67.81056209150327,1.8748,34,10,289,129,84,45,19.480858,0,ok,logs/seed_352927.log
836556,baseline,NHEFT,1,0.0,0,0,0,1.2041,1.0598,2.2639,640.6451,14.7413,5,3,50,483,483,0,90.71019999999999,2.0873,38,9,266,111,51,60,62.622488334483684,1.441,47,10,314,146,95,51,24.88212,0,ok,logs/seed_836556.log
478809,baseline,NHEFT,1,0.0,0,0,0,1.1365,1.0137,2.1502,593.1739000000003,17.2861,4,3,55,435,435,0,94.20110000000003,2.7452,38,10,230,112,45,67,56.806694687606544,1.6554,44,11,305,135,86,49,19.518119,0,ok,logs/seed_478809.log
321614,baseline,NHEFT,1,0.0,0,0,0,1.0628,1.0167,2.0795,516.3601999999996,16.1786,4,2,43,446,446,0,94.48629999999997,2.9604,31,10,223,110,47,63,62.07005321637427,1.9448,39,11,296,157,92,65,17.477762,0,ok,logs/seed_321614.log
838657,baseline,NHEFT,1,0.0,0,0,0,1.1543,1.266,2.4203,524.0957,12.6665,4,2,53,421,421,0,79.67900000000002,1.9257,25,6,198,67,42,25,67.98236841090561,1.643,45,11,278,135,85,50,18.651106,0,ok,logs/seed_838657.log
833785,baseline,NHEFT,1,0.0,0,0,0,0.9823,0.885,1.8673,713.0816000000002,16.6674,4,2,43,457,457,0,118.42190000000001,2.768,37,12,224,119,48,71,69.50354633538936,1.6246,47,13,296,157,98,59,21.012309,0,ok,logs/seed_833785.log
506833,baseline,NHEFT,1,0.0,0,0,0,1.0974,0.9621,2.0595,555.3054,11.1755,4,2,54,485,485,0,98.36890000000002,1.9797,43,12,258,126,51,75,95.9835888888889,1.9317,46,12,322,161,107,54,30.097058,0,ok,logs/seed_506833.log
108389,baseline,NHEFT,1,0.0,0,0,0,1.2851,1.201,2.4861,609.5429999999989,18.8817,4,2,47,478,478,0,100.1087,3.101,31,7,248,77,40,37,66.96472580645161,2.0744,50,12,322,163,82,81,19.210559,0,ok,logs/seed_108389.log
345871,baseline,NHEFT,1,0.0,0,0,0,1.004,1.1715,2.1755,618.8046999999989,14.7587,4,2,44,493,493,0,104.8441,2.5006,34,7,264,113,54,59,71.78186245210729,1.712,47,12,338,188,111,77,28.932459,0,ok,logs/seed_345871.log
340242,baseline,NHEFT,1,0.0,0,0,0,1.1952,1.0947,2.2899,636.6253000000006,14.7139,5,3,48,459,459,0,107.32020000000001,2.4804,37,13,246,131,51,80,67.78291464737795,1.5666,34,9,282,146,97,49,22.527001,0,ok,logs/seed_340242.log
542308,baseline,NHEFT,1,0.0,0,0,0,1.1469,1.2224,2.3693,495.06039999999916,12.0208,4,2,53,465,465,0,95.53040000000003,2.3196,29,8,248,102,45,57,63.74195633980582,1.5477,39,9,313,145,91,54,23.509721,0,ok,logs/seed_542308.log
203875,baseline,NHEFT,1,0.0,0,0,0,1.1629,1.0716,2.2345,589.9559999999988,16.9589,4,2,54,455,455,0,107.32919999999999,3.0853,31,7,240,103,54,49,71.90298371451345,2.0669,48,12,313,135,88,47,20.207339,0,ok,logs/seed_203875.log
353268,baseline,NHEFT,1,0.0,0,0,0,1.069,1.143,2.212,682.3551000000004,17.3243,5,3,45,482,482,0,113.41329999999995,2.8795,29,8,246,112,51,61,63.31265643915342,1.6074,41,11,329,161,97,64,23.252772,0,ok,logs/seed_353268.log
467050,baseline,NHEFT,1,0.0,0,0,0,1.1724,1.3289,2.5013,546.0680999999989,14.4262,5,2,71,471,471,0,101.6493,2.6854,52,15,275,146,41,105,77.79550000000002,2.0552,53,13,339,178,94,84,22.674302,0,ok,logs/seed_467050.log
652960,baseline,NHEFT,1,0.0,0,0,0,1.1234,1.0652,2.1886,562.7122000000003,14.2047,4,2,46,482,482,0,93.37539999999998,2.3571,36,9,262,112,42,70,73.15704958796553,1.8467,41,12,313,120,74,46,21.558646,0,ok,logs/seed_652960.log
97302,baseline,NHEFT,1,0.0,0,0,0,1.0559,0.9461,2.002,556.1877999999995,13.4291,6,3,53,429,429,0,88.60360000000001,2.1393,38,10,243,102,52,50,60.429129390681,1.4591,46,10,293,147,105,42,18.04806,0,ok,logs/seed_97302.log
976548,baseline,NHEFT,1,0.0,0,0,0,1.2897,1.286,2.5757,551.764700000001,15.4705,3,2,41,429,429,0,89.27549999999998,2.5031,36,8,224,99,45,54,60.95812018181817,1.7092,41,9,276,123,84,39,17.268302,0,ok,logs/seed_976548.log
64317,baseline,NHEFT,1,0.0,0,0,0,1.2003,1.0084,2.2087,440.4860000000005,11.1078,6,2,48,448,448,0,85.97229999999998,2.168,39,9,236,113,44,69,80.8339264781491,2.0384,50,12,305,163,102,61,20.214812,0,ok,logs/seed_64317.log
795969,baseline,NHEFT,1,0.0,0,0,0,1.069,0.9002,1.9692,746.2445000000014,20.382,5,3,56,473,473,0,101.35369999999998,2.7682,34,8,253,105,48,57,69.6853338335607,1.9033,45,10,328,144,87,57,21.408902,0,ok,logs/seed_795969.log
661815,baseline,NHEFT,1,0.0,0,0,0,1.1133,1.0684,2.1817,751.2238,23.7912,3,2,42,462,462,0,115.63430000000001,3.6621,36,12,232,118,45,73,70.42195555555556,2.2303,40,10,296,150,95,55,21.436912,0,ok,logs/seed_661815.log
74484,baseline,NHEFT,1,0.0,0,0,0,1.1748,1.0506,2.2254,545.0693999999992,10.28,6,3,71,445,445,0,96.0162,1.8109,52,14,296,133,46,87,67.70497156694812,1.2769,54,12,300,158,93,65,22.675197,0,ok,logs/seed_74484.log
86122,baseline,NHEFT,1,0.0,0,0,0,1.22,1.1226,2.3426,998.0879,29.4568,4,3,43,473,473,0,106.24669999999998,3.1357,34,10,264,96,45,51,78.13587066918458,2.306,58,12,334,168,87,81,21.594895,0,ok,logs/seed_86122.log
361076,baseline,NHEFT,1,0.0,0,0,0,1.1038,1.0534,2.1572,633.7292999999992,16.9946,6,3,53,469,469,0,102.6218,2.752,35,9,264,100,46,54,80.40462724242424,2.1562,44,10,310,131,81,50,24.015254,0,ok,logs/seed_361076.log
577910,baseline,NHEFT,1,0.0,0,0,0,1.2757,1.262,2.5377,514.7646999999992,19.2092,4,2,43,454,454,0,79.6669,2.9729,25,7,207,66,40,26,54.663007,2.0398,34,10,274,114,71,43,20.825449,0,ok,logs/seed_577910.log
353010,baseline,NHEFT,1,0.0,0,0,0,1.2256,0.9792,2.2048,648.6460000000006,20.0194,4,3,56,444,444,0,97.009,2.994,33,9,219,106,45,61,63.309265229615754,1.9539,51,14,306,161,92,69,17.802594,0,ok,logs/seed_353010.log
970637,baseline,NHEFT,1,0.0,0,0,0,1.1233,0.9539,2.0772,565.4197,16.3166,5,2,45,472,472,0,83.22590000000001,2.4017,31,8,239,88,42,46,56.90286159673478,1.6421,46,10,326,154,89,65,18.042536,0,ok,logs/seed_970637.log
595007,baseline,NHEFT,1,0.0,0,0,0,1.0976,0.9461,2.0437,477.24199999999894,11.7762,4,2,43,426,426,0,80.92179999999999,1.9968,32,7,237,94,51,43,58.29320197794451,1.4384,30,8,268,129,84,45,19.405807,0,ok,logs/seed_595007.log
657766,baseline,NHEFT,1,0.0,0,0,0,1.163,1.2881,2.4511,755.8750000000002,16.4165,3,2,42,470,470,0,103.8284,2.255,45,12,264,119,49,70,70.29827859452436,1.5268,48,11,322,157,91,66,23.895393,0,ok,logs/seed_657766.log
496172,baseline,NHEFT,1,0.0,0,0,0,1.2313,1.4042,2.6355,644.1182999999993,17.4613,5,3,57,470,470,0,96.77160000000003,2.6234,38,10,251,117,50,67,67.24388438511728,1.8229,48,12,312,151,85,66,21.308765,0,ok,logs/seed_496172.log
199762,baseline,NHEFT,1,0.0,0,0,0,1.1855,1.4329,2.6184,631.042799999999,15.4774,5,3,58,467,467,0,110.44300000000003,2.7088,39,12,243,115,47,68,75.79363253153154,1.859,44,11,307,153,88,65,20.464055,0,ok,logs/seed_199762.log
870033,baseline,NHEFT,1,0.0,0,0,0,1.1052,0.8588,1.964,687.6349999999984,15.1911,3,2,42,488,488,0,102.25129999999997,2.2589,39,9,273,122,48,74,84.90714436090227,1.8758,44,10,330,166,95,71,17.063793,0,ok,logs/seed_870033.log
805412,baseline,NHEFT,1,0.0,0,0,0,1.1881,1.0757,2.2638,653.6543000000011,13.3424,4,2,48,450,450,0,102.53630000000005,2.093,37,9,257,101,45,56,77.79935695364237,1.588,42,12,295,142,86,56,24.375034,0,ok,logs/seed_805412.log
114785,baseline,NHEFT,1,0.0,0,0,0,1.2287,1.2951,2.5238,695.4255000000016,18.8408,4,3,42,455,455,0,105.90450000000001,2.8692,41,12,234,128,49,79,59.11150664993727,1.6015,37,9,279,113,73,40,17.488232,0,ok,logs/seed_114785.log
410342,baseline,NHEFT,1,0.0,0,0,0,1.3214,1.2465,2.5679,570.3183999999984,14.8477,4,3,48,442,442,0,93.05809999999998,2.4227,33,9,247,106,54,52,69.80641793882634,1.8173,41,10,278,140,96,44,19.580993,0,ok,logs/seed_410342.log
880653,baseline,NHEFT,1,0.0,0,0,0,1.2234,1.1677,2.3911,646.780099999999,15.1001,5,2,49,461,461,0,105.6132,2.4657,48,13,284,135,48,87,73.33813558628539,1.7122,42,10,309,145,90,55,22.272782,0,ok,logs/seed_880653.log
135819,baseline,NHEFT,1,0.0,0,0,0,1.182,1.2041,2.3861,533.707100000001,14.9611,4,2,45,461,461,0,83.0651,2.3285,30,7,215,81,42,39,59.170680943615274,1.6587,45,11,316,158,84,74,21.349959,0,ok,logs/seed_135819.log
751830,baseline,NHEFT,1,0.0,0,0,0,1.1449,1.1701,2.315,479.7285000000011,11.389,4,2,58,452,452,0,98.69040000000003,2.343,28,11,216,89,46,43,66.08071443428348,1.5688,33,10,278,122,82,40,21.493023,0,ok,logs/seed_751830.log
589417,baseline,NHEFT,1,0.0,0,0,0,1.364,1.317,2.681,566.9204000000001,14.1378,4,2,43,474,474,0,90.71239999999999,2.2622,40,10,233,105,48,57,63.67845911510792,1.588,44,12,298,147,95,52,23.27061,0,ok,logs/seed_589417.log
325641,baseline,NHEFT,1,0.0,0,0,0,1.2039,1.0005,2.2044,689.5842,16.3249,4,2,43,465,465,0,106.31090000000003,2.5168,29,7,239,80,43,37,70.51128102803769,1.6692,47,12,310,169,92,77,19.947959,0,ok,logs/seed_325641.log
386458,baseline,NHEFT,1,0.0,0,0,0,1.2951,1.3019,2.597,683.6927000000001,17.4908,4,2,43,452,452,0,94.3766,2.4144,33,7,243,83,42,41,67.24099273535953,1.7202,44,9,299,143,93,50,17.768473,0,ok,logs/seed_386458.log
635890,baseline,NHEFT,1,0.0,0,0,0,1.1005,1.1645,2.265,745.9958000000005,23.3596,4,2,43,451,451,0,102.96959999999997,3.2243,37,11,240,100,43,57,69.1152613220339,2.1642,48,11,319,140,87,53,18.162785,0,ok,logs/seed_635890.log
321530,baseline,NHEFT,1,0.0,0,0,0,1.1891,1.2809,2.47,573.3026000000004,15.7311,6,3,62,445,445,0,96.94060000000003,2.66,32,10,242,112,51,61,72.25114810495627,1.9825,47,12,306,157,99,58,22.43896,0,ok,logs/seed_321530.log
831017,baseline,NHEFT,1,0.0,0,0,0,1.1681,1.251,2.4191,553.7284000000003,17.2195,3,2,42,440,440,0,94.64750000000002,2.9433,28,7,217,94,49,45,65.77207306255718,2.0453,42,12,295,153,90,63,19.818647,0,ok,logs/seed_831017.log
656820,baseline,NHEFT,1,0.0,0,0,0,1.2143,1.1095,2.3238,566.3055999999983,14.3557,3,1,44,463,463,0,92.75870000000002,2.3514,36,9,247,115,53,62,62.950038593481985,1.5958,45,10,303,144,92,52,22.020908,0,ok,logs/seed_656820.log
52829,baseline,NHEFT,1,0.0,0,0,0,1.0227,0.9271,1.9498,499.2706000000009,14.2002,6,3,66,445,445,0,95.43719999999999,2.7144,45,13,279,144,47,97,62.38055303166721,1.7742,49,11,315,155,98,57,20.804069,0,ok,logs/seed_52829.log
121524,baseline,NHEFT,1,0.0,0,0,0,1.2527,1.073,2.3257,702.6202000000002,17.7213,5,3,55,468,468,0,113.72,2.8682,32,9,245,93,52,41,67.33207142806569,1.6982,45,12,294,136,86,50,24.203022,0,ok,logs/seed_121524.log
237123,baseline,NHEFT,1,0.0,0,0,0,1.2624,1.3909,2.6533,613.0161999999997,20.1552,4,2,48,428,428,0,94.85199999999996,3.1186,31,6,247,75,40,35,69.20836313952707,2.2755,44,12,293,184,98,86,18.199574,0,ok,logs/seed_237123.log
669751,baseline,NHEFT,1,0.0,0,0,0,1.1336,1.0942,2.2278,613.7982999999994,17.8951,4,2,46,462,462,0,89.51219999999998,2.6097,34,7,259,92,52,40,60.98620254344242,1.778,44,9,317,137,81,56,20.955426,0,ok,logs/seed_669751.log
113454,baseline,NHEFT,1,0.0,0,0,0,1.1766,1.0889,2.2655,530.8318000000004,13.3337,5,2,51,436,436,0,83.76580000000001,2.1041,35,9,267,95,46,49,60.53425717977528,1.5205,41,10,292,124,84,40,21.372306,0,ok,logs/seed_113454.log
438348,baseline,NHEFT,1,0.0,0,0,0,1.2411,1.5798,2.8209,626.1691000000002,18.1564,4,2,44,484,484,0,103.2379,2.9935,35,8,260,105,54,51,74.65236104765687,2.1646,51,12,343,177,103,74,26.055762,0,ok,logs/seed_438348.log
899876,baseline,NHEFT,1,0.0,0,0,0,1.1134,0.9943,2.1077,517.3734000000011,11.8572,5,2,64,474,474,0,112.51489999999997,2.5786,47,14,300,149,42,107,74.66380323152025,1.7111,48,12,305,162,102,60,19.009918,0,ok,logs/seed_899876.log
450238,baseline,NHEFT,1,0.0,0,0,0,1.1081,1.1258,2.2339,821.5727000000028,22.2084,3,2,42,487,487,0,106.87960000000002,2.8891,32,9,269,102,39,63,86.10875640092776,2.3277,37,9,315,152,101,51,23.679082,0,ok,logs/seed_450238.log
652597,baseline,NHEFT,1,0.0,0,0,0,1.2574,1.5681,2.8255,685.9173,18.4038,3,2,42,474,474,0,106.8574,2.8671,34,12,233,108,45,63,66.34722088544892,1.7802,39,9,321,159,93,66,20.773052,0,ok,logs/seed_652597.log
54061,baseline,NHEFT,1,0.0,0,0,0,1.3572,1.1121,2.4693,579.9463000000004,15.7468,5,3,47,460,460,0,100.43350000000005,2.727,37,11,259,109,44,65,67.40129009592823,1.8301,44,11,307,160,92,68,19.45877,0,ok,logs/seed_54061.log
254848,baseline,NHEFT,1,0.0,0,0,0,1.2592,1.0903,2.3495,522.8828000000004,13.3385,5,2,49,439,439,0,92.89109999999998,2.3696,29,7,227,91,49,42,65.57695394081928,1.6728,43,11,302,163,101,62,22.92444,0,ok,logs/seed_254848.log
1391,baseline,NHEFT,1,0.0,0,0,0,1.1568,1.2103,2.3671,688.4438999999992,21.7684,3,2,42,457,457,0,97.69829999999999,3.0892,37,10,246,113,51,62,61.777727963875414,1.9534,46,9,318,140,89,51,18.998244,0,ok,logs/seed_1391.log
978211,baseline,NHEFT,1,0.0,0,0,0,1.1933,1.0223,2.2156,688.5131000000007,17.2747,5,3,55,451,451,0,100.74929999999995,2.5278,38,10,251,102,44,58,57.08185619262678,1.4322,48,12,308,144,88,56,25.684446,0,ok,logs/seed_978211.log
687522,baseline,NHEFT,1,0.0,0,0,0,1.1716,1.1636,2.3352,711.4968999999977,19.0365,3,2,42,464,464,0,108.5415,2.9041,42,13,242,128,48,80,74.19793673288667,1.9852,43,11,309,154,89,65,25.723854,0,ok,logs/seed_687522.log
642133,baseline,NHEFT,1,0.0,0,0,0,1.2153,1.1975,2.4128,570.8225999999997,16.2605,3,1,46,482,482,0,93.26480000000001,2.6568,38,6,245,99,47,52,58.00541897522497,1.6524,45,12,326,160,88,72,28.119446,0,ok,logs/seed_642133.log
214700,baseline,NHEFT,1,0.0,0,0,0,1.0202,1.198,2.2182,516.6360000000002,10.9892,4,2,47,448,448,0,93.97770000000003,1.999,35,9,229,99,56,43,69.1972262892998,1.4719,40,9,289,154,98,56,20.961131,0,ok,logs/seed_214700.log
888370,baseline,NHEFT,1,0.0,0,0,0,1.1732,1.081,2.2542,534.9125000000005,13.9595,7,3,66,466,466,0,98.29390000000001,2.5652,39,12,262,132,45,87,80.21421845108588,2.0933,57,13,325,181,99,82,22.620077,0,ok,logs/seed_888370.log
483636,baseline,NHEFT,1,0.0,0,0,0,1.0517,0.8763,1.928,528.1212000000005,14.2191,4,2,47,447,447,0,94.08269999999997,2.5331,41,12,272,125,49,76,60.12420663380282,1.6188,46,11,307,155,100,55,21.937009,0,ok,logs/seed_483636.log
678341,baseline,NHEFT,1,0.0,0,0,0,1.1811,0.912,2.0931,955.7461999999981,22.3587,5,3,31,470,470,0,112.15529999999998,2.6238,35,12,231,93,43,50,64.74272189326268,1.5146,45,11,325,159,84,75,20.430665,0,ok,logs/seed_678341.log
53458,baseline,NHEFT,1,0.0,0,0,0,1.0918,1.2937,2.3855,678.6945999999992,18.0015,3,2,40,443,443,0,98.07660000000001,2.6014,32,8,220,105,43,62,67.7504437652733,1.797,34,8,285,137,85,52,19.121342,0,ok,logs/seed_53458.log
235293,baseline,NHEFT,1,0.0,0,0,0,1.298,1.2242,2.5222,646.1302999999995,16.6514,4,3,58,440,440,0,97.302,2.5076,30,8,227,97,50,47,71.77369472496662,1.8497,41,12,299,144,80,64,17.124081,0,ok,logs/seed_235293.log
652153,baseline,NHEFT,1,0.0,0,0,0,1.3135,1.255,2.5685,645.6078999999996,15.1172,4,2,43,470,470,0,90.27309999999999,2.1138,31,8,215,84,48,36,73.95428968407478,1.7317,35,9,296,123,75,48,19.379838,0,ok,logs/seed_652153.log
265987,baseline,NHEFT,1,0.0,0,0,0,1.1514,1.3146,2.466,591.7216999999998,18.5641,4,2,49,476,476,0,97.0842,3.0458,39,8,252,106,54,52,70.9882458433919,2.2271,59,12,332,177,101,76,23.764106,0,ok,logs/seed_265987.log
876344,baseline,NHEFT,1,0.0,0,0,0,1.1208,1.2447,2.3655,548.5701999999987,14.0268,5,2,49,457,457,0,93.0325,2.3788,24,6,233,87,47,40,82.19649122170901,2.1017,35,9,292,130,87,43,20.491948,0,ok,logs/seed_876344.log
641296,baseline,NHEFT,1,0.0,0,0,0,1.2098,1.2708,2.4806,543.0588000000012,13.1462,5,2,53,435,435,0,99.20209999999999,2.4014,30,7,227,88,48,40,77.00507469670711,1.8641,52,13,292,166,90,76,19.318253,0,ok,logs/seed_641296.log
595834,baseline,NHEFT,1,0.0,0,0,0,1.2329,0.9353,2.1682,547.9021000000004,13.1847,7,3,63,445,445,0,94.92250000000001,2.2842,39,11,242,104,54,50,64.55565419728853,1.5535,42,11,303,153,99,54,19.667501,0,ok,logs/seed_595834.log
738391,baseline,NHEFT,1,0.0,0,0,0,1.2455,1.1418,2.3873,814.6748000000018,18.2302,3,2,41,466,466,0,115.76759999999997,2.5906,33,11,209,101,42,59,69.399001,1.553,38,11,287,131,70,61,18.136498,0,ok,logs/seed_738391.log
928512,baseline,NHEFT,1,0.0,0,0,0,1.178,1.035,2.213,825.0852999999993,19.3495,5,3,54,484,484,0,113.32579999999999,2.6577,47,13,301,138,47,91,63.82626118808777,1.4968,57,12,336,165,88,77,27.599582,0,ok,logs/seed_928512.log
181217,baseline,NHEFT,1,0.0,0,0,0,1.1212,1.2064,2.3276,655.8983999999996,15.0769,3,2,42,437,437,0,111.7714,2.5693,34,11,224,127,50,77,80.2228484589523,1.8441,38,11,284,144,89,55,17.712234,0,ok,logs/seed_181217.log
93772,baseline,NHEFT,1,0.0,0,0,0,1.1027,1.4893,2.592,641.4315000000004,13.0262,3,2,42,445,445,0,93.44090000000001,1.8976,28,7,240,78,40,38,72.03211847425892,1.4628,44,8,310,140,86,54,30.859724,0,ok,logs/seed_93772.log
348523,baseline,NHEFT,1,0.0,0,0,0,1.0358,1.1053,2.1411,565.3863000000005,12.9196,4,2,61,448,448,0,115.1416,2.6311,40,9,257,103,47,56,99.26335986524823,2.2683,44,10,288,138,93,45,22.234671,0,ok,logs/seed_348523.log
466445,baseline,NHEFT,1,0.0,0,0,0,1.2314,1.3654,2.5968,770.3261,21.4252,4,2,43,478,478,0,124.34729999999999,3.4585,29,8,244,118,56,62,72.94673394529227,2.0289,44,12,314,180,102,78,24.896638,0,ok,logs/seed_466445.log
520238,baseline,NHEFT,1,0.0,0,0,0,1.2098,1.3562,2.566,781.5044999999999,19.0929,4,3,43,447,447,0,102.91460000000002,2.5143,40,13,255,117,42,75,76.72493014487783,1.8745,42,12,296,136,83,53,21.566187,0,ok,logs/seed_520238.log
512606,baseline,NHEFT,1,0.0,0,0,0,1.3444,1.1962,2.5406,571.0298999999992,14.4417,6,3,50,456,456,0,88.62529999999998,2.2414,28,8,236,87,41,46,61.94310987654321,1.5666,38,9,283,129,80,49,19.768376,0,ok,logs/seed_512606.log
732043,baseline,NHEFT,1,0.0,0,0,0,1.3132,1.1917,2.5049,647.9523999999985,20.2281,5,4,64,473,473,0,97.21020000000001,3.0348,34,11,221,117,54,63,57.08527293519696,1.7821,47,13,313,169,110,59,21.942369,0,ok,logs/seed_732043.log
912078,baseline,NHEFT,1,0.0,0,0,0,1.1216,1.2247,2.3463,544.1449,15.6935,4,2,61,453,453,0,96.23389999999999,2.7754,34,7,275,92,47,45,67.90889508196722,1.9585,46,9,311,154,91,63,19.845644,0,ok,logs/seed_912078.log
770623,baseline,NHEFT,1,0.0,0,0,0,1.268,1.2304,2.4984,773.0491999999994,19.2131,5,4,59,449,449,0,110.6693,2.7505,39,14,260,122,39,83,81.6701944640523,2.0298,49,12,303,143,82,61,21.049321,0,ok,logs/seed_770623.log
274449,baseline,NHEFT,1,0.0,0,0,0,1.159,1.0388,2.1978,652.4308000000003,17.9416,4,2,43,440,440,0,93.5679,2.5731,31,8,242,89,46,43,64.6832408891967,1.7788,41,11,296,130,79,51,17.760071,0,ok,logs/seed_274449.log
657848,baseline,NHEFT,1,0.0,0,0,0,1.1437,1.0613,2.205,675.0462999999993,19.1469,3,2,41,450,450,0,92.5779,2.6259,42,10,245,102,49,53,52.96217435907336,1.5022,46,11,298,121,82,39,20.915521,0,ok,logs/seed_657848.log
807691,baseline,NHEFT,1,0.0,0,0,0,1.2216,1.5139,2.7355,850.6842999999984,20.3624,4,3,45,458,458,0,129.5411,3.1008,30,8,233,100,50,50,72.38619901980196,1.7327,48,12,300,165,87,78,18.867481,0,ok,logs/seed_807691.log
351419,baseline,NHEFT,1,0.0,0,0,0,1.2228,1.2517,2.4745,547.5067999999993,14.7506,3,2,42,463,463,0,88.23179999999999,2.3771,32,9,256,102,45,57,65.94502143950997,1.7766,44,13,319,158,94,64,20.100957,0,ok,logs/seed_351419.log
726609,baseline,NHEFT,1,0.0,0,0,0,1.2959,1.2036,2.4995,727.7658999999982,18.5694,3,2,38,440,440,0,98.28729999999997,2.5079,32,11,214,100,46,54,61.865695522488615,1.5785,49,13,309,157,88,69,21.653358,0,ok,logs/seed_726609.log
560070,baseline,NHEFT,1,0.0,0,0,0,1.2336,1.3605,2.5941,668.3463999999989,16.064,3,2,42,460,460,0,101.128,2.4307,26,7,219,83,48,35,65.86322987648194,1.5831,45,12,306,173,100,73,23.975869,0,ok,logs/seed_560070.log
342707,baseline,NHEFT,1,0.0,0,0,0,1.2033,1.0433,2.2466,574.9552000000009,13.0295,3,2,41,472,472,0,105.65870000000001,2.3944,29,8,238,106,53,53,62.22622957142857,1.4102,38,10,284,127,77,50,23.690202,0,ok,logs/seed_342707.log
56666,baseline,NHEFT,1,0.0,0,0,0,1.2128,1.3146,2.5274,697.5881000000019,19.886,4,2,45,437,437,0,107.66169999999998,3.0691,32,11,213,109,48,61,61.3052669362665,1.7476,41,10,299,150,91,59,18.669495,0,ok,logs/seed_56666.log
285209,baseline,NHEFT,1,0.0,0,0,0,1.2613,1.2075,2.4688,538.6657999999993,14.0877,4,2,43,451,451,0,89.80910000000002,2.3488,37,10,235,116,48,68,64.96823878012604,1.6991,47,10,299,156,97,59,21.29239,0,ok,logs/seed_285209.log
886960,baseline,NHEFT,1,0.0,0,0,0,1.107,0.9225,2.0295,694.8201999999997,17.6284,3,2,42,478,478,0,98.25110000000001,2.4927,33,9,251,115,49,66,59.57779793360433,1.5116,44,10,324,161,104,57,24.797235,0,ok,logs/seed_886960.log
621730,baseline,NHEFT,1,0.0,0,0,0,1.1539,1.4047,2.5586,622.6307999999997,17.6559,3,2,40,450,450,0,92.37360000000004,2.6194,33,9,212,100,46,54,64.11981911929699,1.8182,38,10,287,144,81,63,16.921855,0,ok,logs/seed_621730.log
904473,baseline,NHEFT,1,0.0,0,0,0,1.3141,1.1913,2.5054,561.0119999999988,11.4673,5,2,50,463,463,0,85.0862,1.7392,31,7,252,86,51,35,66.90718038309598,1.3676,48,11,317,152,97,55,23.61951,0,ok,logs/seed_904473.log
653339,baseline,NHEFT,1,0.0,0,0,0,1.1272,1.1891,2.3163,749.8342000000015,19.7912,5,3,42,431,431,0,113.23319999999998,2.9887,43,15,232,142,54,88,72.02606392983196,1.9011,51,14,306,177,104,73,18.394995,0,ok,logs/seed_653339.log
168058,baseline,NHEFT,1,0.0,0,0,0,1.3253,0.9242,2.2495,668.0695000000006,20.094,5,4,51,427,427,0,86.80300000000003,2.6108,34,9,240,93,44,49,59.878399734177215,1.801,53,12,298,148,91,57,20.108619,0,ok,logs/seed_168058.log
442021,baseline,NHEFT,1,0.0,0,0,0,1.224,1.0009,2.2249,643.8645000000004,15.898,3,2,42,479,479,0,97.6941,2.4122,36,10,250,114,46,68,60.120790511062545,1.4845,37,10,302,129,84,45,23.922524,0,ok,logs/seed_442021.log
583293,baseline,NHEFT,1,0.0,0,0,0,1.3906,1.216,2.6066,546.8387999999995,14.7316,4,2,47,480,480,0,100.51410000000001,2.7078,37,10,255,117,44,73,62.39610108541973,1.6809,45,10,333,152,89,63,27.427046,0,ok,logs/seed_583293.log
889618,baseline,NHEFT,1,0.0,0,0,0,1.0777,0.9802,2.0579,646.7726999999992,15.7533,3,2,42,490,490,0,93.98669999999998,2.2892,38,10,251,111,48,63,59.10810588235294,1.4397,33,10,295,115,74,41,29.761791,0,ok,logs/seed_889618.log
366067,baseline,NHEFT,1,0.0,0,0,0,1.0526,0.9531,2.0057,714.4873999999984,16.9748,3,2,38,428,428,0,99.5569,2.3653,42,12,228,114,45,69,65.11429966157105,1.547,42,10,292,149,86,63,20.652638,0,ok,logs/seed_366067.log
814962,baseline,NHEFT,1,0.0,0,0,0,1.2279,1.0522,2.2801,630.3147000000006,18.0824,3,2,39,491,491,0,85.7678,2.4605,30,9,240,103,52,51,71.39487069696969,2.0482,50,13,325,173,103,70,27.232362,0,ok,logs/seed_814962.log
272538,baseline,NHEFT,1,0.0,0,0,0,1.1433,1.0981,2.2414,629.2740000000001,16.5932,4,2,43,473,473,0,103.19789999999998,2.7212,38,11,244,123,51,72,70.74727425914962,1.8655,55,13,323,194,111,83,23.788242,0,ok,logs/seed_272538.log
997364,baseline,NHEFT,1,0.0,0,0,0,1.2861,1.1424,2.4285,812.2144000000006,23.3239,4,3,43,477,477,0,111.77699999999999,3.2098,34,8,238,97,58,39,76.8310427818062,2.2063,48,11,329,173,104,69,24.071381,0,ok,logs/seed_997364.log
829067,baseline,NHEFT,1,0.0,0,0,0,1.2615,1.1279,2.3894,470.3467999999995,12.3541,4,2,61,456,456,0,80.93920000000001,2.1259,40,11,281,114,54,60,61.861452354349545,1.6249,53,12,316,154,90,64,29.415936,0,ok,logs/seed_829067.log
823366,baseline,NHEFT,1,0.0,0,0,0,1.1698,1.1656,2.3354,1050.969400000003,32.4447,4,3,36,483,483,0,108.6721,3.3548,38,12,252,123,40,83,75.13465611811024,2.3195,49,13,332,171,90,81,22.687385,0,ok,logs/seed_823366.log
492603,baseline,NHEFT,1,0.0,0,0,0,1.2228,1.1642,2.387,737.974499999999,18.6156,5,3,59,457,457,0,109.1732,2.7539,41,12,275,120,49,71,74.67038571428571,1.8836,44,11,302,147,82,65,21.915533,0,ok,logs/seed_492603.log
767656,baseline,NHEFT,1,0.0,0,0,0,1.1666,1.0638,2.2304,539.9412999999997,14.3667,4,2,43,476,476,0,99.9324,2.659,28,9,223,91,45,46,56.391736436597114,1.5005,46,12,306,146,89,57,23.527746,0,ok,logs/seed_767656.log
729327,baseline,NHEFT,1,0.0,0,0,0,1.3137,1.1174,2.4311,642.8314999999998,15.6449,4,2,44,452,452,0,94.83079999999998,2.3079,35,10,247,99,40,59,67.58262035205993,1.6448,50,11,312,171,100,71,21.352191,0,ok,logs/seed_729327.log
666140,baseline,NHEFT,1,0.0,0,0,0,1.3236,1.2571,2.5807,591.6563000000001,16.6859,3,2,42,465,465,0,93.1607,2.6273,41,12,263,122,52,70,54.784769078582976,1.545,40,10,303,140,90,50,21.635602,0,ok,logs/seed_666140.log
931213,baseline,NHEFT,1,0.0,0,0,0,1.279,1.4874,2.7664,662.9091000000008,14.4487,4,2,47,463,463,0,108.28769999999997,2.3602,35,9,262,105,50,55,91.91513054532328,2.0034,45,11,321,168,103,65,24.092919,0,ok,logs/seed_931213.log
479086,baseline,NHEFT,1,0.0,0,0,0,1.2204,1.1084,2.3288,554.1175000000006,21.5987,3,2,42,449,449,0,88.14570000000002,3.4358,36,10,222,108,51,57,61.544081272108855,2.3989,38,10,268,135,88,47,19.363673,0,ok,logs/seed_479086.log
648286,baseline,NHEFT,1,0.0,0,0,0,1.1948,1.2166,2.4114,689.431099999999,14.5253,4,3,47,464,464,0,106.1094,2.2356,34,9,244,100,44,56,75.28487982195847,1.5861,43,12,299,157,98,59,24.272309,0,ok,logs/seed_648286.log
578832,baseline,NHEFT,1,0.0,0,0,0,1.2002,1.1402,2.3404,667.6461000000003,16.1337,3,2,42,456,456,0,109.57630000000003,2.6479,39,11,239,127,56,71,63.14866877790292,1.526,46,12,307,153,94,59,22.037205,0,ok,logs/seed_578832.log
781836,baseline,NHEFT,1,0.0,0,0,0,1.1966,1.3917,2.5883,649.6480000000006,20.2952,3,2,34,457,457,0,102.95710000000003,3.2164,29,9,194,101,55,46,67.80413575211477,2.1182,31,10,251,134,90,44,19.23869,0,ok,logs/seed_781836.log
659171,baseline,NHEFT,1,0.0,0,0,0,1.2202,0.9681,2.1883,620.7207,19.734,4,2,43,453,453,0,83.9708,2.6696,29,7,241,77,44,33,67.58721619937694,2.1487,49,13,321,153,94,59,21.741584,0,ok,logs/seed_659171.log
667338,baseline,NHEFT,1,0.0,0,0,0,1.2141,0.9531,2.1672,644.1116000000003,19.4726,3,2,38,478,478,0,85.00819999999999,2.5699,34,10,239,101,49,52,59.696157209559466,1.8047,40,9,309,133,84,49,24.158366,0,ok,logs/seed_667338.log
967649,baseline,NHEFT,1,0.0,0,0,0,1.3144,1.1931,2.5075,667.7392000000012,22.9601,3,2,42,460,460,0,94.1174,3.2362,30,8,229,85,42,43,56.86483433082706,1.9553,44,10,305,151,85,66,26.10942,0,ok,logs/seed_967649.log
413495,baseline,NHEFT,1,0.0,0,0,0,1.1724,1.0298,2.2022,986.1503999999981,22.0675,4,3,32,497,497,0,107.04429999999998,2.3954,33,10,259,92,43,49,71.84620606329115,1.6077,43,10,321,162,90,72,24.901836,0,ok,logs/seed_413495.log
46799,baseline,NHEFT,1,0.0,0,0,0,1.2066,1.1568,2.3634,613.8152000000001,12.2804,6,3,63,480,480,0,104.90740000000002,2.0988,43,11,286,128,55,73,73.18120750493748,1.4641,42,11,315,158,108,50,28.058932,0,ok,logs/seed_46799.log
213320,baseline,NHEFT,1,0.0,0,0,0,1.2654,0.9347,2.2001,513.5461999999998,13.3896,4,2,52,457,457,0,90.57950000000002,2.3617,35,10,240,106,41,65,64.68402945655247,1.6865,40,12,317,165,98,67,27.021945,0,ok,logs/seed_213320.log
84966,baseline,NHEFT,1,0.0,0,0,0,1.3225,1.4005,2.723,659.7844999999985,23.931,3,2,42,444,444,0,97.59150000000001,3.5397,30,10,222,101,44,57,62.806279972040194,2.278,45,13,299,167,85,82,23.589783,0,ok,logs/seed_84966.log
372841,baseline,NHEFT,1,0.0,0,0,0,1.1661,0.932,2.0981,512.3306,14.8844,5,2,51,472,472,0,92.19879999999999,2.6786,38,9,256,105,52,53,59.88605192458522,1.7398,49,10,321,143,94,49,27.9668,0,ok,logs/seed_372841.log
491732,baseline,NHEFT,1,0.0,0,0,0,1.2945,1.2478,2.5423,649.6368999999994,19.8074,5,3,51,428,428,0,99.1107,3.0219,35,9,224,113,49,64,62.03945367412139,1.8916,41,12,287,144,96,48,22.21105,0,ok,logs/seed_491732.log
770980,baseline,NHEFT,1,0.0,0,0,0,1.2419,1.1788,2.4207,700.7223999999998,21.0898,7,4,64,446,446,0,98.60690000000004,2.9678,36,11,238,109,50,59,64.27048557536467,1.9344,45,12,295,155,98,57,26.151552,0,ok,logs/seed_770980.log
811224,baseline,NHEFT,1,0.0,0,0,0,1.1336,1.2828,2.4164,614.2685999999993,15.2478,4,2,52,487,487,0,89.34199999999997,2.2177,35,9,287,91,43,48,85.196001,2.1148,49,13,328,156,86,70,22.215466,0,ok,logs/seed_811224.log
498974,baseline,NHEFT,1,0.0,0,0,0,1.1733,1.1796,2.3529,741.6506,17.5453,3,2,42,475,475,0,120.38839999999996,2.848,32,10,232,119,51,68,76.39943682719547,1.8074,35,11,284,154,96,58,23.248946,0,ok,logs/seed_498974.log
200046,baseline,NHEFT,1,0.0,0,0,0,1.352,1.2416,2.5936,686.7718000000007,21.0875,4,2,43,451,451,0,111.07490000000003,3.4106,37,16,250,150,44,106,62.338857251276764,1.9141,43,11,315,172,97,75,25.549131,0,ok,logs/seed_200046.log
326276,baseline,NHEFT,1,0.0,0,0,0,1.3386,1.1973,2.5359,1109.7831,30.9072,3,3,34,476,476,0,115.71110000000002,3.2225,38,9,232,98,38,60,64.19625220274914,1.7879,52,11,320,154,89,65,24.967579,0,ok,logs/seed_326276.log
640113,baseline,NHEFT,1,0.0,0,0,0,1.1333,1.1939,2.3272,636.5985999999999,16.0703,6,3,55,454,454,0,95.73240000000001,2.4167,35,9,264,101,54,47,67.207,1.6966,58,12,319,164,94,70,25.404192,0,ok,logs/seed_640113.log
695200,baseline,NHEFT,1,0.0,0,0,0,1.1135,1.1102,2.2237,723.1749000000005,15.4586,3,2,42,468,468,0,110.67069999999998,2.3657,43,12,260,134,50,84,80.52254754976303,1.7213,44,12,297,149,90,59,23.054795,0,ok,logs/seed_695200.log
774075,baseline,NHEFT,1,0.0,0,0,0,1.2694,1.5139,2.7833,435.3858000000014,12.9637,4,2,59,455,455,0,85.9737,2.5599,27,7,231,79,44,35,69.12964748010579,2.0583,42,10,311,157,92,65,21.251817,0,ok,logs/seed_774075.log
389892,baseline,NHEFT,1,0.0,0,0,0,1.2077,0.9957,2.2034,678.6509000000004,15.7206,3,2,42,474,474,0,94.9006,2.1983,34,9,270,106,45,61,62.35088218466898,1.4443,46,12,315,164,111,53,26.959924,0,ok,logs/seed_389892.log
955718,baseline,NHEFT,1,0.0,0,0,0,1.3423,1.44,2.7823,740.8051999999975,18.4958,3,2,42,445,445,0,111.7006,2.7888,33,9,234,96,43,53,71.26168364451082,1.7792,44,10,300,156,87,69,23.516785,0,ok,logs/seed_955718.log
522004,baseline,NHEFT,1,0.0,0,0,0,1.3299,1.0007,2.3306,614.9088000000007,15.3402,3,2,42,445,445,0,107.51330000000003,2.6822,23,7,208,92,48,44,60.47418710786359,1.5087,45,13,321,163,95,68,22.875394,0,ok,logs/seed_522004.log
385731,baseline,NHEFT,1,0.0,0,0,0,1.2428,0.9953,2.2381,674.9650999999983,20.6031,3,2,42,468,468,0,93.39490000000002,2.8509,27,7,246,89,49,40,59.24276866666666,1.8084,44,10,305,151,104,47,21.662915,0,ok,logs/seed_385731.log
726289,baseline,NHEFT,1,0.0,0,0,0,1.2183,1.1225,2.3408,616.980900000001,17.9368,8,3,58,484,484,0,109.40849999999999,3.1807,35,9,237,120,51,69,61.614560130509936,1.7913,50,13,333,167,95,72,29.497173,0,ok,logs/seed_726289.log
840325,baseline,NHEFT,1,0.0,0,0,0,1.1295,1.1547,2.2842,556.3825999999997,11.7855,4,2,51,460,460,0,109.20950000000002,2.3133,33,9,244,113,54,59,75.07034931726866,1.5902,47,13,309,172,109,63,24.909419,0,ok,logs/seed_840325.log
754746,baseline,NHEFT,1,0.0,0,0,0,1.1178,1.0263,2.1441,582.6596,18.398,4,2,47,445,445,0,101.89399999999999,3.2174,46,14,282,155,43,112,66.60382307692308,2.1031,38,13,276,139,92,47,19.606041,0,ok,logs/seed_754746.log
717000,baseline,NHEFT,1,0.0,0,0,0,1.176,0.9722,2.1482,580.0307000000015,10.4494,5,2,57,451,451,0,110.28500000000001,1.9868,39,11,236,125,52,73,71.36950544346432,1.2857,50,12,304,159,90,69,23.773269,0,ok,logs/seed_717000.log
70922,baseline,NHEFT,1,0.0,0,0,0,1.135,1.1633,2.2983,690.643799999999,14.5081,7,3,54,475,475,0,110.21100000000001,2.3152,29,8,235,92,54,38,86.32004545454545,1.8133,38,11,304,165,109,56,21.28026,0,ok,logs/seed_70922.log
108172,baseline,NHEFT,1,0.0,0,0,0,1.2145,1.2217,2.4362,616.8644000000003,15.5556,3,2,42,467,467,0,110.09479999999999,2.7763,36,9,232,99,52,47,70.29686709979026,1.7727,44,12,313,158,98,60,29.431763,0,ok,logs/seed_108172.log
486905,baseline,NHEFT,1,0.0,0,0,0,1.1473,1.2708,2.4181,689.5298000000003,12.1669,6,3,52,460,460,0,105.37829999999998,1.8594,31,8,263,87,42,45,89.6819086526576,1.5825,36,10,278,119,78,41,24.89532,0,ok,logs/seed_486905.log
268061,baseline,NHEFT,1,0.0,0,0,0,1.0495,0.7813,1.8308,616.531299999999,12.6727,4,2,43,441,441,0,94.6358,1.9452,34,8,243,95,47,48,64.97970676889214,1.3357,39,11,295,139,90,49,21.956943,0,ok,logs/seed_268061.log
692334,baseline,NHEFT,1,0.0,0,0,0,1.2153,1.1026,2.3179,625.9223000000004,12.607,6,3,56,462,462,0,106.6248,2.1476,36,9,257,108,46,62,66.32784117167716,1.3359,47,10,310,137,80,57,24.886263,0,ok,logs/seed_692334.log
719918,baseline,NHEFT,1,0.0,0,0,0,1.3622,1.4587,2.8209,519.1007000000003,14.3818,4,2,46,417,417,0,90.81869999999999,2.5162,36,9,228,95,44,51,64.72310057377575,1.7932,42,11,283,145,85,60,18.916133,0,ok,logs/seed_719918.log
946535,baseline,NHEFT,1,0.0,0,0,0,1.2254,1.2544,2.4798,628.0771,16.5418,3,2,40,463,463,0,93.91810000000002,2.4735,26,7,226,68,40,28,59.4790607329843,1.5665,41,9,303,135,82,53,25.16961,0,ok,logs/seed_946535.log
453449,baseline,NHEFT,1,0.0,0,0,0,1.2951,1.4789,2.774,523.4696999999992,15.2724,6,3,68,478,478,0,94.956,2.7704,36,13,270,131,55,76,69.06001969587255,2.0148,41,11,306,169,107,62,31.112113,0,ok,logs/seed_453449.log
623966,baseline,NHEFT,1,0.0,0,0,0,1.2116,1.2821,2.4937,585.0697,17.2338,4,2,43,472,472,0,92.3082,2.719,28,9,229,108,46,62,62.82913665592151,1.8507,50,13,345,171,89,82,28.12461,0,ok,logs/seed_623966.log
185535,baseline,NHEFT,1,0.0,0,0,0,1.1921,1.1972,2.3893,543.058,10.1507,4,2,47,456,456,0,91.3004,1.7066,35,9,259,109,53,56,68.82269999999998,1.2864,49,12,297,178,106,72,25.252139,0,ok,logs/seed_185535.log
482729,baseline,NHEFT,1,0.0,0,0,0,1.1872,1.2202,2.4074,519.3918999999993,14.3622,6,3,71,450,450,0,96.12309999999998,2.658,31,9,257,104,50,54,73.47981510307909,2.0319,42,10,301,158,94,64,20.456764,0,ok,logs/seed_482729.log
2208,baseline,NHEFT,1,0.0,0,0,0,1.1491,0.9382,2.0873,974.5961999999995,23.8212,3,3,36,476,476,0,116.88709999999995,2.857,31,10,212,96,44,52,69.64960370370369,1.7024,41,11,301,148,81,67,25.972019,0,ok,logs/seed_2208.log
226101,baseline,NHEFT,1,0.0,0,0,0,1.2381,1.2668,2.5049,714.186399999998,20.6218,3,2,39,478,478,0,90.57020000000004,2.6152,32,8,231,98,50,48,64.12272753641321,1.8515,52,13,324,143,83,60,26.210511,0,ok,logs/seed_226101.log
750848,baseline,NHEFT,1,0.0,0,0,0,1.0815,0.8827,1.9642,557.9385999999995,14.6025,4,2,56,450,450,0,89.85079999999999,2.3516,47,12,286,132,50,82,64.40163836246549,1.6855,51,9,312,165,103,62,24.346976,0,ok,logs/seed_750848.log
430115,baseline,NHEFT,1,0.0,0,0,0,1.1565,1.027,2.1835,502.98240000000044,13.793,4,2,58,450,450,0,94.08830000000002,2.5801,44,11,268,131,49,82,60.53807531734839,1.6601,46,12,307,158,108,50,21.971832,0,ok,logs/seed_430115.log
360828,baseline,NHEFT,1,0.0,0,0,0,1.1706,1.2143,2.3849,692.3835999999998,17.8217,4,2,43,478,478,0,106.87640000000002,2.751,43,11,276,123,46,77,74.26259190909092,1.9115,38,10,293,123,78,45,21.687672,0,ok,logs/seed_360828.log
686023,baseline,NHEFT,1,0.0,0,0,0,1.2764,1.1862,2.4626,621.157900000001,18.7794,2,1,40,480,480,0,97.35669999999999,2.9434,27,7,202,75,41,34,71.92247017293232,2.1744,45,10,290,148,94,54,24.993406,0,ok,logs/seed_686023.log
910767,baseline,NHEFT,1,0.0,0,0,0,1.3067,1.2292,2.5359,581.3587000000005,14.7966,4,2,43,444,444,0,97.16909999999999,2.4731,44,10,245,116,50,66,68.40487073465991,1.741,43,11,287,135,95,40,22.346219,0,ok,logs/seed_910767.log
867129,baseline,NHEFT,1,0.0,0,0,0,1.1292,1.0842,2.2134,624.5808999999995,16.9565,4,3,49,448,448,0,102.29099999999998,2.7771,33,7,243,116,61,55,65.1545514150165,1.7689,40,11,285,140,86,54,20.65797,0,ok,logs/seed_867129.log
594299,baseline,NHEFT,1,0.0,0,0,0,1.2884,1.4388,2.7272,892.6593999999969,23.1307,4,3,47,473,473,0,116.67950000000002,3.0234,35,9,253,111,52,59,75.64956677952755,1.9602,45,11,309,158,100,58,24.979627,0,ok,logs/seed_594299.log
141316,baseline,NHEFT,1,0.0,0,0,0,1.2765,0.936,2.2125,589.9574000000002,18.4323,3,2,41,431,431,0,85.87130000000002,2.6829,36,9,226,100,46,54,58.25476025824965,1.8201,39,10,281,133,86,47,19.787086,0,ok,logs/seed_141316.log
200207,baseline,NHEFT,1,0.0,0,0,0,1.1465,1.1611,2.3076,560.0862000000002,15.3549,5,3,64,478,478,0,97.25879999999998,2.6664,29,8,255,87,45,42,69.01563958664548,1.8921,40,10,310,138,80,58,25.115675,0,ok,logs/seed_200207.log
575011,baseline,NHEFT,1,0.0,0,0,0,1.2044,1.4417,2.6461,542.1536,10.0913,5,2,62,484,484,0,105.24300000000001,1.9589,36,9,261,124,46,78,75.83834867801858,1.4116,45,10,303,153,88,65,21.87938,0,ok,logs/seed_575011.log
765419,baseline,NHEFT,1,0.0,0,0,0,1.1323,1.0471,2.1794,546.4644999999998,12.1244,4,2,43,473,473,0,93.66289999999998,2.0781,32,7,249,99,49,50,68.46428208955224,1.519,37,8,315,149,97,52,22.252687,0,ok,logs/seed_765419.log
676245,baseline,NHEFT,1,0.0,0,0,0,1.0505,0.9324,1.9829,533.8855,12.305,4,2,55,429,429,0,102.09089999999996,2.353,45,12,280,139,45,94,72.61560100000001,1.6736,50,13,297,165,98,67,21.011134,0,ok,logs/seed_676245.log
743656,baseline,NHEFT,1,0.0,0,0,0,1.2136,1.2441,2.4577,613.3959999999997,15.586,5,3,53,498,498,0,103.4956,2.6297,36,11,249,133,61,72,62.59635616438357,1.5905,36,11,306,145,99,46,23.253167,0,ok,logs/seed_743656.log
469800,baseline,NHEFT,1,0.0,0,0,0,1.1824,1.0956,2.278,647.4451999999989,13.9073,4,2,43,432,432,0,100.92239999999997,2.1678,32,8,228,100,40,60,69.3796796378757,1.4903,43,11,274,141,73,68,22.696435,0,ok,logs/seed_469800.log
384437,baseline,NHEFT,1,0.0,0,0,0,1.1572,1.0631,2.2203,623.4877999999994,10.8571,4,2,50,455,455,0,104.23309999999998,1.8151,31,8,240,87,44,43,78.92549320066335,1.3744,41,9,299,128,86,42,22.109147,0,ok,logs/seed_384437.log
692498,baseline,NHEFT,1,0.0,0,0,0,1.1987,1.0362,2.2349,618.477799999999,16.1882,3,2,41,411,411,0,87.64079999999998,2.2939,37,14,221,103,45,58,56.94966887370601,1.4906,44,11,287,147,90,57,22.837302,0,ok,logs/seed_692498.log
385750,baseline,NHEFT,1,0.0,0,0,0,1.1901,1.3761,2.5662,682.6461000000014,17.5428,5,2,53,487,487,0,111.57169999999999,2.8672,35,11,236,110,47,63,69.3585494281897,1.7824,47,11,338,164,94,70,29.362224,0,ok,logs/seed_385750.log
966044,baseline,NHEFT,1,0.0,0,0,0,1.2795,1.1636,2.4431,665.0697999999996,16.0271,3,2,42,440,440,0,102.00630000000001,2.4582,26,6,225,74,42,32,63.621229411764695,1.5332,47,11,302,160,89,71,23.934976,0,ok,logs/seed_966044.log
231504,baseline,NHEFT,1,0.0,0,0,0,1.1121,0.965,2.0771,624.5760999999992,17.4254,5,3,57,437,437,0,109.67279999999998,3.0598,47,14,261,155,40,115,66.78752956098148,1.8633,53,13,303,172,81,91,24.932369,0,ok,logs/seed_231504.log
758710,baseline,NHEFT,1,0.0,0,0,0,1.1633,1.3567,2.52,610.9182000000001,18.7328,5,2,58,461,461,0,93.42999999999999,2.8649,31,8,270,97,50,47,68.33299882087236,2.0953,45,12,319,161,92,69,25.504144,0,ok,logs/seed_758710.log
855896,baseline,NHEFT,1,0.0,0,0,0,1.1805,1.3206,2.5011,512.5172000000013,12.4576,4,2,49,479,479,0,91.88029999999998,2.2333,26,8,242,82,47,35,67.0567524472272,1.6299,33,10,282,121,83,38,21.962036,0,ok,logs/seed_855896.log
165859,baseline,NHEFT,1,0.0,0,0,0,0.9806,0.9922,1.9728,665.1606000000003,16.317,4,2,43,481,481,0,104.25899999999999,2.5576,35,9,272,112,46,66,79.29769444444446,1.9452,47,11,331,175,99,76,25.853252,0,ok,logs/seed_165859.log
804367,baseline,NHEFT,1,0.0,0,0,0,1.281,1.117,2.398,713.283099999998,23.7909,4,2,33,443,443,0,84.80460000000002,2.8286,33,8,222,90,44,46,66.03743877551018,2.2026,41,11,285,123,77,46,18.63838,0,ok,logs/seed_804367.log
317518,baseline,NHEFT,1,0.0,0,0,0,1.2199,1.2845,2.5044,557.3483999999999,12.7228,4,2,57,488,488,0,95.01279999999998,2.1689,34,12,265,123,54,69,74.18090759187726,1.6934,50,13,325,166,87,79,24.070172,0,ok,logs/seed_317518.log
461209,baseline,NHEFT,1,0.0,0,0,0,1.1662,1.2971,2.4633,632.0503999999996,15.5498,4,2,48,481,481,0,89.45749999999998,2.2008,33,7,258,94,41,53,68.59895029501916,1.6877,37,10,318,147,87,60,22.631018,0,ok,logs/seed_461209.log
882850,baseline,NHEFT,1,0.0,0,0,0,1.1744,1.4156,2.59,545.5945000000003,14.8371,4,2,49,506,506,0,90.32140000000001,2.4562,40,11,291,118,51,67,72.44221031686195,1.97,51,13,343,169,104,65,32.145738,0,ok,logs/seed_882850.log
64681,baseline,NHEFT,1,0.0,0,0,0,1.2909,1.6692,2.9601,615.0897000000006,16.9738,3,2,42,440,440,0,112.7634,3.1118,27,8,214,86,46,40,69.51465753909562,1.9183,41,10,285,161,94,67,23.441944,0,ok,logs/seed_64681.log
173770,baseline,NHEFT,1,0.0,0,0,0,1.0756,0.9944,2.07,519.239100000001,11.438,5,2,67,467,467,0,97.49019999999999,2.1476,35,7,279,106,51,55,71.28053893103449,1.5702,45,11,327,152,96,56,28.143699,0,ok,logs/seed_173770.log
258441,baseline,NHEFT,1,0.0,0,0,0,1.246,1.1765,2.4225,555.4062999999985,15.2355,4,2,46,486,486,0,94.85370000000002,2.602,30,8,236,87,46,41,62.80484808998575,1.7228,44,10,326,155,92,63,26.100652,0,ok,logs/seed_258441.log
324860,baseline,NHEFT,1,0.0,0,0,0,1.1873,1.0744,2.2617,751.8814999999994,21.0883,3,2,35,503,503,0,93.77759999999996,2.6302,31,7,237,89,49,40,67.54004830954207,1.8943,44,11,317,149,88,61,28.697065,0,ok,logs/seed_324860.log
107009,baseline,NHEFT,1,0.0,0,0,0,1.3661,1.0929,2.459,729.0281999999988,16.5472,5,3,49,481,481,0,99.36520000000002,2.2553,37,12,265,120,53,67,69.7098727458131,1.5822,35,10,282,132,84,48,26.824047,0,ok,logs/seed_107009.log
161981,baseline,NHEFT,1,0.0,0,0,0,1.0988,1.0112,2.11,557.496,16.0371,5,3,60,429,429,0,102.57010000000001,2.9506,35,11,215,112,46,66,60.615500000000004,1.7437,41,11,304,155,92,63,23.999828,0,ok,logs/seed_161981.log
290380,baseline,NHEFT,1,0.0,0,0,0,1.2107,1.2667,2.4774,626.5264000000011,13.9695,4,2,44,453,453,0,111.32470000000004,2.4822,27,8,250,111,49,62,80.58188792810456,1.7967,32,11,275,149,93,56,17.4569,0,ok,logs/seed_290380.log
976250,baseline,NHEFT,1,0.0,0,0,0,1.1388,1.1337,2.2725,592.3381999999996,13.7011,5,2,47,459,459,0,105.2028,2.4334,29,7,243,94,50,44,73.03138300597212,1.6893,48,10,313,158,87,71,26.202259,0,ok,logs/seed_976250.log
254077,baseline,NHEFT,1,0.0,0,0,0,1.1845,1.4646,2.6491,547.1652999999999,15.0416,4,2,48,466,466,0,97.3827,2.677,40,12,269,125,45,80,72.40937252580396,1.9905,45,11,303,149,86,63,25.795541,0,ok,logs/seed_254077.log
539967,baseline,NHEFT,1,0.0,0,0,0,1.1687,1.0061,2.1748,445.9531000000001,12.3042,4,2,61,428,428,0,93.52299999999998,2.5804,35,9,234,94,48,46,65.25808298017277,1.8005,43,12,299,136,89,47,21.370826,0,ok,logs/seed_539967.log
599304,baseline,NHEFT,1,0.0,0,0,0,1.2596,1.1422,2.4018,567.4332000000003,15.8062,6,3,48,452,452,0,92.37660000000001,2.5732,41,11,268,126,47,79,68.19081433603239,1.8995,43,10,299,169,91,78,26.829723,0,ok,logs/seed_599304.log
287821,baseline,NHEFT,1,0.0,0,0,0,1.1863,1.1382,2.3245,826.0286000000009,23.8116,4,2,42,488,488,0,98.12850000000002,2.8287,32,9,259,96,43,53,65.71275269644046,1.8943,46,8,324,135,82,53,28.067932,0,ok,logs/seed_287821.log
48051,baseline,NHEFT,1,0.0,0,0,0,1.3686,1.1999,2.5685,664.6809999999989,17.2156,4,2,41,468,468,0,86.6828,2.2451,36,8,249,92,47,45,58.78749211092013,1.5226,39,9,295,120,78,42,26.423457,0,ok,logs/seed_48051.log
860327,baseline,NHEFT,1,0.0,0,0,0,1.0571,0.9151,1.9722,602.8400999999997,14.985,4,2,45,447,447,0,101.85420000000002,2.5318,32,7,227,90,43,47,62.766416220919844,1.5602,39,10,301,131,83,48,24.553378,0,ok,logs/seed_860327.log
591119,baseline,NHEFT,1,0.0,0,0,0,1.0517,0.8702,1.9219,609.5340999999995,16.015,5,3,58,440,440,0,101.3536,2.663,34,9,238,94,47,47,64.15613292664884,1.6857,45,11,309,145,82,63,21.383326,0,ok,logs/seed_591119.log
611764,baseline,NHEFT,1,0.0,0,0,0,1.165,1.0562,2.2212,735.2082000000009,17.6204,6,4,61,461,461,0,114.17579999999998,2.7364,44,12,264,132,51,81,75.08006454849497,1.7994,41,11,297,158,95,63,26.087529,0,ok,logs/seed_611764.log
806683,baseline,NHEFT,1,0.0,0,0,0,1.1306,1.1636,2.2942,604.0843999999987,12.9629,3,2,42,465,465,0,94.33200000000001,2.0242,36,9,246,100,54,46,66.26089911448285,1.4219,40,11,306,127,77,50,25.444735,0,ok,logs/seed_806683.log
848855,baseline,NHEFT,1,0.0,0,0,0,1.1238,0.9724,2.0962,934.4386999999997,28.1518,4,4,55,474,474,0,120.95890000000001,3.6441,30,9,220,98,43,55,60.14706390225564,1.8121,46,13,309,141,78,63,25.602685,0,ok,logs/seed_848855.log
384264,baseline,NHEFT,1,0.0,0,0,0,1.1413,1.0488,2.1901,510.66690000000006,13.2644,4,2,61,472,472,0,93.07510000000002,2.4176,48,15,287,145,47,98,73.17210562537764,1.9006,51,13,336,177,113,64,24.330194,0,ok,logs/seed_384264.log
505769,baseline,NHEFT,1,0.0,0,0,0,1.2467,1.09,2.3367,537.470900000001,14.2628,3,2,42,446,446,0,80.67430000000002,2.1408,35,9,243,101,53,48,49.724000000000004,1.3195,33,10,282,120,71,49,25.579209,0,ok,logs/seed_505769.log
221230,baseline,NHEFT,1,0.0,0,0,0,1.3252,1.3235,2.6487,608.6684000000001,16.1491,3,2,42,471,471,0,99.05160000000002,2.628,29,8,227,102,45,57,63.03175365562913,1.6723,39,11,299,155,95,60,22.788859,0,ok,logs/seed_221230.log
940154,baseline,NHEFT,1,0.0,0,0,0,1.2519,1.3649,2.6168,626.5056000000012,17.1738,3,2,42,462,462,0,89.55139999999997,2.4548,32,7,228,86,53,33,60.122124489981786,1.6481,42,10,298,133,80,53,26.02186,0,ok,logs/seed_940154.log
587707,baseline,NHEFT,1,0.0,0,0,0,1.2365,1.4678,2.7043,597.6597999999998,15.3665,3,2,41,464,464,0,86.3576,2.2204,29,7,226,79,44,35,61.989968697594506,1.5938,38,9,273,118,73,45,28.470211,0,ok,logs/seed_587707.log
595985,baseline,NHEFT,1,0.0,0,0,0,1.2957,1.343,2.6387,562.9105000000004,19.5553,4,2,60,471,471,0,100.85849999999998,3.5038,44,11,276,160,45,115,75.40036485696042,2.6194,36,10,290,134,84,50,21.370834,0,ok,logs/seed_595985.log
54898,baseline,NHEFT,1,0.0,0,0,0,1.1023,1.0899,2.1922,488.2623999999993,12.4146,5,2,44,451,451,0,78.83109999999998,2.0044,32,7,249,88,46,42,59.86521708116681,1.5221,36,11,292,131,84,47,23.056512,0,ok,logs/seed_54898.log
351193,baseline,NHEFT,1,0.0,0,0,0,1.3191,1.4638,2.7829,583.504900000001,12.0966,3,2,42,464,464,0,108.6405,2.2522,28,9,207,105,50,55,74.48122074405852,1.5441,33,10,267,135,80,55,17.678269,0,ok,logs/seed_351193.log
538951,baseline,NHEFT,1,0.0,0,0,0,1.2262,1.1984,2.4246,595.5485000000001,15.3508,3,2,41,483,483,0,115.0571,2.9657,35,10,216,118,55,63,70.74575307346326,1.8235,34,11,264,127,86,41,24.230607,0,ok,logs/seed_538951.log
503015,baseline,NHEFT,1,0.0,0,0,0,1.2098,1.266,2.4758,617.0306999999999,16.1457,5,3,66,441,441,0,105.03550000000001,2.7484,44,13,262,115,38,77,72.36711649275362,1.8936,40,10,275,139,85,54,21.234025,0,ok,logs/seed_503015.log
953174,baseline,NHEFT,1,0.0,0,0,0,1.288,1.2732,2.5612,724.6590000000006,20.7494,5,3,59,447,447,0,112.95499999999998,3.2343,46,14,253,136,47,89,77.62348461217597,2.2226,50,14,328,186,106,80,22.345991,0,ok,logs/seed_953174.log
742910,baseline,NHEFT,1,0.0,0,0,0,1.171,1.0671,2.2381,572.7502000000004,13.4699,4,2,43,446,446,0,88.71209999999999,2.0863,43,10,252,106,44,62,65.97871228501229,1.5517,56,12,313,157,83,74,24.644783,0,ok,logs/seed_742910.log
61747,baseline,NHEFT,1,0.0,0,0,0,1.1746,1.2167,2.3913,564.9603999999996,16.3874,5,2,59,468,468,0,104.39760000000001,3.0282,35,11,249,110,49,61,66.65821584083045,1.9335,45,12,314,156,92,64,27.058266,0,ok,logs/seed_61747.log
580612,baseline,NHEFT,1,0.0,0,0,0,1.1956,1.2563,2.4519,599.947699999999,15.5536,6,3,55,424,424,0,109.65420000000002,2.8428,32,8,214,105,53,52,67.66876496296295,1.7543,40,10,272,139,85,54,21.893603,0,ok,logs/seed_580612.log
615914,baseline,NHEFT,1,0.0,0,0,0,1.1558,1.1171,2.2729,982.0896999999987,31.2781,5,3,42,468,468,0,111.95420000000001,3.5656,39,14,254,102,38,64,107.23651649295778,3.4153,52,12,302,151,86,65,29.28106,0,ok,logs/seed_615914.log
8172,baseline,NHEFT,1,0.0,0,0,0,1.1322,1.2779,2.4101,677.088200000001,16.2615,3,2,42,461,461,0,116.4891,2.7977,36,10,243,116,50,66,77.32420324812031,1.8571,46,12,312,178,101,77,21.068937,0,ok,logs/seed_8172.log
590147,baseline,NHEFT,1,0.0,0,0,0,1.1721,1.1157,2.2878,669.1782999999999,19.3257,3,2,38,423,423,0,92.88869999999997,2.6826,27,8,207,95,43,52,58.241324112800505,1.682,42,11,287,138,92,46,22.164034,0,ok,logs/seed_590147.log
773450,baseline,NHEFT,1,0.0,0,0,0,1.2677,1.2042,2.4719,653.2232999999995,14.8201,3,2,41,466,466,0,104.22100000000003,2.3645,35,9,231,117,49,68,73.12683146310587,1.6591,54,13,319,199,123,76,24.569833,0,ok,logs/seed_773450.log
447391,baseline,NHEFT,1,0.0,0,0,0,1.3323,0.9899,2.3222,556.1759000000004,16.2726,3,2,42,454,454,0,83.45540000000001,2.4417,40,10,242,101,49,52,53.429715763066206,1.5632,52,14,318,151,81,70,26.230432,0,ok,logs/seed_447391.log
234698,baseline,NHEFT,1,0.0,0,0,0,1.1179,1.0533,2.1712,520.2683999999998,13.4009,5,2,63,454,454,0,106.53859999999999,2.7442,35,9,256,103,42,61,69.48476401858619,1.7898,49,11,319,156,89,67,34.733549,0,ok,logs/seed_234698.log
339985,baseline,NHEFT,1,0.0,0,0,0,1.2784,1.0177,2.2961,795.9782000000002,20.6276,4,2,33,476,476,0,95.784,2.4822,40,10,231,111,50,61,58.30994217907229,1.5111,41,12,305,132,85,47,23.103604,0,ok,logs/seed_339985.log
121191,baseline,NHEFT,1,0.0,0,0,0,1.2032,1.2517,2.4549,671.6463999999994,17.091,3,2,42,457,457,0,100.23980000000002,2.5507,32,10,253,108,47,61,69.99673621629425,1.7812,44,12,300,146,87,59,20.813625,0,ok,logs/seed_121191.log
67314,baseline,NHEFT,1,0.0,0,0,0,1.1829,1.2578,2.4407,651.4439000000002,15.0417,4,2,43,461,461,0,120.06140000000002,2.7722,32,9,214,101,54,47,69.54882187008678,1.6059,40,12,284,150,79,71,23.541211,0,ok,logs/seed_67314.log
49664,baseline,NHEFT,1,0.0,0,0,0,1.3173,1.2241,2.5414,625.6763000000002,19.3224,4,2,43,463,463,0,99.0859,3.06,35,10,239,102,41,61,65.09369486488949,2.0102,45,12,308,152,80,72,23.721499,0,ok,logs/seed_49664.log
216188,baseline,NHEFT,1,0.0,0,0,0,1.1825,1.1632,2.3457,494.8726000000004,11.9976,4,2,62,466,466,0,97.805,2.3712,37,11,244,111,51,60,59.70854465588617,1.4476,55,12,333,174,86,88,24.13861,0,ok,logs/seed_216188.log
594597,baseline,NHEFT,1,0.0,0,0,0,1.2147,1.0765,2.2912,638.2809000000004,22.6893,3,2,42,440,440,0,96.12610000000001,3.417,30,8,208,77,42,35,70.71838518518518,2.5139,35,10,287,113,78,35,22.768289,0,ok,logs/seed_594597.log
838544,baseline,NHEFT,1,0.0,0,0,0,1.1949,1.3472,2.5421,594.4672999999991,15.7815,5,3,62,457,457,0,119.6674,3.1769,26,7,238,107,50,57,71.50447347670251,1.8983,36,10,307,165,96,69,21.422872,0,ok,logs/seed_838544.log
667390,baseline,NHEFT,1,0.0,0,0,0,1.0582,1.3073,2.3655,424.0014000000003,8.6503,4,2,60,435,435,0,92.95139999999998,1.8964,27,7,229,84,43,41,77.66962045470947,1.5846,41,12,287,146,94,52,22.314342,0,ok,logs/seed_667390.log
584425,baseline,NHEFT,1,0.0,0,0,0,1.1037,1.0478,2.1515,558.3560000000002,11.5757,5,2,49,439,439,0,86.03159999999998,1.7836,33,7,253,86,47,39,64.86303235270005,1.3447,42,10,287,137,94,43,25.680821,0,ok,logs/seed_584425.log
838220,baseline,NHEFT,1,0.0,0,0,0,1.0984,1.0204,2.1188,1068.7917000000004,30.2746,3,3,27,468,468,0,111.5304,3.1592,34,11,227,104,38,66,63.81618246143437,1.8077,43,11,307,149,82,67,20.465293,0,ok,logs/seed_838220.log
441512,baseline,NHEFT,1,0.0,0,0,0,1.1057,0.8553,1.961,495.84969999999936,15.6169,3,2,42,442,442,0,72.44350000000001,2.2816,30,7,226,76,44,32,72.53807825020442,2.2846,41,8,280,116,78,38,18.202479,0,ok,logs/seed_441512.log
350535,baseline,NHEFT,1,0.0,0,0,0,1.3021,1.2251,2.5272,625.1586000000005,16.2296,4,2,43,455,455,0,90.62599999999998,2.3527,42,10,251,114,52,62,58.74742768382381,1.5251,59,12,324,179,105,74,25.959462,0,ok,logs/seed_350535.log
298630,baseline,NHEFT,1,0.0,0,0,0,1.2271,1.4105,2.6376,627.1233000000008,18.3828,4,2,44,441,441,0,97.62159999999999,2.8616,28,7,223,81,45,36,68.55534801381692,2.0096,32,8,268,113,72,41,19.928035,0,ok,logs/seed_298630.log
381642,baseline,NHEFT,1,0.0,0,0,0,1.0041,1.0972,2.1013,682.5828000000004,22.6577,5,3,59,448,448,0,110.19250000000001,3.6577,51,17,284,157,41,116,71.93803943161635,2.3879,54,12,324,176,101,75,22.903331,0,ok,logs/seed_381642.log
831919,baseline,NHEFT,1,0.0,0,0,0,1.167,1.3827,2.5497,553.3704000000005,15.1994,4,2,43,464,464,0,87.04320000000001,2.3908,35,8,234,85,42,43,79.57611785823755,2.1857,49,10,302,161,91,70,22.512199,0,ok,logs/seed_831919.log
177577,baseline,NHEFT,1,0.0,0,0,0,1.0987,1.2673,2.366,519.2289000000013,15.5689,3,2,42,446,446,0,86.03820000000002,2.5798,30,9,231,103,47,56,63.9011374709171,1.9161,46,11,292,152,93,59,19.653907,0,ok,logs/seed_177577.log
484873,baseline,NHEFT,1,0.0,0,0,0,1.3253,1.2048,2.5301,521.2754,17.0208,3,2,42,423,423,0,88.435,2.8876,25,8,215,97,52,45,70.71425002548725,2.309,40,12,278,159,97,62,21.87828,0,ok,logs/seed_484873.log
861791,baseline,NHEFT,1,0.0,0,0,0,1.3962,1.4689,2.8651,687.198899999999,19.8617,3,2,40,452,452,0,95.93049999999998,2.7726,34,7,235,94,46,48,73.00380125521887,2.11,49,11,315,159,88,71,21.781272,0,ok,logs/seed_861791.log
147598,baseline,NHEFT,1,0.0,0,0,0,1.0123,1.2569,2.2692,669.529000000001,16.2597,3,2,42,435,435,0,113.79519999999998,2.7635,27,9,213,100,45,55,83.88772062998407,2.0372,33,10,266,145,94,51,21.104261,0,ok,logs/seed_147598.log
509060,baseline,NHEFT,1,0.0,0,0,0,1.1819,1.1316,2.3135,574.8274000000008,12.9297,4,2,47,461,461,0,85.319,1.9191,44,12,268,117,44,73,65.93286854521624,1.483,62,14,333,168,87,81,24.001844,0,ok,logs/seed_509060.log
734809,baseline,NHEFT,1,0.0,0,0,0,1.1115,1.0325,2.144,529.5269000000001,16.1952,5,3,63,439,439,0,106.6244,3.261,27,8,233,95,46,49,68.31745701958272,2.0894,45,12,301,160,90,70,17.92198,0,ok,logs/seed_734809.log
209596,baseline,NHEFT,1,0.0,0,0,0,1.1351,1.3887,2.5238,627.9937999999995,15.156,4,2,43,484,484,0,99.7085,2.4064,36,9,237,101,50,51,70.35046290662589,1.6978,44,11,331,176,99,77,24.277788,0,ok,logs/seed_209596.log
128530,baseline,NHEFT,1,0.0,0,0,0,1.1908,1.0205,2.2113,521.4767999999997,11.8968,4,2,55,444,444,0,94.26010000000002,2.1504,46,12,264,130,53,77,76.92814226804124,1.755,42,12,287,167,104,63,22.057723,0,ok,logs/seed_128530.log
839126,baseline,NHEFT,1,0.0,0,0,0,1.2527,1.3912,2.6439,580.7421999999995,19.3365,5,2,64,475,475,0,101.9203,3.3936,41,11,270,113,46,67,76.26228818342152,2.5392,47,11,326,159,99,60,26.170241,0,ok,logs/seed_839126.log
735954,baseline,NHEFT,1,0.0,0,0,0,1.2064,1.0871,2.2935,587.9841000000015,15.9145,4,2,53,481,481,0,91.4459,2.4751,32,7,259,91,40,51,65.53418546042002,1.7738,44,12,312,152,91,61,22.591673,0,ok,logs/seed_735954.log
254875,baseline,NHEFT,1,0.0,0,0,0,1.1909,1.3832,2.5741,533.8392000000003,13.5418,5,3,63,443,443,0,116.89149999999997,2.9652,24,6,227,85,49,36,81.27235955788102,2.0616,37,10,307,152,92,60,20.723382,0,ok,logs/seed_254875.log
334605,baseline,NHEFT,1,0.0,0,0,0,1.2009,1.2903,2.4912,698.3212999999996,20.2261,3,2,42,476,476,0,100.40929999999999,2.9082,26,8,232,89,45,44,74.19338338371354,2.1489,39,11,308,150,102,48,20.407872,0,ok,logs/seed_334605.log
616765,baseline,NHEFT,1,0.0,0,0,0,1.2282,1.1623,2.3905,595.4917999999985,15.0097,4,3,45,455,455,0,101.505,2.5585,38,12,240,126,49,77,66.36904604906225,1.6729,38,9,304,149,96,53,19.856224,0,ok,logs/seed_616765.log
249505,baseline,NHEFT,1,0.0,0,0,0,1.0735,0.9535,2.027,913.3664000000002,22.6468,3,2,34,465,465,0,104.97270000000002,2.6028,36,8,240,95,38,57,80.06524217800381,1.9852,51,11,309,139,83,56,27.517716,0,ok,logs/seed_249505.log
917778,baseline,NHEFT,1,0.0,0,0,0,1.1608,1.1337,2.2945,577.3313999999996,13.0452,4,2,50,453,453,0,103.44699999999999,2.3375,35,8,227,107,53,54,69.28144322876815,1.5655,36,10,283,140,88,52,20.421274,0,ok,logs/seed_917778.log
514894,baseline,NHEFT,1,0.0,0,0,0,1.342,1.5278,2.8698,594.9759000000008,18.8265,4,2,43,475,475,0,85.63949999999998,2.7098,30,9,250,90,42,48,64.72780958189978,2.0481,47,13,317,151,78,73,21.932265,0,ok,logs/seed_514894.log
722280,baseline,NHEFT,1,0.0,0,0,0,1.1856,0.9997,2.1853,595.3801000000009,16.2296,4,2,43,437,437,0,92.69809999999998,2.5269,34,10,228,100,44,56,67.23949905815697,1.8329,45,11,322,137,80,57,17.933526,0,ok,logs/seed_722280.log
859753,baseline,NHEFT,1,0.0,0,0,0,1.3002,1.3566,2.6568,655.8802000000002,18.8825,4,2,43,464,464,0,102.07910000000001,2.9388,29,9,229,102,50,52,73.60984909983634,2.1192,40,10,300,129,85,44,23.707134,0,ok,logs/seed_859753.log
380340,baseline,NHEFT,1,0.0,0,0,0,1.241,1.1492,2.3902,656.602000000001,17.7959,6,3,64,455,455,0,101.74330000000002,2.7575,51,15,277,145,34,111,66.55155503626109,1.8037,56,14,317,171,94,77,21.701619,0,ok,logs/seed_380340.log
832161,baseline,NHEFT,1,0.0,0,0,0,1.2986,0.9741,2.2727,713.9677999999997,18.6731,5,3,51,458,458,0,109.92889999999997,2.8751,30,10,235,118,42,76,65.6742409537177,1.7176,46,12,299,177,99,78,22.763808,0,ok,logs/seed_832161.log
336794,baseline,NHEFT,1,0.0,0,0,0,1.2076,1.2419,2.4495,525.5961000000005,13.6976,4,2,43,465,465,0,93.23389999999995,2.4298,30,9,236,102,50,52,65.57044363194841,1.7088,43,10,296,147,92,55,25.250969,0,ok,logs/seed_336794.log
924503,baseline,NHEFT,1,0.0,0,0,0,1.3136,1.3476,2.6612,581.6921000000002,13.1458,4,2,43,471,471,0,88.54149999999994,2.001,28,7,231,78,47,31,69.6965150330371,1.5751,42,10,291,134,83,51,22.358702,0,ok,logs/seed_924503.log
393523,baseline,NHEFT,1,0.0,0,0,0,1.1279,1.1905,2.3184,638.5762000000005,17.5383,4,2,54,453,453,0,91.10690000000001,2.5022,30,8,251,87,43,44,67.07672710139796,1.8422,36,11,285,131,80,51,17.870704,0,ok,logs/seed_393523.log
310465,baseline,NHEFT,1,0.0,0,0,0,1.2217,1.1963,2.418,614.1409999999997,13.0009,4,2,43,439,439,0,99.67139999999999,2.11,31,8,234,92,54,38,62.22924246341462,1.3173,45,12,298,145,94,51,23.341981,0,ok,logs/seed_310465.log
433513,baseline,NHEFT,1,0.0,0,0,0,1.0953,1.2027,2.298,508.3545000000011,16.2149,6,3,70,476,476,0,101.1966,3.2278,36,10,264,123,53,70,63.22530527041673,2.0167,36,9,316,117,77,40,24.18165,0,ok,logs/seed_433513.log
13460,baseline,NHEFT,1,0.0,0,0,0,1.1668,1.0714,2.2382,628.6643000000008,14.9611,3,2,42,482,482,0,94.1037,2.2395,40,9,257,125,52,73,67.45398312428735,1.6053,40,11,311,162,101,61,26.661326,0,ok,logs/seed_13460.log
349575,baseline,NHEFT,1,0.0,0,0,0,1.2073,1.3211,2.5284,527.9563,15.6605,5,2,63,448,448,0,101.91770000000001,3.0231,37,9,260,112,50,62,67.64633838550247,2.0066,41,10,307,144,91,53,20.584347,0,ok,logs/seed_349575.log
593063,baseline,NHEFT,1,0.0,0,0,0,1.1497,1.2936,2.4433,646.0496000000004,11.7892,4,2,44,474,474,0,123.83820000000003,2.2598,33,10,233,107,46,61,87.12993025698326,1.59,42,11,274,158,81,77,19.534188,0,ok,logs/seed_593063.log
433182,baseline,NHEFT,1,0.0,0,0,0,1.1876,1.2828,2.4704,504.66799999999887,13.2066,4,2,46,429,429,0,90.24849999999998,2.3617,32,8,237,107,44,63,60.637882866043626,1.5868,40,10,294,164,89,75,19.460598,0,ok,logs/seed_433182.log
780580,baseline,NHEFT,1,0.0,0,0,0,1.231,1.0269,2.2579,670.084099999999,16.4602,6,2,54,463,463,0,107.49070000000002,2.6404,36,8,245,117,47,70,67.34262800165828,1.6542,48,12,316,168,96,72,26.693067,0,ok,logs/seed_780580.log
152838,baseline,NHEFT,1,0.0,0,0,0,1.1923,1.5969,2.7892,657.3568000000001,15.0168,4,2,43,472,472,0,100.74950000000003,2.3015,36,9,249,107,52,55,73.75894857160647,1.685,44,11,324,166,101,65,20.690167,0,ok,logs/seed_152838.log
222996,baseline,NHEFT,1,0.0,0,0,0,1.2018,1.0978,2.2996,579.648499999999,14.5451,4,2,48,431,431,0,96.13889999999996,2.4124,32,8,256,94,50,44,74.90880334448161,1.8797,42,10,301,160,105,55,20.870286,0,ok,logs/seed_222996.log
298744,baseline,NHEFT,1,0.0,0,0,0,1.0408,0.9507,1.9915,606.7841000000004,13.0289,4,2,50,464,464,0,102.80539999999998,2.2074,35,9,244,101,50,51,84.81417839938081,1.8211,46,12,302,155,96,59,19.813864,0,ok,logs/seed_298744.log
762917,baseline,NHEFT,1,0.0,0,0,0,1.1142,1.3241,2.4383,510.02210000000076,13.3588,5,2,48,454,454,0,86.99820000000001,2.2787,29,7,230,75,47,28,63.37196670212767,1.6599,44,11,303,135,84,51,25.234841,0,ok,logs/seed_762917.log
457149,baseline,NHEFT,1,0.0,0,0,0,1.3595,1.277,2.6365,591.5587999999993,20.069,4,2,43,408,408,0,88.45369999999998,3.0008,34,11,221,108,44,64,61.24737347706423,2.0779,47,15,281,164,89,75,20.584865,0,ok,logs/seed_457149.log
540167,baseline,NHEFT,1,0.0,0,0,0,1.3552,1.2158,2.571,511.1648,15.022,4,2,47,432,432,0,88.0673,2.5881,28,7,213,90,42,48,61.35678222774876,1.8031,36,9,273,119,69,50,21.4806,0,ok,logs/seed_540167.log
956256,baseline,NHEFT,1,0.0,0,0,0,1.2326,1.2022,2.4348,584.2594,14.014,4,2,45,437,437,0,92.9345,2.2291,38,8,255,100,40,60,72.67193696226414,1.7431,53,12,324,153,82,71,24.142156,0,ok,logs/seed_956256.log
809026,baseline,NHEFT,1,0.0,0,0,0,1.2827,1.2362,2.5189,622.3299999999994,14.3656,4,2,45,456,456,0,98.08470000000001,2.2641,32,9,238,106,46,60,71.33574518530105,1.6467,36,9,302,126,80,46,21.439131,0,ok,logs/seed_809026.log
625059,baseline,NHEFT,1,0.0,0,0,0,1.1569,0.986,2.1429,586.3704000000002,14.0058,4,2,43,480,480,0,86.7836,2.0729,33,9,258,87,50,37,67.47992102380482,1.6118,54,14,336,168,90,78,25.579045,0,ok,logs/seed_625059.log
451924,baseline,NHEFT,1,0.0,0,0,0,1.3014,1.4633,2.7647,593.1047000000002,16.0511,4,2,43,437,437,0,93.22190000000002,2.5228,30,9,227,97,50,47,67.20179254302103,1.8187,45,13,298,152,91,61,22.965309,0,ok,logs/seed_451924.log
861621,baseline,NHEFT,1,0.0,0,0,0,1.257,1.4221,2.6791,629.6284000000006,14.7914,3,2,42,467,467,0,105.09960000000001,2.469,36,11,268,117,48,69,71.10506739814674,1.6704,46,11,314,160,99,61,31.777947,0,ok,logs/seed_861621.log
986736,baseline,NHEFT,1,0.0,0,0,0,1.1024,0.913,2.0154,760.2841999999997,17.2377,6,3,51,432,432,0,109.7017,2.4872,47,14,264,137,45,92,62.724883568807336,1.4221,47,14,305,155,89,66,23.050532,0,ok,logs/seed_986736.log
831918,baseline,NHEFT,1,0.0,0,0,0,1.1407,1.0742,2.2149,587.420600000001,18.1479,7,5,75,462,462,0,114.46740000000001,3.5364,36,10,270,122,45,77,72.48410343594522,2.2393,44,11,305,151,96,55,23.563411,0,ok,logs/seed_831918.log
126553,baseline,NHEFT,1,0.0,0,0,0,1.1164,0.9911,2.1075,615.4125999999998,17.0807,3,2,42,423,423,0,92.93430000000002,2.5794,29,8,206,86,48,38,60.415468733153645,1.6768,39,11,286,125,84,41,22.282069,0,ok,logs/seed_126553.log
916292,baseline,NHEFT,1,0.0,0,0,0,1.2605,1.4408,2.7013,605.3739000000002,19.9012,6,3,61,466,466,0,104.26010000000001,3.4275,33,7,258,100,53,47,65.68311770753756,2.1593,48,12,315,145,82,63,28.250883,0,ok,logs/seed_916292.log
478518,baseline,NHEFT,1,0.0,0,0,0,1.2099,1.2046,2.4145,522.1503000000017,13.233,5,3,66,454,454,0,101.53370000000001,2.5732,30,8,249,95,44,51,66.59081876756136,1.6876,54,13,326,190,92,98,30.945906,0,ok,logs/seed_478518.log
368587,baseline,NHEFT,1,0.0,0,0,0,1.2803,1.0638,2.3441,623.0136999999994,17.4294,3,2,41,446,446,0,101.0699,2.8275,31,8,224,102,54,48,52.67412699300404,1.4736,44,12,309,151,84,67,25.222375,0,ok,logs/seed_368587.log
494163,baseline,NHEFT,1,0.0,0,0,0,1.1807,1.2539,2.4346,579.5546999999995,13.086,5,2,44,450,450,0,100.38769999999998,2.2667,31,9,231,89,40,49,80.01325975432792,1.8066,48,12,307,162,95,67,29.078114,0,ok,logs/seed_494163.log
250163,baseline,NHEFT,1,0.0,0,0,0,1.1742,1.0658,2.24,853.9918000000005,20.4744,3,2,38,460,460,0,117.8088,2.8245,28,7,213,95,53,42,69.81809794721407,1.6739,41,11,308,150,96,54,23.614645,0,ok,logs/seed_250163.log
674657,baseline,NHEFT,1,0.0,0,0,0,1.2727,1.1943,2.467,579.9633000000014,19.4211,4,2,54,442,442,0,96.65910000000001,3.2368,40,10,263,120,52,68,57.99750615581387,1.9421,41,12,301,160,95,65,23.898414,0,ok,logs/seed_674657.log
798908,baseline,NHEFT,1,0.0,0,0,0,1.0454,1.0008,2.0462,603.3320000000017,15.6482,4,2,53,497,497,0,95.26289999999997,2.4708,31,11,263,114,45,69,68.63883363754888,1.7802,42,11,318,151,99,52,32.457933,0,ok,logs/seed_798908.log
740163,baseline,NHEFT,1,0.0,0,0,0,1.1526,0.9231,2.0757,641.5699,16.3531,4,3,60,446,446,0,100.4023,2.5592,39,9,271,105,46,59,63.11799350649349,1.6088,58,13,327,165,90,75,26.086138,0,ok,logs/seed_740163.log
926974,baseline,NHEFT,1,0.0,0,0,0,1.2304,1.0252,2.2556,746.6598999999997,18.0397,5,3,50,461,461,0,111.7756,2.7006,37,9,247,100,47,53,69.34802076948046,1.6755,55,13,310,166,93,73,23.94331,0,ok,logs/seed_926974.log
107136,baseline,NHEFT,1,0.0,0,0,0,1.2882,1.2478,2.536,805.5596000000004,22.673,6,4,53,457,457,0,125.37569999999998,3.5288,48,13,262,121,51,70,68.14155671025463,1.9179,52,13,305,159,90,69,20.756918,0,ok,logs/seed_107136.log
196168,baseline,NHEFT,1,0.0,0,0,0,1.0248,1.2517,2.2765,530.2030000000008,14.8979,5,2,44,458,458,0,80.4997,2.2619,32,7,245,87,46,41,64.49549139465508,1.8122,36,8,297,117,79,38,19.713381,0,ok,logs/seed_196168.log
760873,baseline,NHEFT,1,0.0,0,0,0,1.1631,1.3473,2.5104,751.326,16.1871,6,3,55,477,477,0,111.21479999999997,2.3961,26,6,225,95,54,41,71.45377340951107,1.5394,44,11,306,158,96,62,34.821769,0,ok,logs/seed_760873.log
151030,baseline,NHEFT,1,0.0,0,0,0,1.1795,1.2153,2.3948,610.2720999999999,19.0839,5,3,56,450,450,0,105.58269999999997,3.3017,30,10,223,106,50,56,67.88159560380213,2.1227,38,10,297,160,97,63,24.417986,0,ok,logs/seed_151030.log
645995,baseline,NHEFT,1,0.0,0,0,0,1.0546,1.0315,2.0861,1015.4542999999989,22.8331,4,3,46,471,471,0,140.21,3.1527,35,11,238,126,47,79,77.88394739982806,1.7513,45,11,338,167,98,69,24.328184,0,ok,logs/seed_645995.log
60607,baseline,NHEFT,1,0.0,0,0,0,1.3256,1.2746,2.6002,484.07220000000046,12.7499,5,2,60,475,475,0,99.60739999999997,2.6236,29,10,247,110,51,59,63.29315804395604,1.6671,42,10,316,171,110,61,24.636422,0,ok,logs/seed_60607.log
50707,baseline,NHEFT,1,0.0,0,0,0,1.3033,1.4867,2.79,647.7060000000006,16.3411,5,3,52,434,434,0,111.08250000000001,2.8025,27,10,207,100,49,51,65.63980969230768,1.656,42,10,305,143,85,58,21.445087,0,ok,logs/seed_50707.log
568053,baseline,NHEFT,1,0.0,0,0,0,1.1735,0.9446,2.1181,530.7617000000002,13.0557,4,2,47,428,428,0,95.54100000000001,2.3501,24,9,231,85,54,31,58.43993961105424,1.4375,36,11,280,140,93,47,21.057171,0,ok,logs/seed_568053.log
891927,baseline,NHEFT,1,0.0,0,0,0,1.1047,1.1037,2.2084,612.0387999999984,14.3192,4,2,50,442,442,0,104.85020000000002,2.4531,36,9,263,118,48,70,72.80785810929677,1.7034,42,12,304,159,93,66,20.395613,0,ok,logs/seed_891927.log
141617,baseline,NHEFT,1,0.0,0,0,0,1.0487,1.0508,2.0995,644.701500000001,16.1308,4,2,43,460,460,0,97.0932,2.4293,38,11,250,113,51,62,61.58054537869821,1.5408,47,14,310,156,91,65,22.213927,0,ok,logs/seed_141617.log
580680,baseline,NHEFT,1,0.0,0,0,0,1.0492,1.363,2.4122,458.41970000000083,12.0505,6,2,79,442,442,0,101.71770000000002,2.6739,45,10,282,112,37,75,69.09450000000001,1.8163,56,12,321,162,85,77,26.107475,0,ok,logs/seed_580680.log
784503,baseline,NHEFT,1,0.0,0,0,0,1.2069,1.3842,2.5911,532.7853000000011,14.3935,4,2,53,467,467,0,88.44910000000002,2.3895,40,10,250,112,52,60,68.42648808626242,1.8486,51,11,319,175,101,74,24.374584,0,ok,logs/seed_784503.log
224085,baseline,NHEFT,1,0.0,0,0,0,1.194,1.2287,2.4227,899.7080000000017,32.8158,4,2,51,434,434,0,115.3418,4.207,37,10,225,107,38,69,78.71132155887169,2.8709,48,9,317,161,101,60,20.341131,0,ok,logs/seed_224085.log
328255,baseline,NHEFT,1,0.0,0,0,0,1.125,1.2411,2.3661,655.8596000000009,12.565,6,3,65,449,449,0,106.51169999999999,2.0406,36,10,251,102,50,52,82.85312865957447,1.5873,39,10,281,124,83,41,21.167866,0,ok,logs/seed_328255.log
949566,baseline,NHEFT,1,0.0,0,0,0,1.3568,1.3606,2.7174,695.6715000000004,23.8596,4,3,54,444,444,0,99.4702,3.4115,34,12,235,102,46,56,61.556476442174706,2.1112,37,11,273,147,80,67,19.986304,0,ok,logs/seed_949566.log
439895,baseline,NHEFT,1,0.0,0,0,0,1.3154,1.0997,2.4151,678.5454000000003,15.6995,6,3,64,455,455,0,95.93309999999997,2.2196,32,7,278,92,49,43,66.71019704171856,1.5435,53,10,324,173,95,78,22.866821,0,ok,logs/seed_439895.log
504485,baseline,NHEFT,1,0.0,0,0,0,1.0577,0.8914,1.9491,585.1731000000009,19.9708,3,2,42,447,447,0,89.38279999999996,3.0505,35,9,232,96,42,54,60.00808572655777,2.048,43,12,297,158,89,69,20.991502,0,ok,logs/seed_504485.log
761223,baseline,NHEFT,1,0.0,0,0,0,1.1414,1.2602,2.4016,608.5571999999985,11.6912,4,2,43,455,455,0,95.81259999999999,1.8407,34,7,250,87,43,44,65.66221283622238,1.2615,47,11,318,179,109,70,23.176861,0,ok,logs/seed_761223.log
34506,baseline,NHEFT,1,0.0,0,0,0,1.1914,1.2709,2.4623,740.8413999999995,15.5086,5,3,44,474,474,0,116.48220000000005,2.4384,39,8,254,108,54,54,100.60315455265241,2.106,46,10,329,153,86,67,23.721415,0,ok,logs/seed_34506.log
842256,baseline,NHEFT,1,0.0,0,0,0,1.195,1.1006,2.2956,541.0970999999996,13.7406,3,1,47,446,446,0,80.99060000000001,2.0567,30,7,231,84,51,33,64.9687741741161,1.6498,48,12,297,158,100,58,21.499938,0,ok,logs/seed_842256.log
264456,baseline,NHEFT,1,0.0,0,0,0,1.2471,1.1014,2.3485,571.0242000000017,15.5195,4,2,44,481,481,0,88.61720000000001,2.4085,33,10,253,108,48,60,58.06804634146342,1.5782,45,12,323,157,91,66,27.367309,0,ok,logs/seed_264456.log
899949,baseline,NHEFT,1,0.0,0,0,0,1.2423,1.2669,2.5092,678.0597000000005,20.3881,3,2,42,475,475,0,94.37269999999998,2.8376,34,11,241,99,51,48,65.68638019047619,1.9751,46,11,298,147,95,52,23.637951,0,ok,logs/seed_899949.log
333717,baseline,NHEFT,1,0.0,0,0,0,1.2767,1.1534,2.4301,574.4242000000002,19.1356,4,2,44,459,459,0,88.38720000000002,2.9444,42,11,260,97,48,49,60.118765047252175,2.0027,61,15,316,166,96,70,23.959616,0,ok,logs/seed_333717.log
332163,baseline,NHEFT,1,0.0,0,0,0,1.2654,1.1028,2.3682,501.0104,10.3777,4,2,45,461,461,0,100.1134,2.0737,35,10,225,114,48,66,74.04994672897196,1.5338,32,9,276,138,91,47,23.272126,0,ok,logs/seed_332163.log
509204,baseline,NHEFT,1,0.0,0,0,0,1.0029,1.0253,2.0282,572.9889000000001,14.8729,5,3,54,434,434,0,99.73780000000001,2.5889,26,7,211,82,51,31,67.27429774358974,1.7462,36,10,271,119,79,40,16.871664,0,ok,logs/seed_509204.log
749756,baseline,NHEFT,1,0.0,0,0,0,1.1314,1.2873,2.4187,560.8121,15.0217,5,3,67,463,463,0,101.2564,2.7122,32,9,255,104,48,56,70.52859603105591,1.8892,42,11,300,138,88,50,21.41453,0,ok,logs/seed_749756.log
139867,baseline,NHEFT,1,0.0,0,0,0,1.129,1.2029,2.3319,513.6045999999996,12.5113,5,2,44,447,447,0,92.39059999999998,2.2506,41,11,248,121,48,73,62.82580634920635,1.5304,46,11,296,147,82,65,25.309691,0,ok,logs/seed_139867.log
571927,baseline,NHEFT,1,0.0,0,0,0,1.2024,1.0036,2.206,536.9384000000024,14.5583,4,2,50,467,467,0,87.05239999999999,2.3603,43,12,263,121,47,74,56.70451405664988,1.5375,52,15,321,159,90,69,25.323583,0,ok,logs/seed_571927.log
27872,baseline,NHEFT,1,0.0,0,0,0,1.2075,1.5042,2.7117,601.1015000000001,17.8707,3,2,42,434,434,0,97.11499999999998,2.8872,35,13,245,124,46,78,64.59123382084096,1.9203,36,10,281,129,89,40,19.867557,0,ok,logs/seed_27872.log
570279,baseline,NHEFT,1,0.0,0,0,0,1.2818,1.1344,2.4162,585.9239000000007,15.7971,3,2,42,458,458,0,96.84160000000001,2.6109,35,9,253,124,46,78,75.68773650326355,2.0406,46,12,306,184,101,83,22.953186,0,ok,logs/seed_570279.log
245986,baseline,NHEFT,1,0.0,0,0,0,1.1381,1.0673,2.2054,680.0963999999991,16.2328,3,2,42,458,458,0,92.07839999999999,2.1978,32,9,258,92,40,52,78.50224469465648,1.8737,54,11,334,160,102,58,27.532893,0,ok,logs/seed_245986.log
444289,baseline,NHEFT,1,0.0,0,0,0,1.1276,1.2106,2.3382,541.9628000000001,12.7863,5,2,50,471,471,0,86.5013,2.0408,36,9,271,101,53,48,64.6288796227045,1.5248,51,12,332,156,92,64,27.409183,0,ok,logs/seed_444289.log
470037,baseline,NHEFT,1,0.0,0,0,0,1.0289,1.0107,2.0396,559.8373999999999,12.2458,3,2,42,432,432,0,91.28200000000002,1.9967,32,13,235,106,46,60,66.13312871383147,1.4466,44,11,284,143,95,48,21.505575,0,ok,logs/seed_470037.log
139891,baseline,NHEFT,1,0.0,0,0,0,1.3343,1.3628,2.6971,569.4211000000006,15.3839,4,2,43,468,468,0,95.13,2.5701,27,6,230,91,51,40,75.06511055932754,2.028,46,12,301,172,96,76,26.517363,0,ok,logs/seed_139891.log
42632,baseline,NHEFT,1,0.0,0,0,0,1.185,1.1942,2.3792,794.5541999999998,19.8268,4,2,43,469,469,0,95.50709999999998,2.3832,32,9,227,97,49,48,67.01994555589124,1.6724,43,11,329,154,101,53,25.847131,0,ok,logs/seed_42632.log
895786,baseline,NHEFT,1,0.0,0,0,0,1.3071,1.004,2.3111,622.5813000000004,18.855,4,2,43,453,453,0,84.05659999999997,2.5457,32,9,247,99,45,54,56.09714793877551,1.6989,47,11,312,152,81,71,24.570156,0,ok,logs/seed_895786.log
970436,baseline,NHEFT,1,0.0,0,0,0,1.1871,1.0456,2.2327,624.2989000000007,15.9143,4,2,43,450,450,0,97.02319999999999,2.4733,36,11,252,103,45,58,62.2131,1.5859,48,11,310,167,103,64,27.70788,0,ok,logs/seed_970436.log
379750,baseline,NHEFT,1,0.0,0,0,0,1.3087,1.2413,2.55,614.9518000000004,18.1057,4,2,49,466,466,0,96.64569999999999,2.8455,43,15,276,149,45,104,63.070890679245274,1.857,49,12,319,154,89,65,26.99885,0,ok,logs/seed_379750.log
653227,baseline,NHEFT,1,0.0,0,0,0,1.1517,1.098,2.2497,580.7756000000005,14.9737,4,2,43,480,480,0,95.89440000000003,2.4724,38,9,251,108,49,59,65.7892691137559,1.6962,54,12,335,158,96,62,29.756323,0,ok,logs/seed_653227.log
799540,baseline,NHEFT,1,0.0,0,0,0,1.2495,1.0293,2.2788,516.4470999999995,12.1644,4,2,54,473,473,0,85.79849999999999,2.0209,35,10,256,111,47,64,56.418593368125684,1.3289,41,10,322,169,106,63,21.88334,0,ok,logs/seed_799540.log
514750,baseline,NHEFT,1,0.0,0,0,0,1.2004,1.3961,2.5965,576.4682000000001,13.9115,4,2,58,459,459,0,92.94539999999998,2.243,38,10,280,111,48,63,72.12323641747047,1.7405,42,10,311,143,90,53,25.332072,0,ok,logs/seed_514750.log
206242,baseline,NHEFT,1,0.0,0,0,0,1.1387,1.2411,2.3798,679.7513000000008,16.5306,5,3,53,473,473,0,108.76520000000002,2.645,38,13,254,113,44,69,72.28081251170147,1.7578,42,11,321,145,90,55,27.603785,0,ok,logs/seed_206242.log
622844,baseline,NHEFT,1,0.0,0,0,0,1.1671,1.128,2.2951,534.0611000000002,13.1071,4,2,43,444,444,0,97.3322,2.3888,32,9,234,100,45,55,70.5294095590391,1.731,44,11,299,159,91,68,24.997676,0,ok,logs/seed_622844.log
366108,baseline,NHEFT,1,0.0,0,0,0,1.0947,1.0016,2.0963,657.2867000000001,16.5377,3,2,42,451,451,0,91.59840000000004,2.3047,37,11,257,109,45,64,58.99530836648634,1.4844,48,12,321,145,92,53,26.139482,0,ok,logs/seed_366108.log
968837,baseline,NHEFT,1,0.0,0,0,0,1.0888,1.1439,2.2327,518.008999999999,11.9305,4,2,62,459,459,0,89.35299999999998,2.0579,46,10,272,113,51,62,80.39741291709844,1.8517,47,11,302,160,101,59,27.239742,0,ok,logs/seed_968837.log
981812,baseline,NHEFT,1,0.0,0,0,0,1.2826,0.9977,2.2803,476.9801000000011,12.1721,3,2,42,413,413,0,78.8947,2.0133,25,8,218,86,44,42,56.3234158251746,1.4373,44,12,284,139,83,56,17.791216,0,ok,logs/seed_981812.log
569345,baseline,NHEFT,1,0.0,0,0,0,1.0685,0.9768,2.0453,611.1949999999991,16.6084,4,2,46,497,497,0,105.15360000000003,2.8574,28,8,229,94,50,44,67.4822463780183,1.8337,39,11,309,130,80,50,27.5273,0,ok,logs/seed_569345.log
861379,baseline,NHEFT,1,0.0,0,0,0,1.3008,1.2729,2.5737,711.3720999999997,16.0394,5,3,49,489,489,0,111.72169999999997,2.519,46,12,294,129,50,79,73.34974434948056,1.6538,45,12,333,155,84,71,25.153439,0,ok,logs/seed_861379.log
339822,baseline,NHEFT,1,0.0,0,0,0,1.198,1.1575,2.3555,607.3341000000004,15.7162,3,2,42,466,466,0,108.0742,2.7967,30,8,210,85,44,41,61.04196000277008,1.5796,43,12,296,136,82,54,26.004575,0,ok,logs/seed_339822.log
123042,baseline,NHEFT,1,0.0,0,0,0,1.1956,1.3397,2.5353,627.1809000000007,17.0259,5,3,44,491,491,0,100.36730000000001,2.7246,48,11,280,123,51,72,61.50265616412363,1.6696,53,12,350,163,99,64,26.088417,0,ok,logs/seed_123042.log
596168,baseline,NHEFT,1,0.0,0,0,0,1.3824,1.4609,2.8433,709.0703999999997,19.131,4,2,40,466,466,0,115.2382,3.1092,30,7,210,96,45,51,66.09001157148948,1.7831,38,10,307,139,80,59,23.500627,0,ok,logs/seed_596168.log
486023,baseline,NHEFT,1,0.0,0,0,0,1.2169,1.2645,2.4814,503.8818999999987,14.1094,4,2,54,474,474,0,93.6516,2.6224,32,9,240,100,52,48,62.162,1.7406,47,10,310,152,97,55,24.414809,0,ok,logs/seed_486023.log
192534,baseline,NHEFT,1,0.0,0,0,0,1.3175,1.0358,2.3533,609.6644999999997,22.548,3,2,37,456,456,0,79.2192,2.9299,32,8,225,90,44,46,54.37313570412517,2.011,47,11,316,149,86,63,21.711253,0,ok,logs/seed_192534.log
658744,baseline,NHEFT,1,0.0,0,0,0,1.2246,1.0504,2.275,694.3953000000005,21.1696,4,3,48,473,473,0,112.70349999999998,3.4359,41,10,250,117,41,76,70.68145655555556,2.1548,39,10,280,128,82,46,20.29901,0,ok,logs/seed_658744.log
643336,baseline,NHEFT,1,0.0,0,0,0,1.1615,1.3191,2.4806,591.5904000000002,16.1125,3,2,42,467,467,0,96.58870000000002,2.6307,30,8,235,83,40,43,74.10409035245026,2.0183,35,9,293,127,82,45,19.374622,0,ok,logs/seed_643336.log
320706,baseline,NHEFT,1,0.0,0,0,0,1.1007,1.2096,2.3103,515.4297000000007,13.0647,4,2,58,477,477,0,93.97039999999998,2.3819,39,10,273,110,50,60,73.33688001570536,1.8589,46,12,331,165,99,66,22.886995,0,ok,logs/seed_320706.log
314687,baseline,NHEFT,1,0.0,0,0,0,1.2842,1.5624,2.8466,607.0231999999995,15.3422,3,2,42,470,470,0,93.816,2.3712,33,8,260,99,48,51,67.07159776619508,1.6952,44,10,325,161,89,72,19.740411,0,ok,logs/seed_314687.log
713744,baseline,NHEFT,1,0.0,0,0,0,1.2163,1.2542,2.4705,628.1505000000001,13.6595,3,2,42,451,451,0,101.82490000000001,2.2142,30,11,226,105,48,57,88.5160924183536,1.9248,47,13,320,184,110,74,22.837516,0,ok,logs/seed_713744.log
753976,baseline,NHEFT,1,0.0,0,0,0,1.1266,1.0868,2.2134,946.6895999999992,21.3944,4,3,45,454,454,0,129.2225,2.9203,42,12,250,139,45,94,91.28285882352942,2.0629,44,10,315,160,89,71,19.098712,0,ok,logs/seed_753976.log
497232,baseline,NHEFT,1,0.0,0,0,0,1.0433,0.9365,1.9798,652.9256000000003,15.1565,5,3,55,441,441,0,98.83270000000003,2.2942,32,9,244,108,55,53,66.98165036767509,1.5549,45,12,302,145,89,56,21.230932,0,ok,logs/seed_497232.log
49920,baseline,NHEFT,1,0.0,0,0,0,1.3114,1.0431,2.3545,678.5864999999986,20.1252,3,2,48,459,459,0,105.58320000000002,3.1313,47,16,273,150,47,103,60.857783439258995,1.8049,48,12,320,154,99,55,24.912366,0,ok,logs/seed_49920.log
356886,baseline,NHEFT,1,0.0,0,0,0,1.1882,1.1335,2.3217,758.2389000000003,15.2601,4,2,42,449,449,0,108.0193,2.174,27,11,221,99,40,59,73.36155644383182,1.4765,38,12,283,149,87,62,23.138746,0,ok,logs/seed_356886.log
312086,baseline,NHEFT,1,0.0,0,0,0,1.3273,1.3679,2.6952,685.934600000002,15.9891,4,2,43,474,474,0,117.47959999999999,2.7384,35,8,252,110,48,62,74.57222067990516,1.7383,46,11,303,165,88,77,22.929908,0,ok,logs/seed_312086.log
476905,baseline,NHEFT,1,0.0,0,0,0,1.0814,0.9815,2.0629,551.4364000000008,11.5991,7,3,62,458,458,0,99.78509999999999,2.0989,37,10,233,120,53,67,68.079301,1.432,37,11,274,144,100,44,24.091201,0,ok,logs/seed_476905.log
719484,baseline,NHEFT,1,0.0,0,0,0,1.2249,1.0974,2.3223,875.1160000000001,22.7758,4,2,42,470,470,0,117.97119999999997,3.0703,38,12,244,120,48,72,70.11686491344543,1.8249,46,12,314,160,82,78,25.886763,0,ok,logs/seed_719484.log
249083,baseline,NHEFT,1,0.0,0,0,0,1.1352,1.4608,2.596,706.9105000000009,14.4782,3,2,42,460,460,0,104.64399999999998,2.1432,29,11,231,101,52,49,73.78019595703348,1.5111,42,11,290,139,79,60,26.102416,0,ok,logs/seed_249083.log
937244,baseline,NHEFT,1,0.0,0,0,0,1.1371,1.1068,2.2439,553.6894999999997,13.7935,3,2,42,437,437,0,93.0972,2.3192,38,9,248,95,52,43,71.02546966666665,1.7694,45,11,274,140,86,54,20.586708,0,ok,logs/seed_937244.log
384033,baseline,NHEFT,1,0.0,0,0,0,1.2406,1.2595,2.5001,625.3275000000004,20.472,3,2,39,439,439,0,101.73280000000004,3.3305,26,9,181,84,42,42,70.71701255006677,2.3151,39,11,270,141,91,50,20.223849,0,ok,logs/seed_384033.log
961144,baseline,NHEFT,1,0.0,0,0,0,1.1739,0.9746,2.1485,576.2281000000003,13.6029,3,1,54,481,481,0,92.32789999999999,2.1796,42,10,292,117,55,62,63.002869431256336,1.4873,52,12,346,160,111,49,25.464081,0,ok,logs/seed_961144.log
210154,baseline,NHEFT,1,0.0,0,0,0,1.2674,1.1507,2.4181,747.2420999999997,16.8026,5,3,57,484,484,0,110.447,2.4835,35,9,263,108,43,65,93.90591989724763,2.1116,45,10,315,160,105,55,25.368119,0,ok,logs/seed_210154.log
851207,baseline,NHEFT,1,0.0,0,0,0,1.2677,1.342,2.6097,699.7475999999994,18.8122,5,3,49,484,484,0,106.06680000000001,2.8515,42,12,271,108,47,61,69.86815670550939,1.8784,52,11,328,155,85,70,27.364132,0,ok,logs/seed_851207.log
212767,baseline,NHEFT,1,0.0,0,0,0,1.3004,1.4876,2.788,636.5649999999995,15.1659,3,2,42,500,500,0,90.57639999999996,2.1579,36,9,258,96,52,44,70.08867381506761,1.6698,48,11,322,150,90,60,29.175996,0,ok,logs/seed_212767.log
678022,baseline,NHEFT,1,0.0,0,0,0,1.2444,1.114,2.3584,697.9028000000015,17.3574,6,3,57,470,470,0,108.26400000000001,2.6926,36,9,248,97,54,43,69.12128486055776,1.7191,53,13,328,180,101,79,24.196366,0,ok,logs/seed_678022.log
455592,baseline,NHEFT,1,0.0,0,0,0,1.0483,0.9734,2.0217,580.9046000000002,19.058,4,2,52,457,457,0,93.1089,3.0547,46,11,267,123,48,75,62.12645988013998,2.0382,52,13,340,195,115,80,20.984472,0,ok,logs/seed_455592.log
722649,baseline,NHEFT,1,0.0,0,0,0,1.1856,1.2609,2.4465,651.3947999999995,11.4164,3,2,42,454,454,0,87.38790000000002,1.5316,38,8,260,97,44,53,70.9731172413793,1.2439,49,11,319,173,96,77,23.987665,0,ok,logs/seed_722649.log
903504,baseline,NHEFT,1,0.0,0,0,0,1.1432,1.0953,2.2385,824.4886000000014,16.6309,3,2,42,458,458,0,116.7171,2.3543,37,14,259,137,42,95,100.82540667435187,2.0338,42,11,307,156,94,62,18.259727,0,ok,logs/seed_903504.log
505056,baseline,NHEFT,1,0.0,0,0,0,1.1226,1.0162,2.1388,819.0002000000004,19.924,4,2,43,512,512,0,123.18180000000002,2.9967,52,19,306,172,41,131,67.91680099999999,1.6522,53,11,347,180,95,85,29.294504,0,ok,logs/seed_505056.log
688540,baseline,NHEFT,1,0.0,0,0,0,1.2203,1.0,2.2203,538.3683000000007,15.5264,5,3,62,499,499,0,89.49360000000001,2.581,40,8,280,108,48,60,66.79229197080292,1.9263,45,10,344,165,112,53,23.463282,0,ok,logs/seed_688540.log
946226,baseline,NHEFT,1,0.0,0,0,0,1.1874,0.9702,2.1576,542.6931000000012,15.6773,5,3,53,426,426,0,91.5203,2.6438,30,7,244,104,39,65,63.68570119284294,1.8398,46,13,308,176,116,60,21.902718,0,ok,logs/seed_946226.log
661374,baseline,NHEFT,1,0.0,0,0,0,1.3357,1.0693,2.405,637.3659000000004,15.5134,4,2,43,463,463,0,91.12410000000001,2.2179,31,7,233,90,49,41,62.08388742225771,1.5111,54,11,314,168,96,72,22.503231,0,ok,logs/seed_661374.log
242135,baseline,NHEFT,1,0.0,0,0,0,1.3081,1.2858,2.5939,643.2676999999994,16.9506,5,3,47,456,456,0,90.9785,2.3974,36,9,237,96,53,43,65.18708542046683,1.7177,47,13,322,149,88,61,23.77491,0,ok,logs/seed_242135.log
688344,baseline,NHEFT,1,0.0,0,0,0,1.2087,1.1919,2.4006,552.6690000000001,14.0843,4,2,43,444,444,0,97.54059999999998,2.4857,25,6,228,75,49,26,64.56548593019512,1.6454,52,11,323,163,95,68,23.062065,0,ok,logs/seed_688344.log
676678,baseline,NHEFT,1,0.0,0,0,0,1.1896,1.2583,2.4479,587.0950999999992,13.6433,4,2,52,482,482,0,92.5267,2.1502,36,9,265,103,49,54,65.39795674870001,1.5198,48,12,322,169,103,66,25.971408,0,ok,logs/seed_676678.log
792505,baseline,NHEFT,1,0.0,0,0,0,1.2932,1.0666,2.3598,864.2988999999991,26.593,5,3,31,458,458,0,101.90780000000002,3.1355,30,8,207,79,44,35,58.49064781095201,1.7997,44,13,313,150,82,68,20.026403,0,ok,logs/seed_792505.log
119891,baseline,NHEFT,1,0.0,0,0,0,1.279,1.1098,2.3888,539.4176999999984,14.8956,4,2,43,462,462,0,90.35379999999999,2.4951,35,8,235,105,50,55,56.66869687430826,1.5649,44,12,312,154,101,53,24.660531,0,ok,logs/seed_119891.log
929476,baseline,NHEFT,1,0.0,0,0,0,1.3152,1.4069,2.7221,572.5574000000005,18.9935,4,2,54,493,493,0,98.4793,3.2669,34,10,268,116,45,71,66.04150276558968,2.1908,47,13,330,184,103,81,25.295793,0,ok,logs/seed_929476.log
547221,baseline,NHEFT,1,0.0,0,0,0,1.2391,1.3328,2.5719,552.4823999999998,13.8616,5,3,48,458,458,0,91.01580000000001,2.2836,35,9,251,115,52,63,66.25056292708831,1.6622,34,10,293,146,95,51,19.490928,0,ok,logs/seed_547221.log
706430,baseline,NHEFT,1,0.0,0,0,0,1.181,1.2142,2.3952,730.3130000000012,18.8123,4,2,43,455,455,0,97.67860000000002,2.5161,38,10,267,106,41,65,63.67867795371499,1.6403,50,12,314,168,83,85,21.642266,0,ok,logs/seed_706430.log
637356,baseline,NHEFT,1,0.0,0,0,0,0.9999,0.923,1.9229,526.8247999999994,11.351,4,2,47,429,429,0,90.61290000000002,1.9524,37,8,246,112,54,58,58.88509427793062,1.2687,39,10,295,130,87,43,25.173371,0,ok,logs/seed_637356.log
120701,baseline,NHEFT,1,0.0,0,0,0,1.1965,1.3458,2.5423,662.6281000000002,16.5785,4,2,47,468,468,0,109.81969999999998,2.7476,42,16,266,117,50,67,75.29166820710216,1.8837,45,10,323,148,96,52,23.570166,0,ok,logs/seed_120701.log
758600,baseline,NHEFT,1,0.0,0,0,0,1.3586,1.3167,2.6753,645.2767000000003,19.0634,4,2,43,451,451,0,98.77199999999999,2.918,32,10,247,108,46,62,62.04202580926978,1.8329,46,13,321,162,103,59,20.642545,0,ok,logs/seed_758600.log
201383,baseline,NHEFT,1,0.0,0,0,0,1.05,1.1327,2.1827,550.4243999999991,13.8425,6,4,71,460,460,0,111.78049999999998,2.8111,36,13,247,112,44,68,75.06072748330193,1.8877,44,12,311,133,87,46,25.089732,0,ok,logs/seed_201383.log
18464,baseline,NHEFT,1,0.0,0,0,0,1.4275,1.5226,2.9501,700.2383000000003,19.9407,4,2,43,433,433,0,101.293,2.8845,40,11,253,114,47,67,70.46109321832608,2.0065,39,9,286,119,75,44,18.632321,0,ok,logs/seed_18464.log
291280,baseline,NHEFT,1,0.0,0,0,0,0.991,0.9562,1.9472,963.5294000000006,19.2804,6,4,62,503,503,0,122.225,2.4457,39,11,253,105,47,58,79.76793157142859,1.5962,40,10,321,145,90,55,22.120215,0,ok,logs/seed_291280.log
869924,baseline,NHEFT,1,0.0,0,0,0,1.1975,0.9962,2.1937,580.8011,12.8037,4,2,43,416,416,0,94.8925,2.0919,35,10,240,113,46,67,60.46385441175605,1.3329,42,10,295,136,83,53,18.181032,0,ok,logs/seed_869924.log
159410,baseline,NHEFT,1,0.0,0,0,0,1.3338,1.0781,2.4119,763.4348000000006,24.7661,3,3,41,449,449,0,96.95999999999998,3.1454,38,10,241,111,44,67,53.934197674418606,1.7496,55,15,324,163,89,74,23.240887,0,ok,logs/seed_159410.log
742494,baseline,NHEFT,1,0.0,0,0,0,1.3468,1.1857,2.5325,598.8600999999992,13.4098,4,2,60,468,468,0,102.13089999999998,2.2869,47,13,292,113,48,65,65.52344169570267,1.4672,52,13,338,174,103,71,25.344299,0,ok,logs/seed_742494.log
597622,baseline,NHEFT,1,0.0,0,0,0,1.2118,1.2,2.4118,644.6494000000013,15.0656,4,2,57,462,462,0,109.15070000000001,2.5509,36,11,255,117,52,65,74.04617892976589,1.7305,45,12,321,174,113,61,22.245988,0,ok,logs/seed_597622.log
678698,baseline,NHEFT,1,0.0,0,0,0,1.3354,1.5178,2.8532,510.04930000000076,12.82,4,2,46,446,446,0,88.85050000000001,2.2332,27,8,225,93,48,45,73.07887469811321,1.8368,53,15,299,167,90,77,24.579929,0,ok,logs/seed_678698.log
456139,baseline,NHEFT,1,0.0,0,0,0,1.275,1.148,2.423,663.894699999999,19.0682,3,2,41,440,440,0,95.80859999999998,2.7518,31,7,231,91,43,48,65.92470641211445,1.8935,40,10,295,131,84,47,19.033698,0,ok,logs/seed_456139.log
992767,baseline,NHEFT,1,0.0,0,0,0,1.1056,1.177,2.2826,579.7342000000007,14.1823,5,2,44,456,456,0,92.2083,2.2557,36,9,249,114,58,56,63.59252618296528,1.5557,44,11,311,160,104,56,22.701376,0,ok,logs/seed_992767.log
944808,baseline,NHEFT,1,0.0,0,0,0,1.1469,1.2437,2.3906,644.9730999999982,15.2372,4,2,56,472,472,0,105.71250000000002,2.4974,38,8,264,122,48,74,72.7961912895844,1.7198,41,11,311,154,91,63,20.87442,0,ok,logs/seed_944808.log
815988,baseline,NHEFT,1,0.0,0,0,0,1.2705,1.1805,2.451,686.7265999999995,18.0864,6,3,48,441,441,0,112.75230000000002,2.9696,33,12,231,113,51,62,59.59033576836158,1.5694,51,11,309,175,92,83,15.810753,0,ok,logs/seed_815988.log
957888,baseline,NHEFT,1,0.0,0,0,0,1.2449,0.9807,2.2256,568.6890000000006,17.8325,4,2,44,444,444,0,87.40250000000003,2.7407,37,9,247,107,48,59,54.30637831444123,1.7029,50,13,315,166,90,76,19.444544,0,ok,logs/seed_957888.log
894642,baseline,NHEFT,1,0.0,0,0,0,1.0949,1.2763,2.3712,638.5454000000009,15.7987,4,2,43,471,471,0,111.32950000000001,2.7545,34,10,234,114,55,59,71.85313412669683,1.7778,45,12,288,155,101,54,24.035482,0,ok,logs/seed_894642.log
19043,baseline,NHEFT,1,0.0,0,0,0,1.1047,1.2577,2.3624,616.0415000000014,12.4418,4,2,58,446,446,0,105.04319999999998,2.1215,37,9,253,109,43,66,75.75216341463415,1.5299,56,12,331,185,105,80,22.865969,0,ok,logs/seed_19043.log
333312,baseline,NHEFT,1,0.0,0,0,0,1.1039,1.0251,2.129,640.0853000000009,14.0559,4,2,51,435,435,0,104.3547,2.2916,34,11,244,103,42,61,100.28537910218978,2.2022,40,10,297,161,94,67,23.371877,0,ok,logs/seed_333312.log
652708,baseline,NHEFT,1,0.0,0,0,0,1.2984,1.5438,2.8422,616.4026999999999,14.6201,4,3,58,454,454,0,104.26350000000002,2.473,39,9,237,100,49,51,63.89613595145631,1.5155,49,11,318,174,101,73,23.727844,0,ok,logs/seed_652708.log
484858,baseline,NHEFT,1,0.0,0,0,0,1.05,0.952,2.002,683.4659,13.1145,8,4,73,451,451,0,118.8393,2.2803,40,11,267,122,47,75,82.51169846835442,1.5833,48,12,308,158,111,47,23.43379,0,ok,logs/seed_484858.log
260711,baseline,NHEFT,1,0.0,0,0,0,1.1836,1.1845,2.3681,909.8279999999969,23.6749,4,3,43,480,480,0,108.79220000000001,2.8309,31,8,243,80,44,36,65.94919214728682,1.7161,53,14,341,184,90,94,24.825538,0,ok,logs/seed_260711.log
260575,baseline,NHEFT,1,0.0,0,0,0,1.1362,1.217,2.3532,491.87770000000194,13.0188,4,2,62,470,470,0,94.1472,2.4918,40,13,285,126,40,86,67.20409909983269,1.7787,48,12,314,161,106,55,21.04829,0,ok,logs/seed_260575.log
814681,baseline,NHEFT,1,0.0,0,0,0,1.248,1.4742,2.7222,658.8054000000003,20.4576,3,2,42,443,443,0,95.82009999999998,2.9755,35,11,252,106,44,62,71.52175255263022,2.2209,43,12,307,158,99,59,16.899861,0,ok,logs/seed_814681.log
593980,baseline,NHEFT,1,0.0,0,0,0,1.1181,0.9503,2.0684,578.7887000000004,11.9813,4,2,53,455,455,0,92.9359,1.9238,34,7,266,87,47,40,74.58697721713817,1.544,46,11,312,148,90,58,26.683119,0,ok,logs/seed_593980.log
784003,baseline,NHEFT,1,0.0,0,0,0,1.2366,1.0517,2.2883,685.1957000000008,18.3547,3,2,42,462,462,0,89.3125,2.3925,40,8,262,105,46,59,59.638643087623215,1.5976,49,12,328,150,95,55,28.441349,0,ok,logs/seed_784003.log
782732,baseline,NHEFT,1,0.0,0,0,0,1.1051,0.9496,2.0547,1043.9434999999996,28.875,3,3,37,453,453,0,113.77159999999996,3.1469,39,14,218,116,36,80,64.24294465872403,1.7769,44,12,295,147,91,56,22.825301,0,ok,logs/seed_782732.log
498415,baseline,NHEFT,1,0.0,0,0,0,1.2955,1.3308,2.6263,651.4937999999997,19.0887,3,2,40,475,475,0,94.43679999999999,2.767,34,11,238,106,47,59,62.78217139106145,1.8395,55,14,327,170,82,88,23.314798,0,ok,logs/seed_498415.log
433902,baseline,NHEFT,1,0.0,0,0,0,1.2881,1.3074,2.5955,566.390699999999,14.8837,4,2,54,444,444,0,95.415,2.5073,41,9,258,106,46,60,68.38028845066275,1.7969,52,11,311,160,96,64,22.36837,0,ok,logs/seed_433902.log
673000,baseline,NHEFT,1,0.0,0,0,0,1.036,1.0695,2.1055,554.2912999999999,12.0481,4,2,48,460,460,0,93.40100000000002,2.0302,40,9,245,107,56,51,75.15957429917015,1.6337,38,10,288,133,87,46,27.315325,0,ok,logs/seed_673000.log
797543,baseline,NHEFT,1,0.0,0,0,0,1.2168,1.2403,2.4571,485.5394000000004,13.5849,4,2,47,442,442,0,83.56000000000004,2.3379,30,7,223,83,51,32,63.87371441441442,1.7871,45,12,315,170,96,74,19.723456,0,ok,logs/seed_797543.log
466915,baseline,NHEFT,1,0.0,0,0,0,1.1904,1.1482,2.3386,609.8118999999994,15.4405,3,2,42,434,434,0,91.5916,2.3191,35,10,232,103,45,58,70.61729431516943,1.788,44,12,304,159,95,64,17.395962,0,ok,logs/seed_466915.log
252114,baseline,NHEFT,1,0.0,0,0,0,1.2904,1.1546,2.445,682.2183999999988,18.1253,5,2,45,446,446,0,100.86690000000002,2.6799,44,13,266,120,42,78,102.27656307884855,2.7173,41,10,291,142,94,48,20.127927,0,ok,logs/seed_252114.log
898797,baseline,NHEFT,1,0.0,0,0,0,1.1714,1.1784,2.3498,578.0403000000011,15.0036,4,2,46,471,471,0,96.29009999999998,2.4993,33,8,239,103,47,56,68.54872711347517,1.7792,43,11,321,144,87,57,23.36143,0,ok,logs/seed_898797.log
160378,baseline,NHEFT,1,0.0,0,0,0,1.0555,1.1112,2.1667,546.5261999999994,13.7568,4,2,55,443,443,0,91.5356,2.3041,31,9,262,104,45,59,72.59097632513496,1.8272,39,9,298,145,95,50,19.990424,0,ok,logs/seed_160378.log
627275,baseline,NHEFT,1,0.0,0,0,0,1.1276,1.1048,2.2324,552.6015000000007,12.6333,4,2,58,456,456,0,99.2793,2.2697,36,12,262,129,40,89,74.33000256410256,1.6993,45,11,308,161,87,74,19.66647,0,ok,logs/seed_627275.log
338928,baseline,NHEFT,1,0.0,0,0,0,1.0523,0.9663,2.0186,628.1097999999996,12.0525,4,2,58,476,476,0,121.52819999999998,2.3319,30,7,221,97,42,55,74.92289299024608,1.4377,45,10,309,176,95,81,24.467663,0,ok,logs/seed_338928.log
509757,baseline,NHEFT,1,0.0,0,0,0,1.2129,1.1485,2.3614,527.9584999999987,13.0435,5,2,64,452,452,0,96.46759999999998,2.3833,43,13,269,125,51,74,72.51204666925696,1.7914,39,10,317,157,98,59,23.530989,0,ok,logs/seed_509757.log
919077,baseline,NHEFT,1,0.0,0,0,0,1.0547,0.8413,1.896,680.9106000000005,10.1399,4,2,43,440,440,0,122.89560000000003,1.8301,27,10,221,101,47,54,89.66445792880258,1.3353,42,11,274,143,97,46,18.69552,0,ok,logs/seed_919077.log
347640,baseline,NHEFT,1,0.0,0,0,0,1.2154,1.1557,2.3711,505.3753000000018,12.5176,4,2,47,406,406,0,99.82690000000001,2.4726,33,13,209,114,51,63,63.11150061332084,1.5632,40,13,282,171,101,70,16.579728,0,ok,logs/seed_347640.log
322288,baseline,NHEFT,1,0.0,0,0,0,1.0526,1.1606,2.2132,602.7117999999979,15.7928,5,3,59,465,465,0,102.48,2.6853,39,10,263,109,54,55,67.74213703448277,1.775,43,11,312,148,91,57,22.150258,0,ok,logs/seed_322288.log
727120,baseline,NHEFT,1,0.0,0,0,0,1.197,1.4904,2.6874,513.7818000000019,14.466,6,3,52,439,439,0,85.27449999999999,2.401,37,8,227,96,51,45,60.20604615384616,1.6952,54,12,315,167,87,80,22.208868,0,ok,logs/seed_727120.log
427897,baseline,NHEFT,1,0.0,0,0,0,1.2574,1.26,2.5174,567.7264000000005,16.9668,4,2,60,468,468,0,101.57770000000001,3.0357,43,14,271,132,45,87,78.28526087558319,2.3396,48,13,305,164,103,61,26.536542,0,ok,logs/seed_427897.log
734330,baseline,NHEFT,1,0.0,0,0,0,1.137,0.9747,2.1117,658.6589999999993,15.8146,4,2,44,465,465,0,95.58830000000002,2.2951,40,10,255,110,56,54,78.41191992274982,1.8827,45,12,318,148,92,56,18.381541,0,ok,logs/seed_734330.log
858654,baseline,NHEFT,1,0.0,0,0,0,1.0423,0.99,2.0323,684.7662999999998,19.6714,6,3,48,477,477,0,107.036,3.0748,31,8,219,99,53,46,66.16871657207129,1.9008,53,12,322,171,103,68,26.409413,0,ok,logs/seed_858654.log
958351,baseline,NHEFT,1,0.0,0,0,0,1.1457,1.485,2.6307,624.5324000000011,20.2558,5,2,44,458,458,0,96.1742,3.1193,40,9,268,108,52,56,75.46173333333334,2.4475,60,13,328,185,97,88,27.125999,0,ok,logs/seed_958351.log
40504,baseline,NHEFT,1,0.0,0,0,0,1.2214,1.35,2.5714,720.4051999999999,19.6558,3,2,41,456,456,0,109.78119999999996,2.9953,35,14,241,134,51,83,62.20815959501537,1.6973,54,13,325,176,104,72,24.754836,0,ok,logs/seed_40504.log
330355,baseline,NHEFT,1,0.0,0,0,0,1.2811,1.1343,2.4154,564.8326999999989,15.4537,3,2,42,445,445,0,91.3964,2.5006,35,10,228,111,44,67,65.63106584810518,1.7956,44,12,300,141,86,55,20.148542,0,ok,logs/seed_330355.log
497350,baseline,NHEFT,1,0.0,0,0,0,1.1593,1.2689,2.4282,582.2357000000017,15.442,5,2,53,454,454,0,95.9881,2.5458,47,14,272,144,47,97,65.80505837806497,1.7453,38,10,305,139,87,52,21.896984,0,ok,logs/seed_497350.log
884312,baseline,NHEFT,1,0.0,0,0,0,1.2881,1.1278,2.4159,565.9712999999997,15.9582,3,2,39,431,431,0,86.6152,2.4422,33,9,214,79,44,35,60.138247945205485,1.6957,36,10,278,113,78,35,18.842436,0,ok,logs/seed_884312.log
157239,baseline,NHEFT,1,0.0,0,0,0,1.1161,0.9755,2.0916,682.8065000000003,17.4793,3,2,42,473,473,0,100.10229999999999,2.5625,35,10,244,115,48,67,73.15622701267209,1.8727,50,11,343,176,119,57,28.60455,0,ok,logs/seed_157239.log
800522,baseline,NHEFT,1,0.0,0,0,0,1.1924,0.9801,2.1725,627.1101000000012,14.1162,4,2,60,480,480,0,111.66749999999999,2.5136,27,9,260,108,50,58,69.8671819665802,1.5727,39,11,315,160,100,60,24.265203,0,ok,logs/seed_800522.log
659473,baseline,NHEFT,1,0.0,0,0,0,1.3134,1.1343,2.4477,682.3682999999999,11.9508,5,3,56,458,458,0,103.29150000000003,1.809,38,12,250,117,51,66,68.66303789869127,1.2025,43,10,300,135,79,56,26.062441,0,ok,logs/seed_659473.log
246166,baseline,NHEFT,1,0.0,0,0,0,1.2766,1.1114,2.388,596.8636999999993,16.9943,4,2,50,439,439,0,92.69929999999998,2.6394,32,8,212,97,39,58,60.02221094890511,1.709,40,11,261,144,82,62,20.945885,0,ok,logs/seed_246166.log
91598,baseline,NHEFT,1,0.0,0,0,0,1.2321,1.1985,2.4306,1135.4048000000032,31.403,4,3,45,457,457,0,121.00130000000003,3.3467,47,14,282,160,33,127,69.89544726224783,1.9332,51,11,304,138,81,57,22.351614,0,ok,logs/seed_91598.log
197720,baseline,NHEFT,1,0.0,0,0,0,1.3029,1.3832,2.6861,580.8426999999991,13.7491,4,2,53,469,469,0,99.45849999999999,2.3543,38,8,266,110,45,65,72.96551432360744,1.7272,45,13,333,159,101,58,23.417138,0,ok,logs/seed_197720.log
209503,baseline,NHEFT,1,0.0,0,0,0,1.2183,1.1656,2.3839,729.4569000000009,16.1793,4,2,44,465,465,0,112.68169999999996,2.4993,34,10,247,113,49,64,72.46660627169504,1.6073,41,10,308,151,89,62,21.573501,0,ok,logs/seed_209503.log
722755,baseline,NHEFT,1,0.0,0,0,0,1.3349,1.248,2.5829,655.0378999999984,18.906,4,2,44,463,463,0,100.74940000000001,2.9079,39,9,256,110,48,62,63.96836404223694,1.8463,48,12,315,151,84,67,21.680024,0,ok,logs/seed_722755.log
161572,baseline,NHEFT,1,0.0,0,0,0,1.1642,1.1363,2.3005,500.28629999999816,13.4395,4,2,60,424,424,0,91.4921,2.4578,37,9,259,101,51,50,64.18175529225908,1.7242,33,8,297,129,86,43,18.282387,0,ok,logs/seed_161572.log
134796,baseline,NHEFT,1,0.0,0,0,0,1.2229,1.2659,2.4888,490.7899999999991,14.8573,3,2,42,414,414,0,87.11029999999997,2.637,33,10,218,109,46,63,56.9140321740156,1.7229,40,10,274,128,75,53,16.108929,0,ok,logs/seed_134796.log
183408,baseline,NHEFT,1,0.0,0,0,0,1.0162,1.0068,2.023,906.2948000000016,23.966,4,2,36,487,487,0,124.17379999999999,3.2836,32,10,235,109,43,66,71.43108072539832,1.8889,44,12,315,155,81,74,25.306882,0,ok,logs/seed_183408.log
591958,baseline,NHEFT,1,0.0,0,0,0,1.1909,1.17,2.3609,597.4341000000001,19.4663,4,2,43,443,443,0,87.59349999999999,2.8541,32,9,252,87,43,44,60.32445091937766,1.9656,36,11,286,133,87,46,21.569425,0,ok,logs/seed_591958.log
767374,baseline,NHEFT,1,0.0,0,0,0,1.2511,1.3627,2.6138,602.9366000000014,17.6955,5,3,56,440,440,0,96.74230000000001,2.8393,34,10,232,99,47,52,62.47998771428572,1.8337,38,11,306,154,91,63,21.355754,0,ok,logs/seed_767374.log
718905,baseline,NHEFT,1,0.0,0,0,0,1.3112,1.2386,2.5498,626.3929,14.9412,4,3,58,451,451,0,98.97829999999996,2.3609,38,9,258,96,53,43,61.11415546071904,1.4577,56,14,320,162,95,67,22.393282,0,ok,logs/seed_718905.log
459821,baseline,NHEFT,1,0.0,0,0,0,1.1336,1.034,2.1676,715.6881999999979,18.367,4,2,45,480,480,0,110.8995,2.8461,41,11,269,136,49,87,71.01582294240838,1.8225,48,9,327,175,101,74,26.075263,0,ok,logs/seed_459821.log
520213,baseline,NHEFT,1,0.0,0,0,0,1.3027,1.27,2.5727,565.3863999999992,14.5532,4,2,45,442,442,0,96.70139999999999,2.4891,40,12,227,123,53,70,66.56828198693759,1.7135,42,10,279,145,95,50,20.716646,0,ok,logs/seed_520213.log
779780,baseline,NHEFT,1,0.0,0,0,0,1.1101,0.9272,2.0373,755.7915000000006,16.337,4,2,43,459,459,0,105.60560000000001,2.2827,34,10,235,101,41,60,69.70621234910509,1.5068,40,12,306,146,92,54,22.195239,0,ok,logs/seed_779780.log
213946,baseline,NHEFT,1,0.0,0,0,0,1.1592,0.979,2.1382,692.1630999999979,18.6293,4,2,43,483,483,0,97.67729999999997,2.6289,28,9,233,97,46,51,67.17864427336296,1.8081,37,11,293,134,80,54,24.307203,0,ok,logs/seed_213946.log
169838,baseline,NHEFT,1,0.0,0,0,0,1.3566,1.3195,2.6761,580.5215000000006,15.7167,5,3,57,461,461,0,92.52009999999996,2.5048,30,7,231,92,48,44,60.395573561831235,1.6351,41,11,314,171,99,72,20.399517,0,ok,logs/seed_169838.log
877886,baseline,NHEFT,1,0.0,0,0,0,1.2224,1.1384,2.3608,697.4947999999999,13.8808,4,3,45,477,477,0,99.55090000000001,1.9812,39,9,267,107,51,56,69.83576879810539,1.3898,49,11,329,161,99,62,28.394418,0,ok,logs/seed_877886.log
851849,baseline,NHEFT,1,0.0,0,0,0,1.2536,1.2878,2.5414,548.1491999999995,17.8729,4,2,46,467,467,0,90.9882,2.9668,35,7,253,98,45,53,70.38712993081762,2.295,48,9,325,164,96,68,21.924374,0,ok,logs/seed_851849.log
979912,baseline,NHEFT,1,0.0,0,0,0,1.2406,1.386,2.6266,654.9561000000002,18.7261,3,2,41,482,482,0,88.67110000000001,2.5352,32,7,239,82,46,36,63.40010694905626,1.8127,53,12,337,172,99,73,22.778878,0,ok,logs/seed_979912.log
694168,baseline,NHEFT,1,0.0,0,0,0,1.1444,0.9005,2.0449,526.2051999999992,13.5021,4,2,43,491,491,0,82.88059999999999,2.1267,37,10,259,112,49,63,59.980187087719294,1.5391,49,12,316,160,97,63,24.071334,0,ok,logs/seed_694168.log
866262,baseline,NHEFT,1,0.0,0,0,0,1.1193,1.0314,2.1507,624.7116000000007,20.0141,4,2,55,440,440,0,95.93909999999998,3.0736,39,10,250,119,46,73,86.27373245778611,2.764,42,9,281,154,100,54,17.370519,0,ok,logs/seed_866262.log
208768,baseline,NHEFT,1,0.0,0,0,0,1.0757,1.0957,2.1714,550.8639999999999,11.2627,4,2,47,472,472,0,87.7886,1.7949,34,9,265,97,53,44,68.3415601983471,1.3973,40,12,296,140,93,47,22.819066,0,ok,logs/seed_208768.log
23792,baseline,NHEFT,1,0.0,0,0,0,1.155,1.0052,2.1602,678.2529999999997,17.8129,4,2,51,479,479,0,118.70480000000002,3.1175,38,9,254,114,43,71,70.42808613861385,1.8496,45,10,317,142,91,51,22.283655,0,ok,logs/seed_23792.log
517603,baseline,NHEFT,1,0.0,0,0,0,1.0549,0.8922,1.9471,461.9947999999997,9.2268,4,2,60,446,446,0,85.5215,1.708,29,7,261,84,45,39,65.60483696503498,1.3102,51,11,315,168,98,70,24.453522,0,ok,logs/seed_517603.log
438614,baseline,NHEFT,1,0.0,0,0,0,1.247,1.3058,2.5528,651.7086999999997,15.8764,4,2,43,454,454,0,123.7749,3.0153,31,10,241,113,48,65,68.36293000188346,1.6654,44,11,315,151,87,64,23.458075,0,ok,logs/seed_438614.log
358432,baseline,NHEFT,1,0.0,0,0,0,1.0263,1.0012,2.0275,659.2703999999999,21.1556,5,3,46,453,453,0,97.17090000000002,3.1182,30,8,227,110,42,68,62.47049544262294,2.0046,43,10,313,162,75,87,17.992314,0,ok,logs/seed_358432.log
726885,baseline,NHEFT,1,0.0,0,0,0,1.2024,1.2454,2.4478,634.0825999999993,15.2607,5,2,61,447,447,0,110.048,2.6486,37,13,262,120,45,75,67.01104193072956,1.6128,48,12,305,162,93,69,19.81588,0,ok,logs/seed_726885.log
985503,baseline,NHEFT,1,0.0,0,0,0,1.1329,1.0418,2.1747,625.3867999999999,15.7289,2,1,42,458,458,0,96.88919999999999,2.4368,33,10,237,102,49,53,67.67544190267982,1.7021,38,11,286,132,79,53,21.616303,0,ok,logs/seed_985503.log
100872,baseline,NHEFT,1,0.0,0,0,0,1.2127,1.0069,2.2196,729.3486000000019,20.3741,4,2,43,466,466,0,97.29849999999999,2.718,38,11,244,117,48,69,59.06798862343418,1.65,61,11,329,163,106,57,24.244624,0,ok,logs/seed_100872.log
571275,baseline,NHEFT,1,0.0,0,0,0,1.2095,1.319,2.5285,592.3017000000002,16.4732,6,3,48,450,450,0,108.5927,3.0202,32,10,214,119,53,66,65.66811889763781,1.8264,32,10,262,113,78,35,20.520391,0,ok,logs/seed_571275.log
304516,baseline,NHEFT,1,0.0,0,0,0,1.1675,0.9657,2.1332,559.1194000000012,14.3561,4,2,43,464,464,0,97.93750000000001,2.5147,35,10,248,90,47,43,64.81668387096775,1.6643,47,12,318,145,89,56,19.692438,0,ok,logs/seed_304516.log
986627,baseline,NHEFT,1,0.0,0,0,0,1.319,1.0688,2.3878,807.0530999999999,20.7337,4,3,43,460,460,0,114.9128,2.9522,39,12,237,104,42,62,64.50265658612626,1.6571,42,10,292,136,83,53,19.1519,0,ok,logs/seed_986627.log
770441,baseline,NHEFT,1,0.0,0,0,0,1.1284,1.1757,2.3041,594.2868000000001,13.4668,4,3,57,477,477,0,89.94369999999999,2.0382,27,9,232,95,55,40,72.40219602385685,1.6407,41,13,316,187,117,70,23.601804,0,ok,logs/seed_770441.log
153406,baseline,NHEFT,1,0.0,0,0,0,1.1913,1.2414,2.4327,550.5412,15.3791,4,2,48,460,460,0,90.35730000000004,2.5241,52,16,284,130,48,82,79.80143132490974,2.2292,44,10,324,139,91,48,21.313494,0,ok,logs/seed_153406.log
912001,baseline,NHEFT,1,0.0,0,0,0,1.0833,1.0461,2.1294,614.3962999999997,14.3405,5,3,58,454,454,0,101.81569999999998,2.3765,38,11,272,120,46,74,69.99273194688223,1.6337,49,12,316,145,89,56,21.069206,0,ok,logs/seed_912001.log
888595,baseline,NHEFT,1,0.0,0,0,0,1.1652,1.0443,2.2095,803.1920999999994,23.2728,3,2,37,464,464,0,113.24629999999998,3.2814,36,10,240,116,52,64,70.4238050292014,2.0406,36,9,314,147,95,52,20.148409,0,ok,logs/seed_888595.log
446012,baseline,NHEFT,1,0.0,0,0,0,1.249,1.2684,2.5174,692.8412999999999,19.8835,3,2,35,441,441,0,102.38070000000002,2.9382,40,12,239,126,47,79,62.85467317073171,1.8038,36,10,280,129,80,49,18.698582,0,ok,logs/seed_446012.log
93464,baseline,NHEFT,1,0.0,0,0,0,1.1909,1.0879,2.2788,718.1202999999998,22.2246,3,2,37,461,461,0,101.25469999999999,3.1337,43,14,227,130,48,82,69.0371972861073,2.1366,37,11,285,154,90,64,21.530462,0,ok,logs/seed_93464.log
936641,baseline,NHEFT,1,0.0,0,0,0,1.2644,1.2894,2.5538,601.5382999999997,15.1095,4,2,43,469,469,0,89.9595,2.2596,37,8,247,97,45,52,58.96658251948052,1.4811,52,12,318,165,90,75,24.009493,0,ok,logs/seed_936641.log
739948,baseline,NHEFT,1,0.0,0,0,0,1.013,0.8794,1.8924,1049.395300000004,31.3008,3,3,27,460,460,0,107.1037,3.1946,34,11,219,87,36,51,61.42134175906061,1.832,53,13,301,161,91,70,22.186674,0,ok,logs/seed_739948.log
62927,baseline,NHEFT,1,0.0,0,0,0,1.3227,1.1258,2.4485,769.8201999999998,20.569,5,3,46,456,456,0,99.6076,2.6614,39,10,266,113,43,70,64.43516622880674,1.7217,46,10,297,144,87,57,22.977355,0,ok,logs/seed_62927.log
648277,baseline,NHEFT,1,0.0,0,0,0,1.2767,1.5084,2.7851,522.5074999999989,13.2716,4,2,44,447,447,0,98.49150000000002,2.5017,24,7,218,92,47,45,67.39423389097824,1.7118,33,10,276,136,89,47,19.383287,0,ok,logs/seed_648277.log
297455,baseline,NHEFT,1,0.0,0,0,0,1.1661,1.1288,2.2949,823.7683000000004,18.7841,4,3,47,486,486,0,115.9653,2.6443,30,8,250,96,46,50,76.7759558284118,1.7507,55,13,338,178,98,80,26.219533,0,ok,logs/seed_297455.log
928299,baseline,NHEFT,1,0.0,0,0,0,1.2201,1.2702,2.4903,651.5670999999992,19.0831,4,2,45,458,458,0,98.06689999999998,2.8722,40,14,252,123,37,86,72.01234234875442,2.1091,37,9,292,156,95,61,20.593847,0,ok,logs/seed_928299.log
296307,baseline,NHEFT,1,0.0,0,0,0,1.246,1.3311,2.5771,616.9672999999998,17.7176,4,2,43,480,480,0,97.88640000000002,2.811,34,10,270,111,50,61,69.81528851913477,2.0049,52,13,325,162,83,79,25.332103,0,ok,logs/seed_296307.log
732766,baseline,NHEFT,1,0.0,0,0,0,1.288,1.1675,2.4555,600.4704999999994,13.4664,4,2,43,465,465,0,94.01880000000001,2.1085,44,14,286,121,44,77,76.53747021701382,1.7165,41,9,306,147,100,47,21.944632,0,ok,logs/seed_732766.log
399011,baseline,NHEFT,1,0.0,0,0,0,1.2024,1.3961,2.5985,502.81390000000124,16.6878,3,2,42,435,435,0,83.65789999999998,2.7765,30,8,230,105,51,54,68.99422328931573,2.2898,50,14,319,171,89,82,19.178541,0,ok,logs/seed_399011.log
148624,baseline,NHEFT,1,0.0,0,0,0,1.2109,1.3488,2.5597,569.5715000000005,15.2397,4,2,43,451,451,0,89.74350000000001,2.4012,32,9,213,95,52,43,86.69072952171007,2.3195,39,11,305,165,94,71,21.855642,0,ok,logs/seed_148624.log
409113,baseline,NHEFT,1,0.0,0,0,0,1.1004,1.0883,2.1887,619.6844000000002,12.5254,4,2,43,444,444,0,111.70260000000003,2.2578,40,14,245,126,43,83,73.66617994736846,1.489,41,11,299,154,90,64,21.309944,0,ok,logs/seed_409113.log
459727,baseline,NHEFT,1,0.0,0,0,0,1.259,1.4069,2.6659,902.5710999999986,23.1628,5,3,37,486,486,0,111.99919999999999,2.8743,38,9,245,95,50,45,91.8383843866171,2.3569,51,12,328,162,94,68,26.973912,0,ok,logs/seed_459727.log
144132,baseline,NHEFT,1,0.0,0,0,0,1.1055,1.0873,2.1928,525.335500000001,11.5969,4,2,50,475,475,0,87.33140000000002,1.9279,39,11,259,110,50,60,69.86469487179485,1.5423,51,13,322,183,117,66,25.151714,0,ok,logs/seed_144132.log
749046,baseline,NHEFT,1,0.0,0,0,0,1.0918,1.0064,2.0982,552.4456000000002,14.8289,4,2,53,446,446,0,94.55380000000001,2.538,29,7,242,83,47,36,64.27190276653653,1.7252,53,10,302,158,94,64,18.981862,0,ok,logs/seed_749046.log
324901,baseline,NHEFT,1,0.0,0,0,0,1.0878,1.0334,2.1212,592.7531999999993,16.4564,4,2,49,491,491,0,96.56289999999998,2.6808,37,9,256,105,48,57,76.58466197529339,2.1262,47,10,334,145,85,60,22.051445,0,ok,logs/seed_324901.log
786867,baseline,NHEFT,1,0.0,0,0,0,1.0681,0.9474,2.0155,678.2726999999999,16.6588,3,2,42,481,481,0,91.22049999999999,2.2404,36,10,269,92,40,52,69.80227339317759,1.7144,51,14,324,151,83,68,22.320552,0,ok,logs/seed_786867.log
760274,baseline,NHEFT,1,0.0,0,0,0,1.2383,1.2713,2.5096,590.0089999999999,14.201,5,2,54,459,459,0,109.21519999999997,2.6287,38,11,282,125,48,77,71.03875294117647,1.7098,48,12,304,162,91,71,21.279861,0,ok,logs/seed_760274.log
828516,baseline,NHEFT,1,0.0,0,0,0,1.1376,0.9465,2.0841,580.5921999999996,14.5202,3,2,42,409,409,0,98.11159999999998,2.4537,32,13,223,116,50,66,54.08842179131109,1.3527,36,11,285,160,105,55,14.857208,0,ok,logs/seed_828516.log
583657,baseline,NHEFT,1,0.0,0,0,0,1.2052,1.2634,2.4686,468.1389000000003,9.9967,4,2,57,468,468,0,72.5621,1.5495,34,7,263,82,45,37,65.69213315100318,1.4028,49,11,307,146,89,57,25.501694,0,ok,logs/seed_583657.log
678530,baseline,NHEFT,1,0.0,0,0,0,1.1059,1.1133,2.2192,568.1075999999994,15.0804,4,2,45,467,467,0,95.31700000000004,2.5302,41,11,250,108,44,64,64.24926683198986,1.7055,44,12,298,138,83,55,22.756533,0,ok,logs/seed_678530.log
834347,baseline,NHEFT,1,0.0,0,0,0,1.1577,1.1646,2.3223,503.8179000000004,12.6908,4,2,48,440,440,0,84.93929999999996,2.1396,28,5,227,76,41,35,63.636495959422234,1.603,40,9,300,131,87,44,18.972005,0,ok,logs/seed_834347.log
751299,baseline,NHEFT,1,0.0,0,0,0,1.1338,0.9654,2.0992,614.4798999999997,17.5789,4,2,50,453,453,0,96.26790000000001,2.754,34,9,249,89,44,45,64.4851735982965,1.8448,51,11,304,153,98,55,20.909574,0,ok,logs/seed_751299.log
47272,baseline,NHEFT,1,0.0,0,0,0,1.2245,1.145,2.3695,686.6116000000011,18.3411,6,3,57,440,440,0,103.02999999999999,2.7522,43,13,256,131,45,86,63.49475429092244,1.6961,54,13,306,153,89,64,19.825754,0,ok,logs/seed_47272.log
302457,baseline,NHEFT,1,0.0,0,0,0,1.1342,0.995,2.1292,607.6696000000003,17.105,4,2,44,462,462,0,99.42949999999999,2.7988,41,13,259,138,48,90,61.71761696238466,1.7373,47,11,316,168,97,71,21.06699,0,ok,logs/seed_302457.log
506952,baseline,NHEFT,1,0.0,0,0,0,1.322,1.0986,2.4206,539.6255999999994,18.5871,4,2,44,444,444,0,99.6294,3.4317,36,10,225,108,46,62,66.86317252038462,2.3031,48,12,290,149,92,57,17.533301,0,ok,logs/seed_506952.log
153133,baseline,NHEFT,1,0.0,0,0,0,1.2103,1.2017,2.412,642.6852999999993,17.4945,4,2,41,470,470,0,90.26769999999998,2.4572,33,10,239,96,47,49,63.497909316770176,1.7285,34,9,289,130,81,49,20.602504,0,ok,logs/seed_153133.log
470911,baseline,NHEFT,1,0.0,0,0,0,1.3295,1.1466,2.4761,674.3822999999988,18.7058,4,2,43,461,461,0,94.1152,2.6105,40,11,248,112,45,67,59.44648598196222,1.6489,46,14,303,149,86,63,24.356929,0,ok,logs/seed_470911.log
261338,baseline,NHEFT,1,0.0,0,0,0,1.1804,1.0401,2.2205,688.4970999999996,17.5795,4,2,52,456,456,0,101.01410000000001,2.5792,33,9,239,108,48,60,69.06648707242596,1.7635,43,12,291,141,93,48,20.682206,0,ok,logs/seed_261338.log
669829,baseline,NHEFT,1,0.0,0,0,0,1.171,1.1339,2.3049,497.00659999999874,12.1913,4,2,54,451,451,0,81.1277,1.99,29,8,242,87,51,36,69.70101607204607,1.7097,44,12,298,142,87,55,21.060328,0,ok,logs/seed_669829.log
681823,baseline,NHEFT,1,0.0,0,0,0,1.205,1.0064,2.2114,464.34780000000035,12.7078,5,2,59,459,459,0,87.0383,2.382,41,10,252,111,45,66,62.369002297297286,1.7068,41,11,288,142,90,52,19.039623,0,ok,logs/seed_681823.log
829532,baseline,NHEFT,1,0.0,0,0,0,1.1794,0.9773,2.1567,618.4079000000013,20.8514,3,2,39,427,427,0,84.6327,2.8536,28,7,211,82,42,40,58.25555136842105,1.9643,44,11,282,136,80,56,17.988101,0,ok,logs/seed_829532.log
100374,baseline,NHEFT,1,0.0,0,0,0,1.0733,1.0114,2.0847,836.6473999999994,21.1067,4,3,42,492,492,0,106.1435,2.6778,40,12,255,125,47,78,69.68828813056379,1.7581,39,11,307,164,106,58,20.842034,0,ok,logs/seed_100374.log
332803,baseline,NHEFT,1,0.0,0,0,0,1.1758,1.2297,2.4055,670.5492999999992,15.5759,4,2,45,449,449,0,105.68489999999997,2.4549,29,7,220,91,53,38,64.44752219205297,1.497,37,11,287,127,75,52,17.47294,0,ok,logs/seed_332803.log
857688,baseline,NHEFT,1,0.0,0,0,0,1.1759,1.0512,2.2271,869.1889999999984,18.7512,5,3,45,458,458,0,115.49909999999998,2.4917,41,11,232,105,43,62,75.81652558139535,1.6356,41,11,302,154,91,63,20.254766,0,ok,logs/seed_857688.log
992778,baseline,NHEFT,1,0.0,0,0,0,1.2043,1.4929,2.6972,575.2967999999992,16.5462,2,1,42,458,458,0,97.73429999999999,2.811,34,8,241,112,50,62,78.79603330960528,2.2663,50,15,302,189,90,99,24.958205,0,ok,logs/seed_992778.log
553562,baseline,NHEFT,1,0.0,0,0,0,1.2535,1.196,2.4495,1146.7559000000003,32.8702,3,3,42,454,454,0,133.13409999999996,3.8161,38,12,220,126,44,82,74.65664471299094,2.1399,45,12,299,166,82,84,20.750535,0,ok,logs/seed_553562.log
536653,baseline,NHEFT,1,0.0,0,0,0,1.1901,1.2352,2.4253,765.7598999999996,16.594,4,2,45,486,486,0,123.05910000000002,2.6667,39,11,259,129,45,84,98.45236666666665,2.1335,41,9,309,155,94,61,22.914937,0,ok,logs/seed_536653.log
934999,baseline,NHEFT,1,0.0,0,0,0,1.2093,1.0346,2.2439,634.1600000000002,18.3596,3,2,42,463,463,0,86.04980000000003,2.4912,32,9,249,92,49,43,62.002275235531634,1.795,34,9,282,130,83,47,18.901608,0,ok,logs/seed_934999.log
560912,baseline,NHEFT,1,0.0,0,0,0,1.3097,1.3854,2.6951,569.9422000000009,12.9803,4,2,51,454,454,0,103.87210000000002,2.3657,37,9,247,106,49,57,67.21074253739391,1.5307,51,14,307,168,90,78,24.529696,0,ok,logs/seed_560912.log
474714,baseline,NHEFT,1,0.0,0,0,0,1.2877,1.4205,2.7082,733.6579999999996,18.7499,4,3,45,450,450,0,110.87140000000004,2.8335,26,7,229,86,48,38,66.85633823529413,1.7086,36,10,304,154,82,72,17.765179,0,ok,logs/seed_474714.log
221092,baseline,NHEFT,1,0.0,0,0,0,1.0641,0.9568,2.0209,556.0271999999987,19.6321,3,2,42,444,444,0,92.3627,3.2611,29,9,209,92,49,43,59.84552004761905,2.113,37,9,282,120,80,40,17.868444,0,ok,logs/seed_221092.log
509580,baseline,NHEFT,1,0.0,0,0,0,1.2895,1.1813,2.4708,603.5824999999994,16.2656,4,2,46,454,454,0,90.2934,2.4333,34,10,256,105,43,62,59.79267609796201,1.6113,41,11,298,147,95,52,21.15341,0,ok,logs/seed_509580.log
57053,baseline,NHEFT,1,0.0,0,0,0,1.1884,1.4012,2.5896,569.0641999999993,18.1208,4,2,43,448,448,0,79.2694,2.5242,28,8,229,75,48,27,63.08714700602894,2.0089,48,11,312,176,92,84,18.203705,0,ok,logs/seed_57053.log
928433,baseline,NHEFT,1,0.0,0,0,0,1.1421,1.1541,2.2962,646.8021999999996,12.9307,3,2,42,460,460,0,103.48490000000001,2.0688,42,12,262,126,47,79,68.15627964113887,1.3626,37,10,289,148,92,56,21.160683,0,ok,logs/seed_928433.log
881017,baseline,NHEFT,1,0.0,0,0,0,1.246,1.1252,2.3712,696.4157000000017,16.3211,3,2,42,461,461,0,98.17760000000001,2.3009,41,9,269,112,49,63,60.883053881017105,1.4268,45,10,332,154,90,64,20.756748,0,ok,logs/seed_881017.log
892380,baseline,NHEFT,1,0.0,0,0,0,1.2149,1.1785,2.3934,876.5422999999992,23.7042,3,2,42,467,467,0,113.12409999999998,3.0592,36,10,243,108,40,68,67.48510562427745,1.825,40,10,288,119,73,46,22.444103,0,ok,logs/seed_892380.log
758824,baseline,NHEFT,1,0.0,0,0,0,1.1372,1.0396,2.1768,827.2254999999991,21.616,7,3,45,453,453,0,102.57940000000004,2.6805,37,9,255,96,52,44,63.329164121212116,1.6548,48,11,334,164,105,59,18.369812,0,ok,logs/seed_758824.log
551160,baseline,NHEFT,1,0.0,0,0,0,1.3169,1.1999,2.5168,623.7060999999995,16.7214,4,2,56,473,473,0,105.58029999999998,2.8306,41,11,266,127,37,90,63.51771538461539,1.7029,48,10,313,144,72,72,19.516734,0,ok,logs/seed_551160.log
833352,baseline,NHEFT,1,0.0,0,0,0,1.1478,0.9825,2.1303,916.7257999999997,26.3902,4,3,43,467,467,0,113.01480000000002,3.2534,37,11,232,110,47,63,70.050493481203,2.0166,51,13,321,180,91,89,24.004517,0,ok,logs/seed_833352.log
841142,baseline,NHEFT,1,0.0,0,0,0,1.3363,1.2693,2.6056,809.6796999999998,26.3233,5,3,54,480,480,0,104.5319,3.3984,43,14,269,127,42,85,75.68874153949209,2.4607,51,12,322,159,90,69,22.966922,0,ok,logs/seed_841142.log
484796,baseline,NHEFT,1,0.0,0,0,0,1.2096,1.1502,2.3598,584.0100000000004,14.284,4,2,47,427,427,0,97.8308,2.3928,39,13,221,120,48,72,62.81929575201005,1.5365,38,11,283,137,89,48,20.23544,0,ok,logs/seed_484796.log
648201,baseline,NHEFT,1,0.0,0,0,0,1.1625,1.019,2.1815,550.8384000000013,11.6705,4,2,59,463,463,0,93.27329999999995,1.9762,43,13,289,140,47,93,68.61196058217101,1.4537,39,11,297,154,93,61,18.217892,0,ok,logs/seed_648201.log
414611,baseline,NHEFT,1,0.0,0,0,0,1.2427,1.2689,2.5116,651.4417999999995,18.5756,4,2,47,448,448,0,102.74830000000001,2.9298,34,10,249,109,45,64,65.518525748503,1.8682,39,10,296,150,91,59,21.630138,0,ok,logs/seed_414611.log
675510,baseline,NHEFT,1,0.0,0,0,0,1.1409,1.1438,2.2847,837.4710000000024,16.5049,7,3,55,469,469,0,118.4754,2.3349,35,10,243,116,52,64,69.37012031477926,1.3671,39,11,311,149,85,64,19.267486,0,ok,logs/seed_675510.log
648624,baseline,NHEFT,1,0.0,0,0,0,1.1523,1.1784,2.3307,689.442200000001,16.6071,4,2,43,484,484,0,114.55640000000002,2.7594,35,13,234,133,44,89,67.90072756123452,1.6356,37,11,297,150,83,67,22.743938,0,ok,logs/seed_648624.log
759693,baseline,NHEFT,1,0.0,0,0,0,1.2634,0.9829,2.2463,629.3377999999999,13.8747,5,2,51,454,454,0,91.91359999999999,2.0264,42,12,263,110,52,58,67.95642542040186,1.4982,59,16,326,195,116,79,25.191887,0,ok,logs/seed_759693.log
774549,baseline,NHEFT,1,0.0,0,0,0,1.159,1.4209,2.5799,643.7114000000013,15.913,5,3,63,482,482,0,110.29329999999999,2.7265,38,11,275,134,50,84,73.55404889836532,1.8183,42,12,310,169,90,79,22.363045,0,ok,logs/seed_774549.log
358234,baseline,NHEFT,1,0.0,0,0,0,1.0804,1.2977,2.3781,649.4325000000005,16.3332,5,3,47,465,465,0,92.35409999999999,2.3227,37,9,269,96,46,50,64.02951550802138,1.6103,48,10,334,157,95,62,25.707914,0,ok,logs/seed_358234.log
601465,baseline,NHEFT,1,0.0,0,0,0,1.3984,1.1416,2.54,583.5696,18.0802,3,2,42,452,452,0,87.7817,2.7197,30,8,225,96,49,47,57.36943093226178,1.7774,43,10,291,159,89,70,21.68854,0,ok,logs/seed_601465.log
896564,baseline,NHEFT,1,0.0,0,0,0,1.2912,1.0331,2.3243,561.1333999999996,17.4518,4,2,43,458,458,0,95.35849999999998,2.9657,32,8,221,103,50,53,68.1647862338119,2.12,38,10,287,151,93,58,17.354878,0,ok,logs/seed_896564.log
706427,baseline,NHEFT,1,0.0,0,0,0,1.1394,0.9599,2.0993,550.0320999999998,15.942,4,2,51,493,493,0,94.5074,2.7392,35,9,258,100,47,53,87.589454,2.5387,42,9,307,120,77,43,18.704093,0,ok,logs/seed_706427.log
677732,baseline,NHEFT,1,0.0,0,0,0,1.3598,1.3177,2.6775,651.314699999998,21.0598,6,3,51,453,453,0,114.97460000000001,3.7176,34,11,245,116,47,69,68.98014831380645,2.2304,41,11,301,138,88,50,21.132453,0,ok,logs/seed_677732.log
809910,baseline,NHEFT,1,0.0,0,0,0,1.146,1.3147,2.4607,574.7302000000009,14.4651,5,2,45,477,477,0,100.51350000000002,2.5298,35,11,241,112,55,57,71.30435831548893,1.7946,47,11,324,172,103,69,23.053752,0,ok,logs/seed_809910.log
309949,baseline,NHEFT,1,0.0,0,0,0,1.1379,1.1545,2.2924,837.1769000000006,27.9054,5,3,48,450,450,0,108.2183,3.6072,37,10,233,128,36,92,83.94472957142858,2.7981,51,13,316,170,95,75,20.049783,0,ok,logs/seed_309949.log
966961,baseline,NHEFT,1,0.0,0,0,0,1.3621,1.4466,2.8087,840.7255999999995,26.0218,4,3,44,456,456,0,111.52379999999994,3.4518,33,11,228,107,44,63,63.689419356432474,1.9713,42,11,294,147,81,66,20.483608,0,ok,logs/seed_966961.log
502603,baseline,NHEFT,1,0.0,0,0,0,1.1674,0.9828,2.1502,540.1977000000006,11.325,4,2,54,442,442,0,84.5072,1.7717,28,6,249,66,47,19,65.18745278450365,1.3666,52,10,312,145,87,58,17.29942,0,ok,logs/seed_502603.log
896043,baseline,NHEFT,1,0.0,0,0,0,0.9989,0.9116,1.9105,624.3315000000015,18.986,4,2,43,492,492,0,94.6324,2.8778,34,9,250,96,47,49,66.44340491803278,2.0206,37,10,299,137,84,53,22.430389,0,ok,logs/seed_896043.log
470910,baseline,NHEFT,1,0.0,0,0,0,1.0993,1.1139,2.2132,547.9998999999992,15.1647,4,2,51,416,416,0,100.59479999999999,2.7837,28,7,221,89,45,44,67.59391992263056,1.8705,37,8,287,151,86,65,20.575273,0,ok,logs/seed_470910.log
371373,baseline,NHEFT,1,0.0,0,0,0,1.2515,0.9311,2.1826,854.3903000000013,21.7048,6,4,43,462,462,0,112.62650000000001,2.8611,34,10,233,96,45,51,62.02005957702118,1.5755,38,10,298,142,86,56,19.633793,0,ok,logs/seed_371373.log
463349,baseline,NHEFT,1,0.0,0,0,0,1.092,1.0578,2.1498,579.7855000000006,16.6087,4,2,52,444,444,0,94.3316,2.7023,32,10,258,99,42,57,73.4972184743025,2.1054,46,11,313,144,82,62,20.754221,0,ok,logs/seed_463349.log
736327,baseline,NHEFT,1,0.0,0,0,0,1.076,1.1323,2.2083,546.8656999999997,12.3477,4,2,55,454,454,0,94.25080000000003,2.1281,29,6,248,89,49,40,65.5623083278255,1.4803,37,11,311,130,83,47,21.92643,0,ok,logs/seed_736327.log
839398,baseline,NHEFT,1,0.0,0,0,0,1.1333,1.0586,2.1919,658.8962000000006,15.7496,4,2,43,457,457,0,100.3321,2.3982,39,11,238,107,43,64,69.67339249055377,1.6654,41,10,311,138,82,56,19.874174,0,ok,logs/seed_839398.log
966086,baseline,NHEFT,1,0.0,0,0,0,1.2893,1.2388,2.5281,594.5295999999988,16.3322,4,2,43,433,433,0,86.15389999999998,2.3667,35,10,245,87,46,41,68.02056388984259,1.8686,49,15,282,158,93,65,19.87737,0,ok,logs/seed_966086.log
690129,baseline,NHEFT,1,0.0,0,0,0,1.3202,1.1027,2.4229,696.3187999999986,15.127,4,3,48,433,433,0,97.34590000000001,2.1148,47,14,254,119,44,75,74.37034232231406,1.6156,51,11,307,160,100,60,16.996722,0,ok,logs/seed_690129.log
268750,baseline,NHEFT,1,0.0,0,0,0,1.2573,1.3348,2.5921,593.2868999999995,18.8179,3,2,40,491,491,0,102.60590000000002,3.2545,37,11,226,112,47,65,65.7019244634647,2.0839,39,10,297,153,87,66,18.835483,0,ok,logs/seed_268750.log
918021,baseline,NHEFT,1,0.0,0,0,0,1.2691,1.1867,2.4558,619.6504999999993,18.5611,5,3,54,452,452,0,99.24959999999997,2.9729,45,14,287,134,42,92,67.07601562027293,2.0092,47,10,310,138,87,51,21.459778,0,ok,logs/seed_918021.log
611051,baseline,NHEFT,1,0.0,0,0,0,1.2039,1.1303,2.3342,612.8344999999995,15.2598,6,4,68,448,448,0,115.773,2.8828,38,11,244,108,44,64,71.09104942233631,1.7702,49,11,311,139,88,51,20.071318,0,ok,logs/seed_611051.log
728198,baseline,NHEFT,1,0.0,0,0,0,1.2673,1.0216,2.2889,655.5618000000003,15.6093,4,3,45,466,466,0,96.99020000000002,2.3094,30,8,229,85,45,40,66.99997491304349,1.5953,34,10,308,139,90,49,21.12639,0,ok,logs/seed_728198.log
658673,baseline,NHEFT,1,0.0,0,0,0,1.3752,1.6548,3.03,534.3493000000008,12.9987,4,2,44,452,452,0,100.4486,2.4435,33,8,231,89,41,48,69.40857716535433,1.6884,39,10,294,151,83,68,19.82217,0,ok,logs/seed_658673.log
357871,baseline,NHEFT,1,0.0,0,0,0,1.247,1.1174,2.3644,580.2338000000003,17.716,4,2,51,444,444,0,88.17549999999999,2.6922,43,9,282,109,46,63,57.635919181818196,1.7598,41,10,308,118,78,40,22.284722,0,ok,logs/seed_357871.log
152055,baseline,NHEFT,1,0.0,0,0,0,1.1919,1.0741,2.266,594.5634000000008,16.2812,4,2,45,462,462,0,90.0342,2.4655,39,11,257,130,44,86,62.31538994084186,1.7064,40,9,302,147,90,57,18.252727,0,ok,logs/seed_152055.log
262601,baseline,NHEFT,1,0.0,0,0,0,1.1111,1.1375,2.2486,633.8195999999999,18.1082,4,2,43,459,459,0,102.98219999999998,2.9422,33,11,241,109,46,63,62.36669288324903,1.7818,47,10,312,156,92,64,19.737401,0,ok,logs/seed_262601.log
629872,baseline,NHEFT,1,0.0,0,0,0,1.3805,1.2587,2.6392,619.7259999999998,14.7913,2,1,42,467,467,0,91.4349,2.1823,30,9,234,103,49,54,59.47154480268669,1.4194,41,11,308,141,88,53,21.033863,0,ok,logs/seed_629872.log
471208,baseline,NHEFT,1,0.0,0,0,0,1.2749,1.1359,2.4108,636.7899000000011,13.4112,3,2,41,453,453,0,89.17620000000001,1.8781,34,11,226,92,43,49,59.66278401486989,1.2565,46,12,309,142,90,52,21.90462,0,ok,logs/seed_471208.log
255275,baseline,NHEFT,1,0.0,0,0,0,1.2557,1.141,2.3967,1014.4034000000004,32.6205,4,4,61,474,474,0,113.07130000000001,3.6361,34,9,247,94,41,53,85.64949978869448,2.7543,39,9,293,141,92,49,22.601991,0,ok,logs/seed_255275.log
730423,baseline,NHEFT,1,0.0,0,0,0,1.1362,1.4201,2.5563,588.9846000000003,15.3317,4,2,52,443,443,0,111.54090000000002,2.9035,40,12,241,135,47,88,75.85184039393941,1.9745,43,11,288,155,78,77,20.052876,0,ok,logs/seed_730423.log
143984,baseline,NHEFT,1,0.0,0,0,0,1.1096,1.2755,2.3851,650.9701999999999,14.6494,4,2,61,451,451,0,111.83599999999998,2.5167,47,14,276,148,48,100,78.52248436645962,1.7671,43,11,310,134,85,49,20.729465,0,ok,logs/seed_143984.log
395892,baseline,NHEFT,1,0.0,0,0,0,1.2135,1.2368,2.4503,545.4485999999981,17.2352,3,2,42,446,446,0,79.63190000000003,2.5162,44,15,254,107,46,61,63.811458543231964,2.0163,53,11,311,167,108,59,23.604085,0,ok,logs/seed_395892.log
773877,baseline,NHEFT,1,0.0,0,0,0,1.0077,1.2404,2.2481,581.7345999999998,17.9193,4,2,43,480,480,0,98.63940000000002,3.0384,28,7,223,84,49,35,77.73067516829745,2.3944,48,10,306,149,103,46,23.62214,0,ok,logs/seed_773877.log
880174,baseline,NHEFT,1,0.0,0,0,0,1.2404,1.2831,2.5235,590.8715999999987,15.4168,4,2,43,469,469,0,95.09419999999996,2.4812,30,8,252,97,52,45,66.73100336943091,1.7411,40,13,311,172,104,68,21.065589,0,ok,logs/seed_880174.log
237837,baseline,NHEFT,1,0.0,0,0,0,1.2441,1.0743,2.3184,476.813599999999,10.6837,5,3,58,479,479,0,95.7578,2.1456,31,9,252,104,58,46,60.83179132258064,1.363,46,13,302,164,103,61,23.872836,0,ok,logs/seed_237837.log
835442,baseline,NHEFT,1,0.0,0,0,0,1.2337,1.2951,2.5288,640.1440999999995,17.1337,3,2,42,446,446,0,98.03850000000001,2.624,35,8,231,98,47,51,75.35456538407934,2.0169,42,11,279,136,84,52,21.770468,0,ok,logs/seed_835442.log
453398,baseline,NHEFT,1,0.0,0,0,0,1.2379,1.4259,2.6638,625.4723000000004,19.7643,4,2,43,468,468,0,105.17330000000001,3.3234,41,11,244,127,46,81,74.00648417579254,2.3385,41,11,305,164,93,71,23.179214,0,ok,logs/seed_453398.log
540634,baseline,NHEFT,1,0.0,0,0,0,1.2089,1.1308,2.3397,538.2212999999988,13.7367,4,2,43,458,458,0,91.48310000000002,2.3349,29,8,213,83,50,33,65.55742425167989,1.6732,39,10,284,131,86,45,23.15279,0,ok,logs/seed_540634.log
574410,baseline,NHEFT,1,0.0,0,0,0,1.301,1.1612,2.4622,702.2248999999997,16.5419,4,2,43,446,446,0,101.49830000000001,2.3909,35,9,246,102,47,55,64.65113001181982,1.523,43,10,306,150,93,57,16.934573,0,ok,logs/seed_574410.log
445140,baseline,NHEFT,1,0.0,0,0,0,1.245,1.0783,2.3233,528.4589999999997,17.0262,4,2,43,449,449,0,76.11420000000001,2.4523,35,8,231,96,47,49,57.2621867204301,1.8449,42,13,295,136,84,52,21.921828,0,ok,logs/seed_445140.log
264094,baseline,NHEFT,1,0.0,0,0,0,1.064,1.2591,2.3231,544.6148000000009,11.4241,5,2,56,491,491,0,126.07960000000003,2.6447,27,8,231,100,45,55,82.03403362916468,1.7208,28,10,282,130,92,38,22.531485,0,ok,logs/seed_264094.log
534582,baseline,NHEFT,1,0.0,0,0,0,1.0717,1.0636,2.1353,625.3499999999998,15.5667,6,3,61,437,437,0,124.9752,3.111,27,6,204,84,51,33,77.62089827685327,1.9322,40,9,280,138,83,55,17.099645,0,ok,logs/seed_534582.log
26052,baseline,NHEFT,1,0.0,0,0,0,1.1858,0.8963,2.0821,865.6989999999976,20.2632,5,3,46,456,456,0,105.00759999999998,2.4579,32,7,243,93,40,53,69.1994371735791,1.6197,52,12,305,156,99,57,20.027652,0,ok,logs/seed_26052.log
734749,baseline,NHEFT,1,0.0,0,0,0,1.2442,1.0991,2.3433,665.6768000000006,15.0131,5,3,44,446,446,0,90.21750000000002,2.0347,31,8,242,84,45,39,62.29974150179212,1.4051,49,11,312,142,84,58,24.437219,0,ok,logs/seed_734749.log
141813,baseline,NHEFT,1,0.0,0,0,0,1.1208,1.0712,2.192,577.3259,17.0962,4,2,43,452,452,0,90.7986,2.6888,29,9,216,99,47,52,57.02827515727531,1.6888,34,10,278,125,81,44,21.561589,0,ok,logs/seed_141813.log
253057,baseline,NHEFT,1,0.0,0,0,0,1.3387,1.5025,2.8412,467.203500000001,13.5454,4,2,54,454,454,0,77.1913,2.238,37,8,276,99,50,49,67.02584050569786,1.9432,42,10,320,128,80,48,19.092898,0,ok,logs/seed_253057.log
862373,baseline,NHEFT,1,0.0,0,0,0,1.1685,1.0364,2.2049,676.2532000000002,15.9818,4,2,48,441,441,0,109.26380000000002,2.5822,44,12,270,114,47,67,68.49948619979402,1.6188,48,12,322,158,87,71,20.071,0,ok,logs/seed_862373.log
947420,baseline,NHEFT,1,0.0,0,0,0,1.0989,0.9347,2.0336,658.4874000000001,15.8298,4,2,44,458,458,0,91.10479999999998,2.1901,37,11,235,110,43,67,64.84235471765115,1.5588,42,11,292,137,87,50,23.208057,0,ok,logs/seed_947420.log
808853,baseline,NHEFT,1,0.0,0,0,0,1.1468,1.3676,2.5144,609.5901,12.8249,7,3,60,468,468,0,97.5698,2.0527,33,8,262,108,44,64,73.2913632508834,1.542,41,8,304,154,93,61,19.59972,0,ok,logs/seed_808853.log
771950,baseline,NHEFT,1,0.0,0,0,0,1.296,1.3963,2.6923,572.7531000000005,15.508,5,2,56,444,444,0,103.54919999999998,2.8037,26,7,232,92,47,45,61.489362003179664,1.6649,42,9,316,144,89,55,18.843904,0,ok,logs/seed_771950.log
198309,baseline,NHEFT,1,0.0,0,0,0,1.2079,1.1728,2.3807,526.1903000000004,13.1311,4,2,45,458,458,0,94.4734,2.3576,37,12,258,113,44,69,67.5345652201835,1.6853,42,10,318,151,90,61,20.443567,0,ok,logs/seed_198309.log
178238,baseline,NHEFT,1,0.0,0,0,0,1.3289,1.2913,2.6202,757.4709000000001,23.5323,4,2,43,461,461,0,102.57109999999999,3.1866,27,6,230,81,42,39,83.65484282586598,2.5989,48,9,313,170,110,60,20.402304,0,ok,logs/seed_178238.log
478635,baseline,NHEFT,1,0.0,0,0,0,1.3266,1.1118,2.4384,643.5377000000004,21.4385,3,2,42,448,448,0,112.02929999999999,3.7321,31,10,219,108,50,58,66.70265244356956,2.2221,40,10,324,161,98,63,23.252683,0,ok,logs/seed_478635.log
665430,baseline,NHEFT,1,0.0,0,0,0,1.1066,1.0086,2.1152,554.7612999999986,9.6143,5,2,52,442,442,0,86.69080000000001,1.5024,33,8,253,92,42,50,68.68960306028706,1.1904,47,12,311,166,97,69,17.570669,0,ok,logs/seed_665430.log
841802,baseline,NHEFT,1,0.0,0,0,0,1.0823,1.1513,2.2336,771.0403000000002,18.1259,3,2,36,440,440,0,118.27289999999999,2.7804,37,13,216,109,42,67,72.29810162676691,1.6996,40,12,272,144,88,56,16.931726,0,ok,logs/seed_841802.log
825694,baseline,NHEFT,1,0.0,0,0,0,1.2022,0.9638,2.166,665.0416000000001,14.0136,4,2,43,469,469,0,109.94129999999998,2.3167,31,10,226,115,58,57,65.73629444796389,1.3852,45,13,303,150,87,63,23.973201,0,ok,logs/seed_825694.log
407219,baseline,NHEFT,1,0.0,0,0,0,1.1537,1.2034,2.3571,553.9103999999998,11.5138,4,2,53,422,422,0,102.06389999999999,2.1215,35,11,231,105,49,56,88.94745329835264,1.8489,46,13,289,169,107,62,21.125151,0,ok,logs/seed_407219.log
290466,baseline,NHEFT,1,0.0,0,0,0,1.2379,1.1919,2.4298,650.100600000001,20.5485,4,2,47,473,473,0,109.04550000000002,3.4467,30,10,240,112,51,61,64.13926036875397,2.0273,40,13,319,151,97,54,23.219801,0,ok,logs/seed_290466.log
797644,baseline,NHEFT,1,0.0,0,0,0,1.2232,0.9842,2.2074,544.6207000000012,13.0134,5,3,59,464,464,0,97.5213,2.3302,41,12,261,135,48,87,64.7766761560375,1.5478,48,12,313,172,98,74,18.970754,0,ok,logs/seed_797644.log
9862,baseline,NHEFT,1,0.0,0,0,0,1.1552,1.2093,2.3645,527.7480999999987,13.7148,4,2,44,442,442,0,97.625,2.537,35,10,234,108,47,61,68.60541874918565,1.7829,49,12,300,153,79,74,19.013136,0,ok,logs/seed_9862.log
435679,baseline,NHEFT,1,0.0,0,0,0,1.1954,1.1518,2.3472,557.8510999999996,13.9064,4,2,46,466,466,0,105.30850000000001,2.6252,42,12,278,150,55,95,73.6572360925137,1.8362,35,11,296,147,98,49,26.483567,0,ok,logs/seed_435679.log
743887,baseline,NHEFT,1,0.0,0,0,0,1.0582,0.9856,2.0438,663.5108000000008,15.6799,4,2,43,479,479,0,96.8468,2.2887,34,9,248,112,53,59,63.04520117703151,1.4899,52,13,326,139,88,51,24.447402,0,ok,logs/seed_743887.log
807745,baseline,NHEFT,1,0.0,0,0,0,1.2759,1.2048,2.4807,1040.8811999999987,22.7961,3,3,38,475,475,0,113.35459999999995,2.4826,43,12,256,131,37,94,68.76367987323944,1.506,47,12,315,157,92,65,23.694302,0,ok,logs/seed_807745.log
893649,baseline,NHEFT,1,0.0,0,0,0,1.2238,0.9755,2.1993,700.4510999999995,14.8035,3,2,42,434,434,0,101.56439999999996,2.1465,31,10,236,110,49,61,60.229213461538436,1.2729,42,11,286,152,84,68,15.200952,0,ok,logs/seed_893649.log
654989,baseline,NHEFT,1,0.0,0,0,0,1.3134,1.0368,2.3502,649.3283,17.534,4,2,43,451,451,0,88.0292,2.3771,35,8,260,96,44,52,75.5301157102526,2.0396,49,12,331,165,90,75,23.224901,0,ok,logs/seed_654989.log
685027,baseline,NHEFT,1,0.0,0,0,0,1.1437,1.4376,2.5813,734.6416000000004,23.0843,3,2,41,455,455,0,104.8219,3.2938,32,11,243,119,50,69,65.89433383974746,2.0706,36,10,300,153,91,62,21.456856,0,ok,logs/seed_685027.log
967091,baseline,NHEFT,1,0.0,0,0,0,1.2928,1.2205,2.5133,625.8824999999998,19.9185,4,2,43,438,438,0,99.579,3.1691,37,10,235,103,40,63,59.33089606847,1.8882,43,12,306,147,77,70,18.504306,0,ok,logs/seed_967091.log
541087,baseline,NHEFT,1,0.0,0,0,0,1.1129,0.9968,2.1097,575.7194000000006,12.9857,4,2,52,464,464,0,91.12310000000004,2.0553,42,11,272,122,54,68,66.84318669201521,1.5077,50,11,315,162,117,45,22.877543,0,ok,logs/seed_541087.log
20393,baseline,NHEFT,1,0.0,0,0,0,1.2268,1.2612,2.488,647.4762000000015,17.1213,3,2,35,447,447,0,84.57249999999998,2.2364,32,9,219,86,46,40,58.60915619738614,1.5498,36,10,277,109,73,36,17.459669,0,ok,logs/seed_20393.log
418812,baseline,NHEFT,1,0.0,0,0,0,1.2238,1.1509,2.3747,789.8669999999996,20.4478,4,2,43,474,474,0,106.59320000000001,2.7595,40,12,282,124,47,77,69.43130099999999,1.7974,49,13,324,137,89,48,21.82006,0,ok,logs/seed_418812.log
437790,baseline,NHEFT,1,0.0,0,0,0,1.4682,1.3705,2.8387,696.3209000000004,18.0752,4,2,43,478,478,0,107.13249999999998,2.781,40,13,253,126,57,69,67.47670372771475,1.7516,48,12,309,166,91,75,21.017849,0,ok,logs/seed_437790.log
855359,baseline,NHEFT,1,0.0,0,0,0,1.2544,1.2836,2.538,710.0844999999991,18.6272,3,2,42,460,460,0,103.73200000000003,2.7211,28,8,230,91,48,43,64.70576154545455,1.6974,48,12,308,148,72,76,18.328805,0,ok,logs/seed_855359.log
510703,baseline,NHEFT,1,0.0,0,0,0,1.262,1.3699,2.6319,732.8108999999997,18.127,6,3,56,458,458,0,116.06780000000005,2.8711,29,9,236,97,54,43,65.88653256259067,1.6298,40,11,299,146,84,62,23.841147,0,ok,logs/seed_510703.log
949250,baseline,NHEFT,1,0.0,0,0,0,1.2391,1.3939,2.633,598.5816999999992,18.8587,5,2,47,434,434,0,106.42499999999995,3.353,37,9,236,101,56,45,74.85680374226803,2.3584,60,15,310,166,87,79,20.674302,0,ok,logs/seed_949250.log
123134,baseline,NHEFT,1,0.0,0,0,0,1.1494,1.2635,2.4129,674.7707999999993,20.5757,4,3,56,478,478,0,118.23259999999999,3.6053,33,9,232,104,54,50,64.11758590566039,1.9551,44,12,309,133,84,49,22.212154,0,ok,logs/seed_123134.log
90939,baseline,NHEFT,1,0.0,0,0,0,1.1369,1.2089,2.3458,677.9871000000004,17.1961,5,2,44,477,477,0,111.68490000000003,2.8327,41,10,264,126,58,68,78.76748815655542,1.9978,45,13,320,172,96,76,17.199957,0,ok,logs/seed_90939.log
309305,baseline,NHEFT,1,0.0,0,0,0,1.1343,1.2051,2.3394,548.1862999999983,14.7458,4,2,61,463,463,0,94.74619999999999,2.5486,46,13,294,131,43,88,67.24290400000001,1.8088,44,11,310,158,95,63,20.092524,0,ok,logs/seed_309305.log
329467,baseline,NHEFT,1,0.0,0,0,0,1.1951,1.1307,2.3258,548.0145000000006,17.6735,5,3,60,432,432,0,91.84719999999999,2.9621,34,8,247,96,44,52,60.76468844081418,1.9597,48,11,290,159,91,68,20.677535,0,ok,logs/seed_329467.log
357848,baseline,NHEFT,1,0.0,0,0,0,1.1875,1.0725,2.26,542.4962999999999,17.0013,5,3,59,435,435,0,97.44999999999999,3.054,28,8,223,80,36,44,60.34079241247941,1.891,39,9,288,142,81,61,19.935491,0,ok,logs/seed_357848.log
575107,baseline,NHEFT,1,0.0,0,0,0,1.1802,1.009,2.1892,787.0408000000007,22.2882,4,3,55,456,456,0,109.65960000000003,3.1054,36,8,242,106,46,60,70.36466580226906,1.9927,47,13,313,164,99,65,22.609984,0,ok,logs/seed_575107.log
672485,baseline,NHEFT,1,0.0,0,0,0,1.1916,1.1104,2.302,565.8967000000007,17.5063,6,3,59,429,429,0,84.8801,2.6258,33,9,262,97,47,50,63.056526008852856,1.9507,55,13,313,157,88,69,20.181465,0,ok,logs/seed_672485.log
454637,baseline,NHEFT,1,0.0,0,0,0,0.9934,0.9188,1.9122,637.7805000000016,12.3548,4,2,54,460,460,0,100.6124,1.949,33,8,261,115,49,66,81.45254776119403,1.5779,44,11,302,156,100,56,19.789281,0,ok,logs/seed_454637.log
178460,baseline,NHEFT,1,0.0,0,0,0,1.1263,0.9457,2.072,889.0479000000023,18.1829,3,2,49,510,510,0,132.3697,2.7072,42,11,270,126,50,76,81.47061810096578,1.6662,43,10,319,140,87,53,24.017264,0,ok,logs/seed_178460.log
69629,baseline,NHEFT,1,0.0,0,0,0,1.2566,1.1872,2.4438,842.3723999999985,18.6315,4,2,43,495,495,0,109.72609999999997,2.4269,24,7,219,88,50,38,76.69727812018492,1.6964,43,10,308,161,87,74,23.93757,0,ok,logs/seed_69629.log
406305,baseline,NHEFT,1,0.0,0,0,0,1.2945,1.0824,2.3769,743.8533999999994,20.0076,3,2,42,455,455,0,109.77899999999998,2.9528,39,9,241,106,48,58,74.08142007317075,1.9926,36,9,310,141,96,45,19.908765,0,ok,logs/seed_406305.log
310214,baseline,NHEFT,1,0.0,0,0,0,1.2325,1.2579,2.4904,574.0028000000004,17.7453,4,2,48,431,431,0,108.7726,3.3627,31,9,240,115,49,66,68.71394905882352,2.1243,35,9,277,154,100,54,18.890932,0,ok,logs/seed_310214.log
494212,baseline,NHEFT,1,0.0,0,0,0,1.0759,1.1996,2.2755,638.5774,13.8903,4,3,53,448,448,0,93.93920000000001,2.0434,41,10,261,103,47,56,71.44422945528456,1.5541,48,11,311,171,105,66,21.884011,0,ok,logs/seed_494212.log
413922,baseline,NHEFT,1,0.0,0,0,0,1.2066,1.081,2.2876,623.8897999999994,18.4805,3,2,42,475,475,0,87.33579999999998,2.587,39,11,268,105,50,55,68.84049999999999,2.0392,41,11,302,128,93,35,21.119332,0,ok,logs/seed_413922.log
342318,baseline,NHEFT,1,0.0,0,0,0,1.137,0.9132,2.0502,620.0124000000002,14.3845,4,2,46,461,461,0,101.44609999999997,2.3536,47,12,286,130,54,76,75.51045832448528,1.7519,57,13,333,180,109,71,26.123233,0,ok,logs/seed_342318.log
98584,baseline,NHEFT,1,0.0,0,0,0,1.0959,1.097,2.1929,516.8491999999997,14.3867,4,2,62,458,458,0,99.4234,2.7675,32,8,262,93,42,51,62.65759971671389,1.7441,54,11,321,170,88,82,20.552378,0,ok,logs/seed_98584.log
300148,baseline,NHEFT,1,0.0,0,0,0,1.2221,1.234,2.4561,607.3686000000006,13.3893,3,2,42,423,423,0,94.35909999999997,2.0801,37,10,220,103,42,61,63.52161378689941,1.4003,38,10,276,120,75,45,18.398212,0,ok,logs/seed_300148.log
126455,baseline,NHEFT,1,0.0,0,0,0,1.1686,1.0885,2.2571,806.7259000000017,26.2238,4,3,48,466,466,0,101.67150000000002,3.305,42,10,256,94,43,51,67.01265469127519,2.1783,47,10,322,167,78,89,23.167804,0,ok,logs/seed_126455.log
565222,baseline,NHEFT,1,0.0,0,0,0,1.2068,1.1115,2.3183,728.4934999999983,14.2189,3,2,42,462,462,0,104.29849999999996,2.0357,33,10,254,109,48,61,68.46261528571429,1.3363,48,14,318,162,90,72,19.547904,0,ok,logs/seed_565222.log
239697,baseline,NHEFT,1,0.0,0,0,0,1.1775,1.2619,2.4394,583.7771999999999,13.7603,4,2,44,466,466,0,88.30560000000001,2.0815,31,7,248,86,49,37,68.75378186232874,1.6206,49,11,311,149,91,58,23.545146,0,ok,logs/seed_239697.log
919700,baseline,NHEFT,1,0.0,0,0,0,1.3048,1.2453,2.5501,651.7864999999998,17.7858,5,3,62,457,457,0,113.36360000000003,3.0934,35,9,254,111,49,62,63.2636373139683,1.7263,50,14,333,149,74,75,23.824795,0,ok,logs/seed_919700.log
924776,baseline,NHEFT,1,0.0,0,0,0,1.1259,0.8165,1.9424,502.9491999999997,13.9118,4,2,48,424,424,0,81.3455,2.2501,32,11,228,103,48,55,56.54478864044945,1.5641,41,11,281,141,94,47,19.574418,0,ok,logs/seed_924776.log
960470,baseline,NHEFT,1,0.0,0,0,0,1.1694,0.9047,2.0741,958.7661000000004,21.9918,4,3,43,445,445,0,110.8868,2.5435,50,14,250,124,41,83,75.6784802783588,1.7359,43,10,290,150,101,49,22.691528,0,ok,logs/seed_960470.log
8986,baseline,NHEFT,1,0.0,0,0,0,1.1861,1.4948,2.6809,589.2929000000004,17.7544,4,2,60,463,463,0,105.81329999999997,3.188,26,7,246,96,50,46,75.2178898573954,2.2662,42,10,310,157,91,66,24.495594,0,ok,logs/seed_8986.log
837970,baseline,NHEFT,1,0.0,0,0,0,1.1377,1.2117,2.3494,540.9882000000006,14.9668,4,2,57,470,470,0,90.1174,2.4932,46,14,279,130,50,80,69.43829576271187,1.9211,48,12,312,160,100,60,22.853277,0,ok,logs/seed_837970.log
445997,baseline,NHEFT,1,0.0,0,0,0,1.124,1.1018,2.2258,622.6983000000017,15.5105,4,2,43,448,448,0,109.58930000000004,2.7297,32,9,219,94,44,50,70.4820979072165,1.7556,34,9,276,118,76,42,19.112371,0,ok,logs/seed_445997.log
415494,baseline,NHEFT,1,0.0,0,0,0,1.0953,1.1923,2.2876,556.8728000000012,12.5631,5,3,62,473,473,0,91.10430000000002,2.0553,35,8,270,97,47,50,77.64647025411793,1.7517,49,12,321,164,96,68,18.882429,0,ok,logs/seed_415494.log
129849,baseline,NHEFT,1,0.0,0,0,0,1.3248,1.1068,2.4316,596.3366999999996,19.1086,4,3,52,456,456,0,90.9126,2.9131,39,9,263,118,48,70,66.34137445742903,2.1258,43,11,306,119,76,43,18.832245,0,ok,logs/seed_129849.log
708068,baseline,NHEFT,1,0.0,0,0,0,1.1274,1.25,2.3774,867.2143000000011,21.2316,3,2,40,467,467,0,130.80800000000002,3.2025,34,11,231,115,52,63,83.3281237657573,2.0401,41,11,281,138,80,58,21.097652,0,ok,logs/seed_708068.log
238574,baseline,NHEFT,1,0.0,0,0,0,1.195,1.1062,2.3012,573.1391999999998,11.6531,5,3,48,468,468,0,98.64490000000004,2.0056,34,10,252,108,51,57,68.71827066608712,1.3972,48,12,311,141,90,51,22.315328,0,ok,logs/seed_238574.log
556369,baseline,NHEFT,1,0.0,0,0,0,1.1079,1.1861,2.294,536.5051999999986,16.0799,4,2,57,478,478,0,101.4183,3.0397,36,10,269,110,48,62,65.94094568412943,1.9764,53,12,303,174,96,78,24.237809,0,ok,logs/seed_556369.log
100974,baseline,NHEFT,1,0.0,0,0,0,1.2387,1.2688,2.5075,691.5693999999996,25.0204,4,2,33,460,460,0,93.70250000000001,3.3901,36,10,224,96,47,49,64.23890576190476,2.3241,46,10,294,129,81,48,19.06072,0,ok,logs/seed_100974.log
539817,baseline,NHEFT,1,0.0,0,0,0,1.2358,1.3336,2.5694,458.0858000000006,11.8055,4,2,43,418,418,0,82.3421,2.1221,32,9,218,110,49,61,66.02732810175569,1.7016,46,13,285,152,95,57,21.953195,0,ok,logs/seed_539817.log
877980,baseline,NHEFT,1,0.0,0,0,0,1.2436,1.0931,2.3367,558.0985000000012,15.6994,3,2,41,478,478,0,82.1521,2.311,35,9,249,106,46,60,61.46065907756309,1.7289,44,12,321,173,94,79,24.054787,0,ok,logs/seed_877980.log
104840,baseline,NHEFT,1,0.0,0,0,0,1.2249,1.0657,2.2906,594.7716,11.5854,4,2,60,457,457,0,130.21640000000002,2.5364,28,10,226,110,50,60,93.26558662501368,1.8167,41,11,288,165,108,57,23.265198,0,ok,logs/seed_104840.log
17893,baseline,NHEFT,1,0.0,0,0,0,1.1578,1.0188,2.1766,618.0095000000002,14.7573,4,2,43,462,462,0,98.94980000000002,2.3628,37,12,240,117,51,66,68.44026970302234,1.6343,42,12,296,136,91,45,26.070155,0,ok,logs/seed_17893.log
915164,baseline,NHEFT,1,0.0,0,0,0,1.1712,1.124,2.2952,713.5442999999999,22.7167,5,3,52,475,475,0,107.51799999999997,3.423,41,13,257,123,45,78,66.7926799322608,2.1264,48,12,322,147,81,66,26.283055,0,ok,logs/seed_915164.log
423820,baseline,NHEFT,1,0.0,0,0,0,1.3743,1.6722,3.0465,587.4174999999991,12.1048,4,2,60,450,450,0,99.74579999999997,2.0554,33,9,251,91,47,44,91.5404433561644,1.8864,47,10,316,173,99,74,21.010774,0,ok,logs/seed_423820.log
27065,baseline,NHEFT,1,0.0,0,0,0,1.0969,1.1426,2.2395,653.9884,17.4316,5,3,49,450,450,0,96.5872,2.5745,38,11,259,108,44,64,71.55189600674764,1.9072,42,12,296,145,82,63,23.295299,0,ok,logs/seed_27065.log
437214,baseline,NHEFT,1,0.0,0,0,0,1.1427,1.3592,2.5019,691.4840999999998,18.889,3,2,42,474,474,0,100.24700000000001,2.7384,27,9,233,97,50,47,74.1389775063825,2.0252,51,11,314,160,92,68,25.05514,0,ok,logs/seed_437214.log
832443,baseline,NHEFT,1,0.0,0,0,0,1.1325,0.9678,2.1003,725.1564,13.451,5,3,45,478,478,0,96.65830000000003,1.7929,33,10,262,115,53,62,74.38421985881762,1.3798,43,11,315,161,115,46,22.73252,0,ok,logs/seed_832443.log
193554,baseline,NHEFT,1,0.0,0,0,0,1.3049,1.0273,2.3322,713.3448999999994,19.5766,3,2,48,446,446,0,95.05160000000001,2.6085,38,13,239,111,51,60,60.1220068731642,1.65,45,10,318,172,113,59,20.107711,0,ok,logs/seed_193554.log
312935,baseline,NHEFT,1,0.0,0,0,0,1.1607,1.3664,2.5271,690.8771000000016,24.1857,3,2,42,460,460,0,103.25629999999998,3.6147,31,9,241,95,45,50,72.37651069565217,2.5337,41,10,305,148,78,70,20.004333,0,ok,logs/seed_312935.log
518996,baseline,NHEFT,1,0.0,0,0,0,1.0783,1.1042,2.1825,700.322700000001,11.787,4,2,47,460,460,0,113.48089999999999,1.91,35,10,229,87,41,46,86.8381675889328,1.4616,41,11,280,134,83,51,19.15338,0,ok,logs/seed_518996.log
94901,baseline,NHEFT,1,0.0,0,0,0,1.2455,1.1428,2.3883,602.8017999999994,13.7919,3,2,42,460,460,0,85.3182,1.952,32,9,245,99,46,53,62.86324903233256,1.4383,41,10,299,140,95,45,22.415014,0,ok,logs/seed_94901.log
960816,baseline,NHEFT,1,0.0,0,0,0,1.1903,1.1037,2.294,967.2089000000003,21.2546,5,3,37,468,468,0,107.708,2.3669,33,8,242,102,42,60,68.37558189050385,1.5026,43,10,312,139,91,48,18.730008,0,ok,logs/seed_960816.log
171234,baseline,NHEFT,1,0.0,0,0,0,1.2253,1.2654,2.4907,542.3696000000007,14.6487,5,3,48,449,449,0,82.95870000000002,2.2406,31,6,257,78,45,33,65.22791250555098,1.7617,56,11,307,155,96,59,24.957402,0,ok,logs/seed_171234.log
448214,baseline,NHEFT,1,0.0,0,0,0,1.3111,1.3226,2.6337,574.0042000000008,14.2702,4,2,59,480,480,0,94.0936,2.3392,37,12,281,107,49,58,70.45651556091676,1.7516,48,11,326,160,101,59,23.874985,0,ok,logs/seed_448214.log
752309,baseline,NHEFT,1,0.0,0,0,0,1.2254,1.3678,2.5932,523.6183000000021,13.1108,3,2,42,477,477,0,79.06590000000001,1.9797,28,9,228,84,43,41,63.56489033130797,1.5916,43,11,293,131,85,46,20.786251,0,ok,logs/seed_752309.log
398469,baseline,NHEFT,1,0.0,0,0,0,1.1425,1.4284,2.5709,552.7306999999997,14.1629,3,2,42,432,432,0,96.383,2.4697,31,7,222,93,46,47,71.304673348659,1.8271,42,12,297,152,93,59,19.749765,0,ok,logs/seed_398469.log
345867,baseline,NHEFT,1,0.0,0,0,0,1.1493,0.8925,2.0418,492.4625000000005,12.2368,5,2,50,466,466,0,83.05160000000001,2.0637,37,11,262,107,49,58,58.480436182464445,1.4531,39,9,308,152,91,61,18.886854,0,ok,logs/seed_345867.log
434909,baseline,NHEFT,1,0.0,0,0,0,1.2598,1.0886,2.3484,579.3102000000008,11.3356,3,2,42,453,453,0,93.59930000000001,1.8315,33,11,240,109,48,61,64.10233287531422,1.2543,40,11,305,150,90,60,18.472476,0,ok,logs/seed_434909.log
618745,baseline,NHEFT,1,0.0,0,0,0,1.1235,1.1685,2.292,482.322299999999,13.0658,4,2,50,455,455,0,87.95240000000001,2.3826,33,12,245,106,46,60,69.48057138917282,1.8822,55,14,333,176,100,76,21.522554,0,ok,logs/seed_618745.log
86680,baseline,NHEFT,1,0.0,0,0,0,1.2157,1.4386,2.6543,671.1347999999991,17.7789,3,2,41,436,436,0,101.4184,2.6867,28,6,225,82,44,38,83.25755468164795,2.2056,41,10,291,142,87,55,20.904934,0,ok,logs/seed_86680.log
406773,baseline,NHEFT,1,0.0,0,0,0,1.3036,1.3136,2.6172,707.5477000000008,17.4642,4,2,42,483,483,0,100.56660000000002,2.4823,27,8,219,89,50,39,70.42105978713909,1.7382,39,12,317,140,84,56,20.358411,0,ok,logs/seed_406773.log
953452,baseline,NHEFT,1,0.0,0,0,0,1.2797,0.9774,2.2571,544.8655999999988,15.5474,4,2,43,461,461,0,84.56530000000002,2.413,38,9,235,98,48,50,58.03889676587795,1.6561,48,13,300,145,97,48,19.188878,0,ok,logs/seed_953452.log
869272,baseline,NHEFT,1,0.0,0,0,0,1.3326,1.2134,2.546,750.2997999999995,17.8808,4,3,54,436,436,0,119.75079999999998,2.8538,37,11,249,109,48,61,66.11545151206985,1.5756,52,13,307,154,80,74,17.13163,0,ok,logs/seed_869272.log
215885,baseline,NHEFT,1,0.0,0,0,0,1.136,0.9795,2.1155,601.1045999999994,15.0841,2,1,42,456,456,0,91.65749999999998,2.3001,29,7,228,94,51,43,70.75333819776392,1.7755,46,11,295,136,82,54,20.280933,0,ok,logs/seed_215885.log
996183,baseline,NHEFT,1,0.0,0,0,0,1.2762,1.2131,2.4893,613.359,16.1022,4,2,43,437,437,0,94.57699999999998,2.4829,32,8,231,91,47,44,59.63430557076994,1.5655,42,12,285,142,90,52,18.86547,0,ok,logs/seed_996183.log
310239,baseline,NHEFT,1,0.0,0,0,0,1.2762,1.2314,2.5076,679.1532000000001,17.4258,4,2,45,450,450,0,104.43140000000002,2.6795,35,12,256,109,47,62,63.55519230434783,1.6307,41,11,307,138,91,47,18.928494,0,ok,logs/seed_310239.log
819226,baseline,NHEFT,1,0.0,0,0,0,1.2758,1.5114,2.7872,475.00010000000066,13.3926,4,2,58,464,464,0,89.5122,2.5238,26,6,241,72,47,25,77.36640437154149,2.1813,54,14,307,164,93,71,19.715945,0,ok,logs/seed_819226.log
253184,baseline,NHEFT,1,0.0,0,0,0,1.2823,1.4839,2.7662,619.5143000000003,16.6629,4,2,55,440,440,0,105.7471,2.8442,30,11,237,111,47,64,81.04480938967134,2.1798,38,10,272,132,91,41,20.702551,0,ok,logs/seed_253184.log
832005,baseline,NHEFT,1,0.0,0,0,0,0.9434,0.9195,1.8629,785.7614000000009,18.2745,5,3,51,461,461,0,107.5255,2.5007,40,12,258,103,43,60,71.75212409364735,1.6687,50,11,311,142,86,56,22.205759,0,ok,logs/seed_832005.log
623964,baseline,NHEFT,1,0.0,0,0,0,1.1123,1.1054,2.2177,940.8858000000015,27.5322,5,4,38,446,446,0,116.35789999999999,3.4049,29,9,219,92,45,47,68.35052868109835,2.0001,42,11,298,146,79,67,18.52492,0,ok,logs/seed_623964.log
57627,baseline,NHEFT,1,0.0,0,0,0,1.077,0.9741,2.0511,578.1607000000006,11.6654,4,2,59,482,482,0,117.34309999999998,2.3676,40,9,254,112,59,53,85.04442342605702,1.7159,44,10,310,163,103,60,22.921145,0,ok,logs/seed_57627.log
185144,baseline,NHEFT,1,0.0,0,0,0,1.1426,1.0082,2.1508,774.5940000000005,22.8687,3,2,41,436,436,0,108.9904,3.2178,27,8,227,81,42,39,71.91852749843832,2.1233,38,10,300,137,82,55,18.470886,0,ok,logs/seed_185144.log
642703,baseline,NHEFT,1,0.0,0,0,0,1.1581,1.4464,2.6045,657.0015000000009,17.3409,3,2,42,473,473,0,108.23959999999998,2.8569,31,10,231,98,49,49,68.34740426343137,1.804,37,10,291,137,85,52,18.97517,0,ok,logs/seed_642703.log
904483,baseline,NHEFT,1,0.0,0,0,0,1.1036,1.1281,2.2317,595.7160000000015,16.3377,4,2,62,470,470,0,102.90919999999998,2.8223,42,10,283,112,54,58,75.86965022279792,2.0807,53,13,323,181,104,77,24.4829,0,ok,logs/seed_904483.log
90576,baseline,NHEFT,1,0.0,0,0,0,1.2356,1.1751,2.4107,871.1259000000018,23.274,5,4,62,467,467,0,113.08259999999999,3.0212,40,12,273,131,45,86,74.73152277992277,1.9966,46,11,328,162,108,54,23.536398,0,ok,logs/seed_90576.log
613945,baseline,NHEFT,1,0.0,0,0,0,1.3022,1.408,2.7102,715.9845000000007,20.4413,5,3,57,465,465,0,112.55050000000004,3.2133,37,9,229,104,58,46,69.27935716438354,1.9779,46,13,307,163,89,74,22.951274,0,ok,logs/seed_613945.log
703583,baseline,NHEFT,1,0.0,0,0,0,1.213,1.3399,2.5529,670.1154,23.8791,3,2,41,457,457,0,102.3725,3.648,28,8,233,98,47,51,64.53102647531993,2.2995,47,11,313,160,92,68,21.006835,0,ok,logs/seed_703583.log
666965,baseline,NHEFT,1,0.0,0,0,0,1.1507,1.1461,2.2968,698.4357000000011,19.0704,5,3,44,469,469,0,100.1009,2.7332,45,10,257,115,49,66,64.06074963179786,1.7491,46,11,319,135,79,56,20.899209,0,ok,logs/seed_666965.log
78867,baseline,NHEFT,1,0.0,0,0,0,1.1964,0.9911,2.1875,555.4436999999988,13.7956,4,2,48,462,462,0,84.4972,2.0987,38,9,266,104,48,56,61.925783916083915,1.5381,52,12,320,166,97,69,20.27096,0,ok,logs/seed_78867.log
249211,baseline,NHEFT,1,0.0,0,0,0,1.2368,1.3347,2.5715,670.8797000000008,15.9479,3,1,43,484,484,0,103.552,2.4616,40,13,266,123,49,74,72.7842783094099,1.7302,46,10,324,176,101,75,21.339738,0,ok,logs/seed_249211.log
993304,baseline,NHEFT,1,0.0,0,0,0,1.3085,1.3762,2.6847,790.3044999999988,23.6479,5,3,50,470,470,0,104.39570000000003,3.1238,36,9,258,105,53,52,66.29576193031359,1.9837,54,11,324,179,105,74,21.994563,0,ok,logs/seed_993304.log
677640,baseline,NHEFT,1,0.0,0,0,0,1.2085,0.9246,2.1331,848.2730000000028,24.8761,3,3,38,463,463,0,104.97959999999998,3.0786,39,10,245,92,45,47,64.16319041063515,1.8816,41,11,322,161,100,61,22.649484,0,ok,logs/seed_677640.log
807304,baseline,NHEFT,1,0.0,0,0,0,1.1223,1.2561,2.3784,515.6621000000013,15.7766,5,2,63,463,463,0,99.74860000000001,3.0518,33,9,249,94,46,48,68.72959694312911,2.1028,51,11,309,153,84,69,17.873912,0,ok,logs/seed_807304.log
901569,baseline,NHEFT,1,0.0,0,0,0,1.1102,1.3042,2.4144,610.429599999999,14.0632,3,2,42,474,474,0,94.1421,2.1689,34,9,240,98,50,48,67.89242880861237,1.5641,54,15,333,178,88,90,21.53406,0,ok,logs/seed_901569.log
578684,baseline,NHEFT,1,0.0,0,0,0,1.1382,1.3084,2.4466,645.5370000000005,16.2963,4,2,44,453,453,0,93.90960000000001,2.3707,31,7,240,95,50,45,75.77460523456789,1.9129,43,12,293,149,98,51,18.671647,0,ok,logs/seed_578684.log
40789,baseline,NHEFT,1,0.0,0,0,0,1.1398,1.3848,2.5246,614.5453999999992,17.2436,4,2,44,473,473,0,96.29729999999998,2.702,36,7,266,90,51,39,66.77492192828686,1.8736,52,11,321,137,73,64,21.145512,0,ok,logs/seed_40789.log
514538,baseline,NHEFT,1,0.0,0,0,0,1.028,1.1979,2.2259,557.9012999999986,14.0032,5,2,46,425,425,0,89.2881,2.2411,33,9,245,106,50,56,69.05410273775672,1.7332,35,10,283,131,88,43,17.944341,0,ok,logs/seed_514538.log
578723,baseline,NHEFT,1,0.0,0,0,0,1.1826,1.3141,2.4967,862.8502999999995,22.9705,4,2,39,448,448,0,117.29270000000001,3.1225,30,11,213,92,46,46,71.12027212543553,1.8933,45,13,295,140,77,63,19.16643,0,ok,logs/seed_578723.log
628956,baseline,NHEFT,1,0.0,0,0,0,1.3147,1.267,2.5817,604.0808999999985,14.453,7,3,58,448,448,0,97.78629999999998,2.3396,33,9,227,86,53,33,61.32014020930233,1.4671,50,11,308,151,89,62,19.282622,0,ok,logs/seed_628956.log
780144,baseline,NHEFT,1,0.0,0,0,0,1.2626,1.122,2.3846,677.1631999999998,18.5718,3,2,42,454,454,0,110.68060000000001,3.0355,38,12,245,142,47,95,70.06721467315234,1.9217,40,11,302,153,91,62,18.463821,0,ok,logs/seed_780144.log
334837,baseline,NHEFT,1,0.0,0,0,0,1.1626,1.0322,2.1948,585.9692999999993,15.3456,4,2,44,429,429,0,93.77810000000001,2.4559,36,9,235,106,45,61,66.38797081132076,1.7386,43,11,299,145,89,56,19.987483,0,ok,logs/seed_334837.log
891279,baseline,NHEFT,1,0.0,0,0,0,1.1239,1.2707,2.3946,609.3748000000005,17.7981,5,3,62,468,468,0,99.87229999999998,2.917,31,7,256,87,42,45,67.80580981542352,1.9804,54,13,324,167,91,76,20.288401,0,ok,logs/seed_891279.log
345873,baseline,NHEFT,1,0.0,0,0,0,1.3197,1.2338,2.5535,544.3320000000006,14.7334,3,2,42,436,436,0,88.30339999999998,2.3901,29,7,209,87,53,34,59.85090496650822,1.62,39,11,281,131,76,55,16.516758,0,ok,logs/seed_345873.log
623016,baseline,NHEFT,1,0.0,0,0,0,1.3928,1.617,3.0098,809.0357999999998,27.4695,4,3,50,437,437,0,108.2971,3.6771,35,10,252,109,51,58,68.09489839342558,2.3121,58,14,314,180,90,90,19.922194,0,ok,logs/seed_623016.log
956557,baseline,NHEFT,1,0.0,0,0,0,1.207,1.0971,2.3041,717.143099999999,21.5037,6,3,48,441,441,0,107.80130000000001,3.2325,40,12,223,124,56,68,63.83837859476017,1.9142,44,11,282,157,103,54,18.837975,0,ok,logs/seed_956557.log
911304,baseline,NHEFT,1,0.0,0,0,0,1.0848,1.0832,2.168,581.8168999999998,13.8149,5,3,49,481,481,0,96.36819999999999,2.2882,33,10,241,119,56,63,73.61334949527085,1.7479,37,12,318,160,104,56,19.255193,0,ok,logs/seed_911304.log
468687,baseline,NHEFT,1,0.0,0,0,0,1.1657,1.0955,2.2612,618.3329000000011,19.4651,4,2,44,463,463,0,95.39320000000001,3.003,35,8,256,104,56,48,63.57943861935074,2.0015,54,14,338,187,107,80,19.838633,0,ok,logs/seed_468687.log
312412,baseline,NHEFT,1,0.0,0,0,0,1.2011,1.0105,2.2116,626.4164999999999,11.1661,4,2,43,452,452,0,103.97640000000004,1.8534,24,6,226,87,46,41,73.56255747341265,1.3113,34,9,279,116,78,38,19.448113,0,ok,logs/seed_312412.log
111575,baseline,NHEFT,1,0.0,0,0,0,1.0869,1.1934,2.2803,632.1561000000002,16.1312,4,2,53,448,448,0,103.91990000000003,2.6518,33,7,236,83,43,40,70.84213465346537,1.8077,39,10,280,142,86,56,22.366893,0,ok,logs/seed_111575.log
974625,baseline,NHEFT,1,0.0,0,0,0,1.343,1.1717,2.5147,533.0836000000018,17.1598,3,2,41,460,460,0,71.08989999999997,2.2884,33,8,233,82,43,39,56.85415779467681,1.8301,43,12,303,152,94,58,19.784623,0,ok,logs/seed_974625.log
281753,baseline,NHEFT,1,0.0,0,0,0,1.1892,1.3492,2.5384,524.6672999999998,12.1965,5,2,57,470,470,0,92.88669999999998,2.1593,37,10,263,117,49,68,68.97801806021172,1.6035,46,9,325,144,92,52,20.474607,0,ok,logs/seed_281753.log
844027,baseline,NHEFT,1,0.0,0,0,0,1.1982,1.0706,2.2688,678.7839999999987,16.5748,4,2,45,464,464,0,110.49800000000002,2.6982,44,14,263,134,49,85,71.51049873417722,1.7462,53,14,321,174,104,70,25.447077,0,ok,logs/seed_844027.log
631749,baseline,NHEFT,1,0.0,0,0,0,1.1469,1.0618,2.2087,585.9054,13.1087,4,2,56,443,443,0,108.57069999999996,2.4291,35,9,251,119,55,64,68.1663168224299,1.5251,45,12,301,163,109,54,23.450359,0,ok,logs/seed_631749.log
126909,baseline,NHEFT,1,0.0,0,0,0,1.222,1.0104,2.2324,635.0740999999986,17.9312,3,2,40,441,441,0,94.6072,2.6712,38,9,242,107,51,56,56.246592696322665,1.5881,47,10,303,155,105,50,19.914802,0,ok,logs/seed_126909.log
347245,baseline,NHEFT,1,0.0,0,0,0,1.1576,1.36,2.5176,559.6007000000006,14.1248,4,2,62,464,464,0,110.1592,2.7805,36,10,244,108,46,62,72.22627855132919,1.823,45,11,316,158,96,62,29.046254,0,ok,logs/seed_347245.log
932428,baseline,NHEFT,1,0.0,0,0,0,1.3125,1.1628,2.4753,688.8332000000008,19.3376,3,2,42,484,484,0,100.23549999999997,2.8139,35,10,232,101,51,50,66.13841249304677,1.8567,48,12,325,155,101,54,25.419174,0,ok,logs/seed_932428.log
543938,baseline,NHEFT,1,0.0,0,0,0,1.2238,1.2767,2.5005,578.4751000000005,15.0952,4,2,54,420,420,0,106.99669999999999,2.7921,36,11,235,95,48,47,79.46708019130483,2.0737,51,13,291,180,91,89,18.385705,0,ok,logs/seed_543938.log
83676,baseline,NHEFT,1,0.0,0,0,0,1.2945,1.1282,2.4227,672.5549999999995,17.1645,4,2,38,438,438,0,105.64139999999999,2.6961,37,9,207,117,54,63,72.48046415789474,1.8498,39,11,272,144,91,53,21.818393,0,ok,logs/seed_83676.log
150986,baseline,NHEFT,1,0.0,0,0,0,1.0695,1.1244,2.1939,654.4065999999991,17.4979,4,2,44,456,456,0,97.95870000000002,2.6193,32,7,252,95,46,49,75.95897586646736,2.031,56,13,313,174,84,90,20.170908,0,ok,logs/seed_150986.log
661946,baseline,NHEFT,1,0.0,0,0,0,1.0059,0.9868,1.9927,621.0535999999998,13.8042,6,3,64,451,451,0,110.0063,2.4451,39,11,254,113,38,75,94.11095417139002,2.0918,46,11,295,149,93,56,18.288385,0,ok,logs/seed_661946.log
328690,baseline,NHEFT,1,0.0,0,0,0,1.0752,1.0135,2.0887,532.6417999999993,14.8556,4,2,58,458,458,0,96.29400000000003,2.6857,31,8,253,105,48,57,67.05974816753925,1.8703,42,12,311,159,101,58,20.830396,0,ok,logs/seed_328690.log
333147,baseline,NHEFT,1,0.0,0,0,0,1.1564,0.9263,2.0827,681.524200000001,18.2387,3,2,42,461,461,0,103.32540000000002,2.7652,31,9,215,96,49,47,59.37199813690874,1.5889,39,10,301,142,91,51,18.507969,0,ok,logs/seed_333147.log
880442,baseline,NHEFT,1,0.0,0,0,0,1.1916,1.2863,2.4779,545.0869000000004,15.247,4,2,43,441,441,0,93.67360000000001,2.6202,31,9,235,102,48,54,69.84502232998746,1.9537,40,10,288,131,85,46,14.592418,0,ok,logs/seed_880442.log
790811,baseline,NHEFT,1,0.0,0,0,0,1.1973,0.9475,2.1448,540.1179999999995,16.774,4,2,56,478,478,0,82.6355,2.5663,40,11,282,114,52,62,52.527294588500574,1.6313,53,14,334,177,105,72,24.383364,0,ok,logs/seed_790811.log
894789,baseline,NHEFT,1,0.0,0,0,0,1.3772,1.0434,2.4206,549.5704000000005,14.6279,7,3,67,424,424,0,95.45970000000001,2.5408,42,12,259,132,44,88,61.85773423255814,1.6465,42,10,282,151,107,44,16.86532,0,ok,logs/seed_894789.log
774609,baseline,NHEFT,1,0.0,0,0,0,1.1793,0.9657,2.145,645.5181,20.4222,3,2,40,470,470,0,96.36820000000003,3.0488,40,11,245,112,47,65,62.63051186396942,1.9814,50,12,327,165,103,62,20.373834,0,ok,logs/seed_774609.log
938046,baseline,NHEFT,1,0.0,0,0,0,1.1987,1.2264,2.4251,787.252200000002,17.1452,3,2,38,460,460,0,129.26819999999998,2.8153,29,10,197,113,47,66,65.0466491017964,1.4166,45,11,307,164,87,77,21.18915,0,ok,logs/seed_938046.log
679612,baseline,NHEFT,1,0.0,0,0,0,1.1683,1.3044,2.4727,693.2454999999992,18.0716,3,2,42,438,438,0,123.48060000000001,3.2189,29,10,199,106,46,60,69.66400082425308,1.816,38,10,276,143,80,63,15.659901,0,ok,logs/seed_679612.log
718594,baseline,NHEFT,1,0.0,0,0,0,1.3018,1.1786,2.4804,424.2475999999992,10.593,3,1,58,424,424,0,78.4036,1.9576,32,8,245,98,48,50,76.87569695282528,1.9195,43,11,288,157,96,61,15.130888,0,ok,logs/seed_718594.log
453524,baseline,NHEFT,1,0.0,0,0,0,0.9533,1.3065,2.2598,602.2890999999995,18.4496,4,2,53,444,444,0,100.66500000000002,3.0836,26,7,235,80,43,37,74.66594455943455,2.2872,37,10,280,132,83,49,20.374477,0,ok,logs/seed_453524.log
690475,baseline,NHEFT,1,0.0,0,0,0,1.2347,1.4456,2.6803,515.5528999999999,15.3315,5,2,51,453,453,0,80.4523,2.3925,35,7,269,97,44,53,72.64634288759774,2.1604,46,10,308,142,96,46,19.858765,0,ok,logs/seed_690475.log
276650,baseline,NHEFT,1,0.0,0,0,0,1.2069,1.3023,2.5092,705.9499999999999,17.3547,4,2,49,461,461,0,103.0636,2.5337,32,7,227,94,51,43,69.48940203515264,1.7083,54,12,327,178,96,82,22.422233,0,ok,logs/seed_276650.log
117981,baseline,NHEFT,1,0.0,0,0,0,1.2656,1.5155,2.7811,554.6608999999994,17.0721,4,2,44,462,462,0,95.35409999999997,2.9349,38,13,248,120,45,75,66.78673174912592,2.0557,50,13,307,160,85,75,21.405343,0,ok,logs/seed_117981.log
120348,baseline,NHEFT,1,0.0,0,0,0,1.2397,1.3247,2.5644,704.4752000000002,18.8358,4,2,47,467,467,0,106.73500000000001,2.8538,27,8,206,82,45,37,64.08345192564997,1.7134,35,10,290,126,73,53,19.724974,0,ok,logs/seed_120348.log
554439,baseline,NHEFT,1,0.0,0,0,0,1.1594,1.0889,2.2483,758.2367000000007,17.0179,5,3,56,483,483,0,111.45330000000003,2.5015,36,11,250,108,50,58,66.59744465505051,1.4947,38,9,309,139,89,50,19.025329,0,ok,logs/seed_554439.log
686198,baseline,NHEFT,1,0.0,0,0,0,1.1072,1.3987,2.5059,686.5701000000001,19.3192,5,2,47,470,470,0,104.99930000000002,2.9545,38,10,256,108,58,50,75.56481425818885,2.1263,54,13,319,163,89,74,23.382601,0,ok,logs/seed_686198.log
823177,baseline,NHEFT,1,0.0,0,0,0,1.1376,1.3842,2.5218,726.7993000000006,19.6095,3,2,41,460,460,0,107.21379999999999,2.8927,30,9,230,93,55,38,71.11572897111763,1.9187,47,12,309,168,111,57,19.182775,0,ok,logs/seed_823177.log
687817,baseline,NHEFT,1,0.0,0,0,0,1.2017,1.2031,2.4048,664.0829999999992,18.6643,3,2,41,485,485,0,92.94549999999998,2.6123,34,9,231,89,42,47,76.90244732952691,2.1614,43,11,306,139,85,54,21.918334,0,ok,logs/seed_687817.log
430187,baseline,NHEFT,1,0.0,0,0,0,1.1704,1.0085,2.1789,508.9751000000011,11.2158,4,2,48,437,437,0,80.3448,1.7705,34,8,243,91,47,44,57.662540558292285,1.2707,44,10,306,140,88,52,15.851539,0,ok,logs/seed_430187.log
782746,baseline,NHEFT,1,0.0,0,0,0,1.187,1.1804,2.3674,700.9022,19.6332,5,3,50,429,429,0,92.10440000000001,2.58,32,8,245,85,44,41,62.964697350364965,1.7637,47,10,297,143,85,58,16.633212,0,ok,logs/seed_782746.log
