seed,variant,variant_display_label,is_baseline_nheft,configured_tolerance,configured_comp_advantage,configured_drt_advantage,configured_irt_advantage,ccr_data,idr_image,nccr_total,heft_makespan,heft_slr,heft_vcpus,heft_hosts,heft_instances,heft_image_dl_total,heft_image_from_repo,heft_image_from_host,dheft_makespan,dheft_slr,dheft_vcpus,dheft_hosts,dheft_instances,dheft_image_dl_total,dheft_image_from_repo,dheft_image_from_host,nheft_makespan,nheft_slr,nheft_vcpus,nheft_hosts,nheft_instances,nheft_image_dl_total,nheft_image_from_repo,nheft_image_from_host,time_sec,return_code,status,log_file
741896,baseline,NHEFT,1,0.0,0,0,0,0.088,0.0554,0.1434,67.1592999999999,2.062,16,3,190,442,442,0,33.4501,1.027,44,10,314,116,37,79,32.685689381933436,1.0036,58,12,337,156,115,41,4.393949,0,ok,logs/seed_741896.log
741896,comp_drt,NHEFT+CompDRT,0,0.0,1,1,0,0.088,0.0554,0.1434,67.1592999999999,2.062,16,3,190,442,442,0,33.4501,1.027,44,10,314,116,37,79,1848.6306159891574,56.7587,1,1,22,26,26,0,4.393949,0,ok,logs/seed_741896.log
430515,baseline,NHEFT,1,0.0,0,0,0,0.0844,0.0595,0.1439,54.989099999999965,1.3596,21,5,261,468,468,0,40.9538,1.0126,38,8,325,117,41,76,40.81275425318152,1.0091,58,10,337,170,150,20,4.353769,0,ok,logs/seed_430515.log
430515,comp_drt,NHEFT+CompDRT,0,0.0,1,1,0,0.0844,0.0595,0.1439,54.989099999999965,1.3596,21,5,261,468,468,0,40.9538,1.0126,38,8,325,117,41,76,1046.1303256410265,25.8656,1,1,22,26,26,0,4.353769,0,ok,logs/seed_430515.log
888075,baseline,NHEFT,1,0.0,0,0,0,0.0842,0.0509,0.1351,61.61090000000006,1.583,25,6,252,471,471,0,40.98660000000001,1.0531,45,11,344,151,42,109,39.635842694284555,1.0184,62,15,360,192,150,42,4.63504,0,ok,logs/seed_888075.log
888075,comp_drt,NHEFT+CompDRT,0,0.0,1,1,0,0.0842,0.0509,0.1351,61.61090000000006,1.583,25,6,252,471,471,0,40.98660000000001,1.0531,45,11,344,151,42,109,1210.9943397116656,31.1146,1,1,22,29,29,0,4.63504,0,ok,logs/seed_888075.log
914983,baseline,NHEFT,1,0.0,0,0,0,0.0956,0.0676,0.1632,62.41429999999986,1.7475,19,4,205,446,446,0,36.53530000000001,1.0229,42,9,310,129,40,89,36.58938386252355,1.0244,53,11,324,165,127,38,4.66099,0,ok,logs/seed_914983.log
914983,comp_drt,NHEFT+CompDRT,0,0.0,1,1,0,0.0956,0.0676,0.1632,62.41429999999986,1.7475,19,4,205,446,446,0,36.53530000000001,1.0229,42,9,310,129,40,89,846.1007388400703,23.689,1,1,22,28,28,0,4.66099,0,ok,logs/seed_914983.log
997971,baseline,NHEFT,1,0.0,0,0,0,0.085,0.0492,0.1342,61.30109999999999,2.0603,19,4,228,478,478,0,34.89860000000001,1.1729,43,10,340,126,44,82,35.64416325425951,1.198,57,12,350,173,131,42,5.452331,0,ok,logs/seed_997971.log
997971,comp_drt,NHEFT+CompDRT,0,0.0,1,1,0,0.085,0.0492,0.1342,61.30109999999999,2.0603,19,4,228,478,478,0,34.89860000000001,1.1729,43,10,340,126,44,82,1125.8908023591089,37.8413,1,1,22,24,24,0,5.452331,0,ok,logs/seed_997971.log
747642,baseline,NHEFT,1,0.0,0,0,0,0.0749,0.0449,0.1198,55.81310000000009,1.2619,28,6,262,466,466,0,44.289100000000005,1.0014,38,10,306,148,40,108,44.28905283194058,1.0014,54,12,328,190,153,37,5.075772,0,ok,logs/seed_747642.log
747642,comp_drt,NHEFT+CompDRT,0,0.0,1,1,0,0.0749,0.0449,0.1198,55.81310000000009,1.2619,28,6,262,466,466,0,44.289100000000005,1.0014,38,10,306,148,40,108,866.2400378378384,19.5856,1,1,22,25,25,0,5.075772,0,ok,logs/seed_747642.log
664527,baseline,NHEFT,1,0.0,0,0,0,0.0834,0.0677,0.1511,92.24139999999974,2.2411,15,4,186,485,485,0,41.3701,1.0051,44,8,348,116,50,66,42.800071370370375,1.0399,51,10,345,150,128,22,7.091169,0,ok,logs/seed_664527.log
664527,comp_drt,NHEFT+CompDRT,0,0.0,1,1,0,0.0834,0.0677,0.1511,92.24139999999974,2.2411,15,4,186,485,485,0,41.3701,1.0051,44,8,348,116,50,66,2234.056446021643,54.2779,1,1,22,29,29,0,7.091169,0,ok,logs/seed_664527.log
760044,baseline,NHEFT,1,0.0,0,0,0,0.0732,0.0483,0.1215,61.92809999999997,1.1744,23,5,272,458,458,0,52.826100000000004,1.0018,40,9,331,112,34,78,52.82610291970803,1.0018,52,11,325,156,121,35,7.317909,0,ok,logs/seed_760044.log
760044,comp_drt,NHEFT+CompDRT,0,0.0,1,1,0,0.0732,0.0483,0.1215,61.92809999999997,1.1744,23,5,272,458,458,0,52.826100000000004,1.0018,40,9,331,112,34,78,1276.8319536903039,24.2144,1,1,22,30,30,0,7.317909,0,ok,logs/seed_760044.log
215549,baseline,NHEFT,1,0.0,0,0,0,0.0827,0.0603,0.143,60.83629999999985,1.7216,19,3,223,465,465,0,36.3353,1.0283,39,6,326,111,51,60,40.468306093189966,1.1452,57,11,338,162,134,28,7.240905,0,ok,logs/seed_215549.log
215549,comp_drt,NHEFT+CompDRT,0,0.0,1,1,0,0.0827,0.0603,0.143,60.83629999999985,1.7216,19,3,223,465,465,0,36.3353,1.0283,39,6,326,111,51,60,738.4454547417121,20.8974,1,1,22,24,24,0,7.240905,0,ok,logs/seed_215549.log
370191,baseline,NHEFT,1,0.0,0,0,0,0.0787,0.0589,0.1376,75.02269999999982,2.1184,15,3,190,469,469,0,35.5678,1.0043,41,7,326,108,38,70,36.102650540706605,1.0194,56,9,324,130,108,22,6.27367,0,ok,logs/seed_370191.log
370191,comp_drt,NHEFT+CompDRT,0,0.0,1,1,0,0.0787,0.0589,0.1376,75.02269999999982,2.1184,15,3,190,469,469,0,35.5678,1.0043,41,7,326,108,38,70,1041.194346924429,29.4006,1,1,22,25,25,0,6.27367,0,ok,logs/seed_370191.log
296947,baseline,NHEFT,1,0.0,0,0,0,0.0733,0.0604,0.1337,83.17050000000005,1.8176,19,5,222,471,471,0,47.2392,1.0323,38,8,327,127,31,96,47.23921818181818,1.0323,60,12,337,185,146,39,6.464121,0,ok,logs/seed_296947.log
296947,comp_drt,NHEFT+CompDRT,0,0.0,1,1,0,0.0733,0.0604,0.1337,83.17050000000005,1.8176,19,5,222,471,471,0,47.2392,1.0323,38,8,327,127,31,96,2257.641818181823,49.3372,1,1,22,26,26,0,6.464121,0,ok,logs/seed_296947.log
963598,baseline,NHEFT,1,0.0,0,0,0,0.0869,0.061,0.1479,56.43380000000011,1.4603,20,5,234,459,459,0,38.796,1.0039,38,8,342,128,39,89,38.79595994397759,1.0039,54,12,337,165,132,33,6.643075,0,ok,logs/seed_963598.log
963598,comp_drt,NHEFT+CompDRT,0,0.0,1,1,0,0.0869,0.061,0.1479,56.43380000000011,1.4603,20,5,234,459,459,0,38.796,1.0039,38,8,342,128,39,89,1203.825633948582,31.1499,1,1,22,26,26,0,6.643075,0,ok,logs/seed_963598.log
388451,baseline,NHEFT,1,0.0,0,0,0,0.0813,0.0548,0.1361,59.786699999999925,1.5854,20,5,239,465,465,0,38.892900000000004,1.0313,41,8,323,131,52,79,37.82345646731572,1.003,48,10,342,151,113,38,6.125771,0,ok,logs/seed_388451.log
388451,comp_drt,NHEFT+CompDRT,0,0.0,1,1,0,0.0813,0.0548,0.1361,59.786699999999925,1.5854,20,5,239,465,465,0,38.892900000000004,1.0313,41,8,323,131,52,79,1034.2385564673161,27.4255,1,1,22,27,27,0,6.125771,0,ok,logs/seed_388451.log
602873,baseline,NHEFT,1,0.0,0,0,0,0.0767,0.0528,0.1295,63.178099999999894,1.2766,25,5,265,465,465,0,49.839500000000015,1.007,40,7,328,113,46,67,49.65172644152432,1.0033,53,11,339,141,107,34,7.162826,0,ok,logs/seed_602873.log
602873,comp_drt,NHEFT+CompDRT,0,0.0,1,1,0,0.0767,0.0528,0.1295,63.178099999999894,1.2766,25,5,265,465,465,0,49.839500000000015,1.007,40,7,328,113,46,67,1799.1723976878618,36.3537,1,1,22,30,30,0,7.162826,0,ok,logs/seed_602873.log
122745,baseline,NHEFT,1,0.0,0,0,0,0.0827,0.0499,0.1326,59.60650000000004,1.7182,20,4,239,466,466,0,37.3628,1.077,45,9,331,108,37,71,35.557773760797346,1.025,60,13,347,158,120,38,7.067642,0,ok,logs/seed_122745.log
122745,comp_drt,NHEFT+CompDRT,0,0.0,1,1,0,0.0827,0.0499,0.1326,59.60650000000004,1.7182,20,4,239,466,466,0,37.3628,1.077,45,9,331,108,37,71,1274.8526070175426,36.7477,1,1,22,26,26,0,7.067642,0,ok,logs/seed_122745.log
484762,baseline,NHEFT,1,0.0,0,0,0,0.0839,0.0635,0.1474,76.66099999999985,2.1791,17,6,200,456,456,0,38.339400000000005,1.0898,46,10,322,132,44,88,36.98460263481229,1.0513,56,12,341,169,137,32,7.332358,0,ok,logs/seed_484762.log
484762,comp_drt,NHEFT+CompDRT,0,0.0,1,1,0,0.0839,0.0635,0.1474,76.66099999999985,2.1791,17,6,200,456,456,0,38.339400000000005,1.0898,46,10,322,132,44,88,949.8378474402732,26.9988,1,1,22,31,31,0,7.332358,0,ok,logs/seed_484762.log
514215,baseline,NHEFT,1,0.0,0,0,0,0.0891,0.0517,0.1408,53.32130000000004,1.3516,23,6,252,457,457,0,40.34440000000001,1.0226,44,8,321,140,36,104,40.0954484848485,1.0163,56,11,326,174,142,32,7.226747,0,ok,logs/seed_514215.log
514215,comp_drt,NHEFT+CompDRT,0,0.0,1,1,0,0.0891,0.0517,0.1408,53.32130000000004,1.3516,23,6,252,457,457,0,40.34440000000001,1.0226,44,8,321,140,36,104,868.8393983914203,22.0231,1,1,22,29,29,0,7.226747,0,ok,logs/seed_514215.log
601161,baseline,NHEFT,1,0.0,0,0,0,0.0725,0.0512,0.1237,54.43119999999997,1.2134,32,7,294,459,459,0,50.1517,1.118,49,10,333,156,38,118,49.18942693769866,1.0965,60,13,329,196,164,32,7.835686,0,ok,logs/seed_601161.log
601161,comp_drt,NHEFT+CompDRT,0,0.0,1,1,0,0.0725,0.0512,0.1237,54.43119999999997,1.2134,32,7,294,459,459,0,50.1517,1.118,49,10,333,156,38,118,1086.465738176638,24.2193,1,1,22,27,27,0,7.835686,0,ok,logs/seed_601161.log
78435,baseline,NHEFT,1,0.0,0,0,0,0.0758,0.0482,0.124,55.5193000000001,1.2668,25,6,259,448,448,0,45.57540000000001,1.0399,37,11,318,133,45,88,45.857411111111126,1.0463,51,12,318,184,148,36,6.62428,0,ok,logs/seed_78435.log
78435,comp_drt,NHEFT+CompDRT,0,0.0,1,1,0,0.0758,0.0482,0.124,55.5193000000001,1.2668,25,6,259,448,448,0,45.57540000000001,1.0399,37,11,318,133,45,88,1563.890431266149,35.6825,1,1,22,26,26,0,6.62428,0,ok,logs/seed_78435.log
480957,baseline,NHEFT,1,0.0,0,0,0,0.0847,0.0508,0.1355,49.44730000000004,1.4071,24,7,257,448,448,0,36.10060000000001,1.0273,46,11,332,147,46,101,35.39607391304347,1.0072,53,11,330,172,150,22,6.75026,0,ok,logs/seed_480957.log
480957,comp_drt,NHEFT+CompDRT,0,0.0,1,1,0,0.0847,0.0508,0.1355,49.44730000000004,1.4071,24,7,257,448,448,0,36.10060000000001,1.0273,46,11,332,147,46,101,1450.8738111821074,41.2863,1,1,22,30,30,0,6.75026,0,ok,logs/seed_480957.log
113260,baseline,NHEFT,1,0.0,0,0,0,0.0924,0.065,0.1574,76.96849999999989,1.6797,17,4,208,499,499,0,46.0924,1.0059,40,9,350,134,36,98,46.57703495007132,1.0165,54,13,336,174,131,43,9.826952,0,ok,logs/seed_113260.log
113260,comp_drt,NHEFT+CompDRT,0,0.0,1,1,0,0.0924,0.065,0.1574,76.96849999999989,1.6797,17,4,208,499,499,0,46.0924,1.0059,40,9,350,134,36,98,1683.9663894409955,36.7499,1,1,22,32,32,0,9.826952,0,ok,logs/seed_113260.log
846854,baseline,NHEFT,1,0.0,0,0,0,0.0794,0.0537,0.1331,50.464299999999966,1.4612,24,5,228,425,425,0,37.3597,1.0817,42,9,290,134,34,100,36.91114342394822,1.0687,50,11,301,155,116,39,5.520945,0,ok,logs/seed_846854.log
846854,comp_drt,NHEFT+CompDRT,0,0.0,1,1,0,0.0794,0.0537,0.1331,50.464299999999966,1.4612,24,5,228,425,425,0,37.3597,1.0817,42,9,290,134,34,100,805.5308049001817,23.3236,1,1,22,26,26,0,5.520945,0,ok,logs/seed_846854.log
422970,baseline,NHEFT,1,0.0,0,0,0,0.0796,0.0642,0.1438,75.8739000000001,1.9478,19,5,196,437,437,0,42.5262,1.0917,41,8,312,117,32,85,39.37470686427457,1.0108,56,11,306,149,124,25,7.535489,0,ok,logs/seed_422970.log
422970,comp_drt,NHEFT+CompDRT,0,0.0,1,1,0,0.0796,0.0642,0.1438,75.8739000000001,1.9478,19,5,196,437,437,0,42.5262,1.0917,41,8,312,117,32,85,1522.7969349206344,39.0931,1,1,22,24,24,0,7.535489,0,ok,logs/seed_422970.log
762973,baseline,NHEFT,1,0.0,0,0,0,0.0933,0.0475,0.1408,44.20529999999999,1.0738,26,5,280,468,468,0,41.2366,1.0017,38,7,321,115,33,82,41.236589213851765,1.0017,53,9,324,153,126,27,6.950067,0,ok,logs/seed_762973.log
762973,comp_drt,NHEFT+CompDRT,0,0.0,1,1,0,0.0933,0.0475,0.1408,44.20529999999999,1.0738,26,5,280,468,468,0,41.2366,1.0017,38,7,321,115,33,82,921.8620006810435,22.3936,1,1,22,28,28,0,6.950067,0,ok,logs/seed_762973.log
303068,baseline,NHEFT,1,0.0,0,0,0,0.0961,0.0738,0.1699,69.48290000000006,1.9624,19,5,199,496,496,0,36.81379999999999,1.0397,40,9,356,115,39,76,36.84875714285714,1.0407,59,12,348,159,121,38,8.492111,0,ok,logs/seed_303068.log
303068,comp_drt,NHEFT+CompDRT,0,0.0,1,1,0,0.0961,0.0738,0.1699,69.48290000000006,1.9624,19,5,199,496,496,0,36.81379999999999,1.0397,40,9,356,115,39,76,1275.047199999999,36.0103,1,1,22,28,28,0,8.492111,0,ok,logs/seed_303068.log
701483,baseline,NHEFT,1,0.0,0,0,0,0.0995,0.0672,0.1667,69.40070000000026,2.2347,13,4,177,447,447,0,34.288500000000006,1.1041,45,10,302,138,49,89,32.61319523616896,1.0502,50,11,328,171,137,34,5.300995,0,ok,logs/seed_701483.log
701483,comp_drt,NHEFT+CompDRT,0,0.0,1,1,0,0.0995,0.0672,0.1667,69.40070000000026,2.2347,13,4,177,447,447,0,34.288500000000006,1.1041,45,10,302,138,49,89,946.6293282051287,30.4818,1,1,22,31,31,0,5.300995,0,ok,logs/seed_701483.log
193272,baseline,NHEFT,1,0.0,0,0,0,0.0847,0.066,0.1507,78.39819999999999,1.7354,17,4,210,460,460,0,46.105900000000005,1.0206,42,8,321,112,29,83,46.47266505460219,1.0287,60,10,343,144,112,32,10.134419,0,ok,logs/seed_193272.log
193272,comp_drt,NHEFT+CompDRT,0,0.0,1,1,0,0.0847,0.066,0.1507,78.39819999999999,1.7354,17,4,210,460,460,0,46.105900000000005,1.0206,42,8,321,112,29,83,2173.1189464898584,48.1041,1,1,22,28,28,0,10.134419,0,ok,logs/seed_193272.log
609026,baseline,NHEFT,1,0.0,0,0,0,0.0784,0.0542,0.1326,74.40929999999996,2.0462,15,4,209,463,463,0,38.8006,1.067,54,10,349,134,36,98,37.33952721674238,1.0268,59,12,337,163,134,29,8.597044,0,ok,logs/seed_609026.log
609026,comp_drt,NHEFT+CompDRT,0,0.0,1,1,0,0.0784,0.0542,0.1326,74.40929999999996,2.0462,15,4,209,463,463,0,38.8006,1.067,54,10,349,134,36,98,1037.7906115326255,28.5391,1,1,22,28,28,0,8.597044,0,ok,logs/seed_609026.log
385324,baseline,NHEFT,1,0.0,0,0,0,0.0893,0.0693,0.1586,55.091300000000075,1.6919,22,4,245,473,473,0,34.067099999999996,1.0462,48,9,335,126,53,73,35.62164474123539,1.094,56,11,351,162,142,20,6.580316,0,ok,logs/seed_385324.log
385324,comp_drt,NHEFT+CompDRT,0,0.0,1,1,0,0.0893,0.0693,0.1586,55.091300000000075,1.6919,22,4,245,473,473,0,34.067099999999996,1.0462,48,9,335,126,53,73,2269.062363636363,69.6835,1,1,22,25,25,0,6.580316,0,ok,logs/seed_385324.log
586699,baseline,NHEFT,1,0.0,0,0,0,0.0814,0.06,0.1414,73.95429999999996,1.8978,17,4,193,430,430,0,39.73700000000001,1.0197,35,8,295,111,29,82,40.32932792792791,1.0349,57,11,300,164,132,32,6.518556,0,ok,logs/seed_586699.log
586699,comp_drt,NHEFT+CompDRT,0,0.0,1,1,0,0.0814,0.06,0.1414,73.95429999999996,1.8978,17,4,193,430,430,0,39.73700000000001,1.0197,35,8,295,111,29,82,1234.549081981983,31.68,1,1,22,28,28,0,6.518556,0,ok,logs/seed_586699.log
127154,baseline,NHEFT,1,0.0,0,0,0,0.095,0.0664,0.1614,71.87510000000003,2.5713,21,6,224,491,491,0,34.6916,1.2411,49,9,355,136,36,100,34.46586894075404,1.233,58,11,362,175,133,42,6.840189,0,ok,logs/seed_127154.log
127154,comp_drt,NHEFT+CompDRT,0,0.0,1,1,0,0.095,0.0664,0.1614,71.87510000000003,2.5713,21,6,224,491,491,0,34.6916,1.2411,49,9,355,136,36,100,1118.5743472511153,40.0168,1,1,22,27,27,0,6.840189,0,ok,logs/seed_127154.log
140763,baseline,NHEFT,1,0.0,0,0,0,0.0816,0.0549,0.1365,58.64709999999996,1.5168,24,6,257,460,460,0,43.1206,1.1152,45,9,331,146,48,98,40.123036954503256,1.0377,50,10,332,154,128,26,7.475515,0,ok,logs/seed_140763.log
140763,comp_drt,NHEFT+CompDRT,0,0.0,1,1,0,0.0816,0.0549,0.1365,58.64709999999996,1.5168,24,6,257,460,460,0,43.1206,1.1152,45,9,331,146,48,98,845.1031311258282,21.8564,1,1,22,28,28,0,7.475515,0,ok,logs/seed_140763.log
162375,baseline,NHEFT,1,0.0,0,0,0,0.0919,0.0685,0.1604,61.234599999999915,1.512,18,4,218,444,444,0,41.185300000000005,1.017,39,8,311,98,32,66,43.14138850174216,1.0653,52,11,313,146,115,31,7.501758,0,ok,logs/seed_162375.log
162375,comp_drt,NHEFT+CompDRT,0,0.0,1,1,0,0.0919,0.0685,0.1604,61.234599999999915,1.512,18,4,218,444,444,0,41.185300000000005,1.017,39,8,311,98,32,66,2151.237184668989,53.1199,1,1,22,29,29,0,7.501758,0,ok,logs/seed_162375.log
320372,baseline,NHEFT,1,0.0,0,0,0,0.0934,0.074,0.1674,79.6941,2.109,19,5,204,462,462,0,39.3671,1.0418,45,11,332,131,43,88,41.053778529980654,1.0864,56,12,342,178,143,35,7.554666,0,ok,logs/seed_320372.log
320372,comp_drt,NHEFT+CompDRT,0,0.0,1,1,0,0.0934,0.074,0.1674,79.6941,2.109,19,5,204,462,462,0,39.3671,1.0418,45,11,332,131,43,88,941.9939622823989,24.9281,1,1,22,28,28,0,7.554666,0,ok,logs/seed_320372.log
911752,baseline,NHEFT,1,0.0,0,0,0,0.098,0.0617,0.1597,60.87399999999999,1.5347,18,4,226,465,465,0,40.1007,1.011,38,7,316,111,45,66,39.910025473071336,1.0062,56,11,324,167,138,29,7.731893,0,ok,logs/seed_911752.log
911752,comp_drt,NHEFT+CompDRT,0,0.0,1,1,0,0.098,0.0617,0.1597,60.87399999999999,1.5347,18,4,226,465,465,0,40.1007,1.011,38,7,316,111,45,66,855.1260329048839,21.5589,1,1,22,25,25,0,7.731893,0,ok,logs/seed_911752.log
185527,baseline,NHEFT,1,0.0,0,0,0,0.0872,0.0552,0.1424,70.95990000000013,1.4577,24,5,241,475,475,0,49.65129999999999,1.02,46,9,331,134,36,98,49.44017177615571,1.0156,61,12,332,158,125,33,7.350518,0,ok,logs/seed_185527.log
185527,comp_drt,NHEFT+CompDRT,0,0.0,1,1,0,0.0872,0.0552,0.1424,70.95990000000013,1.4577,24,5,241,475,475,0,49.65129999999999,1.02,46,9,331,134,36,98,856.3480364963503,17.5914,1,1,22,24,24,0,7.350518,0,ok,logs/seed_185527.log
766339,baseline,NHEFT,1,0.0,0,0,0,0.0927,0.0626,0.1553,63.76310000000003,1.6578,17,4,231,450,450,0,43.997599999999984,1.1439,36,7,318,125,34,91,43.362020485175194,1.1274,59,12,324,192,146,46,6.53415,0,ok,logs/seed_766339.log
766339,comp_drt,NHEFT+CompDRT,0,0.0,1,1,0,0.0927,0.0626,0.1553,63.76310000000003,1.6578,17,4,231,450,450,0,43.997599999999984,1.1439,36,7,318,125,34,91,738.7973590296492,19.2084,1,1,22,27,27,0,6.53415,0,ok,logs/seed_766339.log
911829,baseline,NHEFT,1,0.0,0,0,0,0.0838,0.0569,0.1407,66.9587,1.3249,16,4,217,473,473,0,50.6374,1.0019,38,9,332,110,39,71,50.63742646657572,1.0019,48,8,333,146,112,34,9.569382,0,ok,logs/seed_911829.log
911829,comp_drt,NHEFT+CompDRT,0,0.0,1,1,0,0.0838,0.0569,0.1407,66.9587,1.3249,16,4,217,473,473,0,50.6374,1.0019,38,9,332,110,39,71,1340.7447992743093,26.5288,1,1,22,30,30,0,9.569382,0,ok,logs/seed_911829.log
184906,baseline,NHEFT,1,0.0,0,0,0,0.0893,0.0619,0.1512,54.33299999999998,1.2654,24,6,248,446,446,0,43.0289,1.0021,39,8,317,117,38,79,43.02890909090909,1.0021,51,12,318,149,119,30,6.733086,0,ok,logs/seed_184906.log
184906,comp_drt,NHEFT+CompDRT,0,0.0,1,1,0,0.0893,0.0619,0.1512,54.33299999999998,1.2654,24,6,248,446,446,0,43.0289,1.0021,39,8,317,117,38,79,1146.207601572551,26.6946,1,1,22,30,30,0,6.733086,0,ok,logs/seed_184906.log
189090,baseline,NHEFT,1,0.0,0,0,0,0.0894,0.0491,0.1385,47.804,1.3449,22,5,251,448,448,0,35.680499999999995,1.0038,42,8,316,118,39,79,36.75102824858757,1.034,54,11,322,157,129,28,7.079334,0,ok,logs/seed_189090.log
189090,comp_drt,NHEFT+CompDRT,0,0.0,1,1,0,0.0894,0.0491,0.1385,47.804,1.3449,22,5,251,448,448,0,35.680499999999995,1.0038,42,8,316,118,39,79,1191.6953742725877,33.5273,1,1,22,26,26,0,7.079334,0,ok,logs/seed_189090.log
355619,baseline,NHEFT,1,0.0,0,0,0,0.0739,0.0562,0.1301,85.13280000000005,1.8469,17,4,200,469,469,0,46.272,1.0038,45,10,322,137,33,104,46.27204280155642,1.0038,59,14,338,169,128,41,6.821204,0,ok,logs/seed_355619.log
355619,comp_drt,NHEFT+CompDRT,0,0.0,1,1,0,0.0739,0.0562,0.1301,85.13280000000005,1.8469,17,4,200,469,469,0,46.272,1.0038,45,10,322,137,33,104,1637.0797546012282,35.5153,1,1,22,29,29,0,6.821204,0,ok,logs/seed_355619.log
440123,baseline,NHEFT,1,0.0,0,0,0,0.0788,0.0616,0.1404,75.51880000000003,1.6282,18,5,214,474,474,0,46.506000000000014,1.0027,44,8,326,134,34,100,46.59374573643412,1.0046,57,11,335,178,128,50,7.055123,0,ok,logs/seed_440123.log
440123,comp_drt,NHEFT+CompDRT,0,0.0,1,1,0,0.0788,0.0616,0.1404,75.51880000000003,1.6282,18,5,214,474,474,0,46.506000000000014,1.0027,44,8,326,134,34,100,977.636981395349,21.0787,1,1,22,26,26,0,7.055123,0,ok,logs/seed_440123.log
65843,baseline,NHEFT,1,0.0,0,0,0,0.0899,0.0512,0.1411,47.2967,1.333,22,3,240,426,426,0,35.607,1.0036,42,8,297,121,33,88,39.79548561581922,1.1216,53,9,310,148,116,32,6.982503,0,ok,logs/seed_65843.log
65843,comp_drt,NHEFT+CompDRT,0,0.0,1,1,0,0.0899,0.0512,0.1411,47.2967,1.333,22,3,240,426,426,0,35.607,1.0036,42,8,297,121,33,88,750.3242513513509,21.1476,1,1,22,30,30,0,6.982503,0,ok,logs/seed_65843.log
356002,baseline,NHEFT,1,0.0,0,0,0,0.0935,0.0544,0.1479,49.44290000000007,1.3081,29,6,292,454,454,0,40.25269999999998,1.0649,48,10,332,140,42,98,39.60458245614034,1.0478,53,9,334,166,140,26,7.455896,0,ok,logs/seed_356002.log
356002,comp_drt,NHEFT+CompDRT,0,0.0,1,1,0,0.0935,0.0544,0.1479,49.44290000000007,1.3081,29,6,292,454,454,0,40.25269999999998,1.0649,48,10,332,140,42,98,680.2286731861197,17.9965,1,1,22,26,26,0,7.455896,0,ok,logs/seed_356002.log
546160,baseline,NHEFT,1,0.0,0,0,0,0.0901,0.0563,0.1464,56.17789999999998,1.0016,30,8,269,469,469,0,56.17789999999998,1.0016,36,9,321,119,44,75,56.177856285178216,1.0016,51,12,337,181,154,27,7.79848,0,ok,logs/seed_546160.log
546160,comp_drt,NHEFT+CompDRT,0,0.0,1,1,0,0.0901,0.0563,0.1464,56.17789999999998,1.0016,30,8,269,469,469,0,56.17789999999998,1.0016,36,9,321,119,44,75,1391.2374546583844,24.8047,1,1,22,27,27,0,7.79848,0,ok,logs/seed_546160.log
466702,baseline,NHEFT,1,0.0,0,0,0,0.0717,0.0408,0.1125,54.98920000000004,1.5377,26,7,262,469,469,0,40.1121,1.1217,45,10,324,149,40,109,40.85027590361447,1.1423,53,11,342,180,148,32,7.799471,0,ok,logs/seed_466702.log
466702,comp_drt,NHEFT+CompDRT,0,0.0,1,1,0,0.0717,0.0408,0.1125,54.98920000000004,1.5377,26,7,262,469,469,0,40.1121,1.1217,45,10,324,149,40,109,1250.309985542168,34.9629,1,1,22,26,26,0,7.799471,0,ok,logs/seed_466702.log
108594,baseline,NHEFT,1,0.0,0,0,0,0.0794,0.0535,0.1329,59.530399999999915,1.7249,25,5,244,450,450,0,38.3467,1.1111,38,8,322,126,41,85,37.185500000000005,1.0775,58,13,323,162,129,33,7.711398,0,ok,logs/seed_108594.log
108594,comp_drt,NHEFT+CompDRT,0,0.0,1,1,0,0.0794,0.0535,0.1329,59.530399999999915,1.7249,25,5,244,450,450,0,38.3467,1.1111,38,8,322,126,41,85,2123.0270384615383,61.5149,1,1,22,26,26,0,7.711398,0,ok,logs/seed_108594.log
302326,baseline,NHEFT,1,0.0,0,0,0,0.09,0.0572,0.1472,60.191400000000044,1.4857,25,6,251,473,473,0,41.1934,1.0168,43,10,344,142,37,105,41.193406531204644,1.0168,56,11,353,185,150,35,7.732982,0,ok,logs/seed_302326.log
302326,comp_drt,NHEFT+CompDRT,0,0.0,1,1,0,0.09,0.0572,0.1472,60.191400000000044,1.4857,25,6,251,473,473,0,41.1934,1.0168,43,10,344,142,37,105,1058.9400683523654,26.1385,1,1,22,29,29,0,7.732982,0,ok,logs/seed_302326.log
830943,baseline,NHEFT,1,0.0,0,0,0,0.0911,0.0544,0.1455,54.23370000000012,1.5417,18,3,208,445,445,0,35.577400000000004,1.0114,37,8,310,92,33,59,35.883953271028034,1.0201,48,9,315,134,101,33,7.049228,0,ok,logs/seed_830943.log
830943,comp_drt,NHEFT+CompDRT,0,0.0,1,1,0,0.0911,0.0544,0.1455,54.23370000000012,1.5417,18,3,208,445,445,0,35.577400000000004,1.0114,37,8,310,92,33,59,1002.4998445129471,28.4982,1,1,22,28,28,0,7.049228,0,ok,logs/seed_830943.log
774892,baseline,NHEFT,1,0.0,0,0,0,0.0824,0.0474,0.1298,57.445700000000045,1.4278,22,5,252,489,489,0,41.06889999999999,1.0207,42,9,351,122,37,85,41.52662649006623,1.0321,62,12,349,168,131,37,11.709967,0,ok,logs/seed_774892.log
774892,comp_drt,NHEFT+CompDRT,0,0.0,1,1,0,0.0824,0.0474,0.1298,57.445700000000045,1.4278,22,5,252,489,489,0,41.06889999999999,1.0207,42,9,351,122,37,85,1051.2733701986763,26.1288,1,1,22,29,29,0,11.709967,0,ok,logs/seed_774892.log
317399,baseline,NHEFT,1,0.0,0,0,0,0.0895,0.0548,0.1443,49.92339999999999,1.3899,29,8,266,462,462,0,37.32789999999999,1.0392,46,12,335,166,46,120,36.37731011680912,1.0128,57,13,337,201,168,33,7.641826,0,ok,logs/seed_317399.log
317399,comp_drt,NHEFT+CompDRT,0,0.0,1,1,0,0.0895,0.0548,0.1443,49.92339999999999,1.3899,29,8,266,462,462,0,37.32789999999999,1.0392,46,12,335,166,46,120,1013.4345679662796,28.2148,1,1,22,25,25,0,7.641826,0,ok,logs/seed_317399.log
179499,baseline,NHEFT,1,0.0,0,0,0,0.0866,0.0547,0.1413,56.11399999999997,1.4176,25,6,255,463,463,0,42.17399999999999,1.0655,41,10,335,135,40,95,42.911673553719,1.0841,51,11,330,180,149,31,5.735921,0,ok,logs/seed_179499.log
179499,comp_drt,NHEFT+CompDRT,0,0.0,1,1,0,0.0866,0.0547,0.1413,56.11399999999997,1.4176,25,6,255,463,463,0,42.17399999999999,1.0655,41,10,335,135,40,95,1087.2043534954414,27.4667,1,1,22,29,29,0,5.735921,0,ok,logs/seed_179499.log
551935,baseline,NHEFT,1,0.0,0,0,0,0.0944,0.0643,0.1587,52.5531,1.0364,26,5,299,464,464,0,52.5531,1.0364,42,9,312,100,40,60,51.32476585365853,1.0122,50,9,327,155,134,21,7.389866,0,ok,logs/seed_551935.log
551935,comp_drt,NHEFT+CompDRT,0,0.0,1,1,0,0.0944,0.0643,0.1587,52.5531,1.0364,26,5,299,464,464,0,52.5531,1.0364,42,9,312,100,40,60,838.5144891891891,16.5365,1,1,22,29,29,0,7.389866,0,ok,logs/seed_551935.log
751687,baseline,NHEFT,1,0.0,0,0,0,0.0806,0.0436,0.1242,54.99540000000008,1.5687,25,7,253,435,435,0,39.620700000000014,1.1302,40,9,304,142,43,99,37.811533581287335,1.0785,49,11,315,166,132,34,6.954645,0,ok,logs/seed_751687.log
751687,comp_drt,NHEFT+CompDRT,0,0.0,1,1,0,0.0806,0.0436,0.1242,54.99540000000008,1.5687,25,7,253,435,435,0,39.620700000000014,1.1302,40,9,304,142,43,99,919.8512898305089,26.2381,1,1,22,28,28,0,6.954645,0,ok,logs/seed_751687.log
531148,baseline,NHEFT,1,0.0,0,0,0,0.0827,0.0508,0.1335,73.29219999999981,1.5798,20,4,235,487,487,0,47.506600000000006,1.024,48,11,350,135,47,88,47.63978289085545,1.0269,64,15,351,171,137,34,9.869426,0,ok,logs/seed_531148.log
531148,comp_drt,NHEFT+CompDRT,0,0.0,1,1,0,0.0827,0.0508,0.1335,73.29219999999981,1.5798,20,4,235,487,487,0,47.506600000000006,1.024,48,11,350,135,47,88,1684.0063510907005,36.2987,1,1,22,26,26,0,9.869426,0,ok,logs/seed_531148.log
594138,baseline,NHEFT,1,0.0,0,0,0,0.0938,0.0604,0.1542,46.8816,1.3544,22,4,255,429,429,0,34.702400000000004,1.0025,45,8,304,126,35,91,34.93010564042304,1.0091,56,10,325,152,120,32,5.564647,0,ok,logs/seed_594138.log
594138,comp_drt,NHEFT+CompDRT,0,0.0,1,1,0,0.0938,0.0604,0.1542,46.8816,1.3544,22,4,255,429,429,0,34.702400000000004,1.0025,45,8,304,126,35,91,739.874607050528,21.3748,1,1,22,23,23,0,5.564647,0,ok,logs/seed_594138.log
702028,baseline,NHEFT,1,0.0,0,0,0,0.0908,0.0543,0.1451,52.523200000000045,1.347,25,8,270,466,466,0,43.9701,1.1277,42,10,313,146,45,101,43.976112296110415,1.1278,53,12,326,189,168,21,7.934136,0,ok,logs/seed_702028.log
702028,comp_drt,NHEFT+CompDRT,0,0.0,1,1,0,0.0908,0.0543,0.1451,52.523200000000045,1.347,25,8,270,466,466,0,43.9701,1.1277,42,10,313,146,45,101,1162.8902757575743,29.8244,1,1,22,26,26,0,7.934136,0,ok,logs/seed_702028.log
492022,baseline,NHEFT,1,0.0,0,0,0,0.0799,0.052,0.1319,72.8688,1.9098,19,5,227,469,469,0,39.90090000000001,1.0457,43,9,345,147,37,110,38.91064736842105,1.0198,51,12,331,156,128,28,6.060841,0,ok,logs/seed_492022.log
492022,comp_drt,NHEFT+CompDRT,0,0.0,1,1,0,0.0799,0.052,0.1319,72.8688,1.9098,19,5,227,469,469,0,39.90090000000001,1.0457,43,9,345,147,37,110,1053.5152106870232,27.6107,1,1,22,28,28,0,6.060841,0,ok,logs/seed_492022.log
231332,baseline,NHEFT,1,0.0,0,0,0,0.0886,0.0584,0.147,57.66630000000013,1.625,25,5,260,475,475,0,37.412299999999995,1.0543,50,10,329,134,39,95,36.19914795259593,1.0201,59,12,349,155,124,31,8.22587,0,ok,logs/seed_231332.log
231332,comp_drt,NHEFT+CompDRT,0,0.0,1,1,0,0.0886,0.0584,0.147,57.66630000000013,1.625,25,5,260,475,475,0,37.412299999999995,1.0543,50,10,329,134,39,95,2031.5379946902663,57.2479,1,1,22,28,28,0,8.22587,0,ok,logs/seed_231332.log
147537,baseline,NHEFT,1,0.0,0,0,0,0.0931,0.0602,0.1533,62.334799999999966,1.3566,20,4,249,487,487,0,47.2047,1.0273,39,7,333,115,33,82,46.049056824782184,1.0021,54,11,332,171,138,33,6.949238,0,ok,logs/seed_147537.log
147537,comp_drt,NHEFT+CompDRT,0,0.0,1,1,0,0.0931,0.0602,0.1533,62.334799999999966,1.3566,20,4,249,487,487,0,47.2047,1.0273,39,7,333,115,33,82,800.6084510259923,17.4232,1,1,22,25,25,0,6.949238,0,ok,logs/seed_147537.log
109654,baseline,NHEFT,1,0.0,0,0,0,0.0797,0.0613,0.141,73.18210000000006,1.7907,19,5,215,471,471,0,43.851800000000004,1.073,42,10,335,127,47,80,44.6878140655106,1.0935,49,12,343,161,124,37,8.308583,0,ok,logs/seed_109654.log
109654,comp_drt,NHEFT+CompDRT,0,0.0,1,1,0,0.0797,0.0613,0.141,73.18210000000006,1.7907,19,5,215,471,471,0,43.851800000000004,1.073,42,10,335,127,47,80,1429.1389747591522,34.9699,1,1,22,25,25,0,8.308583,0,ok,logs/seed_109654.log
357820,baseline,NHEFT,1,0.0,0,0,0,0.0732,0.054,0.1272,55.354900000000015,1.8958,20,5,239,478,478,0,33.0416,1.1316,44,9,350,126,57,69,32.484049108947055,1.1125,58,12,344,171,144,27,6.012759,0,ok,logs/seed_357820.log
357820,comp_drt,NHEFT+CompDRT,0,0.0,1,1,0,0.0732,0.054,0.1272,55.354900000000015,1.8958,20,5,239,478,478,0,33.0416,1.1316,44,9,350,126,57,69,1241.1303681564239,42.5062,1,1,22,31,31,0,6.012759,0,ok,logs/seed_357820.log
813854,baseline,NHEFT,1,0.0,0,0,0,0.0838,0.0548,0.1386,58.91290000000001,1.3583,22,5,252,461,461,0,43.5565,1.0042,50,10,348,142,46,96,43.55648457223001,1.0042,54,11,320,167,133,34,6.883185,0,ok,logs/seed_813854.log
813854,comp_drt,NHEFT+CompDRT,0,0.0,1,1,0,0.0838,0.0548,0.1386,58.91290000000001,1.3583,22,5,252,461,461,0,43.5565,1.0042,50,10,348,142,46,96,973.5078167530222,22.4452,1,1,22,26,26,0,6.883185,0,ok,logs/seed_813854.log
840701,baseline,NHEFT,1,0.0,0,0,0,0.0817,0.0603,0.142,76.83030000000005,1.7654,24,5,232,489,489,0,45.31380000000001,1.0412,42,8,351,125,42,83,46.683310457516335,1.0727,52,12,349,160,135,25,7.882186,0,ok,logs/seed_840701.log
840701,comp_drt,NHEFT+CompDRT,0,0.0,1,1,0,0.0817,0.0603,0.142,76.83030000000005,1.7654,24,5,232,489,489,0,45.31380000000001,1.0412,42,8,351,125,42,83,1733.325166666667,39.8274,1,1,22,28,28,0,7.882186,0,ok,logs/seed_840701.log
528112,baseline,NHEFT,1,0.0,0,0,0,0.0943,0.0617,0.156,47.94159999999999,1.1431,26,5,259,446,446,0,42.0029,1.0015,42,6,318,112,37,75,42.00294910096818,1.0015,47,9,312,142,118,24,5.941378,0,ok,logs/seed_528112.log
528112,comp_drt,NHEFT+CompDRT,0,0.0,1,1,0,0.0943,0.0617,0.156,47.94159999999999,1.1431,26,5,259,446,446,0,42.0029,1.0015,42,6,318,112,37,75,716.756401013942,17.0896,1,1,22,27,27,0,5.941378,0,ok,logs/seed_528112.log
610245,baseline,NHEFT,1,0.0,0,0,0,0.0922,0.063,0.1552,65.2631999999999,1.7841,23,6,218,456,456,0,39.59300000000001,1.0824,46,10,332,139,44,95,39.34874526129319,1.0757,55,11,334,168,142,26,6.677595,0,ok,logs/seed_610245.log
610245,comp_drt,NHEFT+CompDRT,0,0.0,1,1,0,0.0922,0.063,0.1552,65.2631999999999,1.7841,23,6,218,456,456,0,39.59300000000001,1.0824,46,10,332,139,44,95,1253.5081326599318,34.2672,1,1,22,23,23,0,6.677595,0,ok,logs/seed_610245.log
540631,baseline,NHEFT,1,0.0,0,0,0,0.0862,0.0502,0.1364,62.24390000000008,1.7803,18,3,224,498,498,0,39.24670000000001,1.1226,39,8,334,124,38,86,40.07943165693431,1.1464,49,10,335,158,123,35,7.1916,0,ok,logs/seed_540631.log
540631,comp_drt,NHEFT+CompDRT,0,0.0,1,1,0,0.0862,0.0502,0.1364,62.24390000000008,1.7803,18,3,224,498,498,0,39.24670000000001,1.1226,39,8,334,124,38,86,728.0159206812659,20.8231,1,1,22,29,29,0,7.1916,0,ok,logs/seed_540631.log
670354,baseline,NHEFT,1,0.0,0,0,0,0.0871,0.054,0.1411,64.86580000000001,1.6173,22,5,239,467,467,0,40.6006,1.0123,41,8,319,126,41,85,40.66535174825175,1.0139,53,11,334,168,133,35,7.561974,0,ok,logs/seed_670354.log
670354,comp_drt,NHEFT+CompDRT,0,0.0,1,1,0,0.0871,0.054,0.1411,64.86580000000001,1.6173,22,5,239,467,467,0,40.6006,1.0123,41,8,319,126,41,85,1336.311048306594,33.318,1,1,22,26,26,0,7.561974,0,ok,logs/seed_670354.log
416284,baseline,NHEFT,1,0.0,0,0,0,0.0889,0.0644,0.1533,77.99169999999997,2.2805,16,4,180,473,473,0,37.6268,1.1002,41,11,325,118,49,69,37.49901268033409,1.0965,65,13,341,191,157,34,6.586851,0,ok,logs/seed_416284.log
416284,comp_drt,NHEFT+CompDRT,0,0.0,1,1,0,0.0889,0.0644,0.1533,77.99169999999997,2.2805,16,4,180,473,473,0,37.6268,1.1002,41,11,325,118,49,69,1368.0407395683455,40.0011,1,1,22,34,34,0,6.586851,0,ok,logs/seed_416284.log
853922,baseline,NHEFT,1,0.0,0,0,0,0.0917,0.0736,0.1653,65.94580000000003,1.5873,20,5,215,464,464,0,41.60809999999999,1.0015,44,8,320,126,38,88,41.6080788393489,1.0015,56,10,338,170,138,32,7.280945,0,ok,logs/seed_853922.log
853922,comp_drt,NHEFT+CompDRT,0,0.0,1,1,0,0.0917,0.0736,0.1653,65.94580000000003,1.5873,20,5,215,464,464,0,41.60809999999999,1.0015,44,8,320,126,38,88,712.4156399610139,17.1478,1,1,22,30,30,0,7.280945,0,ok,logs/seed_853922.log
703771,baseline,NHEFT,1,0.0,0,0,0,0.0898,0.0686,0.1584,58.949400000000054,1.6129,17,3,227,448,448,0,37.88799999999999,1.0366,41,9,311,126,34,92,37.602070036101075,1.0288,51,11,325,163,121,42,7.038861,0,ok,logs/seed_703771.log
703771,comp_drt,NHEFT+CompDRT,0,0.0,1,1,0,0.0898,0.0686,0.1584,58.949400000000054,1.6129,17,3,227,448,448,0,37.88799999999999,1.0366,41,9,311,126,34,92,712.3911841155234,19.491,1,1,22,25,25,0,7.038861,0,ok,logs/seed_703771.log
131782,baseline,NHEFT,1,0.0,0,0,0,0.0883,0.0597,0.148,59.22579999999998,1.8581,22,5,223,451,451,0,36.7095,1.1517,40,8,322,113,34,79,33.449813801013946,1.0494,53,9,327,138,111,27,7.345934,0,ok,logs/seed_131782.log
131782,comp_drt,NHEFT+CompDRT,0,0.0,1,1,0,0.0883,0.0597,0.148,59.22579999999998,1.8581,22,5,223,451,451,0,36.7095,1.1517,40,8,322,113,34,79,1238.8788941698356,38.8672,1,1,22,27,27,0,7.345934,0,ok,logs/seed_131782.log
793335,baseline,NHEFT,1,0.0,0,0,0,0.0902,0.0682,0.1584,63.93229999999991,1.813,16,4,194,441,441,0,36.626999999999995,1.0387,44,9,315,123,49,74,36.20011139597316,1.0266,53,11,301,146,122,24,6.713031,0,ok,logs/seed_793335.log
793335,comp_drt,NHEFT+CompDRT,0,0.0,1,1,0,0.0902,0.0682,0.1584,63.93229999999991,1.813,16,4,194,441,441,0,36.626999999999995,1.0387,44,9,315,123,49,74,1160.4469510067106,32.908,1,1,22,29,29,0,6.713031,0,ok,logs/seed_793335.log
829835,baseline,NHEFT,1,0.0,0,0,0,0.0768,0.0494,0.1262,45.298200000000016,1.262,30,7,262,444,444,0,40.9817,1.1417,41,9,310,130,46,84,41.084521246298785,1.1446,53,12,319,161,137,24,8.137783,0,ok,logs/seed_829835.log
829835,comp_drt,NHEFT+CompDRT,0,0.0,1,1,0,0.0768,0.0494,0.1262,45.298200000000016,1.262,30,7,262,444,444,0,40.9817,1.1417,41,9,310,130,46,84,1135.6198286675638,31.6379,1,1,22,30,30,0,8.137783,0,ok,logs/seed_829835.log
517538,baseline,NHEFT,1,0.0,0,0,0,0.0916,0.0532,0.1448,51.80680000000005,1.2947,26,6,272,465,465,0,40.1031,1.0022,49,10,340,136,42,94,40.064233689839575,1.0013,66,12,342,179,153,26,8.115359,0,ok,logs/seed_517538.log
517538,comp_drt,NHEFT+CompDRT,0,0.0,1,1,0,0.0916,0.0532,0.1448,51.80680000000005,1.2947,26,6,272,465,465,0,40.1031,1.0022,49,10,340,136,42,94,860.2110911602209,21.4977,1,1,22,23,23,0,8.115359,0,ok,logs/seed_517538.log
432977,baseline,NHEFT,1,0.0,0,0,0,0.0872,0.0545,0.1417,56.024699999999875,1.2437,25,5,271,477,477,0,45.166799999999995,1.0026,53,11,346,143,44,99,45.20507761194029,1.0035,57,12,362,182,157,25,8.429858,0,ok,logs/seed_432977.log
432977,comp_drt,NHEFT+CompDRT,0,0.0,1,1,0,0.0872,0.0545,0.1417,56.024699999999875,1.2437,25,5,271,477,477,0,45.166799999999995,1.0026,53,11,346,143,44,99,1699.4248705521468,37.7246,1,1,22,26,26,0,8.429858,0,ok,logs/seed_432977.log
202788,baseline,NHEFT,1,0.0,0,0,0,0.0901,0.0581,0.1482,52.8024,1.3465,25,5,251,446,446,0,40.0709,1.0218,42,8,314,125,42,83,40.097481735479356,1.0225,52,11,329,158,123,35,7.38707,0,ok,logs/seed_202788.log
202788,comp_drt,NHEFT+CompDRT,0,0.0,1,1,0,0.0901,0.0581,0.1482,52.8024,1.3465,25,5,251,446,446,0,40.0709,1.0218,42,8,314,125,42,83,1332.6055430976435,33.982,1,1,22,25,25,0,7.38707,0,ok,logs/seed_202788.log
455331,baseline,NHEFT,1,0.0,0,0,0,0.0919,0.0545,0.1464,57.8247,1.5118,23,6,256,448,448,0,41.4891,1.0847,39,10,322,133,41,92,41.89122984293194,1.0952,53,12,339,186,151,35,5.87692,0,ok,logs/seed_455331.log
455331,comp_drt,NHEFT+CompDRT,0,0.0,1,1,0,0.0919,0.0545,0.1464,57.8247,1.5118,23,6,256,448,448,0,41.4891,1.0847,39,10,322,133,41,92,962.7525497382195,25.1702,1,1,22,28,28,0,5.87692,0,ok,logs/seed_455331.log
795054,baseline,NHEFT,1,0.0,0,0,0,0.0914,0.057,0.1484,57.93739999999997,1.7714,20,5,199,429,429,0,36.919,1.1288,39,8,315,119,43,76,38.01540626315789,1.1623,46,10,306,143,119,24,6.100762,0,ok,logs/seed_795054.log
795054,comp_drt,NHEFT+CompDRT,0,0.0,1,1,0,0.0914,0.057,0.1484,57.93739999999997,1.7714,20,5,199,429,429,0,36.919,1.1288,39,8,315,119,43,76,1081.6534714285713,33.0715,1,1,22,24,24,0,6.100762,0,ok,logs/seed_795054.log
612732,baseline,NHEFT,1,0.0,0,0,0,0.0883,0.0494,0.1377,44.383800000000036,1.402,27,5,281,446,446,0,34.143,1.0785,48,9,323,132,41,91,33.462718102974826,1.057,57,12,328,160,130,30,7.519886,0,ok,logs/seed_612732.log
612732,comp_drt,NHEFT+CompDRT,0,0.0,1,1,0,0.0883,0.0494,0.1377,44.383800000000036,1.402,27,5,281,446,446,0,34.143,1.0785,48,9,323,132,41,91,1286.4216302378263,40.6356,1,1,22,23,23,0,7.519886,0,ok,logs/seed_612732.log
753523,baseline,NHEFT,1,0.0,0,0,0,0.0832,0.0555,0.1387,66.86329999999985,1.7112,18,4,208,450,450,0,41.4778,1.0615,38,7,315,109,33,76,39.200503553299484,1.0033,51,9,323,149,113,36,6.58957,0,ok,logs/seed_753523.log
753523,comp_drt,NHEFT+CompDRT,0,0.0,1,1,0,0.0832,0.0555,0.1387,66.86329999999985,1.7112,18,4,208,450,450,0,41.4778,1.0615,38,7,315,109,33,76,800.4080571428575,20.4847,1,1,22,29,29,0,6.58957,0,ok,logs/seed_753523.log
239744,baseline,NHEFT,1,0.0,0,0,0,0.0859,0.0598,0.1457,48.00240000000006,1.1153,28,7,283,470,470,0,45.024300000000004,1.0461,40,9,325,129,42,87,43.14126919575114,1.0024,53,11,326,162,139,23,7.360665,0,ok,logs/seed_239744.log
239744,comp_drt,NHEFT+CompDRT,0,0.0,1,1,0,0.0859,0.0598,0.1457,48.00240000000006,1.1153,28,7,283,470,470,0,45.024300000000004,1.0461,40,9,325,129,42,87,1106.9419260273978,25.7191,1,1,22,29,29,0,7.360665,0,ok,logs/seed_239744.log
838648,baseline,NHEFT,1,0.0,0,0,0,0.0905,0.0572,0.1477,51.03509999999997,1.2149,24,5,263,455,455,0,42.0533,1.0011,56,12,324,152,43,109,42.05327134652202,1.0011,59,12,329,177,139,38,7.267333,0,ok,logs/seed_838648.log
838648,comp_drt,NHEFT+CompDRT,0,0.0,1,1,0,0.0905,0.0572,0.1477,51.03509999999997,1.2149,24,5,263,455,455,0,42.0533,1.0011,56,12,324,152,43,109,1111.112494871794,26.4496,1,1,22,25,25,0,7.267333,0,ok,logs/seed_838648.log
115403,baseline,NHEFT,1,0.0,0,0,0,0.0767,0.0476,0.1243,60.97580000000007,1.4444,22,5,250,456,456,0,42.706300000000006,1.0116,45,10,314,138,34,104,43.37722986937431,1.0275,57,13,324,170,134,36,6.354533,0,ok,logs/seed_115403.log
115403,comp_drt,NHEFT+CompDRT,0,0.0,1,1,0,0.0767,0.0476,0.1243,60.97580000000007,1.4444,22,5,250,456,456,0,42.706300000000006,1.0116,45,10,314,138,34,104,1255.9327250428817,29.7502,1,1,22,23,23,0,6.354533,0,ok,logs/seed_115403.log
712189,baseline,NHEFT,1,0.0,0,0,0,0.0933,0.069,0.1623,75.9128000000001,2.2541,19,6,206,461,461,0,40.540099999999995,1.2038,45,12,321,139,27,112,40.867482352941174,1.2135,58,13,330,169,112,57,7.277011,0,ok,logs/seed_712189.log
712189,comp_drt,NHEFT+CompDRT,0,0.0,1,1,0,0.0933,0.069,0.1623,75.9128000000001,2.2541,19,6,206,461,461,0,40.540099999999995,1.2038,45,12,321,139,27,112,1207.8470112359544,35.8652,1,1,22,28,28,0,7.277011,0,ok,logs/seed_712189.log
873143,baseline,NHEFT,1,0.0,0,0,0,0.0823,0.0483,0.1306,41.68120000000001,1.4534,32,7,288,454,454,0,37.802200000000006,1.3181,47,11,327,142,45,97,37.55175084568652,1.3094,63,12,337,187,151,36,7.276968,0,ok,logs/seed_873143.log
873143,comp_drt,NHEFT+CompDRT,0,0.0,1,1,0,0.0823,0.0483,0.1306,41.68120000000001,1.4534,32,7,288,454,454,0,37.802200000000006,1.3181,47,11,327,142,45,97,2174.5857751938,75.8245,1,1,22,25,25,0,7.276968,0,ok,logs/seed_873143.log
877233,baseline,NHEFT,1,0.0,0,0,0,0.0811,0.0461,0.1272,59.465200000000024,1.619,19,4,218,462,462,0,36.8439,1.0031,42,8,306,121,43,78,36.843911331133114,1.0031,53,12,320,164,137,27,8.419449,0,ok,logs/seed_877233.log
877233,comp_drt,NHEFT+CompDRT,0,0.0,1,1,0,0.0811,0.0461,0.1272,59.465200000000024,1.619,19,4,218,462,462,0,36.8439,1.0031,42,8,306,121,43,78,798.1539503105589,21.7299,1,1,22,30,30,0,8.419449,0,ok,logs/seed_877233.log
663658,baseline,NHEFT,1,0.0,0,0,0,0.0917,0.0714,0.1631,71.41019999999999,1.8547,21,5,234,467,467,0,48.583000000000006,1.2618,47,10,341,136,42,94,43.02120742624549,1.1173,57,12,330,174,147,27,6.283148,0,ok,logs/seed_663658.log
663658,comp_drt,NHEFT+CompDRT,0,0.0,1,1,0,0.0917,0.0714,0.1631,71.41019999999999,1.8547,21,5,234,467,467,0,48.583000000000006,1.2618,47,10,341,136,42,94,989.8572923512739,25.7086,1,1,22,23,23,0,6.283148,0,ok,logs/seed_663658.log
656054,baseline,NHEFT,1,0.0,0,0,0,0.0825,0.0406,0.1231,53.843100000000064,1.5283,21,4,247,493,493,0,36.01090000000001,1.0222,39,8,344,121,51,70,36.707023261390894,1.0419,56,12,346,152,126,26,8.202177,0,ok,logs/seed_656054.log
656054,comp_drt,NHEFT+CompDRT,0,0.0,1,1,0,0.0825,0.0406,0.1231,53.843100000000064,1.5283,21,4,247,493,493,0,36.01090000000001,1.0222,39,8,344,121,51,70,683.2189376498808,19.3928,1,1,22,28,28,0,8.202177,0,ok,logs/seed_656054.log
464471,baseline,NHEFT,1,0.0,0,0,0,0.0864,0.0633,0.1497,48.338299999999926,1.342,30,5,266,441,441,0,36.9871,1.0269,42,8,322,109,47,62,39.82143459119497,1.1056,52,10,316,137,111,26,7.202241,0,ok,logs/seed_464471.log
464471,comp_drt,NHEFT+CompDRT,0,0.0,1,1,0,0.0864,0.0633,0.1497,48.338299999999926,1.342,30,5,266,441,441,0,36.9871,1.0269,42,8,322,109,47,62,1157.9927968944107,32.15,1,1,22,30,30,0,7.202241,0,ok,logs/seed_464471.log
586510,baseline,NHEFT,1,0.0,0,0,0,0.0851,0.0629,0.148,68.42209999999992,2.1117,17,3,187,452,452,0,32.798,1.0122,44,7,315,103,45,58,33.89185606936417,1.046,54,11,330,153,126,27,6.816416,0,ok,logs/seed_586510.log
586510,comp_drt,NHEFT+CompDRT,0,0.0,1,1,0,0.0851,0.0629,0.148,68.42209999999992,2.1117,17,3,187,452,452,0,32.798,1.0122,44,7,315,103,45,58,672.2769785016288,20.7483,1,1,22,25,25,0,6.816416,0,ok,logs/seed_586510.log
50264,baseline,NHEFT,1,0.0,0,0,0,0.0854,0.0584,0.1438,59.271399999999986,1.6307,22,7,246,438,438,0,38.266000000000005,1.0528,47,10,310,142,40,102,38.71689151450053,1.0652,57,11,316,160,124,36,7.464312,0,ok,logs/seed_50264.log
50264,comp_drt,NHEFT+CompDRT,0,0.0,1,1,0,0.0854,0.0584,0.1438,59.271399999999986,1.6307,22,7,246,438,438,0,38.266000000000005,1.0528,47,10,310,142,40,102,1309.266892982456,36.0206,1,1,22,29,29,0,7.464312,0,ok,logs/seed_50264.log
719048,baseline,NHEFT,1,0.0,0,0,0,0.0918,0.0707,0.1625,59.36390000000005,1.5979,21,5,244,473,473,0,38.54070000000001,1.0374,46,11,353,129,40,89,37.59107394521049,1.0118,60,13,360,172,138,34,8.572016,0,ok,logs/seed_719048.log
719048,comp_drt,NHEFT+CompDRT,0,0.0,1,1,0,0.0918,0.0707,0.1625,59.36390000000005,1.5979,21,5,244,473,473,0,38.54070000000001,1.0374,46,11,353,129,40,89,1472.0205728434496,39.6215,1,1,22,29,29,0,8.572016,0,ok,logs/seed_719048.log
677021,baseline,NHEFT,1,0.0,0,0,0,0.0842,0.0625,0.1467,51.12240000000003,1.3988,26,5,258,460,460,0,36.6376,1.0025,48,9,340,132,45,87,36.637619096334184,1.0025,56,11,346,162,133,29,7.884806,0,ok,logs/seed_677021.log
677021,comp_drt,NHEFT+CompDRT,0,0.0,1,1,0,0.0842,0.0625,0.1467,51.12240000000003,1.3988,26,5,258,460,460,0,36.6376,1.0025,48,9,340,132,45,87,1852.4242356321834,50.6869,1,1,22,26,26,0,7.884806,0,ok,logs/seed_677021.log
861718,baseline,NHEFT,1,0.0,0,0,0,0.0958,0.0654,0.1612,67.2290999999999,2.269,21,4,214,452,452,0,35.5681,1.2004,46,9,319,130,36,94,35.75684529967427,1.2068,64,13,328,167,129,38,8.975368,0,ok,logs/seed_861718.log
861718,comp_drt,NHEFT+CompDRT,0,0.0,1,1,0,0.0958,0.0654,0.1612,67.2290999999999,2.269,21,4,214,452,452,0,35.5681,1.2004,46,9,319,130,36,94,851.235209771987,28.7288,1,1,22,26,26,0,8.975368,0,ok,logs/seed_861718.log
495401,baseline,NHEFT,1,0.0,0,0,0,0.0863,0.0486,0.1349,67.18259999999988,1.9446,18,5,206,461,461,0,36.99730000000001,1.0709,43,8,333,118,48,70,36.99729564193169,1.0709,65,11,348,175,140,35,9.564169,0,ok,logs/seed_495401.log
495401,comp_drt,NHEFT+CompDRT,0,0.0,1,1,0,0.0863,0.0486,0.1349,67.18259999999988,1.9446,18,5,206,461,461,0,36.99730000000001,1.0709,43,8,333,118,48,70,902.9817419235513,26.1372,1,1,22,28,28,0,9.564169,0,ok,logs/seed_495401.log
209510,baseline,NHEFT,1,0.0,0,0,0,0.0864,0.0556,0.142,52.51510000000004,1.2265,20,5,239,454,454,0,43.0199,1.0048,43,8,302,118,57,61,43.01990088623436,1.0048,51,9,337,147,121,26,6.138717,0,ok,logs/seed_209510.log
209510,comp_drt,NHEFT+CompDRT,0,0.0,1,1,0,0.0864,0.0556,0.142,52.51510000000004,1.2265,20,5,239,454,454,0,43.0199,1.0048,43,8,302,118,57,61,709.4829823663257,16.5703,1,1,22,28,28,0,6.138717,0,ok,logs/seed_209510.log
743312,baseline,NHEFT,1,0.0,0,0,0,0.0906,0.0687,0.1593,82.71869999999981,2.661,14,4,158,435,435,0,33.821799999999996,1.088,39,9,290,121,43,78,33.898147018739344,1.0905,54,11,317,166,131,35,6.512386,0,ok,logs/seed_743312.log
743312,comp_drt,NHEFT+CompDRT,0,0.0,1,1,0,0.0906,0.0687,0.1593,82.71869999999981,2.661,14,4,158,435,435,0,33.821799999999996,1.088,39,9,290,121,43,78,856.3129827586203,27.5469,1,1,22,26,26,0,6.512386,0,ok,logs/seed_743312.log
212694,baseline,NHEFT,1,0.0,0,0,0,0.0818,0.0607,0.1425,66.86789999999999,2.2244,19,5,220,463,463,0,37.8204,1.2581,47,11,335,137,45,92,39.28142738853503,1.3067,59,13,349,171,144,27,7.293447,0,ok,logs/seed_212694.log
212694,comp_drt,NHEFT+CompDRT,0,0.0,1,1,0,0.0818,0.0607,0.1425,66.86789999999999,2.2244,19,5,220,463,463,0,37.8204,1.2581,47,11,335,137,45,92,1288.187727388535,42.8525,1,1,22,25,25,0,7.293447,0,ok,logs/seed_212694.log
224701,baseline,NHEFT,1,0.0,0,0,0,0.0842,0.0536,0.1378,65.64759999999998,1.5084,23,5,236,436,436,0,46.6627,1.0722,35,7,303,107,31,76,46.47299983381924,1.0678,49,11,306,162,134,28,6.466828,0,ok,logs/seed_224701.log
224701,comp_drt,NHEFT+CompDRT,0,0.0,1,1,0,0.0842,0.0536,0.1378,65.64759999999998,1.5084,23,5,236,436,436,0,46.6627,1.0722,35,7,303,107,31,76,1090.018218950437,25.045,1,1,22,25,25,0,6.466828,0,ok,logs/seed_224701.log
861434,baseline,NHEFT,1,0.0,0,0,0,0.0888,0.0604,0.1492,55.00869999999987,1.5281,23,6,231,452,452,0,37.6261,1.0452,47,9,317,151,48,103,36.512182112567466,1.0143,50,12,325,162,137,25,7.921972,0,ok,logs/seed_861434.log
861434,comp_drt,NHEFT+CompDRT,0,0.0,1,1,0,0.0888,0.0604,0.1492,55.00869999999987,1.5281,23,6,231,452,452,0,37.6261,1.0452,47,9,317,151,48,103,800.7624684512433,22.2451,1,1,22,25,25,0,7.921972,0,ok,logs/seed_861434.log
844102,baseline,NHEFT,1,0.0,0,0,0,0.0789,0.0535,0.1324,63.461399999999976,1.4392,20,5,216,453,453,0,44.23609999999999,1.0032,37,8,302,105,39,66,44.49144926108374,1.009,56,13,324,166,129,37,7.186477,0,ok,logs/seed_844102.log
844102,comp_drt,NHEFT+CompDRT,0,0.0,1,1,0,0.0789,0.0535,0.1324,63.461399999999976,1.4392,20,5,216,453,453,0,44.23609999999999,1.0032,37,8,302,105,39,66,1016.1750798029565,23.0447,1,1,22,30,30,0,7.186477,0,ok,logs/seed_844102.log
722064,baseline,NHEFT,1,0.0,0,0,0,0.0807,0.0545,0.1352,52.52469999999998,1.5918,22,5,228,428,428,0,33.2736,1.0084,42,9,297,106,38,68,33.184581510015406,1.0057,65,12,317,169,134,35,7.627582,0,ok,logs/seed_722064.log
722064,comp_drt,NHEFT+CompDRT,0,0.0,1,1,0,0.0807,0.0545,0.1352,52.52469999999998,1.5918,22,5,228,428,428,0,33.2736,1.0084,42,9,297,106,38,68,998.1577141570137,30.2503,1,1,22,27,27,0,7.627582,0,ok,logs/seed_722064.log
549862,baseline,NHEFT,1,0.0,0,0,0,0.0947,0.0554,0.1501,61.12229999999998,1.6833,17,5,216,441,441,0,36.433299999999996,1.0034,43,10,335,143,43,100,36.43334288480155,1.0034,59,12,320,186,158,28,6.461266,0,ok,logs/seed_549862.log
549862,comp_drt,NHEFT+CompDRT,0,0.0,1,1,0,0.0947,0.0554,0.1501,61.12229999999998,1.6833,17,5,216,441,441,0,36.433299999999996,1.0034,43,10,335,143,43,100,1035.8855765641565,28.5286,1,1,22,28,28,0,6.461266,0,ok,logs/seed_549862.log
2010,baseline,NHEFT,1,0.0,0,0,0,0.0907,0.0499,0.1406,52.83489999999999,1.2622,23,7,262,475,475,0,42.7721,1.0218,41,9,341,145,42,103,42.06894576271186,1.005,48,11,332,174,138,36,7.484179,0,ok,logs/seed_2010.log
2010,comp_drt,NHEFT+CompDRT,0,0.0,1,1,0,0.0907,0.0499,0.1406,52.83489999999999,1.2622,23,7,262,475,475,0,42.7721,1.0218,41,9,341,145,42,103,1216.3026739130437,29.0564,1,1,22,29,29,0,7.484179,0,ok,logs/seed_2010.log
796027,baseline,NHEFT,1,0.0,0,0,0,0.0845,0.0472,0.1317,55.329999999999984,1.489,20,5,233,438,438,0,40.418400000000005,1.0877,31,7,308,115,45,70,40.32787306477732,1.0853,54,12,323,175,144,31,6.269265,0,ok,logs/seed_796027.log
796027,comp_drt,NHEFT+CompDRT,0,0.0,1,1,0,0.0845,0.0472,0.1317,55.329999999999984,1.489,20,5,233,438,438,0,40.418400000000005,1.0877,31,7,308,115,45,70,1018.4605574898779,27.4079,1,1,22,26,26,0,6.269265,0,ok,logs/seed_796027.log
401997,baseline,NHEFT,1,0.0,0,0,0,0.075,0.0507,0.1257,62.28889999999998,1.6295,18,4,218,460,460,0,42.0067,1.0989,39,9,305,126,35,91,41.548121733249054,1.0869,51,11,316,159,126,33,7.446084,0,ok,logs/seed_401997.log
401997,comp_drt,NHEFT+CompDRT,0,0.0,1,1,0,0.075,0.0507,0.1257,62.28889999999998,1.6295,18,4,218,460,460,0,42.0067,1.0989,39,9,305,126,35,91,1220.705600230681,31.9348,1,1,22,29,29,0,7.446084,0,ok,logs/seed_401997.log
35721,baseline,NHEFT,1,0.0,0,0,0,0.1005,0.055,0.1555,56.54470000000001,1.5784,20,5,229,435,435,0,36.496900000000004,1.0188,38,7,301,111,37,74,36.809807395993836,1.0275,56,11,330,165,122,43,7.92494,0,ok,logs/seed_35721.log
35721,comp_drt,NHEFT+CompDRT,0,0.0,1,1,0,0.1005,0.055,0.1555,56.54470000000001,1.5784,20,5,229,435,435,0,36.496900000000004,1.0188,38,7,301,111,37,74,737.2711998459166,20.5802,1,1,22,27,27,0,7.92494,0,ok,logs/seed_35721.log
724068,baseline,NHEFT,1,0.0,0,0,0,0.0874,0.0611,0.1485,67.73989999999989,1.6919,19,5,225,503,503,0,40.9628,1.0231,44,9,360,122,37,85,40.137499999999996,1.0025,60,12,366,169,125,44,8.882293,0,ok,logs/seed_724068.log
724068,comp_drt,NHEFT+CompDRT,0,0.0,1,1,0,0.0874,0.0611,0.1485,67.73989999999989,1.6919,19,5,225,503,503,0,40.9628,1.0231,44,9,360,122,37,85,1009.9273000000004,25.2246,1,1,22,31,31,0,8.882293,0,ok,logs/seed_724068.log
800182,baseline,NHEFT,1,0.0,0,0,0,0.0774,0.0562,0.1336,74.96959999999996,1.968,20,5,214,456,456,0,43.665499999999994,1.1462,40,9,316,125,30,95,43.66551360504201,1.1462,50,10,333,158,114,44,6.587794,0,ok,logs/seed_800182.log
800182,comp_drt,NHEFT+CompDRT,0,0.0,1,1,0,0.0774,0.0562,0.1336,74.96959999999996,1.968,20,5,214,456,456,0,43.665499999999994,1.1462,40,9,316,125,30,95,1005.3091110032359,26.3897,1,1,22,27,27,0,6.587794,0,ok,logs/seed_800182.log
937614,baseline,NHEFT,1,0.0,0,0,0,0.0764,0.0593,0.1357,75.02400000000002,1.9766,20,6,215,459,459,0,39.648,1.0446,38,11,323,142,35,107,38.23675729349736,1.0074,58,15,319,181,155,26,6.171377,0,ok,logs/seed_937614.log
937614,comp_drt,NHEFT+CompDRT,0,0.0,1,1,0,0.0764,0.0593,0.1357,75.02400000000002,1.9766,20,6,215,459,459,0,39.648,1.0446,38,11,323,142,35,107,1691.7240889273362,44.5707,1,1,22,30,30,0,6.171377,0,ok,logs/seed_937614.log
722394,baseline,NHEFT,1,0.0,0,0,0,0.0813,0.0687,0.15,58.35689999999996,1.5375,21,6,236,455,455,0,43.866200000000006,1.1557,38,10,325,138,48,90,43.3070095462581,1.141,56,12,334,185,144,41,6.160288,0,ok,logs/seed_722394.log
722394,comp_drt,NHEFT+CompDRT,0,0.0,1,1,0,0.0813,0.0687,0.15,58.35689999999996,1.5375,21,6,236,455,455,0,43.866200000000006,1.1557,38,10,325,138,48,90,1160.5506878326987,30.5761,1,1,22,25,25,0,6.160288,0,ok,logs/seed_722394.log
509760,baseline,NHEFT,1,0.0,0,0,0,0.0851,0.0546,0.1397,54.83550000000001,1.2917,26,8,270,479,479,0,43.950399999999995,1.0353,37,9,320,131,42,89,43.42888812288447,1.023,52,11,333,162,130,32,8.118867,0,ok,logs/seed_509760.log
509760,comp_drt,NHEFT+CompDRT,0,0.0,1,1,0,0.0851,0.0546,0.1397,54.83550000000001,1.2917,26,8,270,479,479,0,43.950399999999995,1.0353,37,9,320,131,42,89,974.6713164992824,22.9589,1,1,22,28,28,0,8.118867,0,ok,logs/seed_509760.log
70327,baseline,NHEFT,1,0.0,0,0,0,0.0812,0.0501,0.1313,55.99949999999986,1.2691,24,5,260,453,453,0,44.698499999999996,1.013,42,8,317,128,42,86,44.63253913043478,1.0115,51,10,312,147,122,25,6.587989,0,ok,logs/seed_70327.log
70327,comp_drt,NHEFT+CompDRT,0,0.0,1,1,0,0.0812,0.0501,0.1313,55.99949999999986,1.2691,24,5,260,453,453,0,44.698499999999996,1.013,42,8,317,128,42,86,710.6762687150837,16.1062,1,1,22,27,27,0,6.587989,0,ok,logs/seed_70327.log
750147,baseline,NHEFT,1,0.0,0,0,0,0.1047,0.0662,0.1709,61.251899999999985,1.4553,22,4,233,457,457,0,42.716800000000006,1.0149,41,7,319,110,44,66,42.34490152874646,1.0061,49,9,323,139,120,19,6.820216,0,ok,logs/seed_750147.log
750147,comp_drt,NHEFT+CompDRT,0,0.0,1,1,0,0.1047,0.0662,0.1709,61.251899999999985,1.4553,22,4,233,457,457,0,42.716800000000006,1.0149,41,7,319,110,44,66,744.2710810650884,17.6837,1,1,22,29,29,0,6.820216,0,ok,logs/seed_750147.log
460446,baseline,NHEFT,1,0.0,0,0,0,0.0895,0.0647,0.1542,69.30239999999999,1.3478,21,6,244,481,481,0,51.4834,1.0012,46,11,334,157,49,108,51.4834,1.0012,55,13,339,181,150,31,7.409621,0,ok,logs/seed_460446.log
460446,comp_drt,NHEFT+CompDRT,0,0.0,1,1,0,0.0895,0.0647,0.1542,69.30239999999999,1.3478,21,6,244,481,481,0,51.4834,1.0012,46,11,334,157,49,108,1063.1156811808123,20.6753,1,1,22,31,31,0,7.409621,0,ok,logs/seed_460446.log
748846,baseline,NHEFT,1,0.0,0,0,0,0.0818,0.062,0.1438,78.4662000000001,2.4948,14,4,183,456,456,0,36.0398,1.1459,42,9,312,123,37,86,35.38680685470085,1.1251,54,10,310,160,127,33,5.718639,0,ok,logs/seed_748846.log
748846,comp_drt,NHEFT+CompDRT,0,0.0,1,1,0,0.0818,0.062,0.1438,78.4662000000001,2.4948,14,4,183,456,456,0,36.0398,1.1459,42,9,312,123,37,86,1008.0735059829062,32.0515,1,1,22,26,26,0,5.718639,0,ok,logs/seed_748846.log
610796,baseline,NHEFT,1,0.0,0,0,0,0.0833,0.0597,0.143,78.0877,1.6286,18,4,199,485,485,0,48.129799999999996,1.0038,37,9,336,108,34,74,48.12979859154928,1.0038,51,11,338,143,105,38,7.784822,0,ok,logs/seed_610796.log
610796,comp_drt,NHEFT+CompDRT,0,0.0,1,1,0,0.0833,0.0597,0.143,78.0877,1.6286,18,4,199,485,485,0,48.129799999999996,1.0038,37,9,336,108,34,74,1342.7321985915482,28.0047,1,1,22,31,31,0,7.784822,0,ok,logs/seed_610796.log
372755,baseline,NHEFT,1,0.0,0,0,0,0.0927,0.0608,0.1535,73.91360000000003,2.2683,14,4,180,452,452,0,34.144000000000005,1.0478,36,8,317,122,39,83,36.159031034482766,1.1097,65,13,324,194,152,42,8.042192,0,ok,logs/seed_372755.log
372755,comp_drt,NHEFT+CompDRT,0,0.0,1,1,0,0.0927,0.0608,0.1535,73.91360000000003,2.2683,14,4,180,452,452,0,34.144000000000005,1.0478,36,8,317,122,39,83,987.3624555555559,30.3009,1,1,22,28,28,0,8.042192,0,ok,logs/seed_372755.log
324404,baseline,NHEFT,1,0.0,0,0,0,0.0855,0.0506,0.1361,61.11219999999993,1.996,15,3,192,443,443,0,33.4559,1.0927,38,9,298,115,45,70,32.79378257261411,1.0711,47,11,323,159,134,25,8.582528,0,ok,logs/seed_324404.log
324404,comp_drt,NHEFT+CompDRT,0,0.0,1,1,0,0.0855,0.0506,0.1361,61.11219999999993,1.996,15,3,192,443,443,0,33.4559,1.0927,38,9,298,115,45,70,881.3139400286944,28.7853,1,1,22,28,28,0,8.582528,0,ok,logs/seed_324404.log
138451,baseline,NHEFT,1,0.0,0,0,0,0.0866,0.0632,0.1498,73.56329999999994,1.6026,16,4,189,445,445,0,46.12939999999999,1.0049,37,9,315,132,29,103,46.260211464968144,1.0078,53,12,311,162,127,35,7.935827,0,ok,logs/seed_138451.log
138451,comp_drt,NHEFT+CompDRT,0,0.0,1,1,0,0.0866,0.0632,0.1498,73.56329999999994,1.6026,16,4,189,445,445,0,46.12939999999999,1.0049,37,9,315,132,29,103,1073.749855716879,23.3921,1,1,22,32,32,0,7.935827,0,ok,logs/seed_138451.log
117059,baseline,NHEFT,1,0.0,0,0,0,0.0884,0.0613,0.1497,72.9085,2.133,15,4,196,461,461,0,39.24410000000001,1.1481,43,9,322,125,40,85,35.836830571428564,1.0484,56,14,338,177,142,35,6.130947,0,ok,logs/seed_117059.log
117059,comp_drt,NHEFT+CompDRT,0,0.0,1,1,0,0.0884,0.0613,0.1497,72.9085,2.133,15,4,196,461,461,0,39.24410000000001,1.1481,43,9,322,125,40,85,1406.2287126600286,41.1408,1,1,22,29,29,0,6.130947,0,ok,logs/seed_117059.log
976782,baseline,NHEFT,1,0.0,0,0,0,0.083,0.0545,0.1375,49.05070000000003,1.0907,31,7,286,456,456,0,47.99989999999999,1.0673,42,9,319,127,39,88,48.02190288624789,1.0678,49,10,325,159,133,26,6.016836,0,ok,logs/seed_976782.log
976782,comp_drt,NHEFT+CompDRT,0,0.0,1,1,0,0.083,0.0545,0.1375,49.05070000000003,1.0907,31,7,286,456,456,0,47.99989999999999,1.0673,42,9,319,127,39,88,1171.2646815864023,26.0437,1,1,22,28,28,0,6.016836,0,ok,logs/seed_976782.log
574644,baseline,NHEFT,1,0.0,0,0,0,0.0955,0.0667,0.1622,61.177699999999966,1.2147,24,6,239,449,449,0,54.162200000000006,1.0754,35,9,310,124,46,78,51.01843604556551,1.013,51,11,317,183,154,29,6.462037,0,ok,logs/seed_574644.log
574644,comp_drt,NHEFT+CompDRT,0,0.0,1,1,0,0.0955,0.0667,0.1622,61.177699999999966,1.2147,24,6,239,449,449,0,54.162200000000006,1.0754,35,9,310,124,46,78,912.4855317880788,18.1184,1,1,22,29,29,0,6.462037,0,ok,logs/seed_574644.log
435308,baseline,NHEFT,1,0.0,0,0,0,0.0941,0.0543,0.1484,62.245400000000174,1.4309,20,5,218,456,456,0,43.66210000000001,1.0037,42,10,305,126,36,90,43.932341975308645,1.0099,61,12,332,163,123,40,6.595886,0,ok,logs/seed_435308.log
435308,comp_drt,NHEFT+CompDRT,0,0.0,1,1,0,0.0941,0.0543,0.1484,62.245400000000174,1.4309,20,5,218,456,456,0,43.66210000000001,1.0037,42,10,305,126,36,90,1055.687584016973,24.2682,1,1,22,28,28,0,6.595886,0,ok,logs/seed_435308.log
635612,baseline,NHEFT,1,0.0,0,0,0,0.082,0.0518,0.1338,58.7172,1.347,25,6,252,455,455,0,43.699799999999996,1.0025,43,9,332,141,45,96,44.07630438489646,1.0112,52,11,334,168,145,23,6.888295,0,ok,logs/seed_635612.log
635612,comp_drt,NHEFT+CompDRT,0,0.0,1,1,0,0.082,0.0518,0.1338,58.7172,1.347,25,6,252,455,455,0,43.699799999999996,1.0025,43,9,332,141,45,96,863.885779902558,19.8184,1,1,22,26,26,0,6.888295,0,ok,logs/seed_635612.log
289817,baseline,NHEFT,1,0.0,0,0,0,0.0806,0.0519,0.1325,71.26420000000005,2.059,23,6,211,455,455,0,39.75019999999999,1.1485,42,8,316,124,47,77,38.5082676625659,1.1126,55,13,328,157,131,26,7.031121,0,ok,logs/seed_289817.log
289817,comp_drt,NHEFT+CompDRT,0,0.0,1,1,0,0.0806,0.0519,0.1325,71.26420000000005,2.059,23,6,211,455,455,0,39.75019999999999,1.1485,42,8,316,124,47,77,1383.1535100864571,39.9624,1,1,22,27,27,0,7.031121,0,ok,logs/seed_289817.log
639065,baseline,NHEFT,1,0.0,0,0,0,0.0981,0.0645,0.1626,57.91750000000006,1.4168,24,6,248,469,469,0,44.4446,1.0873,44,8,330,122,38,84,43.30576558411844,1.0594,54,11,331,156,123,33,8.015804,0,ok,logs/seed_639065.log
639065,comp_drt,NHEFT+CompDRT,0,0.0,1,1,0,0.0981,0.0645,0.1626,57.91750000000006,1.4168,24,6,248,469,469,0,44.4446,1.0873,44,8,330,122,38,84,1760.9882966386565,43.0792,1,1,22,28,28,0,8.015804,0,ok,logs/seed_639065.log
650943,baseline,NHEFT,1,0.0,0,0,0,0.0865,0.0479,0.1344,61.43290000000008,1.5687,18,4,229,495,495,0,39.33269999999999,1.0044,42,9,322,112,44,68,39.67904927916119,1.0132,51,11,357,167,142,25,7.840559,0,ok,logs/seed_650943.log
650943,comp_drt,NHEFT+CompDRT,0,0.0,1,1,0,0.0865,0.0479,0.1344,61.43290000000008,1.5687,18,4,229,495,495,0,39.33269999999999,1.0044,42,9,322,112,44,68,1162.8380085190038,29.6938,1,1,22,27,27,0,7.840559,0,ok,logs/seed_650943.log
110055,baseline,NHEFT,1,0.0,0,0,0,0.0746,0.0457,0.1203,69.84070000000014,1.7931,18,5,241,492,492,0,42.250899999999994,1.0847,39,8,357,125,46,79,41.282768412213755,1.0599,57,12,367,186,147,39,7.060426,0,ok,logs/seed_110055.log
110055,comp_drt,NHEFT+CompDRT,0,0.0,1,1,0,0.0746,0.0457,0.1203,69.84070000000014,1.7931,18,5,241,492,492,0,42.250899999999994,1.0847,39,8,357,125,46,79,1033.008110227272,26.5215,1,1,22,27,27,0,7.060426,0,ok,logs/seed_110055.log
117791,baseline,NHEFT,1,0.0,0,0,0,0.0929,0.0573,0.1502,57.63050000000001,1.5352,27,6,259,443,443,0,39.7733,1.0595,44,8,314,125,45,80,40.24947523580785,1.0722,54,11,323,163,131,32,5.648879,0,ok,logs/seed_117791.log
117791,comp_drt,NHEFT+CompDRT,0,0.0,1,1,0,0.0929,0.0573,0.1502,57.63050000000001,1.5352,27,6,259,443,443,0,39.7733,1.0595,44,8,314,125,45,80,847.6153782945735,22.5798,1,1,22,26,26,0,5.648879,0,ok,logs/seed_117791.log
124685,baseline,NHEFT,1,0.0,0,0,0,0.0821,0.0519,0.134,68.42540000000005,1.7426,20,5,218,456,456,0,40.6977,1.0364,49,10,311,129,31,98,41.274686402753865,1.0511,60,13,340,171,133,38,6.855446,0,ok,logs/seed_124685.log
124685,comp_drt,NHEFT+CompDRT,0,0.0,1,1,0,0.0821,0.0519,0.134,68.42540000000005,1.7426,20,5,218,456,456,0,40.6977,1.0364,49,10,311,129,31,98,1411.3037827882954,35.9415,1,1,22,26,26,0,6.855446,0,ok,logs/seed_124685.log
997328,baseline,NHEFT,1,0.0,0,0,0,0.0796,0.0535,0.1331,60.92720000000001,1.7542,22,5,249,472,472,0,37.6194,1.0832,44,7,338,125,32,93,37.30345714285715,1.0741,56,9,341,139,112,27,6.713452,0,ok,logs/seed_997328.log
997328,comp_drt,NHEFT+CompDRT,0,0.0,1,1,0,0.0796,0.0535,0.1331,60.92720000000001,1.7542,22,5,249,472,472,0,37.6194,1.0832,44,7,338,125,32,93,929.811611111111,26.7717,1,1,22,27,27,0,6.713452,0,ok,logs/seed_997328.log
655714,baseline,NHEFT,1,0.0,0,0,0,0.0915,0.0635,0.155,76.16780000000013,2.1451,16,4,191,466,466,0,41.68769999999999,1.1741,41,8,325,142,32,110,40.011450724637676,1.1268,48,10,343,174,138,36,6.266619,0,ok,logs/seed_655714.log
655714,comp_drt,NHEFT+CompDRT,0,0.0,1,1,0,0.0915,0.0635,0.155,76.16780000000013,2.1451,16,4,191,466,466,0,41.68769999999999,1.1741,41,8,325,142,32,110,611.8862836555361,17.2326,1,1,22,26,26,0,6.266619,0,ok,logs/seed_655714.log
512136,baseline,NHEFT,1,0.0,0,0,0,0.0873,0.0509,0.1382,57.7756000000001,1.4686,19,4,244,457,457,0,42.1023,1.0702,38,8,326,106,33,73,39.81515917884131,1.012,54,12,315,154,124,30,6.0596,0,ok,logs/seed_512136.log
512136,comp_drt,NHEFT+CompDRT,0,0.0,1,1,0,0.0873,0.0509,0.1382,57.7756000000001,1.4686,19,4,244,457,457,0,42.1023,1.0702,38,8,326,106,33,73,1210.2837271537617,30.7634,1,1,22,30,30,0,6.0596,0,ok,logs/seed_512136.log
695034,baseline,NHEFT,1,0.0,0,0,0,0.0843,0.0564,0.1407,70.89879999999992,1.6664,24,6,224,469,469,0,42.89610000000001,1.0082,44,9,335,121,49,72,42.89607320872275,1.0082,52,10,329,158,137,21,7.922598,0,ok,logs/seed_695034.log
695034,comp_drt,NHEFT+CompDRT,0,0.0,1,1,0,0.0843,0.0564,0.1407,70.89879999999992,1.6664,24,6,224,469,469,0,42.89610000000001,1.0082,44,9,335,121,49,72,1006.8291131824227,23.6639,1,1,22,26,26,0,7.922598,0,ok,logs/seed_695034.log
539246,baseline,NHEFT,1,0.0,0,0,0,0.0765,0.059,0.1355,73.44899999999991,2.0542,15,3,176,438,438,0,38.8309,1.086,34,7,311,105,33,72,38.62411763298246,1.0802,54,12,316,150,115,35,6.100027,0,ok,logs/seed_539246.log
539246,comp_drt,NHEFT+CompDRT,0,0.0,1,1,0,0.0765,0.059,0.1355,73.44899999999991,2.0542,15,3,176,438,438,0,38.8309,1.086,34,7,311,105,33,72,1176.1006193370163,32.8922,1,1,22,22,22,0,6.100027,0,ok,logs/seed_539246.log
354388,baseline,NHEFT,1,0.0,0,0,0,0.0891,0.0548,0.1439,69.8376000000001,1.7762,20,5,220,476,476,0,39.523900000000005,1.0052,44,10,340,137,43,94,39.7543842917251,1.0111,58,12,341,187,141,46,6.492541,0,ok,logs/seed_354388.log
354388,comp_drt,NHEFT+CompDRT,0,0.0,1,1,0,0.0891,0.0548,0.1439,69.8376000000001,1.7762,20,5,220,476,476,0,39.523900000000005,1.0052,44,10,340,137,43,94,1265.6480499298752,32.1893,1,1,22,28,28,0,6.492541,0,ok,logs/seed_354388.log
282392,baseline,NHEFT,1,0.0,0,0,0,0.0833,0.0644,0.1477,71.26460000000003,2.0,17,4,213,461,461,0,36.336499999999994,1.0198,43,9,320,142,47,95,35.867769189143054,1.0066,57,12,348,184,135,49,8.327906,0,ok,logs/seed_282392.log
282392,comp_drt,NHEFT+CompDRT,0,0.0,1,1,0,0.0833,0.0644,0.1477,71.26460000000003,2.0,17,4,213,461,461,0,36.336499999999994,1.0198,43,9,320,142,47,95,2043.3411880503165,57.3462,1,1,22,26,26,0,8.327906,0,ok,logs/seed_282392.log
465345,baseline,NHEFT,1,0.0,0,0,0,0.0907,0.0664,0.1571,58.23549999999993,1.6397,28,5,240,452,452,0,37.8084,1.0645,49,10,330,126,44,82,36.29480131897926,1.0219,63,11,345,168,137,31,10.002588,0,ok,logs/seed_465345.log
465345,comp_drt,NHEFT+CompDRT,0,0.0,1,1,0,0.0907,0.0664,0.1571,58.23549999999993,1.6397,28,5,240,452,452,0,37.8084,1.0645,49,10,330,126,44,82,782.9748721854305,22.0451,1,1,22,26,26,0,10.002588,0,ok,logs/seed_465345.log
276209,baseline,NHEFT,1,0.0,0,0,0,0.0831,0.0475,0.1306,58.24399999999997,1.4846,22,5,225,428,428,0,41.1621,1.0492,36,8,289,112,40,72,42.12015561959654,1.0736,46,10,310,151,126,25,7.967574,0,ok,logs/seed_276209.log
276209,comp_drt,NHEFT+CompDRT,0,0.0,1,1,0,0.0831,0.0475,0.1306,58.24399999999997,1.4846,22,5,225,428,428,0,41.1621,1.0492,36,8,289,112,40,72,2061.1019712339125,52.5365,1,1,22,31,31,0,7.967574,0,ok,logs/seed_276209.log
48268,baseline,NHEFT,1,0.0,0,0,0,0.0894,0.062,0.1514,72.97659999999976,1.783,16,5,184,471,471,0,41.04110000000001,1.0027,36,8,323,124,33,91,41.04106440677967,1.0027,62,11,332,197,154,43,8.976822,0,ok,logs/seed_48268.log
48268,comp_drt,NHEFT+CompDRT,0,0.0,1,1,0,0.0894,0.062,0.1514,72.97659999999976,1.783,16,5,184,471,471,0,41.04110000000001,1.0027,36,8,323,124,33,91,1100.0260644067785,26.8763,1,1,22,25,25,0,8.976822,0,ok,logs/seed_48268.log
312904,baseline,NHEFT,1,0.0,0,0,0,0.0997,0.0682,0.1679,67.60340000000014,1.7441,14,3,184,455,455,0,39.197500000000005,1.0113,39,7,301,100,44,56,40.10886263345196,1.0348,52,10,326,129,93,36,7.459994,0,ok,logs/seed_312904.log
312904,comp_drt,NHEFT+CompDRT,0,0.0,1,1,0,0.0997,0.0682,0.1679,67.60340000000014,1.7441,14,3,184,455,455,0,39.197500000000005,1.0113,39,7,301,100,44,56,690.3979116279074,17.8115,1,1,22,33,33,0,7.459994,0,ok,logs/seed_312904.log
95163,baseline,NHEFT,1,0.0,0,0,0,0.0932,0.0785,0.1717,61.4991999999999,1.6278,23,5,236,466,466,0,38.780499999999996,1.0265,38,8,337,117,52,65,38.27122545577311,1.013,52,10,331,163,138,25,8.370568,0,ok,logs/seed_95163.log
95163,comp_drt,NHEFT+CompDRT,0,0.0,1,1,0,0.0932,0.0785,0.1717,61.4991999999999,1.6278,23,5,236,466,466,0,38.780499999999996,1.0265,38,8,337,117,52,65,1205.489481553398,31.9081,1,1,22,30,30,0,8.370568,0,ok,logs/seed_95163.log
739903,baseline,NHEFT,1,0.0,0,0,0,0.0844,0.0583,0.1427,69.00189999999995,1.9433,23,4,226,459,459,0,37.92809999999999,1.0682,46,9,327,143,47,96,35.774521243531204,1.0075,56,10,337,170,131,39,6.453419,0,ok,logs/seed_739903.log
739903,comp_drt,NHEFT+CompDRT,0,0.0,1,1,0,0.0844,0.0583,0.1427,69.00189999999995,1.9433,23,4,226,459,459,0,37.92809999999999,1.0682,46,9,327,143,47,96,830.5507000000005,23.3911,1,1,22,25,25,0,6.453419,0,ok,logs/seed_739903.log
527611,baseline,NHEFT,1,0.0,0,0,0,0.0795,0.0487,0.1282,59.47930000000001,1.6742,20,4,224,446,446,0,38.248,1.0766,38,6,314,106,44,62,37.713521628647214,1.0615,53,10,314,156,123,33,8.301303,0,ok,logs/seed_527611.log
527611,comp_drt,NHEFT+CompDRT,0,0.0,1,1,0,0.0795,0.0487,0.1282,59.47930000000001,1.6742,20,4,224,446,446,0,38.248,1.0766,38,6,314,106,44,62,794.5755169761276,22.365,1,1,22,28,28,0,8.301303,0,ok,logs/seed_527611.log
591781,baseline,NHEFT,1,0.0,0,0,0,0.0929,0.0606,0.1535,47.943900000000006,1.162,28,6,281,496,496,0,41.31709999999999,1.0014,48,10,340,127,52,75,41.322757069737676,1.0015,55,11,351,159,138,21,7.727344,0,ok,logs/seed_591781.log
591781,comp_drt,NHEFT+CompDRT,0,0.0,1,1,0,0.0929,0.0606,0.1535,47.943900000000006,1.162,28,6,281,496,496,0,41.31709999999999,1.0014,48,10,340,127,52,75,1025.711450315258,24.8593,1,1,22,26,26,0,7.727344,0,ok,logs/seed_591781.log
10602,baseline,NHEFT,1,0.0,0,0,0,0.086,0.0619,0.1479,53.81909999999984,1.6655,22,4,233,459,459,0,34.7451,1.0752,45,10,329,117,43,74,32.4512585928489,1.0043,61,12,337,160,136,24,7.39635,0,ok,logs/seed_10602.log
10602,comp_drt,NHEFT+CompDRT,0,0.0,1,1,0,0.086,0.0619,0.1479,53.81909999999984,1.6655,22,4,233,459,459,0,34.7451,1.0752,45,10,329,117,43,74,1340.5299571428575,41.4848,1,1,22,30,30,0,7.39635,0,ok,logs/seed_10602.log
91728,baseline,NHEFT,1,0.0,0,0,0,0.0981,0.0523,0.1504,68.47829999999993,1.8097,19,4,206,468,468,0,44.2391,1.1691,40,9,317,112,35,77,44.751444137022396,1.1827,59,11,340,167,134,33,6.905508,0,ok,logs/seed_91728.log
91728,comp_drt,NHEFT+CompDRT,0,0.0,1,1,0,0.0981,0.0523,0.1504,68.47829999999993,1.8097,19,4,206,468,468,0,44.2391,1.1691,40,9,317,112,35,77,921.9803254237285,24.3654,1,1,22,27,27,0,6.905508,0,ok,logs/seed_91728.log
777150,baseline,NHEFT,1,0.0,0,0,0,0.0852,0.0556,0.1408,65.2290000000003,1.7771,17,3,209,423,423,0,36.894800000000004,1.0052,41,7,305,96,28,68,38.30777683109118,1.0437,56,8,319,135,112,23,6.615044,0,ok,logs/seed_777150.log
777150,comp_drt,NHEFT+CompDRT,0,0.0,1,1,0,0.0852,0.0556,0.1408,65.2290000000003,1.7771,17,3,209,423,423,0,36.894800000000004,1.0052,41,7,305,96,28,68,1157.9748355754873,31.5483,1,1,22,28,28,0,6.615044,0,ok,logs/seed_777150.log
761499,baseline,NHEFT,1,0.0,0,0,0,0.0841,0.0532,0.1373,48.5,1.1647,21,5,270,464,464,0,41.7336,1.0022,39,10,319,116,53,63,41.7336143024619,1.0022,50,11,335,156,126,30,8.248248,0,ok,logs/seed_761499.log
761499,comp_drt,NHEFT+CompDRT,0,0.0,1,1,0,0.0841,0.0532,0.1373,48.5,1.1647,21,5,270,464,464,0,41.7336,1.0022,39,10,319,116,53,63,932.8772655172411,22.4029,1,1,22,31,31,0,8.248248,0,ok,logs/seed_761499.log
453482,baseline,NHEFT,1,0.0,0,0,0,0.0886,0.0656,0.1542,53.68389999999986,1.6009,25,5,240,444,444,0,36.342000000000006,1.0838,36,8,311,120,46,74,38.61799902387381,1.1517,53,10,326,166,135,31,6.85299,0,ok,logs/seed_453482.log
453482,comp_drt,NHEFT+CompDRT,0,0.0,1,1,0,0.0886,0.0656,0.1542,53.68389999999986,1.6009,25,5,240,444,444,0,36.342000000000006,1.0838,36,8,311,120,46,74,740.0010952998379,22.0681,1,1,22,26,26,0,6.85299,0,ok,logs/seed_453482.log
562121,baseline,NHEFT,1,0.0,0,0,0,0.0827,0.0527,0.1354,60.2681000000002,1.5929,14,4,185,430,430,0,38.06399999999999,1.006,36,7,283,112,43,69,38.063985921763866,1.006,48,10,294,140,119,21,7.011877,0,ok,logs/seed_562121.log
562121,comp_drt,NHEFT+CompDRT,0,0.0,1,1,0,0.0827,0.0527,0.1354,60.2681000000002,1.5929,14,4,185,430,430,0,38.06399999999999,1.006,36,7,283,112,43,69,836.6591928667561,22.1125,1,1,22,29,29,0,7.011877,0,ok,logs/seed_562121.log
770979,baseline,NHEFT,1,0.0,0,0,0,0.0793,0.0525,0.1318,50.03299999999996,1.25,23,5,238,442,442,0,40.08939999999999,1.0015,42,9,309,118,33,85,41.31409713467049,1.0321,51,11,307,151,129,22,6.784724,0,ok,logs/seed_770979.log
770979,comp_drt,NHEFT+CompDRT,0,0.0,1,1,0,0.0793,0.0525,0.1318,50.03299999999996,1.25,23,5,238,442,442,0,40.08939999999999,1.0015,42,9,309,118,33,85,1011.6062825214899,25.2725,1,1,22,30,30,0,6.784724,0,ok,logs/seed_770979.log
703949,baseline,NHEFT,1,0.0,0,0,0,0.0843,0.0595,0.1438,53.282099999999915,1.3827,21,6,232,458,458,0,39.317899999999995,1.0203,37,8,322,117,42,75,39.208761632362894,1.0175,53,11,330,158,131,27,8.261561,0,ok,logs/seed_703949.log
703949,comp_drt,NHEFT+CompDRT,0,0.0,1,1,0,0.0843,0.0595,0.1438,53.282099999999915,1.3827,21,6,232,458,458,0,39.317899999999995,1.0203,37,8,322,117,42,75,1913.6130174496664,49.6578,1,1,22,31,31,0,8.261561,0,ok,logs/seed_703949.log
314686,baseline,NHEFT,1,0.0,0,0,0,0.0824,0.0411,0.1235,52.702,1.1453,35,8,287,460,460,0,49.314499999999995,1.0717,44,9,331,129,37,92,51.48329325736096,1.1188,51,11,324,154,131,23,7.542357,0,ok,logs/seed_314686.log
314686,comp_drt,NHEFT+CompDRT,0,0.0,1,1,0,0.0824,0.0411,0.1235,52.702,1.1453,35,8,287,460,460,0,49.314499999999995,1.0717,44,9,331,129,37,92,1498.461122791713,32.5632,1,1,22,24,24,0,7.542357,0,ok,logs/seed_314686.log
475760,baseline,NHEFT,1,0.0,0,0,0,0.0863,0.0666,0.1529,77.23929999999986,2.1243,14,2,187,483,483,0,36.62839999999999,1.0074,44,8,350,123,36,87,36.62847229337539,1.0074,66,13,370,174,146,28,8.889885,0,ok,logs/seed_475760.log
475760,comp_drt,NHEFT+CompDRT,0,0.0,1,1,0,0.0863,0.0666,0.1529,77.23929999999986,2.1243,14,2,187,483,483,0,36.62839999999999,1.0074,44,8,350,123,36,87,682.9610287066243,18.7832,1,1,22,32,32,0,8.889885,0,ok,logs/seed_475760.log
595079,baseline,NHEFT,1,0.0,0,0,0,0.0913,0.0574,0.1487,55.3333000000001,1.6408,21,4,221,426,426,0,35.01670000000001,1.0384,41,9,307,136,46,90,35.01667320872274,1.0384,47,10,314,163,128,35,4.84874,0,ok,logs/seed_595079.log
595079,comp_drt,NHEFT+CompDRT,0,0.0,1,1,0,0.0913,0.0574,0.1487,55.3333000000001,1.6408,21,4,221,426,426,0,35.01670000000001,1.0384,41,9,307,136,46,90,611.8628222222222,18.1441,1,1,22,25,25,0,4.84874,0,ok,logs/seed_595079.log
27243,baseline,NHEFT,1,0.0,0,0,0,0.0815,0.0562,0.1377,70.6545,1.7092,20,7,216,449,449,0,41.54470000000001,1.005,48,11,334,155,38,117,41.54933237254903,1.0051,57,12,335,180,141,39,7.770158,0,ok,logs/seed_27243.log
27243,comp_drt,NHEFT+CompDRT,0,0.0,1,1,0,0.0815,0.0562,0.1377,70.6545,1.7092,20,7,216,449,449,0,41.54470000000001,1.005,48,11,334,155,38,117,1669.8789745098036,40.3958,1,1,22,29,29,0,7.770158,0,ok,logs/seed_27243.log
143022,baseline,NHEFT,1,0.0,0,0,0,0.0894,0.0709,0.1603,45.78959999999999,1.0135,29,6,273,429,429,0,45.78959999999999,1.0135,43,8,302,120,44,76,45.7895609699769,1.0135,57,12,319,158,117,41,6.972059,0,ok,logs/seed_143022.log
143022,comp_drt,NHEFT+CompDRT,0,0.0,1,1,0,0.0894,0.0709,0.1603,45.78959999999999,1.0135,29,6,273,429,429,0,45.78959999999999,1.0135,43,8,302,120,44,76,1150.0209222879682,25.4547,1,1,22,26,26,0,6.972059,0,ok,logs/seed_143022.log
958432,baseline,NHEFT,1,0.0,0,0,0,0.0828,0.0528,0.1356,58.893500000000074,1.2514,22,6,240,427,427,0,47.26,1.0042,41,9,305,132,36,96,48.01462031047865,1.0202,55,11,321,182,144,38,6.649248,0,ok,logs/seed_958432.log
958432,comp_drt,NHEFT+CompDRT,0,0.0,1,1,0,0.0828,0.0528,0.1356,58.893500000000074,1.2514,22,6,240,427,427,0,47.26,1.0042,41,9,305,132,36,96,1206.182800536193,25.6289,1,1,22,29,29,0,6.649248,0,ok,logs/seed_958432.log
799339,baseline,NHEFT,1,0.0,0,0,0,0.095,0.0665,0.1615,57.93990000000005,1.6583,19,5,222,452,452,0,35.41030000000001,1.0135,44,10,317,127,44,83,35.75107541546127,1.0232,51,12,319,154,122,32,7.689274,0,ok,logs/seed_799339.log
799339,comp_drt,NHEFT+CompDRT,0,0.0,1,1,0,0.095,0.0665,0.1615,57.93990000000005,1.6583,19,5,222,452,452,0,35.41030000000001,1.0135,44,10,317,127,44,83,1050.5256219076005,30.0665,1,1,22,25,25,0,7.689274,0,ok,logs/seed_799339.log
953842,baseline,NHEFT,1,0.0,0,0,0,0.083,0.0591,0.1421,56.29890000000011,1.5144,28,9,258,447,447,0,39.9648,1.075,46,12,315,163,42,121,39.31686821705426,1.0576,58,15,332,197,162,35,7.767142,0,ok,logs/seed_953842.log
953842,comp_drt,NHEFT+CompDRT,0,0.0,1,1,0,0.083,0.0591,0.1421,56.29890000000011,1.5144,28,9,258,447,447,0,39.9648,1.075,46,12,315,163,42,121,1105.4782960698687,29.7368,1,1,22,29,29,0,7.767142,0,ok,logs/seed_953842.log
937400,baseline,NHEFT,1,0.0,0,0,0,0.0922,0.0582,0.1504,52.49010000000002,1.4579,24,6,257,470,470,0,38.79840000000001,1.0777,38,8,329,138,40,98,38.747268613138694,1.0762,49,10,341,180,148,32,7.274461,0,ok,logs/seed_937400.log
937400,comp_drt,NHEFT+CompDRT,0,0.0,1,1,0,0.0922,0.0582,0.1504,52.49010000000002,1.4579,24,6,257,470,470,0,38.79840000000001,1.0777,38,8,329,138,40,98,613.3216080196404,17.0354,1,1,22,29,29,0,7.274461,0,ok,logs/seed_937400.log
919932,baseline,NHEFT,1,0.0,0,0,0,0.0834,0.0652,0.1486,70.87889999999997,2.0383,21,4,222,450,450,0,41.0001,1.1791,49,10,343,153,45,108,39.24397495498392,1.1286,58,12,320,192,144,48,8.698601,0,ok,logs/seed_919932.log
919932,comp_drt,NHEFT+CompDRT,0,0.0,1,1,0,0.0834,0.0652,0.1486,70.87889999999997,2.0383,21,4,222,450,450,0,41.0001,1.1791,49,10,343,153,45,108,800.9188168850075,23.0326,1,1,22,27,27,0,8.698601,0,ok,logs/seed_919932.log
786261,baseline,NHEFT,1,0.0,0,0,0,0.0818,0.0705,0.1523,84.32950000000017,2.0723,16,3,195,442,442,0,43.575500000000005,1.0708,39,6,306,103,29,74,41.6351,1.0231,51,10,314,134,105,29,8.35621,0,ok,logs/seed_786261.log
786261,comp_drt,NHEFT+CompDRT,0,0.0,1,1,0,0.0818,0.0705,0.1523,84.32950000000017,2.0723,16,3,195,442,442,0,43.575500000000005,1.0708,39,6,306,103,29,74,757.7960000000005,18.6219,1,1,22,26,26,0,8.35621,0,ok,logs/seed_786261.log
266747,baseline,NHEFT,1,0.0,0,0,0,0.0833,0.0515,0.1348,46.680099999999996,1.4646,23,5,246,450,450,0,32.7629,1.028,39,8,325,114,40,74,32.027301,1.0049,57,13,324,147,125,22,8.219427,0,ok,logs/seed_266747.log
266747,comp_drt,NHEFT+CompDRT,0,0.0,1,1,0,0.0833,0.0515,0.1348,46.680099999999996,1.4646,23,5,246,450,450,0,32.7629,1.028,39,8,325,114,40,74,1161.8552165932451,36.4544,1,1,22,31,31,0,8.219427,0,ok,logs/seed_266747.log
394465,baseline,NHEFT,1,0.0,0,0,0,0.0764,0.0612,0.1376,88.17990000000007,2.1678,18,4,208,488,488,0,41.71680000000001,1.0256,52,10,342,133,46,87,41.30135971479502,1.0154,61,11,343,171,150,21,7.416158,0,ok,logs/seed_394465.log
394465,comp_drt,NHEFT+CompDRT,0,0.0,1,1,0,0.0764,0.0612,0.1376,88.17990000000007,2.1678,18,4,208,488,488,0,41.71680000000001,1.0256,52,10,342,133,46,87,1076.7945860520092,26.472,1,1,22,27,27,0,7.416158,0,ok,logs/seed_394465.log
725987,baseline,NHEFT,1,0.0,0,0,0,0.0802,0.0477,0.1279,55.30739999999999,1.0021,39,8,312,488,488,0,55.30739999999999,1.0021,47,10,351,145,50,95,55.56920898876403,1.0068,58,12,351,185,153,32,8.214001,0,ok,logs/seed_725987.log
725987,comp_drt,NHEFT+CompDRT,0,0.0,1,1,0,0.0802,0.0477,0.1279,55.30739999999999,1.0021,39,8,312,488,488,0,55.30739999999999,1.0021,47,10,351,145,50,95,1025.7553087591232,18.5849,1,1,22,32,32,0,8.214001,0,ok,logs/seed_725987.log
224478,baseline,NHEFT,1,0.0,0,0,0,0.0768,0.0567,0.1335,63.38600000000002,1.3012,22,6,252,489,489,0,48.8555,1.0029,46,8,351,140,38,102,48.85554992086332,1.0029,56,11,356,178,143,35,8.75277,0,ok,logs/seed_224478.log
224478,comp_drt,NHEFT+CompDRT,0,0.0,1,1,0,0.0768,0.0567,0.1335,63.38600000000002,1.3012,22,6,252,489,489,0,48.8555,1.0029,46,8,351,140,38,102,837.6404588374852,17.1956,1,1,22,29,29,0,8.75277,0,ok,logs/seed_224478.log
408636,baseline,NHEFT,1,0.0,0,0,0,0.0843,0.0556,0.1399,64.41550000000005,1.6715,21,5,228,460,460,0,42.33529999999999,1.0986,43,9,325,145,38,107,42.052736009708724,1.0912,51,11,325,179,147,32,6.545321,0,ok,logs/seed_408636.log
408636,comp_drt,NHEFT+CompDRT,0,0.0,1,1,0,0.0843,0.0556,0.1399,64.41550000000005,1.6715,21,5,228,460,460,0,42.33529999999999,1.0986,43,9,325,145,38,107,881.7081835962148,22.8795,1,1,22,24,24,0,6.545321,0,ok,logs/seed_408636.log
617269,baseline,NHEFT,1,0.0,0,0,0,0.0956,0.0539,0.1495,43.388299999999994,1.253,27,5,278,453,453,0,35.0553,1.0123,46,10,327,143,48,95,34.95798694158076,1.0095,55,13,335,168,150,18,6.025638,0,ok,logs/seed_617269.log
617269,comp_drt,NHEFT+CompDRT,0,0.0,1,1,0,0.0956,0.0539,0.1495,43.388299999999994,1.253,27,5,278,453,453,0,35.0553,1.0123,46,10,327,143,48,95,1064.4345173120732,30.7394,1,1,22,30,30,0,6.025638,0,ok,logs/seed_617269.log
650122,baseline,NHEFT,1,0.0,0,0,0,0.085,0.0433,0.1283,51.289100000000076,1.3549,21,4,233,433,433,0,38.1756,1.0085,36,7,303,105,40,65,37.97062356687898,1.0031,57,11,308,155,131,24,6.849282,0,ok,logs/seed_650122.log
650122,comp_drt,NHEFT+CompDRT,0,0.0,1,1,0,0.085,0.0433,0.1283,51.289100000000076,1.3549,21,4,233,433,433,0,38.1756,1.0085,36,7,303,105,40,65,1181.4055650118207,31.2092,1,1,22,26,26,0,6.849282,0,ok,logs/seed_650122.log
522983,baseline,NHEFT,1,0.0,0,0,0,0.0911,0.0711,0.1622,82.51989999999995,1.8535,17,4,207,486,486,0,45.256000000000014,1.0165,36,7,322,96,30,66,45.374058419243994,1.0192,49,11,333,138,108,30,7.329777,0,ok,logs/seed_522983.log
522983,comp_drt,NHEFT+CompDRT,0,0.0,1,1,0,0.0911,0.0711,0.1622,82.51989999999995,1.8535,17,4,207,486,486,0,45.256000000000014,1.0165,36,7,322,96,30,66,1571.3868934707905,35.2952,1,1,22,28,28,0,7.329777,0,ok,logs/seed_522983.log
239950,baseline,NHEFT,1,0.0,0,0,0,0.0787,0.0624,0.1411,64.1081,1.7457,20,5,206,437,437,0,39.5931,1.0782,42,9,311,127,37,90,39.97820779220779,1.0886,52,10,313,170,141,29,6.544918,0,ok,logs/seed_239950.log
239950,comp_drt,NHEFT+CompDRT,0,0.0,1,1,0,0.0787,0.0624,0.1411,64.1081,1.7457,20,5,206,437,437,0,39.5931,1.0782,42,9,311,127,37,90,813.5829520625883,22.1546,1,1,22,28,28,0,6.544918,0,ok,logs/seed_239950.log
258973,baseline,NHEFT,1,0.0,0,0,0,0.0702,0.0449,0.1151,66.96089999999985,1.2512,21,5,259,479,479,0,53.6488,1.0025,40,8,323,113,36,77,53.64877339901478,1.0025,58,10,347,163,128,35,7.526773,0,ok,logs/seed_258973.log
258973,comp_drt,NHEFT+CompDRT,0,0.0,1,1,0,0.0702,0.0449,0.1151,66.96089999999985,1.2512,21,5,259,479,479,0,53.6488,1.0025,40,8,323,113,36,77,1328.4897733990135,24.8237,1,1,22,29,29,0,7.526773,0,ok,logs/seed_258973.log
824466,baseline,NHEFT,1,0.0,0,0,0,0.0864,0.0595,0.1459,58.153999999999996,1.8202,20,6,223,441,441,0,35.999100000000006,1.1268,39,10,299,149,37,112,35.84013590982286,1.1218,48,11,322,185,141,44,6.261006,0,ok,logs/seed_824466.log
824466,comp_drt,NHEFT+CompDRT,0,0.0,1,1,0,0.0864,0.0595,0.1459,58.153999999999996,1.8202,20,6,223,441,441,0,35.999100000000006,1.1268,39,10,299,149,37,112,907.6008818181822,28.4082,1,1,22,25,25,0,6.261006,0,ok,logs/seed_824466.log
682056,baseline,NHEFT,1,0.0,0,0,0,0.0784,0.0613,0.1397,68.49329999999993,1.3095,23,7,244,465,465,0,53.2029,1.0172,47,9,312,127,44,83,52.82748735536689,1.01,50,11,317,129,112,17,7.654445,0,ok,logs/seed_682056.log
682056,comp_drt,NHEFT+CompDRT,0,0.0,1,1,0,0.0784,0.0613,0.1397,68.49329999999993,1.3095,23,7,244,465,465,0,53.2029,1.0172,47,9,312,127,44,83,1222.5643760117737,23.3744,1,1,22,31,31,0,7.654445,0,ok,logs/seed_682056.log
431617,baseline,NHEFT,1,0.0,0,0,0,0.0835,0.0469,0.1304,52.5254,1.0039,26,6,291,493,493,0,52.5254,1.0039,36,8,335,116,35,81,52.77426907216495,1.0087,47,10,340,155,136,19,7.762877,0,ok,logs/seed_431617.log
431617,comp_drt,NHEFT+CompDRT,0,0.0,1,1,0,0.0835,0.0469,0.1304,52.5254,1.0039,26,6,291,493,493,0,52.5254,1.0039,36,8,335,116,35,81,1200.1633268765133,22.9389,1,1,22,29,29,0,7.762877,0,ok,logs/seed_431617.log
777731,baseline,NHEFT,1,0.0,0,0,0,0.0864,0.0703,0.1567,83.39910000000006,2.4527,14,3,180,468,468,0,35.252300000000005,1.0368,38,8,338,125,33,92,35.55321725888324,1.0456,55,11,345,171,128,43,7.166757,0,ok,logs/seed_777731.log
777731,comp_drt,NHEFT+CompDRT,0,0.0,1,1,0,0.0864,0.0703,0.1567,83.39910000000006,2.4527,14,3,180,468,468,0,35.252300000000005,1.0368,38,8,338,125,33,92,688.6282035532992,20.2522,1,1,22,29,29,0,7.166757,0,ok,logs/seed_777731.log
65523,baseline,NHEFT,1,0.0,0,0,0,0.0916,0.0537,0.1453,49.30549999999999,1.4498,21,5,254,455,455,0,36.983500000000014,1.0875,40,10,313,128,44,84,35.80897721289355,1.0529,54,12,313,167,139,28,6.516198,0,ok,logs/seed_65523.log
65523,comp_drt,NHEFT+CompDRT,0,0.0,1,1,0,0.0916,0.0537,0.1453,49.30549999999999,1.4498,21,5,254,455,455,0,36.983500000000014,1.0875,40,10,313,128,44,84,1145.798913915857,33.6914,1,1,22,26,26,0,6.516198,0,ok,logs/seed_65523.log
226267,baseline,NHEFT,1,0.0,0,0,0,0.0804,0.0587,0.1391,68.03820000000013,1.5971,21,5,233,475,475,0,45.48,1.0676,43,9,321,128,38,90,47.510328129930386,1.1152,57,11,348,171,133,38,9.967642,0,ok,logs/seed_226267.log
226267,comp_drt,NHEFT+CompDRT,0,0.0,1,1,0,0.0804,0.0587,0.1391,68.03820000000013,1.5971,21,5,233,475,475,0,45.48,1.0676,43,9,321,128,38,90,2254.8970240295735,52.9297,1,1,22,25,25,0,9.967642,0,ok,logs/seed_226267.log
20773,baseline,NHEFT,1,0.0,0,0,0,0.0855,0.0479,0.1334,53.03549999999993,1.2523,21,5,259,457,457,0,43.39659999999999,1.0247,46,9,329,119,40,79,43.396613432835814,1.0247,50,10,331,144,122,22,7.033916,0,ok,logs/seed_20773.log
20773,comp_drt,NHEFT+CompDRT,0,0.0,1,1,0,0.0855,0.0479,0.1334,53.03549999999993,1.2523,21,5,259,457,457,0,43.39659999999999,1.0247,46,9,329,119,40,79,1814.1917678815491,42.8372,1,1,22,29,29,0,7.033916,0,ok,logs/seed_20773.log
75919,baseline,NHEFT,1,0.0,0,0,0,0.0732,0.0633,0.1365,87.1534,2.078,15,4,195,464,464,0,42.14800000000001,1.0049,45,9,344,135,35,100,42.54376040268457,1.0144,58,12,339,159,111,48,7.364175,0,ok,logs/seed_75919.log
75919,comp_drt,NHEFT+CompDRT,0,0.0,1,1,0,0.0732,0.0633,0.1365,87.1534,2.078,15,4,195,464,464,0,42.14800000000001,1.0049,45,9,344,135,35,100,882.4958194630868,21.0411,1,1,22,31,31,0,7.364175,0,ok,logs/seed_75919.log
796262,baseline,NHEFT,1,0.0,0,0,0,0.0786,0.0596,0.1382,74.68720000000005,1.7132,23,5,229,477,477,0,46.365199999999994,1.0636,42,8,327,99,47,52,48.72767064071369,1.1177,50,11,353,152,134,18,6.386209,0,ok,logs/seed_796262.log
796262,comp_drt,NHEFT+CompDRT,0,0.0,1,1,0,0.0786,0.0596,0.1382,74.68720000000005,1.7132,23,5,229,477,477,0,46.365199999999994,1.0636,42,8,327,99,47,52,1186.0137909809075,27.2055,1,1,22,26,26,0,6.386209,0,ok,logs/seed_796262.log
557554,baseline,NHEFT,1,0.0,0,0,0,0.0938,0.0633,0.1571,83.1431,2.297,14,3,191,474,474,0,37.664199999999994,1.0405,50,11,338,131,40,91,37.00745895075239,1.0224,59,11,345,182,143,39,7.437596,0,ok,logs/seed_557554.log
557554,comp_drt,NHEFT+CompDRT,0,0.0,1,1,0,0.0938,0.0633,0.1571,83.1431,2.297,14,3,191,474,474,0,37.664199999999994,1.0405,50,11,338,131,40,91,961.9009949384409,26.5741,1,1,22,23,23,0,7.437596,0,ok,logs/seed_557554.log
818564,baseline,NHEFT,1,0.0,0,0,0,0.0859,0.0558,0.1417,55.801899999999904,1.3305,20,4,230,461,461,0,42.82600000000001,1.0211,41,7,317,114,38,76,42.593930823253295,1.0156,54,10,336,145,109,36,7.122511,0,ok,logs/seed_818564.log
818564,comp_drt,NHEFT+CompDRT,0,0.0,1,1,0,0.0859,0.0558,0.1417,55.801899999999904,1.3305,20,4,230,461,461,0,42.82600000000001,1.0211,41,7,317,114,38,76,832.9433111111107,19.8602,1,1,22,30,30,0,7.122511,0,ok,logs/seed_818564.log
5641,baseline,NHEFT,1,0.0,0,0,0,0.086,0.0507,0.1367,47.699100000000016,1.3077,24,6,259,432,432,0,39.47849999999998,1.0823,43,10,304,137,43,94,39.49241126025354,1.0827,55,13,319,174,144,30,6.484352,0,ok,logs/seed_5641.log
5641,comp_drt,NHEFT+CompDRT,0,0.0,1,1,0,0.086,0.0507,0.1367,47.699100000000016,1.3077,24,6,259,432,432,0,39.47849999999998,1.0823,43,10,304,137,43,94,940.0336882352939,25.7715,1,1,22,28,28,0,6.484352,0,ok,logs/seed_5641.log
80721,baseline,NHEFT,1,0.0,0,0,0,0.0881,0.0632,0.1513,59.34010000000004,1.1398,27,6,272,491,491,0,52.9809,1.0176,43,10,332,131,51,80,52.9809,1.0176,60,14,354,185,149,36,8.162607,0,ok,logs/seed_80721.log
80721,comp_drt,NHEFT+CompDRT,0,0.0,1,1,0,0.0881,0.0632,0.1513,59.34010000000004,1.1398,27,6,272,491,491,0,52.9809,1.0176,43,10,332,131,51,80,1091.2686390048148,20.9603,1,1,22,29,29,0,8.162607,0,ok,logs/seed_80721.log
14714,baseline,NHEFT,1,0.0,0,0,0,0.0826,0.0542,0.1368,68.16449999999992,1.3698,21,6,250,489,489,0,49.909399999999984,1.003,42,10,332,143,42,101,49.90938019257221,1.003,52,13,344,188,146,42,8.560791,0,ok,logs/seed_14714.log
14714,comp_drt,NHEFT+CompDRT,0,0.0,1,1,0,0.0826,0.0542,0.1368,68.16449999999992,1.3698,21,6,250,489,489,0,49.909399999999984,1.003,42,10,332,143,42,101,2367.5608914728678,47.5777,1,1,22,27,27,0,8.560791,0,ok,logs/seed_14714.log
965327,baseline,NHEFT,1,0.0,0,0,0,0.0869,0.0669,0.1538,70.16320000000003,1.7833,24,8,227,449,449,0,42.5277,1.0809,43,10,324,144,34,110,43.125499999999995,1.0961,51,13,318,170,128,42,6.131621,0,ok,logs/seed_965327.log
965327,comp_drt,NHEFT+CompDRT,0,0.0,1,1,0,0.0869,0.0669,0.1538,70.16320000000003,1.7833,24,8,227,449,449,0,42.5277,1.0809,43,10,324,144,34,110,1679.2920351233693,42.6816,1,1,22,29,29,0,6.131621,0,ok,logs/seed_965327.log
460722,baseline,NHEFT,1,0.0,0,0,0,0.0845,0.0562,0.1407,62.918899999999994,1.732,17,4,202,434,434,0,38.96269999999999,1.0725,36,8,297,104,35,69,38.489324461343465,1.0595,48,11,301,152,128,24,6.451024,0,ok,logs/seed_460722.log
460722,comp_drt,NHEFT+CompDRT,0,0.0,1,1,0,0.0845,0.0562,0.1407,62.918899999999994,1.732,17,4,202,434,434,0,38.96269999999999,1.0725,36,8,297,104,35,69,1257.994121546261,34.6286,1,1,22,30,30,0,6.451024,0,ok,logs/seed_460722.log
724036,baseline,NHEFT,1,0.0,0,0,0,0.083,0.0535,0.1365,68.2353,1.2248,19,4,226,448,448,0,55.9226,1.0038,38,7,306,89,32,57,55.92253253942428,1.0038,50,9,305,131,108,23,6.505635,0,ok,logs/seed_724036.log
724036,comp_drt,NHEFT+CompDRT,0,0.0,1,1,0,0.083,0.0535,0.1365,68.2353,1.2248,19,4,226,448,448,0,55.9226,1.0038,38,7,306,89,32,57,1267.1913767209019,22.7458,1,1,22,32,32,0,6.505635,0,ok,logs/seed_724036.log
901968,baseline,NHEFT,1,0.0,0,0,0,0.0915,0.0549,0.1464,50.280999999999985,1.4527,23,6,252,461,461,0,37.004999999999995,1.0692,37,8,328,118,49,69,37.00502247191011,1.0692,58,11,330,174,151,23,7.791026,0,ok,logs/seed_901968.log
901968,comp_drt,NHEFT+CompDRT,0,0.0,1,1,0,0.0915,0.0549,0.1464,50.280999999999985,1.4527,23,6,252,461,461,0,37.004999999999995,1.0692,37,8,328,118,49,69,920.1317497041425,26.5848,1,1,22,24,24,0,7.791026,0,ok,logs/seed_901968.log
287728,baseline,NHEFT,1,0.0,0,0,0,0.0906,0.0565,0.1471,59.65339999999999,1.6256,27,7,257,477,477,0,37.156800000000004,1.0126,44,9,346,131,42,89,37.697398337112624,1.0273,59,12,340,167,143,24,9.32391,0,ok,logs/seed_287728.log
287728,comp_drt,NHEFT+CompDRT,0,0.0,1,1,0,0.0906,0.0565,0.1471,59.65339999999999,1.6256,27,7,257,477,477,0,37.156800000000004,1.0126,44,9,346,131,42,89,1569.948062034512,42.7834,1,1,22,30,30,0,9.32391,0,ok,logs/seed_287728.log
747287,baseline,NHEFT,1,0.0,0,0,0,0.0882,0.0609,0.1491,85.33080000000007,2.5449,15,3,175,470,470,0,36.0151,1.0741,44,8,323,107,42,65,35.51614803328509,1.0592,57,12,341,148,117,31,6.697186,0,ok,logs/seed_747287.log
747287,comp_drt,NHEFT+CompDRT,0,0.0,1,1,0,0.0882,0.0609,0.1491,85.33080000000007,2.5449,15,3,175,470,470,0,36.0151,1.0741,44,8,323,107,42,65,1371.5227180432012,40.9045,1,1,22,27,27,0,6.697186,0,ok,logs/seed_747287.log
867108,baseline,NHEFT,1,0.0,0,0,0,0.0858,0.0619,0.1477,66.49650000000005,1.8653,20,5,209,454,454,0,41.19419999999998,1.1556,41,7,315,116,30,86,42.511538737446195,1.1925,51,9,318,150,125,25,7.285478,0,ok,logs/seed_867108.log
867108,comp_drt,NHEFT+CompDRT,0,0.0,1,1,0,0.0858,0.0619,0.1477,66.49650000000005,1.8653,20,5,209,454,454,0,41.19419999999998,1.1556,41,7,315,116,30,86,749.1510387374456,21.0147,1,1,22,26,26,0,7.285478,0,ok,logs/seed_867108.log
196697,baseline,NHEFT,1,0.0,0,0,0,0.0883,0.0682,0.1565,62.99669999999999,1.5628,20,6,218,456,456,0,42.430699999999995,1.0526,38,8,324,125,35,90,41.95813883161511,1.0409,48,10,323,172,135,37,5.782912,0,ok,logs/seed_196697.log
196697,comp_drt,NHEFT+CompDRT,0,0.0,1,1,0,0.0883,0.0682,0.1565,62.99669999999999,1.5628,20,6,218,456,456,0,42.430699999999995,1.0526,38,8,324,125,35,90,1332.00809249012,33.044,1,1,22,27,27,0,5.782912,0,ok,logs/seed_196697.log
635464,baseline,NHEFT,1,0.0,0,0,0,0.0823,0.0688,0.1511,87.47679999999995,1.6549,18,5,205,468,468,0,53.161300000000004,1.0057,42,8,329,129,45,84,57.68849484536082,1.0914,49,11,316,175,136,39,7.755682,0,ok,logs/seed_635464.log
635464,comp_drt,NHEFT+CompDRT,0,0.0,1,1,0,0.0823,0.0688,0.1511,87.47679999999995,1.6549,18,5,205,468,468,0,53.161300000000004,1.0057,42,8,329,129,45,84,907.1924219931273,17.1626,1,1,22,25,25,0,7.755682,0,ok,logs/seed_635464.log
389228,baseline,NHEFT,1,0.0,0,0,0,0.0888,0.0556,0.1444,65.95269999999992,1.3515,17,4,211,450,450,0,48.951699999999995,1.0031,39,7,308,106,45,61,48.95173352855051,1.0031,52,9,320,157,130,27,7.377075,0,ok,logs/seed_389228.log
389228,comp_drt,NHEFT+CompDRT,0,0.0,1,1,0,0.0888,0.0556,0.1444,65.95269999999992,1.3515,17,4,211,450,450,0,48.951699999999995,1.0031,39,7,308,106,45,61,922.0167335285505,18.8945,1,1,22,30,30,0,7.377075,0,ok,logs/seed_389228.log
813617,baseline,NHEFT,1,0.0,0,0,0,0.0867,0.0608,0.1475,56.86620000000003,1.5298,23,5,250,458,458,0,42.289899999999996,1.1377,52,10,328,145,48,97,41.483399999999996,1.116,63,13,326,182,150,32,7.371692,0,ok,logs/seed_813617.log
813617,comp_drt,NHEFT+CompDRT,0,0.0,1,1,0,0.0867,0.0608,0.1475,56.86620000000003,1.5298,23,5,250,458,458,0,42.289899999999996,1.1377,52,10,328,145,48,97,1464.8000285318556,39.4066,1,1,22,24,24,0,7.371692,0,ok,logs/seed_813617.log
232555,baseline,NHEFT,1,0.0,0,0,0,0.0815,0.0637,0.1452,67.48010000000023,1.4725,18,5,224,480,480,0,46.55850000000001,1.016,41,9,331,139,48,91,46.26753993129772,1.0096,60,13,333,189,158,31,8.229457,0,ok,logs/seed_232555.log
232555,comp_drt,NHEFT+CompDRT,0,0.0,1,1,0,0.0815,0.0637,0.1452,67.48010000000023,1.4725,18,5,224,480,480,0,46.55850000000001,1.016,41,9,331,139,48,91,1484.9462980132444,32.4034,1,1,22,32,32,0,8.229457,0,ok,logs/seed_232555.log
932496,baseline,NHEFT,1,0.0,0,0,0,0.0885,0.0734,0.1619,88.01469999999999,2.1919,14,3,187,473,473,0,40.513000000000005,1.0089,42,9,330,114,29,85,41.06031697416974,1.0225,58,13,342,165,123,42,7.351182,0,ok,logs/seed_932496.log
932496,comp_drt,NHEFT+CompDRT,0,0.0,1,1,0,0.0885,0.0734,0.1619,88.01469999999999,2.1919,14,3,187,473,473,0,40.513000000000005,1.0089,42,9,330,114,29,85,994.1391313653137,24.7575,1,1,22,30,30,0,7.351182,0,ok,logs/seed_932496.log
544493,baseline,NHEFT,1,0.0,0,0,0,0.0987,0.0675,0.1662,88.16019999999992,1.8067,13,3,172,466,466,0,48.9432,1.003,34,6,305,92,37,55,53.428812221122115,1.0949,58,12,322,153,113,40,8.474301,0,ok,logs/seed_544493.log
544493,comp_drt,NHEFT+CompDRT,0,0.0,1,1,0,0.0987,0.0675,0.1662,88.16019999999992,1.8067,13,3,172,466,466,0,48.9432,1.003,34,6,305,92,37,55,912.3353063291148,18.6964,1,1,22,30,30,0,8.474301,0,ok,logs/seed_544493.log
174431,baseline,NHEFT,1,0.0,0,0,0,0.0944,0.066,0.1604,72.58080000000004,2.0295,18,4,201,440,440,0,37.75070000000001,1.0556,40,8,320,120,48,72,37.91415555555556,1.0602,52,11,321,161,132,29,7.129622,0,ok,logs/seed_174431.log
174431,comp_drt,NHEFT+CompDRT,0,0.0,1,1,0,0.0944,0.066,0.1604,72.58080000000004,2.0295,18,4,201,440,440,0,37.75070000000001,1.0556,40,8,320,120,48,72,819.7974631659056,22.9235,1,1,22,28,28,0,7.129622,0,ok,logs/seed_174431.log
715533,baseline,NHEFT,1,0.0,0,0,0,0.0837,0.053,0.1367,61.109799999999986,1.5319,22,6,251,461,461,0,43.02319999999999,1.0785,43,9,320,131,35,96,40.77736228460544,1.0222,56,13,335,178,135,43,7.083822,0,ok,logs/seed_715533.log
715533,comp_drt,NHEFT+CompDRT,0,0.0,1,1,0,0.0837,0.053,0.1367,61.109799999999986,1.5319,22,6,251,461,461,0,43.02319999999999,1.0785,43,9,320,131,35,96,1873.4315294954718,46.9627,1,1,22,29,29,0,7.083822,0,ok,logs/seed_715533.log
710115,baseline,NHEFT,1,0.0,0,0,0,0.0802,0.0563,0.1365,58.0438,1.0996,19,5,216,435,435,0,52.912800000000004,1.0024,41,8,282,109,35,74,53.28970987654321,1.0095,57,11,311,161,127,34,7.455476,0,ok,logs/seed_710115.log
710115,comp_drt,NHEFT+CompDRT,0,0.0,1,1,0,0.0802,0.0563,0.1365,58.0438,1.0996,19,5,216,435,435,0,52.912800000000004,1.0024,41,8,282,109,35,74,851.5102844106467,16.1314,1,1,22,29,29,0,7.455476,0,ok,logs/seed_710115.log
69527,baseline,NHEFT,1,0.0,0,0,0,0.0901,0.063,0.1531,70.78440000000016,1.948,15,3,208,469,469,0,36.6537,1.0087,45,11,336,123,38,85,36.651640718562874,1.0087,59,13,336,159,133,26,9.119057,0,ok,logs/seed_69527.log
69527,comp_drt,NHEFT+CompDRT,0,0.0,1,1,0,0.0901,0.063,0.1531,70.78440000000016,1.948,15,3,208,469,469,0,36.6537,1.0087,45,11,336,123,38,85,1087.0700733031674,29.9161,1,1,22,26,26,0,9.119057,0,ok,logs/seed_69527.log
584456,baseline,NHEFT,1,0.0,0,0,0,0.0884,0.0547,0.1431,67.72460000000008,1.8768,17,4,203,459,459,0,36.265699999999995,1.005,41,9,337,121,46,75,36.307436363636356,1.0061,56,11,335,173,152,21,6.499122,0,ok,logs/seed_584456.log
584456,comp_drt,NHEFT+CompDRT,0,0.0,1,1,0,0.0884,0.0547,0.1431,67.72460000000008,1.8768,17,4,203,459,459,0,36.265699999999995,1.005,41,9,337,121,46,75,815.5576219251333,22.6006,1,1,22,27,27,0,6.499122,0,ok,logs/seed_584456.log
678197,baseline,NHEFT,1,0.0,0,0,0,0.0816,0.0567,0.1383,60.6141,1.5731,18,3,212,468,468,0,39.7232,1.0309,48,10,316,128,37,91,39.301350464396286,1.02,52,10,329,149,126,23,6.728325,0,ok,logs/seed_678197.log
678197,comp_drt,NHEFT+CompDRT,0,0.0,1,1,0,0.0816,0.0567,0.1383,60.6141,1.5731,18,3,212,468,468,0,39.7232,1.0309,48,10,316,128,37,91,794.5435393989987,20.6205,1,1,22,27,27,0,6.728325,0,ok,logs/seed_678197.log
871381,baseline,NHEFT,1,0.0,0,0,0,0.0851,0.0544,0.1395,58.4541,1.5677,21,5,227,438,438,0,40.163399999999996,1.0772,41,8,307,128,38,90,40.61916435403727,1.0894,55,10,320,166,129,37,5.914486,0,ok,logs/seed_871381.log
871381,comp_drt,NHEFT+CompDRT,0,0.0,1,1,0,0.0851,0.0544,0.1395,58.4541,1.5677,21,5,227,438,438,0,40.163399999999996,1.0772,41,8,307,128,38,90,788.5124479166668,21.1479,1,1,22,29,29,0,5.914486,0,ok,logs/seed_871381.log
855755,baseline,NHEFT,1,0.0,0,0,0,0.0866,0.0704,0.157,85.19200000000004,2.1903,12,3,173,461,461,0,40.309000000000005,1.0363,48,11,324,138,41,97,39.26365065034965,1.0095,61,15,338,169,132,37,8.418707,0,ok,logs/seed_855755.log
855755,comp_drt,NHEFT+CompDRT,0,0.0,1,1,0,0.0866,0.0704,0.157,85.19200000000004,2.1903,12,3,173,461,461,0,40.309000000000005,1.0363,48,11,324,138,41,97,858.4347563273074,22.0702,1,1,22,29,29,0,8.418707,0,ok,logs/seed_855755.log
137836,baseline,NHEFT,1,0.0,0,0,0,0.0831,0.0564,0.1395,64.74539999999993,1.7473,19,5,218,442,442,0,42.4809,1.1464,42,9,310,128,46,82,41.30053032659409,1.1146,53,12,312,159,136,23,6.997087,0,ok,logs/seed_137836.log
137836,comp_drt,NHEFT+CompDRT,0,0.0,1,1,0,0.0831,0.0564,0.1395,64.74539999999993,1.7473,19,5,218,442,442,0,42.4809,1.1464,42,9,310,128,46,82,1044.5521287292809,28.189,1,1,22,24,24,0,6.997087,0,ok,logs/seed_137836.log
560927,baseline,NHEFT,1,0.0,0,0,0,0.0744,0.0597,0.1341,76.15680000000012,1.8623,15,4,198,450,450,0,42.08190000000001,1.0291,40,8,321,117,28,89,41.11179706840392,1.0053,53,10,318,164,122,42,6.77528,0,ok,logs/seed_560927.log
560927,comp_drt,NHEFT+CompDRT,0,0.0,1,1,0,0.0744,0.0597,0.1341,76.15680000000012,1.8623,15,4,198,450,450,0,42.08190000000001,1.0291,40,8,321,117,28,89,1547.841097068404,37.8509,1,1,22,29,29,0,6.77528,0,ok,logs/seed_560927.log
47925,baseline,NHEFT,1,0.0,0,0,0,0.0869,0.0674,0.1543,62.06659999999995,1.5718,21,6,210,419,419,0,39.565,1.002,42,9,299,114,43,71,39.56502207792207,1.002,57,14,308,166,134,32,7.195359,0,ok,logs/seed_47925.log
47925,comp_drt,NHEFT+CompDRT,0,0.0,1,1,0,0.0869,0.0674,0.1543,62.06659999999995,1.5718,21,6,210,419,419,0,39.565,1.002,42,9,299,114,43,71,917.2700441558433,23.2296,1,1,22,27,27,0,7.195359,0,ok,logs/seed_47925.log
667073,baseline,NHEFT,1,0.0,0,0,0,0.0784,0.0465,0.1249,46.87759999999994,1.21,27,7,261,431,431,0,39.0327,1.0075,42,10,311,147,50,97,38.822608500345545,1.0021,45,11,320,168,150,18,6.457016,0,ok,logs/seed_667073.log
667073,comp_drt,NHEFT+CompDRT,0,0.0,1,1,0,0.0784,0.0465,0.1249,46.87759999999994,1.21,27,7,261,431,431,0,39.0327,1.0075,42,10,311,147,50,97,1033.0705668171552,26.6651,1,1,22,25,25,0,6.457016,0,ok,logs/seed_667073.log
153349,baseline,NHEFT,1,0.0,0,0,0,0.0871,0.0536,0.1407,58.04689999999988,1.188,24,6,269,470,470,0,49.03159999999999,1.0035,46,11,318,136,38,98,49.03163510895883,1.0035,55,12,350,182,150,32,7.485489,0,ok,logs/seed_153349.log
153349,comp_drt,NHEFT+CompDRT,0,0.0,1,1,0,0.0871,0.0536,0.1407,58.04689999999988,1.188,24,6,269,470,470,0,49.03159999999999,1.0035,46,11,318,136,38,98,843.8784540540537,17.2716,1,1,22,28,28,0,7.485489,0,ok,logs/seed_153349.log
263035,baseline,NHEFT,1,0.0,0,0,0,0.0801,0.0565,0.1366,64.16389999999994,1.6566,20,4,245,474,474,0,40.0653,1.0344,45,7,342,124,42,82,39.53761828571429,1.0208,53,9,358,164,128,36,7.065281,0,ok,logs/seed_263035.log
263035,comp_drt,NHEFT+CompDRT,0,0.0,1,1,0,0.0801,0.0565,0.1366,64.16389999999994,1.6566,20,4,245,474,474,0,40.0653,1.0344,45,7,342,124,42,82,811.039028571429,20.939,1,1,22,27,27,0,7.065281,0,ok,logs/seed_263035.log
782665,baseline,NHEFT,1,0.0,0,0,0,0.0769,0.0557,0.1326,59.64109999999993,1.2194,26,7,269,452,452,0,50.51989999999999,1.0329,41,10,327,134,37,97,49.59227290431837,1.0139,58,11,317,173,138,35,6.354531,0,ok,logs/seed_782665.log
782665,comp_drt,NHEFT+CompDRT,0,0.0,1,1,0,0.0769,0.0557,0.1326,59.64109999999993,1.2194,26,7,269,452,452,0,50.51989999999999,1.0329,41,10,327,134,37,97,885.1848627906976,18.0975,1,1,22,24,24,0,6.354531,0,ok,logs/seed_782665.log
372049,baseline,NHEFT,1,0.0,0,0,0,0.0864,0.0482,0.1346,60.930100000000046,1.2971,19,4,250,483,483,0,49.043000000000006,1.0441,40,8,345,124,38,86,49.04296946564886,1.0441,48,11,352,171,138,33,7.714943,0,ok,logs/seed_372049.log
372049,comp_drt,NHEFT+CompDRT,0,0.0,1,1,0,0.0864,0.0482,0.1346,60.930100000000046,1.2971,19,4,250,483,483,0,49.043000000000006,1.0441,40,8,345,124,38,86,751.6194748691095,16.0013,1,1,22,28,28,0,7.714943,0,ok,logs/seed_372049.log
15262,baseline,NHEFT,1,0.0,0,0,0,0.0962,0.0773,0.1735,78.97169999999997,2.3269,13,3,169,449,449,0,39.576,1.1661,49,10,312,138,36,102,35.97798463884674,1.0601,54,12,334,156,112,44,8.787239,0,ok,logs/seed_15262.log
15262,comp_drt,NHEFT+CompDRT,0,0.0,1,1,0,0.0962,0.0773,0.1735,78.97169999999997,2.3269,13,3,169,449,449,0,39.576,1.1661,49,10,312,138,36,102,1105.7134417298935,32.5791,1,1,22,29,29,0,8.787239,0,ok,logs/seed_15262.log
745342,baseline,NHEFT,1,0.0,0,0,0,0.0939,0.0511,0.145,65.35170000000011,1.624,24,5,242,485,485,0,40.320899999999995,1.002,45,9,342,129,36,93,43.1377405940594,1.072,54,11,341,155,117,38,8.921544,0,ok,logs/seed_745342.log
745342,comp_drt,NHEFT+CompDRT,0,0.0,1,1,0,0.0939,0.0511,0.145,65.35170000000011,1.624,24,5,242,485,485,0,40.320899999999995,1.002,45,9,342,129,36,93,1583.143707920791,39.3411,1,1,22,29,29,0,8.921544,0,ok,logs/seed_745342.log
437809,baseline,NHEFT,1,0.0,0,0,0,0.0934,0.0563,0.1497,48.563300000000126,1.3786,23,5,234,426,426,0,35.76659999999999,1.0153,42,9,297,115,45,70,35.41809785870889,1.0054,54,11,306,157,132,25,8.003511,0,ok,logs/seed_437809.log
437809,comp_drt,NHEFT+CompDRT,0,0.0,1,1,0,0.0934,0.0563,0.1497,48.563300000000126,1.3786,23,5,234,426,426,0,35.76659999999999,1.0153,42,9,297,115,45,70,1326.6761988980713,37.6613,1,1,22,26,26,0,8.003511,0,ok,logs/seed_437809.log
987435,baseline,NHEFT,1,0.0,0,0,0,0.096,0.0539,0.1499,56.74030000000009,1.9022,23,6,231,466,466,0,36.3624,1.219,41,8,337,136,39,97,35.65151572549019,1.1952,59,13,330,172,141,31,8.561273,0,ok,logs/seed_987435.log
987435,comp_drt,NHEFT+CompDRT,0,0.0,1,1,0,0.096,0.0539,0.1499,56.74030000000009,1.9022,23,6,231,466,466,0,36.3624,1.219,41,8,337,136,39,97,824.726747381546,27.6487,1,1,22,27,27,0,8.561273,0,ok,logs/seed_987435.log
146585,baseline,NHEFT,1,0.0,0,0,0,0.0838,0.0592,0.143,77.43809999999989,1.7701,24,5,237,488,488,0,48.861100000000015,1.1169,42,9,334,118,32,86,48.87674705882351,1.1172,57,12,354,176,139,37,9.764989,0,ok,logs/seed_146585.log
146585,comp_drt,NHEFT+CompDRT,0,0.0,1,1,0,0.0838,0.0592,0.143,77.43809999999989,1.7701,24,5,237,488,488,0,48.861100000000015,1.1169,42,9,334,118,32,86,1288.1886816993476,29.4457,1,1,22,27,27,0,9.764989,0,ok,logs/seed_146585.log
368863,baseline,NHEFT,1,0.0,0,0,0,0.0827,0.0556,0.1383,71.40140000000011,1.4816,21,4,225,473,473,0,48.53530000000001,1.0071,36,6,322,102,35,67,48.84066172839506,1.0134,50,11,324,158,120,38,7.697683,0,ok,logs/seed_368863.log
368863,comp_drt,NHEFT+CompDRT,0,0.0,1,1,0,0.0827,0.0556,0.1383,71.40140000000011,1.4816,21,4,225,473,473,0,48.53530000000001,1.0071,36,6,322,102,35,67,868.2439851851849,18.0159,1,1,22,26,26,0,7.697683,0,ok,logs/seed_368863.log
572806,baseline,NHEFT,1,0.0,0,0,0,0.0884,0.0608,0.1492,61.275800000000125,1.6895,21,6,229,475,475,0,37.3685,1.0304,44,10,338,145,56,89,36.98979849415692,1.0199,57,13,352,199,166,33,7.717465,0,ok,logs/seed_572806.log
572806,comp_drt,NHEFT+CompDRT,0,0.0,1,1,0,0.0884,0.0608,0.1492,61.275800000000125,1.6895,21,6,229,475,475,0,37.3685,1.0304,44,10,338,145,56,89,1308.6500389937107,36.0832,1,1,22,30,30,0,7.717465,0,ok,logs/seed_572806.log
198288,baseline,NHEFT,1,0.0,0,0,0,0.0924,0.059,0.1514,53.756799999999984,1.5268,26,5,262,474,474,0,36.25749999999999,1.0298,51,11,343,132,44,88,36.3296106351551,1.0319,68,13,354,183,160,23,7.282132,0,ok,logs/seed_198288.log
198288,comp_drt,NHEFT+CompDRT,0,0.0,1,1,0,0.0924,0.059,0.1514,53.756799999999984,1.5268,26,5,262,474,474,0,36.25749999999999,1.0298,51,11,343,132,44,88,1032.1204377483443,29.3149,1,1,22,27,27,0,7.282132,0,ok,logs/seed_198288.log
110116,baseline,NHEFT,1,0.0,0,0,0,0.0817,0.0494,0.1311,66.85859999999991,1.4941,18,4,232,470,470,0,44.87370000000001,1.0028,38,7,327,109,31,78,44.873711316397234,1.0028,54,10,326,146,110,36,6.66987,0,ok,logs/seed_110116.log
110116,comp_drt,NHEFT+CompDRT,0,0.0,1,1,0,0.0817,0.0494,0.1311,66.85859999999991,1.4941,18,4,232,470,470,0,44.87370000000001,1.0028,38,7,327,109,31,78,1495.6796783919594,33.4237,1,1,22,30,30,0,6.66987,0,ok,logs/seed_110116.log
149047,baseline,NHEFT,1,0.0,0,0,0,0.0937,0.0564,0.1501,51.41320000000008,1.6438,22,4,256,484,484,0,35.15910000000001,1.1241,43,8,342,109,43,66,35.32107567904509,1.1293,58,10,345,141,117,24,8.139602,0,ok,logs/seed_149047.log
149047,comp_drt,NHEFT+CompDRT,0,0.0,1,1,0,0.0937,0.0564,0.1501,51.41320000000008,1.6438,22,4,256,484,484,0,35.15910000000001,1.1241,43,8,342,109,43,66,971.448550238474,31.0594,1,1,22,28,28,0,8.139602,0,ok,logs/seed_149047.log
864824,baseline,NHEFT,1,0.0,0,0,0,0.0813,0.0643,0.1456,71.69179999999996,2.0359,15,4,183,424,424,0,35.8859,1.0191,35,9,293,121,32,89,37.15647560137458,1.0552,61,13,317,168,133,35,6.223601,0,ok,logs/seed_864824.log
864824,comp_drt,NHEFT+CompDRT,0,0.0,1,1,0,0.0813,0.0643,0.1456,71.69179999999996,2.0359,15,4,183,424,424,0,35.8859,1.0191,35,9,293,121,32,89,1337.0372848797244,37.97,1,1,22,28,28,0,6.223601,0,ok,logs/seed_864824.log
801768,baseline,NHEFT,1,0.0,0,0,0,0.0872,0.0499,0.1371,53.52430000000003,1.4902,23,5,261,469,469,0,39.9026,1.1109,44,10,325,134,42,92,39.185764277958754,1.091,58,12,337,174,132,42,8.533014,0,ok,logs/seed_801768.log
801768,comp_drt,NHEFT+CompDRT,0,0.0,1,1,0,0.0872,0.0499,0.1371,53.52430000000003,1.4902,23,5,261,469,469,0,39.9026,1.1109,44,10,325,134,42,92,1091.6706588744587,30.3934,1,1,22,25,25,0,8.533014,0,ok,logs/seed_801768.log
262875,baseline,NHEFT,1,0.0,0,0,0,0.0868,0.0514,0.1382,56.5715,1.462,25,5,258,476,476,0,43.454100000000004,1.123,40,8,310,121,39,82,43.21505608308606,1.1168,51,11,334,154,128,26,6.627952,0,ok,logs/seed_262875.log
262875,comp_drt,NHEFT+CompDRT,0,0.0,1,1,0,0.0868,0.0514,0.1382,56.5715,1.462,25,5,258,476,476,0,43.454100000000004,1.123,40,8,310,121,39,82,862.1484104861779,22.2809,1,1,22,26,26,0,6.627952,0,ok,logs/seed_262875.log
524794,baseline,NHEFT,1,0.0,0,0,0,0.0759,0.0458,0.1217,56.85559999999993,1.1262,28,6,274,488,488,0,50.613699999999994,1.0026,38,9,318,116,34,82,50.61366428571428,1.0026,54,10,332,160,140,20,8.883398,0,ok,logs/seed_524794.log
524794,comp_drt,NHEFT+CompDRT,0,0.0,1,1,0,0.0759,0.0458,0.1217,56.85559999999993,1.1262,28,6,274,488,488,0,50.613699999999994,1.0026,38,9,318,116,34,82,2365.971813449023,46.8657,1,1,22,29,29,0,8.883398,0,ok,logs/seed_524794.log
824487,baseline,NHEFT,1,0.0,0,0,0,0.08,0.0627,0.1427,86.0822000000001,1.9041,13,3,184,466,466,0,51.33069999999999,1.1354,33,7,312,90,45,45,45.39449980879541,1.0041,46,9,316,145,115,30,5.48443,0,ok,logs/seed_824487.log
824487,comp_drt,NHEFT+CompDRT,0,0.0,1,1,0,0.08,0.0627,0.1427,86.0822000000001,1.9041,13,3,184,466,466,0,51.33069999999999,1.1354,33,7,312,90,45,45,920.5822352087123,20.3626,1,1,22,32,32,0,5.48443,0,ok,logs/seed_824487.log
927335,baseline,NHEFT,1,0.0,0,0,0,0.0849,0.0565,0.1414,52.73889999999997,1.1511,23,5,254,448,448,0,48.203300000000006,1.0521,37,7,294,103,42,61,47.071676757575766,1.0274,53,10,320,159,137,22,6.888786,0,ok,logs/seed_927335.log
927335,comp_drt,NHEFT+CompDRT,0,0.0,1,1,0,0.0849,0.0565,0.1414,52.73889999999997,1.1511,23,5,254,448,448,0,48.203300000000006,1.0521,37,7,294,103,42,61,842.5000819209033,18.3893,1,1,22,27,27,0,6.888786,0,ok,logs/seed_927335.log
982015,baseline,NHEFT,1,0.0,0,0,0,0.0899,0.0561,0.146,50.59220000000001,1.5931,22,6,238,448,448,0,37.7674,1.1892,35,7,315,104,41,63,36.32382950558214,1.1438,53,12,318,158,135,23,7.583393,0,ok,logs/seed_982015.log
982015,comp_drt,NHEFT+CompDRT,0,0.0,1,1,0,0.0899,0.0561,0.146,50.59220000000001,1.5931,22,6,238,448,448,0,37.7674,1.1892,35,7,315,104,41,63,1232.8433113606345,38.8199,1,1,22,27,27,0,7.583393,0,ok,logs/seed_982015.log
205178,baseline,NHEFT,1,0.0,0,0,0,0.0835,0.0588,0.1423,75.54999999999994,2.7634,16,3,178,472,472,0,34.4291,1.2593,43,8,326,117,45,72,34.35853543457498,1.2567,56,11,338,154,124,30,6.986869,0,ok,logs/seed_205178.log
205178,comp_drt,NHEFT+CompDRT,0,0.0,1,1,0,0.0835,0.0588,0.1423,75.54999999999994,2.7634,16,3,178,472,472,0,34.4291,1.2593,43,8,326,117,45,72,2233.4311497041404,81.6925,1,1,22,25,25,0,6.986869,0,ok,logs/seed_205178.log
888604,baseline,NHEFT,1,0.0,0,0,0,0.0836,0.0623,0.1459,79.71480000000014,1.6233,20,3,223,477,477,0,49.82879999999999,1.0147,40,8,339,124,34,90,51.240614671814676,1.0435,56,11,349,180,144,36,7.98304,0,ok,logs/seed_888604.log
888604,comp_drt,NHEFT+CompDRT,0,0.0,1,1,0,0.0836,0.0623,0.1459,79.71480000000014,1.6233,20,3,223,477,477,0,49.82879999999999,1.0147,40,8,339,124,34,90,803.8557416988419,16.3699,1,1,22,27,27,0,7.98304,0,ok,logs/seed_888604.log
546566,baseline,NHEFT,1,0.0,0,0,0,0.0912,0.0444,0.1356,48.1877,1.0017,28,6,269,440,440,0,48.1877,1.0017,39,9,303,109,43,66,48.51581758241758,1.0085,60,13,335,170,136,34,6.327418,0,ok,logs/seed_546566.log
546566,comp_drt,NHEFT+CompDRT,0,0.0,1,1,0,0.0912,0.0444,0.1356,48.1877,1.0017,28,6,269,440,440,0,48.1877,1.0017,39,9,303,109,43,66,996.0619428571433,20.7049,1,1,22,29,29,0,6.327418,0,ok,logs/seed_546566.log
939943,baseline,NHEFT,1,0.0,0,0,0,0.0913,0.0585,0.1498,64.48809999999993,1.8435,18,3,215,446,446,0,35.86419999999999,1.0253,40,8,315,129,48,81,37.952738728323695,1.085,51,11,313,170,141,29,7.005435,0,ok,logs/seed_939943.log
939943,comp_drt,NHEFT+CompDRT,0,0.0,1,1,0,0.0913,0.0585,0.1498,64.48809999999993,1.8435,18,3,215,446,446,0,35.86419999999999,1.0253,40,8,315,129,48,81,686.8084074523401,19.6338,1,1,22,26,26,0,7.005435,0,ok,logs/seed_939943.log
461796,baseline,NHEFT,1,0.0,0,0,0,0.0864,0.0646,0.151,60.03029999999999,1.3467,24,5,241,463,463,0,44.68099999999999,1.0024,48,8,323,118,41,77,44.68104217687074,1.0024,52,10,346,149,125,24,8.200714,0,ok,logs/seed_461796.log
461796,comp_drt,NHEFT+CompDRT,0,0.0,1,1,0,0.0864,0.0646,0.151,60.03029999999999,1.3467,24,5,241,463,463,0,44.68099999999999,1.0024,48,8,323,118,41,77,803.0209465838518,18.0148,1,1,22,29,29,0,8.200714,0,ok,logs/seed_461796.log
683805,baseline,NHEFT,1,0.0,0,0,0,0.0886,0.0528,0.1414,70.84909999999998,1.755,18,5,229,489,489,0,43.516400000000004,1.0779,43,10,338,133,42,91,42.77885412954877,1.0597,52,13,357,188,147,41,7.593185,0,ok,logs/seed_683805.log
683805,comp_drt,NHEFT+CompDRT,0,0.0,1,1,0,0.0886,0.0528,0.1414,70.84909999999998,1.755,18,5,229,489,489,0,43.516400000000004,1.0779,43,10,338,133,42,91,1721.008952700491,42.6303,1,1,22,27,27,0,7.593185,0,ok,logs/seed_683805.log
273298,baseline,NHEFT,1,0.0,0,0,0,0.0781,0.045,0.1231,51.17,1.2646,24,5,272,488,488,0,40.539199999999994,1.0019,42,8,341,122,51,71,40.53918571428571,1.0019,53,12,352,162,138,24,7.326469,0,ok,logs/seed_273298.log
273298,comp_drt,NHEFT+CompDRT,0,0.0,1,1,0,0.0781,0.045,0.1231,51.17,1.2646,24,5,272,488,488,0,40.539199999999994,1.0019,42,8,341,122,51,71,1626.4808999999993,40.1971,1,1,22,27,27,0,7.326469,0,ok,logs/seed_273298.log
870064,baseline,NHEFT,1,0.0,0,0,0,0.1007,0.0718,0.1725,73.76560000000005,2.0585,19,8,185,416,416,0,40.12819999999999,1.1198,45,10,311,154,42,112,40.097731628431966,1.119,55,13,304,195,164,31,6.482225,0,ok,logs/seed_870064.log
870064,comp_drt,NHEFT+CompDRT,0,0.0,1,1,0,0.1007,0.0718,0.1725,73.76560000000005,2.0585,19,8,185,416,416,0,40.12819999999999,1.1198,45,10,311,154,42,112,1282.9087330275227,35.8015,1,1,22,31,31,0,6.482225,0,ok,logs/seed_870064.log
739336,baseline,NHEFT,1,0.0,0,0,0,0.0778,0.056,0.1338,66.53269999999998,1.4204,20,6,226,456,456,0,47.08900000000001,1.0053,38,11,304,139,34,105,47.394064016736415,1.0118,53,13,310,184,148,36,6.564671,0,ok,logs/seed_739336.log
739336,comp_drt,NHEFT+CompDRT,0,0.0,1,1,0,0.0778,0.056,0.1338,66.53269999999998,1.4204,20,6,226,456,456,0,47.08900000000001,1.0053,38,11,304,139,34,105,908.3768808240885,19.3933,1,1,22,31,31,0,6.564671,0,ok,logs/seed_739336.log
374908,baseline,NHEFT,1,0.0,0,0,0,0.0876,0.0686,0.1562,51.47829999999998,1.5748,20,4,243,452,452,0,37.41600000000001,1.1446,42,9,325,129,38,91,35.97808373382626,1.1006,55,11,316,166,125,41,7.216602,0,ok,logs/seed_374908.log
374908,comp_drt,NHEFT+CompDRT,0,0.0,1,1,0,0.0876,0.0686,0.1562,51.47829999999998,1.5748,20,4,243,452,452,0,37.41600000000001,1.1446,42,9,325,129,38,91,707.8258290203322,21.6533,1,1,22,31,31,0,7.216602,0,ok,logs/seed_374908.log
489107,baseline,NHEFT,1,0.0,0,0,0,0.0805,0.0517,0.1322,62.49810000000004,1.3175,23,6,258,472,472,0,47.57270000000001,1.0029,36,8,318,117,31,86,47.5727433862434,1.0029,53,11,350,179,134,45,7.81661,0,ok,logs/seed_489107.log
489107,comp_drt,NHEFT+CompDRT,0,0.0,1,1,0,0.0805,0.0517,0.1322,62.49810000000004,1.3175,23,6,258,472,472,0,47.57270000000001,1.0029,36,8,318,117,31,86,1214.387583905014,25.6003,1,1,22,28,28,0,7.81661,0,ok,logs/seed_489107.log
676170,baseline,NHEFT,1,0.0,0,0,0,0.0814,0.055,0.1364,60.98019999999997,1.3804,24,6,283,504,504,0,45.2537,1.0244,41,10,347,142,44,98,44.23979301634472,1.0014,55,11,373,170,147,23,8.528297,0,ok,logs/seed_676170.log
676170,comp_drt,NHEFT+CompDRT,0,0.0,1,1,0,0.0814,0.055,0.1364,60.98019999999997,1.3804,24,6,283,504,504,0,45.2537,1.0244,41,10,347,142,44,98,1495.690877456648,33.8576,1,1,22,28,28,0,8.528297,0,ok,logs/seed_676170.log
946643,baseline,NHEFT,1,0.0,0,0,0,0.0937,0.0719,0.1656,76.21259999999985,2.0962,20,6,193,447,447,0,38.562200000000004,1.0606,44,11,325,146,34,112,36.50642813036019,1.0041,61,13,328,181,134,47,6.30294,0,ok,logs/seed_946643.log
946643,comp_drt,NHEFT+CompDRT,0,0.0,1,1,0,0.0937,0.0719,0.1656,76.21259999999985,2.0962,20,6,193,447,447,0,38.562200000000004,1.0606,44,11,325,146,34,112,914.6629690140838,25.1577,1,1,22,25,25,0,6.30294,0,ok,logs/seed_946643.log
245576,baseline,NHEFT,1,0.0,0,0,0,0.0864,0.0657,0.1521,67.99809999999995,1.9769,19,5,209,455,455,0,34.487700000000004,1.0026,43,8,320,125,49,76,34.48769283887468,1.0026,53,9,329,154,124,30,6.446318,0,ok,logs/seed_245576.log
245576,comp_drt,NHEFT+CompDRT,0,0.0,1,1,0,0.0864,0.0657,0.1521,67.99809999999995,1.9769,19,5,209,455,455,0,34.487700000000004,1.0026,43,8,320,125,49,76,881.899392838874,25.6388,1,1,22,27,27,0,6.446318,0,ok,logs/seed_245576.log
61677,baseline,NHEFT,1,0.0,0,0,0,0.0886,0.0567,0.1453,55.26290000000004,1.2136,29,7,251,454,454,0,46.31500000000001,1.0171,43,9,315,141,35,106,46.33702635658914,1.0176,57,10,322,184,142,42,7.568785,0,ok,logs/seed_61677.log
61677,comp_drt,NHEFT+CompDRT,0,0.0,1,1,0,0.0886,0.0567,0.1453,55.26290000000004,1.2136,29,7,251,454,454,0,46.31500000000001,1.0171,43,9,315,141,35,106,730.0909948748516,16.0328,1,1,22,26,26,0,7.568785,0,ok,logs/seed_61677.log
985204,baseline,NHEFT,1,0.0,0,0,0,0.0814,0.0673,0.1487,84.73639999999996,2.361,15,3,195,468,468,0,38.4566,1.0715,44,8,341,118,32,86,39.86719475655432,1.1108,52,11,343,146,110,36,7.324181,0,ok,logs/seed_985204.log
985204,comp_drt,NHEFT+CompDRT,0,0.0,1,1,0,0.0814,0.0673,0.1487,84.73639999999996,2.361,15,3,195,468,468,0,38.4566,1.0715,44,8,341,118,32,86,711.0732425087105,19.8126,1,1,22,28,28,0,7.324181,0,ok,logs/seed_985204.log
957734,baseline,NHEFT,1,0.0,0,0,0,0.092,0.0649,0.1569,45.30169999999994,1.4462,23,5,240,447,447,0,34.19100000000001,1.0915,51,11,324,136,46,90,34.88576731391585,1.1137,54,11,331,168,143,25,8.997555,0,ok,logs/seed_957734.log
957734,comp_drt,NHEFT+CompDRT,0,0.0,1,1,0,0.092,0.0649,0.1569,45.30169999999994,1.4462,23,5,240,447,447,0,34.19100000000001,1.0915,51,11,324,136,46,90,1003.3880573789853,32.0317,1,1,22,26,26,0,8.997555,0,ok,logs/seed_957734.log
586973,baseline,NHEFT,1,0.0,0,0,0,0.0793,0.0501,0.1294,45.262499999999946,1.2239,27,6,286,477,477,0,39.0324,1.0554,44,9,332,137,43,94,37.755660240963856,1.0209,50,11,328,146,128,18,7.967439,0,ok,logs/seed_586973.log
586973,comp_drt,NHEFT+CompDRT,0,0.0,1,1,0,0.0793,0.0501,0.1294,45.262499999999946,1.2239,27,6,286,477,477,0,39.0324,1.0554,44,9,332,137,43,94,1055.6823500519208,28.5448,1,1,22,24,24,0,7.967439,0,ok,logs/seed_586973.log
81222,baseline,NHEFT,1,0.0,0,0,0,0.0803,0.0577,0.138,79.21169999999994,2.4525,13,4,169,437,437,0,35.146899999999995,1.0882,46,10,320,136,41,95,36.2200997012987,1.1214,52,12,334,176,143,33,5.201272,0,ok,logs/seed_81222.log
81222,comp_drt,NHEFT+CompDRT,0,0.0,1,1,0,0.0803,0.0577,0.138,79.21169999999994,2.4525,13,4,169,437,437,0,35.146899999999995,1.0882,46,10,320,136,41,95,905.2617298676741,28.0282,1,1,22,27,27,0,5.201272,0,ok,logs/seed_81222.log
985268,baseline,NHEFT,1,0.0,0,0,0,0.0928,0.0662,0.159,60.05259999999996,1.6391,21,6,233,440,440,0,36.845400000000005,1.0057,44,12,315,148,40,108,37.06880256410257,1.0118,56,13,322,194,158,36,5.708328,0,ok,logs/seed_985268.log
985268,comp_drt,NHEFT+CompDRT,0,0.0,1,1,0,0.0928,0.0662,0.159,60.05259999999996,1.6391,21,6,233,440,440,0,36.845400000000005,1.0057,44,12,315,148,40,108,928.4010051926307,25.3402,1,1,22,33,33,0,5.708328,0,ok,logs/seed_985268.log
240715,baseline,NHEFT,1,0.0,0,0,0,0.0941,0.0605,0.1546,61.2225,1.6721,18,4,203,441,441,0,36.8283,1.0059,39,9,305,117,47,70,43.776249213161655,1.1956,58,12,326,165,137,28,7.803003,0,ok,logs/seed_240715.log
240715,comp_drt,NHEFT+CompDRT,0,0.0,1,1,0,0.0941,0.0605,0.1546,61.2225,1.6721,18,4,203,441,441,0,36.8283,1.0059,39,9,305,117,47,70,802.3541959247649,21.9138,1,1,22,32,32,0,7.803003,0,ok,logs/seed_240715.log
336806,baseline,NHEFT,1,0.0,0,0,0,0.0888,0.0681,0.1569,85.73909999999998,2.5621,15,4,187,470,470,0,38.166099999999986,1.1405,47,10,349,141,37,104,37.072691552584665,1.1078,59,12,355,187,139,48,8.990164,0,ok,logs/seed_336806.log
336806,comp_drt,NHEFT+CompDRT,0,0.0,1,1,0,0.0888,0.0681,0.1569,85.73909999999998,2.5621,15,4,187,470,470,0,38.166099999999986,1.1405,47,10,349,141,37,104,843.5255999999996,25.207,1,1,22,28,28,0,8.990164,0,ok,logs/seed_336806.log
431396,baseline,NHEFT,1,0.0,0,0,0,0.0945,0.0574,0.1519,53.22110000000003,1.4397,19,5,234,445,445,0,37.121900000000004,1.0042,46,9,308,125,32,93,37.12194180138568,1.0042,61,12,333,152,119,33,7.903828,0,ok,logs/seed_431396.log
431396,comp_drt,NHEFT+CompDRT,0,0.0,1,1,0,0.0945,0.0574,0.1519,53.22110000000003,1.4397,19,5,234,445,445,0,37.121900000000004,1.0042,46,9,308,125,32,93,2119.078082397004,57.3234,1,1,22,26,26,0,7.903828,0,ok,logs/seed_431396.log
850253,baseline,NHEFT,1,0.0,0,0,0,0.0886,0.0603,0.1489,49.05849999999995,1.3917,25,6,246,456,456,0,36.361599999999996,1.0315,40,9,314,130,46,84,35.366335868187576,1.0033,62,12,335,187,157,30,8.375901,0,ok,logs/seed_850253.log
850253,comp_drt,NHEFT+CompDRT,0,0.0,1,1,0,0.0886,0.0603,0.1489,49.05849999999995,1.3917,25,6,246,456,456,0,36.361599999999996,1.0315,40,9,314,130,46,84,1358.9793358681864,38.5513,1,1,22,27,27,0,8.375901,0,ok,logs/seed_850253.log
342204,baseline,NHEFT,1,0.0,0,0,0,0.0925,0.0617,0.1542,77.39300000000001,2.5969,12,3,173,456,456,0,32.8789,1.1032,45,12,326,137,35,102,35.06101411111111,1.1765,60,14,334,184,146,38,7.037266,0,ok,logs/seed_342204.log
342204,comp_drt,NHEFT+CompDRT,0,0.0,1,1,0,0.0925,0.0617,0.1542,77.39300000000001,2.5969,12,3,173,456,456,0,32.8789,1.1032,45,12,326,137,35,102,1071.841475576662,35.9654,1,1,22,27,27,0,7.037266,0,ok,logs/seed_342204.log
810991,baseline,NHEFT,1,0.0,0,0,0,0.0776,0.0449,0.1225,53.727600000000095,1.4186,22,5,240,459,459,0,40.5306,1.0702,36,9,310,115,41,74,40.586099999999995,1.0717,48,11,325,159,137,22,7.455064,0,ok,logs/seed_810991.log
810991,comp_drt,NHEFT+CompDRT,0,0.0,1,1,0,0.0776,0.0449,0.1225,53.727600000000095,1.4186,22,5,240,459,459,0,40.5306,1.0702,36,9,310,115,41,74,980.0949901234583,25.8788,1,1,22,27,27,0,7.455064,0,ok,logs/seed_810991.log
895124,baseline,NHEFT,1,0.0,0,0,0,0.0795,0.0625,0.142,70.80290000000005,2.0321,18,4,226,493,493,0,39.99150000000001,1.1478,47,9,346,133,33,100,39.414705950095964,1.1312,65,14,361,185,141,44,8.183807,0,ok,logs/seed_895124.log
895124,comp_drt,NHEFT+CompDRT,0,0.0,1,1,0,0.0795,0.0625,0.142,70.80290000000005,2.0321,18,4,226,493,493,0,39.99150000000001,1.1478,47,9,346,133,33,100,1038.5384518234184,29.8069,1,1,22,24,24,0,8.183807,0,ok,logs/seed_895124.log
437866,baseline,NHEFT,1,0.0,0,0,0,0.0939,0.0624,0.1563,61.61590000000001,1.4723,18,5,207,434,434,0,43.076800000000006,1.0293,41,9,297,116,33,83,46.86327228427128,1.1198,55,9,312,164,134,30,8.390054,0,ok,logs/seed_437866.log
437866,comp_drt,NHEFT+CompDRT,0,0.0,1,1,0,0.0939,0.0624,0.1563,61.61590000000001,1.4723,18,5,207,434,434,0,43.076800000000006,1.0293,41,9,297,116,33,83,723.1452885496177,17.2796,1,1,22,27,27,0,8.390054,0,ok,logs/seed_437866.log
246441,baseline,NHEFT,1,0.0,0,0,0,0.0793,0.0431,0.1224,55.61919999999998,1.3394,23,5,227,453,453,0,41.6719,1.0035,39,8,334,116,41,75,41.77982590975255,1.0061,57,11,339,182,146,36,7.831708,0,ok,logs/seed_246441.log
246441,comp_drt,NHEFT+CompDRT,0,0.0,1,1,0,0.0793,0.0431,0.1224,55.61919999999998,1.3394,23,5,227,453,453,0,41.6719,1.0035,39,8,334,116,41,75,1042.936517321689,25.1151,1,1,22,30,30,0,7.831708,0,ok,logs/seed_246441.log
834777,baseline,NHEFT,1,0.0,0,0,0,0.0883,0.0652,0.1535,69.46220000000001,1.804,18,4,211,454,454,0,39.4999,1.0259,41,11,330,129,31,98,38.89763005780347,1.0102,62,15,335,192,150,42,7.462823,0,ok,logs/seed_834777.log
834777,comp_drt,NHEFT+CompDRT,0,0.0,1,1,0,0.0883,0.0652,0.1535,69.46220000000001,1.804,18,4,211,454,454,0,39.4999,1.0259,41,11,330,129,31,98,962.2629127167627,24.9915,1,1,22,22,22,0,7.462823,0,ok,logs/seed_834777.log
159109,baseline,NHEFT,1,0.0,0,0,0,0.0806,0.0487,0.1293,73.6758,1.8816,21,6,233,476,476,0,46.96029999999999,1.1993,48,10,338,143,34,109,47.13569125475285,1.2038,65,13,343,175,134,41,6.473525,0,ok,logs/seed_159109.log
159109,comp_drt,NHEFT+CompDRT,0,0.0,1,1,0,0.0806,0.0487,0.1293,73.6758,1.8816,21,6,233,476,476,0,46.96029999999999,1.1993,48,10,338,143,34,109,1818.9083760111573,46.4542,1,1,22,25,25,0,6.473525,0,ok,logs/seed_159109.log
469145,baseline,NHEFT,1,0.0,0,0,0,0.0858,0.05,0.1358,53.93630000000003,1.586,22,7,234,453,453,0,38.1672,1.1223,41,9,306,141,42,99,39.282190647482025,1.1551,51,10,321,175,149,26,5.088887,0,ok,logs/seed_469145.log
469145,comp_drt,NHEFT+CompDRT,0,0.0,1,1,0,0.0858,0.05,0.1358,53.93630000000003,1.586,22,7,234,453,453,0,38.1672,1.1223,41,9,306,141,42,99,903.0531834862392,26.5549,1,1,22,25,25,0,5.088887,0,ok,logs/seed_469145.log
359039,baseline,NHEFT,1,0.0,0,0,0,0.0843,0.0481,0.1324,63.5528,1.5523,19,4,222,467,467,0,41.049499999999995,1.0026,42,8,314,116,33,83,41.44831212121212,1.0124,55,11,325,166,124,42,5.988653,0,ok,logs/seed_359039.log
359039,comp_drt,NHEFT+CompDRT,0,0.0,1,1,0,0.0843,0.0481,0.1324,63.5528,1.5523,19,4,222,467,467,0,41.049499999999995,1.0026,42,8,314,116,33,83,2227.3786928327645,54.4034,1,1,22,29,29,0,5.988653,0,ok,logs/seed_359039.log
441554,baseline,NHEFT,1,0.0,0,0,0,0.0946,0.0676,0.1622,78.3713999999999,1.5123,17,4,217,470,470,0,53.729499999999994,1.0368,36,8,314,93,36,57,51.99007922948074,1.0033,51,10,324,149,104,45,7.402979,0,ok,logs/seed_441554.log
441554,comp_drt,NHEFT+CompDRT,0,0.0,1,1,0,0.0946,0.0676,0.1622,78.3713999999999,1.5123,17,4,217,470,470,0,53.729499999999994,1.0368,36,8,314,93,36,57,1071.5877792294814,20.6786,1,1,22,28,28,0,7.402979,0,ok,logs/seed_441554.log
981230,baseline,NHEFT,1,0.0,0,0,0,0.0901,0.0646,0.1547,74.93200000000009,2.028,15,5,186,467,467,0,37.10980000000001,1.0044,44,10,324,133,41,92,37.183365785381035,1.0064,61,13,337,171,147,24,7.020575,0,ok,logs/seed_981230.log
981230,comp_drt,NHEFT+CompDRT,0,0.0,1,1,0,0.0901,0.0646,0.1547,74.93200000000009,2.028,15,5,186,467,467,0,37.10980000000001,1.0044,44,10,324,133,41,92,2233.628798657715,60.4535,1,1,22,28,28,0,7.020575,0,ok,logs/seed_981230.log
386385,baseline,NHEFT,1,0.0,0,0,0,0.0897,0.0666,0.1563,56.83160000000001,1.4691,19,4,213,448,448,0,38.7462,1.0016,39,7,311,116,32,84,38.96922874251497,1.0074,57,11,314,161,129,32,6.649434,0,ok,logs/seed_386385.log
386385,comp_drt,NHEFT+CompDRT,0,0.0,1,1,0,0.0897,0.0666,0.1563,56.83160000000001,1.4691,19,4,213,448,448,0,38.7462,1.0016,39,7,311,116,32,84,763.8873646706583,19.7469,1,1,22,25,25,0,6.649434,0,ok,logs/seed_386385.log
667900,baseline,NHEFT,1,0.0,0,0,0,0.0791,0.0652,0.1443,63.11329999999998,1.7621,19,5,227,475,475,0,37.2432,1.0398,43,8,328,120,39,81,38.19758717948719,1.0665,53,10,333,147,106,41,10.079634,0,ok,logs/seed_667900.log
667900,comp_drt,NHEFT+CompDRT,0,0.0,1,1,0,0.0791,0.0652,0.1443,63.11329999999998,1.7621,19,5,227,475,475,0,37.2432,1.0398,43,8,328,120,39,81,1194.6882295774644,33.3555,1,1,22,30,30,0,10.079634,0,ok,logs/seed_667900.log
361299,baseline,NHEFT,1,0.0,0,0,0,0.0869,0.0691,0.156,63.03479999999997,1.681,18,6,203,448,448,0,39.3055,1.0482,51,13,336,181,42,139,38.106412149228134,1.0162,56,14,334,214,161,53,8.26808,0,ok,logs/seed_361299.log
361299,comp_drt,NHEFT+CompDRT,0,0.0,1,1,0,0.0869,0.0691,0.156,63.03479999999997,1.681,18,6,203,448,448,0,39.3055,1.0482,51,13,336,181,42,139,923.5060052631562,24.6284,1,1,22,27,27,0,8.26808,0,ok,logs/seed_361299.log
270600,baseline,NHEFT,1,0.0,0,0,0,0.086,0.0495,0.1355,57.59139999999999,1.7041,22,5,229,444,444,0,38.9591,1.1528,41,8,315,128,34,94,38.991229649595695,1.1537,54,10,318,170,137,33,6.990305,0,ok,logs/seed_270600.log
270600,comp_drt,NHEFT+CompDRT,0,0.0,1,1,0,0.086,0.0495,0.1355,57.59139999999999,1.7041,22,5,229,444,444,0,38.9591,1.1528,41,8,315,128,34,94,793.4051827493258,23.4762,1,1,22,31,31,0,6.990305,0,ok,logs/seed_270600.log
399493,baseline,NHEFT,1,0.0,0,0,0,0.0789,0.0505,0.1294,50.79430000000001,1.2092,23,6,264,459,459,0,42.195499999999996,1.0045,38,8,312,120,33,87,42.08344140752864,1.0018,51,13,325,150,131,19,8.807407,0,ok,logs/seed_399493.log
399493,comp_drt,NHEFT+CompDRT,0,0.0,1,1,0,0.0789,0.0505,0.1294,50.79430000000001,1.2092,23,6,264,459,459,0,42.195499999999996,1.0045,38,8,312,120,33,87,1324.2220948475285,31.5247,1,1,22,25,25,0,8.807407,0,ok,logs/seed_399493.log
344401,baseline,NHEFT,1,0.0,0,0,0,0.0991,0.0588,0.1579,50.97000000000001,1.294,28,8,284,477,477,0,43.1079,1.0944,51,11,333,163,40,123,43.11350665593088,1.0945,60,14,355,194,159,35,8.524949,0,ok,logs/seed_344401.log
344401,comp_drt,NHEFT+CompDRT,0,0.0,1,1,0,0.0991,0.0588,0.1579,50.97000000000001,1.294,28,8,284,477,477,0,43.1079,1.0944,51,11,333,163,40,123,1070.4806199514846,27.1758,1,1,22,29,29,0,8.524949,0,ok,logs/seed_344401.log
440653,baseline,NHEFT,1,0.0,0,0,0,0.0819,0.0487,0.1306,65.84890000000021,1.2792,27,7,281,496,496,0,53.4604,1.0386,45,8,343,143,39,104,53.46040930232559,1.0386,54,11,355,161,128,33,7.730357,0,ok,logs/seed_440653.log
440653,comp_drt,NHEFT+CompDRT,0,0.0,1,1,0,0.0819,0.0487,0.1306,65.84890000000021,1.2792,27,7,281,496,496,0,53.4604,1.0386,45,8,343,143,39,104,1110.5675093023258,21.575,1,1,22,27,27,0,7.730357,0,ok,logs/seed_440653.log
422829,baseline,NHEFT,1,0.0,0,0,0,0.0762,0.0705,0.1467,91.61609999999995,2.2585,19,5,184,459,459,0,42.345000000000006,1.0439,44,10,320,138,44,94,41.96842788844623,1.0346,55,14,340,185,144,41,7.132951,0,ok,logs/seed_422829.log
422829,comp_drt,NHEFT+CompDRT,0,0.0,1,1,0,0.0762,0.0705,0.1467,91.61609999999995,2.2585,19,5,184,459,459,0,42.345000000000006,1.0439,44,10,320,138,44,94,1699.1048988047794,41.8853,1,1,22,26,26,0,7.132951,0,ok,logs/seed_422829.log
194493,baseline,NHEFT,1,0.0,0,0,0,0.0866,0.0588,0.1454,74.5933999999999,1.6754,20,5,227,480,480,0,46.38140000000001,1.0418,43,8,335,122,34,88,46.25129512195124,1.0389,55,11,340,161,126,35,8.09913,0,ok,logs/seed_194493.log
194493,comp_drt,NHEFT+CompDRT,0,0.0,1,1,0,0.0866,0.0588,0.1454,74.5933999999999,1.6754,20,5,227,480,480,0,46.38140000000001,1.0418,43,8,335,122,34,88,925.6865951219507,20.7919,1,1,22,30,30,0,8.09913,0,ok,logs/seed_194493.log
79088,baseline,NHEFT,1,0.0,0,0,0,0.0805,0.0583,0.1388,65.17639999999999,1.378,23,5,254,485,485,0,47.4719,1.0037,40,8,346,122,40,82,47.74574619523443,1.0095,52,12,333,138,104,34,5.251842,0,ok,logs/seed_79088.log
79088,comp_drt,NHEFT+CompDRT,0,0.0,1,1,0,0.0805,0.0583,0.1388,65.17639999999999,1.378,23,5,254,485,485,0,47.4719,1.0037,40,8,346,122,40,82,1291.9349668789816,27.3145,1,1,22,29,29,0,5.251842,0,ok,logs/seed_79088.log
144274,baseline,NHEFT,1,0.0,0,0,0,0.0712,0.0487,0.1199,55.83099999999999,1.4506,24,7,270,486,486,0,43.0203,1.1177,42,10,335,142,47,95,44.178069717362035,1.1478,50,10,347,182,154,28,7.695397,0,ok,logs/seed_144274.log
144274,comp_drt,NHEFT+CompDRT,0,0.0,1,1,0,0.0712,0.0487,0.1199,55.83099999999999,1.4506,24,7,270,486,486,0,43.0203,1.1177,42,10,335,142,47,95,1338.7957094240846,34.7843,1,1,22,27,27,0,7.695397,0,ok,logs/seed_144274.log
568701,baseline,NHEFT,1,0.0,0,0,0,0.0977,0.0726,0.1703,71.62589999999999,2.4829,14,3,180,457,457,0,33.6057,1.1649,41,9,328,119,35,84,32.68391924882629,1.133,56,10,327,157,116,41,7.055952,0,ok,logs/seed_568701.log
568701,comp_drt,NHEFT+CompDRT,0,0.0,1,1,0,0.0977,0.0726,0.1703,71.62589999999999,2.4829,14,3,180,457,457,0,33.6057,1.1649,41,9,328,119,35,84,548.7534502347413,19.0226,1,1,22,24,24,0,7.055952,0,ok,logs/seed_568701.log
643829,baseline,NHEFT,1,0.0,0,0,0,0.0831,0.0578,0.1409,49.85990000000009,1.3693,27,5,281,480,480,0,38.012600000000006,1.0439,45,9,353,128,48,80,37.82453107570978,1.0387,62,13,340,181,143,38,8.6297,0,ok,logs/seed_643829.log
643829,comp_drt,NHEFT+CompDRT,0,0.0,1,1,0,0.0831,0.0578,0.1409,49.85990000000009,1.3693,27,5,281,480,480,0,38.012600000000006,1.0439,45,9,353,128,48,80,2067.0026938271626,56.7646,1,1,22,28,28,0,8.6297,0,ok,logs/seed_643829.log
271983,baseline,NHEFT,1,0.0,0,0,0,0.0833,0.0519,0.1352,53.52790000000002,1.4774,22,4,255,466,466,0,39.4675,1.0893,44,9,347,146,44,102,38.20093314714152,1.0544,55,12,342,175,146,29,6.79937,0,ok,logs/seed_271983.log
271983,comp_drt,NHEFT+CompDRT,0,0.0,1,1,0,0.0833,0.0519,0.1352,53.52790000000002,1.4774,22,4,255,466,466,0,39.4675,1.0893,44,9,347,146,44,102,751.1289977011496,20.7316,1,1,22,28,28,0,6.79937,0,ok,logs/seed_271983.log
197314,baseline,NHEFT,1,0.0,0,0,0,0.0817,0.051,0.1327,53.641900000000035,1.3956,23,5,254,451,451,0,38.5656,1.0033,43,8,328,127,44,83,38.83370619469027,1.0103,59,11,325,165,136,29,6.777852,0,ok,logs/seed_197314.log
197314,comp_drt,NHEFT+CompDRT,0,0.0,1,1,0,0.0817,0.051,0.1327,53.641900000000035,1.3956,23,5,254,451,451,0,38.5656,1.0033,43,8,328,127,44,83,971.5150561403505,25.2755,1,1,22,27,27,0,6.777852,0,ok,logs/seed_197314.log
994686,baseline,NHEFT,1,0.0,0,0,0,0.0928,0.0747,0.1675,57.31299999999996,1.5412,21,5,247,478,478,0,39.4431,1.0606,40,9,318,121,32,89,42.20307341772152,1.1349,49,11,320,163,133,30,7.885845,0,ok,logs/seed_994686.log
994686,comp_drt,NHEFT+CompDRT,0,0.0,1,1,0,0.0928,0.0747,0.1675,57.31299999999996,1.5412,21,5,247,478,478,0,39.4431,1.0606,40,9,318,121,32,89,790.5058985533454,21.257,1,1,22,22,22,0,7.885845,0,ok,logs/seed_994686.log
282842,baseline,NHEFT,1,0.0,0,0,0,0.09,0.0671,0.1571,67.98879999999973,1.8036,15,4,194,455,455,0,39.9011,1.0585,34,8,316,122,48,74,38.281945176110256,1.0156,54,10,324,162,131,31,6.43069,0,ok,logs/seed_282842.log
282842,comp_drt,NHEFT+CompDRT,0,0.0,1,1,0,0.09,0.0671,0.1571,67.98879999999973,1.8036,15,4,194,455,455,0,39.9011,1.0585,34,8,316,122,48,74,925.4406021439507,24.5504,1,1,22,27,27,0,6.43069,0,ok,logs/seed_282842.log
137602,baseline,NHEFT,1,0.0,0,0,0,0.0875,0.0497,0.1372,47.535700000000006,1.0204,29,6,292,442,442,0,47.535700000000006,1.0204,53,10,314,135,44,91,47.79887853403142,1.026,61,12,328,167,143,24,9.111735,0,ok,logs/seed_137602.log
137602,comp_drt,NHEFT+CompDRT,0,0.0,1,1,0,0.0875,0.0497,0.1372,47.535700000000006,1.0204,29,6,292,442,442,0,47.535700000000006,1.0204,53,10,314,135,44,91,1245.3627874345545,26.7325,1,1,22,31,31,0,9.111735,0,ok,logs/seed_137602.log
472131,baseline,NHEFT,1,0.0,0,0,0,0.081,0.049,0.13,61.55919999999997,1.4736,22,6,227,448,448,0,46.48930000000001,1.1128,43,8,310,128,34,94,45.42501552184179,1.0874,53,10,325,157,131,26,7.315183,0,ok,logs/seed_472131.log
472131,comp_drt,NHEFT+CompDRT,0,0.0,1,1,0,0.081,0.049,0.13,61.55919999999997,1.4736,22,6,227,448,448,0,46.48930000000001,1.1128,43,8,310,128,34,94,2066.7050271989174,49.4717,1,1,22,31,31,0,7.315183,0,ok,logs/seed_472131.log
327054,baseline,NHEFT,1,0.0,0,0,0,0.0905,0.0632,0.1537,74.21200000000006,1.9477,17,3,199,441,441,0,38.7936,1.0181,40,7,321,112,39,73,41.65797431192661,1.0933,52,10,318,160,130,30,5.735271,0,ok,logs/seed_327054.log
327054,comp_drt,NHEFT+CompDRT,0,0.0,1,1,0,0.0905,0.0632,0.1537,74.21200000000006,1.9477,17,3,199,441,441,0,38.7936,1.0181,40,7,321,112,39,73,751.9489212121208,19.7345,1,1,22,28,28,0,5.735271,0,ok,logs/seed_327054.log
416581,baseline,NHEFT,1,0.0,0,0,0,0.0847,0.0598,0.1445,60.53189999999991,1.4792,23,5,234,480,480,0,42.5034,1.0386,46,10,357,134,46,88,42.50342765321375,1.0386,57,11,349,180,152,28,7.691224,0,ok,logs/seed_416581.log
416581,comp_drt,NHEFT+CompDRT,0,0.0,1,1,0,0.0847,0.0598,0.1445,60.53189999999991,1.4792,23,5,234,480,480,0,42.5034,1.0386,46,10,357,134,46,88,1664.0982551226543,40.6643,1,1,22,27,27,0,7.691224,0,ok,logs/seed_416581.log
223716,baseline,NHEFT,1,0.0,0,0,0,0.0844,0.0696,0.154,91.89729999999977,2.3625,15,5,176,511,511,0,40.8659,1.0506,41,10,330,129,50,79,44.93984179104479,1.1553,55,14,360,204,168,36,9.937602,0,ok,logs/seed_223716.log
223716,comp_drt,NHEFT+CompDRT,0,0.0,1,1,0,0.0844,0.0696,0.154,91.89729999999977,2.3625,15,5,176,511,511,0,40.8659,1.0506,41,10,330,129,50,79,1883.7804495126704,48.4286,1,1,22,26,26,0,9.937602,0,ok,logs/seed_223716.log
116436,baseline,NHEFT,1,0.0,0,0,0,0.0888,0.0651,0.1539,65.74040000000002,1.7734,26,6,243,468,468,0,39.197700000000005,1.0574,40,8,341,144,47,97,37.88436445366529,1.0219,59,14,344,173,144,29,6.791273,0,ok,logs/seed_116436.log
116436,comp_drt,NHEFT+CompDRT,0,0.0,1,1,0,0.0888,0.0651,0.1539,65.74040000000002,1.7734,26,6,243,468,468,0,39.197700000000005,1.0574,40,8,341,144,47,97,776.887519512196,20.9568,1,1,22,25,25,0,6.791273,0,ok,logs/seed_116436.log
650936,baseline,NHEFT,1,0.0,0,0,0,0.0814,0.0745,0.1559,65.67910000000002,1.9502,19,5,205,447,447,0,39.6749,1.178,46,10,312,114,41,73,39.55928502366864,1.1746,53,12,296,150,130,20,5.50101,0,ok,logs/seed_650936.log
650936,comp_drt,NHEFT+CompDRT,0,0.0,1,1,0,0.0814,0.0745,0.1559,65.67910000000002,1.9502,19,5,205,447,447,0,39.6749,1.178,46,10,312,114,41,73,1346.564052869167,39.9825,1,1,22,29,29,0,5.50101,0,ok,logs/seed_650936.log
516657,baseline,NHEFT,1,0.0,0,0,0,0.0864,0.0603,0.1467,54.3583000000001,1.3466,26,7,257,461,461,0,43.2262,1.0708,51,12,336,142,37,105,42.482058917481,1.0524,66,14,343,185,150,35,7.129254,0,ok,logs/seed_516657.log
516657,comp_drt,NHEFT+CompDRT,0,0.0,1,1,0,0.0864,0.0603,0.1467,54.3583000000001,1.3466,26,7,257,461,461,0,43.2262,1.0708,51,12,336,142,37,105,1206.950498425196,29.899,1,1,22,27,27,0,7.129254,0,ok,logs/seed_516657.log
687865,baseline,NHEFT,1,0.0,0,0,0,0.0813,0.065,0.1463,65.09380000000013,1.9161,18,5,198,456,456,0,39.2677,1.1559,40,10,304,136,53,83,40.29053956834532,1.186,50,12,323,181,156,25,5.438155,0,ok,logs/seed_687865.log
687865,comp_drt,NHEFT+CompDRT,0,0.0,1,1,0,0.0813,0.065,0.1463,65.09380000000013,1.9161,18,5,198,456,456,0,39.2677,1.1559,40,10,304,136,53,83,1516.3906046332052,44.6371,1,1,22,29,29,0,5.438155,0,ok,logs/seed_687865.log
715106,baseline,NHEFT,1,0.0,0,0,0,0.0873,0.0536,0.1409,50.76469999999991,1.1797,24,5,273,478,478,0,44.29840000000001,1.0294,42,8,322,114,51,63,44.24156971080671,1.0281,57,11,334,165,143,22,8.621192,0,ok,logs/seed_715106.log
715106,comp_drt,NHEFT+CompDRT,0,0.0,1,1,0,0.0873,0.0536,0.1409,50.76469999999991,1.1797,24,5,273,478,478,0,44.29840000000001,1.0294,42,8,322,114,51,63,911.0697194444446,21.1714,1,1,22,27,27,0,8.621192,0,ok,logs/seed_715106.log
293374,baseline,NHEFT,1,0.0,0,0,0,0.0871,0.0622,0.1493,55.87530000000004,1.4224,18,4,235,432,432,0,39.4259,1.0037,39,8,310,113,35,78,39.42589092970522,1.0037,51,11,333,157,120,37,6.783565,0,ok,logs/seed_293374.log
293374,comp_drt,NHEFT+CompDRT,0,0.0,1,1,0,0.0871,0.0622,0.1493,55.87530000000004,1.4224,18,4,235,432,432,0,39.4259,1.0037,39,8,310,113,35,78,974.3968772646531,24.8052,1,1,22,29,29,0,6.783565,0,ok,logs/seed_293374.log
658834,baseline,NHEFT,1,0.0,0,0,0,0.0935,0.0769,0.1704,67.91970000000003,2.0324,18,4,189,440,440,0,35.106899999999996,1.0505,42,8,309,119,47,72,35.45258571428571,1.0609,54,12,316,158,125,33,7.275845,0,ok,logs/seed_658834.log
658834,comp_drt,NHEFT+CompDRT,0,0.0,1,1,0,0.0935,0.0769,0.1704,67.91970000000003,2.0324,18,4,189,440,440,0,35.106899999999996,1.0505,42,8,309,119,47,72,784.9844492063474,23.4894,1,1,22,26,26,0,7.275845,0,ok,logs/seed_658834.log
23329,baseline,NHEFT,1,0.0,0,0,0,0.0881,0.0496,0.1377,66.24710000000006,2.125,21,6,221,458,458,0,36.7394,1.1785,46,11,326,152,48,104,37.39660323713647,1.1996,54,12,329,186,148,38,6.785018,0,ok,logs/seed_23329.log
23329,comp_drt,NHEFT+CompDRT,0,0.0,1,1,0,0.0881,0.0496,0.1377,66.24710000000006,2.125,21,6,221,458,458,0,36.7394,1.1785,46,11,326,152,48,104,1312.3399014897586,42.0955,1,1,22,27,27,0,6.785018,0,ok,logs/seed_23329.log
661707,baseline,NHEFT,1,0.0,0,0,0,0.0922,0.0561,0.1483,60.60359999999999,1.3017,24,6,242,466,466,0,47.38290000000001,1.0177,51,11,337,158,45,113,47.38292412617221,1.0177,57,11,337,185,151,34,7.316298,0,ok,logs/seed_661707.log
661707,comp_drt,NHEFT+CompDRT,0,0.0,1,1,0,0.0922,0.0561,0.1483,60.60359999999999,1.3017,24,6,242,466,466,0,47.38290000000001,1.0177,51,11,337,158,45,113,1103.265286567165,23.6961,1,1,22,28,28,0,7.316298,0,ok,logs/seed_661707.log
579773,baseline,NHEFT,1,0.0,0,0,0,0.0923,0.0691,0.1614,72.50209999999984,1.8287,16,4,190,435,435,0,39.93860000000001,1.0073,39,10,321,118,31,87,40.489512106135976,1.0212,55,11,323,170,137,33,7.061859,0,ok,logs/seed_579773.log
579773,comp_drt,NHEFT+CompDRT,0,0.0,1,1,0,0.0923,0.0691,0.1614,72.50209999999984,1.8287,16,4,190,435,435,0,39.93860000000001,1.0073,39,10,321,118,31,87,1064.4948240963852,26.8492,1,1,22,29,29,0,7.061859,0,ok,logs/seed_579773.log
688431,baseline,NHEFT,1,0.0,0,0,0,0.0843,0.0542,0.1385,69.45230000000001,1.5277,24,6,243,464,464,0,52.342999999999996,1.1514,42,9,312,134,45,89,51.365569349551855,1.1299,50,11,337,166,135,31,8.278394,0,ok,logs/seed_688431.log
688431,comp_drt,NHEFT+CompDRT,0,0.0,1,1,0,0.0843,0.0542,0.1385,69.45230000000001,1.5277,24,6,243,464,464,0,52.342999999999996,1.1514,42,9,312,134,45,89,1119.8987172855323,24.6342,1,1,22,26,26,0,8.278394,0,ok,logs/seed_688431.log
735633,baseline,NHEFT,1,0.0,0,0,0,0.0859,0.0569,0.1428,69.74100000000007,1.5993,17,4,213,460,460,0,43.8792,1.0062,42,9,319,140,34,106,44.19766507413509,1.0135,49,10,326,171,136,35,6.136711,0,ok,logs/seed_735633.log
735633,comp_drt,NHEFT+CompDRT,0,0.0,1,1,0,0.0859,0.0569,0.1428,69.74100000000007,1.5993,17,4,213,460,460,0,43.8792,1.0062,42,9,319,140,34,106,919.7439598370187,21.0915,1,1,22,27,27,0,6.136711,0,ok,logs/seed_735633.log
208263,baseline,NHEFT,1,0.0,0,0,0,0.0847,0.0545,0.1392,57.44330000000004,1.3508,23,7,250,455,455,0,42.6537,1.003,37,10,324,124,48,76,42.65374779541446,1.003,51,14,317,175,141,34,7.063642,0,ok,logs/seed_208263.log
208263,comp_drt,NHEFT+CompDRT,0,0.0,1,1,0,0.0847,0.0545,0.1392,57.44330000000004,1.3508,23,7,250,455,455,0,42.6537,1.003,37,10,324,124,48,76,2173.4928459687117,51.1109,1,1,22,28,28,0,7.063642,0,ok,logs/seed_208263.log
733953,baseline,NHEFT,1,0.0,0,0,0,0.0884,0.0531,0.1415,60.745199999999954,1.5214,20,4,248,474,474,0,40.053000000000004,1.0031,47,11,347,136,38,98,40.05303399734395,1.0031,57,13,343,178,146,32,6.959466,0,ok,logs/seed_733953.log
733953,comp_drt,NHEFT+CompDRT,0,0.0,1,1,0,0.0884,0.0531,0.1415,60.745199999999954,1.5214,20,4,248,474,474,0,40.053000000000004,1.0031,47,11,347,136,38,98,885.687889735614,22.182,1,1,22,24,24,0,6.959466,0,ok,logs/seed_733953.log
241442,baseline,NHEFT,1,0.0,0,0,0,0.0834,0.0682,0.1516,84.1117,2.5921,12,3,162,451,451,0,36.9051,1.1373,51,11,329,139,43,96,36.32733677770225,1.1195,67,14,334,181,150,31,7.425233,0,ok,logs/seed_241442.log
241442,comp_drt,NHEFT+CompDRT,0,0.0,1,1,0,0.0834,0.0682,0.1516,84.1117,2.5921,12,3,162,451,451,0,36.9051,1.1373,51,11,329,139,43,96,2177.3384755480593,67.0997,1,1,22,26,26,0,7.425233,0,ok,logs/seed_241442.log
665452,baseline,NHEFT,1,0.0,0,0,0,0.0901,0.0544,0.1445,65.99319999999986,1.5454,29,6,248,458,458,0,44.54890000000001,1.0433,41,9,334,126,38,88,43.65353448275862,1.0223,56,12,324,163,139,24,8.146343,0,ok,logs/seed_665452.log
665452,comp_drt,NHEFT+CompDRT,0,0.0,1,1,0,0.0901,0.0544,0.1445,65.99319999999986,1.5454,29,6,248,458,458,0,44.54890000000001,1.0433,41,9,334,126,38,88,907.7124016694492,21.2569,1,1,22,29,29,0,8.146343,0,ok,logs/seed_665452.log
631051,baseline,NHEFT,1,0.0,0,0,0,0.0837,0.0564,0.1401,65.14550000000006,2.2407,14,3,206,446,446,0,31.626000000000005,1.0878,43,9,315,127,35,92,31.403900000000004,1.0801,55,13,336,169,131,38,6.681639,0,ok,logs/seed_631051.log
631051,comp_drt,NHEFT+CompDRT,0,0.0,1,1,0,0.0837,0.0564,0.1401,65.14550000000006,2.2407,14,3,206,446,446,0,31.626000000000005,1.0878,43,9,315,127,35,92,721.3194,24.8098,1,1,22,25,25,0,6.681639,0,ok,logs/seed_631051.log
497919,baseline,NHEFT,1,0.0,0,0,0,0.0795,0.0554,0.1349,59.99200000000004,1.4543,21,6,242,464,464,0,41.67359999999999,1.0103,39,9,331,132,37,95,41.63987181208055,1.0094,55,13,333,176,143,33,7.959581,0,ok,logs/seed_497919.log
497919,comp_drt,NHEFT+CompDRT,0,0.0,1,1,0,0.0795,0.0554,0.1349,59.99200000000004,1.4543,21,6,242,464,464,0,41.67359999999999,1.0103,39,9,331,132,37,95,1414.3175281879187,34.2863,1,1,22,27,27,0,7.959581,0,ok,logs/seed_497919.log
960027,baseline,NHEFT,1,0.0,0,0,0,0.0933,0.0582,0.1515,63.46119999999998,1.979,16,4,195,424,424,0,34.7972,1.0852,37,7,298,105,36,69,33.73824310526316,1.0521,50,10,304,158,123,35,6.611467,0,ok,logs/seed_960027.log
960027,comp_drt,NHEFT+CompDRT,0,0.0,1,1,0,0.0933,0.0582,0.1515,63.46119999999998,1.979,16,4,195,424,424,0,34.7972,1.0852,37,7,298,105,36,69,798.4202372670804,24.8989,1,1,22,29,29,0,6.611467,0,ok,logs/seed_960027.log
305476,baseline,NHEFT,1,0.0,0,0,0,0.0981,0.0707,0.1688,74.62970000000011,1.5656,16,5,184,480,480,0,47.833600000000004,1.0034,46,10,320,135,46,89,48.11918175895766,1.0094,58,12,325,170,141,29,8.087613,0,ok,logs/seed_305476.log
305476,comp_drt,NHEFT+CompDRT,0,0.0,1,1,0,0.0981,0.0707,0.1688,74.62970000000011,1.5656,16,5,184,480,480,0,47.833600000000004,1.0034,46,10,320,135,46,89,840.0354951140059,17.6221,1,1,22,29,29,0,8.087613,0,ok,logs/seed_305476.log
365837,baseline,NHEFT,1,0.0,0,0,0,0.0805,0.0558,0.1363,58.38490000000003,1.4175,27,6,246,460,460,0,45.2414,1.0984,47,10,322,141,40,101,43.8556218978329,1.0647,60,13,334,180,139,41,7.68542,0,ok,logs/seed_365837.log
365837,comp_drt,NHEFT+CompDRT,0,0.0,1,1,0,0.0805,0.0558,0.1363,58.38490000000003,1.4175,27,6,246,460,460,0,45.2414,1.0984,47,10,322,141,40,101,936.6854422310745,22.7408,1,1,22,31,31,0,7.68542,0,ok,logs/seed_365837.log
514986,baseline,NHEFT,1,0.0,0,0,0,0.078,0.0703,0.1483,92.9956999999999,1.6276,19,6,217,452,452,0,57.359700000000004,1.0039,42,10,322,130,28,102,57.35971912350598,1.0039,57,13,331,196,146,50,6.786538,0,ok,logs/seed_514986.log
514986,comp_drt,NHEFT+CompDRT,0,0.0,1,1,0,0.078,0.0703,0.1483,92.9956999999999,1.6276,19,6,217,452,452,0,57.359700000000004,1.0039,42,10,322,130,28,102,1403.9469191235055,24.571,1,1,22,31,31,0,6.786538,0,ok,logs/seed_514986.log
291361,baseline,NHEFT,1,0.0,0,0,0,0.101,0.0565,0.1575,59.22070000000001,1.4325,23,5,249,458,458,0,41.6201,1.0067,37,7,316,113,36,77,41.62013470437018,1.0067,54,11,338,172,134,38,7.041511,0,ok,logs/seed_291361.log
291361,comp_drt,NHEFT+CompDRT,0,0.0,1,1,0,0.101,0.0565,0.1575,59.22070000000001,1.4325,23,5,249,458,458,0,41.6201,1.0067,37,7,316,113,36,77,723.8613347043704,17.5095,1,1,22,26,26,0,7.041511,0,ok,logs/seed_291361.log
831040,baseline,NHEFT,1,0.0,0,0,0,0.0863,0.0521,0.1384,69.19350000000001,1.6032,17,4,213,450,450,0,43.289199999999994,1.003,36,8,309,112,39,73,43.45022170639899,1.0067,49,12,316,135,104,31,6.638636,0,ok,logs/seed_831040.log
831040,comp_drt,NHEFT+CompDRT,0,0.0,1,1,0,0.0863,0.0521,0.1384,69.19350000000001,1.6032,17,4,213,450,450,0,43.289199999999994,1.003,36,8,309,112,39,73,1574.797235170177,36.4882,1,1,22,30,30,0,6.638636,0,ok,logs/seed_831040.log
900613,baseline,NHEFT,1,0.0,0,0,0,0.0824,0.0547,0.1371,51.66400000000006,1.3389,28,7,267,461,461,0,39.702400000000004,1.0289,43,8,327,131,48,83,39.702402055406615,1.0289,54,11,337,164,132,32,7.19302,0,ok,logs/seed_900613.log
900613,comp_drt,NHEFT+CompDRT,0,0.0,1,1,0,0.0824,0.0547,0.1371,51.66400000000006,1.3389,28,7,267,461,461,0,39.702400000000004,1.0289,43,8,327,131,48,83,899.1908286527513,23.3036,1,1,22,26,26,0,7.19302,0,ok,logs/seed_900613.log
738426,baseline,NHEFT,1,0.0,0,0,0,0.086,0.0618,0.1478,80.2023,1.9981,15,4,201,485,485,0,40.2854,1.0037,46,9,339,152,41,111,40.28539051878355,1.0037,58,11,351,179,145,34,7.615958,0,ok,logs/seed_738426.log
738426,comp_drt,NHEFT+CompDRT,0,0.0,1,1,0,0.086,0.0618,0.1478,80.2023,1.9981,15,4,201,485,485,0,40.2854,1.0037,46,9,339,152,41,111,836.4923905187834,20.8403,1,1,22,24,24,0,7.615958,0,ok,logs/seed_738426.log
924607,baseline,NHEFT,1,0.0,0,0,0,0.0891,0.0753,0.1644,64.72619999999993,1.6497,18,3,207,453,453,0,41.705400000000004,1.063,40,8,315,116,34,82,41.85203512544803,1.0667,49,11,335,165,132,33,8.164229,0,ok,logs/seed_924607.log
924607,comp_drt,NHEFT+CompDRT,0,0.0,1,1,0,0.0891,0.0753,0.1644,64.72619999999993,1.6497,18,3,207,453,453,0,41.705400000000004,1.063,40,8,315,116,34,82,678.018570862801,17.2814,1,1,22,28,28,0,8.164229,0,ok,logs/seed_924607.log
461861,baseline,NHEFT,1,0.0,0,0,0,0.078,0.0586,0.1366,73.20860000000008,2.2225,16,3,188,446,446,0,36.85589999999999,1.1189,40,7,314,93,36,57,36.61082819047619,1.1114,52,9,324,134,113,21,6.465505,0,ok,logs/seed_461861.log
461861,comp_drt,NHEFT+CompDRT,0,0.0,1,1,0,0.078,0.0586,0.1366,73.20860000000008,2.2225,16,3,188,446,446,0,36.85589999999999,1.1189,40,7,314,93,36,57,1079.1633434715839,32.7615,1,1,22,26,26,0,6.465505,0,ok,logs/seed_461861.log
854725,baseline,NHEFT,1,0.0,0,0,0,0.0886,0.0595,0.1481,70.79470000000002,1.9755,24,7,224,489,489,0,39.7495,1.1092,40,10,342,144,40,104,40.305107979626484,1.1247,56,13,356,191,141,50,7.48159,0,ok,logs/seed_854725.log
854725,comp_drt,NHEFT+CompDRT,0,0.0,1,1,0,0.0886,0.0595,0.1481,70.79470000000002,1.9755,24,7,224,489,489,0,39.7495,1.1092,40,10,342,144,40,104,2345.3488571428566,65.4464,1,1,22,27,27,0,7.48159,0,ok,logs/seed_854725.log
808927,baseline,NHEFT,1,0.0,0,0,0,0.0912,0.077,0.1682,72.2538,2.0446,15,4,183,484,484,0,41.095800000000004,1.1629,38,8,325,114,35,79,38.23377569721116,1.0819,61,11,337,163,125,38,8.279142,0,ok,logs/seed_808927.log
808927,comp_drt,NHEFT+CompDRT,0,0.0,1,1,0,0.0912,0.077,0.1682,72.2538,2.0446,15,4,183,484,484,0,41.095800000000004,1.1629,38,8,325,114,35,79,1592.836079282867,45.0721,1,1,22,30,30,0,8.279142,0,ok,logs/seed_808927.log
826006,baseline,NHEFT,1,0.0,0,0,0,0.0836,0.0614,0.145,68.66219999999984,1.5901,21,5,233,445,445,0,43.4512,1.0063,47,12,323,134,42,92,43.59686312056738,1.0097,56,12,323,194,162,32,7.563773,0,ok,logs/seed_826006.log
826006,comp_drt,NHEFT+CompDRT,0,0.0,1,1,0,0.0836,0.0614,0.145,68.66219999999984,1.5901,21,5,233,445,445,0,43.4512,1.0063,47,12,323,134,42,92,958.2207602251411,22.1913,1,1,22,29,29,0,7.563773,0,ok,logs/seed_826006.log
522333,baseline,NHEFT,1,0.0,0,0,0,0.0855,0.0746,0.1601,82.3289999999998,2.2145,13,3,178,468,468,0,38.37029999999999,1.0321,42,8,338,116,41,75,42.43716766666668,1.1415,58,11,336,170,137,33,7.662806,0,ok,logs/seed_522333.log
522333,comp_drt,NHEFT+CompDRT,0,0.0,1,1,0,0.0855,0.0746,0.1601,82.3289999999998,2.2145,13,3,178,468,468,0,38.37029999999999,1.0321,42,8,338,116,41,75,1274.1618980842902,34.2731,1,1,22,28,28,0,7.662806,0,ok,logs/seed_522333.log
245912,baseline,NHEFT,1,0.0,0,0,0,0.0921,0.0712,0.1633,65.07609999999994,1.4232,18,4,220,466,466,0,45.895599999999995,1.0037,42,8,310,117,39,78,45.895588743882534,1.0037,57,10,317,169,138,31,7.382715,0,ok,logs/seed_245912.log
245912,comp_drt,NHEFT+CompDRT,0,0.0,1,1,0,0.0921,0.0712,0.1633,65.07609999999994,1.4232,18,4,220,466,466,0,45.895599999999995,1.0037,42,8,310,117,39,78,674.3357887438829,14.7479,1,1,22,30,30,0,7.382715,0,ok,logs/seed_245912.log
758389,baseline,NHEFT,1,0.0,0,0,0,0.0908,0.0609,0.1517,62.03589999999997,1.8963,20,6,210,451,451,0,37.810100000000006,1.1557,42,8,325,128,48,80,37.358900999999996,1.142,62,13,329,177,141,36,6.698681,0,ok,logs/seed_758389.log
758389,comp_drt,NHEFT+CompDRT,0,0.0,1,1,0,0.0908,0.0609,0.1517,62.03589999999997,1.8963,20,6,210,451,451,0,37.810100000000006,1.1557,42,8,325,128,48,80,1384.6148828238718,42.3238,1,1,22,27,27,0,6.698681,0,ok,logs/seed_758389.log
631363,baseline,NHEFT,1,0.0,0,0,0,0.087,0.0599,0.1469,71.2467,1.9174,15,4,202,457,457,0,38.7957,1.0441,40,7,324,112,29,83,37.69230662251656,1.0144,52,12,322,159,113,46,6.548764,0,ok,logs/seed_631363.log
631363,comp_drt,NHEFT+CompDRT,0,0.0,1,1,0,0.087,0.0599,0.1469,71.2467,1.9174,15,4,202,457,457,0,38.7957,1.0441,40,7,324,112,29,83,824.9320728476827,22.2005,1,1,22,20,20,0,6.548764,0,ok,logs/seed_631363.log
766985,baseline,NHEFT,1,0.0,0,0,0,0.0883,0.0525,0.1408,58.84769999999997,1.5186,19,5,224,444,444,0,40.9407,1.0565,37,9,315,115,44,71,41.23308472553699,1.0641,53,12,311,179,138,41,7.988447,0,ok,logs/seed_766985.log
766985,comp_drt,NHEFT+CompDRT,0,0.0,1,1,0,0.0883,0.0525,0.1408,58.84769999999997,1.5186,19,5,224,444,444,0,40.9407,1.0565,37,9,315,115,44,71,1062.2347283891547,27.4124,1,1,22,27,27,0,7.988447,0,ok,logs/seed_766985.log
582309,baseline,NHEFT,1,0.0,0,0,0,0.0894,0.0475,0.1369,51.81470000000015,1.5789,27,6,243,442,442,0,39.448499999999996,1.2021,36,6,300,112,36,76,38.780828520051756,1.1817,49,10,297,144,112,32,5.129001,0,ok,logs/seed_582309.log
582309,comp_drt,NHEFT+CompDRT,0,0.0,1,1,0,0.0894,0.0475,0.1369,51.81470000000015,1.5789,27,6,243,442,442,0,39.448499999999996,1.2021,36,6,300,112,36,76,837.0296298153039,25.5056,1,1,22,25,25,0,5.129001,0,ok,logs/seed_582309.log
846927,baseline,NHEFT,1,0.0,0,0,0,0.0835,0.0627,0.1462,79.83799999999994,2.2753,17,4,206,483,483,0,37.6992,1.0744,48,8,344,132,32,100,37.71977314093959,1.075,60,10,369,175,125,50,10.328922,0,ok,logs/seed_846927.log
846927,comp_drt,NHEFT+CompDRT,0,0.0,1,1,0,0.0835,0.0627,0.1462,79.83799999999994,2.2753,17,4,206,483,483,0,37.6992,1.0744,48,8,344,132,32,100,1012.1921130624095,28.8458,1,1,22,23,23,0,10.328922,0,ok,logs/seed_846927.log
763059,baseline,NHEFT,1,0.0,0,0,0,0.0943,0.0676,0.1619,72.79009999999994,1.7389,20,5,219,452,452,0,42.42779999999999,1.0136,39,7,307,110,32,78,42.26232873194221,1.0096,58,12,336,167,131,36,6.336362,0,ok,logs/seed_763059.log
763059,comp_drt,NHEFT+CompDRT,0,0.0,1,1,0,0.0943,0.0676,0.1619,72.79009999999994,1.7389,20,5,219,452,452,0,42.42779999999999,1.0136,39,7,307,110,32,78,942.4900523274465,22.516,1,1,22,29,29,0,6.336362,0,ok,logs/seed_763059.log
861602,baseline,NHEFT,1,0.0,0,0,0,0.0994,0.0642,0.1636,78.6009,2.3833,19,4,204,488,488,0,36.192099999999996,1.0974,43,9,338,135,44,91,34.74357153787299,1.0535,55,12,343,172,151,21,7.879671,0,ok,logs/seed_861602.log
861602,comp_drt,NHEFT+CompDRT,0,0.0,1,1,0,0.0994,0.0642,0.1636,78.6009,2.3833,19,4,204,488,488,0,36.192099999999996,1.0974,43,9,338,135,44,91,715.9289900184843,21.7082,1,1,22,26,26,0,7.879671,0,ok,logs/seed_861602.log
631173,baseline,NHEFT,1,0.0,0,0,0,0.0885,0.0537,0.1422,60.996799999999986,1.4981,25,7,222,457,457,0,40.879599999999996,1.004,45,9,318,127,40,87,41.939001000000005,1.03,60,11,328,163,132,31,8.581965,0,ok,logs/seed_631173.log
631173,comp_drt,NHEFT+CompDRT,0,0.0,1,1,0,0.0885,0.0537,0.1422,60.996799999999986,1.4981,25,7,222,457,457,0,40.879599999999996,1.004,45,9,318,127,40,87,1128.4407954739547,27.7152,1,1,22,27,27,0,8.581965,0,ok,logs/seed_631173.log
53408,baseline,NHEFT,1,0.0,0,0,0,0.0884,0.0653,0.1537,84.46470000000022,2.1618,15,5,176,453,453,0,44.545500000000004,1.1401,39,9,308,122,40,82,39.41957568421052,1.0089,53,11,316,165,137,28,7.968513,0,ok,logs/seed_53408.log
53408,comp_drt,NHEFT+CompDRT,0,0.0,1,1,0,0.0884,0.0653,0.1537,84.46470000000022,2.1618,15,5,176,453,453,0,44.545500000000004,1.1401,39,9,308,122,40,82,870.4678274135872,22.2784,1,1,22,33,33,0,7.968513,0,ok,logs/seed_53408.log
328439,baseline,NHEFT,1,0.0,0,0,0,0.0819,0.054,0.1359,63.594400000000014,1.775,23,5,232,464,464,0,40.13479999999999,1.1202,42,8,328,111,35,76,40.228675787535416,1.1228,60,11,332,147,117,30,6.0112,0,ok,logs/seed_328439.log
328439,comp_drt,NHEFT+CompDRT,0,0.0,1,1,0,0.0819,0.054,0.1359,63.594400000000014,1.775,23,5,232,464,464,0,40.13479999999999,1.1202,42,8,328,111,35,76,1122.8177945945943,31.3385,1,1,22,28,28,0,6.0112,0,ok,logs/seed_328439.log
1087,baseline,NHEFT,1,0.0,0,0,0,0.0813,0.0621,0.1434,75.10679999999999,1.7589,17,5,203,455,455,0,46.3681,1.0859,47,11,314,140,34,106,46.43399291759112,1.0874,60,12,314,178,144,34,6.653869,0,ok,logs/seed_1087.log
1087,comp_drt,NHEFT+CompDRT,0,0.0,1,1,0,0.0813,0.0621,0.1434,75.10679999999999,1.7589,17,5,203,455,455,0,46.3681,1.0859,47,11,314,140,34,106,987.4442487603304,23.1245,1,1,22,31,31,0,6.653869,0,ok,logs/seed_1087.log
577361,baseline,NHEFT,1,0.0,0,0,0,0.0932,0.0673,0.1605,65.92200000000012,1.59,19,3,201,434,434,0,41.67859999999999,1.0053,42,8,331,114,45,69,44.03268550724638,1.062,55,11,319,165,130,35,6.387409,0,ok,logs/seed_577361.log
577361,comp_drt,NHEFT+CompDRT,0,0.0,1,1,0,0.0932,0.0673,0.1605,65.92200000000012,1.59,19,3,201,434,434,0,41.67859999999999,1.0053,42,8,331,114,45,69,641.6400855072465,15.476,1,1,22,34,34,0,6.387409,0,ok,logs/seed_577361.log
72146,baseline,NHEFT,1,0.0,0,0,0,0.0865,0.0604,0.1469,50.53810000000001,1.5127,27,8,268,446,446,0,37.47,1.1216,48,12,340,151,46,105,36.8797820642978,1.1039,59,14,340,195,162,33,7.370257,0,ok,logs/seed_72146.log
72146,comp_drt,NHEFT+CompDRT,0,0.0,1,1,0,0.0865,0.0604,0.1469,50.53810000000001,1.5127,27,8,268,446,446,0,37.47,1.1216,48,12,340,151,46,105,1121.1293515580735,33.5585,1,1,22,26,26,0,7.370257,0,ok,logs/seed_72146.log
479068,baseline,NHEFT,1,0.0,0,0,0,0.0722,0.0546,0.1268,69.44559999999987,2.2016,16,5,195,432,432,0,37.604600000000005,1.1922,41,12,313,144,31,113,37.39845684460694,1.1856,54,12,311,168,129,39,6.05662,0,ok,logs/seed_479068.log
479068,comp_drt,NHEFT+CompDRT,0,0.0,1,1,0,0.0722,0.0546,0.1268,69.44559999999987,2.2016,16,5,195,432,432,0,37.604600000000005,1.1922,41,12,313,144,31,113,1678.8192338208414,53.2225,1,1,22,25,25,0,6.05662,0,ok,logs/seed_479068.log
267093,baseline,NHEFT,1,0.0,0,0,0,0.0677,0.0493,0.117,75.36879999999998,1.8733,18,4,228,473,473,0,47.33300000000001,1.1765,42,10,324,128,36,92,46.333893780821924,1.1517,59,12,336,173,138,35,6.595849,0,ok,logs/seed_267093.log
267093,comp_drt,NHEFT+CompDRT,0,0.0,1,1,0,0.0677,0.0493,0.117,75.36879999999998,1.8733,18,4,228,473,473,0,47.33300000000001,1.1765,42,10,324,128,36,92,1415.6066228621294,35.1856,1,1,22,24,24,0,6.595849,0,ok,logs/seed_267093.log
174052,baseline,NHEFT,1,0.0,0,0,0,0.0789,0.0547,0.1336,71.36409999999994,1.9135,15,4,196,467,467,0,37.62790000000001,1.0089,44,10,320,119,37,82,38.697519641390215,1.0376,53,10,345,148,117,31,7.784989,0,ok,logs/seed_174052.log
174052,comp_drt,NHEFT+CompDRT,0,0.0,1,1,0,0.0789,0.0547,0.1336,71.36409999999994,1.9135,15,4,196,467,467,0,37.62790000000001,1.0089,44,10,320,119,37,82,1203.0247438162548,32.2567,1,1,22,26,26,0,7.784989,0,ok,logs/seed_174052.log
224195,baseline,NHEFT,1,0.0,0,0,0,0.0728,0.0471,0.1199,64.21519999999994,1.7819,17,4,222,438,438,0,36.4058,1.0102,47,9,321,140,34,106,39.14895058236274,1.0863,55,10,328,169,137,32,6.739268,0,ok,logs/seed_224195.log
224195,comp_drt,NHEFT+CompDRT,0,0.0,1,1,0,0.0728,0.0471,0.1199,64.21519999999994,1.7819,17,4,222,438,438,0,36.4058,1.0102,47,9,321,140,34,106,1053.326016417911,29.2283,1,1,22,25,25,0,6.739268,0,ok,logs/seed_224195.log
203906,baseline,NHEFT,1,0.0,0,0,0,0.0913,0.0673,0.1586,64.39250000000001,1.6931,21,7,233,433,433,0,45.34839999999999,1.1924,45,12,318,155,36,119,41.99862243343653,1.1043,56,15,326,175,146,29,7.033375,0,ok,logs/seed_203906.log
203906,comp_drt,NHEFT+CompDRT,0,0.0,1,1,0,0.0913,0.0673,0.1586,64.39250000000001,1.6931,21,7,233,433,433,0,45.34839999999999,1.1924,45,12,318,155,36,119,807.1845542635658,21.2234,1,1,22,28,28,0,7.033375,0,ok,logs/seed_203906.log
223610,baseline,NHEFT,1,0.0,0,0,0,0.0806,0.0643,0.1449,50.150100000000016,1.4852,24,5,252,453,453,0,35.720800000000004,1.0579,39,8,317,116,42,74,35.93618858195212,1.0643,52,10,328,157,135,22,6.249692,0,ok,logs/seed_223610.log
223610,comp_drt,NHEFT+CompDRT,0,0.0,1,1,0,0.0806,0.0643,0.1449,50.150100000000016,1.4852,24,5,252,453,453,0,35.720800000000004,1.0579,39,8,317,116,42,74,1244.2254880294663,36.8485,1,1,22,25,25,0,6.249692,0,ok,logs/seed_223610.log
765827,baseline,NHEFT,1,0.0,0,0,0,0.0848,0.063,0.1478,75.94500000000019,1.8411,19,6,209,485,485,0,41.3604,1.0027,42,9,351,141,31,110,43.25576504150373,1.0486,57,14,354,188,140,48,7.867668,0,ok,logs/seed_765827.log
765827,comp_drt,NHEFT+CompDRT,0,0.0,1,1,0,0.0848,0.063,0.1478,75.94500000000019,1.8411,19,6,209,485,485,0,41.3604,1.0027,42,9,351,141,31,110,1387.339338729198,33.6326,1,1,22,30,30,0,7.867668,0,ok,logs/seed_765827.log
597825,baseline,NHEFT,1,0.0,0,0,0,0.0887,0.063,0.1517,54.07740000000002,1.3026,19,3,244,439,439,0,44.716699999999996,1.0771,41,7,311,112,43,69,45.60076576980569,1.0984,51,9,316,158,130,28,7.56662,0,ok,logs/seed_597825.log
597825,comp_drt,NHEFT+CompDRT,0,0.0,1,1,0,0.0887,0.063,0.1517,54.07740000000002,1.3026,19,3,244,439,439,0,44.716699999999996,1.0771,41,7,311,112,43,69,677.697823916293,16.3244,1,1,22,22,22,0,7.56662,0,ok,logs/seed_597825.log
743325,baseline,NHEFT,1,0.0,0,0,0,0.0864,0.0677,0.1541,77.57820000000005,2.5972,13,3,162,456,456,0,33.8998,1.1349,41,9,309,100,29,71,34.37483782887701,1.1508,56,11,323,162,124,38,8.225873,0,ok,logs/seed_743325.log
743325,comp_drt,NHEFT+CompDRT,0,0.0,1,1,0,0.0864,0.0677,0.1541,77.57820000000005,2.5972,13,3,162,456,456,0,33.8998,1.1349,41,9,309,100,29,71,1118.8523784313725,37.458,1,1,22,30,30,0,8.225873,0,ok,logs/seed_743325.log
459404,baseline,NHEFT,1,0.0,0,0,0,0.0704,0.0502,0.1206,74.96200000000007,1.7791,19,5,215,456,456,0,47.345800000000004,1.1237,45,10,328,146,32,114,43.29557083240223,1.0275,52,10,333,177,133,44,5.855229,0,ok,logs/seed_459404.log
459404,comp_drt,NHEFT+CompDRT,0,0.0,1,1,0,0.0704,0.0502,0.1206,74.96200000000007,1.7791,19,5,215,456,456,0,47.345800000000004,1.1237,45,10,328,146,32,114,1234.851608379888,29.307,1,1,22,23,23,0,5.855229,0,ok,logs/seed_459404.log
644891,baseline,NHEFT,1,0.0,0,0,0,0.0884,0.0625,0.1509,53.91830000000009,1.2244,25,6,257,469,469,0,47.951999999999984,1.0889,40,8,336,110,42,68,44.21255224111282,1.004,56,13,339,172,142,30,7.110988,0,ok,logs/seed_644891.log
644891,comp_drt,NHEFT+CompDRT,0,0.0,1,1,0,0.0884,0.0625,0.1509,53.91830000000009,1.2244,25,6,257,469,469,0,47.951999999999984,1.0889,40,8,336,110,42,68,2236.2994174757264,50.7814,1,1,22,30,30,0,7.110988,0,ok,logs/seed_644891.log
112316,baseline,NHEFT,1,0.0,0,0,0,0.0861,0.0547,0.1408,75.33450000000025,1.9294,20,3,213,472,472,0,41.0752,1.052,45,9,327,120,43,77,42.2372,1.0818,58,13,343,158,129,29,9.937221,0,ok,logs/seed_112316.log
112316,comp_drt,NHEFT+CompDRT,0,0.0,1,1,0,0.0861,0.0547,0.1408,75.33450000000025,1.9294,20,3,213,472,472,0,41.0752,1.052,45,9,327,120,43,77,803.9347217391302,20.59,1,1,22,27,27,0,9.937221,0,ok,logs/seed_112316.log
708240,baseline,NHEFT,1,0.0,0,0,0,0.0837,0.0624,0.1461,64.92039999999996,1.527,22,7,226,438,438,0,42.8042,1.0068,40,10,310,150,46,104,42.610377386934665,1.0022,53,12,318,172,141,31,7.626627,0,ok,logs/seed_708240.log
708240,comp_drt,NHEFT+CompDRT,0,0.0,1,1,0,0.0837,0.0624,0.1461,64.92039999999996,1.527,22,7,226,438,438,0,42.8042,1.0068,40,10,310,150,46,104,861.3406029013536,20.2597,1,1,22,25,25,0,7.626627,0,ok,logs/seed_708240.log
988612,baseline,NHEFT,1,0.0,0,0,0,0.0867,0.0469,0.1336,48.51050000000007,1.367,26,6,273,445,445,0,38.263600000000004,1.0782,41,8,317,124,39,85,37.720002448430506,1.0629,55,10,333,171,133,38,7.739132,0,ok,logs/seed_988612.log
988612,comp_drt,NHEFT+CompDRT,0,0.0,1,1,0,0.0867,0.0469,0.1336,48.51050000000007,1.367,26,6,273,445,445,0,38.263600000000004,1.0782,41,8,317,124,39,85,972.4261443946189,27.4023,1,1,22,31,31,0,7.739132,0,ok,logs/seed_988612.log
737269,baseline,NHEFT,1,0.0,0,0,0,0.0924,0.0644,0.1568,74.17870000000003,1.7513,22,6,217,450,450,0,43.99589999999999,1.0387,45,10,317,143,37,106,43.99590760233917,1.0387,50,10,325,171,127,44,7.187441,0,ok,logs/seed_737269.log
737269,comp_drt,NHEFT+CompDRT,0,0.0,1,1,0,0.0924,0.0644,0.1568,74.17870000000003,1.7513,22,6,217,450,450,0,43.99589999999999,1.0387,45,10,317,143,37,106,924.6767790026253,21.8303,1,1,22,24,24,0,7.187441,0,ok,logs/seed_737269.log
670045,baseline,NHEFT,1,0.0,0,0,0,0.0879,0.0548,0.1427,60.289299999999905,1.6533,20,4,210,431,431,0,36.5732,1.0029,39,8,307,123,48,75,36.79232269399707,1.0089,55,11,316,160,129,31,7.700445,0,ok,logs/seed_670045.log
670045,comp_drt,NHEFT+CompDRT,0,0.0,1,1,0,0.0879,0.0548,0.1427,60.289299999999905,1.6533,20,4,210,431,431,0,36.5732,1.0029,39,8,307,123,48,75,833.9316811059917,22.8687,1,1,22,27,27,0,7.700445,0,ok,logs/seed_670045.log
697981,baseline,NHEFT,1,0.0,0,0,0,0.0796,0.0584,0.138,64.31219999999999,1.9402,18,4,211,481,481,0,35.6439,1.0753,51,9,347,146,46,100,35.598961694288015,1.074,58,10,343,164,137,27,8.26907,0,ok,logs/seed_697981.log
697981,comp_drt,NHEFT+CompDRT,0,0.0,1,1,0,0.0796,0.0584,0.138,64.31219999999999,1.9402,18,4,211,481,481,0,35.6439,1.0753,51,9,347,146,46,100,690.7084514078841,20.8381,1,1,22,27,27,0,8.26907,0,ok,logs/seed_697981.log
940926,baseline,NHEFT,1,0.0,0,0,0,0.1022,0.0713,0.1735,73.33630000000001,2.2129,18,5,204,464,464,0,39.3846,1.1884,49,9,336,130,42,88,39.65537245359019,1.1966,55,12,336,159,138,21,7.353167,0,ok,logs/seed_940926.log
940926,comp_drt,NHEFT+CompDRT,0,0.0,1,1,0,0.1022,0.0713,0.1735,73.33630000000001,2.2129,18,5,204,464,464,0,39.3846,1.1884,49,9,336,130,42,88,1539.88902435233,46.4663,1,1,22,26,26,0,7.353167,0,ok,logs/seed_940926.log
245466,baseline,NHEFT,1,0.0,0,0,0,0.0967,0.0634,0.1601,59.15939999999994,1.2685,20,4,240,484,484,0,50.1546,1.0754,43,9,325,122,35,87,49.83967076295865,1.0687,50,9,335,151,121,30,10.398793,0,ok,logs/seed_245466.log
245466,comp_drt,NHEFT+CompDRT,0,0.0,1,1,0,0.0967,0.0634,0.1601,59.15939999999994,1.2685,20,4,240,484,484,0,50.1546,1.0754,43,9,325,122,35,87,775.5474653061224,16.6294,1,1,22,29,29,0,10.398793,0,ok,logs/seed_245466.log
863385,baseline,NHEFT,1,0.0,0,0,0,0.0878,0.0499,0.1377,70.01699999999985,1.6389,16,4,196,490,490,0,42.891600000000004,1.004,37,9,318,117,41,76,42.891552459016395,1.004,53,12,343,168,137,31,7.314361,0,ok,logs/seed_863385.log
863385,comp_drt,NHEFT+CompDRT,0,0.0,1,1,0,0.0878,0.0499,0.1377,70.01699999999985,1.6389,16,4,196,490,490,0,42.891600000000004,1.004,37,9,318,117,41,76,1144.2787088992982,26.784,1,1,22,28,28,0,7.314361,0,ok,logs/seed_863385.log
502084,baseline,NHEFT,1,0.0,0,0,0,0.0857,0.0658,0.1515,65.78229999999995,1.5104,26,5,247,474,474,0,43.6369,1.0019,50,10,340,145,42,103,43.636932057416274,1.0019,61,11,367,181,149,32,7.589145,0,ok,logs/seed_502084.log
502084,comp_drt,NHEFT+CompDRT,0,0.0,1,1,0,0.0857,0.0658,0.1515,65.78229999999995,1.5104,26,5,247,474,474,0,43.6369,1.0019,50,10,340,145,42,103,880.0350307262574,20.206,1,1,22,28,28,0,7.589145,0,ok,logs/seed_502084.log
268333,baseline,NHEFT,1,0.0,0,0,0,0.0904,0.049,0.1394,55.24110000000011,1.8399,23,5,246,467,467,0,36.0059,1.1992,44,10,316,114,40,74,35.84327920817843,1.1938,58,12,340,155,128,27,6.475815,0,ok,logs/seed_268333.log
268333,comp_drt,NHEFT+CompDRT,0,0.0,1,1,0,0.0904,0.049,0.1394,55.24110000000011,1.8399,23,5,246,467,467,0,36.0059,1.1992,44,10,316,114,40,74,1425.8335818897642,47.49,1,1,22,23,23,0,6.475815,0,ok,logs/seed_268333.log
889172,baseline,NHEFT,1,0.0,0,0,0,0.0837,0.0484,0.1321,46.58329999999994,1.1984,25,5,259,445,445,0,39.4939,1.016,43,9,312,122,50,72,39.62872575210589,1.0195,54,10,324,162,138,24,7.131503,0,ok,logs/seed_889172.log
889172,comp_drt,NHEFT+CompDRT,0,0.0,1,1,0,0.0837,0.0484,0.1321,46.58329999999994,1.1984,25,5,259,445,445,0,39.4939,1.016,43,9,312,122,50,72,915.4068066185315,23.5493,1,1,22,29,29,0,7.131503,0,ok,logs/seed_889172.log
768859,baseline,NHEFT,1,0.0,0,0,0,0.0833,0.0617,0.145,67.04989999999994,1.8617,18,4,220,454,454,0,37.35189999999999,1.0371,42,10,329,137,45,92,36.65024827586207,1.0176,58,13,334,176,150,26,6.488985,0,ok,logs/seed_768859.log
768859,comp_drt,NHEFT+CompDRT,0,0.0,1,1,0,0.0833,0.0617,0.145,67.04989999999994,1.8617,18,4,220,454,454,0,37.35189999999999,1.0371,42,10,329,137,45,92,1369.391,38.0224,1,1,22,27,27,0,6.488985,0,ok,logs/seed_768859.log
108511,baseline,NHEFT,1,0.0,0,0,0,0.086,0.0655,0.1515,80.60769999999984,2.4425,16,4,190,485,485,0,37.305099999999996,1.1304,42,9,354,123,43,80,35.08499471465741,1.0631,59,12,355,172,134,38,9.334046,0,ok,logs/seed_108511.log
108511,comp_drt,NHEFT+CompDRT,0,0.0,1,1,0,0.086,0.0655,0.1515,80.60769999999984,2.4425,16,4,190,485,485,0,37.305099999999996,1.1304,42,9,354,123,43,80,1042.3318381729212,31.5832,1,1,22,26,26,0,9.334046,0,ok,logs/seed_108511.log
828273,baseline,NHEFT,1,0.0,0,0,0,0.0837,0.0536,0.1373,45.78340000000004,1.1729,27,6,274,453,453,0,39.6209,1.015,41,9,332,128,43,85,39.74736501028277,1.0183,52,11,322,161,141,20,5.906076,0,ok,logs/seed_828273.log
828273,comp_drt,NHEFT+CompDRT,0,0.0,1,1,0,0.0837,0.0536,0.1373,45.78340000000004,1.1729,27,6,274,453,453,0,39.6209,1.015,41,9,332,128,43,85,1414.0399795755973,36.2253,1,1,22,23,23,0,5.906076,0,ok,logs/seed_828273.log
932667,baseline,NHEFT,1,0.0,0,0,0,0.0797,0.0514,0.1311,59.05390000000009,1.8939,19,6,201,422,422,0,33.644,1.079,37,9,310,143,31,112,33.197145181674564,1.0646,52,15,301,180,136,44,6.76288,0,ok,logs/seed_932667.log
932667,comp_drt,NHEFT+CompDRT,0,0.0,1,1,0,0.0797,0.0514,0.1311,59.05390000000009,1.8939,19,6,201,422,422,0,33.644,1.079,37,9,310,143,31,112,1135.6579601181677,36.4207,1,1,22,29,29,0,6.76288,0,ok,logs/seed_932667.log
245421,baseline,NHEFT,1,0.0,0,0,0,0.0826,0.0544,0.137,78.26889999999983,2.1619,14,4,167,445,445,0,40.328799999999994,1.1139,48,11,299,140,37,103,38.52270380180181,1.064,53,12,329,169,119,50,8.166642,0,ok,logs/seed_245421.log
245421,comp_drt,NHEFT+CompDRT,0,0.0,1,1,0,0.0826,0.0544,0.137,78.26889999999983,2.1619,14,4,167,445,445,0,40.328799999999994,1.1139,48,11,299,140,37,103,1241.1973305389217,34.283,1,1,22,30,30,0,8.166642,0,ok,logs/seed_245421.log
678641,baseline,NHEFT,1,0.0,0,0,0,0.0952,0.0567,0.1519,61.10159999999996,1.3884,26,7,251,460,460,0,44.17,1.0037,52,11,322,131,32,99,44.72579039780521,1.0163,61,12,333,186,141,45,8.312578,0,ok,logs/seed_678641.log
678641,comp_drt,NHEFT+CompDRT,0,0.0,1,1,0,0.0952,0.0567,0.1519,61.10159999999996,1.3884,26,7,251,460,460,0,44.17,1.0037,52,11,322,131,32,99,1347.3403028909336,30.6154,1,1,22,32,32,0,8.312578,0,ok,logs/seed_678641.log
935125,baseline,NHEFT,1,0.0,0,0,0,0.0924,0.0679,0.1603,76.48199999999989,1.7856,16,4,207,480,480,0,43.0346,1.0047,40,9,324,125,33,92,43.39316889632107,1.0131,60,13,345,182,134,48,7.926505,0,ok,logs/seed_935125.log
935125,comp_drt,NHEFT+CompDRT,0,0.0,1,1,0,0.0924,0.0679,0.1603,76.48199999999989,1.7856,16,4,207,480,480,0,43.0346,1.0047,40,9,324,125,33,92,1012.0061123456793,23.6271,1,1,22,28,28,0,7.926505,0,ok,logs/seed_935125.log
605287,baseline,NHEFT,1,0.0,0,0,0,0.0898,0.0678,0.1576,55.25980000000009,1.3985,24,4,232,447,447,0,44.86520000000001,1.1355,41,8,298,109,41,68,44.83253950000001,1.1346,54,10,326,168,140,28,7.523799,0,ok,logs/seed_605287.log
605287,comp_drt,NHEFT+CompDRT,0,0.0,1,1,0,0.0898,0.0678,0.1576,55.25980000000009,1.3985,24,4,232,447,447,0,44.86520000000001,1.1355,41,8,298,109,41,68,708.3300358490567,17.9267,1,1,22,31,31,0,7.523799,0,ok,logs/seed_605287.log
241117,baseline,NHEFT,1,0.0,0,0,0,0.0973,0.0524,0.1497,50.42109999999991,1.0772,29,7,285,477,477,0,47.08559999999999,1.006,43,8,348,126,42,84,46.89148143360751,1.0018,50,10,350,146,117,29,7.714688,0,ok,logs/seed_241117.log
241117,comp_drt,NHEFT+CompDRT,0,0.0,1,1,0,0.0973,0.0524,0.1497,50.42109999999991,1.0772,29,7,285,477,477,0,47.08559999999999,1.006,43,8,348,126,42,84,996.8227814336066,21.2971,1,1,22,30,30,0,7.714688,0,ok,logs/seed_241117.log
137693,baseline,NHEFT,1,0.0,0,0,0,0.073,0.0587,0.1317,89.6832999999999,2.7016,17,5,210,503,503,0,44.400600000000004,1.3375,49,12,350,164,32,132,43.10098771428572,1.2984,67,14,369,202,156,46,9.495133,0,ok,logs/seed_137693.log
137693,comp_drt,NHEFT+CompDRT,0,0.0,1,1,0,0.073,0.0587,0.1317,89.6832999999999,2.7016,17,5,210,503,503,0,44.400600000000004,1.3375,49,12,350,164,32,132,1819.0618461771396,54.7975,1,1,22,25,25,0,9.495133,0,ok,logs/seed_137693.log
519815,baseline,NHEFT,1,0.0,0,0,0,0.0919,0.0608,0.1527,59.146699999999996,1.52,25,5,245,472,472,0,43.304500000000004,1.1129,50,9,333,142,46,96,43.30090161389962,1.1128,49,9,336,147,132,15,6.218622,0,ok,logs/seed_519815.log
519815,comp_drt,NHEFT+CompDRT,0,0.0,1,1,0,0.0919,0.0608,0.1527,59.146699999999996,1.52,25,5,245,472,472,0,43.304500000000004,1.1129,50,9,333,142,46,96,862.2210181818184,22.1582,1,1,22,28,28,0,6.218622,0,ok,logs/seed_519815.log
825689,baseline,NHEFT,1,0.0,0,0,0,0.0871,0.0539,0.141,62.605999999999995,1.4925,19,5,224,461,461,0,42.15069999999999,1.0049,40,10,318,140,36,104,42.15070790087829,1.0049,56,12,341,192,159,33,8.567884,0,ok,logs/seed_825689.log
825689,comp_drt,NHEFT+CompDRT,0,0.0,1,1,0,0.0871,0.0539,0.141,62.605999999999995,1.4925,19,5,224,461,461,0,42.15069999999999,1.0049,40,10,318,140,36,104,1033.7156593475527,24.6437,1,1,22,27,27,0,8.567884,0,ok,logs/seed_825689.log
266300,baseline,NHEFT,1,0.0,0,0,0,0.0924,0.0567,0.1491,52.17289999999996,1.4607,26,5,253,473,473,0,38.505599999999994,1.078,39,8,323,119,48,71,37.89263111737944,1.0609,52,11,346,157,145,12,9.235152,0,ok,logs/seed_266300.log
266300,comp_drt,NHEFT+CompDRT,0,0.0,1,1,0,0.0924,0.0567,0.1491,52.17289999999996,1.4607,26,5,253,473,473,0,38.505599999999994,1.078,39,8,323,119,48,71,1164.053347863248,32.5901,1,1,22,26,26,0,9.235152,0,ok,logs/seed_266300.log
353884,baseline,NHEFT,1,0.0,0,0,0,0.0879,0.0652,0.1531,87.34919999999993,1.9164,14,3,190,483,483,0,45.78590000000001,1.0045,36,7,320,94,30,64,47.86974347826088,1.0502,50,10,328,147,106,41,6.899803,0,ok,logs/seed_353884.log
353884,comp_drt,NHEFT+CompDRT,0,0.0,1,1,0,0.0879,0.0652,0.1531,87.34919999999993,1.9164,14,3,190,483,483,0,45.78590000000001,1.0045,36,7,320,94,30,64,1014.9859818181812,22.2682,1,1,22,31,31,0,6.899803,0,ok,logs/seed_353884.log
141574,baseline,NHEFT,1,0.0,0,0,0,0.0854,0.0448,0.1302,56.40330000000007,1.2258,27,6,287,485,485,0,47.1322,1.0243,45,11,341,147,46,101,46.404898079561036,1.0085,52,12,345,179,143,36,7.867105,0,ok,logs/seed_141574.log
141574,comp_drt,NHEFT+CompDRT,0,0.0,1,1,0,0.0854,0.0448,0.1302,56.40330000000007,1.2258,27,6,287,485,485,0,47.1322,1.0243,45,11,341,147,46,101,1617.9714688073395,35.1639,1,1,22,29,29,0,7.867105,0,ok,logs/seed_141574.log
211351,baseline,NHEFT,1,0.0,0,0,0,0.0895,0.0593,0.1488,56.79430000000002,1.3454,24,6,271,467,467,0,43.615300000000005,1.0332,39,7,330,131,36,95,43.866217417910455,1.0391,57,10,333,174,135,39,6.333763,0,ok,logs/seed_211351.log
211351,comp_drt,NHEFT+CompDRT,0,0.0,1,1,0,0.0895,0.0593,0.1488,56.79430000000002,1.3454,24,6,271,467,467,0,43.615300000000005,1.0332,39,7,330,131,36,95,803.4855063291145,19.0331,1,1,22,27,27,0,6.333763,0,ok,logs/seed_211351.log
64745,baseline,NHEFT,1,0.0,0,0,0,0.0737,0.0454,0.1191,70.06880000000002,1.412,24,5,227,472,472,0,49.85500000000002,1.0046,49,8,337,136,41,95,49.855049422496585,1.0046,53,9,334,167,141,26,8.307783,0,ok,logs/seed_64745.log
64745,comp_drt,NHEFT+CompDRT,0,0.0,1,1,0,0.0737,0.0454,0.1191,70.06880000000002,1.412,24,5,227,472,472,0,49.85500000000002,1.0046,49,8,337,136,41,95,878.9296823857305,17.7114,1,1,22,31,31,0,8.307783,0,ok,logs/seed_64745.log
827551,baseline,NHEFT,1,0.0,0,0,0,0.0926,0.0725,0.1651,76.03610000000012,1.7017,16,6,174,426,426,0,45.0566,1.0083,34,9,279,107,39,68,45.307426008344926,1.014,44,10,284,139,113,26,7.496331,0,ok,logs/seed_827551.log
827551,comp_drt,NHEFT+CompDRT,0,0.0,1,1,0,0.0926,0.0725,0.1651,76.03610000000012,1.7017,16,6,174,426,426,0,45.0566,1.0083,34,9,279,107,39,68,818.9239709318499,18.3272,1,1,22,29,29,0,7.496331,0,ok,logs/seed_827551.log
236634,baseline,NHEFT,1,0.0,0,0,0,0.0879,0.0596,0.1475,57.28739999999999,1.6078,19,4,221,442,442,0,36.4578,1.0232,38,9,313,118,35,83,36.296758365758755,1.0187,55,12,315,161,139,22,6.867242,0,ok,logs/seed_236634.log
236634,comp_drt,NHEFT+CompDRT,0,0.0,1,1,0,0.0879,0.0596,0.1475,57.28739999999999,1.6078,19,4,221,442,442,0,36.4578,1.0232,38,9,313,118,35,83,2093.8736104417662,58.7662,1,1,22,31,31,0,6.867242,0,ok,logs/seed_236634.log
554061,baseline,NHEFT,1,0.0,0,0,0,0.0848,0.0572,0.142,67.71270000000005,1.5585,15,3,203,450,450,0,43.58229999999999,1.0031,39,8,300,121,35,86,43.58231315789473,1.0031,51,10,316,146,109,37,7.360893,0,ok,logs/seed_554061.log
554061,comp_drt,NHEFT+CompDRT,0,0.0,1,1,0,0.0848,0.0572,0.142,67.71270000000005,1.5585,15,3,203,450,450,0,43.58229999999999,1.0031,39,8,300,121,35,86,1544.3282131578928,35.5458,1,1,22,29,29,0,7.360893,0,ok,logs/seed_554061.log
473253,baseline,NHEFT,1,0.0,0,0,0,0.077,0.0471,0.1241,61.76489999999998,1.5998,21,5,225,433,433,0,38.875899999999994,1.0069,41,10,303,133,38,95,39.46804155844156,1.0223,53,11,304,168,140,28,6.559573,0,ok,logs/seed_473253.log
473253,comp_drt,NHEFT+CompDRT,0,0.0,1,1,0,0.077,0.0471,0.1241,61.76489999999998,1.5998,21,5,225,433,433,0,38.875899999999994,1.0069,41,10,303,133,38,95,1932.846005194806,50.0635,1,1,22,27,27,0,6.559573,0,ok,logs/seed_473253.log
397414,baseline,NHEFT,1,0.0,0,0,0,0.0904,0.0759,0.1663,93.43370000000002,2.6073,14,4,178,484,484,0,39.17830000000001,1.0933,49,9,353,134,42,92,38.37021549295775,1.0707,65,11,366,177,140,37,9.570206,0,ok,logs/seed_397414.log
397414,comp_drt,NHEFT+CompDRT,0,0.0,1,1,0,0.0904,0.0759,0.1663,93.43370000000002,2.6073,14,4,178,484,484,0,39.17830000000001,1.0933,49,9,353,134,42,92,996.90864486692,27.8189,1,1,22,28,28,0,9.570206,0,ok,logs/seed_397414.log
237902,baseline,NHEFT,1,0.0,0,0,0,0.0863,0.0518,0.1381,44.920700000000004,1.238,27,6,270,441,441,0,37.8276,1.0425,40,9,301,113,39,74,38.28998111490329,1.0553,55,11,329,166,143,23,7.793866,0,ok,logs/seed_237902.log
237902,comp_drt,NHEFT+CompDRT,0,0.0,1,1,0,0.0863,0.0518,0.1381,44.920700000000004,1.238,27,6,270,441,441,0,37.8276,1.0425,40,9,301,113,39,74,1329.8127926218715,36.6495,1,1,22,29,29,0,7.793866,0,ok,logs/seed_237902.log
57519,baseline,NHEFT,1,0.0,0,0,0,0.0788,0.051,0.1298,62.683400000000034,1.9159,18,4,218,450,450,0,35.3721,1.0811,36,6,330,101,33,68,35.43196138880919,1.083,61,11,320,162,130,32,7.225942,0,ok,logs/seed_57519.log
57519,comp_drt,NHEFT+CompDRT,0,0.0,1,1,0,0.0788,0.051,0.1298,62.683400000000034,1.9159,18,4,218,450,450,0,35.3721,1.0811,36,6,330,101,33,68,885.8553294605811,27.0757,1,1,22,27,27,0,7.225942,0,ok,logs/seed_57519.log
505780,baseline,NHEFT,1,0.0,0,0,0,0.0949,0.0546,0.1495,50.69449999999999,1.2092,28,7,227,425,425,0,42.1435,1.0053,38,9,308,117,44,73,42.14350075429975,1.0053,56,12,311,168,131,37,6.663719,0,ok,logs/seed_505780.log
505780,comp_drt,NHEFT+CompDRT,0,0.0,1,1,0,0.0949,0.0546,0.1495,50.69449999999999,1.2092,28,7,227,425,425,0,42.1435,1.0053,38,9,308,117,44,73,1536.9072641277633,36.6601,1,1,22,28,28,0,6.663719,0,ok,logs/seed_505780.log
353215,baseline,NHEFT,1,0.0,0,0,0,0.0694,0.0472,0.1166,66.16920000000002,1.6429,22,5,244,476,476,0,42.511500000000005,1.0555,43,9,330,123,30,93,42.44674278124278,1.0539,52,11,346,173,138,35,7.426527,0,ok,logs/seed_353215.log
353215,comp_drt,NHEFT+CompDRT,0,0.0,1,1,0,0.0694,0.0472,0.1166,66.16920000000002,1.6429,22,5,244,476,476,0,42.511500000000005,1.0555,43,9,330,123,30,93,1320.5765486486484,32.7878,1,1,22,29,29,0,7.426527,0,ok,logs/seed_353215.log
60194,baseline,NHEFT,1,0.0,0,0,0,0.0885,0.0581,0.1466,61.0828999999999,2.003,19,5,216,477,477,0,36.149,1.1854,44,10,335,121,39,82,35.83750418118467,1.1752,56,12,349,149,125,24,8.720066,0,ok,logs/seed_60194.log
60194,comp_drt,NHEFT+CompDRT,0,0.0,1,1,0,0.0885,0.0581,0.1466,61.0828999999999,2.003,19,5,216,477,477,0,36.149,1.1854,44,10,335,121,39,82,2317.205655146506,75.9857,1,1,22,28,28,0,8.720066,0,ok,logs/seed_60194.log
21327,baseline,NHEFT,1,0.0,0,0,0,0.0865,0.0522,0.1387,65.55640000000001,1.3735,19,5,231,482,482,0,49.65559999999999,1.0403,40,9,311,118,35,83,47.86197894736842,1.0028,51,11,334,171,137,34,8.03864,0,ok,logs/seed_21327.log
21327,comp_drt,NHEFT+CompDRT,0,0.0,1,1,0,0.0865,0.0522,0.1387,65.55640000000001,1.3735,19,5,231,482,482,0,49.65559999999999,1.0403,40,9,311,118,35,83,1273.8492626506036,26.6884,1,1,22,29,29,0,8.03864,0,ok,logs/seed_21327.log
551141,baseline,NHEFT,1,0.0,0,0,0,0.0834,0.0466,0.13,64.21919999999989,1.7978,17,5,203,425,425,0,36.918499999999995,1.0335,42,8,306,135,40,95,37.50259360696009,1.0499,56,10,311,176,149,27,6.249518,0,ok,logs/seed_551141.log
551141,comp_drt,NHEFT+CompDRT,0,0.0,1,1,0,0.0834,0.0466,0.13,64.21919999999989,1.7978,17,5,203,425,425,0,36.918499999999995,1.0335,42,8,306,135,40,95,800.9428577197152,22.4222,1,1,22,24,24,0,6.249518,0,ok,logs/seed_551141.log
504483,baseline,NHEFT,1,0.0,0,0,0,0.0867,0.0665,0.1532,70.10949999999997,2.3338,16,4,177,450,450,0,32.3129,1.0756,43,9,324,107,39,68,32.267180455407974,1.0741,57,13,342,168,141,27,9.665746,0,ok,logs/seed_504483.log
504483,comp_drt,NHEFT+CompDRT,0,0.0,1,1,0,0.0867,0.0665,0.1532,70.10949999999997,2.3338,16,4,177,450,450,0,32.3129,1.0756,43,9,324,107,39,68,886.7575146095718,29.518,1,1,22,26,26,0,9.665746,0,ok,logs/seed_504483.log
50984,baseline,NHEFT,1,0.0,0,0,0,0.0815,0.0532,0.1347,55.11709999999998,1.152,32,6,272,469,469,0,48.236000000000004,1.0081,51,10,336,150,43,107,48.23597674144038,1.0081,51,11,333,159,134,25,7.515526,0,ok,logs/seed_50984.log
50984,comp_drt,NHEFT+CompDRT,0,0.0,1,1,0,0.0815,0.0532,0.1347,55.11709999999998,1.152,32,6,272,469,469,0,48.236000000000004,1.0081,51,10,336,150,43,107,862.0140284023664,18.0163,1,1,22,25,25,0,7.515526,0,ok,logs/seed_50984.log
145299,baseline,NHEFT,1,0.0,0,0,0,0.09,0.0614,0.1514,71.51330000000002,1.873,17,4,198,440,440,0,39.0376,1.0224,47,11,322,117,37,80,40.25926658476658,1.0544,54,11,319,161,123,38,7.874477,0,ok,logs/seed_145299.log
145299,comp_drt,NHEFT+CompDRT,0,0.0,1,1,0,0.09,0.0614,0.1514,71.51330000000002,1.873,17,4,198,440,440,0,39.0376,1.0224,47,11,322,117,37,80,1345.506167452301,35.2401,1,1,22,29,29,0,7.874477,0,ok,logs/seed_145299.log
933274,baseline,NHEFT,1,0.0,0,0,0,0.0824,0.0503,0.1327,65.92330000000014,1.3725,26,7,239,472,472,0,49.97690000000001,1.0405,41,10,334,138,35,103,48.53513382899628,1.0105,52,13,323,189,147,42,8.309409,0,ok,logs/seed_933274.log
933274,comp_drt,NHEFT+CompDRT,0,0.0,1,1,0,0.0824,0.0503,0.1327,65.92330000000014,1.3725,26,7,239,472,472,0,49.97690000000001,1.0405,41,10,334,138,35,103,1661.2053548387087,34.5863,1,1,22,26,26,0,8.309409,0,ok,logs/seed_933274.log
321337,baseline,NHEFT,1,0.0,0,0,0,0.0984,0.0675,0.1659,64.24789999999999,2.2984,19,6,213,468,468,0,37.1591,1.3293,44,8,323,140,33,107,37.16204793698176,1.3294,57,11,328,167,128,39,7.009574,0,ok,logs/seed_321337.log
321337,comp_drt,NHEFT+CompDRT,0,0.0,1,1,0,0.0984,0.0675,0.1659,64.24789999999999,2.2984,19,6,213,468,468,0,37.1591,1.3293,44,8,323,140,33,107,921.5123278606965,32.9655,1,1,22,26,26,0,7.009574,0,ok,logs/seed_321337.log
181404,baseline,NHEFT,1,0.0,0,0,0,0.0894,0.068,0.1574,84.6924000000001,2.3315,13,4,180,483,483,0,39.762299999999996,1.0946,40,10,331,137,31,106,37.88081151919867,1.0428,60,12,335,166,130,36,7.52949,0,ok,logs/seed_181404.log
181404,comp_drt,NHEFT+CompDRT,0,0.0,1,1,0,0.0894,0.068,0.1574,84.6924000000001,2.3315,13,4,180,483,483,0,39.762299999999996,1.0946,40,10,331,137,31,106,970.3301115191981,26.7122,1,1,22,28,28,0,7.52949,0,ok,logs/seed_181404.log
3899,baseline,NHEFT,1,0.0,0,0,0,0.0846,0.0592,0.1438,59.21109999999998,1.1822,23,5,258,444,444,0,50.293499999999995,1.0041,37,8,304,110,42,68,50.31586988352745,1.0046,60,14,321,190,166,24,7.400534,0,ok,logs/seed_3899.log
3899,comp_drt,NHEFT+CompDRT,0,0.0,1,1,0,0.0846,0.0592,0.1438,59.21109999999998,1.1822,23,5,258,444,444,0,50.293499999999995,1.0041,37,8,304,110,42,68,1077.58502279534,21.5143,1,1,22,32,32,0,7.400534,0,ok,logs/seed_3899.log
494958,baseline,NHEFT,1,0.0,0,0,0,0.0981,0.0724,0.1705,77.91770000000005,1.9643,14,4,168,428,428,0,39.7983,1.0033,37,10,295,120,36,84,39.80747042801556,1.0035,57,10,313,162,126,36,7.083695,0,ok,logs/seed_494958.log
494958,comp_drt,NHEFT+CompDRT,0,0.0,1,1,0,0.0981,0.0724,0.1705,77.91770000000005,1.9643,14,4,168,428,428,0,39.7983,1.0033,37,10,295,120,36,84,799.6273936507937,20.1585,1,1,22,25,25,0,7.083695,0,ok,logs/seed_494958.log
970507,baseline,NHEFT,1,0.0,0,0,0,0.0756,0.0572,0.1328,64.95439999999985,1.7284,17,5,209,452,452,0,37.6566,1.002,41,10,320,152,38,114,37.805434154351396,1.006,57,13,332,202,156,46,8.031849,0,ok,logs/seed_970507.log
970507,comp_drt,NHEFT+CompDRT,0,0.0,1,1,0,0.0756,0.0572,0.1328,64.95439999999985,1.7284,17,5,209,452,452,0,37.6566,1.002,41,10,320,152,38,114,947.5511571428574,25.2144,1,1,22,28,28,0,8.031849,0,ok,logs/seed_970507.log
705866,baseline,NHEFT,1,0.0,0,0,0,0.0855,0.0635,0.149,68.71800000000005,1.6127,18,5,212,466,466,0,43.96370000000002,1.0318,38,9,325,135,32,103,43.96374864864866,1.0318,55,13,326,191,142,49,10.822651,0,ok,logs/seed_705866.log
705866,comp_drt,NHEFT+CompDRT,0,0.0,1,1,0,0.0855,0.0635,0.149,68.71800000000005,1.6127,18,5,212,466,466,0,43.96370000000002,1.0318,38,9,325,135,32,103,891.5410572337048,20.9233,1,1,22,32,32,0,10.822651,0,ok,logs/seed_705866.log
296343,baseline,NHEFT,1,0.0,0,0,0,0.0944,0.0575,0.1519,78.96239999999995,2.3474,15,4,189,440,440,0,34.2757,1.019,40,7,308,98,32,66,35.32027040148699,1.05,60,11,323,145,111,34,7.370111,0,ok,logs/seed_296343.log
296343,comp_drt,NHEFT+CompDRT,0,0.0,1,1,0,0.0944,0.0575,0.1519,78.96239999999995,2.3474,15,4,189,440,440,0,34.2757,1.019,40,7,308,98,32,66,860.9750853658542,25.5954,1,1,22,27,27,0,7.370111,0,ok,logs/seed_296343.log
586398,baseline,NHEFT,1,0.0,0,0,0,0.0819,0.0432,0.1251,51.27360000000003,1.2971,30,8,308,490,490,0,43.044399999999996,1.089,50,12,348,186,45,141,42.55851417322834,1.0767,54,13,356,207,174,33,6.717341,0,ok,logs/seed_586398.log
586398,comp_drt,NHEFT+CompDRT,0,0.0,1,1,0,0.0819,0.0432,0.1251,51.27360000000003,1.2971,30,8,308,490,490,0,43.044399999999996,1.089,50,12,348,186,45,141,2331.0201682243005,58.9711,1,1,22,24,24,0,6.717341,0,ok,logs/seed_586398.log
378648,baseline,NHEFT,1,0.0,0,0,0,0.0901,0.0684,0.1585,41.98549999999996,1.2797,28,6,271,446,446,0,38.4314,1.1714,39,9,306,128,49,79,37.1640339391635,1.1328,50,12,312,158,137,21,7.134085,0,ok,logs/seed_378648.log
378648,comp_drt,NHEFT+CompDRT,0,0.0,1,1,0,0.0901,0.0684,0.1585,41.98549999999996,1.2797,28,6,271,446,446,0,38.4314,1.1714,39,9,306,128,49,79,753.9512434052763,22.9808,1,1,22,27,27,0,7.134085,0,ok,logs/seed_378648.log
531966,baseline,NHEFT,1,0.0,0,0,0,0.0908,0.056,0.1468,40.29580000000004,1.3365,30,7,294,433,433,0,32.32569999999999,1.0722,47,9,316,146,50,96,31.656702639344264,1.05,56,12,323,167,141,26,6.931455,0,ok,logs/seed_531966.log
531966,comp_drt,NHEFT+CompDRT,0,0.0,1,1,0,0.0908,0.056,0.1468,40.29580000000004,1.3365,30,7,294,433,433,0,32.32569999999999,1.0722,47,9,316,146,50,96,1174.6650169398918,38.9611,1,1,22,26,26,0,6.931455,0,ok,logs/seed_531966.log
596361,baseline,NHEFT,1,0.0,0,0,0,0.0819,0.0532,0.1351,55.525199999999934,1.5007,26,7,248,472,472,0,37.1251,1.0034,42,9,333,135,48,87,37.125141125541134,1.0034,53,12,338,185,150,35,8.64704,0,ok,logs/seed_596361.log
596361,comp_drt,NHEFT+CompDRT,0,0.0,1,1,0,0.0819,0.0532,0.1351,55.525199999999934,1.5007,26,7,248,472,472,0,37.1251,1.0034,42,9,333,135,48,87,2248.9200425531917,60.7821,1,1,22,27,27,0,8.64704,0,ok,logs/seed_596361.log
60220,baseline,NHEFT,1,0.0,0,0,0,0.0884,0.05,0.1384,60.27890000000015,1.684,17,4,214,464,464,0,35.944799999999994,1.0042,41,7,327,109,34,75,36.86107242857143,1.0298,55,11,319,160,118,42,6.860261,0,ok,logs/seed_60220.log
60220,comp_drt,NHEFT+CompDRT,0,0.0,1,1,0,0.0884,0.05,0.1384,60.27890000000015,1.684,17,4,214,464,464,0,35.944799999999994,1.0042,41,7,327,109,34,75,1330.0154584541067,37.1564,1,1,22,23,23,0,6.860261,0,ok,logs/seed_60220.log
189568,baseline,NHEFT,1,0.0,0,0,0,0.0847,0.0711,0.1558,64.83229999999985,1.5317,18,4,208,454,454,0,42.46970000000001,1.0034,39,8,308,116,36,80,42.469669175627246,1.0034,54,10,323,153,117,36,8.222411,0,ok,logs/seed_189568.log
189568,comp_drt,NHEFT+CompDRT,0,0.0,1,1,0,0.0847,0.0711,0.1558,64.83229999999985,1.5317,18,4,208,454,454,0,42.46970000000001,1.0034,39,8,308,116,36,80,720.121450863723,17.0136,1,1,22,28,28,0,8.222411,0,ok,logs/seed_189568.log
151000,baseline,NHEFT,1,0.0,0,0,0,0.0808,0.0508,0.1316,56.074099999999994,1.1829,32,7,292,441,441,0,55.84669999999999,1.1781,38,8,306,121,42,79,53.999453463587926,1.1391,50,11,322,153,130,23,5.850425,0,ok,logs/seed_151000.log
151000,comp_drt,NHEFT+CompDRT,0,0.0,1,1,0,0.0808,0.0508,0.1316,56.074099999999994,1.1829,32,7,292,441,441,0,55.84669999999999,1.1781,38,8,306,121,42,79,1364.0435282051274,28.7749,1,1,22,28,28,0,5.850425,0,ok,logs/seed_151000.log
72402,baseline,NHEFT,1,0.0,0,0,0,0.0824,0.0648,0.1472,52.05359999999998,1.2422,23,4,264,445,445,0,41.9727,1.0016,41,8,315,118,40,78,41.97271275720165,1.0016,52,10,315,153,134,19,6.126526,0,ok,logs/seed_72402.log
72402,comp_drt,NHEFT+CompDRT,0,0.0,1,1,0,0.0824,0.0648,0.1472,52.05359999999998,1.2422,23,4,264,445,445,0,41.9727,1.0016,41,8,315,118,40,78,826.8819686626747,19.7326,1,1,22,27,27,0,6.126526,0,ok,logs/seed_72402.log
983055,baseline,NHEFT,1,0.0,0,0,0,0.0891,0.0602,0.1493,51.3129000000001,1.397,21,4,265,465,465,0,38.9133,1.0594,42,7,325,126,36,90,39.440793478260865,1.0738,45,8,327,143,106,37,6.76324,0,ok,logs/seed_983055.log
983055,comp_drt,NHEFT+CompDRT,0,0.0,1,1,0,0.0891,0.0602,0.1493,51.3129000000001,1.397,21,4,265,465,465,0,38.9133,1.0594,42,7,325,126,36,90,754.6762042232273,20.5458,1,1,22,26,26,0,6.76324,0,ok,logs/seed_983055.log
538582,baseline,NHEFT,1,0.0,0,0,0,0.0881,0.0546,0.1427,66.45969999999996,1.7678,18,4,207,444,444,0,37.86809999999999,1.0073,38,7,312,95,37,58,39.8481529379845,1.0599,49,9,310,135,112,23,6.830066,0,ok,logs/seed_538582.log
538582,comp_drt,NHEFT+CompDRT,0,0.0,1,1,0,0.0881,0.0546,0.1427,66.45969999999996,1.7678,18,4,207,444,444,0,37.86809999999999,1.0073,38,7,312,95,37,58,2021.8398378646805,53.7803,1,1,22,26,26,0,6.830066,0,ok,logs/seed_538582.log
934509,baseline,NHEFT,1,0.0,0,0,0,0.0892,0.0624,0.1516,58.685299999999984,1.4535,20,4,236,468,468,0,40.540299999999995,1.0041,36,8,325,104,38,66,40.54025365853658,1.0041,54,11,329,157,127,30,8.856397,0,ok,logs/seed_934509.log
934509,comp_drt,NHEFT+CompDRT,0,0.0,1,1,0,0.0892,0.0624,0.1516,58.685299999999984,1.4535,20,4,236,468,468,0,40.540299999999995,1.0041,36,8,325,104,38,66,1026.377753658536,25.4214,1,1,22,32,32,0,8.856397,0,ok,logs/seed_934509.log
220410,baseline,NHEFT,1,0.0,0,0,0,0.0907,0.0474,0.1381,43.947100000000006,1.3499,31,6,278,450,450,0,37.17190000000001,1.1418,45,8,315,127,48,79,36.48416330935252,1.1206,52,10,322,152,129,23,7.372066,0,ok,logs/seed_220410.log
220410,comp_drt,NHEFT+CompDRT,0,0.0,1,1,0,0.0907,0.0474,0.1381,43.947100000000006,1.3499,31,6,278,450,450,0,37.17190000000001,1.1418,45,8,315,127,48,79,1139.3530164037857,34.996,1,1,22,30,30,0,7.372066,0,ok,logs/seed_220410.log
755547,baseline,NHEFT,1,0.0,0,0,0,0.1016,0.0684,0.17,73.39230000000003,1.7591,18,5,206,457,457,0,42.0047,1.0068,37,8,304,114,38,76,42.006875945537075,1.0068,48,10,313,158,127,31,9.832432,0,ok,logs/seed_755547.log
755547,comp_drt,NHEFT+CompDRT,0,0.0,1,1,0,0.1016,0.0684,0.17,73.39230000000003,1.7591,18,5,206,457,457,0,42.0047,1.0068,37,8,304,114,38,76,1087.3821216494841,26.0626,1,1,22,27,27,0,9.832432,0,ok,logs/seed_755547.log
682666,baseline,NHEFT,1,0.0,0,0,0,0.0722,0.047,0.1192,59.95540000000007,1.6693,21,5,243,453,453,0,40.2052,1.1194,41,10,337,143,39,104,38.61278820689655,1.0751,61,13,328,179,137,42,8.512861,0,ok,logs/seed_682666.log
682666,comp_drt,NHEFT+CompDRT,0,0.0,1,1,0,0.0722,0.047,0.1192,59.95540000000007,1.6693,21,5,243,453,453,0,40.2052,1.1194,41,10,337,143,39,104,2175.3952412060285,60.569,1,1,22,27,27,0,8.512861,0,ok,logs/seed_682666.log
707759,baseline,NHEFT,1,0.0,0,0,0,0.0816,0.0589,0.1405,60.78750000000003,1.4521,25,6,239,446,446,0,44.8387,1.0711,42,9,314,127,42,85,42.8642962606635,1.024,52,12,327,157,133,24,8.202542,0,ok,logs/seed_707759.log
707759,comp_drt,NHEFT+CompDRT,0,0.0,1,1,0,0.0816,0.0589,0.1405,60.78750000000003,1.4521,25,6,239,446,446,0,44.8387,1.0711,42,9,314,127,42,85,2100.4516677640577,50.1763,1,1,22,27,27,0,8.202542,0,ok,logs/seed_707759.log
472298,baseline,NHEFT,1,0.0,0,0,0,0.0784,0.0516,0.13,56.7378,1.5924,23,7,233,465,465,0,40.666399999999996,1.1413,40,10,324,135,43,92,37.99764993997599,1.0664,53,12,339,167,151,16,7.591587,0,ok,logs/seed_472298.log
472298,comp_drt,NHEFT+CompDRT,0,0.0,1,1,0,0.0784,0.0516,0.13,56.7378,1.5924,23,7,233,465,465,0,40.666399999999996,1.1413,40,10,324,135,43,92,1332.3892421416235,37.3948,1,1,22,30,30,0,7.591587,0,ok,logs/seed_472298.log
842827,baseline,NHEFT,1,0.0,0,0,0,0.0926,0.0586,0.1512,53.463799999999914,1.4146,21,5,233,465,465,0,37.9377,1.0038,43,9,327,127,38,89,38.29520020964361,1.0132,58,12,339,161,115,46,8.366431,0,ok,logs/seed_842827.log
842827,comp_drt,NHEFT+CompDRT,0,0.0,1,1,0,0.0926,0.0586,0.1512,53.463799999999914,1.4146,21,5,233,465,465,0,37.9377,1.0038,43,9,327,127,38,89,1153.3098754385967,30.5152,1,1,22,29,29,0,8.366431,0,ok,logs/seed_842827.log
598514,baseline,NHEFT,1,0.0,0,0,0,0.1011,0.062,0.1631,45.544099999999986,1.1175,26,6,276,467,467,0,43.6583,1.0712,34,8,320,117,44,73,43.803924544841536,1.0748,51,12,320,162,132,30,6.808468,0,ok,logs/seed_598514.log
598514,comp_drt,NHEFT+CompDRT,0,0.0,1,1,0,0.1011,0.062,0.1631,45.544099999999986,1.1175,26,6,276,467,467,0,43.6583,1.0712,34,8,320,117,44,73,1773.413011524163,43.5133,1,1,22,28,28,0,6.808468,0,ok,logs/seed_598514.log
985883,baseline,NHEFT,1,0.0,0,0,0,0.0798,0.0492,0.129,50.393200000000085,1.261,22,4,236,445,445,0,40.0682,1.0026,36,8,317,100,40,60,40.162659459459455,1.005,53,10,311,150,117,33,7.486529,0,ok,logs/seed_985883.log
985883,comp_drt,NHEFT+CompDRT,0,0.0,1,1,0,0.0798,0.0492,0.129,50.393200000000085,1.261,22,4,236,445,445,0,40.0682,1.0026,36,8,317,100,40,60,1656.1157217063983,41.4405,1,1,22,26,26,0,7.486529,0,ok,logs/seed_985883.log
595328,baseline,NHEFT,1,0.0,0,0,0,0.0828,0.0594,0.1422,75.6384000000001,1.7094,18,3,212,473,473,0,44.39130000000001,1.0032,44,8,326,118,35,83,44.39129738058552,1.0032,59,11,353,174,141,33,7.406322,0,ok,logs/seed_595328.log
595328,comp_drt,NHEFT+CompDRT,0,0.0,1,1,0,0.0828,0.0594,0.1422,75.6384000000001,1.7094,18,3,212,473,473,0,44.39130000000001,1.0032,44,8,326,118,35,83,837.194097380586,18.9205,1,1,22,27,27,0,7.406322,0,ok,logs/seed_595328.log
238922,baseline,NHEFT,1,0.0,0,0,0,0.087,0.0559,0.1429,55.23349999999986,1.5125,24,6,262,468,468,0,38.422599999999996,1.0521,57,9,325,133,48,85,38.79951338688086,1.0624,59,10,340,155,126,29,5.866543,0,ok,logs/seed_238922.log
238922,comp_drt,NHEFT+CompDRT,0,0.0,1,1,0,0.087,0.0559,0.1429,55.23349999999986,1.5125,24,6,262,468,468,0,38.422599999999996,1.0521,57,9,325,133,48,85,1059.1938949771695,29.0038,1,1,22,26,26,0,5.866543,0,ok,logs/seed_238922.log
469556,baseline,NHEFT,1,0.0,0,0,0,0.0819,0.0544,0.1363,54.352100000000014,1.3035,24,6,260,457,457,0,44.8336,1.0752,54,9,318,136,38,98,43.75548641996829,1.0493,61,11,334,157,131,26,6.624462,0,ok,logs/seed_469556.log
469556,comp_drt,NHEFT+CompDRT,0,0.0,1,1,0,0.0819,0.0544,0.1363,54.352100000000014,1.3035,24,6,260,457,457,0,44.8336,1.0752,54,9,318,136,38,98,1239.0636040172187,29.7153,1,1,22,28,28,0,6.624462,0,ok,logs/seed_469556.log
108225,baseline,NHEFT,1,0.0,0,0,0,0.0846,0.0585,0.1431,51.37330000000003,1.1186,26,5,258,449,449,0,46.34309999999999,1.0091,39,8,308,122,42,80,46.39493036109064,1.0102,49,10,319,147,130,17,6.598035,0,ok,logs/seed_108225.log
108225,comp_drt,NHEFT+CompDRT,0,0.0,1,1,0,0.0846,0.0585,0.1431,51.37330000000003,1.1186,26,5,258,449,449,0,46.34309999999999,1.0091,39,8,308,122,42,80,1680.050566666668,36.5817,1,1,22,29,29,0,6.598035,0,ok,logs/seed_108225.log
899644,baseline,NHEFT,1,0.0,0,0,0,0.0829,0.0637,0.1466,71.00310000000022,1.6742,18,5,212,460,460,0,45.5298,1.0736,36,9,318,136,28,108,45.52983328335832,1.0736,49,11,328,182,136,46,7.093535,0,ok,logs/seed_899644.log
899644,comp_drt,NHEFT+CompDRT,0,0.0,1,1,0,0.0829,0.0637,0.1466,71.00310000000022,1.6742,18,5,212,460,460,0,45.5298,1.0736,36,9,318,136,28,108,946.6318332833579,22.3209,1,1,22,28,28,0,7.093535,0,ok,logs/seed_899644.log
885107,baseline,NHEFT,1,0.0,0,0,0,0.0939,0.0736,0.1675,75.77759999999988,1.6731,20,5,219,469,469,0,45.48129999999999,1.0042,38,7,327,117,46,71,47.822270395017796,1.0559,58,10,333,169,136,33,10.562378,0,ok,logs/seed_885107.log
885107,comp_drt,NHEFT+CompDRT,0,0.0,1,1,0,0.0939,0.0736,0.1675,75.77759999999988,1.6731,20,5,219,469,469,0,45.48129999999999,1.0042,38,7,327,117,46,71,831.5447973977697,18.3597,1,1,22,28,28,0,10.562378,0,ok,logs/seed_885107.log
624803,baseline,NHEFT,1,0.0,0,0,0,0.0845,0.05,0.1345,59.51789999999995,1.3378,21,6,253,459,459,0,44.68600000000001,1.0044,37,8,315,125,34,91,44.68601505216096,1.0044,55,12,322,174,149,25,7.470399,0,ok,logs/seed_624803.log
624803,comp_drt,NHEFT+CompDRT,0,0.0,1,1,0,0.0845,0.05,0.1345,59.51789999999995,1.3378,21,6,253,459,459,0,44.68600000000001,1.0044,37,8,315,125,34,91,2221.8619150521613,49.9403,1,1,22,25,25,0,7.470399,0,ok,logs/seed_624803.log
412384,baseline,NHEFT,1,0.0,0,0,0,0.0817,0.0588,0.1405,60.52440000000005,1.7406,18,4,216,472,472,0,34.8554,1.0024,44,10,332,122,33,89,34.983362579821204,1.0061,62,12,349,167,119,48,9.683989,0,ok,logs/seed_412384.log
412384,comp_drt,NHEFT+CompDRT,0,0.0,1,1,0,0.0817,0.0588,0.1405,60.52440000000005,1.7406,18,4,216,472,472,0,34.8554,1.0024,44,10,332,122,33,89,1123.524405653021,32.3106,1,1,22,29,29,0,9.683989,0,ok,logs/seed_412384.log
534437,baseline,NHEFT,1,0.0,0,0,0,0.0887,0.0673,0.156,72.75309999999999,1.7411,22,5,216,451,451,0,43.4593,1.04,41,9,311,118,39,79,44.44751243042671,1.0637,50,11,335,159,125,34,7.449105,0,ok,logs/seed_534437.log
534437,comp_drt,NHEFT+CompDRT,0,0.0,1,1,0,0.0887,0.0673,0.156,72.75309999999999,1.7411,22,5,216,451,451,0,43.4593,1.04,41,9,311,118,39,79,946.6440335807055,22.6546,1,1,22,29,29,0,7.449105,0,ok,logs/seed_534437.log
28388,baseline,NHEFT,1,0.0,0,0,0,0.0884,0.0622,0.1506,84.86139999999983,2.383,16,4,172,442,442,0,38.7948,1.0894,41,8,309,112,52,60,39.63415732994923,1.113,47,9,314,157,132,25,5.915802,0,ok,logs/seed_28388.log
28388,comp_drt,NHEFT+CompDRT,0,0.0,1,1,0,0.0884,0.0622,0.1506,84.86139999999983,2.383,16,4,172,442,442,0,38.7948,1.0894,41,8,309,112,52,60,882.5864636363638,24.7842,1,1,22,28,28,0,5.915802,0,ok,logs/seed_28388.log
480416,baseline,NHEFT,1,0.0,0,0,0,0.0861,0.0596,0.1457,58.59919999999993,1.3702,22,5,256,455,455,0,43.931099999999994,1.0273,37,8,316,128,39,89,43.92713370429252,1.0272,46,10,310,157,121,36,5.997418,0,ok,logs/seed_480416.log
480416,comp_drt,NHEFT+CompDRT,0,0.0,1,1,0,0.0861,0.0596,0.1457,58.59919999999993,1.3702,22,5,256,455,455,0,43.931099999999994,1.0273,37,8,316,128,39,89,828.6018024045259,19.3755,1,1,22,26,26,0,5.997418,0,ok,logs/seed_480416.log
6523,baseline,NHEFT,1,0.0,0,0,0,0.0852,0.0707,0.1559,70.56379999999997,1.5579,22,7,235,452,452,0,45.9417,1.0143,41,8,319,128,38,90,45.66835748031496,1.0083,48,10,310,160,121,39,7.474337,0,ok,logs/seed_6523.log
6523,comp_drt,NHEFT+CompDRT,0,0.0,1,1,0,0.0852,0.0707,0.1559,70.56379999999997,1.5579,22,7,235,452,452,0,45.9417,1.0143,41,8,319,128,38,90,1155.1242543307087,25.5031,1,1,22,31,31,0,7.474337,0,ok,logs/seed_6523.log
875492,baseline,NHEFT,1,0.0,0,0,0,0.084,0.0558,0.1398,62.617099999999965,1.7296,23,4,220,457,457,0,37.2769,1.0297,40,7,316,112,35,77,38.81429891183295,1.0722,53,11,327,151,104,47,6.581878,0,ok,logs/seed_875492.log
875492,comp_drt,NHEFT+CompDRT,0,0.0,1,1,0,0.084,0.0558,0.1398,62.617099999999965,1.7296,23,4,220,457,457,0,37.2769,1.0297,40,7,316,112,35,77,751.9415890951282,20.7706,1,1,22,23,23,0,6.581878,0,ok,logs/seed_875492.log
445144,baseline,NHEFT,1,0.0,0,0,0,0.0923,0.057,0.1493,56.79010000000008,1.5031,22,4,232,448,448,0,38.9213,1.0302,45,11,324,120,32,88,38.745909826589596,1.0255,51,11,326,159,114,45,7.239805,0,ok,logs/seed_445144.log
445144,comp_drt,NHEFT+CompDRT,0,0.0,1,1,0,0.0923,0.057,0.1493,56.79010000000008,1.5031,22,4,232,448,448,0,38.9213,1.0302,45,11,324,120,32,88,889.7761039301323,23.5504,1,1,22,26,26,0,7.239805,0,ok,logs/seed_445144.log
178145,baseline,NHEFT,1,0.0,0,0,0,0.0786,0.0699,0.1485,76.70679999999992,1.8273,17,4,212,486,486,0,47.320899999999995,1.1273,42,10,338,134,37,97,46.85519482868525,1.1162,57,14,347,183,136,47,7.242794,0,ok,logs/seed_178145.log
178145,comp_drt,NHEFT+CompDRT,0,0.0,1,1,0,0.0786,0.0699,0.1485,76.70679999999992,1.8273,17,4,212,486,486,0,47.320899999999995,1.1273,42,10,338,134,37,97,1136.065458964143,27.0635,1,1,22,29,29,0,7.242794,0,ok,logs/seed_178145.log
496478,baseline,NHEFT,1,0.0,0,0,0,0.0845,0.057,0.1415,58.26390000000002,1.3309,37,8,259,448,448,0,45.9435,1.0495,44,9,312,141,36,105,45.48848494983278,1.0391,48,11,320,169,136,33,7.614064,0,ok,logs/seed_496478.log
496478,comp_drt,NHEFT+CompDRT,0,0.0,1,1,0,0.0845,0.057,0.1415,58.26390000000002,1.3309,37,8,259,448,448,0,45.9435,1.0495,44,9,312,141,36,105,831.5666130325814,18.9956,1,1,22,27,27,0,7.614064,0,ok,logs/seed_496478.log
239617,baseline,NHEFT,1,0.0,0,0,0,0.085,0.0558,0.1408,75.54139999999992,2.1786,16,5,187,464,464,0,37.23159999999999,1.0738,37,7,318,102,44,58,35.93545438813349,1.0364,48,10,331,144,119,25,8.320071,0,ok,logs/seed_239617.log
239617,comp_drt,NHEFT+CompDRT,0,0.0,1,1,0,0.085,0.0558,0.1408,75.54139999999992,2.1786,16,5,187,464,464,0,37.23159999999999,1.0738,37,7,318,102,44,58,1232.546572727273,35.5465,1,1,22,29,29,0,8.320071,0,ok,logs/seed_239617.log
473997,baseline,NHEFT,1,0.0,0,0,0,0.0812,0.0545,0.1357,58.44580000000009,1.4732,21,5,241,452,452,0,39.9046,1.0058,39,8,319,129,43,86,40.05627862248213,1.0097,53,11,319,170,134,36,8.11862,0,ok,logs/seed_473997.log
473997,comp_drt,NHEFT+CompDRT,0,0.0,1,1,0,0.0812,0.0545,0.1357,58.44580000000009,1.4732,21,5,241,452,452,0,39.9046,1.0058,39,8,319,129,43,86,956.8565192200554,24.1185,1,1,22,30,30,0,8.11862,0,ok,logs/seed_473997.log
229225,baseline,NHEFT,1,0.0,0,0,0,0.0951,0.0768,0.1719,58.3892000000001,1.2415,24,7,254,435,435,0,51.34720000000001,1.0918,39,9,316,127,33,94,47.488692478696734,1.0098,51,10,317,174,143,31,6.162266,0,ok,logs/seed_229225.log
229225,comp_drt,NHEFT+CompDRT,0,0.0,1,1,0,0.0951,0.0768,0.1719,58.3892000000001,1.2415,24,7,254,435,435,0,51.34720000000001,1.0918,39,9,316,127,33,94,1211.291817391305,25.7561,1,1,22,29,29,0,6.162266,0,ok,logs/seed_229225.log
254791,baseline,NHEFT,1,0.0,0,0,0,0.0834,0.0657,0.1491,76.61029999999994,2.1762,19,4,209,482,482,0,37.626099999999994,1.0688,45,9,342,133,36,97,37.60362006920415,1.0682,60,13,351,175,137,38,10.333957,0,ok,logs/seed_254791.log
254791,comp_drt,NHEFT+CompDRT,0,0.0,1,1,0,0.0834,0.0657,0.1491,76.61029999999994,2.1762,19,4,209,482,482,0,37.626099999999994,1.0688,45,9,342,133,36,97,1011.5477972762634,28.7338,1,1,22,26,26,0,10.333957,0,ok,logs/seed_254791.log
966201,baseline,NHEFT,1,0.0,0,0,0,0.0993,0.0827,0.182,85.67790000000018,2.6441,12,3,154,449,449,0,32.6915,1.0089,38,8,300,106,40,66,32.951454330708664,1.0169,49,11,312,140,108,32,6.384591,0,ok,logs/seed_966201.log
966201,comp_drt,NHEFT+CompDRT,0,0.0,1,1,0,0.0993,0.0827,0.182,85.67790000000018,2.6441,12,3,154,449,449,0,32.6915,1.0089,38,8,300,106,40,66,966.7803083172147,29.8357,1,1,22,31,31,0,6.384591,0,ok,logs/seed_966201.log
533361,baseline,NHEFT,1,0.0,0,0,0,0.0804,0.0568,0.1372,54.21290000000001,1.3222,23,4,267,472,472,0,41.2525,1.0061,42,8,330,118,38,80,41.72311432876712,1.0176,57,12,329,156,124,32,7.543123,0,ok,logs/seed_533361.log
533361,comp_drt,NHEFT+CompDRT,0,0.0,1,1,0,0.0804,0.0568,0.1372,54.21290000000001,1.3222,23,4,267,472,472,0,41.2525,1.0061,42,8,330,118,38,80,1250.8655708551494,30.5073,1,1,22,26,26,0,7.543123,0,ok,logs/seed_533361.log
872306,baseline,NHEFT,1,0.0,0,0,0,0.0856,0.0458,0.1314,63.80039999999999,2.1113,24,6,240,465,465,0,41.255300000000005,1.3652,47,10,329,154,45,109,40.245503225806445,1.3318,58,14,339,177,148,29,7.147388,0,ok,logs/seed_872306.log
872306,comp_drt,NHEFT+CompDRT,0,0.0,1,1,0,0.0856,0.0458,0.1314,63.80039999999999,2.1113,24,6,240,465,465,0,41.255300000000005,1.3652,47,10,329,154,45,109,908.6517561683602,30.0691,1,1,22,24,24,0,7.147388,0,ok,logs/seed_872306.log
444933,baseline,NHEFT,1,0.0,0,0,0,0.0898,0.0756,0.1654,54.65610000000001,1.1259,23,5,258,465,465,0,48.62740000000001,1.0017,37,9,325,111,45,66,48.62739952343129,1.0017,47,10,334,173,147,26,7.355985,0,ok,logs/seed_444933.log
444933,comp_drt,NHEFT+CompDRT,0,0.0,1,1,0,0.0898,0.0756,0.1654,54.65610000000001,1.1259,23,5,258,465,465,0,48.62740000000001,1.0017,37,9,325,111,45,66,1179.753847150259,24.3028,1,1,22,32,32,0,7.355985,0,ok,logs/seed_444933.log
456356,baseline,NHEFT,1,0.0,0,0,0,0.0812,0.0645,0.1457,84.88629999999996,2.0412,16,4,182,458,458,0,41.7051,1.0029,41,9,312,113,46,67,45.49069826729291,1.0939,57,11,328,165,133,32,7.842769,0,ok,logs/seed_456356.log
456356,comp_drt,NHEFT+CompDRT,0,0.0,1,1,0,0.0812,0.0645,0.1457,84.88629999999996,2.0412,16,4,182,458,458,0,41.7051,1.0029,41,9,312,113,46,67,1082.1238366197183,26.0215,1,1,22,25,25,0,7.842769,0,ok,logs/seed_456356.log
853702,baseline,NHEFT,1,0.0,0,0,0,0.0906,0.0612,0.1518,75.48540000000008,2.0693,22,5,200,484,484,0,40.36379999999999,1.1065,39,9,337,137,36,101,38.83709243697479,1.0646,64,13,356,198,148,50,8.948935,0,ok,logs/seed_853702.log
853702,comp_drt,NHEFT+CompDRT,0,0.0,1,1,0,0.0906,0.0612,0.1518,75.48540000000008,2.0693,22,5,200,484,484,0,40.36379999999999,1.1065,39,9,337,137,36,101,2303.088893169879,63.1338,1,1,22,27,27,0,8.948935,0,ok,logs/seed_853702.log
176967,baseline,NHEFT,1,0.0,0,0,0,0.0767,0.0559,0.1326,54.62109999999992,1.4471,26,7,274,467,467,0,44.75970000000001,1.1858,41,8,339,126,41,85,43.68711551351351,1.1574,56,13,337,173,151,22,7.338002,0,ok,logs/seed_176967.log
176967,comp_drt,NHEFT+CompDRT,0,0.0,1,1,0,0.0767,0.0559,0.1326,54.62109999999992,1.4471,26,7,274,467,467,0,44.75970000000001,1.1858,41,8,339,126,41,85,2050.8875699834152,54.3333,1,1,22,27,27,0,7.338002,0,ok,logs/seed_176967.log
33347,baseline,NHEFT,1,0.0,0,0,0,0.0805,0.0556,0.1361,54.662800000000054,1.5021,21,5,250,432,432,0,40.799800000000005,1.1211,39,8,309,122,43,79,40.87678467153284,1.1232,49,10,306,164,138,26,6.143404,0,ok,logs/seed_33347.log
33347,comp_drt,NHEFT+CompDRT,0,0.0,1,1,0,0.0805,0.0556,0.1361,54.662800000000054,1.5021,21,5,250,432,432,0,40.799800000000005,1.1211,39,8,309,122,43,79,725.56690729927,19.9375,1,1,22,24,24,0,6.143404,0,ok,logs/seed_33347.log
411283,baseline,NHEFT,1,0.0,0,0,0,0.0907,0.066,0.1567,60.50870000000001,1.9653,20,5,219,467,467,0,35.804500000000004,1.1629,44,9,322,120,46,74,36.77883647798742,1.1945,53,11,326,155,124,31,6.378161,0,ok,logs/seed_411283.log
411283,comp_drt,NHEFT+CompDRT,0,0.0,1,1,0,0.0907,0.066,0.1567,60.50870000000001,1.9653,20,5,219,467,467,0,35.804500000000004,1.1629,44,9,322,120,46,74,1407.6407036496341,45.7188,1,1,22,24,24,0,6.378161,0,ok,logs/seed_411283.log
81911,baseline,NHEFT,1,0.0,0,0,0,0.0936,0.064,0.1576,74.51040000000003,2.041,16,4,198,477,477,0,37.12500000000001,1.0169,42,10,337,134,44,90,36.77426225574273,1.0073,56,12,364,172,120,52,7.630153,0,ok,logs/seed_81911.log
81911,comp_drt,NHEFT+CompDRT,0,0.0,1,1,0,0.0936,0.064,0.1576,74.51040000000003,2.041,16,4,198,477,477,0,37.12500000000001,1.0169,42,10,337,134,44,90,1192.3293312404285,32.6597,1,1,22,24,24,0,7.630153,0,ok,logs/seed_81911.log
956925,baseline,NHEFT,1,0.0,0,0,0,0.0791,0.0451,0.1242,53.8426999999999,1.2145,25,6,263,461,461,0,44.470499999999994,1.0031,39,10,309,117,43,74,44.80537126619323,1.0106,49,11,322,153,128,25,7.104166,0,ok,logs/seed_956925.log
956925,comp_drt,NHEFT+CompDRT,0,0.0,1,1,0,0.0791,0.0451,0.1242,53.8426999999999,1.2145,25,6,263,461,461,0,44.470499999999994,1.0031,39,10,309,117,43,74,1186.6060629130973,26.7651,1,1,22,29,29,0,7.104166,0,ok,logs/seed_956925.log
362804,baseline,NHEFT,1,0.0,0,0,0,0.0795,0.0589,0.1384,64.62180000000004,2.066,26,7,225,433,433,0,37.726,1.2061,40,10,311,142,45,97,37.591562499999995,1.2018,53,13,322,181,149,32,5.709056,0,ok,logs/seed_362804.log
362804,comp_drt,NHEFT+CompDRT,0,0.0,1,1,0,0.0795,0.0589,0.1384,64.62180000000004,2.066,26,7,225,433,433,0,37.726,1.2061,40,10,311,142,45,97,1056.4871375000005,33.7765,1,1,22,27,27,0,5.709056,0,ok,logs/seed_362804.log
728140,baseline,NHEFT,1,0.0,0,0,0,0.0887,0.0693,0.158,47.96790000000003,1.2775,24,5,278,474,474,0,37.6265,1.0021,41,9,332,135,40,95,37.6265023668639,1.0021,54,11,335,178,146,32,6.824581,0,ok,logs/seed_728140.log
728140,comp_drt,NHEFT+CompDRT,0,0.0,1,1,0,0.0887,0.0693,0.158,47.96790000000003,1.2775,24,5,278,474,474,0,37.6265,1.0021,41,9,332,135,40,95,880.1854385199249,23.4414,1,1,22,30,30,0,6.824581,0,ok,logs/seed_728140.log
554565,baseline,NHEFT,1,0.0,0,0,0,0.0958,0.0595,0.1553,58.44959999999996,1.4351,23,6,245,452,452,0,43.4559,1.067,46,10,325,132,43,89,42.39061653313911,1.0408,55,12,335,169,145,24,7.04197,0,ok,logs/seed_554565.log
554565,comp_drt,NHEFT+CompDRT,0,0.0,1,1,0,0.0958,0.0595,0.1553,58.44959999999996,1.4351,23,6,245,452,452,0,43.4559,1.067,46,10,325,132,43,89,888.8572037037035,21.8245,1,1,22,24,24,0,7.04197,0,ok,logs/seed_554565.log
392733,baseline,NHEFT,1,0.0,0,0,0,0.0875,0.0625,0.15,69.49739999999998,1.9379,16,4,192,486,486,0,36.0569,1.0054,45,9,347,122,42,80,36.05693180515759,1.0054,62,12,344,176,144,32,6.820164,0,ok,logs/seed_392733.log
392733,comp_drt,NHEFT+CompDRT,0,0.0,1,1,0,0.0875,0.0625,0.15,69.49739999999998,1.9379,16,4,192,486,486,0,36.0569,1.0054,45,9,347,122,42,80,1968.8750872509956,54.9005,1,1,22,29,29,0,6.820164,0,ok,logs/seed_392733.log
769066,baseline,NHEFT,1,0.0,0,0,0,0.0893,0.0603,0.1496,50.549900000000044,1.333,30,7,270,459,459,0,38.896499999999996,1.0257,50,12,330,163,51,112,38.89645395430579,1.0257,56,14,327,178,153,25,7.794607,0,ok,logs/seed_769066.log
769066,comp_drt,NHEFT+CompDRT,0,0.0,1,1,0,0.0893,0.0603,0.1496,50.549900000000044,1.333,30,7,270,459,459,0,38.896499999999996,1.0257,50,12,330,163,51,112,1212.3389571056075,31.9699,1,1,22,26,26,0,7.794607,0,ok,logs/seed_769066.log
925520,baseline,NHEFT,1,0.0,0,0,0,0.0779,0.0598,0.1377,65.05629999999998,1.6118,22,5,236,474,474,0,45.1584,1.1189,39,9,337,126,47,79,42.95610234012428,1.0643,49,10,335,166,142,24,7.431945,0,ok,logs/seed_925520.log
925520,comp_drt,NHEFT+CompDRT,0,0.0,1,1,0,0.0779,0.0598,0.1377,65.05629999999998,1.6118,22,5,236,474,474,0,45.1584,1.1189,39,9,337,126,47,79,1049.4781631578944,26.0021,1,1,22,25,25,0,7.431945,0,ok,logs/seed_925520.log
4410,baseline,NHEFT,1,0.0,0,0,0,0.0882,0.0626,0.1508,80.65660000000017,2.2141,15,3,192,448,448,0,36.5557,1.0035,50,10,322,122,35,87,40.39981700245249,1.109,61,12,321,164,131,33,6.164479,0,ok,logs/seed_4410.log
4410,comp_drt,NHEFT+CompDRT,0,0.0,1,1,0,0.0882,0.0626,0.1508,80.65660000000017,2.2141,15,3,192,448,448,0,36.5557,1.0035,50,10,322,122,35,87,1649.9146873817042,45.2916,1,1,22,27,27,0,6.164479,0,ok,logs/seed_4410.log
729459,baseline,NHEFT,1,0.0,0,0,0,0.0844,0.0456,0.13,51.85929999999996,1.2474,30,7,266,447,447,0,41.974,1.0096,41,9,314,131,46,85,41.87956080843585,1.0074,55,12,328,180,153,27,5.960622,0,ok,logs/seed_729459.log
729459,comp_drt,NHEFT+CompDRT,0,0.0,1,1,0,0.0844,0.0456,0.13,51.85929999999996,1.2474,30,7,266,447,447,0,41.974,1.0096,41,9,314,131,46,85,953.6230912448706,22.9385,1,1,22,30,30,0,5.960622,0,ok,logs/seed_729459.log
179329,baseline,NHEFT,1,0.0,0,0,0,0.0864,0.0483,0.1347,49.48059999999999,1.5791,24,6,236,452,452,0,37.2873,1.1899,44,10,315,133,42,91,37.475312490808975,1.1959,59,11,318,167,145,22,7.222239,0,ok,logs/seed_179329.log
179329,comp_drt,NHEFT+CompDRT,0,0.0,1,1,0,0.0864,0.0483,0.1347,49.48059999999999,1.5791,24,6,236,452,452,0,37.2873,1.1899,44,10,315,133,42,91,1094.603680246914,34.9316,1,1,22,25,25,0,7.222239,0,ok,logs/seed_179329.log
282114,baseline,NHEFT,1,0.0,0,0,0,0.0878,0.0463,0.1341,45.48130000000005,1.2612,26,5,274,438,438,0,36.176899999999996,1.0032,41,9,310,113,44,69,36.30422827272727,1.0067,52,11,331,169,154,15,6.068468,0,ok,logs/seed_282114.log
282114,comp_drt,NHEFT+CompDRT,0,0.0,1,1,0,0.0878,0.0463,0.1341,45.48130000000005,1.2612,26,5,274,438,438,0,36.176899999999996,1.0032,41,9,310,113,44,69,1059.398723655914,29.3776,1,1,22,26,26,0,6.068468,0,ok,logs/seed_282114.log
583172,baseline,NHEFT,1,0.0,0,0,0,0.0903,0.0551,0.1454,63.8374,1.6744,21,6,228,462,462,0,39.3592,1.0323,46,11,327,149,41,108,39.610448175182476,1.0389,66,15,345,198,165,33,7.656297,0,ok,logs/seed_583172.log
583172,comp_drt,NHEFT+CompDRT,0,0.0,1,1,0,0.0903,0.0551,0.1454,63.8374,1.6744,21,6,228,462,462,0,39.3592,1.0323,46,11,327,149,41,108,1342.2158481751833,35.2047,1,1,22,28,28,0,7.656297,0,ok,logs/seed_583172.log
534010,baseline,NHEFT,1,0.0,0,0,0,0.0819,0.0625,0.1444,83.77409999999979,2.2338,16,4,193,473,473,0,38.217600000000004,1.019,43,10,328,146,40,106,37.962642125237196,1.0123,63,14,350,191,153,38,6.046677,0,ok,logs/seed_534010.log
534010,comp_drt,NHEFT+CompDRT,0,0.0,1,1,0,0.0819,0.0625,0.1444,83.77409999999979,2.2338,16,4,193,473,473,0,38.217600000000004,1.019,43,10,328,146,40,106,931.8195666666672,24.8464,1,1,22,26,26,0,6.046677,0,ok,logs/seed_534010.log
824110,baseline,NHEFT,1,0.0,0,0,0,0.0715,0.0471,0.1186,55.82289999999999,1.4477,27,6,260,460,460,0,40.0939,1.0398,49,9,334,147,39,108,39.28013850000001,1.0187,58,11,343,174,144,30,6.345869,0,ok,logs/seed_824110.log
824110,comp_drt,NHEFT+CompDRT,0,0.0,1,1,0,0.0715,0.0471,0.1186,55.82289999999999,1.4477,27,6,260,460,460,0,40.0939,1.0398,49,9,334,147,39,108,1073.5664756097553,27.8412,1,1,22,27,27,0,6.345869,0,ok,logs/seed_824110.log
897704,baseline,NHEFT,1,0.0,0,0,0,0.0805,0.0597,0.1402,84.9935000000001,1.9772,14,3,181,467,467,0,43.1217,1.0031,43,8,312,121,29,92,43.12172109704641,1.0031,61,14,337,182,153,29,7.183696,0,ok,logs/seed_897704.log
897704,comp_drt,NHEFT+CompDRT,0,0.0,1,1,0,0.0805,0.0597,0.1402,84.9935000000001,1.9772,14,3,181,467,467,0,43.1217,1.0031,43,8,312,121,29,92,1766.9077491124265,41.1038,1,1,22,30,30,0,7.183696,0,ok,logs/seed_897704.log
226589,baseline,NHEFT,1,0.0,0,0,0,0.0856,0.0577,0.1433,50.143400000000014,1.2526,24,7,259,455,455,0,40.54950000000001,1.0129,43,10,327,141,51,90,40.58386482978725,1.0138,60,14,334,182,155,27,7.220931,0,ok,logs/seed_226589.log
226589,comp_drt,NHEFT+CompDRT,0,0.0,1,1,0,0.0856,0.0577,0.1433,50.143400000000014,1.2526,24,7,259,455,455,0,40.54950000000001,1.0129,43,10,327,141,51,90,1620.825756830601,40.4874,1,1,22,29,29,0,7.220931,0,ok,logs/seed_226589.log
481886,baseline,NHEFT,1,0.0,0,0,0,0.0817,0.0595,0.1412,69.2682,2.1459,16,4,185,448,448,0,36.7367,1.1381,44,8,301,108,34,74,36.950445876177646,1.1447,59,13,315,142,110,32,6.153904,0,ok,logs/seed_481886.log
481886,comp_drt,NHEFT+CompDRT,0,0.0,1,1,0,0.0817,0.0595,0.1412,69.2682,2.1459,16,4,185,448,448,0,36.7367,1.1381,44,8,301,108,34,74,1245.6932765751205,38.5919,1,1,22,26,26,0,6.153904,0,ok,logs/seed_481886.log
982251,baseline,NHEFT,1,0.0,0,0,0,0.0737,0.0568,0.1305,55.46680000000001,1.354,19,3,244,436,436,0,41.05289999999999,1.0021,36,6,310,102,34,68,41.05293355048859,1.0021,51,11,326,146,124,22,6.560414,0,ok,logs/seed_982251.log
982251,comp_drt,NHEFT+CompDRT,0,0.0,1,1,0,0.0737,0.0568,0.1305,55.46680000000001,1.354,19,3,244,436,436,0,41.05289999999999,1.0021,36,6,310,102,34,68,767.3394714285714,18.7312,1,1,22,28,28,0,6.560414,0,ok,logs/seed_982251.log
543181,baseline,NHEFT,1,0.0,0,0,0,0.0793,0.0524,0.1317,65.8615,1.9395,20,4,214,477,477,0,38.833800000000004,1.1436,44,9,339,121,47,74,38.53393964561618,1.1348,58,12,327,155,120,35,7.925089,0,ok,logs/seed_543181.log
543181,comp_drt,NHEFT+CompDRT,0,0.0,1,1,0,0.0793,0.0524,0.1317,65.8615,1.9395,20,4,214,477,477,0,38.833800000000004,1.1436,44,9,339,121,47,74,2269.687147308782,66.8387,1,1,22,27,27,0,7.925089,0,ok,logs/seed_543181.log
397234,baseline,NHEFT,1,0.0,0,0,0,0.0821,0.0535,0.1356,59.91029999999992,1.5792,20,5,232,488,488,0,40.42379999999999,1.0655,42,7,342,127,32,95,40.17807449664429,1.0591,58,14,351,168,121,47,11.046014,0,ok,logs/seed_397234.log
397234,comp_drt,NHEFT+CompDRT,0,0.0,1,1,0,0.0821,0.0535,0.1356,59.91029999999992,1.5792,20,5,232,488,488,0,40.42379999999999,1.0655,42,7,342,127,32,95,942.191098329356,24.8352,1,1,22,28,28,0,11.046014,0,ok,logs/seed_397234.log
973889,baseline,NHEFT,1,0.0,0,0,0,0.0765,0.0488,0.1253,68.28690000000007,1.4765,19,5,237,475,475,0,46.873599999999996,1.0135,38,8,318,116,35,81,46.45383582089552,1.0044,54,11,327,167,128,39,8.997749,0,ok,logs/seed_973889.log
973889,comp_drt,NHEFT+CompDRT,0,0.0,1,1,0,0.0765,0.0488,0.1253,68.28690000000007,1.4765,19,5,237,475,475,0,46.873599999999996,1.0135,38,8,318,116,35,81,1043.0924672922272,22.554,1,1,22,31,31,0,8.997749,0,ok,logs/seed_973889.log
110682,baseline,NHEFT,1,0.0,0,0,0,0.0801,0.0546,0.1347,61.79339999999999,1.0194,28,7,272,433,433,0,61.63069999999999,1.0167,42,9,307,128,35,93,62.23249419525065,1.0267,54,10,317,157,129,28,6.160979,0,ok,logs/seed_110682.log
110682,comp_drt,NHEFT+CompDRT,0,0.0,1,1,0,0.0801,0.0546,0.1347,61.79339999999999,1.0194,28,7,272,433,433,0,61.63069999999999,1.0167,42,9,307,128,35,93,964.0999996509598,15.9052,1,1,22,31,31,0,6.160979,0,ok,logs/seed_110682.log
663813,baseline,NHEFT,1,0.0,0,0,0,0.0767,0.0539,0.1306,70.46970000000024,1.8229,17,4,213,437,437,0,40.740199999999994,1.0539,37,10,298,99,36,63,39.916672881355936,1.0326,60,11,316,160,127,33,8.368038,0,ok,logs/seed_663813.log
663813,comp_drt,NHEFT+CompDRT,0,0.0,1,1,0,0.0767,0.0539,0.1306,70.46970000000024,1.8229,17,4,213,437,437,0,40.740199999999994,1.0539,37,10,298,99,36,63,1175.801465869855,30.4158,1,1,22,29,29,0,8.368038,0,ok,logs/seed_663813.log
895348,baseline,NHEFT,1,0.0,0,0,0,0.0779,0.0545,0.1324,69.8734000000001,1.9854,17,4,204,440,440,0,37.77589999999999,1.0734,47,10,314,124,40,84,36.599535423197494,1.0399,53,11,319,141,108,33,6.67052,0,ok,logs/seed_895348.log
895348,comp_drt,NHEFT+CompDRT,0,0.0,1,1,0,0.0779,0.0545,0.1324,69.8734000000001,1.9854,17,4,204,440,440,0,37.77589999999999,1.0734,47,10,314,124,40,84,2109.236725490195,59.9317,1,1,22,24,24,0,6.67052,0,ok,logs/seed_895348.log
840905,baseline,NHEFT,1,0.0,0,0,0,0.0932,0.0611,0.1543,49.20599999999989,1.1616,26,8,271,451,451,0,42.82939999999999,1.0111,42,9,319,124,45,79,42.97170796557247,1.0144,57,12,322,177,153,24,7.212391,0,ok,logs/seed_840905.log
840905,comp_drt,NHEFT+CompDRT,0,0.0,1,1,0,0.0932,0.0611,0.1543,49.20599999999989,1.1616,26,8,271,451,451,0,42.82939999999999,1.0111,42,9,319,124,45,79,929.143128550075,21.9338,1,1,22,26,26,0,7.212391,0,ok,logs/seed_840905.log
366120,baseline,NHEFT,1,0.0,0,0,0,0.0873,0.0622,0.1495,62.036500000000046,1.42,21,5,232,453,453,0,43.77970000000001,1.0021,47,11,316,137,36,101,43.77972954545456,1.0021,55,12,338,187,144,43,6.822709,0,ok,logs/seed_366120.log
366120,comp_drt,NHEFT+CompDRT,0,0.0,1,1,0,0.0873,0.0622,0.1495,62.036500000000046,1.42,21,5,232,453,453,0,43.77970000000001,1.0021,47,11,316,137,36,101,2175.617415584413,49.7997,1,1,22,29,29,0,6.822709,0,ok,logs/seed_366120.log
873087,baseline,NHEFT,1,0.0,0,0,0,0.0851,0.0434,0.1285,41.5421,1.0527,37,9,292,414,414,0,41.5421,1.0527,53,13,314,164,44,120,40.5634711825488,1.0279,53,13,304,177,154,23,7.355565,0,ok,logs/seed_873087.log
873087,comp_drt,NHEFT+CompDRT,0,0.0,1,1,0,0.0851,0.0434,0.1285,41.5421,1.0527,37,9,292,414,414,0,41.5421,1.0527,53,13,314,164,44,120,918.5984712422785,23.2778,1,1,22,24,24,0,7.355565,0,ok,logs/seed_873087.log
333017,baseline,NHEFT,1,0.0,0,0,0,0.0843,0.0597,0.144,59.83610000000016,1.5682,17,4,221,420,420,0,38.31660000000001,1.0042,42,8,304,102,38,64,38.62980343642612,1.0124,55,12,313,146,119,27,6.292225,0,ok,logs/seed_333017.log
333017,comp_drt,NHEFT+CompDRT,0,0.0,1,1,0,0.0843,0.0597,0.144,59.83610000000016,1.5682,17,4,221,420,420,0,38.31660000000001,1.0042,42,8,304,102,38,64,955.5760704584043,25.0437,1,1,22,31,31,0,6.292225,0,ok,logs/seed_333017.log
479679,baseline,NHEFT,1,0.0,0,0,0,0.0903,0.0512,0.1415,55.26890000000003,1.7415,28,6,251,454,454,0,36.55200000000001,1.1517,42,9,317,132,37,95,36.31103214285714,1.1441,48,11,338,164,135,29,7.906923,0,ok,logs/seed_479679.log
479679,comp_drt,NHEFT+CompDRT,0,0.0,1,1,0,0.0903,0.0512,0.1415,55.26890000000003,1.7415,28,6,251,454,454,0,36.55200000000001,1.1517,42,9,317,132,37,95,1099.3370000000002,34.6396,1,1,22,28,28,0,7.906923,0,ok,logs/seed_479679.log
547920,baseline,NHEFT,1,0.0,0,0,0,0.0875,0.0532,0.1407,62.68049999999998,1.6473,17,4,226,457,457,0,38.447399999999995,1.0104,40,6,317,111,41,70,38.34087264833574,1.0076,47,7,326,131,93,38,6.775062,0,ok,logs/seed_547920.log
547920,comp_drt,NHEFT+CompDRT,0,0.0,1,1,0,0.0875,0.0532,0.1407,62.68049999999998,1.6473,17,4,226,457,457,0,38.447399999999995,1.0104,40,6,317,111,41,70,777.6314972503612,20.4363,1,1,22,30,30,0,6.775062,0,ok,logs/seed_547920.log
397055,baseline,NHEFT,1,0.0,0,0,0,0.0946,0.0673,0.1619,76.05539999999979,2.0246,18,5,218,472,472,0,39.901999999999994,1.0622,43,11,344,154,32,122,39.17072072805508,1.0427,63,14,356,201,166,35,8.789064,0,ok,logs/seed_397055.log
397055,comp_drt,NHEFT+CompDRT,0,0.0,1,1,0,0.0946,0.0673,0.1619,76.05539999999979,2.0246,18,5,218,472,472,0,39.901999999999994,1.0622,43,11,344,154,32,122,1246.6407476764205,33.1863,1,1,22,22,22,0,8.789064,0,ok,logs/seed_397055.log
255407,baseline,NHEFT,1,0.0,0,0,0,0.0879,0.0594,0.1473,69.0665,1.705,23,6,227,467,467,0,40.62930000000001,1.003,38,10,334,133,44,89,40.629277922077925,1.003,47,12,334,180,150,30,6.958792,0,ok,logs/seed_255407.log
255407,comp_drt,NHEFT+CompDRT,0,0.0,1,1,0,0.0879,0.0594,0.1473,69.0665,1.705,23,6,227,467,467,0,40.62930000000001,1.003,38,10,334,133,44,89,1115.4199401091394,27.5364,1,1,22,29,29,0,6.958792,0,ok,logs/seed_255407.log
529276,baseline,NHEFT,1,0.0,0,0,0,0.0852,0.0634,0.1486,75.02979999999985,2.1135,17,4,202,461,461,0,35.62310000000001,1.0034,43,9,332,123,33,90,35.81893636363637,1.009,61,11,330,163,121,42,7.43695,0,ok,logs/seed_529276.log
529276,comp_drt,NHEFT+CompDRT,0,0.0,1,1,0,0.0852,0.0634,0.1486,75.02979999999985,2.1135,17,4,202,461,461,0,35.62310000000001,1.0034,43,9,332,123,33,90,1106.74617491166,31.1752,1,1,22,27,27,0,7.43695,0,ok,logs/seed_529276.log
772641,baseline,NHEFT,1,0.0,0,0,0,0.0869,0.0545,0.1414,64.07120000000013,1.6785,23,6,234,458,458,0,39.79630000000001,1.0426,45,8,338,128,42,86,41.16221040012369,1.0783,57,10,328,166,128,38,11.378838,0,ok,logs/seed_772641.log
772641,comp_drt,NHEFT+CompDRT,0,0.0,1,1,0,0.0869,0.0545,0.1414,64.07120000000013,1.6785,23,6,234,458,458,0,39.79630000000001,1.0426,45,8,338,128,42,86,929.449932522797,24.3491,1,1,22,28,28,0,11.378838,0,ok,logs/seed_772641.log
452290,baseline,NHEFT,1,0.0,0,0,0,0.0808,0.0459,0.1267,48.860599999999955,1.3725,26,5,263,452,452,0,38.81859999999999,1.0904,40,7,317,126,51,75,38.1620991832061,1.072,55,10,332,165,139,26,6.333666,0,ok,logs/seed_452290.log
452290,comp_drt,NHEFT+CompDRT,0,0.0,1,1,0,0.0808,0.0459,0.1267,48.860599999999955,1.3725,26,5,263,452,452,0,38.81859999999999,1.0904,40,7,317,126,51,75,861.7503307888051,24.2068,1,1,22,28,28,0,6.333666,0,ok,logs/seed_452290.log
70730,baseline,NHEFT,1,0.0,0,0,0,0.0896,0.0635,0.1531,54.506,1.6472,20,5,233,475,475,0,37.0169,1.1187,39,8,326,125,36,89,37.27797041373926,1.1266,52,10,336,173,150,23,8.346472,0,ok,logs/seed_70730.log
70730,comp_drt,NHEFT+CompDRT,0,0.0,1,1,0,0.0896,0.0635,0.1531,54.506,1.6472,20,5,233,475,475,0,37.0169,1.1187,39,8,326,125,36,89,822.2174473684206,24.8483,1,1,22,26,26,0,8.346472,0,ok,logs/seed_70730.log
29523,baseline,NHEFT,1,0.0,0,0,0,0.0891,0.0642,0.1533,63.9039,1.9281,23,8,225,440,440,0,41.6319,1.2561,50,12,334,172,50,122,39.83847843312102,1.202,55,12,328,185,155,30,6.565905,0,ok,logs/seed_29523.log
29523,comp_drt,NHEFT+CompDRT,0,0.0,1,1,0,0.0891,0.0642,0.1533,63.9039,1.9281,23,8,225,440,440,0,41.6319,1.2561,50,12,334,172,50,122,1210.5453821656047,36.5244,1,1,22,25,25,0,6.565905,0,ok,logs/seed_29523.log
580005,baseline,NHEFT,1,0.0,0,0,0,0.086,0.046,0.132,50.318900000000006,1.2245,25,5,271,466,466,0,42.992000000000004,1.0462,44,8,335,111,34,77,42.4433,1.0329,55,11,334,155,131,24,10.742776,0,ok,logs/seed_580005.log
580005,comp_drt,NHEFT+CompDRT,0,0.0,1,1,0,0.086,0.046,0.132,50.318900000000006,1.2245,25,5,271,466,466,0,42.992000000000004,1.0462,44,8,335,111,34,77,1232.89368409332,30.0025,1,1,22,27,27,0,10.742776,0,ok,logs/seed_580005.log
273040,baseline,NHEFT,1,0.0,0,0,0,0.0904,0.0547,0.1451,45.19559999999998,1.0608,29,6,274,451,451,0,43.963499999999996,1.0319,37,9,321,119,50,69,44.63436498104265,1.0476,52,11,318,149,120,29,6.46185,0,ok,logs/seed_273040.log
273040,comp_drt,NHEFT+CompDRT,0,0.0,1,1,0,0.0904,0.0547,0.1451,45.19559999999998,1.0608,29,6,274,451,451,0,43.963499999999996,1.0319,37,9,321,119,50,69,983.2390227488153,23.0773,1,1,22,28,28,0,6.46185,0,ok,logs/seed_273040.log
333143,baseline,NHEFT,1,0.0,0,0,0,0.0865,0.0634,0.1499,58.6955,1.1537,26,7,241,456,456,0,50.94540000000001,1.0014,38,8,310,114,52,62,54.81132097106011,1.0774,52,10,312,153,132,21,7.076245,0,ok,logs/seed_333143.log
333143,comp_drt,NHEFT+CompDRT,0,0.0,1,1,0,0.0865,0.0634,0.1499,58.6955,1.1537,26,7,241,456,456,0,50.94540000000001,1.0014,38,8,310,114,52,62,1006.3434608695652,19.7803,1,1,22,31,31,0,7.076245,0,ok,logs/seed_333143.log
6027,baseline,NHEFT,1,0.0,0,0,0,0.075,0.043,0.118,50.1726,1.1439,28,7,300,487,487,0,46.8099,1.0672,40,10,356,142,47,95,46.229545753747324,1.054,57,13,356,200,167,33,7.237586,0,ok,logs/seed_6027.log
6027,comp_drt,NHEFT+CompDRT,0,0.0,1,1,0,0.075,0.043,0.118,50.1726,1.1439,28,7,300,487,487,0,46.8099,1.0672,40,10,356,142,47,95,976.7387997858675,22.2683,1,1,22,30,30,0,7.237586,0,ok,logs/seed_6027.log
802904,baseline,NHEFT,1,0.0,0,0,0,0.0821,0.0489,0.131,56.41140000000005,1.3538,27,6,267,465,465,0,42.4556,1.0189,45,8,339,137,44,93,41.820719512195126,1.0036,56,11,340,154,123,31,7.571668,0,ok,logs/seed_802904.log
802904,comp_drt,NHEFT+CompDRT,0,0.0,1,1,0,0.0821,0.0489,0.131,56.41140000000005,1.3538,27,6,267,465,465,0,42.4556,1.0189,45,8,339,137,44,93,787.4221195121943,18.8969,1,1,22,24,24,0,7.571668,0,ok,logs/seed_802904.log
495402,baseline,NHEFT,1,0.0,0,0,0,0.0813,0.0556,0.1369,55.10619999999999,1.2313,31,8,294,464,464,0,45.43990000000001,1.0153,52,12,333,173,46,127,46.66850163934426,1.0427,62,14,341,190,152,38,5.734085,0,ok,logs/seed_495402.log
495402,comp_drt,NHEFT+CompDRT,0,0.0,1,1,0,0.0813,0.0556,0.1369,55.10619999999999,1.2313,31,8,294,464,464,0,45.43990000000001,1.0153,52,12,333,173,46,127,1228.9896245283032,27.4597,1,1,22,28,28,0,5.734085,0,ok,logs/seed_495402.log
385502,baseline,NHEFT,1,0.0,0,0,0,0.1052,0.0714,0.1766,60.395200000000024,1.5933,23,6,238,482,482,0,38.875299999999996,1.0256,44,9,337,124,46,78,38.72690205540662,1.0216,56,12,347,186,143,43,7.694984,0,ok,logs/seed_385502.log
385502,comp_drt,NHEFT+CompDRT,0,0.0,1,1,0,0.1052,0.0714,0.1766,60.395200000000024,1.5933,23,6,238,482,482,0,38.875299999999996,1.0256,44,9,337,124,46,78,898.5134953642381,23.7034,1,1,22,30,30,0,7.694984,0,ok,logs/seed_385502.log
847050,baseline,NHEFT,1,0.0,0,0,0,0.0795,0.0582,0.1377,55.74500000000001,1.4418,27,6,262,440,440,0,41.110400000000006,1.0633,37,7,313,104,43,61,39.86516666666667,1.0311,49,11,320,155,133,22,6.252298,0,ok,logs/seed_847050.log
847050,comp_drt,NHEFT+CompDRT,0,0.0,1,1,0,0.0795,0.0582,0.1377,55.74500000000001,1.4418,27,6,262,440,440,0,41.110400000000006,1.0633,37,7,313,104,43,61,1309.1811305841911,33.8599,1,1,22,30,30,0,6.252298,0,ok,logs/seed_847050.log
386832,baseline,NHEFT,1,0.0,0,0,0,0.0821,0.0707,0.1528,55.54330000000001,1.5635,22,6,252,442,442,0,39.870900000000006,1.1224,43,10,326,132,41,91,38.17627374749808,1.0747,53,11,322,173,145,28,7.360738,0,ok,logs/seed_386832.log
386832,comp_drt,NHEFT+CompDRT,0,0.0,1,1,0,0.0821,0.0707,0.1528,55.54330000000001,1.5635,22,6,252,442,442,0,39.870900000000006,1.1224,43,10,326,132,41,91,845.5443294849022,23.8021,1,1,22,24,24,0,7.360738,0,ok,logs/seed_386832.log
325099,baseline,NHEFT,1,0.0,0,0,0,0.0914,0.0591,0.1505,58.17040000000006,1.2536,20,4,235,451,451,0,46.45940000000002,1.0012,38,7,305,112,38,74,46.459396296296305,1.0012,55,10,312,165,136,29,6.893893,0,ok,logs/seed_325099.log
325099,comp_drt,NHEFT+CompDRT,0,0.0,1,1,0,0.0914,0.0591,0.1505,58.17040000000006,1.2536,20,4,235,451,451,0,46.45940000000002,1.0012,38,7,305,112,38,74,789.0751369501465,17.0047,1,1,22,28,28,0,6.893893,0,ok,logs/seed_325099.log
23707,baseline,NHEFT,1,0.0,0,0,0,0.0769,0.068,0.1449,92.68399999999997,2.4818,16,4,182,472,472,0,41.9001,1.122,42,7,331,122,28,94,41.288861238568586,1.1056,59,11,349,165,116,49,7.474472,0,ok,logs/seed_23707.log
23707,comp_drt,NHEFT+CompDRT,0,0.0,1,1,0,0.0769,0.068,0.1449,92.68399999999997,2.4818,16,4,182,472,472,0,41.9001,1.122,42,7,331,122,28,94,958.016450298211,25.6533,1,1,22,30,30,0,7.474472,0,ok,logs/seed_23707.log
