seed,variant,variant_display_label,is_baseline_nheft,configured_tolerance,configured_comp_advantage,configured_drt_advantage,configured_irt_advantage,ccr_data,idr_image,nccr_total,heft_makespan,heft_slr,heft_vcpus,heft_hosts,heft_instances,heft_image_dl_total,heft_image_from_repo,heft_image_from_host,dheft_makespan,dheft_slr,dheft_vcpus,dheft_hosts,dheft_instances,dheft_image_dl_total,dheft_image_from_repo,dheft_image_from_host,nheft_makespan,nheft_slr,nheft_vcpus,nheft_hosts,nheft_instances,nheft_image_dl_total,nheft_image_from_repo,nheft_image_from_host,time_sec,return_code,status,log_file
741896,baseline,NHEFT,1,0.0,0,0,0,2.6224,1.5969,4.2193,1047.5371999999982,32.1626,3,2,33,442,442,0,160.45560000000003,4.9265,37,12,225,114,47,67,89.32072454997041,2.7424,42,10,308,150,88,62,5.140916,0,ok,logs/seed_741896.log
741896,comp_advantage,NHEFT+CompGate,0,0.0,1,0,0,2.6224,1.5969,4.2193,1047.5371999999982,32.1626,3,2,33,442,442,0,160.45560000000003,4.9265,37,12,225,114,47,67,100.39687580468652,3.0825,20,9,227,130,81,49,5.140916,0,ok,logs/seed_741896.log
430515,baseline,NHEFT,1,0.0,0,0,0,2.5027,1.6751,4.1778,858.0438999999994,21.4108,3,2,37,468,468,0,145.71429999999995,3.636,24,7,177,74,46,28,93.28744598306805,2.3278,36,10,286,152,85,67,5.282408,0,ok,logs/seed_430515.log
430515,comp_advantage,NHEFT+CompGate,0,0.0,1,0,0,2.5027,1.6751,4.1778,858.0438999999994,21.4108,3,2,37,468,468,0,145.71429999999995,3.636,24,7,177,74,46,28,125.98334458974358,3.1437,12,4,192,78,59,19,5.282408,0,ok,logs/seed_430515.log
888075,baseline,NHEFT,1,0.0,0,0,0,2.4932,1.4808,3.974,703.4315,18.0736,5,3,57,471,471,0,125.88179999999997,3.2343,25,8,238,102,56,46,92.20854200636205,2.3692,51,13,321,179,106,73,6.986216,0,ok,logs/seed_888075.log
888075,comp_advantage,NHEFT+CompGate,0,0.0,1,0,0,2.4932,1.4808,3.974,703.4315,18.0736,5,3,57,471,471,0,125.88179999999997,3.2343,25,8,238,102,56,46,103.09841151805337,2.649,20,8,257,129,92,37,6.986216,0,ok,logs/seed_888075.log
914983,baseline,NHEFT,1,0.0,0,0,0,2.8395,1.9137,4.7532,1143.4848999999988,32.1638,2,2,22,446,446,0,143.6789,4.0414,26,8,189,76,44,32,114.32229023317811,3.2156,34,9,263,147,84,63,6.15515,0,ok,logs/seed_914983.log
914983,comp_advantage,NHEFT+CompGate,0,0.0,1,0,0,2.8395,1.9137,4.7532,1143.4848999999988,32.1638,2,2,22,446,446,0,143.6789,4.0414,26,8,189,76,44,32,115.27059974074075,3.2423,13,4,180,70,49,21,6.15515,0,ok,logs/seed_914983.log
997971,baseline,NHEFT,1,0.0,0,0,0,2.5158,1.4061,3.9219,745.4485999999986,25.2748,4,2,44,478,478,0,125.32409999999997,4.2492,31,8,232,97,50,47,77.61507627718746,2.6316,42,11,315,140,88,52,7.504006,0,ok,logs/seed_997971.log
997971,comp_advantage,NHEFT+CompGate,0,0.0,1,0,0,2.5158,1.4061,3.9219,745.4485999999986,25.2748,4,2,44,478,478,0,125.32409999999997,4.2492,31,8,232,97,50,47,83.48161140235909,2.8305,24,7,253,117,78,39,7.504006,0,ok,logs/seed_997971.log
747642,baseline,NHEFT,1,0.0,0,0,0,2.2127,1.3177,3.5304,951.7760999999991,21.5195,5,3,44,466,466,0,165.8035,3.7488,32,7,212,101,56,45,94.78281851851852,2.143,36,12,289,133,85,48,7.801153,0,ok,logs/seed_747642.log
747642,comp_advantage,NHEFT+CompGate,0,0.0,1,0,0,2.2127,1.3177,3.5304,951.7760999999991,21.5195,5,3,44,466,466,0,165.8035,3.7488,32,7,212,101,56,45,123.63875338997215,2.7955,12,3,194,56,41,15,7.801153,0,ok,logs/seed_747642.log
664527,baseline,NHEFT,1,0.0,0,0,0,2.4737,1.9051,4.3788,693.1569000000005,16.8574,4,2,54,485,485,0,149.65370000000001,3.6395,24,7,221,91,49,42,97.39023244131269,2.3685,42,11,313,161,88,73,10.621797,0,ok,logs/seed_664527.log
664527,comp_advantage,NHEFT+CompGate,0,0.0,1,0,0,2.4737,1.9051,4.3788,693.1569000000005,16.8574,4,2,54,485,485,0,149.65370000000001,3.6395,24,7,221,91,49,42,118.46538238645533,2.8811,22,9,264,157,95,62,10.621797,0,ok,logs/seed_664527.log
760044,baseline,NHEFT,1,0.0,0,0,0,2.1735,1.3523,3.5258,1150.1096000000002,21.8338,4,2,28,458,458,0,157.5849,2.9916,25,9,194,99,51,48,101.67163272882469,1.9301,43,11,292,154,94,60,8.553653,0,ok,logs/seed_760044.log
760044,comp_advantage,NHEFT+CompGate,0,0.0,1,0,0,2.1735,1.3523,3.5258,1150.1096000000002,21.8338,4,2,28,458,458,0,157.5849,2.9916,25,9,194,99,51,48,125.88352218234444,2.3898,17,4,218,82,57,25,8.553653,0,ok,logs/seed_760044.log
215549,baseline,NHEFT,1,0.0,0,0,0,2.4495,1.7284,4.1779,967.6847999999998,27.6335,3,1,30,465,465,0,119.88069999999999,3.4233,23,5,203,67,44,23,95.65274148682266,2.7315,44,10,292,134,79,55,6.341327,0,ok,logs/seed_215549.log
215549,comp_advantage,NHEFT+CompGate,0,0.0,1,0,0,2.4495,1.7284,4.1779,967.6847999999998,27.6335,3,1,30,465,465,0,119.88069999999999,3.4233,23,5,203,67,44,23,700.7014085281421,20.0094,1,1,22,21,21,0,6.341327,0,ok,logs/seed_215549.log
370191,baseline,NHEFT,1,0.0,0,0,0,2.3393,1.6166,3.9559,1160.177499999996,32.7603,4,2,33,469,469,0,130.92779999999996,3.6971,20,4,208,56,38,18,96.35297574692444,2.7208,48,11,287,133,78,55,7.857865,0,ok,logs/seed_370191.log
370191,comp_advantage,NHEFT+CompGate,0,0.0,1,0,0,2.3393,1.6166,3.9559,1160.177499999996,32.7603,4,2,33,469,469,0,130.92779999999996,3.6971,20,4,208,56,38,18,148.08039607908614,4.1814,16,6,191,109,69,40,7.857865,0,ok,logs/seed_370191.log
296947,baseline,NHEFT,1,0.0,0,0,0,2.173,1.6999,3.8729,1048.5731999999998,23.1249,4,2,43,471,471,0,182.83100000000002,4.0321,39,11,251,122,49,73,134.701,2.9706,32,9,271,132,79,53,7.538019,0,ok,logs/seed_296947.log
296947,comp_advantage,NHEFT+CompGate,0,0.0,1,0,0,2.173,1.6999,3.8729,1048.5731999999998,23.1249,4,2,43,471,471,0,182.83100000000002,4.0321,39,11,251,122,49,73,160.73898351748252,3.5449,20,9,229,127,79,48,7.538019,0,ok,logs/seed_296947.log
963598,baseline,NHEFT,1,0.0,0,0,0,2.5659,1.6726,4.2385,1021.3538999999976,26.6032,4,2,26,459,459,0,130.42269999999996,3.3971,26,9,192,82,47,35,89.60012052415489,2.3338,35,10,290,153,93,60,7.698904,0,ok,logs/seed_963598.log
963598,comp_advantage,NHEFT+CompGate,0,0.0,1,0,0,2.5659,1.6726,4.2385,1021.3538999999976,26.6032,4,2,26,459,459,0,130.42269999999996,3.3971,26,9,192,82,47,35,153.45326076640765,3.997,18,8,225,141,87,54,7.698904,0,ok,logs/seed_963598.log
388451,baseline,NHEFT,1,0.0,0,0,0,2.4069,1.6151,4.022,835.1589000000004,22.2635,3,2,41,465,465,0,114.1227,3.0423,30,7,245,79,45,34,98.33938003949447,2.6215,43,12,298,152,91,61,7.247978,0,ok,logs/seed_388451.log
388451,comp_advantage,NHEFT+CompGate,0,0.0,1,0,0,2.4069,1.6151,4.022,835.1589000000004,22.2635,3,2,41,465,465,0,114.1227,3.0423,30,7,245,79,45,34,105.30813773789875,2.8073,19,6,239,107,76,31,7.247978,0,ok,logs/seed_388451.log
602873,baseline,NHEFT,1,0.0,0,0,0,2.2767,1.4459,3.7226,827.1754,17.0997,4,2,46,465,465,0,144.5477,2.9881,33,9,214,96,49,47,90.71958637046781,1.8754,40,9,307,153,83,70,7.752895,0,ok,logs/seed_602873.log
602873,comp_advantage,NHEFT+CompGate,0,0.0,1,0,0,2.2767,1.4459,3.7226,827.1754,17.0997,4,2,46,465,465,0,144.5477,2.9881,33,9,214,96,49,47,104.61108639158999,2.1626,17,6,233,107,71,36,7.752895,0,ok,logs/seed_602873.log
122745,baseline,NHEFT,1,0.0,0,0,0,2.4395,1.4048,3.8443,1058.9134999999992,30.5233,3,2,41,466,466,0,130.4791,3.7611,37,9,247,98,43,55,89.07605633596837,2.5676,45,12,324,156,80,76,7.871441,0,ok,logs/seed_122745.log
122745,comp_advantage,NHEFT+CompGate,0,0.0,1,0,0,2.4395,1.4048,3.8443,1058.9134999999992,30.5233,3,2,41,466,466,0,130.4791,3.7611,37,9,247,98,43,55,97.85143175564409,2.8206,22,8,249,105,70,35,7.871441,0,ok,logs/seed_122745.log
484762,baseline,NHEFT,1,0.0,0,0,0,2.4875,1.8001,4.2876,758.9103000000001,21.61,4,2,49,456,456,0,110.89359999999999,3.1577,27,7,223,73,43,30,83.45446716979839,2.3764,45,11,297,156,87,69,7.27066,0,ok,logs/seed_484762.log
484762,comp_advantage,NHEFT+CompGate,0,0.0,1,0,0,2.4875,1.8001,4.2876,758.9103000000001,21.61,4,2,49,456,456,0,110.89359999999999,3.1577,27,7,223,73,43,30,113.49557996345543,3.2318,19,6,228,124,78,46,7.27066,0,ok,logs/seed_484762.log
514215,baseline,NHEFT,1,0.0,0,0,0,2.643,1.536,4.179,993.5242999999984,25.2754,6,4,65,457,457,0,152.53930000000003,3.8806,25,9,210,92,53,39,96.9864163846154,2.4674,39,11,266,129,83,46,5.942088,0,ok,logs/seed_514215.log
514215,comp_advantage,NHEFT+CompGate,0,0.0,1,0,0,2.643,1.536,4.179,993.5242999999984,25.2754,6,4,65,457,457,0,152.53930000000003,3.8806,25,9,210,92,53,39,170.46925820643432,4.3368,8,3,119,70,42,28,5.942088,0,ok,logs/seed_514215.log
601161,baseline,NHEFT,1,0.0,0,0,0,2.1482,1.4277,3.5759,805.7093999999989,18.3529,4,2,43,459,459,0,128.24759999999995,2.9213,31,10,225,100,46,54,110.15798575031526,2.5092,32,9,260,119,79,40,6.255374,0,ok,logs/seed_601161.log
601161,comp_advantage,NHEFT+CompGate,0,0.0,1,0,0,2.1482,1.4277,3.5759,805.7093999999989,18.3529,4,2,43,459,459,0,128.24759999999995,2.9213,31,10,225,100,46,54,129.32057749523204,2.9457,12,4,191,92,67,25,6.255374,0,ok,logs/seed_601161.log
78435,baseline,NHEFT,1,0.0,0,0,0,2.2467,1.3824,3.6291,776.7761000000008,17.8346,3,2,42,448,448,0,137.89549999999997,3.166,23,7,193,86,47,39,83.5257148527132,1.9177,36,10,272,151,92,59,6.918704,0,ok,logs/seed_78435.log
78435,comp_advantage,NHEFT+CompGate,0,0.0,1,0,0,2.2467,1.3824,3.6291,776.7761000000008,17.8346,3,2,42,448,448,0,137.89549999999997,3.166,23,7,193,86,47,39,98.46375187080103,2.2607,29,10,265,145,80,65,6.918704,0,ok,logs/seed_78435.log
480957,baseline,NHEFT,1,0.0,0,0,0,2.506,1.4653,3.9713,673.5775000000004,19.3747,3,2,41,448,448,0,114.33080000000001,3.2886,25,7,211,90,51,39,88.31189499834015,2.5402,35,13,270,131,77,54,7.518836,0,ok,logs/seed_480957.log
480957,comp_advantage,NHEFT+CompGate,0,0.0,1,0,0,2.506,1.4653,3.9713,673.5775000000004,19.3747,3,2,41,448,448,0,114.33080000000001,3.2886,25,7,211,90,51,39,86.94134420180089,2.5008,22,9,248,134,93,41,7.518836,0,ok,logs/seed_480957.log
113260,baseline,NHEFT,1,0.0,0,0,0,2.734,1.7665,4.5005,976.6766000000009,21.397,3,2,42,499,499,0,134.5355,2.9474,32,9,248,101,46,55,97.15906418887744,2.1286,45,11,323,163,101,62,9.12965,0,ok,logs/seed_113260.log
113260,comp_advantage,NHEFT+CompGate,0,0.0,1,0,0,2.734,1.7665,4.5005,976.6766000000009,21.397,3,2,42,499,499,0,134.5355,2.9474,32,9,248,101,46,55,107.92689841825033,2.3645,24,10,263,179,100,79,9.12965,0,ok,logs/seed_113260.log
846854,baseline,NHEFT,1,0.0,0,0,0,2.3493,1.6248,3.9741,874.5224000000006,25.4084,3,2,23,425,425,0,112.846,3.2786,22,5,167,58,41,17,91.42634377456648,2.6563,39,9,252,118,71,47,5.764031,0,ok,logs/seed_846854.log
846854,comp_advantage,NHEFT+CompGate,0,0.0,1,0,0,2.3493,1.6248,3.9741,874.5224000000006,25.4084,3,2,23,425,425,0,112.846,3.2786,22,5,167,58,41,17,125.72234673502726,3.6527,13,4,175,58,46,12,5.764031,0,ok,logs/seed_846854.log
422970,baseline,NHEFT,1,0.0,0,0,0,2.3626,1.7866,4.1492,800.0727000000016,20.6129,3,2,42,437,437,0,130.0656,3.351,28,8,217,91,47,44,107.54530889235569,2.7708,52,12,281,151,89,62,7.54706,0,ok,logs/seed_422970.log
422970,comp_advantage,NHEFT+CompGate,0,0.0,1,0,0,2.3626,1.7866,4.1492,800.0727000000016,20.6129,3,2,42,437,437,0,130.0656,3.351,28,8,217,91,47,44,118.1590299531981,3.0442,24,10,230,132,86,46,7.54706,0,ok,logs/seed_422970.log
762973,baseline,NHEFT,1,0.0,0,0,0,2.7686,1.4012,4.1698,751.4015000000009,18.2528,3,2,33,468,468,0,100.3749,2.4383,27,8,213,83,44,39,99.0392789661017,2.4058,42,11,281,140,89,51,6.833672,0,ok,logs/seed_762973.log
762973,comp_advantage,NHEFT+CompGate,0,0.0,1,0,0,2.7686,1.4012,4.1698,751.4015000000009,18.2528,3,2,33,468,468,0,100.3749,2.4383,27,8,213,83,44,39,110.89345820410291,2.6938,13,4,202,80,59,21,6.833672,0,ok,logs/seed_762973.log
303068,baseline,NHEFT,1,0.0,0,0,0,2.8538,2.1033,4.9571,1283.4788000000008,36.5103,2,2,22,496,496,0,153.21200000000005,4.3583,31,9,199,89,47,42,113.89233431054839,3.2398,47,12,303,173,87,86,9.478224,0,ok,logs/seed_303068.log
303068,comp_advantage,NHEFT+CompGate,0,0.0,1,0,0,2.8538,2.1033,4.9571,1283.4788000000008,36.5103,2,2,22,496,496,0,153.21200000000005,4.3583,31,9,199,89,47,42,108.51489695645616,3.0869,28,11,273,159,90,69,9.478224,0,ok,logs/seed_303068.log
701483,baseline,NHEFT,1,0.0,0,0,0,2.9518,1.9863,4.9381,846.8850000000006,27.378,4,2,38,447,447,0,145.27290000000002,4.6964,24,6,193,81,44,37,91.76906501484999,2.9667,51,12,293,175,90,85,6.048095,0,ok,logs/seed_701483.log
701483,comp_advantage,NHEFT+CompGate,0,0.0,1,0,0,2.9518,1.9863,4.9381,846.8850000000006,27.378,4,2,38,447,447,0,145.27290000000002,4.6964,24,6,193,81,44,37,97.93214748493541,3.1659,24,9,253,137,77,60,6.048095,0,ok,logs/seed_701483.log
193272,baseline,NHEFT,1,0.0,0,0,0,2.505,1.8341,4.3391,770.356499999999,17.2488,4,2,44,460,460,0,121.55210000000002,2.7216,25,8,234,81,45,36,94.07923858335622,2.1065,47,11,330,172,90,82,7.68688,0,ok,logs/seed_193272.log
193272,comp_advantage,NHEFT+CompGate,0,0.0,1,0,0,2.505,1.8341,4.3391,770.356499999999,17.2488,4,2,44,460,460,0,121.55210000000002,2.7216,25,8,234,81,45,36,140.62184028776977,3.1486,27,9,251,136,96,40,7.68688,0,ok,logs/seed_193272.log
609026,baseline,NHEFT,1,0.0,0,0,0,2.3164,1.5201,3.8365,826.9868000000023,22.742,4,2,43,463,463,0,112.53999999999998,3.0948,26,8,231,74,43,31,85.35068201960634,2.3471,51,11,327,153,94,59,8.972192,0,ok,logs/seed_609026.log
609026,comp_advantage,NHEFT+CompGate,0,0.0,1,0,0,2.3164,1.5201,3.8365,826.9868000000023,22.742,4,2,43,463,463,0,112.53999999999998,3.0948,26,8,231,74,43,31,145.02742946585732,3.9882,14,4,177,51,43,8,8.972192,0,ok,logs/seed_609026.log
385324,baseline,NHEFT,1,0.0,0,0,0,2.6375,1.9383,4.5758,867.3775000000002,27.3645,4,2,35,473,473,0,120.6305,3.8057,19,5,173,59,41,18,92.65327293316764,2.9231,42,11,301,146,90,56,7.477693,0,ok,logs/seed_385324.log
385324,comp_advantage,NHEFT+CompGate,0,0.0,1,0,0,2.6375,1.9383,4.5758,867.3775000000002,27.3645,4,2,35,473,473,0,120.6305,3.8057,19,5,173,59,41,18,114.47535107090893,3.6115,14,6,191,93,67,26,7.477693,0,ok,logs/seed_385324.log
586699,baseline,NHEFT,1,0.0,0,0,0,2.4182,1.731,4.1492,891.1092999999977,23.2454,3,2,38,430,430,0,139.4082,3.6366,23,6,180,63,44,19,101.85817697055003,2.6571,38,11,253,135,73,62,7.27443,0,ok,logs/seed_586699.log
586699,comp_advantage,NHEFT+CompGate,0,0.0,1,0,0,2.4182,1.731,4.1492,891.1092999999977,23.2454,3,2,38,430,430,0,139.4082,3.6366,23,6,180,63,44,19,137.13534534234233,3.5773,24,9,224,144,80,64,7.27443,0,ok,logs/seed_586699.log
127154,baseline,NHEFT,1,0.0,0,0,0,2.8125,1.8472,4.6597,808.7762000000001,29.3328,5,3,49,491,491,0,140.59900000000002,5.0993,25,7,232,83,51,32,107.23215584702979,3.8891,38,10,290,146,89,57,6.02518,0,ok,logs/seed_127154.log
127154,comp_advantage,NHEFT+CompGate,0,0.0,1,0,0,2.8125,1.8472,4.6597,808.7762000000001,29.3328,5,3,49,491,491,0,140.59900000000002,5.0993,25,7,232,83,51,32,177.7334620906389,6.4461,6,3,117,63,41,22,6.02518,0,ok,logs/seed_127154.log
140763,baseline,NHEFT,1,0.0,0,0,0,2.4116,1.5607,3.9723,828.1006000000004,21.8803,2,1,42,460,460,0,134.1357,3.5442,32,9,214,99,51,48,99.75427186092716,2.6357,38,11,300,151,89,62,8.420539,0,ok,logs/seed_140763.log
140763,comp_advantage,NHEFT+CompGate,0,0.0,1,0,0,2.4116,1.5607,3.9723,828.1006000000004,21.8803,2,1,42,460,460,0,134.1357,3.5442,32,9,214,99,51,48,109.88261669242662,2.9033,17,6,214,122,76,46,8.420539,0,ok,logs/seed_140763.log
162375,baseline,NHEFT,1,0.0,0,0,0,2.7288,1.9166,4.6454,823.1387999999998,20.3568,3,2,33,444,444,0,143.01590000000004,3.5369,28,9,175,80,41,39,89.4221626271777,2.2115,33,10,261,111,70,41,7.53533,0,ok,logs/seed_162375.log
162375,comp_advantage,NHEFT+CompGate,0,0.0,1,0,0,2.7288,1.9166,4.6454,823.1387999999998,20.3568,3,2,33,444,444,0,143.01590000000004,3.5369,28,9,175,80,41,39,115.84054441811847,2.8648,22,9,209,111,70,41,7.53533,0,ok,logs/seed_162375.log
320372,baseline,NHEFT,1,0.0,0,0,0,2.7703,2.2094,4.9797,824.0427000000016,22.4645,3,2,42,462,462,0,129.1256,3.5201,23,6,205,65,43,22,98.14365636921166,2.6755,46,11,299,161,85,76,7.416863,0,ok,logs/seed_320372.log
320372,comp_advantage,NHEFT+CompGate,0,0.0,1,0,0,2.7703,2.2094,4.9797,824.0427000000016,22.4645,3,2,42,462,462,0,129.1256,3.5201,23,6,205,65,43,22,137.21037617988395,3.7405,20,7,203,124,76,48,7.416863,0,ok,logs/seed_320372.log
911752,baseline,NHEFT,1,0.0,0,0,0,2.9054,1.7423,4.6477,758.8316999999998,19.416,3,2,42,465,465,0,119.23249999999999,3.0508,31,6,239,92,49,43,96.64445136993146,2.4728,43,10,276,140,88,52,7.406729,0,ok,logs/seed_911752.log
911752,comp_advantage,NHEFT+CompGate,0,0.0,1,0,0,2.9054,1.7423,4.6477,758.8316999999998,19.416,3,2,42,465,465,0,119.23249999999999,3.0508,31,6,239,92,49,43,127.3562204029851,3.2586,7,3,135,65,41,24,7.406729,0,ok,logs/seed_911752.log
185527,baseline,NHEFT,1,0.0,0,0,0,2.5799,1.5478,4.1277,779.9295000000003,16.1243,5,2,44,475,475,0,132.25549999999996,2.7343,31,9,251,114,47,67,105.81402471910113,2.1876,37,9,285,160,94,66,6.416482,0,ok,logs/seed_185527.log
185527,comp_advantage,NHEFT+CompGate,0,0.0,1,0,0,2.5799,1.5478,4.1277,779.9295000000003,16.1243,5,2,44,475,475,0,132.25549999999996,2.7343,31,9,251,114,47,67,805.9462858564477,16.6622,1,1,22,20,20,0,6.416482,0,ok,logs/seed_185527.log
766339,baseline,NHEFT,1,0.0,0,0,0,2.7567,1.7278,4.4845,1400.9542000000001,37.9262,4,4,49,450,450,0,176.08870000000002,4.767,34,10,215,126,41,85,91.22163508681774,2.4695,46,11,296,161,77,84,6.296547,0,ok,logs/seed_766339.log
766339,comp_advantage,NHEFT+CompGate,0,0.0,1,0,0,2.7567,1.7278,4.4845,1400.9542000000001,37.9262,4,4,49,450,450,0,176.08870000000002,4.767,34,10,215,126,41,85,189.94259875741236,5.1421,4,2,82,44,33,11,6.296547,0,ok,logs/seed_766339.log
911829,baseline,NHEFT,1,0.0,0,0,0,2.4883,1.5879,4.0762,1350.7185999999979,26.7262,6,4,57,473,473,0,170.8341,3.3802,32,9,221,89,36,53,112.25441028914692,2.2211,37,9,309,148,89,59,8.425138,0,ok,logs/seed_911829.log
911829,comp_advantage,NHEFT+CompGate,0,0.0,1,0,0,2.4883,1.5879,4.0762,1350.7185999999979,26.7262,6,4,57,473,473,0,170.8341,3.3802,32,9,221,89,36,53,120.61614978990448,2.3866,13,3,201,54,31,23,8.425138,0,ok,logs/seed_911829.log
184906,baseline,NHEFT,1,0.0,0,0,0,2.6564,1.732,4.3884,970.2254999999983,22.6304,3,2,23,446,446,0,114.2706,2.6654,26,5,202,65,44,21,96.3052380877193,2.2463,41,10,278,147,88,59,5.607684,0,ok,logs/seed_184906.log
184906,comp_advantage,NHEFT+CompGate,0,0.0,1,0,0,2.6564,1.732,4.3884,970.2254999999983,22.6304,3,2,23,446,446,0,114.2706,2.6654,26,5,202,65,44,21,126.57018130830039,2.9522,8,2,155,41,33,8,5.607684,0,ok,logs/seed_184906.log
189090,baseline,NHEFT,1,0.0,0,0,0,2.6471,1.4159,4.063,850.2405000000002,24.1207,3,2,33,448,448,0,116.8962,3.3163,26,7,205,86,47,39,93.6798229039548,2.6576,45,12,296,157,101,56,7.157105,0,ok,logs/seed_189090.log
189090,comp_advantage,NHEFT+CompGate,0,0.0,1,0,0,2.6471,1.4159,4.063,850.2405000000002,24.1207,3,2,33,448,448,0,116.8962,3.3163,26,7,205,86,47,39,109.08143220771582,3.0946,19,5,213,95,61,34,7.157105,0,ok,logs/seed_189090.log
355619,baseline,NHEFT,1,0.0,0,0,0,2.2006,1.5672,3.7678,928.5493999999994,20.3821,3,2,42,469,469,0,143.9159,3.159,29,8,228,83,52,31,112.05317893411348,2.4596,50,12,327,152,91,61,7.216431,0,ok,logs/seed_355619.log
355619,comp_advantage,NHEFT+CompGate,0,0.0,1,0,0,2.2006,1.5672,3.7678,928.5493999999994,20.3821,3,2,42,469,469,0,143.9159,3.159,29,8,228,83,52,31,111.03088293167983,2.4372,32,10,275,150,103,47,7.216431,0,ok,logs/seed_355619.log
440123,baseline,NHEFT,1,0.0,0,0,0,2.3331,1.7112,4.0443,657.9632999999997,14.2135,4,2,52,474,474,0,143.54589999999996,3.1009,27,10,215,95,42,53,112.67349773777096,2.434,48,12,328,180,99,81,7.541293,0,ok,logs/seed_440123.log
440123,comp_advantage,NHEFT+CompGate,0,0.0,1,0,0,2.3331,1.7112,4.0443,657.9632999999997,14.2135,4,2,52,474,474,0,143.54589999999996,3.1009,27,10,215,95,42,53,124.54108728380977,2.6904,13,5,191,101,47,54,7.541293,0,ok,logs/seed_440123.log
65843,baseline,NHEFT,1,0.0,0,0,0,2.6698,1.4775,4.1473,1158.3389000000002,33.6172,3,3,42,426,426,0,145.75220000000002,4.23,38,10,219,97,40,57,87.33535817895212,2.5346,37,9,275,144,91,53,5.559693,0,ok,logs/seed_65843.log
65843,comp_advantage,NHEFT+CompGate,0,0.0,1,0,0,2.6698,1.4775,4.1473,1158.3389000000002,33.6172,3,3,42,426,426,0,145.75220000000002,4.23,38,10,219,97,40,57,104.94614013513514,3.0457,11,3,173,63,40,23,5.559693,0,ok,logs/seed_65843.log
356002,baseline,NHEFT,1,0.0,0,0,0,2.7753,1.5593,4.3346,772.7321000000023,20.7193,3,1,35,454,454,0,128.88500000000002,3.4558,24,7,177,78,44,34,82.48147155655298,2.2116,34,10,258,124,78,46,6.287624,0,ok,logs/seed_356002.log
356002,comp_advantage,NHEFT+CompGate,0,0.0,1,0,0,2.7753,1.5593,4.3346,772.7321000000023,20.7193,3,1,35,454,454,0,128.88500000000002,3.4558,24,7,177,78,44,34,654.5616483312299,17.5508,1,1,22,20,20,0,6.287624,0,ok,logs/seed_356002.log
546160,baseline,NHEFT,1,0.0,0,0,0,2.665,1.5899,4.2549,1006.4457999999998,18.071,4,3,46,469,469,0,145.75739999999993,2.6171,25,8,210,90,50,40,96.38871510948573,1.7307,40,10,292,176,109,67,8.012658,0,ok,logs/seed_546160.log
546160,comp_advantage,NHEFT+CompGate,0,0.0,1,0,0,2.665,1.5899,4.2549,1006.4457999999998,18.071,4,3,46,469,469,0,145.75739999999993,2.6171,25,8,210,90,50,40,108.41313503026477,1.9466,18,7,221,104,68,36,8.012658,0,ok,logs/seed_546160.log
466702,baseline,NHEFT,1,0.0,0,0,0,2.121,1.1765,3.2975,783.0885999999974,21.962,3,2,42,469,469,0,126.16960000000003,3.5385,26,10,208,89,44,45,82.78032991566266,2.3216,43,12,305,145,82,63,8.421503,0,ok,logs/seed_466702.log
466702,comp_advantage,NHEFT+CompGate,0,0.0,1,0,0,2.121,1.1765,3.2975,783.0885999999974,21.962,3,2,42,469,469,0,126.16960000000003,3.5385,26,10,208,89,44,45,102.59971877019188,2.8774,20,7,236,122,67,55,8.421503,0,ok,logs/seed_466702.log
108594,baseline,NHEFT,1,0.0,0,0,0,2.3479,1.4953,3.8432,859.6363999999974,24.9988,3,2,40,450,450,0,123.05349999999999,3.5785,24,6,200,63,43,20,90.74161847547914,2.6388,44,12,294,161,83,78,8.365253,0,ok,logs/seed_108594.log
108594,comp_advantage,NHEFT+CompGate,0,0.0,1,0,0,2.3479,1.4953,3.8432,859.6363999999974,24.9988,3,2,40,450,450,0,123.05349999999999,3.5785,24,6,200,63,43,20,127.6141282923472,3.7111,23,10,247,150,101,49,8.365253,0,ok,logs/seed_108594.log
302326,baseline,NHEFT,1,0.0,0,0,0,2.6709,1.6511,4.322,921.3655000000007,22.7535,4,2,33,473,473,0,135.28150000000005,3.3408,28,8,201,102,46,56,83.84644833293844,2.0706,33,10,267,123,73,50,6.031241,0,ok,logs/seed_302326.log
302326,comp_advantage,NHEFT+CompGate,0,0.0,1,0,0,2.6709,1.6511,4.322,921.3655000000007,22.7535,4,2,33,473,473,0,135.28150000000005,3.3408,28,8,201,102,46,56,128.66954996737357,3.1775,19,5,216,87,62,25,6.031241,0,ok,logs/seed_302326.log
830943,baseline,NHEFT,1,0.0,0,0,0,2.7074,1.4966,4.204,1145.8462000000022,32.6511,5,3,44,445,445,0,164.33399999999995,4.6827,40,10,239,111,57,54,75.9056154533157,2.1629,44,11,287,144,86,58,5.828877,0,ok,logs/seed_830943.log
830943,comp_advantage,NHEFT+CompGate,0,0.0,1,0,0,2.7074,1.4966,4.204,1145.8462000000022,32.6511,5,3,44,445,445,0,164.33399999999995,4.6827,40,10,239,111,57,54,125.18369709006996,3.5671,15,5,194,102,53,49,5.828877,0,ok,logs/seed_830943.log
774892,baseline,NHEFT,1,0.0,0,0,0,2.4446,1.3762,3.8208,757.4940000000017,18.8271,5,3,63,489,489,0,131.23689999999996,3.2618,27,7,231,79,48,31,83.24456376962642,2.069,44,11,336,144,86,58,8.176379,0,ok,logs/seed_774892.log
774892,comp_advantage,NHEFT+CompGate,0,0.0,1,0,0,2.4446,1.3762,3.8208,757.4940000000017,18.8271,5,3,63,489,489,0,131.23689999999996,3.2618,27,7,231,79,48,31,104.75830126917901,2.6037,17,4,224,87,58,29,8.176379,0,ok,logs/seed_774892.log
317399,baseline,NHEFT,1,0.0,0,0,0,2.6496,1.5553,4.2049,880.5255999999986,24.6495,3,3,42,462,462,0,134.5013,3.7652,21,6,171,67,53,14,98.28777763039244,2.7515,35,10,264,125,84,41,6.803251,0,ok,logs/seed_317399.log
317399,comp_advantage,NHEFT+CompGate,0,0.0,1,0,0,2.6496,1.5553,4.2049,880.5255999999986,24.6495,3,3,42,462,462,0,134.5013,3.7652,21,6,171,67,53,14,89.9873770779768,2.5191,13,4,202,65,51,14,6.803251,0,ok,logs/seed_317399.log
179499,baseline,NHEFT,1,0.0,0,0,0,2.5708,1.5057,4.0765,895.0937999999996,22.7988,5,3,50,463,463,0,152.44620000000003,3.8829,30,9,227,112,47,65,93.78694582185491,2.3888,31,9,287,140,88,52,8.466914,0,ok,logs/seed_179499.log
179499,comp_advantage,NHEFT+CompGate,0,0.0,1,0,0,2.5708,1.5057,4.0765,895.0937999999996,22.7988,5,3,50,463,463,0,152.44620000000003,3.8829,30,9,227,112,47,65,111.75940061318788,2.8466,15,6,235,111,72,39,8.466914,0,ok,logs/seed_179499.log
551935,baseline,NHEFT,1,0.0,0,0,0,2.7968,1.8286,4.6254,853.7500999999992,16.8821,4,2,35,464,464,0,107.25089999999999,2.1208,24,5,217,63,41,22,96.82158296044825,1.9146,42,10,295,157,83,74,7.502477,0,ok,logs/seed_551935.log
551935,comp_advantage,NHEFT+CompGate,0,0.0,1,0,0,2.7968,1.8286,4.6254,853.7500999999992,16.8821,4,2,35,464,464,0,107.25089999999999,2.1208,24,5,217,63,41,22,111.66106477620905,2.208,16,5,230,99,73,26,7.502477,0,ok,logs/seed_551935.log
751687,baseline,NHEFT,1,0.0,0,0,0,2.3927,1.2339,3.6266,787.3273999999996,22.79,3,2,42,435,435,0,143.08579999999998,4.1418,29,6,197,80,44,36,111.86154651162786,3.238,44,12,282,161,100,61,6.803842,0,ok,logs/seed_751687.log
751687,comp_advantage,NHEFT+CompGate,0,0.0,1,0,0,2.3927,1.2339,3.6266,787.3273999999996,22.79,3,2,42,435,435,0,143.08579999999998,4.1418,29,6,197,80,44,36,115.76050399255583,3.3508,14,5,183,105,77,28,6.803842,0,ok,logs/seed_751687.log
531148,baseline,NHEFT,1,0.0,0,0,0,2.4474,1.466,3.9134,1080.0042999999994,23.398,5,3,33,487,487,0,153.99549999999994,3.3363,34,10,233,104,50,54,86.862090141217,1.8818,43,10,315,142,84,58,10.639306,0,ok,logs/seed_531148.log
531148,comp_advantage,NHEFT+CompGate,0,0.0,1,0,0,2.4474,1.466,3.9134,1080.0042999999994,23.398,5,3,33,487,487,0,153.99549999999994,3.3363,34,10,233,104,50,54,106.8828715882353,2.3156,24,9,255,121,73,48,10.639306,0,ok,logs/seed_531148.log
594138,baseline,NHEFT,1,0.0,0,0,0,2.786,1.7504,4.5364,770.8741999999985,22.3967,3,2,42,429,429,0,120.61850000000004,3.5044,28,8,205,79,42,37,81.71887011970156,2.3742,41,10,286,134,76,58,5.510937,0,ok,logs/seed_594138.log
594138,comp_advantage,NHEFT+CompGate,0,0.0,1,0,0,2.786,1.7504,4.5364,770.8741999999985,22.3967,3,2,42,429,429,0,120.61850000000004,3.5044,28,8,205,79,42,37,99.91732592361927,2.903,19,4,233,79,41,38,5.510937,0,ok,logs/seed_594138.log
702028,baseline,NHEFT,1,0.0,0,0,0,2.6921,1.6163,4.3084,892.5655999999994,23.2338,4,3,52,466,466,0,127.61419999999995,3.3218,27,5,222,72,45,27,102.43032795804349,2.6663,42,10,298,154,88,66,7.351852,0,ok,logs/seed_702028.log
702028,comp_advantage,NHEFT+CompGate,0,0.0,1,0,0,2.6921,1.6163,4.3084,892.5655999999994,23.2338,4,3,52,466,466,0,127.61419999999995,3.3218,27,5,222,72,45,27,131.46353433333334,3.422,27,11,269,154,84,70,7.351852,0,ok,logs/seed_702028.log
492022,baseline,NHEFT,1,0.0,0,0,0,2.3672,1.4137,3.7809,784.3061000000017,20.7615,4,2,48,469,469,0,128.95080000000002,3.4135,38,13,254,119,48,71,86.72478649618321,2.2957,43,11,314,141,82,59,6.341101,0,ok,logs/seed_492022.log
492022,comp_advantage,NHEFT+CompGate,0,0.0,1,0,0,2.3672,1.4137,3.7809,784.3061000000017,20.7615,4,2,48,469,469,0,128.95080000000002,3.4135,38,13,254,119,48,71,129.64971839694655,3.432,12,5,188,88,54,34,6.341101,0,ok,logs/seed_492022.log
231332,baseline,NHEFT,1,0.0,0,0,0,2.6332,1.5884,4.2216,989.5512999999982,28.0584,4,2,39,475,475,0,135.5684,3.844,27,7,220,79,54,25,96.79969892895738,2.7447,35,10,281,132,81,51,7.302409,0,ok,logs/seed_231332.log
231332,comp_advantage,NHEFT+CompGate,0,0.0,1,0,0,2.6332,1.5884,4.2216,989.5512999999982,28.0584,4,2,39,475,475,0,135.5684,3.844,27,7,220,79,54,25,110.00169742212188,3.1191,22,9,242,122,76,46,7.302409,0,ok,logs/seed_231332.log
147537,baseline,NHEFT,1,0.0,0,0,0,2.7631,1.7234,4.4865,1274.2146,27.9838,2,2,22,487,487,0,175.87880000000007,3.8626,22,7,183,99,48,51,97.32950099999998,2.1375,49,11,319,161,84,77,7.150366,0,ok,logs/seed_147537.log
147537,comp_advantage,NHEFT+CompGate,0,0.0,1,0,0,2.7631,1.7234,4.4865,1274.2146,27.9838,2,2,22,487,487,0,175.87880000000007,3.8626,22,7,183,99,48,51,185.2205737154583,4.0677,5,2,100,44,42,2,7.150366,0,ok,logs/seed_147537.log
109654,baseline,NHEFT,1,0.0,0,0,0,2.3624,1.7007,4.0631,931.7470999999993,22.8502,3,2,39,471,471,0,140.0615,3.4349,27,9,208,81,46,35,98.79550346820811,2.4229,41,11,276,144,92,52,7.982908,0,ok,logs/seed_109654.log
109654,comp_advantage,NHEFT+CompGate,0,0.0,1,0,0,2.3624,1.7007,4.0631,931.7470999999993,22.8502,3,2,39,471,471,0,140.0615,3.4349,27,9,208,81,46,35,110.7103219820292,2.7151,22,10,244,133,87,46,7.982908,0,ok,logs/seed_109654.log
357820,baseline,NHEFT,1,0.0,0,0,0,2.1711,1.5306,3.7017,792.1317999999983,27.3211,3,2,37,478,478,0,115.70860000000002,3.9909,22,6,200,64,40,24,89.70040495049504,3.0938,47,13,304,163,91,72,7.403405,0,ok,logs/seed_357820.log
357820,comp_advantage,NHEFT+CompGate,0,0.0,1,0,0,2.1711,1.5306,3.7017,792.1317999999983,27.3211,3,2,37,478,478,0,115.70860000000002,3.9909,22,6,200,64,40,24,102.53713836275107,3.5366,21,6,242,111,78,33,7.403405,0,ok,logs/seed_357820.log
813854,baseline,NHEFT,1,0.0,0,0,0,2.4857,1.5357,4.0214,887.3219999999993,20.8532,5,3,35,461,461,0,154.71570000000003,3.636,25,7,195,97,49,48,100.19382499999999,2.3547,35,10,275,139,82,57,7.877551,0,ok,logs/seed_813854.log
813854,comp_advantage,NHEFT+CompGate,0,0.0,1,0,0,2.4857,1.5357,4.0214,887.3219999999993,20.8532,5,3,35,461,461,0,154.71570000000003,3.636,25,7,195,97,49,48,114.93680430288951,2.7012,18,6,217,104,76,28,7.877551,0,ok,logs/seed_813854.log
840701,baseline,NHEFT,1,0.0,0,0,0,2.4182,1.6871,4.1053,785.3203000000021,18.4593,4,2,43,489,489,0,138.2536,3.2497,30,11,229,105,47,58,117.81158743935926,2.7692,40,11,322,147,88,59,9.667363,0,ok,logs/seed_840701.log
840701,comp_advantage,NHEFT+CompGate,0,0.0,1,0,0,2.4182,1.6871,4.1053,785.3203000000021,18.4593,4,2,43,489,489,0,138.2536,3.2497,30,11,229,105,47,58,113.99903900293259,2.6796,30,11,291,155,87,68,9.667363,0,ok,logs/seed_840701.log
528112,baseline,NHEFT,1,0.0,0,0,0,2.7926,1.7427,4.5353,841.4305000000015,20.225,4,2,30,446,446,0,121.32990000000002,2.9163,24,6,204,71,42,29,80.5668202820685,1.9365,32,9,256,115,77,38,6.187006,0,ok,logs/seed_528112.log
528112,comp_advantage,NHEFT+CompGate,0,0.0,1,0,0,2.7926,1.7427,4.5353,841.4305000000015,20.225,4,2,30,446,446,0,121.32990000000002,2.9163,24,6,204,71,42,29,155.77092716603298,3.7442,8,2,128,51,51,0,6.187006,0,ok,logs/seed_528112.log
610245,baseline,NHEFT,1,0.0,0,0,0,2.7273,1.7622,4.4895,1099.7528999999993,30.064,3,3,39,456,456,0,161.81069999999997,4.4234,22,7,161,74,49,25,101.72402452102449,2.7808,35,10,234,110,72,38,6.891861,0,ok,logs/seed_610245.log
610245,comp_advantage,NHEFT+CompGate,0,0.0,1,0,0,2.7273,1.7622,4.4895,1099.7528999999993,30.064,3,3,39,456,456,0,161.81069999999997,4.4234,22,7,161,74,49,25,104.95595567164398,2.8692,19,7,223,107,70,37,6.891861,0,ok,logs/seed_610245.log
540631,baseline,NHEFT,1,0.0,0,0,0,2.549,1.4355,3.9845,993.1208999999999,29.1149,4,2,39,498,498,0,171.76149999999996,5.0355,21,8,184,89,44,45,109.77153235878335,3.2181,32,8,288,147,88,59,6.57744,0,ok,logs/seed_540631.log
540631,comp_advantage,NHEFT+CompGate,0,0.0,1,0,0,2.549,1.4355,3.9845,993.1208999999999,29.1149,4,2,39,498,498,0,171.76149999999996,5.0355,21,8,184,89,44,45,684.5546992919712,20.0688,1,1,22,20,20,0,6.57744,0,ok,logs/seed_540631.log
670354,baseline,NHEFT,1,0.0,0,0,0,2.5779,1.6257,4.2036,977.6623000000012,24.9479,3,2,37,467,467,0,140.747,3.5916,25,6,207,78,43,35,100.88521649867266,2.5744,44,11,297,152,80,72,6.712561,0,ok,logs/seed_670354.log
670354,comp_advantage,NHEFT+CompGate,0,0.0,1,0,0,2.5779,1.6257,4.2036,977.6623000000012,24.9479,3,2,37,467,467,0,140.747,3.5916,25,6,207,78,43,35,119.799194300834,3.057,18,7,212,108,74,34,6.712561,0,ok,logs/seed_670354.log
416284,baseline,NHEFT,1,0.0,0,0,0,2.6338,1.7445,4.3783,858.6236999999992,25.3287,4,2,42,473,473,0,135.39829999999998,3.9941,31,7,234,90,54,36,93.14448199699021,2.7477,43,11,293,165,100,65,7.494087,0,ok,logs/seed_416284.log
416284,comp_advantage,NHEFT+CompGate,0,0.0,1,0,0,2.6338,1.7445,4.3783,858.6236999999992,25.3287,4,2,42,473,473,0,135.39829999999998,3.9941,31,7,234,90,54,36,131.0658183469861,3.8663,20,10,236,143,90,53,7.494087,0,ok,logs/seed_416284.log
853922,baseline,NHEFT,1,0.0,0,0,0,2.7265,2.088,4.8145,893.5451999999987,21.5648,4,2,26,464,464,0,114.93939999999998,2.7739,26,8,212,81,43,38,92.11430726577437,2.2231,33,9,249,100,64,36,5.900723,0,ok,logs/seed_853922.log
853922,comp_advantage,NHEFT+CompGate,0,0.0,1,0,0,2.7265,2.088,4.8145,893.5451999999987,21.5648,4,2,26,464,464,0,114.93939999999998,2.7739,26,8,212,81,43,38,151.36235257525973,3.653,12,3,159,48,43,5,5.900723,0,ok,logs/seed_853922.log
703771,baseline,NHEFT,1,0.0,0,0,0,2.6624,1.9391,4.6015,843.3801000000027,23.2229,3,2,27,448,448,0,132.64400000000003,3.6524,20,5,164,78,43,35,92.98838555956678,2.5605,44,11,271,141,68,73,6.018267,0,ok,logs/seed_703771.log
703771,comp_advantage,NHEFT+CompGate,0,0.0,1,0,0,2.6624,1.9391,4.6015,843.3801000000027,23.2229,3,2,27,448,448,0,132.64400000000003,3.6524,20,5,164,78,43,35,222.24435340433212,6.1196,6,2,82,41,41,0,6.018267,0,ok,logs/seed_703771.log
131782,baseline,NHEFT,1,0.0,0,0,0,2.6172,1.6707,4.2879,1007.6412999999981,31.8379,2,2,22,451,451,0,131.16869999999997,4.1445,31,9,204,79,44,35,82.05294803464355,2.5926,36,9,247,91,58,33,6.299246,0,ok,logs/seed_131782.log
131782,comp_advantage,NHEFT+CompGate,0,0.0,1,0,0,2.6172,1.6707,4.2879,1007.6412999999981,31.8379,2,2,22,451,451,0,131.16869999999997,4.1445,31,9,204,79,44,35,112.1918600373701,3.5449,19,6,203,83,66,17,6.299246,0,ok,logs/seed_131782.log
793335,baseline,NHEFT,1,0.0,0,0,0,2.664,1.8996,4.5636,823.2824999999987,23.3738,4,2,37,441,441,0,146.54850000000002,4.1607,17,7,157,80,45,35,101.42917212751676,2.8797,38,10,267,149,90,59,6.973922,0,ok,logs/seed_793335.log
793335,comp_advantage,NHEFT+CompGate,0,0.0,1,0,0,2.664,1.8996,4.5636,823.2824999999987,23.3738,4,2,37,441,441,0,146.54850000000002,4.1607,17,7,157,80,45,35,119.87014685559893,3.4032,15,6,192,113,81,32,6.973922,0,ok,logs/seed_793335.log
829835,baseline,NHEFT,1,0.0,0,0,0,2.2746,1.3894,3.664,830.2878999999991,23.2058,4,2,39,444,444,0,119.23909999999998,3.3326,29,7,206,92,47,45,93.76713792325054,2.6207,44,11,261,129,75,54,7.689713,0,ok,logs/seed_829835.log
829835,comp_advantage,NHEFT+CompGate,0,0.0,1,0,0,2.2746,1.3894,3.664,830.2878999999991,23.2058,4,2,39,444,444,0,119.23909999999998,3.3326,29,7,206,92,47,45,92.39206313464672,2.5823,27,9,240,128,88,40,7.689713,0,ok,logs/seed_829835.log
517538,baseline,NHEFT,1,0.0,0,0,0,2.716,1.5639,4.2799,823.5735000000005,21.1424,4,2,37,465,465,0,114.04370000000002,2.9277,34,9,229,93,44,49,85.05403359668509,2.1835,42,11,294,142,83,59,7.101579,0,ok,logs/seed_517538.log
517538,comp_advantage,NHEFT+CompGate,0,0.0,1,0,0,2.716,1.5639,4.2799,823.5735000000005,21.1424,4,2,37,465,465,0,114.04370000000002,2.9277,34,9,229,93,44,49,111.6351678417732,2.8658,17,4,229,71,55,16,7.101579,0,ok,logs/seed_517538.log
432977,baseline,NHEFT,1,0.0,0,0,0,2.5819,1.5987,4.1806,1057.1433999999992,23.536,5,3,42,477,477,0,164.27009999999996,3.6573,21,7,197,92,44,48,84.54431804279396,1.8823,41,10,315,144,83,61,7.234793,0,ok,logs/seed_432977.log
432977,comp_advantage,NHEFT+CompGate,0,0.0,1,0,0,2.5819,1.5987,4.1806,1057.1433999999992,23.536,5,3,42,477,477,0,164.27009999999996,3.6573,21,7,197,92,44,48,102.4433,2.2808,24,9,265,137,86,51,7.234793,0,ok,logs/seed_432977.log
202788,baseline,NHEFT,1,0.0,0,0,0,2.6591,1.575,4.2341,882.6623999999996,22.8328,3,2,30,446,446,0,124.9982,3.2335,33,10,221,93,46,47,93.31410279573512,2.4139,29,9,252,119,79,40,7.540973,0,ok,logs/seed_202788.log
202788,comp_advantage,NHEFT+CompGate,0,0.0,1,0,0,2.6591,1.575,4.2341,882.6623999999996,22.8328,3,2,30,446,446,0,124.9982,3.2335,33,10,221,93,46,47,104.29469212050736,2.6979,15,6,207,98,60,38,7.540973,0,ok,logs/seed_202788.log
455331,baseline,NHEFT,1,0.0,0,0,0,2.7262,1.5987,4.3249,983.2167000000001,26.0095,3,3,42,448,448,0,150.17599999999996,3.9727,26,7,199,77,45,32,87.66806464224274,2.3191,40,11,298,170,94,76,5.769656,0,ok,logs/seed_455331.log
455331,comp_advantage,NHEFT+CompGate,0,0.0,1,0,0,2.7262,1.5987,4.3249,983.2167000000001,26.0095,3,3,42,448,448,0,150.17599999999996,3.9727,26,7,199,77,45,32,161.39140199999997,4.2694,12,5,150,93,61,32,5.769656,0,ok,logs/seed_455331.log
795054,baseline,NHEFT,1,0.0,0,0,0,2.7167,1.6185,4.3352,844.6649999999992,26.1394,4,2,37,429,429,0,136.2231,4.2156,28,9,195,95,45,50,97.83048142970308,3.0275,38,11,267,145,85,60,5.702753,0,ok,logs/seed_795054.log
795054,comp_advantage,NHEFT+CompGate,0,0.0,1,0,0,2.7167,1.6185,4.3352,844.6649999999992,26.1394,4,2,37,429,429,0,136.2231,4.2156,28,9,195,95,45,50,153.3510684210526,4.7457,15,8,182,108,67,41,5.702753,0,ok,logs/seed_795054.log
612732,baseline,NHEFT,1,0.0,0,0,0,2.619,1.3937,4.0127,767.2499000000028,24.5276,3,2,41,446,446,0,114.34609999999999,3.6554,25,7,205,77,42,35,84.43837847803377,2.6993,42,11,287,138,79,59,7.178161,0,ok,logs/seed_612732.log
612732,comp_advantage,NHEFT+CompGate,0,0.0,1,0,0,2.619,1.3937,4.0127,767.2499000000028,24.5276,3,2,41,446,446,0,114.34609999999999,3.6554,25,7,205,77,42,35,169.52065222090604,5.4193,23,10,220,126,78,48,7.178161,0,ok,logs/seed_612732.log
753523,baseline,NHEFT,1,0.0,0,0,0,2.4654,1.6871,4.1525,784.8042999999994,20.265,3,2,42,450,450,0,141.5131,3.6541,24,6,213,77,43,34,98.92045341672709,2.5543,38,10,264,132,87,45,6.039269,0,ok,logs/seed_753523.log
753523,comp_advantage,NHEFT+CompGate,0,0.0,1,0,0,2.4654,1.6871,4.1525,784.8042999999994,20.265,3,2,42,450,450,0,141.5131,3.6541,24,6,213,77,43,34,141.43853934403825,3.6522,12,4,192,73,45,28,6.039269,0,ok,logs/seed_753523.log
239744,baseline,NHEFT,1,0.0,0,0,0,2.5493,1.7123,4.2616,830.4634000000021,19.2953,3,2,41,470,470,0,115.66490000000002,2.6874,21,5,208,62,41,21,101.78479204704098,2.3649,35,9,263,115,76,39,8.230183,0,ok,logs/seed_239744.log
239744,comp_advantage,NHEFT+CompGate,0,0.0,1,0,0,2.5493,1.7123,4.2616,830.4634000000021,19.2953,3,2,41,470,470,0,115.66490000000002,2.6874,21,5,208,62,41,21,118.03958012584447,2.7426,25,9,243,136,77,59,8.230183,0,ok,logs/seed_239744.log
838648,baseline,NHEFT,1,0.0,0,0,0,2.6823,1.6026,4.2849,798.0274000000009,20.0886,4,2,40,455,455,0,113.8021,2.8647,29,7,224,91,45,46,90.39181052631578,2.2754,33,10,276,132,84,48,6.555659,0,ok,logs/seed_838648.log
838648,comp_advantage,NHEFT+CompGate,0,0.0,1,0,0,2.6823,1.6026,4.2849,798.0274000000009,20.0886,4,2,40,455,455,0,113.8021,2.8647,29,7,224,91,45,46,85.8151561160594,2.1602,18,5,239,91,63,28,6.555659,0,ok,logs/seed_838648.log
115403,baseline,NHEFT,1,0.0,0,0,0,2.2686,1.331,3.5996,1270.994,30.1335,4,3,39,456,456,0,152.98709999999994,3.6271,32,13,263,106,41,65,94.89734965986396,2.2499,49,11,304,155,93,62,6.815897,0,ok,logs/seed_115403.log
115403,comp_advantage,NHEFT+CompGate,0,0.0,1,0,0,2.2686,1.331,3.5996,1270.994,30.1335,4,3,39,456,456,0,152.98709999999994,3.6271,32,13,263,106,41,65,114.27602103342156,2.7093,17,5,236,88,47,41,6.815897,0,ok,logs/seed_115403.log
712189,baseline,NHEFT,1,0.0,0,0,0,2.7616,1.9485,4.7101,974.2094999999993,29.0947,3,2,42,461,461,0,144.6151,4.3189,32,7,239,94,52,42,106.36694804252022,3.1766,46,12,276,167,91,76,7.112465,0,ok,logs/seed_712189.log
712189,comp_advantage,NHEFT+CompGate,0,0.0,1,0,0,2.7616,1.9485,4.7101,974.2094999999993,29.0947,3,2,42,461,461,0,144.6151,4.3189,32,7,239,94,52,42,128.57416516693416,3.8399,17,6,213,95,64,31,7.112465,0,ok,logs/seed_712189.log
873143,baseline,NHEFT,1,0.0,0,0,0,2.4336,1.4422,3.8758,725.2828000000005,25.6838,3,2,39,454,454,0,120.1819,4.2559,25,8,195,79,45,34,89.58641100289789,3.1724,37,10,275,139,87,52,6.302417,0,ok,logs/seed_873143.log
873143,comp_advantage,NHEFT+CompGate,0,0.0,1,0,0,2.4336,1.4422,3.8758,725.2828000000005,25.6838,3,2,39,454,454,0,120.1819,4.2559,25,8,195,79,45,34,130.5768509113001,4.624,22,10,238,119,76,43,6.302417,0,ok,logs/seed_873143.log
877233,baseline,NHEFT,1,0.0,0,0,0,2.4086,1.2995,3.7081,1036.1175000000023,28.6495,5,3,43,462,462,0,152.73850000000002,4.2233,29,9,189,85,48,37,84.99854940837221,2.3503,44,12,305,153,92,61,8.800462,0,ok,logs/seed_877233.log
877233,comp_advantage,NHEFT+CompGate,0,0.0,1,0,0,2.4086,1.2995,3.7081,1036.1175000000023,28.6495,5,3,43,462,462,0,152.73850000000002,4.2233,29,9,189,85,48,37,137.99448045962737,3.8157,10,3,172,71,42,29,8.800462,0,ok,logs/seed_877233.log
663658,baseline,NHEFT,1,0.0,0,0,0,2.7186,1.9228,4.6414,1007.3006000000037,26.5222,3,2,42,467,467,0,137.2409,3.6136,26,6,223,75,44,31,102.29920007154034,2.6935,42,13,272,162,82,80,5.56966,0,ok,logs/seed_663658.log
663658,comp_advantage,NHEFT+CompGate,0,0.0,1,0,0,2.7186,1.9228,4.6414,1007.3006000000037,26.5222,3,2,42,467,467,0,137.2409,3.6136,26,6,223,75,44,31,139.71317714204156,3.6786,18,5,223,107,72,35,5.56966,0,ok,logs/seed_663658.log
656054,baseline,NHEFT,1,0.0,0,0,0,2.4343,1.2179,3.6522,1011.1989000000015,28.814,4,3,44,493,493,0,139.62700000000004,3.9787,29,8,233,100,48,52,82.24147671995128,2.3435,43,10,317,144,87,57,6.716904,0,ok,logs/seed_656054.log
656054,comp_advantage,NHEFT+CompGate,0,0.0,1,0,0,2.4343,1.2179,3.6522,1011.1989000000015,28.814,4,3,44,493,493,0,139.62700000000004,3.9787,29,8,233,100,48,52,637.2911753908874,18.1595,1,1,22,22,22,0,6.716904,0,ok,logs/seed_656054.log
464471,baseline,NHEFT,1,0.0,0,0,0,2.5576,1.7348,4.2924,970.5170000000006,27.345,3,2,27,441,441,0,128.49609999999998,3.6205,26,6,204,77,51,26,94.19951405876209,2.6541,48,11,296,157,89,68,6.953744,0,ok,logs/seed_464471.log
464471,comp_advantage,NHEFT+CompGate,0,0.0,1,0,0,2.5576,1.7348,4.2924,970.5170000000006,27.345,3,2,27,441,441,0,128.49609999999998,3.6205,26,6,204,77,51,26,86.94562486792452,2.4498,18,6,225,100,65,35,6.953744,0,ok,logs/seed_464471.log
586510,baseline,NHEFT,1,0.0,0,0,0,2.5169,1.7563,4.2732,658.1447999999989,20.3121,3,2,42,452,452,0,122.38779999999994,3.7772,27,8,200,95,45,50,79.58836777802549,2.4563,39,8,300,134,80,54,6.651869,0,ok,logs/seed_586510.log
586510,comp_advantage,NHEFT+CompGate,0,0.0,1,0,0,2.5169,1.7563,4.2732,658.1447999999989,20.3121,3,2,42,452,452,0,122.38779999999994,3.7772,27,8,200,95,45,50,173.45905639884398,5.3534,6,2,94,41,29,12,6.651869,0,ok,logs/seed_586510.log
50264,baseline,NHEFT,1,0.0,0,0,0,2.5307,1.612,4.1427,880.2530000000002,25.4663,4,2,43,438,438,0,123.8994,3.5845,24,7,193,67,43,24,85.54451194112916,2.4749,43,12,286,158,85,73,6.617802,0,ok,logs/seed_50264.log
50264,comp_advantage,NHEFT+CompGate,0,0.0,1,0,0,2.5307,1.612,4.1427,880.2530000000002,25.4663,4,2,43,438,438,0,123.8994,3.5845,24,7,193,67,43,24,93.53703808771934,2.7061,23,8,250,118,71,47,6.617802,0,ok,logs/seed_50264.log
719048,baseline,NHEFT,1,0.0,0,0,0,2.7264,1.9059,4.6323,877.1275999999999,23.6644,4,2,35,473,473,0,128.08599999999998,3.4557,31,10,233,93,47,46,95.07636341131273,2.5651,49,14,315,166,89,77,8.312537,0,ok,logs/seed_719048.log
719048,comp_advantage,NHEFT+CompGate,0,0.0,1,0,0,2.7264,1.9059,4.6323,877.1275999999999,23.6644,4,2,35,473,473,0,128.08599999999998,3.4557,31,10,233,93,47,46,83.98415863258788,2.2658,32,11,280,148,89,59,8.312537,0,ok,logs/seed_719048.log
677021,baseline,NHEFT,1,0.0,0,0,0,2.4998,1.7639,4.2637,947.7630999999998,26.2453,4,2,30,460,460,0,129.219,3.5783,24,7,193,82,42,40,89.51073303883493,2.4787,41,11,297,154,84,70,7.202042,0,ok,logs/seed_677021.log
677021,comp_advantage,NHEFT+CompGate,0,0.0,1,0,0,2.4998,1.7639,4.2637,947.7630999999998,26.2453,4,2,30,460,460,0,129.219,3.5783,24,7,193,82,42,40,91.73486029588148,2.5403,20,8,243,110,73,37,7.202042,0,ok,logs/seed_677021.log
861718,baseline,NHEFT,1,0.0,0,0,0,2.84,1.8858,4.7258,860.2365000000002,29.0898,3,2,42,452,452,0,143.50170000000003,4.8527,22,8,194,75,46,29,93.47403399810067,3.1609,39,12,266,138,85,53,6.912972,0,ok,logs/seed_861718.log
861718,comp_advantage,NHEFT+CompGate,0,0.0,1,0,0,2.84,1.8858,4.7258,860.2365000000002,29.0898,3,2,42,452,452,0,143.50170000000003,4.8527,22,8,194,75,46,29,129.18574702170764,4.3685,11,3,150,48,32,16,6.912972,0,ok,logs/seed_861718.log
495401,baseline,NHEFT,1,0.0,0,0,0,2.5585,1.3577,3.9162,697.4977000000017,20.6583,4,2,43,461,461,0,117.41259999999997,3.4775,27,6,217,70,40,30,80.3773496821192,2.3806,50,13,300,173,96,77,7.534762,0,ok,logs/seed_495401.log
495401,comp_advantage,NHEFT+CompGate,0,0.0,1,0,0,2.5585,1.3577,3.9162,697.4977000000017,20.6583,4,2,43,461,461,0,117.41259999999997,3.4775,27,6,217,70,40,30,172.66293994944508,5.1139,5,2,98,48,35,13,7.534762,0,ok,logs/seed_495401.log
209510,baseline,NHEFT,1,0.0,0,0,0,2.5711,1.5292,4.1003,925.9813000000015,21.6613,4,2,36,454,454,0,137.0601,3.2062,35,9,224,107,45,62,91.0942853754565,2.131,42,10,285,149,94,55,5.516263,0,ok,logs/seed_209510.log
209510,comp_advantage,NHEFT+CompGate,0,0.0,1,0,0,2.5711,1.5292,4.1003,925.9813000000015,21.6613,4,2,36,454,454,0,137.0601,3.2062,35,9,224,107,45,62,133.0805706496018,3.1131,10,2,169,38,29,9,5.516263,0,ok,logs/seed_209510.log
743312,baseline,NHEFT,1,0.0,0,0,0,2.6844,1.839,4.5234,985.4881999999973,32.07,4,2,35,435,435,0,136.70539999999997,4.4487,27,7,203,72,41,31,90.75014045320196,2.9532,37,10,271,111,68,43,6.747264,0,ok,logs/seed_743312.log
743312,comp_advantage,NHEFT+CompGate,0,0.0,1,0,0,2.6844,1.839,4.5234,985.4881999999973,32.07,4,2,35,435,435,0,136.70539999999997,4.4487,27,7,203,72,41,31,108.66329903448275,3.5361,18,4,219,70,49,21,6.747264,0,ok,logs/seed_743312.log
212694,baseline,NHEFT,1,0.0,0,0,0,2.4159,1.6914,4.1073,820.1546999999993,27.283,3,2,37,463,463,0,126.4155,4.2053,30,7,212,93,49,44,94.63247905596559,3.148,45,13,298,152,89,63,7.099595,0,ok,logs/seed_212694.log
212694,comp_advantage,NHEFT+CompGate,0,0.0,1,0,0,2.4159,1.6914,4.1073,820.1546999999993,27.283,3,2,37,463,463,0,126.4155,4.2053,30,7,212,93,49,44,100.80058308753875,3.3532,21,6,233,98,79,19,7.099595,0,ok,logs/seed_212694.log
224701,baseline,NHEFT,1,0.0,0,0,0,2.488,1.5066,3.9946,943.6480000000003,21.6819,5,3,58,436,436,0,158.5175,3.6422,29,11,240,94,44,50,103.1783378600583,2.3707,45,11,280,147,86,61,6.334918,0,ok,logs/seed_224701.log
224701,comp_advantage,NHEFT+CompGate,0,0.0,1,0,0,2.488,1.5066,3.9946,943.6480000000003,21.6819,5,3,58,436,436,0,158.5175,3.6422,29,11,240,94,44,50,140.81640620699707,3.2355,15,5,203,95,55,40,6.334918,0,ok,logs/seed_224701.log
861434,baseline,NHEFT,1,0.0,0,0,0,2.6325,1.7333,4.3658,941.2750999999987,26.3148,4,2,31,452,452,0,139.21270000000004,3.8919,23,6,180,82,45,37,94.7181303785311,2.648,35,11,281,146,83,63,7.807763,0,ok,logs/seed_861434.log
861434,comp_advantage,NHEFT+CompGate,0,0.0,1,0,0,2.6325,1.7333,4.3658,941.2750999999987,26.3148,4,2,31,452,452,0,139.21270000000004,3.8919,23,6,180,82,45,37,131.49759304703161,3.6762,11,4,183,84,65,19,7.807763,0,ok,logs/seed_861434.log
844102,baseline,NHEFT,1,0.0,0,0,0,2.3451,1.5406,3.8857,1012.1306999999988,22.9667,4,2,30,453,453,0,150.02370000000008,3.4043,29,11,204,100,47,53,93.72841854495559,2.1268,35,9,272,134,80,54,6.841003,0,ok,logs/seed_844102.log
844102,comp_advantage,NHEFT+CompGate,0,0.0,1,0,0,2.3451,1.5406,3.8857,1012.1306999999988,22.9667,4,2,30,453,453,0,150.02370000000008,3.4043,29,11,204,100,47,53,154.1799213004926,3.4986,10,3,160,62,54,8,6.841003,0,ok,logs/seed_844102.log
722064,baseline,NHEFT,1,0.0,0,0,0,2.3825,1.5221,3.9046,869.5395999999988,26.5305,4,2,29,428,428,0,124.4315,3.7965,24,8,178,75,45,30,82.7125110788751,2.5236,39,11,257,114,76,38,8.752337,0,ok,logs/seed_722064.log
722064,comp_advantage,NHEFT+CompGate,0,0.0,1,0,0,2.3825,1.5221,3.9046,869.5395999999988,26.5305,4,2,29,428,428,0,124.4315,3.7965,24,8,178,75,45,30,98.63636541688066,3.0095,21,7,240,114,69,45,8.752337,0,ok,logs/seed_722064.log
549862,baseline,NHEFT,1,0.0,0,0,0,2.8054,1.5572,4.3626,1168.6186999999993,32.3504,2,2,22,441,441,0,144.5331,4.001,24,8,180,85,43,42,74.41467873272246,2.06,37,10,273,135,75,60,6.860864,0,ok,logs/seed_549862.log
549862,comp_advantage,NHEFT+CompGate,0,0.0,1,0,0,2.8054,1.5572,4.3626,1168.6186999999993,32.3504,2,2,22,441,441,0,144.5331,4.001,24,8,180,85,43,42,105.39674591834569,2.9177,13,4,180,86,58,28,6.860864,0,ok,logs/seed_549862.log
2010,baseline,NHEFT,1,0.0,0,0,0,2.6787,1.3636,4.0423,980.4043000000013,23.6591,3,2,30,475,475,0,143.18919999999997,3.4554,24,8,204,89,50,39,80.11715616186639,1.9334,34,11,283,139,79,60,7.746888,0,ok,logs/seed_2010.log
2010,comp_advantage,NHEFT+CompGate,0,0.0,1,0,0,2.6787,1.3636,4.0423,980.4043000000013,23.6591,3,2,30,475,475,0,143.18919999999997,3.4554,24,8,204,89,50,39,106.77223098157698,2.5766,20,6,223,109,69,40,7.746888,0,ok,logs/seed_2010.log
796027,baseline,NHEFT,1,0.0,0,0,0,2.4986,1.3967,3.8953,682.3239000000021,18.3621,3,2,42,438,438,0,127.69189999999996,3.4363,26,7,218,77,46,31,90.74859328716886,2.4421,38,10,275,153,97,56,6.308146,0,ok,logs/seed_796027.log
796027,comp_advantage,NHEFT+CompGate,0,0.0,1,0,0,2.4986,1.3967,3.8953,682.3239000000021,18.3621,3,2,42,438,438,0,127.69189999999996,3.4363,26,7,218,77,46,31,127.63141541642057,3.4347,17,5,191,112,70,42,6.308146,0,ok,logs/seed_796027.log
401997,baseline,NHEFT,1,0.0,0,0,0,2.2291,1.4159,3.645,731.0831000000001,19.2417,3,1,60,460,460,0,134.0178,3.5273,29,7,247,99,46,53,96.18214816687738,2.5315,40,11,296,156,104,52,7.496352,0,ok,logs/seed_401997.log
401997,comp_advantage,NHEFT+CompGate,0,0.0,1,0,0,2.2291,1.4159,3.645,731.0831000000001,19.2417,3,1,60,460,460,0,134.0178,3.5273,29,7,247,99,46,53,129.90057716262976,3.4189,11,4,192,86,69,17,7.496352,0,ok,logs/seed_401997.log
35721,baseline,NHEFT,1,0.0,0,0,0,2.9677,1.6098,4.5775,740.4312000000002,20.6853,5,2,46,435,435,0,149.7703,4.1841,32,11,230,121,51,70,90.03787703833865,2.5154,41,12,266,156,84,72,6.261349,0,ok,logs/seed_35721.log
35721,comp_advantage,NHEFT+CompGate,0,0.0,1,0,0,2.9677,1.6098,4.5775,740.4312000000002,20.6853,5,2,46,435,435,0,149.7703,4.1841,32,11,230,121,51,70,152.4611945467888,4.2593,12,3,180,70,27,43,6.261349,0,ok,logs/seed_35721.log
724068,baseline,NHEFT,1,0.0,0,0,0,2.5887,1.7024,4.2911,725.8619000000017,18.2265,3,2,42,503,503,0,135.18840000000003,3.3946,29,10,204,100,46,54,94.14687066492829,2.364,34,8,296,152,89,63,6.993882,0,ok,logs/seed_724068.log
724068,comp_advantage,NHEFT+CompGate,0,0.0,1,0,0,2.5887,1.7024,4.2911,725.8619000000017,18.2265,3,2,42,503,503,0,135.18840000000003,3.3946,29,10,204,100,46,54,167.38115031506848,4.203,7,3,134,67,57,10,6.993882,0,ok,logs/seed_724068.log
800182,baseline,NHEFT,1,0.0,0,0,0,2.2959,1.5872,3.8831,1021.4224999999999,26.8635,4,3,45,456,456,0,149.6715,3.9364,30,10,232,97,46,51,103.27802850539291,2.7162,43,9,287,155,83,72,7.373785,0,ok,logs/seed_800182.log
800182,comp_advantage,NHEFT+CompGate,0,0.0,1,0,0,2.2959,1.5872,3.8831,1021.4224999999999,26.8635,4,3,45,456,456,0,149.6715,3.9364,30,10,232,97,46,51,153.49966139805818,4.0371,11,4,170,78,46,32,7.373785,0,ok,logs/seed_800182.log
937614,baseline,NHEFT,1,0.0,0,0,0,2.2606,1.6853,3.9459,810.5458000000029,21.4042,4,2,43,459,459,0,141.6916,3.7417,27,8,193,88,44,44,100.15131498809406,2.6447,35,11,275,130,80,50,6.562992,0,ok,logs/seed_937614.log
937614,comp_advantage,NHEFT+CompGate,0,0.0,1,0,0,2.2606,1.6853,3.9459,810.5458000000029,21.4042,4,2,43,459,459,0,141.6916,3.7417,27,8,193,88,44,44,115.82622176124568,3.0586,19,8,210,123,81,42,6.562992,0,ok,logs/seed_937614.log
722394,baseline,NHEFT,1,0.0,0,0,0,2.4185,1.8864,4.3049,749.4056000000013,19.8225,3,2,42,455,455,0,132.92350000000002,3.5159,22,6,183,77,47,30,113.34310194552532,2.998,38,11,296,154,88,66,6.075951,0,ok,logs/seed_722394.log
722394,comp_advantage,NHEFT+CompGate,0,0.0,1,0,0,2.4185,1.8864,4.3049,749.4056000000013,19.8225,3,2,42,455,455,0,132.92350000000002,3.5159,22,6,183,77,47,30,110.26037662357413,2.9165,18,7,235,101,77,24,6.075951,0,ok,logs/seed_722394.log
509760,baseline,NHEFT,1,0.0,0,0,0,2.5192,1.6196,4.1388,927.8502999999997,21.979,3,2,39,479,479,0,150.7239,3.5704,33,10,208,105,48,57,104.50550801754385,2.4755,34,9,268,130,87,43,7.324226,0,ok,logs/seed_509760.log
509760,comp_advantage,NHEFT+CompGate,0,0.0,1,0,0,2.5192,1.6196,4.1388,927.8502999999997,21.979,3,2,39,479,479,0,150.7239,3.5704,33,10,208,105,48,57,142.00780366081872,3.3639,10,4,170,83,61,22,7.324226,0,ok,logs/seed_509760.log
70327,baseline,NHEFT,1,0.0,0,0,0,2.4136,1.454,3.8676,1053.5846999999974,24.1863,4,2,39,453,453,0,150.7982,3.4618,26,8,201,100,44,56,96.33590546927374,2.2115,42,10,294,143,76,67,5.747366,0,ok,logs/seed_70327.log
70327,comp_advantage,NHEFT+CompGate,0,0.0,1,0,0,2.4136,1.454,3.8676,1053.5846999999974,24.1863,4,2,39,453,453,0,150.7982,3.4618,26,8,201,100,44,56,666.0839886256983,15.2908,1,1,22,20,20,0,5.747366,0,ok,logs/seed_70327.log
750147,baseline,NHEFT,1,0.0,0,0,0,3.1054,1.8417,4.9471,833.0771999999986,20.0577,4,2,43,457,457,0,140.2948,3.3778,17,5,184,73,44,29,85.77420928402366,2.0652,40,10,287,142,93,49,6.409481,0,ok,logs/seed_750147.log
750147,comp_advantage,NHEFT+CompGate,0,0.0,1,0,0,3.1054,1.8417,4.9471,833.0771999999986,20.0577,4,2,43,457,457,0,140.2948,3.3778,17,5,184,73,44,29,141.16783572781068,3.3988,10,3,146,66,42,24,6.409481,0,ok,logs/seed_750147.log
460446,baseline,NHEFT,1,0.0,0,0,0,2.6447,1.8158,4.4605,837.9049000000026,16.2955,3,2,42,481,481,0,182.27049999999997,3.5448,21,6,180,90,49,41,105.59173186951898,2.0535,43,12,298,154,87,67,6.788535,0,ok,logs/seed_460446.log
460446,comp_advantage,NHEFT+CompGate,0,0.0,1,0,0,2.6447,1.8158,4.4605,837.9049000000026,16.2955,3,2,42,481,481,0,182.27049999999997,3.5448,21,6,180,90,49,41,112.95127589667896,2.1967,22,9,245,132,72,60,6.788535,0,ok,logs/seed_460446.log
748846,baseline,NHEFT,1,0.0,0,0,0,2.4294,1.7319,4.1613,749.6883999999989,23.9467,3,2,42,456,456,0,146.00619999999995,4.6638,23,6,188,81,47,34,103.48902562311558,3.3057,38,10,283,144,92,52,6.055691,0,ok,logs/seed_748846.log
748846,comp_advantage,NHEFT+CompGate,0,0.0,1,0,0,2.4294,1.7319,4.1613,749.6883999999989,23.9467,3,2,42,456,456,0,146.00619999999995,4.6638,23,6,188,81,47,34,130.17457906837606,4.1581,22,7,213,104,74,30,6.055691,0,ok,logs/seed_748846.log
610796,baseline,NHEFT,1,0.0,0,0,0,2.4639,1.6514,4.1153,966.4688000000007,20.2919,4,2,53,485,485,0,149.7823,3.1448,32,9,232,94,46,48,109.84464763536775,2.3063,43,10,293,154,91,63,9.688148,0,ok,logs/seed_610796.log
610796,comp_advantage,NHEFT+CompGate,0,0.0,1,0,0,2.4639,1.6514,4.1153,966.4688000000007,20.2919,4,2,53,485,485,0,149.7823,3.1448,32,9,232,94,46,48,120.34548825986127,2.5268,25,10,248,156,76,80,9.688148,0,ok,logs/seed_610796.log
372755,baseline,NHEFT,1,0.0,0,0,0,2.7489,1.7508,4.4997,702.2057999999989,21.8502,4,2,47,452,452,0,121.34150000000001,3.7757,26,8,226,85,46,39,98.38855917451349,3.0615,49,13,308,163,93,70,8.753949,0,ok,logs/seed_372755.log
372755,comp_advantage,NHEFT+CompGate,0,0.0,1,0,0,2.7489,1.7508,4.4997,702.2057999999989,21.8502,4,2,47,452,452,0,121.34150000000001,3.7757,26,8,226,85,46,39,181.49020959259258,5.6474,6,2,118,45,28,17,8.753949,0,ok,logs/seed_372755.log
324404,baseline,NHEFT,1,0.0,0,0,0,2.5359,1.4605,3.9964,874.3793999999988,29.1907,4,2,44,443,443,0,165.57280000000003,5.5276,26,9,179,87,46,41,90.6122847751196,3.025,37,10,271,141,82,59,7.361195,0,ok,logs/seed_324404.log
324404,comp_advantage,NHEFT+CompGate,0,0.0,1,0,0,2.5359,1.4605,3.9964,874.3793999999988,29.1907,4,2,44,443,443,0,165.57280000000003,5.5276,26,9,179,87,46,41,120.90476515603923,4.0363,13,4,178,81,60,21,7.361195,0,ok,logs/seed_324404.log
138451,baseline,NHEFT,1,0.0,0,0,0,2.5686,1.7616,4.3302,832.5638999999978,18.1378,4,2,43,445,445,0,130.02020000000002,2.8325,28,8,218,100,47,53,92.98112685688001,2.0256,47,13,303,163,91,72,7.609458,0,ok,logs/seed_138451.log
138451,comp_advantage,NHEFT+CompGate,0,0.0,1,0,0,2.5686,1.7616,4.3302,832.5638999999978,18.1378,4,2,43,445,445,0,130.02020000000002,2.8325,28,8,218,100,47,53,151.76823114421123,3.3063,8,3,151,76,57,19,7.609458,0,ok,logs/seed_138451.log
117059,baseline,NHEFT,1,0.0,0,0,0,2.6149,1.6937,4.3086,1019.554999999999,31.8616,3,2,30,461,461,0,142.3281,4.4478,24,8,189,92,48,44,87.75339542947981,2.7423,43,11,285,165,95,70,7.467715,0,ok,logs/seed_117059.log
117059,comp_advantage,NHEFT+CompGate,0,0.0,1,0,0,2.6149,1.6937,4.3086,1019.554999999999,31.8616,3,2,30,461,461,0,142.3281,4.4478,24,8,189,92,48,44,96.27218571428571,3.0086,26,9,241,138,81,57,7.467715,0,ok,logs/seed_117059.log
976782,baseline,NHEFT,1,0.0,0,0,0,2.4649,1.574,4.0389,800.5722000000003,17.9259,3,2,40,456,456,0,130.3047,2.9177,21,6,200,74,43,31,91.10970041397137,2.0401,51,11,297,166,89,77,6.95079,0,ok,logs/seed_976782.log
976782,comp_advantage,NHEFT+CompGate,0,0.0,1,0,0,2.4649,1.574,4.0389,800.5722000000003,17.9259,3,2,40,456,456,0,130.3047,2.9177,21,6,200,74,43,31,110.11356541890937,2.4656,20,7,240,124,84,40,6.95079,0,ok,logs/seed_976782.log
574644,baseline,NHEFT,1,0.0,0,0,0,2.8267,1.8524,4.6791,1009.7664000000009,20.2651,5,3,30,449,449,0,152.4736,3.06,35,10,202,103,45,58,87.85648540780909,1.7632,37,11,281,134,87,47,6.638986,0,ok,logs/seed_574644.log
574644,comp_advantage,NHEFT+CompGate,0,0.0,1,0,0,2.8267,1.8524,4.6791,1009.7664000000009,20.2651,5,3,30,449,449,0,152.4736,3.06,35,10,202,103,45,58,122.64666520076477,2.4614,19,6,206,107,77,30,6.638986,0,ok,logs/seed_574644.log
435308,baseline,NHEFT,1,0.0,0,0,0,2.7911,1.6124,4.4035,797.2578000000011,18.4528,4,2,43,456,456,0,131.61900000000003,3.0464,42,12,252,128,45,83,93.92065894909688,2.1738,42,11,305,160,96,64,6.503984,0,ok,logs/seed_435308.log
435308,comp_advantage,NHEFT+CompGate,0,0.0,1,0,0,2.7911,1.6124,4.4035,797.2578000000011,18.4528,4,2,43,456,456,0,131.61900000000003,3.0464,42,12,252,128,45,83,140.11575469647696,3.243,14,5,181,94,68,26,6.503984,0,ok,logs/seed_435308.log
635612,baseline,NHEFT,1,0.0,0,0,0,2.4236,1.4191,3.8427,857.7479999999993,21.329,3,2,40,455,455,0,127.8587,3.1794,30,7,211,92,52,40,86.27692569659442,2.1454,47,13,291,158,97,61,6.392701,0,ok,logs/seed_635612.log
635612,comp_advantage,NHEFT+CompGate,0,0.0,1,0,0,2.4236,1.4191,3.8427,857.7479999999993,21.329,3,2,40,455,455,0,127.8587,3.1794,30,7,211,92,52,40,154.6804146163216,3.8463,8,3,135,70,58,12,6.392701,0,ok,logs/seed_635612.log
289817,baseline,NHEFT,1,0.0,0,0,0,2.387,1.5188,3.9058,965.1668000000022,28.1573,4,3,44,455,455,0,156.91750000000002,4.5778,27,9,188,84,45,39,97.34212050885542,2.8398,50,11,305,152,86,66,7.781298,0,ok,logs/seed_289817.log
289817,comp_advantage,NHEFT+CompGate,0,0.0,1,0,0,2.387,1.5188,3.9058,965.1668000000022,28.1573,4,3,44,455,455,0,156.91750000000002,4.5778,27,9,188,84,45,39,110.45087953890493,3.2222,27,10,256,155,95,60,7.781298,0,ok,logs/seed_289817.log
639065,baseline,NHEFT,1,0.0,0,0,0,2.8973,1.7799,4.6772,878.6351999999985,22.335,3,2,39,469,469,0,117.7974,2.9944,25,9,214,83,44,39,112.1613136312491,2.8512,45,13,290,162,86,76,7.560755,0,ok,logs/seed_639065.log
639065,comp_advantage,NHEFT+CompGate,0,0.0,1,0,0,2.8973,1.7799,4.6772,878.6351999999985,22.335,3,2,39,469,469,0,117.7974,2.9944,25,9,214,83,44,39,101.13651632653064,2.5709,21,9,239,120,75,45,7.560755,0,ok,logs/seed_639065.log
650943,baseline,NHEFT,1,0.0,0,0,0,2.5635,1.392,3.9555,914.8148999999992,23.6923,4,2,37,495,495,0,129.30909999999997,3.3489,22,9,205,80,45,35,79.00233315324613,2.046,44,11,306,154,87,67,7.889796,0,ok,logs/seed_650943.log
650943,comp_advantage,NHEFT+CompGate,0,0.0,1,0,0,2.5635,1.392,3.9555,914.8148999999992,23.6923,4,2,37,495,495,0,129.30909999999997,3.3489,22,9,205,80,45,35,125.02193092249752,3.2379,14,4,211,83,64,19,7.889796,0,ok,logs/seed_650943.log
110055,baseline,NHEFT,1,0.0,0,0,0,2.206,1.279,3.485,982.0003000000007,25.5267,4,2,44,492,492,0,143.9749,3.7426,32,7,226,112,50,62,105.12510960417055,2.7327,53,14,344,175,93,82,7.283924,0,ok,logs/seed_110055.log
110055,comp_advantage,NHEFT+CompGate,0,0.0,1,0,0,2.206,1.279,3.485,982.0003000000007,25.5267,4,2,44,492,492,0,143.9749,3.7426,32,7,226,112,50,62,103.74070141041854,2.6967,18,5,238,89,65,24,7.283924,0,ok,logs/seed_110055.log
117791,baseline,NHEFT,1,0.0,0,0,0,2.7492,1.6388,4.388,886.2063000000022,24.597,3,2,39,443,443,0,149.6444,4.1534,28,7,200,82,47,35,81.35332403100774,2.258,38,9,279,134,87,47,5.936638,0,ok,logs/seed_117791.log
117791,comp_advantage,NHEFT+CompGate,0,0.0,1,0,0,2.7492,1.6388,4.388,886.2063000000022,24.597,3,2,39,443,443,0,149.6444,4.1534,28,7,200,82,47,35,229.78560644961246,6.3778,5,2,101,40,29,11,5.936638,0,ok,logs/seed_117791.log
124685,baseline,NHEFT,1,0.0,0,0,0,2.4337,1.4943,3.928,849.6330000000004,21.6375,5,3,63,456,456,0,132.65400000000002,3.3783,33,8,249,95,51,44,99.24808497346459,2.5275,50,13,304,152,91,61,7.518827,0,ok,logs/seed_124685.log
124685,comp_advantage,NHEFT+CompGate,0,0.0,1,0,0,2.4337,1.4943,3.928,849.6330000000004,21.6375,5,3,63,456,456,0,132.65400000000002,3.3783,33,8,249,95,51,44,144.24309678335496,3.6734,24,6,216,119,76,43,7.518827,0,ok,logs/seed_124685.log
997328,baseline,NHEFT,1,0.0,0,0,0,2.3602,1.4613,3.8215,1022.5885999999996,29.4429,3,2,42,472,472,0,145.16060000000002,4.1795,36,9,253,116,48,68,93.55362813067153,2.6936,41,10,285,153,93,60,7.0077,0,ok,logs/seed_997328.log
997328,comp_advantage,NHEFT+CompGate,0,0.0,1,0,0,2.3602,1.4613,3.8215,1022.5885999999996,29.4429,3,2,42,472,472,0,145.16060000000002,4.1795,36,9,253,116,48,68,112.02648871269326,3.2255,15,4,226,69,39,30,7.0077,0,ok,logs/seed_997328.log
655714,baseline,NHEFT,1,0.0,0,0,0,2.7142,1.7669,4.4811,871.9889999999994,24.6307,3,2,42,466,466,0,136.57269999999997,3.8577,33,9,226,109,46,63,105.63188888350763,2.9837,41,9,283,142,79,63,5.352852,0,ok,logs/seed_655714.log
655714,comp_advantage,NHEFT+CompGate,0,0.0,1,0,0,2.7142,1.7669,4.4811,871.9889999999994,24.6307,3,2,42,466,466,0,136.57269999999997,3.8577,33,9,226,109,46,63,570.745226314587,16.1216,1,1,22,20,20,0,5.352852,0,ok,logs/seed_655714.log
512136,baseline,NHEFT,1,0.0,0,0,0,2.5747,1.471,4.0457,794.6196,20.5078,4,2,44,457,457,0,150.56940000000006,3.886,23,8,209,94,46,48,101.79534493455228,2.6272,34,10,271,142,96,46,5.670535,0,ok,logs/seed_512136.log
512136,comp_advantage,NHEFT+CompGate,0,0.0,1,0,0,2.5747,1.471,4.0457,794.6196,20.5078,4,2,44,457,457,0,150.56940000000006,3.886,23,8,209,94,46,48,117.21353120937842,3.0251,13,4,193,84,60,24,5.670535,0,ok,logs/seed_512136.log
695034,baseline,NHEFT,1,0.0,0,0,0,2.4923,1.5387,4.031,1025.9822000000008,24.1918,2,2,22,469,469,0,127.36470000000001,3.0032,25,7,196,68,43,25,91.55917092412218,2.1589,37,11,256,110,70,40,6.372487,0,ok,logs/seed_695034.log
695034,comp_advantage,NHEFT+CompGate,0,0.0,1,0,0,2.4923,1.5387,4.031,1025.9822000000008,24.1918,2,2,22,469,469,0,127.36470000000001,3.0032,25,7,196,68,43,25,104.11569758889668,2.455,14,5,202,83,57,26,6.372487,0,ok,logs/seed_695034.log
539246,baseline,NHEFT,1,0.0,0,0,0,2.2634,1.7508,4.0142,1023.1556000000002,28.6148,3,2,42,438,438,0,214.3275,5.9941,23,7,192,87,43,44,116.70038784530388,3.2638,36,10,257,133,78,55,6.391587,0,ok,logs/seed_539246.log
539246,comp_advantage,NHEFT+CompGate,0,0.0,1,0,0,2.2634,1.7508,4.0142,1023.1556000000002,28.6148,3,2,42,438,438,0,214.3275,5.9941,23,7,192,87,43,44,138.21538887026807,3.8655,18,6,204,94,47,47,6.391587,0,ok,logs/seed_539246.log
354388,baseline,NHEFT,1,0.0,0,0,0,2.6456,1.562,4.2076,869.8228999999974,22.3768,3,2,41,476,476,0,123.31390000000003,3.1723,26,7,242,92,49,43,96.2759968173412,2.4768,36,11,294,155,86,69,6.292909,0,ok,logs/seed_354388.log
354388,comp_advantage,NHEFT+CompGate,0,0.0,1,0,0,2.6456,1.562,4.2076,869.8228999999974,22.3768,3,2,41,476,476,0,123.31390000000003,3.1723,26,7,242,92,49,43,105.10140157700063,2.7038,26,10,252,147,98,49,6.292909,0,ok,logs/seed_354388.log
282392,baseline,NHEFT,1,0.0,0,0,0,2.4758,1.8037,4.2795,1059.6258999999982,30.2995,4,2,26,461,461,0,148.67549999999994,4.2513,30,8,212,80,42,38,100.9886016993007,2.8877,48,12,292,165,83,82,7.692134,0,ok,logs/seed_282392.log
282392,comp_advantage,NHEFT+CompGate,0,0.0,1,0,0,2.4758,1.8037,4.2795,1059.6258999999982,30.2995,4,2,26,461,461,0,148.67549999999994,4.2513,30,8,212,80,42,38,154.23145891199954,4.4102,18,10,206,137,83,54,7.692134,0,ok,logs/seed_282392.log
465345,baseline,NHEFT,1,0.0,0,0,0,2.6903,1.8524,4.5427,934.3922000000008,26.8355,5,4,48,452,452,0,142.13990000000004,4.0822,23,6,196,68,45,23,93.21206934183444,2.677,42,10,306,140,84,56,6.59491,0,ok,logs/seed_465345.log
465345,comp_advantage,NHEFT+CompGate,0,0.0,1,0,0,2.6903,1.8524,4.5427,934.3922000000008,26.8355,5,4,48,452,452,0,142.13990000000004,4.0822,23,6,196,68,45,23,126.88243743708608,3.644,13,4,200,68,53,15,6.59491,0,ok,logs/seed_465345.log
276209,baseline,NHEFT,1,0.0,0,0,0,2.4672,1.3732,3.8404,657.8178000000005,16.9023,4,2,43,428,428,0,113.45580000000002,2.9152,23,6,201,75,48,27,92.01262873075339,2.3642,37,10,250,128,87,41,5.69169,0,ok,logs/seed_276209.log
276209,comp_advantage,NHEFT+CompGate,0,0.0,1,0,0,2.4672,1.3732,3.8404,657.8178000000005,16.9023,4,2,43,428,428,0,113.45580000000002,2.9152,23,6,201,75,48,27,100.38286293474529,2.5793,22,10,240,129,89,40,5.69169,0,ok,logs/seed_276209.log
48268,baseline,NHEFT,1,0.0,0,0,0,2.6432,1.8324,4.4756,732.6177999999998,18.0285,3,2,42,471,471,0,111.27230000000002,2.7382,26,6,241,76,48,28,88.13118319765881,2.1688,39,11,306,154,95,59,8.420802,0,ok,logs/seed_48268.log
48268,comp_advantage,NHEFT+CompGate,0,0.0,1,0,0,2.6432,1.8324,4.4756,732.6177999999998,18.0285,3,2,42,471,471,0,111.27230000000002,2.7382,26,6,241,76,48,28,112.19982739671612,2.761,19,7,235,126,83,43,8.420802,0,ok,logs/seed_48268.log
312904,baseline,NHEFT,1,0.0,0,0,0,2.9384,1.8928,4.8312,897.4427999999998,23.1934,4,2,31,455,455,0,143.4987,3.7086,28,10,183,110,54,56,87.85316663841508,2.2705,38,10,275,141,87,54,6.71582,0,ok,logs/seed_312904.log
312904,comp_advantage,NHEFT+CompGate,0,0.0,1,0,0,2.9384,1.8928,4.8312,897.4427999999998,23.1934,4,2,31,455,455,0,143.4987,3.7086,28,10,183,110,54,56,134.253724627907,3.4696,7,3,134,65,37,28,6.71582,0,ok,logs/seed_312904.log
95163,baseline,NHEFT,1,0.0,0,0,0,2.7713,2.2006,4.9719,864.1253999999982,23.1934,3,2,33,466,466,0,117.9028,3.1645,22,7,188,71,44,27,101.50298199730567,2.7244,47,11,306,157,84,73,8.765168,0,ok,logs/seed_95163.log
95163,comp_advantage,NHEFT+CompGate,0,0.0,1,0,0,2.7713,2.2006,4.9719,864.1253999999982,23.1934,3,2,33,466,466,0,117.9028,3.1645,22,7,188,71,44,27,112.05312595467205,3.0075,22,8,244,125,81,44,8.765168,0,ok,logs/seed_95163.log
739903,baseline,NHEFT,1,0.0,0,0,0,2.5002,1.71,4.2102,609.7233000000004,17.5622,3,1,43,459,459,0,115.8947,3.3382,26,6,226,84,46,38,99.78540842911879,2.8742,45,12,279,138,85,53,5.303821,0,ok,logs/seed_739903.log
739903,comp_advantage,NHEFT+CompGate,0,0.0,1,0,0,2.5002,1.71,4.2102,609.7233000000004,17.5622,3,1,43,459,459,0,115.8947,3.3382,26,6,226,84,46,38,179.494703,5.1701,5,2,100,47,34,13,5.303821,0,ok,logs/seed_739903.log
527611,baseline,NHEFT,1,0.0,0,0,0,2.3571,1.3773,3.7344,792.5311999999991,22.3074,4,2,43,446,446,0,130.1813,3.6642,30,12,233,108,46,62,105.49876047745357,2.9695,46,12,280,154,90,64,7.93289,0,ok,logs/seed_527611.log
527611,comp_advantage,NHEFT+CompGate,0,0.0,1,0,0,2.3571,1.3773,3.7344,792.5311999999991,22.3074,4,2,43,446,446,0,130.1813,3.6642,30,12,233,108,46,62,116.71840702122014,3.2853,15,3,206,62,33,29,7.93289,0,ok,logs/seed_527611.log
591781,baseline,NHEFT,1,0.0,0,0,0,2.748,1.6729,4.4209,882.3126999999979,21.6259,4,2,38,496,496,0,120.9418,2.9643,28,8,231,93,50,43,76.0302850321284,1.8635,37,10,297,131,82,49,7.23419,0,ok,logs/seed_591781.log
591781,comp_advantage,NHEFT+CompGate,0,0.0,1,0,0,2.748,1.6729,4.4209,882.3126999999979,21.6259,4,2,38,496,496,0,120.9418,2.9643,28,8,231,93,50,43,81.03118929851706,1.9861,21,5,248,78,52,26,7.23419,0,ok,logs/seed_591781.log
10602,baseline,NHEFT,1,0.0,0,0,0,2.5632,1.6891,4.2523,939.1809000000021,29.5579,2,2,22,459,459,0,110.03890000000001,3.4631,31,8,198,74,46,28,83.62293306459055,2.6318,38,10,284,117,74,43,7.083547,0,ok,logs/seed_10602.log
10602,comp_advantage,NHEFT+CompGate,0,0.0,1,0,0,2.5632,1.6891,4.2523,939.1809000000021,29.5579,2,2,22,459,459,0,110.03890000000001,3.4631,31,8,198,74,46,28,91.98293342176146,2.8949,25,10,226,105,73,32,7.083547,0,ok,logs/seed_10602.log
91728,baseline,NHEFT,1,0.0,0,0,0,2.909,1.4779,4.3869,882.1585999999986,23.3569,4,2,43,468,468,0,135.67799999999997,3.5923,26,8,211,89,53,36,94.29075381269577,2.4965,45,11,294,158,98,60,7.514634,0,ok,logs/seed_91728.log
91728,comp_advantage,NHEFT+CompGate,0,0.0,1,0,0,2.909,1.4779,4.3869,882.1585999999986,23.3569,4,2,43,468,468,0,135.67799999999997,3.5923,26,8,211,89,53,36,113.20915442882948,2.9974,18,6,219,125,80,45,7.514634,0,ok,logs/seed_91728.log
777150,baseline,NHEFT,1,0.0,0,0,0,2.5321,1.5421,4.0742,723.0545999999998,19.6992,4,2,43,423,423,0,103.07889999999998,2.8083,26,5,222,59,40,19,85.18460266204985,2.3208,55,14,320,164,88,76,8.042732,0,ok,logs/seed_777150.log
777150,comp_advantage,NHEFT+CompGate,0,0.0,1,0,0,2.5321,1.5421,4.0742,723.0545999999998,19.6992,4,2,43,423,423,0,103.07889999999998,2.8083,26,5,222,59,40,19,92.8348177877429,2.5292,23,9,244,132,78,54,8.042732,0,ok,logs/seed_777150.log
761499,baseline,NHEFT,1,0.0,0,0,0,2.4922,1.491,3.9832,948.1424999999994,22.7694,3,2,28,464,464,0,121.96049999999997,2.9289,22,5,184,64,42,22,92.49783551121017,2.2213,45,12,305,153,95,58,8.416144,0,ok,logs/seed_761499.log
761499,comp_advantage,NHEFT+CompGate,0,0.0,1,0,0,2.4922,1.491,3.9832,948.1424999999994,22.7694,3,2,28,464,464,0,121.96049999999997,2.9289,22,5,184,64,42,22,118.52585372413793,2.8464,18,6,230,117,86,31,8.416144,0,ok,logs/seed_761499.log
453482,baseline,NHEFT,1,0.0,0,0,0,2.6288,1.8694,4.4982,709.8242999999999,21.9992,4,2,42,444,444,0,105.548,3.2712,24,6,222,67,44,23,110.76151802067947,3.4328,31,11,268,167,97,70,4.898096,0,ok,logs/seed_453482.log
453482,comp_advantage,NHEFT+CompGate,0,0.0,1,0,0,2.6288,1.8694,4.4982,709.8242999999999,21.9992,4,2,42,444,444,0,105.548,3.2712,24,6,222,67,44,23,699.6726116515398,21.6846,1,1,22,20,20,0,4.898096,0,ok,logs/seed_453482.log
562121,baseline,NHEFT,1,0.0,0,0,0,2.4516,1.4917,3.9433,622.2384999999996,16.8402,5,2,49,430,430,0,138.1689,3.7394,35,12,238,113,52,61,87.4422093704347,2.3665,40,11,261,144,81,63,5.759842,0,ok,logs/seed_562121.log
562121,comp_advantage,NHEFT+CompGate,0,0.0,1,0,0,2.4516,1.4917,3.9433,622.2384999999996,16.8402,5,2,49,430,430,0,138.1689,3.7394,35,12,238,113,52,61,777.9682765841179,21.0549,1,1,22,20,20,0,5.759842,0,ok,logs/seed_562121.log
770979,baseline,NHEFT,1,0.0,0,0,0,2.3482,1.5597,3.9079,935.0781999999996,23.5413,5,3,28,442,442,0,115.2172,2.9007,20,6,174,61,42,19,111.2986138103161,2.802,42,11,290,162,101,61,6.125336,0,ok,logs/seed_770979.log
770979,comp_advantage,NHEFT+CompGate,0,0.0,1,0,0,2.3482,1.5597,3.9079,935.0781999999996,23.5413,5,3,28,442,442,0,115.2172,2.9007,20,6,174,61,42,19,102.72734869340978,2.5862,22,7,233,109,66,43,6.125336,0,ok,logs/seed_770979.log
703949,baseline,NHEFT,1,0.0,0,0,0,2.5003,1.7167,4.217,833.2662000000009,21.6231,4,2,26,458,458,0,119.93999999999998,3.1124,21,7,168,76,44,32,90.07653811780638,2.3375,38,12,273,143,89,54,6.186622,0,ok,logs/seed_703949.log
703949,comp_advantage,NHEFT+CompGate,0,0.0,1,0,0,2.5003,1.7167,4.217,833.2662000000009,21.6231,4,2,26,458,458,0,119.93999999999998,3.1124,21,7,168,76,44,32,105.02816912751675,2.7255,20,9,221,115,82,33,6.186622,0,ok,logs/seed_703949.log
314686,baseline,NHEFT,1,0.0,0,0,0,2.4532,1.2244,3.6776,1279.9002999999998,28.2027,3,3,37,460,460,0,146.037,3.2179,34,9,208,101,44,57,90.74494046416771,1.9996,43,11,293,144,87,57,7.660153,0,ok,logs/seed_314686.log
314686,comp_advantage,NHEFT+CompGate,0,0.0,1,0,0,2.4532,1.2244,3.6776,1279.9002999999998,28.2027,3,3,37,460,460,0,146.037,3.2179,34,9,208,101,44,57,112.06921297709921,2.4695,22,10,251,145,86,59,7.660153,0,ok,logs/seed_314686.log
475760,baseline,NHEFT,1,0.0,0,0,0,2.5611,1.8556,4.4167,1104.020400000003,31.2417,4,3,43,483,483,0,162.1045,4.5873,27,7,211,90,49,41,85.69045804416405,2.4249,45,8,312,151,83,68,7.007926,0,ok,logs/seed_475760.log
475760,comp_advantage,NHEFT+CompGate,0,0.0,1,0,0,2.5611,1.8556,4.4167,1104.020400000003,31.2417,4,3,43,483,483,0,162.1045,4.5873,27,7,211,90,49,41,632.974528463722,17.912,1,1,22,20,20,0,7.007926,0,ok,logs/seed_475760.log
595079,baseline,NHEFT,1,0.0,0,0,0,2.6929,1.6185,4.3114,907.8173000000002,27.1875,3,2,26,426,426,0,134.46300000000002,4.0269,18,6,174,81,45,36,92.3915769522113,2.767,24,8,235,128,80,48,3.768163,0,ok,logs/seed_595079.log
595079,comp_advantage,NHEFT+CompGate,0,0.0,1,0,0,2.6929,1.6185,4.3114,907.8173000000002,27.1875,3,2,26,426,426,0,134.46300000000002,4.0269,18,6,174,81,45,36,576.697241222222,17.271,1,1,22,20,20,0,3.768163,0,ok,logs/seed_595079.log
27243,baseline,NHEFT,1,0.0,0,0,0,2.4279,1.6113,4.0392,761.1207000000003,18.6836,5,3,47,449,449,0,138.49599999999998,3.3997,26,10,204,97,48,49,98.01208676245234,2.4059,35,10,274,139,86,53,7.157464,0,ok,logs/seed_27243.log
27243,comp_advantage,NHEFT+CompGate,0,0.0,1,0,0,2.4279,1.6113,4.0392,761.1207000000003,18.6836,5,3,47,449,449,0,138.49599999999998,3.3997,26,10,204,97,48,49,113.60943652494096,2.7888,22,9,234,142,80,62,7.157464,0,ok,logs/seed_27243.log
143022,baseline,NHEFT,1,0.0,0,0,0,2.6622,2.1019,4.7641,652.159200000001,14.4663,4,2,44,429,429,0,99.5592,2.2084,27,6,215,73,50,23,106.20900438067062,2.3559,39,11,269,156,91,65,7.04392,0,ok,logs/seed_143022.log
143022,comp_advantage,NHEFT+CompGate,0,0.0,1,0,0,2.6622,2.1019,4.7641,652.159200000001,14.4663,4,2,44,429,429,0,99.5592,2.2084,27,6,215,73,50,23,110.62998957711442,2.454,21,7,248,113,79,34,7.04392,0,ok,logs/seed_143022.log
958432,baseline,NHEFT,1,0.0,0,0,0,2.4541,1.4626,3.9167,800.1762000000022,17.0948,3,2,41,427,427,0,141.51459999999997,3.0233,29,8,216,94,44,50,99.17717876850352,2.1188,38,9,268,123,75,48,6.069205,0,ok,logs/seed_958432.log
958432,comp_advantage,NHEFT+CompGate,0,0.0,1,0,0,2.4541,1.4626,3.9167,800.1762000000022,17.0948,3,2,41,427,427,0,141.51459999999997,3.0233,29,8,216,94,44,50,106.18266890080429,2.2685,20,7,222,122,79,43,6.069205,0,ok,logs/seed_958432.log
799339,baseline,NHEFT,1,0.0,0,0,0,2.8043,1.8497,4.654,791.646,22.9617,3,2,34,452,452,0,128.6272,3.7308,29,9,197,83,43,40,87.98593115121477,2.552,45,10,282,147,83,64,6.694616,0,ok,logs/seed_799339.log
799339,comp_advantage,NHEFT+CompGate,0,0.0,1,0,0,2.8043,1.8497,4.654,791.646,22.9617,3,2,34,452,452,0,128.6272,3.7308,29,9,197,83,43,40,124.99100292056279,3.6254,17,7,225,122,80,42,6.694616,0,ok,logs/seed_799339.log
953842,baseline,NHEFT,1,0.0,0,0,0,2.4646,1.6085,4.0731,970.2793000000013,26.1,5,3,32,447,447,0,134.6759,3.6227,23,6,183,78,51,27,83.77260324444227,2.2534,37,11,260,143,83,60,8.623868,0,ok,logs/seed_953842.log
953842,comp_advantage,NHEFT+CompGate,0,0.0,1,0,0,2.4646,1.6085,4.0731,970.2793000000013,26.1,5,3,32,447,447,0,134.6759,3.6227,23,6,183,78,51,27,104.54063143722944,2.8121,18,6,231,99,64,35,8.623868,0,ok,logs/seed_953842.log
937400,baseline,NHEFT,1,0.0,0,0,0,2.716,1.5966,4.3126,1057.6832000000022,29.6451,2,2,39,470,470,0,128.6249,3.6051,22,7,183,73,44,29,82.46858299672668,2.3115,38,12,291,131,77,54,6.360964,0,ok,logs/seed_937400.log
937400,comp_advantage,NHEFT+CompGate,0,0.0,1,0,0,2.716,1.5966,4.3126,1057.6832000000022,29.6451,2,2,39,470,470,0,128.6249,3.6051,22,7,183,73,44,29,572.02477715712,16.0329,1,1,22,21,21,0,6.360964,0,ok,logs/seed_937400.log
919932,baseline,NHEFT,1,0.0,0,0,0,2.4827,1.7896,4.2723,832.9511000000001,24.0291,5,3,57,450,450,0,125.9061,3.6322,28,8,237,93,48,45,95.59254163329025,2.7577,37,9,291,150,89,61,6.957118,0,ok,logs/seed_919932.log
919932,comp_advantage,NHEFT+CompGate,0,0.0,1,0,0,2.4827,1.7896,4.2723,832.9511000000001,24.0291,5,3,57,450,450,0,125.9061,3.6322,28,8,237,93,48,45,185.71807354002905,5.3576,6,2,101,44,34,10,6.957118,0,ok,logs/seed_919932.log
786261,baseline,NHEFT,1,0.0,0,0,0,2.4236,2.0372,4.4608,669.2145,16.654,4,2,56,442,442,0,149.02280000000002,3.7086,29,8,229,107,49,58,123.49720500000002,3.0733,35,10,271,148,94,54,6.848583,0,ok,logs/seed_786261.log
786261,comp_advantage,NHEFT+CompGate,0,0.0,1,0,0,2.4236,2.0372,4.4608,669.2145,16.654,4,2,56,442,442,0,149.02280000000002,3.7086,29,8,229,107,49,58,231.06247495726493,5.7502,5,2,82,51,35,16,6.848583,0,ok,logs/seed_786261.log
266747,baseline,NHEFT,1,0.0,0,0,0,2.4634,1.4802,3.9436,918.1352999999981,28.915,3,2,27,450,450,0,138.25930000000002,4.3542,27,7,182,83,49,34,77.46515745080765,2.4396,38,12,292,134,74,60,8.38886,0,ok,logs/seed_266747.log
266747,comp_advantage,NHEFT+CompGate,0,0.0,1,0,0,2.4634,1.4802,3.9436,918.1352999999981,28.915,3,2,27,450,450,0,138.25930000000002,4.3542,27,7,182,83,49,34,109.31488548239423,3.4427,19,6,221,108,75,33,8.38886,0,ok,logs/seed_266747.log
394465,baseline,NHEFT,1,0.0,0,0,0,2.2595,1.6825,3.942,885.8009999999997,21.8318,3,2,42,488,488,0,127.42320000000001,3.1405,31,8,230,92,50,42,105.16831396062261,2.592,45,10,309,151,93,58,7.326493,0,ok,logs/seed_394465.log
394465,comp_advantage,NHEFT+CompGate,0,0.0,1,0,0,2.2595,1.6825,3.942,885.8009999999997,21.8318,3,2,42,488,488,0,127.42320000000001,3.1405,31,8,230,92,50,42,134.31866678297277,3.3105,11,3,175,66,46,20,7.326493,0,ok,logs/seed_394465.log
725987,baseline,NHEFT,1,0.0,0,0,0,2.3744,1.3717,3.7461,738.6961000000005,13.4713,4,2,43,488,488,0,123.74389999999998,2.2567,27,8,222,91,51,40,87.3540178371361,1.593,34,10,296,137,100,37,8.989501,0,ok,logs/seed_725987.log
725987,comp_advantage,NHEFT+CompGate,0,0.0,1,0,0,2.3744,1.3717,3.7461,738.6961000000005,13.4713,4,2,43,488,488,0,123.74389999999998,2.2567,27,8,222,91,51,40,124.2562656934306,2.266,12,4,185,84,69,15,8.989501,0,ok,logs/seed_725987.log
224478,baseline,NHEFT,1,0.0,0,0,0,2.2701,1.5988,3.8689,1202.4730999999997,24.8022,2,2,22,489,489,0,146.9948,3.0319,26,8,195,88,44,44,113.67906368279243,2.3447,36,8,275,131,82,49,7.205267,0,ok,logs/seed_224478.log
224478,comp_advantage,NHEFT+CompGate,0,0.0,1,0,0,2.2701,1.5988,3.8689,1202.4730999999997,24.8022,2,2,22,489,489,0,146.9948,3.0319,26,8,195,88,44,44,159.38575282325027,3.2875,7,2,129,44,43,1,7.205267,0,ok,logs/seed_224478.log
408636,baseline,NHEFT,1,0.0,0,0,0,2.5022,1.5651,4.0673,792.9953999999999,20.5775,3,2,42,460,460,0,123.4473,3.2033,26,8,241,86,44,42,105.71930200000001,2.7433,39,12,273,157,87,70,6.659949,0,ok,logs/seed_408636.log
408636,comp_advantage,NHEFT+CompGate,0,0.0,1,0,0,2.5022,1.5651,4.0673,792.9953999999999,20.5775,3,2,42,460,460,0,123.4473,3.2033,26,8,241,86,44,42,197.28040372954231,5.1192,8,4,132,75,52,23,6.659949,0,ok,logs/seed_408636.log
617269,baseline,NHEFT,1,0.0,0,0,0,2.8384,1.5147,4.3531,854.5228000000028,25.0855,4,2,32,453,453,0,114.16910000000001,3.3516,24,6,200,77,46,31,80.44772221212123,2.3616,41,11,284,139,84,55,6.145999,0,ok,logs/seed_617269.log
617269,comp_advantage,NHEFT+CompGate,0,0.0,1,0,0,2.8384,1.5147,4.3531,854.5228000000028,25.0855,4,2,32,453,453,0,114.16910000000001,3.3516,24,6,200,77,46,31,89.81872221212122,2.6367,29,11,253,136,87,49,6.145999,0,ok,logs/seed_617269.log
650122,baseline,NHEFT,1,0.0,0,0,0,2.5198,1.2628,3.7826,658.3724999999998,17.3922,4,2,43,433,433,0,123.8443,3.2716,32,10,216,109,54,55,82.45073648275863,2.1781,40,12,261,161,104,57,7.003889,0,ok,logs/seed_650122.log
650122,comp_advantage,NHEFT+CompGate,0,0.0,1,0,0,2.5198,1.2628,3.7826,658.3724999999998,17.3922,4,2,43,433,433,0,123.8443,3.2716,32,10,216,109,54,55,102.2462617103665,2.701,23,10,236,148,91,57,7.003889,0,ok,logs/seed_650122.log
522983,baseline,NHEFT,1,0.0,0,0,0,2.7071,2.0051,4.7122,968.950499999997,21.7638,3,2,39,486,486,0,159.3499,3.5792,25,7,191,86,49,37,99.40366703805219,2.2327,33,10,274,129,79,50,7.065552,0,ok,logs/seed_522983.log
522983,comp_advantage,NHEFT+CompGate,0,0.0,1,0,0,2.7071,2.0051,4.7122,968.950499999997,21.7638,3,2,39,486,486,0,159.3499,3.5792,25,7,191,86,49,37,134.8948432989691,3.0299,16,9,219,148,96,52,7.065552,0,ok,logs/seed_522983.log
239950,baseline,NHEFT,1,0.0,0,0,0,2.3332,1.686,4.0192,678.1445999999991,18.6736,3,2,39,437,437,0,105.1944,2.8967,25,7,204,75,43,32,82.82980178061155,2.2808,41,10,293,139,91,48,5.901651,0,ok,logs/seed_239950.log
239950,comp_advantage,NHEFT+CompGate,0,0.0,1,0,0,2.3332,1.686,4.0192,678.1445999999991,18.6736,3,2,39,437,437,0,105.1944,2.8967,25,7,204,75,43,32,112.24620556472263,3.0908,13,4,187,67,51,16,5.901651,0,ok,logs/seed_239950.log
258973,baseline,NHEFT,1,0.0,0,0,0,2.0773,1.2359,3.3132,768.9218000000009,14.4656,7,3,61,479,479,0,157.52890000000002,2.9636,33,9,249,119,55,64,99.7521938297055,1.8766,45,10,313,172,95,77,7.053304,0,ok,logs/seed_258973.log
258973,comp_advantage,NHEFT+CompGate,0,0.0,1,0,0,2.0773,1.2359,3.3132,768.9218000000009,14.4656,7,3,61,479,479,0,157.52890000000002,2.9636,33,9,249,119,55,64,133.30516672755024,2.5079,23,9,263,154,89,65,7.053304,0,ok,logs/seed_258973.log
824466,baseline,NHEFT,1,0.0,0,0,0,2.5657,1.6317,4.1974,992.5169999999993,31.227,2,2,22,441,441,0,136.71049999999997,4.3013,31,11,179,107,45,62,75.8070156628605,2.3851,35,10,270,142,80,62,5.56854,0,ok,logs/seed_824466.log
824466,comp_advantage,NHEFT+CompGate,0,0.0,1,0,0,2.5657,1.6317,4.1974,992.5169999999993,31.227,2,2,22,441,441,0,136.71049999999997,4.3013,31,11,179,107,45,62,134.42861409090906,4.2295,9,4,138,83,56,27,5.56854,0,ok,logs/seed_824466.log
682056,baseline,NHEFT,1,0.0,0,0,0,2.3251,1.8357,4.1608,737.7175000000013,14.3507,3,2,42,465,465,0,151.36909999999997,2.9446,24,5,196,83,53,30,115.40878263200308,2.245,44,10,276,141,89,52,7.740866,0,ok,logs/seed_682056.log
682056,comp_advantage,NHEFT+CompGate,0,0.0,1,0,0,2.3251,1.8357,4.1608,737.7175000000013,14.3507,3,2,42,465,465,0,151.36909999999997,2.9446,24,5,196,83,53,30,108.60470874129216,2.1127,26,10,252,143,90,53,7.740866,0,ok,logs/seed_682056.log
431617,baseline,NHEFT,1,0.0,0,0,0,2.4669,1.3752,3.8421,843.291899999999,16.1179,4,2,42,493,493,0,125.8443,2.4053,34,7,219,88,48,40,87.38671452784506,1.6702,35,10,284,125,85,40,7.470717,0,ok,logs/seed_431617.log
431617,comp_advantage,NHEFT+CompGate,0,0.0,1,0,0,2.4669,1.3752,3.8421,843.291899999999,16.1179,4,2,42,493,493,0,125.8443,2.4053,34,7,219,88,48,40,120.99183015012106,2.3125,18,5,221,88,66,22,7.470717,0,ok,logs/seed_431617.log
777731,baseline,NHEFT,1,0.0,0,0,0,2.5534,1.916,4.4694,869.424400000002,26.389,3,2,42,468,468,0,139.8499,4.2448,33,9,252,96,50,46,98.9102888324873,3.0021,41,10,295,164,95,69,6.717937,0,ok,logs/seed_777731.log
777731,comp_advantage,NHEFT+CompGate,0,0.0,1,0,0,2.5534,1.916,4.4694,869.424400000002,26.389,3,2,42,468,468,0,139.8499,4.2448,33,9,252,96,50,46,180.76832799661588,5.4867,5,2,97,44,29,15,6.717937,0,ok,logs/seed_777731.log
65523,baseline,NHEFT,1,0.0,0,0,0,2.7102,1.515,4.2252,837.4259999999983,24.6239,5,3,45,455,455,0,134.2554,3.9477,26,8,196,81,45,36,85.03042640496184,2.5003,46,11,296,140,81,59,7.074126,0,ok,logs/seed_65523.log
65523,comp_advantage,NHEFT+CompGate,0,0.0,1,0,0,2.7102,1.515,4.2252,837.4259999999983,24.6239,5,3,45,455,455,0,134.2554,3.9477,26,8,196,81,45,36,92.72047891454272,2.7264,21,5,234,95,73,22,7.074126,0,ok,logs/seed_65523.log
226267,baseline,NHEFT,1,0.0,0,0,0,2.3839,1.6303,4.0142,762.5940999999988,17.9006,3,2,42,475,475,0,106.48830000000002,2.4996,28,7,225,75,43,32,100.12514306569344,2.3503,42,11,293,149,98,51,9.75174,0,ok,logs/seed_226267.log
226267,comp_advantage,NHEFT+CompGate,0,0.0,1,0,0,2.3839,1.6303,4.0142,762.5940999999988,17.9006,3,2,42,475,475,0,106.48830000000002,2.4996,28,7,225,75,43,32,96.455282284041,2.2641,23,10,257,115,76,39,9.75174,0,ok,logs/seed_226267.log
20773,baseline,NHEFT,1,0.0,0,0,0,2.5374,1.3735,3.9109,792.6320000000006,18.9422,5,3,60,457,457,0,146.59489999999997,3.5033,24,8,216,76,49,27,95.7358666666667,2.2879,40,10,299,136,84,52,7.679046,0,ok,logs/seed_20773.log
20773,comp_advantage,NHEFT+CompGate,0,0.0,1,0,0,2.5374,1.3735,3.9109,792.6320000000006,18.9422,5,3,60,457,457,0,146.59489999999997,3.5033,24,8,216,76,49,27,101.18989966923928,2.4182,28,10,254,150,96,54,7.679046,0,ok,logs/seed_20773.log
75919,baseline,NHEFT,1,0.0,0,0,0,2.1644,1.7219,3.8863,733.1139999999987,17.4869,4,2,58,464,464,0,144.52669999999998,3.4474,36,10,271,110,51,59,103.30028898629291,2.464,51,10,310,148,83,65,6.895496,0,ok,logs/seed_75919.log
75919,comp_advantage,NHEFT+CompGate,0,0.0,1,0,0,2.1644,1.7219,3.8863,733.1139999999987,17.4869,4,2,58,464,464,0,144.52669999999998,3.4474,36,10,271,110,51,59,160.18369065853156,3.8209,7,3,136,72,47,25,6.895496,0,ok,logs/seed_75919.log
796262,baseline,NHEFT,1,0.0,0,0,0,2.3319,1.7144,4.0463,988.7798,22.8356,5,2,54,477,477,0,153.50700000000003,3.5452,34,7,230,104,58,46,105.17331187384046,2.4289,51,12,336,162,92,70,7.601419,0,ok,logs/seed_796262.log
796262,comp_advantage,NHEFT+CompGate,0,0.0,1,0,0,2.3319,1.7144,4.0463,988.7798,22.8356,5,2,54,477,477,0,153.50700000000003,3.5452,34,7,230,104,58,46,129.9005654300854,3.0,30,10,291,136,86,50,7.601419,0,ok,logs/seed_796262.log
557554,baseline,NHEFT,1,0.0,0,0,0,2.7775,1.7687,4.5462,710.5627,19.6504,5,2,47,474,474,0,132.4857,3.6638,24,8,230,102,51,51,80.34639583447334,2.222,42,10,297,159,85,74,7.211972,0,ok,logs/seed_557554.log
557554,comp_advantage,NHEFT+CompGate,0,0.0,1,0,0,2.7775,1.7687,4.5462,710.5627,19.6504,5,2,47,474,474,0,132.4857,3.6638,24,8,230,102,51,51,157.25774375649797,4.3489,14,5,191,107,58,49,7.211972,0,ok,logs/seed_557554.log
818564,baseline,NHEFT,1,0.0,0,0,0,2.5415,1.5933,4.1348,1048.0470999999995,26.6403,2,2,22,461,461,0,121.77059999999999,3.0953,31,8,196,81,45,36,85.9673409154642,2.1852,41,9,279,128,78,50,6.647513,0,ok,logs/seed_818564.log
818564,comp_advantage,NHEFT+CompGate,0,0.0,1,0,0,2.5415,1.5933,4.1348,1048.0470999999995,26.6403,2,2,22,461,461,0,121.77059999999999,3.0953,31,8,196,81,45,36,102.35144590583688,2.6017,12,3,186,60,49,11,6.647513,0,ok,logs/seed_818564.log
5641,baseline,NHEFT,1,0.0,0,0,0,2.5541,1.4067,3.9608,893.1292000000002,24.4856,4,2,35,432,432,0,116.28780000000003,3.1881,29,8,204,74,43,31,87.09299350436599,2.3877,45,14,280,157,82,75,6.165312,0,ok,logs/seed_5641.log
5641,comp_advantage,NHEFT+CompGate,0,0.0,1,0,0,2.5541,1.4067,3.9608,893.1292000000002,24.4856,4,2,35,432,432,0,116.28780000000003,3.1881,29,8,204,74,43,31,100.56725305882354,2.7571,18,6,204,93,65,28,6.165312,0,ok,logs/seed_5641.log
80721,baseline,NHEFT,1,0.0,0,0,0,2.6199,1.7811,4.401,1096.3991000000003,21.2392,4,2,34,491,491,0,166.50459999999993,3.2255,22,7,182,83,46,37,108.3833629098217,2.0996,42,12,296,133,80,53,8.318811,0,ok,logs/seed_80721.log
80721,comp_advantage,NHEFT+CompGate,0,0.0,1,0,0,2.6199,1.7811,4.401,1096.3991000000003,21.2392,4,2,34,491,491,0,166.50459999999993,3.2255,22,7,182,83,46,37,127.08346542696626,2.4618,15,5,229,91,66,25,8.318811,0,ok,logs/seed_80721.log
14714,baseline,NHEFT,1,0.0,0,0,0,2.4348,1.5244,3.9592,961.0471000000002,19.3387,3,2,41,489,489,0,156.58850000000004,3.151,33,11,227,107,48,59,99.84808917056394,2.0092,36,9,284,134,80,54,8.523306,0,ok,logs/seed_14714.log
14714,comp_advantage,NHEFT+CompGate,0,0.0,1,0,0,2.4348,1.5244,3.9592,961.0471000000002,19.3387,3,2,41,489,489,0,156.58850000000004,3.151,33,11,227,107,48,59,107.18058368929384,2.1567,30,10,280,153,83,70,8.523306,0,ok,logs/seed_14714.log
965327,baseline,NHEFT,1,0.0,0,0,0,2.5742,1.8508,4.425,903.6897999999998,23.2206,3,2,33,449,449,0,156.60940000000002,4.0241,31,9,192,93,46,47,106.92244476568503,2.7474,40,12,278,150,83,67,6.152305,0,ok,logs/seed_965327.log
965327,comp_advantage,NHEFT+CompGate,0,0.0,1,0,0,2.5742,1.8508,4.425,903.6897999999998,23.2206,3,2,33,449,449,0,156.60940000000002,4.0241,31,9,192,93,46,47,109.49212063756785,2.8134,21,7,226,87,57,30,6.152305,0,ok,logs/seed_965327.log
460722,baseline,NHEFT,1,0.0,0,0,0,2.4956,1.5263,4.0219,864.4078999999992,23.7944,5,3,61,434,434,0,145.80719999999997,4.0136,43,10,256,127,47,80,83.62772088148125,2.302,43,10,284,155,98,57,7.172114,0,ok,logs/seed_460722.log
460722,comp_advantage,NHEFT+CompGate,0,0.0,1,0,0,2.4956,1.5263,4.0219,864.4078999999992,23.7944,5,3,61,434,434,0,145.80719999999997,4.0136,43,10,256,127,47,80,153.9597006768061,4.238,13,5,182,94,46,48,7.172114,0,ok,logs/seed_460722.log
724036,baseline,NHEFT,1,0.0,0,0,0,2.4582,1.4998,3.958,1028.9465999999989,18.4693,3,2,38,448,448,0,155.1737,2.7853,25,9,203,96,43,53,93.8037887226504,1.6838,36,9,278,128,85,43,6.227476,0,ok,logs/seed_724036.log
724036,comp_advantage,NHEFT+CompGate,0,0.0,1,0,0,2.4582,1.4998,3.958,1028.9465999999989,18.4693,3,2,38,448,448,0,155.1737,2.7853,25,9,203,96,43,53,166.74136908144996,2.993,15,4,190,69,47,22,6.227476,0,ok,logs/seed_724036.log
901968,baseline,NHEFT,1,0.0,0,0,0,2.7098,1.6258,4.3356,853.2307000000005,25.5004,4,2,27,461,461,0,113.08180000000002,3.3797,19,7,190,68,42,26,79.27424237291183,2.3693,35,11,265,133,81,52,7.49795,0,ok,logs/seed_901968.log
901968,comp_advantage,NHEFT+CompGate,0,0.0,1,0,0,2.7098,1.6258,4.3356,853.2307000000005,25.5004,4,2,27,461,461,0,113.08180000000002,3.3797,19,7,190,68,42,26,96.39860247774628,2.8811,18,6,234,104,71,33,7.49795,0,ok,logs/seed_901968.log
287728,baseline,NHEFT,1,0.0,0,0,0,2.6891,1.6067,4.2958,978.4530999999994,27.0517,4,2,24,477,477,0,116.97939999999997,3.2342,29,10,211,88,41,47,91.83651480144405,2.539,56,13,314,168,93,75,8.526717,0,ok,logs/seed_287728.log
287728,comp_advantage,NHEFT+CompGate,0,0.0,1,0,0,2.6891,1.6067,4.2958,978.4530999999994,27.0517,4,2,24,477,477,0,116.97939999999997,3.2342,29,10,211,88,41,47,104.84322666450173,2.8986,19,8,220,122,84,38,8.526717,0,ok,logs/seed_287728.log
747287,baseline,NHEFT,1,0.0,0,0,0,2.6209,1.7238,4.3447,927.047100000003,28.0427,4,2,45,470,470,0,127.49439999999997,3.8566,25,7,213,71,42,29,90.67938629441625,2.743,45,10,329,157,95,62,7.772057,0,ok,logs/seed_747287.log
747287,comp_advantage,NHEFT+CompGate,0,0.0,1,0,0,2.6209,1.7238,4.3447,927.047100000003,28.0427,4,2,45,470,470,0,127.49439999999997,3.8566,25,7,213,71,42,29,107.9231155815265,3.2646,29,10,269,139,85,54,7.772057,0,ok,logs/seed_747287.log
867108,baseline,NHEFT,1,0.0,0,0,0,2.5349,1.7393,4.2742,954.3883000000022,26.8661,3,2,42,454,454,0,155.50770000000006,4.3776,19,6,223,69,44,25,105.66387014921091,2.9744,38,10,269,141,80,61,7.153613,0,ok,logs/seed_867108.log
867108,comp_advantage,NHEFT+CompGate,0,0.0,1,0,0,2.5349,1.7393,4.2742,954.3883000000022,26.8661,3,2,42,454,454,0,155.50770000000006,4.3776,19,6,223,69,44,25,157.17295721090386,4.4244,8,3,117,62,40,22,7.153613,0,ok,logs/seed_867108.log
196697,baseline,NHEFT,1,0.0,0,0,0,2.6207,1.9464,4.5671,961.0678999999985,23.8621,3,2,26,456,456,0,113.76450000000001,2.8246,23,6,199,62,39,23,91.4744642970451,2.2712,32,9,257,121,73,48,5.934617,0,ok,logs/seed_196697.log
196697,comp_advantage,NHEFT+CompGate,0,0.0,1,0,0,2.6207,1.9464,4.5671,961.0678999999985,23.8621,3,2,26,456,456,0,113.76450000000001,2.8246,23,6,199,62,39,23,131.3026301343873,3.2601,10,3,166,47,45,2,5.934617,0,ok,logs/seed_196697.log
635464,baseline,NHEFT,1,0.0,0,0,0,2.4351,1.8468,4.2819,1055.672900000002,19.9716,3,2,40,468,468,0,160.29399999999998,3.0325,23,7,195,73,42,31,112.33475815210991,2.1252,37,10,293,127,82,45,6.709508,0,ok,logs/seed_635464.log
635464,comp_advantage,NHEFT+CompGate,0,0.0,1,0,0,2.4351,1.8468,4.2819,1055.672900000002,19.9716,3,2,40,468,468,0,160.29399999999998,3.0325,23,7,195,73,42,31,147.8522373333333,2.7971,10,4,172,91,43,48,6.709508,0,ok,logs/seed_635464.log
389228,baseline,NHEFT,1,0.0,0,0,0,2.624,1.5729,4.1969,1170.6559999999968,24.2793,6,3,44,450,450,0,150.96899999999997,3.1311,26,7,222,85,49,36,99.687326014556,2.0675,35,9,264,148,82,66,5.739419,0,ok,logs/seed_389228.log
389228,comp_advantage,NHEFT+CompGate,0,0.0,1,0,0,2.624,1.5729,4.1969,1170.6559999999968,24.2793,6,3,44,450,450,0,150.96899999999997,3.1311,26,7,222,85,49,36,169.4796707086383,3.515,8,2,146,44,27,17,5.739419,0,ok,logs/seed_389228.log
813617,baseline,NHEFT,1,0.0,0,0,0,2.5646,1.6811,4.2457,905.5778999999999,24.3622,3,2,26,458,458,0,118.37440000000001,3.1846,28,9,198,78,47,31,94.28795107027344,2.5366,37,10,253,120,77,43,6.430162,0,ok,logs/seed_813617.log
813617,comp_advantage,NHEFT+CompGate,0,0.0,1,0,0,2.5646,1.6811,4.2457,905.5778999999999,24.3622,3,2,26,458,458,0,118.37440000000001,3.1846,28,9,198,78,47,31,92.24477829916896,2.4816,14,5,212,80,58,22,6.430162,0,ok,logs/seed_813617.log
232555,baseline,NHEFT,1,0.0,0,0,0,2.4155,1.7767,4.1922,1009.8681999999977,22.1181,4,2,29,480,480,0,145.35259999999997,3.1835,29,9,191,99,51,48,95.24243421252255,2.086,41,11,299,158,95,63,7.390362,0,ok,logs/seed_232555.log
232555,comp_advantage,NHEFT+CompGate,0,0.0,1,0,0,2.4155,1.7767,4.1922,1009.8681999999977,22.1181,4,2,29,480,480,0,145.35259999999997,3.1835,29,9,191,99,51,48,127.2115400728477,2.7862,16,6,179,98,77,21,7.390362,0,ok,logs/seed_232555.log
932496,baseline,NHEFT,1,0.0,0,0,0,2.6279,2.0445,4.6724,816.0787,20.4286,3,2,42,473,473,0,154.72679999999997,3.8732,27,7,221,94,49,45,100.54434515584416,2.5169,43,11,293,151,92,59,7.361812,0,ok,logs/seed_932496.log
932496,comp_advantage,NHEFT+CompGate,0,0.0,1,0,0,2.6279,2.0445,4.6724,816.0787,20.4286,3,2,42,473,473,0,154.72679999999997,3.8732,27,7,221,94,49,45,119.5879577084871,2.9936,20,4,234,87,41,46,7.361812,0,ok,logs/seed_932496.log
544493,baseline,NHEFT,1,0.0,0,0,0,2.9211,1.9409,4.862,828.1160999999992,17.0156,4,2,42,466,466,0,126.48569999999998,2.599,28,7,212,83,58,25,99.22572256972589,2.0388,36,11,279,136,88,48,7.930385,0,ok,logs/seed_544493.log
544493,comp_advantage,NHEFT+CompGate,0,0.0,1,0,0,2.9211,1.9409,4.862,828.1160999999992,17.0156,4,2,42,466,466,0,126.48569999999998,2.599,28,7,212,83,58,25,116.33602045569621,2.3904,18,5,236,90,56,34,7.930385,0,ok,logs/seed_544493.log
174431,baseline,NHEFT,1,0.0,0,0,0,2.7873,1.8164,4.6037,933.4740999999997,26.4709,3,1,37,440,440,0,133.84249999999997,3.7954,21,6,183,69,45,24,100.81216453740441,2.8588,43,11,284,148,91,57,6.449691,0,ok,logs/seed_174431.log
174431,comp_advantage,NHEFT+CompGate,0,0.0,1,0,0,2.7873,1.8164,4.6037,933.4740999999997,26.4709,3,1,37,440,440,0,133.84249999999997,3.7954,21,6,183,69,45,24,763.3289003455099,21.646,1,1,22,20,20,0,6.449691,0,ok,logs/seed_174431.log
715533,baseline,NHEFT,1,0.0,0,0,0,2.4804,1.4797,3.9601,973.7680999999976,25.1735,3,2,42,461,461,0,155.16559999999998,4.0113,28,8,203,96,49,47,99.12885782664944,2.5626,35,10,279,145,77,68,7.212388,0,ok,logs/seed_715533.log
715533,comp_advantage,NHEFT+CompGate,0,0.0,1,0,0,2.4804,1.4797,3.9601,973.7680999999976,25.1735,3,2,42,461,461,0,155.16559999999998,4.0113,28,8,203,96,49,47,116.22695552337841,3.0047,19,9,229,151,82,69,7.212388,0,ok,logs/seed_715533.log
710115,baseline,NHEFT,1,0.0,0,0,0,2.3838,1.6265,4.0103,1046.790400000001,19.8308,6,4,51,435,435,0,161.78330000000003,3.0649,26,8,219,89,51,38,112.86957052698385,2.1382,41,10,295,160,97,63,8.112458,0,ok,logs/seed_710115.log
710115,comp_advantage,NHEFT+CompGate,0,0.0,1,0,0,2.3838,1.6265,4.0103,1046.790400000001,19.8308,6,4,51,435,435,0,161.78330000000003,3.0649,26,8,219,89,51,38,118.35432625095056,2.2422,16,4,207,91,51,40,8.112458,0,ok,logs/seed_710115.log
69527,baseline,NHEFT,1,0.0,0,0,0,2.6721,1.7697,4.4418,892.6201999999988,24.6399,4,2,43,469,469,0,130.4026,3.5996,32,9,237,89,48,41,94.15494005591232,2.5991,46,10,318,167,101,66,8.994781,0,ok,logs/seed_69527.log
69527,comp_advantage,NHEFT+CompGate,0,0.0,1,0,0,2.6721,1.7697,4.4418,892.6201999999988,24.6399,4,2,43,469,469,0,130.4026,3.5996,32,9,237,89,48,41,99.221627748503,2.7389,21,7,246,118,71,47,8.994781,0,ok,logs/seed_69527.log
584456,baseline,NHEFT,1,0.0,0,0,0,2.6183,1.5387,4.157,827.802999999999,22.9879,5,3,50,459,459,0,135.82990000000004,3.772,24,9,191,87,45,42,86.86757555170642,2.4123,41,9,309,148,88,60,7.25667,0,ok,logs/seed_584456.log
584456,comp_advantage,NHEFT+CompGate,0,0.0,1,0,0,2.6183,1.5387,4.157,827.802999999999,22.9879,5,3,50,459,459,0,135.82990000000004,3.772,24,9,191,87,45,42,176.34913927272734,4.8972,6,2,118,43,34,9,7.25667,0,ok,logs/seed_584456.log
678197,baseline,NHEFT,1,0.0,0,0,0,2.4154,1.6163,4.0317,1101.7016999999998,29.5442,2,2,22,468,468,0,129.038,3.4604,22,6,191,69,45,24,86.00086694427243,2.3063,42,11,285,148,75,73,6.098613,0,ok,logs/seed_678197.log
678197,comp_advantage,NHEFT+CompGate,0,0.0,1,0,0,2.4154,1.6163,4.0317,1101.7016999999998,29.5442,2,2,22,468,468,0,129.038,3.4604,22,6,191,69,45,24,231.91704838898164,6.2193,7,3,111,48,47,1,6.098613,0,ok,logs/seed_678197.log
871381,baseline,NHEFT,1,0.0,0,0,0,2.513,1.4883,4.0013,797.7415999999992,21.8161,3,2,42,438,438,0,117.0536,3.2011,29,10,227,93,45,48,97.31879588379205,2.6614,39,10,299,166,99,67,8.292265,0,ok,logs/seed_871381.log
871381,comp_advantage,NHEFT+CompGate,0,0.0,1,0,0,2.513,1.4883,4.0013,797.7415999999992,21.8161,3,2,42,438,438,0,117.0536,3.2011,29,10,227,93,45,48,116.14816801397518,3.1763,13,4,175,104,55,49,8.292265,0,ok,logs/seed_871381.log
855755,baseline,NHEFT,1,0.0,0,0,0,2.5695,1.9202,4.4897,801.2152000000011,20.5991,4,2,43,461,461,0,138.22729999999999,3.5538,31,8,248,105,51,54,106.55353703635193,2.7395,46,11,289,155,89,66,8.099278,0,ok,logs/seed_855755.log
855755,comp_advantage,NHEFT+CompGate,0,0.0,1,0,0,2.5695,1.9202,4.4897,801.2152000000011,20.5991,4,2,43,461,461,0,138.22729999999999,3.5538,31,8,248,105,51,54,799.3063644747859,20.55,1,1,22,21,21,0,8.099278,0,ok,logs/seed_855755.log
137836,baseline,NHEFT,1,0.0,0,0,0,2.4642,1.6209,4.0851,852.8885999999981,23.2298,4,3,52,442,442,0,134.07569999999998,3.6518,25,5,240,75,45,30,90.40098223623339,2.4622,37,10,271,137,86,51,6.960667,0,ok,logs/seed_137836.log
137836,comp_advantage,NHEFT+CompGate,0,0.0,1,0,0,2.4642,1.6209,4.0851,852.8885999999981,23.2298,4,3,52,442,442,0,134.07569999999998,3.6518,25,5,240,75,45,30,115.42971494252876,3.1439,14,5,198,87,63,24,6.960667,0,ok,logs/seed_137836.log
560927,baseline,NHEFT,1,0.0,0,0,0,2.2069,1.6491,3.856,1244.1721,30.425,4,3,53,450,450,0,178.46499999999995,4.3642,26,9,232,88,37,51,125.41271778947366,3.0668,39,9,290,137,88,49,7.021272,0,ok,logs/seed_560927.log
560927,comp_advantage,NHEFT+CompGate,0,0.0,1,0,0,2.2069,1.6491,3.856,1244.1721,30.425,4,3,53,450,450,0,178.46499999999995,4.3642,26,9,232,88,37,51,117.98620613680777,2.8852,17,4,226,75,36,39,7.021272,0,ok,logs/seed_560927.log
47925,baseline,NHEFT,1,0.0,0,0,0,2.5697,1.9833,4.553,678.2711999999993,17.2772,4,2,56,419,419,0,111.8505,2.8491,22,6,203,70,40,30,94.54519345956697,2.4083,37,11,273,149,92,57,7.167627,0,ok,logs/seed_47925.log
47925,comp_advantage,NHEFT+CompGate,0,0.0,1,0,0,2.5697,1.9833,4.553,678.2711999999993,17.2772,4,2,56,419,419,0,111.8505,2.8491,22,6,203,70,40,30,113.70681302171909,2.8964,13,4,186,70,54,16,7.167627,0,ok,logs/seed_47925.log
667073,baseline,NHEFT,1,0.0,0,0,0,2.3133,1.2886,3.6019,825.7951000000002,21.9803,3,2,30,431,431,0,135.3916,3.6037,27,8,177,87,47,40,78.45200731771409,2.0882,32,9,262,121,64,57,6.104005,0,ok,logs/seed_667073.log
667073,comp_advantage,NHEFT+CompGate,0,0.0,1,0,0,2.3133,1.2886,3.6019,825.7951000000002,21.9803,3,2,30,431,431,0,135.3916,3.6037,27,8,177,87,47,40,85.97228444473326,2.2883,15,6,221,97,69,28,6.104005,0,ok,logs/seed_667073.log
153349,baseline,NHEFT,1,0.0,0,0,0,2.5816,1.5384,4.12,1055.9116999999987,21.7093,3,2,35,470,470,0,149.46649999999997,3.073,33,11,232,114,48,66,99.19287411196912,2.0394,34,10,298,133,85,48,6.421142,0,ok,logs/seed_153349.log
153349,comp_advantage,NHEFT+CompGate,0,0.0,1,0,0,2.5816,1.5384,4.12,1055.9116999999987,21.7093,3,2,35,470,470,0,149.46649999999997,3.073,33,11,232,114,48,66,154.28405324324328,3.172,9,3,161,76,51,25,6.421142,0,ok,logs/seed_153349.log
263035,baseline,NHEFT,1,0.0,0,0,0,2.3701,1.6014,3.9715,1017.1467999999983,26.2602,3,2,42,474,474,0,137.211,3.5424,33,11,257,115,47,68,85.02192190609927,2.1951,47,10,325,164,100,64,5.910644,0,ok,logs/seed_263035.log
263035,comp_advantage,NHEFT+CompGate,0,0.0,1,0,0,2.3701,1.6014,3.9715,1017.1467999999983,26.2602,3,2,42,474,474,0,137.211,3.5424,33,11,257,115,47,68,771.5363160000003,19.9191,1,1,22,21,21,0,5.910644,0,ok,logs/seed_263035.log
782665,baseline,NHEFT,1,0.0,0,0,0,2.2769,1.6393,3.9162,715.4196000000006,14.6267,5,3,56,452,452,0,138.42700000000002,2.8301,26,6,224,80,49,31,99.09152693170351,2.0259,45,11,305,174,84,90,6.41984,0,ok,logs/seed_782665.log
782665,comp_advantage,NHEFT+CompGate,0,0.0,1,0,0,2.2769,1.6393,3.9162,715.4196000000006,14.6267,5,3,56,452,452,0,138.42700000000002,2.8301,26,6,224,80,49,31,203.3254621727574,4.157,12,4,172,93,52,41,6.41984,0,ok,logs/seed_782665.log
372049,baseline,NHEFT,1,0.0,0,0,0,2.5586,1.4166,3.9752,872.4354999999996,18.8658,5,3,53,483,483,0,143.75599999999997,3.1086,31,8,215,97,51,46,96.1530718737864,2.0792,32,9,273,140,91,49,5.505214,0,ok,logs/seed_372049.log
372049,comp_advantage,NHEFT+CompGate,0,0.0,1,0,0,2.5586,1.4166,3.9752,872.4354999999996,18.8658,5,3,53,483,483,0,143.75599999999997,3.1086,31,8,215,97,51,46,189.26829779755673,4.0928,5,2,102,41,41,0,5.505214,0,ok,logs/seed_372049.log
15262,baseline,NHEFT,1,0.0,0,0,0,2.8472,2.1332,4.9804,759.7045999999973,22.8131,4,2,44,449,449,0,129.30540000000002,3.8829,27,8,215,84,42,42,101.06411644884489,3.0348,43,10,285,145,82,63,6.31981,0,ok,logs/seed_15262.log
15262,comp_advantage,NHEFT+CompGate,0,0.0,1,0,0,2.8472,2.1332,4.9804,759.7045999999973,22.8131,4,2,44,449,449,0,129.30540000000002,3.8829,27,8,215,84,42,42,134.4101057040971,4.0362,15,5,171,78,59,19,6.31981,0,ok,logs/seed_15262.log
745342,baseline,NHEFT,1,0.0,0,0,0,2.7801,1.4666,4.2467,780.0252999999987,19.6049,4,2,45,485,485,0,131.02380000000005,3.2931,30,7,235,93,53,40,100.98601882178218,2.5381,45,11,305,154,94,60,7.703785,0,ok,logs/seed_745342.log
745342,comp_advantage,NHEFT+CompGate,0,0.0,1,0,0,2.7801,1.4666,4.2467,780.0252999999987,19.6049,4,2,45,485,485,0,131.02380000000005,3.2931,30,7,235,93,53,40,106.88551486138616,2.6864,24,8,276,140,91,49,7.703785,0,ok,logs/seed_745342.log
437809,baseline,NHEFT,1,0.0,0,0,0,2.7588,1.6181,4.3769,699.1958000000004,19.9222,3,2,35,426,426,0,107.8999,3.0744,28,9,204,93,47,46,92.2861606770298,2.6295,42,11,273,132,80,52,5.218032,0,ok,logs/seed_437809.log
437809,comp_advantage,NHEFT+CompGate,0,0.0,1,0,0,2.7588,1.6181,4.3769,699.1958000000004,19.9222,3,2,35,426,426,0,107.8999,3.0744,28,9,204,93,47,46,129.34018573231631,3.6853,21,10,222,131,83,48,5.218032,0,ok,logs/seed_437809.log
987435,baseline,NHEFT,1,0.0,0,0,0,2.8426,1.4891,4.3317,1053.5983999999992,35.6554,4,3,33,466,466,0,145.1329,4.9115,30,11,212,127,47,80,92.56792261716076,3.1326,33,10,262,140,82,58,6.711553,0,ok,logs/seed_987435.log
987435,comp_advantage,NHEFT+CompGate,0,0.0,1,0,0,2.8426,1.4891,4.3317,1053.5983999999992,35.6554,4,3,33,466,466,0,145.1329,4.9115,30,11,212,127,47,80,123.71187567872703,4.1866,12,4,188,72,49,23,6.711553,0,ok,logs/seed_987435.log
146585,baseline,NHEFT,1,0.0,0,0,0,2.4803,1.6666,4.1469,972.4163000000017,22.6103,4,2,43,488,488,0,146.323,3.4023,26,8,238,98,48,50,103.52965040123956,2.4072,45,9,317,163,100,63,8.145026,0,ok,logs/seed_146585.log
146585,comp_advantage,NHEFT+CompGate,0,0.0,1,0,0,2.4803,1.6666,4.1469,972.4163000000017,22.6103,4,2,43,488,488,0,146.323,3.4023,26,8,238,98,48,50,180.12238992411542,4.1881,11,4,186,79,66,13,8.145026,0,ok,logs/seed_146585.log
368863,baseline,NHEFT,1,0.0,0,0,0,2.4607,1.5862,4.0469,762.6095000000017,16.2223,4,2,46,473,473,0,135.1485,2.8749,31,7,228,81,43,38,116.10704050617284,2.4698,46,11,294,147,86,61,7.290305,0,ok,logs/seed_368863.log
368863,comp_advantage,NHEFT+CompGate,0,0.0,1,0,0,2.4607,1.5862,4.0469,762.6095000000017,16.2223,4,2,46,473,473,0,135.1485,2.8749,31,7,228,81,43,38,155.02175176479474,3.2976,10,2,176,44,25,19,7.290305,0,ok,logs/seed_368863.log
572806,baseline,NHEFT,1,0.0,0,0,0,2.6191,1.7088,4.3279,812.7170999999992,22.4089,3,2,42,475,475,0,135.56210000000002,3.7378,21,6,190,80,49,31,85.46061128930815,2.3564,34,11,287,141,82,59,7.762817,0,ok,logs/seed_572806.log
572806,comp_advantage,NHEFT+CompGate,0,0.0,1,0,0,2.6191,1.7088,4.3279,812.7170999999992,22.4089,3,2,42,475,475,0,135.56210000000002,3.7378,21,6,190,80,49,31,111.70969319496855,3.0802,20,8,225,140,85,55,7.762817,0,ok,logs/seed_572806.log
198288,baseline,NHEFT,1,0.0,0,0,0,2.7415,1.6358,4.3773,968.596799999998,27.8006,4,2,31,474,474,0,115.47019999999999,3.3142,24,5,214,66,45,21,89.79884897868348,2.5774,46,9,306,148,89,59,7.352865,0,ok,logs/seed_198288.log
198288,comp_advantage,NHEFT+CompGate,0,0.0,1,0,0,2.7415,1.6358,4.3773,968.596799999998,27.8006,4,2,31,474,474,0,115.47019999999999,3.3142,24,5,214,66,45,21,128.33754757541902,3.6835,14,3,211,66,53,13,7.352865,0,ok,logs/seed_198288.log
110116,baseline,NHEFT,1,0.0,0,0,0,2.423,1.3697,3.7927,1017.0823000000004,22.9034,6,4,57,470,470,0,162.02479999999994,3.6486,35,9,246,104,46,58,117.21022615101592,2.6394,38,9,307,144,100,44,7.32189,0,ok,logs/seed_110116.log
110116,comp_advantage,NHEFT+CompGate,0,0.0,1,0,0,2.423,1.3697,3.7927,1017.0823000000004,22.9034,6,4,57,470,470,0,162.02479999999994,3.6486,35,9,246,104,46,58,123.1046161903172,2.7722,20,8,235,133,84,49,7.32189,0,ok,logs/seed_110116.log
149047,baseline,NHEFT,1,0.0,0,0,0,2.7734,1.6111,4.3845,1098.924000000002,35.3347,3,3,27,484,484,0,117.9671,3.7931,27,8,197,80,46,34,101.31608143236076,3.2577,42,11,300,144,93,51,7.484602,0,ok,logs/seed_149047.log
149047,comp_advantage,NHEFT+CompGate,0,0.0,1,0,0,2.7734,1.6111,4.3845,1098.924000000002,35.3347,3,3,27,484,484,0,117.9671,3.7931,27,8,197,80,46,34,99.02440606677263,3.184,15,5,187,96,65,31,7.484602,0,ok,logs/seed_149047.log
864824,baseline,NHEFT,1,0.0,0,0,0,2.4074,1.8266,4.234,668.7442000000004,19.1034,4,3,58,424,424,0,111.01009999999998,3.1711,24,6,211,73,47,26,95.48987166320927,2.7278,40,11,274,146,84,62,5.797531,0,ok,logs/seed_864824.log
864824,comp_advantage,NHEFT+CompGate,0,0.0,1,0,0,2.4074,1.8266,4.234,668.7442000000004,19.1034,4,3,58,424,424,0,111.01009999999998,3.1711,24,6,211,73,47,26,108.51869815807561,3.0999,26,9,233,125,77,48,5.797531,0,ok,logs/seed_864824.log
801768,baseline,NHEFT,1,0.0,0,0,0,2.5876,1.3657,3.9533,1326.3666000000003,36.9276,4,4,42,469,469,0,146.2709,4.0724,30,9,205,87,41,46,81.33118101265822,2.2644,46,14,304,147,81,66,7.775843,0,ok,logs/seed_801768.log
801768,comp_advantage,NHEFT+CompGate,0,0.0,1,0,0,2.5876,1.3657,3.9533,1326.3666000000003,36.9276,4,4,42,469,469,0,146.2709,4.0724,30,9,205,87,41,46,113.47491778951675,3.1593,19,7,224,115,66,49,7.775843,0,ok,logs/seed_801768.log
262875,baseline,NHEFT,1,0.0,0,0,0,2.571,1.5107,4.0817,749.7008000000008,19.4068,3,2,39,476,476,0,115.49460000000003,2.9897,25,6,206,72,45,27,90.79226341641174,2.3503,45,11,274,147,100,47,5.828305,0,ok,logs/seed_262875.log
262875,comp_advantage,NHEFT+CompGate,0,0.0,1,0,0,2.571,1.5107,4.0817,749.7008000000008,19.4068,3,2,39,476,476,0,115.49460000000003,2.9897,25,6,206,72,45,27,132.18501840495537,3.4218,7,2,135,49,40,9,5.828305,0,ok,logs/seed_262875.log
524794,baseline,NHEFT,1,0.0,0,0,0,2.2493,1.2571,3.5064,948.5751999999993,18.856,4,2,37,488,488,0,140.74479999999997,2.7978,25,7,203,73,43,30,86.92446048320531,1.7279,36,11,276,121,71,50,8.94816,0,ok,logs/seed_524794.log
524794,comp_advantage,NHEFT+CompGate,0,0.0,1,0,0,2.2493,1.2571,3.5064,948.5751999999993,18.856,4,2,37,488,488,0,140.74479999999997,2.7978,25,7,203,73,43,30,131.170968329718,2.6075,24,8,224,111,64,47,8.94816,0,ok,logs/seed_524794.log
824487,baseline,NHEFT,1,0.0,0,0,0,2.3663,1.7661,4.1324,913.1478999999994,20.2242,4,3,53,466,466,0,147.1821,3.2598,23,8,199,89,50,39,113.7976314128479,2.5204,35,10,286,143,89,54,5.673565,0,ok,logs/seed_824487.log
824487,comp_advantage,NHEFT+CompGate,0,0.0,1,0,0,2.3663,1.7661,4.1324,913.1478999999994,20.2242,4,3,53,466,466,0,147.1821,3.2598,23,8,199,89,50,39,143.27725009800366,3.1733,17,5,213,105,71,34,5.673565,0,ok,logs/seed_824487.log
927335,baseline,NHEFT,1,0.0,0,0,0,2.5141,1.5823,4.0964,845.5538000000001,18.4559,3,2,40,448,448,0,120.04059999999997,2.6201,31,7,235,85,45,40,93.05647229591624,2.0311,56,12,313,160,88,72,7.349895,0,ok,logs/seed_927335.log
927335,comp_advantage,NHEFT+CompGate,0,0.0,1,0,0,2.5141,1.5823,4.0964,845.5538000000001,18.4559,3,2,40,448,448,0,120.04059999999997,2.6201,31,7,235,85,45,40,129.7642103898305,2.8324,13,4,196,71,55,16,7.349895,0,ok,logs/seed_927335.log
982015,baseline,NHEFT,1,0.0,0,0,0,2.6667,1.6134,4.2801,716.105500000001,22.5488,3,2,41,448,448,0,109.3556,3.4434,26,7,209,72,41,31,98.12862887005646,3.0899,40,11,273,134,89,45,6.761755,0,ok,logs/seed_982015.log
982015,comp_advantage,NHEFT+CompGate,0,0.0,1,0,0,2.6667,1.6134,4.2801,716.105500000001,22.5488,3,2,41,448,448,0,109.3556,3.4434,26,7,209,72,41,31,113.75121245551601,3.5818,23,8,227,114,82,32,6.761755,0,ok,logs/seed_982015.log
205178,baseline,NHEFT,1,0.0,0,0,0,2.4775,1.6717,4.1492,821.9795999999999,30.5361,4,2,43,472,472,0,137.421,5.1051,25,6,198,77,47,30,91.76934733727812,3.4092,44,10,309,134,74,60,6.79898,0,ok,logs/seed_205178.log
205178,comp_advantage,NHEFT+CompGate,0,0.0,1,0,0,2.4775,1.6717,4.1492,821.9795999999999,30.5361,4,2,43,472,472,0,137.421,5.1051,25,6,198,77,47,30,126.52367673964498,4.7003,27,9,244,142,93,49,6.79898,0,ok,logs/seed_205178.log
888604,baseline,NHEFT,1,0.0,0,0,0,2.4791,1.7054,4.1845,1263.8053000000004,25.9511,5,3,29,477,477,0,157.59959999999998,3.2362,33,11,223,104,44,60,99.10526963263094,2.035,40,9,302,158,86,72,6.003092,0,ok,logs/seed_888604.log
888604,comp_advantage,NHEFT+CompGate,0,0.0,1,0,0,2.4791,1.7054,4.1845,1263.8053000000004,25.9511,5,3,29,477,477,0,157.59959999999998,3.2362,33,11,223,104,44,60,763.2551795482631,15.6728,1,1,22,20,20,0,6.003092,0,ok,logs/seed_888604.log
546566,baseline,NHEFT,1,0.0,0,0,0,2.6925,1.2881,3.9806,1017.9382000000019,21.1596,3,2,31,440,440,0,184.51969999999997,3.8356,30,9,187,88,44,44,108.7982581113156,2.2616,38,11,249,137,80,57,5.994678,0,ok,logs/seed_546566.log
546566,comp_advantage,NHEFT+CompGate,0,0.0,1,0,0,2.6925,1.2881,3.9806,1017.9382000000019,21.1596,3,2,31,440,440,0,184.51969999999997,3.8356,30,9,187,88,44,44,106.39695161290322,2.2116,17,7,228,130,75,55,5.994678,0,ok,logs/seed_546566.log
939943,baseline,NHEFT,1,0.0,0,0,0,2.6995,1.667,4.3665,898.0724000000006,26.0565,3,2,42,446,446,0,147.69479999999996,4.2852,28,7,225,100,47,53,87.2951054117647,2.5328,41,11,288,141,87,54,5.117049,0,ok,logs/seed_939943.log
939943,comp_advantage,NHEFT+CompGate,0,0.0,1,0,0,2.6995,1.667,4.3665,898.0724000000006,26.0565,3,2,42,446,446,0,147.69479999999996,4.2852,28,7,225,100,47,53,158.95082541247834,4.6118,7,2,131,37,26,11,5.117049,0,ok,logs/seed_939943.log
461796,baseline,NHEFT,1,0.0,0,0,0,2.5692,1.7986,4.3678,883.2522999999982,19.8704,4,2,44,463,463,0,119.07519999999998,2.6788,31,6,251,73,46,27,91.81556867119151,2.0656,51,10,338,175,95,80,7.799163,0,ok,logs/seed_461796.log
461796,comp_advantage,NHEFT+CompGate,0,0.0,1,0,0,2.5692,1.7986,4.3678,883.2522999999982,19.8704,4,2,44,463,463,0,119.07519999999998,2.6788,31,6,251,73,46,27,154.82464402484467,3.4831,10,4,150,95,66,29,7.799163,0,ok,logs/seed_461796.log
683805,baseline,NHEFT,1,0.0,0,0,0,2.6296,1.5096,4.1392,1331.0968999999984,33.0152,5,3,30,489,489,0,160.71169999999995,3.9861,23,8,199,80,40,40,99.42794957829172,2.4661,41,10,308,179,98,81,7.66313,0,ok,logs/seed_683805.log
683805,comp_advantage,NHEFT+CompGate,0,0.0,1,0,0,2.6296,1.5096,4.1392,1331.0968999999984,33.0152,5,3,30,489,489,0,160.71169999999995,3.9861,23,8,199,80,40,40,109.96567018130916,2.7275,21,9,256,150,90,60,7.66313,0,ok,logs/seed_683805.log
273298,baseline,NHEFT,1,0.0,0,0,0,2.3085,1.2629,3.5714,1193.598200000001,29.8206,3,3,24,488,488,0,129.8812,3.2449,29,7,234,84,48,36,81.98909332970742,2.0484,49,12,333,173,101,72,7.520676,0,ok,logs/seed_273298.log
273298,comp_advantage,NHEFT+CompGate,0,0.0,1,0,0,2.3085,1.2629,3.5714,1193.598200000001,29.8206,3,3,24,488,488,0,129.8812,3.2449,29,7,234,84,48,36,90.74622697095437,2.2672,26,10,281,152,90,62,7.520676,0,ok,logs/seed_273298.log
870064,baseline,NHEFT,1,0.0,0,0,0,2.9765,1.9938,4.9703,703.1417999999992,19.8969,4,2,45,416,416,0,116.54499999999999,3.2979,28,9,206,87,48,39,92.25763004051264,2.6106,40,13,268,156,81,75,6.796558,0,ok,logs/seed_870064.log
870064,comp_advantage,NHEFT+CompGate,0,0.0,1,0,0,2.9765,1.9938,4.9703,703.1417999999992,19.8969,4,2,45,416,416,0,116.54499999999999,3.2979,28,9,206,87,48,39,114.26226588041484,3.2333,27,12,245,160,85,75,6.796558,0,ok,logs/seed_870064.log
739336,baseline,NHEFT,1,0.0,0,0,0,2.3042,1.5636,3.8678,884.5438,18.897,4,2,43,456,456,0,147.68440000000004,3.1551,25,7,206,88,46,42,107.66153228994371,2.3,34,9,286,149,102,47,5.735125,0,ok,logs/seed_739336.log
739336,comp_advantage,NHEFT+CompGate,0,0.0,1,0,0,2.3042,1.5636,3.8678,884.5438,18.897,4,2,43,456,456,0,147.68440000000004,3.1551,25,7,206,88,46,42,176.71879478605388,3.7753,6,3,120,81,54,27,5.735125,0,ok,logs/seed_739336.log
374908,baseline,NHEFT,1,0.0,0,0,0,2.5988,2.0043,4.6031,802.6413999999993,25.1995,4,2,34,452,452,0,116.26770000000002,3.6503,24,6,191,68,42,26,110.59259224301432,3.4721,39,9,278,152,85,67,6.932108,0,ok,logs/seed_374908.log
374908,comp_advantage,NHEFT+CompGate,0,0.0,1,0,0,2.5988,2.0043,4.6031,802.6413999999993,25.1995,4,2,34,452,452,0,116.26770000000002,3.6503,24,6,191,68,42,26,145.84837930683915,4.579,10,3,166,66,55,11,6.932108,0,ok,logs/seed_374908.log
489107,baseline,NHEFT,1,0.0,0,0,0,2.3801,1.4567,3.8368,974.1145000000015,20.5352,4,2,43,472,472,0,146.72059999999996,3.093,34,9,239,111,45,66,92.82556897637022,1.9568,40,10,303,154,88,66,7.3661,0,ok,logs/seed_489107.log
489107,comp_advantage,NHEFT+CompGate,0,0.0,1,0,0,2.3801,1.4567,3.8368,974.1145000000015,20.5352,4,2,43,472,472,0,146.72059999999996,3.093,34,9,239,111,45,66,141.70243619010364,2.9872,18,6,223,119,73,46,7.3661,0,ok,logs/seed_489107.log
676170,baseline,NHEFT,1,0.0,0,0,0,2.4157,1.5807,3.9964,1009.5918000000021,22.9427,4,2,29,504,504,0,132.76169999999996,3.017,28,10,214,92,45,47,97.35833628318582,2.2124,45,12,327,158,101,57,7.840781,0,ok,logs/seed_676170.log
676170,comp_advantage,NHEFT+CompGate,0,0.0,1,0,0,2.4157,1.5807,3.9964,1009.5918000000021,22.9427,4,2,29,504,504,0,132.76169999999996,3.017,28,10,214,92,45,47,111.41074261487805,2.5318,16,6,224,107,77,30,7.840781,0,ok,logs/seed_676170.log
946643,baseline,NHEFT,1,0.0,0,0,0,2.7755,2.0269,4.8024,896.1908000000018,25.2338,4,2,43,447,447,0,156.0687,4.3944,34,12,233,121,53,68,99.3015653802817,2.796,41,12,296,175,88,87,6.417917,0,ok,logs/seed_946643.log
946643,comp_advantage,NHEFT+CompGate,0,0.0,1,0,0,2.7755,2.0269,4.8024,896.1908000000018,25.2338,4,2,43,447,447,0,156.0687,4.3944,34,12,233,121,53,68,119.89763901715261,3.3759,14,5,185,89,46,43,6.417917,0,ok,logs/seed_946643.log
245576,baseline,NHEFT,1,0.0,0,0,0,2.5746,1.7965,4.3711,923.3143999999982,28.7392,3,2,41,455,455,0,131.0047,4.0777,29,8,227,92,44,48,87.41595947543921,2.7209,39,9,282,143,86,57,5.757665,0,ok,logs/seed_245576.log
245576,comp_advantage,NHEFT+CompGate,0,0.0,1,0,0,2.5746,1.7965,4.3711,923.3143999999982,28.7392,3,2,41,455,455,0,131.0047,4.0777,29,8,227,92,44,48,133.39987935805618,4.1522,9,2,165,39,27,12,5.757665,0,ok,logs/seed_245576.log
61677,baseline,NHEFT,1,0.0,0,0,0,2.6171,1.5955,4.2126,711.3652000000001,15.6855,4,2,43,454,454,0,116.6811,2.5728,31,8,226,95,41,54,94.78736732361351,2.0901,37,11,284,152,91,61,5.705421,0,ok,logs/seed_61677.log
61677,comp_advantage,NHEFT+CompGate,0,0.0,1,0,0,2.6171,1.5955,4.2126,711.3652000000001,15.6855,4,2,43,454,454,0,116.6811,2.5728,31,8,226,95,41,54,683.9120803158524,15.0802,1,1,22,20,20,0,5.705421,0,ok,logs/seed_61677.log
985204,baseline,NHEFT,1,0.0,0,0,0,2.4202,1.8989,4.3191,900.5434000000002,26.3916,4,2,43,468,468,0,133.2729,3.9057,33,8,260,92,46,46,102.14368625046653,2.9934,44,10,303,147,87,60,6.231168,0,ok,logs/seed_985204.log
985204,comp_advantage,NHEFT+CompGate,0,0.0,1,0,0,2.4202,1.8989,4.3191,900.5434000000002,26.3916,4,2,43,468,468,0,133.2729,3.9057,33,8,260,92,46,46,669.8030409512191,19.6294,1,1,22,20,20,0,6.231168,0,ok,logs/seed_985204.log
957734,baseline,NHEFT,1,0.0,0,0,0,2.7297,1.8114,4.5411,691.2930999999994,22.2273,3,2,37,447,447,0,94.52919999999999,3.0394,23,6,220,64,39,25,77.8302681675211,2.5025,42,12,279,129,77,52,7.586642,0,ok,logs/seed_957734.log
957734,comp_advantage,NHEFT+CompGate,0,0.0,1,0,0,2.7297,1.8114,4.5411,691.2930999999994,22.2273,3,2,37,447,447,0,94.52919999999999,3.0394,23,6,220,64,39,25,105.23134307790548,3.3835,18,6,227,96,73,23,7.586642,0,ok,logs/seed_957734.log
586973,baseline,NHEFT,1,0.0,0,0,0,2.3422,1.4322,3.7744,1016.1171999999995,27.475,3,2,23,477,477,0,136.62070000000003,3.6941,23,8,196,89,46,43,86.00089297912713,2.3254,35,10,269,120,75,45,7.865101,0,ok,logs/seed_586973.log
586973,comp_advantage,NHEFT+CompGate,0,0.0,1,0,0,2.3422,1.4322,3.7744,1016.1171999999995,27.475,3,2,23,477,477,0,136.62070000000003,3.6941,23,8,196,89,46,43,99.86434221391482,2.7003,21,7,225,103,69,34,7.865101,0,ok,logs/seed_586973.log
81222,baseline,NHEFT,1,0.0,0,0,0,2.3762,1.6543,4.0305,851.6607000000013,26.3967,4,2,44,437,437,0,151.3974,4.6925,31,9,231,118,47,71,100.7513395784129,3.1227,44,11,281,143,82,61,5.509256,0,ok,logs/seed_81222.log
81222,comp_advantage,NHEFT+CompGate,0,0.0,1,0,0,2.3762,1.6543,4.0305,851.6607000000013,26.3967,4,2,44,437,437,0,151.3974,4.6925,31,9,231,118,47,71,118.50003214568858,3.6728,19,7,237,109,69,40,5.509256,0,ok,logs/seed_81222.log
985268,baseline,NHEFT,1,0.0,0,0,0,2.7538,1.918,4.6718,892.8540999999998,24.9902,4,3,40,440,440,0,142.727,3.9948,22,6,173,70,41,29,89.15174299633405,2.4953,34,9,268,142,78,64,6.155161,0,ok,logs/seed_985268.log
985268,comp_advantage,NHEFT+CompGate,0,0.0,1,0,0,2.7538,1.918,4.6718,892.8540999999998,24.9902,4,3,40,440,440,0,142.727,3.9948,22,6,173,70,41,29,100.4801123240392,2.8123,21,9,225,126,81,45,6.155161,0,ok,logs/seed_985268.log
240715,baseline,NHEFT,1,0.0,0,0,0,2.7831,1.6959,4.479,905.2827000000004,24.9006,4,2,25,441,441,0,124.2536,3.4177,28,7,212,92,45,47,89.9097444738317,2.473,44,11,281,146,85,61,7.940136,0,ok,logs/seed_240715.log
240715,comp_advantage,NHEFT+CompGate,0,0.0,1,0,0,2.7831,1.6959,4.479,905.2827000000004,24.9006,4,2,25,441,441,0,124.2536,3.4177,28,7,212,92,45,47,81.80642858366377,2.2502,14,3,214,72,42,30,7.940136,0,ok,logs/seed_240715.log
336806,baseline,NHEFT,1,0.0,0,0,0,2.6363,1.9495,4.5858,849.3692000000001,25.6992,4,2,43,470,470,0,132.3738,4.0052,23,4,208,54,37,17,105.32974664171124,3.1869,43,10,292,160,84,76,6.773744,0,ok,logs/seed_336806.log
336806,comp_advantage,NHEFT+CompGate,0,0.0,1,0,0,2.6363,1.9495,4.5858,849.3692000000001,25.6992,4,2,43,470,470,0,132.3738,4.0052,23,4,208,54,37,17,203.72614000356504,6.1641,7,3,126,67,36,31,6.773744,0,ok,logs/seed_336806.log
431396,baseline,NHEFT,1,0.0,0,0,0,2.8,1.6975,4.4975,779.2550000000022,21.0797,5,3,46,445,445,0,128.13189999999997,3.4661,30,8,237,102,50,52,94.42998435607095,2.5544,38,11,283,161,95,66,7.515443,0,ok,logs/seed_431396.log
431396,comp_advantage,NHEFT+CompGate,0,0.0,1,0,0,2.8,1.6975,4.4975,779.2550000000022,21.0797,5,3,46,445,445,0,128.13189999999997,3.4661,30,8,237,102,50,52,104.3850826993464,2.8237,27,10,262,147,85,62,7.515443,0,ok,logs/seed_431396.log
850253,baseline,NHEFT,1,0.0,0,0,0,2.6284,1.7312,4.3596,1109.3973000000003,31.7883,3,3,36,456,456,0,149.68790000000004,4.2891,24,7,190,71,44,27,90.8227321204819,2.6024,37,11,276,134,75,59,6.545876,0,ok,logs/seed_850253.log
850253,comp_advantage,NHEFT+CompGate,0,0.0,1,0,0,2.6284,1.7312,4.3596,1109.3973000000003,31.7883,3,3,36,456,456,0,149.68790000000004,4.2891,24,7,190,71,44,27,132.61368366551918,3.7999,24,11,228,130,69,61,6.545876,0,ok,logs/seed_850253.log
342204,baseline,NHEFT,1,0.0,0,0,0,2.7382,1.7426,4.4808,924.9029,31.1863,3,2,42,456,456,0,150.936,5.0893,32,14,218,128,45,83,99.68036567432692,3.3611,35,10,267,147,93,54,6.464618,0,ok,logs/seed_342204.log
342204,comp_advantage,NHEFT+CompGate,0,0.0,1,0,0,2.7382,1.7426,4.4808,924.9029,31.1863,3,2,42,456,456,0,150.936,5.0893,32,14,218,128,45,83,115.72439844652129,3.9021,16,5,198,92,63,29,6.464618,0,ok,logs/seed_342204.log
810991,baseline,NHEFT,1,0.0,0,0,0,2.2954,1.3178,3.6132,985.5934000000032,26.2221,2,2,22,459,459,0,137.28789999999995,3.6526,29,7,182,90,49,41,98.26564372913009,2.6144,38,10,270,122,83,39,6.573887,0,ok,logs/seed_810991.log
810991,comp_advantage,NHEFT+CompGate,0,0.0,1,0,0,2.2954,1.3178,3.6132,985.5934000000032,26.2221,2,2,22,459,459,0,137.28789999999995,3.6526,29,7,182,90,49,41,151.93833845679012,4.0424,7,3,135,71,55,16,6.573887,0,ok,logs/seed_810991.log
895124,baseline,NHEFT,1,0.0,0,0,0,2.3552,1.7566,4.1118,1029.9532,29.5605,4,2,27,493,493,0,163.231,4.6849,25,7,184,74,44,30,92.13501311111112,2.6444,45,13,312,154,83,71,7.400883,0,ok,logs/seed_895124.log
895124,comp_advantage,NHEFT+CompGate,0,0.0,1,0,0,2.3552,1.7566,4.1118,1029.9532,29.5605,4,2,27,493,493,0,163.231,4.6849,25,7,184,74,44,30,175.98564057965456,5.0509,15,5,192,92,66,26,7.400883,0,ok,logs/seed_895124.log
437866,baseline,NHEFT,1,0.0,0,0,0,2.7913,1.8167,4.608,777.7803999999999,18.9959,5,3,58,434,434,0,129.0234,3.1512,33,9,229,84,45,39,89.0121349365855,2.174,44,11,283,131,90,41,6.925397,0,ok,logs/seed_437866.log
437866,comp_advantage,NHEFT+CompGate,0,0.0,1,0,0,2.7913,1.8167,4.608,777.7803999999999,18.9959,5,3,58,434,434,0,129.0234,3.1512,33,9,229,84,45,39,192.87035322137405,4.7105,7,3,118,71,42,29,6.925397,0,ok,logs/seed_437866.log
246441,baseline,NHEFT,1,0.0,0,0,0,2.3532,1.2108,3.564,824.6029000000015,20.1505,4,2,43,453,453,0,137.3103,3.3554,28,8,218,94,46,48,82.29407253306206,2.011,39,11,291,144,96,48,7.072422,0,ok,logs/seed_246441.log
246441,comp_advantage,NHEFT+CompGate,0,0.0,1,0,0,2.3532,1.2108,3.564,824.6029000000015,20.1505,4,2,43,453,453,0,137.3103,3.3554,28,8,218,94,46,48,104.17880563901016,2.5458,19,6,218,110,68,42,7.072422,0,ok,logs/seed_246441.log
834777,baseline,NHEFT,1,0.0,0,0,0,2.6194,1.8991,4.5185,679.697299999999,17.7377,4,2,56,454,454,0,146.14509999999999,3.8139,31,10,240,117,53,64,93.69760560652591,2.4452,44,12,294,155,91,64,6.906977,0,ok,logs/seed_834777.log
834777,comp_advantage,NHEFT+CompGate,0,0.0,1,0,0,2.6194,1.8991,4.5185,679.697299999999,17.7377,4,2,56,454,454,0,146.14509999999999,3.8139,31,10,240,117,53,64,126.33881762427747,3.297,17,5,214,97,40,57,6.906977,0,ok,logs/seed_834777.log
159109,baseline,NHEFT,1,0.0,0,0,0,2.3961,1.4446,3.8407,782.0138000000005,19.9723,4,2,44,476,476,0,138.5342,3.5381,36,8,236,103,46,57,92.84176345885636,2.3711,47,11,320,152,97,55,8.090034,0,ok,logs/seed_159109.log
159109,comp_advantage,NHEFT+CompGate,0,0.0,1,0,0,2.3961,1.4446,3.8407,782.0138000000005,19.9723,4,2,44,476,476,0,138.5342,3.5381,36,8,236,103,46,57,115.81236616618588,2.9578,31,11,269,139,87,52,8.090034,0,ok,logs/seed_159109.log
469145,baseline,NHEFT,1,0.0,0,0,0,2.5462,1.4462,3.9924,816.3684000000011,24.188,3,2,42,453,453,0,144.64139999999995,4.2856,33,11,213,129,48,81,88.79772911162432,2.631,34,9,264,138,87,51,4.719425,0,ok,logs/seed_469145.log
469145,comp_advantage,NHEFT+CompGate,0,0.0,1,0,0,2.5462,1.4462,3.9924,816.3684000000011,24.188,3,2,42,453,453,0,144.64139999999995,4.2856,33,11,213,129,48,81,166.253672559633,4.9259,7,3,123,62,57,5,4.719425,0,ok,logs/seed_469145.log
359039,baseline,NHEFT,1,0.0,0,0,0,2.4946,1.4288,3.9234,848.366300000001,20.9154,4,2,43,467,467,0,167.75950000000006,4.1359,29,10,210,110,48,62,105.32499410344828,2.5967,30,9,275,145,90,55,6.538786,0,ok,logs/seed_359039.log
359039,comp_advantage,NHEFT+CompGate,0,0.0,1,0,0,2.4946,1.4288,3.9234,848.366300000001,20.9154,4,2,43,467,467,0,167.75950000000006,4.1359,29,10,210,110,48,62,113.0426,2.7869,22,9,237,142,92,50,6.538786,0,ok,logs/seed_359039.log
441554,baseline,NHEFT,1,0.0,0,0,0,2.8025,1.907,4.7095,900.4798000000002,17.3767,3,2,42,470,470,0,139.4626,2.6912,22,6,223,80,42,38,102.8876177554439,1.9854,45,11,293,150,90,60,7.239786,0,ok,logs/seed_441554.log
441554,comp_advantage,NHEFT+CompGate,0,0.0,1,0,0,2.8025,1.907,4.7095,900.4798000000002,17.3767,3,2,42,470,470,0,139.4626,2.6912,22,6,223,80,42,38,150.00943140033502,2.8948,18,4,210,62,25,37,7.239786,0,ok,logs/seed_441554.log
981230,baseline,NHEFT,1,0.0,0,0,0,2.6705,1.7829,4.4534,968.8576000000002,26.4659,4,3,50,467,467,0,134.04350000000002,3.6616,32,9,234,93,52,41,88.99667132583592,2.4311,40,10,289,138,83,55,7.993607,0,ok,logs/seed_981230.log
981230,comp_advantage,NHEFT+CompGate,0,0.0,1,0,0,2.6705,1.7829,4.4534,968.8576000000002,26.4659,4,3,50,467,467,0,134.04350000000002,3.6616,32,9,234,93,52,41,112.22625343668494,3.0656,26,10,265,137,76,61,7.993607,0,ok,logs/seed_981230.log
386385,baseline,NHEFT,1,0.0,0,0,0,2.6644,1.914,4.5784,821.6505000000018,21.2401,3,2,30,448,448,0,94.7711,2.4499,20,4,191,57,39,18,101.34995263093428,2.6199,28,8,235,105,77,28,5.690569,0,ok,logs/seed_386385.log
386385,comp_advantage,NHEFT+CompGate,0,0.0,1,0,0,2.6644,1.914,4.5784,821.6505000000018,21.2401,3,2,30,448,448,0,94.7711,2.4499,20,4,191,57,39,18,203.64825290219565,5.2644,6,2,111,41,41,0,5.690569,0,ok,logs/seed_386385.log
667900,baseline,NHEFT,1,0.0,0,0,0,2.3483,1.7995,4.1478,846.4341999999999,24.093,4,2,46,475,475,0,123.056,3.5027,29,7,213,77,46,31,93.15441445523228,2.6516,41,11,286,152,87,65,7.93353,0,ok,logs/seed_667900.log
667900,comp_advantage,NHEFT+CompGate,0,0.0,1,0,0,2.3483,1.7995,4.1478,846.4341999999999,24.093,4,2,46,475,475,0,123.056,3.5027,29,7,213,77,46,31,124.19758550704226,3.5352,21,6,233,93,61,32,7.93353,0,ok,logs/seed_667900.log
361299,baseline,NHEFT,1,0.0,0,0,0,2.5837,1.9235,4.5072,867.7926999999991,23.5065,4,2,25,448,448,0,119.08180000000003,3.2257,24,8,201,81,46,35,96.90130199999999,2.6248,40,12,272,164,96,68,6.760377,0,ok,logs/seed_361299.log
361299,comp_advantage,NHEFT+CompGate,0,0.0,1,0,0,2.5837,1.9235,4.5072,867.7926999999991,23.5065,4,2,25,448,448,0,119.08180000000003,3.2257,24,8,201,81,46,35,123.69478168421051,3.3506,9,5,161,96,70,26,6.760377,0,ok,logs/seed_361299.log
270600,baseline,NHEFT,1,0.0,0,0,0,2.5486,1.4112,3.9598,869.9806000000016,26.391,4,3,55,444,444,0,126.66659999999997,3.8425,32,9,230,93,50,43,88.21668908052925,2.6761,43,11,281,148,93,55,5.452377,0,ok,logs/seed_270600.log
270600,comp_advantage,NHEFT+CompGate,0,0.0,1,0,0,2.5486,1.4112,3.9598,869.9806000000016,26.391,4,3,55,444,444,0,126.66659999999997,3.8425,32,9,230,93,50,43,170.21555358333333,5.1635,5,2,100,43,32,11,5.452377,0,ok,logs/seed_270600.log
399493,baseline,NHEFT,1,0.0,0,0,0,2.3379,1.4498,3.7877,1012.1144000000007,24.0946,2,2,22,459,459,0,124.0009,2.952,26,9,204,82,44,38,91.50770121030492,2.1785,29,9,262,136,80,56,6.90441,0,ok,logs/seed_399493.log
399493,comp_advantage,NHEFT+CompGate,0,0.0,1,0,0,2.3379,1.4498,3.7877,1012.1144000000007,24.0946,2,2,22,459,459,0,124.0009,2.952,26,9,204,82,44,38,97.63755752790958,2.3244,18,7,217,107,65,42,6.90441,0,ok,logs/seed_399493.log
344401,baseline,NHEFT,1,0.0,0,0,0,2.9362,1.7272,4.6634,983.8006000000004,25.3851,5,3,33,477,477,0,154.65970000000004,3.9907,26,9,205,109,48,61,95.92214788156971,2.4751,44,11,293,158,96,62,7.981828,0,ok,logs/seed_344401.log
344401,comp_advantage,NHEFT+CompGate,0,0.0,1,0,0,2.9362,1.7272,4.6634,983.8006000000004,25.3851,5,3,33,477,477,0,154.65970000000004,3.9907,26,9,205,109,48,61,112.80287749186255,2.9107,25,10,251,145,90,55,7.981828,0,ok,logs/seed_344401.log
440653,baseline,NHEFT,1,0.0,0,0,0,2.4217,1.4409,3.8626,824.1624000000021,16.011,5,3,56,496,496,0,156.58349999999996,3.0419,30,8,247,111,49,62,106.71311980877742,2.0731,44,11,313,176,102,74,7.170439,0,ok,logs/seed_440653.log
440653,comp_advantage,NHEFT+CompGate,0,0.0,1,0,0,2.4217,1.4409,3.8626,824.1624000000021,16.011,5,3,56,496,496,0,156.58349999999996,3.0419,30,8,247,111,49,62,131.9589588372093,2.5636,15,3,237,61,37,24,7.170439,0,ok,logs/seed_440653.log
422829,baseline,NHEFT,1,0.0,0,0,0,2.2576,1.9235,4.1811,1070.6984000000025,26.7165,3,2,38,459,459,0,155.8148,3.888,27,8,196,86,46,40,122.86770691540275,3.0658,49,13,314,182,95,87,7.847786,0,ok,logs/seed_422829.log
422829,comp_advantage,NHEFT+CompGate,0,0.0,1,0,0,2.2576,1.9235,4.1811,1070.6984000000025,26.7165,3,2,38,459,459,0,155.8148,3.888,27,8,196,86,46,40,116.64630916334663,2.9106,26,11,255,144,90,54,7.847786,0,ok,logs/seed_422829.log
194493,baseline,NHEFT,1,0.0,0,0,0,2.5632,1.7021,4.2653,865.3088000000015,19.4357,3,2,42,480,480,0,134.7796,3.0273,28,8,222,74,43,31,87.88406898285362,1.974,49,12,324,173,96,77,7.176948,0,ok,logs/seed_194493.log
194493,comp_advantage,NHEFT+CompGate,0,0.0,1,0,0,2.5632,1.7021,4.2653,865.3088000000015,19.4357,3,2,42,480,480,0,134.7796,3.0273,28,8,222,74,43,31,145.45710882559663,3.2671,12,5,189,106,59,47,7.176948,0,ok,logs/seed_194493.log
79088,baseline,NHEFT,1,0.0,0,0,0,2.3833,1.6283,4.0116,1026.8200999999976,21.7094,3,2,34,485,485,0,149.31869999999998,3.1569,31,10,213,92,45,47,101.7735867627194,2.1517,35,9,286,147,98,49,5.339271,0,ok,logs/seed_79088.log
79088,comp_advantage,NHEFT+CompGate,0,0.0,1,0,0,2.3833,1.6283,4.0116,1026.8200999999976,21.7094,3,2,34,485,485,0,149.31869999999998,3.1569,31,10,213,92,45,47,139.53720353503184,2.9501,17,6,206,96,65,31,5.339271,0,ok,logs/seed_79088.log
144274,baseline,NHEFT,1,0.0,0,0,0,2.1143,1.3617,3.476,796.7890999999978,20.7768,4,2,43,486,486,0,132.32650000000004,3.4505,27,7,218,97,54,43,93.05006756393003,2.4263,40,12,282,163,98,65,7.946032,0,ok,logs/seed_144274.log
144274,comp_advantage,NHEFT+CompGate,0,0.0,1,0,0,2.1143,1.3617,3.476,796.7890999999978,20.7768,4,2,43,486,486,0,132.32650000000004,3.4505,27,7,218,97,54,43,120.22945052588122,3.1351,13,5,210,107,80,27,7.946032,0,ok,logs/seed_144274.log
568701,baseline,NHEFT,1,0.0,0,0,0,2.8871,2.0327,4.9198,1022.9484999999987,35.5292,5,3,36,457,457,0,148.4502,5.156,30,7,221,97,50,47,88.55847498144024,3.0758,44,9,289,142,75,67,5.00725,0,ok,logs/seed_568701.log
568701,comp_advantage,NHEFT+CompGate,0,0.0,1,0,0,2.8871,2.0327,4.9198,1022.9484999999987,35.5292,5,3,36,457,457,0,148.4502,5.156,30,7,221,97,50,47,519.1339593755865,18.0306,1,1,22,20,20,0,5.00725,0,ok,logs/seed_568701.log
643829,baseline,NHEFT,1,0.0,0,0,0,2.4674,1.5896,4.057,1054.7935999999984,29.6003,4,2,28,480,480,0,131.6438,3.6943,27,7,212,94,51,43,87.20507704968942,2.4472,28,9,278,113,70,43,7.094594,0,ok,logs/seed_643829.log
643829,comp_advantage,NHEFT+CompGate,0,0.0,1,0,0,2.4674,1.5896,4.057,1054.7935999999984,29.6003,4,2,28,480,480,0,131.6438,3.6943,27,7,212,94,51,43,97.59871551735017,2.7389,25,9,252,127,78,49,7.094594,0,ok,logs/seed_643829.log
271983,baseline,NHEFT,1,0.0,0,0,0,2.4727,1.4476,3.9203,757.5057000000013,20.9076,3,2,42,466,466,0,134.8229,3.7212,33,11,247,124,49,75,85.92952350766086,2.3717,42,11,315,161,100,61,7.437329,0,ok,logs/seed_271983.log
271983,comp_advantage,NHEFT+CompGate,0,0.0,1,0,0,2.4727,1.4476,3.9203,757.5057000000013,20.9076,3,2,42,466,466,0,134.8229,3.7212,33,11,247,124,49,75,168.04225297701146,4.6381,7,2,127,43,43,0,7.437329,0,ok,logs/seed_271983.log
197314,baseline,NHEFT,1,0.0,0,0,0,2.4101,1.442,3.8521,1088.5364000000006,28.581,4,3,24,451,451,0,142.6408,3.7452,35,11,219,108,54,54,84.40985425582278,2.2163,42,12,294,140,86,54,6.987063,0,ok,logs/seed_197314.log
197314,comp_advantage,NHEFT+CompGate,0,0.0,1,0,0,2.4101,1.442,3.8521,1088.5364000000006,28.581,4,3,24,451,451,0,142.6408,3.7452,35,11,219,108,54,54,117.27826344729075,3.0793,15,5,191,98,75,23,6.987063,0,ok,logs/seed_197314.log
994686,baseline,NHEFT,1,0.0,0,0,0,2.7535,2.1334,4.8869,892.3273000000007,24.105,4,2,36,478,478,0,123.65630000000002,3.3404,23,5,200,66,44,22,101.30389252260397,2.7366,40,10,288,134,71,63,7.646361,0,ok,logs/seed_994686.log
994686,comp_advantage,NHEFT+CompGate,0,0.0,1,0,0,2.7535,2.1334,4.8869,892.3273000000007,24.105,4,2,36,478,478,0,123.65630000000002,3.3404,23,5,200,66,44,22,119.99749603254975,3.2416,12,4,188,84,52,32,7.646361,0,ok,logs/seed_994686.log
282842,baseline,NHEFT,1,0.0,0,0,0,2.6628,1.9072,4.57,836.3407000000016,22.2434,4,2,40,455,455,0,127.04570000000002,3.3789,20,6,194,73,43,30,94.0531452820042,2.5014,41,10,294,157,86,71,5.653769,0,ok,logs/seed_282842.log
282842,comp_advantage,NHEFT+CompGate,0,0.0,1,0,0,2.6628,1.9072,4.57,836.3407000000016,22.2434,4,2,40,455,455,0,127.04570000000002,3.3789,20,6,194,73,43,30,113.96049711791728,3.0309,14,5,207,94,71,23,5.653769,0,ok,logs/seed_282842.log
137602,baseline,NHEFT,1,0.0,0,0,0,2.5802,1.5141,4.0943,820.5278000000012,17.8026,4,3,42,442,442,0,117.1772,2.5423,27,7,220,79,46,33,90.5075847696335,1.9637,39,10,262,131,85,46,8.300153,0,ok,logs/seed_137602.log
137602,comp_advantage,NHEFT+CompGate,0,0.0,1,0,0,2.5802,1.5141,4.0943,820.5278000000012,17.8026,4,3,42,442,442,0,117.1772,2.5423,27,7,220,79,46,33,84.83129105235605,1.8405,17,7,225,120,78,42,8.300153,0,ok,logs/seed_137602.log
472131,baseline,NHEFT,1,0.0,0,0,0,2.398,1.3679,3.7659,1084.2045000000019,26.1335,6,4,51,448,448,0,167.67180000000002,4.0415,32,12,202,102,49,53,101.95154231736527,2.4574,43,12,297,171,104,67,7.006769,0,ok,logs/seed_472131.log
472131,comp_advantage,NHEFT+CompGate,0,0.0,1,0,0,2.398,1.3679,3.7659,1084.2045000000019,26.1335,6,4,51,448,448,0,167.67180000000002,4.0415,32,12,202,102,49,53,104.56519804840615,2.5204,26,10,254,137,91,46,7.006769,0,ok,logs/seed_472131.log
327054,baseline,NHEFT,1,0.0,0,0,0,2.6848,1.7052,4.39,1248.5829000000017,33.142,5,3,26,441,441,0,143.82570000000004,3.8177,28,10,205,87,45,42,99.77318696732027,2.6484,53,11,300,148,91,57,5.639237,0,ok,logs/seed_327054.log
327054,comp_advantage,NHEFT+CompGate,0,0.0,1,0,0,2.6848,1.7052,4.39,1248.5829000000017,33.142,5,3,26,441,441,0,143.82570000000004,3.8177,28,10,205,87,45,42,144.46058234006733,3.8345,11,3,162,60,39,21,5.639237,0,ok,logs/seed_327054.log
416581,baseline,NHEFT,1,0.0,0,0,0,2.5168,1.662,4.1788,992.4814999999993,24.6993,3,2,30,480,480,0,136.03009999999995,3.3853,24,5,206,71,45,26,101.03336459832633,2.5144,48,10,317,163,88,75,8.904492,0,ok,logs/seed_416581.log
416581,comp_advantage,NHEFT+CompGate,0,0.0,1,0,0,2.5168,1.662,4.1788,992.4814999999993,24.6993,3,2,30,480,480,0,136.03009999999995,3.3853,24,5,206,71,45,26,93.81114587734487,2.3346,23,7,255,108,70,38,8.904492,0,ok,logs/seed_416581.log
223716,baseline,NHEFT,1,0.0,0,0,0,2.5065,2.0266,4.5331,897.7683000000026,23.5359,4,3,54,511,511,0,145.2755,3.8085,25,7,235,89,49,40,106.93438538011698,2.8034,48,14,319,180,86,94,10.573684,0,ok,logs/seed_223716.log
223716,comp_advantage,NHEFT+CompGate,0,0.0,1,0,0,2.5065,2.0266,4.5331,897.7683000000026,23.5359,4,3,54,511,511,0,145.2755,3.8085,25,7,235,89,49,40,118.73756318487392,3.1128,33,11,286,159,92,67,10.573684,0,ok,logs/seed_223716.log
116436,baseline,NHEFT,1,0.0,0,0,0,2.6312,1.8742,4.5054,849.5328999999997,23.7606,3,2,40,468,468,0,127.2629,3.5594,31,9,247,99,49,50,97.12668908487086,2.7165,43,12,281,157,91,66,7.0446,0,ok,logs/seed_116436.log
116436,comp_advantage,NHEFT+CompGate,0,0.0,1,0,0,2.6312,1.8742,4.5054,849.5328999999997,23.7606,3,2,40,468,468,0,127.2629,3.5594,31,9,247,99,49,50,170.0939660276625,4.7574,6,2,119,43,31,12,7.0446,0,ok,logs/seed_116436.log
650936,baseline,NHEFT,1,0.0,0,0,0,2.4146,2.0267,4.4413,896.3700000000015,26.6457,3,2,23,447,447,0,124.4499,3.6994,23,7,183,83,45,38,105.59929785798816,3.1391,36,10,242,123,82,41,5.790021,0,ok,logs/seed_650936.log
650936,comp_advantage,NHEFT+CompGate,0,0.0,1,0,0,2.4146,2.0267,4.4413,896.3700000000015,26.6457,3,2,23,447,447,0,124.4499,3.6994,23,7,183,83,45,38,115.2269674062739,3.4253,15,4,206,79,59,20,5.790021,0,ok,logs/seed_650936.log
516657,baseline,NHEFT,1,0.0,0,0,0,2.5582,1.6494,4.2076,701.1443999999989,17.5661,3,2,42,461,461,0,119.50030000000002,2.9939,27,10,213,88,48,40,95.51733057094172,2.393,45,12,307,161,82,79,6.873942,0,ok,logs/seed_516657.log
516657,comp_advantage,NHEFT+CompGate,0,0.0,1,0,0,2.5582,1.6494,4.2076,701.1443999999989,17.5661,3,2,42,461,461,0,119.50030000000002,2.9939,27,10,213,88,48,40,108.74692006220842,2.7245,21,9,221,101,73,28,6.873942,0,ok,logs/seed_516657.log
687865,baseline,NHEFT,1,0.0,0,0,0,2.3999,1.87,4.2699,757.5164999999974,23.3048,4,2,45,456,456,0,127.53639999999997,3.9236,26,7,214,89,49,40,111.02045947856566,3.4155,39,13,284,169,101,68,6.279894,0,ok,logs/seed_687865.log
687865,comp_advantage,NHEFT+CompGate,0,0.0,1,0,0,2.3999,1.87,4.2699,757.5164999999974,23.3048,4,2,45,456,456,0,127.53639999999997,3.9236,26,7,214,89,49,40,108.64854902427548,3.3425,21,9,226,124,86,38,6.279894,0,ok,logs/seed_687865.log
715106,baseline,NHEFT,1,0.0,0,0,0,2.5897,1.5707,4.1604,965.8251000000002,22.8227,4,2,31,478,478,0,122.00369999999998,2.883,27,7,221,71,41,30,104.5688328344956,2.471,46,11,315,159,93,66,9.298238,0,ok,logs/seed_715106.log
715106,comp_advantage,NHEFT+CompGate,0,0.0,1,0,0,2.5897,1.5707,4.1604,965.8251000000002,22.8227,4,2,31,478,478,0,122.00369999999998,2.883,27,7,221,71,41,30,151.73197990082642,3.5855,19,5,224,99,71,28,9.298238,0,ok,logs/seed_715106.log
293374,baseline,NHEFT,1,0.0,0,0,0,2.5845,1.6898,4.2743,1373.9564999999996,35.158,3,3,32,432,432,0,152.16260000000003,3.8937,20,7,157,70,36,34,104.13117193596058,2.6646,38,11,273,159,91,68,6.983798,0,ok,logs/seed_293374.log
293374,comp_advantage,NHEFT+CompGate,0,0.0,1,0,0,2.5845,1.6898,4.2743,1373.9564999999996,35.158,3,3,32,432,432,0,152.16260000000003,3.8937,20,7,157,70,36,34,122.56736714657985,3.1364,17,8,219,141,67,74,6.983798,0,ok,logs/seed_293374.log
658834,baseline,NHEFT,1,0.0,0,0,0,2.7799,2.1517,4.9316,683.3380000000017,20.4478,3,2,35,440,440,0,117.93589999999999,3.529,28,6,201,81,50,31,91.4759496211736,2.7373,38,10,275,126,80,46,5.917805,0,ok,logs/seed_658834.log
658834,comp_advantage,NHEFT+CompGate,0,0.0,1,0,0,2.7799,2.1517,4.9316,683.3380000000017,20.4478,3,2,35,440,440,0,117.93589999999999,3.529,28,6,201,81,50,31,166.47195696825398,4.9814,4,2,82,45,35,10,5.917805,0,ok,logs/seed_658834.log
23329,baseline,NHEFT,1,0.0,0,0,0,2.6075,1.402,4.0095,906.0577999999994,29.7906,4,3,32,458,458,0,114.39240000000001,3.7612,30,9,192,94,51,43,93.47481933564524,3.0734,40,11,262,141,86,55,6.126335,0,ok,logs/seed_23329.log
23329,comp_advantage,NHEFT+CompGate,0,0.0,1,0,0,2.6075,1.402,4.0095,906.0577999999994,29.7906,4,3,32,458,458,0,114.39240000000001,3.7612,30,9,192,94,51,43,101.97197373833355,3.3528,26,10,258,155,98,57,6.126335,0,ok,logs/seed_23329.log
661707,baseline,NHEFT,1,0.0,0,0,0,2.7321,1.6341,4.3662,1024.2331999999988,22.5384,3,3,40,466,466,0,135.20950000000002,2.9753,33,9,219,89,52,37,100.35810727614724,2.2084,51,11,312,171,90,81,7.189839,0,ok,logs/seed_661707.log
661707,comp_advantage,NHEFT+CompGate,0,0.0,1,0,0,2.7321,1.6341,4.3662,1024.2331999999988,22.5384,3,3,40,466,466,0,135.20950000000002,2.9753,33,9,219,89,52,37,113.1295642089552,2.4894,16,5,212,90,66,24,7.189839,0,ok,logs/seed_661707.log
579773,baseline,NHEFT,1,0.0,0,0,0,2.7358,1.9304,4.6662,902.8347000000009,22.7919,2,1,42,435,435,0,142.15349999999998,3.5886,32,8,226,91,51,40,100.39524715555967,2.5345,39,10,290,157,100,57,5.384728,0,ok,logs/seed_579773.log
579773,comp_advantage,NHEFT+CompGate,0,0.0,1,0,0,2.7358,1.9304,4.6662,902.8347000000009,22.7919,2,1,42,435,435,0,142.15349999999998,3.5886,32,8,226,91,51,40,1045.2158072289153,26.3863,1,1,22,23,23,0,5.384728,0,ok,logs/seed_579773.log
688431,baseline,NHEFT,1,0.0,0,0,0,2.4993,1.5173,4.0166,1015.9554000000024,22.8051,3,2,41,464,464,0,150.9934,3.3893,33,9,229,95,46,49,92.72243458313446,2.0813,48,14,312,176,87,89,8.600005,0,ok,logs/seed_688431.log
688431,comp_advantage,NHEFT+CompGate,0,0.0,1,0,0,2.4993,1.5173,4.0166,1015.9554000000024,22.8051,3,2,41,464,464,0,150.9934,3.3893,33,9,229,95,46,49,150.84378612291934,3.386,22,9,232,124,80,44,8.600005,0,ok,logs/seed_688431.log
735633,baseline,NHEFT,1,0.0,0,0,0,2.5424,1.6793,4.2217,1202.0353000000016,27.7039,6,4,45,460,460,0,150.6775,3.4727,36,14,234,127,39,88,106.10031039044476,2.4453,38,11,285,175,100,75,6.078172,0,ok,logs/seed_735633.log
735633,comp_advantage,NHEFT+CompGate,0,0.0,1,0,0,2.5424,1.6793,4.2217,1202.0353000000016,27.7039,6,4,45,460,460,0,150.6775,3.4727,36,14,234,127,39,88,150.45913569150179,3.4677,12,5,170,108,56,52,6.078172,0,ok,logs/seed_735633.log
208263,baseline,NHEFT,1,0.0,0,0,0,2.5139,1.5296,4.0435,853.1454999999996,20.3332,3,2,40,455,455,0,131.2201,3.1274,24,8,210,87,46,41,102.25873305637778,2.4372,44,13,285,160,84,76,6.674515,0,ok,logs/seed_208263.log
208263,comp_advantage,NHEFT+CompGate,0,0.0,1,0,0,2.5139,1.5296,4.0435,853.1454999999996,20.3332,3,2,40,455,455,0,131.2201,3.1274,24,8,210,87,46,41,99.1230451727467,2.3624,22,11,240,135,80,55,6.674515,0,ok,logs/seed_208263.log
733953,baseline,NHEFT,1,0.0,0,0,0,2.616,1.5412,4.1572,983.7950999999994,24.6391,4,2,42,474,474,0,146.63199999999998,3.6724,33,11,214,99,48,51,93.99871413196827,2.3542,48,13,308,168,80,88,6.071334,0,ok,logs/seed_733953.log
733953,comp_advantage,NHEFT+CompGate,0,0.0,1,0,0,2.616,1.5412,4.1572,983.7950999999994,24.6391,4,2,42,474,474,0,146.63199999999998,3.6724,33,11,214,99,48,51,127.86258435369977,3.2023,14,4,200,80,47,33,6.071334,0,ok,logs/seed_733953.log
241442,baseline,NHEFT,1,0.0,0,0,0,2.4654,1.9102,4.3756,843.169,26.2131,3,2,38,451,451,0,140.538,4.3692,39,13,246,120,43,77,97.91814701349071,3.0442,45,12,299,156,89,67,7.704236,0,ok,logs/seed_241442.log
241442,comp_advantage,NHEFT+CompGate,0,0.0,1,0,0,2.4654,1.9102,4.3756,843.169,26.2131,3,2,38,451,451,0,140.538,4.3692,39,13,246,120,43,77,142.5087824427481,4.4304,23,10,235,137,84,53,7.704236,0,ok,logs/seed_241442.log
665452,baseline,NHEFT,1,0.0,0,0,0,2.6599,1.5542,4.2141,1013.323200000001,25.9633,3,2,31,458,458,0,145.0649,3.7168,32,12,195,98,43,55,84.97597004881769,2.1773,41,11,284,144,77,67,6.969391,0,ok,logs/seed_665452.log
665452,comp_advantage,NHEFT+CompGate,0,0.0,1,0,0,2.6599,1.5542,4.2141,1013.323200000001,25.9633,3,2,31,458,458,0,145.0649,3.7168,32,12,195,98,43,55,147.8603974924875,3.7885,8,2,146,43,36,7,6.969391,0,ok,logs/seed_665452.log
631051,baseline,NHEFT,1,0.0,0,0,0,2.4799,1.6719,4.1518,776.628299999999,26.9182,4,2,43,446,446,0,142.9708,4.9554,26,9,218,103,44,59,94.79188018696398,3.2855,44,11,285,153,76,77,6.337848,0,ok,logs/seed_631051.log
631051,comp_advantage,NHEFT+CompGate,0,0.0,1,0,0,2.4799,1.6719,4.1518,776.628299999999,26.9182,4,2,43,446,446,0,142.9708,4.9554,26,9,218,103,44,59,113.4952355767635,3.9338,9,3,168,62,34,28,6.337848,0,ok,logs/seed_631051.log
497919,baseline,NHEFT,1,0.0,0,0,0,2.3499,1.6559,4.0058,910.0437999999983,22.3192,3,2,36,464,464,0,148.64370000000005,3.6455,31,10,213,105,48,57,97.02480332885905,2.3796,37,9,274,136,83,53,6.854337,0,ok,logs/seed_497919.log
497919,comp_advantage,NHEFT+CompGate,0,0.0,1,0,0,2.3499,1.6559,4.0058,910.0437999999983,22.3192,3,2,36,464,464,0,148.64370000000005,3.6455,31,10,213,105,48,57,110.00634084413092,2.6979,17,6,211,106,70,36,6.854337,0,ok,logs/seed_497919.log
960027,baseline,NHEFT,1,0.0,0,0,0,2.7656,1.6707,4.4363,1086.622400000002,34.3542,5,4,46,424,424,0,174.20199999999997,5.5075,22,6,185,69,51,18,99.41728050310559,3.1431,39,9,260,145,89,56,5.419178,0,ok,logs/seed_960027.log
960027,comp_advantage,NHEFT+CompGate,0,0.0,1,0,0,2.7656,1.6707,4.4363,1086.622400000002,34.3542,5,4,46,424,424,0,174.20199999999997,5.5075,22,6,185,69,51,18,194.30055993167693,6.1429,7,3,111,63,43,20,5.419178,0,ok,logs/seed_960027.log
305476,baseline,NHEFT,1,0.0,0,0,0,2.9101,2.0294,4.9395,890.7812999999995,19.0788,5,3,53,480,480,0,129.03509999999997,2.7637,23,5,209,65,44,21,92.9814306188925,1.9915,50,12,307,160,91,69,7.326806,0,ok,logs/seed_305476.log
305476,comp_advantage,NHEFT+CompGate,0,0.0,1,0,0,2.9101,2.0294,4.9395,890.7812999999995,19.0788,5,3,53,480,480,0,129.03509999999997,2.7637,23,5,209,65,44,21,148.1805994560261,3.1737,10,2,174,37,22,15,7.326806,0,ok,logs/seed_305476.log
365837,baseline,NHEFT,1,0.0,0,0,0,2.3865,1.5156,3.9021,1069.833600000002,25.9734,5,3,42,460,460,0,144.52609999999999,3.5088,37,10,238,116,46,70,91.8795436676579,2.2306,37,10,278,133,88,45,7.297937,0,ok,logs/seed_365837.log
365837,comp_advantage,NHEFT+CompGate,0,0.0,1,0,0,2.3865,1.5156,3.9021,1069.833600000002,25.9734,5,3,42,460,460,0,144.52609999999999,3.5088,37,10,238,116,46,70,112.07527556756754,2.721,16,4,217,77,57,20,7.297937,0,ok,logs/seed_365837.log
514986,baseline,NHEFT,1,0.0,0,0,0,2.3086,1.9424,4.251,959.8601000000006,16.7989,6,3,61,452,452,0,154.06420000000003,2.6963,26,6,218,77,43,34,119.64817771565751,2.094,39,9,287,136,85,51,7.748611,0,ok,logs/seed_514986.log
514986,comp_advantage,NHEFT+CompGate,0,0.0,1,0,0,2.3086,1.9424,4.251,959.8601000000006,16.7989,6,3,61,452,452,0,154.06420000000003,2.6963,26,6,218,77,43,34,132.97430632204973,2.3272,24,10,268,164,84,80,7.748611,0,ok,logs/seed_514986.log
291361,baseline,NHEFT,1,0.0,0,0,0,2.9932,1.6301,4.6233,905.9565999999993,22.583,5,3,46,458,458,0,137.4463,3.4262,25,9,232,103,48,55,88.57401935881846,2.2079,36,9,283,165,98,67,5.61395,0,ok,logs/seed_291361.log
291361,comp_advantage,NHEFT+CompGate,0,0.0,1,0,0,2.9932,1.6301,4.6233,905.9565999999993,22.583,5,3,46,458,458,0,137.4463,3.4262,25,9,232,103,48,55,680.141366614396,16.9541,1,1,22,20,20,0,5.61395,0,ok,logs/seed_291361.log
831040,baseline,NHEFT,1,0.0,0,0,0,2.5579,1.4806,4.0385,817.1139000000014,18.9326,3,2,42,450,450,0,140.18089999999995,3.248,24,8,217,97,49,48,94.67715033110814,2.1937,40,11,291,158,95,63,7.05718,0,ok,logs/seed_831040.log
831040,comp_advantage,NHEFT+CompGate,0,0.0,1,0,0,2.5579,1.4806,4.0385,817.1139000000014,18.9326,3,2,42,450,450,0,140.18089999999995,3.248,24,8,217,97,49,48,101.43936191247977,2.3504,25,10,250,127,83,44,7.05718,0,ok,logs/seed_831040.log
900613,baseline,NHEFT,1,0.0,0,0,0,2.4282,1.5826,4.0108,750.5326999999994,19.7047,3,2,42,461,461,0,119.52399999999997,3.138,26,6,233,83,45,38,100.19100341880285,2.6304,33,9,284,138,77,61,7.312984,0,ok,logs/seed_900613.log
900613,comp_advantage,NHEFT+CompGate,0,0.0,1,0,0,2.4282,1.5826,4.0108,750.5326999999994,19.7047,3,2,42,461,461,0,119.52399999999997,3.138,26,6,233,83,45,38,120.5798259348209,3.1657,18,6,222,121,72,49,7.312984,0,ok,logs/seed_900613.log
738426,baseline,NHEFT,1,0.0,0,0,0,2.5539,1.8181,4.372,894.1366000000004,22.5002,5,3,48,485,485,0,143.94850000000005,3.6223,31,7,226,84,54,30,88.97210619469028,2.2389,42,9,327,153,85,68,7.586981,0,ok,logs/seed_738426.log
738426,comp_advantage,NHEFT+CompGate,0,0.0,1,0,0,2.5539,1.8181,4.372,894.1366000000004,22.5002,5,3,48,485,485,0,143.94850000000005,3.6223,31,7,226,84,54,30,165.25506989624327,4.1585,9,4,153,90,50,40,7.586981,0,ok,logs/seed_738426.log
924607,baseline,NHEFT,1,0.0,0,0,0,2.6328,2.0544,4.6872,899.1444000000016,23.1127,3,1,28,453,453,0,124.55479999999999,3.2017,21,6,186,79,44,35,100.61448022772277,2.5863,38,11,277,142,79,63,5.753957,0,ok,logs/seed_924607.log
924607,comp_advantage,NHEFT+CompGate,0,0.0,1,0,0,2.6328,2.0544,4.6872,899.1444000000016,23.1127,3,1,28,453,453,0,124.55479999999999,3.2017,21,6,186,79,44,35,627.1536581004244,16.1211,1,1,22,20,20,0,5.753957,0,ok,logs/seed_924607.log
461861,baseline,NHEFT,1,0.0,0,0,0,2.3098,1.615,3.9248,845.9788999999994,27.1849,3,2,39,446,446,0,129.77609999999999,4.1703,24,6,187,78,42,36,83.62118014178593,2.6871,36,9,284,111,74,37,6.173309,0,ok,logs/seed_461861.log
461861,comp_advantage,NHEFT+CompGate,0,0.0,1,0,0,2.3098,1.615,3.9248,845.9788999999994,27.1849,3,2,39,446,446,0,129.77609999999999,4.1703,24,6,187,78,42,36,190.5261258095238,6.1224,11,4,164,85,64,21,6.173309,0,ok,logs/seed_461861.log
854725,baseline,NHEFT,1,0.0,0,0,0,2.619,1.7165,4.3355,1234.4245000000024,34.4463,5,3,29,489,489,0,151.81120000000007,4.2363,16,4,187,56,40,16,98.63928787901452,2.7525,44,13,298,151,80,71,7.193203,0,ok,logs/seed_854725.log
854725,comp_advantage,NHEFT+CompGate,0,0.0,1,0,0,2.619,1.7165,4.3355,1234.4245000000024,34.4463,5,3,29,489,489,0,151.81120000000007,4.2363,16,4,187,56,40,16,107.27119441455534,2.9934,27,11,270,144,81,63,7.193203,0,ok,logs/seed_854725.log
808927,baseline,NHEFT,1,0.0,0,0,0,2.7048,2.2419,4.9467,993.8881999999984,28.4199,2,2,22,484,484,0,135.3581,3.8705,32,9,212,96,46,50,113.0675114436534,3.2331,49,11,308,156,92,64,8.735042,0,ok,logs/seed_808927.log
808927,comp_advantage,NHEFT+CompGate,0,0.0,1,0,0,2.7048,2.2419,4.9467,993.8881999999984,28.4199,2,2,22,484,484,0,135.3581,3.8705,32,9,212,96,46,50,117.55533195100739,3.3615,20,9,249,133,81,52,8.735042,0,ok,logs/seed_808927.log
826006,baseline,NHEFT,1,0.0,0,0,0,2.4649,1.7701,4.235,882.6654999999998,20.4415,3,2,33,445,445,0,133.98160000000001,3.1029,29,6,230,88,48,40,103.06733641905319,2.3869,35,11,254,108,68,40,6.579494,0,ok,logs/seed_826006.log
826006,comp_advantage,NHEFT+CompGate,0,0.0,1,0,0,2.4649,1.7701,4.235,882.6654999999998,20.4415,3,2,33,445,445,0,133.98160000000001,3.1029,29,6,230,88,48,40,111.27530055674174,2.577,18,7,236,111,77,34,6.579494,0,ok,logs/seed_826006.log
522333,baseline,NHEFT,1,0.0,0,0,0,2.5328,2.0701,4.6029,870.5407000000017,23.6414,3,2,41,468,468,0,145.18490000000003,3.9428,28,11,201,106,46,60,104.18189042530159,2.8293,32,9,265,139,88,51,7.265595,0,ok,logs/seed_522333.log
522333,comp_advantage,NHEFT+CompGate,0,0.0,1,0,0,2.5328,2.0701,4.6029,870.5407000000017,23.6414,3,2,41,468,468,0,145.18490000000003,3.9428,28,11,201,106,46,60,116.90476053639846,3.1748,15,5,209,88,63,25,7.265595,0,ok,logs/seed_522333.log
245912,baseline,NHEFT,1,0.0,0,0,0,2.7206,1.929,4.6496,959.5850000000004,21.073,4,2,33,466,466,0,137.9941,3.0304,29,8,210,96,44,52,108.28875620228388,2.3781,49,11,310,176,88,88,6.179059,0,ok,logs/seed_245912.log
245912,comp_advantage,NHEFT+CompGate,0,0.0,1,0,0,2.7206,1.929,4.6496,959.5850000000004,21.073,4,2,33,466,466,0,137.9941,3.0304,29,8,210,96,44,52,638.7370672871133,14.027,1,1,22,20,20,0,6.179059,0,ok,logs/seed_245912.log
758389,baseline,NHEFT,1,0.0,0,0,0,2.6868,1.7179,4.4047,908.9025999999975,27.9135,4,2,29,451,451,0,131.32520000000005,4.0332,32,10,204,89,44,45,80.93457144476658,2.4856,37,11,260,127,72,55,7.732217,0,ok,logs/seed_758389.log
758389,comp_advantage,NHEFT+CompGate,0,0.0,1,0,0,2.6868,1.7179,4.4047,908.9025999999975,27.9135,4,2,29,451,451,0,131.32520000000005,4.0332,32,10,204,89,44,45,92.84710965603644,2.8514,22,8,232,113,71,42,7.732217,0,ok,logs/seed_758389.log
631363,baseline,NHEFT,1,0.0,0,0,0,2.5784,1.7417,4.3201,916.8925999999999,24.7461,4,2,43,457,457,0,153.85330000000002,4.1524,33,9,226,112,51,61,102.5913036073794,2.7688,43,11,269,162,92,70,7.865829,0,ok,logs/seed_631363.log
631363,comp_advantage,NHEFT+CompGate,0,0.0,1,0,0,2.5784,1.7417,4.3201,916.8925999999999,24.7461,4,2,43,457,457,0,153.85330000000002,4.1524,33,9,226,112,51,61,127.13277986092713,3.4312,10,4,179,88,49,39,7.865829,0,ok,logs/seed_631363.log
766985,baseline,NHEFT,1,0.0,0,0,0,2.6149,1.4487,4.0636,985.3956000000001,25.8374,4,2,32,444,444,0,143.90759999999997,3.7733,32,10,205,105,43,62,96.39532450323544,2.5275,42,11,286,153,82,71,7.947375,0,ok,logs/seed_766985.log
766985,comp_advantage,NHEFT+CompGate,0,0.0,1,0,0,2.6149,1.4487,4.0636,985.3956000000001,25.8374,4,2,32,444,444,0,143.90759999999997,3.7733,32,10,205,105,43,62,90.01659163317385,2.3603,24,9,237,121,64,57,7.947375,0,ok,logs/seed_766985.log
582309,baseline,NHEFT,1,0.0,0,0,0,2.6491,1.3943,4.0434,1044.7500999999997,31.9576,2,2,22,442,442,0,142.03350000000003,4.3446,23,7,176,83,45,38,92.22647467003723,2.8211,34,9,249,124,80,44,4.693844,0,ok,logs/seed_582309.log
582309,comp_advantage,NHEFT+CompGate,0,0.0,1,0,0,2.6491,1.3943,4.0434,1044.7500999999997,31.9576,2,2,22,442,442,0,142.03350000000003,4.3446,23,7,176,83,45,38,143.8737567119053,4.4009,14,5,163,83,57,26,4.693844,0,ok,logs/seed_582309.log
846927,baseline,NHEFT,1,0.0,0,0,0,2.4726,1.7678,4.2404,857.5451999999983,24.5304,7,3,68,483,483,0,155.4827,4.4476,40,9,273,129,46,83,113.17099617751106,3.2373,46,11,299,156,88,68,7.85087,0,ok,logs/seed_846927.log
846927,comp_advantage,NHEFT+CompGate,0,0.0,1,0,0,2.4726,1.7678,4.2404,857.5451999999983,24.5304,7,3,68,483,483,0,155.4827,4.4476,40,9,273,129,46,83,128.05357166458,3.663,20,5,208,100,55,45,7.85087,0,ok,logs/seed_846927.log
763059,baseline,NHEFT,1,0.0,0,0,0,2.7929,1.9272,4.7201,739.3178999999992,17.8217,4,2,43,452,452,0,134.97310000000004,3.2536,30,8,227,91,42,49,103.41310264357952,2.4928,39,10,284,148,89,59,4.695763,0,ok,logs/seed_763059.log
763059,comp_advantage,NHEFT+CompGate,0,0.0,1,0,0,2.7929,1.9272,4.7201,739.3178999999992,17.8217,4,2,43,452,452,0,134.97310000000004,3.2536,30,8,227,91,42,49,213.91464259550563,5.1565,5,2,101,45,23,22,4.695763,0,ok,logs/seed_763059.log
861602,baseline,NHEFT,1,0.0,0,0,0,2.9469,1.8636,4.8105,999.075600000001,30.628,3,2,31,488,488,0,118.66109999999999,3.6377,31,10,217,91,50,41,92.71708269023706,2.8424,36,10,300,142,85,57,6.575516,0,ok,logs/seed_861602.log
861602,comp_advantage,NHEFT+CompGate,0,0.0,1,0,0,2.9469,1.8636,4.8105,999.075600000001,30.628,3,2,31,488,488,0,118.66109999999999,3.6377,31,10,217,91,50,41,196.27011614232902,6.0169,6,3,103,72,46,26,6.575516,0,ok,logs/seed_861602.log
631173,baseline,NHEFT,1,0.0,0,0,0,2.6201,1.4923,4.1124,786.0995999999984,19.3071,4,3,57,457,457,0,122.2912,3.0035,28,6,247,87,48,39,90.29081513673232,2.2176,40,11,281,125,83,42,9.320208,0,ok,logs/seed_631173.log
631173,comp_advantage,NHEFT+CompGate,0,0.0,1,0,0,2.6201,1.4923,4.1124,786.0995999999984,19.3071,4,3,57,457,457,0,122.2912,3.0035,28,6,247,87,48,39,88.80908928874445,2.1812,20,7,254,115,74,41,9.320208,0,ok,logs/seed_631173.log
53408,baseline,NHEFT,1,0.0,0,0,0,2.6129,1.7251,4.338,1145.2050999999979,29.4912,4,2,26,453,453,0,162.653,4.1886,24,5,199,78,49,29,98.59247825086175,2.5389,37,11,257,143,81,62,7.56062,0,ok,logs/seed_53408.log
53408,comp_advantage,NHEFT+CompGate,0,0.0,1,0,0,2.6129,1.7251,4.338,1145.2050999999979,29.4912,4,2,26,453,453,0,162.653,4.1886,24,5,199,78,49,29,106.10719282264549,2.7325,20,6,228,113,66,47,7.56062,0,ok,logs/seed_53408.log
328439,baseline,NHEFT,1,0.0,0,0,0,2.4217,1.5401,3.9618,843.2505000000017,24.1358,3,2,42,464,464,0,119.80949999999997,3.4292,28,7,235,83,42,41,88.6814579261025,2.5383,41,10,296,151,88,63,7.20528,0,ok,logs/seed_328439.log
328439,comp_advantage,NHEFT+CompGate,0,0.0,1,0,0,2.4217,1.5401,3.9618,843.2505000000017,24.1358,3,2,42,464,464,0,119.80949999999997,3.4292,28,7,235,83,42,41,125.48635335135135,3.5917,17,6,221,111,71,40,7.20528,0,ok,logs/seed_328439.log
1087,baseline,NHEFT,1,0.0,0,0,0,2.4009,1.7422,4.1431,906.4795999999982,21.8155,5,3,45,455,455,0,126.21649999999997,3.0376,29,7,218,78,45,33,107.43445695685591,2.5855,50,13,286,159,89,70,6.770971,0,ok,logs/seed_1087.log
1087,comp_advantage,NHEFT+CompGate,0,0.0,1,0,0,2.4009,1.7422,4.1431,906.4795999999982,21.8155,5,3,45,455,455,0,126.21649999999997,3.0376,29,7,218,78,45,33,113.25276892709985,2.7256,17,7,219,122,61,61,6.770971,0,ok,logs/seed_1087.log
577361,baseline,NHEFT,1,0.0,0,0,0,2.7675,1.8469,4.6144,1093.890499999999,26.7393,4,3,43,434,434,0,168.1355,4.1099,24,8,172,82,46,36,92.75407897404664,2.2673,45,11,300,151,81,70,5.439811,0,ok,logs/seed_577361.log
577361,comp_advantage,NHEFT+CompGate,0,0.0,1,0,0,2.7675,1.8469,4.6144,1093.890499999999,26.7393,4,3,43,434,434,0,168.1355,4.1099,24,8,172,82,46,36,170.0749421304347,4.1573,6,2,116,46,34,12,5.439811,0,ok,logs/seed_577361.log
72146,baseline,NHEFT,1,0.0,0,0,0,2.5671,1.6776,4.2447,935.7569000000018,28.3155,3,2,40,446,446,0,130.52820000000006,3.9497,34,7,228,89,45,44,84.54497468982632,2.5583,41,12,289,158,87,71,8.254769,0,ok,logs/seed_72146.log
72146,comp_advantage,NHEFT+CompGate,0,0.0,1,0,0,2.5671,1.6776,4.2447,935.7569000000018,28.3155,3,2,40,446,446,0,130.52820000000006,3.9497,34,7,228,89,45,44,94.96247223796034,2.8735,14,4,218,82,63,19,8.254769,0,ok,logs/seed_72146.log
479068,baseline,NHEFT,1,0.0,0,0,0,2.1412,1.5798,3.721,850.6298000000007,28.104,4,2,43,432,432,0,142.43089999999998,4.7058,21,7,214,77,41,36,98.32085637583893,3.2484,38,12,265,147,78,69,6.338669,0,ok,logs/seed_479068.log
479068,comp_advantage,NHEFT+CompGate,0,0.0,1,0,0,2.1412,1.5798,3.721,850.6298000000007,28.104,4,2,43,432,432,0,142.43089999999998,4.7058,21,7,214,77,41,36,116.45914932214767,3.8477,21,9,211,151,93,58,6.338669,0,ok,logs/seed_479068.log
267093,baseline,NHEFT,1,0.0,0,0,0,1.9963,1.4594,3.4557,1060.2054999999996,26.3519,3,2,40,473,473,0,172.05830000000003,4.2766,29,8,206,88,45,43,103.84491506849312,2.5811,42,11,298,152,93,59,6.647598,0,ok,logs/seed_267093.log
267093,comp_advantage,NHEFT+CompGate,0,0.0,1,0,0,1.9963,1.4594,3.4557,1060.2054999999996,26.3519,3,2,40,473,473,0,172.05830000000003,4.2766,29,8,206,88,45,43,128.29855593869732,3.1889,17,6,223,99,74,25,6.647598,0,ok,logs/seed_267093.log
174052,baseline,NHEFT,1,0.0,0,0,0,2.3272,1.5694,3.8966,833.2420000000001,22.5678,3,2,39,467,467,0,129.6928,3.5126,26,7,195,78,47,31,83.58209289831154,2.2638,52,13,315,169,85,84,7.855309,0,ok,logs/seed_174052.log
174052,comp_advantage,NHEFT+CompGate,0,0.0,1,0,0,2.3272,1.5694,3.8966,833.2420000000001,22.5678,3,2,39,467,467,0,129.6928,3.5126,26,7,195,78,47,31,103.12741345454646,2.7931,22,8,250,110,77,33,7.855309,0,ok,logs/seed_174052.log
224195,baseline,NHEFT,1,0.0,0,0,0,2.1589,1.3273,3.4862,723.3262000000005,20.0713,4,2,56,438,438,0,160.78999999999996,4.4617,30,10,203,112,42,70,117.25709777804582,3.2537,36,10,278,149,107,42,5.936843,0,ok,logs/seed_224195.log
224195,comp_advantage,NHEFT+CompGate,0,0.0,1,0,0,2.1589,1.3273,3.4862,723.3262000000005,20.0713,4,2,56,438,438,0,160.78999999999996,4.4617,30,10,203,112,42,70,161.36949804477607,4.4778,10,4,156,78,45,33,5.936843,0,ok,logs/seed_224195.log
203906,baseline,NHEFT,1,0.0,0,0,0,2.7064,1.9405,4.6469,805.5782999999986,21.3649,4,3,52,433,433,0,156.20379999999997,4.1427,34,11,214,124,52,72,99.36655204895102,2.6353,48,14,283,163,82,81,6.614665,0,ok,logs/seed_203906.log
203906,comp_advantage,NHEFT+CompGate,0,0.0,1,0,0,2.7064,1.9405,4.6469,805.5782999999986,21.3649,4,3,52,433,433,0,156.20379999999997,4.1427,34,11,214,124,52,72,164.7027581860465,4.3681,9,3,137,66,40,26,6.614665,0,ok,logs/seed_203906.log
223610,baseline,NHEFT,1,0.0,0,0,0,2.3926,1.851,4.2436,948.5539999999993,28.092,4,2,25,453,453,0,123.06169999999999,3.6445,24,6,202,70,40,30,96.94555814364641,2.8711,36,9,258,115,72,43,6.162392,0,ok,logs/seed_223610.log
223610,comp_advantage,NHEFT+CompGate,0,0.0,1,0,0,2.3926,1.851,4.2436,948.5539999999993,28.092,4,2,25,453,453,0,123.06169999999999,3.6445,24,6,202,70,40,30,105.99679897604713,3.1392,18,6,231,108,69,39,6.162392,0,ok,logs/seed_223610.log
765827,baseline,NHEFT,1,0.0,0,0,0,2.5113,1.7598,4.2711,917.428699999996,22.4134,4,2,42,485,485,0,141.28109999999998,3.4516,26,8,213,84,52,32,108.1575134900903,2.6424,34,10,290,138,84,54,7.689121,0,ok,logs/seed_765827.log
765827,comp_advantage,NHEFT+CompGate,0,0.0,1,0,0,2.5113,1.7598,4.2711,917.428699999996,22.4134,4,2,42,485,485,0,141.28109999999998,3.4516,26,8,213,84,52,32,107.54282407692308,2.6273,24,10,255,133,78,55,7.689121,0,ok,logs/seed_765827.log
597825,baseline,NHEFT,1,0.0,0,0,0,2.6308,1.762,4.3928,830.6291999999999,20.0082,4,2,35,439,439,0,127.87310000000004,3.0802,25,5,199,78,45,33,107.69165208735964,2.5941,35,9,281,134,87,47,5.780425,0,ok,logs/seed_597825.log
597825,comp_advantage,NHEFT+CompGate,0,0.0,1,0,0,2.6308,1.762,4.3928,830.6291999999999,20.0082,4,2,35,439,439,0,127.87310000000004,3.0802,25,5,199,78,45,33,654.8730212421524,15.7746,1,1,22,20,20,0,5.780425,0,ok,logs/seed_597825.log
743325,baseline,NHEFT,1,0.0,0,0,0,2.5678,1.9471,4.5149,963.2561999999992,32.3051,5,3,56,456,456,0,154.44640000000007,5.1797,22,5,202,72,53,19,101.28839774796748,3.3969,42,10,286,143,80,63,7.556707,0,ok,logs/seed_743325.log
743325,comp_advantage,NHEFT+CompGate,0,0.0,1,0,0,2.5678,1.9471,4.5149,963.2561999999992,32.3051,5,3,56,456,456,0,154.44640000000007,5.1797,22,5,202,72,53,19,137.51421176470592,4.6119,16,7,208,118,70,48,7.556707,0,ok,logs/seed_743325.log
459404,baseline,NHEFT,1,0.0,0,0,0,2.088,1.4052,3.4932,820.9503000000001,19.4838,4,2,48,456,456,0,147.35039999999998,3.4971,38,10,269,131,53,78,105.6892033794516,2.5083,46,11,307,168,107,61,6.094315,0,ok,logs/seed_459404.log
459404,comp_advantage,NHEFT+CompGate,0,0.0,1,0,0,2.088,1.4052,3.4932,820.9503000000001,19.4838,4,2,48,456,456,0,147.35039999999998,3.4971,38,10,269,131,53,78,157.89924834078212,3.7475,11,4,172,73,40,33,6.094315,0,ok,logs/seed_459404.log
644891,baseline,NHEFT,1,0.0,0,0,0,2.6314,1.7677,4.3991,949.0591999999999,21.551,3,2,32,469,469,0,134.64690000000004,3.0575,36,9,221,88,45,43,108.1718718737864,2.4563,37,11,268,127,80,47,7.109642,0,ok,logs/seed_644891.log
644891,comp_advantage,NHEFT+CompGate,0,0.0,1,0,0,2.6314,1.7677,4.3991,949.0591999999999,21.551,3,2,32,469,469,0,134.64690000000004,3.0575,36,9,221,88,45,43,108.6400501150807,2.467,25,10,252,134,86,48,7.109642,0,ok,logs/seed_644891.log
112316,baseline,NHEFT,1,0.0,0,0,0,2.5503,1.5152,4.0655,851.2067000000009,21.9492,5,3,46,472,472,0,139.0905,3.5866,32,8,249,111,56,55,95.80705385612441,2.4705,42,10,302,136,85,51,6.000686,0,ok,logs/seed_112316.log
112316,comp_advantage,NHEFT+CompGate,0,0.0,1,0,0,2.5503,1.5152,4.0655,851.2067000000009,21.9492,5,3,46,472,472,0,139.0905,3.5866,32,8,249,111,56,55,755.1698541304346,19.4728,1,1,22,20,20,0,6.000686,0,ok,logs/seed_112316.log
708240,baseline,NHEFT,1,0.0,0,0,0,2.4867,1.7453,4.232,755.8124999999987,17.7776,4,2,43,438,438,0,134.9276,3.1737,25,9,210,99,48,51,92.3003815602837,2.171,31,9,267,132,78,54,5.8693,0,ok,logs/seed_708240.log
708240,comp_advantage,NHEFT+CompGate,0,0.0,1,0,0,2.4867,1.7453,4.232,755.8124999999987,17.7776,4,2,43,438,438,0,134.9276,3.1737,25,9,210,99,48,51,167.69937421276597,3.9445,12,6,170,108,72,36,5.8693,0,ok,logs/seed_708240.log
988612,baseline,NHEFT,1,0.0,0,0,0,2.5684,1.391,3.9594,983.9943000000013,27.8026,4,2,28,445,445,0,136.53270000000003,3.8577,30,9,202,98,43,55,87.97817820884264,2.4858,38,10,271,139,85,54,5.591909,0,ok,logs/seed_988612.log
988612,comp_advantage,NHEFT+CompGate,0,0.0,1,0,0,2.5684,1.391,3.9594,983.9943000000013,27.8026,4,2,28,445,445,0,136.53270000000003,3.8577,30,9,202,98,43,55,111.41651965919286,3.1481,16,4,197,55,46,9,5.591909,0,ok,logs/seed_988612.log
737269,baseline,NHEFT,1,0.0,0,0,0,2.7332,1.7898,4.523,762.3276000000014,18.1823,4,2,43,450,450,0,133.4064,3.1819,34,7,225,103,47,56,106.2670718362573,2.5346,41,12,294,156,84,72,6.617441,0,ok,logs/seed_737269.log
737269,comp_advantage,NHEFT+CompGate,0,0.0,1,0,0,2.7332,1.7898,4.523,762.3276000000014,18.1823,4,2,43,450,450,0,133.4064,3.1819,34,7,225,103,47,56,115.23618988888892,2.7485,16,5,207,90,62,28,6.617441,0,ok,logs/seed_737269.log
670045,baseline,NHEFT,1,0.0,0,0,0,2.6026,1.5878,4.1904,1095.2303999999992,30.0342,2,2,42,431,431,0,165.7819,4.5462,25,11,184,109,51,58,85.5896139963363,2.3471,38,11,265,155,89,66,7.463171,0,ok,logs/seed_670045.log
670045,comp_advantage,NHEFT+CompGate,0,0.0,1,0,0,2.6026,1.5878,4.1904,1095.2303999999992,30.0342,2,2,42,431,431,0,165.7819,4.5462,25,11,184,109,51,58,111.59969516589862,3.0604,15,6,187,121,75,46,7.463171,0,ok,logs/seed_670045.log
697981,baseline,NHEFT,1,0.0,0,0,0,2.3601,1.6755,4.0356,822.8784000000007,24.981,4,2,45,481,481,0,146.79479999999998,4.4564,27,6,187,76,55,21,102.47969512714776,3.1111,40,11,293,141,81,60,5.640995,0,ok,logs/seed_697981.log
697981,comp_advantage,NHEFT+CompGate,0,0.0,1,0,0,2.3601,1.6755,4.0356,822.8784000000007,24.981,4,2,45,481,481,0,146.79479999999998,4.4564,27,6,187,76,55,21,648.3673693499599,19.6832,1,1,22,21,21,0,5.640995,0,ok,logs/seed_697981.log
940926,baseline,NHEFT,1,0.0,0,0,0,3.0255,2.0568,5.0823,971.4017999999992,29.4151,3,2,30,464,464,0,135.58790000000002,4.1058,19,7,186,67,41,26,86.20640456433128,2.6104,32,9,271,130,81,49,6.682193,0,ok,logs/seed_940926.log
940926,comp_advantage,NHEFT+CompGate,0,0.0,1,0,0,3.0255,2.0568,5.0823,971.4017999999992,29.4151,3,2,30,464,464,0,135.58790000000002,4.1058,19,7,186,67,41,26,125.45489221528621,3.7989,19,9,225,139,87,52,6.682193,0,ok,logs/seed_940926.log
245466,baseline,NHEFT,1,0.0,0,0,0,2.8643,1.8628,4.7271,747.0164999999989,16.1321,4,2,43,484,484,0,130.8429,2.8256,26,6,199,85,49,36,98.72120618517651,2.1319,46,11,310,155,90,65,8.195454,0,ok,logs/seed_245466.log
245466,comp_advantage,NHEFT+CompGate,0,0.0,1,0,0,2.8643,1.8628,4.7271,747.0164999999989,16.1321,4,2,43,484,484,0,130.8429,2.8256,26,6,199,85,49,36,184.52207809105187,3.9848,6,3,118,64,51,13,8.195454,0,ok,logs/seed_245466.log
863385,baseline,NHEFT,1,0.0,0,0,0,2.6014,1.4487,4.0501,742.1021999999998,17.7094,4,2,43,490,490,0,126.91790000000002,3.0287,26,6,235,83,44,39,87.41229773755656,2.086,39,11,307,150,87,63,6.885006,0,ok,logs/seed_863385.log
863385,comp_advantage,NHEFT+CompGate,0,0.0,1,0,0,2.6014,1.4487,4.0501,742.1021999999998,17.7094,4,2,43,490,490,0,126.91790000000002,3.0287,26,6,235,83,44,39,108.51813889618924,2.5897,25,8,257,131,79,52,6.885006,0,ok,logs/seed_863385.log
502084,baseline,NHEFT,1,0.0,0,0,0,2.5367,1.9281,4.4648,955.7829,21.9503,4,3,42,474,474,0,126.88510000000004,2.914,26,5,220,76,56,20,107.80601410428305,2.4758,37,9,294,170,89,81,7.110896,0,ok,logs/seed_502084.log
502084,comp_advantage,NHEFT+CompGate,0,0.0,1,0,0,2.5367,1.9281,4.4648,955.7829,21.9503,4,3,42,474,474,0,126.88510000000004,2.914,26,5,220,76,56,20,206.92446580446926,4.7522,6,2,121,44,44,0,7.110896,0,ok,logs/seed_502084.log
268333,baseline,NHEFT,1,0.0,0,0,0,2.677,1.4211,4.0981,845.6057999999998,28.7898,3,2,42,467,467,0,130.70329999999998,4.45,30,8,213,78,42,36,98.51303622207176,3.354,44,10,285,135,84,51,7.04633,0,ok,logs/seed_268333.log
268333,comp_advantage,NHEFT+CompGate,0,0.0,1,0,0,2.677,1.4211,4.0981,845.6057999999998,28.7898,3,2,42,467,467,0,130.70329999999998,4.45,30,8,213,78,42,36,106.82553185781991,3.637,17,7,204,109,62,47,7.04633,0,ok,logs/seed_268333.log
889172,baseline,NHEFT,1,0.0,0,0,0,2.4845,1.3881,3.8726,982.6610000000014,26.5071,3,2,23,445,445,0,120.42889999999996,3.2485,24,6,194,71,47,24,85.93678173766546,2.3181,42,10,273,139,84,55,6.551096,0,ok,logs/seed_889172.log
889172,comp_advantage,NHEFT+CompGate,0,0.0,1,0,0,2.4845,1.3881,3.8726,982.6610000000014,26.5071,3,2,23,445,445,0,120.42889999999996,3.2485,24,6,194,71,47,24,108.46386281588447,2.9258,13,6,184,97,72,25,6.551096,0,ok,logs/seed_889172.log
768859,baseline,NHEFT,1,0.0,0,0,0,2.4707,1.8291,4.2998,799.2162000000004,24.4211,4,3,58,454,454,0,146.59629999999999,4.4794,32,9,214,108,51,57,100.62496923076925,3.0747,33,11,264,136,91,45,6.562873,0,ok,logs/seed_768859.log
768859,comp_advantage,NHEFT+CompGate,0,0.0,1,0,0,2.4707,1.8291,4.2998,799.2162000000004,24.4211,4,3,58,454,454,0,146.59629999999999,4.4794,32,9,214,108,51,57,110.51854554384757,3.377,19,10,239,132,89,43,6.562873,0,ok,logs/seed_768859.log
108511,baseline,NHEFT,1,0.0,0,0,0,2.555,1.8198,4.3748,920.7563999999987,28.6119,4,2,43,485,485,0,123.4659,3.8366,27,7,241,81,44,37,97.46083201174481,3.0285,51,15,332,205,98,107,8.52327,0,ok,logs/seed_108511.log
108511,comp_advantage,NHEFT+CompGate,0,0.0,1,0,0,2.555,1.8198,4.3748,920.7563999999987,28.6119,4,2,43,485,485,0,123.4659,3.8366,27,7,241,81,44,37,102.06272669657422,3.1715,17,7,231,114,68,46,8.52327,0,ok,logs/seed_108511.log
828273,baseline,NHEFT,1,0.0,0,0,0,2.4683,1.5071,3.9754,798.8621999999999,20.6271,3,2,31,453,453,0,117.60490000000004,3.0366,28,7,217,91,47,44,86.34693986407767,2.2295,39,10,271,132,84,48,5.956152,0,ok,logs/seed_828273.log
828273,comp_advantage,NHEFT+CompGate,0,0.0,1,0,0,2.4683,1.5071,3.9754,798.8621999999999,20.6271,3,2,31,453,453,0,117.60490000000004,3.0366,28,7,217,91,47,44,116.9596417260274,3.02,18,8,229,119,84,35,5.956152,0,ok,logs/seed_828273.log
932667,baseline,NHEFT,1,0.0,0,0,0,2.3772,1.5562,3.9334,796.4518999999998,25.7198,5,3,44,422,422,0,135.3222,4.37,32,10,230,117,51,66,93.2941982622433,3.0127,45,13,296,181,109,72,6.058511,0,ok,logs/seed_932667.log
932667,comp_advantage,NHEFT+CompGate,0,0.0,1,0,0,2.3772,1.5562,3.9334,796.4518999999998,25.7198,5,3,44,422,422,0,135.3222,4.37,32,10,230,117,51,66,192.43298695652172,6.2142,7,2,129,51,41,10,6.058511,0,ok,logs/seed_932667.log
245421,baseline,NHEFT,1,0.0,0,0,0,2.4483,1.5419,3.9902,832.1228000000003,22.984,7,4,64,445,445,0,150.21890000000005,4.1492,28,12,218,104,50,54,98.15259999999999,2.7111,39,13,278,152,96,56,5.964375,0,ok,logs/seed_245421.log
245421,comp_advantage,NHEFT+CompGate,0,0.0,1,0,0,2.4483,1.5419,3.9902,832.1228000000003,22.984,7,4,64,445,445,0,150.21890000000005,4.1492,28,12,218,104,50,54,112.94379865658794,3.1196,18,6,206,97,73,24,5.964375,0,ok,logs/seed_245421.log
678641,baseline,NHEFT,1,0.0,0,0,0,2.8101,1.6279,4.438,851.6311999999982,19.5242,3,2,41,460,460,0,122.75720000000001,2.8143,29,10,216,85,45,40,84.22174083224968,1.9308,46,13,309,158,89,69,8.312313,0,ok,logs/seed_678641.log
678641,comp_advantage,NHEFT+CompGate,0,0.0,1,0,0,2.8101,1.6279,4.438,851.6311999999982,19.5242,3,2,41,460,460,0,122.75720000000001,2.8143,29,10,216,85,45,40,105.39324457145278,2.4162,32,9,269,142,90,52,8.312313,0,ok,logs/seed_678641.log
935125,baseline,NHEFT,1,0.0,0,0,0,2.7317,1.8977,4.6294,742.7359999999995,18.016,5,2,48,480,480,0,139.81459999999996,3.3914,31,10,230,110,54,56,115.27832808105204,2.7962,39,11,289,151,92,59,7.781673,0,ok,logs/seed_935125.log
935125,comp_advantage,NHEFT+CompGate,0,0.0,1,0,0,2.7317,1.8977,4.6294,742.7359999999995,18.016,5,2,48,480,480,0,139.81459999999996,3.3914,31,10,230,110,54,56,140.50561670370365,3.4081,15,5,206,117,63,54,7.781673,0,ok,logs/seed_935125.log
605287,baseline,NHEFT,1,0.0,0,0,0,2.6662,1.8988,4.565,780.1945,19.8365,4,2,40,447,447,0,133.7528,3.4007,28,8,224,107,43,64,101.93906500264548,2.5918,37,9,262,127,86,41,7.223667,0,ok,logs/seed_605287.log
605287,comp_advantage,NHEFT+CompGate,0,0.0,1,0,0,2.6662,1.8988,4.565,780.1945,19.8365,4,2,40,447,447,0,133.7528,3.4007,28,8,224,107,43,64,194.27346460377356,4.9394,7,3,121,75,51,24,7.223667,0,ok,logs/seed_605287.log
241117,baseline,NHEFT,1,0.0,0,0,0,2.8811,1.4959,4.377,863.4919999999997,18.5601,3,2,39,477,477,0,162.98440000000008,3.5032,24,7,184,77,49,28,87.14007209541363,1.873,41,12,291,149,86,63,7.679086,0,ok,logs/seed_241117.log
241117,comp_advantage,NHEFT+CompGate,0,0.0,1,0,0,2.8811,1.4959,4.377,863.4919999999997,18.5601,3,2,39,477,477,0,162.98440000000008,3.5032,24,7,184,77,49,28,137.83162470568564,2.9626,15,6,205,110,80,30,7.679086,0,ok,logs/seed_241117.log
137693,baseline,NHEFT,1,0.0,0,0,0,2.1621,1.6515,3.8136,959.661900000002,29.0172,4,2,49,503,503,0,148.68,4.4956,31,10,248,102,42,60,114.01874109790833,3.4476,48,11,301,154,89,65,9.760457,0,ok,logs/seed_137693.log
137693,comp_advantage,NHEFT+CompGate,0,0.0,1,0,0,2.1621,1.6515,3.8136,959.661900000002,29.0172,4,2,49,503,503,0,148.68,4.4956,31,10,248,102,42,60,121.26635562769658,3.6667,26,10,269,153,90,63,9.760457,0,ok,logs/seed_137693.log
519815,baseline,NHEFT,1,0.0,0,0,0,2.7165,1.7345,4.451,987.9050000000015,25.9195,4,2,24,472,472,0,125.64739999999999,3.2966,31,9,203,91,46,45,89.75613787600139,2.3549,42,10,300,158,82,76,6.075142,0,ok,logs/seed_519815.log
519815,comp_advantage,NHEFT+CompGate,0,0.0,1,0,0,2.7165,1.7345,4.451,987.9050000000015,25.9195,4,2,24,472,472,0,125.64739999999999,3.2966,31,9,203,91,46,45,140.50612916602316,3.6864,15,4,187,89,64,25,6.075142,0,ok,logs/seed_519815.log
825689,baseline,NHEFT,1,0.0,0,0,0,2.5795,1.5061,4.0856,843.4751000000006,20.2372,3,2,42,461,461,0,122.1517,2.9307,30,8,225,90,52,38,84.36677929736511,2.0242,46,12,306,159,95,64,6.774327,0,ok,logs/seed_825689.log
825689,comp_advantage,NHEFT+CompGate,0,0.0,1,0,0,2.5795,1.5061,4.0856,843.4751000000006,20.2372,3,2,42,461,461,0,122.1517,2.9307,30,8,225,90,52,38,157.461785685069,3.7779,13,5,193,99,66,33,6.774327,0,ok,logs/seed_825689.log
266300,baseline,NHEFT,1,0.0,0,0,0,2.7415,1.5666,4.3081,909.9301999999998,25.5285,4,3,43,473,473,0,141.89590000000004,3.981,24,6,194,83,51,32,89.15111434649224,2.5012,41,10,299,159,87,72,7.402797,0,ok,logs/seed_266300.log
266300,comp_advantage,NHEFT+CompGate,0,0.0,1,0,0,2.7415,1.5666,4.3081,909.9301999999998,25.5285,4,3,43,473,473,0,141.89590000000004,3.981,24,6,194,83,51,32,107.50151837852592,3.016,20,10,250,160,110,50,7.402797,0,ok,logs/seed_266300.log
353884,baseline,NHEFT,1,0.0,0,0,0,2.5976,1.8372,4.4348,816.476100000003,17.9463,4,2,49,483,483,0,165.2899,3.6331,26,8,231,96,46,50,135.21876766666665,2.9721,38,10,266,138,88,50,6.593529,0,ok,logs/seed_353884.log
353884,comp_advantage,NHEFT+CompGate,0,0.0,1,0,0,2.5976,1.8372,4.4348,816.476100000003,17.9463,4,2,49,483,483,0,165.2899,3.6331,26,8,231,96,46,50,157.82840364926489,3.4691,11,3,159,65,38,27,6.593529,0,ok,logs/seed_353884.log
141574,baseline,NHEFT,1,0.0,0,0,0,2.5303,1.2835,3.8138,942.4583000000017,20.9415,3,2,42,485,485,0,129.18449999999999,2.8705,42,12,241,115,42,73,94.32976790038315,2.096,48,11,307,165,88,77,6.666322,0,ok,logs/seed_141574.log
141574,comp_advantage,NHEFT+CompGate,0,0.0,1,0,0,2.5303,1.2835,3.8138,942.4583000000017,20.9415,3,2,42,485,485,0,129.18449999999999,2.8705,42,12,241,115,42,73,95.83388751714679,2.1294,25,9,254,139,77,62,6.666322,0,ok,logs/seed_141574.log
211351,baseline,NHEFT,1,0.0,0,0,0,2.6575,1.6945,4.352,942.3679999999991,22.5401,3,2,31,467,467,0,136.97209999999998,3.2762,31,8,231,106,46,60,110.2367841432225,2.6367,35,8,289,143,90,53,4.944256,0,ok,logs/seed_211351.log
211351,comp_advantage,NHEFT+CompGate,0,0.0,1,0,0,2.6575,1.6945,4.352,942.3679999999991,22.5401,3,2,31,467,467,0,136.97209999999998,3.2762,31,8,231,106,46,60,751.9557937468359,17.9857,1,1,22,21,21,0,4.944256,0,ok,logs/seed_211351.log
64745,baseline,NHEFT,1,0.0,0,0,0,2.1847,1.3076,3.4923,749.5885999999994,15.2849,5,3,49,472,472,0,130.00650000000002,2.651,31,6,228,92,58,34,96.35009063828868,1.9647,51,10,330,182,103,79,6.823423,0,ok,logs/seed_64745.log
64745,comp_advantage,NHEFT+CompGate,0,0.0,1,0,0,2.1847,1.3076,3.4923,749.5885999999994,15.2849,5,3,49,472,472,0,130.00650000000002,2.651,31,6,228,92,58,34,210.84934546153846,4.2994,10,2,139,56,41,15,6.823423,0,ok,logs/seed_64745.log
827551,baseline,NHEFT,1,0.0,0,0,0,2.7501,1.9468,4.6969,722.5798000000011,16.2031,3,2,42,426,426,0,118.36499999999998,2.6542,29,8,222,95,57,38,95.6976582339704,2.1459,32,10,245,142,92,50,6.368583,0,ok,logs/seed_827551.log
827551,comp_advantage,NHEFT+CompGate,0,0.0,1,0,0,2.7501,1.9468,4.6969,722.5798000000011,16.2031,3,2,42,426,426,0,118.36499999999998,2.6542,29,8,222,95,57,38,127.39592918951132,2.8567,11,4,179,85,61,24,6.368583,0,ok,logs/seed_827551.log
236634,baseline,NHEFT,1,0.0,0,0,0,2.6021,1.68,4.2821,760.8330999999989,21.4226,3,2,42,442,442,0,126.29340000000002,3.556,23,7,212,87,55,32,93.21195029072452,2.6246,46,13,290,159,84,75,6.272361,0,ok,logs/seed_236634.log
236634,comp_advantage,NHEFT+CompGate,0,0.0,1,0,0,2.6021,1.68,4.2821,760.8330999999989,21.4226,3,2,42,442,442,0,126.29340000000002,3.556,23,7,212,87,55,32,138.3500947014414,3.8955,21,10,214,158,93,65,6.272361,0,ok,logs/seed_236634.log
554061,baseline,NHEFT,1,0.0,0,0,0,2.5181,1.6985,4.2166,971.6276000000007,22.5389,6,4,60,450,450,0,148.23459999999997,3.4386,31,7,245,100,52,48,104.42185838132572,2.4223,40,10,290,144,88,56,6.420281,0,ok,logs/seed_554061.log
554061,comp_advantage,NHEFT+CompGate,0,0.0,1,0,0,2.5181,1.6985,4.2166,971.6276000000007,22.5389,6,4,60,450,450,0,148.23459999999997,3.4386,31,7,245,100,52,48,122.44655889473684,2.8404,22,9,235,132,78,54,6.420281,0,ok,logs/seed_554061.log
473253,baseline,NHEFT,1,0.0,0,0,0,2.2765,1.3199,3.5964,949.8303,24.763,3,2,42,433,433,0,173.36330000000004,4.5197,26,8,206,100,46,54,103.7491455887446,2.7048,31,10,274,146,88,58,6.834042,0,ok,logs/seed_473253.log
473253,comp_advantage,NHEFT+CompGate,0,0.0,1,0,0,2.2765,1.3199,3.5964,949.8303,24.763,3,2,42,433,433,0,173.36330000000004,4.5197,26,8,206,100,46,54,115.39734828890663,3.0085,14,7,183,113,66,47,6.834042,0,ok,logs/seed_473253.log
397414,baseline,NHEFT,1,0.0,0,0,0,2.6859,2.0949,4.7808,900.2480000000003,25.3902,4,2,43,484,484,0,116.10940000000002,3.2747,31,6,275,68,41,27,97.22887025629579,2.7422,46,10,310,162,88,74,8.309672,0,ok,logs/seed_397414.log
397414,comp_advantage,NHEFT+CompGate,0,0.0,1,0,0,2.6859,2.0949,4.7808,900.2480000000003,25.3902,4,2,43,484,484,0,116.10940000000002,3.2747,31,6,275,68,41,27,926.500826787072,26.1306,1,1,22,20,20,0,8.309672,0,ok,logs/seed_397414.log
237902,baseline,NHEFT,1,0.0,0,0,0,2.5566,1.4911,4.0477,954.2733999999999,26.3163,4,2,26,441,441,0,132.23389999999998,3.6467,27,6,203,97,55,42,80.90536224946366,2.2312,47,12,270,141,84,57,6.479301,0,ok,logs/seed_237902.log
237902,comp_advantage,NHEFT+CompGate,0,0.0,1,0,0,2.5566,1.4911,4.0477,954.2733999999999,26.3163,4,2,26,441,441,0,132.23389999999998,3.6467,27,6,203,97,55,42,101.73346746302614,2.8055,20,7,233,125,83,42,6.479301,0,ok,logs/seed_237902.log
57519,baseline,NHEFT,1,0.0,0,0,0,2.3314,1.481,3.8124,691.7087999999997,21.3646,6,4,65,450,450,0,143.94249999999997,4.4459,39,10,234,110,44,66,89.46988128029037,2.7634,51,10,298,153,94,59,6.327249,0,ok,logs/seed_57519.log
57519,comp_advantage,NHEFT+CompGate,0,0.0,1,0,0,2.3314,1.481,3.8124,691.7087999999997,21.3646,6,4,65,450,450,0,143.94249999999997,4.4459,39,10,234,110,44,66,203.02098545504842,6.2706,10,3,145,66,49,17,6.327249,0,ok,logs/seed_57519.log
505780,baseline,NHEFT,1,0.0,0,0,0,2.8188,1.5821,4.4009,651.0808999999997,15.8871,3,2,42,425,425,0,115.4521,2.8172,25,7,215,76,42,34,74.96700233190806,1.8293,41,12,273,127,82,45,5.874032,0,ok,logs/seed_505780.log
505780,comp_advantage,NHEFT+CompGate,0,0.0,1,0,0,2.8188,1.5821,4.4009,651.0808999999997,15.8871,3,2,42,425,425,0,115.4521,2.8172,25,7,215,76,42,34,115.84554522343971,2.8268,15,5,185,81,54,27,5.874032,0,ok,logs/seed_505780.log
353215,baseline,NHEFT,1,0.0,0,0,0,2.0649,1.3954,3.4603,766.1817999999995,19.1053,4,2,44,476,476,0,167.251,4.1705,24,7,208,92,54,38,109.68311356194006,2.735,42,12,288,167,99,68,6.275321,0,ok,logs/seed_353215.log
353215,comp_advantage,NHEFT+CompGate,0,0.0,1,0,0,2.0649,1.3954,3.4603,766.1817999999995,19.1053,4,2,44,476,476,0,167.251,4.1705,24,7,208,92,54,38,185.59138357657656,4.6278,19,7,219,124,75,49,6.275321,0,ok,logs/seed_353215.log
60194,baseline,NHEFT,1,0.0,0,0,0,2.6208,1.6613,4.2821,932.9511000000007,31.0293,5,4,45,477,477,0,127.81300000000002,4.251,30,7,253,96,50,46,95.85064680691208,3.1879,40,10,308,157,98,59,8.415574,0,ok,logs/seed_60194.log
60194,comp_advantage,NHEFT+CompGate,0,0.0,1,0,0,2.6208,1.6613,4.2821,932.9511000000007,31.0293,5,4,45,477,477,0,127.81300000000002,4.251,30,7,253,96,50,46,103.8982722842713,3.4556,26,10,252,144,90,54,8.415574,0,ok,logs/seed_60194.log
21327,baseline,NHEFT,1,0.0,0,0,0,2.5664,1.457,4.0234,1071.4498000000015,22.5066,5,3,48,482,482,0,141.2457,2.967,30,9,231,96,48,48,102.42470881927713,2.1515,40,10,273,134,86,48,7.753714,0,ok,logs/seed_21327.log
21327,comp_advantage,NHEFT+CompGate,0,0.0,1,0,0,2.5664,1.457,4.0234,1071.4498000000015,22.5066,5,3,48,482,482,0,141.2457,2.967,30,9,231,96,48,48,96.25957716267942,2.022,20,6,245,113,76,37,7.753714,0,ok,logs/seed_21327.log
551141,baseline,NHEFT,1,0.0,0,0,0,2.4653,1.2921,3.7574,699.8915999999998,19.8963,2,1,42,425,425,0,145.74170000000004,4.1431,21,5,184,74,46,28,78.82510220994475,2.2408,35,10,259,129,78,51,4.245558,0,ok,logs/seed_551141.log
551141,comp_advantage,NHEFT+CompGate,0,0.0,1,0,0,2.4653,1.2921,3.7574,699.8915999999998,19.8963,2,1,42,425,425,0,145.74170000000004,4.1431,21,5,184,74,46,28,799.5646758218529,22.7298,1,1,22,23,23,0,4.245558,0,ok,logs/seed_551141.log
504483,baseline,NHEFT,1,0.0,0,0,0,2.5831,1.806,4.3891,836.2575999999996,27.8927,5,3,35,450,450,0,105.74730000000001,3.5271,24,6,202,65,45,20,75.26728555809335,2.5105,34,11,258,97,63,34,6.583302,0,ok,logs/seed_504483.log
504483,comp_advantage,NHEFT+CompGate,0,0.0,1,0,0,2.5831,1.806,4.3891,836.2575999999996,27.8927,5,3,35,450,450,0,105.74730000000001,3.5271,24,6,202,65,45,20,93.62841957095708,3.1229,13,4,197,70,51,19,6.583302,0,ok,logs/seed_504483.log
50984,baseline,NHEFT,1,0.0,0,0,0,2.405,1.4838,3.8888,942.0385,19.8318,3,2,53,469,469,0,131.2184,2.7624,29,8,215,94,46,48,102.93191018258703,2.1669,52,13,317,155,96,59,6.429712,0,ok,logs/seed_50984.log
50984,comp_advantage,NHEFT+CompGate,0,0.0,1,0,0,2.405,1.4838,3.8888,942.0385,19.8318,3,2,53,469,469,0,131.2184,2.7624,29,8,215,94,46,48,830.167015017751,17.4767,1,1,22,22,22,0,6.429712,0,ok,logs/seed_50984.log
145299,baseline,NHEFT,1,0.0,0,0,0,2.6673,1.7395,4.4068,1109.5080999999982,29.8411,4,3,43,440,440,0,169.07440000000005,4.5474,38,15,235,139,41,98,88.31198356040677,2.3752,43,10,288,147,88,59,7.067273,0,ok,logs/seed_145299.log
145299,comp_advantage,NHEFT+CompGate,0,0.0,1,0,0,2.6673,1.7395,4.4068,1109.5080999999982,29.8411,4,3,43,440,440,0,169.07440000000005,4.5474,38,15,235,139,41,98,117.27546044699143,3.1542,15,5,194,87,62,25,7.067273,0,ok,logs/seed_145299.log
933274,baseline,NHEFT,1,0.0,0,0,0,2.4445,1.3699,3.8144,1102.518500000001,23.015,6,3,42,472,472,0,146.7713,3.0638,33,9,234,110,46,64,88.41782246077548,1.8457,43,12,291,161,93,68,7.573827,0,ok,logs/seed_933274.log
933274,comp_advantage,NHEFT+CompGate,0,0.0,1,0,0,2.4445,1.3699,3.8144,1102.518500000001,23.015,6,3,42,472,472,0,146.7713,3.0638,33,9,234,110,46,64,91.74365408681136,1.9151,24,11,245,126,77,49,7.573827,0,ok,logs/seed_933274.log
321337,baseline,NHEFT,1,0.0,0,0,0,2.9128,1.9338,4.8466,1113.0226000000023,40.064,2,2,22,468,468,0,138.80329999999998,4.9963,23,7,172,73,39,34,97.83327248707116,3.5216,41,12,276,148,81,67,5.912766,0,ok,logs/seed_321337.log
321337,comp_advantage,NHEFT+CompGate,0,0.0,1,0,0,2.9128,1.9338,4.8466,1113.0226000000023,40.064,2,2,22,468,468,0,138.80329999999998,4.9963,23,7,172,73,39,34,109.47259454726364,3.9405,15,5,213,86,54,32,5.912766,0,ok,logs/seed_321337.log
181404,baseline,NHEFT,1,0.0,0,0,0,2.6457,1.8837,4.5294,881.9686999999975,24.5913,4,2,43,483,483,0,140.6507,3.9217,29,8,230,95,44,51,124.87476236618795,3.4818,40,11,276,135,77,58,6.305147,0,ok,logs/seed_181404.log
181404,comp_advantage,NHEFT+CompGate,0,0.0,1,0,0,2.6457,1.8837,4.5294,881.9686999999975,24.5913,4,2,43,483,483,0,140.6507,3.9217,29,8,230,95,44,51,139.8955220183639,3.9006,12,3,198,58,36,22,6.305147,0,ok,logs/seed_181404.log
3899,baseline,NHEFT,1,0.0,0,0,0,2.4922,1.756,4.2482,831.5580000000017,16.6122,3,2,42,444,444,0,129.6256,2.5896,31,8,224,94,50,44,90.93682588217426,1.8167,47,10,288,155,95,60,6.743529,0,ok,logs/seed_3899.log
3899,comp_advantage,NHEFT+CompGate,0,0.0,1,0,0,2.4922,1.756,4.2482,831.5580000000017,16.6122,3,2,42,444,444,0,129.6256,2.5896,31,8,224,94,50,44,113.51345572519084,2.2677,20,8,241,143,89,54,6.743529,0,ok,logs/seed_3899.log
494958,baseline,NHEFT,1,0.0,0,0,0,2.9046,2.0641,4.9687,727.8353999999991,18.5296,5,3,57,428,428,0,147.9223,3.7659,28,7,212,88,51,37,89.12238711941215,2.2689,44,12,260,130,75,55,5.314661,0,ok,logs/seed_494958.log
494958,comp_advantage,NHEFT+CompGate,0,0.0,1,0,0,2.9046,2.0641,4.9687,727.8353999999991,18.5296,5,3,57,428,428,0,147.9223,3.7659,28,7,212,88,51,37,221.87281817460314,5.6486,5,2,100,47,36,11,5.314661,0,ok,logs/seed_494958.log
970507,baseline,NHEFT,1,0.0,0,0,0,2.2378,1.5918,3.8296,1076.5752000000016,28.8437,3,3,34,452,452,0,135.7595,3.6373,24,9,189,90,45,45,98.41320143934202,2.6367,32,11,266,137,81,56,6.54646,0,ok,logs/seed_970507.log
970507,comp_advantage,NHEFT+CompGate,0,0.0,1,0,0,2.2378,1.5918,3.8296,1076.5752000000016,28.8437,3,3,34,452,452,0,135.7595,3.6373,24,9,189,90,45,45,112.77228704215297,3.0214,13,4,202,75,51,24,6.54646,0,ok,logs/seed_970507.log
705866,baseline,NHEFT,1,0.0,0,0,0,2.5321,1.7898,4.3219,764.7483999999994,18.2317,4,2,43,466,466,0,128.98100000000002,3.0749,35,11,238,114,49,65,91.30952370575244,2.1768,48,12,318,159,86,73,7.793678,0,ok,logs/seed_705866.log
705866,comp_advantage,NHEFT+CompGate,0,0.0,1,0,0,2.5321,1.7898,4.3219,764.7483999999994,18.2317,4,2,43,466,466,0,128.98100000000002,3.0749,35,11,238,114,49,65,112.4641922400636,2.6812,21,6,225,117,58,59,7.793678,0,ok,logs/seed_705866.log
296343,baseline,NHEFT,1,0.0,0,0,0,2.79,1.5922,4.3822,674.3850000000014,20.2318,4,2,44,440,440,0,116.91309999999999,3.5074,31,9,218,94,52,42,99.84413704726826,2.9954,37,11,271,137,96,41,5.581649,0,ok,logs/seed_296343.log
296343,comp_advantage,NHEFT+CompGate,0,0.0,1,0,0,2.79,1.5922,4.3822,674.3850000000014,20.2318,4,2,44,440,440,0,116.91309999999999,3.5074,31,9,218,94,52,42,154.79930968292683,4.644,9,2,164,48,26,22,5.581649,0,ok,logs/seed_296343.log
586398,baseline,NHEFT,1,0.0,0,0,0,2.426,1.243,3.669,983.6801000000024,24.9639,4,2,31,490,490,0,133.5381,3.3889,18,8,183,86,42,44,102.5085283118995,2.6015,30,10,257,127,72,55,6.307442,0,ok,logs/seed_586398.log
586398,comp_advantage,NHEFT+CompGate,0,0.0,1,0,0,2.426,1.243,3.669,983.6801000000024,24.9639,4,2,31,490,490,0,133.5381,3.3889,18,8,183,86,42,44,103.66002584624846,2.6307,21,9,230,117,73,44,6.307442,0,ok,logs/seed_586398.log
378648,baseline,NHEFT,1,0.0,0,0,0,2.683,1.8535,4.5365,822.9989999999989,25.6971,2,2,41,446,446,0,125.62630000000001,3.9225,21,6,177,83,52,31,95.56210091967235,2.9838,41,12,278,152,90,62,5.802992,0,ok,logs/seed_378648.log
378648,comp_advantage,NHEFT+CompGate,0,0.0,1,0,0,2.683,1.8535,4.5365,822.9989999999989,25.6971,2,2,41,446,446,0,125.62630000000001,3.9225,21,6,177,83,52,31,93.87942104434188,2.9313,8,3,148,60,37,23,5.802992,0,ok,logs/seed_378648.log
531966,baseline,NHEFT,1,0.0,0,0,0,2.6854,1.6029,4.2883,639.7869,21.2911,4,2,43,433,433,0,113.86129999999997,3.7891,24,9,188,85,42,43,93.28685965008201,3.1044,35,9,278,158,88,70,6.136338,0,ok,logs/seed_531966.log
531966,comp_advantage,NHEFT+CompGate,0,0.0,1,0,0,2.6854,1.6029,4.2883,639.7869,21.2911,4,2,43,433,433,0,113.86129999999997,3.7891,24,9,188,85,42,43,106.21148612975392,3.5346,19,8,205,116,76,40,6.136338,0,ok,logs/seed_531966.log
596361,baseline,NHEFT,1,0.0,0,0,0,2.4251,1.5257,3.9508,1033.7019000000016,28.2068,4,2,26,472,472,0,129.80720000000002,3.5421,24,8,180,76,41,35,102.27469395402298,2.7908,47,13,307,187,103,84,7.102563,0,ok,logs/seed_596361.log
596361,comp_advantage,NHEFT+CompGate,0,0.0,1,0,0,2.4251,1.5257,3.9508,1033.7019000000016,28.2068,4,2,26,472,472,0,129.80720000000002,3.5421,24,8,180,76,41,35,103.15006733788398,2.8147,22,10,246,121,79,42,7.102563,0,ok,logs/seed_596361.log
60220,baseline,NHEFT,1,0.0,0,0,0,2.6289,1.428,4.0569,1508.868399999999,42.1529,3,3,26,464,464,0,141.25239999999997,3.9461,30,9,204,90,40,50,111.8115864956753,3.1237,42,10,290,143,87,56,6.44855,0,ok,logs/seed_60220.log
60220,comp_advantage,NHEFT+CompGate,0,0.0,1,0,0,2.6289,1.428,4.0569,1508.868399999999,42.1529,3,3,26,464,464,0,141.25239999999997,3.9461,30,9,204,90,40,50,119.98384215458938,3.352,17,4,200,53,30,23,6.44855,0,ok,logs/seed_60220.log
189568,baseline,NHEFT,1,0.0,0,0,0,2.5081,1.9821,4.4902,921.4731999999996,21.7708,4,2,28,454,454,0,127.97379999999998,3.0235,24,6,206,68,47,21,102.54821753529535,2.4228,38,10,278,143,87,56,7.199288,0,ok,logs/seed_189568.log
189568,comp_advantage,NHEFT+CompGate,0,0.0,1,0,0,2.5081,1.9821,4.4902,921.4731999999996,21.7708,4,2,28,454,454,0,127.97379999999998,3.0235,24,6,206,68,47,21,208.77117529942433,4.9324,9,3,128,69,57,12,7.199288,0,ok,logs/seed_189568.log
151000,baseline,NHEFT,1,0.0,0,0,0,2.395,1.4808,3.8758,692.2392,14.603,4,2,52,441,441,0,121.2339,2.5575,30,8,242,95,47,48,106.50451597576983,2.2467,36,11,278,129,81,48,5.197238,0,ok,logs/seed_151000.log
151000,comp_advantage,NHEFT+CompGate,0,0.0,1,0,0,2.395,1.4808,3.8758,692.2392,14.603,4,2,52,441,441,0,121.2339,2.5575,30,8,242,95,47,48,110.23462203542597,2.3254,23,9,244,138,87,51,5.197238,0,ok,logs/seed_151000.log
72402,baseline,NHEFT,1,0.0,0,0,0,2.4419,1.8778,4.3197,668.2745999999999,16.3001,3,2,42,445,445,0,110.78669999999998,2.7022,28,6,222,73,46,27,106.01721085178316,2.5859,37,10,283,133,82,51,4.52024,0,ok,logs/seed_72402.log
72402,comp_advantage,NHEFT+CompGate,0,0.0,1,0,0,2.4419,1.8778,4.3197,668.2745999999999,16.3001,3,2,42,445,445,0,110.78669999999998,2.7022,28,6,222,73,46,27,784.4744673013972,19.1343,1,1,22,20,20,0,4.52024,0,ok,logs/seed_72402.log
983055,baseline,NHEFT,1,0.0,0,0,0,2.642,1.7026,4.3446,861.3028999999975,23.8014,3,2,36,465,465,0,118.57309999999998,3.2767,24,5,206,75,41,34,100.34973906269265,2.7731,36,9,273,140,82,58,6.171016,0,ok,logs/seed_983055.log
983055,comp_advantage,NHEFT+CompGate,0,0.0,1,0,0,2.642,1.7026,4.3446,861.3028999999975,23.8014,3,2,36,465,465,0,118.57309999999998,3.2767,24,5,206,75,41,34,160.04699238612366,4.4228,8,3,133,69,58,11,6.171016,0,ok,logs/seed_983055.log
538582,baseline,NHEFT,1,0.0,0,0,0,2.6119,1.6108,4.2227,767.8325000000021,20.992,3,2,42,444,444,0,122.11649999999999,3.3386,28,7,223,80,44,36,95.45192825997853,2.6096,43,11,276,146,93,53,6.660991,0,ok,logs/seed_538582.log
538582,comp_advantage,NHEFT+CompGate,0,0.0,1,0,0,2.6119,1.6108,4.2227,767.8325000000021,20.992,3,2,42,444,444,0,122.11649999999999,3.3386,28,7,223,80,44,36,107.49133345478376,2.9387,20,9,219,124,82,42,6.660991,0,ok,logs/seed_538582.log
934509,baseline,NHEFT,1,0.0,0,0,0,2.6413,1.8003,4.4416,908.7598000000002,22.6099,4,2,36,468,468,0,132.5787,3.2986,24,7,190,68,42,26,98.33630916814889,2.4466,40,12,301,140,80,60,8.273452,0,ok,logs/seed_934509.log
934509,comp_advantage,NHEFT+CompGate,0,0.0,1,0,0,2.6413,1.8003,4.4416,908.7598000000002,22.6099,4,2,36,468,468,0,132.5787,3.2986,24,7,190,68,42,26,102.50939350810883,2.5504,24,10,254,139,77,62,8.273452,0,ok,logs/seed_934509.log
220410,baseline,NHEFT,1,0.0,0,0,0,2.6903,1.3755,4.0658,822.6591000000006,25.506,3,2,29,450,450,0,112.44800000000001,3.4864,28,7,195,71,39,32,90.32166831606855,2.8004,43,10,306,146,93,53,6.387773,0,ok,logs/seed_220410.log
220410,comp_advantage,NHEFT+CompGate,0,0.0,1,0,0,2.6903,1.3755,4.0658,822.6591000000006,25.506,3,2,29,450,450,0,112.44800000000001,3.4864,28,7,195,71,39,32,134.1330208955224,4.1587,17,8,210,130,90,40,6.387773,0,ok,logs/seed_220410.log
755547,baseline,NHEFT,1,0.0,0,0,0,3.0353,1.9201,4.9554,745.1575000000008,17.9966,5,3,58,457,457,0,157.30869999999996,3.7992,42,14,256,141,42,99,94.86924317394806,2.2912,44,10,301,139,88,51,7.216077,0,ok,logs/seed_755547.log
755547,comp_advantage,NHEFT+CompGate,0,0.0,1,0,0,3.0353,1.9201,4.9554,745.1575000000008,17.9966,5,3,58,457,457,0,157.30869999999996,3.7992,42,14,256,141,42,99,137.59638584879724,3.3232,11,3,181,63,41,22,7.216077,0,ok,logs/seed_755547.log
682666,baseline,NHEFT,1,0.0,0,0,0,2.1436,1.3192,3.4628,798.0095999999983,22.3272,3,2,42,453,453,0,151.37030000000004,4.2351,28,8,225,101,52,49,87.69186541161456,2.4535,45,13,290,146,78,68,7.176598,0,ok,logs/seed_682666.log
682666,comp_advantage,NHEFT+CompGate,0,0.0,1,0,0,2.1436,1.3192,3.4628,798.0095999999983,22.3272,3,2,42,453,453,0,151.37030000000004,4.2351,28,8,225,101,52,49,103.82224888321633,2.9048,20,8,236,127,73,54,7.176598,0,ok,logs/seed_682666.log
707759,baseline,NHEFT,1,0.0,0,0,0,2.418,1.6054,4.0234,743.1852999999999,17.7535,4,2,45,446,446,0,129.8214,3.1012,24,7,199,77,48,29,94.3768758043758,2.2545,43,11,299,141,91,50,7.128937,0,ok,logs/seed_707759.log
707759,comp_advantage,NHEFT+CompGate,0,0.0,1,0,0,2.418,1.6054,4.0234,743.1852999999999,17.7535,4,2,45,446,446,0,129.8214,3.1012,24,7,199,77,48,29,96.39646129383887,2.3028,21,11,231,120,78,42,7.128937,0,ok,logs/seed_707759.log
472298,baseline,NHEFT,1,0.0,0,0,0,2.3183,1.4815,3.7998,930.2330000000017,26.1079,3,2,23,465,465,0,141.7615,3.9787,23,8,179,81,45,36,103.80921111111111,2.9135,35,11,258,149,91,58,6.505444,0,ok,logs/seed_472298.log
472298,comp_advantage,NHEFT+CompGate,0,0.0,1,0,0,2.3183,1.4815,3.7998,930.2330000000017,26.1079,3,2,23,465,465,0,141.7615,3.9787,23,8,179,81,45,36,111.79237322242349,3.1376,19,7,232,119,76,43,6.505444,0,ok,logs/seed_472298.log
842827,baseline,NHEFT,1,0.0,0,0,0,2.7485,1.6537,4.4022,888.6491999999965,23.5658,4,2,27,465,465,0,124.40859999999996,3.2992,30,10,229,102,47,55,93.1395184157694,2.4699,40,10,272,146,88,58,7.482735,0,ok,logs/seed_842827.log
842827,comp_advantage,NHEFT+CompGate,0,0.0,1,0,0,2.7485,1.6537,4.4022,888.6491999999965,23.5658,4,2,27,465,465,0,124.40859999999996,3.2992,30,10,229,102,47,55,96.89972232057829,2.5697,15,4,199,69,56,13,7.482735,0,ok,logs/seed_842827.log
598514,baseline,NHEFT,1,0.0,0,0,0,2.9835,1.7823,4.7658,848.2093000000001,20.8775,3,2,35,467,467,0,136.21270000000004,3.3527,26,7,193,94,49,45,102.8968284618819,2.5327,35,12,286,152,93,59,7.170903,0,ok,logs/seed_598514.log
598514,comp_advantage,NHEFT+CompGate,0,0.0,1,0,0,2.9835,1.7823,4.7658,848.2093000000001,20.8775,3,2,35,467,467,0,136.21270000000004,3.3527,26,7,193,94,49,45,113.667801,2.7978,22,9,259,120,75,45,7.170903,0,ok,logs/seed_598514.log
985883,baseline,NHEFT,1,0.0,0,0,0,2.3658,1.3755,3.7413,945.4060999999996,23.8503,4,2,27,445,445,0,129.9769,3.279,29,7,191,86,46,40,83.61068563601057,2.1093,45,13,292,140,77,63,7.251681,0,ok,logs/seed_985883.log
985883,comp_advantage,NHEFT+CompGate,0,0.0,1,0,0,2.3658,1.3755,3.7413,945.4060999999996,23.8503,4,2,27,445,445,0,129.9769,3.279,29,7,191,86,46,40,84.00559427549186,2.1193,23,11,239,120,75,45,7.251681,0,ok,logs/seed_985883.log
595328,baseline,NHEFT,1,0.0,0,0,0,2.4441,1.6431,4.0872,1103.6298999999995,25.2355,5,3,52,473,473,0,143.70370000000005,3.2859,26,6,219,66,43,23,100.53401408736345,2.2988,37,9,282,124,82,42,6.777141,0,ok,logs/seed_595328.log
595328,comp_advantage,NHEFT+CompGate,0,0.0,1,0,0,2.4441,1.6431,4.0872,1103.6298999999995,25.2355,5,3,52,473,473,0,143.70370000000005,3.2859,26,6,219,66,43,23,140.34831880866778,3.2092,12,3,193,65,41,24,6.777141,0,ok,logs/seed_595328.log
238922,baseline,NHEFT,1,0.0,0,0,0,2.5768,1.5315,4.1083,983.6932000000022,26.9363,3,2,29,468,468,0,115.0966,3.1517,25,6,231,70,43,27,92.79092637215528,2.5409,47,12,320,151,86,65,6.274818,0,ok,logs/seed_238922.log
238922,comp_advantage,NHEFT+CompGate,0,0.0,1,0,0,2.5768,1.5315,4.1083,983.6932000000022,26.9363,3,2,29,468,468,0,115.0966,3.1517,25,6,231,70,43,27,144.97054683771597,3.9697,8,2,141,42,33,9,6.274818,0,ok,logs/seed_238922.log
469556,baseline,NHEFT,1,0.0,0,0,0,2.4299,1.5859,4.0158,986.0350000000028,23.6926,2,2,22,457,457,0,130.29479999999998,3.1307,23,7,189,78,42,36,88.84989657011823,2.1349,28,9,233,103,68,35,6.466837,0,ok,logs/seed_469556.log
469556,comp_advantage,NHEFT+CompGate,0,0.0,1,0,0,2.4299,1.5859,4.0158,986.0350000000028,23.6926,2,2,22,457,457,0,130.29479999999998,3.1307,23,7,189,78,42,36,110.26881019529837,2.6496,21,8,215,113,80,33,6.466837,0,ok,logs/seed_469556.log
108225,baseline,NHEFT,1,0.0,0,0,0,2.4948,1.6313,4.1261,880.1543000000011,19.3061,4,3,38,449,449,0,123.48670000000003,2.7087,32,8,209,87,47,40,92.67968724019312,2.0329,44,11,287,145,90,55,6.34819,0,ok,logs/seed_108225.log
108225,comp_advantage,NHEFT+CompGate,0,0.0,1,0,0,2.4948,1.6313,4.1261,880.1543000000011,19.3061,4,3,38,449,449,0,123.48670000000003,2.7087,32,8,209,87,47,40,161.44036384251973,3.5412,26,11,243,133,86,47,6.34819,0,ok,logs/seed_108225.log
899644,baseline,NHEFT,1,0.0,0,0,0,2.4655,1.7599,4.2254,955.5796999999997,22.786,3,2,42,460,460,0,151.2424,3.6064,29,9,228,97,46,51,102.00419161806539,2.4323,36,10,281,154,90,64,6.568657,0,ok,logs/seed_899644.log
899644,comp_advantage,NHEFT+CompGate,0,0.0,1,0,0,2.4655,1.7599,4.2254,955.5796999999997,22.786,3,2,42,460,460,0,151.2424,3.6064,29,9,228,97,46,51,166.33219891004498,3.9662,11,4,172,81,33,48,6.568657,0,ok,logs/seed_899644.log
885107,baseline,NHEFT,1,0.0,0,0,0,2.7827,2.06,4.8427,765.8189999999998,17.3525,4,2,46,469,469,0,102.9367,2.3324,25,6,236,70,43,27,97.87374023893044,2.2177,46,11,302,133,76,57,9.111208,0,ok,logs/seed_885107.log
885107,comp_advantage,NHEFT+CompGate,0,0.0,1,0,0,2.7827,2.06,4.8427,765.8189999999998,17.3525,4,2,46,469,469,0,102.9367,2.3324,25,6,236,70,43,27,114.93185160966544,2.6042,8,2,157,44,34,10,9.111208,0,ok,logs/seed_885107.log
624803,baseline,NHEFT,1,0.0,0,0,0,2.5014,1.4377,3.9391,1076.1407,24.1882,4,4,44,459,459,0,153.31470000000002,3.446,31,7,214,87,55,32,98.43657213114754,2.2125,44,12,282,148,80,68,7.64597,0,ok,logs/seed_624803.log
624803,comp_advantage,NHEFT+CompGate,0,0.0,1,0,0,2.5014,1.4377,3.9391,1076.1407,24.1882,4,4,44,459,459,0,153.31470000000002,3.446,31,7,214,87,55,32,106.01745778092398,2.3829,28,11,253,163,91,72,7.64597,0,ok,logs/seed_624803.log
412384,baseline,NHEFT,1,0.0,0,0,0,2.4154,1.6824,4.0978,1084.346199999999,31.2475,5,3,50,472,472,0,141.12030000000004,4.0667,31,9,236,99,43,56,102.68571075609754,2.9591,36,10,277,145,90,55,7.16904,0,ok,logs/seed_412384.log
412384,comp_advantage,NHEFT+CompGate,0,0.0,1,0,0,2.4154,1.6824,4.0978,1084.346199999999,31.2475,5,3,50,472,472,0,141.12030000000004,4.0667,31,9,236,99,43,56,128.41258699186994,3.7005,14,6,206,126,78,48,7.16904,0,ok,logs/seed_412384.log
534437,baseline,NHEFT,1,0.0,0,0,0,2.6356,2.0091,4.6447,758.1472999999995,18.4488,4,3,58,451,451,0,141.97910000000002,3.4549,30,8,244,91,57,34,101.74600180220028,2.4759,44,9,279,154,83,71,7.913421,0,ok,logs/seed_534437.log
534437,comp_advantage,NHEFT+CompGate,0,0.0,1,0,0,2.6356,2.0091,4.6447,758.1472999999995,18.4488,4,3,58,451,451,0,141.97910000000002,3.4549,30,8,244,91,57,34,229.2365373370748,5.5783,11,6,157,104,66,38,7.913421,0,ok,logs/seed_534437.log
28388,baseline,NHEFT,1,0.0,0,0,0,2.6085,1.7579,4.3664,765.5137999999994,21.5611,4,2,43,442,442,0,125.9202,3.5466,29,8,205,96,45,51,107.45471165989848,3.0265,38,8,263,127,76,51,6.431722,0,ok,logs/seed_28388.log
28388,comp_advantage,NHEFT+CompGate,0,0.0,1,0,0,2.6085,1.7579,4.3664,765.5137999999994,21.5611,4,2,43,442,442,0,125.9202,3.5466,29,8,205,96,45,51,109.84274211108108,3.0938,20,6,222,113,80,33,6.431722,0,ok,logs/seed_28388.log
480416,baseline,NHEFT,1,0.0,0,0,0,2.5409,1.6907,4.2316,984.8652999999991,23.1806,4,2,33,455,455,0,138.8622,3.2684,27,7,211,92,47,45,105.26495620243874,2.4776,39,11,284,147,84,63,6.536708,0,ok,logs/seed_480416.log
480416,comp_advantage,NHEFT+CompGate,0,0.0,1,0,0,2.5409,1.6907,4.2316,984.8652999999991,23.1806,4,2,33,455,455,0,138.8622,3.2684,27,7,211,92,47,45,150.22680528288546,3.5359,12,4,175,83,56,27,6.536708,0,ok,logs/seed_480416.log
6523,baseline,NHEFT,1,0.0,0,0,0,2.5199,2.0219,4.5418,703.4948999999989,15.7078,4,2,47,452,452,0,125.57179999999998,2.8038,33,9,213,80,46,34,103.23363692437282,2.305,43,11,288,167,98,69,7.062823,0,ok,logs/seed_6523.log
6523,comp_advantage,NHEFT+CompGate,0,0.0,1,0,0,2.5199,2.0219,4.5418,703.4948999999989,15.7078,4,2,47,452,452,0,125.57179999999998,2.8038,33,9,213,80,46,34,185.67378009256777,4.1458,14,6,156,116,69,47,7.062823,0,ok,logs/seed_6523.log
875492,baseline,NHEFT,1,0.0,0,0,0,2.4829,1.6193,4.1022,812.6809000000007,22.5057,4,2,44,457,457,0,144.07969999999997,3.99,30,6,230,84,43,41,110.76687594199535,3.0675,37,10,297,159,103,56,4.990567,0,ok,logs/seed_875492.log
875492,comp_advantage,NHEFT+CompGate,0,0.0,1,0,0,2.4829,1.6193,4.1022,812.6809000000007,22.5057,4,2,44,457,457,0,144.07969999999997,3.99,30,6,230,84,43,41,713.0006538190261,19.7452,1,1,22,21,21,0,4.990567,0,ok,logs/seed_875492.log
445144,baseline,NHEFT,1,0.0,0,0,0,2.7268,1.6353,4.3621,955.538299999999,25.6443,4,2,36,448,448,0,145.715,3.9106,25,8,179,74,39,35,94.36917150270719,2.5326,40,10,290,134,73,61,7.37096,0,ok,logs/seed_445144.log
445144,comp_advantage,NHEFT+CompGate,0,0.0,1,0,0,2.7268,1.6353,4.3621,955.538299999999,25.6443,4,2,36,448,448,0,145.715,3.9106,25,8,179,74,39,35,103.53347275898159,2.7786,21,5,227,92,58,34,7.37096,0,ok,logs/seed_445144.log
178145,baseline,NHEFT,1,0.0,0,0,0,2.3326,1.9826,4.3152,1099.2323999999994,27.9768,5,3,33,486,486,0,165.01940000000005,4.2,27,8,205,88,50,38,101.31458240004686,2.5786,46,11,290,168,96,72,7.181585,0,ok,logs/seed_178145.log
178145,comp_advantage,NHEFT+CompGate,0,0.0,1,0,0,2.3326,1.9826,4.3152,1099.2323999999994,27.9768,5,3,33,486,486,0,165.01940000000005,4.2,27,8,205,88,50,38,133.3190326772908,3.3931,17,7,203,114,70,44,7.181585,0,ok,logs/seed_178145.log
496478,baseline,NHEFT,1,0.0,0,0,0,2.498,1.6325,4.1305,809.6111000000005,18.4941,4,2,37,448,448,0,129.634,2.9613,30,9,205,94,46,48,104.84271102661596,2.3949,43,12,306,129,79,50,6.145237,0,ok,logs/seed_496478.log
496478,comp_advantage,NHEFT+CompGate,0,0.0,1,0,0,2.498,1.6325,4.1305,809.6111000000005,18.4941,4,2,37,448,448,0,129.634,2.9613,30,9,205,94,46,48,112.25869662541804,2.5643,12,4,195,67,53,14,6.145237,0,ok,logs/seed_496478.log
239617,baseline,NHEFT,1,0.0,0,0,0,2.5077,1.5424,4.0501,784.3495000000004,23.6575,4,2,39,464,464,0,116.8685,3.525,27,8,199,82,52,30,96.14547046965102,2.8999,32,10,256,120,75,45,6.600546,0,ok,logs/seed_239617.log
239617,comp_advantage,NHEFT+CompGate,0,0.0,1,0,0,2.5077,1.5424,4.0501,784.3495000000004,23.6575,4,2,39,464,464,0,116.8685,3.525,27,8,199,82,52,30,140.23681109090907,4.2298,18,8,211,124,81,43,6.600546,0,ok,logs/seed_239617.log
473997,baseline,NHEFT,1,0.0,0,0,0,2.3956,1.5562,3.9518,795.3348000000002,20.148,3,2,37,452,452,0,125.68110000000003,3.1838,24,7,193,83,46,37,91.79146070852018,2.3253,45,12,293,159,91,68,7.048942,0,ok,logs/seed_473997.log
473997,comp_advantage,NHEFT+CompGate,0,0.0,1,0,0,2.3956,1.5562,3.9518,795.3348000000002,20.148,3,2,37,452,452,0,125.68110000000003,3.1838,24,7,193,83,46,37,98.72218762952647,2.5009,13,4,198,73,55,18,7.048942,0,ok,logs/seed_473997.log
229225,baseline,NHEFT,1,0.0,0,0,0,2.8148,2.124,4.9388,757.1998000000006,16.3453,3,2,42,435,435,0,117.05229999999997,2.5268,22,5,192,62,44,18,99.32215966771619,2.144,44,11,282,153,80,73,6.818051,0,ok,logs/seed_229225.log
229225,comp_advantage,NHEFT+CompGate,0,0.0,1,0,0,2.8148,2.124,4.9388,757.1998000000006,16.3453,3,2,42,435,435,0,117.05229999999997,2.5268,22,5,192,62,44,18,113.22412919023029,2.4441,23,8,247,133,81,52,6.818051,0,ok,logs/seed_229225.log
254791,baseline,NHEFT,1,0.0,0,0,0,2.4666,1.8032,4.2698,917.0277000000019,26.843,4,3,48,482,482,0,147.82739999999995,4.3272,28,8,235,89,48,41,90.79167934347477,2.6576,46,11,301,148,76,72,7.892307,0,ok,logs/seed_254791.log
254791,comp_advantage,NHEFT+CompGate,0,0.0,1,0,0,2.4666,1.8032,4.2698,917.0277000000019,26.843,4,3,48,482,482,0,147.82739999999995,4.3272,28,8,235,89,48,41,146.4435593579766,4.2867,12,4,190,82,60,22,7.892307,0,ok,logs/seed_254791.log
966201,baseline,NHEFT,1,0.0,0,0,0,2.9318,2.3424,5.2742,738.4621000000009,22.7896,4,2,46,449,449,0,147.1823,4.5422,21,6,192,79,44,35,104.1098073938451,3.2129,40,10,283,139,74,65,6.386483,0,ok,logs/seed_966201.log
966201,comp_advantage,NHEFT+CompGate,0,0.0,1,0,0,2.9318,2.3424,5.2742,738.4621000000009,22.7896,4,2,46,449,449,0,147.1823,4.5422,21,6,192,79,44,35,106.73340457852882,3.2939,21,8,233,103,64,39,6.386483,0,ok,logs/seed_966201.log
533361,baseline,NHEFT,1,0.0,0,0,0,2.3836,1.628,4.0116,1090.8131999999994,26.8065,4,2,28,472,472,0,143.0721,3.516,22,8,193,85,51,34,85.96472647341538,2.1126,42,11,308,155,88,67,7.29385,0,ok,logs/seed_533361.log
533361,comp_advantage,NHEFT+CompGate,0,0.0,1,0,0,2.3836,1.628,4.0116,1090.8131999999994,26.8065,4,2,28,472,472,0,143.0721,3.516,22,8,193,85,51,34,111.82349907661819,2.748,23,6,243,110,75,35,7.29385,0,ok,logs/seed_533361.log
872306,baseline,NHEFT,1,0.0,0,0,0,2.5262,1.3352,3.8614,777.7795999999981,27.0527,4,2,44,465,465,0,133.78430000000003,4.6533,32,7,224,99,51,48,93.6895353547145,3.2587,37,10,274,127,80,47,5.469596,0,ok,logs/seed_872306.log
872306,comp_advantage,NHEFT+CompGate,0,0.0,1,0,0,2.5262,1.3352,3.8614,777.7795999999981,27.0527,4,2,44,465,465,0,133.78430000000003,4.6533,32,7,224,99,51,48,132.74729627576193,4.6172,10,3,147,63,35,28,5.469596,0,ok,logs/seed_872306.log
444933,baseline,NHEFT,1,0.0,0,0,0,2.6631,2.0464,4.7095,1042.7420000000016,21.6313,3,2,23,465,465,0,146.21110000000002,3.0331,27,9,191,86,46,40,97.06786840998484,2.0136,36,9,283,159,87,72,6.704247,0,ok,logs/seed_444933.log
444933,comp_advantage,NHEFT+CompGate,0,0.0,1,0,0,2.6631,2.0464,4.7095,1042.7420000000016,21.6313,3,2,23,465,465,0,146.21110000000002,3.0331,27,9,191,86,46,40,125.24846826506024,2.5982,16,7,228,139,83,56,6.704247,0,ok,logs/seed_444933.log
456356,baseline,NHEFT,1,0.0,0,0,0,2.4063,1.8016,4.2079,1043.7077999999988,25.3105,4,4,52,458,458,0,153.16319999999996,3.7143,28,9,195,90,52,38,97.78923986238529,2.3714,37,10,296,155,95,60,7.379962,0,ok,logs/seed_456356.log
456356,comp_advantage,NHEFT+CompGate,0,0.0,1,0,0,2.4063,1.8016,4.2079,1043.7077999999988,25.3105,4,4,52,458,458,0,153.16319999999996,3.7143,28,9,195,90,52,38,125.22966617485073,3.0369,20,6,218,104,69,35,7.379962,0,ok,logs/seed_456356.log
853702,baseline,NHEFT,1,0.0,0,0,0,2.6863,1.7855,4.4718,882.1668999999985,24.5539,3,2,42,484,484,0,144.83059999999995,4.0312,27,7,224,81,48,33,103.81650475663207,2.8896,54,14,299,184,99,85,8.519578,0,ok,logs/seed_853702.log
853702,comp_advantage,NHEFT+CompGate,0,0.0,1,0,0,2.6863,1.7855,4.4718,882.1668999999985,24.5539,3,2,42,484,484,0,144.83059999999995,4.0312,27,7,224,81,48,33,138.64526468906263,3.859,24,11,236,126,82,44,8.519578,0,ok,logs/seed_853702.log
176967,baseline,NHEFT,1,0.0,0,0,0,2.2741,1.5599,3.834,1000.4685000000019,26.8245,4,2,33,467,467,0,127.46089999999997,3.4175,29,7,220,82,47,35,96.45776551612906,2.5862,44,11,310,168,96,72,7.779017,0,ok,logs/seed_176967.log
176967,comp_advantage,NHEFT+CompGate,0,0.0,1,0,0,2.2741,1.5599,3.834,1000.4685000000019,26.8245,4,2,33,467,467,0,127.46089999999997,3.4175,29,7,220,82,47,35,129.87177932956834,3.4821,24,11,252,136,80,56,7.779017,0,ok,logs/seed_176967.log
33347,baseline,NHEFT,1,0.0,0,0,0,2.38,1.5411,3.9211,856.0169000000031,23.5221,5,3,44,432,432,0,145.41639999999992,3.9958,25,6,180,92,52,40,96.2213250859521,2.644,32,9,253,144,96,48,5.106147,0,ok,logs/seed_33347.log
33347,comp_advantage,NHEFT+CompGate,0,0.0,1,0,0,2.38,1.5411,3.9211,856.0169000000031,23.5221,5,3,44,432,432,0,145.41639999999992,3.9958,25,6,180,92,52,40,195.99966490510943,5.3858,5,2,98,47,47,0,5.106147,0,ok,logs/seed_33347.log
411283,baseline,NHEFT,1,0.0,0,0,0,2.6886,1.9401,4.6287,754.7333000000006,24.6857,3,2,42,467,467,0,115.90079999999998,3.7909,22,4,209,60,40,20,101.50713597599902,3.3201,44,11,297,155,89,66,6.871936,0,ok,logs/seed_411283.log
411283,comp_advantage,NHEFT+CompGate,0,0.0,1,0,0,2.6886,1.9401,4.6287,754.7333000000006,24.6857,3,2,42,467,467,0,115.90079999999998,3.7909,22,4,209,60,40,20,109.86852999672737,3.5936,23,11,243,114,69,45,6.871936,0,ok,logs/seed_411283.log
81911,baseline,NHEFT,1,0.0,0,0,0,2.7693,1.7763,4.5456,1153.622199999999,31.8405,3,2,27,477,477,0,144.30360000000002,3.9828,32,9,229,85,48,37,84.79815664702427,2.3405,42,10,294,137,74,63,6.467016,0,ok,logs/seed_81911.log
81911,comp_advantage,NHEFT+CompGate,0,0.0,1,0,0,2.7693,1.7763,4.5456,1153.622199999999,31.8405,3,2,27,477,477,0,144.30360000000002,3.9828,32,9,229,85,48,37,117.70423361868299,3.2487,19,7,222,116,71,45,6.467016,0,ok,logs/seed_81911.log
956925,baseline,NHEFT,1,0.0,0,0,0,2.3511,1.2882,3.6393,978.9282000000005,22.1613,4,3,41,461,461,0,142.22949999999997,3.2198,28,9,192,92,55,37,93.00645437863044,2.1055,38,10,272,140,91,49,7.546746,0,ok,logs/seed_956925.log
956925,comp_advantage,NHEFT+CompGate,0,0.0,1,0,0,2.3511,1.2882,3.6393,978.9282000000005,22.1613,4,3,41,461,461,0,142.22949999999997,3.2198,28,9,192,92,55,37,96.99828429499507,2.1959,27,8,269,128,78,50,7.546746,0,ok,logs/seed_956925.log
362804,baseline,NHEFT,1,0.0,0,0,0,2.3563,1.7048,4.0611,743.4951999999996,23.8567,4,2,43,433,433,0,121.70490000000002,3.9052,25,8,215,93,47,46,96.68740955347593,3.1024,26,8,241,94,68,26,5.990881,0,ok,logs/seed_362804.log
362804,comp_advantage,NHEFT+CompGate,0,0.0,1,0,0,2.3563,1.7048,4.0611,743.4951999999996,23.8567,4,2,43,433,433,0,121.70490000000002,3.9052,25,8,215,93,47,46,110.53920419548876,3.5469,20,7,222,99,65,34,5.990881,0,ok,logs/seed_362804.log
728140,baseline,NHEFT,1,0.0,0,0,0,2.6193,2.0104,4.6297,823.1751999999959,21.923,5,3,48,474,474,0,138.34709999999998,3.6845,32,6,209,82,50,32,97.80477042884252,2.6048,45,14,299,176,86,90,7.33244,0,ok,logs/seed_728140.log
728140,comp_advantage,NHEFT+CompGate,0,0.0,1,0,0,2.6193,2.0104,4.6297,823.1751999999959,21.923,5,3,48,474,474,0,138.34709999999998,3.6845,32,6,209,82,50,32,128.7119406979401,3.4279,15,6,222,123,75,48,7.33244,0,ok,logs/seed_728140.log
554565,baseline,NHEFT,1,0.0,0,0,0,2.8436,1.7698,4.6134,864.7906000000011,21.6372,5,3,37,452,452,0,117.88740000000003,2.9496,25,7,205,79,50,29,92.45170041866723,2.3132,40,11,279,130,81,49,7.710181,0,ok,logs/seed_554565.log
554565,comp_advantage,NHEFT+CompGate,0,0.0,1,0,0,2.8436,1.7698,4.6134,864.7906000000011,21.6372,5,3,37,452,452,0,117.88740000000003,2.9496,25,7,205,79,50,29,102.49498718518518,2.5644,13,6,192,88,59,29,7.710181,0,ok,logs/seed_554565.log
392733,baseline,NHEFT,1,0.0,0,0,0,2.6001,1.7692,4.3693,1297.6143999999995,36.7198,2,2,22,486,486,0,133.12279999999998,3.7671,25,7,205,67,40,27,83.73921591699518,2.3696,44,11,298,129,77,52,7.154946,0,ok,logs/seed_392733.log
392733,comp_advantage,NHEFT+CompGate,0,0.0,1,0,0,2.6001,1.7692,4.3693,1297.6143999999995,36.7198,2,2,22,486,486,0,133.12279999999998,3.7671,25,7,205,67,40,27,142.72938006098192,4.0389,21,9,218,134,85,49,7.154946,0,ok,logs/seed_392733.log
769066,baseline,NHEFT,1,0.0,0,0,0,2.6444,1.6872,4.3316,952.2071999999998,25.1101,4,3,44,459,459,0,130.92959999999997,3.4527,30,8,223,95,49,46,90.48978359977187,2.3863,54,13,312,181,101,80,7.706892,0,ok,logs/seed_769066.log
769066,comp_advantage,NHEFT+CompGate,0,0.0,1,0,0,2.6444,1.6872,4.3316,952.2071999999998,25.1101,4,3,44,459,459,0,130.92959999999997,3.4527,30,8,223,95,49,46,92.66310912646675,2.4436,24,7,247,108,70,38,7.706892,0,ok,logs/seed_769066.log
925520,baseline,NHEFT,1,0.0,0,0,0,2.3119,1.6997,4.0116,907.1152999999989,22.4749,3,2,33,474,474,0,128.9087,3.1939,24,6,218,82,46,36,107.6751853485226,2.6678,44,12,294,175,96,79,7.932326,0,ok,logs/seed_925520.log
925520,comp_advantage,NHEFT+CompGate,0,0.0,1,0,0,2.3119,1.6997,4.0116,907.1152999999989,22.4749,3,2,33,474,474,0,128.9087,3.1939,24,6,218,82,46,36,110.98732727272727,2.7498,12,4,193,94,57,37,7.932326,0,ok,logs/seed_925520.log
4410,baseline,NHEFT,1,0.0,0,0,0,2.6169,1.7506,4.3675,756.5170000000003,21.376,3,2,42,448,448,0,130.48790000000005,3.687,23,8,185,86,46,40,97.67380428380187,2.7598,41,12,268,161,91,70,6.922117,0,ok,logs/seed_4410.log
4410,comp_advantage,NHEFT+CompGate,0,0.0,1,0,0,2.6169,1.7506,4.3675,756.5170000000003,21.376,3,2,42,448,448,0,130.48790000000005,3.687,23,8,185,86,46,40,110.03585277511246,3.1091,20,8,224,126,82,44,6.922117,0,ok,logs/seed_4410.log
729459,baseline,NHEFT,1,0.0,0,0,0,2.5091,1.3276,3.8367,787.4391000000006,19.0015,4,2,42,447,447,0,119.37160000000002,2.8805,30,9,226,104,46,58,84.76515775577555,2.0455,38,12,264,135,83,52,5.913412,0,ok,logs/seed_729459.log
729459,comp_advantage,NHEFT+CompGate,0,0.0,1,0,0,2.5091,1.3276,3.8367,787.4391000000006,19.0015,4,2,42,447,447,0,119.37160000000002,2.8805,30,9,226,104,46,58,103.73900650445746,2.5033,16,4,203,71,56,15,5.913412,0,ok,logs/seed_729459.log
179329,baseline,NHEFT,1,0.0,0,0,0,2.5561,1.361,3.9171,912.0096999999995,29.1046,3,3,38,452,452,0,128.3422,4.0957,22,9,187,83,44,39,85.03662551389887,2.7137,30,10,266,127,83,44,7.79464,0,ok,logs/seed_179329.log
179329,comp_advantage,NHEFT+CompGate,0,0.0,1,0,0,2.5561,1.361,3.9171,912.0096999999995,29.1046,3,3,38,452,452,0,128.3422,4.0957,22,9,187,83,44,39,110.00506011949689,3.5105,17,6,232,100,74,26,7.79464,0,ok,logs/seed_179329.log
282114,baseline,NHEFT,1,0.0,0,0,0,2.5979,1.3408,3.9387,779.4812000000006,21.8093,3,2,38,438,438,0,118.00860000000002,3.3018,21,7,208,76,43,33,86.60871136948748,2.4232,37,11,275,145,94,51,6.059527,0,ok,logs/seed_282114.log
282114,comp_advantage,NHEFT+CompGate,0,0.0,1,0,0,2.5979,1.3408,3.9387,779.4812000000006,21.8093,3,2,38,438,438,0,118.00860000000002,3.3018,21,7,208,76,43,33,88.11341548635335,2.4653,18,10,237,143,90,53,6.059527,0,ok,logs/seed_282114.log
583172,baseline,NHEFT,1,0.0,0,0,0,2.6711,1.5473,4.2184,792.8782000000008,20.7963,3,2,41,462,462,0,111.20779999999999,2.9168,24,5,221,60,42,18,89.27719199876836,2.3416,47,12,310,146,88,58,8.063878,0,ok,logs/seed_583172.log
583172,comp_advantage,NHEFT+CompGate,0,0.0,1,0,0,2.6711,1.5473,4.2184,792.8782000000008,20.7963,3,2,41,462,462,0,111.20779999999999,2.9168,24,5,221,60,42,18,133.0276374963504,3.4892,21,9,229,151,99,52,8.063878,0,ok,logs/seed_583172.log
534010,baseline,NHEFT,1,0.0,0,0,0,2.4213,1.8208,4.2421,841.2466,23.0852,2,1,42,473,473,0,135.67399999999998,3.7231,23,6,228,89,48,41,100.08250028156388,2.7464,42,10,314,160,97,63,5.494105,0,ok,logs/seed_534010.log
534010,comp_advantage,NHEFT+CompGate,0,0.0,1,0,0,2.4213,1.8208,4.2421,841.2466,23.0852,2,1,42,473,473,0,135.67399999999998,3.7231,23,6,228,89,48,41,917.2976666666675,25.1721,1,1,22,22,22,0,5.494105,0,ok,logs/seed_534010.log
824110,baseline,NHEFT,1,0.0,0,0,0,2.1186,1.3566,3.4752,746.7209000000021,19.365,4,2,41,460,460,0,126.75449999999998,3.2872,23,7,175,73,42,31,102.17213286318758,2.6497,43,10,298,145,81,64,6.063003,0,ok,logs/seed_824110.log
824110,comp_advantage,NHEFT+CompGate,0,0.0,1,0,0,2.1186,1.3566,3.4752,746.7209000000021,19.365,4,2,41,460,460,0,126.75449999999998,3.2872,23,7,175,73,42,31,115.54283908695655,2.9964,13,4,201,74,55,19,6.063003,0,ok,logs/seed_824110.log
897704,baseline,NHEFT,1,0.0,0,0,0,2.3803,1.6741,4.0544,807.2744999999989,18.8474,3,2,42,467,467,0,153.53220000000002,3.5845,33,11,219,105,43,62,104.54241382571149,2.4407,50,11,298,151,89,62,6.929657,0,ok,logs/seed_897704.log
897704,comp_advantage,NHEFT+CompGate,0,0.0,1,0,0,2.3803,1.6741,4.0544,807.2744999999989,18.8474,3,2,42,467,467,0,153.53220000000002,3.5845,33,11,219,105,43,62,123.51992755278924,2.8838,21,10,218,132,84,48,6.929657,0,ok,logs/seed_897704.log
226589,baseline,NHEFT,1,0.0,0,0,0,2.5289,1.6293,4.1582,881.5917000000009,22.4029,4,2,28,455,455,0,109.45819999999998,2.7815,22,5,182,66,44,22,94.69847694316758,2.4065,36,11,263,133,89,44,7.097045,0,ok,logs/seed_226589.log
226589,comp_advantage,NHEFT+CompGate,0,0.0,1,0,0,2.5289,1.6293,4.1582,881.5917000000009,22.4029,4,2,28,455,455,0,109.45819999999998,2.7815,22,5,182,66,44,22,112.18956081240982,2.851,25,11,238,143,93,50,7.097045,0,ok,logs/seed_226589.log
481886,baseline,NHEFT,1,0.0,0,0,0,2.4182,1.6481,4.0663,955.3507,29.6619,4,2,44,448,448,0,152.13179999999997,4.7234,29,9,221,95,41,54,93.20740634920635,2.8939,38,9,272,126,81,45,6.221369,0,ok,logs/seed_481886.log
481886,comp_advantage,NHEFT+CompGate,0,0.0,1,0,0,2.4182,1.6481,4.0663,955.3507,29.6619,4,2,44,448,448,0,152.13179999999997,4.7234,29,9,221,95,41,54,119.31624254927301,3.7046,19,7,220,126,83,43,6.221369,0,ok,logs/seed_481886.log
982251,baseline,NHEFT,1,0.0,0,0,0,2.1856,1.5561,3.7417,992.4690000000035,24.3697,5,3,25,436,436,0,119.4342,2.9327,28,10,217,77,41,36,113.53723179584773,2.7879,41,10,285,149,102,47,5.962816,0,ok,logs/seed_982251.log
982251,comp_advantage,NHEFT+CompGate,0,0.0,1,0,0,2.1856,1.5561,3.7417,992.4690000000035,24.3697,5,3,25,436,436,0,119.4342,2.9327,28,10,217,77,41,36,159.69721640065154,3.9213,9,3,141,59,50,9,5.962816,0,ok,logs/seed_982251.log
543181,baseline,NHEFT,1,0.0,0,0,0,2.3587,1.4907,3.8494,794.0533999999998,23.5086,3,2,42,477,477,0,138.7986,4.1092,26,8,212,84,50,34,90.60783410692214,2.6825,47,11,319,160,92,68,7.604372,0,ok,logs/seed_543181.log
543181,comp_advantage,NHEFT+CompGate,0,0.0,1,0,0,2.3587,1.4907,3.8494,794.0533999999998,23.5086,3,2,42,477,477,0,138.7986,4.1092,26,8,212,84,50,34,96.08072170799993,2.8445,23,8,254,130,83,47,7.604372,0,ok,logs/seed_543181.log
397234,baseline,NHEFT,1,0.0,0,0,0,2.4434,1.5494,3.9928,964.7623999999994,25.6782,3,2,41,488,488,0,141.6082,3.7691,27,8,240,95,45,50,89.2289756554307,2.3749,45,12,309,144,89,55,7.864299,0,ok,logs/seed_397234.log
397234,comp_advantage,NHEFT+CompGate,0,0.0,1,0,0,2.4434,1.5494,3.9928,964.7623999999994,25.6782,3,2,41,488,488,0,141.6082,3.7691,27,8,240,95,45,50,131.36404620763722,3.4964,13,3,207,62,29,33,7.864299,0,ok,logs/seed_397234.log
973889,baseline,NHEFT,1,0.0,0,0,0,2.2702,1.4001,3.6703,857.0986000000013,18.5732,4,2,45,475,475,0,134.39989999999997,2.9124,37,9,263,96,46,50,97.13360754642618,2.1049,51,12,318,137,85,52,7.418541,0,ok,logs/seed_973889.log
973889,comp_advantage,NHEFT+CompGate,0,0.0,1,0,0,2.2702,1.4001,3.6703,857.0986000000013,18.5732,4,2,45,475,475,0,134.39989999999997,2.9124,37,9,263,96,46,50,112.00426930026808,2.4271,18,5,231,76,44,32,7.418541,0,ok,logs/seed_973889.log
110682,baseline,NHEFT,1,0.0,0,0,0,2.3751,1.5999,3.975,1005.8230999999998,16.9127,4,3,44,433,433,0,146.1118,2.4568,29,8,212,91,46,45,107.94655588489663,1.8151,35,9,269,120,79,41,5.780371,0,ok,logs/seed_110682.log
110682,comp_advantage,NHEFT+CompGate,0,0.0,1,0,0,2.3751,1.5999,3.975,1005.8230999999998,16.9127,4,3,44,433,433,0,146.1118,2.4568,29,8,212,91,46,45,152.47961912981918,2.5639,12,3,176,67,53,14,5.780371,0,ok,logs/seed_110682.log
663813,baseline,NHEFT,1,0.0,0,0,0,2.2677,1.4874,3.7551,963.4959000000002,24.9238,4,3,46,437,437,0,137.0403,3.545,22,6,200,60,41,19,95.75906854183268,2.4771,45,10,288,139,89,50,8.421606,0,ok,logs/seed_663813.log
663813,comp_advantage,NHEFT+CompGate,0,0.0,1,0,0,2.2677,1.4874,3.7551,963.4959000000002,24.9238,4,3,46,437,437,0,137.0403,3.545,22,6,200,60,41,19,173.96045533141205,4.5,13,5,180,87,64,23,8.421606,0,ok,logs/seed_663813.log
895348,baseline,NHEFT,1,0.0,0,0,0,2.3051,1.527,3.8321,791.2092999999993,22.7401,3,2,42,440,440,0,117.8242,3.3864,29,7,222,89,45,44,96.63197706694747,2.7773,53,11,312,162,92,70,6.648491,0,ok,logs/seed_895348.log
895348,comp_advantage,NHEFT+CompGate,0,0.0,1,0,0,2.3051,1.527,3.8321,791.2092999999993,22.7401,3,2,42,440,440,0,117.8242,3.3864,29,7,222,89,45,44,101.81893685127359,2.9264,28,10,274,134,79,55,6.648491,0,ok,logs/seed_895348.log
840905,baseline,NHEFT,1,0.0,0,0,0,2.7685,1.8066,4.5751,892.3985000000007,21.0964,3,2,31,451,451,0,127.66770000000004,3.0181,21,7,174,80,47,33,93.58417831325302,2.2123,44,11,305,153,96,57,6.072929,0,ok,logs/seed_840905.log
840905,comp_advantage,NHEFT+CompGate,0,0.0,1,0,0,2.7685,1.8066,4.5751,892.3985000000007,21.0964,3,2,31,451,451,0,127.66770000000004,3.0181,21,7,174,80,47,33,107.3171805395442,2.537,17,5,215,96,67,29,6.072929,0,ok,logs/seed_840905.log
366120,baseline,NHEFT,1,0.0,0,0,0,2.6017,1.7611,4.3628,977.5605999999988,22.4189,3,2,42,453,453,0,150.38839999999996,3.4489,41,12,245,135,45,90,91.53694763271162,2.0993,48,12,271,155,83,72,5.777193,0,ok,logs/seed_366120.log
366120,comp_advantage,NHEFT+CompGate,0,0.0,1,0,0,2.6017,1.7611,4.3628,977.5605999999988,22.4189,3,2,42,453,453,0,150.38839999999996,3.4489,41,12,245,135,45,90,104.29232800000004,2.3918,27,11,246,132,83,49,5.777193,0,ok,logs/seed_366120.log
873087,baseline,NHEFT,1,0.0,0,0,0,2.5122,1.2776,3.7898,619.7831999999996,16.1068,4,2,43,414,414,0,97.23269999999997,2.5269,27,7,205,86,46,40,73.81560053733054,1.9183,52,14,296,162,90,72,5.651523,0,ok,logs/seed_873087.log
873087,comp_advantage,NHEFT+CompGate,0,0.0,1,0,0,2.5122,1.2776,3.7898,619.7831999999996,16.1068,4,2,43,414,414,0,97.23269999999997,2.5269,27,7,205,86,46,40,88.50616697449522,2.3001,20,7,245,118,85,33,5.651523,0,ok,logs/seed_873087.log
333017,baseline,NHEFT,1,0.0,0,0,0,2.5026,1.6983,4.2009,804.0025000000016,21.3668,4,2,42,420,420,0,139.01229999999998,3.6943,21,6,175,74,40,34,88.60370149066213,2.3547,33,10,255,133,80,53,4.364038,0,ok,logs/seed_333017.log
333017,comp_advantage,NHEFT+CompGate,0,0.0,1,0,0,2.5026,1.6983,4.2009,804.0025000000016,21.3668,4,2,42,420,420,0,139.01229999999998,3.6943,21,6,175,74,40,34,125.97008471986419,3.3477,15,6,188,116,75,41,4.364038,0,ok,logs/seed_333017.log
479679,baseline,NHEFT,1,0.0,0,0,0,2.6826,1.4856,4.1682,787.9735000000002,25.0687,4,3,46,454,454,0,145.3998,4.6258,21,6,187,77,46,31,97.92711249999999,3.1155,42,14,289,173,92,81,4.747166,0,ok,logs/seed_479679.log
479679,comp_advantage,NHEFT+CompGate,0,0.0,1,0,0,2.6826,1.4856,4.1682,787.9735000000002,25.0687,4,3,46,454,454,0,145.3998,4.6258,21,6,187,77,46,31,107.69086985714287,3.4261,18,6,213,111,77,34,4.747166,0,ok,logs/seed_479679.log
547920,baseline,NHEFT,1,0.0,0,0,0,2.5936,1.4774,4.071,1382.8544999999992,36.7721,4,3,43,457,457,0,189.4401,5.0375,39,11,237,119,50,69,97.26477697297295,2.5864,45,10,302,139,79,60,4.597112,0,ok,logs/seed_547920.log
547920,comp_advantage,NHEFT+CompGate,0,0.0,1,0,0,2.5936,1.4774,4.071,1382.8544999999992,36.7721,4,3,43,457,457,0,189.4401,5.0375,39,11,237,119,50,69,116.29149051519535,3.0924,12,4,173,95,49,46,4.597112,0,ok,logs/seed_547920.log
397055,baseline,NHEFT,1,0.0,0,0,0,2.7994,1.9751,4.7745,963.913000000001,26.3354,5,3,55,472,472,0,146.31479999999993,3.9975,30,8,244,87,49,38,98.62043111392404,2.6944,41,10,312,126,72,54,5.075153,0,ok,logs/seed_397055.log
397055,comp_advantage,NHEFT+CompGate,0,0.0,1,0,0,2.7994,1.9751,4.7745,963.913000000001,26.3354,5,3,55,472,472,0,146.31479999999993,3.9975,30,8,244,87,49,38,119.66138202154103,3.2693,22,7,241,99,71,28,5.075153,0,ok,logs/seed_397055.log
255407,baseline,NHEFT,1,0.0,0,0,0,2.6143,1.6546,4.2689,789.7607999999983,19.5457,3,2,42,467,467,0,123.36579999999994,3.0532,24,6,205,75,43,32,100.13822303523034,2.4783,35,11,279,136,72,64,5.161447,0,ok,logs/seed_255407.log
255407,comp_advantage,NHEFT+CompGate,0,0.0,1,0,0,2.6143,1.6546,4.2689,789.7607999999983,19.5457,3,2,42,467,467,0,123.36579999999994,3.0532,24,6,205,75,43,32,95.40073292700731,2.3611,29,9,265,146,88,58,5.161447,0,ok,logs/seed_255407.log
529276,baseline,NHEFT,1,0.0,0,0,0,2.5158,1.865,4.3808,743.8025999999998,21.166,5,2,49,461,461,0,138.81810000000002,3.9503,28,6,242,78,46,32,99.73336439124034,2.8381,40,9,291,133,79,54,4.334237,0,ok,logs/seed_529276.log
529276,comp_advantage,NHEFT+CompGate,0,0.0,1,0,0,2.5158,1.865,4.3808,743.8025999999998,21.166,5,2,49,461,461,0,138.81810000000002,3.9503,28,6,242,78,46,32,232.08091047349825,6.6042,6,3,116,67,55,12,4.334237,0,ok,logs/seed_529276.log
772641,baseline,NHEFT,1,0.0,0,0,0,2.5757,1.5632,4.1389,764.680799999999,20.0326,3,2,42,458,458,0,121.28730000000002,3.1774,28,9,215,91,46,45,79.03735132571322,2.0706,41,11,303,138,91,47,5.470278,0,ok,logs/seed_772641.log
772641,comp_advantage,NHEFT+CompGate,0,0.0,1,0,0,2.5757,1.5632,4.1389,764.680799999999,20.0326,3,2,42,458,458,0,121.28730000000002,3.1774,28,9,215,91,46,45,108.46438727833893,2.8415,19,6,215,110,67,43,5.470278,0,ok,logs/seed_772641.log
452290,baseline,NHEFT,1,0.0,0,0,0,2.3942,1.3309,3.7251,852.0039999999998,23.933,3,2,40,452,452,0,140.40580000000003,3.944,31,7,215,97,51,46,96.1142352432424,2.6999,35,10,294,137,91,46,4.605829,0,ok,logs/seed_452290.log
452290,comp_advantage,NHEFT+CompGate,0,0.0,1,0,0,2.3942,1.3309,3.7251,852.0039999999998,23.933,3,2,40,452,452,0,140.40580000000003,3.944,31,7,215,97,51,46,125.24691290585244,3.5182,13,4,197,81,60,21,4.605829,0,ok,logs/seed_452290.log
70730,baseline,NHEFT,1,0.0,0,0,0,2.6597,1.8143,4.474,1004.1117999999957,30.4129,3,2,23,475,475,0,133.0513,4.0299,26,7,183,77,47,30,95.6188036326251,2.8961,40,10,310,156,86,70,5.143404,0,ok,logs/seed_70730.log
70730,comp_advantage,NHEFT+CompGate,0,0.0,1,0,0,2.6597,1.8143,4.474,1004.1117999999957,30.4129,3,2,23,475,475,0,133.0513,4.0299,26,7,183,77,47,30,137.99177115789476,4.1795,10,4,142,71,58,13,5.143404,0,ok,logs/seed_70730.log
29523,baseline,NHEFT,1,0.0,0,0,0,2.6452,1.7732,4.4184,978.2752000000006,30.1721,4,3,41,440,440,0,162.73929999999996,5.0192,22,7,175,96,47,49,90.5020346007326,2.7913,41,11,291,157,88,69,4.272001,0,ok,logs/seed_29523.log
29523,comp_advantage,NHEFT+CompGate,0,0.0,1,0,0,2.6452,1.7732,4.4184,978.2752000000006,30.1721,4,3,41,440,440,0,162.73929999999996,5.0192,22,7,175,96,47,49,105.08642722083901,3.2411,15,8,196,115,83,32,4.272001,0,ok,logs/seed_29523.log
580005,baseline,NHEFT,1,0.0,0,0,0,2.5503,1.3045,3.8548,1268.2593999999988,31.3247,2,2,22,466,466,0,157.4509,3.8889,31,10,195,103,44,59,86.13437137037037,2.1274,41,11,282,128,81,47,6.539362,0,ok,logs/seed_580005.log
580005,comp_advantage,NHEFT+CompGate,0,0.0,1,0,0,2.5503,1.3045,3.8548,1268.2593999999988,31.3247,2,2,22,466,466,0,157.4509,3.8889,31,10,195,103,44,59,125.61289982494236,3.1025,20,8,203,102,65,37,6.539362,0,ok,logs/seed_580005.log
273040,baseline,NHEFT,1,0.0,0,0,0,2.6942,1.4753,4.1695,704.5410000000005,16.7373,3,2,41,451,451,0,101.518,2.4117,24,7,226,73,41,32,87.73315118483413,2.0842,42,12,289,145,85,60,5.018317,0,ok,logs/seed_273040.log
273040,comp_advantage,NHEFT+CompGate,0,0.0,1,0,0,2.6942,1.4753,4.1695,704.5410000000005,16.7373,3,2,41,451,451,0,101.518,2.4117,24,7,226,73,41,32,144.4372147270076,3.4313,19,9,219,122,88,34,5.018317,0,ok,logs/seed_273040.log
333143,baseline,NHEFT,1,0.0,0,0,0,2.5631,1.7797,4.3428,955.4688999999984,18.89,4,2,26,456,456,0,138.88030000000006,2.7457,22,6,184,79,51,28,99.95773637483752,1.9762,38,10,277,144,88,56,4.842573,0,ok,logs/seed_333143.log
333143,comp_advantage,NHEFT+CompGate,0,0.0,1,0,0,2.5631,1.7797,4.3428,955.4688999999984,18.89,4,2,26,456,456,0,138.88030000000006,2.7457,22,6,184,79,51,28,171.2525221550347,3.3857,15,6,212,127,88,39,4.842573,0,ok,logs/seed_333143.log
6027,baseline,NHEFT,1,0.0,0,0,0,2.2288,1.2125,3.4413,1083.6128000000006,25.0596,5,3,42,487,487,0,157.01610000000002,3.6312,27,7,212,81,53,28,86.97116567261637,2.0113,43,11,326,176,108,68,5.235252,0,ok,logs/seed_6027.log
6027,comp_advantage,NHEFT+CompGate,0,0.0,1,0,0,2.2288,1.2125,3.4413,1083.6128000000006,25.0596,5,3,42,487,487,0,157.01610000000002,3.6312,27,7,212,81,53,28,148.3770026460906,3.4314,15,7,207,142,80,62,5.235252,0,ok,logs/seed_6027.log
802904,baseline,NHEFT,1,0.0,0,0,0,2.4366,1.3757,3.8123,755.6020999999996,18.226,3,2,42,465,465,0,116.9592,2.8212,26,6,227,82,48,34,89.06012945528455,2.1482,39,11,310,148,92,56,4.932887,0,ok,logs/seed_802904.log
802904,comp_advantage,NHEFT+CompGate,0,0.0,1,0,0,2.4366,1.3757,3.8123,755.6020999999996,18.226,3,2,42,465,465,0,116.9592,2.8212,26,6,227,82,48,34,742.5342969268288,17.9108,1,1,22,22,22,0,4.932887,0,ok,logs/seed_802904.log
495402,baseline,NHEFT,1,0.0,0,0,0,2.4134,1.6419,4.0553,807.1592999999997,18.1276,3,2,42,464,464,0,142.14979999999997,3.1925,27,9,209,82,42,40,113.48988126198046,2.5488,41,11,289,157,71,86,4.463286,0,ok,logs/seed_495402.log
495402,comp_advantage,NHEFT+CompGate,0,0.0,1,0,0,2.4134,1.6419,4.0553,807.1592999999997,18.1276,3,2,42,464,464,0,142.14979999999997,3.1925,27,9,209,82,42,40,126.92740427868854,2.8506,24,8,261,128,72,56,4.463286,0,ok,logs/seed_495402.log
385502,baseline,NHEFT,1,0.0,0,0,0,3.1203,2.0325,5.1528,1082.652299999999,28.6294,3,3,42,482,482,0,161.70219999999998,4.276,25,7,170,76,56,20,105.62253069306932,2.7931,40,10,281,138,87,51,5.155575,0,ok,logs/seed_385502.log
385502,comp_advantage,NHEFT+CompGate,0,0.0,1,0,0,3.1203,2.0325,5.1528,1082.652299999999,28.6294,3,3,42,482,482,0,161.70219999999998,4.276,25,7,170,76,56,20,110.56391124942998,2.9237,17,4,213,74,57,17,5.155575,0,ok,logs/seed_385502.log
847050,baseline,NHEFT,1,0.0,0,0,0,2.3425,1.6891,4.0316,707.9604999999987,18.3217,3,2,42,440,440,0,124.60620000000002,3.2248,26,7,209,83,47,36,102.21772536769757,2.6454,34,10,277,135,86,49,4.358957,0,ok,logs/seed_847050.log
847050,comp_advantage,NHEFT+CompGate,0,0.0,1,0,0,2.3425,1.6891,4.0316,707.9604999999987,18.3217,3,2,42,440,440,0,124.60620000000002,3.2248,26,7,209,83,47,36,112.71600099420048,2.917,18,6,219,104,76,28,4.358957,0,ok,logs/seed_847050.log
386832,baseline,NHEFT,1,0.0,0,0,0,2.4295,1.9253,4.3548,828.8825999999993,23.825,4,2,40,442,442,0,123.12860000000003,3.5391,24,7,187,74,46,28,100.42983368983957,2.8867,40,11,270,139,87,52,5.641703,0,ok,logs/seed_386832.log
386832,comp_advantage,NHEFT+CompGate,0,0.0,1,0,0,2.4295,1.9253,4.3548,828.8825999999993,23.825,4,2,40,442,442,0,123.12860000000003,3.5391,24,7,187,74,46,28,126.36584718643488,3.6322,19,7,198,98,68,30,5.641703,0,ok,logs/seed_386832.log
325099,baseline,NHEFT,1,0.0,0,0,0,2.7008,1.7098,4.4106,895.9455000000005,19.4162,4,2,31,451,451,0,125.21430000000002,2.7135,22,7,196,81,42,39,89.39712242857144,1.9373,36,9,288,157,98,59,4.640959,0,ok,logs/seed_325099.log
325099,comp_advantage,NHEFT+CompGate,0,0.0,1,0,0,2.7008,1.7098,4.4106,895.9455000000005,19.4162,4,2,31,451,451,0,125.21430000000002,2.7135,22,7,196,81,42,39,120.40861950765722,2.6094,13,4,186,65,53,12,4.640959,0,ok,logs/seed_325099.log
23707,baseline,NHEFT,1,0.0,0,0,0,2.2826,1.9208,4.2034,917.3426000000006,24.7198,4,2,46,472,472,0,150.8529,4.0651,28,7,231,77,45,32,117.82499247514912,3.175,50,12,295,143,75,68,4.560472,0,ok,logs/seed_23707.log
23707,comp_advantage,NHEFT+CompGate,0,0.0,1,0,0,2.2826,1.9208,4.2034,917.3426000000006,24.7198,4,2,46,472,472,0,150.8529,4.0651,28,7,231,77,45,32,197.41244742345927,5.3197,7,2,137,42,26,16,4.560472,0,ok,logs/seed_23707.log
