seed,scenario,bucket_index,composition,variant,variant_display_label,gheft_gate,gheft_tolerance,gheft_comp_gate,gheft_drt_gate,gheft_irt_gate,ccr_data,idr_image,nccr_total,dheft_makespan,dheft_slr,dheft_vcpus,dheft_hosts,dheft_instances,dheft_image_dl_total,dheft_image_from_repo,dheft_image_from_host,nheft_makespan,nheft_slr,nheft_vcpus,nheft_hosts,nheft_instances,nheft_image_dl_total,nheft_image_from_repo,nheft_image_from_host,gheft_makespan,gheft_slr,gheft_vcpus,gheft_hosts,gheft_instances,gheft_image_dl_total,gheft_image_from_repo,gheft_image_from_host,time_sec,return_code,status,log_file
741896,e04x,4,x,baseline_plus_gheft,DHEFT/NHEFT/GHEFT,IRT-only,0.0,0,0,1,0.3779,0.3356,0.7135,54.9661,1.6876,42,12,286,119,40,79,51.032363414634155,1.5669,61,14,334,185,112,73,51.165791598915995,1.5709,48,12,318,175,114,61,8.011547,0,ok,logs/seed_741896.log
430515,e04x,4,x,baseline_plus_gheft,DHEFT/NHEFT/GHEFT,IRT-only,0.0,0,0,1,0.3611,0.355,0.7161,55.006400000000006,1.36,40,8,306,118,53,65,49.19923443268437,1.2165,51,11,340,163,125,38,48.22583143116242,1.1924,50,10,323,157,117,40,8.380828,0,ok,logs/seed_430515.log
888075,e04x,4,x,baseline_plus_gheft,DHEFT/NHEFT/GHEFT,IRT-only,0.0,0,0,1,0.3599,0.3101,0.67,56.9975,1.4645,55,13,342,166,44,122,54.352950382209876,1.3965,65,15,364,220,153,67,52.1661992136304,1.3403,49,12,340,182,140,42,10.176884,0,ok,logs/seed_888075.log
914983,e04x,4,x,baseline_plus_gheft,DHEFT/NHEFT/GHEFT,IRT-only,0.0,0,0,1,0.4095,0.4045,0.814,55.744299999999996,1.5607,42,10,301,124,38,86,40.76981286440679,1.1415,56,12,305,165,97,68,42.650790648567124,1.1941,50,11,311,159,109,50,8.180267,0,ok,logs/seed_914983.log
997971,e04x,4,x,baseline_plus_gheft,DHEFT/NHEFT/GHEFT,IRT-only,0.0,0,0,1,0.3632,0.2962,0.6594,58.677800000000005,1.9771,40,9,292,115,42,73,47.43510449050086,1.5983,59,13,341,184,122,62,46.37592657976107,1.5626,51,13,336,166,119,47,12.615328,0,ok,logs/seed_997971.log
747642,e04x,4,x,baseline_plus_gheft,DHEFT/NHEFT/GHEFT,IRT-only,0.0,0,0,1,0.3196,0.2748,0.5944,52.82079999999999,1.1943,48,11,329,152,46,106,53.45909930651872,1.2087,56,14,334,190,116,74,48.803643243243236,1.1034,48,14,310,167,120,47,13.2151,0,ok,logs/seed_747642.log
664527,e04x,4,x,baseline_plus_gheft,DHEFT/NHEFT/GHEFT,IRT-only,0.0,0,0,1,0.3569,0.4036,0.7605,57.783200000000015,1.4039,52,11,325,131,47,84,50.76825643648765,1.2334,55,11,327,162,112,50,58.51557270955165,1.4217,44,10,318,146,110,36,17.931911,0,ok,logs/seed_664527.log
760044,e04x,4,x,baseline_plus_gheft,DHEFT/NHEFT/GHEFT,IRT-only,0.0,0,0,1,0.3135,0.2873,0.6008,61.548500000000004,1.1672,41,9,305,121,39,82,55.10948348175183,1.0451,52,12,333,154,99,55,56.38638348175183,1.0693,50,11,325,169,114,55,16.250231,0,ok,logs/seed_760044.log
215549,e04x,4,x,baseline_plus_gheft,DHEFT/NHEFT/GHEFT,IRT-only,0.0,0,0,1,0.3535,0.3639,0.7174,50.3892,1.426,43,8,330,124,48,76,56.1073831842576,1.5878,53,12,337,168,122,46,56.1073831842576,1.5878,47,11,315,150,123,27,17.566925,0,ok,logs/seed_215549.log
370191,e04x,4,x,baseline_plus_gheft,DHEFT/NHEFT/GHEFT,IRT-only,0.0,0,0,1,0.3373,0.3458,0.6831,56.780199999999994,1.6033,40,9,281,95,39,56,47.940504514938475,1.3537,54,12,327,152,97,55,47.940504514938475,1.3537,46,12,307,129,91,38,23.06279,0,ok,logs/seed_370191.log
296947,e04x,4,x,baseline_plus_gheft,DHEFT/NHEFT/GHEFT,IRT-only,0.0,0,0,1,0.3136,0.3604,0.674,62.4321,1.3644,45,11,316,128,39,89,52.60246363636362,1.1495,58,14,331,179,101,78,68.4709020989011,1.4963,50,12,321,157,97,60,21.724914,0,ok,logs/seed_296947.log
963598,e04x,4,x,baseline_plus_gheft,DHEFT/NHEFT/GHEFT,IRT-only,0.0,0,0,1,0.3706,0.3579,0.7285,50.33180000000001,1.3024,43,10,314,126,43,83,45.342218207282905,1.1733,70,14,346,187,123,64,53.51538606271778,1.3848,46,12,323,154,109,45,24.989464,0,ok,logs/seed_963598.log
388451,e04x,4,x,baseline_plus_gheft,DHEFT/NHEFT/GHEFT,IRT-only,0.0,0,0,1,0.3475,0.3364,0.6839,54.233999999999995,1.4403,43,7,307,122,45,77,56.57538536018957,1.5025,60,13,335,186,119,67,48.77962432859399,1.2955,50,12,335,164,107,57,19.933594,0,ok,logs/seed_388451.log
602873,e04x,4,x,baseline_plus_gheft,DHEFT/NHEFT/GHEFT,IRT-only,0.0,0,0,1,0.3284,0.3095,0.6379,59.0866,1.1976,40,10,320,117,41,76,63.12887422133862,1.2795,51,12,324,162,106,56,67.76239942196531,1.3734,45,11,318,159,115,44,25.585767,0,ok,logs/seed_602873.log
122745,e04x,4,x,baseline_plus_gheft,DHEFT/NHEFT/GHEFT,IRT-only,0.0,0,0,1,0.3525,0.2976,0.6501,53.39959999999999,1.5392,49,9,308,116,42,74,46.69323640856031,1.3459,65,12,350,160,99,61,49.847880701754384,1.4369,54,11,333,137,90,47,25.022217,0,ok,logs/seed_122745.log
484762,e04x,4,x,baseline_plus_gheft,DHEFT/NHEFT/GHEFT,IRT-only,0.0,0,0,1,0.3589,0.3804,0.7393,51.175799999999995,1.4547,41,8,320,112,47,65,52.60802475691848,1.4954,51,11,321,156,109,47,56.566316677275616,1.6079,54,11,317,183,135,48,21.649457,0,ok,logs/seed_484762.log
514215,e04x,4,x,baseline_plus_gheft,DHEFT/NHEFT/GHEFT,IRT-only,0.0,0,0,1,0.3814,0.3191,0.7005,51.789500000000004,1.3127,38,9,294,113,37,76,44.54754281567489,1.1292,63,14,326,184,107,77,48.87463002680966,1.2389,49,12,317,165,104,61,20.135787,0,ok,logs/seed_514215.log
601161,e04x,4,x,baseline_plus_gheft,DHEFT/NHEFT/GHEFT,IRT-only,0.0,0,0,1,0.31,0.3037,0.6137,65.6702,1.4639,46,11,309,138,40,98,56.13248659793815,1.2513,70,15,341,200,128,72,53.27801765447669,1.1877,50,14,338,180,115,65,20.472402,0,ok,logs/seed_601161.log
78435,e04x,4,x,baseline_plus_gheft,DHEFT/NHEFT/GHEFT,IRT-only,0.0,0,0,1,0.3243,0.2908,0.6151,56.86800000000001,1.2975,51,14,299,161,43,118,54.47078893178893,1.2428,57,14,327,191,124,67,54.47078893178893,1.2428,49,13,303,171,120,51,18.848101,0,ok,logs/seed_78435.log
480957,e04x,4,x,baseline_plus_gheft,DHEFT/NHEFT/GHEFT,IRT-only,0.0,0,0,1,0.3618,0.3078,0.6696,44.089,1.2546,42,11,312,132,51,81,40.25255179968701,1.1454,59,14,330,184,119,65,40.906118535469105,1.164,49,13,320,169,121,48,21.026063,0,ok,logs/seed_480957.log
113260,e04x,4,x,baseline_plus_gheft,DHEFT/NHEFT/GHEFT,IRT-only,0.0,0,0,1,0.3947,0.3795,0.7742,61.936899999999994,1.3569,44,12,308,145,51,94,56.37761922990145,1.2351,62,13,346,188,112,76,84.30744573687181,1.847,47,10,341,187,140,47,29.281495,0,ok,logs/seed_113260.log
846854,e04x,4,x,baseline_plus_gheft,DHEFT/NHEFT/GHEFT,IRT-only,0.0,0,0,1,0.3391,0.3354,0.6745,48.2864,1.3981,31,8,263,91,35,56,48.17382469942198,1.3948,52,11,303,142,110,32,46.82839793977813,1.3559,36,11,257,113,84,29,15.248834,0,ok,logs/seed_846854.log
422970,e04x,4,x,baseline_plus_gheft,DHEFT/NHEFT/GHEFT,IRT-only,0.0,0,0,1,0.3408,0.3801,0.7209,56.8699,1.46,52,12,304,140,40,100,51.91957925117005,1.3329,60,13,309,159,108,51,51.91957925117005,1.3329,48,11,307,158,119,39,20.496061,0,ok,logs/seed_422970.log
762973,e04x,4,x,baseline_plus_gheft,DHEFT/NHEFT/GHEFT,IRT-only,0.0,0,0,1,0.3994,0.2919,0.6913,44.4309,1.0793,38,8,306,109,49,60,48.59979886492622,1.1806,49,10,312,149,109,40,59.021074240583246,1.4337,43,10,308,146,112,34,16.88763,0,ok,logs/seed_762973.log
303068,e04x,4,x,baseline_plus_gheft,DHEFT/NHEFT/GHEFT,IRT-only,0.0,0,0,1,0.4117,0.4435,0.8552,60.0526,1.6995,43,9,288,114,56,58,46.75231428571428,1.3231,50,11,324,163,113,50,48.59998571428571,1.3754,50,11,333,173,131,42,20.830673,0,ok,logs/seed_303068.log
701483,e04x,4,x,baseline_plus_gheft,DHEFT/NHEFT/GHEFT,IRT-only,0.0,0,0,1,0.4259,0.4135,0.8394,52.311099999999996,1.6844,44,10,288,128,43,85,45.70244777187949,1.4716,52,12,319,173,113,60,42.98594576327116,1.3842,45,12,306,165,106,59,17.366672,0,ok,logs/seed_701483.log
193272,e04x,4,x,baseline_plus_gheft,DHEFT/NHEFT/GHEFT,IRT-only,0.0,0,0,1,0.3617,0.3906,0.7523,59.73240000000001,1.3222,53,13,327,154,40,114,54.59690651983913,1.2086,64,14,344,181,114,67,61.94756314199396,1.3713,48,12,327,170,127,43,24.379692,0,ok,logs/seed_193272.log
609026,e04x,4,x,baseline_plus_gheft,DHEFT/NHEFT/GHEFT,IRT-only,0.0,0,0,1,0.3346,0.3228,0.6574,55.64390000000001,1.5302,50,13,326,139,39,100,47.58969343937233,1.3087,50,11,339,164,123,41,49.330128530670464,1.3566,52,12,348,169,118,51,25.185029,0,ok,logs/seed_609026.log
385324,e04x,4,x,baseline_plus_gheft,DHEFT/NHEFT/GHEFT,IRT-only,0.0,0,0,1,0.3809,0.412,0.7929,47.4015,1.4557,39,9,312,103,46,57,44.20951314470284,1.3577,54,13,324,166,131,35,43.22236002731512,1.3274,45,10,310,146,115,31,20.654622,0,ok,logs/seed_385324.log
586699,e04x,4,x,baseline_plus_gheft,DHEFT/NHEFT/GHEFT,IRT-only,0.0,0,0,1,0.3488,0.3632,0.712,58.06680000000001,1.4901,44,10,292,128,46,82,50.37885519305019,1.2928,53,10,300,150,113,37,51.3123613114241,1.3167,43,10,287,140,104,36,19.328402,0,ok,logs/seed_586699.log
127154,e04x,4,x,baseline_plus_gheft,DHEFT/NHEFT/GHEFT,IRT-only,0.0,0,0,1,0.4061,0.3934,0.7995,55.923500000000004,2.0007,52,11,317,144,51,93,41.871510517529224,1.4979,68,12,374,183,109,74,43.35052109955422,1.5509,55,11,352,175,119,56,19.417249,0,ok,logs/seed_127154.log
140763,e04x,4,x,baseline_plus_gheft,DHEFT/NHEFT/GHEFT,IRT-only,0.0,0,0,1,0.3482,0.3294,0.6776,52.9505,1.382,31,8,280,107,50,57,45.59629554317548,1.1901,50,9,334,167,116,51,48.77464157650696,1.273,36,8,319,147,112,35,19.609992,0,ok,logs/seed_140763.log
162375,e04x,4,x,baseline_plus_gheft,DHEFT/NHEFT/GHEFT,IRT-only,0.0,0,0,1,0.3936,0.4071,0.8007,52.250600000000006,1.2922,49,10,293,121,38,83,43.382201,1.0729,54,11,316,149,97,52,52.79883018355137,1.3058,44,10,308,153,100,53,17.415868,0,ok,logs/seed_162375.log
320372,e04x,4,x,baseline_plus_gheft,DHEFT/NHEFT/GHEFT,IRT-only,0.0,0,0,1,0.3998,0.458,0.8578,57.398999999999994,1.5199,48,11,303,130,50,80,47.01588016950305,1.2449,57,12,340,177,121,56,57.76445319148935,1.5295,47,9,316,145,106,39,16.559978,0,ok,logs/seed_320372.log
911752,e04x,4,x,baseline_plus_gheft,DHEFT/NHEFT/GHEFT,IRT-only,0.0,0,0,1,0.4192,0.3688,0.788,52.1103,1.3138,40,9,291,108,54,54,51.129786889460156,1.2891,65,12,338,183,126,57,50.88688908296944,1.2829,45,10,322,147,119,28,19.759191,0,ok,logs/seed_911752.log
185527,e04x,4,x,baseline_plus_gheft,DHEFT/NHEFT/GHEFT,IRT-only,0.0,0,0,1,0.3725,0.3283,0.7008,62.4103,1.2846,50,9,331,152,51,101,51.646165381708244,1.0631,60,13,339,192,121,71,53.714125076809474,1.1056,48,11,347,178,126,52,21.069052,0,ok,logs/seed_185527.log
766339,e04x,4,x,baseline_plus_gheft,DHEFT/NHEFT/GHEFT,IRT-only,0.0,0,0,1,0.3974,0.3687,0.7661,62.16,1.6161,37,9,260,121,35,86,50.46927343223195,1.3122,59,11,323,164,82,82,50.701273432231964,1.3182,55,12,317,160,96,64,18.647925,0,ok,logs/seed_766339.log
911829,e04x,4,x,baseline_plus_gheft,DHEFT/NHEFT/GHEFT,IRT-only,0.0,0,0,1,0.3589,0.3377,0.6966,60.22169999999999,1.1916,47,12,306,131,41,90,53.11365895765472,1.0509,55,12,327,147,87,60,53.11365895765472,1.0509,52,11,324,140,90,50,23.741584,0,ok,logs/seed_911829.log
184906,e04x,4,x,baseline_plus_gheft,DHEFT/NHEFT/GHEFT,IRT-only,0.0,0,0,1,0.383,0.3679,0.7509,53.4529,1.2468,45,10,300,122,41,81,56.48333399209487,1.3175,70,16,326,185,117,68,47.167817583988565,1.1002,51,12,296,133,102,31,16.886014,0,ok,logs/seed_184906.log
189090,e04x,4,x,baseline_plus_gheft,DHEFT/NHEFT/GHEFT,IRT-only,0.0,0,0,1,0.3822,0.2973,0.6795,48.28030000000001,1.3583,41,9,295,114,41,73,40.59556203208557,1.1421,56,13,318,151,107,44,41.85555441242938,1.1776,50,12,302,141,103,38,17.821628,0,ok,logs/seed_189090.log
355619,e04x,4,x,baseline_plus_gheft,DHEFT/NHEFT/GHEFT,IRT-only,0.0,0,0,1,0.3171,0.3331,0.6502,68.96850000000002,1.4962,49,12,309,154,51,103,57.805822699386496,1.2541,68,15,340,202,126,76,72.56503900087642,1.5742,61,14,332,195,135,60,17.87621,0,ok,logs/seed_355619.log
440123,e04x,4,x,baseline_plus_gheft,DHEFT/NHEFT/GHEFT,IRT-only,0.0,0,0,1,0.3368,0.3643,0.7011,64.531,1.394,53,11,320,157,45,112,65.67144505928854,1.4187,61,15,343,185,110,75,61.36596232464931,1.3256,51,13,344,183,123,60,20.543618,0,ok,logs/seed_440123.log
65843,e04x,4,x,baseline_plus_gheft,DHEFT/NHEFT/GHEFT,IRT-only,0.0,0,0,1,0.3851,0.3102,0.6953,49.03959999999999,1.3822,42,8,266,105,38,67,42.13336427683616,1.1875,55,9,309,140,94,46,42.84066427683616,1.2074,46,8,289,131,88,43,13.673892,0,ok,logs/seed_65843.log
356002,e04x,4,x,baseline_plus_gheft,DHEFT/NHEFT/GHEFT,IRT-only,0.0,0,0,1,0.4003,0.3281,0.7284,53.7437,1.4219,35,7,287,122,53,69,48.399552631578935,1.2805,55,13,318,174,141,33,46.7915283911672,1.2379,50,12,314,161,128,33,20.053787,0,ok,logs/seed_356002.log
546160,e04x,4,x,baseline_plus_gheft,DHEFT/NHEFT/GHEFT,IRT-only,0.0,0,0,1,0.3849,0.3366,0.7215,56.62719999999998,1.0096,48,11,302,152,50,102,56.62719962476546,1.0096,48,11,317,173,125,48,63.71429962476548,1.136,44,12,314,171,121,50,21.291681,0,ok,logs/seed_546160.log
466702,e04x,4,x,baseline_plus_gheft,DHEFT/NHEFT/GHEFT,IRT-only,0.0,0,0,1,0.3062,0.2471,0.5533,52.5439,1.4736,34,9,295,123,37,86,48.17741445783132,1.3511,52,11,327,167,107,60,49.83098292771084,1.3975,44,10,324,158,103,55,23.528872,0,ok,logs/seed_466702.log
108594,e04x,4,x,baseline_plus_gheft,DHEFT/NHEFT/GHEFT,IRT-only,0.0,0,0,1,0.339,0.3178,0.6568,47.807300000000005,1.3852,40,10,310,120,38,82,44.836018665615136,1.2991,61,14,335,191,122,69,47.95869999999999,1.3896,49,13,324,162,114,48,23.184547,0,ok,logs/seed_108594.log
302326,e04x,4,x,baseline_plus_gheft,DHEFT/NHEFT/GHEFT,IRT-only,0.0,0,0,1,0.3853,0.3466,0.7319,53.4215,1.3193,40,11,297,130,42,88,42.59843654159871,1.052,43,11,335,158,105,53,44.63818417997098,1.1024,44,10,330,171,117,54,18.614062,0,ok,logs/seed_302326.log
830943,e04x,4,x,baseline_plus_gheft,DHEFT/NHEFT/GHEFT,IRT-only,0.0,0,0,1,0.3904,0.3196,0.71,48.977399999999996,1.3923,41,8,273,90,39,51,44.33098002097902,1.2602,57,12,309,141,91,50,43.03982436448599,1.2235,50,10,300,130,85,45,16.582922,0,ok,logs/seed_830943.log
774892,e04x,4,x,baseline_plus_gheft,DHEFT/NHEFT/GHEFT,IRT-only,0.0,0,0,1,0.3527,0.2884,0.6411,55.0185,1.3675,46,10,323,130,44,86,46.052522630992186,1.1446,69,14,357,179,117,62,47.6987,1.1855,56,11,342,158,112,46,22.597379,0,ok,logs/seed_774892.log
317399,e04x,4,x,baseline_plus_gheft,DHEFT/NHEFT/GHEFT,IRT-only,0.0,0,0,1,0.3824,0.3286,0.711,49.1983,1.3697,45,10,314,127,51,76,44.8527894625922,1.2487,60,12,345,188,136,52,41.683541880341885,1.1605,52,12,321,169,123,46,20.8865,0,ok,logs/seed_317399.log
179499,e04x,4,x,baseline_plus_gheft,DHEFT/NHEFT/GHEFT,IRT-only,0.0,0,0,1,0.3708,0.3218,0.6926,57.0626,1.4416,40,11,306,130,43,87,55.57775420054201,1.4041,55,12,345,189,136,53,55.57775420054201,1.4041,44,12,317,168,124,44,16.652934,0,ok,logs/seed_179499.log
551935,e04x,4,x,baseline_plus_gheft,DHEFT/NHEFT/GHEFT,IRT-only,0.0,0,0,1,0.4037,0.3859,0.7896,53.3063,1.0527,38,9,309,95,41,54,54.48931621621622,1.0761,50,11,332,170,121,49,61.461416216216215,1.2138,48,9,306,158,124,34,19.645172,0,ok,logs/seed_551935.log
751687,e04x,4,x,baseline_plus_gheft,DHEFT/NHEFT/GHEFT,IRT-only,0.0,0,0,1,0.3451,0.2609,0.606,55.03720000000002,1.5699,41,11,273,134,46,88,43.55326710169492,1.2423,57,12,310,168,110,58,52.390528813559314,1.4944,52,12,319,169,102,67,16.781573,0,ok,logs/seed_751687.log
531148,e04x,4,x,baseline_plus_gheft,DHEFT/NHEFT/GHEFT,IRT-only,0.0,0,0,1,0.3533,0.3078,0.6611,62.6425,1.3503,55,14,347,156,45,111,52.1684100909091,1.1245,65,13,360,182,132,50,56.897432448377565,1.2264,60,13,351,179,138,41,23.764325,0,ok,logs/seed_531148.log
594138,e04x,4,x,baseline_plus_gheft,DHEFT/NHEFT/GHEFT,IRT-only,0.0,0,0,1,0.4017,0.3669,0.7686,48.90600000000001,1.4209,42,9,297,114,43,71,39.82530343668122,1.1571,61,13,322,173,112,61,41.10759846322722,1.1943,55,12,322,165,108,57,16.126175,0,ok,logs/seed_594138.log
702028,e04x,4,x,baseline_plus_gheft,DHEFT/NHEFT/GHEFT,IRT-only,0.0,0,0,1,0.3885,0.3353,0.7238,54.55,1.4047,45,12,303,141,46,95,58.113103764115436,1.4965,59,12,342,207,132,75,51.39800376411544,1.3235,45,10,314,169,124,45,19.476218,0,ok,logs/seed_702028.log
492022,e04x,4,x,baseline_plus_gheft,DHEFT/NHEFT/GHEFT,IRT-only,0.0,0,0,1,0.3416,0.3035,0.6451,55.420399999999994,1.4525,50,11,319,137,45,92,47.66301149110806,1.2492,71,14,343,196,114,82,46.6502575574712,1.2226,56,13,337,168,109,59,18.781639,0,ok,logs/seed_492022.log
231332,e04x,4,x,baseline_plus_gheft,DHEFT/NHEFT/GHEFT,IRT-only,0.0,0,0,1,0.3797,0.3408,0.7205,52.883399999999995,1.4995,47,10,308,121,44,77,42.0090668202765,1.1912,60,12,357,160,100,60,43.453716814159286,1.2321,56,13,337,182,125,57,21.822022,0,ok,logs/seed_231332.log
147537,e04x,4,x,baseline_plus_gheft,DHEFT/NHEFT/GHEFT,IRT-only,0.0,0,0,1,0.3986,0.363,0.7616,59.543600000000005,1.3049,45,9,321,149,47,102,54.886958549931606,1.2028,60,12,338,159,118,41,53.93069006211179,1.1818,50,11,329,155,120,35,19.812774,0,ok,logs/seed_147537.log
109654,e04x,4,x,baseline_plus_gheft,DHEFT/NHEFT/GHEFT,IRT-only,0.0,0,0,1,0.3409,0.3621,0.703,60.3681,1.4784,46,12,316,142,52,90,49.89191554103123,1.2219,54,13,333,176,127,49,49.161821517486665,1.204,53,13,326,157,107,50,25.310081,0,ok,logs/seed_109654.log
357820,e04x,4,x,baseline_plus_gheft,DHEFT/NHEFT/GHEFT,IRT-only,0.0,0,0,1,0.3133,0.3235,0.6368,48.024800000000006,1.6448,44,10,290,115,50,65,39.65397765363129,1.3581,53,11,320,144,112,32,40.491213649567996,1.3867,48,11,327,150,114,36,18.638989,0,ok,logs/seed_357820.log
813854,e04x,4,x,baseline_plus_gheft,DHEFT/NHEFT/GHEFT,IRT-only,0.0,0,0,1,0.3586,0.326,0.6846,55.66050000000001,1.2844,42,9,297,135,48,87,47.24078316970547,1.0901,66,14,334,171,115,56,46.58137322970638,1.0749,59,13,347,178,118,60,21.28293,0,ok,logs/seed_813854.log
840701,e04x,4,x,baseline_plus_gheft,DHEFT/NHEFT/GHEFT,IRT-only,0.0,0,0,1,0.3491,0.3583,0.7074,53.66620000000001,1.2331,34,8,324,109,53,56,52.20619878296383,1.1996,60,14,348,165,117,48,59.03146448598132,1.3564,44,10,342,161,120,41,25.089204,0,ok,logs/seed_840701.log
528112,e04x,4,x,baseline_plus_gheft,DHEFT/NHEFT/GHEFT,IRT-only,0.0,0,0,1,0.4031,0.3687,0.7718,47.7746,1.1391,45,10,306,123,44,79,46.194690261920755,1.1014,61,11,329,166,118,48,47.10406332953105,1.1231,51,11,311,162,125,37,17.563592,0,ok,logs/seed_528112.log
610245,e04x,4,x,baseline_plus_gheft,DHEFT/NHEFT/GHEFT,IRT-only,0.0,0,0,1,0.3937,0.3743,0.768,50.532199999999996,1.3814,46,12,309,126,39,87,43.50425791855204,1.1893,53,13,335,159,95,64,49.18463410672855,1.3446,44,12,309,151,102,49,17.295828,0,ok,logs/seed_610245.log
540631,e04x,4,x,baseline_plus_gheft,DHEFT/NHEFT/GHEFT,IRT-only,0.0,0,0,1,0.3681,0.3024,0.6705,57.47849999999998,1.6598,42,9,305,126,42,84,43.93898941681791,1.2688,49,10,342,160,98,62,45.17480498507463,1.3045,50,11,333,162,109,53,21.625057,0,ok,logs/seed_540631.log
670354,e04x,4,x,baseline_plus_gheft,DHEFT/NHEFT/GHEFT,IRT-only,0.0,0,0,1,0.3721,0.3363,0.7084,54.29069999999998,1.3536,55,11,313,137,38,99,54.675329287319414,1.3632,53,12,326,172,126,46,50.195476886035316,1.2515,49,12,318,158,117,41,18.17133,0,ok,logs/seed_670354.log
416284,e04x,4,x,baseline_plus_gheft,DHEFT/NHEFT/GHEFT,IRT-only,0.0,0,0,1,0.3801,0.3749,0.755,64.424,1.8837,40,9,278,127,46,81,53.3708471780029,1.5605,52,12,332,169,126,43,60.973515124153494,1.7828,46,12,332,165,129,36,20.060909,0,ok,logs/seed_416284.log
853922,e04x,4,x,baseline_plus_gheft,DHEFT/NHEFT/GHEFT,IRT-only,0.0,0,0,1,0.3932,0.4412,0.8344,47.341499999999996,1.1395,46,9,308,119,44,75,49.77914591381872,1.1982,54,11,319,176,124,52,44.069633333333336,1.0608,46,10,312,155,112,43,18.085655,0,ok,logs/seed_853922.log
703771,e04x,4,x,baseline_plus_gheft,DHEFT/NHEFT/GHEFT,IRT-only,0.0,0,0,1,0.3842,0.4105,0.7947,46.39990000000001,1.2695,44,10,302,125,46,79,45.00435559566786,1.2313,46,10,304,137,97,40,45.08475776173285,1.2335,44,11,296,156,112,44,17.381533,0,ok,logs/seed_703771.log
131782,e04x,4,x,baseline_plus_gheft,DHEFT/NHEFT/GHEFT,IRT-only,0.0,0,0,1,0.3777,0.3549,0.7326,45.42640000000001,1.4252,49,9,317,125,49,76,40.99971587889272,1.2863,53,11,318,147,100,47,40.86383806228374,1.282,46,11,313,139,88,51,18.708742,0,ok,logs/seed_131782.log
793335,e04x,4,x,baseline_plus_gheft,DHEFT/NHEFT/GHEFT,IRT-only,0.0,0,0,1,0.3847,0.4043,0.789,56.25350000000001,1.5952,44,11,273,121,43,78,49.95927046979865,1.4167,48,11,311,156,106,50,45.82921530139103,1.2996,41,10,290,159,113,46,19.500391,0,ok,logs/seed_793335.log
829835,e04x,4,x,baseline_plus_gheft,DHEFT/NHEFT/GHEFT,IRT-only,0.0,0,0,1,0.3282,0.2947,0.6229,52.8227,1.4716,38,10,289,116,42,74,46.67251192910703,1.3003,55,14,313,149,110,39,60.46630497981156,1.6846,48,12,288,161,128,33,24.987548,0,ok,logs/seed_829835.log
517538,e04x,4,x,baseline_plus_gheft,DHEFT/NHEFT/GHEFT,IRT-only,0.0,0,0,1,0.3919,0.3261,0.718,50.52869999999999,1.2628,43,8,331,120,45,75,46.54431094475137,1.1632,66,12,341,175,119,56,45.27951222994653,1.1316,56,13,355,187,137,50,22.866736,0,ok,logs/seed_517538.log
432977,e04x,4,x,baseline_plus_gheft,DHEFT/NHEFT/GHEFT,IRT-only,0.0,0,0,1,0.3727,0.3336,0.7063,58.2104,1.296,46,10,307,124,46,78,49.19995903771131,1.0954,59,12,350,174,111,63,50.51285903771131,1.1246,52,11,338,166,118,48,21.001097,0,ok,logs/seed_432977.log
202788,e04x,4,x,baseline_plus_gheft,DHEFT/NHEFT/GHEFT,IRT-only,0.0,0,0,1,0.3841,0.3389,0.723,48.7493,1.2611,42,8,310,117,39,78,46.25545509652078,1.1965,54,11,317,165,105,60,43.56469574544491,1.1269,46,11,316,144,95,49,20.763294,0,ok,logs/seed_202788.log
455331,e04x,4,x,baseline_plus_gheft,DHEFT/NHEFT/GHEFT,IRT-only,0.0,0,0,1,0.3933,0.3338,0.7271,65.2282,1.7053,54,12,316,167,43,124,49.1189504014273,1.2842,47,11,333,190,131,59,49.1189504014273,1.2842,49,11,321,184,124,60,18.69737,0,ok,logs/seed_455331.log
795054,e04x,4,x,baseline_plus_gheft,DHEFT/NHEFT/GHEFT,IRT-only,0.0,0,0,1,0.3918,0.3419,0.7337,52.712399999999995,1.6117,37,9,281,111,47,64,42.41980200000001,1.297,52,12,310,143,90,53,46.3702947368421,1.4178,41,11,286,141,104,37,12.889608,0,ok,logs/seed_795054.log
612732,e04x,4,x,baseline_plus_gheft,DHEFT/NHEFT/GHEFT,IRT-only,0.0,0,0,1,0.3778,0.295,0.6728,46.89660000000001,1.4855,39,8,296,106,48,58,40.70296828143022,1.2893,58,12,322,149,110,39,45.11360492222013,1.429,50,11,321,163,120,43,18.827189,0,ok,logs/seed_612732.log
753523,e04x,4,x,baseline_plus_gheft,DHEFT/NHEFT/GHEFT,IRT-only,0.0,0,0,1,0.3558,0.3475,0.7033,61.52830000000001,1.5747,37,11,274,107,33,74,70.19853765182187,1.7966,54,13,318,155,103,52,70.19853765182187,1.7966,48,10,312,141,107,34,17.176245,0,ok,logs/seed_753523.log
239744,e04x,4,x,baseline_plus_gheft,DHEFT/NHEFT/GHEFT,IRT-only,0.0,0,0,1,0.3678,0.3604,0.7282,51.89549999999999,1.2058,43,9,317,119,57,62,49.81612020928712,1.1574,50,11,344,162,119,43,60.22528840617183,1.3993,48,10,326,175,131,44,20.195475,0,ok,logs/seed_239744.log
838648,e04x,4,x,baseline_plus_gheft,DHEFT/NHEFT/GHEFT,IRT-only,0.0,0,0,1,0.3871,0.3402,0.7273,49.3499,1.1748,41,11,317,130,45,85,43.936817581187015,1.0459,53,11,332,156,99,57,51.32863076923077,1.2219,51,12,320,157,110,47,17.611826,0,ok,logs/seed_838648.log
115403,e04x,4,x,baseline_plus_gheft,DHEFT/NHEFT/GHEFT,IRT-only,0.0,0,0,1,0.3276,0.2828,0.6104,59.19449999999999,1.4022,40,9,302,112,39,73,47.65296717797975,1.1288,57,13,324,150,100,50,49.19497491391722,1.1653,51,12,309,153,106,47,16.66356,0,ok,logs/seed_115403.log
712189,e04x,4,x,baseline_plus_gheft,DHEFT/NHEFT/GHEFT,IRT-only,0.0,0,0,1,0.3987,0.4124,0.8111,60.654999999999994,1.8032,47,12,290,129,34,95,58.08933118414732,1.727,54,11,341,164,108,56,56.52334285714287,1.6804,52,12,325,182,126,56,19.177452,0,ok,logs/seed_712189.log
873143,e04x,4,x,baseline_plus_gheft,DHEFT/NHEFT/GHEFT,IRT-only,0.0,0,0,1,0.3514,0.299,0.6504,51.96880000000001,1.8121,46,11,296,132,57,75,43.9719744835966,1.5332,46,12,306,142,102,40,49.93333918495297,1.7411,38,10,302,133,94,39,17.646102,0,ok,logs/seed_873143.log
877233,e04x,4,x,baseline_plus_gheft,DHEFT/NHEFT/GHEFT,IRT-only,0.0,0,0,1,0.3474,0.2751,0.6225,51.253000000000014,1.3995,35,8,265,116,44,72,43.135040458015254,1.1779,51,13,304,168,115,53,43.0717433121019,1.1761,48,13,316,173,119,54,24.177124,0,ok,logs/seed_877233.log
663658,e04x,4,x,baseline_plus_gheft,DHEFT/NHEFT/GHEFT,IRT-only,0.0,0,0,1,0.3923,0.4142,0.8065,62.621900000000004,1.6264,47,12,293,153,42,111,50.69537238810197,1.3167,54,12,342,171,118,53,55.648632011331436,1.4453,52,12,331,175,118,57,16.699591,0,ok,logs/seed_663658.log
656054,e04x,4,x,baseline_plus_gheft,DHEFT/NHEFT/GHEFT,IRT-only,0.0,0,0,1,0.3517,0.2521,0.6038,54.68260000000001,1.5521,36,6,303,108,46,62,41.06283616483517,1.1655,51,10,338,151,106,45,41.06283616483517,1.1655,52,10,342,152,106,46,22.32401,0,ok,logs/seed_656054.log
464471,e04x,4,x,baseline_plus_gheft,DHEFT/NHEFT/GHEFT,IRT-only,0.0,0,0,1,0.3692,0.3714,0.7406,48.58069999999999,1.3488,46,10,302,124,56,68,42.79423812233285,1.1881,54,10,307,151,116,35,43.730738122332866,1.2141,47,10,317,138,110,28,20.811653,0,ok,logs/seed_464471.log
586510,e04x,4,x,baseline_plus_gheft,DHEFT/NHEFT/GHEFT,IRT-only,0.0,0,0,1,0.3634,0.3734,0.7368,45.889500000000005,1.4163,49,10,312,117,37,80,42.615372737306885,1.3152,53,10,319,151,103,48,42.615372737306885,1.3152,46,8,313,138,103,35,19.787792,0,ok,logs/seed_586510.log
50264,e04x,4,x,baseline_plus_gheft,DHEFT/NHEFT/GHEFT,IRT-only,0.0,0,0,1,0.3652,0.3443,0.7095,50.66760000000001,1.394,38,9,287,110,42,68,42.63353762246898,1.1729,58,12,315,166,110,56,43.53343762246897,1.1977,49,11,308,164,108,56,19.065666,0,ok,logs/seed_50264.log
719048,e04x,4,x,baseline_plus_gheft,DHEFT/NHEFT/GHEFT,IRT-only,0.0,0,0,1,0.3932,0.4105,0.8037,50.763099999999994,1.3696,50,10,324,127,52,75,43.999085808543846,1.1871,58,15,355,177,123,54,49.21572596166135,1.3278,53,12,340,167,124,43,23.022239,0,ok,logs/seed_719048.log
677021,e04x,4,x,baseline_plus_gheft,DHEFT/NHEFT/GHEFT,IRT-only,0.0,0,0,1,0.3606,0.3734,0.734,45.74,1.2516,43,10,317,126,47,79,37.25073563218391,1.0193,58,11,345,176,111,65,39.152682236154654,1.0713,52,12,329,166,111,55,18.674036,0,ok,logs/seed_677021.log
861718,e04x,4,x,baseline_plus_gheft,DHEFT/NHEFT/GHEFT,IRT-only,0.0,0,0,1,0.4098,0.3962,0.806,58.188399999999994,1.9638,37,10,271,121,37,84,50.826225166191826,1.7154,62,13,323,164,106,58,50.826225166191826,1.7154,53,11,327,168,115,53,20.674014,0,ok,logs/seed_861718.log
495401,e04x,4,x,baseline_plus_gheft,DHEFT/NHEFT/GHEFT,IRT-only,0.0,0,0,1,0.3692,0.2886,0.6578,61.563900000000004,1.782,51,13,280,136,42,94,43.95706585365854,1.2724,64,13,340,178,119,59,47.69806297312122,1.3806,54,11,337,176,136,40,23.80394,0,ok,logs/seed_495401.log
209510,e04x,4,x,baseline_plus_gheft,DHEFT/NHEFT/GHEFT,IRT-only,0.0,0,0,1,0.3707,0.3269,0.6976,56.857600000000005,1.3279,35,6,300,98,52,46,49.56768122270744,1.1577,55,10,323,154,112,42,50.03181228070176,1.1685,41,10,297,134,103,31,17.488315,0,ok,logs/seed_209510.log
743312,e04x,4,x,baseline_plus_gheft,DHEFT/NHEFT/GHEFT,IRT-only,0.0,0,0,1,0.3874,0.3968,0.7842,52.154199999999996,1.6778,41,9,282,127,43,84,41.61465027586207,1.3387,54,12,315,156,92,64,51.337724980111375,1.6515,39,10,302,149,106,43,18.640874,0,ok,logs/seed_743312.log
212694,e04x,4,x,baseline_plus_gheft,DHEFT/NHEFT/GHEFT,IRT-only,0.0,0,0,1,0.3489,0.36,0.7089,51.25710000000001,1.7051,52,12,309,152,49,103,45.804551774530275,1.5237,55,14,317,170,115,55,47.106151774530275,1.567,46,13,314,153,125,28,19.678501,0,ok,logs/seed_212694.log
224701,e04x,4,x,baseline_plus_gheft,DHEFT/NHEFT/GHEFT,IRT-only,0.0,0,0,1,0.3593,0.3195,0.6788,65.95300000000002,1.5154,43,11,274,127,37,90,53.67701403852327,1.2333,57,13,322,166,108,58,68.27436962025315,1.5687,51,10,310,158,111,47,16.664683,0,ok,logs/seed_224701.log
861434,e04x,4,x,baseline_plus_gheft,DHEFT/NHEFT/GHEFT,IRT-only,0.0,0,0,1,0.3799,0.365,0.7449,53.63789999999999,1.4926,52,11,311,150,51,99,46.11287409224036,1.2832,61,16,331,186,118,68,44.00816482599131,1.2246,49,12,321,161,107,54,21.733631,0,ok,logs/seed_861434.log
844102,e04x,4,x,baseline_plus_gheft,DHEFT/NHEFT/GHEFT,IRT-only,0.0,0,0,1,0.3382,0.3236,0.6618,60.46449999999999,1.372,47,10,300,141,43,98,49.410072413793095,1.1212,56,14,320,149,100,49,53.61300032739548,1.2166,48,11,306,169,117,52,18.006371,0,ok,logs/seed_844102.log
722064,e04x,4,x,baseline_plus_gheft,DHEFT/NHEFT/GHEFT,IRT-only,0.0,0,0,1,0.3442,0.3233,0.6675,52.12369999999999,1.5797,44,9,296,114,44,70,43.108739417031536,1.3065,53,13,310,151,92,59,47.510792988929886,1.4399,44,10,306,151,113,38,20.683311,0,ok,logs/seed_722064.log
549862,e04x,4,x,baseline_plus_gheft,DHEFT/NHEFT/GHEFT,IRT-only,0.0,0,0,1,0.4049,0.3301,0.735,51.6591,1.4227,42,10,278,130,48,82,41.1197728470301,1.1325,50,11,315,166,110,56,40.4389808971368,1.1137,46,12,309,167,110,57,16.103103,0,ok,logs/seed_549862.log
2010,e04x,4,x,baseline_plus_gheft,DHEFT/NHEFT/GHEFT,IRT-only,0.0,0,0,1,0.3869,0.2922,0.6791,50.56180000000001,1.2079,45,13,316,148,45,103,46.1766689439941,1.1031,59,15,338,183,118,65,45.98526550916938,1.0985,51,13,321,182,127,55,21.061293,0,ok,logs/seed_2010.log
796027,e04x,4,x,baseline_plus_gheft,DHEFT/NHEFT/GHEFT,IRT-only,0.0,0,0,1,0.3609,0.2905,0.6514,55.953599999999994,1.5058,41,10,266,114,43,71,58.3749657219973,1.5709,48,12,304,161,110,51,69.21756906474819,1.8627,43,10,295,151,112,39,16.185261,0,ok,logs/seed_796027.log
401997,e04x,4,x,baseline_plus_gheft,DHEFT/NHEFT/GHEFT,IRT-only,0.0,0,0,1,0.3215,0.3009,0.6224,58.2095,1.5228,44,11,282,117,41,76,49.81911683967705,1.3033,52,11,316,146,92,54,51.5028508650519,1.3474,50,12,304,155,106,49,20.261374,0,ok,logs/seed_401997.log
35721,e04x,4,x,baseline_plus_gheft,DHEFT/NHEFT/GHEFT,IRT-only,0.0,0,0,1,0.4287,0.3364,0.7651,49.7984,1.3912,41,9,288,117,40,77,42.58538387743458,1.1897,60,12,316,159,93,66,43.280593212669686,1.2091,60,12,321,168,110,58,18.230884,0,ok,logs/seed_35721.log
724068,e04x,4,x,baseline_plus_gheft,DHEFT/NHEFT/GHEFT,IRT-only,0.0,0,0,1,0.3736,0.3623,0.7359,52.2212,1.3043,44,11,330,133,40,93,50.8223091503268,1.2694,52,11,341,168,110,58,52.60760873249738,1.314,47,11,341,175,125,50,23.692608,0,ok,logs/seed_724068.log
800182,e04x,4,x,baseline_plus_gheft,DHEFT/NHEFT/GHEFT,IRT-only,0.0,0,0,1,0.3313,0.336,0.6673,72.9997,1.9163,34,8,263,110,31,79,63.572833786885234,1.6688,57,13,337,193,121,72,63.750733786885235,1.6735,47,12,324,154,106,48,20.056567,0,ok,logs/seed_800182.log
937614,e04x,4,x,baseline_plus_gheft,DHEFT/NHEFT/GHEFT,IRT-only,0.0,0,0,1,0.3263,0.3558,0.6821,54.9137,1.4468,38,13,280,142,35,107,44.539460857189425,1.1734,44,12,309,171,112,59,60.32022833008447,1.5892,42,11,306,171,122,49,19.874744,0,ok,logs/seed_937614.log
722394,e04x,4,x,baseline_plus_gheft,DHEFT/NHEFT/GHEFT,IRT-only,0.0,0,0,1,0.3486,0.4035,0.7521,56.607200000000006,1.4914,42,10,304,130,52,78,53.18414885992218,1.4012,49,13,317,174,122,52,51.6400176175604,1.3605,37,10,303,149,118,31,13.825525,0,ok,logs/seed_722394.log
509760,e04x,4,x,baseline_plus_gheft,DHEFT/NHEFT/GHEFT,IRT-only,0.0,0,0,1,0.3637,0.3366,0.7003,58.1104,1.3688,48,12,303,135,47,88,58.87140043041607,1.3867,59,12,338,159,109,50,58.37194836842105,1.375,50,10,334,168,117,51,22.075656,0,ok,logs/seed_509760.log
70327,e04x,4,x,baseline_plus_gheft,DHEFT/NHEFT/GHEFT,IRT-only,0.0,0,0,1,0.3481,0.3046,0.6527,60.864,1.3794,47,12,300,132,42,90,50.80448234682082,1.1514,63,14,316,158,102,56,49.70417753631284,1.1265,49,10,310,150,108,42,19.045563,0,ok,logs/seed_70327.log
750147,e04x,4,x,baseline_plus_gheft,DHEFT/NHEFT/GHEFT,IRT-only,0.0,0,0,1,0.448,0.3921,0.8401,54.409,1.2965,33,7,284,102,48,54,48.01335655899803,1.1441,58,11,320,163,126,37,48.01335655899803,1.1441,49,10,317,164,127,37,19.418753,0,ok,logs/seed_750147.log
460446,e04x,4,x,baseline_plus_gheft,DHEFT/NHEFT/GHEFT,IRT-only,0.0,0,0,1,0.382,0.385,0.767,61.7924,1.2017,35,9,307,136,46,90,57.74680221259842,1.1231,52,14,333,199,132,67,56.51050100000001,1.099,44,11,316,179,128,51,18.721442,0,ok,logs/seed_460446.log
748846,e04x,4,x,baseline_plus_gheft,DHEFT/NHEFT/GHEFT,IRT-only,0.0,0,0,1,0.3504,0.3681,0.7185,55.094899999999996,1.7517,38,9,286,118,39,79,50.399438606837606,1.6024,55,11,325,163,101,62,49.828663289630505,1.5843,46,11,318,167,106,61,18.842377,0,ok,logs/seed_748846.log
610796,e04x,4,x,baseline_plus_gheft,DHEFT/NHEFT/GHEFT,IRT-only,0.0,0,0,1,0.3557,0.3524,0.7081,74.3005,1.5496,47,9,308,126,46,80,61.88177283098591,1.2906,64,12,356,178,108,70,62.77293395931142,1.3092,54,12,338,180,121,59,23.205027,0,ok,logs/seed_610796.log
372755,e04x,4,x,baseline_plus_gheft,DHEFT/NHEFT/GHEFT,IRT-only,0.0,0,0,1,0.3966,0.3678,0.7644,58.686299999999996,1.801,45,12,284,136,37,99,50.21559723183391,1.5411,56,13,332,185,132,53,50.21559723183391,1.5411,55,14,323,182,122,60,20.707286,0,ok,logs/seed_372755.log
324404,e04x,4,x,baseline_plus_gheft,DHEFT/NHEFT/GHEFT,IRT-only,0.0,0,0,1,0.3658,0.3067,0.6725,59.98320000000001,1.9592,41,10,264,101,38,63,41.69353820720059,1.3618,56,12,308,144,94,50,52.25198838174275,1.7066,48,10,310,153,111,42,17.703906,0,ok,logs/seed_324404.log
138451,e04x,4,x,baseline_plus_gheft,DHEFT/NHEFT/GHEFT,IRT-only,0.0,0,0,1,0.3706,0.3748,0.7454,60.53440000000001,1.3188,49,13,292,139,40,99,52.51048183134223,1.144,62,13,314,175,112,63,63.58372921960071,1.3852,40,11,303,153,119,34,21.56458,0,ok,logs/seed_138451.log
117059,e04x,4,x,baseline_plus_gheft,DHEFT/NHEFT/GHEFT,IRT-only,0.0,0,0,1,0.3775,0.3612,0.7387,55.85980000000001,1.6342,48,13,308,140,39,101,46.177043857142856,1.351,57,13,342,175,112,63,54.821997155049786,1.6039,48,11,330,167,112,55,19.28227,0,ok,logs/seed_117059.log
976782,e04x,4,x,baseline_plus_gheft,DHEFT/NHEFT/GHEFT,IRT-only,0.0,0,0,1,0.3555,0.3304,0.6859,52.4121,1.1654,44,11,310,133,51,82,51.846265359477115,1.1528,47,10,313,167,119,48,55.11174674220962,1.2254,42,10,318,162,116,46,18.801536,0,ok,logs/seed_976782.log
574644,e04x,4,x,baseline_plus_gheft,DHEFT/NHEFT/GHEFT,IRT-only,0.0,0,0,1,0.4081,0.3944,0.8025,56.53920000000001,1.1226,42,11,304,124,56,68,57.97439528071602,1.1511,43,11,315,166,121,45,57.97439528071602,1.1511,41,10,305,161,118,43,17.25338,0,ok,logs/seed_574644.log
435308,e04x,4,x,baseline_plus_gheft,DHEFT/NHEFT/GHEFT,IRT-only,0.0,0,0,1,0.4027,0.3352,0.7379,58.321,1.3407,38,10,287,121,38,83,53.89258124691357,1.2389,55,13,331,167,113,54,51.62943456790124,1.1869,52,12,322,180,124,56,17.285749,0,ok,logs/seed_435308.log
635612,e04x,4,x,baseline_plus_gheft,DHEFT/NHEFT/GHEFT,IRT-only,0.0,0,0,1,0.3501,0.304,0.6541,55.103500000000004,1.2641,53,12,304,155,46,109,49.23479162303664,1.1295,56,12,314,196,138,58,51.96334756796771,1.1921,49,11,313,180,129,51,21.357855,0,ok,logs/seed_635612.log
289817,e04x,4,x,baseline_plus_gheft,DHEFT/NHEFT/GHEFT,IRT-only,0.0,0,0,1,0.3446,0.3173,0.6619,58.42820000000001,1.6881,51,12,306,137,45,92,51.98743804034583,1.502,57,13,327,191,129,62,52.67139103690686,1.5218,46,10,314,158,125,33,20.526385,0,ok,logs/seed_289817.log
639065,e04x,4,x,baseline_plus_gheft,DHEFT/NHEFT/GHEFT,IRT-only,0.0,0,0,1,0.4184,0.38,0.7984,54.130099999999985,1.3242,53,12,325,142,47,95,46.365803752039156,1.1343,63,14,328,171,110,61,52.821452941176474,1.2922,47,11,325,168,124,44,22.293664,0,ok,logs/seed_639065.log
650943,e04x,4,x,baseline_plus_gheft,DHEFT/NHEFT/GHEFT,IRT-only,0.0,0,0,1,0.37,0.2915,0.6615,52.774200000000015,1.35,40,9,316,119,50,69,46.5651694878058,1.1912,55,12,350,168,114,54,46.214431277533045,1.1822,44,10,336,152,112,40,23.137914,0,ok,logs/seed_650943.log
110055,e04x,4,x,baseline_plus_gheft,DHEFT/NHEFT/GHEFT,IRT-only,0.0,0,0,1,0.3186,0.2715,0.5901,54.285999999999994,1.4057,50,10,345,155,45,110,45.49271496062994,1.178,60,14,350,175,99,76,47.67118403908795,1.2344,60,14,361,187,125,62,20.938024,0,ok,logs/seed_110055.log
117791,e04x,4,x,baseline_plus_gheft,DHEFT/NHEFT/GHEFT,IRT-only,0.0,0,0,1,0.3969,0.3452,0.7421,55.4393,1.4769,47,10,288,142,44,98,46.14918914728682,1.2294,77,13,348,192,104,88,48.12943461538462,1.2821,53,11,314,160,104,56,19.118305,0,ok,logs/seed_117791.log
124685,e04x,4,x,baseline_plus_gheft,DHEFT/NHEFT/GHEFT,IRT-only,0.0,0,0,1,0.3512,0.3139,0.6651,62.586200000000005,1.5939,50,11,307,127,40,87,58.95083720930233,1.5013,71,14,346,173,109,64,61.94977148407149,1.5777,53,13,333,167,119,48,20.687117,0,ok,logs/seed_124685.log
997328,e04x,4,x,baseline_plus_gheft,DHEFT/NHEFT/GHEFT,IRT-only,0.0,0,0,1,0.3406,0.3132,0.6538,49.932100000000005,1.4377,41,10,321,114,40,74,41.73585088554628,1.2017,61,11,341,163,98,65,48.02636666666667,1.3828,60,12,352,163,93,70,19.825266,0,ok,logs/seed_997328.log
655714,e04x,4,x,baseline_plus_gheft,DHEFT/NHEFT/GHEFT,IRT-only,0.0,0,0,1,0.3916,0.3761,0.7677,57.313399999999994,1.6189,44,11,300,143,37,106,49.4689722098849,1.3973,57,11,333,167,104,63,47.58645497630331,1.3442,46,9,320,152,104,48,19.886777,0,ok,logs/seed_655714.log
512136,e04x,4,x,baseline_plus_gheft,DHEFT/NHEFT/GHEFT,IRT-only,0.0,0,0,1,0.372,0.3086,0.6806,58.61899999999999,1.49,41,11,272,112,45,67,51.798195437262365,1.3166,55,12,320,160,98,62,59.666891673575144,1.5166,47,13,310,160,121,39,15.414967,0,ok,logs/seed_512136.log
695034,e04x,4,x,baseline_plus_gheft,DHEFT/NHEFT/GHEFT,IRT-only,0.0,0,0,1,0.3599,0.3301,0.69,52.094500000000004,1.2283,44,9,300,122,51,71,45.57022515811665,1.0745,55,12,330,162,109,53,63.48348909657321,1.4969,51,11,314,160,120,40,20.866537,0,ok,logs/seed_695034.log
539246,e04x,4,x,baseline_plus_gheft,DHEFT/NHEFT/GHEFT,IRT-only,0.0,0,0,1,0.3267,0.3641,0.6908,62.14099999999999,1.7379,37,8,284,102,35,67,66.61252612523019,1.863,49,12,302,144,90,54,69.10301878453038,1.9326,36,10,286,141,92,49,17.863302,0,ok,logs/seed_539246.log
354388,e04x,4,x,baseline_plus_gheft,DHEFT/NHEFT/GHEFT,IRT-only,0.0,0,0,1,0.3816,0.3294,0.711,55.8277,1.4239,50,12,324,152,48,104,51.106834361851334,1.3035,56,12,346,189,131,58,50.57599326145552,1.2899,47,12,332,179,138,41,19.097625,0,ok,logs/seed_354388.log
282392,e04x,4,x,baseline_plus_gheft,DHEFT/NHEFT/GHEFT,IRT-only,0.0,0,0,1,0.357,0.3828,0.7398,52.86670000000001,1.4837,51,11,325,147,39,108,42.335903507537694,1.1882,65,16,347,185,114,71,45.38803729372937,1.2738,59,12,336,181,127,54,22.077225,0,ok,logs/seed_282392.log
465345,e04x,4,x,baseline_plus_gheft,DHEFT/NHEFT/GHEFT,IRT-only,0.0,0,0,1,0.3882,0.3938,0.782,49.05469999999999,1.3812,47,10,303,125,43,82,43.73364406220096,1.2313,64,12,339,184,120,64,44.655939788018436,1.2573,47,9,335,162,115,47,20.584526,0,ok,logs/seed_465345.log
276209,e04x,4,x,baseline_plus_gheft,DHEFT/NHEFT/GHEFT,IRT-only,0.0,0,0,1,0.3558,0.2881,0.6439,52.74100000000001,1.3443,40,10,276,124,39,85,57.7978795389049,1.4732,44,10,298,143,104,39,62.247087130961404,1.5866,42,9,285,141,110,31,16.720386,0,ok,logs/seed_276209.log
48268,e04x,4,x,baseline_plus_gheft,DHEFT/NHEFT/GHEFT,IRT-only,0.0,0,0,1,0.3817,0.3814,0.7631,57.8986,1.4146,56,13,303,148,44,104,51.495573186440694,1.2582,55,12,334,187,118,69,77.39195593220339,1.8909,44,10,329,169,140,29,22.962205,0,ok,logs/seed_48268.log
312904,e04x,4,x,baseline_plus_gheft,DHEFT/NHEFT/GHEFT,IRT-only,0.0,0,0,1,0.4247,0.4034,0.8281,56.6109,1.4605,43,8,284,125,44,81,43.8854511627907,1.1322,44,11,308,136,91,45,43.8854511627907,1.1322,43,9,310,131,88,43,19.849991,0,ok,logs/seed_312904.log
95163,e04x,4,x,baseline_plus_gheft,DHEFT/NHEFT/GHEFT,IRT-only,0.0,0,0,1,0.3996,0.467,0.8666,52.4759,1.389,45,11,312,121,43,78,47.819325039619656,1.2657,50,11,309,169,127,42,49.67864757281555,1.3149,43,11,311,168,126,42,21.64226,0,ok,logs/seed_95163.log
739903,e04x,4,x,baseline_plus_gheft,DHEFT/NHEFT/GHEFT,IRT-only,0.0,0,0,1,0.3608,0.3569,0.7177,46.97580000000001,1.323,42,10,305,120,51,69,47.4518,1.3364,63,12,341,187,120,67,47.6526,1.3421,44,12,308,150,119,31,18.223734,0,ok,logs/seed_739903.log
527611,e04x,4,x,baseline_plus_gheft,DHEFT/NHEFT/GHEFT,IRT-only,0.0,0,0,1,0.3401,0.2913,0.6314,56.49840000000002,1.5903,48,8,284,119,42,77,56.36241433021807,1.5864,64,12,326,184,114,70,44.18220583554376,1.2436,57,12,322,176,115,61,23.192233,0,ok,logs/seed_527611.log
591781,e04x,4,x,baseline_plus_gheft,DHEFT/NHEFT/GHEFT,IRT-only,0.0,0,0,1,0.3967,0.3571,0.7538,50.254900000000006,1.218,42,9,320,122,56,66,47.20166878575456,1.144,54,11,337,155,130,25,50.053326167626345,1.2131,50,11,344,148,117,31,22.794971,0,ok,logs/seed_591781.log
10602,e04x,4,x,baseline_plus_gheft,DHEFT/NHEFT/GHEFT,IRT-only,0.0,0,0,1,0.3693,0.3624,0.7317,43.9084,1.3588,46,12,293,114,46,68,40.29379455676516,1.247,50,10,318,140,108,32,51.154557142857136,1.5831,47,11,313,153,118,35,20.341533,0,ok,logs/seed_10602.log
91728,e04x,4,x,baseline_plus_gheft,DHEFT/NHEFT/GHEFT,IRT-only,0.0,0,0,1,0.4198,0.3127,0.7325,62.7937,1.6595,41,10,294,134,47,87,55.52162953623189,1.4673,61,13,349,172,120,52,58.825469793322725,1.5546,51,11,318,173,137,36,22.319305,0,ok,logs/seed_91728.log
777150,e04x,4,x,baseline_plus_gheft,DHEFT/NHEFT/GHEFT,IRT-only,0.0,0,0,1,0.3651,0.3286,0.6937,46.372899999999994,1.2634,33,7,287,76,43,33,46.97238301015697,1.2797,58,10,309,154,107,47,46.97238301015697,1.2797,53,10,312,140,97,43,19.116676,0,ok,logs/seed_777150.log
761499,e04x,4,x,baseline_plus_gheft,DHEFT/NHEFT/GHEFT,IRT-only,0.0,0,0,1,0.3597,0.3167,0.6764,49.326499999999996,1.1846,39,9,317,128,48,80,45.58610334346505,1.0947,57,13,341,170,121,49,48.596789364461735,1.167,45,10,313,145,111,34,25.274124,0,ok,logs/seed_761499.log
453482,e04x,4,x,baseline_plus_gheft,DHEFT/NHEFT/GHEFT,IRT-only,0.0,0,0,1,0.3792,0.3942,0.7734,51.49249999999999,1.5356,44,10,300,127,52,75,45.1265674230146,1.3458,60,13,311,168,100,68,47.0517462264151,1.4032,37,8,310,148,109,39,18.210983,0,ok,logs/seed_453482.log
562121,e04x,4,x,baseline_plus_gheft,DHEFT/NHEFT/GHEFT,IRT-only,0.0,0,0,1,0.3537,0.3155,0.6692,54.76340000000001,1.4474,35,9,257,103,49,54,49.65117492040644,1.3123,49,12,296,159,97,62,48.890014207547175,1.2921,40,10,281,138,104,34,18.219943,0,ok,logs/seed_562121.log
770979,e04x,4,x,baseline_plus_gheft,DHEFT/NHEFT/GHEFT,IRT-only,0.0,0,0,1,0.3389,0.324,0.6629,48.3809,1.2087,35,10,273,89,42,47,54.695862177650426,1.3664,58,13,320,167,109,58,63.60428420241079,1.589,45,11,316,165,129,36,16.764019,0,ok,logs/seed_770979.log
703949,e04x,4,x,baseline_plus_gheft,DHEFT/NHEFT/GHEFT,IRT-only,0.0,0,0,1,0.3607,0.3605,0.7212,48.49999999999999,1.2586,39,10,288,123,45,78,48.00206885245902,1.2456,52,12,307,160,123,37,44.27708957345971,1.149,48,11,299,158,115,43,18.778312,0,ok,logs/seed_703949.log
314686,e04x,4,x,baseline_plus_gheft,DHEFT/NHEFT/GHEFT,IRT-only,0.0,0,0,1,0.3536,0.2541,0.6077,60.17620000000001,1.3087,46,11,289,119,40,79,49.66018095238095,1.08,58,11,323,163,116,47,58.6646181963482,1.2758,52,11,323,161,115,46,18.806529,0,ok,logs/seed_314686.log
475760,e04x,4,x,baseline_plus_gheft,DHEFT/NHEFT/GHEFT,IRT-only,0.0,0,0,1,0.3694,0.3948,0.7642,53.9881,1.4848,49,11,307,121,41,80,44.71591292246521,1.2298,57,12,346,166,109,57,45.062455170107356,1.2393,56,12,352,169,114,55,22.442405,0,ok,logs/seed_475760.log
595079,e04x,4,x,baseline_plus_gheft,DHEFT/NHEFT/GHEFT,IRT-only,0.0,0,0,1,0.3891,0.3429,0.732,53.08410000000001,1.5741,39,9,283,129,49,80,42.367263143826314,1.2564,47,11,295,164,112,52,44.94145956580734,1.3327,39,9,290,154,117,37,13.480028,0,ok,logs/seed_595079.log
27243,e04x,4,x,baseline_plus_gheft,DHEFT/NHEFT/GHEFT,IRT-only,0.0,0,0,1,0.3499,0.3391,0.689,60.26510000000001,1.4607,49,11,293,140,41,99,45.69642325581396,1.1076,64,14,338,184,104,80,47.710765398692814,1.1564,48,13,321,176,127,49,18.973847,0,ok,logs/seed_27243.log
143022,e04x,4,x,baseline_plus_gheft,DHEFT/NHEFT/GHEFT,IRT-only,0.0,0,0,1,0.3836,0.4369,0.8205,46.238899999999994,1.0235,34,9,290,95,47,48,46.80936169154228,1.0361,53,15,294,150,111,39,49.2089616915423,1.0892,44,11,298,156,116,40,18.688478,0,ok,logs/seed_143022.log
958432,e04x,4,x,baseline_plus_gheft,DHEFT/NHEFT/GHEFT,IRT-only,0.0,0,0,1,0.3541,0.3117,0.6658,59.08120000000002,1.2622,43,11,291,129,45,84,56.00055819601041,1.1964,53,13,319,180,118,62,67.03604897959184,1.4321,45,13,305,177,121,56,16.839232,0,ok,logs/seed_958432.log
799339,e04x,4,x,baseline_plus_gheft,DHEFT/NHEFT/GHEFT,IRT-only,0.0,0,0,1,0.4052,0.3939,0.7991,49.6765,1.4218,46,10,304,126,54,72,44.87048396721311,1.2842,44,11,312,144,102,42,39.14981049478391,1.1205,45,12,309,141,102,39,20.755296,0,ok,logs/seed_799339.log
953842,e04x,4,x,baseline_plus_gheft,DHEFT/NHEFT/GHEFT,IRT-only,0.0,0,0,1,0.3555,0.3453,0.7008,54.936200000000014,1.4778,47,13,308,150,47,103,47.38092132982226,1.2745,52,13,318,179,133,46,49.33263488372093,1.327,48,12,319,167,133,34,21.185322,0,ok,logs/seed_953842.log
937400,e04x,4,x,baseline_plus_gheft,DHEFT/NHEFT/GHEFT,IRT-only,0.0,0,0,1,0.3926,0.3418,0.7344,50.8481,1.4176,42,10,294,133,51,82,43.78030026251296,1.2206,41,11,308,141,105,36,44.936234957020055,1.2528,38,10,319,148,117,31,18.984853,0,ok,logs/seed_937400.log
919932,e04x,4,x,baseline_plus_gheft,DHEFT/NHEFT/GHEFT,IRT-only,0.0,0,0,1,0.3579,0.3828,0.7407,56.583499999999994,1.6272,44,10,318,138,51,87,48.83501651090342,1.4044,58,12,347,201,122,79,48.83501651090342,1.4044,50,12,323,188,137,51,19.895968,0,ok,logs/seed_919932.log
786261,e04x,4,x,baseline_plus_gheft,DHEFT/NHEFT/GHEFT,IRT-only,0.0,0,0,1,0.3497,0.4276,0.7773,72.0643,1.7709,46,11,297,149,51,98,64.7685,1.5916,59,13,313,175,117,58,66.1064,1.6245,46,11,293,163,121,42,19.940091,0,ok,logs/seed_786261.log
266747,e04x,4,x,baseline_plus_gheft,DHEFT/NHEFT/GHEFT,IRT-only,0.0,0,0,1,0.3557,0.3113,0.667,45.261700000000005,1.4254,47,11,285,120,51,69,37.86191212793339,1.1924,56,13,313,150,107,43,38.43380220264317,1.2104,47,13,298,134,94,40,21.298268,0,ok,logs/seed_266747.log
394465,e04x,4,x,baseline_plus_gheft,DHEFT/NHEFT/GHEFT,IRT-only,0.0,0,0,1,0.3263,0.3597,0.686,56.7589,1.3954,44,10,331,129,48,81,54.76416245833334,1.3463,58,11,340,179,135,44,56.655364302600475,1.3928,50,10,354,167,129,38,20.803519,0,ok,logs/seed_394465.log
725987,e04x,4,x,baseline_plus_gheft,DHEFT/NHEFT/GHEFT,IRT-only,0.0,0,0,1,0.3427,0.2884,0.6311,60.192399999999985,1.0906,43,11,320,136,52,84,60.40581003861002,1.0945,59,12,345,191,146,45,60.40581003861002,1.0945,51,11,338,184,137,47,23.416815,0,ok,logs/seed_725987.log
224478,e04x,4,x,baseline_plus_gheft,DHEFT/NHEFT/GHEFT,IRT-only,0.0,0,0,1,0.3279,0.3388,0.6667,57.0027,1.1702,46,12,322,141,52,89,55.91344172661871,1.1478,50,11,347,164,110,54,55.91344172661871,1.1478,44,11,341,162,113,49,21.887835,0,ok,logs/seed_224478.log
408636,e04x,4,x,baseline_plus_gheft,DHEFT/NHEFT/GHEFT,IRT-only,0.0,0,0,1,0.361,0.3318,0.6928,61.04700000000001,1.5841,38,10,294,126,43,83,52.74893747711513,1.3688,50,12,313,152,99,53,52.74893747711513,1.3688,50,12,305,148,95,53,19.168493,0,ok,logs/seed_408636.log
617269,e04x,4,x,baseline_plus_gheft,DHEFT/NHEFT/GHEFT,IRT-only,0.0,0,0,1,0.4093,0.3213,0.7306,44.922200000000004,1.298,43,10,305,108,54,54,40.799232210191086,1.1788,57,12,333,169,127,42,41.861423076923074,1.2095,58,12,318,169,127,42,18.446304,0,ok,logs/seed_617269.log
650122,e04x,4,x,baseline_plus_gheft,DHEFT/NHEFT/GHEFT,IRT-only,0.0,0,0,1,0.3636,0.2641,0.6277,50.50659999999999,1.3342,43,11,282,115,43,72,50.007802912200674,1.3211,56,11,317,142,105,37,48.23839243498818,1.2743,49,11,297,146,120,26,19.06941,0,ok,logs/seed_650122.log
522983,e04x,4,x,baseline_plus_gheft,DHEFT/NHEFT/GHEFT,IRT-only,0.0,0,0,1,0.3904,0.4247,0.8151,59.6212,1.3392,52,12,308,144,36,108,55.21715176645626,1.2402,52,11,332,158,103,55,54.43504502332361,1.2227,46,12,327,177,125,52,20.585114,0,ok,logs/seed_522983.log
239950,e04x,4,x,baseline_plus_gheft,DHEFT/NHEFT/GHEFT,IRT-only,0.0,0,0,1,0.3366,0.3626,0.6992,50.1512,1.368,45,9,287,131,44,87,44.725953246753235,1.22,61,12,328,189,120,69,48.906865860597435,1.3341,46,10,314,159,110,49,18.457417,0,ok,logs/seed_239950.log
258973,e04x,4,x,baseline_plus_gheft,DHEFT/NHEFT/GHEFT,IRT-only,0.0,0,0,1,0.2999,0.2642,0.5641,67.9444,1.2696,48,11,322,137,44,93,62.03043629411764,1.1591,56,11,342,172,120,52,69.81718585157502,1.3046,47,11,335,175,118,57,19.419314,0,ok,logs/seed_258973.log
824466,e04x,4,x,baseline_plus_gheft,DHEFT/NHEFT/GHEFT,IRT-only,0.0,0,0,1,0.37,0.3492,0.7192,53.13339999999999,1.6631,43,11,279,150,40,110,40.749222705314004,1.2755,55,14,310,180,111,69,42.335109372797746,1.3251,55,15,323,184,131,53,16.31347,0,ok,logs/seed_824466.log
682056,e04x,4,x,baseline_plus_gheft,DHEFT/NHEFT/GHEFT,IRT-only,0.0,0,0,1,0.3355,0.3803,0.7158,60.6285,1.1592,43,10,301,117,56,61,65.84682570937231,1.2589,51,10,311,153,118,35,63.64217843137256,1.2168,47,10,316,150,131,19,19.525812,0,ok,logs/seed_682056.log
431617,e04x,4,x,baseline_plus_gheft,DHEFT/NHEFT/GHEFT,IRT-only,0.0,0,0,1,0.3564,0.287,0.6434,57.0032,1.0895,44,11,326,132,40,92,54.312937187314354,1.0381,53,13,342,180,119,61,58.68363718731435,1.1216,52,13,330,171,127,44,19.714125,0,ok,logs/seed_431617.log
777731,e04x,4,x,baseline_plus_gheft,DHEFT/NHEFT/GHEFT,IRT-only,0.0,0,0,1,0.3688,0.411,0.7798,59.612600000000015,1.7532,41,9,280,120,36,84,54.208252575957744,1.5942,56,11,325,163,109,54,54.208252575957744,1.5942,54,11,316,158,112,46,19.038291,0,ok,logs/seed_777731.log
65523,e04x,4,x,baseline_plus_gheft,DHEFT/NHEFT/GHEFT,IRT-only,0.0,0,0,1,0.3913,0.3209,0.7122,55.712799999999994,1.6382,42,10,297,134,45,89,45.20832656634304,1.3293,56,13,314,172,120,52,46.36933300970875,1.3635,47,12,300,147,116,31,17.530034,0,ok,logs/seed_65523.log
226267,e04x,4,x,baseline_plus_gheft,DHEFT/NHEFT/GHEFT,IRT-only,0.0,0,0,1,0.3439,0.3472,0.6911,52.6323,1.2355,48,11,336,140,51,89,55.09804087591241,1.2933,53,13,338,166,122,44,55.54279815157116,1.3038,45,10,319,138,107,31,24.923128,0,ok,logs/seed_226267.log
20773,e04x,4,x,baseline_plus_gheft,DHEFT/NHEFT/GHEFT,IRT-only,0.0,0,0,1,0.3661,0.2891,0.6552,48.908,1.1548,44,11,307,118,48,70,52.723838277511966,1.2449,59,13,326,162,113,49,52.723838277511966,1.2449,52,11,304,162,125,37,19.030963,0,ok,logs/seed_20773.log
75919,e04x,4,x,baseline_plus_gheft,DHEFT/NHEFT/GHEFT,IRT-only,0.0,0,0,1,0.3125,0.3697,0.6822,62.599499999999985,1.4932,43,10,321,141,38,103,66.60569330855019,1.5887,65,13,349,195,131,64,60.99874400111984,1.455,55,11,343,189,131,58,24.041387,0,ok,logs/seed_75919.log
796262,e04x,4,x,baseline_plus_gheft,DHEFT/NHEFT/GHEFT,IRT-only,0.0,0,0,1,0.3364,0.3604,0.6968,55.6525,1.2766,36,8,332,97,49,48,56.687530088495585,1.3003,56,11,339,136,104,32,65.9230998933509,1.5122,50,11,325,145,112,33,18.773207,0,ok,logs/seed_796262.log
557554,e04x,4,x,baseline_plus_gheft,DHEFT/NHEFT/GHEFT,IRT-only,0.0,0,0,1,0.401,0.3758,0.7768,57.20260000000001,1.5819,53,11,305,146,48,98,53.31793105335158,1.4745,52,11,332,179,115,64,48.82345485636115,1.3502,53,11,332,166,113,53,20.275799,0,ok,logs/seed_557554.log
818564,e04x,4,x,baseline_plus_gheft,DHEFT/NHEFT/GHEFT,IRT-only,0.0,0,0,1,0.3669,0.336,0.7029,47.062200000000004,1.1221,39,8,288,101,38,63,52.51643125,1.2522,49,11,312,144,98,46,60.26561476510068,1.4369,44,8,304,142,110,32,19.290623,0,ok,logs/seed_818564.log
5641,e04x,4,x,baseline_plus_gheft,DHEFT/NHEFT/GHEFT,IRT-only,0.0,0,0,1,0.3683,0.2999,0.6682,48.57469999999999,1.3317,41,11,291,138,46,92,43.130100000000006,1.1824,57,16,318,170,112,58,56.67054062126643,1.5537,49,13,298,155,117,38,18.30952,0,ok,logs/seed_5641.log
80721,e04x,4,x,baseline_plus_gheft,DHEFT/NHEFT/GHEFT,IRT-only,0.0,0,0,1,0.3777,0.3774,0.7551,60.8547,1.1701,41,9,310,125,55,70,57.29521121495326,1.1017,52,13,348,166,122,44,57.62408825448613,1.108,46,12,333,160,117,43,21.398493,0,ok,logs/seed_80721.log
14714,e04x,4,x,baseline_plus_gheft,DHEFT/NHEFT/GHEFT,IRT-only,0.0,0,0,1,0.3519,0.3234,0.6753,62.2383,1.2524,43,11,325,144,46,98,59.734193409742126,1.202,61,13,346,191,123,68,59.734193409742126,1.202,54,13,335,176,116,60,20.859271,0,ok,logs/seed_14714.log
965327,e04x,4,x,baseline_plus_gheft,DHEFT/NHEFT/GHEFT,IRT-only,0.0,0,0,1,0.3715,0.3947,0.7662,56.61770000000001,1.439,54,14,313,165,38,127,47.164553559100796,1.1988,61,14,334,177,106,71,49.02459528643946,1.246,51,14,329,177,115,62,18.830163,0,ok,logs/seed_965327.log
460722,e04x,4,x,baseline_plus_gheft,DHEFT/NHEFT/GHEFT,IRT-only,0.0,0,0,1,0.3605,0.3279,0.6884,58.13710000000001,1.6003,40,11,269,124,41,83,43.84794440339739,1.207,56,14,291,154,83,71,44.146663751584285,1.2152,50,13,286,131,88,43,19.305857,0,ok,logs/seed_460722.log
724036,e04x,4,x,baseline_plus_gheft,DHEFT/NHEFT/GHEFT,IRT-only,0.0,0,0,1,0.3548,0.3184,0.6732,59.61160000000001,1.07,49,11,285,116,44,72,61.61021177158136,1.1059,53,12,296,155,102,53,65.90209740259742,1.1829,51,10,312,148,103,45,18.064926,0,ok,logs/seed_724036.log
901968,e04x,4,x,baseline_plus_gheft,DHEFT/NHEFT/GHEFT,IRT-only,0.0,0,0,1,0.3911,0.3382,0.7293,48.64779999999998,1.41,44,9,296,132,51,81,40.37539349112426,1.1702,47,12,319,146,120,26,50.90651065088758,1.4754,47,12,325,168,135,33,22.629986,0,ok,logs/seed_901968.log
287728,e04x,4,x,baseline_plus_gheft,DHEFT/NHEFT/GHEFT,IRT-only,0.0,0,0,1,0.3879,0.3392,0.7271,48.7211,1.3277,52,12,315,137,46,91,43.636099488284216,1.1891,69,14,343,178,125,53,43.75278563869992,1.1923,55,12,317,167,122,45,22.53804,0,ok,logs/seed_287728.log
747287,e04x,4,x,baseline_plus_gheft,DHEFT/NHEFT/GHEFT,IRT-only,0.0,0,0,1,0.3779,0.3644,0.7423,60.7576,1.812,50,9,301,117,40,77,57.3588397054161,1.7107,52,11,340,162,120,42,56.387691358024696,1.6817,48,10,330,155,115,40,17.780816,0,ok,logs/seed_747287.log
867108,e04x,4,x,baseline_plus_gheft,DHEFT/NHEFT/GHEFT,IRT-only,0.0,0,0,1,0.3661,0.3688,0.7349,59.655300000000004,1.6793,42,10,279,112,34,78,56.71227353815304,1.5965,57,13,338,144,92,52,61.0000725882353,1.7172,51,11,317,143,106,37,20.590353,0,ok,logs/seed_867108.log
196697,e04x,4,x,baseline_plus_gheft,DHEFT/NHEFT/GHEFT,IRT-only,0.0,0,0,1,0.3781,0.4105,0.7886,47.2139,1.1723,42,10,316,121,33,88,47.057793446345265,1.1684,53,12,329,173,105,68,47.963683203732515,1.1909,45,11,309,158,101,57,16.764479,0,ok,logs/seed_196697.log
635464,e04x,4,x,baseline_plus_gheft,DHEFT/NHEFT/GHEFT,IRT-only,0.0,0,0,1,0.3516,0.3985,0.7501,68.9545,1.3045,45,11,309,145,43,102,58.90905917188325,1.1145,65,14,338,188,108,80,64.64935007923931,1.2231,57,14,325,184,117,67,20.918077,0,ok,logs/seed_635464.log
389228,e04x,4,x,baseline_plus_gheft,DHEFT/NHEFT/GHEFT,IRT-only,0.0,0,0,1,0.379,0.3327,0.7117,59.751100000000015,1.2245,43,9,281,121,43,78,59.78225446559298,1.2251,57,10,316,158,97,61,73.94209760837072,1.5153,47,9,315,152,100,52,17.022821,0,ok,logs/seed_389228.log
813617,e04x,4,x,baseline_plus_gheft,DHEFT/NHEFT/GHEFT,IRT-only,0.0,0,0,1,0.3703,0.3587,0.729,52.125699999999995,1.4023,41,10,284,113,49,64,48.4444198365651,1.3033,50,11,307,147,113,34,45.242196295292445,1.2171,46,11,301,129,100,29,18.130487,0,ok,logs/seed_813617.log
232555,e04x,4,x,baseline_plus_gheft,DHEFT/NHEFT/GHEFT,IRT-only,0.0,0,0,1,0.3486,0.3777,0.7263,61.0717,1.3327,48,12,318,153,44,109,50.90479801324504,1.1108,61,13,349,188,130,58,61.84049801324503,1.3494,48,10,332,159,125,34,20.959641,0,ok,logs/seed_232555.log
932496,e04x,4,x,baseline_plus_gheft,DHEFT/NHEFT/GHEFT,IRT-only,0.0,0,0,1,0.3791,0.4348,0.8139,58.641200000000005,1.4604,54,14,317,148,43,105,59.21785000000001,1.4747,51,11,335,177,132,45,59.26148413284134,1.4758,46,11,322,182,122,60,18.060212,0,ok,logs/seed_932496.log
544493,e04x,4,x,baseline_plus_gheft,DHEFT/NHEFT/GHEFT,IRT-only,0.0,0,0,1,0.4216,0.408,0.8296,66.15509999999999,1.3557,39,8,292,115,40,75,63.31941221122113,1.2976,55,11,318,175,131,44,63.49161221122113,1.3011,41,9,291,128,109,19,21.396958,0,ok,logs/seed_544493.log
174431,e04x,4,x,baseline_plus_gheft,DHEFT/NHEFT/GHEFT,IRT-only,0.0,0,0,1,0.4027,0.3881,0.7908,54.293899999999994,1.5182,43,9,297,119,46,73,41.369711639914875,1.1568,67,14,322,172,102,70,47.43750517503804,1.3265,52,11,313,159,121,38,21.654048,0,ok,logs/seed_174431.log
715533,e04x,4,x,baseline_plus_gheft,DHEFT/NHEFT/GHEFT,IRT-only,0.0,0,0,1,0.3579,0.3145,0.6724,53.00620000000001,1.329,46,12,314,145,46,99,43.764888227684345,1.0973,50,13,334,161,95,66,47.13857904269082,1.1819,49,12,323,174,108,66,20.817704,0,ok,logs/seed_715533.log
710115,e04x,4,x,baseline_plus_gheft,DHEFT/NHEFT/GHEFT,IRT-only,0.0,0,0,1,0.3437,0.3414,0.6851,63.001000000000005,1.1935,47,12,290,126,42,84,56.1346784928775,1.0634,53,11,294,155,113,42,59.88390370370371,1.1345,44,9,291,141,111,30,19.223223,0,ok,logs/seed_710115.log
69527,e04x,4,x,baseline_plus_gheft,DHEFT/NHEFT/GHEFT,IRT-only,0.0,0,0,1,0.3856,0.3753,0.7609,55.8995,1.5431,55,16,312,156,39,117,42.28890598802395,1.1673,59,11,352,170,117,53,56.405266350710896,1.557,51,10,351,159,119,40,27.028352,0,ok,logs/seed_69527.log
584456,e04x,4,x,baseline_plus_gheft,DHEFT/NHEFT/GHEFT,IRT-only,0.0,0,0,1,0.3779,0.3259,0.7038,48.5964,1.3467,45,10,307,138,48,90,46.37806363636364,1.2852,56,11,330,165,110,55,46.37806363636364,1.2852,45,10,317,165,128,37,21.541343,0,ok,logs/seed_584456.log
678197,e04x,4,x,baseline_plus_gheft,DHEFT/NHEFT/GHEFT,IRT-only,0.0,0,0,1,0.3487,0.341,0.6897,49.8601,1.3026,47,11,296,136,44,92,49.20473579641997,1.2855,53,12,306,158,102,56,48.22583217868437,1.2599,49,10,320,153,113,40,18.606854,0,ok,logs/seed_678197.log
871381,e04x,4,x,baseline_plus_gheft,DHEFT/NHEFT/GHEFT,IRT-only,0.0,0,0,1,0.363,0.3187,0.6817,57.6042,1.5449,43,10,280,136,47,89,50.46856240350878,1.3536,58,11,322,182,108,74,49.74242697881829,1.3341,55,11,312,160,104,56,18.919221,0,ok,logs/seed_871381.log
855755,e04x,4,x,baseline_plus_gheft,DHEFT/NHEFT/GHEFT,IRT-only,0.0,0,0,1,0.3707,0.4118,0.7825,57.6491,1.4821,60,14,317,156,42,114,56.496460444993815,1.4525,50,12,327,161,119,42,56.496460444993815,1.4525,46,10,322,144,112,32,24.046627,0,ok,logs/seed_855755.log
137836,e04x,4,x,baseline_plus_gheft,DHEFT/NHEFT/GHEFT,IRT-only,0.0,0,0,1,0.3555,0.341,0.6965,60.69069999999999,1.6496,41,10,279,120,46,74,53.93567845303866,1.466,52,11,318,171,126,45,54.839232044198894,1.4906,44,11,305,149,119,30,20.133493,0,ok,logs/seed_137836.log
560927,e04x,4,x,baseline_plus_gheft,DHEFT/NHEFT/GHEFT,IRT-only,0.0,0,0,1,0.3185,0.3522,0.6707,59.04670000000001,1.4439,33,9,288,101,35,66,54.70873845928338,1.3378,64,15,341,174,100,74,49.05440586319218,1.1996,51,12,322,146,83,63,19.865435,0,ok,logs/seed_560927.log
47925,e04x,4,x,baseline_plus_gheft,DHEFT/NHEFT/GHEFT,IRT-only,0.0,0,0,1,0.3711,0.4132,0.7843,49.770100000000006,1.2604,40,9,287,123,48,75,47.190768274582574,1.1951,60,13,301,160,103,57,46.54128547462751,1.1786,42,11,294,158,124,34,21.477255,0,ok,logs/seed_47925.log
667073,e04x,4,x,baseline_plus_gheft,DHEFT/NHEFT/GHEFT,IRT-only,0.0,0,0,1,0.3342,0.2747,0.6089,49.7567,1.2843,36,8,299,124,54,70,50.13561040525739,1.2941,51,12,309,166,128,38,51.6021,1.3319,43,11,292,165,136,29,16.368036,0,ok,logs/seed_667073.log
153349,e04x,4,x,baseline_plus_gheft,DHEFT/NHEFT/GHEFT,IRT-only,0.0,0,0,1,0.3725,0.3237,0.6962,56.50149999999999,1.1564,46,10,325,153,43,110,53.24260632445924,1.0897,60,13,337,192,126,66,54.43216040099833,1.1141,55,12,333,175,118,57,20.161222,0,ok,logs/seed_153349.log
263035,e04x,4,x,baseline_plus_gheft,DHEFT/NHEFT/GHEFT,IRT-only,0.0,0,0,1,0.3422,0.3384,0.6806,55.750299999999996,1.4393,60,13,334,147,47,100,52.9902552631579,1.3681,71,12,357,191,118,73,53.72995198502759,1.3872,48,10,332,164,129,35,20.203903,0,ok,logs/seed_263035.log
782665,e04x,4,x,baseline_plus_gheft,DHEFT/NHEFT/GHEFT,IRT-only,0.0,0,0,1,0.3286,0.342,0.6706,56.914899999999996,1.1636,47,11,324,143,45,98,54.84367345575959,1.1213,58,11,335,193,135,58,54.84367345575959,1.1213,54,11,317,185,130,55,18.072665,0,ok,logs/seed_782665.log
372049,e04x,4,x,baseline_plus_gheft,DHEFT/NHEFT/GHEFT,IRT-only,0.0,0,0,1,0.3693,0.2957,0.665,62.314599999999984,1.3266,42,10,309,147,48,99,56.695457716417906,1.207,57,12,350,188,135,53,53.11465384615384,1.1308,48,11,327,171,138,33,19.163059,0,ok,logs/seed_372049.log
15262,e04x,4,x,baseline_plus_gheft,DHEFT/NHEFT/GHEFT,IRT-only,0.0,0,0,1,0.4111,0.4555,0.8666,61.58070000000001,1.8144,40,10,270,136,38,98,51.75805479747833,1.525,47,11,318,151,110,41,49.74970555235204,1.4658,40,11,312,157,110,47,17.619191,0,ok,logs/seed_15262.log
745342,e04x,4,x,baseline_plus_gheft,DHEFT/NHEFT/GHEFT,IRT-only,0.0,0,0,1,0.4014,0.3085,0.7099,59.647499999999994,1.4822,44,11,304,118,46,72,56.774008006369435,1.4108,71,15,369,196,133,63,54.53573868051964,1.3552,58,13,352,173,126,47,20.886437,0,ok,logs/seed_745342.log
437809,e04x,4,x,baseline_plus_gheft,DHEFT/NHEFT/GHEFT,IRT-only,0.0,0,0,1,0.3985,0.3402,0.7387,45.4108,1.2891,44,10,295,118,54,64,41.37918626187576,1.1747,54,12,324,148,105,43,45.70483928618406,1.2975,42,9,293,146,121,25,14.814315,0,ok,logs/seed_437809.log
987435,e04x,4,x,baseline_plus_gheft,DHEFT/NHEFT/GHEFT,IRT-only,0.0,0,0,1,0.4103,0.3177,0.728,53.57309999999999,1.796,46,11,293,141,45,96,48.05659202244389,1.6111,61,13,339,185,114,71,49.82654545173999,1.6704,48,10,333,159,113,46,21.497737,0,ok,logs/seed_987435.log
146585,e04x,4,x,baseline_plus_gheft,DHEFT/NHEFT/GHEFT,IRT-only,0.0,0,0,1,0.3581,0.353,0.7111,66.9393,1.5301,48,11,306,123,35,88,75.2963782122905,1.7211,61,13,349,186,110,76,75.29553457611071,1.7211,49,11,329,167,117,50,22.810353,0,ok,logs/seed_146585.log
368863,e04x,4,x,baseline_plus_gheft,DHEFT/NHEFT/GHEFT,IRT-only,0.0,0,0,1,0.3547,0.3343,0.689,68.26469999999999,1.4165,48,10,321,122,52,70,51.42660470370369,1.0671,68,15,334,172,99,73,56.12849411064843,1.1647,56,13,323,177,106,71,26.931293,0,ok,logs/seed_368863.log
572806,e04x,4,x,baseline_plus_gheft,DHEFT/NHEFT/GHEFT,IRT-only,0.0,0,0,1,0.378,0.3624,0.7404,49.84299999999999,1.3743,40,10,319,132,56,76,42.1877332522407,1.1632,45,12,341,181,127,54,44.77604740901503,1.2346,49,12,336,182,124,58,24.012803,0,ok,logs/seed_572806.log
198288,e04x,4,x,baseline_plus_gheft,DHEFT/NHEFT/GHEFT,IRT-only,0.0,0,0,1,0.3955,0.3483,0.7438,51.11140000000001,1.4517,46,12,328,124,50,74,45.56631750602139,1.2942,63,12,347,161,99,62,48.28007565931653,1.3713,54,11,332,155,111,44,24.195733,0,ok,logs/seed_198288.log
110116,e04x,4,x,baseline_plus_gheft,DHEFT/NHEFT/GHEFT,IRT-only,0.0,0,0,1,0.3496,0.292,0.6416,59.5121,1.3305,52,12,307,138,41,97,52.10014060779264,1.1648,56,12,330,159,89,70,59.61140333722873,1.3327,44,11,321,141,106,35,19.018041,0,ok,logs/seed_110116.log
149047,e04x,4,x,baseline_plus_gheft,DHEFT/NHEFT/GHEFT,IRT-only,0.0,0,0,1,0.4003,0.3395,0.7398,48.9012,1.5635,38,10,300,101,44,57,46.17896666666667,1.4764,57,13,337,145,111,34,43.268266666666676,1.3834,39,12,304,124,95,29,21.791349,0,ok,logs/seed_149047.log
864824,e04x,4,x,baseline_plus_gheft,DHEFT/NHEFT/GHEFT,IRT-only,0.0,0,0,1,0.3475,0.3859,0.7334,56.95270000000001,1.6269,48,11,296,145,48,97,49.489291408934704,1.4137,53,13,313,169,120,49,50.85178187919464,1.4526,46,11,292,156,117,39,16.912472,0,ok,logs/seed_864824.log
801768,e04x,4,x,baseline_plus_gheft,DHEFT/NHEFT/GHEFT,IRT-only,0.0,0,0,1,0.3734,0.2923,0.6657,54.5172,1.5178,45,10,302,137,48,89,44.71729569160998,1.245,58,13,331,161,95,66,62.73891645021645,1.7467,44,11,301,140,102,38,20.645187,0,ok,logs/seed_801768.log
262875,e04x,4,x,baseline_plus_gheft,DHEFT/NHEFT/GHEFT,IRT-only,0.0,0,0,1,0.3711,0.3151,0.6862,55.76879999999999,1.4413,48,10,302,143,47,96,55.29487086092714,1.429,56,11,327,161,127,34,47.54454556040756,1.2287,49,10,313,152,121,31,18.486996,0,ok,logs/seed_262875.log
524794,e04x,4,x,baseline_plus_gheft,DHEFT/NHEFT/GHEFT,IRT-only,0.0,0,0,1,0.3246,0.269,0.5936,55.85330000000001,1.1064,46,9,316,120,37,83,55.488370651423324,1.0991,55,13,331,184,120,64,55.02958242950109,1.09,47,10,333,152,110,42,27.398919,0,ok,logs/seed_524794.log
824487,e04x,4,x,baseline_plus_gheft,DHEFT/NHEFT/GHEFT,IRT-only,0.0,0,0,1,0.3416,0.3741,0.7157,63.20850000000001,1.3999,46,10,294,125,45,80,63.84243498349836,1.414,51,12,325,169,117,52,62.68452867513613,1.3883,46,10,307,167,128,39,17.009353,0,ok,logs/seed_824487.log
927335,e04x,4,x,baseline_plus_gheft,DHEFT/NHEFT/GHEFT,IRT-only,0.0,0,0,1,0.363,0.3359,0.6989,53.94410000000001,1.1774,42,7,307,113,46,67,55.16452868532527,1.2041,50,12,308,147,113,34,52.968020658888115,1.1561,49,12,312,148,116,32,19.569281,0,ok,logs/seed_927335.log
982015,e04x,4,x,baseline_plus_gheft,DHEFT/NHEFT/GHEFT,IRT-only,0.0,0,0,1,0.3848,0.3393,0.7241,50.12990000000001,1.5785,40,9,271,111,41,70,45.49312894280763,1.4325,58,13,312,153,116,37,59.068178203434606,1.8599,41,10,296,143,112,31,17.957525,0,ok,logs/seed_982015.log
205178,e04x,4,x,baseline_plus_gheft,DHEFT/NHEFT/GHEFT,IRT-only,0.0,0,0,1,0.3574,0.353,0.7104,55.3999,2.0328,44,10,265,109,41,68,45.18676649704142,1.658,51,10,324,153,106,47,47.17629718309859,1.731,47,10,323,149,111,38,17.237543,0,ok,logs/seed_205178.log
888604,e04x,4,x,baseline_plus_gheft,DHEFT/NHEFT/GHEFT,IRT-only,0.0,0,0,1,0.3578,0.3655,0.7233,63.93970000000001,1.3021,44,11,319,137,43,94,53.765135662431724,1.0949,65,14,343,180,119,61,58.95878706786173,1.2006,56,11,332,173,123,50,21.526484,0,ok,logs/seed_888604.log
546566,e04x,4,x,baseline_plus_gheft,DHEFT/NHEFT/GHEFT,IRT-only,0.0,0,0,1,0.3889,0.2696,0.6585,50.175100000000015,1.043,39,9,296,114,44,70,52.72608974358974,1.096,56,12,314,153,95,58,50.060158241758245,1.0406,50,11,318,147,97,50,16.22479,0,ok,logs/seed_546566.log
939943,e04x,4,x,baseline_plus_gheft,DHEFT/NHEFT/GHEFT,IRT-only,0.0,0,0,1,0.3898,0.3517,0.7415,54.97710000000001,1.5716,40,10,303,135,50,85,43.847374321880665,1.2535,47,11,316,159,115,44,43.847374321880665,1.2535,44,11,311,173,120,53,18.064048,0,ok,logs/seed_939943.log
461796,e04x,4,x,baseline_plus_gheft,DHEFT/NHEFT/GHEFT,IRT-only,0.0,0,0,1,0.3704,0.3827,0.7531,53.1343,1.192,40,8,318,100,53,47,48.97400031972788,1.0987,53,12,321,144,107,37,50.64888322981368,1.1362,51,10,318,143,107,36,20.428815,0,ok,logs/seed_461796.log
683805,e04x,4,x,baseline_plus_gheft,DHEFT/NHEFT/GHEFT,IRT-only,0.0,0,0,1,0.3794,0.3181,0.6975,68.32070000000002,1.6923,48,12,307,146,46,100,52.69788139534884,1.3054,55,12,349,177,110,67,53.73778049490539,1.3311,50,12,337,180,117,63,21.322278,0,ok,logs/seed_683805.log
273298,e04x,4,x,baseline_plus_gheft,DHEFT/NHEFT/GHEFT,IRT-only,0.0,0,0,1,0.3334,0.2679,0.6013,52.71430000000001,1.307,41,10,304,103,51,52,49.54521637831604,1.2285,54,12,337,160,106,54,49.54521637831604,1.2285,47,12,333,160,111,49,19.105784,0,ok,logs/seed_273298.log
870064,e04x,4,x,baseline_plus_gheft,DHEFT/NHEFT/GHEFT,IRT-only,0.0,0,0,1,0.4298,0.4247,0.8545,49.944400000000016,1.3938,50,13,290,155,51,104,50.42615053027375,1.4072,48,13,303,177,129,48,50.42615053027375,1.4072,39,10,286,168,133,35,16.636247,0,ok,logs/seed_870064.log
739336,e04x,4,x,baseline_plus_gheft,DHEFT/NHEFT/GHEFT,IRT-only,0.0,0,0,1,0.3326,0.3321,0.6647,66.97080000000001,1.4298,44,12,298,144,46,98,61.644600000000004,1.3161,55,13,316,178,111,67,61.644600000000004,1.3161,49,12,311,189,129,60,16.596999,0,ok,logs/seed_739336.log
374908,e04x,4,x,baseline_plus_gheft,DHEFT/NHEFT/GHEFT,IRT-only,0.0,0,0,1,0.3749,0.419,0.7939,49.591699999999996,1.5171,42,11,290,119,37,82,49.595626987061,1.5172,51,12,314,155,103,52,49.595626987061,1.5172,43,9,306,152,105,47,18.73336,0,ok,logs/seed_374908.log
489107,e04x,4,x,baseline_plus_gheft,DHEFT/NHEFT/GHEFT,IRT-only,0.0,0,0,1,0.3437,0.3086,0.6523,59.0162,1.2441,47,10,313,142,41,101,60.164935108527146,1.2683,51,11,340,179,114,65,78.51529525065962,1.6552,54,11,330,182,122,60,21.606803,0,ok,logs/seed_489107.log
676170,e04x,4,x,baseline_plus_gheft,DHEFT/NHEFT/GHEFT,IRT-only,0.0,0,0,1,0.3485,0.3325,0.681,64.0503,1.4499,49,11,304,158,51,107,49.10796119402986,1.1116,56,14,350,184,134,50,50.26051693907875,1.1377,44,13,342,165,122,43,24.01115,0,ok,logs/seed_676170.log
946643,e04x,4,x,baseline_plus_gheft,DHEFT/NHEFT/GHEFT,IRT-only,0.0,0,0,1,0.4006,0.4292,0.8298,59.35880000000001,1.6408,49,16,309,154,39,115,50.35310000000001,1.3918,54,15,340,202,125,77,61.85093982991201,1.7096,53,15,326,211,134,77,18.627218,0,ok,logs/seed_946643.log
245576,e04x,4,x,baseline_plus_gheft,DHEFT/NHEFT/GHEFT,IRT-only,0.0,0,0,1,0.371,0.385,0.756,52.17869999999999,1.517,50,9,311,135,41,94,43.62425091461649,1.2683,61,12,339,170,114,56,45.597201,1.3256,57,12,331,169,103,66,17.611786,0,ok,logs/seed_245576.log
61677,e04x,4,x,baseline_plus_gheft,DHEFT/NHEFT/GHEFT,IRT-only,0.0,0,0,1,0.378,0.3382,0.7162,56.5356,1.2415,38,11,296,126,38,88,50.94425994682677,1.1187,59,12,321,171,97,74,60.91386620926244,1.3377,50,12,310,149,96,53,18.892527,0,ok,logs/seed_61677.log
985204,e04x,4,x,baseline_plus_gheft,DHEFT/NHEFT/GHEFT,IRT-only,0.0,0,0,1,0.349,0.402,0.751,64.7023,1.8498,43,9,310,119,37,82,45.79890578745645,1.3094,67,12,339,166,95,71,51.74608048780489,1.4794,62,12,315,162,98,64,18.306967,0,ok,logs/seed_985204.log
957734,e04x,4,x,baseline_plus_gheft,DHEFT/NHEFT/GHEFT,IRT-only,0.0,0,0,1,0.3938,0.3852,0.779,42.7661,1.3751,42,9,310,117,45,72,39.4187975317919,1.2674,60,12,341,181,120,61,43.62462957142857,1.4027,46,11,323,143,104,39,18.7813,0,ok,logs/seed_957734.log
586973,e04x,4,x,baseline_plus_gheft,DHEFT/NHEFT/GHEFT,IRT-only,0.0,0,0,1,0.3383,0.3016,0.6399,51.795000000000016,1.4005,42,9,317,128,49,79,51.872035087719304,1.4026,51,11,324,153,106,47,46.99605263157894,1.2707,37,10,303,131,102,29,20.517181,0,ok,logs/seed_586973.log
81222,e04x,4,x,baseline_plus_gheft,DHEFT/NHEFT/GHEFT,IRT-only,0.0,0,0,1,0.343,0.3481,0.6911,54.57020000000001,1.6914,43,10,289,137,36,101,47.284161038961045,1.4655,53,13,333,170,110,60,45.62487272727273,1.4141,45,12,306,158,113,45,15.554567,0,ok,logs/seed_81222.log
985268,e04x,4,x,baseline_plus_gheft,DHEFT/NHEFT/GHEFT,IRT-only,0.0,0,0,1,0.3973,0.4022,0.7995,49.543499999999995,1.3523,37,10,268,107,48,59,43.11385782688767,1.1768,53,11,337,194,117,77,55.44170384325547,1.5133,44,11,321,173,113,60,15.682589,0,ok,logs/seed_985268.log
240715,e04x,4,x,baseline_plus_gheft,DHEFT/NHEFT/GHEFT,IRT-only,0.0,0,0,1,0.4018,0.3599,0.7617,51.547399999999996,1.4079,44,8,277,116,53,63,45.41208707438347,1.2403,52,12,322,161,118,43,46.13079483919222,1.2599,44,11,316,148,113,35,20.36234,0,ok,logs/seed_240715.log
336806,e04x,4,x,baseline_plus_gheft,DHEFT/NHEFT/GHEFT,IRT-only,0.0,0,0,1,0.3803,0.4106,0.7909,67.37500000000003,2.0134,46,9,290,121,45,76,53.2258076923077,1.5905,60,12,358,180,124,56,47.299338461538476,1.4134,55,11,353,181,115,66,22.317271,0,ok,logs/seed_336806.log
431396,e04x,4,x,baseline_plus_gheft,DHEFT/NHEFT/GHEFT,IRT-only,0.0,0,0,1,0.4042,0.3534,0.7576,52.9811,1.4332,47,11,295,120,38,82,47.78313402540416,1.2926,60,14,326,157,105,52,48.138010112359545,1.3022,49,11,318,163,126,37,20.648062,0,ok,logs/seed_431396.log
850253,e04x,4,x,baseline_plus_gheft,DHEFT/NHEFT/GHEFT,IRT-only,0.0,0,0,1,0.3791,0.3643,0.7434,50.55530000000001,1.437,42,11,291,115,51,64,39.63779095558955,1.1267,54,12,332,162,111,51,41.54763315696649,1.181,45,10,322,167,121,46,18.751563,0,ok,logs/seed_850253.log
342204,e04x,4,x,baseline_plus_gheft,DHEFT/NHEFT/GHEFT,IRT-only,0.0,0,0,1,0.3953,0.3688,0.7641,59.3734,1.9923,53,14,298,150,44,106,48.054913271145885,1.6125,59,14,337,165,102,63,49.10099541429218,1.6476,44,12,315,174,110,64,18.859085,0,ok,logs/seed_342204.log
810991,e04x,4,x,baseline_plus_gheft,DHEFT/NHEFT/GHEFT,IRT-only,0.0,0,0,1,0.3314,0.2751,0.6065,52.28720000000001,1.3806,40,8,281,117,41,76,46.432512879708376,1.226,50,12,304,136,100,36,53.9826609427754,1.4254,39,11,292,144,105,39,20.93469,0,ok,logs/seed_810991.log
895124,e04x,4,x,baseline_plus_gheft,DHEFT/NHEFT/GHEFT,IRT-only,0.0,0,0,1,0.3399,0.3724,0.7123,60.810399999999994,1.7453,58,11,321,143,40,103,55.15148915187377,1.5829,55,10,351,163,111,52,51.357063081617085,1.474,50,10,333,165,120,45,23.055596,0,ok,logs/seed_895124.log
437866,e04x,4,x,baseline_plus_gheft,DHEFT/NHEFT/GHEFT,IRT-only,0.0,0,0,1,0.4024,0.3804,0.7828,62.833400000000005,1.5014,40,10,267,134,34,100,48.41095176922256,1.1568,55,12,314,165,107,58,53.06873698854337,1.2681,51,11,305,162,109,53,21.364966,0,ok,logs/seed_437866.log
246441,e04x,4,x,baseline_plus_gheft,DHEFT/NHEFT/GHEFT,IRT-only,0.0,0,0,1,0.3395,0.2567,0.5962,52.618000000000016,1.2671,42,11,285,118,44,74,44.82844798242934,1.0795,66,15,337,171,108,63,48.21905329949239,1.1612,53,11,330,174,126,48,22.037902,0,ok,logs/seed_246441.log
834777,e04x,4,x,baseline_plus_gheft,DHEFT/NHEFT/GHEFT,IRT-only,0.0,0,0,1,0.378,0.3976,0.7756,57.21830000000001,1.4861,43,9,289,132,35,97,54.42470801754386,1.4135,57,13,326,172,101,71,54.019056752212386,1.403,57,13,334,171,106,65,21.153817,0,ok,logs/seed_834777.log
159109,e04x,4,x,baseline_plus_gheft,DHEFT/NHEFT/GHEFT,IRT-only,0.0,0,0,1,0.3455,0.3004,0.6459,67.84490000000001,1.7327,44,13,299,139,46,93,64.25824387291982,1.6411,69,13,347,199,135,64,61.781870571827056,1.5779,57,12,345,190,139,51,20.22785,0,ok,logs/seed_159109.log
469145,e04x,4,x,baseline_plus_gheft,DHEFT/NHEFT/GHEFT,IRT-only,0.0,0,0,1,0.3674,0.3034,0.6708,55.64370000000001,1.6379,37,8,268,132,48,84,45.689795698924726,1.3449,54,12,307,182,126,56,50.11279569892474,1.4751,39,10,287,160,117,43,14.792301,0,ok,logs/seed_469145.log
359039,e04x,4,x,baseline_plus_gheft,DHEFT/NHEFT/GHEFT,IRT-only,0.0,0,0,1,0.3602,0.2969,0.6571,58.4545,1.4277,32,8,281,98,36,62,55.89846206896552,1.3653,47,10,309,141,87,54,55.89846206896552,1.3653,41,10,297,138,93,45,16.72078,0,ok,logs/seed_359039.log
441554,e04x,4,x,baseline_plus_gheft,DHEFT/NHEFT/GHEFT,IRT-only,0.0,0,0,1,0.4045,0.4041,0.8086,61.801500000000004,1.1926,37,10,300,118,34,84,55.24190992657733,1.066,51,11,333,160,106,54,76.61199839048285,1.4784,48,10,327,168,114,54,21.818112,0,ok,logs/seed_441554.log
981230,e04x,4,x,baseline_plus_gheft,DHEFT/NHEFT/GHEFT,IRT-only,0.0,0,0,1,0.3854,0.3805,0.7659,56.67129999999999,1.5338,43,11,314,130,45,85,52.89003110419907,1.4315,57,11,330,181,130,51,54.28035369127517,1.4691,46,11,326,158,122,36,20.589101,0,ok,logs/seed_981230.log
386385,e04x,4,x,baseline_plus_gheft,DHEFT/NHEFT/GHEFT,IRT-only,0.0,0,0,1,0.3843,0.4024,0.7867,47.66270000000001,1.2321,36,7,296,115,42,73,46.28102818243703,1.1964,49,9,313,159,115,44,45.20851316405719,1.1687,43,8,306,148,115,33,16.962216,0,ok,logs/seed_386385.log
667900,e04x,4,x,baseline_plus_gheft,DHEFT/NHEFT/GHEFT,IRT-only,0.0,0,0,1,0.3387,0.3841,0.7228,53.676199999999994,1.4986,46,11,315,130,35,95,48.59156253846153,1.3567,62,12,343,164,101,63,49.08797692307692,1.3705,51,13,319,158,108,50,20.439829,0,ok,logs/seed_667900.log
361299,e04x,4,x,baseline_plus_gheft,DHEFT/NHEFT/GHEFT,IRT-only,0.0,0,0,1,0.3725,0.4093,0.7818,53.618700000000004,1.4299,51,13,292,148,48,100,45.087326403927065,1.2024,59,14,331,188,137,51,43.340337380084144,1.1558,58,14,326,198,135,63,22.171052,0,ok,logs/seed_361299.log
270600,e04x,4,x,baseline_plus_gheft,DHEFT/NHEFT/GHEFT,IRT-only,0.0,0,0,1,0.3678,0.2977,0.6655,54.60369999999998,1.6157,37,9,271,117,45,72,47.47832744128555,1.4048,61,14,319,182,118,64,50.52626715328468,1.495,45,13,299,155,120,35,16.405147,0,ok,logs/seed_270600.log
399493,e04x,4,x,baseline_plus_gheft,DHEFT/NHEFT/GHEFT,IRT-only,0.0,0,0,1,0.3374,0.305,0.6424,54.2164,1.2907,44,10,305,120,45,75,44.114212903225805,1.0502,49,13,319,154,107,47,49.908212903225795,1.1881,45,12,300,148,107,41,20.481703,0,ok,logs/seed_399493.log
344401,e04x,4,x,baseline_plus_gheft,DHEFT/NHEFT/GHEFT,IRT-only,0.0,0,0,1,0.4238,0.3602,0.784,54.18839999999999,1.3757,45,13,326,157,51,106,51.51243512384539,1.3077,64,13,354,200,136,64,52.338591181247224,1.3287,53,12,357,198,150,48,23.026621,0,ok,logs/seed_344401.log
440653,e04x,4,x,baseline_plus_gheft,DHEFT/NHEFT/GHEFT,IRT-only,0.0,0,0,1,0.3497,0.2998,0.6495,70.19100000000003,1.3636,49,12,330,154,52,102,56.895336677116,1.1053,70,13,370,207,132,75,63.12763736363637,1.2264,53,11,346,184,134,50,20.775949,0,ok,logs/seed_440653.log
422829,e04x,4,x,baseline_plus_gheft,DHEFT/NHEFT/GHEFT,IRT-only,0.0,0,0,1,0.3259,0.4126,0.7385,64.40269999999998,1.5899,45,12,308,134,57,77,56.50685139442232,1.395,60,13,333,183,123,60,56.46786348547719,1.394,51,13,318,170,124,46,19.646368,0,ok,logs/seed_422829.log
194493,e04x,4,x,baseline_plus_gheft,DHEFT/NHEFT/GHEFT,IRT-only,0.0,0,0,1,0.3701,0.3571,0.7272,63.41270000000001,1.4243,48,10,323,141,46,95,54.96411785173979,1.2345,60,11,360,178,126,52,62.10340215053763,1.3949,52,10,335,172,124,48,23.465802,0,ok,logs/seed_194493.log
79088,e04x,4,x,baseline_plus_gheft,DHEFT/NHEFT/GHEFT,IRT-only,0.0,0,0,1,0.344,0.3461,0.6901,61.3088,1.2962,49,10,322,133,36,97,56.61992365605095,1.1971,55,12,340,172,109,63,54.17045031847134,1.1453,52,12,322,168,119,49,17.486142,0,ok,logs/seed_79088.log
144274,e04x,4,x,baseline_plus_gheft,DHEFT/NHEFT/GHEFT,IRT-only,0.0,0,0,1,0.305,0.2891,0.5941,58.00340000000001,1.507,49,12,310,149,51,98,49.31896944818303,1.2814,54,12,346,186,128,58,52.34544659685865,1.36,44,10,322,170,132,38,21.12202,0,ok,logs/seed_144274.log
568701,e04x,4,x,baseline_plus_gheft,DHEFT/NHEFT/GHEFT,IRT-only,0.0,0,0,1,0.417,0.4317,0.8487,52.6543,1.8253,42,10,282,114,40,74,45.47273525183374,1.5763,49,12,317,158,103,55,46.018425821596246,1.5952,47,12,318,150,105,45,19.714937,0,ok,logs/seed_568701.log
643829,e04x,4,x,baseline_plus_gheft,DHEFT/NHEFT/GHEFT,IRT-only,0.0,0,0,1,0.3559,0.3397,0.6956,52.1955,1.4334,46,10,338,122,43,79,43.68482765849315,1.1997,64,12,350,182,126,56,44.72037953604843,1.2281,54,12,345,180,124,56,20.881051,0,ok,logs/seed_643829.log
271983,e04x,4,x,baseline_plus_gheft,DHEFT/NHEFT/GHEFT,IRT-only,0.0,0,0,1,0.3566,0.3078,0.6644,49.96810000000001,1.3791,42,10,310,132,50,82,45.534462906258845,1.2568,62,13,345,183,126,57,45.534462906258845,1.2568,51,10,332,160,127,33,18.7188,0,ok,logs/seed_271983.log
197314,e04x,4,x,baseline_plus_gheft,DHEFT/NHEFT/GHEFT,IRT-only,0.0,0,0,1,0.3483,0.3051,0.6534,51.606700000000004,1.3426,45,10,289,128,55,73,50.8789212987172,1.3237,59,14,320,163,101,62,50.52048415841584,1.3144,51,12,319,158,118,40,18.47001,0,ok,logs/seed_197314.log
994686,e04x,4,x,baseline_plus_gheft,DHEFT/NHEFT/GHEFT,IRT-only,0.0,0,0,1,0.3972,0.4495,0.8467,53.65119999999999,1.4493,43,10,314,120,53,67,49.15087341379311,1.3277,58,13,349,172,110,62,44.662373413793105,1.2065,50,10,338,146,109,37,21.957515,0,ok,logs/seed_994686.log
282842,e04x,4,x,baseline_plus_gheft,DHEFT/NHEFT/GHEFT,IRT-only,0.0,0,0,1,0.3844,0.4024,0.7868,53.29669999999999,1.4175,39,9,295,131,40,91,51.45783290043289,1.3686,51,10,321,172,118,54,54.45994833044733,1.4484,43,10,290,162,122,40,16.060971,0,ok,logs/seed_282842.log
137602,e04x,4,x,baseline_plus_gheft,DHEFT/NHEFT/GHEFT,IRT-only,0.0,0,0,1,0.3728,0.3117,0.6845,48.03460000000001,1.0311,46,10,303,127,52,75,50.01382648709316,1.0736,60,12,311,167,120,47,53.96504083769633,1.1584,47,12,299,144,110,34,21.719608,0,ok,logs/seed_137602.log
472131,e04x,4,x,baseline_plus_gheft,DHEFT/NHEFT/GHEFT,IRT-only,0.0,0,0,1,0.3462,0.2909,0.6371,60.1139,1.439,50,12,295,141,47,94,55.361808093012655,1.3252,62,14,326,186,123,63,54.47010000000001,1.3039,49,12,313,184,131,53,18.689407,0,ok,logs/seed_472131.log
327054,e04x,4,x,baseline_plus_gheft,DHEFT/NHEFT/GHEFT,IRT-only,0.0,0,0,1,0.3874,0.3673,0.7547,56.976600000000005,1.4953,42,9,271,122,46,76,50.56999526184538,1.3272,57,11,307,140,96,44,50.73049526184538,1.3314,42,9,302,142,102,40,16.315894,0,ok,logs/seed_327054.log
416581,e04x,4,x,baseline_plus_gheft,DHEFT/NHEFT/GHEFT,IRT-only,0.0,0,0,1,0.3629,0.354,0.7169,53.168899999999994,1.2992,42,9,330,120,52,68,52.53050344974663,1.2836,57,12,348,168,106,62,45.853494949494966,1.1205,43,10,336,156,114,42,19.054672,0,ok,logs/seed_416581.log
223716,e04x,4,x,baseline_plus_gheft,DHEFT/NHEFT/GHEFT,IRT-only,0.0,0,0,1,0.3615,0.4239,0.7854,55.687100000000015,1.4495,41,11,323,136,56,80,50.50983109243698,1.3147,54,13,347,188,134,54,47.84668070175439,1.2454,40,12,334,183,134,49,24.959272,0,ok,logs/seed_223716.log
116436,e04x,4,x,baseline_plus_gheft,DHEFT/NHEFT/GHEFT,IRT-only,0.0,0,0,1,0.3798,0.394,0.7738,53.61070000000001,1.4462,43,11,320,138,39,99,50.9095224010462,1.3733,62,14,358,203,140,63,45.71136166007904,1.2331,59,13,342,184,132,52,22.174409,0,ok,logs/seed_116436.log
650936,e04x,4,x,baseline_plus_gheft,DHEFT/NHEFT/GHEFT,IRT-only,0.0,0,0,1,0.3483,0.4352,0.7835,47.583999999999996,1.4129,37,9,259,111,48,63,42.59995207100592,1.2649,45,10,290,139,113,26,47.127352071005916,1.3993,39,10,283,134,112,22,16.268294,0,ok,logs/seed_650936.log
516657,e04x,4,x,baseline_plus_gheft,DHEFT/NHEFT/GHEFT,IRT-only,0.0,0,0,1,0.3693,0.3532,0.7225,53.949400000000004,1.3365,46,11,310,139,48,91,49.127761690885066,1.217,59,14,326,180,121,59,49.006361690885065,1.214,45,11,317,163,121,42,17.314412,0,ok,logs/seed_516657.log
687865,e04x,4,x,baseline_plus_gheft,DHEFT/NHEFT/GHEFT,IRT-only,0.0,0,0,1,0.3467,0.3934,0.7401,55.109500000000004,1.6241,39,11,281,115,58,57,52.294510921914686,1.5412,49,13,309,162,124,38,51.85332540727221,1.5282,45,13,303,173,129,44,15.450759,0,ok,logs/seed_687865.log
715106,e04x,4,x,baseline_plus_gheft,DHEFT/NHEFT/GHEFT,IRT-only,0.0,0,0,1,0.3737,0.3279,0.7016,50.526599999999995,1.1741,39,8,322,106,51,55,47.344145444444436,1.1002,55,11,334,151,105,46,45.45760562427746,1.0563,45,9,319,140,105,35,23.347123,0,ok,logs/seed_715106.log
293374,e04x,4,x,baseline_plus_gheft,DHEFT/NHEFT/GHEFT,IRT-only,0.0,0,0,1,0.3729,0.363,0.7359,54.944799999999994,1.3987,42,11,292,127,45,82,44.915301,1.1434,52,12,312,151,98,53,42.232824106900964,1.0751,48,12,319,144,100,44,16.717996,0,ok,logs/seed_293374.log
658834,e04x,4,x,baseline_plus_gheft,DHEFT/NHEFT/GHEFT,IRT-only,0.0,0,0,1,0.4008,0.457,0.8578,49.212399999999995,1.4726,46,10,287,116,56,60,45.333833415679635,1.3565,59,13,318,156,107,49,45.912311675126894,1.3739,44,11,301,130,98,32,20.111581,0,ok,logs/seed_658834.log
23329,e04x,4,x,baseline_plus_gheft,DHEFT/NHEFT/GHEFT,IRT-only,0.0,0,0,1,0.3765,0.2966,0.6731,48.85069999999999,1.567,48,12,282,144,49,95,44.09508238993712,1.4144,58,14,328,180,120,60,41.599182389937106,1.3344,54,14,336,175,124,51,18.243119,0,ok,logs/seed_23329.log
661707,e04x,4,x,baseline_plus_gheft,DHEFT/NHEFT/GHEFT,IRT-only,0.0,0,0,1,0.3943,0.3419,0.7362,62.90299999999999,1.351,45,11,285,126,50,76,53.06424395604396,1.1397,57,12,338,192,135,57,56.539004888256926,1.2144,48,11,327,182,128,54,18.794569,0,ok,logs/seed_661707.log
579773,e04x,4,x,baseline_plus_gheft,DHEFT/NHEFT/GHEFT,IRT-only,0.0,0,0,1,0.3948,0.4103,0.8051,61.47050000000001,1.5518,44,9,287,117,41,76,48.6856393493976,1.2291,56,14,321,174,118,56,74.44509638554219,1.8794,46,10,312,152,103,49,19.788718,0,ok,logs/seed_579773.log
688431,e04x,4,x,baseline_plus_gheft,DHEFT/NHEFT/GHEFT,IRT-only,0.0,0,0,1,0.3607,0.3223,0.683,72.31739999999998,1.5981,41,12,283,132,43,89,62.63273492442325,1.3841,51,11,321,159,117,42,68.9070709346991,1.5227,45,11,316,161,130,31,21.953352,0,ok,logs/seed_688431.log
735633,e04x,4,x,baseline_plus_gheft,DHEFT/NHEFT/GHEFT,IRT-only,0.0,0,0,1,0.3671,0.35,0.7171,63.62719999999999,1.4591,42,10,290,120,39,81,54.06365787892899,1.2398,60,14,336,188,103,85,56.069904500346965,1.2858,52,13,328,181,115,66,16.73949,0,ok,logs/seed_735633.log
208263,e04x,4,x,baseline_plus_gheft,DHEFT/NHEFT/GHEFT,IRT-only,0.0,0,0,1,0.3626,0.3246,0.6872,50.7381,1.1931,44,10,310,134,43,91,49.848705802047775,1.1722,54,14,312,159,105,54,50.665486078219004,1.1914,42,11,297,170,129,41,19.69647,0,ok,logs/seed_208263.log
733953,e04x,4,x,baseline_plus_gheft,DHEFT/NHEFT/GHEFT,IRT-only,0.0,0,0,1,0.3777,0.3228,0.7005,56.256499999999996,1.4089,43,10,326,127,43,84,44.37879945935468,1.1115,66,16,341,188,107,81,48.55048248175182,1.2159,48,10,329,160,109,51,17.723654,0,ok,logs/seed_733953.log
241442,e04x,4,x,baseline_plus_gheft,DHEFT/NHEFT/GHEFT,IRT-only,0.0,0,0,1,0.356,0.4056,0.7616,53.62170000000001,1.6525,42,10,295,119,44,75,49.401528826151555,1.5224,62,14,323,173,112,61,49.90122624916943,1.5378,46,11,318,155,115,40,22.264342,0,ok,logs/seed_241442.log
665452,e04x,4,x,baseline_plus_gheft,DHEFT/NHEFT/GHEFT,IRT-only,0.0,0,0,1,0.3843,0.3275,0.7118,51.4386,1.2046,44,9,310,128,50,78,47.07448150572832,1.1024,59,11,335,180,122,58,49.848492988313865,1.1674,49,11,328,171,117,54,22.086216,0,ok,logs/seed_665452.log
631051,e04x,4,x,baseline_plus_gheft,DHEFT/NHEFT/GHEFT,IRT-only,0.0,0,0,1,0.3579,0.3477,0.7056,54.27900000000001,1.8694,46,11,275,106,37,69,49.297290570119806,1.6978,52,11,326,175,110,65,49.297290570119806,1.6978,48,10,341,159,107,52,20.241268,0,ok,logs/seed_631051.log
497919,e04x,4,x,baseline_plus_gheft,DHEFT/NHEFT/GHEFT,IRT-only,0.0,0,0,1,0.3393,0.3433,0.6826,57.852199999999996,1.4025,40,11,302,127,36,91,50.53010268456376,1.225,56,12,327,171,108,63,52.941029251700684,1.2834,51,12,322,167,109,58,19.618317,0,ok,logs/seed_497919.log
960027,e04x,4,x,baseline_plus_gheft,DHEFT/NHEFT/GHEFT,IRT-only,0.0,0,0,1,0.399,0.3514,0.7504,56.665499999999994,1.7671,38,9,251,99,37,62,43.81477080745342,1.3664,55,12,314,145,87,58,54.89984920496895,1.7121,42,11,292,121,79,42,15.907297,0,ok,logs/seed_960027.log
305476,e04x,4,x,baseline_plus_gheft,DHEFT/NHEFT/GHEFT,IRT-only,0.0,0,0,1,0.4198,0.427,0.8468,64.70749999999998,1.3574,34,7,304,94,51,43,53.79335220807531,1.1285,53,11,344,182,125,57,71.3434522080753,1.4966,52,11,337,190,129,61,23.257907,0,ok,logs/seed_305476.log
365837,e04x,4,x,baseline_plus_gheft,DHEFT/NHEFT/GHEFT,IRT-only,0.0,0,0,1,0.3444,0.3255,0.6699,62.2625,1.5116,40,10,284,123,43,80,59.50269342214822,1.4446,58,15,316,178,125,53,60.721556756756755,1.4742,55,13,322,193,140,53,17.523949,0,ok,logs/seed_365837.log
514986,e04x,4,x,baseline_plus_gheft,DHEFT/NHEFT/GHEFT,IRT-only,0.0,0,0,1,0.3333,0.4146,0.7479,78.22959999999998,1.3691,44,12,282,140,36,104,64.22999561752988,1.1241,60,13,326,190,124,66,75.13454661354582,1.315,48,12,307,181,117,64,18.62168,0,ok,logs/seed_514986.log
291361,e04x,4,x,baseline_plus_gheft,DHEFT/NHEFT/GHEFT,IRT-only,0.0,0,0,1,0.432,0.3421,0.7741,52.30879999999999,1.2761,52,12,326,150,47,103,50.94374871794872,1.2428,52,12,317,161,115,46,49.072048717948725,1.1971,48,11,321,161,125,36,18.208973,0,ok,logs/seed_291361.log
831040,e04x,4,x,baseline_plus_gheft,DHEFT/NHEFT/GHEFT,IRT-only,0.0,0,0,1,0.3691,0.3127,0.6818,54.59959999999999,1.2651,44,11,295,129,42,87,60.868720913884005,1.4103,46,12,302,166,125,41,53.12061842456609,1.2308,48,13,302,164,123,41,18.081072,0,ok,logs/seed_831040.log
900613,e04x,4,x,baseline_plus_gheft,DHEFT/NHEFT/GHEFT,IRT-only,0.0,0,0,1,0.3509,0.3319,0.6828,49.12640000000002,1.2732,41,10,329,125,44,81,42.63375491251682,1.1049,59,13,329,164,105,59,49.140415939278945,1.2735,45,11,326,166,103,63,19.722903,0,ok,logs/seed_900613.log
738426,e04x,4,x,baseline_plus_gheft,DHEFT/NHEFT/GHEFT,IRT-only,0.0,0,0,1,0.3684,0.379,0.7474,56.9144,1.418,46,10,329,147,41,106,52.591026,1.3102,49,10,323,164,123,41,53.80114999999999,1.3404,45,9,327,157,120,37,21.880851,0,ok,logs/seed_738426.log
924607,e04x,4,x,baseline_plus_gheft,DHEFT/NHEFT/GHEFT,IRT-only,0.0,0,0,1,0.3802,0.4405,0.8207,53.0502,1.3521,32,7,284,115,45,70,45.056819354838716,1.1484,54,14,317,170,113,57,43.72546201024067,1.1145,44,11,309,163,114,49,21.809234,0,ok,logs/seed_924607.log
461861,e04x,4,x,baseline_plus_gheft,DHEFT/NHEFT/GHEFT,IRT-only,0.0,0,0,1,0.3334,0.3448,0.6782,55.119400000000006,1.6733,44,7,273,102,33,69,46.547460139860135,1.4131,60,11,318,142,95,47,48.547177777777776,1.4738,45,10,299,121,91,30,15.664198,0,ok,logs/seed_461861.log
854725,e04x,4,x,baseline_plus_gheft,DHEFT/NHEFT/GHEFT,IRT-only,0.0,0,0,1,0.3781,0.3604,0.7385,56.2307,1.5691,45,11,324,135,44,91,48.941407912398226,1.3657,60,14,344,192,112,80,48.31537676387582,1.3482,44,13,330,167,121,46,17.910411,0,ok,logs/seed_854725.log
808927,e04x,4,x,baseline_plus_gheft,DHEFT/NHEFT/GHEFT,IRT-only,0.0,0,0,1,0.3903,0.4692,0.8595,60.4629,1.7109,44,12,291,127,44,83,47.65288028286853,1.3484,57,11,326,171,111,60,43.13821028269382,1.2207,46,11,322,152,104,48,19.412333,0,ok,logs/seed_808927.log
826006,e04x,4,x,baseline_plus_gheft,DHEFT/NHEFT/GHEFT,IRT-only,0.0,0,0,1,0.3562,0.3718,0.728,54.21080000000001,1.2555,37,8,305,109,50,59,50.27148059467918,1.1642,52,13,315,171,123,48,54.52848059467918,1.2628,53,13,310,176,125,51,16.786317,0,ok,logs/seed_826006.log
522333,e04x,4,x,baseline_plus_gheft,DHEFT/NHEFT/GHEFT,IRT-only,0.0,0,0,1,0.3655,0.4408,0.8063,57.0809,1.5354,46,11,291,120,33,87,44.56312723604572,1.1987,64,12,335,164,91,73,46.12232723604573,1.2406,55,12,325,146,93,53,21.524878,0,ok,logs/seed_522333.log
245912,e04x,4,x,baseline_plus_gheft,DHEFT/NHEFT/GHEFT,IRT-only,0.0,0,0,1,0.3929,0.4146,0.8075,54.112300000000005,1.1834,42,10,299,125,46,79,48.82848308047058,1.0679,52,12,327,160,107,53,51.16318308047058,1.1189,45,9,311,144,105,39,20.466637,0,ok,logs/seed_245912.log
758389,e04x,4,x,baseline_plus_gheft,DHEFT/NHEFT/GHEFT,IRT-only,0.0,0,0,1,0.3879,0.3639,0.7518,60.5273,1.8502,47,12,284,137,44,93,44.25849999999999,1.3529,52,12,318,148,108,40,43.23999999999999,1.3217,47,12,319,166,116,50,20.202994,0,ok,logs/seed_758389.log
631363,e04x,4,x,baseline_plus_gheft,DHEFT/NHEFT/GHEFT,IRT-only,0.0,0,0,1,0.3721,0.3646,0.7367,53.6726,1.4444,43,10,304,132,41,91,45.18162372372372,1.2159,66,14,345,184,115,69,56.086516698656425,1.5094,53,11,329,174,123,51,21.245004,0,ok,logs/seed_631363.log
766985,e04x,4,x,baseline_plus_gheft,DHEFT/NHEFT/GHEFT,IRT-only,0.0,0,0,1,0.3774,0.3094,0.6868,49.92330000000002,1.2883,43,9,308,122,44,78,45.30495837615623,1.1692,52,11,314,145,102,43,46.78763779590109,1.2074,44,11,310,156,112,44,21.944011,0,ok,logs/seed_766985.log
582309,e04x,4,x,baseline_plus_gheft,DHEFT/NHEFT/GHEFT,IRT-only,0.0,0,0,1,0.3823,0.2911,0.6734,51.87650000000001,1.5868,36,7,278,101,41,60,52.11559905020353,1.5941,42,11,293,131,97,34,47.37832341526521,1.4492,46,10,285,145,108,37,11.961488,0,ok,logs/seed_582309.log
846927,e04x,4,x,baseline_plus_gheft,DHEFT/NHEFT/GHEFT,IRT-only,0.0,0,0,1,0.3569,0.3745,0.7314,61.31480000000001,1.7474,50,11,334,146,40,106,45.314383869867335,1.2914,69,13,359,195,99,96,52.25334755700326,1.4891,60,14,340,163,94,69,20.287592,0,ok,logs/seed_846927.log
763059,e04x,4,x,baseline_plus_gheft,DHEFT/NHEFT/GHEFT,IRT-only,0.0,0,0,1,0.4031,0.4063,0.8094,66.545,1.5898,41,10,289,135,51,84,60.34997973462003,1.4418,60,13,335,180,108,72,60.34997973462003,1.4418,47,11,311,170,115,55,14.73095,0,ok,logs/seed_763059.log
861602,e04x,4,x,baseline_plus_gheft,DHEFT/NHEFT/GHEFT,IRT-only,0.0,0,0,1,0.4252,0.3906,0.8158,55.35250000000001,1.6784,53,11,330,156,51,105,48.28418554044381,1.4641,56,12,344,179,117,62,47.326305444192634,1.435,51,14,340,189,121,68,20.503265,0,ok,logs/seed_861602.log
631173,e04x,4,x,baseline_plus_gheft,DHEFT/NHEFT/GHEFT,IRT-only,0.0,0,0,1,0.3782,0.3178,0.696,58.431099999999994,1.4351,40,8,301,116,43,73,52.880297798377754,1.2988,57,12,324,165,126,39,63.708332792584,1.5647,48,10,303,154,112,42,22.743774,0,ok,logs/seed_631173.log
53408,e04x,4,x,baseline_plus_gheft,DHEFT/NHEFT/GHEFT,IRT-only,0.0,0,0,1,0.3774,0.3745,0.7519,69.55470000000003,1.7836,41,10,279,126,43,83,55.2700087309839,1.4173,53,11,309,155,112,43,55.3836087309839,1.4202,47,11,307,153,114,39,21.527502,0,ok,logs/seed_53408.log
328439,e04x,4,x,baseline_plus_gheft,DHEFT/NHEFT/GHEFT,IRT-only,0.0,0,0,1,0.3497,0.3248,0.6745,57.305200000000006,1.5994,38,11,278,100,34,66,46.91122096317281,1.3093,53,13,316,152,94,58,48.22027127027027,1.3459,48,12,325,174,108,66,19.90535,0,ok,logs/seed_328439.log
1087,e04x,4,x,baseline_plus_gheft,DHEFT/NHEFT/GHEFT,IRT-only,0.0,0,0,1,0.3468,0.3696,0.7164,62.13870000000001,1.4552,40,10,280,126,44,82,58.30612361331221,1.3654,53,13,319,153,101,52,58.30612361331221,1.3654,55,12,320,169,118,51,18.319043,0,ok,logs/seed_1087.log
577361,e04x,4,x,baseline_plus_gheft,DHEFT/NHEFT/GHEFT,IRT-only,0.0,0,0,1,0.3992,0.3952,0.7944,55.84059999999999,1.3493,44,9,272,125,41,84,44.502139231884044,1.0753,59,13,319,167,108,59,47.09530289855073,1.1379,50,13,321,154,101,53,16.261478,0,ok,logs/seed_577361.log
72146,e04x,4,x,baseline_plus_gheft,DHEFT/NHEFT/GHEFT,IRT-only,0.0,0,0,1,0.3703,0.3571,0.7274,49.121199999999995,1.4703,48,11,315,149,48,101,45.14821686402268,1.3514,66,14,349,203,141,62,53.396942492917844,1.5983,51,11,328,170,133,37,18.148228,0,ok,logs/seed_72146.log
479068,e04x,4,x,baseline_plus_gheft,DHEFT/NHEFT/GHEFT,IRT-only,0.0,0,0,1,0.309,0.3313,0.6403,63.27869999999999,2.0061,43,13,275,133,42,91,46.87389495973155,1.486,59,15,312,186,114,72,48.69497023184152,1.5437,55,15,312,185,107,78,16.715627,0,ok,logs/seed_479068.log
267093,e04x,4,x,baseline_plus_gheft,DHEFT/NHEFT/GHEFT,IRT-only,0.0,0,0,1,0.2884,0.3036,0.592,67.479,1.6772,42,11,299,138,32,106,59.072081992337175,1.4683,70,15,343,180,108,72,53.75836775342465,1.3362,54,13,348,163,107,56,20.006203,0,ok,logs/seed_267093.log
174052,e04x,4,x,baseline_plus_gheft,DHEFT/NHEFT/GHEFT,IRT-only,0.0,0,0,1,0.3363,0.3302,0.6665,51.3067,1.3774,42,10,301,126,49,77,41.40445366820886,1.1116,63,15,352,164,107,57,42.66286751269036,1.1453,58,12,326,160,107,53,19.793045,0,ok,logs/seed_174052.log
224195,e04x,4,x,baseline_plus_gheft,DHEFT/NHEFT/GHEFT,IRT-only,0.0,0,0,1,0.3115,0.2811,0.5926,55.62670000000001,1.5436,50,11,276,134,40,94,48.740243283582096,1.3525,57,13,327,157,92,65,60.35073744740532,1.6746,49,13,302,167,108,59,16.27761,0,ok,logs/seed_224195.log
203906,e04x,4,x,baseline_plus_gheft,DHEFT/NHEFT/GHEFT,IRT-only,0.0,0,0,1,0.3906,0.4075,0.7981,64.52090000000001,1.6965,46,12,282,156,49,107,51.53586565863455,1.355,59,13,324,190,126,64,50.96367436200933,1.34,44,10,297,171,132,39,14.378269,0,ok,logs/seed_203906.log
223610,e04x,4,x,baseline_plus_gheft,DHEFT/NHEFT/GHEFT,IRT-only,0.0,0,0,1,0.3451,0.3889,0.734,44.831700000000005,1.3277,42,10,318,126,45,81,39.42112430939227,1.1675,47,10,315,146,95,51,40.41517379742173,1.1969,43,10,321,154,106,48,16.084255,0,ok,logs/seed_223610.log
765827,e04x,4,x,baseline_plus_gheft,DHEFT/NHEFT/GHEFT,IRT-only,0.0,0,0,1,0.3625,0.3741,0.7366,63.67019999999999,1.5435,52,13,332,151,41,110,53.9191292051282,1.3071,64,13,362,184,114,70,55.39697534039334,1.343,45,12,339,170,113,57,19.740759,0,ok,logs/seed_765827.log
597825,e04x,4,x,baseline_plus_gheft,DHEFT/NHEFT/GHEFT,IRT-only,0.0,0,0,1,0.3796,0.3743,0.7539,55.20870000000001,1.3299,46,9,296,122,42,80,52.28458241237113,1.2594,50,11,302,128,91,37,52.28458241237113,1.2594,50,11,294,127,88,39,20.019067,0,ok,logs/seed_597825.log
743325,e04x,4,x,baseline_plus_gheft,DHEFT/NHEFT/GHEFT,IRT-only,0.0,0,0,1,0.3703,0.4094,0.7797,57.8471,1.94,48,13,257,118,35,83,54.970772549019614,1.8436,58,12,332,164,114,50,49.943029642276436,1.675,51,12,332,165,114,51,21.814035,0,ok,logs/seed_743325.log
459404,e04x,4,x,baseline_plus_gheft,DHEFT/NHEFT/GHEFT,IRT-only,0.0,0,0,1,0.3013,0.2984,0.5997,64.8669,1.5395,44,12,296,151,46,105,67.02967897165459,1.5908,55,12,341,204,135,69,63.63304019007184,1.5102,50,13,343,182,124,58,17.645362,0,ok,logs/seed_459404.log
644891,e04x,4,x,baseline_plus_gheft,DHEFT/NHEFT/GHEFT,IRT-only,0.0,0,0,1,0.3793,0.3738,0.7531,53.34849999999999,1.2114,34,10,300,92,43,49,52.21997230883445,1.1858,52,12,325,156,106,50,53.67045919629057,1.2187,49,12,314,153,125,28,18.230531,0,ok,logs/seed_644891.log
112316,e04x,4,x,baseline_plus_gheft,DHEFT/NHEFT/GHEFT,IRT-only,0.0,0,0,1,0.3681,0.3229,0.691,58.9972,1.511,57,12,329,156,41,115,46.585857521739136,1.1931,60,12,333,177,137,40,60.246934902488235,1.543,57,12,349,176,132,44,22.440597,0,ok,logs/seed_112316.log
708240,e04x,4,x,baseline_plus_gheft,DHEFT/NHEFT/GHEFT,IRT-only,0.0,0,0,1,0.3586,0.3707,0.7293,53.5174,1.2588,40,10,302,137,41,96,48.67293349741824,1.1448,53,13,315,174,115,59,49.82857231920198,1.172,46,11,304,159,117,42,18.934145,0,ok,logs/seed_708240.log
988612,e04x,4,x,baseline_plus_gheft,DHEFT/NHEFT/GHEFT,IRT-only,0.0,0,0,1,0.3707,0.2892,0.6599,52.2077,1.4712,40,9,278,111,47,64,54.128790134529154,1.5253,56,12,317,154,103,51,54.128790134529154,1.5253,48,11,305,155,102,53,16.306974,0,ok,logs/seed_988612.log
737269,e04x,4,x,baseline_plus_gheft,DHEFT/NHEFT/GHEFT,IRT-only,0.0,0,0,1,0.3946,0.3813,0.7759,52.188100000000006,1.2321,46,11,313,144,40,104,48.06641131498472,1.1348,56,13,323,178,108,70,48.06641131498472,1.1348,50,11,338,181,128,53,19.259337,0,ok,logs/seed_737269.log
670045,e04x,4,x,baseline_plus_gheft,DHEFT/NHEFT/GHEFT,IRT-only,0.0,0,0,1,0.3757,0.3329,0.7086,51.105799999999995,1.4015,49,11,289,134,45,89,42.725000999999985,1.1716,45,11,311,155,115,40,46.49243177159591,1.2749,46,12,318,150,100,50,18.485989,0,ok,logs/seed_670045.log
697981,e04x,4,x,baseline_plus_gheft,DHEFT/NHEFT/GHEFT,IRT-only,0.0,0,0,1,0.3405,0.3525,0.693,46.232899999999994,1.3948,44,9,330,130,46,84,44.01919560878242,1.328,57,12,330,178,123,55,42.98729000343643,1.2969,55,12,336,171,121,50,18.904269,0,ok,logs/seed_697981.log
940926,e04x,4,x,baseline_plus_gheft,DHEFT/NHEFT/GHEFT,IRT-only,0.0,0,0,1,0.4368,0.4318,0.8686,50.6254,1.5276,54,13,333,144,39,105,45.507247006970395,1.3732,54,11,320,152,102,50,47.122050259067365,1.4219,48,10,319,155,109,46,19.669295,0,ok,logs/seed_940926.log
245466,e04x,4,x,baseline_plus_gheft,DHEFT/NHEFT/GHEFT,IRT-only,0.0,0,0,1,0.4134,0.3886,0.802,54.2524,1.1633,45,10,317,134,54,80,51.21875102040816,1.0982,58,12,341,177,123,54,53.01989909784508,1.1369,51,12,334,160,118,42,25.308764,0,ok,logs/seed_245466.log
863385,e04x,4,x,baseline_plus_gheft,DHEFT/NHEFT/GHEFT,IRT-only,0.0,0,0,1,0.3754,0.3036,0.679,66.6271,1.5595,47,11,325,136,42,94,66.96289250985545,1.5674,53,13,331,165,112,53,68.83535995316159,1.6112,50,11,338,180,118,62,19.3863,0,ok,logs/seed_863385.log
502084,e04x,4,x,baseline_plus_gheft,DHEFT/NHEFT/GHEFT,IRT-only,0.0,0,0,1,0.3662,0.4024,0.7686,52.8371,1.2132,48,10,340,135,53,82,45.83134593301435,1.0523,61,11,353,191,129,62,53.54848623340322,1.2295,54,10,336,180,132,48,24.238174,0,ok,logs/seed_502084.log
268333,e04x,4,x,baseline_plus_gheft,DHEFT/NHEFT/GHEFT,IRT-only,0.0,0,0,1,0.3864,0.2977,0.6841,54.53749999999998,1.8165,37,9,270,96,43,53,46.27820653846647,1.5414,51,11,320,145,92,53,42.93328364312268,1.43,43,9,322,141,90,51,18.688715,0,ok,logs/seed_268333.log
889172,e04x,4,x,baseline_plus_gheft,DHEFT/NHEFT/GHEFT,IRT-only,0.0,0,0,1,0.3584,0.2922,0.6506,48.714999999999996,1.2532,40,8,296,120,50,70,41.21177906137184,1.0602,56,11,306,150,110,40,46.57300212591987,1.1981,47,10,317,151,109,42,18.290726,0,ok,logs/seed_889172.log
768859,e04x,4,x,baseline_plus_gheft,DHEFT/NHEFT/GHEFT,IRT-only,0.0,0,0,1,0.3564,0.3804,0.7368,56.079899999999995,1.5571,48,10,300,140,49,91,52.61640512820514,1.4609,57,13,319,173,129,44,52.495506896551724,1.4576,47,11,324,164,126,38,17.913355,0,ok,logs/seed_768859.log
108511,e04x,4,x,baseline_plus_gheft,DHEFT/NHEFT/GHEFT,IRT-only,0.0,0,0,1,0.3685,0.3876,0.7561,55.52759999999999,1.6876,55,13,335,159,44,115,44.153018433931486,1.3419,54,12,345,152,102,50,41.641320341563784,1.2655,52,13,334,162,113,49,24.805869,0,ok,logs/seed_108511.log
828273,e04x,4,x,baseline_plus_gheft,DHEFT/NHEFT/GHEFT,IRT-only,0.0,0,0,1,0.3567,0.3196,0.6763,48.51649999999999,1.2455,42,11,290,114,50,64,44.44163424657535,1.1409,51,12,337,156,115,41,42.47160053050398,1.0903,43,10,324,149,107,42,17.234723,0,ok,logs/seed_828273.log
932667,e04x,4,x,baseline_plus_gheft,DHEFT/NHEFT/GHEFT,IRT-only,0.0,0,0,1,0.3424,0.3209,0.6633,56.0178,1.7965,39,13,273,143,40,103,48.676337678343295,1.5611,53,13,298,180,119,61,59.58808109305761,1.911,48,13,293,178,127,51,16.974934,0,ok,logs/seed_932667.log
245421,e04x,4,x,baseline_plus_gheft,DHEFT/NHEFT/GHEFT,IRT-only,0.0,0,0,1,0.3533,0.3259,0.6792,63.333800000000004,1.7493,45,12,273,140,48,92,53.83063592814372,1.4868,61,17,312,183,117,66,69.08531352833639,1.9082,52,13,309,178,125,53,18.214002,0,ok,logs/seed_245421.log
678641,e04x,4,x,baseline_plus_gheft,DHEFT/NHEFT/GHEFT,IRT-only,0.0,0,0,1,0.4059,0.3426,0.7485,52.358200000000004,1.1897,51,12,308,139,34,105,52.2630914893617,1.1876,66,15,348,194,113,81,58.37124862023653,1.3264,54,14,315,164,121,43,22.625057,0,ok,logs/seed_678641.log
935125,e04x,4,x,baseline_plus_gheft,DHEFT/NHEFT/GHEFT,IRT-only,0.0,0,0,1,0.3945,0.403,0.7975,65.7038,1.5354,44,11,312,131,39,92,62.243462324041815,1.4545,60,14,349,185,113,72,62.503062324041814,1.4606,50,12,327,178,129,49,22.521639,0,ok,logs/seed_935125.log
605287,e04x,4,x,baseline_plus_gheft,DHEFT/NHEFT/GHEFT,IRT-only,0.0,0,0,1,0.3846,0.4031,0.7877,57.421099999999996,1.4599,47,9,292,128,37,91,48.363412111111096,1.2296,53,12,328,157,103,54,48.363412111111096,1.2296,49,11,307,146,99,47,22.858899,0,ok,logs/seed_605287.log
241117,e04x,4,x,baseline_plus_gheft,DHEFT/NHEFT/GHEFT,IRT-only,0.0,0,0,1,0.4159,0.3152,0.7311,52.811699999999995,1.1314,47,12,329,143,41,102,49.47014879227053,1.0598,72,13,346,166,102,64,53.3079820211516,1.1421,53,13,335,181,123,58,24.018721,0,ok,logs/seed_241117.log
137693,e04x,4,x,baseline_plus_gheft,DHEFT/NHEFT/GHEFT,IRT-only,0.0,0,0,1,0.3121,0.35,0.6621,70.0935,2.1115,46,13,296,158,36,122,63.326670325510975,1.9077,64,14,349,190,121,69,51.38890015140044,1.548,57,14,352,189,113,76,24.724371,0,ok,logs/seed_137693.log
519815,e04x,4,x,baseline_plus_gheft,DHEFT/NHEFT/GHEFT,IRT-only,0.0,0,0,1,0.3923,0.3659,0.7582,52.80189999999999,1.357,32,6,292,90,48,42,50.801803134796224,1.3056,55,11,346,175,133,42,45.508084222183214,1.1695,42,10,327,149,119,30,18.694984,0,ok,logs/seed_519815.log
825689,e04x,4,x,baseline_plus_gheft,DHEFT/NHEFT/GHEFT,IRT-only,0.0,0,0,1,0.3723,0.3201,0.6924,55.7743,1.3307,37,11,277,121,38,83,51.468634262448994,1.2279,54,14,326,197,128,69,47.807001380175656,1.1406,53,13,314,182,128,54,20.334869,0,ok,logs/seed_825689.log
266300,e04x,4,x,baseline_plus_gheft,DHEFT/NHEFT/GHEFT,IRT-only,0.0,0,0,1,0.3956,0.3343,0.7299,46.73650000000001,1.3112,41,9,319,118,56,62,38.459347852760736,1.079,48,11,330,158,126,32,40.60774871794872,1.1393,47,10,320,155,122,33,21.053773,0,ok,logs/seed_266300.log
353884,e04x,4,x,baseline_plus_gheft,DHEFT/NHEFT/GHEFT,IRT-only,0.0,0,0,1,0.3752,0.3892,0.7644,73.61710000000002,1.6181,40,9,278,126,37,89,58.7568677687991,1.2915,50,12,325,148,102,46,69.3809,1.525,46,9,300,141,96,45,16.44753,0,ok,logs/seed_353884.log
141574,e04x,4,x,baseline_plus_gheft,DHEFT/NHEFT/GHEFT,IRT-only,0.0,0,0,1,0.3652,0.2703,0.6355,57.3329,1.246,44,10,326,142,49,93,54.23532829766803,1.1787,59,14,345,179,129,50,53.82190544827586,1.1697,57,13,353,185,128,57,21.976266,0,ok,logs/seed_141574.log
211351,e04x,4,x,baseline_plus_gheft,DHEFT/NHEFT/GHEFT,IRT-only,0.0,0,0,1,0.3834,0.357,0.7404,53.39159999999998,1.2648,41,8,314,128,45,83,51.9905131495327,1.2316,53,10,318,173,122,51,52.62228805970148,1.2465,48,11,330,173,124,49,18.508403,0,ok,logs/seed_211351.log
64745,e04x,4,x,baseline_plus_gheft,DHEFT/NHEFT/GHEFT,IRT-only,0.0,0,0,1,0.3153,0.2747,0.59,63.31210000000001,1.2758,48,10,310,138,45,93,62.46057783137976,1.2586,60,11,338,184,127,57,58.97639119286511,1.1884,48,10,337,172,126,46,21.008432,0,ok,logs/seed_64745.log
827551,e04x,4,x,baseline_plus_gheft,DHEFT/NHEFT/GHEFT,IRT-only,0.0,0,0,1,0.3966,0.42,0.8166,62.63719999999999,1.4046,53,13,283,150,48,102,53.425117918429,1.198,51,12,297,160,118,42,63.4527483909416,1.4229,49,11,283,157,121,36,20.012659,0,ok,logs/seed_827551.log
236634,e04x,4,x,baseline_plus_gheft,DHEFT/NHEFT/GHEFT,IRT-only,0.0,0,0,1,0.3757,0.3556,0.7313,54.41129999999998,1.5271,38,10,277,108,49,59,45.10320489105058,1.2659,63,15,320,169,119,50,48.370604891050576,1.3576,47,12,307,142,103,39,17.980857,0,ok,logs/seed_236634.log
554061,e04x,4,x,baseline_plus_gheft,DHEFT/NHEFT/GHEFT,IRT-only,0.0,0,0,1,0.3632,0.3528,0.716,61.0874,1.4061,41,9,292,125,38,87,67.86374394268606,1.562,51,11,301,139,92,47,72.53294210526315,1.6695,43,11,297,132,99,33,18.350053,0,ok,logs/seed_554061.log
473253,e04x,4,x,baseline_plus_gheft,DHEFT/NHEFT/GHEFT,IRT-only,0.0,0,0,1,0.3287,0.2801,0.6088,59.21400000000003,1.5337,37,10,275,119,36,83,47.54392177922079,1.2315,47,12,300,148,94,54,52.40236883116882,1.3573,44,11,289,152,103,49,18.080615,0,ok,logs/seed_473253.log
397414,e04x,4,x,baseline_plus_gheft,DHEFT/NHEFT/GHEFT,IRT-only,0.0,0,0,1,0.3873,0.4474,0.8347,64.8654,1.8294,60,11,331,162,43,119,59.97100374331549,1.6914,55,11,349,161,101,60,52.50561549295775,1.4808,48,10,346,155,121,34,22.632777,0,ok,logs/seed_397414.log
237902,e04x,4,x,baseline_plus_gheft,DHEFT/NHEFT/GHEFT,IRT-only,0.0,0,0,1,0.369,0.3133,0.6823,53.43359999999999,1.4736,34,9,286,106,44,62,43.17798715300547,1.1907,57,14,321,165,97,68,42.3483652173913,1.1679,50,13,300,134,96,38,18.862561,0,ok,logs/seed_237902.log
57519,e04x,4,x,baseline_plus_gheft,DHEFT/NHEFT/GHEFT,IRT-only,0.0,0,0,1,0.3366,0.3101,0.6467,55.76679999999999,1.705,42,9,283,115,38,77,48.18654031777378,1.4733,60,11,318,148,93,55,50.02089999999999,1.5294,49,9,322,146,102,44,21.947501,0,ok,logs/seed_57519.log
505780,e04x,4,x,baseline_plus_gheft,DHEFT/NHEFT/GHEFT,IRT-only,0.0,0,0,1,0.4066,0.3319,0.7385,49.08779999999999,1.1709,39,11,286,121,39,82,44.71711024130063,1.0666,56,12,308,172,115,57,46.61497640983606,1.1119,54,13,295,175,119,56,17.917243,0,ok,logs/seed_505780.log
353215,e04x,4,x,baseline_plus_gheft,DHEFT/NHEFT/GHEFT,IRT-only,0.0,0,0,1,0.2977,0.2903,0.588,58.32820000000001,1.4482,43,10,301,127,42,85,56.088232931726914,1.3926,55,14,334,171,105,66,61.862740627634594,1.536,55,13,334,190,106,84,16.374677,0,ok,logs/seed_353215.log
60194,e04x,4,x,baseline_plus_gheft,DHEFT/NHEFT/GHEFT,IRT-only,0.0,0,0,1,0.3783,0.3502,0.7285,51.91960000000001,1.7025,47,13,294,124,50,74,54.16482748091604,1.7762,57,13,333,163,120,43,54.16482748091604,1.7762,51,12,316,147,115,32,21.031951,0,ok,logs/seed_60194.log
21327,e04x,4,x,baseline_plus_gheft,DHEFT/NHEFT/GHEFT,IRT-only,0.0,0,0,1,0.3703,0.3098,0.6801,63.428699999999985,1.3289,42,10,312,123,50,73,55.03835191946735,1.1531,57,12,336,168,117,51,56.02576431535269,1.1738,43,11,303,168,122,46,20.827004,0,ok,logs/seed_21327.log
551141,e04x,4,x,baseline_plus_gheft,DHEFT/NHEFT/GHEFT,IRT-only,0.0,0,0,1,0.356,0.2753,0.6313,58.191200000000016,1.6291,39,9,268,120,41,79,44.34390943128604,1.2414,52,10,301,154,106,48,45.256659142857146,1.267,44,9,303,137,115,22,15.330309,0,ok,logs/seed_551141.log
504483,e04x,4,x,baseline_plus_gheft,DHEFT/NHEFT/GHEFT,IRT-only,0.0,0,0,1,0.3723,0.3879,0.7602,48.0978,1.6011,39,9,290,111,42,69,43.03216369636964,1.4324,60,14,319,162,116,46,42.08468977887789,1.4009,52,11,313,141,106,35,19.646883,0,ok,logs/seed_504483.log
50984,e04x,4,x,baseline_plus_gheft,DHEFT/NHEFT/GHEFT,IRT-only,0.0,0,0,1,0.3474,0.3155,0.6629,58.560399999999994,1.2239,50,11,302,139,48,91,51.45977138964578,1.0755,56,12,343,177,146,31,51.474571389645774,1.0758,54,13,331,170,139,31,19.484172,0,ok,logs/seed_50984.log
145299,e04x,4,x,baseline_plus_gheft,DHEFT/NHEFT/GHEFT,IRT-only,0.0,0,0,1,0.3849,0.3677,0.7526,57.501400000000004,1.506,46,13,279,134,43,91,51.03414732183146,1.3366,56,14,306,148,93,55,47.62766868686868,1.2474,41,10,301,117,83,34,17.638935,0,ok,logs/seed_145299.log
933274,e04x,4,x,baseline_plus_gheft,DHEFT/NHEFT/GHEFT,IRT-only,0.0,0,0,1,0.3526,0.294,0.6466,61.095700000000015,1.272,46,14,311,144,42,102,58.71778899909828,1.2225,54,14,314,176,122,54,59.18243548387097,1.2322,42,11,319,181,129,52,22.0786,0,ok,logs/seed_933274.log
321337,e04x,4,x,baseline_plus_gheft,DHEFT/NHEFT/GHEFT,IRT-only,0.0,0,0,1,0.4205,0.4073,0.8278,54.367300000000014,1.9458,55,10,290,132,46,86,48.77306860563381,1.7456,59,13,322,168,104,64,46.74109840555139,1.6729,46,10,291,149,101,48,16.992938,0,ok,logs/seed_321337.log
181404,e04x,4,x,baseline_plus_gheft,DHEFT/NHEFT/GHEFT,IRT-only,0.0,0,0,1,0.382,0.4017,0.7837,65.48540000000001,1.8063,49,11,292,142,42,100,53.761180300500826,1.4829,56,12,339,169,105,64,53.21205008347246,1.4678,51,11,333,165,103,62,19.651628,0,ok,logs/seed_181404.log
3899,e04x,4,x,baseline_plus_gheft,DHEFT/NHEFT/GHEFT,IRT-only,0.0,0,0,1,0.3602,0.3652,0.7254,64.03459999999998,1.2792,36,8,290,108,46,62,63.92399181905677,1.277,52,11,304,160,132,28,63.33989181905678,1.2654,62,12,307,188,131,57,19.030667,0,ok,logs/seed_3899.log
494958,e04x,4,x,baseline_plus_gheft,DHEFT/NHEFT/GHEFT,IRT-only,0.0,0,0,1,0.4192,0.4355,0.8547,58.90029999999999,1.4849,39,10,269,117,38,79,44.395059713218146,1.1192,55,12,296,162,103,59,45.7190879377432,1.1526,43,11,296,149,108,41,17.535085,0,ok,logs/seed_494958.log
970507,e04x,4,x,baseline_plus_gheft,DHEFT/NHEFT/GHEFT,IRT-only,0.0,0,0,1,0.3231,0.3385,0.6616,54.66410000000001,1.4546,43,10,310,143,44,99,44.39713628899836,1.1814,52,14,316,176,107,69,49.413609477756296,1.3149,54,14,325,203,136,67,20.751828,0,ok,logs/seed_970507.log
705866,e04x,4,x,baseline_plus_gheft,DHEFT/NHEFT/GHEFT,IRT-only,0.0,0,0,1,0.3655,0.3791,0.7446,59.07609999999998,1.3972,42,11,299,137,40,97,58.844573267326744,1.3917,58,13,321,178,120,58,51.17389640287769,1.2103,50,12,313,177,121,56,23.351923,0,ok,logs/seed_705866.log
296343,e04x,4,x,baseline_plus_gheft,DHEFT/NHEFT/GHEFT,IRT-only,0.0,0,0,1,0.4029,0.3393,0.7422,49.93769999999999,1.4981,53,11,296,124,37,87,49.087291243902435,1.4726,57,13,330,171,117,54,53.87298121546962,1.6162,47,11,314,174,125,49,18.138475,0,ok,logs/seed_296343.log
586398,e04x,4,x,baseline_plus_gheft,DHEFT/NHEFT/GHEFT,IRT-only,0.0,0,0,1,0.3502,0.2613,0.6115,56.75650000000001,1.4358,38,11,318,148,47,101,48.18143333333334,1.2189,56,13,332,189,122,67,46.503558524981344,1.1765,47,13,330,186,137,49,19.416428,0,ok,logs/seed_586398.log
378648,e04x,4,x,baseline_plus_gheft,DHEFT/NHEFT/GHEFT,IRT-only,0.0,0,0,1,0.3867,0.3986,0.7853,46.4475,1.4157,35,8,279,121,53,68,44.71207082494006,1.3628,50,11,318,178,134,44,44.3884834532374,1.353,41,11,304,146,112,34,18.288225,0,ok,logs/seed_378648.log
531966,e04x,4,x,baseline_plus_gheft,DHEFT/NHEFT/GHEFT,IRT-only,0.0,0,0,1,0.3878,0.3374,0.7252,43.0265,1.4319,41,9,294,123,51,72,37.05513742919629,1.2331,51,12,308,156,112,44,38.050109364548504,1.2662,48,12,309,155,119,36,15.625813,0,ok,logs/seed_531966.log
596361,e04x,4,x,baseline_plus_gheft,DHEFT/NHEFT/GHEFT,IRT-only,0.0,0,0,1,0.35,0.3212,0.6712,49.33619999999999,1.3334,42,10,309,112,41,71,45.33659335802469,1.2253,50,12,333,166,116,50,45.589935802469135,1.2322,48,12,334,164,115,49,19.85601,0,ok,logs/seed_596361.log
60220,e04x,4,x,baseline_plus_gheft,DHEFT/NHEFT/GHEFT,IRT-only,0.0,0,0,1,0.3791,0.3011,0.6802,54.093900000000005,1.5112,40,10,280,103,35,68,42.905675826872276,1.1986,55,12,317,138,84,54,52.63166331884057,1.4704,36,9,304,130,89,41,18.424385,0,ok,logs/seed_60220.log
189568,e04x,4,x,baseline_plus_gheft,DHEFT/NHEFT/GHEFT,IRT-only,0.0,0,0,1,0.362,0.4218,0.7838,60.7973,1.4364,46,10,300,130,47,83,49.9066804869308,1.1791,52,10,312,153,112,41,52.66649310344829,1.2443,53,10,325,165,119,46,23.44714,0,ok,logs/seed_189568.log
151000,e04x,4,x,baseline_plus_gheft,DHEFT/NHEFT/GHEFT,IRT-only,0.0,0,0,1,0.3457,0.3095,0.6552,57.76729999999999,1.2186,46,11,310,118,40,78,58.531371428571425,1.2347,50,10,307,153,104,49,68.63305128205126,1.4478,44,10,307,161,129,32,14.437125,0,ok,logs/seed_151000.log
72402,e04x,4,x,baseline_plus_gheft,DHEFT/NHEFT/GHEFT,IRT-only,0.0,0,0,1,0.3524,0.3934,0.7458,52.933600000000006,1.2669,49,10,305,120,53,67,46.568415768463076,1.1146,56,13,317,167,129,38,46.49927136086662,1.1129,51,12,319,158,129,29,16.634663,0,ok,logs/seed_72402.log
983055,e04x,4,x,baseline_plus_gheft,DHEFT/NHEFT/GHEFT,IRT-only,0.0,0,0,1,0.3812,0.3601,0.7413,47.474399999999996,1.2925,39,8,304,114,35,79,42.632990648567116,1.1607,46,10,327,143,94,49,45.675784695652176,1.2435,40,9,304,140,105,35,17.986328,0,ok,logs/seed_983055.log
538582,e04x,4,x,baseline_plus_gheft,DHEFT/NHEFT/GHEFT,IRT-only,0.0,0,0,1,0.3769,0.3357,0.7126,52.4434,1.3967,47,11,297,125,48,77,48.67759148099607,1.2964,60,14,333,174,131,43,51.42509428926133,1.3695,46,9,303,147,114,33,17.353703,0,ok,logs/seed_538582.log
934509,e04x,4,x,baseline_plus_gheft,DHEFT/NHEFT/GHEFT,IRT-only,0.0,0,0,1,0.3813,0.3782,0.7595,50.97780000000001,1.2626,50,10,328,132,46,86,50.20682051219512,1.2435,60,13,328,174,114,60,56.54616067726331,1.4005,51,11,307,159,114,45,23.55785,0,ok,logs/seed_934509.log
220410,e04x,4,x,baseline_plus_gheft,DHEFT/NHEFT/GHEFT,IRT-only,0.0,0,0,1,0.3882,0.2882,0.6764,45.220699999999994,1.389,41,10,315,116,53,63,42.87037522787712,1.3168,51,10,318,141,101,40,42.39831333674539,1.3023,48,12,319,149,110,39,16.492819,0,ok,logs/seed_220410.log
755547,e04x,4,x,baseline_plus_gheft,DHEFT/NHEFT/GHEFT,IRT-only,0.0,0,0,1,0.4371,0.4072,0.8443,57.85830000000001,1.3868,48,11,300,141,42,99,54.15348356164383,1.298,53,12,332,164,120,44,54.15348356164383,1.298,44,11,308,141,116,25,21.294277,0,ok,logs/seed_755547.log
682666,e04x,4,x,baseline_plus_gheft,DHEFT/NHEFT/GHEFT,IRT-only,0.0,0,0,1,0.3092,0.28,0.5892,60.5433,1.6857,33,9,283,115,43,72,48.379043115835586,1.347,54,14,337,161,100,61,47.621146166950595,1.3259,47,13,304,166,115,51,20.785457,0,ok,logs/seed_682666.log
707759,e04x,4,x,baseline_plus_gheft,DHEFT/NHEFT/GHEFT,IRT-only,0.0,0,0,1,0.349,0.3445,0.6935,56.0631,1.3393,42,9,294,116,59,57,51.12729810426541,1.2213,57,13,316,159,124,35,51.858857903494176,1.2388,51,11,316,152,114,38,18.721224,0,ok,logs/seed_707759.log
472298,e04x,4,x,baseline_plus_gheft,DHEFT/NHEFT/GHEFT,IRT-only,0.0,0,0,1,0.3348,0.3117,0.6465,51.750600000000006,1.4524,39,10,296,117,48,69,49.14200110497237,1.3792,49,12,327,172,125,47,46.83280400667779,1.3144,41,11,312,143,106,37,19.07796,0,ok,logs/seed_472298.log
842827,e04x,4,x,baseline_plus_gheft,DHEFT/NHEFT/GHEFT,IRT-only,0.0,0,0,1,0.3965,0.3503,0.7468,44.2581,1.171,42,10,315,127,42,85,49.98797518796993,1.3226,65,14,334,183,106,77,46.01494521313767,1.2175,42,10,312,157,113,44,20.263165,0,ok,logs/seed_842827.log
598514,e04x,4,x,baseline_plus_gheft,DHEFT/NHEFT/GHEFT,IRT-only,0.0,0,0,1,0.4311,0.3746,0.8057,50.0261,1.2275,39,8,292,117,47,70,47.825980904522616,1.1735,53,13,315,152,105,47,47.33208090452261,1.1614,51,14,315,159,114,45,20.04783,0,ok,logs/seed_598514.log
985883,e04x,4,x,baseline_plus_gheft,DHEFT/NHEFT/GHEFT,IRT-only,0.0,0,0,1,0.3414,0.2922,0.6336,46.5676,1.1652,43,9,316,102,40,62,48.29266549560853,1.2084,61,15,316,152,106,46,46.05962298546895,1.1525,48,11,313,149,105,44,20.8685,0,ok,logs/seed_985883.log
595328,e04x,4,x,baseline_plus_gheft,DHEFT/NHEFT/GHEFT,IRT-only,0.0,0,0,1,0.353,0.3504,0.7034,59.93750000000001,1.357,46,8,324,108,50,58,54.126571914132384,1.2254,54,9,350,156,114,42,54.55548557695615,1.2351,56,11,340,182,123,59,20.105001,0,ok,logs/seed_595328.log
238922,e04x,4,x,baseline_plus_gheft,DHEFT/NHEFT/GHEFT,IRT-only,0.0,0,0,1,0.3719,0.3279,0.6998,53.8778,1.4753,41,8,310,106,48,58,42.62280646950092,1.1671,62,13,330,149,98,51,53.05242785388127,1.4527,45,11,315,138,116,22,19.502728,0,ok,logs/seed_238922.log
469556,e04x,4,x,baseline_plus_gheft,DHEFT/NHEFT/GHEFT,IRT-only,0.0,0,0,1,0.3506,0.3318,0.6824,53.8976,1.2951,37,8,303,108,54,54,53.051807029772434,1.2747,57,11,317,166,120,46,57.06907363203739,1.3713,47,11,308,151,110,41,18.497938,0,ok,logs/seed_469556.log
108225,e04x,4,x,baseline_plus_gheft,DHEFT/NHEFT/GHEFT,IRT-only,0.0,0,0,1,0.3605,0.347,0.7075,50.267399999999995,1.0945,44,10,307,125,57,68,47.87056234340456,1.0423,52,13,311,151,117,34,49.94766234340458,1.0876,46,11,308,151,121,30,14.784595,0,ok,logs/seed_108225.log
899644,e04x,4,x,baseline_plus_gheft,DHEFT/NHEFT/GHEFT,IRT-only,0.0,0,0,1,0.3555,0.3753,0.7308,58.38439999999999,1.3767,36,9,300,141,35,106,58.532525887556226,1.3802,58,13,347,207,116,91,59.58108920539731,1.4049,56,13,339,181,101,80,18.25634,0,ok,logs/seed_899644.log
885107,e04x,4,x,baseline_plus_gheft,DHEFT/NHEFT/GHEFT,IRT-only,0.0,0,0,1,0.4016,0.4376,0.8392,52.964199999999984,1.1696,47,9,307,124,46,78,54.56636579561149,1.205,48,10,327,138,106,32,51.91853840155945,1.1465,46,10,309,139,108,31,24.792419,0,ok,logs/seed_885107.log
624803,e04x,4,x,baseline_plus_gheft,DHEFT/NHEFT/GHEFT,IRT-only,0.0,0,0,1,0.3611,0.3024,0.6635,58.57750000000001,1.3166,38,10,318,129,40,89,53.474145878136206,1.2019,59,13,325,173,112,61,58.29801997019374,1.3104,53,11,326,166,120,46,19.580285,0,ok,logs/seed_624803.log
412384,e04x,4,x,baseline_plus_gheft,DHEFT/NHEFT/GHEFT,IRT-only,0.0,0,0,1,0.3487,0.3543,0.703,54.11439999999999,1.5594,50,11,293,134,39,95,46.028902778743415,1.3264,59,12,340,166,102,64,55.6873153256705,1.6047,52,13,316,175,116,59,19.088663,0,ok,logs/seed_412384.log
534437,e04x,4,x,baseline_plus_gheft,DHEFT/NHEFT/GHEFT,IRT-only,0.0,0,0,1,0.3801,0.4168,0.7969,63.20830000000001,1.5127,46,10,293,120,52,68,49.31519832664995,1.1802,53,10,328,165,122,43,54.09851798113206,1.2947,47,9,319,155,127,28,19.542739,0,ok,logs/seed_534437.log
28388,e04x,4,x,baseline_plus_gheft,DHEFT/NHEFT/GHEFT,IRT-only,0.0,0,0,1,0.3768,0.372,0.7488,47.76749999999999,1.3414,46,11,309,137,46,91,47.844837563451776,1.3435,43,10,311,149,120,29,49.93849281437126,1.4023,41,8,302,156,124,32,18.040914,0,ok,logs/seed_28388.log
480416,e04x,4,x,baseline_plus_gheft,DHEFT/NHEFT/GHEFT,IRT-only,0.0,0,0,1,0.3671,0.3573,0.7244,59.4954,1.3921,38,9,308,129,42,87,58.00265530410183,1.3571,54,10,309,166,115,51,58.00265530410183,1.3571,42,10,300,155,105,50,16.474417,0,ok,logs/seed_480416.log
6523,e04x,4,x,baseline_plus_gheft,DHEFT/NHEFT/GHEFT,IRT-only,0.0,0,0,1,0.3638,0.426,0.7898,60.083700000000015,1.3265,50,13,299,131,39,92,52.46571711627907,1.1584,56,14,320,177,110,67,78.95647895275589,1.7432,48,12,311,179,113,66,18.312065,0,ok,logs/seed_6523.log
875492,e04x,4,x,baseline_plus_gheft,DHEFT/NHEFT/GHEFT,IRT-only,0.0,0,0,1,0.3585,0.3393,0.6978,56.33670000000001,1.5601,49,9,292,122,44,78,59.296383644628094,1.6421,53,10,325,153,114,39,52.43601504958677,1.4521,47,10,321,145,105,40,16.960643,0,ok,logs/seed_875492.log
445144,e04x,4,x,baseline_plus_gheft,DHEFT/NHEFT/GHEFT,IRT-only,0.0,0,0,1,0.3938,0.3441,0.7379,48.194,1.2822,49,11,303,129,40,89,53.366716085158146,1.4198,56,12,331,165,98,67,46.18645001185771,1.2288,45,10,312,155,104,51,18.961531,0,ok,logs/seed_445144.log
178145,e04x,4,x,baseline_plus_gheft,DHEFT/NHEFT/GHEFT,IRT-only,0.0,0,0,1,0.3365,0.419,0.7555,60.9382,1.4534,51,12,299,141,45,96,56.49250570370369,1.3473,60,13,347,198,126,72,53.283677777777775,1.2708,45,11,327,169,127,42,17.737044,0,ok,logs/seed_178145.log
496478,e04x,4,x,baseline_plus_gheft,DHEFT/NHEFT/GHEFT,IRT-only,0.0,0,0,1,0.3607,0.3437,0.7044,57.6424,1.3167,50,11,308,153,43,110,51.93801392405064,1.1864,51,12,329,180,122,58,51.93801392405064,1.1864,51,12,325,180,118,62,17.748135,0,ok,logs/seed_496478.log
239617,e04x,4,x,baseline_plus_gheft,DHEFT/NHEFT/GHEFT,IRT-only,0.0,0,0,1,0.3623,0.329,0.6913,54.61310000000001,1.575,45,12,304,139,50,89,46.57563151348985,1.3432,47,11,326,167,122,45,44.77229928057553,1.2912,49,12,326,159,117,42,19.890992,0,ok,logs/seed_239617.log
473997,e04x,4,x,baseline_plus_gheft,DHEFT/NHEFT/GHEFT,IRT-only,0.0,0,0,1,0.3462,0.328,0.6742,57.01230000000002,1.4385,48,11,304,139,41,98,47.213473816156,1.1913,67,14,331,177,121,56,45.67473164066853,1.1524,55,11,319,172,126,46,20.952497,0,ok,logs/seed_473997.log
229225,e04x,4,x,baseline_plus_gheft,DHEFT/NHEFT/GHEFT,IRT-only,0.0,0,0,1,0.4064,0.453,0.8594,54.20830000000001,1.1526,39,10,298,117,42,75,52.427643942992866,1.1148,55,13,318,167,111,56,57.43084394299288,1.2212,48,11,314,156,117,39,16.201093,0,ok,logs/seed_229225.log
254791,e04x,4,x,baseline_plus_gheft,DHEFT/NHEFT/GHEFT,IRT-only,0.0,0,0,1,0.3562,0.3858,0.742,60.47419999999999,1.7178,46,10,305,123,48,75,54.40460099999999,1.5454,52,13,323,155,108,47,53.30031313050441,1.514,47,11,322,170,120,50,20.117865,0,ok,logs/seed_254791.log
966201,e04x,4,x,baseline_plus_gheft,DHEFT/NHEFT/GHEFT,IRT-only,0.0,0,0,1,0.4236,0.4952,0.9188,54.3399,1.677,43,10,288,127,50,77,47.13423896620278,1.4546,49,11,324,162,107,55,47.71045589941973,1.4724,37,10,299,138,102,36,16.555353,0,ok,logs/seed_966201.log
533361,e04x,4,x,baseline_plus_gheft,DHEFT/NHEFT/GHEFT,IRT-only,0.0,0,0,1,0.344,0.3426,0.6866,55.74300000000001,1.3595,58,13,350,159,46,113,49.41058164094232,1.2051,70,15,352,194,128,66,49.41058164094232,1.2051,53,12,332,173,120,53,20.150852,0,ok,logs/seed_533361.log
872306,e04x,4,x,baseline_plus_gheft,DHEFT/NHEFT/GHEFT,IRT-only,0.0,0,0,1,0.365,0.2793,0.6443,63.897,2.1518,49,11,292,158,51,107,47.74578849929875,1.6079,66,14,343,180,114,66,48.19931145475373,1.6232,48,11,322,163,108,55,15.774776,0,ok,logs/seed_872306.log
444933,e04x,4,x,baseline_plus_gheft,DHEFT/NHEFT/GHEFT,IRT-only,0.0,0,0,1,0.3843,0.44,0.8243,56.9935,1.1741,42,10,317,127,52,75,49.74484976816075,1.0247,44,10,325,166,113,53,49.987708808290165,1.0297,41,10,327,153,108,45,16.596388,0,ok,logs/seed_444933.log
456356,e04x,4,x,baseline_plus_gheft,DHEFT/NHEFT/GHEFT,IRT-only,0.0,0,0,1,0.3473,0.3827,0.73,50.20219999999999,1.2072,43,10,299,117,40,77,49.51884053885567,1.1908,67,15,331,192,130,62,54.96437842190017,1.3217,51,11,331,182,125,57,19.556009,0,ok,logs/seed_456356.log
853702,e04x,4,x,baseline_plus_gheft,DHEFT/NHEFT/GHEFT,IRT-only,0.0,0,0,1,0.3876,0.3735,0.7611,53.720900000000015,1.4749,45,13,318,151,41,110,56.50919356747408,1.5514,56,14,343,164,112,52,51.19575167464115,1.4055,44,12,338,157,118,39,18.372994,0,ok,logs/seed_853702.log
176967,e04x,4,x,baseline_plus_gheft,DHEFT/NHEFT/GHEFT,IRT-only,0.0,0,0,1,0.3281,0.3316,0.6597,60.500899999999994,1.6028,48,12,304,137,49,88,48.00902162162162,1.2719,59,13,350,176,108,68,48.00902162162162,1.2719,53,11,334,162,114,48,17.963951,0,ok,logs/seed_176967.log
33347,e04x,4,x,baseline_plus_gheft,DHEFT/NHEFT/GHEFT,IRT-only,0.0,0,0,1,0.3437,0.3285,0.6722,57.36120000000001,1.5762,33,7,279,118,50,68,51.47388958447488,1.4144,51,11,302,167,113,54,53.4906202435312,1.4698,43,10,294,157,121,36,13.927056,0,ok,logs/seed_33347.log
411283,e04x,4,x,baseline_plus_gheft,DHEFT/NHEFT/GHEFT,IRT-only,0.0,0,0,1,0.388,0.4046,0.7926,50.363800000000005,1.6393,43,9,314,116,57,59,43.008781021897825,1.3999,52,12,330,151,106,45,44.70128102189782,1.455,51,11,321,161,124,37,14.992388,0,ok,logs/seed_411283.log
81911,e04x,4,x,baseline_plus_gheft,DHEFT/NHEFT/GHEFT,IRT-only,0.0,0,0,1,0.3998,0.3785,0.7783,57.339600000000004,1.5729,47,10,312,149,49,100,50.50310186839503,1.3854,57,13,346,189,120,69,57.326048575342455,1.5725,53,12,342,166,117,49,13.52174,0,ok,logs/seed_81911.log
956925,e04x,4,x,baseline_plus_gheft,DHEFT/NHEFT/GHEFT,IRT-only,0.0,0,0,1,0.339,0.2716,0.6106,59.258300000000006,1.3366,42,10,295,126,46,80,49.026947123623,1.1059,60,12,318,159,118,41,62.545804743083,1.4108,49,11,316,171,141,30,16.331172,0,ok,logs/seed_956925.log
362804,e04x,4,x,baseline_plus_gheft,DHEFT/NHEFT/GHEFT,IRT-only,0.0,0,0,1,0.34,0.3577,0.6977,53.7447,1.7182,47,12,288,149,39,110,46.0691915666452,1.4729,49,12,315,174,120,54,54.1186875,1.7302,37,10,287,155,120,35,13.284835,0,ok,logs/seed_362804.log
728140,e04x,4,x,baseline_plus_gheft,DHEFT/NHEFT/GHEFT,IRT-only,0.0,0,0,1,0.3783,0.4212,0.7995,47.51570000000001,1.2655,37,10,317,118,48,70,42.56529872090611,1.1336,48,12,342,171,122,49,44.982197899408284,1.198,44,10,330,163,118,45,16.764536,0,ok,logs/seed_728140.log
554565,e04x,4,x,baseline_plus_gheft,DHEFT/NHEFT/GHEFT,IRT-only,0.0,0,0,1,0.4102,0.3676,0.7778,52.80280000000002,1.2965,45,9,315,130,53,77,44.966210090909094,1.1041,56,12,332,154,117,37,46.1901916576839,1.1341,53,10,322,171,132,39,16.731807,0,ok,logs/seed_554565.log
392733,e04x,4,x,baseline_plus_gheft,DHEFT/NHEFT/GHEFT,IRT-only,0.0,0,0,1,0.3749,0.3741,0.749,54.137499999999996,1.5096,43,9,280,121,43,78,39.044916686274505,1.0887,56,12,353,152,100,52,45.790766189111736,1.2768,44,11,330,125,90,35,15.715719,0,ok,logs/seed_392733.log
769066,e04x,4,x,baseline_plus_gheft,DHEFT/NHEFT/GHEFT,IRT-only,0.0,0,0,1,0.3817,0.3583,0.74,52.1373,1.3749,46,12,300,138,57,81,46.87929907016061,1.2362,59,13,329,176,136,40,47.79330346045694,1.2603,48,12,318,151,123,28,17.931064,0,ok,logs/seed_769066.log
925520,e04x,4,x,baseline_plus_gheft,DHEFT/NHEFT/GHEFT,IRT-only,0.0,0,0,1,0.3335,0.3588,0.6923,57.3992,1.4221,41,11,319,132,50,82,54.21150222324159,1.3432,54,13,331,188,136,52,49.30715818654435,1.2216,45,11,331,185,140,45,16.201079,0,ok,logs/seed_925520.log
4410,e04x,4,x,baseline_plus_gheft,DHEFT/NHEFT/GHEFT,IRT-only,0.0,0,0,1,0.3775,0.372,0.7495,51.60510000000001,1.4166,48,9,323,129,41,88,47.674471735131824,1.3087,57,12,321,166,108,58,51.51235425867508,1.4141,39,12,301,152,117,35,14.509113,0,ok,logs/seed_4410.log
729459,e04x,4,x,baseline_plus_gheft,DHEFT/NHEFT/GHEFT,IRT-only,0.0,0,0,1,0.3618,0.2777,0.6395,47.4161,1.1442,42,11,315,125,47,78,46.729484007029875,1.1276,50,13,321,160,121,39,46.729484007029875,1.1276,42,11,316,159,121,38,13.723497,0,ok,logs/seed_729459.log
179329,e04x,4,x,baseline_plus_gheft,DHEFT/NHEFT/GHEFT,IRT-only,0.0,0,0,1,0.369,0.2885,0.6575,50.37240000000001,1.6075,38,11,280,120,41,79,44.43984931506851,1.4182,54,13,309,157,102,55,59.68397124463518,1.9047,51,12,312,172,131,41,16.829752,0,ok,logs/seed_179329.log
282114,e04x,4,x,baseline_plus_gheft,DHEFT/NHEFT/GHEFT,IRT-only,0.0,0,0,1,0.3751,0.2811,0.6562,45.8511,1.2747,40,10,286,111,44,67,42.73209980478088,1.1879,50,12,328,170,120,50,49.72374909264566,1.3823,44,11,306,160,124,36,12.726908,0,ok,logs/seed_282114.log
583172,e04x,4,x,baseline_plus_gheft,DHEFT/NHEFT/GHEFT,IRT-only,0.0,0,0,1,0.3856,0.3282,0.7138,51.39359999999999,1.348,51,13,313,155,44,111,47.14469197080292,1.2365,60,13,339,163,106,57,48.800644295302014,1.28,53,10,325,167,130,37,17.230633,0,ok,logs/seed_583172.log
534010,e04x,4,x,baseline_plus_gheft,DHEFT/NHEFT/GHEFT,IRT-only,0.0,0,0,1,0.3496,0.3809,0.7305,55.370799999999996,1.4764,49,12,329,155,45,110,49.40766766666666,1.3174,59,14,344,195,138,57,51.080427465857355,1.362,52,11,339,181,143,38,11.884166,0,ok,logs/seed_534010.log
824110,e04x,4,x,baseline_plus_gheft,DHEFT/NHEFT/GHEFT,IRT-only,0.0,0,0,1,0.3058,0.285,0.5908,53.98509999999998,1.4,43,9,302,125,45,80,47.1725766097561,1.2233,51,12,336,163,113,50,52.063675,1.3502,54,12,326,161,108,53,12.771012,0,ok,logs/seed_824110.log
897704,e04x,4,x,baseline_plus_gheft,DHEFT/NHEFT/GHEFT,IRT-only,0.0,0,0,1,0.3436,0.3553,0.6989,65.3926,1.5212,40,10,305,122,39,83,50.04575786163522,1.1642,60,13,335,171,103,68,52.59125238095237,1.2234,50,13,328,155,99,56,15.584682,0,ok,logs/seed_897704.log
226589,e04x,4,x,baseline_plus_gheft,DHEFT/NHEFT/GHEFT,IRT-only,0.0,0,0,1,0.3653,0.3449,0.7102,49.018000000000015,1.2244,39,9,303,110,55,55,44.17234386724387,1.1034,51,13,317,164,122,42,45.699943867243874,1.1416,46,13,312,169,135,34,14.10375,0,ok,logs/seed_226589.log
481886,e04x,4,x,baseline_plus_gheft,DHEFT/NHEFT/GHEFT,IRT-only,0.0,0,0,1,0.3491,0.3513,0.7004,56.138400000000004,1.743,46,10,269,104,42,62,58.4757380952381,1.8156,52,11,301,142,101,41,71.22749220779221,2.2115,58,11,299,150,95,55,11.500538,0,ok,logs/seed_481886.log
982251,e04x,4,x,baseline_plus_gheft,DHEFT/NHEFT/GHEFT,IRT-only,0.0,0,0,1,0.3153,0.3331,0.6484,50.3098,1.2281,40,10,294,100,39,61,46.027762996885315,1.1236,55,12,317,143,93,50,53.61901400282885,1.3089,41,10,301,129,96,33,11.185806,0,ok,logs/seed_982251.log
543181,e04x,4,x,baseline_plus_gheft,DHEFT/NHEFT/GHEFT,IRT-only,0.0,0,0,1,0.34,0.3146,0.6546,55.868299999999984,1.6452,49,11,290,121,52,69,48.95672969080781,1.4417,51,12,317,147,99,48,59.91932190201728,1.7645,41,9,318,153,119,34,14.355322,0,ok,logs/seed_543181.log
397234,e04x,4,x,baseline_plus_gheft,DHEFT/NHEFT/GHEFT,IRT-only,0.0,0,0,1,0.3522,0.3249,0.6771,53.1039,1.4025,45,10,326,128,42,86,44.938840959409596,1.1869,60,14,353,175,102,73,58.98807382550336,1.5579,54,13,347,174,117,57,16.255058,0,ok,logs/seed_397234.log
973889,e04x,4,x,baseline_plus_gheft,DHEFT/NHEFT/GHEFT,IRT-only,0.0,0,0,1,0.3275,0.2947,0.6222,67.2944,1.4551,38,10,294,110,36,74,53.48359999999999,1.1564,66,15,335,172,103,69,66.58118230563001,1.4396,58,12,326,152,110,42,13.600795,0,ok,logs/seed_973889.log
110682,e04x,4,x,baseline_plus_gheft,DHEFT/NHEFT/GHEFT,IRT-only,0.0,0,0,1,0.3427,0.3341,0.6768,79.19999999999999,1.3096,37,8,286,121,40,81,66.62035045703838,1.1016,58,13,311,169,126,43,82.95052321755026,1.3717,42,9,288,150,123,27,10.985461,0,ok,logs/seed_110682.log
663813,e04x,4,x,baseline_plus_gheft,DHEFT/NHEFT/GHEFT,IRT-only,0.0,0,0,1,0.3274,0.3175,0.6449,60.989299999999986,1.5777,38,10,283,113,39,74,56.623847533141216,1.4648,60,12,321,149,97,52,65.41615338645418,1.6922,45,10,310,136,108,28,12.406588,0,ok,logs/seed_663813.log
895348,e04x,4,x,baseline_plus_gheft,DHEFT/NHEFT/GHEFT,IRT-only,0.0,0,0,1,0.3328,0.3243,0.6571,55.25689999999999,1.5701,39,10,271,117,47,70,52.46661175704095,1.4908,60,13,331,167,97,70,58.69150588235294,1.6677,47,11,305,150,109,41,12.422156,0,ok,logs/seed_895348.log
840905,e04x,4,x,baseline_plus_gheft,DHEFT/NHEFT/GHEFT,IRT-only,0.0,0,0,1,0.3993,0.3762,0.7755,49.71190000000001,1.1752,44,10,289,136,54,82,46.476279521674144,1.0987,50,13,320,177,127,50,61.088106805444355,1.4441,45,11,308,171,134,37,12.421367,0,ok,logs/seed_840905.log
366120,e04x,4,x,baseline_plus_gheft,DHEFT/NHEFT/GHEFT,IRT-only,0.0,0,0,1,0.3749,0.3725,0.7474,58.02349999999999,1.3282,43,10,302,125,42,83,52.06878779884583,1.1918,57,14,324,178,113,65,67.1455103896104,1.537,42,11,311,173,129,44,12.526335,0,ok,logs/seed_366120.log
873087,e04x,4,x,baseline_plus_gheft,DHEFT/NHEFT/GHEFT,IRT-only,0.0,0,0,1,0.3629,0.2663,0.6292,43.57169999999999,1.1064,38,10,289,134,50,84,43.493667629023165,1.1044,51,13,308,186,138,48,43.078171838469714,1.0939,46,11,303,161,124,37,13.022886,0,ok,logs/seed_873087.log
333017,e04x,4,x,baseline_plus_gheft,DHEFT/NHEFT/GHEFT,IRT-only,0.0,0,0,1,0.361,0.3588,0.7198,53.28639999999999,1.3965,35,8,254,89,36,53,52.50398571428571,1.376,54,12,312,151,110,41,60.120303599700556,1.5756,47,9,292,158,113,45,11.933883,0,ok,logs/seed_333017.log
479679,e04x,4,x,baseline_plus_gheft,DHEFT/NHEFT/GHEFT,IRT-only,0.0,0,0,1,0.3868,0.311,0.6978,55.03729999999998,1.7342,41,11,281,135,40,95,43.88456570588236,1.3828,62,14,340,176,105,71,44.44368169498069,1.4004,48,12,320,175,117,58,12.248034,0,ok,logs/seed_479679.log
547920,e04x,4,x,baseline_plus_gheft,DHEFT/NHEFT/GHEFT,IRT-only,0.0,0,0,1,0.3743,0.3147,0.689,52.78380000000001,1.3898,38,6,288,100,35,65,49.066900000000004,1.2919,56,11,325,136,90,46,49.61427638190956,1.3064,49,10,314,134,87,47,11.05857,0,ok,logs/seed_547920.log
397055,e04x,4,x,baseline_plus_gheft,DHEFT/NHEFT/GHEFT,IRT-only,0.0,0,0,1,0.4042,0.4124,0.8166,60.099999999999994,1.5999,43,10,296,139,37,102,61.58097215189873,1.6393,59,13,354,200,120,80,66.60777659208263,1.7731,54,12,341,186,123,63,12.561327,0,ok,logs/seed_397055.log
255407,e04x,4,x,baseline_plus_gheft,DHEFT/NHEFT/GHEFT,IRT-only,0.0,0,0,1,0.377,0.3519,0.7289,54.77290000000001,1.3529,48,12,318,145,50,95,50.71126174025975,1.2526,60,14,332,189,121,68,51.628295728304956,1.2752,55,14,311,177,118,59,12.921543,0,ok,logs/seed_255407.log
529276,e04x,4,x,baseline_plus_gheft,DHEFT/NHEFT/GHEFT,IRT-only,0.0,0,0,1,0.3634,0.3887,0.7521,61.743400000000015,1.7392,44,9,275,122,42,80,50.73356518218624,1.4291,54,11,338,169,108,61,50.8937488684531,1.4336,46,10,331,150,104,46,12.774758,0,ok,logs/seed_529276.log
772641,e04x,4,x,baseline_plus_gheft,DHEFT/NHEFT/GHEFT,IRT-only,0.0,0,0,1,0.3717,0.3289,0.7006,53.7849,1.409,45,9,337,137,39,98,52.12014115523466,1.3654,67,14,336,179,113,66,51.94824115523466,1.3609,54,12,329,188,126,62,13.366025,0,ok,logs/seed_772641.log
452290,e04x,4,x,baseline_plus_gheft,DHEFT/NHEFT/GHEFT,IRT-only,0.0,0,0,1,0.3455,0.2791,0.6246,52.7857,1.4828,37,7,280,115,46,69,49.592654041177425,1.3931,52,12,329,162,103,59,49.182,1.3815,47,10,317,135,88,47,10.424756,0,ok,logs/seed_452290.log
70730,e04x,4,x,baseline_plus_gheft,DHEFT/NHEFT/GHEFT,IRT-only,0.0,0,0,1,0.3836,0.3825,0.7661,51.40540000000001,1.5535,42,11,291,125,41,84,43.09394836842105,1.3023,58,11,344,186,130,56,42.565376684210534,1.2864,46,11,319,162,121,41,12.042537,0,ok,logs/seed_70730.log
29523,e04x,4,x,baseline_plus_gheft,DHEFT/NHEFT/GHEFT,IRT-only,0.0,0,0,1,0.3816,0.3784,0.76,54.5515,1.6659,43,10,299,151,48,103,45.881890899768706,1.4011,52,13,314,181,127,54,45.40668461538462,1.3866,47,12,306,166,122,44,9.517456,0,ok,logs/seed_29523.log
580005,e04x,4,x,baseline_plus_gheft,DHEFT/NHEFT/GHEFT,IRT-only,0.0,0,0,1,0.368,0.2757,0.6437,56.9593,1.3861,44,9,316,123,42,81,58.18179211908932,1.4159,59,12,348,157,118,39,58.64651322751323,1.4272,51,12,340,153,105,48,14.163715,0,ok,logs/seed_580005.log
273040,e04x,4,x,baseline_plus_gheft,DHEFT/NHEFT/GHEFT,IRT-only,0.0,0,0,1,0.3882,0.3176,0.7058,47.303799999999995,1.1103,39,9,302,119,48,71,46.58911603905161,1.0935,52,12,323,146,111,35,47.6090682464455,1.1174,41,9,315,156,120,36,9.543572,0,ok,logs/seed_273040.log
333143,e04x,4,x,baseline_plus_gheft,DHEFT/NHEFT/GHEFT,IRT-only,0.0,0,0,1,0.3699,0.3778,0.7477,57.88079999999999,1.1377,35,8,275,106,51,55,64.35012012405237,1.2648,49,11,310,155,122,33,64.35012012405237,1.2648,44,10,301,153,123,30,10.541372,0,ok,logs/seed_333143.log
6027,e04x,4,x,baseline_plus_gheft,DHEFT/NHEFT/GHEFT,IRT-only,0.0,0,0,1,0.3214,0.2568,0.5782,56.29380000000001,1.2834,41,9,321,134,45,89,52.40123019271948,1.1947,65,13,365,190,123,67,48.68334487413752,1.1099,54,12,352,196,130,66,11.564832,0,ok,logs/seed_6027.log
802904,e04x,4,x,baseline_plus_gheft,DHEFT/NHEFT/GHEFT,IRT-only,0.0,0,0,1,0.3515,0.2916,0.6431,52.4091,1.2642,48,10,318,144,49,95,49.21894928909954,1.1872,58,13,330,185,126,59,51.79504928909954,1.2494,57,13,332,172,129,43,15.758395,0,ok,logs/seed_802904.log
495402,e04x,4,x,baseline_plus_gheft,DHEFT/NHEFT/GHEFT,IRT-only,0.0,0,0,1,0.3481,0.3421,0.6902,55.2054,1.2335,46,11,317,144,42,102,52.58821993911721,1.175,63,15,333,180,113,67,52.1723618173516,1.1657,48,13,319,190,128,62,9.377093,0,ok,logs/seed_495402.log
385502,e04x,4,x,baseline_plus_gheft,DHEFT/NHEFT/GHEFT,IRT-only,0.0,0,0,1,0.4503,0.4289,0.8792,50.7887,1.3398,44,11,327,118,42,76,41.85024304635762,1.104,57,10,345,162,109,53,46.53123492063492,1.2275,51,10,327,165,112,53,11.25992,0,ok,logs/seed_385502.log
847050,e04x,4,x,baseline_plus_gheft,DHEFT/NHEFT/GHEFT,IRT-only,0.0,0,0,1,0.3386,0.354,0.6926,54.764199999999995,1.4173,41,9,288,118,43,75,48.90716542307691,1.2657,48,10,314,152,120,32,50.91281254063604,1.3176,41,10,302,140,103,37,8.219321,0,ok,logs/seed_847050.log
386832,e04x,4,x,baseline_plus_gheft,DHEFT/NHEFT/GHEFT,IRT-only,0.0,0,0,1,0.3508,0.413,0.7638,51.346500000000006,1.4476,38,10,302,121,52,69,45.77686004618939,1.2906,55,12,317,177,123,54,45.28626004618938,1.2767,50,12,308,169,129,40,10.278462,0,ok,logs/seed_386832.log
325099,e04x,4,x,baseline_plus_gheft,DHEFT/NHEFT/GHEFT,IRT-only,0.0,0,0,1,0.3901,0.3587,0.7488,55.7362,1.2011,46,9,314,140,48,92,55.599142740740746,1.1982,50,10,319,170,129,41,49.875317133956386,1.0748,46,9,310,164,125,39,9.129004,0,ok,logs/seed_325099.log
23707,e04x,4,x,baseline_plus_gheft,DHEFT/NHEFT/GHEFT,IRT-only,0.0,0,0,1,0.3293,0.4066,0.7359,64.6426,1.731,44,10,295,117,38,79,60.64716561829027,1.624,64,13,356,181,109,72,63.14819130893099,1.691,45,10,326,155,109,46,10.131532,0,ok,logs/seed_23707.log
