seed,variant,variant_display_label,is_baseline_nheft,configured_tolerance,configured_comp_advantage,configured_drt_advantage,configured_irt_advantage,ccr_data,idr_image,nccr_total,heft_makespan,heft_slr,heft_vcpus,heft_hosts,heft_instances,heft_image_dl_total,heft_image_from_repo,heft_image_from_host,dheft_makespan,dheft_slr,dheft_vcpus,dheft_hosts,dheft_instances,dheft_image_dl_total,dheft_image_from_repo,dheft_image_from_host,nheft_makespan,nheft_slr,nheft_vcpus,nheft_hosts,nheft_instances,nheft_image_dl_total,nheft_image_from_repo,nheft_image_from_host,time_sec,return_code,status,log_file
741896,irt_only,GHEFT,0,0.0,0,0,1,0.1744,0.1906,0.365,,,,,,,,,,,,,,,,,41.43716341463415,1.2722,46,11,310,152,108,44,27.231844,0,ok,logs/seed_741896.log
430515,irt_only,GHEFT,0,0.0,0,0,1,0.1672,0.2045,0.3717,,,,,,,,,,,,,,,,,43.41863067180174,1.0735,47,10,326,157,123,34,26.468917,0,ok,logs/seed_430515.log
888075,irt_only,GHEFT,0,0.0,0,0,1,0.1668,0.1752,0.342,,,,,,,,,,,,,,,,,46.03047837483617,1.1827,54,14,347,179,138,41,25.558486,0,ok,logs/seed_888075.log
914983,irt_only,GHEFT,0,0.0,0,0,1,0.1893,0.2322,0.4215,,,,,,,,,,,,,,,,,40.75890925925927,1.1412,49,12,308,152,115,37,22.418935,0,ok,logs/seed_914983.log
997971,irt_only,GHEFT,0,0.0,0,0,1,0.1684,0.1691,0.3375,,,,,,,,,,,,,,,,,36.05128925294889,1.2147,56,13,336,159,111,48,32.519393,0,ok,logs/seed_997971.log
747642,irt_only,GHEFT,0,0.0,0,0,1,0.1484,0.1543,0.3027,,,,,,,,,,,,,,,,,50.5107851439183,1.142,49,13,327,173,123,50,26.507347,0,ok,logs/seed_747642.log
664527,irt_only,GHEFT,0,0.0,0,0,1,0.1652,0.2325,0.3977,,,,,,,,,,,,,,,,,53.65591877784851,1.3036,47,10,343,141,109,32,34.519953,0,ok,logs/seed_664527.log
760044,irt_only,GHEFT,0,0.0,0,0,1,0.145,0.1663,0.3113,,,,,,,,,,,,,,,,,55.2288486251809,1.0474,46,11,324,160,111,49,26.376701,0,ok,logs/seed_760044.log
215549,irt_only,GHEFT,0,0.0,0,0,1,0.1637,0.2074,0.3711,,,,,,,,,,,,,,,,,44.71070755589821,1.2653,47,12,326,136,103,33,28.110083,0,ok,logs/seed_215549.log
370191,irt_only,GHEFT,0,0.0,0,0,1,0.1559,0.2022,0.3581,,,,,,,,,,,,,,,,,38.86545860368663,1.0975,44,10,318,132,99,33,33.104454,0,ok,logs/seed_370191.log
296947,irt_only,GHEFT,0,0.0,0,0,1,0.1452,0.2077,0.3529,,,,,,,,,,,,,,,,,50.65832797202796,1.1071,49,13,334,160,100,60,37.786979,0,ok,logs/seed_296947.log
963598,irt_only,GHEFT,0,0.0,0,0,1,0.172,0.2095,0.3815,,,,,,,,,,,,,,,,,46.8511840474621,1.2123,55,12,332,169,114,55,31.535825,0,ok,logs/seed_963598.log
388451,irt_only,GHEFT,0,0.0,0,0,1,0.1611,0.1882,0.3493,,,,,,,,,,,,,,,,,51.074264872521255,1.3564,50,10,340,149,109,40,27.752712,0,ok,logs/seed_388451.log
602873,irt_only,GHEFT,0,0.0,0,0,1,0.1519,0.1813,0.3332,,,,,,,,,,,,,,,,,55.82020880420499,1.1288,47,11,321,152,107,45,32.786697,0,ok,logs/seed_602873.log
122745,irt_only,GHEFT,0,0.0,0,0,1,0.1638,0.1714,0.3352,,,,,,,,,,,,,,,,,43.16799136544849,1.2443,57,11,339,150,111,39,34.397099,0,ok,logs/seed_122745.log
484762,irt_only,GHEFT,0,0.0,0,0,1,0.1661,0.2182,0.3843,,,,,,,,,,,,,,,,,40.4266540014959,1.1491,55,12,332,171,123,48,31.852922,0,ok,logs/seed_484762.log
514215,irt_only,GHEFT,0,0.0,0,0,1,0.1765,0.1778,0.3543,,,,,,,,,,,,,,,,,46.1046787878788,1.1687,48,11,324,154,109,45,29.510539,0,ok,logs/seed_514215.log
601161,irt_only,GHEFT,0,0.0,0,0,1,0.1436,0.176,0.3196,,,,,,,,,,,,,,,,,51.20773707440102,1.1415,57,13,339,187,138,49,30.281044,0,ok,logs/seed_601161.log
78435,irt_only,GHEFT,0,0.0,0,0,1,0.1502,0.1656,0.3158,,,,,,,,,,,,,,,,,52.38494547803618,1.1952,51,13,322,185,135,50,27.862195,0,ok,logs/seed_78435.log
480957,irt_only,GHEFT,0,0.0,0,0,1,0.1678,0.1747,0.3425,,,,,,,,,,,,,,,,,39.73810223713647,1.1308,47,11,320,176,135,41,31.382965,0,ok,logs/seed_480957.log
113260,irt_only,GHEFT,0,0.0,0,0,1,0.1829,0.2235,0.4064,,,,,,,,,,,,,,,,,65.6678006775833,1.4355,49,12,319,179,123,56,37.63985,0,ok,logs/seed_113260.log
846854,irt_only,GHEFT,0,0.0,0,0,1,0.1572,0.1849,0.3421,,,,,,,,,,,,,,,,,40.700475752773386,1.1785,48,12,294,122,99,23,25.250362,0,ok,logs/seed_846854.log
422970,irt_only,GHEFT,0,0.0,0,0,1,0.1576,0.2206,0.3782,,,,,,,,,,,,,,,,,44.34503510392608,1.1384,54,12,318,160,122,38,30.85277,0,ok,logs/seed_422970.log
762973,irt_only,GHEFT,0,0.0,0,0,1,0.1848,0.1633,0.3481,,,,,,,,,,,,,,,,,41.49053818104496,1.0079,48,11,325,153,116,37,24.991592,0,ok,logs/seed_762973.log
303068,irt_only,GHEFT,0,0.0,0,0,1,0.1905,0.2534,0.4439,,,,,,,,,,,,,,,,,40.340058142857146,1.1417,50,12,354,149,110,39,34.483594,0,ok,logs/seed_303068.log
701483,irt_only,GHEFT,0,0.0,0,0,1,0.1971,0.2312,0.4283,,,,,,,,,,,,,,,,,40.320343175487466,1.2983,45,12,296,157,121,36,20.619959,0,ok,logs/seed_701483.log
193272,irt_only,GHEFT,0,0.0,0,0,1,0.1677,0.227,0.3947,,,,,,,,,,,,,,,,,47.518397347893924,1.0519,58,13,331,169,123,46,33.884367,0,ok,logs/seed_193272.log
609026,irt_only,GHEFT,0,0.0,0,0,1,0.1553,0.1867,0.342,,,,,,,,,,,,,,,,,44.162457586632065,1.2145,52,13,342,176,129,47,36.578765,0,ok,logs/seed_609026.log
385324,irt_only,GHEFT,0,0.0,0,0,1,0.1768,0.2385,0.4153,,,,,,,,,,,,,,,,,38.22918250031068,1.174,47,12,334,150,123,27,33.093819,0,ok,logs/seed_385324.log
586699,irt_only,GHEFT,0,0.0,0,0,1,0.1613,0.206,0.3673,,,,,,,,,,,,,,,,,42.51732342342342,1.091,52,12,303,160,117,43,29.238471,0,ok,logs/seed_586699.log
127154,irt_only,GHEFT,0,0.0,0,0,1,0.1882,0.2285,0.4167,,,,,,,,,,,,,,,,,39.130998330550916,1.3999,63,12,364,178,119,59,30.403208,0,ok,logs/seed_127154.log
140763,irt_only,GHEFT,0,0.0,0,0,1,0.1615,0.1887,0.3502,,,,,,,,,,,,,,,,,47.535311258278156,1.2316,46,10,321,143,115,28,33.692125,0,ok,logs/seed_140763.log
162375,irt_only,GHEFT,0,0.0,0,0,1,0.182,0.2355,0.4175,,,,,,,,,,,,,,,,,44.61696603773585,1.1034,47,11,316,146,105,41,26.847775,0,ok,logs/seed_162375.log
320372,irt_only,GHEFT,0,0.0,0,0,1,0.1851,0.2545,0.4396,,,,,,,,,,,,,,,,,47.808216634429385,1.2659,53,11,355,189,131,58,27.873151,0,ok,logs/seed_320372.log
911752,irt_only,GHEFT,0,0.0,0,0,1,0.194,0.2121,0.4061,,,,,,,,,,,,,,,,,52.8791884318766,1.3332,53,12,311,165,128,37,30.025529,0,ok,logs/seed_911752.log
185527,irt_only,GHEFT,0,0.0,0,0,1,0.1727,0.1894,0.3621,,,,,,,,,,,,,,,,,52.5124201946472,1.0787,48,10,335,161,129,32,30.50193,0,ok,logs/seed_185527.log
766339,irt_only,GHEFT,0,0.0,0,0,1,0.1836,0.215,0.3986,,,,,,,,,,,,,,,,,47.558896495956866,1.2365,49,11,303,163,100,63,28.402661,0,ok,logs/seed_766339.log
911829,irt_only,GHEFT,0,0.0,0,0,1,0.166,0.1958,0.3618,,,,,,,,,,,,,,,,,51.504690529695026,1.0191,51,11,337,146,100,46,36.32808,0,ok,logs/seed_911829.log
184906,irt_only,GHEFT,0,0.0,0,0,1,0.1769,0.2129,0.3898,,,,,,,,,,,,,,,,,46.784759328091496,1.0913,44,10,303,139,107,32,27.351447,0,ok,logs/seed_184906.log
189090,irt_only,GHEFT,0,0.0,0,0,1,0.1772,0.1688,0.346,,,,,,,,,,,,,,,,,38.37191355932203,1.0796,48,11,312,149,111,38,30.791082,0,ok,logs/seed_189090.log
355619,irt_only,GHEFT,0,0.0,0,0,1,0.1464,0.1929,0.3393,,,,,,,,,,,,,,,,,59.28354434706398,1.2861,62,16,335,200,125,75,29.307334,0,ok,logs/seed_355619.log
440123,irt_only,GHEFT,0,0.0,0,0,1,0.1562,0.2116,0.3678,,,,,,,,,,,,,,,,,59.229757364341104,1.2795,52,13,322,188,130,58,30.442444,0,ok,logs/seed_440123.log
65843,irt_only,GHEFT,0,0.0,0,0,1,0.1782,0.1762,0.3544,,,,,,,,,,,,,,,,,36.952836829745,1.0415,47,9,301,130,97,33,20.346143,0,ok,logs/seed_65843.log
356002,irt_only,GHEFT,0,0.0,0,0,1,0.1852,0.1869,0.3721,,,,,,,,,,,,,,,,,44.546101577287075,1.1785,49,10,319,150,123,27,29.947622,0,ok,logs/seed_356002.log
546160,irt_only,GHEFT,0,0.0,0,0,1,0.1786,0.1935,0.3721,,,,,,,,,,,,,,,,,56.397368480300166,1.0055,48,12,324,179,137,42,28.415985,0,ok,logs/seed_546160.log
466702,irt_only,GHEFT,0,0.0,0,0,1,0.142,0.1403,0.2823,,,,,,,,,,,,,,,,,45.379559036144585,1.2727,44,11,326,155,122,33,26.70398,0,ok,logs/seed_466702.log
108594,irt_only,GHEFT,0,0.0,0,0,1,0.1572,0.1839,0.3411,,,,,,,,,,,,,,,,,44.466284615384616,1.2884,55,14,331,178,122,56,22.968669,0,ok,logs/seed_108594.log
302326,irt_only,GHEFT,0,0.0,0,0,1,0.1783,0.1966,0.3749,,,,,,,,,,,,,,,,,41.73417010159651,1.0302,46,11,347,167,116,51,18.99543,0,ok,logs/seed_302326.log
830943,irt_only,GHEFT,0,0.0,0,0,1,0.1804,0.1865,0.3669,,,,,,,,,,,,,,,,,37.95151282367448,1.0789,42,10,301,119,81,38,21.226253,0,ok,logs/seed_830943.log
774892,irt_only,GHEFT,0,0.0,0,0,1,0.1633,0.1631,0.3264,,,,,,,,,,,,,,,,,44.5105481236203,1.1063,56,11,355,171,111,60,31.034411,0,ok,logs/seed_774892.log
317399,irt_only,GHEFT,0,0.0,0,0,1,0.1772,0.1885,0.3657,,,,,,,,,,,,,,,,,37.99242160168599,1.0577,52,12,332,167,125,42,23.522165,0,ok,logs/seed_317399.log
179499,irt_only,GHEFT,0,0.0,0,0,1,0.1715,0.1881,0.3596,,,,,,,,,,,,,,,,,48.39802732919254,1.2227,53,12,325,186,133,53,20.008619,0,ok,logs/seed_179499.log
551935,irt_only,GHEFT,0,0.0,0,0,1,0.1871,0.2209,0.408,,,,,,,,,,,,,,,,,59.72038292682927,1.1794,46,9,324,152,130,22,23.767447,0,ok,logs/seed_551935.log
751687,irt_only,GHEFT,0,0.0,0,0,1,0.1596,0.1498,0.3094,,,,,,,,,,,,,,,,,45.521244186046516,1.2985,48,11,302,165,123,42,19.356402,0,ok,logs/seed_751687.log
531148,irt_only,GHEFT,0,0.0,0,0,1,0.1637,0.1746,0.3383,,,,,,,,,,,,,,,,,49.278973553719005,1.0622,57,13,342,167,129,38,30.923908,0,ok,logs/seed_531148.log
594138,irt_only,GHEFT,0,0.0,0,0,1,0.1857,0.2075,0.3932,,,,,,,,,,,,,,,,,40.466939449541286,1.1879,54,11,308,169,122,47,23.552776,0,ok,logs/seed_594138.log
702028,irt_only,GHEFT,0,0.0,0,0,1,0.1799,0.1865,0.3664,,,,,,,,,,,,,,,,,43.735581649675645,1.1262,53,13,323,169,131,38,29.706225,0,ok,logs/seed_702028.log
492022,irt_only,GHEFT,0,0.0,0,0,1,0.1583,0.1786,0.3369,,,,,,,,,,,,,,,,,42.5427,1.115,57,12,334,174,129,45,27.215156,0,ok,logs/seed_492022.log
231332,irt_only,GHEFT,0,0.0,0,0,1,0.1755,0.2003,0.3758,,,,,,,,,,,,,,,,,39.35045555555556,1.1158,54,11,343,149,101,48,31.880399,0,ok,logs/seed_231332.log
147537,irt_only,GHEFT,0,0.0,0,0,1,0.1844,0.2071,0.3915,,,,,,,,,,,,,,,,,48.370713132694945,1.06,55,11,337,171,135,36,32.130716,0,ok,logs/seed_147537.log
109654,irt_only,GHEFT,0,0.0,0,0,1,0.1579,0.2103,0.3682,,,,,,,,,,,,,,,,,48.170881743869195,1.1797,51,13,327,165,126,39,34.731039,0,ok,logs/seed_109654.log
357820,irt_only,GHEFT,0,0.0,0,0,1,0.1451,0.1855,0.3306,,,,,,,,,,,,,,,,,37.57146859776536,1.2867,50,11,340,166,133,33,27.629031,0,ok,logs/seed_357820.log
813854,irt_only,GHEFT,0,0.0,0,0,1,0.166,0.1884,0.3544,,,,,,,,,,,,,,,,,44.29059032258064,1.022,45,11,324,160,117,43,28.996935,0,ok,logs/seed_813854.log
840701,irt_only,GHEFT,0,0.0,0,0,1,0.1619,0.2072,0.3691,,,,,,,,,,,,,,,,,52.13632917152859,1.198,53,13,341,149,117,32,32.554547,0,ok,logs/seed_840701.log
528112,irt_only,GHEFT,0,0.0,0,0,1,0.1868,0.2118,0.3986,,,,,,,,,,,,,,,,,42.152326694329176,1.005,54,10,329,159,118,41,24.913466,0,ok,logs/seed_528112.log
610245,irt_only,GHEFT,0,0.0,0,0,1,0.1825,0.2164,0.3989,,,,,,,,,,,,,,,,,48.182535016835025,1.3172,49,13,313,181,128,53,25.150631,0,ok,logs/seed_610245.log
540631,irt_only,GHEFT,0,0.0,0,0,1,0.1708,0.1727,0.3435,,,,,,,,,,,,,,,,,41.11760542740842,1.1761,51,11,326,168,117,51,28.240618,0,ok,logs/seed_540631.log
670354,irt_only,GHEFT,0,0.0,0,0,1,0.1725,0.1862,0.3587,,,,,,,,,,,,,,,,,42.18458951048951,1.0518,58,12,334,169,122,47,26.025626,0,ok,logs/seed_670354.log
416284,irt_only,GHEFT,0,0.0,0,0,1,0.1761,0.221,0.3971,,,,,,,,,,,,,,,,,44.282296610169496,1.2948,51,12,328,166,131,35,27.464466,0,ok,logs/seed_416284.log
853922,irt_only,GHEFT,0,0.0,0,0,1,0.1817,0.253,0.4347,,,,,,,,,,,,,,,,,42.03741345576786,1.0118,50,10,320,160,121,39,26.870659,0,ok,logs/seed_853922.log
703771,irt_only,GHEFT,0,0.0,0,0,1,0.1779,0.236,0.4139,,,,,,,,,,,,,,,,,38.19312567401792,1.045,49,12,310,150,107,43,25.470295,0,ok,logs/seed_703771.log
131782,irt_only,GHEFT,0,0.0,0,0,1,0.175,0.2053,0.3803,,,,,,,,,,,,,,,,,37.56599597190554,1.1786,51,10,321,138,96,42,26.093444,0,ok,logs/seed_131782.log
793335,irt_only,GHEFT,0,0.0,0,0,1,0.1786,0.2346,0.4132,,,,,,,,,,,,,,,,,45.2920932885906,1.2844,49,11,300,158,118,40,26.910153,0,ok,logs/seed_793335.log
829835,irt_only,GHEFT,0,0.0,0,0,1,0.152,0.17,0.322,,,,,,,,,,,,,,,,,43.10343258426966,1.2008,52,12,308,160,124,36,32.600971,0,ok,logs/seed_829835.log
517538,irt_only,GHEFT,0,0.0,0,0,1,0.1815,0.1829,0.3644,,,,,,,,,,,,,,,,,49.16009679144386,1.2286,57,14,340,176,139,37,34.537706,0,ok,logs/seed_517538.log
432977,irt_only,GHEFT,0,0.0,0,0,1,0.1727,0.1875,0.3602,,,,,,,,,,,,,,,,,48.20995916775033,1.0702,53,13,349,166,130,36,31.653313,0,ok,logs/seed_432977.log
202788,irt_only,GHEFT,0,0.0,0,0,1,0.1784,0.2,0.3784,,,,,,,,,,,,,,,,,42.458343172951885,1.0827,49,11,315,157,109,48,29.732742,0,ok,logs/seed_202788.log
455331,irt_only,GHEFT,0,0.0,0,0,1,0.1821,0.1876,0.3697,,,,,,,,,,,,,,,,,45.5850136485281,1.1918,53,11,320,179,137,42,24.563275,0,ok,logs/seed_455331.log
795054,irt_only,GHEFT,0,0.0,0,0,1,0.1812,0.196,0.3772,,,,,,,,,,,,,,,,,40.477900000000005,1.2376,42,9,305,145,101,44,23.871729,0,ok,logs/seed_795054.log
612732,irt_only,GHEFT,0,0.0,0,0,1,0.1749,0.1697,0.3446,,,,,,,,,,,,,,,,,38.217818573046436,1.2072,55,13,323,154,104,50,31.013271,0,ok,logs/seed_612732.log
753523,irt_only,GHEFT,0,0.0,0,0,1,0.1649,0.191,0.3559,,,,,,,,,,,,,,,,,43.53135042301184,1.1141,49,10,325,151,112,39,27.528574,0,ok,logs/seed_753523.log
239744,irt_only,GHEFT,0,0.0,0,0,1,0.1702,0.2054,0.3756,,,,,,,,,,,,,,,,,46.30778082191782,1.0759,49,11,320,164,128,36,31.597204,0,ok,logs/seed_239744.log
838648,irt_only,GHEFT,0,0.0,0,0,1,0.1793,0.1966,0.3759,,,,,,,,,,,,,,,,,42.866371794871796,1.0204,55,12,325,168,124,44,25.9666,0,ok,logs/seed_838648.log
115403,irt_only,GHEFT,0,0.0,0,0,1,0.152,0.1637,0.3157,,,,,,,,,,,,,,,,,45.28906380789022,1.0728,47,13,309,147,108,39,26.206947,0,ok,logs/seed_115403.log
712189,irt_only,GHEFT,0,0.0,0,0,1,0.1849,0.2371,0.422,,,,,,,,,,,,,,,,,43.066337188951145,1.2803,52,13,342,176,119,57,31.128383,0,ok,logs/seed_712189.log
873143,irt_only,GHEFT,0,0.0,0,0,1,0.163,0.166,0.329,,,,,,,,,,,,,,,,,37.45206971054737,1.3059,53,12,331,161,120,41,28.088916,0,ok,logs/seed_873143.log
877233,irt_only,GHEFT,0,0.0,0,0,1,0.1607,0.1583,0.319,,,,,,,,,,,,,,,,,38.17025527950311,1.0392,48,11,320,157,113,44,36.802297,0,ok,logs/seed_877233.log
663658,irt_only,GHEFT,0,0.0,0,0,1,0.1817,0.245,0.4267,,,,,,,,,,,,,,,,,55.385924334600766,1.4385,48,11,330,166,122,44,27.264509,0,ok,logs/seed_663658.log
656054,irt_only,GHEFT,0,0.0,0,0,1,0.1633,0.1396,0.3029,,,,,,,,,,,,,,,,,43.88044042179262,1.2455,53,11,350,169,130,39,35.432093,0,ok,logs/seed_656054.log
464471,irt_only,GHEFT,0,0.0,0,0,1,0.1712,0.2176,0.3888,,,,,,,,,,,,,,,,,40.422208805031445,1.1223,46,10,314,158,124,34,31.13757,0,ok,logs/seed_464471.log
586510,irt_only,GHEFT,0,0.0,0,0,1,0.1686,0.2163,0.3849,,,,,,,,,,,,,,,,,39.914858047493404,1.2319,48,8,325,130,103,27,29.635762,0,ok,logs/seed_586510.log
50264,irt_only,GHEFT,0,0.0,0,0,1,0.1692,0.2008,0.37,,,,,,,,,,,,,,,,,41.399046575342474,1.139,48,11,318,155,110,45,29.908104,0,ok,logs/seed_50264.log
719048,irt_only,GHEFT,0,0.0,0,0,1,0.1818,0.2428,0.4246,,,,,,,,,,,,,,,,,46.439514177398834,1.2529,64,12,340,166,119,47,36.300756,0,ok,logs/seed_719048.log
677021,irt_only,GHEFT,0,0.0,0,0,1,0.1669,0.2147,0.3816,,,,,,,,,,,,,,,,,37.01077800511509,1.0127,57,13,335,156,111,45,30.368709,0,ok,logs/seed_677021.log
861718,irt_only,GHEFT,0,0.0,0,0,1,0.1897,0.225,0.4147,,,,,,,,,,,,,,,,,43.693263517915305,1.4746,58,11,338,159,102,57,33.424762,0,ok,logs/seed_861718.log
495401,irt_only,GHEFT,0,0.0,0,0,1,0.171,0.1672,0.3382,,,,,,,,,,,,,,,,,37.84593577072469,1.0955,54,11,329,165,123,42,38.626497,0,ok,logs/seed_495401.log
209510,irt_only,GHEFT,0,0.0,0,0,1,0.1712,0.191,0.3622,,,,,,,,,,,,,,,,,48.94870175438597,1.1432,47,11,329,155,118,37,30.931903,0,ok,logs/seed_209510.log
743312,irt_only,GHEFT,0,0.0,0,0,1,0.1795,0.2355,0.415,,,,,,,,,,,,,,,,,37.61421876611695,1.21,47,13,284,148,109,39,25.4757,0,ok,logs/seed_743312.log
212694,irt_only,GHEFT,0,0.0,0,0,1,0.162,0.2089,0.3709,,,,,,,,,,,,,,,,,46.31048461538461,1.5406,48,13,320,164,118,46,33.410487,0,ok,logs/seed_212694.log
224701,irt_only,GHEFT,0,0.0,0,0,1,0.1668,0.1842,0.351,,,,,,,,,,,,,,,,,52.00886997084548,1.195,44,10,297,147,105,42,23.130525,0,ok,logs/seed_224701.log
861434,irt_only,GHEFT,0,0.0,0,0,1,0.1759,0.208,0.3839,,,,,,,,,,,,,,,,,39.53561734772553,1.0983,53,13,331,181,135,46,35.453014,0,ok,logs/seed_861434.log
844102,irt_only,GHEFT,0,0.0,0,0,1,0.1563,0.1836,0.3399,,,,,,,,,,,,,,,,,49.41880591133003,1.1214,46,11,293,148,105,43,27.781721,0,ok,logs/seed_844102.log
722064,irt_only,GHEFT,0,0.0,0,0,1,0.1599,0.1871,0.347,,,,,,,,,,,,,,,,,39.836515022140226,1.2073,49,11,311,154,111,43,31.789223,0,ok,logs/seed_722064.log
549862,irt_only,GHEFT,0,0.0,0,0,1,0.1875,0.1902,0.3777,,,,,,,,,,,,,,,,,38.18970742311771,1.0518,50,11,320,182,129,53,27.124803,0,ok,logs/seed_549862.log
2010,irt_only,GHEFT,0,0.0,0,0,1,0.1796,0.1713,0.3509,,,,,,,,,,,,,,,,,44.022373913043474,1.0517,47,11,322,175,131,44,32.009096,0,ok,logs/seed_2010.log
796027,irt_only,GHEFT,0,0.0,0,0,1,0.1674,0.1621,0.3295,,,,,,,,,,,,,,,,,42.287841338452445,1.138,48,12,311,151,109,42,26.069977,0,ok,logs/seed_796027.log
401997,irt_only,GHEFT,0,0.0,0,0,1,0.1486,0.1741,0.3227,,,,,,,,,,,,,,,,,45.75865224913495,1.1971,45,11,308,145,101,44,30.950777,0,ok,logs/seed_401997.log
35721,irt_only,GHEFT,0,0.0,0,0,1,0.199,0.1893,0.3883,,,,,,,,,,,,,,,,,37.791751309707244,1.0558,55,12,318,167,111,56,28.712149,0,ok,logs/seed_35721.log
724068,irt_only,GHEFT,0,0.0,0,0,1,0.1731,0.21,0.3831,,,,,,,,,,,,,,,,,52.74531369863013,1.3174,55,11,342,162,121,41,35.431054,0,ok,logs/seed_724068.log
800182,irt_only,GHEFT,0,0.0,0,0,1,0.1534,0.1933,0.3467,,,,,,,,,,,,,,,,,54.80861165048544,1.4387,54,10,324,155,97,58,34.358298,0,ok,logs/seed_800182.log
937614,irt_only,GHEFT,0,0.0,0,0,1,0.1513,0.2037,0.355,,,,,,,,,,,,,,,,,41.99048062283738,1.1063,51,14,297,167,115,52,30.044326,0,ok,logs/seed_937614.log
722394,irt_only,GHEFT,0,0.0,0,0,1,0.1609,0.2361,0.397,,,,,,,,,,,,,,,,,46.55054720094283,1.2264,48,12,325,181,126,55,23.057867,0,ok,logs/seed_722394.log
509760,irt_only,GHEFT,0,0.0,0,0,1,0.1686,0.1877,0.3563,,,,,,,,,,,,,,,,,52.482021136767315,1.2362,50,10,325,154,112,42,32.11762,0,ok,logs/seed_509760.log
70327,irt_only,GHEFT,0,0.0,0,0,1,0.1609,0.1723,0.3332,,,,,,,,,,,,,,,,,46.84270223463687,1.0616,45,10,315,145,116,29,33.71029,0,ok,logs/seed_70327.log
750147,irt_only,GHEFT,0,0.0,0,0,1,0.2074,0.2276,0.435,,,,,,,,,,,,,,,,,43.83389952874646,1.0415,46,8,326,156,118,38,32.526158,0,ok,logs/seed_750147.log
460446,irt_only,GHEFT,0,0.0,0,0,1,0.1773,0.222,0.3993,,,,,,,,,,,,,,,,,55.28417637795276,1.0752,46,12,327,179,127,52,26.861386,0,ok,logs/seed_460446.log
748846,irt_only,GHEFT,0,0.0,0,0,1,0.162,0.2132,0.3752,,,,,,,,,,,,,,,,,42.31271692491061,1.3453,47,12,305,153,106,47,24.480075,0,ok,logs/seed_748846.log
610796,irt_only,GHEFT,0,0.0,0,0,1,0.165,0.2054,0.3704,,,,,,,,,,,,,,,,,55.91997292644758,1.1663,53,12,327,160,114,46,32.267332,0,ok,logs/seed_610796.log
372755,irt_only,GHEFT,0,0.0,0,0,1,0.1836,0.2091,0.3927,,,,,,,,,,,,,,,,,42.722514814814815,1.3111,56,13,315,166,129,37,29.188914,0,ok,logs/seed_372755.log
324404,irt_only,GHEFT,0,0.0,0,0,1,0.1693,0.174,0.3433,,,,,,,,,,,,,,,,,36.62886223365173,1.1964,47,10,309,144,108,36,31.568972,0,ok,logs/seed_324404.log
138451,irt_only,GHEFT,0,0.0,0,0,1,0.1716,0.2174,0.389,,,,,,,,,,,,,,,,,50.462563420382175,1.0993,47,11,306,152,109,43,32.403535,0,ok,logs/seed_138451.log
117059,irt_only,GHEFT,0,0.0,0,0,1,0.1751,0.2105,0.3856,,,,,,,,,,,,,,,,,41.17334429856173,1.2046,48,12,323,158,113,45,36.097296,0,ok,logs/seed_117059.log
976782,irt_only,GHEFT,0,0.0,0,0,1,0.1645,0.1873,0.3518,,,,,,,,,,,,,,,,,48.63216309150329,1.0814,49,11,311,163,119,44,31.048442,0,ok,logs/seed_976782.log
574644,irt_only,GHEFT,0,0.0,0,0,1,0.1892,0.2291,0.4183,,,,,,,,,,,,,,,,,57.197500895036605,1.1357,48,11,310,175,130,45,31.511419,0,ok,logs/seed_574644.log
435308,irt_only,GHEFT,0,0.0,0,0,1,0.1864,0.1871,0.3735,,,,,,,,,,,,,,,,,46.31256696858638,1.0646,51,12,321,159,112,47,32.797305,0,ok,logs/seed_435308.log
635612,irt_only,GHEFT,0,0.0,0,0,1,0.1625,0.1781,0.3406,,,,,,,,,,,,,,,,,47.59694508748317,1.0919,52,10,325,172,136,36,38.791954,0,ok,logs/seed_635612.log
289817,irt_only,GHEFT,0,0.0,0,0,1,0.1597,0.1784,0.3381,,,,,,,,,,,,,,,,,42.271121613832854,1.2213,52,11,318,174,128,46,37.497704,0,ok,logs/seed_289817.log
639065,irt_only,GHEFT,0,0.0,0,0,1,0.1942,0.2218,0.416,,,,,,,,,,,,,,,,,47.93114285714285,1.1725,44,11,326,155,131,24,37.83634,0,ok,logs/seed_639065.log
650943,irt_only,GHEFT,0,0.0,0,0,1,0.1714,0.1648,0.3362,,,,,,,,,,,,,,,,,41.37060519397115,1.0564,47,12,331,150,104,46,39.831827,0,ok,logs/seed_650943.log
110055,irt_only,GHEFT,0,0.0,0,0,1,0.1479,0.157,0.3049,,,,,,,,,,,,,,,,,49.69832954545454,1.276,49,12,354,167,123,44,40.155798,0,ok,logs/seed_110055.log
117791,irt_only,GHEFT,0,0.0,0,0,1,0.184,0.197,0.381,,,,,,,,,,,,,,,,,44.77997407692308,1.1929,53,12,327,161,128,33,31.948928,0,ok,logs/seed_117791.log
124685,irt_only,GHEFT,0,0.0,0,0,1,0.1627,0.1782,0.3409,,,,,,,,,,,,,,,,,46.050890257503944,1.1728,62,15,329,168,116,52,32.48966,0,ok,logs/seed_124685.log
997328,irt_only,GHEFT,0,0.0,0,0,1,0.1576,0.1838,0.3414,,,,,,,,,,,,,,,,,44.490772815533994,1.281,58,11,345,169,113,56,34.200344,0,ok,logs/seed_997328.log
655714,irt_only,GHEFT,0,0.0,0,0,1,0.1813,0.2182,0.3995,,,,,,,,,,,,,,,,,43.65807536231884,1.2295,49,11,341,173,116,57,31.061119,0,ok,logs/seed_655714.log
512136,irt_only,GHEFT,0,0.0,0,0,1,0.1728,0.1748,0.3476,,,,,,,,,,,,,,,,,44.032220532319386,1.1192,52,13,335,151,101,50,26.362539,0,ok,logs/seed_512136.log
695034,irt_only,GHEFT,0,0.0,0,0,1,0.167,0.1939,0.3609,,,,,,,,,,,,,,,,,44.30705451713396,1.0414,48,10,320,143,113,30,34.476033,0,ok,logs/seed_695034.log
539246,irt_only,GHEFT,0,0.0,0,0,1,0.1515,0.2033,0.3548,,,,,,,,,,,,,,,,,45.00625598526702,1.2587,37,8,308,125,76,49,29.676103,0,ok,logs/seed_539246.log
354388,irt_only,GHEFT,0,0.0,0,0,1,0.1765,0.1884,0.3649,,,,,,,,,,,,,,,,,46.51483018867925,1.183,54,14,339,180,136,44,33.836977,0,ok,logs/seed_354388.log
282392,irt_only,GHEFT,0,0.0,0,0,1,0.165,0.221,0.386,,,,,,,,,,,,,,,,,39.331992979127136,1.1038,59,14,338,175,120,55,35.613318,0,ok,logs/seed_282392.log
465345,irt_only,GHEFT,0,0.0,0,0,1,0.1797,0.2281,0.4078,,,,,,,,,,,,,,,,,43.570262626262625,1.2267,55,12,319,155,113,42,29.881362,0,ok,logs/seed_465345.log
276209,irt_only,GHEFT,0,0.0,0,0,1,0.1646,0.1633,0.3279,,,,,,,,,,,,,,,,,49.61902180166541,1.2648,47,12,291,149,112,37,27.337403,0,ok,logs/seed_276209.log
48268,irt_only,GHEFT,0,0.0,0,0,1,0.1771,0.2132,0.3903,,,,,,,,,,,,,,,,,46.17479491525424,1.1282,47,10,323,173,117,56,30.477986,0,ok,logs/seed_48268.log
312904,irt_only,GHEFT,0,0.0,0,0,1,0.1974,0.2346,0.432,,,,,,,,,,,,,,,,,49.29696797153024,1.2718,43,8,307,136,96,40,29.719792,0,ok,logs/seed_312904.log
95163,irt_only,GHEFT,0,0.0,0,0,1,0.1846,0.2698,0.4544,,,,,,,,,,,,,,,,,41.239977699029126,1.0916,47,12,317,162,125,37,29.025133,0,ok,logs/seed_95163.log
739903,irt_only,GHEFT,0,0.0,0,0,1,0.1671,0.2005,0.3676,,,,,,,,,,,,,,,,,48.518100000000004,1.3664,51,11,321,164,123,41,26.157656,0,ok,logs/seed_739903.log
527611,irt_only,GHEFT,0,0.0,0,0,1,0.1574,0.1673,0.3247,,,,,,,,,,,,,,,,,39.485317506631304,1.1114,47,10,311,152,114,38,41.310367,0,ok,logs/seed_527611.log
591781,irt_only,GHEFT,0,0.0,0,0,1,0.184,0.2083,0.3923,,,,,,,,,,,,,,,,,43.460170714011525,1.0533,52,10,351,159,129,30,33.227673,0,ok,logs/seed_591781.log
10602,irt_only,GHEFT,0,0.0,0,0,1,0.1703,0.2129,0.3832,,,,,,,,,,,,,,,,,36.26585714285716,1.1223,49,11,320,145,117,28,31.168784,0,ok,logs/seed_10602.log
91728,irt_only,GHEFT,0,0.0,0,0,1,0.1944,0.1799,0.3743,,,,,,,,,,,,,,,,,57.53565423728813,1.5205,47,12,324,161,119,42,31.179888,0,ok,logs/seed_91728.log
777150,irt_only,GHEFT,0,0.0,0,0,1,0.1687,0.191,0.3597,,,,,,,,,,,,,,,,,42.483372191135736,1.1574,52,10,321,153,107,46,26.91839,0,ok,logs/seed_777150.log
761499,irt_only,GHEFT,0,0.0,0,0,1,0.1667,0.1831,0.3498,,,,,,,,,,,,,,,,,43.82778023774146,1.0525,54,13,333,171,118,53,33.134157,0,ok,logs/seed_761499.log
453482,irt_only,GHEFT,0,0.0,0,0,1,0.1755,0.2253,0.4008,,,,,,,,,,,,,,,,,45.24772358490567,1.3494,47,10,312,155,120,35,24.59248,0,ok,logs/seed_453482.log
562121,irt_only,GHEFT,0,0.0,0,0,1,0.1638,0.1812,0.345,,,,,,,,,,,,,,,,,40.686481355932216,1.0753,45,10,278,148,112,36,22.91148,0,ok,logs/seed_562121.log
770979,irt_only,GHEFT,0,0.0,0,0,1,0.157,0.1805,0.3375,,,,,,,,,,,,,,,,,42.77377478510028,1.0686,46,12,309,148,123,25,24.726345,0,ok,logs/seed_770979.log
703949,irt_only,GHEFT,0,0.0,0,0,1,0.1669,0.2047,0.3716,,,,,,,,,,,,,,,,,40.763991349565124,1.0578,47,12,313,154,127,27,25.68373,0,ok,logs/seed_703949.log
314686,irt_only,GHEFT,0,0.0,0,0,1,0.1633,0.1413,0.3046,,,,,,,,,,,,,,,,,50.87957621178225,1.1065,47,11,322,145,113,32,26.873019,0,ok,logs/seed_314686.log
475760,irt_only,GHEFT,0,0.0,0,0,1,0.1709,0.2289,0.3998,,,,,,,,,,,,,,,,,41.50682314335061,1.1415,58,11,351,176,134,42,34.960158,0,ok,logs/seed_475760.log
595079,irt_only,GHEFT,0,0.0,0,0,1,0.1808,0.1975,0.3783,,,,,,,,,,,,,,,,,42.36162568940493,1.2562,42,10,308,160,124,36,18.915101,0,ok,logs/seed_595079.log
27243,irt_only,GHEFT,0,0.0,0,0,1,0.1614,0.1933,0.3547,,,,,,,,,,,,,,,,,44.69045490196079,1.0811,52,12,319,190,133,57,26.850043,0,ok,logs/seed_27243.log
143022,irt_only,GHEFT,0,0.0,0,0,1,0.1771,0.2437,0.4208,,,,,,,,,,,,,,,,,46.52932638002826,1.0299,51,12,307,166,127,39,26.116731,0,ok,logs/seed_143022.log
958432,irt_only,GHEFT,0,0.0,0,0,1,0.164,0.1815,0.3455,,,,,,,,,,,,,,,,,54.92539946380696,1.1671,49,12,306,176,127,49,24.065783,0,ok,logs/seed_958432.log
799339,irt_only,GHEFT,0,0.0,0,0,1,0.1882,0.2288,0.417,,,,,,,,,,,,,,,,,36.92104995808886,1.0567,47,10,315,164,129,35,27.198693,0,ok,logs/seed_799339.log
953842,irt_only,GHEFT,0,0.0,0,0,1,0.1645,0.2032,0.3677,,,,,,,,,,,,,,,,,44.682203325581405,1.2019,53,14,316,183,144,39,26.628044,0,ok,logs/seed_953842.log
937400,irt_only,GHEFT,0,0.0,0,0,1,0.1826,0.2002,0.3828,,,,,,,,,,,,,,,,,39.96221678832117,1.11,47,11,326,173,134,39,25.779793,0,ok,logs/seed_937400.log
919932,irt_only,GHEFT,0,0.0,0,0,1,0.1652,0.2239,0.3891,,,,,,,,,,,,,,,,,43.559068267831144,1.2527,59,12,338,187,134,53,26.297527,0,ok,logs/seed_919932.log
786261,irt_only,GHEFT,0,0.0,0,0,1,0.162,0.2425,0.4045,,,,,,,,,,,,,,,,,50.97576666666666,1.2527,60,12,319,183,123,60,27.112164,0,ok,logs/seed_786261.log
266747,irt_only,GHEFT,0,0.0,0,0,1,0.1651,0.1772,0.3423,,,,,,,,,,,,,,,,,38.84365961820852,1.2233,53,13,318,151,116,35,30.61843,0,ok,logs/seed_266747.log
394465,irt_only,GHEFT,0,0.0,0,0,1,0.1514,0.2102,0.3616,,,,,,,,,,,,,,,,,51.916482033096926,1.2763,46,11,328,150,123,27,27.565416,0,ok,logs/seed_394465.log
725987,irt_only,GHEFT,0,0.0,0,0,1,0.1587,0.164,0.3227,,,,,,,,,,,,,,,,,59.994964516129016,1.087,61,12,349,188,138,50,31.758869,0,ok,logs/seed_725987.log
224478,irt_only,GHEFT,0,0.0,0,0,1,0.1522,0.1951,0.3473,,,,,,,,,,,,,,,,,54.9290237410072,1.1276,52,11,339,174,129,45,37.669814,0,ok,logs/seed_224478.log
408636,irt_only,GHEFT,0,0.0,0,0,1,0.1671,0.1913,0.3584,,,,,,,,,,,,,,,,,51.30397628294037,1.3313,48,11,333,167,120,47,27.111048,0,ok,logs/seed_408636.log
617269,irt_only,GHEFT,0,0.0,0,0,1,0.1892,0.1855,0.3747,,,,,,,,,,,,,,,,,37.19531282051282,1.0747,53,12,327,160,137,23,28.433968,0,ok,logs/seed_617269.log
650122,irt_only,GHEFT,0,0.0,0,0,1,0.1683,0.1489,0.3172,,,,,,,,,,,,,,,,,41.24307343550448,1.0895,48,13,294,142,119,23,26.472403,0,ok,logs/seed_650122.log
522983,irt_only,GHEFT,0,0.0,0,0,1,0.1805,0.2445,0.425,,,,,,,,,,,,,,,,,48.25425429553266,1.0838,58,13,331,160,106,54,26.551039,0,ok,logs/seed_522983.log
239950,irt_only,GHEFT,0,0.0,0,0,1,0.1558,0.2139,0.3697,,,,,,,,,,,,,,,,,46.6382855104281,1.2722,50,11,311,171,125,46,24.236002,0,ok,logs/seed_239950.log
258973,irt_only,GHEFT,0,0.0,0,0,1,0.139,0.1544,0.2934,,,,,,,,,,,,,,,,,58.23387156912273,1.0881,49,10,338,165,113,52,27.807362,0,ok,logs/seed_258973.log
824466,irt_only,GHEFT,0,0.0,0,0,1,0.1711,0.2045,0.3756,,,,,,,,,,,,,,,,,40.17405014409222,1.2575,57,14,309,176,124,52,22.360333,0,ok,logs/seed_824466.log
682056,irt_only,GHEFT,0,0.0,0,0,1,0.1553,0.2109,0.3662,,,,,,,,,,,,,,,,,59.4127038263429,1.1359,46,11,317,145,121,24,28.869538,0,ok,logs/seed_682056.log
431617,irt_only,GHEFT,0,0.0,0,0,1,0.1655,0.1612,0.3267,,,,,,,,,,,,,,,,,54.00658062953996,1.0322,47,11,349,167,119,48,29.193414,0,ok,logs/seed_431617.log
777731,irt_only,GHEFT,0,0.0,0,0,1,0.1712,0.2417,0.4129,,,,,,,,,,,,,,,,,36.956880003384086,1.0869,51,12,329,162,109,53,26.541986,0,ok,logs/seed_777731.log
65523,irt_only,GHEFT,0,0.0,0,0,1,0.1815,0.1846,0.3661,,,,,,,,,,,,,,,,,37.92590781727645,1.1152,58,13,331,180,135,45,25.908149,0,ok,logs/seed_65523.log
226267,irt_only,GHEFT,0,0.0,0,0,1,0.1592,0.2017,0.3609,,,,,,,,,,,,,,,,,49.257208800464035,1.1562,56,13,341,182,133,49,33.442911,0,ok,logs/seed_226267.log
20773,irt_only,GHEFT,0,0.0,0,0,1,0.1694,0.1648,0.3342,,,,,,,,,,,,,,,,,44.00551160593792,1.0391,50,10,326,156,127,29,27.005172,0,ok,logs/seed_20773.log
75919,irt_only,GHEFT,0,0.0,0,0,1,0.1449,0.2177,0.3626,,,,,,,,,,,,,,,,,47.95675973154362,1.1439,64,13,332,187,129,58,32.198053,0,ok,logs/seed_75919.log
796262,irt_only,GHEFT,0,0.0,0,0,1,0.1557,0.2049,0.3606,,,,,,,,,,,,,,,,,54.470180974325224,1.2495,50,11,337,142,109,33,27.586472,0,ok,logs/seed_796262.log
557554,irt_only,GHEFT,0,0.0,0,0,1,0.1859,0.2176,0.4035,,,,,,,,,,,,,,,,,44.99009565217391,1.2442,54,11,334,165,118,47,28.198337,0,ok,logs/seed_557554.log
818564,irt_only,GHEFT,0,0.0,0,0,1,0.1701,0.1921,0.3622,,,,,,,,,,,,,,,,,44.7716754966443,1.0675,46,9,310,134,98,36,25.700989,0,ok,logs/seed_818564.log
5641,irt_only,GHEFT,0,0.0,0,0,1,0.1703,0.1744,0.3447,,,,,,,,,,,,,,,,,42.44651176470589,1.1637,55,13,317,172,124,48,24.75785,0,ok,logs/seed_5641.log
80721,irt_only,GHEFT,0,0.0,0,0,1,0.1744,0.2174,0.3918,,,,,,,,,,,,,,,,,53.142900000000004,1.0207,54,12,338,169,123,46,32.334639,0,ok,logs/seed_80721.log
14714,irt_only,GHEFT,0,0.0,0,0,1,0.1636,0.1866,0.3502,,,,,,,,,,,,,,,,,52.8207922097476,1.0615,55,13,339,194,135,59,30.288048,0,ok,logs/seed_14714.log
965327,irt_only,GHEFT,0,0.0,0,0,1,0.1721,0.2297,0.4018,,,,,,,,,,,,,,,,,47.34402089985487,1.2033,48,14,305,172,109,63,23.965301,0,ok,logs/seed_965327.log
460722,irt_only,GHEFT,0,0.0,0,0,1,0.1674,0.1931,0.3605,,,,,,,,,,,,,,,,,42.214156497175146,1.162,47,14,293,138,96,42,24.207478,0,ok,logs/seed_460722.log
724036,irt_only,GHEFT,0,0.0,0,0,1,0.1644,0.1841,0.3485,,,,,,,,,,,,,,,,,57.95448648310389,1.0403,55,10,310,143,104,39,23.375623,0,ok,logs/seed_724036.log
901968,irt_only,GHEFT,0,0.0,0,0,1,0.1813,0.1889,0.3702,,,,,,,,,,,,,,,,,39.8471775147929,1.1549,48,12,320,155,132,23,28.004142,0,ok,logs/seed_901968.log
287728,irt_only,GHEFT,0,0.0,0,0,1,0.1795,0.1942,0.3737,,,,,,,,,,,,,,,,,39.63172660619804,1.08,59,12,338,157,113,44,33.093842,0,ok,logs/seed_287728.log
747287,irt_only,GHEFT,0,0.0,0,0,1,0.1747,0.2092,0.3839,,,,,,,,,,,,,,,,,49.883297510980974,1.4877,50,12,329,144,104,40,26.209156,0,ok,logs/seed_747287.log
867108,irt_only,GHEFT,0,0.0,0,0,1,0.1699,0.2127,0.3826,,,,,,,,,,,,,,,,,44.30850903873744,1.2429,55,11,323,141,102,39,29.745848,0,ok,logs/seed_867108.log
196697,irt_only,GHEFT,0,0.0,0,0,1,0.175,0.2347,0.4097,,,,,,,,,,,,,,,,,42.74415395189003,1.0613,51,11,323,151,106,45,23.489566,0,ok,logs/seed_196697.log
635464,irt_only,GHEFT,0,0.0,0,0,1,0.1631,0.2364,0.3995,,,,,,,,,,,,,,,,,64.37340618066561,1.2178,51,11,333,160,110,50,25.923398,0,ok,logs/seed_635464.log
389228,irt_only,GHEFT,0,0.0,0,0,1,0.1759,0.1911,0.367,,,,,,,,,,,,,,,,,52.02918638360176,1.0662,49,11,314,149,109,40,23.31145,0,ok,logs/seed_389228.log
813617,irt_only,GHEFT,0,0.0,0,0,1,0.1718,0.209,0.3808,,,,,,,,,,,,,,,,,43.267812465373964,1.164,44,11,299,147,122,25,25.422354,0,ok,logs/seed_813617.log
232555,irt_only,GHEFT,0,0.0,0,0,1,0.1614,0.2187,0.3801,,,,,,,,,,,,,,,,,53.00449083969465,1.1566,55,12,340,183,127,56,30.949842,0,ok,logs/seed_232555.log
932496,irt_only,GHEFT,0,0.0,0,0,1,0.1753,0.2521,0.4274,,,,,,,,,,,,,,,,,48.05517502597403,1.1967,54,13,336,182,125,57,30.722659,0,ok,logs/seed_932496.log
544493,irt_only,GHEFT,0,0.0,0,0,1,0.1954,0.232,0.4274,,,,,,,,,,,,,,,,,64.82711645569621,1.3285,42,10,303,144,119,25,30.895865,0,ok,logs/seed_544493.log
174431,irt_only,GHEFT,0,0.0,0,0,1,0.1871,0.2267,0.4138,,,,,,,,,,,,,,,,,47.243441248097405,1.321,56,12,322,157,112,45,29.949355,0,ok,logs/seed_174431.log
715533,irt_only,GHEFT,0,0.0,0,0,1,0.1657,0.1821,0.3478,,,,,,,,,,,,,,,,,47.18453492884864,1.1831,47,14,324,173,113,60,26.801341,0,ok,logs/seed_715533.log
710115,irt_only,GHEFT,0,0.0,0,0,1,0.1589,0.1936,0.3525,,,,,,,,,,,,,,,,,54.31255798005698,1.0289,62,13,306,170,121,49,28.908355,0,ok,logs/seed_710115.log
69527,irt_only,GHEFT,0,0.0,0,0,1,0.1786,0.2167,0.3953,,,,,,,,,,,,,,,,,40.642931674208135,1.1185,46,9,343,162,120,42,34.647631,0,ok,logs/seed_69527.log
584456,irt_only,GHEFT,0,0.0,0,0,1,0.1751,0.1877,0.3628,,,,,,,,,,,,,,,,,40.084828497409326,1.1108,40,10,315,145,113,32,28.072948,0,ok,logs/seed_584456.log
678197,irt_only,GHEFT,0,0.0,0,0,1,0.1616,0.1951,0.3567,,,,,,,,,,,,,,,,,42.487644582043345,1.11,49,12,319,151,111,40,26.989921,0,ok,logs/seed_678197.log
871381,irt_only,GHEFT,0,0.0,0,0,1,0.1685,0.1868,0.3553,,,,,,,,,,,,,,,,,47.156001560758085,1.2647,54,12,313,161,115,46,24.377065,0,ok,logs/seed_871381.log
855755,irt_only,GHEFT,0,0.0,0,0,1,0.1715,0.242,0.4135,,,,,,,,,,,,,,,,,42.52368662075412,1.0933,59,14,324,158,112,46,30.300553,0,ok,logs/seed_855755.log
137836,irt_only,GHEFT,0,0.0,0,0,1,0.1646,0.1941,0.3587,,,,,,,,,,,,,,,,,43.31875082680592,1.1767,46,11,311,144,109,35,30.062449,0,ok,logs/seed_137836.log
560927,irt_only,GHEFT,0,0.0,0,0,1,0.1475,0.2055,0.353,,,,,,,,,,,,,,,,,45.96613908794789,1.1241,49,10,319,154,94,60,27.218732,0,ok,logs/seed_560927.log
47925,irt_only,GHEFT,0,0.0,0,0,1,0.1722,0.2316,0.4038,,,,,,,,,,,,,,,,,40.71529376437848,1.0311,51,12,306,163,117,46,25.600507,0,ok,logs/seed_47925.log
667073,irt_only,GHEFT,0,0.0,0,0,1,0.1552,0.1598,0.315,,,,,,,,,,,,,,,,,43.64894215618521,1.1266,43,10,305,160,125,35,21.205192,0,ok,logs/seed_667073.log
153349,irt_only,GHEFT,0,0.0,0,0,1,0.1725,0.1845,0.357,,,,,,,,,,,,,,,,,49.79941701210654,1.0192,55,14,338,198,143,55,27.118649,0,ok,logs/seed_153349.log
263035,irt_only,GHEFT,0,0.0,0,0,1,0.1588,0.1941,0.3529,,,,,,,,,,,,,,,,,47.778824980299454,1.2335,54,11,340,156,126,30,27.041607,0,ok,logs/seed_263035.log
782665,irt_only,GHEFT,0,0.0,0,0,1,0.1522,0.192,0.3442,,,,,,,,,,,,,,,,,55.817229635901775,1.1412,51,11,329,167,118,49,24.37753,0,ok,logs/seed_782665.log
372049,irt_only,GHEFT,0,0.0,0,0,1,0.1712,0.1662,0.3374,,,,,,,,,,,,,,,,,47.26267633587786,1.0062,53,11,347,181,138,43,26.222847,0,ok,logs/seed_372049.log
15262,irt_only,GHEFT,0,0.0,0,0,1,0.1906,0.2656,0.4562,,,,,,,,,,,,,,,,,42.26905599393021,1.2454,46,12,304,152,109,43,25.419102,0,ok,logs/seed_15262.log
745342,irt_only,GHEFT,0,0.0,0,0,1,0.186,0.1755,0.3615,,,,,,,,,,,,,,,,,45.01447722772277,1.1186,56,12,350,170,122,48,30.74451,0,ok,logs/seed_745342.log
437809,irt_only,GHEFT,0,0.0,0,0,1,0.1851,0.1936,0.3787,,,,,,,,,,,,,,,,,39.95270799390986,1.1342,44,11,293,148,118,30,21.6858,0,ok,logs/seed_437809.log
987435,irt_only,GHEFT,0,0.0,0,0,1,0.1901,0.1851,0.3752,,,,,,,,,,,,,,,,,39.329484275184285,1.3185,47,10,328,159,115,44,29.059298,0,ok,logs/seed_987435.log
146585,irt_only,GHEFT,0,0.0,0,0,1,0.166,0.2032,0.3692,,,,,,,,,,,,,,,,,56.990904575163405,1.3027,58,13,341,170,115,55,29.571202,0,ok,logs/seed_146585.log
368863,irt_only,GHEFT,0,0.0,0,0,1,0.1638,0.1909,0.3547,,,,,,,,,,,,,,,,,54.545700000000004,1.1318,53,11,333,166,115,51,32.922833,0,ok,logs/seed_368863.log
572806,irt_only,GHEFT,0,0.0,0,0,1,0.175,0.2091,0.3841,,,,,,,,,,,,,,,,,41.04158974358974,1.1316,49,12,340,186,132,54,31.288696,0,ok,logs/seed_572806.log
198288,irt_only,GHEFT,0,0.0,0,0,1,0.1831,0.2024,0.3855,,,,,,,,,,,,,,,,,41.372087984815614,1.1751,57,12,336,166,125,41,31.438326,0,ok,logs/seed_198288.log
110116,irt_only,GHEFT,0,0.0,0,0,1,0.1619,0.1698,0.3317,,,,,,,,,,,,,,,,,46.21688224572052,1.0328,47,11,324,143,89,54,25.543508,0,ok,logs/seed_110116.log
149047,irt_only,GHEFT,0,0.0,0,0,1,0.1856,0.1938,0.3794,,,,,,,,,,,,,,,,,38.32675756718528,1.2254,48,11,343,146,115,31,30.656616,0,ok,logs/seed_149047.log
864824,irt_only,GHEFT,0,0.0,0,0,1,0.1611,0.2211,0.3822,,,,,,,,,,,,,,,,,48.78663780068728,1.3918,51,13,309,167,123,44,24.394796,0,ok,logs/seed_864824.log
801768,irt_only,GHEFT,0,0.0,0,0,1,0.1728,0.1711,0.3439,,,,,,,,,,,,,,,,,43.294512018140594,1.2054,46,10,323,163,112,51,28.689451,0,ok,logs/seed_801768.log
262875,irt_only,GHEFT,0,0.0,0,0,1,0.172,0.177,0.349,,,,,,,,,,,,,,,,,45.78817616777884,1.1833,47,10,317,139,108,31,25.97581,0,ok,logs/seed_262875.log
524794,irt_only,GHEFT,0,0.0,0,0,1,0.1503,0.1575,0.3078,,,,,,,,,,,,,,,,,52.451286550976135,1.039,44,9,321,138,107,31,36.640798,0,ok,logs/seed_524794.log
824487,irt_only,GHEFT,0,0.0,0,0,1,0.1584,0.2154,0.3738,,,,,,,,,,,,,,,,,58.51758034137729,1.2944,49,10,311,146,109,37,21.9579,0,ok,logs/seed_824487.log
927335,irt_only,GHEFT,0,0.0,0,0,1,0.1683,0.1942,0.3625,,,,,,,,,,,,,,,,,54.3960606060606,1.1873,46,12,319,154,116,38,27.0214,0,ok,logs/seed_927335.log
982015,irt_only,GHEFT,0,0.0,0,0,1,0.1781,0.1929,0.371,,,,,,,,,,,,,,,,,41.325971132376395,1.3013,50,11,298,149,115,34,25.12409,0,ok,logs/seed_982015.log
205178,irt_only,GHEFT,0,0.0,0,0,1,0.1654,0.2024,0.3678,,,,,,,,,,,,,,,,,36.32857928994082,1.3288,52,11,326,149,111,38,22.872644,0,ok,logs/seed_205178.log
888604,irt_only,GHEFT,0,0.0,0,0,1,0.1657,0.2145,0.3802,,,,,,,,,,,,,,,,,52.20733082489148,1.0632,55,11,329,171,118,53,28.470969,0,ok,logs/seed_888604.log
546566,irt_only,GHEFT,0,0.0,0,0,1,0.1806,0.1523,0.3329,,,,,,,,,,,,,,,,,49.05131648351648,1.0196,50,11,299,166,112,54,22.758384,0,ok,logs/seed_546566.log
939943,irt_only,GHEFT,0,0.0,0,0,1,0.1808,0.2012,0.382,,,,,,,,,,,,,,,,,43.45634581373472,1.2423,49,13,314,163,125,38,23.411012,0,ok,logs/seed_939943.log
461796,irt_only,GHEFT,0,0.0,0,0,1,0.1711,0.222,0.3931,,,,,,,,,,,,,,,,,44.98802762430938,1.0093,58,11,332,152,116,36,29.484201,0,ok,logs/seed_461796.log
683805,irt_only,GHEFT,0,0.0,0,0,1,0.1756,0.1816,0.3572,,,,,,,,,,,,,,,,,50.15649999999999,1.2424,52,12,336,178,119,59,28.098728,0,ok,logs/seed_683805.log
273298,irt_only,GHEFT,0,0.0,0,0,1,0.1548,0.1546,0.3094,,,,,,,,,,,,,,,,,43.02208953488372,1.0667,47,12,353,151,111,40,27.086115,0,ok,logs/seed_273298.log
870064,irt_only,GHEFT,0,0.0,0,0,1,0.1994,0.2468,0.4462,,,,,,,,,,,,,,,,,42.422323853211005,1.1839,42,12,298,159,129,30,21.267446,0,ok,logs/seed_870064.log
739336,irt_only,GHEFT,0,0.0,0,0,1,0.1542,0.1922,0.3464,,,,,,,,,,,,,,,,,51.550690332805075,1.1006,46,12,298,167,117,50,22.109995,0,ok,logs/seed_739336.log
374908,irt_only,GHEFT,0,0.0,0,0,1,0.1734,0.2359,0.4093,,,,,,,,,,,,,,,,,37.32484203512015,1.1418,47,10,319,159,114,45,24.988832,0,ok,logs/seed_374908.log
489107,irt_only,GHEFT,0,0.0,0,0,1,0.1594,0.1775,0.3369,,,,,,,,,,,,,,,,,49.323618469657006,1.0398,52,12,336,181,118,63,26.778291,0,ok,logs/seed_489107.log
676170,irt_only,GHEFT,0,0.0,0,0,1,0.1613,0.1893,0.3506,,,,,,,,,,,,,,,,,47.712520231213865,1.0801,53,13,357,173,139,34,31.977878,0,ok,logs/seed_676170.log
946643,irt_only,GHEFT,0,0.0,0,0,1,0.1855,0.2469,0.4324,,,,,,,,,,,,,,,,,39.51243684905661,1.0922,54,14,332,186,121,65,24.535722,0,ok,logs/seed_946643.log
245576,irt_only,GHEFT,0,0.0,0,0,1,0.1712,0.2258,0.397,,,,,,,,,,,,,,,,,37.260785910485936,1.0833,52,11,335,168,122,46,23.578744,0,ok,logs/seed_245576.log
61677,irt_only,GHEFT,0,0.0,0,0,1,0.1755,0.1948,0.3703,,,,,,,,,,,,,,,,,48.94007663885577,1.0747,49,10,326,174,121,53,26.990226,0,ok,logs/seed_61677.log
985204,irt_only,GHEFT,0,0.0,0,0,1,0.1613,0.2313,0.3926,,,,,,,,,,,,,,,,,45.942198734177225,1.2891,56,12,342,153,109,44,22.936075,0,ok,logs/seed_985204.log
957734,irt_only,GHEFT,0,0.0,0,0,1,0.1823,0.2233,0.4056,,,,,,,,,,,,,,,,,37.43803757225432,1.2038,54,12,329,164,132,32,17.861155,0,ok,logs/seed_957734.log
586973,irt_only,GHEFT,0,0.0,0,0,1,0.157,0.1719,0.3289,,,,,,,,,,,,,,,,,44.43330680628272,1.2014,45,11,330,159,119,40,18.976553,0,ok,logs/seed_586973.log
81222,irt_only,GHEFT,0,0.0,0,0,1,0.159,0.1983,0.3573,,,,,,,,,,,,,,,,,43.270975,1.3412,46,12,315,156,113,43,11.418702,0,ok,logs/seed_81222.log
985268,irt_only,GHEFT,0,0.0,0,0,1,0.1839,0.2277,0.4116,,,,,,,,,,,,,,,,,38.599785635359126,1.0536,53,12,340,176,130,46,12.904324,0,ok,logs/seed_985268.log
240715,irt_only,GHEFT,0,0.0,0,0,1,0.1864,0.2078,0.3942,,,,,,,,,,,,,,,,,47.931980888183986,1.3091,54,12,315,164,124,40,15.434178,0,ok,logs/seed_240715.log
336806,irt_only,GHEFT,0,0.0,0,0,1,0.1759,0.2345,0.4104,,,,,,,,,,,,,,,,,47.814661538461536,1.4288,58,12,345,184,124,60,17.713632,0,ok,logs/seed_336806.log
431396,irt_only,GHEFT,0,0.0,0,0,1,0.1873,0.1977,0.385,,,,,,,,,,,,,,,,,42.350515894868586,1.1456,51,12,308,168,124,44,15.350233,0,ok,logs/seed_431396.log
850253,irt_only,GHEFT,0,0.0,0,0,1,0.1754,0.2075,0.3829,,,,,,,,,,,,,,,,,36.728885171102654,1.044,52,12,316,173,127,46,14.767911,0,ok,logs/seed_850253.log
342204,irt_only,GHEFT,0,0.0,0,0,1,0.1833,0.212,0.3953,,,,,,,,,,,,,,,,,36.97317060651289,1.2406,53,13,336,169,99,70,14.231543,0,ok,logs/seed_342204.log
810991,irt_only,GHEFT,0,0.0,0,0,1,0.1536,0.1546,0.3082,,,,,,,,,,,,,,,,,40.40476863754045,1.0669,47,10,291,140,106,34,25.275414,0,ok,logs/seed_810991.log
895124,irt_only,GHEFT,0,0.0,0,0,1,0.1574,0.2146,0.372,,,,,,,,,,,,,,,,,43.675422022838504,1.2535,53,11,344,163,125,38,27.656701,0,ok,logs/seed_895124.log
437866,irt_only,GHEFT,0,0.0,0,0,1,0.1859,0.215,0.4009,,,,,,,,,,,,,,,,,50.94637342462551,1.2174,47,12,308,145,108,37,28.848135,0,ok,logs/seed_437866.log
246441,irt_only,GHEFT,0,0.0,0,0,1,0.1571,0.1481,0.3052,,,,,,,,,,,,,,,,,42.90717461928935,1.0333,54,13,331,174,123,51,27.844608,0,ok,logs/seed_246441.log
834777,irt_only,GHEFT,0,0.0,0,0,1,0.175,0.2244,0.3994,,,,,,,,,,,,,,,,,43.353751445086694,1.126,58,16,332,168,116,52,26.47485,0,ok,logs/seed_834777.log
159109,irt_only,GHEFT,0,0.0,0,0,1,0.1596,0.1676,0.3272,,,,,,,,,,,,,,,,,51.2659319386332,1.3093,52,11,341,165,124,41,25.885521,0,ok,logs/seed_159109.log
469145,irt_only,GHEFT,0,0.0,0,0,1,0.1701,0.172,0.3421,,,,,,,,,,,,,,,,,40.9179074516129,1.2032,43,10,315,167,135,32,18.834018,0,ok,logs/seed_469145.log
359039,irt_only,GHEFT,0,0.0,0,0,1,0.167,0.1656,0.3326,,,,,,,,,,,,,,,,,45.05693098585573,1.1005,46,11,330,138,94,44,22.758956,0,ok,logs/seed_359039.log
441554,irt_only,GHEFT,0,0.0,0,0,1,0.1875,0.2327,0.4202,,,,,,,,,,,,,,,,,55.21751457286432,1.0655,48,11,313,142,100,42,27.239961,0,ok,logs/seed_441554.log
981230,irt_only,GHEFT,0,0.0,0,0,1,0.1785,0.2219,0.4004,,,,,,,,,,,,,,,,,43.602439597315445,1.1801,56,13,334,178,133,45,28.759972,0,ok,logs/seed_981230.log
386385,irt_only,GHEFT,0,0.0,0,0,1,0.1777,0.2291,0.4068,,,,,,,,,,,,,,,,,42.85695502121641,1.1079,52,10,312,161,123,38,23.433469,0,ok,logs/seed_386385.log
667900,irt_only,GHEFT,0,0.0,0,0,1,0.1566,0.2238,0.3804,,,,,,,,,,,,,,,,,54.26528205128206,1.5151,46,11,327,145,106,39,28.374002,0,ok,logs/seed_667900.log
361299,irt_only,GHEFT,0,0.0,0,0,1,0.1721,0.2375,0.4096,,,,,,,,,,,,,,,,,38.097971845722306,1.016,53,13,329,179,137,42,28.814987,0,ok,logs/seed_361299.log
270600,irt_only,GHEFT,0,0.0,0,0,1,0.1702,0.1701,0.3403,,,,,,,,,,,,,,,,,40.61738598382749,1.2018,52,14,313,175,137,38,20.165248,0,ok,logs/seed_270600.log
399493,irt_only,GHEFT,0,0.0,0,0,1,0.1562,0.1737,0.3299,,,,,,,,,,,,,,,,,46.91895744680852,1.117,47,11,307,146,113,33,21.094557,0,ok,logs/seed_399493.log
344401,irt_only,GHEFT,0,0.0,0,0,1,0.1963,0.2021,0.3984,,,,,,,,,,,,,,,,,44.72116840509399,1.1353,56,13,338,191,157,34,19.720405,0,ok,logs/seed_344401.log
440653,irt_only,GHEFT,0,0.0,0,0,1,0.1623,0.1675,0.3298,,,,,,,,,,,,,,,,,64.04118837209303,1.2441,58,12,358,177,125,52,13.214334,0,ok,logs/seed_440653.log
422829,irt_only,GHEFT,0,0.0,0,0,1,0.151,0.2424,0.3934,,,,,,,,,,,,,,,,,52.952715936255,1.3073,59,16,321,185,131,54,5.550655,0,ok,logs/seed_422829.log
194493,irt_only,GHEFT,0,0.0,0,0,1,0.1716,0.2023,0.3739,,,,,,,,,,,,,,,,,54.780106504065024,1.2304,56,11,341,173,127,46,27.982824,0,ok,logs/seed_194493.log
79088,irt_only,GHEFT,0,0.0,0,0,1,0.1594,0.2003,0.3597,,,,,,,,,,,,,,,,,49.91137975567189,1.0552,52,11,338,170,117,53,16.428486,0,ok,logs/seed_79088.log
144274,irt_only,GHEFT,0,0.0,0,0,1,0.1411,0.1672,0.3083,,,,,,,,,,,,,,,,,52.188615183246085,1.356,44,11,344,168,134,34,24.452107,0,ok,logs/seed_144274.log
568701,irt_only,GHEFT,0,0.0,0,0,1,0.1935,0.2495,0.443,,,,,,,,,,,,,,,,,37.09770938967136,1.286,47,11,328,146,95,51,24.616053,0,ok,logs/seed_568701.log
643829,irt_only,GHEFT,0,0.0,0,0,1,0.1646,0.1984,0.363,,,,,,,,,,,,,,,,,40.350419254658384,1.1081,58,13,351,166,133,33,26.373749,0,ok,logs/seed_643829.log
271983,irt_only,GHEFT,0,0.0,0,0,1,0.165,0.1783,0.3433,,,,,,,,,,,,,,,,,39.289149499116085,1.0844,52,12,344,171,128,43,26.786842,0,ok,logs/seed_271983.log
197314,irt_only,GHEFT,0,0.0,0,0,1,0.1618,0.1753,0.3371,,,,,,,,,,,,,,,,,42.12562631578948,1.096,53,13,326,163,111,52,25.571219,0,ok,logs/seed_197314.log
994686,irt_only,GHEFT,0,0.0,0,0,1,0.1838,0.2567,0.4405,,,,,,,,,,,,,,,,,44.86188620689656,1.2119,43,10,327,151,122,29,27.82254,0,ok,logs/seed_994686.log
282842,irt_only,GHEFT,0,0.0,0,0,1,0.1782,0.2303,0.4085,,,,,,,,,,,,,,,,,44.37749523809523,1.1803,48,11,305,168,121,47,21.517747,0,ok,logs/seed_282842.log
137602,irt_only,GHEFT,0,0.0,0,0,1,0.1733,0.1711,0.3444,,,,,,,,,,,,,,,,,48.50499371727748,1.0412,53,12,305,162,134,28,29.123909,0,ok,logs/seed_137602.log
472131,irt_only,GHEFT,0,0.0,0,0,1,0.1605,0.1686,0.3291,,,,,,,,,,,,,,,,,53.08966224627874,1.2708,45,11,313,179,146,33,26.030729,0,ok,logs/seed_472131.log
327054,irt_only,GHEFT,0,0.0,0,0,1,0.1794,0.2173,0.3967,,,,,,,,,,,,,,,,,47.83253117206982,1.2553,44,9,314,141,104,37,24.558875,0,ok,logs/seed_327054.log
416581,irt_only,GHEFT,0,0.0,0,0,1,0.1677,0.2057,0.3734,,,,,,,,,,,,,,,,,48.48725897435897,1.1848,51,11,339,166,116,50,26.150612,0,ok,logs/seed_416581.log
223716,irt_only,GHEFT,0,0.0,0,0,1,0.1672,0.2391,0.4063,,,,,,,,,,,,,,,,,52.244244776119416,1.3431,44,12,334,169,137,32,36.713645,0,ok,logs/seed_223716.log
116436,irt_only,GHEFT,0,0.0,0,0,1,0.1759,0.2242,0.4001,,,,,,,,,,,,,,,,,40.39138464730291,1.0896,56,13,342,180,125,55,25.718764,0,ok,logs/seed_116436.log
650936,irt_only,GHEFT,0,0.0,0,0,1,0.1612,0.256,0.4172,,,,,,,,,,,,,,,,,43.60531222879685,1.2947,42,10,290,130,113,17,17.789839,0,ok,logs/seed_650936.log
516657,irt_only,GHEFT,0,0.0,0,0,1,0.1712,0.207,0.3782,,,,,,,,,,,,,,,,,49.97614749403342,1.238,57,14,333,185,137,48,14.938579,0,ok,logs/seed_516657.log
687865,irt_only,GHEFT,0,0.0,0,0,1,0.161,0.2238,0.3848,,,,,,,,,,,,,,,,,48.68915369458128,1.4332,46,12,309,171,134,37,6.031271,0,ok,logs/seed_687865.log
715106,irt_only,GHEFT,0,0.0,0,0,1,0.173,0.1843,0.3573,,,,,,,,,,,,,,,,,49.037054596100276,1.1395,47,9,329,153,126,27,33.823859,0,ok,logs/seed_715106.log
293374,irt_only,GHEFT,0,0.0,0,0,1,0.1726,0.2139,0.3865,,,,,,,,,,,,,,,,,39.89484532019705,1.0156,49,11,315,148,104,44,25.017654,0,ok,logs/seed_293374.log
658834,irt_only,GHEFT,0,0.0,0,0,1,0.1853,0.2644,0.4497,,,,,,,,,,,,,,,,,40.733831979695424,1.2189,50,12,321,138,111,27,26.66524,0,ok,logs/seed_658834.log
23329,irt_only,GHEFT,0,0.0,0,0,1,0.1745,0.1703,0.3448,,,,,,,,,,,,,,,,,37.655953020134234,1.2079,50,12,328,183,141,42,20.994066,0,ok,logs/seed_23329.log
661707,irt_only,GHEFT,0,0.0,0,0,1,0.1827,0.1929,0.3756,,,,,,,,,,,,,,,,,48.53742087912089,1.0425,53,12,328,176,131,45,24.809641,0,ok,logs/seed_661707.log
579773,irt_only,GHEFT,0,0.0,0,0,1,0.1828,0.2376,0.4204,,,,,,,,,,,,,,,,,48.78694337349397,1.2316,51,13,311,172,116,56,24.429457,0,ok,logs/seed_579773.log
688431,irt_only,GHEFT,0,0.0,0,0,1,0.167,0.1865,0.3535,,,,,,,,,,,,,,,,,61.56260742637645,1.3542,42,10,315,153,119,34,27.812382,0,ok,logs/seed_688431.log
735633,irt_only,GHEFT,0,0.0,0,0,1,0.1702,0.196,0.3662,,,,,,,,,,,,,,,,,50.525649056603775,1.1587,46,12,317,171,112,59,21.08939,0,ok,logs/seed_735633.log
208263,irt_only,GHEFT,0,0.0,0,0,1,0.1678,0.1875,0.3553,,,,,,,,,,,,,,,,,47.838417569193744,1.1249,52,14,324,182,128,54,23.659644,0,ok,logs/seed_208263.log
733953,irt_only,GHEFT,0,0.0,0,0,1,0.1752,0.1824,0.3576,,,,,,,,,,,,,,,,,40.35847888446215,1.0108,53,12,343,168,127,41,25.904422,0,ok,logs/seed_733953.log
241442,irt_only,GHEFT,0,0.0,0,0,1,0.1651,0.2345,0.3996,,,,,,,,,,,,,,,,,43.644702631543154,1.345,58,14,310,157,108,49,26.46047,0,ok,logs/seed_241442.log
665452,irt_only,GHEFT,0,0.0,0,0,1,0.1784,0.1868,0.3652,,,,,,,,,,,,,,,,,49.10812020033389,1.15,54,10,320,172,128,44,28.403679,0,ok,logs/seed_665452.log
631051,irt_only,GHEFT,0,0.0,0,0,1,0.1658,0.194,0.3598,,,,,,,,,,,,,,,,,37.08731920903955,1.2756,50,11,336,153,107,46,21.097925,0,ok,logs/seed_631051.log
497919,irt_only,GHEFT,0,0.0,0,0,1,0.1574,0.1908,0.3482,,,,,,,,,,,,,,,,,44.620706711409404,1.0817,55,14,333,183,122,61,22.26508,0,ok,logs/seed_497919.log
960027,irt_only,GHEFT,0,0.0,0,0,1,0.1847,0.2,0.3847,,,,,,,,,,,,,,,,,37.90772087577639,1.1822,43,9,300,141,93,48,13.774566,0,ok,logs/seed_960027.log
305476,irt_only,GHEFT,0,0.0,0,0,1,0.1942,0.2434,0.4376,,,,,,,,,,,,,,,,,51.85974882260597,1.0879,49,11,317,161,127,34,14.042718,0,ok,logs/seed_305476.log
365837,irt_only,GHEFT,0,0.0,0,0,1,0.1595,0.1916,0.3511,,,,,,,,,,,,,,,,,57.26385962815405,1.3903,50,11,322,166,109,57,11.643009,0,ok,logs/seed_365837.log
514986,irt_only,GHEFT,0,0.0,0,0,1,0.1546,0.2417,0.3963,,,,,,,,,,,,,,,,,59.97120677290837,1.0496,48,11,315,170,109,61,11.590217,0,ok,logs/seed_514986.log
291361,irt_only,GHEFT,0,0.0,0,0,1,0.2001,0.1941,0.3942,,,,,,,,,,,,,,,,,48.402705882352954,1.1708,47,9,333,159,124,35,12.462768,0,ok,logs/seed_291361.log
831040,irt_only,GHEFT,0,0.0,0,0,1,0.1709,0.1792,0.3501,,,,,,,,,,,,,,,,,51.61411085899515,1.1959,44,12,297,144,107,37,10.240276,0,ok,logs/seed_831040.log
900613,irt_only,GHEFT,0,0.0,0,0,1,0.1632,0.1881,0.3513,,,,,,,,,,,,,,,,,45.93908115746974,1.1906,51,11,304,155,113,42,10.446532,0,ok,logs/seed_900613.log
738426,irt_only,GHEFT,0,0.0,0,0,1,0.1704,0.2125,0.3829,,,,,,,,,,,,,,,,,44.51064985250738,1.1089,53,11,344,172,130,42,12.829905,0,ok,logs/seed_738426.log
924607,irt_only,GHEFT,0,0.0,0,0,1,0.1765,0.2587,0.4352,,,,,,,,,,,,,,,,,43.045808345120236,1.0972,50,12,321,172,119,53,13.61102,0,ok,logs/seed_924607.log
461861,irt_only,GHEFT,0,0.0,0,0,1,0.1545,0.2011,0.3556,,,,,,,,,,,,,,,,,44.686351874573965,1.3566,46,10,312,120,93,27,9.576453,0,ok,logs/seed_461861.log
854725,irt_only,GHEFT,0,0.0,0,0,1,0.1754,0.2047,0.3801,,,,,,,,,,,,,,,,,39.284290993414864,1.0962,62,14,358,186,120,66,11.563602,0,ok,logs/seed_854725.log
808927,irt_only,GHEFT,0,0.0,0,0,1,0.1807,0.2648,0.4455,,,,,,,,,,,,,,,,,41.59778519355414,1.1771,46,10,329,141,105,36,14.794956,0,ok,logs/seed_808927.log
826006,irt_only,GHEFT,0,0.0,0,0,1,0.1655,0.2112,0.3767,,,,,,,,,,,,,,,,,44.764490116927135,1.0367,52,13,329,178,140,38,11.960976,0,ok,logs/seed_826006.log
522333,irt_only,GHEFT,0,0.0,0,0,1,0.1693,0.256,0.4253,,,,,,,,,,,,,,,,,47.46162777777779,1.2766,51,12,324,162,111,51,11.588986,0,ok,logs/seed_522333.log
245912,irt_only,GHEFT,0,0.0,0,0,1,0.1823,0.2443,0.4266,,,,,,,,,,,,,,,,,52.51814379562044,1.1486,49,11,321,160,117,43,13.305884,0,ok,logs/seed_245912.log
758389,irt_only,GHEFT,0,0.0,0,0,1,0.1799,0.2095,0.3894,,,,,,,,,,,,,,,,,43.857658088788554,1.3406,50,11,309,161,131,30,25.462843,0,ok,logs/seed_758389.log
631363,irt_only,GHEFT,0,0.0,0,0,1,0.1724,0.2059,0.3783,,,,,,,,,,,,,,,,,42.98043245033114,1.1567,58,11,326,167,113,54,26.972058,0,ok,logs/seed_631363.log
766985,irt_only,GHEFT,0,0.0,0,0,1,0.175,0.1804,0.3554,,,,,,,,,,,,,,,,,42.23985542902712,1.0901,53,13,310,167,115,52,28.690858,0,ok,logs/seed_766985.log
582309,irt_only,GHEFT,0,0.0,0,0,1,0.1771,0.1636,0.3407,,,,,,,,,,,,,,,,,42.008434065934054,1.285,41,9,297,125,93,32,20.232908,0,ok,logs/seed_582309.log
846927,irt_only,GHEFT,0,0.0,0,0,1,0.1654,0.2157,0.3811,,,,,,,,,,,,,,,,,50.364525407166106,1.4353,51,12,359,157,98,59,30.823895,0,ok,logs/seed_846927.log
763059,irt_only,GHEFT,0,0.0,0,0,1,0.1867,0.2322,0.4189,,,,,,,,,,,,,,,,,57.53223948635633,1.3744,50,10,317,159,112,47,21.247553,0,ok,logs/seed_763059.log
861602,irt_only,GHEFT,0,0.0,0,0,1,0.1968,0.2209,0.4177,,,,,,,,,,,,,,,,,38.454070841269846,1.166,53,12,345,179,120,59,26.154574,0,ok,logs/seed_861602.log
631173,irt_only,GHEFT,0,0.0,0,0,1,0.1753,0.1846,0.3599,,,,,,,,,,,,,,,,,44.00653731853116,1.0808,57,13,323,154,109,45,31.515307,0,ok,logs/seed_631173.log
53408,irt_only,GHEFT,0,0.0,0,0,1,0.1752,0.2241,0.3993,,,,,,,,,,,,,,,,,44.822393206197866,1.1472,54,11,314,166,134,32,31.312376,0,ok,logs/seed_53408.log
328439,irt_only,GHEFT,0,0.0,0,0,1,0.1621,0.1857,0.3478,,,,,,,,,,,,,,,,,43.15289059796339,1.2044,52,11,322,150,98,52,25.787744,0,ok,logs/seed_328439.log
1087,irt_only,GHEFT,0,0.0,0,0,1,0.1609,0.2131,0.374,,,,,,,,,,,,,,,,,48.82399667194928,1.1434,55,14,328,176,122,54,25.441828,0,ok,logs/seed_1087.log
577361,irt_only,GHEFT,0,0.0,0,0,1,0.1847,0.2314,0.4161,,,,,,,,,,,,,,,,,44.86057826086957,1.084,61,12,336,175,118,57,24.837616,0,ok,logs/seed_577361.log
72146,irt_only,GHEFT,0,0.0,0,0,1,0.1713,0.2071,0.3784,,,,,,,,,,,,,,,,,39.25537881548974,1.175,56,12,341,193,140,53,21.962309,0,ok,logs/seed_72146.log
479068,irt_only,GHEFT,0,0.0,0,0,1,0.1431,0.1877,0.3308,,,,,,,,,,,,,,,,,43.12457549664429,1.3672,55,14,305,163,97,66,13.522042,0,ok,logs/seed_479068.log
267093,irt_only,GHEFT,0,0.0,0,0,1,0.134,0.1697,0.3037,,,,,,,,,,,,,,,,,54.618908219178074,1.3576,48,13,326,168,128,40,10.084413,0,ok,logs/seed_267093.log
174052,irt_only,GHEFT,0,0.0,0,0,1,0.1563,0.1881,0.3444,,,,,,,,,,,,,,,,,42.72117590454196,1.1469,48,11,321,161,120,41,27.818104,0,ok,logs/seed_174052.log
224195,irt_only,GHEFT,0,0.0,0,0,1,0.1442,0.1619,0.3061,,,,,,,,,,,,,,,,,40.15164522292994,1.1142,53,12,323,166,105,61,23.509383,0,ok,logs/seed_224195.log
203906,irt_only,GHEFT,0,0.0,0,0,1,0.1809,0.2314,0.4123,,,,,,,,,,,,,,,,,49.45428682170543,1.3003,53,13,315,187,142,45,24.9822,0,ok,logs/seed_203906.log
223610,irt_only,GHEFT,0,0.0,0,0,1,0.1597,0.221,0.3807,,,,,,,,,,,,,,,,,39.79350128913444,1.1785,47,10,331,154,114,40,23.002146,0,ok,logs/seed_223610.log
765827,irt_only,GHEFT,0,0.0,0,0,1,0.168,0.2166,0.3846,,,,,,,,,,,,,,,,,47.356453403933436,1.148,58,13,345,193,142,51,25.209232,0,ok,logs/seed_765827.log
597825,irt_only,GHEFT,0,0.0,0,0,1,0.1757,0.2167,0.3924,,,,,,,,,,,,,,,,,46.77130756013746,1.1266,45,10,314,141,109,32,25.331228,0,ok,logs/seed_597825.log
743325,irt_only,GHEFT,0,0.0,0,0,1,0.1712,0.2329,0.4041,,,,,,,,,,,,,,,,,38.11929679144386,1.2784,50,12,325,157,106,51,26.880047,0,ok,logs/seed_743325.log
459404,irt_only,GHEFT,0,0.0,0,0,1,0.1395,0.1727,0.3122,,,,,,,,,,,,,,,,,47.20419441340782,1.1203,54,12,347,179,118,61,23.85084,0,ok,logs/seed_459404.log
644891,irt_only,GHEFT,0,0.0,0,0,1,0.1752,0.2146,0.3898,,,,,,,,,,,,,,,,,52.11685474907201,1.1835,50,11,339,167,131,36,27.465713,0,ok,logs/seed_644891.log
112316,irt_only,GHEFT,0,0.0,0,0,1,0.1706,0.1877,0.3583,,,,,,,,,,,,,,,,,44.940999999999995,1.151,51,11,324,146,119,27,30.3144,0,ok,logs/seed_112316.log
708240,irt_only,GHEFT,0,0.0,0,0,1,0.1657,0.2143,0.38,,,,,,,,,,,,,,,,,44.660394043887145,1.0505,43,12,308,176,124,52,23.159213,0,ok,logs/seed_708240.log
988612,irt_only,GHEFT,0,0.0,0,0,1,0.1718,0.1614,0.3332,,,,,,,,,,,,,,,,,46.09956801007558,1.2991,50,10,323,160,113,47,20.878165,0,ok,logs/seed_988612.log
737269,irt_only,GHEFT,0,0.0,0,0,1,0.183,0.2216,0.4046,,,,,,,,,,,,,,,,,49.49532292051756,1.1685,54,13,324,178,114,64,26.618435,0,ok,logs/seed_737269.log
670045,irt_only,GHEFT,0,0.0,0,0,1,0.1742,0.1886,0.3628,,,,,,,,,,,,,,,,,49.92340497803806,1.369,46,12,309,162,116,46,23.993367,0,ok,logs/seed_670045.log
697981,irt_only,GHEFT,0,0.0,0,0,1,0.1576,0.2007,0.3583,,,,,,,,,,,,,,,,,38.039843298969075,1.1476,60,11,340,170,118,52,26.961936,0,ok,logs/seed_697981.log
940926,irt_only,GHEFT,0,0.0,0,0,1,0.2025,0.245,0.4475,,,,,,,,,,,,,,,,,46.7870725388601,1.4118,52,10,336,170,130,40,23.300877,0,ok,logs/seed_940926.log
245466,irt_only,GHEFT,0,0.0,0,0,1,0.1915,0.2181,0.4096,,,,,,,,,,,,,,,,,51.000360439560446,1.0936,46,11,328,152,122,30,25.105496,0,ok,logs/seed_245466.log
863385,irt_only,GHEFT,0,0.0,0,0,1,0.1739,0.1716,0.3455,,,,,,,,,,,,,,,,,50.94899086651053,1.1926,50,13,324,169,116,53,11.024642,0,ok,logs/seed_863385.log
502084,irt_only,GHEFT,0,0.0,0,0,1,0.1697,0.2262,0.3959,,,,,,,,,,,,,,,,,45.36635418994413,1.0416,56,10,349,183,147,36,23.180915,0,ok,logs/seed_502084.log
268333,irt_only,GHEFT,0,0.0,0,0,1,0.179,0.1684,0.3474,,,,,,,,,,,,,,,,,39.69459008674102,1.3221,50,11,322,135,97,38,16.913316,0,ok,logs/seed_268333.log
889172,irt_only,GHEFT,0,0.0,0,0,1,0.1657,0.1666,0.3323,,,,,,,,,,,,,,,,,40.4038103843009,1.0394,50,10,312,168,122,46,17.205341,0,ok,logs/seed_889172.log
768859,irt_only,GHEFT,0,0.0,0,0,1,0.165,0.2124,0.3774,,,,,,,,,,,,,,,,,42.73569014778325,1.1866,55,14,336,181,145,36,15.505224,0,ok,logs/seed_768859.log
108511,irt_only,GHEFT,0,0.0,0,0,1,0.1704,0.2252,0.3956,,,,,,,,,,,,,,,,,39.82981983264746,1.2105,54,12,339,175,126,49,22.813432,0,ok,logs/seed_108511.log
828273,irt_only,GHEFT,0,0.0,0,0,1,0.1659,0.1845,0.3504,,,,,,,,,,,,,,,,,40.13692028020566,1.0304,49,10,314,160,133,27,14.341935,0,ok,logs/seed_828273.log
932667,irt_only,GHEFT,0,0.0,0,0,1,0.1578,0.1767,0.3345,,,,,,,,,,,,,,,,,37.64603006793049,1.2073,53,14,309,176,120,56,18.374103,0,ok,logs/seed_932667.log
245421,irt_only,GHEFT,0,0.0,0,0,1,0.1636,0.1869,0.3505,,,,,,,,,,,,,,,,,47.326247747747736,1.3072,50,14,319,164,104,60,15.175808,0,ok,logs/seed_245421.log
678641,irt_only,GHEFT,0,0.0,0,0,1,0.1885,0.195,0.3835,,,,,,,,,,,,,,,,,48.63023508541393,1.105,58,13,333,192,131,61,20.076649,0,ok,logs/seed_678641.log
935125,irt_only,GHEFT,0,0.0,0,0,1,0.183,0.2331,0.4161,,,,,,,,,,,,,,,,,47.261954320987655,1.1044,51,12,343,165,113,52,20.952322,0,ok,logs/seed_935125.log
605287,irt_only,GHEFT,0,0.0,0,0,1,0.1779,0.233,0.4109,,,,,,,,,,,,,,,,,52.63308518518518,1.3321,47,9,314,158,115,43,21.160723,0,ok,logs/seed_605287.log
241117,irt_only,GHEFT,0,0.0,0,0,1,0.1928,0.18,0.3728,,,,,,,,,,,,,,,,,50.863422209165684,1.0897,50,12,342,164,111,53,18.68549,0,ok,logs/seed_241117.log
137693,irt_only,GHEFT,0,0.0,0,0,1,0.1446,0.2017,0.3463,,,,,,,,,,,,,,,,,47.29604485714285,1.4247,61,15,346,180,117,63,15.508315,0,ok,logs/seed_137693.log
519815,irt_only,GHEFT,0,0.0,0,0,1,0.182,0.2092,0.3912,,,,,,,,,,,,,,,,,44.70996489028212,1.149,40,8,327,145,120,25,8.673122,0,ok,logs/seed_519815.log
825689,irt_only,GHEFT,0,0.0,0,0,1,0.1725,0.1853,0.3578,,,,,,,,,,,,,,,,,46.70090213299874,1.1142,60,15,333,200,139,61,5.691632,0,ok,logs/seed_825689.log
266300,irt_only,GHEFT,0,0.0,0,0,1,0.1831,0.1948,0.3779,,,,,,,,,,,,,,,,,38.07908159701492,1.0683,47,10,318,158,129,29,16.723514,0,ok,logs/seed_266300.log
353884,irt_only,GHEFT,0,0.0,0,0,1,0.1742,0.2242,0.3984,,,,,,,,,,,,,,,,,68.26965757575756,1.4978,44,9,319,138,94,44,17.837167,0,ok,logs/seed_353884.log
141574,irt_only,GHEFT,0,0.0,0,0,1,0.1692,0.1542,0.3234,,,,,,,,,,,,,,,,,47.97908850574712,1.0427,55,13,353,195,136,59,21.832691,0,ok,logs/seed_141574.log
211351,irt_only,GHEFT,0,0.0,0,0,1,0.1774,0.2036,0.381,,,,,,,,,,,,,,,,,46.7653746835443,1.1078,45,10,333,162,118,44,18.359752,0,ok,logs/seed_211351.log
64745,irt_only,GHEFT,0,0.0,0,0,1,0.146,0.156,0.302,,,,,,,,,,,,,,,,,54.68466247426982,1.102,51,10,341,168,117,51,21.914241,0,ok,logs/seed_64745.log
827551,irt_only,GHEFT,0,0.0,0,0,1,0.1835,0.249,0.4325,,,,,,,,,,,,,,,,,55.00438986889154,1.231,45,11,282,146,131,15,20.025438,0,ok,logs/seed_827551.log
236634,irt_only,GHEFT,0,0.0,0,0,1,0.1742,0.2047,0.3789,,,,,,,,,,,,,,,,,42.867248255689425,1.2031,54,14,314,167,128,39,17.938326,0,ok,logs/seed_236634.log
554061,irt_only,GHEFT,0,0.0,0,0,1,0.168,0.1965,0.3645,,,,,,,,,,,,,,,,,49.52234999999999,1.1399,42,11,297,150,103,47,19.807831,0,ok,logs/seed_554061.log
473253,irt_only,GHEFT,0,0.0,0,0,1,0.1525,0.1618,0.3143,,,,,,,,,,,,,,,,,42.962372727272715,1.1128,45,10,298,149,105,44,18.661937,0,ok,logs/seed_473253.log
397414,irt_only,GHEFT,0,0.0,0,0,1,0.179,0.2609,0.4399,,,,,,,,,,,,,,,,,52.27762253521127,1.4744,58,11,349,166,116,50,26.105669,0,ok,logs/seed_397414.log
237902,irt_only,GHEFT,0,0.0,0,0,1,0.1709,0.178,0.3489,,,,,,,,,,,,,,,,,41.74031584699453,1.1511,49,12,311,145,101,44,20.164256,0,ok,logs/seed_237902.log
57519,irt_only,GHEFT,0,0.0,0,0,1,0.1561,0.1752,0.3313,,,,,,,,,,,,,,,,,39.70063976083708,1.2138,52,11,325,146,104,42,21.590639,0,ok,logs/seed_57519.log
505780,irt_only,GHEFT,0,0.0,0,0,1,0.188,0.1881,0.3761,,,,,,,,,,,,,,,,,44.81770343980344,1.069,45,12,305,151,105,46,17.366862,0,ok,logs/seed_505780.log
353215,irt_only,GHEFT,0,0.0,0,0,1,0.1376,0.1623,0.2999,,,,,,,,,,,,,,,,,47.96651201201202,1.1909,52,12,342,162,105,57,13.834444,0,ok,logs/seed_353215.log
60194,irt_only,GHEFT,0,0.0,0,0,1,0.1754,0.2,0.3754,,,,,,,,,,,,,,,,,40.24485031506848,1.3197,54,11,329,163,116,47,10.404992,0,ok,logs/seed_60194.log
21327,irt_only,GHEFT,0,0.0,0,0,1,0.1714,0.1795,0.3509,,,,,,,,,,,,,,,,,49.12971204819277,1.0293,44,11,326,167,125,42,27.582744,0,ok,logs/seed_21327.log
551141,irt_only,GHEFT,0,0.0,0,0,1,0.1651,0.16,0.3251,,,,,,,,,,,,,,,,,45.819328571428564,1.2827,46,10,277,161,117,44,20.279168,0,ok,logs/seed_551141.log
504483,irt_only,GHEFT,0,0.0,0,0,1,0.1719,0.2283,0.4002,,,,,,,,,,,,,,,,,35.75003501259445,1.19,50,12,320,147,111,36,26.777398,0,ok,logs/seed_504483.log
50984,irt_only,GHEFT,0,0.0,0,0,1,0.1614,0.1829,0.3443,,,,,,,,,,,,,,,,,50.480768476977566,1.0551,53,12,331,161,126,35,25.314272,0,ok,logs/seed_50984.log
145299,irt_only,GHEFT,0,0.0,0,0,1,0.1782,0.2109,0.3891,,,,,,,,,,,,,,,,,46.25190740740741,1.2114,50,11,317,137,99,38,26.059522,0,ok,logs/seed_145299.log
933274,irt_only,GHEFT,0,0.0,0,0,1,0.1632,0.1729,0.3361,,,,,,,,,,,,,,,,,59.19684516129032,1.2325,57,14,334,182,137,45,28.182233,0,ok,logs/seed_933274.log
321337,irt_only,GHEFT,0,0.0,0,0,1,0.1949,0.2322,0.4271,,,,,,,,,,,,,,,,,42.066860199004964,1.5049,53,12,321,168,125,43,23.969574,0,ok,logs/seed_321337.log
181404,irt_only,GHEFT,0,0.0,0,0,1,0.1772,0.2338,0.411,,,,,,,,,,,,,,,,,51.7109878130217,1.4264,47,9,335,157,115,42,27.515738,0,ok,logs/seed_181404.log
3899,irt_only,GHEFT,0,0.0,0,0,1,0.1675,0.204,0.3715,,,,,,,,,,,,,,,,,53.5457547420965,1.0697,43,13,309,156,122,34,24.066022,0,ok,logs/seed_3899.log
494958,irt_only,GHEFT,0,0.0,0,0,1,0.1943,0.2491,0.4434,,,,,,,,,,,,,,,,,41.07687574378876,1.0355,58,13,301,166,113,53,23.377983,0,ok,logs/seed_494958.log
970507,irt_only,GHEFT,0,0.0,0,0,1,0.1498,0.1962,0.346,,,,,,,,,,,,,,,,,44.03906961220597,1.1719,50,14,315,184,125,59,27.743359,0,ok,logs/seed_970507.log
705866,irt_only,GHEFT,0,0.0,0,0,1,0.1694,0.2182,0.3876,,,,,,,,,,,,,,,,,48.563823370429255,1.1397,54,12,335,173,111,62,29.016183,0,ok,logs/seed_705866.log
296343,irt_only,GHEFT,0,0.0,0,0,1,0.187,0.1974,0.3844,,,,,,,,,,,,,,,,,47.679156248618774,1.4304,55,11,320,160,107,53,21.278815,0,ok,logs/seed_296343.log
586398,irt_only,GHEFT,0,0.0,0,0,1,0.1623,0.1485,0.3108,,,,,,,,,,,,,,,,,42.92149068255687,1.0858,49,14,342,195,147,48,19.856992,0,ok,logs/seed_586398.log
378648,irt_only,GHEFT,0,0.0,0,0,1,0.1786,0.2351,0.4137,,,,,,,,,,,,,,,,,39.74115006610423,1.2113,51,12,316,169,138,31,16.057815,0,ok,logs/seed_378648.log
531966,irt_only,GHEFT,0,0.0,0,0,1,0.1799,0.1923,0.3722,,,,,,,,,,,,,,,,,34.09980177628635,1.1348,49,11,319,143,109,34,7.408555,0,ok,logs/seed_531966.log
596361,irt_only,GHEFT,0,0.0,0,0,1,0.1621,0.1831,0.3452,,,,,,,,,,,,,,,,,40.81119797242498,1.103,47,11,333,169,124,45,19.752921,0,ok,logs/seed_596361.log
60220,irt_only,GHEFT,0,0.0,0,0,1,0.1751,0.1721,0.3472,,,,,,,,,,,,,,,,,42.51290196618356,1.1877,47,10,332,142,92,50,17.720908,0,ok,logs/seed_60220.log
189568,irt_only,GHEFT,0,0.0,0,0,1,0.1677,0.2445,0.4122,,,,,,,,,,,,,,,,,46.558089235294126,1.1,51,10,312,144,105,39,18.576963,0,ok,logs/seed_189568.log
151000,irt_only,GHEFT,0,0.0,0,0,1,0.1602,0.1743,0.3345,,,,,,,,,,,,,,,,,58.70953945818609,1.2385,46,10,302,168,129,39,11.27267,0,ok,logs/seed_151000.log
72402,irt_only,GHEFT,0,0.0,0,0,1,0.1632,0.2226,0.3858,,,,,,,,,,,,,,,,,45.470880423868316,1.0851,52,11,305,153,125,28,14.2751,0,ok,logs/seed_72402.log
983055,irt_only,GHEFT,0,0.0,0,0,1,0.1765,0.2068,0.3833,,,,,,,,,,,,,,,,,41.18957608695652,1.1214,42,9,314,146,115,31,15.536928,0,ok,logs/seed_983055.log
538582,irt_only,GHEFT,0,0.0,0,0,1,0.1746,0.1882,0.3628,,,,,,,,,,,,,,,,,49.38218069522035,1.3151,44,10,301,138,97,41,14.634311,0,ok,logs/seed_538582.log
934509,irt_only,GHEFT,0,0.0,0,0,1,0.1767,0.2148,0.3915,,,,,,,,,,,,,,,,,48.91105162454875,1.2114,54,12,317,150,114,36,19.002146,0,ok,logs/seed_934509.log
220410,irt_only,GHEFT,0,0.0,0,0,1,0.1798,0.163,0.3428,,,,,,,,,,,,,,,,,40.12493425101241,1.2325,38,10,300,134,112,22,14.445424,0,ok,logs/seed_220410.log
755547,irt_only,GHEFT,0,0.0,0,0,1,0.2013,0.235,0.4363,,,,,,,,,,,,,,,,,42.88935209612143,1.028,49,11,325,153,110,43,16.677058,0,ok,logs/seed_755547.log
682666,irt_only,GHEFT,0,0.0,0,0,1,0.143,0.1616,0.3046,,,,,,,,,,,,,,,,,42.570008040201,1.1853,46,13,304,155,109,46,16.819674,0,ok,logs/seed_682666.log
707759,irt_only,GHEFT,0,0.0,0,0,1,0.1617,0.2025,0.3642,,,,,,,,,,,,,,,,,46.910881462799495,1.1206,44,11,304,152,126,26,15.978524,0,ok,logs/seed_707759.log
472298,irt_only,GHEFT,0,0.0,0,0,1,0.1553,0.1774,0.3327,,,,,,,,,,,,,,,,,45.53723493397359,1.278,48,12,323,170,122,48,16.255247,0,ok,logs/seed_472298.log
842827,irt_only,GHEFT,0,0.0,0,0,1,0.1835,0.2017,0.3852,,,,,,,,,,,,,,,,,41.953077605779164,1.11,56,11,335,167,122,45,15.554456,0,ok,logs/seed_842827.log
598514,irt_only,GHEFT,0,0.0,0,0,1,0.2003,0.2131,0.4134,,,,,,,,,,,,,,,,,45.9595906945381,1.1277,47,11,323,163,126,37,11.082238,0,ok,logs/seed_598514.log
985883,irt_only,GHEFT,0,0.0,0,0,1,0.1581,0.1691,0.3272,,,,,,,,,,,,,,,,,43.56943450439146,1.0902,45,11,309,142,105,37,32.690186,0,ok,logs/seed_985883.log
595328,irt_only,GHEFT,0,0.0,0,0,1,0.164,0.2039,0.3679,,,,,,,,,,,,,,,,,48.575505724508055,1.0997,57,10,337,163,125,38,27.546092,0,ok,logs/seed_595328.log
238922,irt_only,GHEFT,0,0.0,0,0,1,0.1723,0.1921,0.3644,,,,,,,,,,,,,,,,,41.90943377483444,1.1476,53,11,337,149,118,31,25.650133,0,ok,logs/seed_238922.log
469556,irt_only,GHEFT,0,0.0,0,0,1,0.1622,0.1873,0.3495,,,,,,,,,,,,,,,,,50.07256640253566,1.2008,45,10,312,135,113,22,23.655643,0,ok,logs/seed_469556.log
108225,irt_only,GHEFT,0,0.0,0,0,1,0.1676,0.201,0.3686,,,,,,,,,,,,,,,,,48.41111090641121,1.0541,45,10,330,136,114,22,21.445836,0,ok,logs/seed_108225.log
899644,irt_only,GHEFT,0,0.0,0,0,1,0.1643,0.2185,0.3828,,,,,,,,,,,,,,,,,46.788169865067466,1.1032,53,13,318,178,108,70,23.687316,0,ok,logs/seed_899644.log
885107,irt_only,GHEFT,0,0.0,0,0,1,0.186,0.2531,0.4391,,,,,,,,,,,,,,,,,50.51524393424347,1.1155,49,11,315,145,111,34,34.614075,0,ok,logs/seed_885107.log
624803,irt_only,GHEFT,0,0.0,0,0,1,0.1674,0.1722,0.3396,,,,,,,,,,,,,,,,,48.33193204172877,1.0863,51,13,326,164,123,41,28.887534,0,ok,logs/seed_624803.log
412384,irt_only,GHEFT,0,0.0,0,0,1,0.1617,0.202,0.3637,,,,,,,,,,,,,,,,,37.752790144316734,1.0879,59,13,338,166,115,51,28.392158,0,ok,logs/seed_412384.log
534437,irt_only,GHEFT,0,0.0,0,0,1,0.1757,0.2317,0.4074,,,,,,,,,,,,,,,,,45.558151463821886,1.0903,50,11,323,169,130,39,29.139754,0,ok,logs/seed_534437.log
28388,irt_only,GHEFT,0,0.0,0,0,1,0.175,0.2138,0.3888,,,,,,,,,,,,,,,,,46.48824993498048,1.3055,47,9,317,154,120,34,24.630608,0,ok,logs/seed_28388.log
480416,irt_only,GHEFT,0,0.0,0,0,1,0.1705,0.2051,0.3756,,,,,,,,,,,,,,,,,47.328992362093345,1.1074,50,11,325,169,113,56,23.433181,0,ok,logs/seed_480416.log
6523,irt_only,GHEFT,0,0.0,0,0,1,0.1687,0.2432,0.4119,,,,,,,,,,,,,,,,,49.397518113858546,1.0906,47,11,318,172,117,55,21.578434,0,ok,logs/seed_6523.log
875492,irt_only,GHEFT,0,0.0,0,0,1,0.1663,0.1919,0.3582,,,,,,,,,,,,,,,,,41.40358235294118,1.1466,51,10,320,153,102,51,17.25762,0,ok,logs/seed_875492.log
445144,irt_only,GHEFT,0,0.0,0,0,1,0.1828,0.1959,0.3787,,,,,,,,,,,,,,,,,39.615699843930635,1.0485,49,11,321,157,107,50,15.947454,0,ok,logs/seed_445144.log
178145,irt_only,GHEFT,0,0.0,0,0,1,0.1557,0.2404,0.3961,,,,,,,,,,,,,,,,,50.61962709163346,1.2073,51,10,328,172,123,49,8.828425,0,ok,logs/seed_178145.log
496478,irt_only,GHEFT,0,0.0,0,0,1,0.1674,0.1959,0.3633,,,,,,,,,,,,,,,,,47.238016719063545,1.0791,52,11,315,166,122,44,17.389782,0,ok,logs/seed_496478.log
239617,irt_only,GHEFT,0,0.0,0,0,1,0.1684,0.1915,0.3599,,,,,,,,,,,,,,,,,42.25877633711509,1.2187,47,9,321,143,109,34,18.863275,0,ok,logs/seed_239617.log
473997,irt_only,GHEFT,0,0.0,0,0,1,0.1609,0.1873,0.3482,,,,,,,,,,,,,,,,,43.44994456824512,1.0952,49,13,332,172,132,40,19.270856,0,ok,logs/seed_473997.log
229225,irt_only,GHEFT,0,0.0,0,0,1,0.1884,0.264,0.4524,,,,,,,,,,,,,,,,,51.47796935866984,1.0946,54,12,316,183,126,57,15.797577,0,ok,logs/seed_229225.log
254791,irt_only,GHEFT,0,0.0,0,0,1,0.1653,0.2258,0.3911,,,,,,,,,,,,,,,,,41.09288685121107,1.1673,51,12,349,170,130,40,19.689649,0,ok,logs/seed_254791.log
966201,irt_only,GHEFT,0,0.0,0,0,1,0.1967,0.2844,0.4811,,,,,,,,,,,,,,,,,39.46081266586249,1.2178,44,10,306,152,107,45,14.161308,0,ok,logs/seed_966201.log
533361,irt_only,GHEFT,0,0.0,0,0,1,0.1593,0.1953,0.3546,,,,,,,,,,,,,,,,,43.519753054101216,1.0614,57,13,331,167,118,49,17.423994,0,ok,logs/seed_533361.log
872306,irt_only,GHEFT,0,0.0,0,0,1,0.1695,0.1576,0.3271,,,,,,,,,,,,,,,,,44.52960641466208,1.4736,50,13,327,172,122,50,14.127513,0,ok,logs/seed_872306.log
444933,irt_only,GHEFT,0,0.0,0,0,1,0.1779,0.2594,0.4373,,,,,,,,,,,,,,,,,49.50621796200346,1.0198,42,11,324,163,126,37,14.872774,0,ok,logs/seed_444933.log
456356,irt_only,GHEFT,0,0.0,0,0,1,0.1609,0.2216,0.3825,,,,,,,,,,,,,,,,,53.005666197183096,1.2746,54,12,329,177,142,35,18.040444,0,ok,logs/seed_456356.log
853702,irt_only,GHEFT,0,0.0,0,0,1,0.1795,0.2106,0.3901,,,,,,,,,,,,,,,,,50.25671332877649,1.3798,46,11,330,151,125,26,17.762868,0,ok,logs/seed_853702.log
176967,irt_only,GHEFT,0,0.0,0,0,1,0.1518,0.1921,0.3439,,,,,,,,,,,,,,,,,46.2547041958042,1.2254,52,12,334,176,137,39,18.524657,0,ok,logs/seed_176967.log
33347,irt_only,GHEFT,0,0.0,0,0,1,0.1594,0.1911,0.3505,,,,,,,,,,,,,,,,,45.493128158295285,1.2501,52,12,316,178,135,43,13.686207,0,ok,logs/seed_33347.log
411283,irt_only,GHEFT,0,0.0,0,0,1,0.1797,0.227,0.4067,,,,,,,,,,,,,,,,,37.97189781021898,1.2359,50,10,327,146,113,33,12.048689,0,ok,logs/seed_411283.log
81911,irt_only,GHEFT,0,0.0,0,0,1,0.1853,0.22,0.4053,,,,,,,,,,,,,,,,,43.31534862633997,1.1865,54,13,350,175,125,50,7.951667,0,ok,logs/seed_81911.log
956925,irt_only,GHEFT,0,0.0,0,0,1,0.1566,0.1551,0.3117,,,,,,,,,,,,,,,,,54.73351627906977,1.2346,48,13,316,158,124,34,29.037657,0,ok,logs/seed_956925.log
362804,irt_only,GHEFT,0,0.0,0,0,1,0.1575,0.2027,0.3602,,,,,,,,,,,,,,,,,41.06576249999999,1.3129,51,12,312,179,124,55,23.822778,0,ok,logs/seed_362804.log
728140,irt_only,GHEFT,0,0.0,0,0,1,0.1757,0.2381,0.4138,,,,,,,,,,,,,,,,,41.32232762721893,1.1005,51,10,333,174,132,42,27.199932,0,ok,logs/seed_728140.log
554565,irt_only,GHEFT,0,0.0,0,0,1,0.1898,0.2049,0.3947,,,,,,,,,,,,,,,,,44.38642253896576,1.0898,51,12,336,164,134,30,30.401661,0,ok,logs/seed_554565.log
392733,irt_only,GHEFT,0,0.0,0,0,1,0.1732,0.2147,0.3879,,,,,,,,,,,,,,,,,37.57356532951289,1.0477,50,10,344,152,108,44,27.888771,0,ok,logs/seed_392733.log
769066,irt_only,GHEFT,0,0.0,0,0,1,0.1769,0.2072,0.3841,,,,,,,,,,,,,,,,,42.92106339084772,1.1318,52,12,333,173,139,34,31.395713,0,ok,logs/seed_769066.log
925520,irt_only,GHEFT,0,0.0,0,0,1,0.1544,0.2054,0.3598,,,,,,,,,,,,,,,,,47.01094159021408,1.1648,45,10,326,169,138,31,30.013849,0,ok,logs/seed_925520.log
4410,irt_only,GHEFT,0,0.0,0,0,1,0.1746,0.2151,0.3897,,,,,,,,,,,,,,,,,49.780482703470035,1.3665,52,11,306,155,113,42,22.4381,0,ok,logs/seed_4410.log
729459,irt_only,GHEFT,0,0.0,0,0,1,0.1671,0.1567,0.3238,,,,,,,,,,,,,,,,,43.86761757469244,1.0586,51,13,319,163,126,37,24.845216,0,ok,logs/seed_729459.log
179329,irt_only,GHEFT,0,0.0,0,0,1,0.1712,0.1662,0.3374,,,,,,,,,,,,,,,,,40.81266955345911,1.3024,43,12,295,144,114,30,30.174224,0,ok,logs/seed_179329.log
282114,irt_only,GHEFT,0,0.0,0,0,1,0.1741,0.1592,0.3333,,,,,,,,,,,,,,,,,39.97195537848605,1.1084,45,11,316,157,128,29,21.545983,0,ok,logs/seed_282114.log
583172,irt_only,GHEFT,0,0.0,0,0,1,0.1788,0.1893,0.3681,,,,,,,,,,,,,,,,,44.279009658421664,1.1614,58,13,349,196,148,48,29.839023,0,ok,logs/seed_583172.log
534010,irt_only,GHEFT,0,0.0,0,0,1,0.1622,0.2149,0.3771,,,,,,,,,,,,,,,,,50.564800000000005,1.3483,53,12,351,179,143,36,19.333783,0,ok,logs/seed_534010.log
824110,irt_only,GHEFT,0,0.0,0,0,1,0.1417,0.1618,0.3035,,,,,,,,,,,,,,,,,44.745665044814345,1.1604,52,10,325,170,122,48,15.983438,0,ok,logs/seed_824110.log
897704,irt_only,GHEFT,0,0.0,0,0,1,0.1593,0.2052,0.3645,,,,,,,,,,,,,,,,,46.101547960618845,1.0725,53,11,315,153,115,38,8.14699,0,ok,logs/seed_897704.log
226589,irt_only,GHEFT,0,0.0,0,0,1,0.1695,0.1985,0.368,,,,,,,,,,,,,,,,,40.98295303155035,1.0237,50,14,326,163,129,34,21.643557,0,ok,logs/seed_226589.log
481886,irt_only,GHEFT,0,0.0,0,0,1,0.1619,0.2043,0.3662,,,,,,,,,,,,,,,,,39.383871841269844,1.2228,51,11,316,132,86,46,16.952591,0,ok,logs/seed_481886.log
982251,irt_only,GHEFT,0,0.0,0,0,1,0.146,0.1951,0.3411,,,,,,,,,,,,,,,,,42.05112288261515,1.0265,50,10,316,136,110,26,17.847389,0,ok,logs/seed_982251.log
543181,irt_only,GHEFT,0,0.0,0,0,1,0.157,0.18,0.337,,,,,,,,,,,,,,,,,40.94010222841225,1.2056,46,10,329,145,111,34,21.19956,0,ok,logs/seed_543181.log
397234,irt_only,GHEFT,0,0.0,0,0,1,0.1626,0.1838,0.3464,,,,,,,,,,,,,,,,,48.59863355704697,1.2835,56,13,342,160,107,53,24.684798,0,ok,logs/seed_397234.log
973889,irt_only,GHEFT,0,0.0,0,0,1,0.1516,0.1679,0.3195,,,,,,,,,,,,,,,,,66.25008310991956,1.4325,52,11,333,165,117,48,23.238623,0,ok,logs/seed_973889.log
110682,irt_only,GHEFT,0,0.0,0,0,1,0.1587,0.1879,0.3466,,,,,,,,,,,,,,,,,67.963835883905,1.1212,46,9,303,144,109,35,16.400828,0,ok,logs/seed_110682.log
663813,irt_only,GHEFT,0,0.0,0,0,1,0.1519,0.1852,0.3371,,,,,,,,,,,,,,,,,44.218662416998676,1.1439,58,12,313,162,113,49,20.129685,0,ok,logs/seed_663813.log
895348,irt_only,GHEFT,0,0.0,0,0,1,0.1543,0.1875,0.3418,,,,,,,,,,,,,,,,,48.837826984251976,1.3877,51,13,321,160,116,44,18.45663,0,ok,logs/seed_895348.log
840905,irt_only,GHEFT,0,0.0,0,0,1,0.1847,0.2104,0.3951,,,,,,,,,,,,,,,,,46.342429895366216,1.094,50,11,305,167,129,38,18.590633,0,ok,logs/seed_840905.log
366120,irt_only,GHEFT,0,0.0,0,0,1,0.173,0.2139,0.3869,,,,,,,,,,,,,,,,,66.3811103896104,1.5195,47,12,296,177,125,52,16.783752,0,ok,logs/seed_366120.log
873087,irt_only,GHEFT,0,0.0,0,0,1,0.1685,0.1494,0.3179,,,,,,,,,,,,,,,,,41.92455804630153,1.0646,48,12,317,169,133,36,19.820077,0,ok,logs/seed_873087.log
333017,irt_only,GHEFT,0,0.0,0,0,1,0.1669,0.2057,0.3726,,,,,,,,,,,,,,,,,42.966971428571426,1.1261,49,12,306,129,88,41,14.642706,0,ok,logs/seed_333017.log
479679,irt_only,GHEFT,0,0.0,0,0,1,0.1788,0.1758,0.3546,,,,,,,,,,,,,,,,,38.56140557142858,1.2151,52,13,330,177,131,46,13.803269,0,ok,logs/seed_479679.log
547920,irt_only,GHEFT,0,0.0,0,0,1,0.1734,0.1829,0.3563,,,,,,,,,,,,,,,,,41.58839145728644,1.093,44,9,325,130,88,42,9.666253,0,ok,logs/seed_547920.log
397055,irt_only,GHEFT,0,0.0,0,0,1,0.1875,0.2319,0.4194,,,,,,,,,,,,,,,,,43.88173218588639,1.1682,57,15,349,197,131,66,26.779541,0,ok,logs/seed_397055.log
255407,irt_only,GHEFT,0,0.0,0,0,1,0.1742,0.2041,0.3783,,,,,,,,,,,,,,,,,45.633999513381994,1.1272,46,13,320,174,128,46,24.477051,0,ok,logs/seed_255407.log
529276,irt_only,GHEFT,0,0.0,0,0,1,0.1688,0.2178,0.3866,,,,,,,,,,,,,,,,,41.981066260657734,1.1825,49,11,339,158,116,42,26.074728,0,ok,logs/seed_529276.log
772641,irt_only,GHEFT,0,0.0,0,0,1,0.1722,0.1873,0.3595,,,,,,,,,,,,,,,,,42.461920401757695,1.1124,54,11,341,181,132,49,30.736043,0,ok,logs/seed_772641.log
452290,irt_only,GHEFT,0,0.0,0,0,1,0.16,0.1581,0.3181,,,,,,,,,,,,,,,,,47.26399578059072,1.3277,44,10,306,144,103,41,29.059987,0,ok,logs/seed_452290.log
70730,irt_only,GHEFT,0,0.0,0,0,1,0.1774,0.2185,0.3959,,,,,,,,,,,,,,,,,47.49946578947368,1.4355,45,11,319,160,117,43,30.505182,0,ok,logs/seed_70730.log
29523,irt_only,GHEFT,0,0.0,0,0,1,0.1766,0.2205,0.3971,,,,,,,,,,,,,,,,,41.857315384615376,1.2782,51,13,329,199,137,62,25.988762,0,ok,logs/seed_29523.log
580005,irt_only,GHEFT,0,0.0,0,0,1,0.1703,0.1582,0.3285,,,,,,,,,,,,,,,,,42.58301099470899,1.0363,51,13,324,140,113,27,36.751741,0,ok,logs/seed_580005.log
273040,irt_only,GHEFT,0,0.0,0,0,1,0.1791,0.1878,0.3669,,,,,,,,,,,,,,,,,46.13925165876777,1.0829,41,9,317,146,123,23,25.393024,0,ok,logs/seed_273040.log
333143,irt_only,GHEFT,0,0.0,0,0,1,0.1713,0.2183,0.3896,,,,,,,,,,,,,,,,,52.43384173226545,1.0306,44,9,315,166,134,32,29.098279,0,ok,logs/seed_333143.log
6027,irt_only,GHEFT,0,0.0,0,0,1,0.1486,0.1478,0.2964,,,,,,,,,,,,,,,,,47.937271449678796,1.0929,62,14,367,213,159,54,30.994457,0,ok,logs/seed_6027.log
802904,irt_only,GHEFT,0,0.0,0,0,1,0.1626,0.1682,0.3308,,,,,,,,,,,,,,,,,48.13476161137441,1.1552,57,11,355,171,139,32,37.631215,0,ok,logs/seed_802904.log
495402,irt_only,GHEFT,0,0.0,0,0,1,0.161,0.1915,0.3525,,,,,,,,,,,,,,,,,48.73159111470112,1.0888,55,12,332,179,124,55,26.503982,0,ok,logs/seed_495402.log
385502,irt_only,GHEFT,0,0.0,0,0,1,0.2085,0.2455,0.454,,,,,,,,,,,,,,,,,45.10585714285715,1.1899,56,11,333,160,106,54,34.418437,0,ok,logs/seed_385502.log
847050,irt_only,GHEFT,0,0.0,0,0,1,0.1575,0.2002,0.3577,,,,,,,,,,,,,,,,,48.48529326923076,1.2548,40,10,300,137,109,28,23.593838,0,ok,logs/seed_847050.log
386832,irt_only,GHEFT,0,0.0,0,0,1,0.1627,0.2426,0.4053,,,,,,,,,,,,,,,,,43.91604079105375,1.2381,52,12,312,178,132,46,32.095269,0,ok,logs/seed_386832.log
325099,irt_only,GHEFT,0,0.0,0,0,1,0.1811,0.2033,0.3844,,,,,,,,,,,,,,,,,46.78133401759531,1.0081,55,13,316,162,129,33,27.006002,0,ok,logs/seed_325099.log
23707,irt_only,GHEFT,0,0.0,0,0,1,0.1524,0.2338,0.3862,,,,,,,,,,,,,,,,,47.747819483101395,1.2786,59,11,324,165,106,59,27.471343,0,ok,logs/seed_23707.log
779751,irt_only,GHEFT,0,0.0,0,0,1,0.1517,0.1818,0.3335,,,,,,,,,,,,,,,,,51.15468116833205,1.0034,41,8,293,140,113,27,25.104483,0,ok,logs/seed_779751.log
213180,irt_only,GHEFT,0,0.0,0,0,1,0.1761,0.192,0.3681,,,,,,,,,,,,,,,,,51.849271863411396,1.1474,46,11,323,156,119,37,25.582979,0,ok,logs/seed_213180.log
903156,irt_only,GHEFT,0,0.0,0,0,1,0.1619,0.1698,0.3317,,,,,,,,,,,,,,,,,39.425711094564406,1.2401,41,10,332,150,122,28,29.942823,0,ok,logs/seed_903156.log
854656,irt_only,GHEFT,0,0.0,0,0,1,0.1683,0.2066,0.3749,,,,,,,,,,,,,,,,,52.87498572955638,1.1147,49,13,314,162,127,35,28.02634,0,ok,logs/seed_854656.log
130554,irt_only,GHEFT,0,0.0,0,0,1,0.1524,0.1715,0.3239,,,,,,,,,,,,,,,,,45.456700999999995,1.0612,53,14,309,154,102,52,31.248204,0,ok,logs/seed_130554.log
384884,irt_only,GHEFT,0,0.0,0,0,1,0.1828,0.2115,0.3943,,,,,,,,,,,,,,,,,56.62109589041096,1.5016,47,12,302,175,126,49,23.398361,0,ok,logs/seed_384884.log
433977,irt_only,GHEFT,0,0.0,0,0,1,0.1626,0.2234,0.386,,,,,,,,,,,,,,,,,52.11386635514018,1.2874,49,11,303,155,115,40,25.726463,0,ok,logs/seed_433977.log
37380,irt_only,GHEFT,0,0.0,0,0,1,0.169,0.1954,0.3644,,,,,,,,,,,,,,,,,43.74812904377565,1.2113,57,14,349,195,133,62,31.009758,0,ok,logs/seed_37380.log
171794,irt_only,GHEFT,0,0.0,0,0,1,0.1767,0.1993,0.376,,,,,,,,,,,,,,,,,34.483200000000004,1.1127,55,13,322,171,134,37,29.073322,0,ok,logs/seed_171794.log
154379,irt_only,GHEFT,0,0.0,0,0,1,0.1583,0.15,0.3083,,,,,,,,,,,,,,,,,40.77207567567568,1.0895,45,12,329,167,119,48,27.999805,0,ok,logs/seed_154379.log
757152,irt_only,GHEFT,0,0.0,0,0,1,0.1539,0.2038,0.3577,,,,,,,,,,,,,,,,,45.94318484848484,1.2646,49,11,315,168,111,57,38.02605,0,ok,logs/seed_757152.log
624137,irt_only,GHEFT,0,0.0,0,0,1,0.1656,0.1552,0.3208,,,,,,,,,,,,,,,,,51.45626666666667,1.1276,41,8,347,156,118,38,31.095172,0,ok,logs/seed_624137.log
209074,irt_only,GHEFT,0,0.0,0,0,1,0.1667,0.1645,0.3312,,,,,,,,,,,,,,,,,48.581035839479384,1.2317,45,12,306,146,102,44,28.537189,0,ok,logs/seed_209074.log
748006,irt_only,GHEFT,0,0.0,0,0,1,0.165,0.2087,0.3737,,,,,,,,,,,,,,,,,54.325862375661366,1.0232,49,11,317,145,105,40,30.712769,0,ok,logs/seed_748006.log
930590,irt_only,GHEFT,0,0.0,0,0,1,0.1726,0.1756,0.3482,,,,,,,,,,,,,,,,,38.42050864451827,1.1645,56,15,319,180,135,45,28.383941,0,ok,logs/seed_930590.log
746597,irt_only,GHEFT,0,0.0,0,0,1,0.1731,0.172,0.3451,,,,,,,,,,,,,,,,,41.39872015269197,1.1604,51,10,319,155,124,31,24.366705,0,ok,logs/seed_746597.log
421675,irt_only,GHEFT,0,0.0,0,0,1,0.168,0.2006,0.3686,,,,,,,,,,,,,,,,,43.296376404530754,1.1367,60,12,358,196,157,39,29.742532,0,ok,logs/seed_421675.log
31076,irt_only,GHEFT,0,0.0,0,0,1,0.1699,0.2099,0.3798,,,,,,,,,,,,,,,,,48.04779059967585,1.0597,58,14,335,211,148,63,26.606193,0,ok,logs/seed_31076.log
466796,irt_only,GHEFT,0,0.0,0,0,1,0.1505,0.1591,0.3096,,,,,,,,,,,,,,,,,45.736454664484455,1.1389,52,12,338,163,119,44,29.368414,0,ok,logs/seed_466796.log
711358,irt_only,GHEFT,0,0.0,0,0,1,0.176,0.257,0.433,,,,,,,,,,,,,,,,,44.71801615151516,1.1256,50,11,302,164,125,39,23.781458,0,ok,logs/seed_711358.log
185748,irt_only,GHEFT,0,0.0,0,0,1,0.1877,0.2258,0.4135,,,,,,,,,,,,,,,,,34.814457627118635,1.172,43,9,310,126,104,22,24.385061,0,ok,logs/seed_185748.log
876677,irt_only,GHEFT,0,0.0,0,0,1,0.1864,0.1819,0.3683,,,,,,,,,,,,,,,,,45.7223067357513,1.0033,46,11,304,165,122,43,23.498984,0,ok,logs/seed_876677.log
223283,irt_only,GHEFT,0,0.0,0,0,1,0.1644,0.2046,0.369,,,,,,,,,,,,,,,,,38.27492834254992,1.1224,53,14,305,170,124,46,23.829299,0,ok,logs/seed_223283.log
894739,irt_only,GHEFT,0,0.0,0,0,1,0.1619,0.2092,0.3711,,,,,,,,,,,,,,,,,41.03450510805501,1.1073,50,11,324,157,119,38,32.149438,0,ok,logs/seed_894739.log
108347,irt_only,GHEFT,0,0.0,0,0,1,0.1609,0.1808,0.3417,,,,,,,,,,,,,,,,,40.179803626220355,1.0519,40,8,326,128,108,20,24.904937,0,ok,logs/seed_108347.log
190486,irt_only,GHEFT,0,0.0,0,0,1,0.2118,0.2376,0.4494,,,,,,,,,,,,,,,,,32.72186315789473,1.1333,58,13,329,155,108,47,25.284772,0,ok,logs/seed_190486.log
168340,irt_only,GHEFT,0,0.0,0,0,1,0.1734,0.1919,0.3653,,,,,,,,,,,,,,,,,38.45978349370836,1.0404,42,11,309,154,115,39,17.821663,0,ok,logs/seed_168340.log
304561,irt_only,GHEFT,0,0.0,0,0,1,0.1827,0.2104,0.3931,,,,,,,,,,,,,,,,,37.11306457564576,1.1315,51,10,319,157,113,44,14.57841,0,ok,logs/seed_304561.log
574192,irt_only,GHEFT,0,0.0,0,0,1,0.1462,0.163,0.3092,,,,,,,,,,,,,,,,,53.40396258503401,1.1031,49,11,340,159,128,31,33.132326,0,ok,logs/seed_574192.log
687972,irt_only,GHEFT,0,0.0,0,0,1,0.1604,0.1609,0.3213,,,,,,,,,,,,,,,,,41.29585038167939,1.0423,48,11,349,170,125,45,27.766914,0,ok,logs/seed_687972.log
731201,irt_only,GHEFT,0,0.0,0,0,1,0.1595,0.1922,0.3517,,,,,,,,,,,,,,,,,58.53585297450425,1.018,51,13,319,160,114,46,25.299901,0,ok,logs/seed_731201.log
579731,irt_only,GHEFT,0,0.0,0,0,1,0.186,0.1964,0.3824,,,,,,,,,,,,,,,,,47.96521844197137,1.1847,48,11,332,180,137,43,28.303131,0,ok,logs/seed_579731.log
451867,irt_only,GHEFT,0,0.0,0,0,1,0.1697,0.2315,0.4012,,,,,,,,,,,,,,,,,44.61530032760033,1.1546,54,15,330,202,123,79,25.337488,0,ok,logs/seed_451867.log
406724,irt_only,GHEFT,0,0.0,0,0,1,0.1521,0.2031,0.3552,,,,,,,,,,,,,,,,,59.15111156684142,1.338,51,11,332,158,113,45,32.217028,0,ok,logs/seed_406724.log
793861,irt_only,GHEFT,0,0.0,0,0,1,0.1863,0.208,0.3943,,,,,,,,,,,,,,,,,40.69034142259414,1.3051,54,14,332,192,123,69,31.069857,0,ok,logs/seed_793861.log
611415,irt_only,GHEFT,0,0.0,0,0,1,0.1641,0.2064,0.3705,,,,,,,,,,,,,,,,,67.13269459459458,1.3256,48,11,306,155,113,42,29.643859,0,ok,logs/seed_611415.log
521320,irt_only,GHEFT,0,0.0,0,0,1,0.1644,0.2195,0.3839,,,,,,,,,,,,,,,,,54.70890653813915,1.1419,43,10,303,153,115,38,26.252472,0,ok,logs/seed_521320.log
8846,irt_only,GHEFT,0,0.0,0,0,1,0.168,0.1717,0.3397,,,,,,,,,,,,,,,,,44.64813333256351,1.3115,47,10,322,153,101,52,29.876005,0,ok,logs/seed_8846.log
49614,irt_only,GHEFT,0,0.0,0,0,1,0.1872,0.2319,0.4191,,,,,,,,,,,,,,,,,38.61018803418804,1.2015,47,10,313,147,102,45,27.940614,0,ok,logs/seed_49614.log
659032,irt_only,GHEFT,0,0.0,0,0,1,0.1691,0.1835,0.3526,,,,,,,,,,,,,,,,,38.93827579908676,1.0612,51,12,303,147,113,34,24.402346,0,ok,logs/seed_659032.log
998482,irt_only,GHEFT,0,0.0,0,0,1,0.1955,0.1799,0.3754,,,,,,,,,,,,,,,,,49.24110606060605,1.2775,47,10,326,154,117,37,21.550972,0,ok,logs/seed_998482.log
93047,irt_only,GHEFT,0,0.0,0,0,1,0.1672,0.1896,0.3568,,,,,,,,,,,,,,,,,39.593435102853356,1.1158,53,11,336,162,115,47,15.512135,0,ok,logs/seed_93047.log
80158,irt_only,GHEFT,0,0.0,0,0,1,0.1649,0.2155,0.3804,,,,,,,,,,,,,,,,,54.58667156673114,1.0827,52,11,347,176,130,46,8.211979,0,ok,logs/seed_80158.log
510654,irt_only,GHEFT,0,0.0,0,0,1,0.173,0.2215,0.3945,,,,,,,,,,,,,,,,,56.47473118867924,1.0835,47,12,313,151,106,45,30.523122,0,ok,logs/seed_510654.log
530654,irt_only,GHEFT,0,0.0,0,0,1,0.1716,0.2202,0.3918,,,,,,,,,,,,,,,,,49.47820679304898,1.4751,48,10,326,178,129,49,32.583188,0,ok,logs/seed_530654.log
573179,irt_only,GHEFT,0,0.0,0,0,1,0.1627,0.1799,0.3426,,,,,,,,,,,,,,,,,48.47679168646079,1.0524,46,10,320,154,121,33,29.493833,0,ok,logs/seed_573179.log
47016,irt_only,GHEFT,0,0.0,0,0,1,0.1625,0.2002,0.3627,,,,,,,,,,,,,,,,,45.62077171290943,1.0059,47,11,317,155,132,23,27.695681,0,ok,logs/seed_47016.log
590729,irt_only,GHEFT,0,0.0,0,0,1,0.1641,0.2269,0.391,,,,,,,,,,,,,,,,,44.869652173913046,1.1934,53,13,304,153,100,53,21.771313,0,ok,logs/seed_590729.log
383125,irt_only,GHEFT,0,0.0,0,0,1,0.2122,0.2109,0.4231,,,,,,,,,,,,,,,,,40.03480854975978,1.16,52,10,313,158,119,39,24.370497,0,ok,logs/seed_383125.log
844140,irt_only,GHEFT,0,0.0,0,0,1,0.1708,0.2315,0.4023,,,,,,,,,,,,,,,,,48.34841371610845,1.3624,57,14,324,172,121,51,24.842152,0,ok,logs/seed_844140.log
909688,irt_only,GHEFT,0,0.0,0,0,1,0.1626,0.2024,0.365,,,,,,,,,,,,,,,,,41.15507511244378,1.3234,47,13,307,165,110,55,23.735051,0,ok,logs/seed_909688.log
200398,irt_only,GHEFT,0,0.0,0,0,1,0.1738,0.2043,0.3781,,,,,,,,,,,,,,,,,52.6428587628866,1.0595,52,12,326,173,123,50,24.295377,0,ok,logs/seed_200398.log
563666,irt_only,GHEFT,0,0.0,0,0,1,0.1701,0.1991,0.3692,,,,,,,,,,,,,,,,,59.706736399064695,1.2027,45,11,320,165,131,34,24.721046,0,ok,logs/seed_563666.log
982230,irt_only,GHEFT,0,0.0,0,0,1,0.1597,0.1743,0.334,,,,,,,,,,,,,,,,,50.91032552664189,1.1247,47,10,337,172,124,48,31.553201,0,ok,logs/seed_982230.log
825585,irt_only,GHEFT,0,0.0,0,0,1,0.171,0.1537,0.3247,,,,,,,,,,,,,,,,,52.5833035971223,1.0287,52,10,327,165,138,27,26.010353,0,ok,logs/seed_825585.log
178808,irt_only,GHEFT,0,0.0,0,0,1,0.1636,0.1751,0.3387,,,,,,,,,,,,,,,,,42.1387831332574,1.0891,47,12,302,153,109,44,21.268838,0,ok,logs/seed_178808.log
132464,irt_only,GHEFT,0,0.0,0,0,1,0.182,0.2108,0.3928,,,,,,,,,,,,,,,,,46.06808075601374,1.1757,51,12,317,168,130,38,29.124412,0,ok,logs/seed_132464.log
242596,irt_only,GHEFT,0,0.0,0,0,1,0.1557,0.2117,0.3674,,,,,,,,,,,,,,,,,57.7205276625173,1.4398,37,9,293,124,93,31,19.477307,0,ok,logs/seed_242596.log
627641,irt_only,GHEFT,0,0.0,0,0,1,0.1801,0.2275,0.4076,,,,,,,,,,,,,,,,,37.71174545454546,1.173,51,11,347,168,110,58,8.317038,0,ok,logs/seed_627641.log
233825,irt_only,GHEFT,0,0.0,0,0,1,0.1971,0.2595,0.4566,,,,,,,,,,,,,,,,,40.30769658444024,1.4003,50,11,315,144,100,44,9.591598,0,ok,logs/seed_233825.log
104559,irt_only,GHEFT,0,0.0,0,0,1,0.1945,0.2477,0.4422,,,,,,,,,,,,,,,,,36.16737634408602,1.2949,49,11,324,186,123,63,9.882003,0,ok,logs/seed_104559.log
420030,irt_only,GHEFT,0,0.0,0,0,1,0.1847,0.2884,0.4731,,,,,,,,,,,,,,,,,44.423486939780084,1.2709,48,11,336,172,117,55,12.401223,0,ok,logs/seed_420030.log
122728,irt_only,GHEFT,0,0.0,0,0,1,0.1743,0.1835,0.3578,,,,,,,,,,,,,,,,,35.82227692867756,1.165,52,13,320,182,124,58,13.729077,0,ok,logs/seed_122728.log
513240,irt_only,GHEFT,0,0.0,0,0,1,0.1649,0.198,0.3629,,,,,,,,,,,,,,,,,48.297036781609194,1.2349,51,11,321,170,125,45,11.058775,0,ok,logs/seed_513240.log
762685,irt_only,GHEFT,0,0.0,0,0,1,0.1766,0.2585,0.4351,,,,,,,,,,,,,,,,,51.74891923076923,1.3292,46,10,322,167,108,59,11.452631,0,ok,logs/seed_762685.log
33644,irt_only,GHEFT,0,0.0,0,0,1,0.1831,0.2613,0.4444,,,,,,,,,,,,,,,,,41.54265514223195,1.1736,50,12,322,169,123,46,11.313943,0,ok,logs/seed_33644.log
717433,irt_only,GHEFT,0,0.0,0,0,1,0.1661,0.1986,0.3647,,,,,,,,,,,,,,,,,45.95605545796738,1.111,50,11,356,162,127,35,14.850031,0,ok,logs/seed_717433.log
223415,irt_only,GHEFT,0,0.0,0,0,1,0.1654,0.2301,0.3955,,,,,,,,,,,,,,,,,47.07736475095785,1.118,54,12,314,171,123,48,11.759323,0,ok,logs/seed_223415.log
770297,irt_only,GHEFT,0,0.0,0,0,1,0.1764,0.2291,0.4055,,,,,,,,,,,,,,,,,45.36597368421053,1.318,66,15,345,179,115,64,14.873039,0,ok,logs/seed_770297.log
53816,irt_only,GHEFT,0,0.0,0,0,1,0.1732,0.1722,0.3454,,,,,,,,,,,,,,,,,52.00623673469388,1.1295,48,10,337,163,123,40,11.445967,0,ok,logs/seed_53816.log
277504,irt_only,GHEFT,0,0.0,0,0,1,0.168,0.2192,0.3872,,,,,,,,,,,,,,,,,40.25712279942281,1.1702,42,8,320,153,112,41,10.010106,0,ok,logs/seed_277504.log
348035,irt_only,GHEFT,0,0.0,0,0,1,0.1884,0.1963,0.3847,,,,,,,,,,,,,,,,,44.52775,1.1733,49,11,329,162,143,19,12.607758,0,ok,logs/seed_348035.log
310372,irt_only,GHEFT,0,0.0,0,0,1,0.1914,0.2198,0.4112,,,,,,,,,,,,,,,,,46.21090000000001,1.2731,49,11,320,151,108,43,11.781186,0,ok,logs/seed_310372.log
800807,irt_only,GHEFT,0,0.0,0,0,1,0.1698,0.2089,0.3787,,,,,,,,,,,,,,,,,44.08080717358747,1.1095,58,14,332,193,113,80,8.120623,0,ok,logs/seed_800807.log
263339,irt_only,GHEFT,0,0.0,0,0,1,0.1619,0.1903,0.3522,,,,,,,,,,,,,,,,,39.57409407965555,1.0482,46,10,341,142,113,29,37.95915,0,ok,logs/seed_263339.log
573677,irt_only,GHEFT,0,0.0,0,0,1,0.1414,0.1909,0.3323,,,,,,,,,,,,,,,,,53.75107777777778,1.1409,50,13,324,179,127,52,25.680508,0,ok,logs/seed_573677.log
15182,irt_only,GHEFT,0,0.0,0,0,1,0.1784,0.1567,0.3351,,,,,,,,,,,,,,,,,52.132532432432434,1.0086,42,10,292,146,126,20,21.996503,0,ok,logs/seed_15182.log
775808,irt_only,GHEFT,0,0.0,0,0,1,0.1742,0.2133,0.3875,,,,,,,,,,,,,,,,,36.9880908496732,1.3237,49,12,310,155,113,42,31.661921,0,ok,logs/seed_775808.log
993850,irt_only,GHEFT,0,0.0,0,0,1,0.1702,0.1839,0.3541,,,,,,,,,,,,,,,,,48.20031312272176,1.0622,52,10,331,157,128,29,24.569861,0,ok,logs/seed_993850.log
254088,irt_only,GHEFT,0,0.0,0,0,1,0.1636,0.1903,0.3539,,,,,,,,,,,,,,,,,40.33611849598715,1.0363,42,10,301,146,115,31,24.63412,0,ok,logs/seed_254088.log
547104,irt_only,GHEFT,0,0.0,0,0,1,0.1796,0.2555,0.4351,,,,,,,,,,,,,,,,,45.597337658053874,1.003,46,11,344,160,130,30,32.432944,0,ok,logs/seed_547104.log
906200,irt_only,GHEFT,0,0.0,0,0,1,0.1854,0.2516,0.437,,,,,,,,,,,,,,,,,48.102297540208156,1.1923,46,10,330,167,122,45,25.175923,0,ok,logs/seed_906200.log
539013,irt_only,GHEFT,0,0.0,0,0,1,0.185,0.1812,0.3662,,,,,,,,,,,,,,,,,47.299707643312104,1.0866,54,13,322,155,116,39,26.788667,0,ok,logs/seed_539013.log
116455,irt_only,GHEFT,0,0.0,0,0,1,0.1796,0.2417,0.4213,,,,,,,,,,,,,,,,,68.54074546952225,1.6082,46,11,314,156,129,27,33.357909,0,ok,logs/seed_116455.log
149887,irt_only,GHEFT,0,0.0,0,0,1,0.1613,0.1559,0.3172,,,,,,,,,,,,,,,,,44.693758563535916,1.0962,52,10,328,159,124,35,27.319932,0,ok,logs/seed_149887.log
581975,irt_only,GHEFT,0,0.0,0,0,1,0.1538,0.1544,0.3082,,,,,,,,,,,,,,,,,43.679971428571434,1.0143,51,11,333,161,126,35,32.204779,0,ok,logs/seed_581975.log
245300,irt_only,GHEFT,0,0.0,0,0,1,0.1554,0.1526,0.308,,,,,,,,,,,,,,,,,43.95101178247734,1.1456,51,13,312,165,115,50,26.801004,0,ok,logs/seed_245300.log
749768,irt_only,GHEFT,0,0.0,0,0,1,0.1776,0.2079,0.3855,,,,,,,,,,,,,,,,,37.17912718187875,1.1313,50,11,314,157,116,41,20.398051,0,ok,logs/seed_749768.log
984059,irt_only,GHEFT,0,0.0,0,0,1,0.1923,0.209,0.4013,,,,,,,,,,,,,,,,,37.19581353767561,1.0071,48,10,297,151,123,28,21.449423,0,ok,logs/seed_984059.log
97410,irt_only,GHEFT,0,0.0,0,0,1,0.1623,0.1609,0.3232,,,,,,,,,,,,,,,,,44.03639584954606,1.2612,48,11,334,167,127,40,32.335856,0,ok,logs/seed_97410.log
956125,irt_only,GHEFT,0,0.0,0,0,1,0.1684,0.175,0.3434,,,,,,,,,,,,,,,,,39.28060000000001,1.0785,51,11,332,173,133,40,31.432913,0,ok,logs/seed_956125.log
877091,irt_only,GHEFT,0,0.0,0,0,1,0.1528,0.1507,0.3035,,,,,,,,,,,,,,,,,53.738285488959,1.1681,45,10,317,157,119,38,33.571197,0,ok,logs/seed_877091.log
226651,irt_only,GHEFT,0,0.0,0,0,1,0.1751,0.2066,0.3817,,,,,,,,,,,,,,,,,50.25244608809993,1.154,47,12,309,154,130,24,26.707112,0,ok,logs/seed_226651.log
673466,irt_only,GHEFT,0,0.0,0,0,1,0.1678,0.1708,0.3386,,,,,,,,,,,,,,,,,43.3542768049155,1.192,47,11,321,155,126,29,23.510231,0,ok,logs/seed_673466.log
905076,irt_only,GHEFT,0,0.0,0,0,1,0.1727,0.1873,0.36,,,,,,,,,,,,,,,,,42.096455102040814,1.0479,48,11,328,158,130,28,30.840119,0,ok,logs/seed_905076.log
156873,irt_only,GHEFT,0,0.0,0,0,1,0.1458,0.1786,0.3244,,,,,,,,,,,,,,,,,55.55542312312314,1.2658,46,11,331,185,133,52,32.274146,0,ok,logs/seed_156873.log
687203,irt_only,GHEFT,0,0.0,0,0,1,0.1866,0.3054,0.492,,,,,,,,,,,,,,,,,50.48986589444878,1.1352,50,11,339,169,120,49,30.233139,0,ok,logs/seed_687203.log
137164,irt_only,GHEFT,0,0.0,0,0,1,0.1606,0.2439,0.4045,,,,,,,,,,,,,,,,,49.232251968503945,1.2599,54,13,332,167,117,50,33.145985,0,ok,logs/seed_137164.log
615585,irt_only,GHEFT,0,0.0,0,0,1,0.1642,0.1756,0.3398,,,,,,,,,,,,,,,,,43.04653180939949,1.138,52,12,355,163,116,47,28.07984,0,ok,logs/seed_615585.log
948603,irt_only,GHEFT,0,0.0,0,0,1,0.1655,0.1593,0.3248,,,,,,,,,,,,,,,,,44.667228760529476,1.1216,58,14,333,207,137,70,24.796815,0,ok,logs/seed_948603.log
330246,irt_only,GHEFT,0,0.0,0,0,1,0.1887,0.1805,0.3692,,,,,,,,,,,,,,,,,42.98019653072627,1.1756,47,8,346,162,119,43,28.846413,0,ok,logs/seed_330246.log
231763,irt_only,GHEFT,0,0.0,0,0,1,0.1706,0.1849,0.3555,,,,,,,,,,,,,,,,,45.65348396946564,1.1341,50,11,323,176,133,43,28.342359,0,ok,logs/seed_231763.log
254692,irt_only,GHEFT,0,0.0,0,0,1,0.1762,0.22,0.3962,,,,,,,,,,,,,,,,,41.690892894280765,1.2837,49,13,320,168,127,41,29.029691,0,ok,logs/seed_254692.log
726098,irt_only,GHEFT,0,0.0,0,0,1,0.1834,0.1961,0.3795,,,,,,,,,,,,,,,,,38.35710477048324,1.2798,56,13,342,157,115,42,32.302202,0,ok,logs/seed_726098.log
165469,irt_only,GHEFT,0,0.0,0,0,1,0.1957,0.1861,0.3818,,,,,,,,,,,,,,,,,40.23127868852459,1.1274,47,13,327,156,122,34,27.844946,0,ok,logs/seed_165469.log
467321,irt_only,GHEFT,0,0.0,0,0,1,0.1596,0.2611,0.4207,,,,,,,,,,,,,,,,,40.894217892644136,1.1885,50,12,321,160,120,40,28.206502,0,ok,logs/seed_467321.log
729320,irt_only,GHEFT,0,0.0,0,0,1,0.1634,0.2141,0.3775,,,,,,,,,,,,,,,,,44.620329411764686,1.1363,60,12,330,163,121,42,31.980473,0,ok,logs/seed_729320.log
400221,irt_only,GHEFT,0,0.0,0,0,1,0.1881,0.203,0.3911,,,,,,,,,,,,,,,,,43.24182958152959,1.108,52,11,310,141,104,37,33.588774,0,ok,logs/seed_400221.log
456402,irt_only,GHEFT,0,0.0,0,0,1,0.1742,0.2311,0.4053,,,,,,,,,,,,,,,,,47.80392892690512,1.1167,55,10,326,159,122,37,25.344393,0,ok,logs/seed_456402.log
91696,irt_only,GHEFT,0,0.0,0,0,1,0.1779,0.2438,0.4217,,,,,,,,,,,,,,,,,49.33284362219756,1.3861,58,12,345,178,126,52,39.257435,0,ok,logs/seed_91696.log
868799,irt_only,GHEFT,0,0.0,0,0,1,0.1836,0.1782,0.3618,,,,,,,,,,,,,,,,,46.04789085173501,1.2639,47,11,311,151,109,42,29.460502,0,ok,logs/seed_868799.log
809171,irt_only,GHEFT,0,0.0,0,0,1,0.1604,0.1759,0.3363,,,,,,,,,,,,,,,,,49.573884723854285,1.3881,60,12,342,167,106,61,42.458925,0,ok,logs/seed_809171.log
509668,irt_only,GHEFT,0,0.0,0,0,1,0.1503,0.1695,0.3198,,,,,,,,,,,,,,,,,54.67541315468941,1.1661,50,11,333,169,130,39,31.597062,0,ok,logs/seed_509668.log
715759,irt_only,GHEFT,0,0.0,0,0,1,0.1701,0.2455,0.4156,,,,,,,,,,,,,,,,,43.719775081237906,1.2942,66,15,347,191,126,65,38.876109,0,ok,logs/seed_715759.log
34130,irt_only,GHEFT,0,0.0,0,0,1,0.1729,0.2292,0.4021,,,,,,,,,,,,,,,,,47.63594105202973,1.2377,65,12,346,177,114,63,34.371248,0,ok,logs/seed_34130.log
439635,irt_only,GHEFT,0,0.0,0,0,1,0.1679,0.2063,0.3742,,,,,,,,,,,,,,,,,41.402090842040565,1.3243,43,11,304,144,119,25,24.310835,0,ok,logs/seed_439635.log
353714,irt_only,GHEFT,0,0.0,0,0,1,0.1909,0.1929,0.3838,,,,,,,,,,,,,,,,,37.759139050131935,1.0705,48,12,337,164,124,40,29.749792,0,ok,logs/seed_353714.log
844934,irt_only,GHEFT,0,0.0,0,0,1,0.1689,0.2476,0.4165,,,,,,,,,,,,,,,,,41.489130707610144,1.0481,50,13,326,176,125,51,29.84383,0,ok,logs/seed_844934.log
960763,irt_only,GHEFT,0,0.0,0,0,1,0.1826,0.1919,0.3745,,,,,,,,,,,,,,,,,43.26932684365782,1.2509,51,11,328,166,110,56,26.764629,0,ok,logs/seed_960763.log
659657,irt_only,GHEFT,0,0.0,0,0,1,0.1652,0.1952,0.3604,,,,,,,,,,,,,,,,,57.15361939058172,1.0397,43,11,296,133,93,40,25.450602,0,ok,logs/seed_659657.log
938087,irt_only,GHEFT,0,0.0,0,0,1,0.1703,0.2336,0.4039,,,,,,,,,,,,,,,,,39.64563621013132,1.1029,48,10,334,144,98,46,27.685843,0,ok,logs/seed_938087.log
430630,irt_only,GHEFT,0,0.0,0,0,1,0.1786,0.1955,0.3741,,,,,,,,,,,,,,,,,44.17523356973995,1.0936,46,11,310,150,123,27,28.89189,0,ok,logs/seed_430630.log
450588,irt_only,GHEFT,0,0.0,0,0,1,0.1737,0.1802,0.3539,,,,,,,,,,,,,,,,,40.212065085639,1.1978,53,11,315,149,97,52,26.695587,0,ok,logs/seed_450588.log
324937,irt_only,GHEFT,0,0.0,0,0,1,0.1453,0.1744,0.3197,,,,,,,,,,,,,,,,,75.7812119831815,1.1031,42,12,323,153,117,36,32.919873,0,ok,logs/seed_324937.log
220568,irt_only,GHEFT,0,0.0,0,0,1,0.1511,0.1723,0.3234,,,,,,,,,,,,,,,,,56.658858485029945,1.1144,47,11,332,156,126,30,30.474454,0,ok,logs/seed_220568.log
143411,irt_only,GHEFT,0,0.0,0,0,1,0.1648,0.25,0.4148,,,,,,,,,,,,,,,,,55.126751041666665,1.1239,50,12,317,143,113,30,29.423351,0,ok,logs/seed_143411.log
578644,irt_only,GHEFT,0,0.0,0,0,1,0.1605,0.1921,0.3526,,,,,,,,,,,,,,,,,41.17489832402235,1.0399,50,11,329,168,123,45,30.945884,0,ok,logs/seed_578644.log
411421,irt_only,GHEFT,0,0.0,0,0,1,0.1715,0.2023,0.3738,,,,,,,,,,,,,,,,,45.835397874852404,1.2671,42,10,326,140,109,31,28.839531,0,ok,logs/seed_411421.log
332843,irt_only,GHEFT,0,0.0,0,0,1,0.1657,0.1789,0.3446,,,,,,,,,,,,,,,,,49.712628381962865,1.1215,54,11,328,188,138,50,37.905233,0,ok,logs/seed_332843.log
2159,irt_only,GHEFT,0,0.0,0,0,1,0.1663,0.1805,0.3468,,,,,,,,,,,,,,,,,40.53408208092485,1.0528,48,12,325,169,122,47,22.081435,0,ok,logs/seed_2159.log
816107,irt_only,GHEFT,0,0.0,0,0,1,0.1679,0.2179,0.3858,,,,,,,,,,,,,,,,,51.82068531372549,1.2503,53,12,329,173,128,45,35.252772,0,ok,logs/seed_816107.log
373934,irt_only,GHEFT,0,0.0,0,0,1,0.1863,0.2039,0.3902,,,,,,,,,,,,,,,,,40.31614167872648,1.1328,55,12,320,172,127,45,31.273792,0,ok,logs/seed_373934.log
824212,irt_only,GHEFT,0,0.0,0,0,1,0.1783,0.2021,0.3804,,,,,,,,,,,,,,,,,44.672606382978714,1.1185,48,12,290,143,126,17,22.127405,0,ok,logs/seed_824212.log
549839,irt_only,GHEFT,0,0.0,0,0,1,0.1694,0.1861,0.3555,,,,,,,,,,,,,,,,,42.91337043979813,1.1938,44,10,310,139,102,37,25.846815,0,ok,logs/seed_549839.log
17250,irt_only,GHEFT,0,0.0,0,0,1,0.1724,0.1843,0.3567,,,,,,,,,,,,,,,,,45.11833243574053,1.2111,49,9,324,127,102,25,29.981582,0,ok,logs/seed_17250.log
644403,irt_only,GHEFT,0,0.0,0,0,1,0.1617,0.1554,0.3171,,,,,,,,,,,,,,,,,51.627445184648806,1.0549,51,12,324,165,131,34,32.73585,0,ok,logs/seed_644403.log
891331,irt_only,GHEFT,0,0.0,0,0,1,0.1775,0.2074,0.3849,,,,,,,,,,,,,,,,,48.894424344787396,1.0055,45,11,326,167,142,25,28.796611,0,ok,logs/seed_891331.log
541033,irt_only,GHEFT,0,0.0,0,0,1,0.1747,0.1921,0.3668,,,,,,,,,,,,,,,,,47.61891367025684,1.1112,53,11,341,180,126,54,33.068588,0,ok,logs/seed_541033.log
711521,irt_only,GHEFT,0,0.0,0,0,1,0.1675,0.177,0.3445,,,,,,,,,,,,,,,,,48.1957248095238,1.179,50,12,313,152,109,43,29.463707,0,ok,logs/seed_711521.log
725265,irt_only,GHEFT,0,0.0,0,0,1,0.1583,0.1396,0.2979,,,,,,,,,,,,,,,,,54.66364122394082,1.0131,49,10,354,162,127,35,30.837315,0,ok,logs/seed_725265.log
793509,irt_only,GHEFT,0,0.0,0,0,1,0.1589,0.1956,0.3545,,,,,,,,,,,,,,,,,38.72485238095238,1.2967,50,12,328,156,119,37,32.041786,0,ok,logs/seed_793509.log
417817,irt_only,GHEFT,0,0.0,0,0,1,0.1573,0.2112,0.3685,,,,,,,,,,,,,,,,,47.55722739965098,1.3501,52,10,329,165,133,32,34.679141,0,ok,logs/seed_417817.log
603228,irt_only,GHEFT,0,0.0,0,0,1,0.1781,0.2139,0.392,,,,,,,,,,,,,,,,,43.201416013628624,1.3415,46,11,292,148,99,49,32.304194,0,ok,logs/seed_603228.log
21177,irt_only,GHEFT,0,0.0,0,0,1,0.1645,0.1725,0.337,,,,,,,,,,,,,,,,,40.89376549206349,1.1531,56,15,319,177,131,46,32.754045,0,ok,logs/seed_21177.log
307954,irt_only,GHEFT,0,0.0,0,0,1,0.162,0.2284,0.3904,,,,,,,,,,,,,,,,,60.91010830945559,1.1963,48,9,313,156,120,36,38.428516,0,ok,logs/seed_307954.log
527286,irt_only,GHEFT,0,0.0,0,0,1,0.2037,0.2399,0.4436,,,,,,,,,,,,,,,,,48.72675943536404,1.1808,49,10,317,142,115,27,40.099666,0,ok,logs/seed_527286.log
199889,irt_only,GHEFT,0,0.0,0,0,1,0.1652,0.2019,0.3671,,,,,,,,,,,,,,,,,39.18972041332027,1.0586,50,10,322,143,102,41,43.651726,0,ok,logs/seed_199889.log
364276,irt_only,GHEFT,0,0.0,0,0,1,0.1558,0.1659,0.3217,,,,,,,,,,,,,,,,,39.262011320754716,1.1601,57,11,317,153,106,47,37.579409,0,ok,logs/seed_364276.log
68246,irt_only,GHEFT,0,0.0,0,0,1,0.1621,0.1622,0.3243,,,,,,,,,,,,,,,,,41.21234425087108,1.2139,44,11,300,148,108,40,24.932399,0,ok,logs/seed_68246.log
238033,irt_only,GHEFT,0,0.0,0,0,1,0.1515,0.1765,0.328,,,,,,,,,,,,,,,,,52.16542195704057,1.1788,43,10,312,166,124,42,28.434838,0,ok,logs/seed_238033.log
220944,irt_only,GHEFT,0,0.0,0,0,1,0.1618,0.1703,0.3321,,,,,,,,,,,,,,,,,59.09171388174808,1.4835,57,14,340,178,117,61,34.262574,0,ok,logs/seed_220944.log
891582,irt_only,GHEFT,0,0.0,0,0,1,0.1556,0.1565,0.3121,,,,,,,,,,,,,,,,,39.088618813905924,1.0649,46,14,306,148,111,37,32.372106,0,ok,logs/seed_891582.log
782412,irt_only,GHEFT,0,0.0,0,0,1,0.2009,0.2924,0.4933,,,,,,,,,,,,,,,,,46.3116435938759,1.4776,52,12,323,180,144,36,30.826164,0,ok,logs/seed_782412.log
272720,irt_only,GHEFT,0,0.0,0,0,1,0.1612,0.1584,0.3196,,,,,,,,,,,,,,,,,43.31089064401294,1.1401,47,9,333,146,101,45,27.16544,0,ok,logs/seed_272720.log
992708,irt_only,GHEFT,0,0.0,0,0,1,0.1592,0.2002,0.3594,,,,,,,,,,,,,,,,,38.904822815225124,1.0876,57,14,329,171,108,63,35.418303,0,ok,logs/seed_992708.log
30644,irt_only,GHEFT,0,0.0,0,0,1,0.177,0.1983,0.3753,,,,,,,,,,,,,,,,,39.43855320139698,1.1158,52,13,324,175,135,40,29.98372,0,ok,logs/seed_30644.log
921837,irt_only,GHEFT,0,0.0,0,0,1,0.1949,0.2069,0.4018,,,,,,,,,,,,,,,,,46.231788235294104,1.2545,53,12,321,186,133,53,27.911973,0,ok,logs/seed_921837.log
920979,irt_only,GHEFT,0,0.0,0,0,1,0.1857,0.185,0.3707,,,,,,,,,,,,,,,,,47.143357024793396,1.3305,53,12,331,184,126,58,28.719286,0,ok,logs/seed_920979.log
642755,irt_only,GHEFT,0,0.0,0,0,1,0.1811,0.1839,0.365,,,,,,,,,,,,,,,,,41.49837850467291,1.1062,54,12,335,167,114,53,31.912024,0,ok,logs/seed_642755.log
43741,irt_only,GHEFT,0,0.0,0,0,1,0.1858,0.214,0.3998,,,,,,,,,,,,,,,,,37.60916599757883,1.0555,47,11,317,136,96,40,37.304687,0,ok,logs/seed_43741.log
254302,irt_only,GHEFT,0,0.0,0,0,1,0.1827,0.2618,0.4445,,,,,,,,,,,,,,,,,41.67424250943395,1.1468,51,12,323,145,96,49,28.051722,0,ok,logs/seed_254302.log
53196,irt_only,GHEFT,0,0.0,0,0,1,0.1753,0.2074,0.3827,,,,,,,,,,,,,,,,,43.462267779390416,1.1494,52,13,341,191,143,48,36.374862,0,ok,logs/seed_53196.log
601808,irt_only,GHEFT,0,0.0,0,0,1,0.1553,0.1926,0.3479,,,,,,,,,,,,,,,,,43.08461851851851,1.0067,50,11,335,146,118,28,34.409959,0,ok,logs/seed_601808.log
832225,irt_only,GHEFT,0,0.0,0,0,1,0.1834,0.1835,0.3669,,,,,,,,,,,,,,,,,42.64677959183673,1.205,53,10,336,168,121,47,34.670881,0,ok,logs/seed_832225.log
582446,irt_only,GHEFT,0,0.0,0,0,1,0.1464,0.1485,0.2949,,,,,,,,,,,,,,,,,46.006508882082684,1.1741,49,12,339,163,104,59,30.952221,0,ok,logs/seed_582446.log
538445,irt_only,GHEFT,0,0.0,0,0,1,0.1751,0.2407,0.4158,,,,,,,,,,,,,,,,,44.480851206688975,1.1528,48,11,322,174,120,54,35.425921,0,ok,logs/seed_538445.log
323662,irt_only,GHEFT,0,0.0,0,0,1,0.1734,0.2464,0.4198,,,,,,,,,,,,,,,,,46.47972680221812,1.4323,52,13,342,184,117,67,34.453964,0,ok,logs/seed_323662.log
361331,irt_only,GHEFT,0,0.0,0,0,1,0.165,0.2526,0.4176,,,,,,,,,,,,,,,,,49.65239978463748,1.3421,50,11,326,173,115,58,35.156518,0,ok,logs/seed_361331.log
139576,irt_only,GHEFT,0,0.0,0,0,1,0.1735,0.2291,0.4026,,,,,,,,,,,,,,,,,48.30837045790251,1.2372,42,11,305,144,110,34,24.754558,0,ok,logs/seed_139576.log
802985,irt_only,GHEFT,0,0.0,0,0,1,0.1835,0.2569,0.4404,,,,,,,,,,,,,,,,,48.12944358974359,1.1035,50,12,312,183,136,47,30.269363,0,ok,logs/seed_802985.log
801777,irt_only,GHEFT,0,0.0,0,0,1,0.1588,0.2005,0.3593,,,,,,,,,,,,,,,,,40.77445876010781,1.2624,48,11,322,150,107,43,30.422053,0,ok,logs/seed_801777.log
340074,irt_only,GHEFT,0,0.0,0,0,1,0.1623,0.1677,0.33,,,,,,,,,,,,,,,,,43.52711500547645,1.127,58,13,341,188,132,56,38.916836,0,ok,logs/seed_340074.log
850648,irt_only,GHEFT,0,0.0,0,0,1,0.1592,0.1515,0.3107,,,,,,,,,,,,,,,,,63.18514117647057,1.0586,47,8,320,142,109,33,26.518352,0,ok,logs/seed_850648.log
332271,irt_only,GHEFT,0,0.0,0,0,1,0.1779,0.2319,0.4098,,,,,,,,,,,,,,,,,43.912158015267174,1.3166,60,14,357,177,113,64,31.24548,0,ok,logs/seed_332271.log
389750,irt_only,GHEFT,0,0.0,0,0,1,0.1786,0.2011,0.3797,,,,,,,,,,,,,,,,,43.91436701797893,1.1622,52,11,328,161,119,42,30.016688,0,ok,logs/seed_389750.log
798169,irt_only,GHEFT,0,0.0,0,0,1,0.18,0.2205,0.4005,,,,,,,,,,,,,,,,,45.19164436334144,1.241,59,12,326,161,107,54,27.376961,0,ok,logs/seed_798169.log
297853,irt_only,GHEFT,0,0.0,0,0,1,0.1637,0.1644,0.3281,,,,,,,,,,,,,,,,,43.67262299651567,1.024,53,13,340,185,134,51,40.162288,0,ok,logs/seed_297853.log
579634,irt_only,GHEFT,0,0.0,0,0,1,0.179,0.2051,0.3841,,,,,,,,,,,,,,,,,46.79857272727272,1.0731,54,12,318,164,122,42,31.002244,0,ok,logs/seed_579634.log
345486,irt_only,GHEFT,0,0.0,0,0,1,0.1768,0.2195,0.3963,,,,,,,,,,,,,,,,,38.45221182019364,1.3727,43,11,306,148,110,38,26.132865,0,ok,logs/seed_345486.log
345064,irt_only,GHEFT,0,0.0,0,0,1,0.175,0.264,0.439,,,,,,,,,,,,,,,,,51.19897262569832,1.2793,45,9,314,134,89,45,25.553116,0,ok,logs/seed_345064.log
956254,irt_only,GHEFT,0,0.0,0,0,1,0.1748,0.1837,0.3585,,,,,,,,,,,,,,,,,39.84269612195122,1.0908,43,9,317,158,118,40,29.215771,0,ok,logs/seed_956254.log
84361,irt_only,GHEFT,0,0.0,0,0,1,0.1531,0.1934,0.3465,,,,,,,,,,,,,,,,,53.240451737451735,1.1316,61,13,329,187,128,59,30.783711,0,ok,logs/seed_84361.log
496940,irt_only,GHEFT,0,0.0,0,0,1,0.151,0.1885,0.3395,,,,,,,,,,,,,,,,,48.40228698805518,1.0409,52,13,331,163,116,47,28.807211,0,ok,logs/seed_496940.log
898042,irt_only,GHEFT,0,0.0,0,0,1,0.1439,0.159,0.3029,,,,,,,,,,,,,,,,,48.03736056338028,1.1464,43,10,322,152,120,32,26.018044,0,ok,logs/seed_898042.log
653358,irt_only,GHEFT,0,0.0,0,0,1,0.1586,0.1951,0.3537,,,,,,,,,,,,,,,,,50.68874254566882,1.1423,44,11,319,168,138,30,30.493502,0,ok,logs/seed_653358.log
400544,irt_only,GHEFT,0,0.0,0,0,1,0.1769,0.2067,0.3836,,,,,,,,,,,,,,,,,53.147612507409605,1.2213,39,12,282,163,137,26,23.252531,0,ok,logs/seed_400544.log
242184,irt_only,GHEFT,0,0.0,0,0,1,0.1845,0.2089,0.3934,,,,,,,,,,,,,,,,,37.961241035856574,1.1844,52,12,340,187,136,51,26.485464,0,ok,logs/seed_242184.log
393637,irt_only,GHEFT,0,0.0,0,0,1,0.1797,0.2319,0.4116,,,,,,,,,,,,,,,,,46.87199341050757,1.0656,51,12,325,157,110,47,28.50543,0,ok,logs/seed_393637.log
995508,irt_only,GHEFT,0,0.0,0,0,1,0.1798,0.2067,0.3865,,,,,,,,,,,,,,,,,40.466965900383144,1.0639,52,11,336,168,128,40,30.25251,0,ok,logs/seed_995508.log
243653,irt_only,GHEFT,0,0.0,0,0,1,0.171,0.2459,0.4169,,,,,,,,,,,,,,,,,44.509558051140296,1.3064,52,12,337,168,112,56,31.42565,0,ok,logs/seed_243653.log
343514,irt_only,GHEFT,0,0.0,0,0,1,0.1599,0.2,0.3599,,,,,,,,,,,,,,,,,44.832069249258154,1.074,48,11,333,178,130,48,27.074134,0,ok,logs/seed_343514.log
411929,irt_only,GHEFT,0,0.0,0,0,1,0.1638,0.2196,0.3834,,,,,,,,,,,,,,,,,42.29249430894308,1.1286,46,10,323,160,104,56,24.611653,0,ok,logs/seed_411929.log
668641,irt_only,GHEFT,0,0.0,0,0,1,0.1728,0.1866,0.3594,,,,,,,,,,,,,,,,,50.7310557607362,1.0794,46,9,314,135,101,34,27.456824,0,ok,logs/seed_668641.log
20187,irt_only,GHEFT,0,0.0,0,0,1,0.1765,0.2753,0.4518,,,,,,,,,,,,,,,,,41.30951385770751,1.193,52,12,329,164,116,48,28.121726,0,ok,logs/seed_20187.log
658023,irt_only,GHEFT,0,0.0,0,0,1,0.1662,0.2137,0.3799,,,,,,,,,,,,,,,,,44.200598890649765,1.0494,50,10,317,143,108,35,25.162321,0,ok,logs/seed_658023.log
846287,irt_only,GHEFT,0,0.0,0,0,1,0.1775,0.2228,0.4003,,,,,,,,,,,,,,,,,37.174099345132745,1.303,47,13,322,154,113,41,26.065409,0,ok,logs/seed_846287.log
347153,irt_only,GHEFT,0,0.0,0,0,1,0.1769,0.251,0.4279,,,,,,,,,,,,,,,,,47.07745585585586,1.2088,55,13,337,199,145,54,30.811041,0,ok,logs/seed_347153.log
891181,irt_only,GHEFT,0,0.0,0,0,1,0.1813,0.1901,0.3714,,,,,,,,,,,,,,,,,41.6810885647608,1.0765,51,13,336,151,115,36,30.881413,0,ok,logs/seed_891181.log
937433,irt_only,GHEFT,0,0.0,0,0,1,0.1426,0.1849,0.3275,,,,,,,,,,,,,,,,,57.44504657687991,1.3928,52,12,318,162,115,47,25.434331,0,ok,logs/seed_937433.log
489777,irt_only,GHEFT,0,0.0,0,0,1,0.1676,0.1901,0.3577,,,,,,,,,,,,,,,,,51.228034616081544,1.1034,52,10,311,151,123,28,25.361664,0,ok,logs/seed_489777.log
248415,irt_only,GHEFT,0,0.0,0,0,1,0.1593,0.1829,0.3422,,,,,,,,,,,,,,,,,54.5067846407383,1.3593,55,12,313,154,125,29,27.176576,0,ok,logs/seed_248415.log
552234,irt_only,GHEFT,0,0.0,0,0,1,0.1751,0.2281,0.4032,,,,,,,,,,,,,,,,,49.23456433907059,1.2534,49,11,309,187,126,61,21.792697,0,ok,logs/seed_552234.log
660822,irt_only,GHEFT,0,0.0,0,0,1,0.1863,0.1597,0.346,,,,,,,,,,,,,,,,,38.085344444444445,1.032,52,13,316,162,127,35,22.594903,0,ok,logs/seed_660822.log
899646,irt_only,GHEFT,0,0.0,0,0,1,0.1714,0.221,0.3924,,,,,,,,,,,,,,,,,45.63275612104284,1.1155,54,11,333,171,121,50,27.306476,0,ok,logs/seed_899646.log
657048,irt_only,GHEFT,0,0.0,0,0,1,0.15,0.2142,0.3642,,,,,,,,,,,,,,,,,48.23000291970803,1.1264,47,11,319,149,110,39,28.236622,0,ok,logs/seed_657048.log
519203,irt_only,GHEFT,0,0.0,0,0,1,0.1812,0.2254,0.4066,,,,,,,,,,,,,,,,,49.73500153321975,1.2066,57,13,325,188,123,65,30.261079,0,ok,logs/seed_519203.log
198049,irt_only,GHEFT,0,0.0,0,0,1,0.1507,0.1807,0.3314,,,,,,,,,,,,,,,,,44.85183970336566,1.2644,49,10,336,136,104,32,35.8644,0,ok,logs/seed_198049.log
690757,irt_only,GHEFT,0,0.0,0,0,1,0.1582,0.2239,0.3821,,,,,,,,,,,,,,,,,66.95592684540611,1.4784,55,12,335,158,116,42,35.219526,0,ok,logs/seed_690757.log
402947,irt_only,GHEFT,0,0.0,0,0,1,0.1792,0.2451,0.4243,,,,,,,,,,,,,,,,,38.12540052770449,1.2318,54,13,316,170,101,69,32.666972,0,ok,logs/seed_402947.log
556081,irt_only,GHEFT,0,0.0,0,0,1,0.173,0.2497,0.4227,,,,,,,,,,,,,,,,,41.40108191769846,1.0808,57,14,322,170,131,39,33.091266,0,ok,logs/seed_556081.log
934188,irt_only,GHEFT,0,0.0,0,0,1,0.1617,0.1906,0.3523,,,,,,,,,,,,,,,,,45.04029391424619,1.0106,52,11,320,149,118,31,42.891387,0,ok,logs/seed_934188.log
123970,irt_only,GHEFT,0,0.0,0,0,1,0.1783,0.1867,0.365,,,,,,,,,,,,,,,,,43.52068048717949,1.1158,52,11,313,164,114,50,34.592696,0,ok,logs/seed_123970.log
518181,irt_only,GHEFT,0,0.0,0,0,1,0.1904,0.1892,0.3796,,,,,,,,,,,,,,,,,46.054252462621896,1.1428,48,11,315,152,102,50,30.882358,0,ok,logs/seed_518181.log
399989,irt_only,GHEFT,0,0.0,0,0,1,0.1584,0.2003,0.3587,,,,,,,,,,,,,,,,,56.6625166226913,1.444,50,9,317,151,122,29,27.43915,0,ok,logs/seed_399989.log
901771,irt_only,GHEFT,0,0.0,0,0,1,0.1854,0.1789,0.3643,,,,,,,,,,,,,,,,,46.94749649122807,1.2382,50,10,325,157,121,36,35.942642,0,ok,logs/seed_901771.log
775491,irt_only,GHEFT,0,0.0,0,0,1,0.1767,0.1961,0.3728,,,,,,,,,,,,,,,,,44.62539060402685,1.2197,43,11,322,139,100,39,31.100622,0,ok,logs/seed_775491.log
925874,irt_only,GHEFT,0,0.0,0,0,1,0.1533,0.1789,0.3322,,,,,,,,,,,,,,,,,46.22446107298815,1.1116,50,10,329,158,117,41,32.894925,0,ok,logs/seed_925874.log
298914,irt_only,GHEFT,0,0.0,0,0,1,0.1939,0.2489,0.4428,,,,,,,,,,,,,,,,,44.18100442804427,1.1984,53,13,342,179,139,40,37.659228,0,ok,logs/seed_298914.log
769242,irt_only,GHEFT,0,0.0,0,0,1,0.1717,0.2257,0.3974,,,,,,,,,,,,,,,,,42.37659653264606,1.088,48,9,322,141,117,24,32.778847,0,ok,logs/seed_769242.log
884462,irt_only,GHEFT,0,0.0,0,0,1,0.1611,0.194,0.3551,,,,,,,,,,,,,,,,,46.25904230019492,1.1361,41,9,321,155,122,33,26.819308,0,ok,logs/seed_884462.log
948968,irt_only,GHEFT,0,0.0,0,0,1,0.1757,0.256,0.4317,,,,,,,,,,,,,,,,,46.2102591632653,1.1527,56,13,333,172,113,59,31.94686,0,ok,logs/seed_948968.log
237390,irt_only,GHEFT,0,0.0,0,0,1,0.1642,0.1953,0.3595,,,,,,,,,,,,,,,,,50.109359842519694,1.0691,47,12,320,170,134,36,28.753748,0,ok,logs/seed_237390.log
788501,irt_only,GHEFT,0,0.0,0,0,1,0.1602,0.207,0.3672,,,,,,,,,,,,,,,,,43.66576695744682,1.2262,40,10,302,119,83,36,25.340161,0,ok,logs/seed_788501.log
841514,irt_only,GHEFT,0,0.0,0,0,1,0.1618,0.1635,0.3253,,,,,,,,,,,,,,,,,50.74074922118381,1.2997,40,9,295,136,100,36,30.989176,0,ok,logs/seed_841514.log
731954,irt_only,GHEFT,0,0.0,0,0,1,0.1746,0.2261,0.4007,,,,,,,,,,,,,,,,,37.68436998313659,1.0613,48,9,317,152,125,27,34.725849,0,ok,logs/seed_731954.log
512900,irt_only,GHEFT,0,0.0,0,0,1,0.1917,0.178,0.3697,,,,,,,,,,,,,,,,,43.25969228540305,1.0333,54,12,322,179,142,37,31.666597,0,ok,logs/seed_512900.log
163797,irt_only,GHEFT,0,0.0,0,0,1,0.1616,0.1557,0.3173,,,,,,,,,,,,,,,,,45.823342857142855,1.3491,40,10,306,142,121,21,28.730797,0,ok,logs/seed_163797.log
411938,irt_only,GHEFT,0,0.0,0,0,1,0.1791,0.1888,0.3679,,,,,,,,,,,,,,,,,48.754786618444854,1.1379,42,11,308,159,127,32,29.747717,0,ok,logs/seed_411938.log
297875,irt_only,GHEFT,0,0.0,0,0,1,0.1679,0.2095,0.3774,,,,,,,,,,,,,,,,,46.7259816254417,1.1897,59,13,351,192,127,65,40.255426,0,ok,logs/seed_297875.log
862431,irt_only,GHEFT,0,0.0,0,0,1,0.203,0.2385,0.4415,,,,,,,,,,,,,,,,,35.839884268578885,1.1674,48,10,340,163,110,53,27.634802,0,ok,logs/seed_862431.log
944164,irt_only,GHEFT,0,0.0,0,0,1,0.1778,0.2079,0.3857,,,,,,,,,,,,,,,,,47.65077358320127,1.1287,58,16,341,182,131,51,26.970999,0,ok,logs/seed_944164.log
593633,irt_only,GHEFT,0,0.0,0,0,1,0.1934,0.195,0.3884,,,,,,,,,,,,,,,,,36.726169627450986,1.0735,52,11,337,164,115,49,30.797783,0,ok,logs/seed_593633.log
49083,irt_only,GHEFT,0,0.0,0,0,1,0.1774,0.2058,0.3832,,,,,,,,,,,,,,,,,40.92864868238557,1.1429,49,10,328,166,122,44,30.722624,0,ok,logs/seed_49083.log
511497,irt_only,GHEFT,0,0.0,0,0,1,0.1647,0.1594,0.3241,,,,,,,,,,,,,,,,,39.33293739875936,1.2759,48,13,330,169,140,29,33.250733,0,ok,logs/seed_511497.log
332550,irt_only,GHEFT,0,0.0,0,0,1,0.168,0.1772,0.3452,,,,,,,,,,,,,,,,,52.96187838899803,1.0137,44,10,315,159,131,28,29.611229,0,ok,logs/seed_332550.log
179506,irt_only,GHEFT,0,0.0,0,0,1,0.182,0.253,0.435,,,,,,,,,,,,,,,,,38.863286394557825,1.2246,47,10,308,155,127,28,29.348127,0,ok,logs/seed_179506.log
103680,irt_only,GHEFT,0,0.0,0,0,1,0.1643,0.2089,0.3732,,,,,,,,,,,,,,,,,49.82593410702772,1.1706,56,11,342,169,114,55,35.220654,0,ok,logs/seed_103680.log
109216,irt_only,GHEFT,0,0.0,0,0,1,0.1513,0.1801,0.3314,,,,,,,,,,,,,,,,,54.73994583333332,1.3901,47,11,309,160,117,43,37.615378,0,ok,logs/seed_109216.log
344612,irt_only,GHEFT,0,0.0,0,0,1,0.1641,0.1826,0.3467,,,,,,,,,,,,,,,,,41.74176393889798,1.1043,57,11,334,154,110,44,33.532889,0,ok,logs/seed_344612.log
919045,irt_only,GHEFT,0,0.0,0,0,1,0.1487,0.1673,0.316,,,,,,,,,,,,,,,,,46.720810010649636,1.0177,50,12,318,180,133,47,30.57393,0,ok,logs/seed_919045.log
478565,irt_only,GHEFT,0,0.0,0,0,1,0.1708,0.1832,0.354,,,,,,,,,,,,,,,,,48.17965395849346,1.3028,46,10,298,143,103,40,29.890887,0,ok,logs/seed_478565.log
473670,irt_only,GHEFT,0,0.0,0,0,1,0.1562,0.2125,0.3687,,,,,,,,,,,,,,,,,41.76459097918273,1.2462,48,10,326,169,135,34,35.197351,0,ok,logs/seed_473670.log
175136,irt_only,GHEFT,0,0.0,0,0,1,0.1599,0.1724,0.3323,,,,,,,,,,,,,,,,,46.07459488054607,1.0984,56,13,333,172,112,60,38.897703,0,ok,logs/seed_175136.log
30661,irt_only,GHEFT,0,0.0,0,0,1,0.1596,0.1639,0.3235,,,,,,,,,,,,,,,,,52.829699999999995,1.3787,46,10,319,151,116,35,32.336223,0,ok,logs/seed_30661.log
461986,irt_only,GHEFT,0,0.0,0,0,1,0.1687,0.1818,0.3505,,,,,,,,,,,,,,,,,45.32564759080801,1.2004,54,12,322,169,131,38,31.529523,0,ok,logs/seed_461986.log
806917,irt_only,GHEFT,0,0.0,0,0,1,0.1722,0.1797,0.3519,,,,,,,,,,,,,,,,,45.10509459459459,1.1327,54,16,314,188,145,43,28.00149,0,ok,logs/seed_806917.log
251935,irt_only,GHEFT,0,0.0,0,0,1,0.1688,0.1875,0.3563,,,,,,,,,,,,,,,,,40.91231227436823,1.228,50,11,300,173,128,45,24.41511,0,ok,logs/seed_251935.log
485053,irt_only,GHEFT,0,0.0,0,0,1,0.1656,0.1608,0.3264,,,,,,,,,,,,,,,,,38.91837254901961,1.0544,49,10,316,137,111,26,37.493539,0,ok,logs/seed_485053.log
766370,irt_only,GHEFT,0,0.0,0,0,1,0.1769,0.1982,0.3751,,,,,,,,,,,,,,,,,36.233401,1.1694,52,11,302,155,126,29,30.870989,0,ok,logs/seed_766370.log
229231,irt_only,GHEFT,0,0.0,0,0,1,0.1726,0.1511,0.3237,,,,,,,,,,,,,,,,,47.95870744336569,1.0189,47,11,337,158,125,33,35.307991,0,ok,logs/seed_229231.log
577471,irt_only,GHEFT,0,0.0,0,0,1,0.1517,0.1538,0.3055,,,,,,,,,,,,,,,,,47.996973260572986,1.2817,55,13,324,172,139,33,110.401088,0,ok,logs/seed_577471.log
37962,irt_only,GHEFT,0,0.0,0,0,1,0.1719,0.2218,0.3937,,,,,,,,,,,,,,,,,58.54146766917293,1.2021,51,9,323,140,97,43,86.765489,0,ok,logs/seed_37962.log
944872,irt_only,GHEFT,0,0.0,0,0,1,0.1749,0.2092,0.3841,,,,,,,,,,,,,,,,,42.31232537313432,1.1097,49,12,339,166,113,53,40.037999,0,ok,logs/seed_944872.log
288361,irt_only,GHEFT,0,0.0,0,0,1,0.169,0.1701,0.3391,,,,,,,,,,,,,,,,,39.34157203058104,1.0705,48,11,306,151,128,23,26.344412,0,ok,logs/seed_288361.log
811804,irt_only,GHEFT,0,0.0,0,0,1,0.1951,0.2653,0.4604,,,,,,,,,,,,,,,,,45.53389884946237,1.2114,48,11,327,185,132,53,33.396305,0,ok,logs/seed_811804.log
150312,irt_only,GHEFT,0,0.0,0,0,1,0.1749,0.22,0.3949,,,,,,,,,,,,,,,,,47.64050213618158,1.1515,46,9,325,151,121,30,32.101663,0,ok,logs/seed_150312.log
300144,irt_only,GHEFT,0,0.0,0,0,1,0.1663,0.1865,0.3528,,,,,,,,,,,,,,,,,46.953151596658714,1.1055,50,12,319,175,128,47,44.814733,0,ok,logs/seed_300144.log
321546,irt_only,GHEFT,0,0.0,0,0,1,0.1714,0.257,0.4284,,,,,,,,,,,,,,,,,44.23108869395711,1.0563,46,11,318,160,106,54,95.467426,0,ok,logs/seed_321546.log
333826,irt_only,GHEFT,0,0.0,0,0,1,0.1592,0.2111,0.3703,,,,,,,,,,,,,,,,,51.14500433996383,1.3089,46,11,296,148,107,41,32.157738,0,ok,logs/seed_333826.log
601923,irt_only,GHEFT,0,0.0,0,0,1,0.1777,0.2385,0.4162,,,,,,,,,,,,,,,,,40.31278695652175,1.3117,52,11,340,163,119,44,34.024583,0,ok,logs/seed_601923.log
165547,irt_only,GHEFT,0,0.0,0,0,1,0.177,0.2001,0.3771,,,,,,,,,,,,,,,,,47.23350000000001,1.1543,49,12,345,179,119,60,34.355727,0,ok,logs/seed_165547.log
376387,irt_only,GHEFT,0,0.0,0,0,1,0.1866,0.1922,0.3788,,,,,,,,,,,,,,,,,42.07286485484867,1.0801,60,12,322,170,125,45,33.90758,0,ok,logs/seed_376387.log
667407,irt_only,GHEFT,0,0.0,0,0,1,0.1761,0.1768,0.3529,,,,,,,,,,,,,,,,,41.11831984036489,1.226,45,13,328,195,149,46,28.636737,0,ok,logs/seed_667407.log
536326,irt_only,GHEFT,0,0.0,0,0,1,0.1574,0.1807,0.3381,,,,,,,,,,,,,,,,,44.626414571949,1.2248,51,12,330,159,118,41,36.47084,0,ok,logs/seed_536326.log
48649,irt_only,GHEFT,0,0.0,0,0,1,0.1779,0.233,0.4109,,,,,,,,,,,,,,,,,53.739092776791,1.2084,52,12,306,135,100,35,27.999596,0,ok,logs/seed_48649.log
138474,irt_only,GHEFT,0,0.0,0,0,1,0.1667,0.1573,0.324,,,,,,,,,,,,,,,,,43.261709219858155,1.2722,42,11,312,142,115,27,37.697264,0,ok,logs/seed_138474.log
581410,irt_only,GHEFT,0,0.0,0,0,1,0.1639,0.149,0.3129,,,,,,,,,,,,,,,,,42.45746093666843,1.1234,54,11,323,168,119,49,48.871941,0,ok,logs/seed_581410.log
462634,irt_only,GHEFT,0,0.0,0,0,1,0.1745,0.2034,0.3779,,,,,,,,,,,,,,,,,43.8612815580286,1.1211,49,12,330,173,132,41,36.38115,0,ok,logs/seed_462634.log
349227,irt_only,GHEFT,0,0.0,0,0,1,0.1705,0.2067,0.3772,,,,,,,,,,,,,,,,,43.04623317911434,1.185,59,13,334,180,124,56,29.691554,0,ok,logs/seed_349227.log
453227,irt_only,GHEFT,0,0.0,0,0,1,0.1554,0.1599,0.3153,,,,,,,,,,,,,,,,,50.24079634551495,1.2673,42,10,307,138,111,27,31.117365,0,ok,logs/seed_453227.log
424389,irt_only,GHEFT,0,0.0,0,0,1,0.1669,0.1656,0.3325,,,,,,,,,,,,,,,,,45.113502000000004,1.057,48,12,319,150,124,26,34.504149,0,ok,logs/seed_424389.log
706750,irt_only,GHEFT,0,0.0,0,0,1,0.1465,0.179,0.3255,,,,,,,,,,,,,,,,,50.98975210555868,1.0241,49,12,315,174,128,46,29.356363,0,ok,logs/seed_706750.log
70613,irt_only,GHEFT,0,0.0,0,0,1,0.1961,0.2138,0.4099,,,,,,,,,,,,,,,,,50.1954,1.1702,52,12,319,176,135,41,31.662422,0,ok,logs/seed_70613.log
599838,irt_only,GHEFT,0,0.0,0,0,1,0.1703,0.2325,0.4028,,,,,,,,,,,,,,,,,47.34863741007195,1.3337,45,9,331,168,114,54,32.022808,0,ok,logs/seed_599838.log
275233,irt_only,GHEFT,0,0.0,0,0,1,0.1846,0.2523,0.4369,,,,,,,,,,,,,,,,,48.5937,1.1179,45,11,309,153,119,34,164.543755,0,ok,logs/seed_275233.log
257926,irt_only,GHEFT,0,0.0,0,0,1,0.1774,0.2104,0.3878,,,,,,,,,,,,,,,,,53.08380214067277,1.2402,52,10,320,163,127,36,19.419983,0,ok,logs/seed_257926.log
65039,irt_only,GHEFT,0,0.0,0,0,1,0.1549,0.1709,0.3258,,,,,,,,,,,,,,,,,47.602111111111114,1.3999,54,12,339,174,132,42,23.375686,0,ok,logs/seed_65039.log
354531,irt_only,GHEFT,0,0.0,0,0,1,0.1748,0.2434,0.4182,,,,,,,,,,,,,,,,,43.585345580715845,1.2603,48,11,303,162,116,46,27.07852,0,ok,logs/seed_354531.log
941030,irt_only,GHEFT,0,0.0,0,0,1,0.1784,0.1741,0.3525,,,,,,,,,,,,,,,,,42.10230000000001,1.0797,50,13,316,166,122,44,25.062958,0,ok,logs/seed_941030.log
624899,irt_only,GHEFT,0,0.0,0,0,1,0.1629,0.1901,0.353,,,,,,,,,,,,,,,,,48.332865860597444,1.2701,46,11,329,152,117,35,20.383651,0,ok,logs/seed_624899.log
899565,irt_only,GHEFT,0,0.0,0,0,1,0.1637,0.2005,0.3642,,,,,,,,,,,,,,,,,57.956118593840785,1.3926,52,13,321,158,129,29,20.180774,0,ok,logs/seed_899565.log
930280,irt_only,GHEFT,0,0.0,0,0,1,0.1742,0.1812,0.3554,,,,,,,,,,,,,,,,,49.342478054862845,1.1041,51,9,316,152,113,39,23.471331,0,ok,logs/seed_930280.log
405167,irt_only,GHEFT,0,0.0,0,0,1,0.177,0.1851,0.3621,,,,,,,,,,,,,,,,,41.38049183557951,1.3055,46,11,321,154,112,42,18.465739,0,ok,logs/seed_405167.log
1448,irt_only,GHEFT,0,0.0,0,0,1,0.1623,0.1756,0.3379,,,,,,,,,,,,,,,,,48.216249362688295,1.1714,46,10,310,143,106,37,22.168566,0,ok,logs/seed_1448.log
507391,irt_only,GHEFT,0,0.0,0,0,1,0.1675,0.212,0.3795,,,,,,,,,,,,,,,,,42.556926356589145,1.2229,50,12,320,175,142,33,20.305183,0,ok,logs/seed_507391.log
837291,irt_only,GHEFT,0,0.0,0,0,1,0.1659,0.1853,0.3512,,,,,,,,,,,,,,,,,49.40552611464969,1.0173,49,13,324,174,138,36,24.515186,0,ok,logs/seed_837291.log
536078,irt_only,GHEFT,0,0.0,0,0,1,0.1764,0.2318,0.4082,,,,,,,,,,,,,,,,,43.040725223033256,1.3225,51,12,330,184,129,55,23.856748,0,ok,logs/seed_536078.log
381453,irt_only,GHEFT,0,0.0,0,0,1,0.1424,0.2006,0.343,,,,,,,,,,,,,,,,,50.856396947935366,1.183,54,11,326,145,97,48,23.534487,0,ok,logs/seed_381453.log
58349,irt_only,GHEFT,0,0.0,0,0,1,0.1646,0.1728,0.3374,,,,,,,,,,,,,,,,,48.20510847457627,1.2097,49,10,336,164,118,46,27.055724,0,ok,logs/seed_58349.log
613460,irt_only,GHEFT,0,0.0,0,0,1,0.1851,0.2603,0.4454,,,,,,,,,,,,,,,,,45.26563145400594,1.3164,55,13,350,186,135,51,24.358582,0,ok,logs/seed_613460.log
581102,irt_only,GHEFT,0,0.0,0,0,1,0.1736,0.2485,0.4221,,,,,,,,,,,,,,,,,47.00738025134651,1.136,48,10,325,146,104,42,28.456826,0,ok,logs/seed_581102.log
814302,irt_only,GHEFT,0,0.0,0,0,1,0.1663,0.1726,0.3389,,,,,,,,,,,,,,,,,41.5225827076223,1.238,50,11,322,152,123,29,22.254263,0,ok,logs/seed_814302.log
453089,irt_only,GHEFT,0,0.0,0,0,1,0.1763,0.1793,0.3556,,,,,,,,,,,,,,,,,43.81072586206896,1.1573,55,12,315,162,127,35,20.104936,0,ok,logs/seed_453089.log
583877,irt_only,GHEFT,0,0.0,0,0,1,0.1708,0.1972,0.368,,,,,,,,,,,,,,,,,48.34018170617907,1.1083,55,12,330,172,122,50,21.743081,0,ok,logs/seed_583877.log
312977,irt_only,GHEFT,0,0.0,0,0,1,0.1816,0.1837,0.3653,,,,,,,,,,,,,,,,,48.13928800959232,1.2673,46,11,335,161,118,43,20.81254,0,ok,logs/seed_312977.log
140256,irt_only,GHEFT,0,0.0,0,0,1,0.1642,0.1704,0.3346,,,,,,,,,,,,,,,,,53.07433537414967,1.0359,40,10,320,162,138,24,24.857855,0,ok,logs/seed_140256.log
547797,irt_only,GHEFT,0,0.0,0,0,1,0.1836,0.2228,0.4064,,,,,,,,,,,,,,,,,39.25687196551724,1.2072,50,11,320,154,118,36,20.925802,0,ok,logs/seed_547797.log
874895,irt_only,GHEFT,0,0.0,0,0,1,0.178,0.2358,0.4138,,,,,,,,,,,,,,,,,40.083735784685366,1.1693,62,13,337,173,119,54,20.120891,0,ok,logs/seed_874895.log
450779,irt_only,GHEFT,0,0.0,0,0,1,0.1751,0.2056,0.3807,,,,,,,,,,,,,,,,,43.12002145015107,1.2242,44,9,299,140,106,34,20.455389,0,ok,logs/seed_450779.log
263459,irt_only,GHEFT,0,0.0,0,0,1,0.1707,0.1876,0.3583,,,,,,,,,,,,,,,,,43.26496610169491,1.2155,51,14,320,169,124,45,18.903913,0,ok,logs/seed_263459.log
164312,irt_only,GHEFT,0,0.0,0,0,1,0.1782,0.2552,0.4334,,,,,,,,,,,,,,,,,43.02282726517041,1.2963,44,9,307,148,98,50,25.507035,0,ok,logs/seed_164312.log
595764,irt_only,GHEFT,0,0.0,0,0,1,0.1426,0.2121,0.3547,,,,,,,,,,,,,,,,,50.76994054982818,1.0094,51,12,339,159,122,37,20.250286,0,ok,logs/seed_595764.log
872208,irt_only,GHEFT,0,0.0,0,0,1,0.1603,0.1694,0.3297,,,,,,,,,,,,,,,,,43.938676416539046,1.0071,45,11,319,153,124,29,22.715353,0,ok,logs/seed_872208.log
34237,irt_only,GHEFT,0,0.0,0,0,1,0.1828,0.1801,0.3629,,,,,,,,,,,,,,,,,39.90088639053254,1.1972,51,11,324,153,114,39,20.874528,0,ok,logs/seed_34237.log
203637,irt_only,GHEFT,0,0.0,0,0,1,0.1514,0.1631,0.3145,,,,,,,,,,,,,,,,,44.96013662231759,1.1025,48,10,314,138,104,34,23.757494,0,ok,logs/seed_203637.log
35021,irt_only,GHEFT,0,0.0,0,0,1,0.1523,0.2243,0.3766,,,,,,,,,,,,,,,,,43.80214387895461,1.2477,46,12,315,145,98,47,27.454475,0,ok,logs/seed_35021.log
128136,irt_only,GHEFT,0,0.0,0,0,1,0.1742,0.2163,0.3905,,,,,,,,,,,,,,,,,49.17711704339085,1.2669,49,12,310,146,108,38,24.25562,0,ok,logs/seed_128136.log
897068,irt_only,GHEFT,0,0.0,0,0,1,0.1775,0.2201,0.3976,,,,,,,,,,,,,,,,,40.62962592592593,1.0192,50,10,324,160,123,37,21.8613,0,ok,logs/seed_897068.log
145634,irt_only,GHEFT,0,0.0,0,0,1,0.176,0.194,0.37,,,,,,,,,,,,,,,,,47.10777692307692,1.325,50,11,303,151,110,41,19.737691,0,ok,logs/seed_145634.log
828280,irt_only,GHEFT,0,0.0,0,0,1,0.1738,0.2182,0.392,,,,,,,,,,,,,,,,,50.32103967517403,1.2071,49,11,309,164,129,35,21.51521,0,ok,logs/seed_828280.log
808182,irt_only,GHEFT,0,0.0,0,0,1,0.1785,0.2446,0.4231,,,,,,,,,,,,,,,,,52.71574969905418,1.1294,47,9,318,166,123,43,18.79957,0,ok,logs/seed_808182.log
28303,irt_only,GHEFT,0,0.0,0,0,1,0.1659,0.1876,0.3535,,,,,,,,,,,,,,,,,55.87144804177545,1.1995,49,13,329,179,145,34,31.84314,0,ok,logs/seed_28303.log
695763,irt_only,GHEFT,0,0.0,0,0,1,0.1665,0.1922,0.3587,,,,,,,,,,,,,,,,,45.80815731790333,1.1524,55,15,313,176,133,43,18.415442,0,ok,logs/seed_695763.log
264497,irt_only,GHEFT,0,0.0,0,0,1,0.1691,0.2018,0.3709,,,,,,,,,,,,,,,,,52.003743937418506,1.1842,46,11,326,162,127,35,27.713853,0,ok,logs/seed_264497.log
765068,irt_only,GHEFT,0,0.0,0,0,1,0.1957,0.1957,0.3914,,,,,,,,,,,,,,,,,41.1919023668639,1.1603,53,14,322,173,123,50,21.729668,0,ok,logs/seed_765068.log
293386,irt_only,GHEFT,0,0.0,0,0,1,0.1612,0.1934,0.3546,,,,,,,,,,,,,,,,,49.98563479623824,1.0417,49,12,306,156,125,31,17.773235,0,ok,logs/seed_293386.log
585056,irt_only,GHEFT,0,0.0,0,0,1,0.1657,0.1817,0.3474,,,,,,,,,,,,,,,,,40.17065285185186,1.0597,61,15,318,172,123,49,24.982895,0,ok,logs/seed_585056.log
16768,irt_only,GHEFT,0,0.0,0,0,1,0.1736,0.1893,0.3629,,,,,,,,,,,,,,,,,41.76004966698382,1.2106,50,11,324,142,111,31,27.212441,0,ok,logs/seed_16768.log
768880,irt_only,GHEFT,0,0.0,0,0,1,0.1616,0.2034,0.365,,,,,,,,,,,,,,,,,46.86957005324459,1.2063,60,13,331,174,122,52,23.570929,0,ok,logs/seed_768880.log
146419,irt_only,GHEFT,0,0.0,0,0,1,0.1825,0.2062,0.3887,,,,,,,,,,,,,,,,,44.34921105228326,1.1974,54,14,340,189,141,48,20.840355,0,ok,logs/seed_146419.log
769016,irt_only,GHEFT,0,0.0,0,0,1,0.171,0.2423,0.4133,,,,,,,,,,,,,,,,,43.83883300498132,1.2197,49,10,327,178,132,46,20.759111,0,ok,logs/seed_769016.log
753173,irt_only,GHEFT,0,0.0,0,0,1,0.1628,0.169,0.3318,,,,,,,,,,,,,,,,,37.96817196774194,1.3612,45,9,302,147,105,42,16.761561,0,ok,logs/seed_753173.log
414868,irt_only,GHEFT,0,0.0,0,0,1,0.1957,0.2033,0.399,,,,,,,,,,,,,,,,,46.1139382881356,1.38,44,8,322,143,115,28,19.591825,0,ok,logs/seed_414868.log
383978,irt_only,GHEFT,0,0.0,0,0,1,0.1729,0.2306,0.4035,,,,,,,,,,,,,,,,,44.17155036546649,1.262,56,13,337,180,131,49,24.302748,0,ok,logs/seed_383978.log
596187,irt_only,GHEFT,0,0.0,0,0,1,0.1809,0.2068,0.3877,,,,,,,,,,,,,,,,,51.0126614678899,1.1446,49,12,341,168,129,39,21.786662,0,ok,logs/seed_596187.log
217004,irt_only,GHEFT,0,0.0,0,0,1,0.1799,0.2298,0.4097,,,,,,,,,,,,,,,,,50.229517109747775,1.1629,52,10,316,157,117,40,20.065477,0,ok,logs/seed_217004.log
306928,irt_only,GHEFT,0,0.0,0,0,1,0.1553,0.1556,0.3109,,,,,,,,,,,,,,,,,41.311237378114846,1.2836,54,10,334,167,135,32,21.048829,0,ok,logs/seed_306928.log
699954,irt_only,GHEFT,0,0.0,0,0,1,0.1797,0.1596,0.3393,,,,,,,,,,,,,,,,,41.65327441540578,1.0496,49,12,311,154,109,45,20.761454,0,ok,logs/seed_699954.log
915360,irt_only,GHEFT,0,0.0,0,0,1,0.1693,0.1874,0.3567,,,,,,,,,,,,,,,,,41.547932773109245,1.18,54,11,329,171,121,50,23.275241,0,ok,logs/seed_915360.log
401920,irt_only,GHEFT,0,0.0,0,0,1,0.1671,0.2032,0.3703,,,,,,,,,,,,,,,,,43.109404416403784,1.4437,42,11,321,131,85,46,15.648398,0,ok,logs/seed_401920.log
590032,irt_only,GHEFT,0,0.0,0,0,1,0.1698,0.2103,0.3801,,,,,,,,,,,,,,,,,45.82542636103152,1.1793,51,13,357,195,141,54,27.84066,0,ok,logs/seed_590032.log
592350,irt_only,GHEFT,0,0.0,0,0,1,0.2027,0.2203,0.423,,,,,,,,,,,,,,,,,37.277617685305586,1.1303,53,13,341,198,147,51,22.855906,0,ok,logs/seed_592350.log
356544,irt_only,GHEFT,0,0.0,0,0,1,0.1665,0.1862,0.3527,,,,,,,,,,,,,,,,,55.354666965123265,1.077,47,11,302,164,121,43,21.833453,0,ok,logs/seed_356544.log
882358,irt_only,GHEFT,0,0.0,0,0,1,0.1679,0.1905,0.3584,,,,,,,,,,,,,,,,,51.695750000000004,1.2003,59,13,322,178,138,40,21.06399,0,ok,logs/seed_882358.log
659606,irt_only,GHEFT,0,0.0,0,0,1,0.1529,0.2096,0.3625,,,,,,,,,,,,,,,,,55.10891760154738,1.2271,54,11,311,182,131,51,21.109508,0,ok,logs/seed_659606.log
136181,irt_only,GHEFT,0,0.0,0,0,1,0.171,0.1575,0.3285,,,,,,,,,,,,,,,,,46.015260240963855,1.1792,51,11,329,164,116,48,20.273957,0,ok,logs/seed_136181.log
695310,irt_only,GHEFT,0,0.0,0,0,1,0.1417,0.1398,0.2815,,,,,,,,,,,,,,,,,61.009926306769515,1.12,44,10,314,166,129,37,19.802818,0,ok,logs/seed_695310.log
313264,irt_only,GHEFT,0,0.0,0,0,1,0.1734,0.1591,0.3325,,,,,,,,,,,,,,,,,34.230895488721806,1.1199,48,10,323,131,96,35,18.742981,0,ok,logs/seed_313264.log
622633,irt_only,GHEFT,0,0.0,0,0,1,0.1683,0.2276,0.3959,,,,,,,,,,,,,,,,,59.43576152063916,1.3116,45,9,307,138,91,47,25.945311,0,ok,logs/seed_622633.log
153151,irt_only,GHEFT,0,0.0,0,0,1,0.1499,0.1512,0.3011,,,,,,,,,,,,,,,,,49.23908703703704,1.3665,46,11,331,136,92,44,23.336692,0,ok,logs/seed_153151.log
252872,irt_only,GHEFT,0,0.0,0,0,1,0.1928,0.1919,0.3847,,,,,,,,,,,,,,,,,39.39996701030927,1.0985,53,13,333,178,122,56,22.675133,0,ok,logs/seed_252872.log
886011,irt_only,GHEFT,0,0.0,0,0,1,0.16,0.2055,0.3655,,,,,,,,,,,,,,,,,51.11135384615385,1.2439,50,13,316,163,126,37,21.738081,0,ok,logs/seed_886011.log
88875,irt_only,GHEFT,0,0.0,0,0,1,0.151,0.1809,0.3319,,,,,,,,,,,,,,,,,57.89919071038252,1.1294,39,10,289,130,85,45,18.993528,0,ok,logs/seed_88875.log
911968,irt_only,GHEFT,0,0.0,0,0,1,0.1674,0.2313,0.3987,,,,,,,,,,,,,,,,,46.30750526315791,1.5637,50,11,327,158,123,35,16.127789,0,ok,logs/seed_911968.log
334656,irt_only,GHEFT,0,0.0,0,0,1,0.1651,0.2051,0.3702,,,,,,,,,,,,,,,,,43.287197305863714,1.0632,48,13,305,145,112,33,19.446075,0,ok,logs/seed_334656.log
245478,irt_only,GHEFT,0,0.0,0,0,1,0.1688,0.1779,0.3467,,,,,,,,,,,,,,,,,45.08096073154362,1.1169,46,11,315,148,121,27,18.812942,0,ok,logs/seed_245478.log
614692,irt_only,GHEFT,0,0.0,0,0,1,0.1751,0.2058,0.3809,,,,,,,,,,,,,,,,,47.694689867498056,1.0344,61,14,343,179,135,44,26.984777,0,ok,logs/seed_614692.log
583839,irt_only,GHEFT,0,0.0,0,0,1,0.1572,0.1669,0.3241,,,,,,,,,,,,,,,,,40.70259938837921,1.0891,52,13,331,161,113,48,18.316983,0,ok,logs/seed_583839.log
899827,irt_only,GHEFT,0,0.0,0,0,1,0.1829,0.1724,0.3553,,,,,,,,,,,,,,,,,47.54862115384615,1.5552,52,13,339,163,128,35,23.049785,0,ok,logs/seed_899827.log
759818,irt_only,GHEFT,0,0.0,0,0,1,0.157,0.1902,0.3472,,,,,,,,,,,,,,,,,46.4251877394636,1.1435,44,10,320,148,121,27,20.882953,0,ok,logs/seed_759818.log
536406,irt_only,GHEFT,0,0.0,0,0,1,0.1713,0.2172,0.3885,,,,,,,,,,,,,,,,,48.7752100909091,1.2927,52,12,332,185,131,54,22.184583,0,ok,logs/seed_536406.log
875025,irt_only,GHEFT,0,0.0,0,0,1,0.1679,0.2008,0.3687,,,,,,,,,,,,,,,,,46.88659822231989,1.0785,44,10,303,147,109,38,13.588342,0,ok,logs/seed_875025.log
235459,irt_only,GHEFT,0,0.0,0,0,1,0.1774,0.1991,0.3765,,,,,,,,,,,,,,,,,55.61397118644068,1.1786,50,11,324,165,129,36,16.344873,0,ok,logs/seed_235459.log
737985,irt_only,GHEFT,0,0.0,0,0,1,0.157,0.1627,0.3197,,,,,,,,,,,,,,,,,51.99931006423463,1.0645,51,14,326,191,134,57,10.236194,0,ok,logs/seed_737985.log
833397,irt_only,GHEFT,0,0.0,0,0,1,0.1632,0.1832,0.3464,,,,,,,,,,,,,,,,,42.03951858887382,1.3029,43,10,299,134,99,35,6.917392,0,ok,logs/seed_833397.log
722013,irt_only,GHEFT,0,0.0,0,0,1,0.1728,0.1887,0.3615,,,,,,,,,,,,,,,,,47.16625349794239,1.2255,44,11,307,159,126,33,16.110021,0,ok,logs/seed_722013.log
519052,irt_only,GHEFT,0,0.0,0,0,1,0.191,0.1669,0.3579,,,,,,,,,,,,,,,,,41.15601793721973,1.237,46,11,315,163,131,32,17.015727,0,ok,logs/seed_519052.log
953927,irt_only,GHEFT,0,0.0,0,0,1,0.1697,0.1661,0.3358,,,,,,,,,,,,,,,,,41.64770100502513,1.1322,50,13,301,151,125,26,14.647535,0,ok,logs/seed_953927.log
792837,irt_only,GHEFT,0,0.0,0,0,1,0.1544,0.1848,0.3392,,,,,,,,,,,,,,,,,50.00346591154262,1.0261,50,11,319,151,116,35,15.066457,0,ok,logs/seed_792837.log
271444,irt_only,GHEFT,0,0.0,0,0,1,0.1901,0.188,0.3781,,,,,,,,,,,,,,,,,42.27813636363635,1.2895,51,12,337,178,124,54,22.891086,0,ok,logs/seed_271444.log
747106,irt_only,GHEFT,0,0.0,0,0,1,0.1763,0.2002,0.3765,,,,,,,,,,,,,,,,,45.93811318016928,1.1286,60,14,327,177,131,46,25.581694,0,ok,logs/seed_747106.log
509003,irt_only,GHEFT,0,0.0,0,0,1,0.1631,0.1833,0.3464,,,,,,,,,,,,,,,,,36.38035641490858,1.1017,44,7,328,129,100,29,19.495992,0,ok,logs/seed_509003.log
41751,irt_only,GHEFT,0,0.0,0,0,1,0.199,0.2444,0.4434,,,,,,,,,,,,,,,,,45.115929041287615,1.3888,51,12,331,177,130,47,17.595366,0,ok,logs/seed_41751.log
346747,irt_only,GHEFT,0,0.0,0,0,1,0.2087,0.254,0.4627,,,,,,,,,,,,,,,,,47.04657372727273,1.3541,51,11,329,175,134,41,19.016521,0,ok,logs/seed_346747.log
147208,irt_only,GHEFT,0,0.0,0,0,1,0.1804,0.185,0.3654,,,,,,,,,,,,,,,,,37.602550789096135,1.0671,50,13,325,153,109,44,21.451439,0,ok,logs/seed_147208.log
810767,irt_only,GHEFT,0,0.0,0,0,1,0.1789,0.1792,0.3581,,,,,,,,,,,,,,,,,38.15583713513513,1.1494,48,10,335,142,104,38,17.225828,0,ok,logs/seed_810767.log
475154,irt_only,GHEFT,0,0.0,0,0,1,0.1932,0.2109,0.4041,,,,,,,,,,,,,,,,,50.36462320117474,1.327,56,14,328,188,129,59,18.291745,0,ok,logs/seed_475154.log
444114,irt_only,GHEFT,0,0.0,0,0,1,0.1769,0.2365,0.4134,,,,,,,,,,,,,,,,,41.98475726495727,1.0867,58,13,327,170,128,42,24.658654,0,ok,logs/seed_444114.log
21690,irt_only,GHEFT,0,0.0,0,0,1,0.1744,0.1737,0.3481,,,,,,,,,,,,,,,,,45.122832321041216,1.0089,51,10,309,140,104,36,16.47361,0,ok,logs/seed_21690.log
904712,irt_only,GHEFT,0,0.0,0,0,1,0.1788,0.2304,0.4092,,,,,,,,,,,,,,,,,38.96023822075783,1.1878,58,10,319,153,119,34,18.916427,0,ok,logs/seed_904712.log
724949,irt_only,GHEFT,0,0.0,0,0,1,0.1688,0.1775,0.3463,,,,,,,,,,,,,,,,,51.463264267990084,1.1955,50,11,338,188,132,56,19.851901,0,ok,logs/seed_724949.log
104040,irt_only,GHEFT,0,0.0,0,0,1,0.1541,0.2216,0.3757,,,,,,,,,,,,,,,,,46.11448161146901,1.327,43,12,309,155,107,48,17.801029,0,ok,logs/seed_104040.log
468918,irt_only,GHEFT,0,0.0,0,0,1,0.1866,0.2666,0.4532,,,,,,,,,,,,,,,,,45.97918060696517,1.0222,56,11,323,168,118,50,16.423252,0,ok,logs/seed_468918.log
47836,irt_only,GHEFT,0,0.0,0,0,1,0.1721,0.1634,0.3355,,,,,,,,,,,,,,,,,43.372659269570335,1.2509,54,11,328,184,137,47,12.634476,0,ok,logs/seed_47836.log
441476,irt_only,GHEFT,0,0.0,0,0,1,0.1568,0.1775,0.3343,,,,,,,,,,,,,,,,,47.47296569639979,1.428,45,13,310,147,115,32,10.290119,0,ok,logs/seed_441476.log
551870,irt_only,GHEFT,0,0.0,0,0,1,0.1717,0.1986,0.3703,,,,,,,,,,,,,,,,,43.494907975460116,1.1502,62,15,332,175,120,55,22.775548,0,ok,logs/seed_551870.log
570939,irt_only,GHEFT,0,0.0,0,0,1,0.19,0.1967,0.3867,,,,,,,,,,,,,,,,,41.35315778364117,1.0167,51,12,342,160,119,41,22.721215,0,ok,logs/seed_570939.log
110385,irt_only,GHEFT,0,0.0,0,0,1,0.1672,0.2132,0.3804,,,,,,,,,,,,,,,,,47.32346923076923,1.2088,51,12,330,201,158,43,21.786449,0,ok,logs/seed_110385.log
465624,irt_only,GHEFT,0,0.0,0,0,1,0.1514,0.1522,0.3036,,,,,,,,,,,,,,,,,36.09698965517242,1.2296,46,10,308,153,106,47,15.723381,0,ok,logs/seed_465624.log
785434,irt_only,GHEFT,0,0.0,0,0,1,0.1681,0.1709,0.339,,,,,,,,,,,,,,,,,46.99387313114755,1.2198,49,9,311,136,105,31,19.434652,0,ok,logs/seed_785434.log
274202,irt_only,GHEFT,0,0.0,0,0,1,0.1655,0.1925,0.358,,,,,,,,,,,,,,,,,46.33045325697923,1.1608,61,14,326,159,114,45,19.366658,0,ok,logs/seed_274202.log
384098,irt_only,GHEFT,0,0.0,0,0,1,0.1664,0.2219,0.3883,,,,,,,,,,,,,,,,,38.178702438848916,1.0403,47,10,318,167,121,46,16.652839,0,ok,logs/seed_384098.log
260865,irt_only,GHEFT,0,0.0,0,0,1,0.1991,0.2839,0.483,,,,,,,,,,,,,,,,,43.07226203904556,1.2154,50,13,335,185,130,55,16.985826,0,ok,logs/seed_260865.log
857320,irt_only,GHEFT,0,0.0,0,0,1,0.1871,0.1827,0.3698,,,,,,,,,,,,,,,,,36.10602725968437,1.16,50,11,307,141,95,46,13.749097,0,ok,logs/seed_857320.log
307981,irt_only,GHEFT,0,0.0,0,0,1,0.1739,0.1975,0.3714,,,,,,,,,,,,,,,,,43.018005202312125,1.1463,50,13,330,161,121,40,21.403905,0,ok,logs/seed_307981.log
977105,irt_only,GHEFT,0,0.0,0,0,1,0.1725,0.2525,0.425,,,,,,,,,,,,,,,,,48.50578955223881,1.3397,52,8,359,155,118,37,24.078077,0,ok,logs/seed_977105.log
795094,irt_only,GHEFT,0,0.0,0,0,1,0.1458,0.1709,0.3167,,,,,,,,,,,,,,,,,43.264199999999995,1.1517,52,11,350,163,125,38,22.230892,0,ok,logs/seed_795094.log
598248,irt_only,GHEFT,0,0.0,0,0,1,0.1655,0.1769,0.3424,,,,,,,,,,,,,,,,,50.545619007265195,1.1007,43,10,314,157,124,33,21.501641,0,ok,logs/seed_598248.log
617822,irt_only,GHEFT,0,0.0,0,0,1,0.1321,0.1626,0.2947,,,,,,,,,,,,,,,,,46.64133203230148,1.3704,49,11,327,167,131,36,16.747607,0,ok,logs/seed_617822.log
530710,irt_only,GHEFT,0,0.0,0,0,1,0.1552,0.2071,0.3623,,,,,,,,,,,,,,,,,53.48916666666666,1.1142,47,12,338,166,127,39,22.348723,0,ok,logs/seed_530710.log
181371,irt_only,GHEFT,0,0.0,0,0,1,0.1682,0.1664,0.3346,,,,,,,,,,,,,,,,,43.881684160506865,1.1556,40,10,331,144,97,47,17.946585,0,ok,logs/seed_181371.log
239698,irt_only,GHEFT,0,0.0,0,0,1,0.1692,0.1792,0.3484,,,,,,,,,,,,,,,,,43.83623051702397,1.049,47,9,329,132,105,27,20.810095,0,ok,logs/seed_239698.log
945780,irt_only,GHEFT,0,0.0,0,0,1,0.1722,0.2383,0.4105,,,,,,,,,,,,,,,,,46.57300735294116,1.1132,41,9,324,137,104,33,16.982927,0,ok,logs/seed_945780.log
454302,irt_only,GHEFT,0,0.0,0,0,1,0.1835,0.2469,0.4304,,,,,,,,,,,,,,,,,42.34030627306274,1.2388,46,10,321,156,117,39,18.115068,0,ok,logs/seed_454302.log
687120,irt_only,GHEFT,0,0.0,0,0,1,0.1573,0.1657,0.323,,,,,,,,,,,,,,,,,45.27392682512733,1.2316,50,12,302,151,106,45,19.694131,0,ok,logs/seed_687120.log
911463,irt_only,GHEFT,0,0.0,0,0,1,0.1742,0.1737,0.3479,,,,,,,,,,,,,,,,,40.27709758342923,1.0718,51,14,319,188,133,55,23.082234,0,ok,logs/seed_911463.log
979494,irt_only,GHEFT,0,0.0,0,0,1,0.1757,0.2159,0.3916,,,,,,,,,,,,,,,,,39.03077404580153,1.0722,51,12,324,143,106,37,17.148302,0,ok,logs/seed_979494.log
840574,irt_only,GHEFT,0,0.0,0,0,1,0.165,0.2174,0.3824,,,,,,,,,,,,,,,,,43.98625646258503,1.066,48,11,336,158,124,34,19.541995,0,ok,logs/seed_840574.log
877832,irt_only,GHEFT,0,0.0,0,0,1,0.1829,0.2325,0.4154,,,,,,,,,,,,,,,,,44.639441927990724,1.1049,51,10,325,155,98,57,19.70235,0,ok,logs/seed_877832.log
845918,irt_only,GHEFT,0,0.0,0,0,1,0.1959,0.2148,0.4107,,,,,,,,,,,,,,,,,42.22319151943463,1.1503,50,11,311,161,132,29,19.765356,0,ok,logs/seed_845918.log
336942,irt_only,GHEFT,0,0.0,0,0,1,0.1814,0.2221,0.4035,,,,,,,,,,,,,,,,,37.5033776119403,1.1264,57,14,334,177,103,74,21.748906,0,ok,logs/seed_336942.log
100720,irt_only,GHEFT,0,0.0,0,0,1,0.1558,0.1732,0.329,,,,,,,,,,,,,,,,,49.011611792014854,1.1467,54,13,362,210,139,71,23.119119,0,ok,logs/seed_100720.log
200909,irt_only,GHEFT,0,0.0,0,0,1,0.1843,0.2194,0.4037,,,,,,,,,,,,,,,,,35.87094409448819,1.15,46,11,324,165,124,41,15.520702,0,ok,logs/seed_200909.log
442852,irt_only,GHEFT,0,0.0,0,0,1,0.1763,0.1761,0.3524,,,,,,,,,,,,,,,,,43.25108661800486,1.3571,48,10,315,127,95,32,22.398132,0,ok,logs/seed_442852.log
841786,irt_only,GHEFT,0,0.0,0,0,1,0.1707,0.2131,0.3838,,,,,,,,,,,,,,,,,45.275884694628395,1.3992,52,11,346,185,129,56,21.001072,0,ok,logs/seed_841786.log
966897,irt_only,GHEFT,0,0.0,0,0,1,0.1719,0.2111,0.383,,,,,,,,,,,,,,,,,43.364411630171865,1.1218,53,11,336,163,133,30,14.203537,0,ok,logs/seed_966897.log
669763,irt_only,GHEFT,0,0.0,0,0,1,0.1715,0.2067,0.3782,,,,,,,,,,,,,,,,,50.965052556480394,1.3214,53,12,332,169,125,44,11.862176,0,ok,logs/seed_669763.log
920861,irt_only,GHEFT,0,0.0,0,0,1,0.1702,0.1969,0.3671,,,,,,,,,,,,,,,,,38.49480845070422,1.0731,56,12,326,177,144,33,6.139783,0,ok,logs/seed_920861.log
584307,irt_only,GHEFT,0,0.0,0,0,1,0.1549,0.2274,0.3823,,,,,,,,,,,,,,,,,50.124544067796606,1.4927,54,12,339,176,124,52,15.588611,0,ok,logs/seed_584307.log
747314,irt_only,GHEFT,0,0.0,0,0,1,0.1622,0.2054,0.3676,,,,,,,,,,,,,,,,,43.694356601659756,1.1561,45,11,318,139,108,31,16.974672,0,ok,logs/seed_747314.log
197715,irt_only,GHEFT,0,0.0,0,0,1,0.1682,0.2059,0.3741,,,,,,,,,,,,,,,,,41.002362451977405,1.0666,47,10,332,144,107,37,14.063042,0,ok,logs/seed_197715.log
891603,irt_only,GHEFT,0,0.0,0,0,1,0.159,0.1823,0.3413,,,,,,,,,,,,,,,,,43.721266666666665,1.392,53,13,326,171,126,45,15.092736,0,ok,logs/seed_891603.log
811812,irt_only,GHEFT,0,0.0,0,0,1,0.17,0.1901,0.3601,,,,,,,,,,,,,,,,,58.301890961262565,1.3251,51,14,326,178,133,45,16.17623,0,ok,logs/seed_811812.log
920333,irt_only,GHEFT,0,0.0,0,0,1,0.1614,0.1999,0.3613,,,,,,,,,,,,,,,,,50.39380197109067,1.0048,49,10,326,182,131,51,12.563298,0,ok,logs/seed_920333.log
824191,irt_only,GHEFT,0,0.0,0,0,1,0.1732,0.2222,0.3954,,,,,,,,,,,,,,,,,45.880677777777784,1.1326,51,12,330,147,96,51,14.712747,0,ok,logs/seed_824191.log
674701,irt_only,GHEFT,0,0.0,0,0,1,0.1484,0.1894,0.3378,,,,,,,,,,,,,,,,,53.50613333333334,1.1689,51,12,310,148,110,38,15.095931,0,ok,logs/seed_674701.log
738670,irt_only,GHEFT,0,0.0,0,0,1,0.1824,0.1937,0.3761,,,,,,,,,,,,,,,,,46.61292978453739,1.2881,52,14,333,173,125,48,15.687034,0,ok,logs/seed_738670.log
85247,irt_only,GHEFT,0,0.0,0,0,1,0.1552,0.1741,0.3293,,,,,,,,,,,,,,,,,53.452518518518524,1.2389,48,11,316,144,102,42,22.728229,0,ok,logs/seed_85247.log
857484,irt_only,GHEFT,0,0.0,0,0,1,0.1485,0.1802,0.3287,,,,,,,,,,,,,,,,,49.46633972602739,1.1504,50,10,320,151,119,32,22.191067,0,ok,logs/seed_857484.log
223082,irt_only,GHEFT,0,0.0,0,0,1,0.1563,0.19,0.3463,,,,,,,,,,,,,,,,,41.58791840370899,1.1396,54,11,339,187,120,67,19.329446,0,ok,logs/seed_223082.log
481168,irt_only,GHEFT,0,0.0,0,0,1,0.1865,0.2835,0.47,,,,,,,,,,,,,,,,,46.56795003474904,1.3081,54,10,328,155,118,37,21.006886,0,ok,logs/seed_481168.log
435943,irt_only,GHEFT,0,0.0,0,0,1,0.1533,0.2032,0.3565,,,,,,,,,,,,,,,,,55.27770039840637,1.1455,53,12,335,169,119,50,22.673418,0,ok,logs/seed_435943.log
502778,irt_only,GHEFT,0,0.0,0,0,1,0.1729,0.2215,0.3944,,,,,,,,,,,,,,,,,60.32557543252593,1.3399,42,12,298,152,119,33,16.70107,0,ok,logs/seed_502778.log
324171,irt_only,GHEFT,0,0.0,0,0,1,0.1479,0.1699,0.3178,,,,,,,,,,,,,,,,,55.00225951359084,1.3115,47,11,322,150,125,25,19.711182,0,ok,logs/seed_324171.log
339100,irt_only,GHEFT,0,0.0,0,0,1,0.1469,0.1442,0.2911,,,,,,,,,,,,,,,,,48.26437223935843,1.0381,56,14,336,191,156,35,21.228684,0,ok,logs/seed_339100.log
33498,irt_only,GHEFT,0,0.0,0,0,1,0.2084,0.2256,0.434,,,,,,,,,,,,,,,,,41.71433818728872,1.0313,54,13,326,188,146,42,21.935211,0,ok,logs/seed_33498.log
658947,irt_only,GHEFT,0,0.0,0,0,1,0.1752,0.2001,0.3753,,,,,,,,,,,,,,,,,40.915067479674796,1.0134,49,13,331,168,132,36,20.091622,0,ok,logs/seed_658947.log
14026,irt_only,GHEFT,0,0.0,0,0,1,0.1678,0.1798,0.3476,,,,,,,,,,,,,,,,,42.43134854442877,1.243,45,12,305,142,104,38,18.62235,0,ok,logs/seed_14026.log
368769,irt_only,GHEFT,0,0.0,0,0,1,0.1765,0.2563,0.4328,,,,,,,,,,,,,,,,,39.29561538461539,1.0121,50,11,338,162,120,42,20.367532,0,ok,logs/seed_368769.log
863024,irt_only,GHEFT,0,0.0,0,0,1,0.1759,0.2254,0.4013,,,,,,,,,,,,,,,,,49.5324385321101,1.1226,57,16,313,171,115,56,15.215959,0,ok,logs/seed_863024.log
343909,irt_only,GHEFT,0,0.0,0,0,1,0.176,0.1977,0.3737,,,,,,,,,,,,,,,,,41.53722776203966,1.2928,45,10,314,152,109,43,11.619388,0,ok,logs/seed_343909.log
333507,irt_only,GHEFT,0,0.0,0,0,1,0.1662,0.2296,0.3958,,,,,,,,,,,,,,,,,42.97925815602837,1.0465,50,13,311,162,101,61,12.909296,0,ok,logs/seed_333507.log
661131,irt_only,GHEFT,0,0.0,0,0,1,0.1813,0.214,0.3953,,,,,,,,,,,,,,,,,44.504944582814446,1.1599,52,10,314,159,123,36,17.653282,0,ok,logs/seed_661131.log
957275,irt_only,GHEFT,0,0.0,0,0,1,0.1835,0.2431,0.4266,,,,,,,,,,,,,,,,,46.90275238095238,1.16,47,9,325,166,111,55,18.439629,0,ok,logs/seed_957275.log
999032,irt_only,GHEFT,0,0.0,0,0,1,0.1812,0.1973,0.3785,,,,,,,,,,,,,,,,,46.2920173374613,1.1034,50,10,318,148,125,23,21.15917,0,ok,logs/seed_999032.log
106107,irt_only,GHEFT,0,0.0,0,0,1,0.1833,0.187,0.3703,,,,,,,,,,,,,,,,,41.58790462537763,1.1747,54,14,325,182,127,55,19.884487,0,ok,logs/seed_106107.log
892937,irt_only,GHEFT,0,0.0,0,0,1,0.1588,0.1835,0.3423,,,,,,,,,,,,,,,,,50.29885691056911,1.1091,41,10,288,139,110,29,16.293417,0,ok,logs/seed_892937.log
500359,irt_only,GHEFT,0,0.0,0,0,1,0.1724,0.2246,0.397,,,,,,,,,,,,,,,,,44.28069820273186,1.1669,52,13,336,169,120,49,21.744371,0,ok,logs/seed_500359.log
709021,irt_only,GHEFT,0,0.0,0,0,1,0.1576,0.1959,0.3535,,,,,,,,,,,,,,,,,55.96170432900432,1.3627,40,9,318,152,118,34,17.658671,0,ok,logs/seed_709021.log
616809,irt_only,GHEFT,0,0.0,0,0,1,0.1724,0.1663,0.3387,,,,,,,,,,,,,,,,,36.36146181448883,1.1221,52,14,330,153,106,47,23.612902,0,ok,logs/seed_616809.log
964750,irt_only,GHEFT,0,0.0,0,0,1,0.1609,0.1766,0.3375,,,,,,,,,,,,,,,,,44.7695080697928,1.1661,55,12,333,181,123,58,20.280745,0,ok,logs/seed_964750.log
347599,irt_only,GHEFT,0,0.0,0,0,1,0.168,0.1761,0.3441,,,,,,,,,,,,,,,,,48.90970975609756,1.3119,56,14,322,186,136,50,18.309818,0,ok,logs/seed_347599.log
561541,irt_only,GHEFT,0,0.0,0,0,1,0.1753,0.1885,0.3638,,,,,,,,,,,,,,,,,48.51548963795256,1.3795,43,11,287,146,114,32,19.034624,0,ok,logs/seed_561541.log
35471,irt_only,GHEFT,0,0.0,0,0,1,0.1733,0.178,0.3513,,,,,,,,,,,,,,,,,47.02492409638555,1.1633,59,11,333,176,129,47,22.923956,0,ok,logs/seed_35471.log
530889,irt_only,GHEFT,0,0.0,0,0,1,0.1666,0.1757,0.3423,,,,,,,,,,,,,,,,,54.037451978171894,1.203,46,9,329,158,112,46,25.486688,0,ok,logs/seed_530889.log
435171,irt_only,GHEFT,0,0.0,0,0,1,0.1468,0.218,0.3648,,,,,,,,,,,,,,,,,40.82367218543047,1.0043,57,12,320,161,116,45,22.349397,0,ok,logs/seed_435171.log
857091,irt_only,GHEFT,0,0.0,0,0,1,0.1667,0.2028,0.3695,,,,,,,,,,,,,,,,,41.85152565415986,1.116,50,13,306,162,105,57,18.801659,0,ok,logs/seed_857091.log
266083,irt_only,GHEFT,0,0.0,0,0,1,0.1628,0.2108,0.3736,,,,,,,,,,,,,,,,,44.37561949685536,1.3309,44,9,329,159,125,34,21.931822,0,ok,logs/seed_266083.log
843150,irt_only,GHEFT,0,0.0,0,0,1,0.1746,0.2523,0.4269,,,,,,,,,,,,,,,,,42.76462156196944,1.0321,51,11,320,141,100,41,17.309401,0,ok,logs/seed_843150.log
323855,irt_only,GHEFT,0,0.0,0,0,1,0.1697,0.2558,0.4255,,,,,,,,,,,,,,,,,41.45157670954638,1.0635,50,12,336,165,122,43,29.634805,0,ok,logs/seed_323855.log
759997,irt_only,GHEFT,0,0.0,0,0,1,0.1611,0.2461,0.4072,,,,,,,,,,,,,,,,,55.515613114754096,1.3924,50,12,327,171,107,64,20.273106,0,ok,logs/seed_759997.log
233845,irt_only,GHEFT,0,0.0,0,0,1,0.1694,0.1976,0.367,,,,,,,,,,,,,,,,,48.16024930157415,1.0118,50,12,345,191,142,49,18.964945,0,ok,logs/seed_233845.log
397130,irt_only,GHEFT,0,0.0,0,0,1,0.182,0.2484,0.4304,,,,,,,,,,,,,,,,,50.705743411414566,1.2665,46,12,300,141,110,31,24.283355,0,ok,logs/seed_397130.log
683545,irt_only,GHEFT,0,0.0,0,0,1,0.1673,0.2214,0.3887,,,,,,,,,,,,,,,,,45.343751528409804,1.2853,54,13,334,184,144,40,24.381754,0,ok,logs/seed_683545.log
265770,irt_only,GHEFT,0,0.0,0,0,1,0.1881,0.1851,0.3732,,,,,,,,,,,,,,,,,45.808518410863584,1.1604,52,11,309,156,123,33,20.889287,0,ok,logs/seed_265770.log
820890,irt_only,GHEFT,0,0.0,0,0,1,0.1671,0.2271,0.3942,,,,,,,,,,,,,,,,,41.99785172413793,1.2919,47,9,307,147,128,19,21.995169,0,ok,logs/seed_820890.log
878022,irt_only,GHEFT,0,0.0,0,0,1,0.1496,0.2116,0.3612,,,,,,,,,,,,,,,,,45.126008920187786,1.0975,58,15,316,173,110,63,20.752879,0,ok,logs/seed_878022.log
160041,irt_only,GHEFT,0,0.0,0,0,1,0.1929,0.2405,0.4334,,,,,,,,,,,,,,,,,42.799483763837635,1.0931,50,10,343,163,125,38,25.087959,0,ok,logs/seed_160041.log
904461,irt_only,GHEFT,0,0.0,0,0,1,0.1899,0.2509,0.4408,,,,,,,,,,,,,,,,,46.039736785953174,1.1501,58,12,327,170,132,38,22.641017,0,ok,logs/seed_904461.log
641339,irt_only,GHEFT,0,0.0,0,0,1,0.1942,0.2854,0.4796,,,,,,,,,,,,,,,,,48.142963086335826,1.0105,48,12,330,173,136,37,21.006179,0,ok,logs/seed_641339.log
980412,irt_only,GHEFT,0,0.0,0,0,1,0.1809,0.1889,0.3698,,,,,,,,,,,,,,,,,40.35719756097561,1.1072,41,12,303,128,95,33,18.498038,0,ok,logs/seed_980412.log
509693,irt_only,GHEFT,0,0.0,0,0,1,0.1774,0.1956,0.373,,,,,,,,,,,,,,,,,63.22701666666668,1.5233,39,11,280,146,114,32,20.759966,0,ok,logs/seed_509693.log
89260,irt_only,GHEFT,0,0.0,0,0,1,0.177,0.2409,0.4179,,,,,,,,,,,,,,,,,47.0615173693086,1.3016,60,14,337,185,126,59,23.89844,0,ok,logs/seed_89260.log
49537,irt_only,GHEFT,0,0.0,0,0,1,0.1831,0.2241,0.4072,,,,,,,,,,,,,,,,,40.169447504025754,1.3761,50,11,347,172,129,43,20.976778,0,ok,logs/seed_49537.log
632773,irt_only,GHEFT,0,0.0,0,0,1,0.1779,0.191,0.3689,,,,,,,,,,,,,,,,,40.88728014981274,1.1255,49,11,294,134,107,27,19.449708,0,ok,logs/seed_632773.log
806015,irt_only,GHEFT,0,0.0,0,0,1,0.1796,0.1849,0.3645,,,,,,,,,,,,,,,,,39.26591346153847,1.0686,53,10,353,153,121,32,23.112917,0,ok,logs/seed_806015.log
77261,irt_only,GHEFT,0,0.0,0,0,1,0.1636,0.1886,0.3522,,,,,,,,,,,,,,,,,41.51579803353201,1.1841,50,13,331,169,116,53,19.846715,0,ok,logs/seed_77261.log
928757,irt_only,GHEFT,0,0.0,0,0,1,0.1835,0.203,0.3865,,,,,,,,,,,,,,,,,48.9099,1.1753,48,12,333,180,138,42,19.786795,0,ok,logs/seed_928757.log
101503,irt_only,GHEFT,0,0.0,0,0,1,0.1814,0.2359,0.4173,,,,,,,,,,,,,,,,,43.71923636363637,1.1701,52,12,328,194,149,45,23.056048,0,ok,logs/seed_101503.log
771006,irt_only,GHEFT,0,0.0,0,0,1,0.1982,0.2005,0.3987,,,,,,,,,,,,,,,,,40.56835718654434,1.0987,47,11,319,176,140,36,18.028639,0,ok,logs/seed_771006.log
980797,irt_only,GHEFT,0,0.0,0,0,1,0.1778,0.2628,0.4406,,,,,,,,,,,,,,,,,42.5548328611898,1.2089,53,12,313,163,100,63,23.095799,0,ok,logs/seed_980797.log
810307,irt_only,GHEFT,0,0.0,0,0,1,0.1973,0.2271,0.4244,,,,,,,,,,,,,,,,,41.86475622119816,1.3262,54,15,324,182,140,42,17.876131,0,ok,logs/seed_810307.log
601855,irt_only,GHEFT,0,0.0,0,0,1,0.1613,0.1746,0.3359,,,,,,,,,,,,,,,,,50.6036943089431,1.0351,41,11,288,155,113,42,13.798491,0,ok,logs/seed_601855.log
315131,irt_only,GHEFT,0,0.0,0,0,1,0.1558,0.2079,0.3637,,,,,,,,,,,,,,,,,63.161326713532524,1.3912,49,9,333,166,120,46,10.716358,0,ok,logs/seed_315131.log
857672,irt_only,GHEFT,0,0.0,0,0,1,0.1771,0.1879,0.365,,,,,,,,,,,,,,,,,44.84103343769568,1.1897,48,12,314,168,132,36,4.637193,0,ok,logs/seed_857672.log
301408,irt_only,GHEFT,0,0.0,0,0,1,0.1476,0.1946,0.3422,,,,,,,,,,,,,,,,,44.05783130287647,1.138,49,13,312,176,119,57,16.547809,0,ok,logs/seed_301408.log
477074,irt_only,GHEFT,0,0.0,0,0,1,0.1646,0.2003,0.3649,,,,,,,,,,,,,,,,,40.047436415362725,1.0916,48,10,322,158,117,41,17.883289,0,ok,logs/seed_477074.log
856925,irt_only,GHEFT,0,0.0,0,0,1,0.1652,0.192,0.3572,,,,,,,,,,,,,,,,,40.65045359477123,1.0835,48,9,281,135,97,38,17.131103,0,ok,logs/seed_856925.log
358293,irt_only,GHEFT,0,0.0,0,0,1,0.1558,0.1696,0.3254,,,,,,,,,,,,,,,,,38.63183871829106,1.0988,51,12,348,153,102,51,21.567677,0,ok,logs/seed_358293.log
419060,irt_only,GHEFT,0,0.0,0,0,1,0.1658,0.1894,0.3552,,,,,,,,,,,,,,,,,44.492958590308355,1.0438,48,10,311,161,131,30,16.50446,0,ok,logs/seed_419060.log
279827,irt_only,GHEFT,0,0.0,0,0,1,0.1637,0.2014,0.3651,,,,,,,,,,,,,,,,,42.93589130434783,1.1025,51,12,320,170,136,34,16.452464,0,ok,logs/seed_279827.log
492206,irt_only,GHEFT,0,0.0,0,0,1,0.1665,0.2286,0.3951,,,,,,,,,,,,,,,,,45.0178923126916,1.2893,51,13,317,167,120,47,15.777527,0,ok,logs/seed_492206.log
899477,irt_only,GHEFT,0,0.0,0,0,1,0.1831,0.1986,0.3817,,,,,,,,,,,,,,,,,38.56864461420932,1.3164,58,13,344,181,123,58,19.994853,0,ok,logs/seed_899477.log
598216,irt_only,GHEFT,0,0.0,0,0,1,0.1694,0.2447,0.4141,,,,,,,,,,,,,,,,,48.08868191126279,1.2501,66,16,339,199,126,73,28.992034,0,ok,logs/seed_598216.log
792100,irt_only,GHEFT,0,0.0,0,0,1,0.1657,0.1914,0.3571,,,,,,,,,,,,,,,,,43.87542499999999,1.1395,47,10,303,148,116,32,21.190336,0,ok,logs/seed_792100.log
600819,irt_only,GHEFT,0,0.0,0,0,1,0.2064,0.2323,0.4387,,,,,,,,,,,,,,,,,38.83288172341904,1.0057,52,14,315,171,133,38,25.414755,0,ok,logs/seed_600819.log
141930,irt_only,GHEFT,0,0.0,0,0,1,0.1943,0.178,0.3723,,,,,,,,,,,,,,,,,58.84584036697247,1.0803,50,12,331,179,127,52,20.657903,0,ok,logs/seed_141930.log
92175,irt_only,GHEFT,0,0.0,0,0,1,0.1628,0.169,0.3318,,,,,,,,,,,,,,,,,42.718034591194986,1.3737,48,12,326,169,133,36,18.079887,0,ok,logs/seed_92175.log
814416,irt_only,GHEFT,0,0.0,0,0,1,0.1615,0.1718,0.3333,,,,,,,,,,,,,,,,,55.31045662650601,1.0099,51,11,317,152,119,33,21.574673,0,ok,logs/seed_814416.log
219838,irt_only,GHEFT,0,0.0,0,0,1,0.1841,0.2064,0.3905,,,,,,,,,,,,,,,,,40.571220448179275,1.2864,51,13,322,162,119,43,20.856852,0,ok,logs/seed_219838.log
826599,irt_only,GHEFT,0,0.0,0,0,1,0.1825,0.2107,0.3932,,,,,,,,,,,,,,,,,42.03847684828052,1.2075,60,12,350,193,126,67,19.963855,0,ok,logs/seed_826599.log
872887,irt_only,GHEFT,0,0.0,0,0,1,0.1628,0.1824,0.3452,,,,,,,,,,,,,,,,,52.99739999999999,1.2376,53,11,329,155,118,37,26.18131,0,ok,logs/seed_872887.log
9276,irt_only,GHEFT,0,0.0,0,0,1,0.166,0.1881,0.3541,,,,,,,,,,,,,,,,,38.055693920972644,1.1011,47,10,332,142,106,36,25.45262,0,ok,logs/seed_9276.log
476843,irt_only,GHEFT,0,0.0,0,0,1,0.1555,0.1978,0.3533,,,,,,,,,,,,,,,,,48.11584519392917,1.025,51,11,323,157,113,44,20.4774,0,ok,logs/seed_476843.log
669745,irt_only,GHEFT,0,0.0,0,0,1,0.1821,0.238,0.4201,,,,,,,,,,,,,,,,,43.22354205748865,1.0483,48,12,324,158,127,31,22.826265,0,ok,logs/seed_669745.log
348419,irt_only,GHEFT,0,0.0,0,0,1,0.1582,0.2079,0.3661,,,,,,,,,,,,,,,,,46.34217762557076,1.1411,52,11,316,147,112,35,24.949444,0,ok,logs/seed_348419.log
459262,irt_only,GHEFT,0,0.0,0,0,1,0.1609,0.159,0.3199,,,,,,,,,,,,,,,,,47.69018986784141,1.1088,52,11,349,175,130,45,24.484435,0,ok,logs/seed_459262.log
953735,irt_only,GHEFT,0,0.0,0,0,1,0.1877,0.2409,0.4286,,,,,,,,,,,,,,,,,45.229861538461535,1.0917,47,12,327,154,123,31,18.690695,0,ok,logs/seed_953735.log
438523,irt_only,GHEFT,0,0.0,0,0,1,0.1717,0.2065,0.3782,,,,,,,,,,,,,,,,,41.833983662477564,1.0846,51,11,322,170,120,50,21.916361,0,ok,logs/seed_438523.log
671488,irt_only,GHEFT,0,0.0,0,0,1,0.1968,0.2241,0.4209,,,,,,,,,,,,,,,,,40.06100735873849,1.1394,46,9,324,130,85,45,16.970473,0,ok,logs/seed_671488.log
959396,irt_only,GHEFT,0,0.0,0,0,1,0.1609,0.1864,0.3473,,,,,,,,,,,,,,,,,45.77575833126455,1.1851,49,10,326,164,127,37,22.395156,0,ok,logs/seed_959396.log
127531,irt_only,GHEFT,0,0.0,0,0,1,0.19,0.2052,0.3952,,,,,,,,,,,,,,,,,40.04875786802032,1.0595,46,12,303,142,102,40,21.411543,0,ok,logs/seed_127531.log
720158,irt_only,GHEFT,0,0.0,0,0,1,0.1543,0.1487,0.303,,,,,,,,,,,,,,,,,39.02715676905575,1.0879,45,10,319,134,98,36,17.691252,0,ok,logs/seed_720158.log
616958,irt_only,GHEFT,0,0.0,0,0,1,0.1818,0.1896,0.3714,,,,,,,,,,,,,,,,,48.74893139158576,1.1456,50,11,344,167,107,60,24.300607,0,ok,logs/seed_616958.log
767920,irt_only,GHEFT,0,0.0,0,0,1,0.1668,0.1728,0.3396,,,,,,,,,,,,,,,,,40.42267971014492,1.1542,49,12,322,163,143,20,20.238536,0,ok,logs/seed_767920.log
286030,irt_only,GHEFT,0,0.0,0,0,1,0.1521,0.1957,0.3478,,,,,,,,,,,,,,,,,47.25366011854361,1.1201,43,11,322,153,123,30,16.603436,0,ok,logs/seed_286030.log
18671,irt_only,GHEFT,0,0.0,0,0,1,0.1407,0.1761,0.3168,,,,,,,,,,,,,,,,,48.13344871794872,1.1001,50,13,316,161,137,24,19.129495,0,ok,logs/seed_18671.log
348701,irt_only,GHEFT,0,0.0,0,0,1,0.155,0.1844,0.3394,,,,,,,,,,,,,,,,,50.18893050047213,1.0253,51,13,316,173,137,36,23.124961,0,ok,logs/seed_348701.log
630160,irt_only,GHEFT,0,0.0,0,0,1,0.1659,0.1889,0.3548,,,,,,,,,,,,,,,,,36.70842716049383,1.1112,56,14,335,173,111,62,22.506092,0,ok,logs/seed_630160.log
534421,irt_only,GHEFT,0,0.0,0,0,1,0.1457,0.1722,0.3179,,,,,,,,,,,,,,,,,37.481645341614914,1.062,51,11,325,159,125,34,23.876402,0,ok,logs/seed_534421.log
550498,irt_only,GHEFT,0,0.0,0,0,1,0.1565,0.2339,0.3904,,,,,,,,,,,,,,,,,54.5182862745098,1.0311,44,9,323,159,121,38,24.090738,0,ok,logs/seed_550498.log
440724,irt_only,GHEFT,0,0.0,0,0,1,0.1618,0.1771,0.3389,,,,,,,,,,,,,,,,,46.47523047735617,1.1642,54,13,317,169,123,46,25.391119,0,ok,logs/seed_440724.log
475946,irt_only,GHEFT,0,0.0,0,0,1,0.1703,0.2227,0.393,,,,,,,,,,,,,,,,,42.49771212653779,1.0831,43,11,321,140,94,46,27.879287,0,ok,logs/seed_475946.log
522340,irt_only,GHEFT,0,0.0,0,0,1,0.199,0.205,0.404,,,,,,,,,,,,,,,,,38.396425503355715,1.1316,53,11,332,148,118,30,27.070875,0,ok,logs/seed_522340.log
514258,irt_only,GHEFT,0,0.0,0,0,1,0.1601,0.221,0.3811,,,,,,,,,,,,,,,,,51.71612616822431,1.0213,51,10,321,177,140,37,29.39363,0,ok,logs/seed_514258.log
222457,irt_only,GHEFT,0,0.0,0,0,1,0.1686,0.2378,0.4064,,,,,,,,,,,,,,,,,45.53246508279337,1.1918,50,11,336,175,131,44,22.635406,0,ok,logs/seed_222457.log
769416,irt_only,GHEFT,0,0.0,0,0,1,0.1622,0.1963,0.3585,,,,,,,,,,,,,,,,,49.089256111566854,1.4717,40,11,276,144,119,25,16.69556,0,ok,logs/seed_769416.log
429996,irt_only,GHEFT,0,0.0,0,0,1,0.1578,0.163,0.3208,,,,,,,,,,,,,,,,,47.6368592920354,1.1131,50,15,346,197,145,52,27.32286,0,ok,logs/seed_429996.log
657311,irt_only,GHEFT,0,0.0,0,0,1,0.153,0.18,0.333,,,,,,,,,,,,,,,,,51.37798613138687,1.0688,53,11,325,157,124,33,23.309921,0,ok,logs/seed_657311.log
402349,irt_only,GHEFT,0,0.0,0,0,1,0.1779,0.1866,0.3645,,,,,,,,,,,,,,,,,44.315603880983176,1.1354,46,11,301,165,121,44,20.700972,0,ok,logs/seed_402349.log
434184,irt_only,GHEFT,0,0.0,0,0,1,0.1757,0.1884,0.3641,,,,,,,,,,,,,,,,,43.27203401360545,1.0846,53,12,330,156,110,46,21.255139,0,ok,logs/seed_434184.log
786598,irt_only,GHEFT,0,0.0,0,0,1,0.1628,0.1502,0.313,,,,,,,,,,,,,,,,,44.59524655172413,1.2082,46,11,330,141,100,41,23.132948,0,ok,logs/seed_786598.log
101351,irt_only,GHEFT,0,0.0,0,0,1,0.177,0.2116,0.3886,,,,,,,,,,,,,,,,,41.46859452517986,1.2494,54,13,321,145,90,55,19.964525,0,ok,logs/seed_101351.log
155305,irt_only,GHEFT,0,0.0,0,0,1,0.1629,0.2017,0.3646,,,,,,,,,,,,,,,,,40.34127564208783,1.1655,53,11,346,169,137,32,22.474018,0,ok,logs/seed_155305.log
218988,irt_only,GHEFT,0,0.0,0,0,1,0.1615,0.2114,0.3729,,,,,,,,,,,,,,,,,45.41610358422939,1.1251,48,12,332,172,136,36,23.594744,0,ok,logs/seed_218988.log
981581,irt_only,GHEFT,0,0.0,0,0,1,0.1617,0.191,0.3527,,,,,,,,,,,,,,,,,44.64809858657244,1.0788,47,12,309,140,110,30,24.372963,0,ok,logs/seed_981581.log
495855,irt_only,GHEFT,0,0.0,0,0,1,0.1668,0.1888,0.3556,,,,,,,,,,,,,,,,,46.16192648713953,1.2884,47,12,320,169,130,39,18.071632,0,ok,logs/seed_495855.log
708196,irt_only,GHEFT,0,0.0,0,0,1,0.1677,0.2242,0.3919,,,,,,,,,,,,,,,,,60.28184842767296,1.2304,46,10,295,144,113,31,23.833669,0,ok,logs/seed_708196.log
700191,irt_only,GHEFT,0,0.0,0,0,1,0.1736,0.2695,0.4431,,,,,,,,,,,,,,,,,48.047410280373825,1.15,54,13,325,162,117,45,23.328586,0,ok,logs/seed_700191.log
366645,irt_only,GHEFT,0,0.0,0,0,1,0.1611,0.1539,0.315,,,,,,,,,,,,,,,,,64.94568681672024,1.1785,53,12,329,154,124,30,22.107478,0,ok,logs/seed_366645.log
664766,irt_only,GHEFT,0,0.0,0,0,1,0.1721,0.2187,0.3908,,,,,,,,,,,,,,,,,39.46579380378657,1.2409,53,13,304,160,110,50,21.386737,0,ok,logs/seed_664766.log
137324,irt_only,GHEFT,0,0.0,0,0,1,0.159,0.2054,0.3644,,,,,,,,,,,,,,,,,47.5631516733601,1.2063,53,11,341,144,112,32,22.574683,0,ok,logs/seed_137324.log
93537,irt_only,GHEFT,0,0.0,0,0,1,0.1645,0.1896,0.3541,,,,,,,,,,,,,,,,,46.72350135363791,1.096,43,9,314,138,115,23,19.165647,0,ok,logs/seed_93537.log
827786,irt_only,GHEFT,0,0.0,0,0,1,0.1805,0.2314,0.4119,,,,,,,,,,,,,,,,,40.99927073954984,1.169,47,10,325,135,85,50,26.375446,0,ok,logs/seed_827786.log
343941,irt_only,GHEFT,0,0.0,0,0,1,0.1785,0.174,0.3525,,,,,,,,,,,,,,,,,60.234542372881364,1.2754,52,12,316,159,124,35,25.348269,0,ok,logs/seed_343941.log
710910,irt_only,GHEFT,0,0.0,0,0,1,0.1728,0.2105,0.3833,,,,,,,,,,,,,,,,,41.27052829204694,1.0168,52,12,337,150,122,28,22.210577,0,ok,logs/seed_710910.log
335281,irt_only,GHEFT,0,0.0,0,0,1,0.1795,0.1833,0.3628,,,,,,,,,,,,,,,,,39.857318001281236,1.2423,48,12,322,148,110,38,22.542303,0,ok,logs/seed_335281.log
385234,irt_only,GHEFT,0,0.0,0,0,1,0.1632,0.179,0.3422,,,,,,,,,,,,,,,,,43.1509645344705,1.1657,45,11,313,149,102,47,18.996391,0,ok,logs/seed_385234.log
566861,irt_only,GHEFT,0,0.0,0,0,1,0.1577,0.1588,0.3165,,,,,,,,,,,,,,,,,42.434717948717946,1.1692,53,15,312,169,111,58,22.796799,0,ok,logs/seed_566861.log
794225,irt_only,GHEFT,0,0.0,0,0,1,0.1539,0.1712,0.3251,,,,,,,,,,,,,,,,,42.87276066350711,1.0646,51,14,340,166,122,44,22.718122,0,ok,logs/seed_794225.log
509569,irt_only,GHEFT,0,0.0,0,0,1,0.1668,0.2687,0.4355,,,,,,,,,,,,,,,,,61.1084783933518,1.2858,44,12,329,165,111,54,24.67082,0,ok,logs/seed_509569.log
949698,irt_only,GHEFT,0,0.0,0,0,1,0.1809,0.1851,0.366,,,,,,,,,,,,,,,,,43.70795793871867,1.2207,56,12,318,156,114,42,21.454103,0,ok,logs/seed_949698.log
553382,irt_only,GHEFT,0,0.0,0,0,1,0.1684,0.2403,0.4087,,,,,,,,,,,,,,,,,46.09685935098207,1.102,53,13,340,171,121,50,22.302269,0,ok,logs/seed_553382.log
572482,irt_only,GHEFT,0,0.0,0,0,1,0.1726,0.1716,0.3442,,,,,,,,,,,,,,,,,40.604600000000005,1.0882,53,13,316,172,141,31,22.874791,0,ok,logs/seed_572482.log
389037,irt_only,GHEFT,0,0.0,0,0,1,0.1838,0.2123,0.3961,,,,,,,,,,,,,,,,,37.71755543566607,1.1532,41,11,294,130,100,30,21.276482,0,ok,logs/seed_389037.log
309802,irt_only,GHEFT,0,0.0,0,0,1,0.1608,0.2173,0.3781,,,,,,,,,,,,,,,,,40.59263451674327,1.1925,48,11,304,164,118,46,22.634245,0,ok,logs/seed_309802.log
704427,irt_only,GHEFT,0,0.0,0,0,1,0.1697,0.1769,0.3466,,,,,,,,,,,,,,,,,57.933419047619054,1.4201,49,12,319,154,122,32,23.864335,0,ok,logs/seed_704427.log
101580,irt_only,GHEFT,0,0.0,0,0,1,0.194,0.2505,0.4445,,,,,,,,,,,,,,,,,45.37669523809524,1.2561,49,10,315,158,113,45,20.45343,0,ok,logs/seed_101580.log
341337,irt_only,GHEFT,0,0.0,0,0,1,0.1607,0.1569,0.3176,,,,,,,,,,,,,,,,,50.01736842105264,1.0672,48,9,324,138,107,31,23.51231,0,ok,logs/seed_341337.log
392761,irt_only,GHEFT,0,0.0,0,0,1,0.1619,0.2382,0.4001,,,,,,,,,,,,,,,,,43.376261224489795,1.3473,52,11,334,173,131,42,20.023412,0,ok,logs/seed_392761.log
481487,irt_only,GHEFT,0,0.0,0,0,1,0.1839,0.2059,0.3898,,,,,,,,,,,,,,,,,40.59313236151603,1.01,61,15,343,176,114,62,21.545271,0,ok,logs/seed_481487.log
399403,irt_only,GHEFT,0,0.0,0,0,1,0.1662,0.19,0.3562,,,,,,,,,,,,,,,,,44.21093058963851,1.063,55,14,352,195,136,59,30.076038,0,ok,logs/seed_399403.log
823258,irt_only,GHEFT,0,0.0,0,0,1,0.1845,0.1693,0.3538,,,,,,,,,,,,,,,,,40.62885468171021,1.1836,52,11,328,158,126,32,20.546928,0,ok,logs/seed_823258.log
213758,irt_only,GHEFT,0,0.0,0,0,1,0.1671,0.2079,0.375,,,,,,,,,,,,,,,,,41.6079711188455,1.1853,46,11,311,141,110,31,24.473599,0,ok,logs/seed_213758.log
852462,irt_only,GHEFT,0,0.0,0,0,1,0.1467,0.1862,0.3329,,,,,,,,,,,,,,,,,50.9834,1.045,43,11,301,140,105,35,21.470631,0,ok,logs/seed_852462.log
98150,irt_only,GHEFT,0,0.0,0,0,1,0.1833,0.193,0.3763,,,,,,,,,,,,,,,,,39.07013203999822,1.0677,55,10,337,150,108,42,22.320016,0,ok,logs/seed_98150.log
290105,irt_only,GHEFT,0,0.0,0,0,1,0.1712,0.2132,0.3844,,,,,,,,,,,,,,,,,38.848318877094975,1.3714,60,13,322,172,108,64,19.550303,0,ok,logs/seed_290105.log
411034,irt_only,GHEFT,0,0.0,0,0,1,0.1843,0.2005,0.3848,,,,,,,,,,,,,,,,,41.72122510231924,1.0957,52,12,318,166,109,57,18.675008,0,ok,logs/seed_411034.log
269026,irt_only,GHEFT,0,0.0,0,0,1,0.1891,0.1872,0.3763,,,,,,,,,,,,,,,,,56.480003441682605,1.4963,53,12,318,161,124,37,28.783398,0,ok,logs/seed_269026.log
69100,irt_only,GHEFT,0,0.0,0,0,1,0.1512,0.168,0.3192,,,,,,,,,,,,,,,,,38.14134879288437,1.2286,43,12,319,167,100,67,23.903466,0,ok,logs/seed_69100.log
433242,irt_only,GHEFT,0,0.0,0,0,1,0.1548,0.2091,0.3639,,,,,,,,,,,,,,,,,43.714763651591284,1.0676,48,11,298,122,78,44,17.0626,0,ok,logs/seed_433242.log
931676,irt_only,GHEFT,0,0.0,0,0,1,0.1557,0.1801,0.3358,,,,,,,,,,,,,,,,,46.55476717557253,1.1406,52,13,332,168,131,37,23.656408,0,ok,logs/seed_931676.log
281692,irt_only,GHEFT,0,0.0,0,0,1,0.1649,0.1873,0.3522,,,,,,,,,,,,,,,,,48.92653997412678,1.3239,46,11,334,161,112,49,23.529235,0,ok,logs/seed_281692.log
904446,irt_only,GHEFT,0,0.0,0,0,1,0.1533,0.2393,0.3926,,,,,,,,,,,,,,,,,50.124122800947866,1.4989,54,12,331,170,123,47,22.224949,0,ok,logs/seed_904446.log
831666,irt_only,GHEFT,0,0.0,0,0,1,0.1692,0.1739,0.3431,,,,,,,,,,,,,,,,,40.06330195627159,1.0488,50,11,328,168,142,26,20.570023,0,ok,logs/seed_831666.log
83588,irt_only,GHEFT,0,0.0,0,0,1,0.1821,0.1877,0.3698,,,,,,,,,,,,,,,,,45.50923333333333,1.0871,50,11,329,172,126,46,20.408462,0,ok,logs/seed_83588.log
326878,irt_only,GHEFT,0,0.0,0,0,1,0.1719,0.2031,0.375,,,,,,,,,,,,,,,,,42.0031,1.1451,48,11,331,160,121,39,26.068667,0,ok,logs/seed_326878.log
928118,irt_only,GHEFT,0,0.0,0,0,1,0.1899,0.212,0.4019,,,,,,,,,,,,,,,,,43.475676084407965,1.0598,50,11,326,171,132,39,25.962602,0,ok,logs/seed_928118.log
890764,irt_only,GHEFT,0,0.0,0,0,1,0.1572,0.2082,0.3654,,,,,,,,,,,,,,,,,60.81757065368566,1.3853,50,13,327,158,121,37,20.855774,0,ok,logs/seed_890764.log
355815,irt_only,GHEFT,0,0.0,0,0,1,0.1787,0.2658,0.4445,,,,,,,,,,,,,,,,,47.01832285686653,1.1449,50,10,309,144,107,37,24.278789,0,ok,logs/seed_355815.log
368407,irt_only,GHEFT,0,0.0,0,0,1,0.1899,0.2328,0.4227,,,,,,,,,,,,,,,,,40.242065789473685,1.3914,53,12,345,186,115,71,23.534899,0,ok,logs/seed_368407.log
874310,irt_only,GHEFT,0,0.0,0,0,1,0.1564,0.173,0.3294,,,,,,,,,,,,,,,,,60.03949847328243,1.265,52,10,318,147,118,29,24.231543,0,ok,logs/seed_874310.log
971526,irt_only,GHEFT,0,0.0,0,0,1,0.1843,0.1942,0.3785,,,,,,,,,,,,,,,,,48.59273565891472,1.1936,47,11,342,163,127,36,24.664308,0,ok,logs/seed_971526.log
563565,irt_only,GHEFT,0,0.0,0,0,1,0.1517,0.1706,0.3223,,,,,,,,,,,,,,,,,52.101902298850575,1.0653,52,12,322,148,97,51,18.399964,0,ok,logs/seed_563565.log
943133,irt_only,GHEFT,0,0.0,0,0,1,0.1793,0.2028,0.3821,,,,,,,,,,,,,,,,,44.67141601423488,1.1078,49,12,315,164,117,47,20.309129,0,ok,logs/seed_943133.log
455182,irt_only,GHEFT,0,0.0,0,0,1,0.1869,0.2882,0.4751,,,,,,,,,,,,,,,,,48.37036448598131,1.2038,59,14,328,186,128,58,23.163384,0,ok,logs/seed_455182.log
719709,irt_only,GHEFT,0,0.0,0,0,1,0.1686,0.1786,0.3472,,,,,,,,,,,,,,,,,57.36501860465114,1.0799,57,13,330,173,138,35,24.103167,0,ok,logs/seed_719709.log
720998,irt_only,GHEFT,0,0.0,0,0,1,0.1708,0.1659,0.3367,,,,,,,,,,,,,,,,,44.54489462989841,1.0353,57,13,330,171,117,54,23.708568,0,ok,logs/seed_720998.log
747524,irt_only,GHEFT,0,0.0,0,0,1,0.1873,0.2572,0.4445,,,,,,,,,,,,,,,,,50.40311739130435,1.2769,50,11,332,162,103,59,21.397868,0,ok,logs/seed_747524.log
252772,irt_only,GHEFT,0,0.0,0,0,1,0.1618,0.1815,0.3433,,,,,,,,,,,,,,,,,40.53678622100956,1.0901,53,11,344,144,119,25,25.056776,0,ok,logs/seed_252772.log
175281,irt_only,GHEFT,0,0.0,0,0,1,0.1688,0.1915,0.3603,,,,,,,,,,,,,,,,,42.98138841201716,1.086,47,10,334,157,124,33,24.645541,0,ok,logs/seed_175281.log
72567,irt_only,GHEFT,0,0.0,0,0,1,0.1861,0.2015,0.3876,,,,,,,,,,,,,,,,,36.75595420098846,1.1513,45,10,307,145,98,47,23.845407,0,ok,logs/seed_72567.log
937978,irt_only,GHEFT,0,0.0,0,0,1,0.1711,0.1921,0.3632,,,,,,,,,,,,,,,,,52.65980581222057,1.1246,54,12,323,171,120,51,21.623059,0,ok,logs/seed_937978.log
543059,irt_only,GHEFT,0,0.0,0,0,1,0.1867,0.2592,0.4459,,,,,,,,,,,,,,,,,42.145227701375255,1.0591,56,12,314,158,118,40,21.300139,0,ok,logs/seed_543059.log
48503,irt_only,GHEFT,0,0.0,0,0,1,0.1714,0.1707,0.3421,,,,,,,,,,,,,,,,,40.247816666666665,1.1236,51,11,297,151,111,40,18.848746,0,ok,logs/seed_48503.log
738560,irt_only,GHEFT,0,0.0,0,0,1,0.1719,0.1708,0.3427,,,,,,,,,,,,,,,,,51.45154431550804,1.1095,52,11,316,151,107,44,23.775806,0,ok,logs/seed_738560.log
975608,irt_only,GHEFT,0,0.0,0,0,1,0.1729,0.1747,0.3476,,,,,,,,,,,,,,,,,51.10336248856359,1.1078,52,11,335,183,141,42,19.733914,0,ok,logs/seed_975608.log
683245,irt_only,GHEFT,0,0.0,0,0,1,0.1696,0.2022,0.3718,,,,,,,,,,,,,,,,,43.19792572706936,1.1711,47,12,304,145,109,36,20.07601,0,ok,logs/seed_683245.log
781133,irt_only,GHEFT,0,0.0,0,0,1,0.1696,0.2093,0.3789,,,,,,,,,,,,,,,,,44.06549275786394,1.0059,49,12,328,166,139,27,22.069087,0,ok,logs/seed_781133.log
43408,irt_only,GHEFT,0,0.0,0,0,1,0.1859,0.2264,0.4123,,,,,,,,,,,,,,,,,43.333777675840985,1.182,45,11,310,149,97,52,22.477424,0,ok,logs/seed_43408.log
226631,irt_only,GHEFT,0,0.0,0,0,1,0.1634,0.2043,0.3677,,,,,,,,,,,,,,,,,52.02129613457408,1.1749,45,11,310,162,126,36,23.414509,0,ok,logs/seed_226631.log
181152,irt_only,GHEFT,0,0.0,0,0,1,0.183,0.2475,0.4305,,,,,,,,,,,,,,,,,43.1989683029453,1.3525,50,13,314,173,132,41,24.39604,0,ok,logs/seed_181152.log
429823,irt_only,GHEFT,0,0.0,0,0,1,0.1697,0.2056,0.3753,,,,,,,,,,,,,,,,,41.555311845286056,1.1934,54,13,328,160,100,60,23.785217,0,ok,logs/seed_429823.log
404672,irt_only,GHEFT,0,0.0,0,0,1,0.1429,0.161,0.3039,,,,,,,,,,,,,,,,,41.185526287262874,1.0474,43,9,322,147,123,24,22.093801,0,ok,logs/seed_404672.log
877698,irt_only,GHEFT,0,0.0,0,0,1,0.1691,0.1397,0.3088,,,,,,,,,,,,,,,,,44.30915027322405,1.2717,53,12,315,137,99,38,25.758679,0,ok,logs/seed_877698.log
958202,irt_only,GHEFT,0,0.0,0,0,1,0.1652,0.2457,0.4109,,,,,,,,,,,,,,,,,43.863513812154686,1.1103,55,12,321,160,116,44,22.769783,0,ok,logs/seed_958202.log
544591,irt_only,GHEFT,0,0.0,0,0,1,0.1682,0.1836,0.3518,,,,,,,,,,,,,,,,,43.90720140187542,1.1729,38,11,311,151,125,26,26.963783,0,ok,logs/seed_544591.log
539008,irt_only,GHEFT,0,0.0,0,0,1,0.1588,0.2212,0.38,,,,,,,,,,,,,,,,,54.77224528301886,1.1092,49,9,334,148,116,32,22.781902,0,ok,logs/seed_539008.log
183645,irt_only,GHEFT,0,0.0,0,0,1,0.1955,0.2287,0.4242,,,,,,,,,,,,,,,,,41.05316666666667,1.0755,48,12,322,158,123,35,20.904239,0,ok,logs/seed_183645.log
701092,irt_only,GHEFT,0,0.0,0,0,1,0.1855,0.2011,0.3866,,,,,,,,,,,,,,,,,44.1454795369679,1.1284,51,13,336,173,132,41,22.43868,0,ok,logs/seed_701092.log
529935,irt_only,GHEFT,0,0.0,0,0,1,0.1797,0.2088,0.3885,,,,,,,,,,,,,,,,,38.96605080213904,1.0813,52,13,325,167,125,42,18.331908,0,ok,logs/seed_529935.log
159302,irt_only,GHEFT,0,0.0,0,0,1,0.1562,0.1724,0.3286,,,,,,,,,,,,,,,,,44.69334712041884,1.2008,55,13,332,185,130,55,26.568039,0,ok,logs/seed_159302.log
946627,irt_only,GHEFT,0,0.0,0,0,1,0.1707,0.1936,0.3643,,,,,,,,,,,,,,,,,45.075300999999996,1.1342,52,10,325,167,125,42,26.454537,0,ok,logs/seed_946627.log
367625,irt_only,GHEFT,0,0.0,0,0,1,0.1697,0.1835,0.3532,,,,,,,,,,,,,,,,,45.91091830985917,1.3937,53,10,311,156,123,33,20.638343,0,ok,logs/seed_367625.log
177782,irt_only,GHEFT,0,0.0,0,0,1,0.1904,0.2121,0.4025,,,,,,,,,,,,,,,,,42.34919266503666,1.1401,45,12,331,176,129,47,19.494092,0,ok,logs/seed_177782.log
302988,irt_only,GHEFT,0,0.0,0,0,1,0.176,0.2461,0.4221,,,,,,,,,,,,,,,,,36.470695973154356,1.3421,52,12,319,149,101,48,21.115163,0,ok,logs/seed_302988.log
192553,irt_only,GHEFT,0,0.0,0,0,1,0.1888,0.1851,0.3739,,,,,,,,,,,,,,,,,35.689324554776036,1.1064,50,13,342,177,129,48,15.919226,0,ok,logs/seed_192553.log
835851,irt_only,GHEFT,0,0.0,0,0,1,0.1732,0.2521,0.4253,,,,,,,,,,,,,,,,,43.67313448275863,1.2027,48,11,307,157,113,44,10.174377,0,ok,logs/seed_835851.log
598671,irt_only,GHEFT,0,0.0,0,0,1,0.1996,0.2047,0.4043,,,,,,,,,,,,,,,,,40.31423940149625,1.1357,55,13,342,192,145,47,25.075099,0,ok,logs/seed_598671.log
517206,irt_only,GHEFT,0,0.0,0,0,1,0.1498,0.2442,0.394,,,,,,,,,,,,,,,,,58.62466362230919,1.2786,50,11,311,137,88,49,23.837915,0,ok,logs/seed_517206.log
10492,irt_only,GHEFT,0,0.0,0,0,1,0.1689,0.1912,0.3601,,,,,,,,,,,,,,,,,56.37699773755656,1.1739,47,10,292,141,117,24,22.791522,0,ok,logs/seed_10492.log
120821,irt_only,GHEFT,0,0.0,0,0,1,0.1683,0.2163,0.3846,,,,,,,,,,,,,,,,,46.89456147403685,1.2514,46,11,333,167,134,33,25.105036,0,ok,logs/seed_120821.log
41152,irt_only,GHEFT,0,0.0,0,0,1,0.1804,0.2301,0.4105,,,,,,,,,,,,,,,,,46.77133345778612,1.2154,46,13,334,174,120,54,27.485323,0,ok,logs/seed_41152.log
642504,irt_only,GHEFT,0,0.0,0,0,1,0.1858,0.214,0.3998,,,,,,,,,,,,,,,,,36.710032416787264,1.1757,47,10,312,149,123,26,19.228921,0,ok,logs/seed_642504.log
362252,irt_only,GHEFT,0,0.0,0,0,1,0.1701,0.2161,0.3862,,,,,,,,,,,,,,,,,40.59022608948286,1.2225,50,10,330,153,120,33,22.979005,0,ok,logs/seed_362252.log
129046,irt_only,GHEFT,0,0.0,0,0,1,0.1592,0.1957,0.3549,,,,,,,,,,,,,,,,,51.18376770186337,1.2943,48,12,330,168,139,29,21.618565,0,ok,logs/seed_129046.log
302190,irt_only,GHEFT,0,0.0,0,0,1,0.1832,0.208,0.3912,,,,,,,,,,,,,,,,,35.76198245112782,1.1421,54,13,328,150,102,48,26.192832,0,ok,logs/seed_302190.log
757010,irt_only,GHEFT,0,0.0,0,0,1,0.1691,0.2073,0.3764,,,,,,,,,,,,,,,,,52.882873843700146,1.0996,46,10,290,147,111,36,25.129461,0,ok,logs/seed_757010.log
104638,irt_only,GHEFT,0,0.0,0,0,1,0.1937,0.2397,0.4334,,,,,,,,,,,,,,,,,40.828199999999995,1.1145,54,11,322,168,126,42,24.527406,0,ok,logs/seed_104638.log
843408,irt_only,GHEFT,0,0.0,0,0,1,0.1924,0.1995,0.3919,,,,,,,,,,,,,,,,,53.920194736842106,1.0966,41,10,302,144,111,33,16.520585,0,ok,logs/seed_843408.log
508994,irt_only,GHEFT,0,0.0,0,0,1,0.1591,0.1911,0.3502,,,,,,,,,,,,,,,,,41.73129341317366,1.3322,48,11,321,148,101,47,16.994612,0,ok,logs/seed_508994.log
604086,irt_only,GHEFT,0,0.0,0,0,1,0.1682,0.2001,0.3683,,,,,,,,,,,,,,,,,41.12442356809339,1.348,58,15,336,191,131,60,15.07193,0,ok,logs/seed_604086.log
756232,irt_only,GHEFT,0,0.0,0,0,1,0.1852,0.2167,0.4019,,,,,,,,,,,,,,,,,40.02207380191693,1.0815,49,13,305,170,128,42,7.347085,0,ok,logs/seed_756232.log
752351,irt_only,GHEFT,0,0.0,0,0,1,0.1492,0.1505,0.2997,,,,,,,,,,,,,,,,,49.78299003831418,1.1318,46,12,326,168,119,49,22.842738,0,ok,logs/seed_752351.log
532132,irt_only,GHEFT,0,0.0,0,0,1,0.1776,0.2214,0.399,,,,,,,,,,,,,,,,,40.67890055617353,1.2834,50,12,318,135,95,40,21.757693,0,ok,logs/seed_532132.log
715672,irt_only,GHEFT,0,0.0,0,0,1,0.1755,0.2126,0.3881,,,,,,,,,,,,,,,,,44.68444844124701,1.2003,50,11,322,168,116,52,19.258261,0,ok,logs/seed_715672.log
244053,irt_only,GHEFT,0,0.0,0,0,1,0.1737,0.2623,0.436,,,,,,,,,,,,,,,,,52.409626760563384,1.5261,49,13,309,161,103,58,20.331751,0,ok,logs/seed_244053.log
360248,irt_only,GHEFT,0,0.0,0,0,1,0.1581,0.2046,0.3627,,,,,,,,,,,,,,,,,47.676259649122805,1.1366,46,12,319,191,140,51,20.073017,0,ok,logs/seed_360248.log
320801,irt_only,GHEFT,0,0.0,0,0,1,0.1919,0.2837,0.4756,,,,,,,,,,,,,,,,,42.21700006131208,1.3599,56,13,329,167,135,32,26.31167,0,ok,logs/seed_320801.log
469418,irt_only,GHEFT,0,0.0,0,0,1,0.1839,0.2388,0.4227,,,,,,,,,,,,,,,,,37.349329802589004,1.2566,44,10,304,147,99,48,21.045881,0,ok,logs/seed_469418.log
622181,irt_only,GHEFT,0,0.0,0,0,1,0.1455,0.1593,0.3048,,,,,,,,,,,,,,,,,44.420559332509264,1.1768,59,14,332,168,126,42,21.753757,0,ok,logs/seed_622181.log
264411,irt_only,GHEFT,0,0.0,0,0,1,0.1631,0.1833,0.3464,,,,,,,,,,,,,,,,,44.436045614035095,1.1812,65,12,352,179,130,49,27.818931,0,ok,logs/seed_264411.log
311857,irt_only,GHEFT,0,0.0,0,0,1,0.1865,0.1935,0.38,,,,,,,,,,,,,,,,,48.662246598845606,1.0283,47,11,317,162,121,41,21.035327,0,ok,logs/seed_311857.log
252607,irt_only,GHEFT,0,0.0,0,0,1,0.1662,0.2183,0.3845,,,,,,,,,,,,,,,,,58.1906680532446,1.1944,52,15,331,165,105,60,27.307458,0,ok,logs/seed_252607.log
420553,irt_only,GHEFT,0,0.0,0,0,1,0.189,0.1978,0.3868,,,,,,,,,,,,,,,,,41.0870257357974,1.0523,48,11,322,178,148,30,21.036993,0,ok,logs/seed_420553.log
802672,irt_only,GHEFT,0,0.0,0,0,1,0.1768,0.2157,0.3925,,,,,,,,,,,,,,,,,53.02087391952309,1.0715,52,9,335,155,107,48,22.918439,0,ok,logs/seed_802672.log
26302,irt_only,GHEFT,0,0.0,0,0,1,0.1729,0.2147,0.3876,,,,,,,,,,,,,,,,,58.497214093959734,1.1078,42,10,290,150,122,28,14.111611,0,ok,logs/seed_26302.log
42701,irt_only,GHEFT,0,0.0,0,0,1,0.174,0.2104,0.3844,,,,,,,,,,,,,,,,,40.97995785997358,1.2197,57,11,355,190,148,42,7.434984,0,ok,logs/seed_42701.log
694217,irt_only,GHEFT,0,0.0,0,0,1,0.1549,0.1954,0.3503,,,,,,,,,,,,,,,,,44.212947078746815,1.408,46,10,334,155,113,42,15.390406,0,ok,logs/seed_694217.log
730247,irt_only,GHEFT,0,0.0,0,0,1,0.1619,0.1659,0.3278,,,,,,,,,,,,,,,,,43.0246900990099,1.2544,47,12,317,152,121,31,15.571871,0,ok,logs/seed_730247.log
41076,irt_only,GHEFT,0,0.0,0,0,1,0.1796,0.2151,0.3947,,,,,,,,,,,,,,,,,41.12839070208729,1.075,56,12,324,164,136,28,15.334056,0,ok,logs/seed_41076.log
502796,irt_only,GHEFT,0,0.0,0,0,1,0.1497,0.1814,0.3311,,,,,,,,,,,,,,,,,41.23076349206349,1.1091,49,12,315,146,92,54,14.144666,0,ok,logs/seed_502796.log
709473,irt_only,GHEFT,0,0.0,0,0,1,0.1615,0.1731,0.3346,,,,,,,,,,,,,,,,,37.88497189542483,1.1009,53,12,340,160,124,36,14.379749,0,ok,logs/seed_709473.log
26140,irt_only,GHEFT,0,0.0,0,0,1,0.1857,0.2019,0.3876,,,,,,,,,,,,,,,,,48.83783285198556,1.3282,55,13,344,175,119,56,11.971986,0,ok,logs/seed_26140.log
540656,irt_only,GHEFT,0,0.0,0,0,1,0.1926,0.2094,0.402,,,,,,,,,,,,,,,,,44.50961759799835,1.1117,53,11,318,183,139,44,12.034205,0,ok,logs/seed_540656.log
343393,irt_only,GHEFT,0,0.0,0,0,1,0.1714,0.1947,0.3661,,,,,,,,,,,,,,,,,45.511324427480915,1.127,52,14,325,166,130,36,12.307561,0,ok,logs/seed_343393.log
412975,irt_only,GHEFT,0,0.0,0,0,1,0.1613,0.169,0.3303,,,,,,,,,,,,,,,,,48.41734375703036,1.1352,52,11,336,149,108,41,16.168113,0,ok,logs/seed_412975.log
497025,irt_only,GHEFT,0,0.0,0,0,1,0.1633,0.1845,0.3478,,,,,,,,,,,,,,,,,50.60532044609667,1.2474,49,10,319,149,119,30,12.495755,0,ok,logs/seed_497025.log
646790,irt_only,GHEFT,0,0.0,0,0,1,0.2001,0.2335,0.4336,,,,,,,,,,,,,,,,,34.97906825766871,1.1892,52,13,322,152,101,51,13.313958,0,ok,logs/seed_646790.log
115672,irt_only,GHEFT,0,0.0,0,0,1,0.2037,0.235,0.4387,,,,,,,,,,,,,,,,,40.05868139534884,1.2707,56,13,345,181,135,46,14.750792,0,ok,logs/seed_115672.log
517217,irt_only,GHEFT,0,0.0,0,0,1,0.1646,0.251,0.4156,,,,,,,,,,,,,,,,,43.8359655247852,1.1596,47,12,302,152,127,25,12.905402,0,ok,logs/seed_517217.log
289065,irt_only,GHEFT,0,0.0,0,0,1,0.1824,0.1781,0.3605,,,,,,,,,,,,,,,,,48.492143905864786,1.2554,52,11,304,173,124,49,8.619781,0,ok,logs/seed_289065.log
104127,irt_only,GHEFT,0,0.0,0,0,1,0.1715,0.2466,0.4181,,,,,,,,,,,,,,,,,57.90730106382978,1.5909,52,11,312,162,125,37,7.015657,0,ok,logs/seed_104127.log
371163,irt_only,GHEFT,0,0.0,0,0,1,0.1646,0.1901,0.3547,,,,,,,,,,,,,,,,,42.147022233246204,1.1906,55,11,315,159,120,39,25.582089,0,ok,logs/seed_371163.log
883139,irt_only,GHEFT,0,0.0,0,0,1,0.1492,0.2245,0.3737,,,,,,,,,,,,,,,,,56.32329890109891,1.1586,52,13,330,186,121,65,25.745865,0,ok,logs/seed_883139.log
342132,irt_only,GHEFT,0,0.0,0,0,1,0.1583,0.1609,0.3192,,,,,,,,,,,,,,,,,42.23660166898471,1.2395,43,13,326,175,137,38,20.604106,0,ok,logs/seed_342132.log
704990,irt_only,GHEFT,0,0.0,0,0,1,0.163,0.1901,0.3531,,,,,,,,,,,,,,,,,47.52996152197213,1.1089,59,14,349,186,129,57,26.304614,0,ok,logs/seed_704990.log
424860,irt_only,GHEFT,0,0.0,0,0,1,0.1806,0.2392,0.4198,,,,,,,,,,,,,,,,,43.14115060710855,1.0826,53,11,331,164,119,45,29.120879,0,ok,logs/seed_424860.log
217443,irt_only,GHEFT,0,0.0,0,0,1,0.1702,0.2678,0.438,,,,,,,,,,,,,,,,,43.15092173913044,1.0427,55,11,317,151,96,55,21.700236,0,ok,logs/seed_217443.log
851006,irt_only,GHEFT,0,0.0,0,0,1,0.1512,0.1799,0.3311,,,,,,,,,,,,,,,,,53.326024877250404,1.0807,58,12,332,184,121,63,18.96512,0,ok,logs/seed_851006.log
100338,irt_only,GHEFT,0,0.0,0,0,1,0.1754,0.2015,0.3769,,,,,,,,,,,,,,,,,46.20423398969073,1.2647,55,15,329,176,119,57,21.30657,0,ok,logs/seed_100338.log
163602,irt_only,GHEFT,0,0.0,0,0,1,0.167,0.2199,0.3869,,,,,,,,,,,,,,,,,47.47912281226626,1.1953,56,13,338,179,132,47,25.677628,0,ok,logs/seed_163602.log
994002,irt_only,GHEFT,0,0.0,0,0,1,0.1749,0.1859,0.3608,,,,,,,,,,,,,,,,,45.42033023872679,1.0767,45,11,308,145,99,46,20.154866,0,ok,logs/seed_994002.log
483462,irt_only,GHEFT,0,0.0,0,0,1,0.1631,0.1685,0.3316,,,,,,,,,,,,,,,,,47.38906632663317,1.116,49,13,319,155,118,37,21.408444,0,ok,logs/seed_483462.log
525884,irt_only,GHEFT,0,0.0,0,0,1,0.1752,0.2239,0.3991,,,,,,,,,,,,,,,,,43.7640855595668,1.1745,59,13,355,190,142,48,23.65914,0,ok,logs/seed_525884.log
142307,irt_only,GHEFT,0,0.0,0,0,1,0.1684,0.1766,0.345,,,,,,,,,,,,,,,,,39.202071462544595,1.1534,46,10,337,159,107,52,16.867925,0,ok,logs/seed_142307.log
624690,irt_only,GHEFT,0,0.0,0,0,1,0.1712,0.1861,0.3573,,,,,,,,,,,,,,,,,48.723218918918924,1.0858,59,13,361,156,114,42,12.06336,0,ok,logs/seed_624690.log
864874,irt_only,GHEFT,0,0.0,0,0,1,0.1789,0.1876,0.3665,,,,,,,,,,,,,,,,,42.012683967213114,1.1494,55,12,334,174,129,45,11.066555,0,ok,logs/seed_864874.log
679889,irt_only,GHEFT,0,0.0,0,0,1,0.1492,0.1674,0.3166,,,,,,,,,,,,,,,,,46.17238235294118,1.1386,54,13,334,182,141,41,24.341951,0,ok,logs/seed_679889.log
963564,irt_only,GHEFT,0,0.0,0,0,1,0.169,0.1832,0.3522,,,,,,,,,,,,,,,,,41.18525882352941,1.0351,52,11,312,154,118,36,23.559324,0,ok,logs/seed_963564.log
485084,irt_only,GHEFT,0,0.0,0,0,1,0.1892,0.2084,0.3976,,,,,,,,,,,,,,,,,42.248817721518996,1.2987,53,12,310,158,126,32,19.50163,0,ok,logs/seed_485084.log
281639,irt_only,GHEFT,0,0.0,0,0,1,0.171,0.2009,0.3719,,,,,,,,,,,,,,,,,44.46918985507246,1.2009,52,13,331,170,131,39,25.419402,0,ok,logs/seed_281639.log
362714,irt_only,GHEFT,0,0.0,0,0,1,0.158,0.2184,0.3764,,,,,,,,,,,,,,,,,46.293895361527966,1.248,51,11,317,157,114,43,19.9886,0,ok,logs/seed_362714.log
551581,irt_only,GHEFT,0,0.0,0,0,1,0.1814,0.225,0.4064,,,,,,,,,,,,,,,,,41.79560854716981,1.1031,55,12,341,184,134,50,20.442667,0,ok,logs/seed_551581.log
349348,irt_only,GHEFT,0,0.0,0,0,1,0.1748,0.1796,0.3544,,,,,,,,,,,,,,,,,65.50276710684275,1.1655,52,12,338,191,148,43,21.336399,0,ok,logs/seed_349348.log
376087,irt_only,GHEFT,0,0.0,0,0,1,0.1758,0.1784,0.3542,,,,,,,,,,,,,,,,,49.98674066882417,1.1373,49,10,332,166,127,39,26.31664,0,ok,logs/seed_376087.log
924562,irt_only,GHEFT,0,0.0,0,0,1,0.1733,0.2622,0.4355,,,,,,,,,,,,,,,,,48.45033847680891,1.3639,51,12,336,153,113,40,27.281786,0,ok,logs/seed_924562.log
1642,irt_only,GHEFT,0,0.0,0,0,1,0.1732,0.1808,0.354,,,,,,,,,,,,,,,,,68.17181349527664,1.2824,38,8,294,126,100,26,20.764492,0,ok,logs/seed_1642.log
724193,irt_only,GHEFT,0,0.0,0,0,1,0.1771,0.1862,0.3633,,,,,,,,,,,,,,,,,39.79847318573185,1.1446,58,13,344,165,121,44,31.319362,0,ok,logs/seed_724193.log
939156,irt_only,GHEFT,0,0.0,0,0,1,0.1705,0.1756,0.3461,,,,,,,,,,,,,,,,,48.7221076808352,1.3009,53,11,334,161,108,53,23.775981,0,ok,logs/seed_939156.log
236458,irt_only,GHEFT,0,0.0,0,0,1,0.1563,0.1551,0.3114,,,,,,,,,,,,,,,,,57.55582282980178,1.2796,57,13,345,202,158,44,24.443072,0,ok,logs/seed_236458.log
703305,irt_only,GHEFT,0,0.0,0,0,1,0.1572,0.2452,0.4024,,,,,,,,,,,,,,,,,53.59089677819083,1.2835,50,11,324,187,153,34,25.040163,0,ok,logs/seed_703305.log
955021,irt_only,GHEFT,0,0.0,0,0,1,0.1602,0.2337,0.3939,,,,,,,,,,,,,,,,,54.24998999241851,1.378,49,11,320,151,105,46,19.593768,0,ok,logs/seed_955021.log
771327,irt_only,GHEFT,0,0.0,0,0,1,0.1868,0.2261,0.4129,,,,,,,,,,,,,,,,,47.66521428571429,1.0492,57,13,327,174,108,66,17.131936,0,ok,logs/seed_771327.log
152800,irt_only,GHEFT,0,0.0,0,0,1,0.189,0.2435,0.4325,,,,,,,,,,,,,,,,,47.23743697347893,1.2445,50,13,330,196,136,60,24.015759,0,ok,logs/seed_152800.log
359783,irt_only,GHEFT,0,0.0,0,0,1,0.1879,0.1967,0.3846,,,,,,,,,,,,,,,,,45.810789610389605,1.1917,52,12,327,173,129,44,20.594565,0,ok,logs/seed_359783.log
812871,irt_only,GHEFT,0,0.0,0,0,1,0.1837,0.2294,0.4131,,,,,,,,,,,,,,,,,50.34960000000001,1.179,46,12,316,181,138,43,24.926809,0,ok,logs/seed_812871.log
502458,irt_only,GHEFT,0,0.0,0,0,1,0.1791,0.2182,0.3973,,,,,,,,,,,,,,,,,44.0991403587444,1.2859,49,12,339,152,104,48,22.545557,0,ok,logs/seed_502458.log
969372,irt_only,GHEFT,0,0.0,0,0,1,0.1522,0.2152,0.3674,,,,,,,,,,,,,,,,,48.26476217315515,1.3084,45,12,334,145,111,34,24.601783,0,ok,logs/seed_969372.log
488676,irt_only,GHEFT,0,0.0,0,0,1,0.1884,0.1601,0.3485,,,,,,,,,,,,,,,,,40.12805070414201,1.0712,45,12,327,164,117,47,21.91636,0,ok,logs/seed_488676.log
109992,irt_only,GHEFT,0,0.0,0,0,1,0.1933,0.1994,0.3927,,,,,,,,,,,,,,,,,39.32769729729729,1.2814,53,10,318,135,107,28,23.244168,0,ok,logs/seed_109992.log
461354,irt_only,GHEFT,0,0.0,0,0,1,0.1651,0.1594,0.3245,,,,,,,,,,,,,,,,,49.58672005136604,1.1561,50,13,326,166,130,36,19.597322,0,ok,logs/seed_461354.log
24818,irt_only,GHEFT,0,0.0,0,0,1,0.1657,0.1907,0.3564,,,,,,,,,,,,,,,,,39.2505010990991,1.1327,47,11,305,153,103,50,21.168754,0,ok,logs/seed_24818.log
105885,irt_only,GHEFT,0,0.0,0,0,1,0.1774,0.2123,0.3897,,,,,,,,,,,,,,,,,44.828480276816606,1.3405,51,11,328,148,110,38,22.23637,0,ok,logs/seed_105885.log
165347,irt_only,GHEFT,0,0.0,0,0,1,0.1386,0.1574,0.296,,,,,,,,,,,,,,,,,50.94226875,1.1994,52,12,332,165,124,41,21.689048,0,ok,logs/seed_165347.log
780065,irt_only,GHEFT,0,0.0,0,0,1,0.1874,0.2506,0.438,,,,,,,,,,,,,,,,,45.28830212765958,1.1634,49,10,344,147,111,36,23.93562,0,ok,logs/seed_780065.log
473614,irt_only,GHEFT,0,0.0,0,0,1,0.1705,0.2425,0.413,,,,,,,,,,,,,,,,,46.372975370919875,1.3944,54,11,341,159,122,37,23.067636,0,ok,logs/seed_473614.log
69796,irt_only,GHEFT,0,0.0,0,0,1,0.1497,0.2205,0.3702,,,,,,,,,,,,,,,,,46.353647866419294,1.1487,46,10,320,151,115,36,20.209348,0,ok,logs/seed_69796.log
181597,irt_only,GHEFT,0,0.0,0,0,1,0.1756,0.1881,0.3637,,,,,,,,,,,,,,,,,38.68194469453376,1.2318,49,11,318,157,120,37,20.458321,0,ok,logs/seed_181597.log
55316,irt_only,GHEFT,0,0.0,0,0,1,0.1675,0.1962,0.3637,,,,,,,,,,,,,,,,,54.328640170940176,1.1974,49,13,320,168,113,55,15.846453,0,ok,logs/seed_55316.log
435633,irt_only,GHEFT,0,0.0,0,0,1,0.1594,0.189,0.3484,,,,,,,,,,,,,,,,,49.37064586799778,1.0465,52,12,336,181,146,35,13.365496,0,ok,logs/seed_435633.log
887668,irt_only,GHEFT,0,0.0,0,0,1,0.1687,0.1603,0.329,,,,,,,,,,,,,,,,,42.89445576036866,1.1539,37,9,309,152,121,31,17.449862,0,ok,logs/seed_887668.log
933960,irt_only,GHEFT,0,0.0,0,0,1,0.1744,0.2423,0.4167,,,,,,,,,,,,,,,,,40.9141309859155,1.0735,54,13,322,152,112,40,22.851169,0,ok,logs/seed_933960.log
529550,irt_only,GHEFT,0,0.0,0,0,1,0.1719,0.1755,0.3474,,,,,,,,,,,,,,,,,55.53489632174144,1.3584,51,13,342,196,146,50,18.705822,0,ok,logs/seed_529550.log
735489,irt_only,GHEFT,0,0.0,0,0,1,0.1708,0.2277,0.3985,,,,,,,,,,,,,,,,,36.24120023008849,1.1854,53,14,341,165,112,53,26.994613,0,ok,logs/seed_735489.log
802611,irt_only,GHEFT,0,0.0,0,0,1,0.1601,0.1748,0.3349,,,,,,,,,,,,,,,,,51.72055490196079,1.1793,42,9,305,144,110,34,19.020988,0,ok,logs/seed_802611.log
525482,irt_only,GHEFT,0,0.0,0,0,1,0.1533,0.2252,0.3785,,,,,,,,,,,,,,,,,47.149530787234035,1.149,57,15,346,195,133,62,25.98441,0,ok,logs/seed_525482.log
523591,irt_only,GHEFT,0,0.0,0,0,1,0.1577,0.1961,0.3538,,,,,,,,,,,,,,,,,62.47591455108359,1.275,54,12,342,190,131,59,21.02882,0,ok,logs/seed_523591.log
412993,irt_only,GHEFT,0,0.0,0,0,1,0.1675,0.187,0.3545,,,,,,,,,,,,,,,,,38.89984614902943,1.1034,57,13,333,173,122,51,22.880091,0,ok,logs/seed_412993.log
463614,irt_only,GHEFT,0,0.0,0,0,1,0.1573,0.2202,0.3775,,,,,,,,,,,,,,,,,63.89317365269461,1.349,40,12,311,152,116,36,18.464975,0,ok,logs/seed_463614.log
637493,irt_only,GHEFT,0,0.0,0,0,1,0.1793,0.2144,0.3937,,,,,,,,,,,,,,,,,41.17236866223208,1.1058,49,12,308,153,98,55,16.787893,0,ok,logs/seed_637493.log
990693,irt_only,GHEFT,0,0.0,0,0,1,0.1663,0.1949,0.3612,,,,,,,,,,,,,,,,,40.922710146955914,1.1161,49,11,334,152,107,45,21.170445,0,ok,logs/seed_990693.log
50605,irt_only,GHEFT,0,0.0,0,0,1,0.1711,0.1948,0.3659,,,,,,,,,,,,,,,,,52.87523656509695,1.1436,42,13,297,150,118,32,23.126694,0,ok,logs/seed_50605.log
198813,irt_only,GHEFT,0,0.0,0,0,1,0.1952,0.2343,0.4295,,,,,,,,,,,,,,,,,46.40819420289856,1.1287,51,10,322,152,97,55,16.731847,0,ok,logs/seed_198813.log
385020,irt_only,GHEFT,0,0.0,0,0,1,0.1608,0.1811,0.3419,,,,,,,,,,,,,,,,,57.59332583826429,1.0241,50,14,324,174,111,63,11.783034,0,ok,logs/seed_385020.log
771793,irt_only,GHEFT,0,0.0,0,0,1,0.1572,0.1857,0.3429,,,,,,,,,,,,,,,,,45.012755378486055,1.3314,45,11,314,154,116,38,11.043643,0,ok,logs/seed_771793.log
936864,irt_only,GHEFT,0,0.0,0,0,1,0.1513,0.1689,0.3202,,,,,,,,,,,,,,,,,38.10465281173593,1.1656,46,12,318,134,92,42,11.422826,0,ok,logs/seed_936864.log
966220,irt_only,GHEFT,0,0.0,0,0,1,0.1706,0.2147,0.3853,,,,,,,,,,,,,,,,,31.264044872113683,1.1342,41,9,288,130,89,41,6.531146,0,ok,logs/seed_966220.log
764069,irt_only,GHEFT,0,0.0,0,0,1,0.1744,0.2507,0.4251,,,,,,,,,,,,,,,,,42.86683333333333,1.2217,46,10,304,147,111,36,10.636806,0,ok,logs/seed_764069.log
45162,irt_only,GHEFT,0,0.0,0,0,1,0.1722,0.2456,0.4178,,,,,,,,,,,,,,,,,58.466697637795264,1.1956,53,12,328,165,116,49,12.243735,0,ok,logs/seed_45162.log
386688,irt_only,GHEFT,0,0.0,0,0,1,0.1584,0.1857,0.3441,,,,,,,,,,,,,,,,,48.713063683599415,1.2135,48,10,327,157,104,53,10.809641,0,ok,logs/seed_386688.log
911121,irt_only,GHEFT,0,0.0,0,0,1,0.1899,0.2083,0.3982,,,,,,,,,,,,,,,,,44.48398695575221,1.2485,48,11,316,170,134,36,8.308631,0,ok,logs/seed_911121.log
926403,irt_only,GHEFT,0,0.0,0,0,1,0.1738,0.211,0.3848,,,,,,,,,,,,,,,,,40.558166666666665,1.1255,58,13,344,198,129,69,8.737993,0,ok,logs/seed_926403.log
452911,irt_only,GHEFT,0,0.0,0,0,1,0.1856,0.2232,0.4088,,,,,,,,,,,,,,,,,41.22067861271677,1.0909,53,11,334,142,102,40,10.671897,0,ok,logs/seed_452911.log
810123,irt_only,GHEFT,0,0.0,0,0,1,0.1679,0.232,0.3999,,,,,,,,,,,,,,,,,48.331318789473684,1.333,55,14,319,176,117,59,10.260136,0,ok,logs/seed_810123.log
64740,irt_only,GHEFT,0,0.0,0,0,1,0.1772,0.2384,0.4156,,,,,,,,,,,,,,,,,46.92476303387335,1.4156,48,11,314,149,110,39,9.932611,0,ok,logs/seed_64740.log
937717,irt_only,GHEFT,0,0.0,0,0,1,0.1875,0.1831,0.3706,,,,,,,,,,,,,,,,,43.39443686690223,1.0715,56,12,334,187,132,55,9.355549,0,ok,logs/seed_937717.log
118891,irt_only,GHEFT,0,0.0,0,0,1,0.1712,0.177,0.3482,,,,,,,,,,,,,,,,,52.905335617775016,1.2255,51,13,311,164,137,27,9.479786,0,ok,logs/seed_118891.log
553366,irt_only,GHEFT,0,0.0,0,0,1,0.1778,0.1648,0.3426,,,,,,,,,,,,,,,,,42.22038087831655,1.2149,43,10,304,154,116,38,9.195968,0,ok,logs/seed_553366.log
742414,irt_only,GHEFT,0,0.0,0,0,1,0.1565,0.2384,0.3949,,,,,,,,,,,,,,,,,46.53744716981132,1.2234,55,11,336,172,107,65,6.324087,0,ok,logs/seed_742414.log
710013,irt_only,GHEFT,0,0.0,0,0,1,0.172,0.2199,0.3919,,,,,,,,,,,,,,,,,51.76172276559864,1.2453,57,11,326,169,117,52,10.581359,0,ok,logs/seed_710013.log
759523,irt_only,GHEFT,0,0.0,0,0,1,0.1706,0.2109,0.3815,,,,,,,,,,,,,,,,,66.53564838709677,1.3529,51,12,331,159,113,46,30.357124,0,ok,logs/seed_759523.log
712622,irt_only,GHEFT,0,0.0,0,0,1,0.1751,0.2126,0.3877,,,,,,,,,,,,,,,,,42.211350441058535,1.032,46,9,301,150,119,31,19.412147,0,ok,logs/seed_712622.log
427212,irt_only,GHEFT,0,0.0,0,0,1,0.1756,0.2431,0.4187,,,,,,,,,,,,,,,,,44.52468321085358,1.2251,44,12,323,169,117,52,24.016485,0,ok,logs/seed_427212.log
905211,irt_only,GHEFT,0,0.0,0,0,1,0.1804,0.1823,0.3627,,,,,,,,,,,,,,,,,53.14557511961723,1.1117,50,11,312,166,123,43,23.189344,0,ok,logs/seed_905211.log
489366,irt_only,GHEFT,0,0.0,0,0,1,0.1848,0.2599,0.4447,,,,,,,,,,,,,,,,,39.079218972367826,1.1519,56,13,331,185,137,48,23.374526,0,ok,logs/seed_489366.log
253395,irt_only,GHEFT,0,0.0,0,0,1,0.1871,0.1783,0.3654,,,,,,,,,,,,,,,,,47.81875463297232,1.1515,55,11,349,180,137,43,19.543701,0,ok,logs/seed_253395.log
312505,irt_only,GHEFT,0,0.0,0,0,1,0.1709,0.209,0.3799,,,,,,,,,,,,,,,,,49.1107302853567,1.1602,51,11,324,161,125,36,24.991615,0,ok,logs/seed_312505.log
545465,irt_only,GHEFT,0,0.0,0,0,1,0.1858,0.2381,0.4239,,,,,,,,,,,,,,,,,63.4773593397046,1.3453,42,11,284,154,122,32,20.961116,0,ok,logs/seed_545465.log
567819,irt_only,GHEFT,0,0.0,0,0,1,0.165,0.1939,0.3589,,,,,,,,,,,,,,,,,39.916393018779345,1.3951,49,10,312,146,96,50,17.184113,0,ok,logs/seed_567819.log
924675,irt_only,GHEFT,0,0.0,0,0,1,0.1522,0.1846,0.3368,,,,,,,,,,,,,,,,,50.57548202247192,1.1381,48,11,313,163,118,45,24.66635,0,ok,logs/seed_924675.log
931173,irt_only,GHEFT,0,0.0,0,0,1,0.1644,0.1939,0.3583,,,,,,,,,,,,,,,,,58.86278185907048,1.0626,54,11,364,177,129,48,25.924431,0,ok,logs/seed_931173.log
279170,irt_only,GHEFT,0,0.0,0,0,1,0.1543,0.1727,0.327,,,,,,,,,,,,,,,,,49.553541474147416,1.0574,49,12,319,171,124,47,20.962825,0,ok,logs/seed_279170.log
994520,irt_only,GHEFT,0,0.0,0,0,1,0.1432,0.1515,0.2947,,,,,,,,,,,,,,,,,52.09652192513369,1.213,49,11,331,174,119,55,18.670922,0,ok,logs/seed_994520.log
145376,irt_only,GHEFT,0,0.0,0,0,1,0.1791,0.2025,0.3816,,,,,,,,,,,,,,,,,51.676374801061,1.2325,61,13,338,174,121,53,17.035717,0,ok,logs/seed_145376.log
406364,irt_only,GHEFT,0,0.0,0,0,1,0.1551,0.2035,0.3586,,,,,,,,,,,,,,,,,45.27390756914119,1.0439,53,12,328,165,112,53,7.877949,0,ok,logs/seed_406364.log
250377,irt_only,GHEFT,0,0.0,0,0,1,0.166,0.2033,0.3693,,,,,,,,,,,,,,,,,40.80199999999999,1.2854,45,10,309,146,99,47,15.577389,0,ok,logs/seed_250377.log
446841,irt_only,GHEFT,0,0.0,0,0,1,0.1529,0.2243,0.3772,,,,,,,,,,,,,,,,,52.45162277227722,1.4504,48,11,326,162,117,45,15.858077,0,ok,logs/seed_446841.log
707398,irt_only,GHEFT,0,0.0,0,0,1,0.1675,0.2089,0.3764,,,,,,,,,,,,,,,,,56.24166958638744,1.3544,60,13,342,180,128,52,17.163666,0,ok,logs/seed_707398.log
343108,irt_only,GHEFT,0,0.0,0,0,1,0.1635,0.1837,0.3472,,,,,,,,,,,,,,,,,43.49684722222223,1.2022,47,10,297,139,94,45,15.102925,0,ok,logs/seed_343108.log
745842,irt_only,GHEFT,0,0.0,0,0,1,0.1683,0.2357,0.404,,,,,,,,,,,,,,,,,41.44564615384616,1.2159,50,10,317,163,125,38,15.426625,0,ok,logs/seed_745842.log
664943,irt_only,GHEFT,0,0.0,0,0,1,0.1746,0.1877,0.3623,,,,,,,,,,,,,,,,,36.44918368156425,1.1126,55,13,331,151,110,41,13.335572,0,ok,logs/seed_664943.log
679192,irt_only,GHEFT,0,0.0,0,0,1,0.1797,0.2261,0.4058,,,,,,,,,,,,,,,,,40.85990309597522,1.0325,61,14,326,176,129,47,17.04212,0,ok,logs/seed_679192.log
398887,irt_only,GHEFT,0,0.0,0,0,1,0.1588,0.1781,0.3369,,,,,,,,,,,,,,,,,57.6535683127572,1.437,53,12,349,172,130,42,17.956262,0,ok,logs/seed_398887.log
830308,irt_only,GHEFT,0,0.0,0,0,1,0.1736,0.2086,0.3822,,,,,,,,,,,,,,,,,44.054983029341784,1.0441,45,12,316,141,102,39,13.614363,0,ok,logs/seed_830308.log
664904,irt_only,GHEFT,0,0.0,0,0,1,0.1596,0.1979,0.3575,,,,,,,,,,,,,,,,,41.544700999999996,1.3263,48,12,306,161,114,47,14.560058,0,ok,logs/seed_664904.log
529590,irt_only,GHEFT,0,0.0,0,0,1,0.1755,0.2904,0.4659,,,,,,,,,,,,,,,,,50.92135542465754,1.2195,51,12,331,154,85,69,18.595759,0,ok,logs/seed_529590.log
897949,irt_only,GHEFT,0,0.0,0,0,1,0.1693,0.1909,0.3602,,,,,,,,,,,,,,,,,45.792599999999986,1.1633,53,13,335,177,136,41,14.440202,0,ok,logs/seed_897949.log
487896,irt_only,GHEFT,0,0.0,0,0,1,0.1772,0.2184,0.3956,,,,,,,,,,,,,,,,,46.36494273157539,1.0263,55,12,344,165,135,30,12.395547,0,ok,logs/seed_487896.log
969832,irt_only,GHEFT,0,0.0,0,0,1,0.1688,0.1551,0.3239,,,,,,,,,,,,,,,,,42.202014489571894,1.3209,46,10,315,145,105,40,8.346457,0,ok,logs/seed_969832.log
774939,irt_only,GHEFT,0,0.0,0,0,1,0.1859,0.2353,0.4212,,,,,,,,,,,,,,,,,43.2569194053208,1.2278,54,13,332,168,128,40,7.206753,0,ok,logs/seed_774939.log
634733,irt_only,GHEFT,0,0.0,0,0,1,0.1458,0.1924,0.3382,,,,,,,,,,,,,,,,,47.706352691218136,1.0447,56,12,315,133,89,44,11.650957,0,ok,logs/seed_634733.log
172408,irt_only,GHEFT,0,0.0,0,0,1,0.1501,0.2162,0.3663,,,,,,,,,,,,,,,,,59.91481599605366,1.2984,54,12,312,159,118,41,10.626895,0,ok,logs/seed_172408.log
124353,irt_only,GHEFT,0,0.0,0,0,1,0.1889,0.2626,0.4515,,,,,,,,,,,,,,,,,40.77486129032259,1.1298,53,12,338,148,92,56,12.299972,0,ok,logs/seed_124353.log
704921,irt_only,GHEFT,0,0.0,0,0,1,0.1779,0.2202,0.3981,,,,,,,,,,,,,,,,,39.26163923008191,1.2569,49,10,336,159,115,44,12.383628,0,ok,logs/seed_704921.log
140623,irt_only,GHEFT,0,0.0,0,0,1,0.186,0.1931,0.3791,,,,,,,,,,,,,,,,,41.13081072056239,1.0394,44,9,328,150,117,33,9.718689,0,ok,logs/seed_140623.log
965901,irt_only,GHEFT,0,0.0,0,0,1,0.1572,0.229,0.3862,,,,,,,,,,,,,,,,,45.85490304986877,1.2476,54,11,320,168,124,44,11.491811,0,ok,logs/seed_965901.log
678805,irt_only,GHEFT,0,0.0,0,0,1,0.1955,0.2226,0.4181,,,,,,,,,,,,,,,,,42.73565925297113,1.2813,62,16,359,206,142,64,13.905093,0,ok,logs/seed_678805.log
888860,irt_only,GHEFT,0,0.0,0,0,1,0.196,0.1943,0.3903,,,,,,,,,,,,,,,,,44.199642804428045,1.0251,41,9,308,146,114,32,9.227879,0,ok,logs/seed_888860.log
193042,irt_only,GHEFT,0,0.0,0,0,1,0.179,0.2685,0.4475,,,,,,,,,,,,,,,,,49.35424604462476,1.2826,52,10,331,159,108,51,12.304106,0,ok,logs/seed_193042.log
606306,irt_only,GHEFT,0,0.0,0,0,1,0.1731,0.2092,0.3823,,,,,,,,,,,,,,,,,41.36316555652936,1.155,46,10,308,139,104,35,11.551571,0,ok,logs/seed_606306.log
353318,irt_only,GHEFT,0,0.0,0,0,1,0.1745,0.1952,0.3697,,,,,,,,,,,,,,,,,42.01354764638348,1.0051,57,13,342,171,130,41,10.717421,0,ok,logs/seed_353318.log
397237,irt_only,GHEFT,0,0.0,0,0,1,0.1851,0.1927,0.3778,,,,,,,,,,,,,,,,,42.0482890814558,1.3222,48,12,334,197,146,51,9.38576,0,ok,logs/seed_397237.log
244510,irt_only,GHEFT,0,0.0,0,0,1,0.1559,0.1915,0.3474,,,,,,,,,,,,,,,,,47.807007246376806,1.1087,51,12,305,151,112,39,10.49634,0,ok,logs/seed_244510.log
580072,irt_only,GHEFT,0,0.0,0,0,1,0.1543,0.1626,0.3169,,,,,,,,,,,,,,,,,40.99349946514574,1.28,56,10,330,154,101,53,8.881864,0,ok,logs/seed_580072.log
839381,irt_only,GHEFT,0,0.0,0,0,1,0.1739,0.2259,0.3998,,,,,,,,,,,,,,,,,53.90716115107912,1.2422,42,10,315,158,114,44,27.421434,0,ok,logs/seed_839381.log
949213,irt_only,GHEFT,0,0.0,0,0,1,0.189,0.2157,0.4047,,,,,,,,,,,,,,,,,42.80055743527611,1.0432,45,13,321,173,114,59,24.801205,0,ok,logs/seed_949213.log
956973,irt_only,GHEFT,0,0.0,0,0,1,0.1584,0.1863,0.3447,,,,,,,,,,,,,,,,,47.39586749379652,1.0102,56,12,311,160,116,44,18.806966,0,ok,logs/seed_956973.log
643831,irt_only,GHEFT,0,0.0,0,0,1,0.171,0.1825,0.3535,,,,,,,,,,,,,,,,,44.319,1.0772,45,12,310,174,128,46,19.659557,0,ok,logs/seed_643831.log
602801,irt_only,GHEFT,0,0.0,0,0,1,0.1651,0.2347,0.3998,,,,,,,,,,,,,,,,,43.606686705202314,1.3823,45,12,315,172,109,63,18.763551,0,ok,logs/seed_602801.log
857566,irt_only,GHEFT,0,0.0,0,0,1,0.153,0.1645,0.3175,,,,,,,,,,,,,,,,,40.7448434519812,1.1122,53,12,317,179,139,40,18.971299,0,ok,logs/seed_857566.log
857840,irt_only,GHEFT,0,0.0,0,0,1,0.1763,0.2058,0.3821,,,,,,,,,,,,,,,,,40.73610225786163,1.1372,62,13,347,179,124,55,24.155326,0,ok,logs/seed_857840.log
788394,irt_only,GHEFT,0,0.0,0,0,1,0.1558,0.2367,0.3925,,,,,,,,,,,,,,,,,42.780952941176466,1.2078,52,13,318,146,110,36,20.740266,0,ok,logs/seed_788394.log
956037,irt_only,GHEFT,0,0.0,0,0,1,0.1731,0.1711,0.3442,,,,,,,,,,,,,,,,,48.43090963855422,1.2106,45,11,301,164,117,47,21.06756,0,ok,logs/seed_956037.log
352927,irt_only,GHEFT,0,0.0,0,0,1,0.1886,0.2423,0.4309,,,,,,,,,,,,,,,,,45.270958399029716,1.2503,56,14,336,204,144,60,22.962288,0,ok,logs/seed_352927.log
836556,irt_only,GHEFT,0,0.0,0,0,1,0.1717,0.1854,0.3571,,,,,,,,,,,,,,,,,49.71879569377991,1.1402,53,10,339,173,144,29,25.964534,0,ok,logs/seed_836556.log
478809,irt_only,GHEFT,0,0.0,0,0,1,0.1616,0.1727,0.3343,,,,,,,,,,,,,,,,,42.831513793103454,1.2415,51,12,323,159,115,44,19.975919,0,ok,logs/seed_478809.log
321614,irt_only,GHEFT,0,0.0,0,0,1,0.1516,0.1735,0.3251,,,,,,,,,,,,,,,,,39.13466340409208,1.2262,56,13,334,174,119,55,16.223844,0,ok,logs/seed_321614.log
838657,irt_only,GHEFT,0,0.0,0,0,1,0.1649,0.2254,0.3903,,,,,,,,,,,,,,,,,47.092926710097736,1.1382,47,11,301,160,123,37,14.85338,0,ok,logs/seed_838657.log
833785,irt_only,GHEFT,0,0.0,0,0,1,0.1401,0.1583,0.2984,,,,,,,,,,,,,,,,,51.825635524256654,1.2072,56,12,324,169,123,46,12.022807,0,ok,logs/seed_833785.log
506833,irt_only,GHEFT,0,0.0,0,0,1,0.1566,0.1605,0.3171,,,,,,,,,,,,,,,,,53.696974807453415,1.0775,48,11,329,156,129,27,23.875505,0,ok,logs/seed_506833.log
108389,irt_only,GHEFT,0,0.0,0,0,1,0.1821,0.2068,0.3889,,,,,,,,,,,,,,,,,41.19303636363636,1.276,46,11,332,159,115,44,15.928535,0,ok,logs/seed_108389.log
345871,irt_only,GHEFT,0,0.0,0,0,1,0.1427,0.2025,0.3452,,,,,,,,,,,,,,,,,50.7052868938401,1.1999,61,13,365,185,129,56,24.308084,0,ok,logs/seed_345871.log
340242,irt_only,GHEFT,0,0.0,0,0,1,0.1703,0.187,0.3573,,,,,,,,,,,,,,,,,52.236755855855854,1.2058,52,10,325,163,133,30,18.912866,0,ok,logs/seed_340242.log
542308,irt_only,GHEFT,0,0.0,0,0,1,0.1628,0.2153,0.3781,,,,,,,,,,,,,,,,,45.70771726384365,1.1027,46,11,310,149,114,35,18.646218,0,ok,logs/seed_542308.log
203875,irt_only,GHEFT,0,0.0,0,0,1,0.1661,0.1797,0.3458,,,,,,,,,,,,,,,,,42.349039033457245,1.2066,48,12,306,160,118,42,18.142705,0,ok,logs/seed_203875.log
353268,irt_only,GHEFT,0,0.0,0,0,1,0.1519,0.1988,0.3507,,,,,,,,,,,,,,,,,49.630727984127,1.2601,54,11,353,186,134,52,19.201868,0,ok,logs/seed_353268.log
467050,irt_only,GHEFT,0,0.0,0,0,1,0.1665,0.2238,0.3903,,,,,,,,,,,,,,,,,43.567854425612055,1.1468,61,15,332,196,120,76,16.664452,0,ok,logs/seed_467050.log
652960,irt_only,GHEFT,0,0.0,0,0,1,0.1598,0.183,0.3428,,,,,,,,,,,,,,,,,46.22438433734939,1.1669,43,10,328,155,130,25,17.664361,0,ok,logs/seed_652960.log
97302,irt_only,GHEFT,0,0.0,0,0,1,0.1499,0.1621,0.312,,,,,,,,,,,,,,,,,43.10347681935239,1.0346,48,10,296,154,118,36,15.88485,0,ok,logs/seed_97302.log
976548,irt_only,GHEFT,0,0.0,0,0,1,0.1834,0.2197,0.4031,,,,,,,,,,,,,,,,,41.613324590163934,1.1549,48,9,309,146,108,38,14.052722,0,ok,logs/seed_976548.log
64317,irt_only,GHEFT,0,0.0,0,0,1,0.1711,0.1719,0.343,,,,,,,,,,,,,,,,,43.96294137931034,1.1051,51,11,315,181,138,43,14.696894,0,ok,logs/seed_64317.log
795969,irt_only,GHEFT,0,0.0,0,0,1,0.1523,0.1563,0.3086,,,,,,,,,,,,,,,,,46.45942496984318,1.2625,56,11,331,161,119,42,14.252657,0,ok,logs/seed_795969.log
661815,irt_only,GHEFT,0,0.0,0,0,1,0.1589,0.1819,0.3408,,,,,,,,,,,,,,,,,45.476,1.4014,53,13,322,164,116,48,9.825073,0,ok,logs/seed_661815.log
74484,irt_only,GHEFT,0,0.0,0,0,1,0.1672,0.1801,0.3473,,,,,,,,,,,,,,,,,54.80018965517242,1.0328,56,13,324,168,132,36,6.156967,0,ok,logs/seed_74484.log
86122,irt_only,GHEFT,0,0.0,0,0,1,0.1736,0.1937,0.3673,,,,,,,,,,,,,,,,,41.20953382949932,1.2162,44,12,331,153,96,57,23.329803,0,ok,logs/seed_86122.log
361076,irt_only,GHEFT,0,0.0,0,0,1,0.1567,0.1846,0.3413,,,,,,,,,,,,,,,,,43.449491593475535,1.1652,53,12,330,151,105,46,25.762367,0,ok,logs/seed_361076.log
577910,irt_only,GHEFT,0,0.0,0,0,1,0.1816,0.2209,0.4025,,,,,,,,,,,,,,,,,35.86225873015873,1.3383,52,12,326,158,121,37,25.22073,0,ok,logs/seed_577910.log
353010,irt_only,GHEFT,0,0.0,0,0,1,0.1747,0.1651,0.3398,,,,,,,,,,,,,,,,,38.150600000000004,1.166,48,11,317,171,115,56,19.862607,0,ok,logs/seed_353010.log
970637,irt_only,GHEFT,0,0.0,0,0,1,0.1595,0.1648,0.3243,,,,,,,,,,,,,,,,,39.12169812382739,1.129,48,10,340,159,123,36,17.91386,0,ok,logs/seed_970637.log
595007,irt_only,GHEFT,0,0.0,0,0,1,0.1567,0.1612,0.3179,,,,,,,,,,,,,,,,,41.472173209026124,1.0233,45,9,296,147,115,32,19.778339,0,ok,logs/seed_595007.log
657766,irt_only,GHEFT,0,0.0,0,0,1,0.1651,0.2228,0.3879,,,,,,,,,,,,,,,,,50.94118510638298,1.1064,59,14,336,193,136,57,28.208512,0,ok,logs/seed_657766.log
496172,irt_only,GHEFT,0,0.0,0,0,1,0.1756,0.244,0.4196,,,,,,,,,,,,,,,,,46.037611416490485,1.2386,53,12,336,175,135,40,23.000813,0,ok,logs/seed_496172.log
199762,irt_only,GHEFT,0,0.0,0,0,1,0.1683,0.2484,0.4167,,,,,,,,,,,,,,,,,44.972434333333325,1.103,49,12,319,151,104,47,20.796698,0,ok,logs/seed_199762.log
870033,irt_only,GHEFT,0,0.0,0,0,1,0.1577,0.1506,0.3083,,,,,,,,,,,,,,,,,53.6894868263473,1.1861,47,9,335,161,121,40,17.225248,0,ok,logs/seed_870033.log
805412,irt_only,GHEFT,0,0.0,0,0,1,0.169,0.1923,0.3613,,,,,,,,,,,,,,,,,56.005435019455255,1.14,57,13,323,144,112,32,24.718826,0,ok,logs/seed_805412.log
114785,irt_only,GHEFT,0,0.0,0,0,1,0.1749,0.2266,0.4015,,,,,,,,,,,,,,,,,39.85813315130024,1.0799,48,12,323,160,123,37,20.770599,0,ok,logs/seed_114785.log
410342,irt_only,GHEFT,0,0.0,0,0,1,0.1878,0.2145,0.4023,,,,,,,,,,,,,,,,,46.22835581395349,1.1976,47,12,305,167,121,46,19.881482,0,ok,logs/seed_410342.log
880653,irt_only,GHEFT,0,0.0,0,0,1,0.1737,0.1978,0.3715,,,,,,,,,,,,,,,,,47.38828557089085,1.1064,51,10,327,156,110,46,17.721967,0,ok,logs/seed_880653.log
135819,irt_only,GHEFT,0,0.0,0,0,1,0.1688,0.2008,0.3696,,,,,,,,,,,,,,,,,39.953159145191705,1.1124,53,12,337,182,131,51,10.010159,0,ok,logs/seed_135819.log
751830,irt_only,GHEFT,0,0.0,0,0,1,0.1625,0.2046,0.3671,,,,,,,,,,,,,,,,,45.06735920577617,1.0646,46,11,318,173,135,38,19.660604,0,ok,logs/seed_751830.log
589417,irt_only,GHEFT,0,0.0,0,0,1,0.1948,0.2226,0.4174,,,,,,,,,,,,,,,,,42.33261379310345,1.0518,43,10,322,159,128,31,19.05714,0,ok,logs/seed_589417.log
325641,irt_only,GHEFT,0,0.0,0,0,1,0.171,0.167,0.338,,,,,,,,,,,,,,,,,46.29187337559429,1.0918,53,13,325,150,107,43,14.735103,0,ok,logs/seed_325641.log
386458,irt_only,GHEFT,0,0.0,0,0,1,0.1849,0.2188,0.4037,,,,,,,,,,,,,,,,,45.73656827279467,1.1701,46,11,290,158,118,40,14.429313,0,ok,logs/seed_386458.log
635890,irt_only,GHEFT,0,0.0,0,0,1,0.1562,0.2047,0.3609,,,,,,,,,,,,,,,,,46.68288574576272,1.4556,57,13,332,171,126,45,16.556505,0,ok,logs/seed_635890.log
321530,irt_only,GHEFT,0,0.0,0,0,1,0.1691,0.2285,0.3976,,,,,,,,,,,,,,,,,45.86109653264603,1.2564,52,13,319,145,101,44,19.785371,0,ok,logs/seed_321530.log
831017,irt_only,GHEFT,0,0.0,0,0,1,0.1663,0.2113,0.3776,,,,,,,,,,,,,,,,,41.06910808625337,1.2771,44,13,306,156,107,49,15.424183,0,ok,logs/seed_831017.log
656820,irt_only,GHEFT,0,0.0,0,0,1,0.1729,0.1898,0.3627,,,,,,,,,,,,,,,,,40.73917833085862,1.0295,59,15,339,180,130,50,20.353693,0,ok,logs/seed_656820.log
52829,irt_only,GHEFT,0,0.0,0,0,1,0.145,0.1554,0.3004,,,,,,,,,,,,,,,,,39.61518504672896,1.1267,54,12,334,174,121,53,20.52366,0,ok,logs/seed_52829.log
121524,irt_only,GHEFT,0,0.0,0,0,1,0.179,0.1763,0.3553,,,,,,,,,,,,,,,,,56.53138613138687,1.4191,52,11,322,163,119,44,25.119081,0,ok,logs/seed_121524.log
237123,irt_only,GHEFT,0,0.0,0,0,1,0.1802,0.2378,0.418,,,,,,,,,,,,,,,,,38.38098499697429,1.2619,56,13,314,174,118,56,19.266513,0,ok,logs/seed_237123.log
669751,irt_only,GHEFT,0,0.0,0,0,1,0.1614,0.1907,0.3521,,,,,,,,,,,,,,,,,36.25211615120274,1.0519,56,10,337,152,113,39,21.829722,0,ok,logs/seed_669751.log
113454,irt_only,GHEFT,0,0.0,0,0,1,0.168,0.1868,0.3548,,,,,,,,,,,,,,,,,47.35351204819277,1.1885,47,12,296,151,119,32,22.634703,0,ok,logs/seed_113454.log
438348,irt_only,GHEFT,0,0.0,0,0,1,0.1771,0.2779,0.455,,,,,,,,,,,,,,,,,51.032812442091334,1.4693,50,12,332,156,118,38,26.408341,0,ok,logs/seed_438348.log
899876,irt_only,GHEFT,0,0.0,0,0,1,0.1582,0.1692,0.3274,,,,,,,,,,,,,,,,,55.63006486797916,1.2715,48,13,327,166,118,48,19.348841,0,ok,logs/seed_899876.log
450238,irt_only,GHEFT,0,0.0,0,0,1,0.1572,0.1906,0.3478,,,,,,,,,,,,,,,,,46.79069375764994,1.2603,48,12,328,165,108,57,25.267433,0,ok,logs/seed_450238.log
652597,irt_only,GHEFT,0,0.0,0,0,1,0.1788,0.2651,0.4439,,,,,,,,,,,,,,,,,47.38332038834951,1.2713,47,11,321,161,120,41,20.739192,0,ok,logs/seed_652597.log
54061,irt_only,GHEFT,0,0.0,0,0,1,0.1934,0.1924,0.3858,,,,,,,,,,,,,,,,,45.23450491803278,1.2282,45,9,315,158,115,43,21.841668,0,ok,logs/seed_54061.log
254848,irt_only,GHEFT,0,0.0,0,0,1,0.1795,0.1895,0.369,,,,,,,,,,,,,,,,,45.51324243360098,1.161,59,14,329,171,114,57,23.628745,0,ok,logs/seed_254848.log
1391,irt_only,GHEFT,0,0.0,0,0,1,0.165,0.2113,0.3763,,,,,,,,,,,,,,,,,42.465457232704395,1.3369,52,12,329,142,113,29,20.766065,0,ok,logs/seed_1391.log
978211,irt_only,GHEFT,0,0.0,0,0,1,0.1698,0.1806,0.3504,,,,,,,,,,,,,,,,,49.797337086092725,1.2448,44,11,313,155,121,34,23.27014,0,ok,logs/seed_978211.log
687522,irt_only,GHEFT,0,0.0,0,0,1,0.1664,0.2068,0.3732,,,,,,,,,,,,,,,,,48.2020458452722,1.2897,50,12,308,171,113,58,22.228172,0,ok,logs/seed_687522.log
642133,irt_only,GHEFT,0,0.0,0,0,1,0.1728,0.2041,0.3769,,,,,,,,,,,,,,,,,47.5667542713568,1.3371,45,11,332,168,128,40,27.608988,0,ok,logs/seed_642133.log
214700,irt_only,GHEFT,0,0.0,0,0,1,0.1452,0.214,0.3592,,,,,,,,,,,,,,,,,52.41889081481481,1.1125,52,10,310,159,122,37,19.777678,0,ok,logs/seed_214700.log
888370,irt_only,GHEFT,0,0.0,0,0,1,0.1668,0.1841,0.3509,,,,,,,,,,,,,,,,,45.07515555555556,1.1763,50,11,322,180,124,56,21.172191,0,ok,logs/seed_888370.log
483636,irt_only,GHEFT,0,0.0,0,0,1,0.1499,0.1503,0.3002,,,,,,,,,,,,,,,,,45.80343192488262,1.2269,51,11,319,161,124,37,21.664376,0,ok,logs/seed_483636.log
678341,irt_only,GHEFT,0,0.0,0,0,1,0.168,0.1545,0.3225,,,,,,,,,,,,,,,,,43.85032248995984,1.0258,50,12,343,152,115,37,23.225649,0,ok,logs/seed_678341.log
53458,irt_only,GHEFT,0,0.0,0,0,1,0.1555,0.2226,0.3781,,,,,,,,,,,,,,,,,45.49403252364274,1.2041,44,10,302,158,116,42,20.591261,0,ok,logs/seed_53458.log
235293,irt_only,GHEFT,0,0.0,0,0,1,0.1849,0.2087,0.3936,,,,,,,,,,,,,,,,,40.95204124050632,1.0554,46,11,313,167,129,38,17.489333,0,ok,logs/seed_235293.log
652153,irt_only,GHEFT,0,0.0,0,0,1,0.1871,0.2095,0.3966,,,,,,,,,,,,,,,,,46.988965175242356,1.1003,45,10,325,155,130,25,20.71313,0,ok,logs/seed_652153.log
265987,irt_only,GHEFT,0,0.0,0,0,1,0.1644,0.2306,0.395,,,,,,,,,,,,,,,,,43.05049132099553,1.3506,56,14,355,162,112,50,25.877307,0,ok,logs/seed_265987.log
876344,irt_only,GHEFT,0,0.0,0,0,1,0.1591,0.2169,0.376,,,,,,,,,,,,,,,,,50.93627666498836,1.2889,51,11,322,160,108,52,20.239226,0,ok,logs/seed_876344.log
641296,irt_only,GHEFT,0,0.0,0,0,1,0.1716,0.2175,0.3891,,,,,,,,,,,,,,,,,49.93894858459514,1.2089,45,12,298,158,119,39,19.287264,0,ok,logs/seed_641296.log
595834,irt_only,GHEFT,0,0.0,0,0,1,0.1756,0.1575,0.3331,,,,,,,,,,,,,,,,,48.52064821428571,1.1676,50,11,328,161,124,37,17.164894,0,ok,logs/seed_595834.log
738391,irt_only,GHEFT,0,0.0,0,0,1,0.1779,0.2107,0.3886,,,,,,,,,,,,,,,,,45.05194271272114,1.0081,45,9,320,163,121,42,19.574842,0,ok,logs/seed_738391.log
928512,irt_only,GHEFT,0,0.0,0,0,1,0.1681,0.1821,0.3502,,,,,,,,,,,,,,,,,44.588875789915974,1.0457,56,12,345,176,119,57,26.433138,0,ok,logs/seed_928512.log
181217,irt_only,GHEFT,0,0.0,0,0,1,0.1594,0.2037,0.3631,,,,,,,,,,,,,,,,,50.765854223652454,1.1669,40,9,301,148,113,35,16.126928,0,ok,logs/seed_181217.log
93772,irt_only,GHEFT,0,0.0,0,0,1,0.1566,0.2633,0.4199,,,,,,,,,,,,,,,,,55.844033310201254,1.1341,50,9,309,153,119,34,29.272157,0,ok,logs/seed_93772.log
348523,irt_only,GHEFT,0,0.0,0,0,1,0.1475,0.1817,0.3292,,,,,,,,,,,,,,,,,54.86286019417476,1.2393,43,11,298,133,86,47,21.94641,0,ok,logs/seed_348523.log
466445,irt_only,GHEFT,0,0.0,0,0,1,0.1752,0.2402,0.4154,,,,,,,,,,,,,,,,,42.49108795652173,1.1818,57,15,344,167,116,51,25.025376,0,ok,logs/seed_466445.log
520238,irt_only,GHEFT,0,0.0,0,0,1,0.1722,0.2358,0.408,,,,,,,,,,,,,,,,,67.11166621579807,1.6396,52,12,317,165,119,46,23.081408,0,ok,logs/seed_520238.log
512606,irt_only,GHEFT,0,0.0,0,0,1,0.1918,0.2046,0.3964,,,,,,,,,,,,,,,,,44.51188116710875,1.1174,44,9,316,153,123,30,20.50459,0,ok,logs/seed_512606.log
732043,irt_only,GHEFT,0,0.0,0,0,1,0.187,0.2077,0.3947,,,,,,,,,,,,,,,,,36.490800223964165,1.1392,46,11,344,163,123,40,22.418852,0,ok,logs/seed_732043.log
912078,irt_only,GHEFT,0,0.0,0,0,1,0.1605,0.2107,0.3712,,,,,,,,,,,,,,,,,39.64444444444445,1.1412,52,10,331,150,106,44,21.49915,0,ok,logs/seed_912078.log
770623,irt_only,GHEFT,0,0.0,0,0,1,0.1805,0.2051,0.3856,,,,,,,,,,,,,,,,,46.77455390334573,1.1625,55,11,309,174,124,50,22.991183,0,ok,logs/seed_770623.log
274449,irt_only,GHEFT,0,0.0,0,0,1,0.1647,0.1786,0.3433,,,,,,,,,,,,,,,,,49.738706230529594,1.3678,48,12,309,169,137,32,20.131191,0,ok,logs/seed_274449.log
657848,irt_only,GHEFT,0,0.0,0,0,1,0.1628,0.1858,0.3486,,,,,,,,,,,,,,,,,40.674627931488814,1.1537,46,11,323,132,104,28,22.442826,0,ok,logs/seed_657848.log
807691,irt_only,GHEFT,0,0.0,0,0,1,0.1743,0.2563,0.4306,,,,,,,,,,,,,,,,,54.73484356435643,1.3102,43,10,324,151,114,37,20.350704,0,ok,logs/seed_807691.log
351419,irt_only,GHEFT,0,0.0,0,0,1,0.1743,0.2132,0.3875,,,,,,,,,,,,,,,,,40.26709230769231,1.0756,44,10,315,170,133,37,20.586802,0,ok,logs/seed_351419.log
726609,irt_only,GHEFT,0,0.0,0,0,1,0.1847,0.2111,0.3958,,,,,,,,,,,,,,,,,49.4504012744265,1.2618,45,10,310,153,117,36,20.824909,0,ok,logs/seed_726609.log
560070,irt_only,GHEFT,0,0.0,0,0,1,0.1748,0.2373,0.4121,,,,,,,,,,,,,,,,,47.2199934183244,1.1171,45,11,317,175,141,34,26.171044,0,ok,logs/seed_560070.log
342707,irt_only,GHEFT,0,0.0,0,0,1,0.1712,0.1829,0.3541,,,,,,,,,,,,,,,,,51.90112349323494,1.1762,45,11,320,154,125,29,24.296236,0,ok,logs/seed_342707.log
56666,irt_only,GHEFT,0,0.0,0,0,1,0.173,0.2325,0.4055,,,,,,,,,,,,,,,,,46.48460178591008,1.3015,52,12,319,158,120,38,20.189402,0,ok,logs/seed_56666.log
285209,irt_only,GHEFT,0,0.0,0,0,1,0.1803,0.2057,0.386,,,,,,,,,,,,,,,,,42.672900510725235,1.116,52,11,318,163,131,32,23.387095,0,ok,logs/seed_285209.log
886960,irt_only,GHEFT,0,0.0,0,0,1,0.1579,0.1579,0.3158,,,,,,,,,,,,,,,,,46.2356454480349,1.1585,51,11,327,170,136,34,25.042987,0,ok,logs/seed_886960.log
621730,irt_only,GHEFT,0,0.0,0,0,1,0.1642,0.2366,0.4008,,,,,,,,,,,,,,,,,39.55592205323194,1.1217,45,11,317,173,134,39,17.420808,0,ok,logs/seed_621730.log
904473,irt_only,GHEFT,0,0.0,0,0,1,0.1867,0.1946,0.3813,,,,,,,,,,,,,,,,,51.13272352858105,1.0452,51,11,332,151,124,27,25.935954,0,ok,logs/seed_904473.log
653339,irt_only,GHEFT,0,0.0,0,0,1,0.1606,0.2054,0.366,,,,,,,,,,,,,,,,,42.67155805277525,1.1263,46,11,318,152,117,35,19.500795,0,ok,logs/seed_653339.log
168058,irt_only,GHEFT,0,0.0,0,0,1,0.1898,0.1597,0.3495,,,,,,,,,,,,,,,,,41.67355543855693,1.227,38,12,296,143,111,32,19.968993,0,ok,logs/seed_168058.log
442021,irt_only,GHEFT,0,0.0,0,0,1,0.1744,0.178,0.3524,,,,,,,,,,,,,,,,,50.17637192982457,1.2331,46,12,341,174,131,43,25.74208,0,ok,logs/seed_442021.log
583293,irt_only,GHEFT,0,0.0,0,0,1,0.1988,0.2063,0.4051,,,,,,,,,,,,,,,,,47.6975795287187,1.2784,47,9,333,152,101,51,22.835108,0,ok,logs/seed_583293.log
889618,irt_only,GHEFT,0,0.0,0,0,1,0.1533,0.1733,0.3266,,,,,,,,,,,,,,,,,45.3027544163569,1.1034,45,13,328,166,133,33,25.546916,0,ok,logs/seed_889618.log
366067,irt_only,GHEFT,0,0.0,0,0,1,0.1499,0.1603,0.3102,,,,,,,,,,,,,,,,,43.73393163444641,1.039,47,11,304,140,113,27,18.21586,0,ok,logs/seed_366067.log
814962,irt_only,GHEFT,0,0.0,0,0,1,0.1751,0.1726,0.3477,,,,,,,,,,,,,,,,,42.60626822703335,1.2223,42,11,332,135,108,27,22.065989,0,ok,logs/seed_814962.log
272538,irt_only,GHEFT,0,0.0,0,0,1,0.1625,0.1928,0.3553,,,,,,,,,,,,,,,,,45.89305888717156,1.2101,49,12,331,169,131,38,22.485842,0,ok,logs/seed_272538.log
997364,irt_only,GHEFT,0,0.0,0,0,1,0.1835,0.2004,0.3839,,,,,,,,,,,,,,,,,41.931331075697216,1.1924,55,14,335,184,133,51,23.715593,0,ok,logs/seed_997364.log
829067,irt_only,GHEFT,0,0.0,0,0,1,0.1797,0.1931,0.3728,,,,,,,,,,,,,,,,,44.523119944535075,1.1684,55,11,327,176,122,54,25.559096,0,ok,logs/seed_829067.log
823366,irt_only,GHEFT,0,0.0,0,0,1,0.1665,0.2034,0.3699,,,,,,,,,,,,,,,,,37.68628085948478,1.1606,56,14,335,157,110,47,19.812366,0,ok,logs/seed_823366.log
492603,irt_only,GHEFT,0,0.0,0,0,1,0.1744,0.2045,0.3789,,,,,,,,,,,,,,,,,44.449520143884904,1.1149,49,11,324,157,107,50,21.841679,0,ok,logs/seed_492603.log
767656,irt_only,GHEFT,0,0.0,0,0,1,0.166,0.1753,0.3413,,,,,,,,,,,,,,,,,40.56073515248797,1.0792,42,11,325,137,106,31,23.902001,0,ok,logs/seed_767656.log
729327,irt_only,GHEFT,0,0.0,0,0,1,0.1871,0.1928,0.3799,,,,,,,,,,,,,,,,,41.85629933774833,1.0081,51,13,305,171,127,44,20.559248,0,ok,logs/seed_729327.log
666140,irt_only,GHEFT,0,0.0,0,0,1,0.1887,0.2256,0.4143,,,,,,,,,,,,,,,,,40.84615000000001,1.1125,50,12,328,163,120,43,21.559525,0,ok,logs/seed_666140.log
931213,irt_only,GHEFT,0,0.0,0,0,1,0.1824,0.258,0.4404,,,,,,,,,,,,,,,,,55.43186666666667,1.197,51,13,310,160,113,47,20.97747,0,ok,logs/seed_931213.log
479086,irt_only,GHEFT,0,0.0,0,0,1,0.1744,0.192,0.3664,,,,,,,,,,,,,,,,,32.559133333333335,1.2575,50,13,319,156,116,40,19.747424,0,ok,logs/seed_479086.log
648286,irt_only,GHEFT,0,0.0,0,0,1,0.1702,0.2078,0.378,,,,,,,,,,,,,,,,,50.733503539823,1.0665,47,11,322,161,116,45,24.247775,0,ok,logs/seed_648286.log
578832,irt_only,GHEFT,0,0.0,0,0,1,0.1708,0.1975,0.3683,,,,,,,,,,,,,,,,,47.39640975609757,1.1453,51,11,315,160,114,46,22.898403,0,ok,logs/seed_578832.log
781836,irt_only,GHEFT,0,0.0,0,0,1,0.1704,0.2366,0.407,,,,,,,,,,,,,,,,,50.16934599018004,1.5622,41,11,295,138,119,19,20.919606,0,ok,logs/seed_781836.log
659171,irt_only,GHEFT,0,0.0,0,0,1,0.1746,0.1635,0.3381,,,,,,,,,,,,,,,,,39.715543612334805,1.2496,43,10,320,138,100,38,21.117254,0,ok,logs/seed_659171.log
667338,irt_only,GHEFT,0,0.0,0,0,1,0.173,0.1642,0.3372,,,,,,,,,,,,,,,,,38.62096319018406,1.1525,47,10,334,141,112,29,25.595056,0,ok,logs/seed_667338.log
967649,irt_only,GHEFT,0,0.0,0,0,1,0.1874,0.2015,0.3889,,,,,,,,,,,,,,,,,40.516938258164856,1.3851,45,11,313,157,117,40,24.754403,0,ok,logs/seed_967649.log
413495,irt_only,GHEFT,0,0.0,0,0,1,0.167,0.18,0.347,,,,,,,,,,,,,,,,,50.948344589743584,1.1365,52,11,344,156,106,50,24.575044,0,ok,logs/seed_413495.log
46799,irt_only,GHEFT,0,0.0,0,0,1,0.1719,0.1928,0.3647,,,,,,,,,,,,,,,,,53.600211156022624,1.0724,50,12,322,180,139,41,28.564554,0,ok,logs/seed_46799.log
213320,irt_only,GHEFT,0,0.0,0,0,1,0.1804,0.1592,0.3396,,,,,,,,,,,,,,,,,42.50527042253521,1.0889,46,10,324,161,122,39,21.734258,0,ok,logs/seed_213320.log
84966,irt_only,GHEFT,0,0.0,0,0,1,0.1887,0.2371,0.4258,,,,,,,,,,,,,,,,,36.139063492063485,1.2988,53,11,300,152,101,51,18.821811,0,ok,logs/seed_84966.log
372841,irt_only,GHEFT,0,0.0,0,0,1,0.1654,0.1575,0.3229,,,,,,,,,,,,,,,,,45.01890378250591,1.3079,53,12,346,166,124,42,28.112209,0,ok,logs/seed_372841.log
491732,irt_only,GHEFT,0,0.0,0,0,1,0.1849,0.2155,0.4004,,,,,,,,,,,,,,,,,35.74352651757189,1.0898,56,13,309,173,117,56,21.650783,0,ok,logs/seed_491732.log
770980,irt_only,GHEFT,0,0.0,0,0,1,0.1768,0.2075,0.3843,,,,,,,,,,,,,,,,,45.721070016207456,1.3714,59,13,327,169,125,44,20.600422,0,ok,logs/seed_770980.log
811224,irt_only,GHEFT,0,0.0,0,0,1,0.1611,0.2216,0.3827,,,,,,,,,,,,,,,,,45.67719662289563,1.1253,55,12,346,188,132,56,22.56784,0,ok,logs/seed_811224.log
498974,irt_only,GHEFT,0,0.0,0,0,1,0.1672,0.2086,0.3758,,,,,,,,,,,,,,,,,46.169940077821,1.0884,45,12,336,175,135,40,20.608018,0,ok,logs/seed_498974.log
200046,irt_only,GHEFT,0,0.0,0,0,1,0.1923,0.2073,0.3996,,,,,,,,,,,,,,,,,42.629182824112306,1.3039,46,11,320,186,131,55,21.106611,0,ok,logs/seed_200046.log
326276,irt_only,GHEFT,0,0.0,0,0,1,0.1912,0.2095,0.4007,,,,,,,,,,,,,,,,,47.70634929577464,1.3286,54,12,330,160,112,48,24.603872,0,ok,logs/seed_326276.log
640113,irt_only,GHEFT,0,0.0,0,0,1,0.161,0.2028,0.3638,,,,,,,,,,,,,,,,,49.564233333333334,1.2389,55,11,324,176,123,53,23.071201,0,ok,logs/seed_640113.log
695200,irt_only,GHEFT,0,0.0,0,0,1,0.1587,0.1953,0.354,,,,,,,,,,,,,,,,,50.33901331747919,1.0705,46,12,312,147,109,38,20.933798,0,ok,logs/seed_695200.log
774075,irt_only,GHEFT,0,0.0,0,0,1,0.1807,0.2613,0.442,,,,,,,,,,,,,,,,,45.815701000000004,1.3522,40,9,318,144,116,28,18.759003,0,ok,logs/seed_774075.log
389892,irt_only,GHEFT,0,0.0,0,0,1,0.1719,0.1667,0.3386,,,,,,,,,,,,,,,,,48.01218769371011,1.1122,53,12,328,158,126,32,25.215073,0,ok,logs/seed_389892.log
955718,irt_only,GHEFT,0,0.0,0,0,1,0.1913,0.2506,0.4419,,,,,,,,,,,,,,,,,51.320195826377294,1.2813,52,13,307,172,117,55,24.038747,0,ok,logs/seed_955718.log
522004,irt_only,GHEFT,0,0.0,0,0,1,0.1891,0.1685,0.3576,,,,,,,,,,,,,,,,,46.35113365617433,1.1563,43,12,305,171,135,36,21.145582,0,ok,logs/seed_522004.log
385731,irt_only,GHEFT,0,0.0,0,0,1,0.1767,0.1658,0.3425,,,,,,,,,,,,,,,,,42.747999059561124,1.3049,48,10,320,137,101,36,17.942485,0,ok,logs/seed_385731.log
726289,irt_only,GHEFT,0,0.0,0,0,1,0.1739,0.197,0.3709,,,,,,,,,,,,,,,,,38.31106310995543,1.1138,57,12,354,161,105,56,24.836295,0,ok,logs/seed_726289.log
840325,irt_only,GHEFT,0,0.0,0,0,1,0.1607,0.2012,0.3619,,,,,,,,,,,,,,,,,49.51360437773608,1.0365,55,13,337,174,123,51,24.765412,0,ok,logs/seed_840325.log
754746,irt_only,GHEFT,0,0.0,0,0,1,0.1591,0.1752,0.3343,,,,,,,,,,,,,,,,,36.56795889094403,1.1497,46,11,310,147,107,40,19.966748,0,ok,logs/seed_754746.log
717000,irt_only,GHEFT,0,0.0,0,0,1,0.167,0.1696,0.3366,,,,,,,,,,,,,,,,,57.22134221510673,1.0302,52,13,321,182,132,50,21.526365,0,ok,logs/seed_717000.log
70922,irt_only,GHEFT,0,0.0,0,0,1,0.1615,0.2056,0.3671,,,,,,,,,,,,,,,,,51.939168468468466,1.0911,49,12,334,188,138,50,20.364963,0,ok,logs/seed_70922.log
108172,irt_only,GHEFT,0,0.0,0,0,1,0.173,0.211,0.384,,,,,,,,,,,,,,,,,44.115909207705194,1.1021,50,13,322,152,107,45,25.788097,0,ok,logs/seed_108172.log
486905,irt_only,GHEFT,0,0.0,0,0,1,0.1634,0.2257,0.3891,,,,,,,,,,,,,,,,,58.34366940836941,1.0295,54,10,308,151,103,48,20.117649,0,ok,logs/seed_486905.log
268061,irt_only,GHEFT,0,0.0,0,0,1,0.1495,0.1345,0.284,,,,,,,,,,,,,,,,,52.70955590608952,1.0834,44,11,310,168,135,33,21.268826,0,ok,logs/seed_268061.log
692334,irt_only,GHEFT,0,0.0,0,0,1,0.1738,0.1955,0.3693,,,,,,,,,,,,,,,,,55.86560320855615,1.1252,45,8,313,151,123,28,24.847642,0,ok,logs/seed_692334.log
719918,irt_only,GHEFT,0,0.0,0,0,1,0.1938,0.2569,0.4507,,,,,,,,,,,,,,,,,40.34460463576159,1.1113,47,11,300,154,102,52,17.564375,0,ok,logs/seed_719918.log
946535,irt_only,GHEFT,0,0.0,0,0,1,0.1748,0.2187,0.3935,,,,,,,,,,,,,,,,,45.58394545454546,1.1948,53,9,345,141,102,39,23.910625,0,ok,logs/seed_946535.log
453449,irt_only,GHEFT,0,0.0,0,0,1,0.1842,0.2578,0.442,,,,,,,,,,,,,,,,,44.68080784982935,1.3011,61,15,349,193,139,54,26.025709,0,ok,logs/seed_453449.log
623966,irt_only,GHEFT,0,0.0,0,0,1,0.1727,0.2144,0.3871,,,,,,,,,,,,,,,,,40.47839040564773,1.1907,57,14,359,203,141,62,23.909958,0,ok,logs/seed_623966.log
185535,irt_only,GHEFT,0,0.0,0,0,1,0.1695,0.2048,0.3743,,,,,,,,,,,,,,,,,61.80932462311557,1.1492,46,11,310,160,134,26,20.166359,0,ok,logs/seed_185535.log
482729,irt_only,GHEFT,0,0.0,0,0,1,0.1692,0.2031,0.3723,,,,,,,,,,,,,,,,,46.8112162055336,1.2944,51,11,312,152,108,44,19.9472,0,ok,logs/seed_482729.log
2208,irt_only,GHEFT,0,0.0,0,0,1,0.1636,0.1644,0.328,,,,,,,,,,,,,,,,,43.11166997167139,1.0537,48,11,332,175,136,39,23.676807,0,ok,logs/seed_2208.log
226101,irt_only,GHEFT,0,0.0,0,0,1,0.1768,0.2229,0.3997,,,,,,,,,,,,,,,,,39.08117993474715,1.1266,49,12,335,155,129,26,24.85032,0,ok,logs/seed_226101.log
750848,irt_only,GHEFT,0,0.0,0,0,1,0.1541,0.1523,0.3064,,,,,,,,,,,,,,,,,43.12447002141327,1.1287,54,11,316,146,104,42,21.626625,0,ok,logs/seed_750848.log
430115,irt_only,GHEFT,0,0.0,0,0,1,0.1648,0.171,0.3358,,,,,,,,,,,,,,,,,41.962962945636626,1.1462,56,11,335,164,134,30,21.475216,0,ok,logs/seed_430115.log
360828,irt_only,GHEFT,0,0.0,0,0,1,0.1667,0.2203,0.387,,,,,,,,,,,,,,,,,46.52695454545456,1.1938,53,11,328,156,108,48,20.565869,0,ok,logs/seed_360828.log
686023,irt_only,GHEFT,0,0.0,0,0,1,0.1817,0.2092,0.3909,,,,,,,,,,,,,,,,,44.78961836195508,1.3468,49,12,335,163,123,40,25.604873,0,ok,logs/seed_686023.log
910767,irt_only,GHEFT,0,0.0,0,0,1,0.1851,0.2138,0.3989,,,,,,,,,,,,,,,,,43.31563572584857,1.0925,53,13,316,162,121,41,22.518836,0,ok,logs/seed_910767.log
867129,irt_only,GHEFT,0,0.0,0,0,1,0.1603,0.1828,0.3431,,,,,,,,,,,,,,,,,43.48677964841108,1.1762,54,12,331,178,140,38,21.241576,0,ok,logs/seed_867129.log
594299,irt_only,GHEFT,0,0.0,0,0,1,0.1837,0.2468,0.4305,,,,,,,,,,,,,,,,,46.82985152057245,1.2083,51,13,332,166,120,46,22.078389,0,ok,logs/seed_594299.log
141316,irt_only,GHEFT,0,0.0,0,0,1,0.1815,0.1606,0.3421,,,,,,,,,,,,,,,,,40.69669742930593,1.252,49,11,315,146,122,24,18.11089,0,ok,logs/seed_141316.log
200207,irt_only,GHEFT,0,0.0,0,0,1,0.1635,0.2002,0.3637,,,,,,,,,,,,,,,,,51.8002944785276,1.4201,42,9,322,134,95,39,24.953734,0,ok,logs/seed_200207.log
575011,irt_only,GHEFT,0,0.0,0,0,1,0.171,0.2513,0.4223,,,,,,,,,,,,,,,,,64.05246688888889,1.1922,47,12,324,163,116,47,20.75453,0,ok,logs/seed_575011.log
765419,irt_only,GHEFT,0,0.0,0,0,1,0.1615,0.1747,0.3362,,,,,,,,,,,,,,,,,47.230332915360506,1.0479,47,10,336,160,121,39,20.384196,0,ok,logs/seed_765419.log
676245,irt_only,GHEFT,0,0.0,0,0,1,0.1494,0.1633,0.3127,,,,,,,,,,,,,,,,,51.59722857142855,1.1827,46,11,307,160,121,39,20.102041,0,ok,logs/seed_676245.log
743656,irt_only,GHEFT,0,0.0,0,0,1,0.1725,0.2168,0.3893,,,,,,,,,,,,,,,,,41.54764079422383,1.0557,54,12,355,178,140,38,24.139804,0,ok,logs/seed_743656.log
469800,irt_only,GHEFT,0,0.0,0,0,1,0.1684,0.1878,0.3562,,,,,,,,,,,,,,,,,53.41668612975392,1.141,46,10,297,151,119,32,22.015792,0,ok,logs/seed_469800.log
384437,irt_only,GHEFT,0,0.0,0,0,1,0.1649,0.1842,0.3491,,,,,,,,,,,,,,,,,69.33926258503402,1.2074,44,11,300,155,120,35,19.200861,0,ok,logs/seed_384437.log
692498,irt_only,GHEFT,0,0.0,0,0,1,0.1709,0.1776,0.3485,,,,,,,,,,,,,,,,,41.92659928628073,1.0974,58,12,311,162,123,39,20.434356,0,ok,logs/seed_692498.log
385750,irt_only,GHEFT,0,0.0,0,0,1,0.1687,0.2392,0.4079,,,,,,,,,,,,,,,,,50.03679202772964,1.2859,61,13,351,158,113,45,24.902951,0,ok,logs/seed_385750.log
966044,irt_only,GHEFT,0,0.0,0,0,1,0.1822,0.2006,0.3828,,,,,,,,,,,,,,,,,45.87002452941176,1.0939,56,14,325,194,127,67,18.874149,0,ok,logs/seed_966044.log
231504,irt_only,GHEFT,0,0.0,0,0,1,0.1586,0.1656,0.3242,,,,,,,,,,,,,,,,,40.00937066014669,1.1099,56,12,308,180,116,64,20.901865,0,ok,logs/seed_231504.log
758710,irt_only,GHEFT,0,0.0,0,0,1,0.1655,0.2242,0.3897,,,,,,,,,,,,,,,,,42.75374618604652,1.3084,57,14,346,168,113,55,22.251789,0,ok,logs/seed_758710.log
855896,irt_only,GHEFT,0,0.0,0,0,1,0.1684,0.2412,0.4096,,,,,,,,,,,,,,,,,45.73824334203656,1.1069,53,12,350,182,138,44,24.653827,0,ok,logs/seed_855896.log
165859,irt_only,GHEFT,0,0.0,0,0,1,0.1393,0.1677,0.307,,,,,,,,,,,,,,,,,46.1332183800623,1.1118,46,12,335,159,122,37,22.00207,0,ok,logs/seed_165859.log
804367,irt_only,GHEFT,0,0.0,0,0,1,0.182,0.1952,0.3772,,,,,,,,,,,,,,,,,35.33401224489797,1.1733,47,11,316,148,115,33,17.322669,0,ok,logs/seed_804367.log
317518,irt_only,GHEFT,0,0.0,0,0,1,0.1734,0.2227,0.3961,,,,,,,,,,,,,,,,,49.92609836065574,1.1397,58,13,331,196,149,47,22.44034,0,ok,logs/seed_317518.log
461209,irt_only,GHEFT,0,0.0,0,0,1,0.166,0.2194,0.3854,,,,,,,,,,,,,,,,,50.003674157303365,1.2278,46,9,336,136,99,37,23.495231,0,ok,logs/seed_461209.log
882850,irt_only,GHEFT,0,0.0,0,0,1,0.167,0.2412,0.4082,,,,,,,,,,,,,,,,,50.95678907446068,1.3737,49,11,337,143,104,39,27.773046,0,ok,logs/seed_882850.log
64681,irt_only,GHEFT,0,0.0,0,0,1,0.1837,0.2951,0.4788,,,,,,,,,,,,,,,,,43.74444996849513,1.1862,49,11,303,157,118,39,20.18782,0,ok,logs/seed_64681.log
173770,irt_only,GHEFT,0,0.0,0,0,1,0.153,0.1708,0.3238,,,,,,,,,,,,,,,,,50.77519717969378,1.1185,61,13,339,173,124,49,26.945635,0,ok,logs/seed_173770.log
258441,irt_only,GHEFT,0,0.0,0,0,1,0.1776,0.2012,0.3788,,,,,,,,,,,,,,,,,42.39348413284132,1.1613,42,9,330,166,122,44,22.380501,0,ok,logs/seed_258441.log
324860,irt_only,GHEFT,0,0.0,0,0,1,0.169,0.184,0.353,,,,,,,,,,,,,,,,,43.19053914759274,1.2069,53,13,331,140,108,32,23.459752,0,ok,logs/seed_324860.log
107009,irt_only,GHEFT,0,0.0,0,0,1,0.1941,0.1878,0.3819,,,,,,,,,,,,,,,,,48.100892794235385,1.0918,48,12,330,177,127,50,24.360278,0,ok,logs/seed_107009.log
161981,irt_only,GHEFT,0,0.0,0,0,1,0.1564,0.1747,0.3311,,,,,,,,,,,,,,,,,40.453100000000006,1.1637,50,13,307,164,120,44,22.203396,0,ok,logs/seed_161981.log
290380,irt_only,GHEFT,0,0.0,0,0,1,0.1722,0.2206,0.3928,,,,,,,,,,,,,,,,,53.960465640658555,1.2031,45,11,318,159,101,58,17.405234,0,ok,logs/seed_290380.log
976250,irt_only,GHEFT,0,0.0,0,0,1,0.162,0.1951,0.3571,,,,,,,,,,,,,,,,,48.03210276564774,1.111,49,10,317,163,118,45,21.20466,0,ok,logs/seed_976250.log
254077,irt_only,GHEFT,0,0.0,0,0,1,0.1681,0.2466,0.4147,,,,,,,,,,,,,,,,,49.92168441558442,1.3723,51,9,327,155,108,47,23.031211,0,ok,logs/seed_254077.log
539967,irt_only,GHEFT,0,0.0,0,0,1,0.1663,0.1642,0.3305,,,,,,,,,,,,,,,,,45.47491606475715,1.2507,45,10,324,154,120,34,19.243778,0,ok,logs/seed_539967.log
599304,irt_only,GHEFT,0,0.0,0,0,1,0.1792,0.1989,0.3781,,,,,,,,,,,,,,,,,38.9394476534296,1.0847,51,13,319,156,109,47,21.011631,0,ok,logs/seed_599304.log
287821,irt_only,GHEFT,0,0.0,0,0,1,0.1688,0.2012,0.37,,,,,,,,,,,,,,,,,40.3550673076923,1.1633,60,10,354,150,102,48,26.809785,0,ok,logs/seed_287821.log
48051,irt_only,GHEFT,0,0.0,0,0,1,0.1945,0.2129,0.4074,,,,,,,,,,,,,,,,,38.821330215827345,1.0055,42,10,327,134,101,33,23.39238,0,ok,logs/seed_48051.log
860327,irt_only,GHEFT,0,0.0,0,0,1,0.1505,0.1583,0.3088,,,,,,,,,,,,,,,,,41.501640069686424,1.0316,51,11,318,156,112,44,19.828267,0,ok,logs/seed_860327.log
591119,irt_only,GHEFT,0,0.0,0,0,1,0.1495,0.1472,0.2967,,,,,,,,,,,,,,,,,46.241564685932396,1.215,46,10,318,146,116,30,16.434132,0,ok,logs/seed_591119.log
611764,irt_only,GHEFT,0,0.0,0,0,1,0.1656,0.1796,0.3452,,,,,,,,,,,,,,,,,49.79156261127597,1.1912,53,14,320,167,122,45,19.399862,0,ok,logs/seed_611764.log
806683,irt_only,GHEFT,0,0.0,0,0,1,0.1607,0.2066,0.3673,,,,,,,,,,,,,,,,,48.484711464546066,1.0386,51,10,325,152,119,33,23.8319,0,ok,logs/seed_806683.log
848855,irt_only,GHEFT,0,0.0,0,0,1,0.1601,0.1663,0.3264,,,,,,,,,,,,,,,,,45.00190731707316,1.3558,52,11,339,150,111,39,20.752764,0,ok,logs/seed_848855.log
384264,irt_only,GHEFT,0,0.0,0,0,1,0.1623,0.1734,0.3357,,,,,,,,,,,,,,,,,46.94219999999999,1.2177,54,12,335,181,127,54,15.299395,0,ok,logs/seed_384264.log
505769,irt_only,GHEFT,0,0.0,0,0,1,0.1776,0.1942,0.3718,,,,,,,,,,,,,,,,,43.48217796610169,1.1539,42,10,299,153,122,31,20.595471,0,ok,logs/seed_505769.log
221230,irt_only,GHEFT,0,0.0,0,0,1,0.1889,0.2209,0.4098,,,,,,,,,,,,,,,,,44.4463198807947,1.1753,46,11,334,156,118,38,17.915262,0,ok,logs/seed_221230.log
940154,irt_only,GHEFT,0,0.0,0,0,1,0.1783,0.2426,0.4209,,,,,,,,,,,,,,,,,41.541753584626754,1.1364,50,12,328,155,122,33,21.359876,0,ok,logs/seed_940154.log
587707,irt_only,GHEFT,0,0.0,0,0,1,0.1763,0.2612,0.4375,,,,,,,,,,,,,,,,,50.8602735395189,1.2999,53,9,318,133,104,29,22.416888,0,ok,logs/seed_587707.log
595985,irt_only,GHEFT,0,0.0,0,0,1,0.1848,0.2269,0.4117,,,,,,,,,,,,,,,,,43.44027721518988,1.5007,55,15,330,201,146,55,18.330522,0,ok,logs/seed_595985.log
54898,irt_only,GHEFT,0,0.0,0,0,1,0.157,0.1835,0.3405,,,,,,,,,,,,,,,,,43.05773926701571,1.0907,43,10,306,159,135,24,19.825457,0,ok,logs/seed_54898.log
351193,irt_only,GHEFT,0,0.0,0,0,1,0.1878,0.2523,0.4401,,,,,,,,,,,,,,,,,49.75476727605118,1.0315,47,12,326,183,123,60,14.787174,0,ok,logs/seed_351193.log
538951,irt_only,GHEFT,0,0.0,0,0,1,0.1747,0.2113,0.386,,,,,,,,,,,,,,,,,41.35298579881656,1.064,47,12,331,143,108,35,22.208873,0,ok,logs/seed_538951.log
503015,irt_only,GHEFT,0,0.0,0,0,1,0.1722,0.219,0.3912,,,,,,,,,,,,,,,,,41.8069901926445,1.094,40,10,294,125,87,38,16.262876,0,ok,logs/seed_503015.log
953174,irt_only,GHEFT,0,0.0,0,0,1,0.1834,0.2319,0.4153,,,,,,,,,,,,,,,,,41.86332584269664,1.1987,52,11,332,171,114,57,20.230378,0,ok,logs/seed_953174.log
742910,irt_only,GHEFT,0,0.0,0,0,1,0.1669,0.1878,0.3547,,,,,,,,,,,,,,,,,44.69571149868768,1.0511,53,11,317,161,118,43,19.537607,0,ok,logs/seed_742910.log
61747,irt_only,GHEFT,0,0.0,0,0,1,0.1673,0.2066,0.3739,,,,,,,,,,,,,,,,,47.773498305084736,1.3666,48,11,326,146,108,38,20.877844,0,ok,logs/seed_61747.log
580612,irt_only,GHEFT,0,0.0,0,0,1,0.1701,0.2128,0.3829,,,,,,,,,,,,,,,,,48.70449740634005,1.2627,44,10,294,145,115,30,17.332391,0,ok,logs/seed_580612.log
615914,irt_only,GHEFT,0,0.0,0,0,1,0.1644,0.1937,0.3581,,,,,,,,,,,,,,,,,46.40087203594079,1.4699,43,11,307,139,90,49,20.382676,0,ok,logs/seed_615914.log
8172,irt_only,GHEFT,0,0.0,0,0,1,0.1611,0.214,0.3751,,,,,,,,,,,,,,,,,47.08043458646617,1.1292,48,13,313,151,99,52,19.050432,0,ok,logs/seed_8172.log
590147,irt_only,GHEFT,0,0.0,0,0,1,0.1673,0.1887,0.356,,,,,,,,,,,,,,,,,42.232582927710844,1.2147,49,11,307,171,133,38,16.408901,0,ok,logs/seed_590147.log
773450,irt_only,GHEFT,0,0.0,0,0,1,0.1804,0.2121,0.3925,,,,,,,,,,,,,,,,,48.4765827018122,1.0931,50,12,309,176,135,41,19.034512,0,ok,logs/seed_773450.log
447391,irt_only,GHEFT,0,0.0,0,0,1,0.1902,0.1703,0.3605,,,,,,,,,,,,,,,,,41.98476809511569,1.2284,52,12,317,159,116,43,21.115349,0,ok,logs/seed_447391.log
234698,irt_only,GHEFT,0,0.0,0,0,1,0.159,0.1813,0.3403,,,,,,,,,,,,,,,,,45.30673703603603,1.1616,57,12,333,154,101,53,23.824504,0,ok,logs/seed_234698.log
339985,irt_only,GHEFT,0,0.0,0,0,1,0.1822,0.1774,0.3596,,,,,,,,,,,,,,,,,49.319708996539795,1.2781,48,13,320,174,152,22,20.876267,0,ok,logs/seed_339985.log
121191,irt_only,GHEFT,0,0.0,0,0,1,0.1712,0.2163,0.3875,,,,,,,,,,,,,,,,,39.690746633825945,1.01,52,12,332,182,130,52,20.553052,0,ok,logs/seed_121191.log
67314,irt_only,GHEFT,0,0.0,0,0,1,0.169,0.2154,0.3844,,,,,,,,,,,,,,,,,45.70678742514972,1.0554,55,12,322,169,113,56,21.306134,0,ok,logs/seed_67314.log
49664,irt_only,GHEFT,0,0.0,0,0,1,0.188,0.2123,0.4003,,,,,,,,,,,,,,,,,41.81240171606865,1.2887,56,13,336,188,121,67,21.37148,0,ok,logs/seed_49664.log
216188,irt_only,GHEFT,0,0.0,0,0,1,0.1679,0.2005,0.3684,,,,,,,,,,,,,,,,,44.98442272727274,1.0906,62,11,336,151,116,35,17.981754,0,ok,logs/seed_216188.log
594597,irt_only,GHEFT,0,0.0,0,0,1,0.1724,0.1898,0.3622,,,,,,,,,,,,,,,,,35.54682592592593,1.2561,49,11,313,150,116,34,19.834726,0,ok,logs/seed_594597.log
838544,irt_only,GHEFT,0,0.0,0,0,1,0.1698,0.2272,0.397,,,,,,,,,,,,,,,,,47.83030511945393,1.2698,47,10,330,135,92,43,18.288153,0,ok,logs/seed_838544.log
667390,irt_only,GHEFT,0,0.0,0,0,1,0.15,0.2254,0.3754,,,,,,,,,,,,,,,,,49.89823879622916,1.0161,52,12,315,168,134,34,18.888098,0,ok,logs/seed_667390.log
584425,irt_only,GHEFT,0,0.0,0,0,1,0.1571,0.1851,0.3422,,,,,,,,,,,,,,,,,55.39478277511962,1.1354,44,8,295,138,111,27,20.130868,0,ok,logs/seed_584425.log
838220,irt_only,GHEFT,0,0.0,0,0,1,0.1559,0.1723,0.3282,,,,,,,,,,,,,,,,,37.821895343680346,1.0713,44,12,318,148,91,57,16.825191,0,ok,logs/seed_838220.log
441512,irt_only,GHEFT,0,0.0,0,0,1,0.1576,0.1483,0.3059,,,,,,,,,,,,,,,,,37.725566666666666,1.1654,46,9,306,127,98,29,14.860602,0,ok,logs/seed_441512.log
350535,irt_only,GHEFT,0,0.0,0,0,1,0.1863,0.2136,0.3999,,,,,,,,,,,,,,,,,47.54476732673268,1.2224,56,12,352,166,130,36,23.043085,0,ok,logs/seed_350535.log
298630,irt_only,GHEFT,0,0.0,0,0,1,0.1747,0.255,0.4297,,,,,,,,,,,,,,,,,45.81769049964813,1.31,48,9,321,147,100,47,17.093175,0,ok,logs/seed_298630.log
381642,irt_only,GHEFT,0,0.0,0,0,1,0.1428,0.1931,0.3359,,,,,,,,,,,,,,,,,38.26913156990548,1.2452,58,14,317,165,106,59,20.393993,0,ok,logs/seed_381642.log
831919,irt_only,GHEFT,0,0.0,0,0,1,0.1664,0.2405,0.4069,,,,,,,,,,,,,,,,,40.90223341762452,1.1193,52,9,316,135,104,31,21.377538,0,ok,logs/seed_831919.log
177577,irt_only,GHEFT,0,0.0,0,0,1,0.1564,0.2175,0.3739,,,,,,,,,,,,,,,,,37.3625377657723,1.1203,50,12,327,172,130,42,18.583889,0,ok,logs/seed_177577.log
484873,irt_only,GHEFT,0,0.0,0,0,1,0.1889,0.2018,0.3907,,,,,,,,,,,,,,,,,37.0218,1.2013,43,11,294,155,127,28,17.385108,0,ok,logs/seed_484873.log
861791,irt_only,GHEFT,0,0.0,0,0,1,0.1985,0.2504,0.4489,,,,,,,,,,,,,,,,,38.276850847457624,1.0965,51,10,326,160,120,40,18.927688,0,ok,logs/seed_861791.log
147598,irt_only,GHEFT,0,0.0,0,0,1,0.1441,0.2189,0.363,,,,,,,,,,,,,,,,,50.47087043909876,1.2207,46,11,302,141,107,34,18.460483,0,ok,logs/seed_147598.log
509060,irt_only,GHEFT,0,0.0,0,0,1,0.168,0.1924,0.3604,,,,,,,,,,,,,,,,,48.072550676110744,1.0701,46,8,314,138,112,26,20.377881,0,ok,logs/seed_509060.log
734809,irt_only,GHEFT,0,0.0,0,0,1,0.1584,0.179,0.3374,,,,,,,,,,,,,,,,,40.7257045112782,1.2456,51,12,317,155,103,52,16.962657,0,ok,logs/seed_734809.log
209596,irt_only,GHEFT,0,0.0,0,0,1,0.1619,0.2382,0.4001,,,,,,,,,,,,,,,,,44.37057750273224,1.046,51,12,341,176,129,47,22.450666,0,ok,logs/seed_209596.log
128530,irt_only,GHEFT,0,0.0,0,0,1,0.169,0.1812,0.3502,,,,,,,,,,,,,,,,,55.4566729468599,1.2556,52,12,313,134,102,32,17.405031,0,ok,logs/seed_128530.log
839126,irt_only,GHEFT,0,0.0,0,0,1,0.1777,0.2426,0.4203,,,,,,,,,,,,,,,,,41.25584049586777,1.3717,53,14,340,170,107,63,22.742157,0,ok,logs/seed_839126.log
735954,irt_only,GHEFT,0,0.0,0,0,1,0.1716,0.1846,0.3562,,,,,,,,,,,,,,,,,41.896998379655756,1.134,47,11,334,158,122,36,19.356398,0,ok,logs/seed_735954.log
254875,irt_only,GHEFT,0,0.0,0,0,1,0.1701,0.2296,0.3997,,,,,,,,,,,,,,,,,52.388113178294574,1.3139,44,11,318,168,125,43,17.741908,0,ok,logs/seed_254875.log
334605,irt_only,GHEFT,0,0.0,0,0,1,0.171,0.2152,0.3862,,,,,,,,,,,,,,,,,45.71955503764419,1.3242,49,12,330,176,137,39,18.016994,0,ok,logs/seed_334605.log
616765,irt_only,GHEFT,0,0.0,0,0,1,0.1747,0.203,0.3777,,,,,,,,,,,,,,,,,44.51244844006569,1.122,54,12,321,189,138,51,17.991566,0,ok,logs/seed_616765.log
249505,irt_only,GHEFT,0,0.0,0,0,1,0.1526,0.164,0.3166,,,,,,,,,,,,,,,,,47.88044301675978,1.1632,43,9,325,134,93,41,21.298985,0,ok,logs/seed_249505.log
917778,irt_only,GHEFT,0,0.0,0,0,1,0.1655,0.1978,0.3633,,,,,,,,,,,,,,,,,47.23646575342465,1.061,45,12,318,158,104,54,16.51706,0,ok,logs/seed_917778.log
514894,irt_only,GHEFT,0,0.0,0,0,1,0.1908,0.261,0.4518,,,,,,,,,,,,,,,,,39.233540433213,1.2205,50,11,328,166,116,50,20.309777,0,ok,logs/seed_514894.log
722280,irt_only,GHEFT,0,0.0,0,0,1,0.1686,0.1726,0.3412,,,,,,,,,,,,,,,,,43.899705416963656,1.1967,45,9,313,139,103,36,15.405283,0,ok,logs/seed_722280.log
859753,irt_only,GHEFT,0,0.0,0,0,1,0.1853,0.2403,0.4256,,,,,,,,,,,,,,,,,38.30497254901962,1.1028,48,12,324,174,121,53,20.550218,0,ok,logs/seed_859753.log
380340,irt_only,GHEFT,0,0.0,0,0,1,0.1763,0.2061,0.3824,,,,,,,,,,,,,,,,,38.54434713216957,1.042,54,14,318,159,103,56,17.70452,0,ok,logs/seed_380340.log
832161,irt_only,GHEFT,0,0.0,0,0,1,0.1851,0.1673,0.3524,,,,,,,,,,,,,,,,,50.196550943396225,1.3128,47,12,314,171,116,55,17.439827,0,ok,logs/seed_832161.log
336794,irt_only,GHEFT,0,0.0,0,0,1,0.1716,0.213,0.3846,,,,,,,,,,,,,,,,,43.404007344632774,1.1265,57,11,321,159,126,33,19.977273,0,ok,logs/seed_336794.log
924503,irt_only,GHEFT,0,0.0,0,0,1,0.1866,0.2291,0.4157,,,,,,,,,,,,,,,,,47.50668094612352,1.0681,52,11,321,157,130,27,18.219678,0,ok,logs/seed_924503.log
393523,irt_only,GHEFT,0,0.0,0,0,1,0.1608,0.2062,0.367,,,,,,,,,,,,,,,,,46.114876312576314,1.231,45,12,323,175,128,47,14.557129,0,ok,logs/seed_393523.log
310465,irt_only,GHEFT,0,0.0,0,0,1,0.1743,0.212,0.3863,,,,,,,,,,,,,,,,,51.133892682926835,1.0825,47,11,313,169,135,34,17.863466,0,ok,logs/seed_310465.log
433513,irt_only,GHEFT,0,0.0,0,0,1,0.156,0.2119,0.3679,,,,,,,,,,,,,,,,,40.01878360869565,1.2765,50,12,327,183,133,50,21.309021,0,ok,logs/seed_433513.log
13460,irt_only,GHEFT,0,0.0,0,0,1,0.1659,0.1878,0.3537,,,,,,,,,,,,,,,,,50.99646543837356,1.2136,54,13,349,178,124,54,21.498268,0,ok,logs/seed_13460.log
349575,irt_only,GHEFT,0,0.0,0,0,1,0.1722,0.2347,0.4069,,,,,,,,,,,,,,,,,48.390943492586494,1.4234,53,12,339,187,128,59,19.007748,0,ok,logs/seed_349575.log
593063,irt_only,GHEFT,0,0.0,0,0,1,0.1639,0.2192,0.3831,,,,,,,,,,,,,,,,,68.64656666666666,1.2527,46,11,327,160,102,58,15.359764,0,ok,logs/seed_593063.log
433182,irt_only,GHEFT,0,0.0,0,0,1,0.1693,0.219,0.3883,,,,,,,,,,,,,,,,,44.38923325404731,1.1548,50,13,320,170,120,50,15.007476,0,ok,logs/seed_433182.log
780580,irt_only,GHEFT,0,0.0,0,0,1,0.1753,0.1781,0.3534,,,,,,,,,,,,,,,,,45.90748394584139,1.1277,53,12,318,164,120,44,20.756418,0,ok,logs/seed_780580.log
152838,irt_only,GHEFT,0,0.0,0,0,1,0.1703,0.2875,0.4578,,,,,,,,,,,,,,,,,53.38374210526316,1.2195,51,11,335,189,147,42,17.259566,0,ok,logs/seed_152838.log
222996,irt_only,GHEFT,0,0.0,0,0,1,0.1714,0.1837,0.3551,,,,,,,,,,,,,,,,,50.2222,1.2421,53,13,308,160,120,40,15.649457,0,ok,logs/seed_222996.log
298744,irt_only,GHEFT,0,0.0,0,0,1,0.1484,0.1636,0.312,,,,,,,,,,,,,,,,,53.37972596570645,1.1434,50,13,312,154,114,40,17.303178,0,ok,logs/seed_298744.log
762917,irt_only,GHEFT,0,0.0,0,0,1,0.1584,0.2281,0.3865,,,,,,,,,,,,,,,,,43.16987445556209,1.1307,50,10,328,149,110,39,20.869333,0,ok,logs/seed_762917.log
457149,irt_only,GHEFT,0,0.0,0,0,1,0.1939,0.2169,0.4108,,,,,,,,,,,,,,,,,35.31104987146529,1.1864,46,13,290,158,118,40,15.707102,0,ok,logs/seed_457149.log
540167,irt_only,GHEFT,0,0.0,0,0,1,0.1933,0.2053,0.3986,,,,,,,,,,,,,,,,,38.40886099110546,1.1181,41,10,299,147,116,31,17.780698,0,ok,logs/seed_540167.log
956256,irt_only,GHEFT,0,0.0,0,0,1,0.1754,0.2115,0.3869,,,,,,,,,,,,,,,,,47.50182087542089,1.1394,50,9,321,139,102,37,18.397152,0,ok,logs/seed_956256.log
809026,irt_only,GHEFT,0,0.0,0,0,1,0.1833,0.2113,0.3946,,,,,,,,,,,,,,,,,47.73168461538461,1.097,53,10,324,149,114,35,16.746453,0,ok,logs/seed_809026.log
625059,irt_only,GHEFT,0,0.0,0,0,1,0.1647,0.1771,0.3418,,,,,,,,,,,,,,,,,46.705326796589524,1.096,56,13,337,178,138,40,22.462049,0,ok,logs/seed_625059.log
451924,irt_only,GHEFT,0,0.0,0,0,1,0.1853,0.2569,0.4422,,,,,,,,,,,,,,,,,42.94491859888579,1.1578,46,10,309,145,110,35,18.45695,0,ok,logs/seed_451924.log
861621,irt_only,GHEFT,0,0.0,0,0,1,0.1789,0.2503,0.4292,,,,,,,,,,,,,,,,,50.8036005513439,1.1783,53,13,339,172,124,48,22.109978,0,ok,logs/seed_861621.log
986736,irt_only,GHEFT,0,0.0,0,0,1,0.157,0.1571,0.3141,,,,,,,,,,,,,,,,,48.81418888888889,1.1009,47,11,305,172,133,39,17.536684,0,ok,logs/seed_986736.log
831918,irt_only,GHEFT,0,0.0,0,0,1,0.1616,0.1819,0.3435,,,,,,,,,,,,,,,,,44.74566043360433,1.377,51,12,327,176,122,54,18.544801,0,ok,logs/seed_831918.log
126553,irt_only,GHEFT,0,0.0,0,0,1,0.159,0.173,0.332,,,,,,,,,,,,,,,,,42.887722883487,1.1903,42,10,294,159,133,26,16.921485,0,ok,logs/seed_126553.log
916292,irt_only,GHEFT,0,0.0,0,0,1,0.1797,0.251,0.4307,,,,,,,,,,,,,,,,,43.568090109890115,1.4278,51,13,337,180,137,43,19.99171,0,ok,logs/seed_916292.log
478518,irt_only,GHEFT,0,0.0,0,0,1,0.1719,0.2083,0.3802,,,,,,,,,,,,,,,,,46.66193067032968,1.1825,46,10,316,153,119,34,21.684392,0,ok,logs/seed_478518.log
368587,irt_only,GHEFT,0,0.0,0,0,1,0.1821,0.1889,0.371,,,,,,,,,,,,,,,,,37.20039491525424,1.0407,53,13,333,167,120,47,17.073279,0,ok,logs/seed_368587.log
494163,irt_only,GHEFT,0,0.0,0,0,1,0.1673,0.2173,0.3846,,,,,,,,,,,,,,,,,48.159071064969865,1.0874,52,11,328,170,113,57,21.870642,0,ok,logs/seed_494163.log
250163,irt_only,GHEFT,0,0.0,0,0,1,0.1668,0.183,0.3498,,,,,,,,,,,,,,,,,44.367512756168345,1.0513,55,14,324,167,121,46,18.277464,0,ok,logs/seed_250163.log
674657,irt_only,GHEFT,0,0.0,0,0,1,0.1815,0.2062,0.3877,,,,,,,,,,,,,,,,,37.1113489673551,1.2427,55,13,327,154,121,33,18.534188,0,ok,logs/seed_674657.log
798908,irt_only,GHEFT,0,0.0,0,0,1,0.1488,0.1737,0.3225,,,,,,,,,,,,,,,,,46.163167671691795,1.188,55,11,352,173,130,43,25.029284,0,ok,logs/seed_798908.log
740163,irt_only,GHEFT,0,0.0,0,0,1,0.1642,0.1563,0.3205,,,,,,,,,,,,,,,,,42.675686854783216,1.0809,55,11,319,153,114,39,21.398659,0,ok,logs/seed_740163.log
926974,irt_only,GHEFT,0,0.0,0,0,1,0.1755,0.1782,0.3537,,,,,,,,,,,,,,,,,43.984647213292114,1.0508,54,11,328,163,118,45,19.374514,0,ok,logs/seed_926974.log
107136,irt_only,GHEFT,0,0.0,0,0,1,0.1842,0.2107,0.3949,,,,,,,,,,,,,,,,,48.18659432624115,1.3399,59,13,338,158,105,53,17.880487,0,ok,logs/seed_107136.log
196168,irt_only,GHEFT,0,0.0,0,0,1,0.1456,0.2109,0.3565,,,,,,,,,,,,,,,,,45.9366610619469,1.2834,54,10,337,163,115,48,20.55952,0,ok,logs/seed_196168.log
760873,irt_only,GHEFT,0,0.0,0,0,1,0.1658,0.2328,0.3986,,,,,,,,,,,,,,,,,53.275675018549755,1.1478,52,11,328,149,118,31,23.241906,0,ok,logs/seed_760873.log
151030,irt_only,GHEFT,0,0.0,0,0,1,0.1679,0.2166,0.3845,,,,,,,,,,,,,,,,,37.676664886597926,1.1782,45,10,312,141,110,31,18.222021,0,ok,logs/seed_151030.log
645995,irt_only,GHEFT,0,0.0,0,0,1,0.15,0.1786,0.3286,,,,,,,,,,,,,,,,,49.99166666666667,1.1181,55,13,325,165,111,54,17.322808,0,ok,logs/seed_645995.log
60607,irt_only,GHEFT,0,0.0,0,0,1,0.1887,0.2182,0.4069,,,,,,,,,,,,,,,,,43.19322464150944,1.1377,52,12,324,160,122,38,17.125087,0,ok,logs/seed_60607.log
50707,irt_only,GHEFT,0,0.0,0,0,1,0.1849,0.2651,0.45,,,,,,,,,,,,,,,,,55.153729757785456,1.3915,42,10,306,148,113,35,17.003496,0,ok,logs/seed_50707.log
568053,irt_only,GHEFT,0,0.0,0,0,1,0.1673,0.161,0.3283,,,,,,,,,,,,,,,,,50.003936842105276,1.2238,45,11,303,155,124,31,16.527896,0,ok,logs/seed_568053.log
891927,irt_only,GHEFT,0,0.0,0,0,1,0.1572,0.1971,0.3543,,,,,,,,,,,,,,,,,51.044383920367544,1.1942,43,10,310,150,117,33,14.657358,0,ok,logs/seed_891927.log
141617,irt_only,GHEFT,0,0.0,0,0,1,0.1491,0.1824,0.3315,,,,,,,,,,,,,,,,,47.53446863905326,1.1893,48,11,303,169,130,39,16.708525,0,ok,logs/seed_141617.log
580680,irt_only,GHEFT,0,0.0,0,0,1,0.1493,0.242,0.3913,,,,,,,,,,,,,,,,,42.50897571264368,1.1174,52,12,318,154,98,56,22.86264,0,ok,logs/seed_580680.log
784503,irt_only,GHEFT,0,0.0,0,0,1,0.1716,0.2326,0.4042,,,,,,,,,,,,,,,,,50.109725260576326,1.3537,46,10,332,143,107,36,19.66436,0,ok,logs/seed_784503.log
224085,irt_only,GHEFT,0,0.0,0,0,1,0.1701,0.2105,0.3806,,,,,,,,,,,,,,,,,39.51774545454545,1.4414,40,9,306,127,90,37,14.613068,0,ok,logs/seed_224085.log
328255,irt_only,GHEFT,0,0.0,0,0,1,0.16,0.2133,0.3733,,,,,,,,,,,,,,,,,66.12115060240963,1.2561,42,9,308,137,107,30,15.32375,0,ok,logs/seed_328255.log
949566,irt_only,GHEFT,0,0.0,0,0,1,0.1934,0.2356,0.429,,,,,,,,,,,,,,,,,39.597241977800195,1.3404,41,10,311,153,112,41,14.979136,0,ok,logs/seed_949566.log
439895,irt_only,GHEFT,0,0.0,0,0,1,0.1874,0.1964,0.3838,,,,,,,,,,,,,,,,,43.83859792746113,1.0143,58,12,326,163,111,52,16.920222,0,ok,logs/seed_439895.log
504485,irt_only,GHEFT,0,0.0,0,0,1,0.1509,0.1513,0.3022,,,,,,,,,,,,,,,,,37.401647126436785,1.2753,52,13,323,163,112,51,19.052207,0,ok,logs/seed_504485.log
761223,irt_only,GHEFT,0,0.0,0,0,1,0.1627,0.2252,0.3879,,,,,,,,,,,,,,,,,54.3854852193401,1.0448,55,14,316,162,123,39,19.431573,0,ok,logs/seed_761223.log
34506,irt_only,GHEFT,0,0.0,0,0,1,0.1691,0.2198,0.3889,,,,,,,,,,,,,,,,,56.57779863013697,1.1782,54,11,338,171,128,43,19.868803,0,ok,logs/seed_34506.log
842256,irt_only,GHEFT,0,0.0,0,0,1,0.1699,0.1889,0.3588,,,,,,,,,,,,,,,,,44.52299779735683,1.1306,49,10,322,141,107,34,17.389842,0,ok,logs/seed_842256.log
264456,irt_only,GHEFT,0,0.0,0,0,1,0.1773,0.1886,0.3659,,,,,,,,,,,,,,,,,44.1623689133425,1.2003,60,13,346,181,135,46,21.398785,0,ok,logs/seed_264456.log
899949,irt_only,GHEFT,0,0.0,0,0,1,0.1766,0.2201,0.3967,,,,,,,,,,,,,,,,,42.444159105431304,1.2706,54,15,360,203,143,60,22.328962,0,ok,logs/seed_899949.log
333717,irt_only,GHEFT,0,0.0,0,0,1,0.1824,0.2004,0.3828,,,,,,,,,,,,,,,,,35.86344139393939,1.1947,52,13,322,154,112,42,17.926146,0,ok,logs/seed_333717.log
332163,irt_only,GHEFT,0,0.0,0,0,1,0.1802,0.1937,0.3739,,,,,,,,,,,,,,,,,53.42670803709429,1.0937,47,11,317,170,132,38,17.923431,0,ok,logs/seed_332163.log
509204,irt_only,GHEFT,0,0.0,0,0,1,0.1428,0.1785,0.3213,,,,,,,,,,,,,,,,,48.489086649874054,1.256,40,11,296,149,112,37,13.586086,0,ok,logs/seed_509204.log
749756,irt_only,GHEFT,0,0.0,0,0,1,0.1607,0.2257,0.3864,,,,,,,,,,,,,,,,,40.80910605686033,1.0903,51,12,321,158,113,45,17.469211,0,ok,logs/seed_749756.log
139867,irt_only,GHEFT,0,0.0,0,0,1,0.1607,0.2096,0.3703,,,,,,,,,,,,,,,,,45.00225321806299,1.0815,45,12,314,159,120,39,20.79938,0,ok,logs/seed_139867.log
571927,irt_only,GHEFT,0,0.0,0,0,1,0.1717,0.1727,0.3444,,,,,,,,,,,,,,,,,42.6944482509047,1.15,48,12,335,147,113,34,21.068965,0,ok,logs/seed_571927.log
27872,irt_only,GHEFT,0,0.0,0,0,1,0.1717,0.2649,0.4366,,,,,,,,,,,,,,,,,36.748244972577695,1.0835,53,13,318,184,125,59,17.722648,0,ok,logs/seed_27872.log
570279,irt_only,GHEFT,0,0.0,0,0,1,0.1826,0.1985,0.3811,,,,,,,,,,,,,,,,,45.43367242857143,1.2249,48,12,308,173,123,50,19.965151,0,ok,logs/seed_570279.log
245986,irt_only,GHEFT,0,0.0,0,0,1,0.1622,0.1841,0.3463,,,,,,,,,,,,,,,,,46.482844444444446,1.1095,46,9,303,142,121,21,20.239924,0,ok,logs/seed_245986.log
444289,irt_only,GHEFT,0,0.0,0,0,1,0.1607,0.2085,0.3692,,,,,,,,,,,,,,,,,49.73539467455621,1.1725,40,9,327,142,121,21,21.261933,0,ok,logs/seed_444289.log
470037,irt_only,GHEFT,0,0.0,0,0,1,0.1463,0.1769,0.3232,,,,,,,,,,,,,,,,,48.028893259207784,1.0449,39,8,288,142,117,25,17.328901,0,ok,logs/seed_470037.log
139891,irt_only,GHEFT,0,0.0,0,0,1,0.1895,0.2359,0.4254,,,,,,,,,,,,,,,,,49.39988419301165,1.3346,41,11,316,147,119,28,21.224176,0,ok,logs/seed_139891.log
42632,irt_only,GHEFT,0,0.0,0,0,1,0.1692,0.2055,0.3747,,,,,,,,,,,,,,,,,42.13500285969615,1.0514,58,12,348,181,139,42,21.782061,0,ok,logs/seed_42632.log
895786,irt_only,GHEFT,0,0.0,0,0,1,0.1865,0.1651,0.3516,,,,,,,,,,,,,,,,,42.215375035063104,1.2785,50,10,321,149,113,36,19.930819,0,ok,logs/seed_895786.log
970436,irt_only,GHEFT,0,0.0,0,0,1,0.1691,0.1831,0.3522,,,,,,,,,,,,,,,,,44.02552424242423,1.1223,47,10,309,147,129,18,19.754906,0,ok,logs/seed_970436.log
379750,irt_only,GHEFT,0,0.0,0,0,1,0.1862,0.2134,0.3996,,,,,,,,,,,,,,,,,50.54522127512128,1.4844,52,14,329,204,132,72,18.31844,0,ok,logs/seed_379750.log
653227,irt_only,GHEFT,0,0.0,0,0,1,0.1638,0.1976,0.3614,,,,,,,,,,,,,,,,,46.23029422283356,1.184,53,12,344,176,123,53,22.895392,0,ok,logs/seed_653227.log
799540,irt_only,GHEFT,0,0.0,0,0,1,0.1782,0.1802,0.3584,,,,,,,,,,,,,,,,,44.69269243876463,1.0525,52,11,343,169,129,40,19.631355,0,ok,logs/seed_799540.log
514750,irt_only,GHEFT,0,0.0,0,0,1,0.1709,0.2396,0.4105,,,,,,,,,,,,,,,,,54.406637524177945,1.313,55,12,322,170,120,50,19.445183,0,ok,logs/seed_514750.log
206242,irt_only,GHEFT,0,0.0,0,0,1,0.162,0.2177,0.3797,,,,,,,,,,,,,,,,,44.76240802139038,1.0886,58,15,339,177,118,59,22.230871,0,ok,logs/seed_206242.log
622844,irt_only,GHEFT,0,0.0,0,0,1,0.1659,0.2029,0.3688,,,,,,,,,,,,,,,,,43.52890559770115,1.0608,51,11,314,153,112,41,19.273667,0,ok,logs/seed_622844.log
366108,irt_only,GHEFT,0,0.0,0,0,1,0.1562,0.1767,0.3329,,,,,,,,,,,,,,,,,46.952327582278485,1.1767,58,14,312,168,126,42,20.961509,0,ok,logs/seed_366108.log
968837,irt_only,GHEFT,0,0.0,0,0,1,0.1546,0.1943,0.3489,,,,,,,,,,,,,,,,,49.55082452504317,1.1412,52,11,317,143,106,37,21.737359,0,ok,logs/seed_968837.log
981812,irt_only,GHEFT,0,0.0,0,0,1,0.1829,0.1676,0.3505,,,,,,,,,,,,,,,,,40.672176119402984,1.0353,47,12,290,155,124,31,12.659822,0,ok,logs/seed_981812.log
569345,irt_only,GHEFT,0,0.0,0,0,1,0.1518,0.1661,0.3179,,,,,,,,,,,,,,,,,51.719961805101384,1.4054,48,12,330,157,116,41,23.281629,0,ok,logs/seed_569345.log
861379,irt_only,GHEFT,0,0.0,0,0,1,0.1847,0.2289,0.4136,,,,,,,,,,,,,,,,,49.41098454106281,1.1141,51,11,352,175,120,55,20.237496,0,ok,logs/seed_861379.log
339822,irt_only,GHEFT,0,0.0,0,0,1,0.1708,0.2058,0.3766,,,,,,,,,,,,,,,,,45.88100000000001,1.1873,47,11,319,155,116,39,21.844041,0,ok,logs/seed_339822.log
123042,irt_only,GHEFT,0,0.0,0,0,1,0.1705,0.2269,0.3974,,,,,,,,,,,,,,,,,42.72529182156134,1.1559,63,12,366,167,134,33,19.707331,0,ok,logs/seed_123042.log
596168,irt_only,GHEFT,0,0.0,0,0,1,0.197,0.2526,0.4496,,,,,,,,,,,,,,,,,44.498921558872304,1.2006,49,12,330,170,117,53,17.137492,0,ok,logs/seed_596168.log
486023,irt_only,GHEFT,0,0.0,0,0,1,0.1733,0.2198,0.3931,,,,,,,,,,,,,,,,,39.96313818092389,1.119,54,13,335,186,140,46,17.533479,0,ok,logs/seed_486023.log
192534,irt_only,GHEFT,0,0.0,0,0,1,0.1877,0.1779,0.3656,,,,,,,,,,,,,,,,,33.374007403940894,1.2028,45,11,323,148,116,32,15.571584,0,ok,logs/seed_192534.log
658744,irt_only,GHEFT,0,0.0,0,0,1,0.1746,0.1881,0.3627,,,,,,,,,,,,,,,,,38.36901922182849,1.1697,51,11,333,139,93,46,15.211031,0,ok,logs/seed_658744.log
643336,irt_only,GHEFT,0,0.0,0,0,1,0.166,0.2207,0.3867,,,,,,,,,,,,,,,,,44.95502899246059,1.2212,41,10,301,144,113,31,15.426618,0,ok,logs/seed_643336.log
320706,irt_only,GHEFT,0,0.0,0,0,1,0.1571,0.2061,0.3632,,,,,,,,,,,,,,,,,50.27968613974799,1.2744,54,12,337,159,114,45,16.301536,0,ok,logs/seed_320706.log
314687,irt_only,GHEFT,0,0.0,0,0,1,0.1829,0.2752,0.4581,,,,,,,,,,,,,,,,,47.20434631422189,1.1873,46,9,327,146,115,31,15.212608,0,ok,logs/seed_314687.log
713744,irt_only,GHEFT,0,0.0,0,0,1,0.1732,0.2197,0.3929,,,,,,,,,,,,,,,,,56.31876016398713,1.2247,43,11,306,164,129,35,15.53876,0,ok,logs/seed_713744.log
753976,irt_only,GHEFT,0,0.0,0,0,1,0.1604,0.1912,0.3516,,,,,,,,,,,,,,,,,49.84475595390524,1.1264,48,12,311,155,99,56,13.428689,0,ok,logs/seed_753976.log
497232,irt_only,GHEFT,0,0.0,0,0,1,0.1487,0.1632,0.3119,,,,,,,,,,,,,,,,,48.940246171693744,1.1361,50,10,301,170,138,32,14.185495,0,ok,logs/seed_497232.log
49920,irt_only,GHEFT,0,0.0,0,0,1,0.186,0.1831,0.3691,,,,,,,,,,,,,,,,,39.5851746031746,1.1721,47,11,321,160,120,40,18.17641,0,ok,logs/seed_49920.log
356886,irt_only,GHEFT,0,0.0,0,0,1,0.1688,0.1987,0.3675,,,,,,,,,,,,,,,,,53.31866242038216,1.0731,48,11,316,159,123,36,18.62534,0,ok,logs/seed_356886.log
312086,irt_only,GHEFT,0,0.0,0,0,1,0.1891,0.2405,0.4296,,,,,,,,,,,,,,,,,50.98411468914456,1.1798,49,13,316,168,113,55,17.098922,0,ok,logs/seed_312086.log
476905,irt_only,GHEFT,0,0.0,0,0,1,0.1547,0.1714,0.3261,,,,,,,,,,,,,,,,,49.20608236645606,1.035,48,12,319,165,130,35,16.797766,0,ok,logs/seed_476905.log
719484,irt_only,GHEFT,0,0.0,0,0,1,0.1745,0.1946,0.3691,,,,,,,,,,,,,,,,,47.88885009461236,1.2464,55,12,336,157,98,59,19.747672,0,ok,logs/seed_719484.log
249083,irt_only,GHEFT,0,0.0,0,0,1,0.162,0.2597,0.4217,,,,,,,,,,,,,,,,,57.5418079303675,1.1725,49,13,310,163,127,36,20.208676,0,ok,logs/seed_249083.log
937244,irt_only,GHEFT,0,0.0,0,0,1,0.1621,0.1935,0.3556,,,,,,,,,,,,,,,,,44.09077358490567,1.0984,50,13,307,150,102,48,15.006334,0,ok,logs/seed_937244.log
384033,irt_only,GHEFT,0,0.0,0,0,1,0.1767,0.217,0.3937,,,,,,,,,,,,,,,,,42.94988864886516,1.4061,50,14,292,171,119,52,15.908657,0,ok,logs/seed_384033.log
961144,irt_only,GHEFT,0,0.0,0,0,1,0.1666,0.1664,0.333,,,,,,,,,,,,,,,,,54.55301571609632,1.246,51,11,340,153,124,29,19.548816,0,ok,logs/seed_961144.log
210154,irt_only,GHEFT,0,0.0,0,0,1,0.1809,0.2014,0.3823,,,,,,,,,,,,,,,,,52.46026900420756,1.1796,45,10,326,161,109,52,15.633878,0,ok,logs/seed_210154.log
851207,irt_only,GHEFT,0,0.0,0,0,1,0.18,0.2382,0.4182,,,,,,,,,,,,,,,,,39.486823545706365,1.0616,61,10,336,168,117,51,19.6426,0,ok,logs/seed_851207.log
212767,irt_only,GHEFT,0,0.0,0,0,1,0.1851,0.2567,0.4418,,,,,,,,,,,,,,,,,50.32254048964219,1.198,52,13,333,163,113,50,21.521734,0,ok,logs/seed_212767.log
678022,irt_only,GHEFT,0,0.0,0,0,1,0.1767,0.1902,0.3669,,,,,,,,,,,,,,,,,43.80106137281291,1.0894,55,12,334,167,124,43,16.239881,0,ok,logs/seed_678022.log
455592,irt_only,GHEFT,0,0.0,0,0,1,0.1489,0.1624,0.3113,,,,,,,,,,,,,,,,,42.80143937621832,1.3831,55,15,340,186,150,36,14.215982,0,ok,logs/seed_455592.log
722649,irt_only,GHEFT,0,0.0,0,0,1,0.1693,0.2191,0.3884,,,,,,,,,,,,,,,,,75.6873123603872,1.3265,57,13,330,177,128,49,16.888628,0,ok,logs/seed_722649.log
903504,irt_only,GHEFT,0,0.0,0,0,1,0.162,0.1858,0.3478,,,,,,,,,,,,,,,,,52.24148845598845,1.0538,51,12,328,175,109,66,13.805391,0,ok,logs/seed_903504.log
505056,irt_only,GHEFT,0,0.0,0,0,1,0.1593,0.1853,0.3446,,,,,,,,,,,,,,,,,47.96255767574932,1.1652,56,14,375,207,135,72,23.584458,0,ok,logs/seed_505056.log
688540,irt_only,GHEFT,0,0.0,0,0,1,0.1736,0.1722,0.3458,,,,,,,,,,,,,,,,,42.76498251093067,1.2333,50,13,348,164,119,45,16.975786,0,ok,logs/seed_688540.log
946226,irt_only,GHEFT,0,0.0,0,0,1,0.1687,0.1709,0.3396,,,,,,,,,,,,,,,,,36.350206651884704,1.0501,47,11,314,161,113,48,15.199037,0,ok,logs/seed_946226.log
661374,irt_only,GHEFT,0,0.0,0,0,1,0.1905,0.1853,0.3758,,,,,,,,,,,,,,,,,47.0444903775883,1.1425,60,13,318,183,136,47,17.334106,0,ok,logs/seed_661374.log
242135,irt_only,GHEFT,0,0.0,0,0,1,0.1862,0.2266,0.4128,,,,,,,,,,,,,,,,,44.08283753943218,1.156,53,13,322,150,118,32,16.301675,0,ok,logs/seed_242135.log
688344,irt_only,GHEFT,0,0.0,0,0,1,0.1724,0.1967,0.3691,,,,,,,,,,,,,,,,,42.64112240437159,1.0833,56,11,332,183,143,40,15.77271,0,ok,logs/seed_688344.log
676678,irt_only,GHEFT,0,0.0,0,0,1,0.1694,0.2097,0.3791,,,,,,,,,,,,,,,,,47.818299999999994,1.1112,55,13,344,193,141,52,19.547632,0,ok,logs/seed_676678.log
792505,irt_only,GHEFT,0,0.0,0,0,1,0.1839,0.185,0.3689,,,,,,,,,,,,,,,,,40.134911368909506,1.2349,52,13,329,160,119,41,14.387585,0,ok,logs/seed_792505.log
119891,irt_only,GHEFT,0,0.0,0,0,1,0.1816,0.1945,0.3761,,,,,,,,,,,,,,,,,39.33025621686747,1.0657,51,12,330,155,121,34,16.644618,0,ok,logs/seed_119891.log
929476,irt_only,GHEFT,0,0.0,0,0,1,0.1878,0.2474,0.4352,,,,,,,,,,,,,,,,,42.813263755199046,1.4076,58,13,346,181,124,57,17.656401,0,ok,logs/seed_929476.log
547221,irt_only,GHEFT,0,0.0,0,0,1,0.1769,0.2244,0.4013,,,,,,,,,,,,,,,,,44.29627967263236,1.1069,47,11,327,154,130,24,15.363519,0,ok,logs/seed_547221.log
706430,irt_only,GHEFT,0,0.0,0,0,1,0.1684,0.2143,0.3827,,,,,,,,,,,,,,,,,40.1417145631068,1.034,48,11,319,160,108,52,14.752943,0,ok,logs/seed_706430.log
637356,irt_only,GHEFT,0,0.0,0,0,1,0.1425,0.1591,0.3016,,,,,,,,,,,,,,,,,51.06938969804619,1.0953,49,12,311,169,143,26,17.106299,0,ok,logs/seed_637356.log
120701,irt_only,GHEFT,0,0.0,0,0,1,0.1704,0.2391,0.4095,,,,,,,,,,,,,,,,,47.63071862464184,1.1797,55,13,324,164,114,50,17.778397,0,ok,logs/seed_120701.log
758600,irt_only,GHEFT,0,0.0,0,0,1,0.1927,0.2322,0.4249,,,,,,,,,,,,,,,,,38.544698882681566,1.132,58,13,341,182,121,61,14.201026,0,ok,logs/seed_758600.log
201383,irt_only,GHEFT,0,0.0,0,0,1,0.1491,0.1939,0.343,,,,,,,,,,,,,,,,,45.66915145139039,1.1485,41,10,302,151,110,41,17.520837,0,ok,logs/seed_201383.log
18464,irt_only,GHEFT,0,0.0,0,0,1,0.2037,0.2649,0.4686,,,,,,,,,,,,,,,,,46.41065984911987,1.3059,48,10,323,152,98,54,13.310246,0,ok,logs/seed_18464.log
291280,irt_only,GHEFT,0,0.0,0,0,1,0.1414,0.1672,0.3086,,,,,,,,,,,,,,,,,59.42994265666265,1.1825,56,12,345,163,119,44,14.859342,0,ok,logs/seed_291280.log
869924,irt_only,GHEFT,0,0.0,0,0,1,0.1702,0.1732,0.3434,,,,,,,,,,,,,,,,,48.81073234421366,1.076,50,12,320,167,127,40,12.791561,0,ok,logs/seed_869924.log
159410,irt_only,GHEFT,0,0.0,0,0,1,0.1903,0.1833,0.3736,,,,,,,,,,,,,,,,,36.55189728183119,1.1724,56,13,330,180,121,59,15.138991,0,ok,logs/seed_159410.log
742494,irt_only,GHEFT,0,0.0,0,0,1,0.1916,0.2147,0.4063,,,,,,,,,,,,,,,,,47.0735752756694,1.0528,56,14,338,183,135,48,19.307137,0,ok,logs/seed_742494.log
597622,irt_only,GHEFT,0,0.0,0,0,1,0.172,0.2124,0.3844,,,,,,,,,,,,,,,,,50.706501,1.1778,51,12,333,202,150,52,14.950259,0,ok,logs/seed_597622.log
678698,irt_only,GHEFT,0,0.0,0,0,1,0.1909,0.2639,0.4548,,,,,,,,,,,,,,,,,43.66988920521946,1.0908,50,12,328,171,139,32,19.105336,0,ok,logs/seed_678698.log
456139,irt_only,GHEFT,0,0.0,0,0,1,0.1814,0.191,0.3724,,,,,,,,,,,,,,,,,42.41403426458504,1.2147,53,10,306,156,118,38,13.013868,0,ok,logs/seed_456139.log
992767,irt_only,GHEFT,0,0.0,0,0,1,0.1572,0.2043,0.3615,,,,,,,,,,,,,,,,,44.667700999999994,1.0877,50,12,330,177,128,49,16.287345,0,ok,logs/seed_992767.log
944808,irt_only,GHEFT,0,0.0,0,0,1,0.1627,0.2047,0.3674,,,,,,,,,,,,,,,,,50.239630501930506,1.1869,52,13,324,163,112,51,15.097327,0,ok,logs/seed_944808.log
815988,irt_only,GHEFT,0,0.0,0,0,1,0.1807,0.2076,0.3883,,,,,,,,,,,,,,,,,48.523901200480196,1.2588,65,13,323,176,136,40,11.020912,0,ok,logs/seed_815988.log
957888,irt_only,GHEFT,0,0.0,0,0,1,0.177,0.1718,0.3488,,,,,,,,,,,,,,,,,37.318379194630865,1.1702,49,11,321,156,123,33,13.383878,0,ok,logs/seed_957888.log
894642,irt_only,GHEFT,0,0.0,0,0,1,0.1557,0.2226,0.3783,,,,,,,,,,,,,,,,,45.16187087378642,1.0998,47,11,331,154,103,51,16.063464,0,ok,logs/seed_894642.log
19043,irt_only,GHEFT,0,0.0,0,0,1,0.1574,0.222,0.3794,,,,,,,,,,,,,,,,,74.58475809367296,1.4953,51,11,318,159,113,46,15.768832,0,ok,logs/seed_19043.log
333312,irt_only,GHEFT,0,0.0,0,0,1,0.157,0.1758,0.3328,,,,,,,,,,,,,,,,,48.66930830860535,1.0668,57,12,317,181,123,58,17.132539,0,ok,logs/seed_333312.log
652708,irt_only,GHEFT,0,0.0,0,0,1,0.1848,0.2742,0.459,,,,,,,,,,,,,,,,,47.30630000000001,1.1085,50,11,325,171,134,37,16.325037,0,ok,logs/seed_652708.log
484858,irt_only,GHEFT,0,0.0,0,0,1,0.1497,0.1632,0.3129,,,,,,,,,,,,,,,,,75.4152397893505,1.4262,49,13,304,168,116,52,12.403527,0,ok,logs/seed_484858.log
260711,irt_only,GHEFT,0,0.0,0,0,1,0.1687,0.2031,0.3718,,,,,,,,,,,,,,,,,41.18073023255813,1.0716,54,14,353,189,116,73,17.677909,0,ok,logs/seed_260711.log
260575,irt_only,GHEFT,0,0.0,0,0,1,0.162,0.2062,0.3682,,,,,,,,,,,,,,,,,55.08348884551032,1.4372,53,16,322,181,133,48,13.153427,0,ok,logs/seed_260575.log
814681,irt_only,GHEFT,0,0.0,0,0,1,0.1775,0.259,0.4365,,,,,,,,,,,,,,,,,41.03135185185185,1.2741,48,13,327,176,118,58,11.881483,0,ok,logs/seed_814681.log
593980,irt_only,GHEFT,0,0.0,0,0,1,0.1591,0.1626,0.3217,,,,,,,,,,,,,,,,,60.86290134228188,1.257,45,10,305,155,129,26,15.379819,0,ok,logs/seed_593980.log
784003,irt_only,GHEFT,0,0.0,0,0,1,0.176,0.1807,0.3567,,,,,,,,,,,,,,,,,48.52312456114383,1.2973,58,13,327,169,117,52,17.515259,0,ok,logs/seed_784003.log
782732,irt_only,GHEFT,0,0.0,0,0,1,0.1571,0.1586,0.3157,,,,,,,,,,,,,,,,,45.123994164456235,1.2481,45,10,298,152,114,38,13.776753,0,ok,logs/seed_782732.log
498415,irt_only,GHEFT,0,0.0,0,0,1,0.1844,0.2343,0.4187,,,,,,,,,,,,,,,,,41.708872727272734,1.2221,52,12,335,163,129,34,15.846816,0,ok,logs/seed_498415.log
433902,irt_only,GHEFT,0,0.0,0,0,1,0.183,0.2284,0.4114,,,,,,,,,,,,,,,,,42.80031340206186,1.1247,57,14,320,176,119,57,14.304148,0,ok,logs/seed_433902.log
673000,irt_only,GHEFT,0,0.0,0,0,1,0.1477,0.1882,0.3359,,,,,,,,,,,,,,,,,55.851400000000005,1.214,53,13,321,163,115,48,15.916071,0,ok,logs/seed_673000.log
797543,irt_only,GHEFT,0,0.0,0,0,1,0.1731,0.2173,0.3904,,,,,,,,,,,,,,,,,41.54766666666667,1.1625,50,13,333,166,137,29,11.250158,0,ok,logs/seed_797543.log
466915,irt_only,GHEFT,0,0.0,0,0,1,0.1693,0.1953,0.3646,,,,,,,,,,,,,,,,,41.01022857142857,1.0384,43,11,305,158,119,39,10.09689,0,ok,logs/seed_466915.log
252114,irt_only,GHEFT,0,0.0,0,0,1,0.1839,0.1983,0.3822,,,,,,,,,,,,,,,,,55.71405037783375,1.4707,45,11,318,168,122,46,11.374595,0,ok,logs/seed_252114.log
898797,irt_only,GHEFT,0,0.0,0,0,1,0.167,0.205,0.372,,,,,,,,,,,,,,,,,44.41303665640194,1.1308,51,10,343,158,112,46,13.931873,0,ok,logs/seed_898797.log
160378,irt_only,GHEFT,0,0.0,0,0,1,0.1502,0.1909,0.3411,,,,,,,,,,,,,,,,,55.69586660268714,1.4019,49,12,312,171,118,53,12.487686,0,ok,logs/seed_160378.log
627275,irt_only,GHEFT,0,0.0,0,0,1,0.161,0.1845,0.3455,,,,,,,,,,,,,,,,,52.3324641025641,1.1964,47,12,336,177,135,42,11.827223,0,ok,logs/seed_627275.log
338928,irt_only,GHEFT,0,0.0,0,0,1,0.1497,0.1674,0.3171,,,,,,,,,,,,,,,,,54.791004689480346,1.0477,50,10,326,158,113,45,14.074976,0,ok,logs/seed_338928.log
509757,irt_only,GHEFT,0,0.0,0,0,1,0.173,0.2018,0.3748,,,,,,,,,,,,,,,,,52.82815381165919,1.3051,56,11,333,165,126,39,12.888704,0,ok,logs/seed_509757.log
919077,irt_only,GHEFT,0,0.0,0,0,1,0.1501,0.1452,0.2953,,,,,,,,,,,,,,,,,69.12805714285714,1.0261,48,9,305,156,122,34,12.341343,0,ok,logs/seed_919077.log
347640,irt_only,GHEFT,0,0.0,0,0,1,0.1732,0.1982,0.3714,,,,,,,,,,,,,,,,,47.86045901639344,1.1855,54,13,316,187,145,42,10.888783,0,ok,logs/seed_347640.log
322288,irt_only,GHEFT,0,0.0,0,0,1,0.15,0.1971,0.3471,,,,,,,,,,,,,,,,,47.31541727906976,1.2398,50,12,324,171,122,49,14.002135,0,ok,logs/seed_322288.log
727120,irt_only,GHEFT,0,0.0,0,0,1,0.1704,0.2627,0.4331,,,,,,,,,,,,,,,,,41.81165572519083,1.1772,53,11,322,172,134,38,13.651151,0,ok,logs/seed_727120.log
427897,irt_only,GHEFT,0,0.0,0,0,1,0.179,0.2151,0.3941,,,,,,,,,,,,,,,,,44.295418884914476,1.3157,56,15,327,191,132,59,16.845945,0,ok,logs/seed_427897.log
734330,irt_only,GHEFT,0,0.0,0,0,1,0.1621,0.1673,0.3294,,,,,,,,,,,,,,,,,44.03846789038031,1.0262,60,12,346,169,120,49,11.658069,0,ok,logs/seed_734330.log
858654,irt_only,GHEFT,0,0.0,0,0,1,0.1485,0.1701,0.3186,,,,,,,,,,,,,,,,,42.450180428134566,1.207,52,11,331,153,122,31,15.112993,0,ok,logs/seed_858654.log
958351,irt_only,GHEFT,0,0.0,0,0,1,0.163,0.2637,0.4267,,,,,,,,,,,,,,,,,41.675019388516034,1.3496,58,14,337,156,105,51,15.975885,0,ok,logs/seed_958351.log
40504,irt_only,GHEFT,0,0.0,0,0,1,0.1745,0.2345,0.409,,,,,,,,,,,,,,,,,45.18186491228071,1.2328,59,11,340,165,116,49,14.362015,0,ok,logs/seed_40504.log
330355,irt_only,GHEFT,0,0.0,0,0,1,0.1823,0.1963,0.3786,,,,,,,,,,,,,,,,,40.850012007941764,1.1142,50,12,319,169,124,45,13.397294,0,ok,logs/seed_330355.log
497350,irt_only,GHEFT,0,0.0,0,0,1,0.1647,0.2187,0.3834,,,,,,,,,,,,,,,,,51.892843356643354,1.3763,51,12,311,175,120,55,12.470086,0,ok,logs/seed_497350.log
884312,irt_only,GHEFT,0,0.0,0,0,1,0.184,0.1892,0.3732,,,,,,,,,,,,,,,,,41.8118188703466,1.1742,47,10,308,142,108,34,10.508229,0,ok,logs/seed_884312.log
157239,irt_only,GHEFT,0,0.0,0,0,1,0.1588,0.1745,0.3333,,,,,,,,,,,,,,,,,47.360588542963896,1.202,48,11,335,156,126,30,15.446011,0,ok,logs/seed_157239.log
800522,irt_only,GHEFT,0,0.0,0,0,1,0.1695,0.1728,0.3423,,,,,,,,,,,,,,,,,47.46924444444445,1.0685,52,11,334,168,116,52,14.857902,0,ok,logs/seed_800522.log
659473,irt_only,GHEFT,0,0.0,0,0,1,0.187,0.198,0.385,,,,,,,,,,,,,,,,,61.26039662013227,1.0729,49,11,335,156,118,38,15.537192,0,ok,logs/seed_659473.log
246166,irt_only,GHEFT,0,0.0,0,0,1,0.1816,0.1866,0.3682,,,,,,,,,,,,,,,,,40.83316337402885,1.1581,47,11,317,158,115,43,12.481079,0,ok,logs/seed_246166.log
91598,irt_only,GHEFT,0,0.0,0,0,1,0.1756,0.2143,0.3899,,,,,,,,,,,,,,,,,39.818537645536864,1.0981,46,11,315,155,97,58,12.746048,0,ok,logs/seed_91598.log
197720,irt_only,GHEFT,0,0.0,0,0,1,0.1857,0.2499,0.4356,,,,,,,,,,,,,,,,,52.85472062543582,1.2511,54,12,342,188,134,54,13.83875,0,ok,logs/seed_197720.log
209503,irt_only,GHEFT,0,0.0,0,0,1,0.1729,0.2031,0.376,,,,,,,,,,,,,,,,,48.44634073556396,1.0705,51,9,336,145,107,38,14.636357,0,ok,logs/seed_209503.log
722755,irt_only,GHEFT,0,0.0,0,0,1,0.1901,0.2122,0.4023,,,,,,,,,,,,,,,,,47.35749999999999,1.3615,45,11,305,158,121,37,13.122412,0,ok,logs/seed_722755.log
161572,irt_only,GHEFT,0,0.0,0,0,1,0.1659,0.1891,0.355,,,,,,,,,,,,,,,,,44.243447081462485,1.1885,49,11,315,147,112,35,9.535198,0,ok,logs/seed_161572.log
134796,irt_only,GHEFT,0,0.0,0,0,1,0.1737,0.2243,0.398,,,,,,,,,,,,,,,,,36.9091827586207,1.0868,43,9,294,139,101,38,7.48656,0,ok,logs/seed_134796.log
183408,irt_only,GHEFT,0,0.0,0,0,1,0.1449,0.1697,0.3146,,,,,,,,,,,,,,,,,46.30383089690722,1.221,49,10,320,146,103,43,14.062599,0,ok,logs/seed_183408.log
591958,irt_only,GHEFT,0,0.0,0,0,1,0.1692,0.2014,0.3706,,,,,,,,,,,,,,,,,44.566813729128015,1.4434,52,11,314,167,117,50,13.959174,0,ok,logs/seed_591958.log
767374,irt_only,GHEFT,0,0.0,0,0,1,0.1779,0.2395,0.4174,,,,,,,,,,,,,,,,,47.479308108108114,1.3554,56,12,322,165,107,58,12.022187,0,ok,logs/seed_767374.log
718905,irt_only,GHEFT,0,0.0,0,0,1,0.1864,0.2136,0.4,,,,,,,,,,,,,,,,,48.354503062583206,1.1422,41,11,306,134,108,26,11.521058,0,ok,logs/seed_718905.log
459821,irt_only,GHEFT,0,0.0,0,0,1,0.1617,0.1806,0.3423,,,,,,,,,,,,,,,,,53.8937487804878,1.3796,54,12,348,201,149,52,14.645401,0,ok,logs/seed_459821.log
520213,irt_only,GHEFT,0,0.0,0,0,1,0.1845,0.2158,0.4003,,,,,,,,,,,,,,,,,45.787676379066475,1.1786,49,12,312,156,109,47,11.282984,0,ok,logs/seed_520213.log
779780,irt_only,GHEFT,0,0.0,0,0,1,0.1584,0.1632,0.3216,,,,,,,,,,,,,,,,,52.95803859649122,1.1443,47,12,316,163,111,52,12.896304,0,ok,logs/seed_779780.log
213946,irt_only,GHEFT,0,0.0,0,0,1,0.1655,0.1704,0.3359,,,,,,,,,,,,,,,,,41.93366329866271,1.1279,44,10,331,164,119,45,14.337649,0,ok,logs/seed_213946.log
169838,irt_only,GHEFT,0,0.0,0,0,1,0.1939,0.2272,0.4211,,,,,,,,,,,,,,,,,44.633414267643154,1.2084,51,11,331,176,136,40,12.330209,0,ok,logs/seed_169838.log
877886,irt_only,GHEFT,0,0.0,0,0,1,0.1743,0.1992,0.3735,,,,,,,,,,,,,,,,,51.41168235294116,1.015,54,12,340,162,116,46,15.128001,0,ok,logs/seed_877886.log
851849,irt_only,GHEFT,0,0.0,0,0,1,0.1779,0.2215,0.3994,,,,,,,,,,,,,,,,,42.93464591194967,1.3999,55,12,329,169,109,60,11.546412,0,ok,logs/seed_851849.log
979912,irt_only,GHEFT,0,0.0,0,0,1,0.1765,0.239,0.4155,,,,,,,,,,,,,,,,,40.67262352941177,1.1629,51,12,348,172,133,39,14.193517,0,ok,logs/seed_979912.log
694168,irt_only,GHEFT,0,0.0,0,0,1,0.1632,0.1538,0.317,,,,,,,,,,,,,,,,,41.69233325415678,1.0678,53,14,347,170,113,57,14.323895,0,ok,logs/seed_694168.log
866262,irt_only,GHEFT,0,0.0,0,0,1,0.1596,0.1819,0.3415,,,,,,,,,,,,,,,,,37.465812607449855,1.2003,45,10,309,164,120,44,9.503417,0,ok,logs/seed_866262.log
208768,irt_only,GHEFT,0,0.0,0,0,1,0.1529,0.1852,0.3381,,,,,,,,,,,,,,,,,56.954680165289254,1.1645,56,12,326,168,132,36,14.943742,0,ok,logs/seed_208768.log
23792,irt_only,GHEFT,0,0.0,0,0,1,0.1641,0.168,0.3321,,,,,,,,,,,,,,,,,45.595264190184054,1.1975,57,12,339,174,119,55,13.298029,0,ok,logs/seed_23792.log
517603,irt_only,GHEFT,0,0.0,0,0,1,0.1503,0.1526,0.3029,,,,,,,,,,,,,,,,,52.71577848537005,1.0505,47,10,309,152,127,25,13.638812,0,ok,logs/seed_517603.log
438614,irt_only,GHEFT,0,0.0,0,0,1,0.1777,0.219,0.3967,,,,,,,,,,,,,,,,,57.34793279857397,1.3811,45,9,301,155,112,43,13.017437,0,ok,logs/seed_438614.log
358432,irt_only,GHEFT,0,0.0,0,0,1,0.1457,0.1722,0.3179,,,,,,,,,,,,,,,,,40.69963265993267,1.306,45,10,324,179,129,50,9.745855,0,ok,logs/seed_358432.log
726885,irt_only,GHEFT,0,0.0,0,0,1,0.1716,0.216,0.3876,,,,,,,,,,,,,,,,,50.730904643962845,1.221,46,12,331,145,101,44,10.767494,0,ok,logs/seed_726885.log
985503,irt_only,GHEFT,0,0.0,0,0,1,0.1617,0.1818,0.3435,,,,,,,,,,,,,,,,,50.85936304654443,1.2767,49,14,315,175,128,47,13.05885,0,ok,logs/seed_985503.log
100872,irt_only,GHEFT,0,0.0,0,0,1,0.1723,0.1745,0.3468,,,,,,,,,,,,,,,,,39.27107467811159,1.0908,52,13,319,167,120,47,13.92893,0,ok,logs/seed_100872.log
571275,irt_only,GHEFT,0,0.0,0,0,1,0.1731,0.2299,0.403,,,,,,,,,,,,,,,,,43.11386184251969,1.1935,51,11,323,183,146,37,12.299827,0,ok,logs/seed_571275.log
304516,irt_only,GHEFT,0,0.0,0,0,1,0.1667,0.1589,0.3256,,,,,,,,,,,,,,,,,40.02589104116223,1.0246,47,11,344,155,114,41,12.781446,0,ok,logs/seed_304516.log
986627,irt_only,GHEFT,0,0.0,0,0,1,0.1876,0.1808,0.3684,,,,,,,,,,,,,,,,,40.426475,1.0386,52,12,314,147,112,35,10.802228,0,ok,logs/seed_986627.log
770441,irt_only,GHEFT,0,0.0,0,0,1,0.1607,0.2058,0.3665,,,,,,,,,,,,,,,,,55.28950508701471,1.2529,53,14,329,198,163,35,12.727719,0,ok,logs/seed_770441.log
153406,irt_only,GHEFT,0,0.0,0,0,1,0.1688,0.2177,0.3865,,,,,,,,,,,,,,,,,59.060870230769225,1.6265,50,9,332,175,122,53,12.987287,0,ok,logs/seed_153406.log
912001,irt_only,GHEFT,0,0.0,0,0,1,0.1542,0.1745,0.3287,,,,,,,,,,,,,,,,,45.15760319888736,1.0512,53,12,327,146,104,42,11.721264,0,ok,logs/seed_912001.log
888595,irt_only,GHEFT,0,0.0,0,0,1,0.1659,0.1808,0.3467,,,,,,,,,,,,,,,,,43.092053846153846,1.2378,48,12,317,183,141,42,11.231945,0,ok,logs/seed_888595.log
446012,irt_only,GHEFT,0,0.0,0,0,1,0.1775,0.2169,0.3944,,,,,,,,,,,,,,,,,44.72868273421926,1.2836,55,13,318,165,114,51,10.695424,0,ok,logs/seed_446012.log
93464,irt_only,GHEFT,0,0.0,0,0,1,0.1699,0.1909,0.3608,,,,,,,,,,,,,,,,,38.048411609498686,1.1599,52,14,322,170,120,50,12.313298,0,ok,logs/seed_93464.log
936641,irt_only,GHEFT,0,0.0,0,0,1,0.18,0.218,0.398,,,,,,,,,,,,,,,,,44.94957252747252,1.1291,53,11,337,168,127,41,14.199264,0,ok,logs/seed_936641.log
739948,irt_only,GHEFT,0,0.0,0,0,1,0.1445,0.1528,0.2973,,,,,,,,,,,,,,,,,38.6400208870589,1.1425,46,13,324,172,118,54,14.434379,0,ok,logs/seed_739948.log
62927,irt_only,GHEFT,0,0.0,0,0,1,0.1876,0.1931,0.3807,,,,,,,,,,,,,,,,,39.42382080924855,1.0534,48,10,320,137,91,46,13.050804,0,ok,logs/seed_62927.log
648277,irt_only,GHEFT,0,0.0,0,0,1,0.1817,0.2544,0.4361,,,,,,,,,,,,,,,,,47.578219749216295,1.201,47,11,312,147,104,43,10.092437,0,ok,logs/seed_648277.log
297455,irt_only,GHEFT,0,0.0,0,0,1,0.1662,0.1994,0.3656,,,,,,,,,,,,,,,,,46.56303915343915,1.0618,55,12,336,167,116,51,15.272733,0,ok,logs/seed_297455.log
928299,irt_only,GHEFT,0,0.0,0,0,1,0.1737,0.2211,0.3948,,,,,,,,,,,,,,,,,41.20658310708899,1.2005,52,12,331,161,107,54,11.279705,0,ok,logs/seed_928299.log
296307,irt_only,GHEFT,0,0.0,0,0,1,0.1775,0.2267,0.4042,,,,,,,,,,,,,,,,,45.68501417322835,1.312,44,12,335,169,117,52,14.753983,0,ok,logs/seed_296307.log
732766,irt_only,GHEFT,0,0.0,0,0,1,0.1839,0.1989,0.3828,,,,,,,,,,,,,,,,,51.23213995887595,1.149,50,11,313,162,126,36,11.272453,0,ok,logs/seed_732766.log
399011,irt_only,GHEFT,0,0.0,0,0,1,0.171,0.2424,0.4134,,,,,,,,,,,,,,,,,38.802507553911205,1.2831,43,12,308,172,129,43,10.827424,0,ok,logs/seed_399011.log
148624,irt_only,GHEFT,0,0.0,0,0,1,0.1726,0.2306,0.4032,,,,,,,,,,,,,,,,,42.69789330265595,1.1424,50,11,327,171,128,43,12.274104,0,ok,logs/seed_148624.log
409113,irt_only,GHEFT,0,0.0,0,0,1,0.1571,0.1875,0.3446,,,,,,,,,,,,,,,,,56.44453277591973,1.1282,52,10,319,161,122,39,11.193653,0,ok,logs/seed_409113.log
459727,irt_only,GHEFT,0,0.0,0,0,1,0.1793,0.2372,0.4165,,,,,,,,,,,,,,,,,45.335499999999996,1.1604,51,12,329,166,135,31,16.570642,0,ok,logs/seed_459727.log
144132,irt_only,GHEFT,0,0.0,0,0,1,0.1571,0.1786,0.3357,,,,,,,,,,,,,,,,,52.335289743589755,1.1553,46,12,310,150,118,32,14.125208,0,ok,logs/seed_144132.log
749046,irt_only,GHEFT,0,0.0,0,0,1,0.1556,0.1723,0.3279,,,,,,,,,,,,,,,,,44.6081875244938,1.1974,46,11,297,152,109,43,9.164904,0,ok,logs/seed_749046.log
324901,irt_only,GHEFT,0,0.0,0,0,1,0.1545,0.1752,0.3297,,,,,,,,,,,,,,,,,45.027332663316585,1.2266,52,12,339,162,107,55,13.807421,0,ok,logs/seed_324901.log
786867,irt_only,GHEFT,0,0.0,0,0,1,0.1521,0.1688,0.3209,,,,,,,,,,,,,,,,,47.235862363636365,1.1601,49,13,338,160,137,23,13.607621,0,ok,logs/seed_786867.log
760274,irt_only,GHEFT,0,0.0,0,0,1,0.1763,0.225,0.4013,,,,,,,,,,,,,,,,,52.66163450750164,1.2631,46,12,318,146,111,35,11.268264,0,ok,logs/seed_760274.log
828516,irt_only,GHEFT,0,0.0,0,0,1,0.1622,0.1568,0.319,,,,,,,,,,,,,,,,,42.657153001022884,1.0619,47,13,292,172,135,37,9.0768,0,ok,logs/seed_828516.log
583657,irt_only,GHEFT,0,0.0,0,0,1,0.1722,0.2162,0.3884,,,,,,,,,,,,,,,,,50.707648504983396,1.077,49,10,327,172,142,30,16.106737,0,ok,logs/seed_583657.log
678530,irt_only,GHEFT,0,0.0,0,0,1,0.1575,0.2009,0.3584,,,,,,,,,,,,,,,,,49.58581961375981,1.3163,49,13,319,180,128,52,13.673711,0,ok,logs/seed_678530.log
834347,irt_only,GHEFT,0,0.0,0,0,1,0.1648,0.201,0.3658,,,,,,,,,,,,,,,,,43.485152587777115,1.0954,51,11,314,158,111,47,9.781053,0,ok,logs/seed_834347.log
751299,irt_only,GHEFT,0,0.0,0,0,1,0.1614,0.1675,0.3289,,,,,,,,,,,,,,,,,43.74400066050198,1.2406,49,12,314,154,106,48,11.718077,0,ok,logs/seed_751299.log
47272,irt_only,GHEFT,0,0.0,0,0,1,0.1745,0.187,0.3615,,,,,,,,,,,,,,,,,48.383359469945354,1.2847,45,12,308,157,110,47,11.186318,0,ok,logs/seed_47272.log
302457,irt_only,GHEFT,0,0.0,0,0,1,0.1619,0.1744,0.3363,,,,,,,,,,,,,,,,,47.90043783783784,1.3333,53,10,340,176,127,49,11.746466,0,ok,logs/seed_302457.log
506952,irt_only,GHEFT,0,0.0,0,0,1,0.1886,0.1858,0.3744,,,,,,,,,,,,,,,,,36.99938367641325,1.271,52,15,308,174,128,46,10.064328,0,ok,logs/seed_506952.log
153133,irt_only,GHEFT,0,0.0,0,0,1,0.1717,0.2039,0.3756,,,,,,,,,,,,,,,,,39.7576768781911,1.0755,51,12,333,165,121,44,12.343556,0,ok,logs/seed_153133.log
470911,irt_only,GHEFT,0,0.0,0,0,1,0.1895,0.2041,0.3936,,,,,,,,,,,,,,,,,43.367570877411325,1.1914,52,12,319,153,112,41,13.463289,0,ok,logs/seed_470911.log
261338,irt_only,GHEFT,0,0.0,0,0,1,0.1686,0.1842,0.3528,,,,,,,,,,,,,,,,,50.17213178101072,1.2732,49,12,324,158,125,33,13.090553,0,ok,logs/seed_261338.log
669829,irt_only,GHEFT,0,0.0,0,0,1,0.1662,0.1927,0.3589,,,,,,,,,,,,,,,,,45.32621441737985,1.1093,44,11,310,143,120,23,12.43798,0,ok,logs/seed_669829.log
681823,irt_only,GHEFT,0,0.0,0,0,1,0.1714,0.1684,0.3398,,,,,,,,,,,,,,,,,44.725293702770784,1.224,47,13,315,171,122,49,11.283892,0,ok,logs/seed_681823.log
829532,irt_only,GHEFT,0,0.0,0,0,1,0.1675,0.1709,0.3384,,,,,,,,,,,,,,,,,36.759165397905754,1.2394,45,9,312,150,122,28,10.805912,0,ok,logs/seed_829532.log
100374,irt_only,GHEFT,0,0.0,0,0,1,0.1536,0.1715,0.3251,,,,,,,,,,,,,,,,,44.82376638655461,1.1308,55,12,345,187,134,53,13.204785,0,ok,logs/seed_100374.log
332803,irt_only,GHEFT,0,0.0,0,0,1,0.1674,0.2153,0.3827,,,,,,,,,,,,,,,,,50.82028479262674,1.1805,54,12,314,159,115,44,10.561698,0,ok,logs/seed_332803.log
857688,irt_only,GHEFT,0,0.0,0,0,1,0.1677,0.1806,0.3483,,,,,,,,,,,,,,,,,52.28206745479832,1.1236,46,10,313,157,117,40,12.04013,0,ok,logs/seed_857688.log
992778,irt_only,GHEFT,0,0.0,0,0,1,0.1715,0.2608,0.4323,,,,,,,,,,,,,,,,,41.673104903095556,1.1887,44,10,324,169,129,40,13.131049,0,ok,logs/seed_992778.log
553562,irt_only,GHEFT,0,0.0,0,0,1,0.1788,0.2067,0.3855,,,,,,,,,,,,,,,,,42.96266858006042,1.2315,47,12,322,167,111,56,11.929816,0,ok,logs/seed_553562.log
536653,irt_only,GHEFT,0,0.0,0,0,1,0.1701,0.219,0.3891,,,,,,,,,,,,,,,,,52.50979202453988,1.1379,39,11,319,147,100,47,12.633068,0,ok,logs/seed_536653.log
934999,irt_only,GHEFT,0,0.0,0,0,1,0.172,0.1743,0.3463,,,,,,,,,,,,,,,,,40.991800000000005,1.1868,49,12,329,182,141,41,11.394708,0,ok,logs/seed_934999.log
560912,irt_only,GHEFT,0,0.0,0,0,1,0.1865,0.2279,0.4144,,,,,,,,,,,,,,,,,50.55857909260539,1.1317,48,11,321,179,144,35,12.599625,0,ok,logs/seed_560912.log
474714,irt_only,GHEFT,0,0.0,0,0,1,0.1833,0.2356,0.4189,,,,,,,,,,,,,,,,,48.17303967828418,1.2306,51,10,330,163,108,55,9.78644,0,ok,logs/seed_474714.log
221092,irt_only,GHEFT,0,0.0,0,0,1,0.1519,0.1697,0.3216,,,,,,,,,,,,,,,,,41.353620359281436,1.4368,42,10,317,151,114,37,9.392756,0,ok,logs/seed_221092.log
509580,irt_only,GHEFT,0,0.0,0,0,1,0.1834,0.2014,0.3848,,,,,,,,,,,,,,,,,42.884882479784366,1.1439,42,10,299,132,100,32,10.07239,0,ok,logs/seed_509580.log
57053,irt_only,GHEFT,0,0.0,0,0,1,0.1693,0.2481,0.4174,,,,,,,,,,,,,,,,,38.072050057048024,1.2123,53,10,323,164,134,30,9.089879,0,ok,logs/seed_57053.log
928433,irt_only,GHEFT,0,0.0,0,0,1,0.1627,0.1946,0.3573,,,,,,,,,,,,,,,,,50.27303951734541,1.005,43,11,323,161,130,31,11.443649,0,ok,logs/seed_928433.log
881017,irt_only,GHEFT,0,0.0,0,0,1,0.1773,0.1979,0.3752,,,,,,,,,,,,,,,,,52.10620211640212,1.2,51,12,327,156,127,29,10.24676,0,ok,logs/seed_881017.log
892380,irt_only,GHEFT,0,0.0,0,0,1,0.173,0.2108,0.3838,,,,,,,,,,,,,,,,,43.93268084815321,1.1868,47,10,323,164,112,52,11.111674,0,ok,logs/seed_892380.log
758824,irt_only,GHEFT,0,0.0,0,0,1,0.1619,0.178,0.3399,,,,,,,,,,,,,,,,,43.427779629629626,1.1348,58,14,325,168,137,31,8.529229,0,ok,logs/seed_758824.log
551160,irt_only,GHEFT,0,0.0,0,0,1,0.1874,0.2074,0.3948,,,,,,,,,,,,,,,,,40.06277598371778,1.0741,49,11,322,152,116,36,9.259922,0,ok,logs/seed_551160.log
833352,irt_only,GHEFT,0,0.0,0,0,1,0.1638,0.1716,0.3354,,,,,,,,,,,,,,,,,43.55043736263735,1.2537,47,10,330,147,96,51,10.999058,0,ok,logs/seed_833352.log
841142,irt_only,GHEFT,0,0.0,0,0,1,0.1902,0.2218,0.412,,,,,,,,,,,,,,,,,36.52998876860622,1.1652,44,10,326,137,85,52,10.05052,0,ok,logs/seed_841142.log
484796,irt_only,GHEFT,0,0.0,0,0,1,0.1726,0.1941,0.3667,,,,,,,,,,,,,,,,,42.7809582278481,1.0464,48,12,317,145,101,44,9.902232,0,ok,logs/seed_484796.log
648201,irt_only,GHEFT,0,0.0,0,0,1,0.1654,0.1763,0.3417,,,,,,,,,,,,,,,,,51.308946808510626,1.0744,49,12,327,173,130,43,8.812645,0,ok,logs/seed_648201.log
414611,irt_only,GHEFT,0,0.0,0,0,1,0.1772,0.2217,0.3989,,,,,,,,,,,,,,,,,39.13125276461295,1.1158,44,11,318,159,118,41,9.657471,0,ok,logs/seed_414611.log
675510,irt_only,GHEFT,0,0.0,0,0,1,0.1623,0.1994,0.3617,,,,,,,,,,,,,,,,,57.1918,1.1271,47,11,322,173,127,46,8.609581,0,ok,logs/seed_675510.log
648624,irt_only,GHEFT,0,0.0,0,0,1,0.1634,0.1966,0.36,,,,,,,,,,,,,,,,,45.150177488785765,1.0876,53,12,330,190,134,56,9.947434,0,ok,logs/seed_648624.log
759693,irt_only,GHEFT,0,0.0,0,0,1,0.1802,0.1692,0.3494,,,,,,,,,,,,,,,,,49.00916967346768,1.0519,53,14,318,174,132,42,10.524525,0,ok,logs/seed_759693.log
774549,irt_only,GHEFT,0,0.0,0,0,1,0.1651,0.2413,0.4064,,,,,,,,,,,,,,,,,53.591420810313096,1.3248,47,12,338,192,126,66,11.301826,0,ok,logs/seed_774549.log
358234,irt_only,GHEFT,0,0.0,0,0,1,0.1537,0.2247,0.3784,,,,,,,,,,,,,,,,,49.96549147619048,1.2566,50,10,325,158,113,45,10.845068,0,ok,logs/seed_358234.log
601465,irt_only,GHEFT,0,0.0,0,0,1,0.199,0.1943,0.3933,,,,,,,,,,,,,,,,,38.86721687242799,1.2042,54,13,335,165,115,50,9.655907,0,ok,logs/seed_601465.log
896564,irt_only,GHEFT,0,0.0,0,0,1,0.1839,0.1726,0.3565,,,,,,,,,,,,,,,,,38.87089874055414,1.1899,45,11,342,171,136,35,9.029497,0,ok,logs/seed_896564.log
706427,irt_only,GHEFT,0,0.0,0,0,1,0.1624,0.1668,0.3292,,,,,,,,,,,,,,,,,44.937071795734205,1.2985,47,10,345,150,111,39,9.367753,0,ok,logs/seed_706427.log
677732,irt_only,GHEFT,0,0.0,0,0,1,0.1934,0.224,0.4174,,,,,,,,,,,,,,,,,42.89550839054157,1.387,50,12,318,161,120,41,9.455129,0,ok,logs/seed_677732.log
809910,irt_only,GHEFT,0,0.0,0,0,1,0.1635,0.2268,0.3903,,,,,,,,,,,,,,,,,54.86699964311206,1.3764,50,12,325,180,143,37,10.802465,0,ok,logs/seed_809910.log
309949,irt_only,GHEFT,0,0.0,0,0,1,0.1624,0.1956,0.358,,,,,,,,,,,,,,,,,36.57401721611723,1.1906,48,11,304,144,93,51,8.877452,0,ok,logs/seed_309949.log
966961,irt_only,GHEFT,0,0.0,0,0,1,0.1945,0.2523,0.4468,,,,,,,,,,,,,,,,,48.844428913443835,1.4712,41,9,297,152,103,49,8.802372,0,ok,logs/seed_966961.log
502603,irt_only,GHEFT,0,0.0,0,0,1,0.1669,0.1618,0.3287,,,,,,,,,,,,,,,,,50.61750138504156,1.0553,52,11,316,169,139,30,7.83198,0,ok,logs/seed_502603.log
896043,irt_only,GHEFT,0,0.0,0,0,1,0.1423,0.1581,0.3004,,,,,,,,,,,,,,,,,44.23702223120452,1.3424,54,10,349,162,119,43,10.410037,0,ok,logs/seed_896043.log
470910,irt_only,GHEFT,0,0.0,0,0,1,0.1559,0.1897,0.3456,,,,,,,,,,,,,,,,,37.54598505079825,1.039,43,10,297,144,105,39,7.559255,0,ok,logs/seed_470910.log
371373,irt_only,GHEFT,0,0.0,0,0,1,0.1782,0.1557,0.3339,,,,,,,,,,,,,,,,,44.853901,1.1369,49,12,312,154,123,31,7.907535,0,ok,logs/seed_371373.log
463349,irt_only,GHEFT,0,0.0,0,0,1,0.1552,0.1766,0.3318,,,,,,,,,,,,,,,,,47.51051959596714,1.3584,37,9,309,155,120,35,8.075043,0,ok,logs/seed_463349.log
736327,irt_only,GHEFT,0,0.0,0,0,1,0.1532,0.1954,0.3486,,,,,,,,,,,,,,,,,54.3960894206549,1.2282,53,11,318,158,121,37,8.544574,0,ok,logs/seed_736327.log
839398,irt_only,GHEFT,0,0.0,0,0,1,0.1611,0.1826,0.3437,,,,,,,,,,,,,,,,,48.213866393794746,1.1525,55,13,320,158,124,34,8.806594,0,ok,logs/seed_839398.log
966086,irt_only,GHEFT,0,0.0,0,0,1,0.1841,0.2209,0.405,,,,,,,,,,,,,,,,,50.27445763648929,1.378,48,13,308,155,108,47,8.420671,0,ok,logs/seed_966086.log
690129,irt_only,GHEFT,0,0.0,0,0,1,0.1876,0.1888,0.3764,,,,,,,,,,,,,,,,,51.09588979591835,1.1075,56,14,320,189,138,51,7.060235,0,ok,logs/seed_690129.log
268750,irt_only,GHEFT,0,0.0,0,0,1,0.179,0.2336,0.4126,,,,,,,,,,,,,,,,,40.05723044733045,1.2524,53,12,343,171,116,55,8.441088,0,ok,logs/seed_268750.log
918021,irt_only,GHEFT,0,0.0,0,0,1,0.1809,0.2032,0.3841,,,,,,,,,,,,,,,,,37.34648299711815,1.1187,54,10,332,146,98,48,9.825936,0,ok,logs/seed_918021.log
611051,irt_only,GHEFT,0,0.0,0,0,1,0.1713,0.1871,0.3584,,,,,,,,,,,,,,,,,41.99998620689655,1.0458,46,11,317,140,102,38,8.436981,0,ok,logs/seed_611051.log
728198,irt_only,GHEFT,0,0.0,0,0,1,0.1807,0.1699,0.3506,,,,,,,,,,,,,,,,,50.085815990453455,1.1877,46,11,331,161,117,44,9.060461,0,ok,logs/seed_728198.log
658673,irt_only,GHEFT,0,0.0,0,0,1,0.1956,0.2818,0.4774,,,,,,,,,,,,,,,,,48.65226771653543,1.1835,52,10,319,168,112,56,8.319755,0,ok,logs/seed_658673.log
357871,irt_only,GHEFT,0,0.0,0,0,1,0.1781,0.1995,0.3776,,,,,,,,,,,,,,,,,36.16643948241539,1.086,52,10,330,130,88,42,8.499059,0,ok,logs/seed_357871.log
152055,irt_only,GHEFT,0,0.0,0,0,1,0.1694,0.1871,0.3565,,,,,,,,,,,,,,,,,44.1843044620506,1.2099,57,11,334,155,105,50,7.630992,0,ok,logs/seed_152055.log
262601,irt_only,GHEFT,0,0.0,0,0,1,0.1578,0.1911,0.3489,,,,,,,,,,,,,,,,,42.62394444444445,1.2014,46,9,325,163,117,46,7.75057,0,ok,logs/seed_262601.log
629872,irt_only,GHEFT,0,0.0,0,0,1,0.1964,0.2254,0.4218,,,,,,,,,,,,,,,,,44.090917021276596,1.0523,52,13,328,178,147,31,9.01001,0,ok,logs/seed_629872.log
471208,irt_only,GHEFT,0,0.0,0,0,1,0.1812,0.1959,0.3771,,,,,,,,,,,,,,,,,49.19050943912448,1.036,51,12,324,169,139,30,9.025954,0,ok,logs/seed_471208.log
255275,irt_only,GHEFT,0,0.0,0,0,1,0.1787,0.1979,0.3766,,,,,,,,,,,,,,,,,37.32374535797666,1.2002,42,9,326,140,106,34,8.732154,0,ok,logs/seed_255275.log
730423,irt_only,GHEFT,0,0.0,0,0,1,0.1615,0.2409,0.4024,,,,,,,,,,,,,,,,,46.445699999999995,1.209,47,12,302,160,98,62,7.978439,0,ok,logs/seed_730423.log
143984,irt_only,GHEFT,0,0.0,0,0,1,0.158,0.2226,0.3806,,,,,,,,,,,,,,,,,55.77931247739601,1.2553,57,12,332,165,118,47,7.931188,0,ok,logs/seed_143984.log
395892,irt_only,GHEFT,0,0.0,0,0,1,0.1727,0.2165,0.3892,,,,,,,,,,,,,,,,,43.04726666666668,1.3602,47,11,320,149,116,33,10.150649,0,ok,logs/seed_395892.log
773877,irt_only,GHEFT,0,0.0,0,0,1,0.1435,0.2204,0.3639,,,,,,,,,,,,,,,,,42.3455,1.2944,52,11,320,152,111,41,10.231227,0,ok,logs/seed_773877.log
880174,irt_only,GHEFT,0,0.0,0,0,1,0.1765,0.2152,0.3917,,,,,,,,,,,,,,,,,51.25870092421443,1.3366,56,11,340,192,139,53,9.166529,0,ok,logs/seed_880174.log
237837,irt_only,GHEFT,0,0.0,0,0,1,0.1771,0.1832,0.3603,,,,,,,,,,,,,,,,,48.8101846153846,1.0877,53,13,333,176,127,49,10.810248,0,ok,logs/seed_237837.log
835442,irt_only,GHEFT,0,0.0,0,0,1,0.1765,0.2245,0.401,,,,,,,,,,,,,,,,,42.966043209876545,1.1427,51,11,310,152,116,36,9.382573,0,ok,logs/seed_835442.log
453398,irt_only,GHEFT,0,0.0,0,0,1,0.1761,0.252,0.4281,,,,,,,,,,,,,,,,,45.98581800680272,1.4531,49,12,317,164,119,45,8.838856,0,ok,logs/seed_453398.log
540634,irt_only,GHEFT,0,0.0,0,0,1,0.172,0.1893,0.3613,,,,,,,,,,,,,,,,,43.188819061166434,1.0907,48,11,324,152,110,42,10.434039,0,ok,logs/seed_540634.log
574410,irt_only,GHEFT,0,0.0,0,0,1,0.1852,0.1928,0.378,,,,,,,,,,,,,,,,,46.94771865793781,1.1004,49,12,312,160,108,52,6.939778,0,ok,logs/seed_574410.log
445140,irt_only,GHEFT,0,0.0,0,0,1,0.1775,0.1854,0.3629,,,,,,,,,,,,,,,,,34.61694193548387,1.1153,53,12,330,165,127,38,9.694957,0,ok,logs/seed_445140.log
264094,irt_only,GHEFT,0,0.0,0,0,1,0.1517,0.2186,0.3703,,,,,,,,,,,,,,,,,53.96606689861751,1.132,51,12,328,151,104,47,11.174714,0,ok,logs/seed_264094.log
534582,irt_only,GHEFT,0,0.0,0,0,1,0.1526,0.183,0.3356,,,,,,,,,,,,,,,,,49.06583625774754,1.2214,37,10,300,146,112,34,6.932095,0,ok,logs/seed_534582.log
26052,irt_only,GHEFT,0,0.0,0,0,1,0.1681,0.1523,0.3204,,,,,,,,,,,,,,,,,52.197675079533404,1.2218,45,11,307,149,111,38,7.557919,0,ok,logs/seed_26052.log
734749,irt_only,GHEFT,0,0.0,0,0,1,0.1778,0.1885,0.3663,,,,,,,,,,,,,,,,,47.77159952606635,1.0726,51,12,313,163,131,32,9.843229,0,ok,logs/seed_734749.log
141813,irt_only,GHEFT,0,0.0,0,0,1,0.1592,0.1876,0.3468,,,,,,,,,,,,,,,,,35.24912534562211,1.0438,46,11,317,159,132,27,9.107648,0,ok,logs/seed_141813.log
253057,irt_only,GHEFT,0,0.0,0,0,1,0.1914,0.2652,0.4566,,,,,,,,,,,,,,,,,40.467791775681334,1.1395,52,11,311,159,127,32,6.900467,0,ok,logs/seed_253057.log
862373,irt_only,GHEFT,0,0.0,0,0,1,0.1667,0.1767,0.3434,,,,,,,,,,,,,,,,,57.78493070866141,1.3656,53,11,323,160,111,49,7.518884,0,ok,logs/seed_862373.log
947420,irt_only,GHEFT,0,0.0,0,0,1,0.1565,0.1579,0.3144,,,,,,,,,,,,,,,,,50.42874137931033,1.2123,40,8,309,121,98,23,9.671595,0,ok,logs/seed_947420.log
808853,irt_only,GHEFT,0,0.0,0,0,1,0.1633,0.2309,0.3942,,,,,,,,,,,,,,,,,59.59818831341301,1.2539,47,12,321,163,121,42,7.261201,0,ok,logs/seed_808853.log
771950,irt_only,GHEFT,0,0.0,0,0,1,0.1843,0.2438,0.4281,,,,,,,,,,,,,,,,,48.312204255319145,1.2972,56,13,328,182,129,53,8.586366,0,ok,logs/seed_771950.log
198309,irt_only,GHEFT,0,0.0,0,0,1,0.1723,0.2004,0.3727,,,,,,,,,,,,,,,,,47.01619562575942,1.1733,52,12,325,174,123,51,8.320826,0,ok,logs/seed_198309.log
178238,irt_only,GHEFT,0,0.0,0,0,1,0.1893,0.225,0.4143,,,,,,,,,,,,,,,,,43.05619729272421,1.3161,52,9,335,150,109,41,8.464779,0,ok,logs/seed_178238.log
478635,irt_only,GHEFT,0,0.0,0,0,1,0.1886,0.1913,0.3799,,,,,,,,,,,,,,,,,38.137184270535045,1.2705,49,12,316,158,99,59,9.123047,0,ok,logs/seed_478635.log
665430,irt_only,GHEFT,0,0.0,0,0,1,0.1578,0.1677,0.3255,,,,,,,,,,,,,,,,,58.87146393442622,1.0177,44,13,311,176,137,39,6.725956,0,ok,logs/seed_665430.log
841802,irt_only,GHEFT,0,0.0,0,0,1,0.1537,0.2005,0.3542,,,,,,,,,,,,,,,,,44.54697909604519,1.044,49,13,320,165,104,61,7.001768,0,ok,logs/seed_841802.log
825694,irt_only,GHEFT,0,0.0,0,0,1,0.1708,0.1691,0.3399,,,,,,,,,,,,,,,,,48.27727746478873,1.0173,52,11,327,171,132,39,10.141976,0,ok,logs/seed_825694.log
407219,irt_only,GHEFT,0,0.0,0,0,1,0.1645,0.209,0.3735,,,,,,,,,,,,,,,,,55.58485553602812,1.1532,55,12,301,157,101,56,8.170232,0,ok,logs/seed_407219.log
290466,irt_only,GHEFT,0,0.0,0,0,1,0.1765,0.2126,0.3891,,,,,,,,,,,,,,,,,44.94587637231502,1.3915,53,11,335,160,109,51,10.167931,0,ok,logs/seed_290466.log
797644,irt_only,GHEFT,0,0.0,0,0,1,0.1739,0.1636,0.3375,,,,,,,,,,,,,,,,,52.305742123687274,1.2498,49,12,317,172,138,34,7.909371,0,ok,logs/seed_797644.log
9862,irt_only,GHEFT,0,0.0,0,0,1,0.1647,0.2007,0.3654,,,,,,,,,,,,,,,,,42.18255993485342,1.0962,47,12,319,157,111,46,8.020728,0,ok,logs/seed_9862.log
435679,irt_only,GHEFT,0,0.0,0,0,1,0.1702,0.2035,0.3737,,,,,,,,,,,,,,,,,48.92110047694753,1.2195,47,13,326,166,115,51,10.155407,0,ok,logs/seed_435679.log
743887,irt_only,GHEFT,0,0.0,0,0,1,0.1509,0.1713,0.3222,,,,,,,,,,,,,,,,,46.078846175243385,1.0866,51,11,336,159,133,26,9.817074,0,ok,logs/seed_743887.log
807745,irt_only,GHEFT,0,0.0,0,0,1,0.1819,0.2003,0.3822,,,,,,,,,,,,,,,,,47.17187777777779,1.0312,52,12,331,169,109,60,9.779752,0,ok,logs/seed_807745.log
893649,irt_only,GHEFT,0,0.0,0,0,1,0.1738,0.1607,0.3345,,,,,,,,,,,,,,,,,50.68171111111109,1.0711,53,11,308,178,133,45,6.301838,0,ok,logs/seed_893649.log
654989,irt_only,GHEFT,0,0.0,0,0,1,0.1864,0.1802,0.3666,,,,,,,,,,,,,,,,,43.79010419580419,1.1667,48,11,337,171,128,43,9.99792,0,ok,logs/seed_654989.log
685027,irt_only,GHEFT,0,0.0,0,0,1,0.1635,0.2512,0.4147,,,,,,,,,,,,,,,,,42.27960114942529,1.3039,53,12,333,180,129,51,9.039613,0,ok,logs/seed_685027.log
967091,irt_only,GHEFT,0,0.0,0,0,1,0.1841,0.2205,0.4046,,,,,,,,,,,,,,,,,35.903483850735434,1.1426,49,10,307,151,111,40,7.899851,0,ok,logs/seed_967091.log
541087,irt_only,GHEFT,0,0.0,0,0,1,0.1586,0.1623,0.3209,,,,,,,,,,,,,,,,,50.89494477611941,1.148,50,12,329,165,125,40,10.344715,0,ok,logs/seed_541087.log
20393,irt_only,GHEFT,0,0.0,0,0,1,0.1746,0.2207,0.3953,,,,,,,,,,,,,,,,,39.60815966228893,1.0474,51,11,322,154,124,30,8.436904,0,ok,logs/seed_20393.log
418812,irt_only,GHEFT,0,0.0,0,0,1,0.1745,0.1995,0.374,,,,,,,,,,,,,,,,,44.43198518518518,1.1502,62,15,345,179,131,48,8.388861,0,ok,logs/seed_418812.log
437790,irt_only,GHEFT,0,0.0,0,0,1,0.2086,0.2357,0.4443,,,,,,,,,,,,,,,,,48.98798077403246,1.2716,52,12,313,172,110,62,8.824623,0,ok,logs/seed_437790.log
855359,irt_only,GHEFT,0,0.0,0,0,1,0.1787,0.2163,0.395,,,,,,,,,,,,,,,,,46.426947040252564,1.2064,54,12,321,157,122,35,8.005915,0,ok,logs/seed_855359.log
510703,irt_only,GHEFT,0,0.0,0,0,1,0.1803,0.2277,0.408,,,,,,,,,,,,,,,,,43.397889273356405,1.0735,53,13,326,179,125,54,8.754087,0,ok,logs/seed_510703.log
949250,irt_only,GHEFT,0,0.0,0,0,1,0.1759,0.238,0.4139,,,,,,,,,,,,,,,,,47.63997110309278,1.4505,53,12,302,151,109,42,7.941514,0,ok,logs/seed_949250.log
123134,irt_only,GHEFT,0,0.0,0,0,1,0.1632,0.2142,0.3774,,,,,,,,,,,,,,,,,44.24242017291067,1.3257,49,11,336,165,117,48,9.458278,0,ok,logs/seed_123134.log
90939,irt_only,GHEFT,0,0.0,0,0,1,0.1615,0.1961,0.3576,,,,,,,,,,,,,,,,,49.5134439716312,1.2558,45,12,328,179,134,45,7.726028,0,ok,logs/seed_90939.log
309305,irt_only,GHEFT,0,0.0,0,0,1,0.1615,0.2073,0.3688,,,,,,,,,,,,,,,,,41.671849689441,1.1166,55,12,343,164,121,43,8.365029,0,ok,logs/seed_309305.log
329467,irt_only,GHEFT,0,0.0,0,0,1,0.1703,0.1948,0.3651,,,,,,,,,,,,,,,,,39.77622588555858,1.2828,53,12,312,161,110,51,7.934376,0,ok,logs/seed_329467.log
357848,irt_only,GHEFT,0,0.0,0,0,1,0.1688,0.1857,0.3545,,,,,,,,,,,,,,,,,40.109402285101815,1.2523,48,8,321,135,102,33,7.452671,0,ok,logs/seed_357848.log
575107,irt_only,GHEFT,0,0.0,0,0,1,0.1676,0.1741,0.3417,,,,,,,,,,,,,,,,,38.055510204081635,1.0739,58,13,334,170,117,53,9.444193,0,ok,logs/seed_575107.log
672485,irt_only,GHEFT,0,0.0,0,0,1,0.1693,0.1908,0.3601,,,,,,,,,,,,,,,,,39.67372203389831,1.2012,52,12,323,183,136,47,8.261299,0,ok,logs/seed_672485.log
454637,irt_only,GHEFT,0,0.0,0,0,1,0.1409,0.1627,0.3036,,,,,,,,,,,,,,,,,56.45497577639751,1.0916,56,12,336,167,110,57,7.619918,0,ok,logs/seed_454637.log
178460,irt_only,GHEFT,0,0.0,0,0,1,0.1602,0.1675,0.3277,,,,,,,,,,,,,,,,,51.08007006145742,1.0392,50,11,349,162,117,45,9.249778,0,ok,logs/seed_178460.log
69629,irt_only,GHEFT,0,0.0,0,0,1,0.1786,0.1992,0.3778,,,,,,,,,,,,,,,,,50.59843089214174,1.1156,43,9,324,142,107,35,8.115392,0,ok,logs/seed_69629.log
406305,irt_only,GHEFT,0,0.0,0,0,1,0.184,0.1816,0.3656,,,,,,,,,,,,,,,,,38.58051414141414,1.0377,44,10,324,130,97,33,7.456744,0,ok,logs/seed_406305.log
310214,irt_only,GHEFT,0,0.0,0,0,1,0.1755,0.2163,0.3918,,,,,,,,,,,,,,,,,35.767246442291686,1.1057,53,12,324,173,118,55,6.945558,0,ok,logs/seed_310214.log
494212,irt_only,GHEFT,0,0.0,0,0,1,0.1525,0.2105,0.363,,,,,,,,,,,,,,,,,49.56298366013071,1.0624,54,11,337,175,141,34,7.997512,0,ok,logs/seed_494212.log
413922,irt_only,GHEFT,0,0.0,0,0,1,0.1719,0.1883,0.3602,,,,,,,,,,,,,,,,,43.52187764309993,1.2818,53,12,322,172,141,31,8.109546,0,ok,logs/seed_413922.log
342318,irt_only,GHEFT,0,0.0,0,0,1,0.1616,0.1583,0.3199,,,,,,,,,,,,,,,,,46.844918522860496,1.0868,48,12,336,175,140,35,8.710116,0,ok,logs/seed_342318.log
98584,irt_only,GHEFT,0,0.0,0,0,1,0.1558,0.1909,0.3467,,,,,,,,,,,,,,,,,47.33683085880641,1.304,59,11,343,173,105,68,8.454124,0,ok,logs/seed_98584.log
300148,irt_only,GHEFT,0,0.0,0,0,1,0.1744,0.2157,0.3901,,,,,,,,,,,,,,,,,47.14298484023669,1.0393,46,10,289,144,115,29,6.293987,0,ok,logs/seed_300148.log
126455,irt_only,GHEFT,0,0.0,0,0,1,0.1666,0.1912,0.3578,,,,,,,,,,,,,,,,,37.330885906040265,1.2107,53,9,332,144,113,31,7.731995,0,ok,logs/seed_126455.log
565222,irt_only,GHEFT,0,0.0,0,0,1,0.1715,0.1895,0.361,,,,,,,,,,,,,,,,,65.4083171990172,1.2767,48,12,327,152,115,37,6.43093,0,ok,logs/seed_565222.log
239697,irt_only,GHEFT,0,0.0,0,0,1,0.1672,0.2195,0.3867,,,,,,,,,,,,,,,,,52.387805721192585,1.2283,52,12,336,158,120,38,7.356717,0,ok,logs/seed_239697.log
919700,irt_only,GHEFT,0,0.0,0,0,1,0.1858,0.2233,0.4091,,,,,,,,,,,,,,,,,42.640231559854904,1.1636,49,12,324,157,116,41,7.842403,0,ok,logs/seed_919700.log
924776,irt_only,GHEFT,0,0.0,0,0,1,0.1607,0.1378,0.2985,,,,,,,,,,,,,,,,,40.44241460674158,1.1187,53,12,307,165,134,31,6.586483,0,ok,logs/seed_924776.log
960470,irt_only,GHEFT,0,0.0,0,0,1,0.1672,0.1519,0.3191,,,,,,,,,,,,,,,,,51.40387897271268,1.1791,57,13,297,152,108,44,8.069673,0,ok,logs/seed_960470.log
8986,irt_only,GHEFT,0,0.0,0,0,1,0.169,0.2592,0.4282,,,,,,,,,,,,,,,,,40.189181409001954,1.2108,58,12,333,177,113,64,8.605702,0,ok,logs/seed_8986.log
837970,irt_only,GHEFT,0,0.0,0,0,1,0.1621,0.2137,0.3758,,,,,,,,,,,,,,,,,40.29808974809607,1.1109,62,13,332,179,129,50,7.825534,0,ok,logs/seed_837970.log
445997,irt_only,GHEFT,0,0.0,0,0,1,0.16,0.1989,0.3589,,,,,,,,,,,,,,,,,44.724369230769234,1.114,47,11,321,167,137,30,6.527489,0,ok,logs/seed_445997.log
415494,irt_only,GHEFT,0,0.0,0,0,1,0.1555,0.2091,0.3646,,,,,,,,,,,,,,,,,51.589089994079345,1.1639,42,9,318,142,113,29,5.949428,0,ok,logs/seed_415494.log
129849,irt_only,GHEFT,0,0.0,0,0,1,0.1881,0.1918,0.3799,,,,,,,,,,,,,,,,,40.04509537869063,1.2761,57,11,326,175,121,54,6.21833,0,ok,logs/seed_129849.log
708068,irt_only,GHEFT,0,0.0,0,0,1,0.1604,0.2153,0.3757,,,,,,,,,,,,,,,,,47.68498273921201,1.1675,45,12,318,147,108,39,7.006994,0,ok,logs/seed_708068.log
238574,irt_only,GHEFT,0,0.0,0,0,1,0.1693,0.192,0.3613,,,,,,,,,,,,,,,,,53.5745761174968,1.0893,44,11,316,150,121,29,7.324461,0,ok,logs/seed_238574.log
556369,irt_only,GHEFT,0,0.0,0,0,1,0.1578,0.2073,0.3651,,,,,,,,,,,,,,,,,50.559675346687214,1.5154,56,10,338,164,123,41,9.226705,0,ok,logs/seed_556369.log
100974,irt_only,GHEFT,0,0.0,0,0,1,0.1763,0.2182,0.3945,,,,,,,,,,,,,,,,,35.841696652110635,1.2893,55,11,324,158,120,38,7.099059,0,ok,logs/seed_100974.log
539817,irt_only,GHEFT,0,0.0,0,0,1,0.1758,0.2346,0.4104,,,,,,,,,,,,,,,,,39.29060564145658,1.0117,55,14,315,184,133,51,7.68745,0,ok,logs/seed_539817.log
877980,irt_only,GHEFT,0,0.0,0,0,1,0.1777,0.1922,0.3699,,,,,,,,,,,,,,,,,37.37040173761946,1.0475,45,9,327,160,124,36,7.685139,0,ok,logs/seed_877980.log
104840,irt_only,GHEFT,0,0.0,0,0,1,0.1745,0.1833,0.3578,,,,,,,,,,,,,,,,,55.14240000000001,1.0703,50,12,306,152,101,51,6.782452,0,ok,logs/seed_104840.log
17893,irt_only,GHEFT,0,0.0,0,0,1,0.1647,0.174,0.3387,,,,,,,,,,,,,,,,,47.115459740259745,1.1081,57,12,334,181,131,50,8.956893,0,ok,logs/seed_17893.log
915164,irt_only,GHEFT,0,0.0,0,0,1,0.1669,0.1935,0.3604,,,,,,,,,,,,,,,,,42.4906818336163,1.3331,49,11,333,162,110,52,8.435619,0,ok,logs/seed_915164.log
423820,irt_only,GHEFT,0,0.0,0,0,1,0.1949,0.2869,0.4818,,,,,,,,,,,,,,,,,56.25749999999998,1.1593,49,11,307,170,112,58,6.501486,0,ok,logs/seed_423820.log
27065,irt_only,GHEFT,0,0.0,0,0,1,0.1563,0.2044,0.3607,,,,,,,,,,,,,,,,,40.26720539811066,1.0657,58,11,333,159,113,46,7.639882,0,ok,logs/seed_27065.log
437214,irt_only,GHEFT,0,0.0,0,0,1,0.163,0.2369,0.3999,,,,,,,,,,,,,,,,,50.46267557411274,1.351,48,9,350,170,134,36,8.261065,0,ok,logs/seed_437214.log
832443,irt_only,GHEFT,0,0.0,0,0,1,0.1607,0.1631,0.3238,,,,,,,,,,,,,,,,,60.01111578382149,1.1029,58,13,333,200,150,50,7.993671,0,ok,logs/seed_832443.log
193554,irt_only,GHEFT,0,0.0,0,0,1,0.1853,0.1729,0.3582,,,,,,,,,,,,,,,,,42.610354685494215,1.1645,51,13,337,167,140,27,7.644886,0,ok,logs/seed_193554.log
312935,irt_only,GHEFT,0,0.0,0,0,1,0.1654,0.239,0.4044,,,,,,,,,,,,,,,,,45.217826086956514,1.5689,48,10,333,154,100,54,6.938694,0,ok,logs/seed_312935.log
518996,irt_only,GHEFT,0,0.0,0,0,1,0.1538,0.19,0.3438,,,,,,,,,,,,,,,,,60.43344856230033,1.0088,52,13,322,160,123,37,6.359608,0,ok,logs/seed_518996.log
94901,irt_only,GHEFT,0,0.0,0,0,1,0.178,0.1962,0.3742,,,,,,,,,,,,,,,,,44.95711016949153,1.0248,47,12,319,136,109,27,7.274578,0,ok,logs/seed_94901.log
960816,irt_only,GHEFT,0,0.0,0,0,1,0.1696,0.191,0.3606,,,,,,,,,,,,,,,,,56.29845899859435,1.2322,47,12,319,163,120,43,5.58324,0,ok,logs/seed_960816.log
171234,irt_only,GHEFT,0,0.0,0,0,1,0.1744,0.2145,0.3889,,,,,,,,,,,,,,,,,39.8039705667276,1.0751,45,11,322,142,119,23,7.853483,0,ok,logs/seed_171234.log
448214,irt_only,GHEFT,0,0.0,0,0,1,0.1865,0.2355,0.422,,,,,,,,,,,,,,,,,55.797579648974676,1.3872,54,14,341,190,132,58,7.884527,0,ok,logs/seed_448214.log
752309,irt_only,GHEFT,0,0.0,0,0,1,0.1749,0.2396,0.4145,,,,,,,,,,,,,,,,,40.88383075204766,1.0137,56,11,333,153,117,36,7.456907,0,ok,logs/seed_752309.log
398469,irt_only,GHEFT,0,0.0,0,0,1,0.1626,0.2499,0.4125,,,,,,,,,,,,,,,,,43.24605363984674,1.1053,50,11,302,128,94,34,6.010432,0,ok,logs/seed_398469.log
345867,irt_only,GHEFT,0,0.0,0,0,1,0.1633,0.15,0.3133,,,,,,,,,,,,,,,,,43.58988293838862,1.0831,55,11,336,179,143,36,6.774984,0,ok,logs/seed_345867.log
434909,irt_only,GHEFT,0,0.0,0,0,1,0.1793,0.1909,0.3702,,,,,,,,,,,,,,,,,51.52902982468811,1.0083,49,11,308,174,133,41,6.120581,0,ok,logs/seed_434909.log
618745,irt_only,GHEFT,0,0.0,0,0,1,0.1599,0.2055,0.3654,,,,,,,,,,,,,,,,,41.27856202166848,1.1057,53,12,334,161,110,51,6.987228,0,ok,logs/seed_618745.log
86680,irt_only,GHEFT,0,0.0,0,0,1,0.1731,0.2507,0.4238,,,,,,,,,,,,,,,,,51.40842558139535,1.3618,47,11,302,155,111,44,6.965876,0,ok,logs/seed_86680.log
406773,irt_only,GHEFT,0,0.0,0,0,1,0.1854,0.2313,0.4167,,,,,,,,,,,,,,,,,48.36973096254681,1.1939,51,12,335,167,128,39,6.87561,0,ok,logs/seed_406773.log
953452,irt_only,GHEFT,0,0.0,0,0,1,0.1825,0.1687,0.3512,,,,,,,,,,,,,,,,,41.99696762546353,1.1984,59,13,335,164,116,48,6.527674,0,ok,logs/seed_953452.log
869272,irt_only,GHEFT,0,0.0,0,0,1,0.1896,0.2047,0.3943,,,,,,,,,,,,,,,,,52.96861987281398,1.2623,44,10,303,149,98,51,6.145796,0,ok,logs/seed_869272.log
215885,irt_only,GHEFT,0,0.0,0,0,1,0.1617,0.1692,0.3309,,,,,,,,,,,,,,,,,41.75632068965517,1.0382,53,13,330,168,135,33,6.991524,0,ok,logs/seed_215885.log
996183,irt_only,GHEFT,0,0.0,0,0,1,0.1819,0.2145,0.3964,,,,,,,,,,,,,,,,,49.57435905673274,1.2897,46,11,299,153,123,30,6.304019,0,ok,logs/seed_996183.log
310239,irt_only,GHEFT,0,0.0,0,0,1,0.1819,0.2182,0.4001,,,,,,,,,,,,,,,,,57.364026877040274,1.4719,51,12,321,159,120,39,6.556232,0,ok,logs/seed_310239.log
819226,irt_only,GHEFT,0,0.0,0,0,1,0.1813,0.2655,0.4468,,,,,,,,,,,,,,,,,51.21537947406866,1.3966,52,11,320,156,112,44,7.026138,0,ok,logs/seed_819226.log
253184,irt_only,GHEFT,0,0.0,0,0,1,0.183,0.2629,0.4459,,,,,,,,,,,,,,,,,41.68572645590683,1.1212,49,13,303,160,112,48,6.930927,0,ok,logs/seed_253184.log
832005,irt_only,GHEFT,0,0.0,0,0,1,0.1342,0.1589,0.2931,,,,,,,,,,,,,,,,,49.82402137628112,1.1472,46,11,319,147,115,32,7.511567,0,ok,logs/seed_832005.log
623964,irt_only,GHEFT,0,0.0,0,0,1,0.1578,0.1924,0.3502,,,,,,,,,,,,,,,,,42.32529845559846,1.2385,47,10,317,155,108,47,6.050521,0,ok,logs/seed_623964.log
57627,irt_only,GHEFT,0,0.0,0,0,1,0.1535,0.1655,0.319,,,,,,,,,,,,,,,,,52.82556833114323,1.0659,51,12,328,170,116,54,7.382004,0,ok,logs/seed_57627.log
185144,irt_only,GHEFT,0,0.0,0,0,1,0.1624,0.1737,0.3361,,,,,,,,,,,,,,,,,44.25927932011332,1.3019,51,13,301,153,96,57,6.020341,0,ok,logs/seed_185144.log
642703,irt_only,GHEFT,0,0.0,0,0,1,0.1648,0.2419,0.4067,,,,,,,,,,,,,,,,,44.082424680210686,1.1577,46,11,331,165,110,55,7.099171,0,ok,logs/seed_642703.log
904483,irt_only,GHEFT,0,0.0,0,0,1,0.1573,0.1977,0.355,,,,,,,,,,,,,,,,,44.77709999999999,1.2173,54,10,333,165,116,49,8.781005,0,ok,logs/seed_904483.log
90576,irt_only,GHEFT,0,0.0,0,0,1,0.1755,0.2064,0.3819,,,,,,,,,,,,,,,,,44.46782494014962,1.1881,59,15,329,175,124,51,7.721899,0,ok,logs/seed_90576.log
613945,irt_only,GHEFT,0,0.0,0,0,1,0.1846,0.2511,0.4357,,,,,,,,,,,,,,,,,44.21622892124421,1.2404,51,15,325,171,124,47,7.79596,0,ok,logs/seed_613945.log
703583,irt_only,GHEFT,0,0.0,0,0,1,0.1727,0.233,0.4057,,,,,,,,,,,,,,,,,40.122441514536845,1.4053,50,12,326,162,113,49,7.250151,0,ok,logs/seed_703583.log
666965,irt_only,GHEFT,0,0.0,0,0,1,0.1641,0.195,0.3591,,,,,,,,,,,,,,,,,47.016809521977805,1.2838,56,12,327,170,133,37,7.292873,0,ok,logs/seed_666965.log
78867,irt_only,GHEFT,0,0.0,0,0,1,0.1708,0.1607,0.3315,,,,,,,,,,,,,,,,,44.95987971793149,1.1089,51,13,327,159,119,40,7.200569,0,ok,logs/seed_78867.log
249211,irt_only,GHEFT,0,0.0,0,0,1,0.1764,0.2293,0.4057,,,,,,,,,,,,,,,,,58.92841457725949,1.3952,53,13,345,159,122,37,7.614088,0,ok,logs/seed_249211.log
993304,irt_only,GHEFT,0,0.0,0,0,1,0.1867,0.2409,0.4276,,,,,,,,,,,,,,,,,40.743773473867584,1.169,54,11,337,158,109,49,8.060253,0,ok,logs/seed_993304.log
677640,irt_only,GHEFT,0,0.0,0,0,1,0.1727,0.1552,0.3279,,,,,,,,,,,,,,,,,36.929052416122005,1.0729,51,11,351,138,93,45,7.792417,0,ok,logs/seed_677640.log
807304,irt_only,GHEFT,0,0.0,0,0,1,0.1598,0.2135,0.3733,,,,,,,,,,,,,,,,,41.450378927911274,1.256,58,12,326,183,112,71,6.628711,0,ok,logs/seed_807304.log
901569,irt_only,GHEFT,0,0.0,0,0,1,0.1583,0.2253,0.3836,,,,,,,,,,,,,,,,,46.96472590748422,1.082,55,11,339,174,119,55,7.685199,0,ok,logs/seed_901569.log
578684,irt_only,GHEFT,0,0.0,0,0,1,0.1627,0.2284,0.3911,,,,,,,,,,,,,,,,,56.16069877949552,1.4166,50,13,314,168,133,35,7.027399,0,ok,logs/seed_578684.log
40789,irt_only,GHEFT,0,0.0,0,0,1,0.1623,0.2436,0.4059,,,,,,,,,,,,,,,,,51.01931965471448,1.4316,46,10,318,140,102,38,7.326292,0,ok,logs/seed_40789.log
514538,irt_only,GHEFT,0,0.0,0,0,1,0.146,0.2129,0.3589,,,,,,,,,,,,,,,,,51.15940105540896,1.2766,43,10,291,144,111,33,6.170713,0,ok,logs/seed_514538.log
578723,irt_only,GHEFT,0,0.0,0,0,1,0.1683,0.2284,0.3967,,,,,,,,,,,,,,,,,49.99655470383275,1.331,56,12,321,178,132,46,6.56156,0,ok,logs/seed_578723.log
628956,irt_only,GHEFT,0,0.0,0,0,1,0.187,0.2146,0.4016,,,,,,,,,,,,,,,,,45.99267329737019,1.1004,60,12,337,181,134,47,6.22624,0,ok,logs/seed_628956.log
780144,irt_only,GHEFT,0,0.0,0,0,1,0.1796,0.1899,0.3695,,,,,,,,,,,,,,,,,38.76633945578232,1.0632,45,10,326,157,103,54,7.011845,0,ok,logs/seed_780144.log
334837,irt_only,GHEFT,0,0.0,0,0,1,0.1661,0.1757,0.3418,,,,,,,,,,,,,,,,,39.66116034236805,1.0387,52,12,307,156,120,36,6.544479,0,ok,logs/seed_334837.log
891279,irt_only,GHEFT,0,0.0,0,0,1,0.1598,0.216,0.3758,,,,,,,,,,,,,,,,,49.93543753603034,1.4539,47,10,332,165,125,40,7.01768,0,ok,logs/seed_891279.log
345873,irt_only,GHEFT,0,0.0,0,0,1,0.1873,0.2079,0.3952,,,,,,,,,,,,,,,,,40.423462069836546,1.0732,45,10,307,153,129,24,6.165642,0,ok,logs/seed_345873.log
623016,irt_only,GHEFT,0,0.0,0,0,1,0.1983,0.28,0.4783,,,,,,,,,,,,,,,,,45.93662298624755,1.4993,55,13,314,180,122,58,8.522929,0,ok,logs/seed_623016.log
956557,irt_only,GHEFT,0,0.0,0,0,1,0.1722,0.1872,0.3594,,,,,,,,,,,,,,,,,42.072951621384746,1.21,53,14,316,164,126,38,6.920182,0,ok,logs/seed_956557.log
911304,irt_only,GHEFT,0,0.0,0,0,1,0.1549,0.1849,0.3398,,,,,,,,,,,,,,,,,49.39858070765262,1.1729,56,13,342,196,156,40,6.98139,0,ok,logs/seed_911304.log
468687,irt_only,GHEFT,0,0.0,0,0,1,0.1659,0.1955,0.3614,,,,,,,,,,,,,,,,,44.876027297668045,1.4127,45,11,318,164,114,50,6.90569,0,ok,logs/seed_468687.log
312412,irt_only,GHEFT,0,0.0,0,0,1,0.1715,0.1724,0.3439,,,,,,,,,,,,,,,,,65.47895456919062,1.1637,38,9,278,144,107,37,6.057,0,ok,logs/seed_312412.log
111575,irt_only,GHEFT,0,0.0,0,0,1,0.1545,0.2101,0.3646,,,,,,,,,,,,,,,,,48.84555223665223,1.2464,50,10,327,139,94,45,7.742609,0,ok,logs/seed_111575.log
974625,irt_only,GHEFT,0,0.0,0,0,1,0.1911,0.1984,0.3895,,,,,,,,,,,,,,,,,32.32593630731102,1.0348,45,10,333,134,109,25,7.645258,0,ok,logs/seed_974625.log
281753,irt_only,GHEFT,0,0.0,0,0,1,0.1695,0.2397,0.4092,,,,,,,,,,,,,,,,,54.605733258173615,1.2665,51,11,333,166,121,45,7.224037,0,ok,logs/seed_281753.log
844027,irt_only,GHEFT,0,0.0,0,0,1,0.1708,0.1792,0.35,,,,,,,,,,,,,,,,,59.42160981595092,1.447,43,13,297,155,116,39,7.321298,0,ok,logs/seed_844027.log
631749,irt_only,GHEFT,0,0.0,0,0,1,0.1632,0.1794,0.3426,,,,,,,,,,,,,,,,,57.303012964311726,1.2821,46,11,326,169,131,38,6.460303,0,ok,logs/seed_631749.log
126909,irt_only,GHEFT,0,0.0,0,0,1,0.174,0.1794,0.3534,,,,,,,,,,,,,,,,,37.78970661478599,1.0578,54,12,329,176,127,49,5.929435,0,ok,logs/seed_126909.log
347245,irt_only,GHEFT,0,0.0,0,0,1,0.1643,0.24,0.4043,,,,,,,,,,,,,,,,,43.494755639097754,1.0901,53,12,348,172,106,66,6.732399,0,ok,logs/seed_347245.log
932428,irt_only,GHEFT,0,0.0,0,0,1,0.1867,0.198,0.3847,,,,,,,,,,,,,,,,,40.572574150787084,1.139,54,13,325,176,136,40,6.903895,0,ok,logs/seed_932428.log
543938,irt_only,GHEFT,0,0.0,0,0,1,0.1746,0.2275,0.4021,,,,,,,,,,,,,,,,,55.36877227997228,1.4125,55,11,303,146,101,45,5.127577,0,ok,logs/seed_543938.log
83676,irt_only,GHEFT,0,0.0,0,0,1,0.1843,0.1914,0.3757,,,,,,,,,,,,,,,,,42.46254473684211,1.0837,54,12,324,168,133,35,6.591027,0,ok,logs/seed_83676.log
150986,irt_only,GHEFT,0,0.0,0,0,1,0.1518,0.1903,0.3421,,,,,,,,,,,,,,,,,49.54795377777777,1.3188,41,10,298,145,119,26,5.702221,0,ok,logs/seed_150986.log
661946,irt_only,GHEFT,0,0.0,0,0,1,0.1429,0.1655,0.3084,,,,,,,,,,,,,,,,,54.96991458046768,1.215,47,12,312,157,115,42,5.09537,0,ok,logs/seed_661946.log
328690,irt_only,GHEFT,0,0.0,0,0,1,0.1532,0.1742,0.3274,,,,,,,,,,,,,,,,,50.23985454545454,1.4012,45,12,305,154,116,38,5.794525,0,ok,logs/seed_328690.log
333147,irt_only,GHEFT,0,0.0,0,0,1,0.1648,0.158,0.3228,,,,,,,,,,,,,,,,,40.15254357366771,1.0745,48,11,332,167,128,39,5.361229,0,ok,logs/seed_333147.log
880442,irt_only,GHEFT,0,0.0,0,0,1,0.1699,0.2306,0.4005,,,,,,,,,,,,,,,,,39.395481557312905,1.0915,60,14,326,202,130,72,4.80283,0,ok,logs/seed_880442.log
790811,irt_only,GHEFT,0,0.0,0,0,1,0.1703,0.1659,0.3362,,,,,,,,,,,,,,,,,39.55937896571761,1.2286,54,14,349,185,137,48,6.965213,0,ok,logs/seed_790811.log
894789,irt_only,GHEFT,0,0.0,0,0,1,0.1957,0.185,0.3807,,,,,,,,,,,,,,,,,43.155762235067435,1.1487,60,12,301,168,130,38,4.739978,0,ok,logs/seed_894789.log
774609,irt_only,GHEFT,0,0.0,0,0,1,0.1684,0.166,0.3344,,,,,,,,,,,,,,,,,37.41131090487239,1.1836,54,14,338,173,116,57,6.236996,0,ok,logs/seed_774609.log
938046,irt_only,GHEFT,0,0.0,0,0,1,0.1706,0.2092,0.3798,,,,,,,,,,,,,,,,,50.23938947368421,1.0941,41,10,335,177,137,40,6.070303,0,ok,logs/seed_938046.log
679612,irt_only,GHEFT,0,0.0,0,0,1,0.1664,0.2302,0.3966,,,,,,,,,,,,,,,,,44.140784358523725,1.1507,41,11,310,163,95,68,4.952502,0,ok,logs/seed_679612.log
718594,irt_only,GHEFT,0,0.0,0,0,1,0.185,0.2004,0.3854,,,,,,,,,,,,,,,,,48.947929952203935,1.2222,40,11,280,151,120,31,4.234915,0,ok,logs/seed_718594.log
453524,irt_only,GHEFT,0,0.0,0,0,1,0.1356,0.2346,0.3702,,,,,,,,,,,,,,,,,50.42567988394585,1.5447,51,11,313,148,93,55,5.740946,0,ok,logs/seed_453524.log
690475,irt_only,GHEFT,0,0.0,0,0,1,0.1763,0.2472,0.4235,,,,,,,,,,,,,,,,,49.57796729213482,1.4672,49,10,316,149,112,37,5.728235,0,ok,logs/seed_690475.log
276650,irt_only,GHEFT,0,0.0,0,0,1,0.1715,0.2178,0.3893,,,,,,,,,,,,,,,,,43.367709410968175,1.0638,48,11,315,164,133,31,6.195643,0,ok,logs/seed_276650.log
117981,irt_only,GHEFT,0,0.0,0,0,1,0.1813,0.261,0.4423,,,,,,,,,,,,,,,,,42.21703249370276,1.2994,51,12,328,160,98,62,6.288634,0,ok,logs/seed_117981.log
120348,irt_only,GHEFT,0,0.0,0,0,1,0.1765,0.2265,0.403,,,,,,,,,,,,,,,,,43.48090223285487,1.1626,47,10,316,158,118,40,6.759416,0,ok,logs/seed_120348.log
554439,irt_only,GHEFT,0,0.0,0,0,1,0.1649,0.1892,0.3541,,,,,,,,,,,,,,,,,48.194823612261814,1.0748,56,12,347,181,146,35,6.072507,0,ok,logs/seed_554439.log
686198,irt_only,GHEFT,0,0.0,0,0,1,0.158,0.251,0.409,,,,,,,,,,,,,,,,,46.010968613138694,1.2947,48,10,324,141,94,47,6.403504,0,ok,logs/seed_686198.log
823177,irt_only,GHEFT,0,0.0,0,0,1,0.162,0.2358,0.3978,,,,,,,,,,,,,,,,,43.42701908396947,1.1717,56,14,331,182,128,54,5.904884,0,ok,logs/seed_823177.log
687817,irt_only,GHEFT,0,0.0,0,0,1,0.1712,0.2053,0.3765,,,,,,,,,,,,,,,,,44.0402,1.2323,50,11,346,149,108,41,6.530864,0,ok,logs/seed_687817.log
430187,irt_only,GHEFT,0,0.0,0,0,1,0.1666,0.1684,0.335,,,,,,,,,,,,,,,,,50.04750347441567,1.0948,48,10,313,154,111,43,4.565096,0,ok,logs/seed_430187.log
782746,irt_only,GHEFT,0,0.0,0,0,1,0.1689,0.2009,0.3698,,,,,,,,,,,,,,,,,42.3726839220463,1.1869,50,11,305,139,89,50,4.82846,0,ok,logs/seed_782746.log
