seed,scenario,bucket_index,composition,variant,variant_display_label,gheft_gate,gheft_tolerance,gheft_comp_gate,gheft_drt_gate,gheft_irt_gate,ccr_data,idr_image,nccr_total,dheft_makespan,dheft_slr,dheft_vcpus,dheft_hosts,dheft_instances,dheft_image_dl_total,dheft_image_from_repo,dheft_image_from_host,nheft_makespan,nheft_slr,nheft_vcpus,nheft_hosts,nheft_instances,nheft_image_dl_total,nheft_image_from_repo,nheft_image_from_host,gheft_makespan,gheft_slr,gheft_vcpus,gheft_hosts,gheft_instances,gheft_image_dl_total,gheft_image_from_repo,gheft_image_from_host,time_sec,return_code,status,log_file
741896,e08y,8,y,baseline_plus_gheft,DHEFT/NHEFT/GHEFT,IRT-only,0.0,0,0,1,3.4944,4.0295,7.5239,226.20069999999998,6.9451,16,3,188,50,38,12,127.73096423825598,3.9217,40,9,298,152,79,73,140.9037098428494,4.3262,24,9,249,125,66,59,9.066312,0,ok,logs/seed_741896.log
430515,e08y,8,y,baseline_plus_gheft,DHEFT/NHEFT/GHEFT,IRT-only,0.0,0,0,1,3.3341,4.2156,7.5497,209.45850000000004,5.2266,17,6,159,61,32,29,131.46487812971344,3.2804,36,9,289,146,75,71,181.6522871794871,4.5328,23,9,258,127,67,60,8.058201,0,ok,logs/seed_430515.log
888075,e08y,8,y,baseline_plus_gheft,DHEFT/NHEFT/GHEFT,IRT-only,0.0,0,0,1,3.3213,3.7405,7.0618,185.9913,4.8219,26,9,202,66,33,33,134.22904794517206,3.48,39,12,313,151,83,68,138.1075589083954,3.5805,29,10,265,156,85,71,9.748111,0,ok,logs/seed_888075.log
914983,e08y,8,y,baseline_plus_gheft,DHEFT/NHEFT/GHEFT,IRT-only,0.0,0,0,1,3.7833,4.8195,8.6028,236.83450000000005,6.6617,17,3,193,55,38,17,133.9292107137644,3.7671,29,8,221,109,59,50,152.76954491702813,4.2971,20,8,229,118,64,54,8.000423,0,ok,logs/seed_914983.log
997971,e08y,8,y,baseline_plus_gheft,DHEFT/NHEFT/GHEFT,IRT-only,0.0,0,0,1,3.3512,3.5446,6.8958,179.661,6.0915,16,4,178,55,37,18,145.11007326066357,4.92,45,10,319,157,81,76,156.1955404980341,5.2959,24,10,241,159,83,76,9.306545,0,ok,logs/seed_997971.log
747642,e08y,8,y,baseline_plus_gheft,DHEFT/NHEFT/GHEFT,IRT-only,0.0,0,0,1,2.9472,3.3328,6.28,216.15409999999994,4.8872,20,6,189,69,41,28,129.74714817306577,2.9336,39,10,301,149,73,76,145.49113667308922,3.2895,25,9,267,139,73,66,8.754285,0,ok,logs/seed_747642.log
664527,e08y,8,y,baseline_plus_gheft,DHEFT/NHEFT/GHEFT,IRT-only,0.0,0,0,1,3.2955,4.7943,8.0898,226.44799999999998,5.5072,23,9,192,81,40,41,147.0412849417862,3.576,40,10,309,160,80,80,148.26866052207814,3.6059,26,10,250,157,81,76,13.143264,0,ok,logs/seed_664527.log
760044,e08y,8,y,baseline_plus_gheft,DHEFT/NHEFT/GHEFT,IRT-only,0.0,0,0,1,2.8958,3.4002,6.296,255.56,4.8516,29,10,207,93,40,53,150.9071761543093,2.8648,39,10,295,158,86,72,153.518250317806,2.9144,23,9,252,151,91,60,10.234281,0,ok,logs/seed_760044.log
215549,e08y,8,y,baseline_plus_gheft,DHEFT/NHEFT/GHEFT,IRT-only,0.0,0,0,1,3.2632,4.3592,7.6224,194.5213,5.5548,15,5,171,49,32,17,144.79565741608292,4.1348,40,10,306,133,67,66,162.079958781362,4.6284,23,10,262,162,80,82,9.883513,0,ok,logs/seed_215549.log
370191,e08y,8,y,baseline_plus_gheft,DHEFT/NHEFT/GHEFT,IRT-only,0.0,0,0,1,3.117,4.0562,7.1732,213.26,6.0219,19,5,216,43,29,14,159.21687119983366,4.4959,41,9,303,128,69,59,167.50083471582178,4.7298,28,9,279,145,79,66,10.686976,0,ok,logs/seed_370191.log
296947,e08y,8,y,baseline_plus_gheft,DHEFT/NHEFT/GHEFT,IRT-only,0.0,0,0,1,2.8949,4.2772,7.1721,270.9592999999999,5.9756,20,5,185,68,41,27,166.85298043751123,3.6797,37,8,285,143,77,66,168.97866335444198,3.7266,22,8,255,143,82,61,8.84371,0,ok,logs/seed_296947.log
963598,e08y,8,y,baseline_plus_gheft,DHEFT/NHEFT/GHEFT,IRT-only,0.0,0,0,1,3.4178,4.1955,7.6133,224.09720000000004,5.8371,25,6,188,65,37,28,142.49309915715162,3.7115,36,10,294,146,79,67,140.99892994942942,3.6726,25,10,257,128,71,57,9.022763,0,ok,logs/seed_963598.log
388451,e08y,8,y,baseline_plus_gheft,DHEFT/NHEFT/GHEFT,IRT-only,0.0,0,0,1,3.2062,4.087,7.2932,188.42949999999996,5.0231,19,8,194,61,35,26,135.88020239147448,3.6223,35,8,275,112,64,48,180.2475079496377,4.805,24,8,259,130,78,52,8.286687,0,ok,logs/seed_388451.log
602873,e08y,8,y,baseline_plus_gheft,DHEFT/NHEFT/GHEFT,IRT-only,0.0,0,0,1,3.0333,3.6263,6.6596,222.40919999999997,4.5977,23,7,175,69,35,34,148.1612061990212,3.0628,38,8,273,123,72,51,151.66513332765908,3.1353,22,8,251,139,81,58,10.888924,0,ok,logs/seed_602873.log
122745,e08y,8,y,baseline_plus_gheft,DHEFT/NHEFT/GHEFT,IRT-only,0.0,0,0,1,3.249,3.5352,6.7842,212.67490000000004,6.1304,19,7,196,52,29,23,120.60071737367386,3.4763,38,9,290,113,61,52,125.18771506673659,3.6085,29,9,268,112,59,53,9.678311,0,ok,logs/seed_122745.log
484762,e08y,8,y,baseline_plus_gheft,DHEFT/NHEFT/GHEFT,IRT-only,0.0,0,0,1,3.314,4.5339,7.8479,156.93519999999995,4.4687,18,3,220,44,31,13,127.37267372013652,3.6269,34,9,267,146,76,70,147.1433590810672,4.1899,21,9,241,156,74,82,9.133341,0,ok,logs/seed_484762.log
514215,e08y,8,y,baseline_plus_gheft,DHEFT/NHEFT/GHEFT,IRT-only,0.0,0,0,1,3.5211,3.8903,7.4114,202.48310000000004,5.1512,17,4,202,59,38,21,132.1918197099564,3.363,36,9,286,141,76,65,146.45964970414204,3.726,25,9,243,126,71,55,7.966272,0,ok,logs/seed_514215.log
601161,e08y,8,y,baseline_plus_gheft,DHEFT/NHEFT/GHEFT,IRT-only,0.0,0,0,1,2.8618,3.5882,6.45,195.15019999999996,4.4452,22,7,199,58,31,27,144.4110250610331,3.2895,38,9,297,135,80,55,158.20376764144945,3.6037,21,8,245,140,79,61,8.091566,0,ok,logs/seed_601161.log
78435,e08y,8,y,baseline_plus_gheft,DHEFT/NHEFT/GHEFT,IRT-only,0.0,0,0,1,2.9929,3.4869,6.4798,207.5479,4.7652,21,7,161,74,38,36,133.51419378787585,3.0655,36,8,286,146,78,68,135.821175836928,3.1184,21,8,242,136,75,61,8.08147,0,ok,logs/seed_78435.log
480957,e08y,8,y,baseline_plus_gheft,DHEFT/NHEFT/GHEFT,IRT-only,0.0,0,0,1,3.3382,3.698,7.0362,178.81770000000003,5.1435,16,3,175,58,40,18,123.59284725495425,3.555,32,8,261,125,77,48,161.11955903043395,4.6344,20,8,228,129,75,54,7.829686,0,ok,logs/seed_480957.log
113260,e08y,8,y,baseline_plus_gheft,DHEFT/NHEFT/GHEFT,IRT-only,0.0,0,0,1,3.6421,4.4253,8.0674,206.36980000000003,4.5212,20,5,187,53,30,23,138.68123009985732,3.0382,42,11,329,167,91,76,161.90446179819133,3.547,29,10,277,139,77,62,12.13647,0,ok,logs/seed_113260.log
846854,e08y,8,y,baseline_plus_gheft,DHEFT/NHEFT/GHEFT,IRT-only,0.0,0,0,1,3.1295,4.1232,7.2527,185.62929999999994,5.3933,12,4,160,39,28,11,130.00691563055065,3.7772,30,8,252,129,67,62,155.6469309295763,4.5222,19,8,225,135,77,58,7.857794,0,ok,logs/seed_846854.log
422970,e08y,8,y,baseline_plus_gheft,DHEFT/NHEFT/GHEFT,IRT-only,0.0,0,0,1,3.1477,4.4896,7.6373,207.53229999999996,5.3468,14,4,169,58,37,21,143.05972106084243,3.6858,40,9,262,111,62,49,151.19379917196684,3.8953,23,9,216,126,75,51,10.021489,0,ok,logs/seed_422970.log
762973,e08y,8,y,baseline_plus_gheft,DHEFT/NHEFT/GHEFT,IRT-only,0.0,0,0,1,3.6886,3.5457,7.2343,153.4478,3.8802,17,6,167,43,30,13,139.9215721519315,3.5382,34,9,249,111,63,48,148.74823787895065,3.7614,28,9,237,132,76,56,8.281499,0,ok,logs/seed_762973.log
303068,e08y,8,y,baseline_plus_gheft,DHEFT/NHEFT/GHEFT,IRT-only,0.0,0,0,1,3.8021,5.3016,9.1037,222.789,6.3375,16,6,152,44,26,18,151.55354699123896,4.3111,38,9,301,148,76,72,168.56331712135463,4.795,21,9,237,157,86,71,9.481111,0,ok,logs/seed_303068.log
701483,e08y,8,y,baseline_plus_gheft,DHEFT/NHEFT/GHEFT,IRT-only,0.0,0,0,1,3.9326,5.0272,8.9598,189.3625,6.1461,15,4,177,47,32,15,150.29445470659093,4.8781,37,10,275,156,76,80,158.22513957123292,5.1355,25,10,244,166,82,84,7.806244,0,ok,logs/seed_701483.log
193272,e08y,8,y,baseline_plus_gheft,DHEFT/NHEFT/GHEFT,IRT-only,0.0,0,0,1,3.3367,4.6071,7.9438,189.37389999999996,4.2402,25,8,206,69,33,36,132.9883988981883,2.9777,35,11,281,119,66,53,166.36007766114486,3.7249,22,8,228,115,71,44,9.344245,0,ok,logs/seed_193272.log
609026,e08y,8,y,baseline_plus_gheft,DHEFT/NHEFT/GHEFT,IRT-only,0.0,0,0,1,3.0854,3.8224,6.9078,173.3015,4.7658,15,3,198,44,31,13,131.4096148691151,3.6137,41,10,307,154,82,72,154.0062896813354,4.2352,27,10,258,137,72,65,11.592258,0,ok,logs/seed_609026.log
385324,e08y,8,y,baseline_plus_gheft,DHEFT/NHEFT/GHEFT,IRT-only,0.0,0,0,1,3.5131,4.8731,8.3862,182.21060000000006,5.7485,18,7,175,49,29,20,149.2224273548493,4.7077,42,10,295,124,68,56,171.9454245008222,5.4246,22,10,220,129,72,57,8.865504,0,ok,logs/seed_385324.log
586699,e08y,8,y,baseline_plus_gheft,DHEFT/NHEFT/GHEFT,IRT-only,0.0,0,0,1,3.222,4.3697,7.5917,201.07810000000003,5.2453,14,5,157,48,34,14,135.98163592090495,3.5472,37,10,284,143,72,71,148.44884015444015,3.8724,19,9,217,150,76,74,9.280529,0,ok,logs/seed_586699.log
127154,e08y,8,y,baseline_plus_gheft,DHEFT/NHEFT/GHEFT,IRT-only,0.0,0,0,1,3.7465,4.6411,8.3876,231.57620000000009,8.5969,27,11,193,88,38,50,145.78234735670557,5.412,33,9,302,154,82,72,163.5549674144037,6.0717,21,8,248,131,75,56,8.298264,0,ok,logs/seed_127154.log
140763,e08y,8,y,baseline_plus_gheft,DHEFT/NHEFT/GHEFT,IRT-only,0.0,0,0,1,3.2123,3.9318,7.1441,223.82730000000006,5.914,21,8,157,71,38,33,129.84508284389491,3.4308,39,10,290,135,72,63,132.8061699540923,3.509,29,10,266,138,75,63,8.461542,0,ok,logs/seed_140763.log
162375,e08y,8,y,baseline_plus_gheft,DHEFT/NHEFT/GHEFT,IRT-only,0.0,0,0,1,3.6357,4.819,8.4547,199.3147,4.9292,12,4,145,47,26,21,147.22956305492855,3.6411,27,8,251,132,72,60,145.95287166677116,3.6095,18,8,217,132,75,57,8.695006,0,ok,logs/seed_162375.log
320372,e08y,8,y,baseline_plus_gheft,DHEFT/NHEFT/GHEFT,IRT-only,0.0,0,0,1,3.6907,5.5989,9.2896,192.92780000000002,5.2595,17,7,172,54,32,22,143.19611724261426,3.9037,34,8,300,142,75,67,165.88599851341647,4.5223,20,8,264,127,71,56,8.347193,0,ok,logs/seed_320372.log
911752,e08y,8,y,baseline_plus_gheft,DHEFT/NHEFT/GHEFT,IRT-only,0.0,0,0,1,3.8707,4.3858,8.2565,187.67340000000002,4.8019,17,6,193,55,32,23,128.8667670633549,3.2973,37,10,264,147,80,67,148.062435431258,3.7884,23,10,246,149,80,69,9.262716,0,ok,logs/seed_911752.log
185527,e08y,8,y,baseline_plus_gheft,DHEFT/NHEFT/GHEFT,IRT-only,0.0,0,0,1,3.4366,3.8937,7.3303,222.7467,4.6051,26,8,201,76,33,43,127.6487072257407,2.639,28,8,270,129,71,58,152.44098905109487,3.1516,20,8,251,145,80,65,8.929168,0,ok,logs/seed_185527.log
766339,e08y,8,y,baseline_plus_gheft,DHEFT/NHEFT/GHEFT,IRT-only,0.0,0,0,1,3.6732,4.3377,8.0109,249.81490000000002,6.7629,29,10,214,88,36,52,159.05802332752734,4.306,36,8,278,120,65,55,145.11610808625335,3.9285,22,8,241,131,65,66,7.997909,0,ok,logs/seed_766339.log
911829,e08y,8,y,baseline_plus_gheft,DHEFT/NHEFT/GHEFT,IRT-only,0.0,0,0,1,3.3152,3.9908,7.306,213.47129999999996,4.2239,25,6,257,65,38,27,152.24967667316437,3.0125,37,8,318,137,81,56,158.09223783515174,3.1281,25,8,260,122,71,51,10.774091,0,ok,logs/seed_911829.log
184906,e08y,8,y,baseline_plus_gheft,DHEFT/NHEFT/GHEFT,IRT-only,0.0,0,0,1,3.5394,4.3545,7.8939,180.02730000000003,4.2653,13,3,173,44,33,11,157.60962831033964,3.7342,35,10,275,157,82,75,180.6188015037594,4.2793,22,10,230,143,77,66,8.000555,0,ok,logs/seed_184906.log
189090,e08y,8,y,baseline_plus_gheft,DHEFT/NHEFT/GHEFT,IRT-only,0.0,0,0,1,3.5263,3.5735,7.0998,203.62329999999997,5.7766,20,8,151,61,33,28,150.2576133793988,4.2627,34,10,273,158,88,70,123.39806056529575,3.5007,23,10,244,139,83,56,8.935903,0,ok,logs/seed_189090.log
355619,e08y,8,y,baseline_plus_gheft,DHEFT/NHEFT/GHEFT,IRT-only,0.0,0,0,1,2.9323,3.9398,6.8721,236.3325,5.1876,27,9,195,81,38,43,156.5764230931646,3.4369,45,10,302,157,85,72,160.82556257668713,3.5302,29,10,261,129,78,51,8.806788,0,ok,logs/seed_355619.log
440123,e08y,8,y,baseline_plus_gheft,DHEFT/NHEFT/GHEFT,IRT-only,0.0,0,0,1,3.1079,4.2993,7.4072,207.41329999999996,4.4806,19,8,178,66,35,31,132.543429095456,2.8632,32,9,271,135,74,61,145.06606153994747,3.1338,28,9,263,122,74,48,9.26326,0,ok,logs/seed_440123.log
65843,e08y,8,y,baseline_plus_gheft,DHEFT/NHEFT/GHEFT,IRT-only,0.0,0,0,1,3.557,3.7289,7.2859,191.24219999999994,5.5502,19,6,206,48,30,18,127.82247146394305,3.7097,41,8,289,130,74,56,145.7759177138141,4.2307,21,8,244,130,80,50,6.866126,0,ok,logs/seed_65843.log
356002,e08y,8,y,baseline_plus_gheft,DHEFT/NHEFT/GHEFT,IRT-only,0.0,0,0,1,3.6975,3.9329,7.6304,202.35439999999997,5.4257,20,7,179,69,33,36,132.93732425323643,3.5645,40,10,275,138,70,68,158.6095237947123,4.2528,22,10,224,148,78,70,9.130702,0,ok,logs/seed_356002.log
546160,e08y,8,y,baseline_plus_gheft,DHEFT/NHEFT/GHEFT,IRT-only,0.0,0,0,1,3.5499,4.0023,7.5522,227.69150000000002,4.0883,20,6,171,64,35,29,151.8425343129829,2.7264,34,8,272,129,74,55,145.3486053057229,2.6098,23,8,242,127,73,54,9.087836,0,ok,logs/seed_546160.log
466702,e08y,8,y,baseline_plus_gheft,DHEFT/NHEFT/GHEFT,IRT-only,0.0,0,0,1,2.8252,2.969,5.7942,191.9678,5.3838,16,7,153,58,30,28,124.33463941267391,3.487,39,10,302,149,81,68,125.92462021936277,3.5316,28,9,261,138,75,63,9.387541,0,ok,logs/seed_466702.log
108594,e08y,8,y,baseline_plus_gheft,DHEFT/NHEFT/GHEFT,IRT-only,0.0,0,0,1,3.1276,3.7595,6.8871,180.9567,5.2755,18,5,172,48,30,18,127.52863211697502,3.7179,41,10,312,155,85,70,169.67019433056467,4.9464,26,10,255,146,78,68,9.693803,0,ok,logs/seed_108594.log
302326,e08y,8,y,baseline_plus_gheft,DHEFT/NHEFT/GHEFT,IRT-only,0.0,0,0,1,3.5584,4.1676,7.726,189.35679999999996,4.6762,16,4,161,47,31,16,130.11624768330552,3.2133,34,8,293,133,69,64,127.90200752050218,3.1586,24,8,254,126,63,63,7.777755,0,ok,logs/seed_302326.log
830943,e08y,8,y,baseline_plus_gheft,DHEFT/NHEFT/GHEFT,IRT-only,0.0,0,0,1,3.6074,3.7562,7.3636,224.31519999999995,6.3919,22,9,173,72,34,38,129.8024670919234,3.6988,39,8,282,143,70,73,124.59126342442721,3.5503,21,8,248,140,74,66,8.063921,0,ok,logs/seed_830943.log
774892,e08y,8,y,baseline_plus_gheft,DHEFT/NHEFT/GHEFT,IRT-only,0.0,0,0,1,3.2569,3.4755,6.7324,191.0045,4.7473,20,7,198,59,35,24,129.34454867623705,3.2148,42,10,303,138,77,61,125.90699090017169,3.1294,25,10,271,151,86,65,9.837954,0,ok,logs/seed_774892.log
317399,e08y,8,y,baseline_plus_gheft,DHEFT/NHEFT/GHEFT,IRT-only,0.0,0,0,1,3.5298,3.9175,7.4473,188.46459999999996,5.2759,17,6,163,62,34,28,127.58112121212122,3.5715,37,9,280,137,75,62,151.54650579710145,4.2424,21,9,236,115,68,47,8.541503,0,ok,logs/seed_317399.log
179499,e08y,8,y,baseline_plus_gheft,DHEFT/NHEFT/GHEFT,IRT-only,0.0,0,0,1,3.4251,3.778,7.2031,225.0463,5.7321,15,5,162,65,38,27,137.06158150647198,3.4911,32,8,276,143,79,64,132.90180939732446,3.3851,20,8,249,142,81,61,8.19102,0,ok,logs/seed_179499.log
551935,e08y,8,y,baseline_plus_gheft,DHEFT/NHEFT/GHEFT,IRT-only,0.0,0,0,1,3.7256,4.6074,8.333,155.9906,3.0846,15,4,190,38,30,8,142.4187263971288,2.8162,33,8,257,100,60,40,167.00630399959724,3.3024,19,8,235,136,79,57,9.316529,0,ok,logs/seed_551935.log
751687,e08y,8,y,baseline_plus_gheft,DHEFT/NHEFT/GHEFT,IRT-only,0.0,0,0,1,3.1878,3.1073,6.2951,191.2678,5.5365,17,5,178,54,33,21,120.34463300174642,3.4835,41,12,285,151,76,75,137.03576807240324,3.9666,26,10,232,136,76,60,8.541604,0,ok,logs/seed_751687.log
531148,e08y,8,y,baseline_plus_gheft,DHEFT/NHEFT/GHEFT,IRT-only,0.0,0,0,1,3.2603,3.7001,6.9604,236.31530000000004,5.1197,19,6,193,70,35,35,139.91337863909493,3.0312,30,8,280,132,70,62,175.87598898392253,3.8103,20,8,238,127,71,56,9.99238,0,ok,logs/seed_531148.log
594138,e08y,8,y,baseline_plus_gheft,DHEFT/NHEFT/GHEFT,IRT-only,0.0,0,0,1,3.7121,4.4204,8.1325,177.3875,5.1953,17,5,172,49,29,20,134.9574788937409,3.9526,38,9,277,133,70,63,179.12606302072504,5.2462,17,8,204,143,76,67,7.263542,0,ok,logs/seed_594138.log
702028,e08y,8,y,baseline_plus_gheft,DHEFT/NHEFT/GHEFT,IRT-only,0.0,0,0,1,3.5865,4.0949,7.6814,181.3181,4.7198,21,6,208,48,32,16,152.76025800495563,3.9764,39,10,287,143,70,73,169.41560529300565,4.4099,19,9,228,128,72,56,8.638347,0,ok,logs/seed_702028.log
492022,e08y,8,y,baseline_plus_gheft,DHEFT/NHEFT/GHEFT,IRT-only,0.0,0,0,1,3.1535,3.5419,6.6954,204.50439999999998,5.4459,24,8,193,69,37,32,127.93553627330978,3.4069,40,9,301,115,63,52,136.55627913237268,3.6365,26,9,272,145,81,64,8.362529,0,ok,logs/seed_492022.log
231332,e08y,8,y,baseline_plus_gheft,DHEFT/NHEFT/GHEFT,IRT-only,0.0,0,0,1,3.5085,3.9805,7.489,229.84779999999995,6.5173,15,6,170,66,41,25,122.5519129978883,3.4749,37,10,271,117,63,54,142.457600008021,4.0393,19,8,215,122,69,53,9.640372,0,ok,logs/seed_231332.log
147537,e08y,8,y,baseline_plus_gheft,DHEFT/NHEFT/GHEFT,IRT-only,0.0,0,0,1,3.6812,4.345,8.0262,254.31730000000007,5.5852,21,8,174,76,39,37,135.74047557978028,2.9811,38,9,262,112,64,48,145.53700116369566,3.1962,20,9,233,119,69,50,9.586864,0,ok,logs/seed_147537.log
109654,e08y,8,y,baseline_plus_gheft,DHEFT/NHEFT/GHEFT,IRT-only,0.0,0,0,1,3.1471,4.2729,7.42,188.50079999999997,4.6228,17,3,215,54,37,17,144.62454713280565,3.5468,38,11,291,141,72,69,158.15985325155603,3.8787,24,10,256,139,76,63,10.679875,0,ok,logs/seed_109654.log
357820,e08y,8,y,baseline_plus_gheft,DHEFT/NHEFT/GHEFT,IRT-only,0.0,0,0,1,2.8924,3.8551,6.7475,174.625,6.1571,16,6,157,55,33,22,145.94644253000718,5.1459,40,9,286,155,84,71,162.57955729220643,5.7324,19,9,244,151,84,67,8.460455,0,ok,logs/seed_357820.log
813854,e08y,8,y,baseline_plus_gheft,DHEFT/NHEFT/GHEFT,IRT-only,0.0,0,0,1,3.3116,3.8622,7.1738,215.204,5.0576,24,9,184,76,33,43,163.6248603353794,3.8454,36,9,273,134,78,56,154.17359228702014,3.6233,21,9,221,127,68,59,9.096411,0,ok,logs/seed_813854.log
840701,e08y,8,y,baseline_plus_gheft,DHEFT/NHEFT/GHEFT,IRT-only,0.0,0,0,1,3.2212,4.2425,7.4637,185.60049999999998,4.3626,17,7,192,61,35,26,165.99507910770612,3.9018,43,10,308,164,84,80,161.5728741142071,3.7978,26,10,249,138,75,63,10.510863,0,ok,logs/seed_840701.log
528112,e08y,8,y,baseline_plus_gheft,DHEFT/NHEFT/GHEFT,IRT-only,0.0,0,0,1,3.7202,4.3877,8.1079,179.9878,4.3263,17,6,164,48,29,19,143.97788923422382,3.4607,37,9,266,129,75,54,152.8271672788182,3.6734,21,9,223,135,83,52,8.482354,0,ok,logs/seed_528112.log
610245,e08y,8,y,baseline_plus_gheft,DHEFT/NHEFT/GHEFT,IRT-only,0.0,0,0,1,3.633,4.4315,8.0645,214.07889999999998,5.8523,15,4,159,47,33,14,150.92548834483281,4.1259,34,9,243,123,65,58,154.83500531400963,4.2327,20,9,221,120,65,55,7.730862,0,ok,logs/seed_610245.log
540631,e08y,8,y,baseline_plus_gheft,DHEFT/NHEFT/GHEFT,IRT-only,0.0,0,0,1,3.3954,3.6189,7.0143,236.5747,6.9356,15,6,168,62,41,21,128.02914846625768,3.7534,33,9,314,142,74,68,137.73024297552985,4.0378,19,8,243,144,80,64,10.366553,0,ok,logs/seed_540631.log
670354,e08y,8,y,baseline_plus_gheft,DHEFT/NHEFT/GHEFT,IRT-only,0.0,0,0,1,3.434,4.1226,7.5566,202.6323,5.1708,18,5,175,50,33,17,136.5256770087432,3.4839,34,8,289,141,75,66,182.49574129206584,4.6569,19,8,225,153,88,65,8.076916,0,ok,logs/seed_670354.log
416284,e08y,8,y,baseline_plus_gheft,DHEFT/NHEFT/GHEFT,IRT-only,0.0,0,0,1,3.5086,4.3697,7.8783,211.93819999999997,6.252,21,8,188,63,36,27,149.53123914305036,4.411,33,10,272,136,71,65,152.70895232165145,4.5048,20,10,227,140,75,65,9.120741,0,ok,logs/seed_416284.log
853922,e08y,8,y,baseline_plus_gheft,DHEFT/NHEFT/GHEFT,IRT-only,0.0,0,0,1,3.6327,5.2591,8.8918,164.762,3.9764,16,4,175,38,30,8,161.86243383146845,3.9064,33,8,266,99,56,43,151.76654565633007,3.6627,19,8,213,107,58,49,8.199058,0,ok,logs/seed_853922.log
703771,e08y,8,y,baseline_plus_gheft,DHEFT/NHEFT/GHEFT,IRT-only,0.0,0,0,1,3.5469,4.8816,8.4285,174.732,4.8113,16,5,163,44,31,13,152.57779878336507,4.2013,36,9,291,134,70,64,150.85713974852163,4.1539,21,8,233,139,70,69,8.389059,0,ok,logs/seed_703771.log
131782,e08y,8,y,baseline_plus_gheft,DHEFT/NHEFT/GHEFT,IRT-only,0.0,0,0,1,3.4865,4.201,7.6875,168.80069999999995,5.3335,14,4,170,36,28,8,123.14195011971269,3.8909,31,8,238,88,50,38,167.16179680213193,5.2817,19,8,221,117,65,52,8.77771,0,ok,logs/seed_131782.log
793335,e08y,8,y,baseline_plus_gheft,DHEFT/NHEFT/GHEFT,IRT-only,0.0,0,0,1,3.5484,4.7731,8.3215,211.0725,5.9925,17,6,143,55,33,22,128.09327115641898,3.6367,30,8,253,117,61,56,145.25081461131433,4.1238,18,8,210,126,67,59,9.184512,0,ok,logs/seed_793335.log
829835,e08y,8,y,baseline_plus_gheft,DHEFT/NHEFT/GHEFT,IRT-only,0.0,0,0,1,3.0302,3.4951,6.5253,194.69380000000004,5.4415,19,6,169,63,34,29,122.9613744050823,3.4367,37,10,280,149,83,66,146.88968342215327,4.1054,26,10,234,126,75,51,11.023841,0,ok,logs/seed_829835.log
517538,e08y,8,y,baseline_plus_gheft,DHEFT/NHEFT/GHEFT,IRT-only,0.0,0,0,1,3.6183,3.9558,7.5741,165.6979,4.2537,16,5,184,47,31,16,114.5272086783452,2.9401,44,11,320,166,78,88,135.64243091340813,3.4822,22,9,260,135,68,67,10.958057,0,ok,logs/seed_517538.log
432977,e08y,8,y,baseline_plus_gheft,DHEFT/NHEFT/GHEFT,IRT-only,0.0,0,0,1,3.4394,4.0427,7.4821,226.29500000000007,5.0871,16,5,175,66,41,25,135.15272990037025,3.0382,34,8,296,134,69,65,147.18676503067485,3.3088,22,8,258,144,73,71,10.075317,0,ok,logs/seed_432977.log
202788,e08y,8,y,baseline_plus_gheft,DHEFT/NHEFT/GHEFT,IRT-only,0.0,0,0,1,3.5417,3.9437,7.4854,201.90570000000002,5.2229,16,7,143,52,29,23,113.48547674418606,2.9356,35,8,267,124,66,58,128.93356459873985,3.3353,22,8,221,109,65,44,9.285426,0,ok,logs/seed_202788.log
455331,e08y,8,y,baseline_plus_gheft,DHEFT/NHEFT/GHEFT,IRT-only,0.0,0,0,1,3.632,4.0426,7.6746,218.21219999999997,5.7725,18,5,180,63,35,28,138.13831989528796,3.6542,39,9,307,136,73,63,138.357115288662,3.66,22,9,245,135,73,62,7.869797,0,ok,logs/seed_455331.log
795054,e08y,8,y,baseline_plus_gheft,DHEFT/NHEFT/GHEFT,IRT-only,0.0,0,0,1,3.6195,4.0769,7.6964,208.92530000000005,6.4655,22,8,161,62,35,27,126.6659613901674,3.9199,36,8,258,131,71,60,142.46003407471005,4.4086,23,8,217,134,72,62,7.865846,0,ok,logs/seed_795054.log
612732,e08y,8,y,baseline_plus_gheft,DHEFT/NHEFT/GHEFT,IRT-only,0.0,0,0,1,3.4891,3.5084,6.9975,162.3405,5.2829,17,5,172,48,31,17,154.88676923076923,5.0403,40,9,295,142,73,69,132.19206972477065,4.3018,22,9,243,128,73,55,9.026589,0,ok,logs/seed_612732.log
753523,e08y,8,y,baseline_plus_gheft,DHEFT/NHEFT/GHEFT,IRT-only,0.0,0,0,1,3.2843,4.2839,7.5682,215.87310000000002,5.5742,19,6,172,59,34,25,135.70298866419475,3.5041,34,8,276,136,72,64,166.80171472081224,4.3071,20,8,216,148,82,66,7.975584,0,ok,logs/seed_753523.log
239744,e08y,8,y,baseline_plus_gheft,DHEFT/NHEFT/GHEFT,IRT-only,0.0,0,0,1,3.3963,4.3182,7.7145,180.79659999999998,4.2007,15,6,174,52,36,16,138.0984701446501,3.2086,39,8,327,153,75,78,226.91682985012577,5.2723,18,8,212,140,76,64,9.071996,0,ok,logs/seed_239744.log
838648,e08y,8,y,baseline_plus_gheft,DHEFT/NHEFT/GHEFT,IRT-only,0.0,0,0,1,3.5733,4.0304,7.6037,177.20300000000003,4.4607,17,5,175,48,30,18,141.1714150572831,3.5537,33,8,277,116,64,52,143.41235280783775,3.6101,18,8,226,127,77,50,8.387983,0,ok,logs/seed_838648.log
115403,e08y,8,y,baseline_plus_gheft,DHEFT/NHEFT/GHEFT,IRT-only,0.0,0,0,1,3.0218,3.3463,6.3681,250.85530000000006,5.9474,30,12,214,108,40,68,146.14854317789295,3.465,42,10,294,148,81,67,153.37904876206406,3.6364,25,9,245,150,76,74,8.992474,0,ok,logs/seed_115403.log
712189,e08y,8,y,baseline_plus_gheft,DHEFT/NHEFT/GHEFT,IRT-only,0.0,0,0,1,3.6787,4.9053,8.584,207.10750000000002,6.1852,17,5,182,49,34,15,160.1301018537934,4.7823,36,9,281,142,76,66,172.900553923306,5.1637,23,9,258,142,81,61,9.654817,0,ok,logs/seed_712189.log
873143,e08y,8,y,baseline_plus_gheft,DHEFT/NHEFT/GHEFT,IRT-only,0.0,0,0,1,3.2416,3.6549,6.8965,184.1601,6.5215,16,5,152,51,35,16,137.35048131241598,4.8639,35,11,273,126,69,57,149.9673368876508,5.3107,21,9,233,144,81,63,8.63219,0,ok,logs/seed_873143.log
877233,e08y,8,y,baseline_plus_gheft,DHEFT/NHEFT/GHEFT,IRT-only,0.0,0,0,1,3.2091,3.271,6.4801,232.59789999999998,6.4315,23,8,194,82,41,41,117.77626139712365,3.2566,41,10,298,150,80,70,125.02563356539282,3.4571,23,10,253,164,88,76,11.011051,0,ok,logs/seed_877233.log
663658,e08y,8,y,baseline_plus_gheft,DHEFT/NHEFT/GHEFT,IRT-only,0.0,0,0,1,3.6217,4.8125,8.4342,250.1479,6.5864,17,6,178,57,29,28,150.88293844982172,3.9727,35,9,276,133,70,63,152.80683844982173,4.0234,19,8,229,128,75,53,8.336434,0,ok,logs/seed_663658.log
656054,e08y,8,y,baseline_plus_gheft,DHEFT/NHEFT/GHEFT,IRT-only,0.0,0,0,1,3.2423,3.0879,6.3302,185.7529,5.293,19,6,219,52,35,17,121.1520129496403,3.4522,42,11,311,156,78,78,139.6844551558752,3.9803,27,10,272,164,83,81,10.234748,0,ok,logs/seed_656054.log
464471,e08y,8,y,baseline_plus_gheft,DHEFT/NHEFT/GHEFT,IRT-only,0.0,0,0,1,3.4069,4.3504,7.7573,192.0404999999999,5.4109,19,6,195,52,34,18,136.15665100528489,3.8363,38,10,267,129,72,57,149.43665812516136,4.2105,21,10,233,143,75,68,9.044951,0,ok,logs/seed_464471.log
586510,e08y,8,y,baseline_plus_gheft,DHEFT/NHEFT/GHEFT,IRT-only,0.0,0,0,1,3.3526,4.4147,7.7673,175.14429999999993,5.4054,16,6,162,57,35,22,123.44601158228407,3.8099,33,8,272,137,71,66,132.0084081069831,4.0741,23,8,250,132,68,64,9.371523,0,ok,logs/seed_586510.log
50264,e08y,8,y,baseline_plus_gheft,DHEFT/NHEFT/GHEFT,IRT-only,0.0,0,0,1,3.3713,4.0462,7.4175,172.07999999999998,4.9784,18,4,195,44,35,9,107.52190567970452,3.1107,33,8,278,102,62,40,138.11860024668974,3.9959,21,8,253,129,73,56,8.653197,0,ok,logs/seed_50264.log
719048,e08y,8,y,baseline_plus_gheft,DHEFT/NHEFT/GHEFT,IRT-only,0.0,0,0,1,3.6326,4.7703,8.4029,166.92059999999998,4.5034,17,5,179,45,32,13,145.48207316293932,3.925,40,10,294,158,83,75,150.85290935222307,4.0699,27,10,260,152,80,72,10.599269,0,ok,logs/seed_719048.log
677021,e08y,8,y,baseline_plus_gheft,DHEFT/NHEFT/GHEFT,IRT-only,0.0,0,0,1,3.3304,4.4401,7.7705,180.84330000000006,5.0079,14,5,171,46,30,16,142.961882491363,3.9589,34,8,267,118,64,54,178.63823378728634,4.9468,17,8,212,123,67,56,7.510811,0,ok,logs/seed_677021.log
861718,e08y,8,y,baseline_plus_gheft,DHEFT/NHEFT/GHEFT,IRT-only,0.0,0,0,1,3.7836,4.7587,8.5423,211.56529999999995,7.1543,21,7,174,58,35,23,141.83551058085095,4.7963,31,9,273,136,72,64,167.70770997150993,5.6712,19,9,213,131,74,57,9.788972,0,ok,logs/seed_861718.log
495401,e08y,8,y,baseline_plus_gheft,DHEFT/NHEFT/GHEFT,IRT-only,0.0,0,0,1,3.4084,3.413,6.8214,166.77339999999998,4.9394,21,7,197,55,33,22,125.54022616051317,3.7182,40,12,305,157,76,81,153.80281978887857,4.5553,25,10,248,153,85,68,11.541654,0,ok,logs/seed_495401.log
209510,e08y,8,y,baseline_plus_gheft,DHEFT/NHEFT/GHEFT,IRT-only,0.0,0,0,1,3.4259,3.8372,7.2631,195.72469999999998,4.5786,18,4,172,49,38,11,141.6289404261479,3.3131,34,10,276,159,80,79,136.74922453653565,3.199,21,9,233,143,82,61,7.430575,0,ok,logs/seed_209510.log
743312,e08y,8,y,baseline_plus_gheft,DHEFT/NHEFT/GHEFT,IRT-only,0.0,0,0,1,3.5761,4.5998,8.1759,214.58870000000002,6.9832,18,7,156,52,30,22,147.53882072155412,4.8012,31,8,266,127,69,58,144.83121622825502,4.7131,20,8,223,132,77,55,8.401896,0,ok,logs/seed_743312.log
212694,e08y,8,y,baseline_plus_gheft,DHEFT/NHEFT/GHEFT,IRT-only,0.0,0,0,1,3.2178,4.2501,7.4679,185.2273,6.1617,20,6,177,58,32,26,128.36654500235446,4.2702,32,10,255,119,70,49,155.92855124759805,5.1871,24,10,230,124,69,55,8.673646,0,ok,logs/seed_212694.log
224701,e08y,8,y,baseline_plus_gheft,DHEFT/NHEFT/GHEFT,IRT-only,0.0,0,0,1,3.3139,3.7905,7.1044,229.38230000000004,5.5629,26,8,199,76,35,41,135.76527274606045,3.2925,36,8,284,131,74,57,143.86539271137025,3.489,22,8,244,140,81,59,8.081254,0,ok,logs/seed_224701.log
861434,e08y,8,y,baseline_plus_gheft,DHEFT/NHEFT/GHEFT,IRT-only,0.0,0,0,1,3.5071,4.371,7.8781,230.89170000000001,6.4549,12,5,129,49,37,12,155.68927465749363,4.3525,31,9,243,118,65,53,136.79307068317235,3.8243,21,9,226,120,73,47,9.013769,0,ok,logs/seed_861434.log
844102,e08y,8,y,baseline_plus_gheft,DHEFT/NHEFT/GHEFT,IRT-only,0.0,0,0,1,3.1246,3.888,7.0126,254.44849999999994,5.7738,20,9,153,76,31,45,133.55796994100032,3.0306,28,8,248,115,68,47,140.38216357724463,3.1855,20,8,222,130,71,59,8.982965,0,ok,logs/seed_844102.log
722064,e08y,8,y,baseline_plus_gheft,DHEFT/NHEFT/GHEFT,IRT-only,0.0,0,0,1,3.1732,3.8269,7.0001,185.70249999999996,5.666,20,8,162,52,31,21,119.80001881188117,3.6552,42,9,296,147,77,70,127.61766977325537,3.8937,23,9,238,137,75,62,9.487812,0,ok,logs/seed_722064.log
549862,e08y,8,y,baseline_plus_gheft,DHEFT/NHEFT/GHEFT,IRT-only,0.0,0,0,1,3.7373,3.9185,7.6558,226.78889999999996,6.2781,17,5,171,62,38,24,114.95438007573438,3.1822,35,8,273,124,63,61,137.85659862172315,3.8162,17,8,204,130,65,65,7.496891,0,ok,logs/seed_549862.log
2010,e08y,8,y,baseline_plus_gheft,DHEFT/NHEFT/GHEFT,IRT-only,0.0,0,0,1,3.568,3.4191,6.9871,208.23449999999997,5.0251,14,3,155,53,37,16,120.90540135546496,2.9177,30,8,259,114,66,48,127.43389411938382,3.0752,19,8,238,134,67,67,7.899381,0,ok,logs/seed_2010.log
796027,e08y,8,y,baseline_plus_gheft,DHEFT/NHEFT/GHEFT,IRT-only,0.0,0,0,1,3.3282,3.5363,6.8645,196.40789999999998,5.2856,23,10,169,65,37,28,118.61900339349155,3.1922,31,9,257,121,66,55,142.80066112372862,3.8429,26,9,240,115,68,47,8.159846,0,ok,logs/seed_796027.log
401997,e08y,8,y,baseline_plus_gheft,DHEFT/NHEFT/GHEFT,IRT-only,0.0,0,0,1,2.97,3.5597,6.5297,218.9629,5.763,26,11,217,93,38,55,134.82830187855873,3.5486,38,10,289,155,87,68,173.0606889620511,4.5549,24,10,237,151,80,71,10.013425,0,ok,logs/seed_401997.log
35721,e08y,8,y,baseline_plus_gheft,DHEFT/NHEFT/GHEFT,IRT-only,0.0,0,0,1,3.9528,4.0696,8.0224,192.84990000000005,5.3876,12,3,182,58,38,20,113.65569149425032,3.1752,33,9,286,135,73,62,141.27314437694443,3.9467,20,8,246,138,77,61,8.986599,0,ok,logs/seed_35721.log
724068,e08y,8,y,baseline_plus_gheft,DHEFT/NHEFT/GHEFT,IRT-only,0.0,0,0,1,3.4486,4.2781,7.7267,198.3297,4.9801,23,9,181,75,31,44,130.35994537157757,3.2734,30,8,282,134,77,57,172.60648003629765,4.3342,18,8,236,131,76,55,9.925115,0,ok,logs/seed_724068.log
800182,e08y,8,y,baseline_plus_gheft,DHEFT/NHEFT/GHEFT,IRT-only,0.0,0,0,1,3.0587,3.9953,7.054,261.3401,6.8733,27,9,203,83,37,46,141.4998008376166,3.7215,37,8,289,132,66,66,154.61634067589793,4.0664,29,8,261,135,76,59,9.63724,0,ok,logs/seed_800182.log
937614,e08y,8,y,baseline_plus_gheft,DHEFT/NHEFT/GHEFT,IRT-only,0.0,0,0,1,3.0112,4.2461,7.2573,206.5649,5.4548,19,7,157,68,40,28,131.42318903394255,3.4705,31,8,274,144,70,74,141.21209550173012,3.729,22,8,236,125,67,58,8.48376,0,ok,logs/seed_937614.log
722394,e08y,8,y,baseline_plus_gheft,DHEFT/NHEFT/GHEFT,IRT-only,0.0,0,0,1,3.2227,4.7324,7.9551,193.5041,5.2706,15,5,155,57,36,21,161.8995432384938,4.4098,31,9,278,135,69,66,172.01028996415766,4.6852,23,9,243,137,69,68,7.720353,0,ok,logs/seed_722394.log
509760,e08y,8,y,baseline_plus_gheft,DHEFT/NHEFT/GHEFT,IRT-only,0.0,0,0,1,3.3559,4.1011,7.457,204.88009999999994,4.8532,19,5,199,55,37,18,164.43783643556768,3.8952,33,8,303,139,85,54,173.96132651044155,4.1208,19,8,233,114,74,40,10.201005,0,ok,logs/seed_509760.log
70327,e08y,8,y,baseline_plus_gheft,DHEFT/NHEFT/GHEFT,IRT-only,0.0,0,0,1,3.2158,3.6722,6.888,220.3124,5.0575,21,9,149,56,32,24,133.37749956709067,3.0618,34,8,283,129,70,59,143.88645024703717,3.3031,18,8,216,136,75,61,8.793838,0,ok,logs/seed_70327.log
750147,e08y,8,y,baseline_plus_gheft,DHEFT/NHEFT/GHEFT,IRT-only,0.0,0,0,1,4.1372,4.6275,8.7647,224.33700000000005,5.4013,24,10,173,76,35,41,140.1135515717529,3.3735,42,10,301,155,76,79,148.720342092062,3.5807,27,10,235,148,76,72,9.646215,0,ok,logs/seed_750147.log
460446,e08y,8,y,baseline_plus_gheft,DHEFT/NHEFT/GHEFT,IRT-only,0.0,0,0,1,3.5227,4.5686,8.0913,243.39889999999997,4.7336,19,8,164,70,34,36,154.73096550840933,3.0092,34,9,279,151,78,73,172.384388976378,3.3525,21,9,237,165,85,80,8.715366,0,ok,logs/seed_460446.log
748846,e08y,8,y,baseline_plus_gheft,DHEFT/NHEFT/GHEFT,IRT-only,0.0,0,0,1,3.2368,4.3537,7.5905,229.82340000000002,7.3411,20,7,166,75,39,36,142.82991629944598,4.5623,37,8,282,131,73,58,166.00460822198144,5.3026,20,8,249,138,80,58,8.506231,0,ok,logs/seed_748846.log
610796,e08y,8,y,baseline_plus_gheft,DHEFT/NHEFT/GHEFT,IRT-only,0.0,0,0,1,3.2821,4.1464,7.4285,228.70019999999997,4.8018,22,7,187,65,35,30,164.24160572351565,3.4484,37,9,288,154,79,75,153.36679185019514,3.2201,21,9,255,141,78,63,10.199857,0,ok,logs/seed_610796.log
372755,e08y,8,y,baseline_plus_gheft,DHEFT/NHEFT/GHEFT,IRT-only,0.0,0,0,1,3.6621,4.4181,8.0802,193.7071,6.0275,19,6,192,64,36,28,138.15203670003865,4.2988,41,10,281,145,75,70,163.29134201680677,5.0811,23,10,220,134,72,62,9.52324,0,ok,logs/seed_372755.log
324404,e08y,8,y,baseline_plus_gheft,DHEFT/NHEFT/GHEFT,IRT-only,0.0,0,0,1,3.3786,3.6863,7.0649,236.2664,7.8876,15,6,153,64,37,27,128.93502328548644,4.3044,38,10,255,141,79,62,134.522381065498,4.491,24,10,231,131,77,54,9.859261,0,ok,logs/seed_324404.log
138451,e08y,8,y,baseline_plus_gheft,DHEFT/NHEFT/GHEFT,IRT-only,0.0,0,0,1,3.422,4.4267,7.8487,232.97439999999997,5.0755,20,11,170,67,31,36,128.4577411377114,2.7985,41,10,294,137,71,66,134.28496050955414,2.9255,28,10,242,142,74,68,10.167811,0,ok,logs/seed_138451.log
117059,e08y,8,y,baseline_plus_gheft,DHEFT/NHEFT/GHEFT,IRT-only,0.0,0,0,1,3.4831,4.2526,7.7357,218.22959999999995,6.8198,16,7,147,54,32,22,134.97731000663066,4.2181,36,9,278,137,74,63,129.81674285714286,4.0568,22,9,250,138,74,64,9.479762,0,ok,logs/seed_117059.log
976782,e08y,8,y,baseline_plus_gheft,DHEFT/NHEFT/GHEFT,IRT-only,0.0,0,0,1,3.284,3.973,7.257,193.76230000000004,4.3386,14,5,150,54,36,18,125.54849227611727,2.8112,35,9,278,135,71,64,158.19835146425223,3.5423,17,8,214,135,81,54,8.892969,0,ok,logs/seed_976782.log
574644,e08y,8,y,baseline_plus_gheft,DHEFT/NHEFT/GHEFT,IRT-only,0.0,0,0,1,3.7654,4.654,8.4194,215.8913,4.3327,16,4,196,53,30,23,145.32038646812893,2.9165,33,9,275,144,75,69,170.47082694318584,3.4212,20,9,231,139,76,63,7.946435,0,ok,logs/seed_574644.log
435308,e08y,8,y,baseline_plus_gheft,DHEFT/NHEFT/GHEFT,IRT-only,0.0,0,0,1,3.7185,4.0825,7.801,226.3142999999999,5.2381,25,8,216,74,32,42,130.88697019639892,3.0294,33,9,297,172,94,78,154.21887407407408,3.5694,25,9,253,150,86,64,7.694944,0,ok,logs/seed_435308.log
635612,e08y,8,y,baseline_plus_gheft,DHEFT/NHEFT/GHEFT,IRT-only,0.0,0,0,1,3.2282,3.5585,6.7867,192.11230000000003,4.7771,19,7,162,60,36,24,133.51519152130783,3.32,42,13,291,171,84,87,144.98722658857866,3.6053,26,10,256,156,82,74,9.724861,0,ok,logs/seed_635612.log
289817,e08y,8,y,baseline_plus_gheft,DHEFT/NHEFT/GHEFT,IRT-only,0.0,0,0,1,3.1797,3.8398,7.0195,215.0367,6.2734,17,6,177,61,37,24,127.42320051108952,3.7174,37,10,293,152,85,67,142.98001616871707,4.1712,26,10,265,140,79,61,9.425823,0,ok,logs/seed_289817.log
639065,e08y,8,y,baseline_plus_gheft,DHEFT/NHEFT/GHEFT,IRT-only,0.0,0,0,1,3.8591,4.4677,8.3268,191.13230000000001,4.8586,21,8,184,59,29,30,137.95924509803916,3.5069,32,8,265,124,66,58,148.98663457547326,3.7873,21,8,229,111,65,46,9.958221,0,ok,logs/seed_639065.log
650943,e08y,8,y,baseline_plus_gheft,DHEFT/NHEFT/GHEFT,IRT-only,0.0,0,0,1,3.415,3.5162,6.9312,188.79629999999997,4.8968,17,5,168,55,37,18,117.55785729114923,3.0491,41,10,320,171,86,85,125.56806467476649,3.2569,29,10,267,156,77,79,10.662774,0,ok,logs/seed_650943.log
110055,e08y,8,y,baseline_plus_gheft,DHEFT/NHEFT/GHEFT,IRT-only,0.0,0,0,1,2.9384,3.2166,6.155,221.28120000000007,5.7521,26,9,179,75,35,40,137.68163959135862,3.579,39,11,322,162,82,80,154.55730292132722,4.0176,28,10,276,158,85,73,9.468171,0,ok,logs/seed_110055.log
117791,e08y,8,y,baseline_plus_gheft,DHEFT/NHEFT/GHEFT,IRT-only,0.0,0,0,1,3.6622,4.1317,7.7939,219.45549999999997,6.1088,19,7,163,56,33,23,128.27765192307692,3.5708,36,9,284,138,74,64,130.39908447893572,3.6298,24,8,229,108,65,43,7.564808,0,ok,logs/seed_117791.log
124685,e08y,8,y,baseline_plus_gheft,DHEFT/NHEFT/GHEFT,IRT-only,0.0,0,0,1,3.2422,3.7712,7.0134,221.889,5.6508,31,8,216,82,41,41,146.63001241830065,3.7342,44,10,314,162,91,71,143.3971480090158,3.6519,29,10,263,134,80,54,8.6256,0,ok,logs/seed_124685.log
997328,e08y,8,y,baseline_plus_gheft,DHEFT/NHEFT/GHEFT,IRT-only,0.0,0,0,1,3.1444,3.6637,6.8081,222.4212,6.4041,24,7,171,64,35,29,139.09314461321537,4.0048,37,8,310,145,82,63,153.3563674023573,4.4155,21,8,259,126,72,54,8.791646,0,ok,logs/seed_997328.log
655714,e08y,8,y,baseline_plus_gheft,DHEFT/NHEFT/GHEFT,IRT-only,0.0,0,0,1,3.616,4.44,8.056,180.26110000000006,5.0918,17,5,181,51,35,16,148.98098598750119,4.2082,34,8,301,158,79,79,142.86977185745303,4.0356,23,8,251,122,71,51,9.311636,0,ok,logs/seed_655714.log
512136,e08y,8,y,baseline_plus_gheft,DHEFT/NHEFT/GHEFT,IRT-only,0.0,0,0,1,3.4292,3.7135,7.1427,230.46650000000008,5.948,26,7,182,73,33,40,125.60633167879537,3.2417,39,11,290,133,75,58,137.29273202883925,3.5433,21,8,242,135,74,61,7.68884,0,ok,logs/seed_512136.log
695034,e08y,8,y,baseline_plus_gheft,DHEFT/NHEFT/GHEFT,IRT-only,0.0,0,0,1,3.3198,3.8564,7.1762,204.50270000000006,5.0581,12,2,169,37,37,0,153.14105109995577,3.7877,35,10,279,150,82,68,150.2440046798081,3.7161,23,10,232,144,78,66,9.424041,0,ok,logs/seed_695034.log
539246,e08y,8,y,baseline_plus_gheft,DHEFT/NHEFT/GHEFT,IRT-only,0.0,0,0,1,3.015,4.4326,7.4476,293.85100000000006,8.2182,24,7,185,76,41,35,166.22484259191745,4.6488,31,8,253,123,67,56,167.14257830447045,4.6745,18,8,221,136,74,62,8.389328,0,ok,logs/seed_539246.log
354388,e08y,8,y,baseline_plus_gheft,DHEFT/NHEFT/GHEFT,IRT-only,0.0,0,0,1,3.5248,3.9367,7.4615,196.62619999999995,5.0584,18,6,174,62,36,26,120.55368821879382,3.1013,33,9,266,120,68,52,139.47036423357662,3.588,24,9,259,129,73,56,8.354174,0,ok,logs/seed_354388.log
282392,e08y,8,y,baseline_plus_gheft,DHEFT/NHEFT/GHEFT,IRT-only,0.0,0,0,1,3.2988,4.5368,7.8356,252.69459999999998,7.2257,20,11,143,73,31,42,140.26124935237243,4.0107,37,9,266,133,73,60,154.2658902097902,4.4112,19,9,219,143,73,70,9.777004,0,ok,logs/seed_282392.log
465345,e08y,8,y,baseline_plus_gheft,DHEFT/NHEFT/GHEFT,IRT-only,0.0,0,0,1,3.5842,4.656,8.2402,206.03320000000002,5.9172,26,8,215,79,37,42,157.13027158028603,4.5127,37,8,284,122,70,52,162.41225178076346,4.6644,23,8,233,138,78,60,9.947372,0,ok,logs/seed_465345.log
276209,e08y,8,y,baseline_plus_gheft,DHEFT/NHEFT/GHEFT,IRT-only,0.0,0,0,1,3.287,3.4667,6.7537,196.81079999999997,5.057,20,9,157,69,34,35,124.80937725123486,3.2069,40,10,281,160,85,75,140.49903043436086,3.6101,25,10,236,135,77,58,8.272608,0,ok,logs/seed_276209.log
48268,e08y,8,y,baseline_plus_gheft,DHEFT/NHEFT/GHEFT,IRT-only,0.0,0,0,1,3.5207,4.6378,8.1585,185.66099999999997,4.5688,19,5,208,64,40,24,152.594806779661,3.7551,42,10,312,170,86,84,179.28249626874776,4.4118,21,9,240,161,87,74,9.99578,0,ok,logs/seed_48268.log
312904,e08y,8,y,baseline_plus_gheft,DHEFT/NHEFT/GHEFT,IRT-only,0.0,0,0,1,3.9133,4.7539,8.6672,208.023,5.4444,22,8,144,54,29,25,139.29586589858738,3.6457,32,8,270,131,73,58,164.20191712069416,4.2975,20,8,232,136,77,59,9.519587,0,ok,logs/seed_312904.log
95163,e08y,8,y,baseline_plus_gheft,DHEFT/NHEFT/GHEFT,IRT-only,0.0,0,0,1,3.6925,5.5348,9.2273,167.31099999999998,4.4907,13,4,164,42,31,11,145.75773465681306,3.9122,39,9,289,145,68,77,143.87449395169668,3.8616,27,10,246,137,65,72,11.059395,0,ok,logs/seed_95163.log
739903,e08y,8,y,baseline_plus_gheft,DHEFT/NHEFT/GHEFT,IRT-only,0.0,0,0,1,3.3308,4.3243,7.6551,175.21640000000002,5.0469,20,6,203,57,29,28,155.29635080891774,4.4731,37,10,279,154,90,64,161.46661723088226,4.6508,24,10,235,129,78,51,8.019455,0,ok,logs/seed_739903.log
527611,e08y,8,y,baseline_plus_gheft,DHEFT/NHEFT/GHEFT,IRT-only,0.0,0,0,1,3.1403,3.4681,6.6084,200.5796,5.6457,23,8,183,61,33,28,115.04422959501558,3.2382,41,10,290,151,73,78,122.31633988283022,3.4428,26,10,235,158,83,75,10.252004,0,ok,logs/seed_527611.log
591781,e08y,8,y,baseline_plus_gheft,DHEFT/NHEFT/GHEFT,IRT-only,0.0,0,0,1,3.6606,4.1996,7.8602,175.4527,4.3004,19,7,170,53,36,17,158.4322040709685,3.8832,44,10,306,142,69,73,168.183308810305,4.1223,29,10,257,117,61,56,9.393361,0,ok,logs/seed_591781.log
10602,e08y,8,y,baseline_plus_gheft,DHEFT/NHEFT/GHEFT,IRT-only,0.0,0,0,1,3.4158,4.2333,7.6491,159.88719999999998,5.032,14,4,174,37,27,10,140.59576893993776,4.4248,35,9,267,119,64,55,161.71915132806896,5.0896,19,9,207,128,75,53,9.204098,0,ok,logs/seed_10602.log
91728,e08y,8,y,baseline_plus_gheft,DHEFT/NHEFT/GHEFT,IRT-only,0.0,0,0,1,3.8754,3.7202,7.5956,210.89030000000002,5.5837,16,5,174,62,34,28,112.71521215550852,2.9844,35,9,275,126,72,54,135.72962484152248,3.5937,19,9,232,142,80,62,9.633198,0,ok,logs/seed_91728.log
777150,e08y,8,y,baseline_plus_gheft,DHEFT/NHEFT/GHEFT,IRT-only,0.0,0,0,1,3.3739,3.8737,7.2476,181.60449999999997,4.9477,23,9,207,59,33,26,122.40125650224215,3.3347,43,10,289,151,71,80,158.52060327332597,4.3188,23,10,228,156,80,76,8.850037,0,ok,logs/seed_777150.log
761499,e08y,8,y,baseline_plus_gheft,DHEFT/NHEFT/GHEFT,IRT-only,0.0,0,0,1,3.32,3.7493,7.0693,182.24810000000002,4.3997,14,3,164,42,31,11,127.07823587532869,3.0678,38,10,272,133,74,59,119.09198839390386,2.875,24,10,229,110,68,42,10.222844,0,ok,logs/seed_761499.log
453482,e08y,8,y,baseline_plus_gheft,DHEFT/NHEFT/GHEFT,IRT-only,0.0,0,0,1,3.5022,4.7118,8.214,202.36780000000005,6.2914,18,6,190,54,27,27,139.24425495793815,4.3289,33,9,261,103,61,42,151.20688929989288,4.7008,22,9,233,124,65,59,8.268592,0,ok,logs/seed_453482.log
562121,e08y,8,y,baseline_plus_gheft,DHEFT/NHEFT/GHEFT,IRT-only,0.0,0,0,1,3.2661,3.7561,7.0222,205.8368,5.6118,20,7,180,72,41,31,148.36828606313173,4.045,33,9,263,141,79,62,130.17274844569192,3.5489,24,9,247,127,77,50,9.10561,0,ok,logs/seed_562121.log
770979,e08y,8,y,baseline_plus_gheft,DHEFT/NHEFT/GHEFT,IRT-only,0.0,0,0,1,3.1282,3.95,7.0782,206.47660000000002,5.1982,15,3,188,58,38,20,133.88105626586662,3.3706,33,9,266,134,72,62,141.95176071048888,3.5737,22,9,229,132,70,62,7.28352,0,ok,logs/seed_770979.log
703949,e08y,8,y,baseline_plus_gheft,DHEFT/NHEFT/GHEFT,IRT-only,0.0,0,0,1,3.331,4.3323,7.6633,185.46020000000004,4.8126,16,6,155,51,28,23,149.51415251134767,3.8799,35,10,262,142,81,61,154.50923582543473,4.0095,23,10,230,123,78,45,7.790312,0,ok,logs/seed_703949.log
314686,e08y,8,y,baseline_plus_gheft,DHEFT/NHEFT/GHEFT,IRT-only,0.0,0,0,1,3.2689,3.1022,6.3711,210.88679999999994,4.6469,18,4,185,53,35,18,147.08017076580654,3.2409,32,8,281,141,75,66,134.60049323882225,2.9659,24,8,248,128,67,61,9.455266,0,ok,logs/seed_314686.log
475760,e08y,8,y,baseline_plus_gheft,DHEFT/NHEFT/GHEFT,IRT-only,0.0,0,0,1,3.4122,4.6638,8.076,221.82139999999993,6.2771,17,6,169,58,35,23,134.75954258033238,3.8134,37,9,320,138,74,64,136.5907449883679,3.8653,22,8,268,125,68,57,10.712712,0,ok,logs/seed_475760.log
595079,e08y,8,y,baseline_plus_gheft,DHEFT/NHEFT/GHEFT,IRT-only,0.0,0,0,1,3.5866,4.0731,7.6597,225.85899999999998,6.7641,16,6,131,57,36,21,131.42749488532027,3.936,27,8,234,133,71,62,150.0929679799296,4.495,19,8,194,118,65,53,6.213511,0,ok,logs/seed_595079.log
27243,e08y,8,y,baseline_plus_gheft,DHEFT/NHEFT/GHEFT,IRT-only,0.0,0,0,1,3.2354,4.0631,7.2985,201.8486,4.9549,16,4,172,60,39,21,131.82701475833133,3.236,40,9,291,149,73,76,148.0924723355577,3.6353,21,9,236,145,80,65,8.863891,0,ok,logs/seed_27243.log
143022,e08y,8,y,baseline_plus_gheft,DHEFT/NHEFT/GHEFT,IRT-only,0.0,0,0,1,3.5474,5.3222,8.8696,179.8916,3.9904,18,7,167,58,29,29,148.69566686390536,3.2984,40,10,275,144,76,68,159.25580867023706,3.5326,23,9,231,122,70,52,8.634739,0,ok,logs/seed_143022.log
958432,e08y,8,y,baseline_plus_gheft,DHEFT/NHEFT/GHEFT,IRT-only,0.0,0,0,1,3.2693,3.6732,6.9425,205.8518,4.3978,18,5,191,56,31,25,139.09920728500157,2.9717,30,8,256,141,77,64,161.4215553168636,3.4486,21,8,231,145,76,69,8.276402,0,ok,logs/seed_958432.log
799339,e08y,8,y,baseline_plus_gheft,DHEFT/NHEFT/GHEFT,IRT-only,0.0,0,0,1,3.735,4.647,8.382,192.58319999999998,5.5859,16,5,138,55,37,18,150.10579297018378,4.3538,33,10,259,128,72,56,126.93097215189876,3.6816,27,10,254,123,60,63,9.330148,0,ok,logs/seed_799339.log
953842,e08y,8,y,baseline_plus_gheft,DHEFT/NHEFT/GHEFT,IRT-only,0.0,0,0,1,3.2835,4.0304,7.3139,203.51289999999997,5.4744,17,5,165,60,39,21,133.73800298507462,3.5975,34,10,250,118,65,53,129.92821354557387,3.495,22,10,222,129,70,59,8.95047,0,ok,logs/seed_953842.log
937400,e08y,8,y,baseline_plus_gheft,DHEFT/NHEFT/GHEFT,IRT-only,0.0,0,0,1,3.6171,4.0045,7.6216,210.22420000000002,5.8922,19,7,153,58,34,24,130.62322138904096,3.6611,42,10,302,150,80,70,149.55058293299615,4.1917,22,10,217,142,86,56,8.288628,0,ok,logs/seed_937400.log
919932,e08y,8,y,baseline_plus_gheft,DHEFT/NHEFT/GHEFT,IRT-only,0.0,0,0,1,3.3082,4.4897,7.7979,175.77799999999996,5.0709,20,5,216,57,36,21,148.25429994988903,4.2769,30,8,296,133,74,59,139.71851748943072,4.0306,21,8,234,136,74,62,8.727437,0,ok,logs/seed_919932.log
786261,e08y,8,y,baseline_plus_gheft,DHEFT/NHEFT/GHEFT,IRT-only,0.0,0,0,1,3.2286,5.1423,8.3709,203.14029999999997,5.0553,19,5,193,68,42,26,163.34710286883268,4.065,33,9,293,154,77,77,184.2076,4.5842,23,9,251,147,76,71,9.602229,0,ok,logs/seed_786261.log
266747,e08y,8,y,baseline_plus_gheft,DHEFT/NHEFT/GHEFT,IRT-only,0.0,0,0,1,3.2813,3.7339,7.0152,201.81199999999998,6.3557,16,6,145,49,31,18,121.1116225073141,3.8142,41,10,287,133,74,59,100.82958788796364,3.1754,25,10,241,105,56,49,10.896922,0,ok,logs/seed_266747.log
394465,e08y,8,y,baseline_plus_gheft,DHEFT/NHEFT/GHEFT,IRT-only,0.0,0,0,1,3.0096,4.2219,7.2315,219.36919999999998,5.4067,23,9,183,69,37,32,139.8418377137001,3.4466,44,10,324,154,70,84,139.55170070921983,3.4395,30,10,278,153,74,79,9.736097,0,ok,logs/seed_394465.log
725987,e08y,8,y,baseline_plus_gheft,DHEFT/NHEFT/GHEFT,IRT-only,0.0,0,0,1,3.1631,3.4606,6.6237,197.49329999999995,3.6016,25,8,176,71,37,34,136.73620523103747,2.4936,38,10,295,146,85,61,163.3288213600698,2.9786,24,10,256,155,91,64,10.571727,0,ok,logs/seed_725987.log
224478,e08y,8,y,baseline_plus_gheft,DHEFT/NHEFT/GHEFT,IRT-only,0.0,0,0,1,3.0237,4.0237,7.0474,246.57459999999998,5.0858,13,5,162,53,28,25,153.04040386500978,3.1566,31,8,241,94,49,45,144.89150814682185,2.9885,21,8,243,120,66,54,9.351442,0,ok,logs/seed_224478.log
408636,e08y,8,y,baseline_plus_gheft,DHEFT/NHEFT/GHEFT,IRT-only,0.0,0,0,1,3.3336,3.9382,7.2718,169.64470000000003,4.4021,19,4,192,43,30,13,144.688180689187,3.7545,39,9,288,144,78,66,158.44177637613373,4.1114,23,9,237,151,79,72,9.037468,0,ok,logs/seed_408636.log
617269,e08y,8,y,baseline_plus_gheft,DHEFT/NHEFT/GHEFT,IRT-only,0.0,0,0,1,3.7819,3.8103,7.5922,184.37530000000004,5.4126,17,4,182,55,36,19,114.34552480500523,3.3567,43,10,277,138,73,65,121.9041506450072,3.5786,24,10,238,131,72,59,8.190608,0,ok,logs/seed_617269.log
650122,e08y,8,y,baseline_plus_gheft,DHEFT/NHEFT/GHEFT,IRT-only,0.0,0,0,1,3.3569,3.191,6.5479,188.58919999999998,4.982,18,5,160,66,36,30,107.9591448757657,2.852,39,10,282,157,85,72,133.8487735632184,3.5359,24,10,245,143,82,61,10.095749,0,ok,logs/seed_650122.log
522983,e08y,8,y,baseline_plus_gheft,DHEFT/NHEFT/GHEFT,IRT-only,0.0,0,0,1,3.6068,5.0466,8.6534,225.0574999999999,5.1236,14,5,169,58,30,28,149.13465975088138,3.3952,40,9,311,158,76,82,161.9392726254144,3.6867,22,9,267,158,84,74,9.028721,0,ok,logs/seed_522983.log
239950,e08y,8,y,baseline_plus_gheft,DHEFT/NHEFT/GHEFT,IRT-only,0.0,0,0,1,3.1084,4.2218,7.3302,164.0471,4.5414,16,6,153,51,29,22,126.25432174679355,3.4952,32,8,211,113,65,48,163.41646350730542,4.524,16,8,188,109,70,39,7.762623,0,ok,logs/seed_239950.log
258973,e08y,8,y,baseline_plus_gheft,DHEFT/NHEFT/GHEFT,IRT-only,0.0,0,0,1,2.7671,3.1009,5.868,179.4323,3.3756,17,5,214,57,38,19,126.56843201970443,2.3811,35,8,289,121,70,51,172.0689329963507,3.2371,20,8,251,122,76,46,9.410146,0,ok,logs/seed_258973.log
824466,e08y,8,y,baseline_plus_gheft,DHEFT/NHEFT/GHEFT,IRT-only,0.0,0,0,1,3.4184,4.0928,7.5112,220.19350000000006,6.9278,24,10,121,60,34,26,114.02603754311782,3.5875,32,9,240,103,52,51,109.56955809390331,3.4473,22,9,232,111,68,43,7.347978,0,ok,logs/seed_824466.log
682056,e08y,8,y,baseline_plus_gheft,DHEFT/NHEFT/GHEFT,IRT-only,0.0,0,0,1,3.0976,4.653,7.7506,194.15099999999998,3.7768,23,9,179,72,31,41,149.24357806708272,2.9032,42,10,300,155,76,79,176.0737757720899,3.4251,23,10,239,146,76,70,9.735376,0,ok,logs/seed_682056.log
431617,e08y,8,y,baseline_plus_gheft,DHEFT/NHEFT/GHEFT,IRT-only,0.0,0,0,1,3.2857,3.4775,6.7632,172.38590000000005,3.2948,17,6,170,52,33,19,140.4794857132452,2.685,37,8,287,142,82,60,133.773892735037,2.5568,23,8,250,136,79,57,8.740595,0,ok,logs/seed_431617.log
777731,e08y,8,y,baseline_plus_gheft,DHEFT/NHEFT/GHEFT,IRT-only,0.0,0,0,1,3.401,4.8013,8.2023,213.6619,6.4851,24,8,201,69,38,31,143.3012967519326,4.3495,36,8,306,143,76,67,142.2509717162544,4.3176,23,8,261,148,73,75,9.168296,0,ok,logs/seed_777731.log
65523,e08y,8,y,baseline_plus_gheft,DHEFT/NHEFT/GHEFT,IRT-only,0.0,0,0,1,3.6102,3.8132,7.4234,213.03349999999995,6.2641,31,13,177,89,37,52,142.9624037889269,4.2037,42,10,285,144,74,70,156.2054232108317,4.5931,25,10,245,164,80,84,8.470683,0,ok,logs/seed_65523.log
226267,e08y,8,y,baseline_plus_gheft,DHEFT/NHEFT/GHEFT,IRT-only,0.0,0,0,1,3.1759,4.0955,7.2714,160.51000000000002,3.7677,18,6,181,48,28,20,132.90824666135975,3.1198,36,9,295,127,66,61,170.7007929318571,4.0069,23,9,240,130,71,59,11.764096,0,ok,logs/seed_226267.log
20773,e08y,8,y,baseline_plus_gheft,DHEFT/NHEFT/GHEFT,IRT-only,0.0,0,0,1,3.3806,3.464,6.8446,236.73590000000002,5.6575,27,10,188,88,40,48,126.3266537313433,3.0189,39,9,302,141,73,68,160.31049782954318,3.8311,20,9,227,144,77,67,9.523472,0,ok,logs/seed_20773.log
75919,e08y,8,y,baseline_plus_gheft,DHEFT/NHEFT/GHEFT,IRT-only,0.0,0,0,1,2.8831,4.3139,7.197,187.22230000000005,4.4658,23,8,221,63,30,33,135.4911868275233,3.2319,43,9,312,153,76,77,152.3729188172724,3.6345,25,9,262,159,80,79,9.762629,0,ok,logs/seed_75919.log
796262,e08y,8,y,baseline_plus_gheft,DHEFT/NHEFT/GHEFT,IRT-only,0.0,0,0,1,3.1066,4.3252,7.4318,232.62620000000004,5.3724,20,6,195,76,43,33,167.39382032946403,3.8659,47,10,300,159,77,82,184.69872186948854,4.2656,25,10,234,141,72,69,9.538743,0,ok,logs/seed_796262.log
557554,e08y,8,y,baseline_plus_gheft,DHEFT/NHEFT/GHEFT,IRT-only,0.0,0,0,1,3.6999,4.4468,8.1467,203.18290000000002,5.6346,22,8,198,76,34,42,173.60362063582306,4.8143,28,8,265,118,70,48,146.79720663969604,4.0709,20,8,259,125,73,52,10.182546,0,ok,logs/seed_557554.log
818564,e08y,8,y,baseline_plus_gheft,DHEFT/NHEFT/GHEFT,IRT-only,0.0,0,0,1,3.3855,4.0155,7.401,181.6228,4.6167,17,4,208,58,37,21,153.2289458732012,3.8949,35,8,270,132,73,59,170.34722404675787,4.3301,24,8,233,117,68,49,9.136968,0,ok,logs/seed_818564.log
5641,e08y,8,y,baseline_plus_gheft,DHEFT/NHEFT/GHEFT,IRT-only,0.0,0,0,1,3.403,3.5329,6.9359,179.5889,5.0318,15,5,165,44,29,15,112.43452407367316,3.1502,40,12,289,131,67,64,120.01346949740034,3.3626,24,10,238,127,71,56,7.829945,0,ok,logs/seed_5641.log
80721,e08y,8,y,baseline_plus_gheft,DHEFT/NHEFT/GHEFT,IRT-only,0.0,0,0,1,3.4909,4.4822,7.9731,243.55659999999997,4.7181,22,8,161,72,39,33,149.82949540257513,2.9025,39,11,296,135,66,69,154.0003853670731,2.9833,21,9,243,139,68,71,10.641196,0,ok,logs/seed_80721.log
14714,e08y,8,y,baseline_plus_gheft,DHEFT/NHEFT/GHEFT,IRT-only,0.0,0,0,1,3.2426,3.8349,7.0775,213.2111999999999,4.2904,18,5,166,60,38,22,136.97620288135084,2.7563,41,11,314,150,67,83,149.5656950043976,3.0096,22,8,270,132,71,61,9.175211,0,ok,logs/seed_14714.log
965327,e08y,8,y,baseline_plus_gheft,DHEFT/NHEFT/GHEFT,IRT-only,0.0,0,0,1,3.4293,4.6476,8.0769,221.75280000000004,5.698,20,7,151,63,36,27,162.49963564013837,4.1755,29,8,265,123,73,50,170.94570496550267,4.3925,21,8,231,111,70,41,7.596455,0,ok,logs/seed_965327.log
460722,e08y,8,y,baseline_plus_gheft,DHEFT/NHEFT/GHEFT,IRT-only,0.0,0,0,1,3.324,3.8236,7.1476,199.01699999999997,5.4783,24,7,202,66,38,28,133.8947407240106,3.6857,35,9,273,119,69,50,138.45580320079054,3.8112,24,8,247,150,82,68,9.086422,0,ok,logs/seed_460722.log
724036,e08y,8,y,baseline_plus_gheft,DHEFT/NHEFT/GHEFT,IRT-only,0.0,0,0,1,3.2747,3.7718,7.0465,233.15170000000003,4.185,21,4,206,67,38,29,144.85901959590012,2.6002,35,8,284,126,70,56,178.97926149729994,3.2126,21,8,218,129,80,49,8.210969,0,ok,logs/seed_724036.log
901968,e08y,8,y,baseline_plus_gheft,DHEFT/NHEFT/GHEFT,IRT-only,0.0,0,0,1,3.6098,4.1159,7.7257,174.24009999999996,5.2075,17,5,171,52,33,19,150.32910828402365,4.4929,38,10,301,141,74,67,150.68381242603547,4.5035,25,10,261,144,75,69,9.400456,0,ok,logs/seed_901968.log
287728,e08y,8,y,baseline_plus_gheft,DHEFT/NHEFT/GHEFT,IRT-only,0.0,0,0,1,3.5827,4.0485,7.6312,184.8308,5.1101,17,7,158,51,31,20,118.6242824700203,3.2796,39,10,280,131,72,59,136.11339728082993,3.7632,23,10,230,133,80,53,10.379589,0,ok,logs/seed_287728.log
747287,e08y,8,y,baseline_plus_gheft,DHEFT/NHEFT/GHEFT,IRT-only,0.0,0,0,1,3.4922,4.3409,7.8331,187.89770000000001,5.6838,17,3,208,43,37,6,149.64434749199282,4.5267,38,9,293,122,63,59,177.60627312979358,5.3725,23,9,229,140,76,64,8.760264,0,ok,logs/seed_747287.log
867108,e08y,8,y,baseline_plus_gheft,DHEFT/NHEFT/GHEFT,IRT-only,0.0,0,0,1,3.3764,4.3757,7.7521,233.5045,6.5732,23,8,181,63,32,31,158.03612822966815,4.4487,34,9,271,146,79,67,157.91522180774749,4.4453,20,9,225,135,75,60,9.3357,0,ok,logs/seed_867108.log
196697,e08y,8,y,baseline_plus_gheft,DHEFT/NHEFT/GHEFT,IRT-only,0.0,0,0,1,3.4915,4.9054,8.3969,188.84100000000004,4.9652,15,6,165,43,29,14,147.57860963181818,3.8803,30,8,254,115,65,50,154.3655472323007,4.0587,18,8,225,130,75,55,7.761395,0,ok,logs/seed_196697.log
635464,e08y,8,y,baseline_plus_gheft,DHEFT/NHEFT/GHEFT,IRT-only,0.0,0,0,1,3.2438,4.6196,7.8634,218.04680000000005,4.1251,16,5,173,48,32,16,174.6374098995377,3.3039,34,9,282,125,68,57,166.43005120274915,3.1486,20,9,233,118,64,54,8.334473,0,ok,logs/seed_635464.log
389228,e08y,8,y,baseline_plus_gheft,DHEFT/NHEFT/GHEFT,IRT-only,0.0,0,0,1,3.4951,3.9604,7.4555,251.61830000000003,5.2185,21,6,194,72,37,35,132.28041039531482,2.7435,37,8,287,128,68,60,179.3380449960569,3.7194,19,8,231,160,83,77,7.763695,0,ok,logs/seed_389228.log
813617,e08y,8,y,baseline_plus_gheft,DHEFT/NHEFT/GHEFT,IRT-only,0.0,0,0,1,3.4162,4.2209,7.6371,186.65750000000003,5.0215,14,5,142,52,35,17,123.04924079540243,3.3103,30,9,245,116,70,46,159.5507368421053,4.2923,22,9,204,107,66,41,8.093562,0,ok,logs/seed_813617.log
232555,e08y,8,y,baseline_plus_gheft,DHEFT/NHEFT/GHEFT,IRT-only,0.0,0,0,1,3.218,4.4665,7.6845,229.65279999999996,5.0959,19,8,199,76,43,33,143.14586749405993,3.1764,41,9,303,152,75,77,153.40184960905114,3.404,21,9,243,147,79,68,10.013233,0,ok,logs/seed_232555.log
932496,e08y,8,y,baseline_plus_gheft,DHEFT/NHEFT/GHEFT,IRT-only,0.0,0,0,1,3.5012,5.1389,8.6401,239.0828,5.9849,26,10,179,83,37,46,134.2708762234565,3.3612,42,9,318,167,77,90,146.2094258646704,3.66,24,9,257,157,77,80,10.730925,0,ok,logs/seed_932496.log
544493,e08y,8,y,baseline_plus_gheft,DHEFT/NHEFT/GHEFT,IRT-only,0.0,0,0,1,3.8913,4.8969,8.7882,238.51269999999997,4.9008,18,6,197,64,40,24,138.49504810637683,2.8457,41,9,291,147,80,67,155.2444240506329,3.1899,25,9,252,149,87,62,10.210046,0,ok,logs/seed_544493.log
174431,e08y,8,y,baseline_plus_gheft,DHEFT/NHEFT/GHEFT,IRT-only,0.0,0,0,1,3.7124,4.5583,8.2707,216.61549999999997,6.1426,15,6,144,51,29,22,140.58288458247586,3.9866,39,10,277,134,71,63,163.22162642093497,4.6285,19,10,234,155,87,68,9.077932,0,ok,logs/seed_174431.log
715533,e08y,8,y,baseline_plus_gheft,DHEFT/NHEFT/GHEFT,IRT-only,0.0,0,0,1,3.3044,3.7198,7.0242,235.27370000000005,6.0822,20,5,170,65,39,26,125.90689368926829,3.2549,35,10,293,146,68,78,130.04409808429116,3.3619,21,8,237,126,69,57,9.312453,0,ok,logs/seed_715533.log
710115,e08y,8,y,baseline_plus_gheft,DHEFT/NHEFT/GHEFT,IRT-only,0.0,0,0,1,3.1761,4.1052,7.2813,218.25919999999996,4.1348,18,7,183,51,32,19,146.50332022236879,2.7754,36,8,261,142,77,65,170.5195437946221,3.2304,20,8,211,153,78,75,9.590309,0,ok,logs/seed_710115.log
69527,e08y,8,y,baseline_plus_gheft,DHEFT/NHEFT/GHEFT,IRT-only,0.0,0,0,1,3.5598,4.4515,8.0113,209.51520000000005,5.7835,19,5,188,62,33,29,141.08245922643098,3.8944,41,10,305,167,81,86,141.92959678760468,3.9178,27,10,268,138,77,61,12.656559,0,ok,logs/seed_69527.log
584456,e08y,8,y,baseline_plus_gheft,DHEFT/NHEFT/GHEFT,IRT-only,0.0,0,0,1,3.488,3.8727,7.3607,178.2801,4.9508,19,6,172,55,35,20,120.85569708313075,3.3561,34,8,286,133,68,65,125.05001176470587,3.4726,22,8,246,118,71,47,9.744579,0,ok,logs/seed_584456.log
678197,e08y,8,y,baseline_plus_gheft,DHEFT/NHEFT/GHEFT,IRT-only,0.0,0,0,1,3.2176,4.0731,7.2907,193.87779999999998,5.1992,17,4,170,44,33,11,139.0490931888545,3.7289,38,9,280,141,77,64,144.08416805555555,3.8639,22,9,221,134,75,59,8.620152,0,ok,logs/seed_678197.log
871381,e08y,8,y,baseline_plus_gheft,DHEFT/NHEFT/GHEFT,IRT-only,0.0,0,0,1,3.3472,3.7324,7.0796,199.71949999999995,5.4618,19,7,199,66,30,36,127.63224648710985,3.4904,39,10,301,152,79,73,131.05160859023337,3.5839,23,9,229,148,78,70,8.237008,0,ok,logs/seed_871381.log
855755,e08y,8,y,baseline_plus_gheft,DHEFT/NHEFT/GHEFT,IRT-only,0.0,0,0,1,3.4233,4.8126,8.2359,198.95279999999994,5.115,24,9,208,70,31,39,140.25757870733793,3.606,36,10,296,138,77,61,129.64461479325817,3.3331,25,10,236,134,74,60,10.670506,0,ok,logs/seed_855755.log
137836,e08y,8,y,baseline_plus_gheft,DHEFT/NHEFT/GHEFT,IRT-only,0.0,0,0,1,3.2829,4.0886,7.3715,218.224,5.9437,22,9,189,74,35,39,137.6293408839779,3.7486,34,9,288,143,79,64,156.35444088397793,4.2586,23,9,247,136,76,60,8.846785,0,ok,logs/seed_137836.log
560927,e08y,8,y,baseline_plus_gheft,DHEFT/NHEFT/GHEFT,IRT-only,0.0,0,0,1,2.9401,4.1392,7.0793,280.56059999999997,6.8608,23,8,211,87,42,45,160.51547543985797,3.9252,34,8,284,131,78,53,159.70139478827363,3.9053,23,8,272,148,83,65,9.007023,0,ok,logs/seed_560927.log
47925,e08y,8,y,baseline_plus_gheft,DHEFT/NHEFT/GHEFT,IRT-only,0.0,0,0,1,3.4229,5.0181,8.441,182.7035,4.6539,18,4,166,47,34,13,148.5966710575139,3.7851,36,10,253,125,64,61,169.37515788497217,4.3144,21,9,206,135,71,64,8.875892,0,ok,logs/seed_47925.log
667073,e08y,8,y,baseline_plus_gheft,DHEFT/NHEFT/GHEFT,IRT-only,0.0,0,0,1,3.0811,3.2363,6.3174,182.42379999999997,4.8556,19,7,142,53,33,20,129.9956709439568,3.4601,34,9,264,131,71,60,139.69732772376457,3.7183,24,9,225,129,72,57,8.000223,0,ok,logs/seed_667073.log
153349,e08y,8,y,baseline_plus_gheft,DHEFT/NHEFT/GHEFT,IRT-only,0.0,0,0,1,3.4392,3.8798,7.319,218.81699999999995,4.4988,24,10,166,67,33,34,138.05178800062848,2.8383,32,9,293,130,68,62,136.96764089321402,2.816,22,9,248,134,82,52,8.246142,0,ok,logs/seed_153349.log
263035,e08y,8,y,baseline_plus_gheft,DHEFT/NHEFT/GHEFT,IRT-only,0.0,0,0,1,3.1571,4.0335,7.1906,204.09039999999996,5.2992,20,7,200,57,33,24,136.74809320483104,3.5507,41,9,318,154,79,75,169.1324514953637,4.3915,23,9,256,147,82,65,9.274626,0,ok,logs/seed_263035.log
782665,e08y,8,y,baseline_plus_gheft,DHEFT/NHEFT/GHEFT,IRT-only,0.0,0,0,1,3.0331,4.1462,7.1793,200.57739999999998,4.142,23,8,202,72,41,31,150.0055,3.0976,41,11,321,150,80,70,139.86045691901697,2.8881,26,9,261,143,75,68,8.15802,0,ok,logs/seed_782665.log
372049,e08y,8,y,baseline_plus_gheft,DHEFT/NHEFT/GHEFT,IRT-only,0.0,0,0,1,3.4083,3.5822,6.9905,203.5821,4.4023,16,5,184,67,37,30,137.22554358974358,2.9674,38,9,280,131,69,62,164.00358954030258,3.5465,21,9,247,135,75,60,9.191671,0,ok,logs/seed_372049.log
15262,e08y,8,y,baseline_plus_gheft,DHEFT/NHEFT/GHEFT,IRT-only,0.0,0,0,1,3.7927,5.355,9.1477,199.10190000000006,5.9788,18,5,199,55,27,28,161.49245685776322,4.8494,34,8,296,155,87,68,159.92189425436754,4.8023,18,8,216,134,77,57,8.691928,0,ok,logs/seed_15262.log
745342,e08y,8,y,baseline_plus_gheft,DHEFT/NHEFT/GHEFT,IRT-only,0.0,0,0,1,3.7034,3.6996,7.403,188.06350000000006,4.7267,16,4,198,51,30,21,121.72690204871698,3.0594,39,9,314,142,78,64,133.10795218188483,3.3455,24,9,267,125,72,53,9.288344,0,ok,logs/seed_745342.log
437809,e08y,8,y,baseline_plus_gheft,DHEFT/NHEFT/GHEFT,IRT-only,0.0,0,0,1,3.6745,4.0821,7.7566,166.118,4.7332,15,5,151,44,27,17,112.78170320167511,3.2135,36,9,253,111,60,51,164.60354179206774,4.6901,18,9,210,131,77,54,6.657206,0,ok,logs/seed_437809.log
987435,e08y,8,y,baseline_plus_gheft,DHEFT/NHEFT/GHEFT,IRT-only,0.0,0,0,1,3.7867,3.739,7.5257,215.38729999999998,7.289,18,5,183,66,42,24,122.30533214664489,4.139,35,9,268,130,73,57,140.4853271524615,4.7542,22,9,237,112,67,45,10.096755,0,ok,logs/seed_987435.log
146585,e08y,8,y,baseline_plus_gheft,DHEFT/NHEFT/GHEFT,IRT-only,0.0,0,0,1,3.3039,4.1945,7.4984,253.42600000000002,5.9404,20,8,181,81,33,48,162.11866089308572,3.8001,35,8,286,144,78,66,167.38419450963355,3.9235,22,8,245,140,79,61,10.553409,0,ok,logs/seed_146585.log
368863,e08y,8,y,baseline_plus_gheft,DHEFT/NHEFT/GHEFT,IRT-only,0.0,0,0,1,3.2788,3.999,7.2778,208.5942,4.4372,19,6,190,71,37,34,133.39543384069,2.8376,42,10,318,147,72,75,141.27332222222225,3.0052,25,10,268,150,82,68,11.08021,0,ok,logs/seed_368863.log
572806,e08y,8,y,baseline_plus_gheft,DHEFT/NHEFT/GHEFT,IRT-only,0.0,0,0,1,3.4892,4.2986,7.7878,220.11550000000005,6.0692,23,7,166,76,38,38,138.94489122006306,3.8311,36,9,313,159,82,77,148.32627528282572,4.0898,20,9,252,158,86,72,10.47092,0,ok,logs/seed_572806.log
198288,e08y,8,y,baseline_plus_gheft,DHEFT/NHEFT/GHEFT,IRT-only,0.0,0,0,1,3.6524,4.1094,7.7618,177.2859,5.0885,18,3,215,46,37,9,123.63123548497734,3.5485,39,8,303,136,76,60,127.80571642531002,3.6683,24,8,248,108,66,42,9.590736,0,ok,logs/seed_198288.log
110116,e08y,8,y,baseline_plus_gheft,DHEFT/NHEFT/GHEFT,IRT-only,0.0,0,0,1,3.2279,3.4398,6.6677,227.53819999999996,5.1239,24,8,209,74,39,35,125.9934680483639,2.8372,36,8,284,124,68,56,146.76868628249454,3.305,24,8,261,143,80,63,9.049681,0,ok,logs/seed_110116.log
149047,e08y,8,y,baseline_plus_gheft,DHEFT/NHEFT/GHEFT,IRT-only,0.0,0,0,1,3.6944,4.0614,7.7558,216.2151,6.9522,18,8,179,65,34,31,122.67136308149307,3.9444,39,10,300,142,76,66,168.88084452267395,5.4302,23,10,216,145,82,63,10.396023,0,ok,logs/seed_149047.log
864824,e08y,8,y,baseline_plus_gheft,DHEFT/NHEFT/GHEFT,IRT-only,0.0,0,0,1,3.207,4.601,7.808,179.6326,5.1314,18,5,190,60,37,23,135.6872910214427,3.876,34,11,269,149,72,77,142.91302268041238,4.0825,20,8,245,143,74,69,7.637743,0,ok,logs/seed_864824.log
801768,e08y,8,y,baseline_plus_gheft,DHEFT/NHEFT/GHEFT,IRT-only,0.0,0,0,1,3.4472,3.4255,6.8727,244.461,6.8061,20,7,199,68,38,30,105.27757063197025,2.9311,35,10,306,137,78,59,117.769760090254,3.2789,24,10,256,153,83,70,10.029597,0,ok,logs/seed_801768.log
262875,e08y,8,y,baseline_plus_gheft,DHEFT/NHEFT/GHEFT,IRT-only,0.0,0,0,1,3.4248,3.8205,7.2453,170.65400000000002,4.4176,15,5,160,45,28,17,138.75248712489224,3.5918,35,10,259,113,67,46,143.68866700811284,3.7195,24,10,247,130,75,55,8.166172,0,ok,logs/seed_262875.log
524794,e08y,8,y,baseline_plus_gheft,DHEFT/NHEFT/GHEFT,IRT-only,0.0,0,0,1,2.9965,3.1529,6.1494,195.42800000000005,3.8848,15,5,160,51,30,21,130.3585850998809,2.5913,36,8,286,136,75,61,145.7167420266024,2.8966,21,8,243,117,68,49,10.975515,0,ok,logs/seed_524794.log
824487,e08y,8,y,baseline_plus_gheft,DHEFT/NHEFT/GHEFT,IRT-only,0.0,0,0,1,3.1521,4.4448,7.5969,242.55200000000005,5.372,20,7,173,83,34,49,172.3177878090263,3.8165,30,8,243,132,81,51,187.00994522870175,4.1419,17,8,216,134,77,57,7.238966,0,ok,logs/seed_824487.log
927335,e08y,8,y,baseline_plus_gheft,DHEFT/NHEFT/GHEFT,IRT-only,0.0,0,0,1,3.349,3.9793,7.3283,220.12089999999995,4.851,20,8,188,61,31,30,156.11024702342576,3.4403,41,10,284,126,70,56,154.8293304002885,3.4121,24,10,228,126,71,55,9.134998,0,ok,logs/seed_927335.log
982015,e08y,8,y,baseline_plus_gheft,DHEFT/NHEFT/GHEFT,IRT-only,0.0,0,0,1,3.5528,4.0703,7.6231,189.88530000000003,5.9791,17,7,159,61,31,30,131.57530045491072,4.1431,40,9,265,109,66,43,119.12946653456629,3.7512,26,9,233,107,64,43,7.662055,0,ok,logs/seed_982015.log
205178,e08y,8,y,baseline_plus_gheft,DHEFT/NHEFT/GHEFT,IRT-only,0.0,0,0,1,3.3007,4.2111,7.5118,228.71630000000002,8.4967,19,7,179,76,40,36,126.78111563228093,4.7098,38,8,311,142,75,67,161.89722982316658,6.0144,21,8,252,149,81,68,7.810303,0,ok,logs/seed_205178.log
888604,e08y,8,y,baseline_plus_gheft,DHEFT/NHEFT/GHEFT,IRT-only,0.0,0,0,1,3.3027,4.2759,7.5786,259.45020000000005,5.3276,27,11,190,67,35,32,144.59444645523462,2.9691,39,8,301,137,73,64,174.65810180628839,3.5865,22,8,239,147,77,70,9.676612,0,ok,logs/seed_888604.log
546566,e08y,8,y,baseline_plus_gheft,DHEFT/NHEFT/GHEFT,IRT-only,0.0,0,0,1,3.5863,3.254,6.8403,248.63580000000007,5.1683,20,10,142,73,34,39,123.38544409448716,2.5648,33,8,276,142,78,64,130.81420552995397,2.7192,20,8,215,117,63,54,7.414157,0,ok,logs/seed_546566.log
939943,e08y,8,y,baseline_plus_gheft,DHEFT/NHEFT/GHEFT,IRT-only,0.0,0,0,1,3.596,4.2012,7.7972,232.2395,6.7381,21,7,149,62,36,26,145.92345731024173,4.2338,27,9,249,114,61,53,135.27872282150688,3.9249,19,9,231,143,75,68,7.945948,0,ok,logs/seed_939943.log
461796,e08y,8,y,baseline_plus_gheft,DHEFT/NHEFT/GHEFT,IRT-only,0.0,0,0,1,3.4233,4.5199,7.9432,202.22949999999994,4.5495,19,6,196,61,32,29,158.0419946470213,3.5554,41,10,298,146,72,74,162.40828405633692,3.6537,23,10,245,160,84,76,9.513652,0,ok,logs/seed_461796.log
683805,e08y,8,y,baseline_plus_gheft,DHEFT/NHEFT/GHEFT,IRT-only,0.0,0,0,1,3.5032,3.8055,7.3087,248.7750000000001,6.1704,27,7,240,70,33,37,140.02363011456626,3.473,31,8,284,144,74,70,158.92590173210726,3.9418,20,8,254,139,70,69,9.268852,0,ok,logs/seed_683805.log
273298,e08y,8,y,baseline_plus_gheft,DHEFT/NHEFT/GHEFT,IRT-only,0.0,0,0,1,3.0749,3.177,6.2519,193.9191,4.8448,16,5,200,53,37,16,119.24915043809072,2.9793,42,10,313,136,72,64,144.95038019951943,3.6214,24,10,274,146,79,67,9.740811,0,ok,logs/seed_273298.log
870064,e08y,8,y,baseline_plus_gheft,DHEFT/NHEFT/GHEFT,IRT-only,0.0,0,0,1,3.9648,5.0089,8.9737,194.54750000000004,5.5051,20,8,163,58,33,25,164.9810921933085,4.6685,38,9,278,138,77,61,156.65415202755705,4.4329,21,9,226,145,79,66,7.423169,0,ok,logs/seed_870064.log
739336,e08y,8,y,baseline_plus_gheft,DHEFT/NHEFT/GHEFT,IRT-only,0.0,0,0,1,3.0695,3.9315,7.001,204.9952,4.4112,18,7,172,62,36,26,148.64627773997273,3.1987,33,8,254,131,70,61,155.10208714117124,3.3376,22,8,229,139,78,61,7.040426,0,ok,logs/seed_739336.log
374908,e08y,8,y,baseline_plus_gheft,DHEFT/NHEFT/GHEFT,IRT-only,0.0,0,0,1,3.4623,5.0661,8.5284,183.76999999999998,5.7696,17,8,168,48,32,16,147.62846109295685,4.6349,34,9,277,129,69,60,167.87925736061854,5.2707,24,8,243,138,75,63,9.264412,0,ok,logs/seed_374908.log
489107,e08y,8,y,baseline_plus_gheft,DHEFT/NHEFT/GHEFT,IRT-only,0.0,0,0,1,3.1705,3.6663,6.8368,213.69859999999994,4.5049,17,5,173,56,36,20,133.24915200538024,2.809,37,8,295,142,70,72,130.5493916477163,2.7521,26,8,279,125,71,54,10.013382,0,ok,logs/seed_489107.log
676170,e08y,8,y,baseline_plus_gheft,DHEFT/NHEFT/GHEFT,IRT-only,0.0,0,0,1,3.2183,3.9872,7.2055,219.24790000000004,4.9824,20,9,161,58,31,27,141.0363136225694,3.205,36,9,278,133,72,61,146.64432285399153,3.3325,21,9,243,119,72,47,10.114562,0,ok,logs/seed_676170.log
946643,e08y,8,y,baseline_plus_gheft,DHEFT/NHEFT/GHEFT,IRT-only,0.0,0,0,1,3.6975,5.1018,8.7993,232.76379999999997,6.5539,23,10,174,79,35,44,148.39715630243555,4.1784,36,9,290,159,76,83,163.42537204116638,4.6015,23,9,250,149,76,73,8.814258,0,ok,logs/seed_946643.log
245576,e08y,8,y,baseline_plus_gheft,DHEFT/NHEFT/GHEFT,IRT-only,0.0,0,0,1,3.4308,4.5038,7.9346,200.30899999999997,6.2349,20,7,185,53,28,25,136.63822594643162,4.253,34,8,293,110,65,45,125.75983196930946,3.9144,23,8,262,125,73,52,8.431955,0,ok,logs/seed_245576.log
61677,e08y,8,y,baseline_plus_gheft,DHEFT/NHEFT/GHEFT,IRT-only,0.0,0,0,1,3.4859,4.0148,7.5007,178.0817,3.9267,19,6,190,56,33,23,126.73861263408818,2.7946,33,8,278,130,73,57,140.45136505913186,3.0969,23,8,251,124,73,51,9.460365,0,ok,logs/seed_61677.log
985204,e08y,8,y,baseline_plus_gheft,DHEFT/NHEFT/GHEFT,IRT-only,0.0,0,0,1,3.2247,4.7799,8.0046,207.6207,6.0846,23,6,203,63,38,25,166.08782090592334,4.8674,42,11,306,138,72,66,166.69733420566067,4.8853,23,9,252,167,87,80,9.204037,0,ok,logs/seed_985204.log
957734,e08y,8,y,baseline_plus_gheft,DHEFT/NHEFT/GHEFT,IRT-only,0.0,0,0,1,3.6367,4.5528,8.1895,130.0277,4.1808,15,5,190,35,27,8,130.46178860042465,4.1948,41,10,280,129,66,63,102.76570466956095,3.3042,23,10,239,109,61,48,9.205022,0,ok,logs/seed_957734.log
586973,e08y,8,y,baseline_plus_gheft,DHEFT/NHEFT/GHEFT,IRT-only,0.0,0,0,1,3.1198,3.6115,6.7313,222.8533,6.0258,18,7,150,63,35,28,116.64838064516128,3.1541,29,8,244,97,53,44,143.09033358633775,3.8691,20,8,222,104,54,50,8.728225,0,ok,logs/seed_586973.log
81222,e08y,8,y,baseline_plus_gheft,DHEFT/NHEFT/GHEFT,IRT-only,0.0,0,0,1,3.1653,4.1723,7.3376,238.66159999999996,7.3972,21,9,156,74,33,41,133.46299617509146,4.1366,35,9,276,129,70,59,131.80203655589125,4.0851,22,9,229,118,62,56,7.607492,0,ok,logs/seed_81222.log
985268,e08y,8,y,baseline_plus_gheft,DHEFT/NHEFT/GHEFT,IRT-only,0.0,0,0,1,3.6688,4.8427,8.5115,220.6244,6.2451,19,7,154,62,33,29,152.84132799263355,4.3264,35,8,284,134,71,63,151.64680875870724,4.2926,18,8,219,138,77,61,7.119644,0,ok,logs/seed_985268.log
240715,e08y,8,y,baseline_plus_gheft,DHEFT/NHEFT/GHEFT,IRT-only,0.0,0,0,1,3.7073,4.2653,7.9726,181.79310000000004,5.0004,14,5,163,44,29,15,131.77804604487704,3.6247,39,10,270,138,73,65,139.53395957447952,3.838,24,10,233,144,79,65,9.720096,0,ok,logs/seed_240715.log
336806,e08y,8,y,baseline_plus_gheft,DHEFT/NHEFT/GHEFT,IRT-only,0.0,0,0,1,3.5124,4.9147,8.4271,185.67029999999997,5.6178,19,5,198,52,33,19,158.12538675549007,4.7844,37,8,306,139,73,66,151.9398,4.5972,20,8,253,138,72,66,10.078467,0,ok,logs/seed_336806.log
431396,e08y,8,y,baseline_plus_gheft,DHEFT/NHEFT/GHEFT,IRT-only,0.0,0,0,1,3.73,4.2961,8.0261,209.6233,5.6705,23,8,177,73,37,36,124.42691385681296,3.3659,31,8,252,99,60,39,166.8300170620086,4.5129,20,8,237,108,66,42,8.527203,0,ok,logs/seed_431396.log
850253,e08y,8,y,baseline_plus_gheft,DHEFT/NHEFT/GHEFT,IRT-only,0.0,0,0,1,3.5018,4.3663,7.8681,195.26250000000002,5.595,16,4,187,44,31,13,133.68788465608466,3.8306,33,10,261,123,67,56,134.65340249134783,3.8583,22,9,217,116,62,54,8.142571,0,ok,logs/seed_850253.log
342204,e08y,8,y,baseline_plus_gheft,DHEFT/NHEFT/GHEFT,IRT-only,0.0,0,0,1,3.6474,4.3868,8.0342,236.1548,7.9628,24,9,176,75,35,40,135.3777388888889,4.5647,36,10,288,142,76,66,154.50749726745062,5.2098,19,8,221,140,79,61,8.136416,0,ok,logs/seed_342204.log
810991,e08y,8,y,baseline_plus_gheft,DHEFT/NHEFT/GHEFT,IRT-only,0.0,0,0,1,3.0578,3.3322,6.39,209.269,5.5677,12,4,137,47,32,15,133.1772671810586,3.5432,43,12,264,136,68,68,147.28194634589153,3.9185,27,9,254,139,78,61,10.737646,0,ok,logs/seed_810991.log
895124,e08y,8,y,baseline_plus_gheft,DHEFT/NHEFT/GHEFT,IRT-only,0.0,0,0,1,3.1376,4.4199,7.5575,236.10229999999999,6.9735,15,6,137,59,31,28,154.1280700228833,4.5523,36,9,287,127,68,59,176.1847775508993,5.2038,18,8,222,130,74,56,9.148168,0,ok,logs/seed_895124.log
437866,e08y,8,y,baseline_plus_gheft,DHEFT/NHEFT/GHEFT,IRT-only,0.0,0,0,1,3.7193,4.5891,8.3084,196.8331000000001,4.8073,23,7,204,59,30,29,139.80648599955813,3.4145,40,10,271,135,70,65,149.95420287488747,3.6624,24,10,226,132,77,55,9.710134,0,ok,logs/seed_437866.log
246441,e08y,8,y,baseline_plus_gheft,DHEFT/NHEFT/GHEFT,IRT-only,0.0,0,0,1,3.1351,3.0463,6.1814,188.60950000000003,4.609,17,5,180,54,32,22,122.99602541956077,3.0056,32,9,281,138,73,65,125.42344011582186,3.0649,23,9,263,125,64,61,9.865838,0,ok,logs/seed_246441.log
834777,e08y,8,y,baseline_plus_gheft,DHEFT/NHEFT/GHEFT,IRT-only,0.0,0,0,1,3.4896,4.7977,8.2873,212.84759999999997,5.5546,30,10,203,94,37,57,153.6477381608794,4.0097,35,9,297,138,77,61,160.55411034360333,4.1899,23,9,245,150,85,65,10.112815,0,ok,logs/seed_834777.log
159109,e08y,8,y,baseline_plus_gheft,DHEFT/NHEFT/GHEFT,IRT-only,0.0,0,0,1,3.1927,3.6574,6.8501,200.4318,5.1189,25,7,199,64,36,28,146.80619790421989,3.7494,42,9,311,138,83,55,164.87682749651066,4.2109,24,9,244,155,85,70,9.27121,0,ok,logs/seed_159109.log
469145,e08y,8,y,baseline_plus_gheft,DHEFT/NHEFT/GHEFT,IRT-only,0.0,0,0,1,3.3921,3.651,7.0431,219.1201,6.4923,21,7,151,75,42,33,125.54553632240953,3.7198,31,8,251,121,69,52,128.4934350853933,3.8071,18,8,208,122,71,51,6.310441,0,ok,logs/seed_469145.log
359039,e08y,8,y,baseline_plus_gheft,DHEFT/NHEFT/GHEFT,IRT-only,0.0,0,0,1,3.323,3.6177,6.9407,258.10220000000004,6.3632,26,9,177,86,41,45,129.23386778992207,3.1861,36,9,283,149,78,71,150.6368710888611,3.7138,22,8,235,155,80,75,8.153831,0,ok,logs/seed_359039.log
441554,e08y,8,y,baseline_plus_gheft,DHEFT/NHEFT/GHEFT,IRT-only,0.0,0,0,1,3.7333,4.7991,8.5324,213.63670000000005,4.1226,25,7,205,56,28,28,142.35031289782248,2.747,38,8,311,134,72,62,165.85603747573853,3.2005,19,8,242,137,71,66,9.324056,0,ok,logs/seed_441554.log
981230,e08y,8,y,baseline_plus_gheft,DHEFT/NHEFT/GHEFT,IRT-only,0.0,0,0,1,3.5576,4.4757,8.0333,178.86979999999994,4.952,14,3,179,45,35,10,130.32742309594778,3.6081,38,10,308,138,73,65,144.0625422536975,3.9884,29,10,275,154,76,78,9.53808,0,ok,logs/seed_981230.log
386385,e08y,8,y,baseline_plus_gheft,DHEFT/NHEFT/GHEFT,IRT-only,0.0,0,0,1,3.55,4.8286,8.3786,164.15439999999995,4.2435,16,5,160,40,27,13,150.80423774144094,3.8984,34,8,257,114,69,45,167.4734197003541,4.3293,20,8,219,97,59,38,7.872427,0,ok,logs/seed_386385.log
667900,e08y,8,y,baseline_plus_gheft,DHEFT/NHEFT/GHEFT,IRT-only,0.0,0,0,1,3.1288,4.5174,7.6462,175.61630000000002,4.9988,18,5,169,49,31,18,153.03876163647305,4.3561,33,9,280,132,71,61,138.4038281690141,3.9395,25,9,261,145,77,68,10.767553,0,ok,logs/seed_667900.log
361299,e08y,8,y,baseline_plus_gheft,DHEFT/NHEFT/GHEFT,IRT-only,0.0,0,0,1,3.4427,4.8333,8.276,176.17409999999992,4.7722,14,3,171,49,35,14,155.2908254536238,4.2065,40,10,282,140,76,64,116.97732480620158,3.1686,23,10,245,139,73,66,9.035829,0,ok,logs/seed_361299.log
270600,e08y,8,y,baseline_plus_gheft,DHEFT/NHEFT/GHEFT,IRT-only,0.0,0,0,1,3.3954,3.5564,6.9518,187.83739999999997,5.6981,19,5,204,63,37,26,119.49883132611203,3.625,45,10,310,151,76,75,133.36423584672434,4.0456,28,10,256,149,75,74,7.44689,0,ok,logs/seed_270600.log
399493,e08y,8,y,baseline_plus_gheft,DHEFT/NHEFT/GHEFT,IRT-only,0.0,0,0,1,3.1146,3.657,6.7716,195.4395,4.6527,19,5,196,58,37,21,144.37655042016803,3.4371,31,8,238,114,65,49,141.36931899641576,3.3655,19,8,205,112,66,46,8.454315,0,ok,logs/seed_399493.log
344401,e08y,8,y,baseline_plus_gheft,DHEFT/NHEFT/GHEFT,IRT-only,0.0,0,0,1,3.9115,4.3686,8.2801,212.5994,5.4857,18,6,191,66,39,27,132.85576445261762,3.4281,35,10,304,162,90,72,155.13330049053963,4.0029,23,10,237,149,81,68,9.9799,0,ok,logs/seed_344401.log
440653,e08y,8,y,baseline_plus_gheft,DHEFT/NHEFT/GHEFT,IRT-only,0.0,0,0,1,3.2256,3.6475,6.8731,247.93569999999994,4.8166,30,12,220,86,40,46,145.8158673503002,2.8328,36,8,313,144,73,71,152.3690488372093,2.9601,25,8,282,123,64,59,8.410129,0,ok,logs/seed_440653.log
422829,e08y,8,y,baseline_plus_gheft,DHEFT/NHEFT/GHEFT,IRT-only,0.0,0,0,1,3.0075,4.8211,7.8286,234.65179999999998,5.8551,18,7,176,58,33,25,181.82060630715682,4.5369,43,12,316,172,82,90,194.1348381796668,4.8441,24,10,249,178,88,90,10.356434,0,ok,logs/seed_422829.log
194493,e08y,8,y,baseline_plus_gheft,DHEFT/NHEFT/GHEFT,IRT-only,0.0,0,0,1,3.4143,4.2972,7.7115,214.24339999999995,4.8121,16,6,171,57,35,22,145.69100000473256,3.2724,46,10,310,157,78,79,159.1013473933649,3.5736,26,10,258,149,76,73,10.297544,0,ok,logs/seed_194493.log
79088,e08y,8,y,baseline_plus_gheft,DHEFT/NHEFT/GHEFT,IRT-only,0.0,0,0,1,3.1749,4.0936,7.2685,217.30959999999993,4.5944,17,6,174,61,37,24,154.83722831290385,3.2736,33,8,287,138,77,61,146.99672420382166,3.1079,21,8,258,138,79,59,7.382616,0,ok,logs/seed_79088.log
144274,e08y,8,y,baseline_plus_gheft,DHEFT/NHEFT/GHEFT,IRT-only,0.0,0,0,1,2.8169,3.4244,6.2413,196.48560000000006,5.1235,19,6,180,58,32,26,133.64225932867762,3.4848,36,10,299,151,76,75,127.75471566031034,3.3313,27,10,263,138,76,62,9.174001,0,ok,logs/seed_144274.log
568701,e08y,8,y,baseline_plus_gheft,DHEFT/NHEFT/GHEFT,IRT-only,0.0,0,0,1,3.8456,5.1117,8.9573,189.188,6.6264,20,5,227,53,35,18,134.2032216126487,4.7006,37,9,283,157,83,74,149.42501259247106,5.2337,22,9,231,139,71,68,8.583202,0,ok,logs/seed_568701.log
643829,e08y,8,y,baseline_plus_gheft,DHEFT/NHEFT/GHEFT,IRT-only,0.0,0,0,1,3.2873,3.989,7.2763,231.7902,6.5047,18,5,157,52,34,18,121.43307902768193,3.4077,38,8,307,125,65,60,132.14381976842265,3.7083,25,8,268,123,69,54,8.541642,0,ok,logs/seed_643829.log
271983,e08y,8,y,baseline_plus_gheft,DHEFT/NHEFT/GHEFT,IRT-only,0.0,0,0,1,3.2944,3.639,6.9334,201.50339999999997,5.5616,22,8,175,71,38,33,109.46426383197675,3.0213,39,10,312,157,86,71,141.67883624439781,3.9104,25,10,255,153,82,71,9.594836,0,ok,logs/seed_271983.log
197314,e08y,8,y,baseline_plus_gheft,DHEFT/NHEFT/GHEFT,IRT-only,0.0,0,0,1,3.2099,3.6301,6.84,189.9795,4.9882,22,6,209,53,34,19,132.33760481903857,3.4747,37,10,288,150,81,69,129.19655364497262,3.3922,29,10,236,125,64,61,8.889287,0,ok,logs/seed_197314.log
994686,e08y,8,y,baseline_plus_gheft,DHEFT/NHEFT/GHEFT,IRT-only,0.0,0,0,1,3.6684,5.3782,9.0466,179.0443,4.8366,17,5,188,50,31,19,147.35137552261693,3.9805,40,9,307,148,73,75,160.80551366042837,4.3439,20,9,235,151,78,73,9.87056,0,ok,logs/seed_994686.log
282842,e08y,8,y,baseline_plus_gheft,DHEFT/NHEFT/GHEFT,IRT-only,0.0,0,0,1,3.547,4.8058,8.3528,212.088,5.6407,23,7,166,71,36,35,138.85760332409976,3.6931,32,8,277,127,73,54,133.67325015545967,3.5552,20,8,245,142,70,72,7.344077,0,ok,logs/seed_282842.log
137602,e08y,8,y,baseline_plus_gheft,DHEFT/NHEFT/GHEFT,IRT-only,0.0,0,0,1,3.4365,3.8453,7.2818,171.1186,3.7127,18,5,201,59,38,21,127.32146682346401,2.7624,38,9,293,146,78,68,132.49861723635422,2.8748,22,9,238,139,76,63,10.908505,0,ok,logs/seed_137602.log
472131,e08y,8,y,baseline_plus_gheft,DHEFT/NHEFT/GHEFT,IRT-only,0.0,0,0,1,3.1944,3.4382,6.6326,203.0013,4.9149,21,5,209,55,34,21,136.5937426940863,3.3071,44,11,306,179,88,91,138.65132389890707,3.3569,24,11,250,144,78,66,9.103153,0,ok,logs/seed_472131.log
327054,e08y,8,y,baseline_plus_gheft,DHEFT/NHEFT/GHEFT,IRT-only,0.0,0,0,1,3.5768,4.2677,7.8445,222.0708,5.9811,23,10,207,69,38,31,140.32372608673532,3.7794,38,9,279,142,80,62,155.02871750972764,4.1754,27,9,245,134,77,57,8.00075,0,ok,logs/seed_327054.log
416581,e08y,8,y,baseline_plus_gheft,DHEFT/NHEFT/GHEFT,IRT-only,0.0,0,0,1,3.3533,4.1756,7.5289,183.0507,4.5555,15,4,171,40,30,10,132.37660952380952,3.2944,33,9,300,123,63,60,152.3212308802309,3.7907,21,8,253,128,69,59,9.111989,0,ok,logs/seed_416581.log
223716,e08y,8,y,baseline_plus_gheft,DHEFT/NHEFT/GHEFT,IRT-only,0.0,0,0,1,3.3394,5.1211,8.4605,243.50300000000001,6.3837,24,11,197,90,38,52,161.47284702354176,4.2332,40,10,304,145,71,74,176.64679963362215,4.631,22,10,247,176,83,93,12.168836,0,ok,logs/seed_223716.log
116436,e08y,8,y,baseline_plus_gheft,DHEFT/NHEFT/GHEFT,IRT-only,0.0,0,0,1,3.5051,4.7284,8.2335,199.77179999999996,5.5874,13,5,168,44,39,5,166.2146872711421,4.6489,37,10,292,150,78,72,163.43642496372155,4.5711,26,10,267,146,83,63,9.953805,0,ok,logs/seed_116436.log
650936,e08y,8,y,baseline_plus_gheft,DHEFT/NHEFT/GHEFT,IRT-only,0.0,0,0,1,3.2169,5.0784,8.2953,163.07580000000004,4.8476,14,4,164,39,32,7,180.8622642441229,5.3764,42,10,304,157,75,82,182.18178777120318,5.4156,25,10,252,156,78,78,7.926913,0,ok,logs/seed_650936.log
516657,e08y,8,y,baseline_plus_gheft,DHEFT/NHEFT/GHEFT,IRT-only,0.0,0,0,1,3.4078,4.1361,7.5439,179.91469999999998,4.5601,16,7,153,50,30,20,154.82767473988392,3.9242,35,8,291,133,76,57,170.13537869909644,4.3122,18,8,206,125,72,53,8.113082,0,ok,logs/seed_516657.log
687865,e08y,8,y,baseline_plus_gheft,DHEFT/NHEFT/GHEFT,IRT-only,0.0,0,0,1,3.1964,4.7169,7.9133,199.6419999999999,6.1419,18,6,174,59,37,22,182.36570342919362,5.6104,36,10,290,178,93,85,172.99489698085225,5.3221,22,10,240,157,88,69,7.501989,0,ok,logs/seed_687865.log
715106,e08y,8,y,baseline_plus_gheft,DHEFT/NHEFT/GHEFT,IRT-only,0.0,0,0,1,3.4501,3.9716,7.4217,204.41089999999997,4.8303,14,5,178,52,34,18,138.26418956071802,3.2672,37,10,288,148,77,71,142.8809065115791,3.3763,27,10,241,134,74,60,10.47583,0,ok,logs/seed_715106.log
293374,e08y,8,y,baseline_plus_gheft,DHEFT/NHEFT/GHEFT,IRT-only,0.0,0,0,1,3.4433,4.2331,7.6764,251.63060000000002,6.4389,26,7,203,77,38,39,133.7549978277542,3.4226,34,8,256,123,69,54,158.5326680284192,4.0567,22,8,228,135,75,60,8.425315,0,ok,logs/seed_293374.log
658834,e08y,8,y,baseline_plus_gheft,DHEFT/NHEFT/GHEFT,IRT-only,0.0,0,0,1,3.7039,5.4104,9.1143,198.33139999999997,5.9347,17,5,144,66,38,28,128.54314285714287,3.8464,38,10,273,138,71,67,140.21843332225495,4.1958,25,10,238,136,72,64,9.306084,0,ok,logs/seed_658834.log
23329,e08y,8,y,baseline_plus_gheft,DHEFT/NHEFT/GHEFT,IRT-only,0.0,0,0,1,3.4734,3.5302,7.0036,203.13549999999998,6.679,20,7,162,73,35,38,131.4043197182166,4.3205,34,10,266,132,69,63,106.8958374301676,3.5147,24,10,234,126,69,57,8.295593,0,ok,logs/seed_23329.log
661707,e08y,8,y,baseline_plus_gheft,DHEFT/NHEFT/GHEFT,IRT-only,0.0,0,0,1,3.6396,4.1287,7.7683,208.56470000000002,4.5895,20,7,188,57,31,26,142.57851198397137,3.1375,40,10,294,147,74,73,128.88790208411248,2.8362,22,8,238,117,70,47,8.500961,0,ok,logs/seed_661707.log
579773,e08y,8,y,baseline_plus_gheft,DHEFT/NHEFT/GHEFT,IRT-only,0.0,0,0,1,3.6445,4.8531,8.4976,205.4728,5.1871,28,9,231,64,36,28,150.4826106671767,3.7989,36,10,276,141,79,62,151.04376910431037,3.8131,24,10,247,161,81,80,9.390019,0,ok,logs/seed_579773.log
688431,e08y,8,y,baseline_plus_gheft,DHEFT/NHEFT/GHEFT,IRT-only,0.0,0,0,1,3.3295,3.8154,7.1449,257.2231999999999,5.7739,20,7,168,61,30,31,131.21937127462058,2.9455,42,10,292,129,69,60,161.61002969602126,3.6277,27,10,245,138,79,59,9.356419,0,ok,logs/seed_688431.log
735633,e08y,8,y,baseline_plus_gheft,DHEFT/NHEFT/GHEFT,IRT-only,0.0,0,0,1,3.3866,4.2487,7.6353,222.2352,5.122,19,5,209,77,46,31,166.53268996587613,3.8382,36,8,302,154,81,73,177.2885662959462,4.0861,21,8,241,143,87,56,7.226858,0,ok,logs/seed_735633.log
208263,e08y,8,y,baseline_plus_gheft,DHEFT/NHEFT/GHEFT,IRT-only,0.0,0,0,1,3.3493,3.8474,7.1967,209.80609999999993,5.0004,18,8,181,65,32,33,147.7193448019273,3.5206,35,10,299,158,79,79,160.380725543779,3.8224,23,10,250,158,80,78,8.350942,0,ok,logs/seed_208263.log
733953,e08y,8,y,baseline_plus_gheft,DHEFT/NHEFT/GHEFT,IRT-only,0.0,0,0,1,3.4847,3.8926,7.3773,229.959,5.7593,24,9,170,67,31,36,141.1102880291055,3.5341,39,8,314,134,67,67,147.04790935140213,3.6828,20,8,242,133,77,56,8.41389,0,ok,logs/seed_733953.log
241442,e08y,8,y,baseline_plus_gheft,DHEFT/NHEFT/GHEFT,IRT-only,0.0,0,0,1,3.284,4.8036,8.0876,189.0692,5.9411,17,7,166,53,29,24,155.06854638529094,4.8727,38,9,286,139,74,65,169.7090325408618,5.3328,21,9,244,148,79,69,9.860397,0,ok,logs/seed_241442.log
665452,e08y,8,y,baseline_plus_gheft,DHEFT/NHEFT/GHEFT,IRT-only,0.0,0,0,1,3.5427,3.9187,7.4614,206.06209999999996,5.2797,19,8,180,47,28,19,135.34776263345196,3.4679,40,10,294,159,81,78,149.90219821096002,3.8408,24,10,250,162,90,72,9.915213,0,ok,logs/seed_665452.log
631051,e08y,8,y,baseline_plus_gheft,DHEFT/NHEFT/GHEFT,IRT-only,0.0,0,0,1,3.3037,4.2328,7.5365,191.1721,6.6261,17,7,182,55,35,20,147.07513367463022,5.0977,40,9,302,155,81,74,157.0895768439108,5.4448,23,9,257,152,81,71,9.530888,0,ok,logs/seed_631051.log
497919,e08y,8,y,baseline_plus_gheft,DHEFT/NHEFT/GHEFT,IRT-only,0.0,0,0,1,3.1302,4.1959,7.3261,220.37380000000002,5.4047,27,10,180,72,33,39,148.4069872745462,3.6397,33,8,289,143,71,72,167.31214141260114,4.1034,23,8,263,137,73,64,8.590887,0,ok,logs/seed_497919.log
960027,e08y,8,y,baseline_plus_gheft,DHEFT/NHEFT/GHEFT,IRT-only,0.0,0,0,1,3.6844,4.2145,7.8989,237.44960000000003,7.5071,17,5,172,57,35,22,130.2530937888199,4.118,35,9,270,127,68,59,146.2658383815076,4.6243,25,9,228,119,65,54,7.864481,0,ok,logs/seed_960027.log
305476,e08y,8,y,baseline_plus_gheft,DHEFT/NHEFT/GHEFT,IRT-only,0.0,0,0,1,3.8772,5.1178,8.995,225.3935,4.8275,23,12,166,87,36,51,142.5954844005817,3.0541,37,10,290,145,71,74,150.38400842911878,3.2209,22,9,241,154,75,79,9.623956,0,ok,logs/seed_305476.log
365837,e08y,8,y,baseline_plus_gheft,DHEFT/NHEFT/GHEFT,IRT-only,0.0,0,0,1,3.1793,3.7967,6.976,218.03769999999994,5.2935,15,4,187,58,38,20,131.16802890521404,3.1845,34,8,286,120,66,54,127.69576516843426,3.1002,23,8,246,117,70,47,7.961834,0,ok,logs/seed_365837.log
514986,e08y,8,y,baseline_plus_gheft,DHEFT/NHEFT/GHEFT,IRT-only,0.0,0,0,1,3.0752,4.8761,7.9513,244.15710000000007,4.2731,22,6,181,66,35,31,166.49127254153186,2.9138,38,8,307,148,76,72,181.03824918248483,3.1684,25,8,261,139,72,67,8.545953,0,ok,logs/seed_514986.log
291361,e08y,8,y,baseline_plus_gheft,DHEFT/NHEFT/GHEFT,IRT-only,0.0,0,0,1,3.9875,4.1144,8.1019,223.70599999999996,5.5764,19,7,177,63,33,30,123.82419296187685,3.0866,31,8,275,142,75,67,139.25473223443225,3.4712,18,8,231,143,81,62,8.478005,0,ok,logs/seed_291361.log
831040,e08y,8,y,baseline_plus_gheft,DHEFT/NHEFT/GHEFT,IRT-only,0.0,0,0,1,3.4077,3.7299,7.1376,207.17710000000005,4.8003,18,7,165,62,37,25,123.30680263620386,2.857,34,9,282,131,72,59,151.89845444373813,3.5195,22,9,238,136,78,58,8.28863,0,ok,logs/seed_831040.log
900613,e08y,8,y,baseline_plus_gheft,DHEFT/NHEFT/GHEFT,IRT-only,0.0,0,0,1,3.2339,3.9954,7.2293,189.83280000000002,4.9839,13,4,161,53,35,18,157.08296778509606,4.1241,32,8,268,129,70,59,160.03513041666034,4.2016,24,8,250,117,65,52,8.484125,0,ok,logs/seed_900613.log
738426,e08y,8,y,baseline_plus_gheft,DHEFT/NHEFT/GHEFT,IRT-only,0.0,0,0,1,3.4026,4.5994,8.002,201.50340000000006,5.0707,20,7,195,66,38,28,151.6622959129365,3.8165,40,9,297,140,71,69,148.8357699599604,3.7453,23,9,251,141,70,71,9.380214,0,ok,logs/seed_738426.log
924607,e08y,8,y,baseline_plus_gheft,DHEFT/NHEFT/GHEFT,IRT-only,0.0,0,0,1,3.5069,5.1497,8.6566,191.43040000000005,4.9208,18,8,153,49,28,21,149.8573712863401,3.8521,37,10,259,136,79,57,185.07849915200563,4.7575,28,10,257,145,74,71,10.534643,0,ok,logs/seed_924607.log
461861,e08y,8,y,baseline_plus_gheft,DHEFT/NHEFT/GHEFT,IRT-only,0.0,0,0,1,3.077,4.0541,7.1311,171.28799999999998,5.5042,16,5,179,41,28,13,136.21910252298673,4.3773,33,8,268,119,63,56,152.15556776864224,4.8894,25,8,234,102,59,43,8.412415,0,ok,logs/seed_461861.log
854725,e08y,8,y,baseline_plus_gheft,DHEFT/NHEFT/GHEFT,IRT-only,0.0,0,0,1,3.4886,4.332,7.8206,249.95820000000006,6.975,24,8,203,70,39,31,151.73275146677085,4.2341,44,10,310,156,77,79,147.03315694608645,4.1029,28,10,287,158,86,72,9.049693,0,ok,logs/seed_854725.log
808927,e08y,8,y,baseline_plus_gheft,DHEFT/NHEFT/GHEFT,IRT-only,0.0,0,0,1,3.6034,5.6646,9.268,235.54649999999998,6.784,17,9,159,66,33,33,161.18353420151385,4.6423,35,9,283,147,68,79,185.09680481952975,5.331,23,9,256,129,72,57,11.055602,0,ok,logs/seed_808927.log
826006,e08y,8,y,baseline_plus_gheft,DHEFT/NHEFT/GHEFT,IRT-only,0.0,0,0,1,3.2828,4.4671,7.7499,177.14089999999996,4.1024,14,4,170,42,32,10,134.79213987113374,3.1216,38,10,286,149,71,78,154.24256338361138,3.5721,27,10,260,142,76,66,9.190219,0,ok,logs/seed_826006.log
522333,e08y,8,y,baseline_plus_gheft,DHEFT/NHEFT/GHEFT,IRT-only,0.0,0,0,1,3.3742,5.2006,8.5748,223.1079,6.059,14,5,150,58,39,19,163.55986024904217,4.4418,32,8,268,132,76,56,155.94816939501786,4.2351,20,8,231,140,74,66,9.616758,0,ok,logs/seed_522333.log
245912,e08y,8,y,baseline_plus_gheft,DHEFT/NHEFT/GHEFT,IRT-only,0.0,0,0,1,3.6238,4.8316,8.4554,218.14960000000005,4.839,16,5,149,51,34,17,138.81263375947447,3.0792,38,9,284,128,73,55,158.90978201378877,3.525,22,9,244,160,87,73,10.555297,0,ok,logs/seed_245912.log
758389,e08y,8,y,baseline_plus_gheft,DHEFT/NHEFT/GHEFT,IRT-only,0.0,0,0,1,3.579,4.3237,7.9027,215.9737,6.6853,14,5,146,53,31,22,134.71997185144173,4.1702,31,9,251,131,73,58,141.6165437640053,4.3836,23,9,226,132,76,56,10.192614,0,ok,logs/seed_758389.log
631363,e08y,8,y,baseline_plus_gheft,DHEFT/NHEFT/GHEFT,IRT-only,0.0,0,0,1,3.4348,4.4001,7.8349,215.83330000000007,5.8251,23,7,210,74,38,36,130.52065099337753,3.5226,35,10,292,162,79,83,122.46948437824493,3.3053,26,10,254,161,80,81,11.47675,0,ok,logs/seed_631363.log
766985,e08y,8,y,baseline_plus_gheft,DHEFT/NHEFT/GHEFT,IRT-only,0.0,0,0,1,3.4833,3.6365,7.1198,223.82410000000002,5.8687,24,10,164,68,32,36,130.05005041155218,3.41,30,9,275,139,72,67,134.15130618025327,3.5175,24,9,245,133,69,64,9.678927,0,ok,logs/seed_766985.log
582309,e08y,8,y,baseline_plus_gheft,DHEFT/NHEFT/GHEFT,IRT-only,0.0,0,0,1,3.5291,3.5255,7.0546,205.35839999999993,6.2816,12,4,142,47,30,17,120.35685108804824,3.6816,38,8,267,117,67,50,135.29343036371847,4.1385,20,8,212,97,61,36,6.326491,0,ok,logs/seed_582309.log
846927,e08y,8,y,baseline_plus_gheft,DHEFT/NHEFT/GHEFT,IRT-only,0.0,0,0,1,3.2938,4.4487,7.7425,244.87940000000003,7.0049,28,10,222,100,37,63,176.26224788273612,5.042,34,8,316,146,80,66,172.82033827252258,4.9436,19,8,246,140,80,60,10.142652,0,ok,logs/seed_846927.log
763059,e08y,8,y,baseline_plus_gheft,DHEFT/NHEFT/GHEFT,IRT-only,0.0,0,0,1,3.7206,4.8577,8.5783,228.46679999999998,5.5073,27,11,164,77,36,41,145.54982337322616,3.5086,30,8,265,122,67,55,148.4057438202247,3.5774,23,8,256,128,71,57,7.285639,0,ok,logs/seed_763059.log
861602,e08y,8,y,baseline_plus_gheft,DHEFT/NHEFT/GHEFT,IRT-only,0.0,0,0,1,3.926,4.7064,8.6324,211.47480000000002,6.483,16,5,179,53,31,22,144.89837481590573,4.4421,38,9,304,140,69,71,183.4407177267655,5.6236,20,9,233,157,85,72,8.96888,0,ok,logs/seed_861602.log
631173,e08y,8,y,baseline_plus_gheft,DHEFT/NHEFT/GHEFT,IRT-only,0.0,0,0,1,3.4903,3.7494,7.2397,176.38689999999997,4.3322,19,5,202,54,34,20,130.4510624565469,3.204,41,10,271,110,64,46,141.64928895510528,3.479,26,10,256,134,77,57,10.604191,0,ok,logs/seed_631173.log
53408,e08y,8,y,baseline_plus_gheft,DHEFT/NHEFT/GHEFT,IRT-only,0.0,0,0,1,3.4803,4.3066,7.7869,262.08599999999996,6.7492,19,9,137,57,31,26,144.78380774251585,3.7285,32,9,274,139,77,62,175.2208973238246,4.5123,17,9,215,135,74,61,10.349889,0,ok,logs/seed_53408.log
328439,e08y,8,y,baseline_plus_gheft,DHEFT/NHEFT/GHEFT,IRT-only,0.0,0,0,1,3.226,3.8816,7.1076,221.8252,6.3491,24,10,206,79,33,46,123.52480844242966,3.5356,39,8,301,132,71,61,128.56547235929835,3.6798,27,8,269,122,72,50,9.090126,0,ok,logs/seed_328439.log
1087,e08y,8,y,baseline_plus_gheft,DHEFT/NHEFT/GHEFT,IRT-only,0.0,0,0,1,3.1979,4.383,7.5809,189.76770000000002,4.567,21,7,202,54,33,21,133.82361616481774,3.2206,42,9,305,141,71,70,145.8524581374311,3.5101,23,9,244,146,75,71,8.536677,0,ok,logs/seed_1087.log
577361,e08y,8,y,baseline_plus_gheft,DHEFT/NHEFT/GHEFT,IRT-only,0.0,0,0,1,3.6871,4.6325,8.3196,227.70800000000003,5.5661,14,6,164,52,39,13,161.6810753623188,3.9522,38,9,285,169,90,79,159.86288115942025,3.9077,18,9,225,152,89,63,9.104205,0,ok,logs/seed_577361.log
72146,e08y,8,y,baseline_plus_gheft,DHEFT/NHEFT/GHEFT,IRT-only,0.0,0,0,1,3.4202,4.2153,7.6355,190.109,5.7526,22,8,182,55,31,24,112.12146916309499,3.3927,37,10,284,130,67,63,126.51836649746195,3.8284,23,10,245,131,72,59,9.405681,0,ok,logs/seed_72146.log
479068,e08y,8,y,baseline_plus_gheft,DHEFT/NHEFT/GHEFT,IRT-only,0.0,0,0,1,2.8526,3.9889,6.8415,217.2408,7.1774,19,6,180,59,33,26,149.66612951547796,4.9448,29,8,260,129,70,59,159.54709181500814,5.2713,24,8,240,139,77,62,7.483546,0,ok,logs/seed_479068.log
267093,e08y,8,y,baseline_plus_gheft,DHEFT/NHEFT/GHEFT,IRT-only,0.0,0,0,1,2.6588,3.6941,6.3529,227.27300000000005,5.649,18,3,214,58,40,18,153.4080961079634,3.813,35,9,315,148,78,70,160.38422667977906,3.9864,25,9,267,135,76,59,8.97829,0,ok,logs/seed_267093.log
174052,e08y,8,y,baseline_plus_gheft,DHEFT/NHEFT/GHEFT,IRT-only,0.0,0,0,1,3.0995,3.9582,7.0577,173.62240000000003,4.7024,15,3,184,48,35,13,120.69276398946157,3.2689,43,11,323,151,69,82,147.80535058121416,4.0032,23,10,252,163,77,86,9.456348,0,ok,logs/seed_174052.log
224195,e08y,8,y,baseline_plus_gheft,DHEFT/NHEFT/GHEFT,IRT-only,0.0,0,0,1,2.8762,3.3405,6.2167,236.90899999999996,6.5739,25,10,189,82,33,49,145.63910435053114,4.0413,36,9,287,129,76,53,148.5804641616259,4.1229,25,9,242,149,91,58,8.982028,0,ok,logs/seed_224195.log
203906,e08y,8,y,baseline_plus_gheft,DHEFT/NHEFT/GHEFT,IRT-only,0.0,0,0,1,3.6054,4.897,8.5024,235.27319999999995,6.2397,30,11,198,93,37,56,145.42510031532615,3.8568,34,9,258,128,74,54,168.9452611520837,4.4806,20,9,230,151,84,67,7.89604,0,ok,logs/seed_203906.log
223610,e08y,8,y,baseline_plus_gheft,DHEFT/NHEFT/GHEFT,IRT-only,0.0,0,0,1,3.1877,4.6703,7.858,190.3584,5.6376,15,5,173,43,26,17,141.81115992688493,4.1998,34,8,285,123,65,58,150.78526024947314,4.4656,22,8,237,133,68,65,7.467041,0,ok,logs/seed_223610.log
765827,e08y,8,y,baseline_plus_gheft,DHEFT/NHEFT/GHEFT,IRT-only,0.0,0,0,1,3.3454,4.4243,7.7697,205.9937,5.0326,14,4,171,51,35,16,159.9380774755231,3.9074,36,8,281,130,69,61,154.79447747552308,3.7817,20,8,254,126,72,54,10.118571,0,ok,logs/seed_765827.log
597825,e08y,8,y,baseline_plus_gheft,DHEFT/NHEFT/GHEFT,IRT-only,0.0,0,0,1,3.5048,4.4304,7.9352,190.85129999999998,4.5972,16,4,162,48,33,15,145.91950955564587,3.5149,40,9,279,134,71,63,148.1766154641087,3.5693,20,9,213,119,72,47,8.530577,0,ok,logs/seed_597825.log
743325,e08y,8,y,baseline_plus_gheft,DHEFT/NHEFT/GHEFT,IRT-only,0.0,0,0,1,3.4214,4.9125,8.3339,200.1971,6.7141,20,5,205,57,35,22,133.3769727958422,4.4731,35,8,277,127,67,60,159.6412989304813,5.3539,20,8,245,148,75,73,9.917165,0,ok,logs/seed_743325.log
459404,e08y,8,y,baseline_plus_gheft,DHEFT/NHEFT/GHEFT,IRT-only,0.0,0,0,1,2.7817,3.5332,6.3149,224.63539999999995,5.3313,23,8,205,80,38,42,172.0948891326115,4.0844,39,9,303,149,81,68,184.41257131370602,4.3767,26,9,253,152,86,66,8.100368,0,ok,logs/seed_459404.log
644891,e08y,8,y,baseline_plus_gheft,DHEFT/NHEFT/GHEFT,IRT-only,0.0,0,0,1,3.5062,4.4514,7.9576,199.65999999999997,4.596,20,7,175,51,31,20,148.1166120665742,3.4095,43,9,295,140,78,62,150.30483557141562,3.4599,25,9,230,126,68,58,8.970038,0,ok,logs/seed_644891.log
112316,e08y,8,y,baseline_plus_gheft,DHEFT/NHEFT/GHEFT,IRT-only,0.0,0,0,1,3.3973,3.806,7.2033,209.24490000000003,5.3956,23,9,191,69,36,33,130.5387376068376,3.3661,34,9,276,120,67,53,138.43247951807228,3.5696,24,9,238,128,72,56,10.393918,0,ok,logs/seed_112316.log
708240,e08y,8,y,baseline_plus_gheft,DHEFT/NHEFT/GHEFT,IRT-only,0.0,0,0,1,3.3133,4.3887,7.702,204.49369999999996,4.8099,17,6,172,61,38,23,149.15430564911617,3.5083,28,8,245,117,70,47,174.33162775798294,4.1005,20,8,222,124,70,54,8.161172,0,ok,logs/seed_708240.log
988612,e08y,8,y,baseline_plus_gheft,DHEFT/NHEFT/GHEFT,IRT-only,0.0,0,0,1,3.4215,3.5217,6.9432,208.31669999999997,6.0851,16,5,136,49,33,16,127.29303248767853,3.7183,33,8,279,121,68,53,138.6040690638864,4.0487,20,8,238,135,74,61,8.002968,0,ok,logs/seed_988612.log
737269,e08y,8,y,baseline_plus_gheft,DHEFT/NHEFT/GHEFT,IRT-only,0.0,0,0,1,3.6409,4.4962,8.1371,184.6178,4.4033,19,6,170,56,32,24,137.6963564004672,3.2842,30,9,283,132,73,59,140.87520787414547,3.36,20,8,233,119,71,48,9.258875,0,ok,logs/seed_737269.log
670045,e08y,8,y,baseline_plus_gheft,DHEFT/NHEFT/GHEFT,IRT-only,0.0,0,0,1,3.4669,4.0089,7.4758,269.8581,7.4002,14,4,137,57,39,18,132.42339235707666,3.6314,31,10,266,142,75,67,128.06163747920758,3.5118,25,10,222,129,70,59,9.684525,0,ok,logs/seed_670045.log
697981,e08y,8,y,baseline_plus_gheft,DHEFT/NHEFT/GHEFT,IRT-only,0.0,0,0,1,3.1442,4.2263,7.3705,178.08330000000004,5.4558,21,6,184,56,38,18,138.90507030877313,4.2555,41,10,300,149,69,80,156.23425423546672,4.7864,27,10,253,158,80,78,9.518186,0,ok,logs/seed_697981.log
940926,e08y,8,y,baseline_plus_gheft,DHEFT/NHEFT/GHEFT,IRT-only,0.0,0,0,1,4.0302,5.1914,9.2216,220.68280000000001,6.6825,15,8,148,59,34,25,145.3008601970976,4.3999,33,8,270,133,74,59,171.12420521535802,5.1818,18,8,217,132,75,57,8.551064,0,ok,logs/seed_940926.log
245466,e08y,8,y,baseline_plus_gheft,DHEFT/NHEFT/GHEFT,IRT-only,0.0,0,0,1,3.8157,4.7117,8.5274,191.62829999999997,4.1383,20,8,181,59,30,29,152.14205110328402,3.2856,35,11,289,137,71,66,158.1768031397175,3.4159,24,10,254,140,77,63,12.599134,0,ok,logs/seed_245466.log
863385,e08y,8,y,baseline_plus_gheft,DHEFT/NHEFT/GHEFT,IRT-only,0.0,0,0,1,3.4655,3.659,7.1245,202.23180000000002,4.826,26,10,206,75,32,43,141.59813325526932,3.3791,41,9,327,154,78,76,136.01445391123946,3.2458,23,8,257,138,78,60,8.916097,0,ok,logs/seed_863385.log
502084,e08y,8,y,baseline_plus_gheft,DHEFT/NHEFT/GHEFT,IRT-only,0.0,0,0,1,3.3792,4.8758,8.255,190.38870000000006,4.3724,19,6,198,52,33,19,151.52981048694556,3.48,39,9,298,170,81,89,178.3953399312109,4.097,26,9,275,167,82,85,11.911113,0,ok,logs/seed_502084.log
268333,e08y,8,y,baseline_plus_gheft,DHEFT/NHEFT/GHEFT,IRT-only,0.0,0,0,1,3.5662,3.5894,7.1556,185.27249999999998,6.3079,14,5,173,53,34,19,126.22266641361772,4.2974,39,9,304,137,75,62,146.33763779527558,4.9823,26,9,257,144,81,63,9.983194,0,ok,logs/seed_268333.log
889172,e08y,8,y,baseline_plus_gheft,DHEFT/NHEFT/GHEFT,IRT-only,0.0,0,0,1,3.3102,3.5003,6.8105,186.41659999999996,5.0474,14,4,147,43,30,13,108.41290540540541,2.9354,38,9,282,130,70,60,139.96491351351352,3.7897,19,8,223,144,75,69,9.603717,0,ok,logs/seed_889172.log
768859,e08y,8,y,baseline_plus_gheft,DHEFT/NHEFT/GHEFT,IRT-only,0.0,0,0,1,3.2917,4.6306,7.9223,209.87150000000003,6.4129,24,7,193,78,44,34,140.78562913385827,4.3019,41,10,306,160,75,85,154.74801515151515,4.7285,27,10,260,162,81,81,9.045752,0,ok,logs/seed_768859.log
108511,e08y,8,y,baseline_plus_gheft,DHEFT/NHEFT/GHEFT,IRT-only,0.0,0,0,1,3.4041,4.5719,7.976,201.16709999999998,6.2511,16,5,186,50,31,19,136.79546476270102,4.2508,42,10,316,159,75,84,144.87062519936205,4.5018,24,10,252,147,77,70,11.058311,0,ok,logs/seed_108511.log
828273,e08y,8,y,baseline_plus_gheft,DHEFT/NHEFT/GHEFT,IRT-only,0.0,0,0,1,3.2873,3.7915,7.0788,171.92709999999994,4.5065,21,7,156,49,32,17,137.49663200616183,3.604,36,8,283,113,65,48,151.52451271477668,3.9717,19,8,222,120,68,52,7.624715,0,ok,logs/seed_828273.log
932667,e08y,8,y,baseline_plus_gheft,DHEFT/NHEFT/GHEFT,IRT-only,0.0,0,0,1,3.168,3.9499,7.1179,207.15470000000005,6.6896,16,6,179,57,32,25,131.87705608214847,4.2587,37,10,284,163,82,81,136.80728555792348,4.4179,25,10,245,142,79,63,8.050895,0,ok,logs/seed_932667.log
245421,e08y,8,y,baseline_plus_gheft,DHEFT/NHEFT/GHEFT,IRT-only,0.0,0,0,1,3.2616,3.8836,7.1452,202.6111,5.5963,23,7,209,92,41,51,124.01987297297296,3.4255,34,10,283,135,76,59,138.1733924507082,3.8165,25,10,256,160,86,74,8.74144,0,ok,logs/seed_245421.log
678641,e08y,8,y,baseline_plus_gheft,DHEFT/NHEFT/GHEFT,IRT-only,0.0,0,0,1,3.7428,4.1061,7.8489,186.20510000000002,4.2689,20,8,191,57,28,29,130.3367914725163,2.9881,45,10,310,159,85,74,129.48239540078842,2.9685,31,10,266,141,75,66,10.307257,0,ok,logs/seed_678641.log
935125,e08y,8,y,baseline_plus_gheft,DHEFT/NHEFT/GHEFT,IRT-only,0.0,0,0,1,3.6388,4.7717,8.4105,210.9203,5.1161,38,16,219,108,39,69,134.64058024691354,3.2659,42,10,308,161,81,80,158.7943148784235,3.8518,23,9,247,145,81,64,10.137806,0,ok,logs/seed_935125.log
605287,e08y,8,y,baseline_plus_gheft,DHEFT/NHEFT/GHEFT,IRT-only,0.0,0,0,1,3.5523,4.7749,8.3272,207.4848,5.2753,16,4,196,55,28,27,142.97581944444448,3.6352,32,8,257,132,79,53,174.54782685185182,4.4379,18,8,206,131,78,53,9.528322,0,ok,logs/seed_605287.log
241117,e08y,8,y,baseline_plus_gheft,DHEFT/NHEFT/GHEFT,IRT-only,0.0,0,0,1,3.8379,3.7712,7.6091,191.89699999999996,4.1247,17,6,172,61,32,29,128.6701214035476,2.7657,39,9,311,151,77,74,137.38025414544978,2.9529,19,8,240,147,79,68,9.864854,0,ok,logs/seed_241117.log
137693,e08y,8,y,baseline_plus_gheft,DHEFT/NHEFT/GHEFT,IRT-only,0.0,0,0,1,2.8802,4.1554,7.0356,211.43399999999997,6.3931,19,5,230,57,42,15,162.47175081421483,4.9126,44,10,308,142,75,67,170.8457924942837,5.1658,25,10,258,162,89,73,10.98177,0,ok,logs/seed_137693.log
519815,e08y,8,y,baseline_plus_gheft,DHEFT/NHEFT/GHEFT,IRT-only,0.0,0,0,1,3.6184,4.3712,7.9896,191.5745,5.0263,19,6,181,39,27,12,149.24520580171244,3.9157,33,9,283,148,79,69,151.94620580171244,3.9866,24,9,256,147,79,68,8.472827,0,ok,logs/seed_519815.log
825689,e08y,8,y,baseline_plus_gheft,DHEFT/NHEFT/GHEFT,IRT-only,0.0,0,0,1,3.4362,3.7868,7.223,203.8153,4.8901,17,5,165,58,35,23,132.64028687823287,3.1824,40,11,302,145,83,62,141.26349879996914,3.3893,25,10,267,149,81,68,9.665811,0,ok,logs/seed_825689.log
266300,e08y,8,y,baseline_plus_gheft,DHEFT/NHEFT/GHEFT,IRT-only,0.0,0,0,1,3.6524,3.9333,7.5857,196.28449999999998,5.5068,24,8,173,59,33,26,92.47749156327544,2.5945,40,10,272,119,57,62,106.60367467501202,2.9908,28,10,234,119,54,65,9.645573,0,ok,logs/seed_266300.log
353884,e08y,8,y,baseline_plus_gheft,DHEFT/NHEFT/GHEFT,IRT-only,0.0,0,0,1,3.4599,4.6233,8.0832,255.8703,5.6241,30,11,200,91,34,57,144.51143157894737,3.1764,38,8,291,114,62,52,180.61214782608698,3.9699,22,8,246,128,73,55,7.699791,0,ok,logs/seed_353884.log
141574,e08y,8,y,baseline_plus_gheft,DHEFT/NHEFT/GHEFT,IRT-only,0.0,0,0,1,3.3707,3.2359,6.6066,212.6635,4.7254,19,5,207,56,32,24,101.40057936507941,2.2531,41,8,310,111,64,47,144.11334444444444,3.2022,21,8,232,140,74,66,8.533366,0,ok,logs/seed_141574.log
211351,e08y,8,y,baseline_plus_gheft,DHEFT/NHEFT/GHEFT,IRT-only,0.0,0,0,1,3.5406,4.2723,7.8129,237.97709999999998,5.6921,18,6,164,58,31,27,166.48769382095665,3.9821,29,8,271,142,77,65,185.0608234505863,4.4264,16,8,220,140,80,60,7.989867,0,ok,logs/seed_211351.log
64745,e08y,8,y,baseline_plus_gheft,DHEFT/NHEFT/GHEFT,IRT-only,0.0,0,0,1,2.9103,3.2995,6.2098,185.9388,3.7915,19,4,217,58,38,20,137.02589669360378,2.7941,44,9,318,167,89,78,195.15771208549884,3.9795,24,9,258,161,88,73,9.751623,0,ok,logs/seed_64745.log
827551,e08y,8,y,baseline_plus_gheft,DHEFT/NHEFT/GHEFT,IRT-only,0.0,0,0,1,3.6641,4.8702,8.5343,189.8398,4.257,22,7,162,64,41,23,141.6825675353066,3.1771,33,9,257,139,78,61,156.418866620306,3.5075,20,9,220,120,74,46,9.393005,0,ok,logs/seed_827551.log
236634,e08y,8,y,baseline_plus_gheft,DHEFT/NHEFT/GHEFT,IRT-only,0.0,0,0,1,3.4662,4.2286,7.6948,175.64659999999998,4.9456,19,7,182,55,35,20,121.2622509448647,3.4144,35,9,281,135,74,61,148.52482094011353,4.182,22,9,225,129,75,54,7.973562,0,ok,logs/seed_236634.log
554061,e08y,8,y,baseline_plus_gheft,DHEFT/NHEFT/GHEFT,IRT-only,0.0,0,0,1,3.3548,4.3016,7.6564,223.01689999999996,5.1733,24,7,212,69,36,33,153.82604192667293,3.5683,34,8,277,145,81,64,170.45911019713802,3.9541,23,8,245,145,85,60,9.034705,0,ok,logs/seed_554061.log
473253,e08y,8,y,baseline_plus_gheft,DHEFT/NHEFT/GHEFT,IRT-only,0.0,0,0,1,3.0323,3.3198,6.3521,247.9051,6.4631,22,8,162,71,39,32,130.57773229101034,3.4043,37,9,294,138,74,64,146.9811155844156,3.8319,20,8,218,139,74,65,8.751783,0,ok,logs/seed_473253.log
397414,e08y,8,y,baseline_plus_gheft,DHEFT/NHEFT/GHEFT,IRT-only,0.0,0,0,1,3.5786,5.2586,8.8372,184.02779999999998,5.1902,20,6,213,49,32,17,150.20645961548763,4.2364,42,9,325,155,75,80,180.6015554925624,5.0936,27,9,274,166,84,82,11.41991,0,ok,logs/seed_397414.log
237902,e08y,8,y,baseline_plus_gheft,DHEFT/NHEFT/GHEFT,IRT-only,0.0,0,0,1,3.4058,3.7628,7.1686,213.7947,5.9571,27,9,202,84,41,43,112.3674732205153,3.131,43,10,284,128,72,56,164.07056091520244,4.5716,22,10,229,130,74,56,9.305276,0,ok,logs/seed_237902.log
57519,e08y,8,y,baseline_plus_gheft,DHEFT/NHEFT/GHEFT,IRT-only,0.0,0,0,1,3.1056,3.7413,6.8469,212.80179999999996,6.5727,29,8,232,74,32,42,141.72739652986425,4.3775,44,10,325,170,90,80,143.02777899461395,4.4177,25,10,234,144,80,64,11.090183,0,ok,logs/seed_57519.log
505780,e08y,8,y,baseline_plus_gheft,DHEFT/NHEFT/GHEFT,IRT-only,0.0,0,0,1,3.7556,3.9941,7.7497,177.51710000000003,4.3663,18,5,167,55,34,21,112.17596658476658,2.7591,40,10,256,134,75,59,127.98272266398631,3.1479,25,10,240,131,77,54,9.214646,0,ok,logs/seed_505780.log
353215,e08y,8,y,baseline_plus_gheft,DHEFT/NHEFT/GHEFT,IRT-only,0.0,0,0,1,2.7513,3.5319,6.2832,234.40439999999995,5.845,23,8,183,79,39,40,149.66961767328223,3.7321,29,8,271,122,68,54,152.2357930930931,3.7961,23,8,262,134,76,58,8.54822,0,ok,logs/seed_353215.log
60194,e08y,8,y,baseline_plus_gheft,DHEFT/NHEFT/GHEFT,IRT-only,0.0,0,0,1,3.4912,4.1875,7.6787,209.807,6.978,23,8,194,70,41,29,118.98975021293072,3.9575,44,10,302,110,57,53,126.32557812522087,4.2015,27,10,248,122,67,55,11.967386,0,ok,logs/seed_60194.log
21327,e08y,8,y,baseline_plus_gheft,DHEFT/NHEFT/GHEFT,IRT-only,0.0,0,0,1,3.4191,3.6624,7.0815,198.01230000000004,4.1594,18,3,194,52,36,16,151.96881144781142,3.1922,44,11,300,138,72,66,177.54451973097798,3.7294,20,8,237,143,79,64,8.692774,0,ok,logs/seed_21327.log
551141,e08y,8,y,baseline_plus_gheft,DHEFT/NHEFT/GHEFT,IRT-only,0.0,0,0,1,3.2839,3.2456,6.5295,188.90529999999998,5.5285,16,5,150,58,37,21,119.36008093262994,3.4932,39,10,285,150,82,68,135.4504538338724,3.9641,25,10,216,126,69,57,7.085565,0,ok,logs/seed_551141.log
504483,e08y,8,y,baseline_plus_gheft,DHEFT/NHEFT/GHEFT,IRT-only,0.0,0,0,1,3.4421,4.5244,7.9665,195.16359999999997,6.5095,18,6,176,63,38,25,154.2106836296427,5.1436,39,10,267,115,63,52,153.07503970569002,5.1057,22,10,238,124,68,56,8.307785,0,ok,logs/seed_504483.log
50984,e08y,8,y,baseline_plus_gheft,DHEFT/NHEFT/GHEFT,IRT-only,0.0,0,0,1,3.2032,3.7296,6.9328,205.9121,4.3349,16,5,182,65,36,29,119.35656120687962,2.5127,33,10,273,129,70,59,172.94271390188757,3.6408,26,10,234,140,78,62,8.546506,0,ok,logs/seed_50984.log
145299,e08y,8,y,baseline_plus_gheft,DHEFT/NHEFT/GHEFT,IRT-only,0.0,0,0,1,3.5535,4.381,7.9345,208.04759999999996,5.5956,24,9,212,75,33,42,144.07145145806595,3.8749,32,8,281,132,76,56,146.10017806943162,3.9295,22,8,237,119,71,48,9.134552,0,ok,logs/seed_145299.log
933274,e08y,8,y,baseline_plus_gheft,DHEFT/NHEFT/GHEFT,IRT-only,0.0,0,0,1,3.2569,3.4334,6.6903,219.47769999999997,4.5816,22,8,206,67,38,29,122.37803712080886,2.5546,39,9,299,153,76,77,126.32760959747375,2.6371,26,9,261,127,69,58,10.050673,0,ok,logs/seed_933274.log
321337,e08y,8,y,baseline_plus_gheft,DHEFT/NHEFT/GHEFT,IRT-only,0.0,0,0,1,3.8802,4.876,8.7562,221.14289999999997,7.9602,13,6,133,45,27,18,151.86611632692203,5.4665,31,8,263,136,67,69,151.76219883913762,5.4628,19,8,223,139,67,72,7.631004,0,ok,logs/seed_321337.log
181404,e08y,8,y,baseline_plus_gheft,DHEFT/NHEFT/GHEFT,IRT-only,0.0,0,0,1,3.5242,4.7306,8.2548,195.51139999999998,5.4513,20,7,200,54,28,26,162.33140036180527,4.5262,36,9,304,136,71,65,172.12748148424387,4.7993,22,8,254,145,75,70,8.669875,0,ok,logs/seed_181404.log
3899,e08y,8,y,baseline_plus_gheft,DHEFT/NHEFT/GHEFT,IRT-only,0.0,0,0,1,3.3191,4.4454,7.7645,192.59280000000004,3.8475,20,8,192,55,34,21,157.21522272002585,3.1407,42,9,300,154,81,73,149.307921797005,2.9828,25,9,249,145,82,63,9.208788,0,ok,logs/seed_3899.log
494958,e08y,8,y,baseline_plus_gheft,DHEFT/NHEFT/GHEFT,IRT-only,0.0,0,0,1,3.8693,5.2015,9.0708,193.77739999999994,4.9333,15,4,168,56,33,23,170.92732699647954,4.3516,38,10,272,131,71,60,161.667270009948,4.1158,25,10,222,107,67,40,8.364752,0,ok,logs/seed_494958.log
970507,e08y,8,y,baseline_plus_gheft,DHEFT/NHEFT/GHEFT,IRT-only,0.0,0,0,1,2.9809,4.0011,6.982,251.28819999999993,6.7325,24,8,177,79,39,40,134.30042064074905,3.5982,37,10,293,160,82,78,157.27492660098522,4.2137,22,10,249,155,80,75,10.278032,0,ok,logs/seed_970507.log
705866,e08y,8,y,baseline_plus_gheft,DHEFT/NHEFT/GHEFT,IRT-only,0.0,0,0,1,3.373,4.5047,7.8777,182.24919999999997,4.3449,22,8,193,70,37,33,142.68100604133545,3.4015,35,9,279,136,80,56,159.78945169821455,3.8094,20,9,224,148,86,62,10.790018,0,ok,logs/seed_705866.log
296343,e08y,8,y,baseline_plus_gheft,DHEFT/NHEFT/GHEFT,IRT-only,0.0,0,0,1,3.7163,3.9991,7.7154,193.23400000000007,5.7971,19,6,162,59,33,26,140.86231203054894,4.2259,37,10,265,144,84,60,128.18571536649046,3.8456,23,10,258,143,79,64,8.159374,0,ok,logs/seed_296343.log
586398,e08y,8,y,baseline_plus_gheft,DHEFT/NHEFT/GHEFT,IRT-only,0.0,0,0,1,3.2318,3.1362,6.368,211.2333,5.3975,18,7,159,64,34,30,117.61541156211563,3.0053,31,9,253,117,60,57,167.6752776426592,4.2845,20,8,235,131,75,56,7.634484,0,ok,logs/seed_586398.log
378648,e08y,8,y,baseline_plus_gheft,DHEFT/NHEFT/GHEFT,IRT-only,0.0,0,0,1,3.5751,4.6416,8.2167,204.45420000000001,6.3838,22,10,159,61,33,28,143.5273728117901,4.4815,37,10,270,136,71,65,158.53393560522113,4.95,22,10,232,149,78,71,7.973048,0,ok,logs/seed_378648.log
531966,e08y,8,y,baseline_plus_gheft,DHEFT/NHEFT/GHEFT,IRT-only,0.0,0,0,1,3.5771,4.0425,7.6196,191.88899999999998,6.3858,21,9,143,63,33,30,162.10180851063834,5.3945,31,8,254,128,77,51,134.91156540523204,4.4896,17,8,220,123,72,51,7.672609,0,ok,logs/seed_531966.log
596361,e08y,8,y,baseline_plus_gheft,DHEFT/NHEFT/GHEFT,IRT-only,0.0,0,0,1,3.2306,3.8475,7.0781,179.63000000000002,4.9016,13,3,172,38,29,9,139.3360953536101,3.8021,44,10,279,130,65,65,153.8075843800322,4.197,26,10,237,137,72,65,9.597896,0,ok,logs/seed_596361.log
60220,e08y,8,y,baseline_plus_gheft,DHEFT/NHEFT/GHEFT,IRT-only,0.0,0,0,1,3.5027,3.5993,7.102,235.87529999999998,6.5896,20,5,213,59,36,23,118.96941738766628,3.3236,34,8,300,135,66,69,133.81780254805358,3.7384,22,8,246,146,74,72,8.984827,0,ok,logs/seed_60220.log
189568,e08y,8,y,baseline_plus_gheft,DHEFT/NHEFT/GHEFT,IRT-only,0.0,0,0,1,3.3412,4.9813,8.3225,234.39669999999998,5.5379,21,9,149,66,33,33,144.4860652329749,3.4136,36,9,256,136,74,62,177.54093930583727,4.1946,20,9,215,156,79,77,9.951,0,ok,logs/seed_189568.log
151000,e08y,8,y,baseline_plus_gheft,DHEFT/NHEFT/GHEFT,IRT-only,0.0,0,0,1,3.1904,3.743,6.9334,158.16100000000003,3.3364,14,3,200,43,29,14,156.9351406593407,3.3106,34,8,282,128,70,58,165.92818644688643,3.5003,19,8,244,153,81,72,6.514512,0,ok,logs/seed_151000.log
72402,e08y,8,y,baseline_plus_gheft,DHEFT/NHEFT/GHEFT,IRT-only,0.0,0,0,1,3.2531,4.7421,7.9952,191.45749999999992,4.6699,18,7,188,50,31,19,147.92742734530938,3.6081,38,10,299,165,79,86,165.3114932820274,4.0322,23,10,239,152,80,72,8.210452,0,ok,logs/seed_72402.log
983055,e08y,8,y,baseline_plus_gheft,DHEFT/NHEFT/GHEFT,IRT-only,0.0,0,0,1,3.5198,4.2874,7.8072,152.77310000000003,4.2676,15,4,184,36,28,8,146.59220552587382,4.095,35,9,287,141,69,72,139.53173688636224,3.8977,22,8,254,150,77,73,8.831069,0,ok,logs/seed_983055.log
538582,e08y,8,y,baseline_plus_gheft,DHEFT/NHEFT/GHEFT,IRT-only,0.0,0,0,1,3.4796,4.0751,7.5547,200.0811,5.4701,20,9,158,61,31,30,144.15312295947575,3.9411,38,10,273,135,79,56,158.9437585895223,4.3454,24,10,229,137,82,55,8.739761,0,ok,logs/seed_538582.log
934509,e08y,8,y,baseline_plus_gheft,DHEFT/NHEFT/GHEFT,IRT-only,0.0,0,0,1,3.5185,4.543,8.0615,189.07070000000004,4.8362,14,2,186,38,38,0,129.15510674767395,3.3037,42,10,316,151,75,76,132.40696910569108,3.3868,24,10,238,111,68,43,10.043131,0,ok,logs/seed_934509.log
220410,e08y,8,y,baseline_plus_gheft,DHEFT/NHEFT/GHEFT,IRT-only,0.0,0,0,1,3.584,3.4741,7.0581,153.56910000000002,4.7613,16,4,203,37,31,6,127.79878882198467,3.9623,40,10,260,103,63,40,115.83844346563806,3.5915,26,10,231,113,69,44,7.941383,0,ok,logs/seed_220410.log
755547,e08y,8,y,baseline_plus_gheft,DHEFT/NHEFT/GHEFT,IRT-only,0.0,0,0,1,4.0454,4.8306,8.876,192.26079999999993,4.6627,23,5,226,58,29,29,146.51462205154874,3.5532,37,8,293,152,84,68,157.27617562476442,3.8142,21,8,236,138,78,60,9.550469,0,ok,logs/seed_755547.log
682666,e08y,8,y,baseline_plus_gheft,DHEFT/NHEFT/GHEFT,IRT-only,0.0,0,0,1,2.8559,3.3183,6.1742,225.01239999999993,6.2955,24,10,175,86,36,50,126.01280000000001,3.5257,34,8,279,126,77,49,169.56854031830238,4.7443,21,8,245,136,80,56,9.031353,0,ok,logs/seed_682666.log
707759,e08y,8,y,baseline_plus_gheft,DHEFT/NHEFT/GHEFT,IRT-only,0.0,0,0,1,3.2211,4.0234,7.2445,202.38939999999997,4.8347,18,6,159,68,37,31,156.58094484769344,3.7405,32,10,246,136,76,60,160.98733972200125,3.8457,21,10,209,129,72,57,8.415943,0,ok,logs/seed_707759.log
472298,e08y,8,y,baseline_plus_gheft,DHEFT/NHEFT/GHEFT,IRT-only,0.0,0,0,1,3.088,3.737,6.825,178.52820000000006,5.0106,15,5,148,44,31,13,151.18256263083322,4.2431,31,9,242,116,71,45,157.87592443342174,4.4309,19,9,213,130,73,57,8.515226,0,ok,logs/seed_472298.log
842827,e08y,8,y,baseline_plus_gheft,DHEFT/NHEFT/GHEFT,IRT-only,0.0,0,0,1,3.6617,4.1618,7.8235,198.83730000000006,5.4402,19,7,170,56,29,27,127.84380904834985,3.4978,30,9,254,123,69,54,124.28530597214963,3.4005,22,9,234,135,74,61,11.839358,0,ok,logs/seed_842827.log
598514,e08y,8,y,baseline_plus_gheft,DHEFT/NHEFT/GHEFT,IRT-only,0.0,0,0,1,3.9737,4.4964,8.4701,208.86380000000003,5.1409,14,4,150,63,35,28,146.99367918215614,3.618,38,10,286,140,72,68,190.5727768552716,4.6907,22,10,227,143,76,67,10.541616,0,ok,logs/seed_598514.log
985883,e08y,8,y,baseline_plus_gheft,DHEFT/NHEFT/GHEFT,IRT-only,0.0,0,0,1,3.1517,3.4585,6.6102,201.0693,5.0725,15,5,154,48,28,20,131.88664914623297,3.3272,39,10,297,121,70,51,133.51859320667361,3.3684,24,10,256,150,85,65,10.693701,0,ok,logs/seed_985883.log
595328,e08y,8,y,baseline_plus_gheft,DHEFT/NHEFT/GHEFT,IRT-only,0.0,0,0,1,3.2553,4.1265,7.3818,206.6251,4.7247,23,7,212,58,38,20,141.54266493469885,3.2365,43,9,309,135,71,64,155.17578522900038,3.5482,26,9,268,143,78,65,10.434055,0,ok,logs/seed_595328.log
238922,e08y,8,y,baseline_plus_gheft,DHEFT/NHEFT/GHEFT,IRT-only,0.0,0,0,1,3.4327,3.8409,7.2736,185.4377,5.0778,14,4,177,47,29,18,128.88642580587202,3.5293,41,10,274,118,67,51,149.52777020911088,4.0945,26,10,232,143,79,64,10.727736,0,ok,logs/seed_238922.log
469556,e08y,8,y,baseline_plus_gheft,DHEFT/NHEFT/GHEFT,IRT-only,0.0,0,0,1,3.2373,4.0072,7.2445,199.76950000000002,4.8001,10,3,143,39,32,7,158.90281356746306,3.8181,34,8,273,124,67,57,165.6179852890512,3.9795,16,8,209,132,76,56,10.337398,0,ok,logs/seed_469556.log
108225,e08y,8,y,baseline_plus_gheft,DHEFT/NHEFT/GHEFT,IRT-only,0.0,0,0,1,3.3227,4.1002,7.4229,206.4558,4.5286,24,7,173,76,39,37,132.58197071199433,2.9082,39,10,278,135,74,61,154.71581865399227,3.3937,26,10,267,138,77,61,7.958898,0,ok,logs/seed_108225.log
899644,e08y,8,y,baseline_plus_gheft,DHEFT/NHEFT/GHEFT,IRT-only,0.0,0,0,1,3.2851,4.4194,7.7045,245.1225,5.845,28,11,189,88,39,49,165.5375863939494,3.9473,40,9,305,145,78,67,164.3302350084698,3.9185,24,8,259,138,77,61,8.871628,0,ok,logs/seed_899644.log
885107,e08y,8,y,baseline_plus_gheft,DHEFT/NHEFT/GHEFT,IRT-only,0.0,0,0,1,3.7071,5.1797,8.8868,183.91760000000002,4.2445,17,5,194,57,30,27,187.3312947368421,4.3233,39,10,295,155,78,77,172.54243333333338,3.982,25,10,257,139,71,68,13.845119,0,ok,logs/seed_885107.log
624803,e08y,8,y,baseline_plus_gheft,DHEFT/NHEFT/GHEFT,IRT-only,0.0,0,0,1,3.3322,3.6267,6.9589,218.27939999999998,4.9662,23,8,204,63,36,27,127.05348707858776,2.8907,43,10,311,151,77,74,138.12944443435524,3.1426,29,10,269,168,80,88,10.466292,0,ok,logs/seed_624803.log
412384,e08y,8,y,baseline_plus_gheft,DHEFT/NHEFT/GHEFT,IRT-only,0.0,0,0,1,3.2175,4.2424,7.4599,209.09519999999998,6.0255,20,6,190,49,29,20,124.63116742983524,3.5915,33,8,278,132,66,66,151.15930707492495,4.356,23,8,243,135,72,63,9.471651,0,ok,logs/seed_412384.log
534437,e08y,8,y,baseline_plus_gheft,DHEFT/NHEFT/GHEFT,IRT-only,0.0,0,0,1,3.5115,5.0907,8.6022,207.43979999999993,5.0478,22,7,200,61,34,27,140.95713821892397,3.4301,38,9,283,150,71,79,151.90413360604876,3.6964,23,9,249,154,81,73,9.69846,0,ok,logs/seed_534437.log
28388,e08y,8,y,baseline_plus_gheft,DHEFT/NHEFT/GHEFT,IRT-only,0.0,0,0,1,3.4743,4.4256,7.8999,181.57159999999996,5.1141,14,4,171,50,35,15,159.1871906569409,4.4836,33,8,256,114,67,47,164.00175126300152,4.6192,18,8,211,120,73,47,9.057052,0,ok,logs/seed_28388.log
480416,e08y,8,y,baseline_plus_gheft,DHEFT/NHEFT/GHEFT,IRT-only,0.0,0,0,1,3.3842,4.2584,7.6426,218.7271,5.1481,16,5,147,52,35,17,135.4866236306729,3.1889,30,8,268,136,73,63,157.53142268174506,3.7078,21,8,225,120,68,52,8.680405,0,ok,logs/seed_480416.log
6523,e08y,8,y,baseline_plus_gheft,DHEFT/NHEFT/GHEFT,IRT-only,0.0,0,0,1,3.3567,5.0974,8.4541,216.15000000000006,4.8263,24,11,180,72,29,43,164.46961898107105,3.6723,33,9,285,148,77,71,176.59804235366386,3.9431,25,9,257,145,79,66,9.542316,0,ok,logs/seed_6523.log
875492,e08y,8,y,baseline_plus_gheft,DHEFT/NHEFT/GHEFT,IRT-only,0.0,0,0,1,3.3073,4.0897,7.397,198.3597,5.4932,24,7,201,61,33,28,149.90358929159805,4.1513,39,8,285,150,82,68,155.37603117483812,4.3029,21,8,243,151,80,71,8.811982,0,ok,logs/seed_875492.log
445144,e08y,8,y,baseline_plus_gheft,DHEFT/NHEFT/GHEFT,IRT-only,0.0,0,0,1,3.632,4.1249,7.7569,219.9199999999999,5.9021,16,8,148,60,31,29,141.71512764796512,3.8033,39,8,285,125,66,59,140.31969513381995,3.7658,21,8,219,120,66,54,9.444593,0,ok,logs/seed_445144.log
178145,e08y,8,y,baseline_plus_gheft,DHEFT/NHEFT/GHEFT,IRT-only,0.0,0,0,1,3.1076,4.9936,8.1012,198.06400000000005,5.041,24,6,218,59,37,22,161.3320960159363,4.1061,43,9,310,172,74,98,170.25800278884458,4.3333,24,9,235,172,78,94,9.055375,0,ok,logs/seed_178145.log
496478,e08y,8,y,baseline_plus_gheft,DHEFT/NHEFT/GHEFT,IRT-only,0.0,0,0,1,3.3274,4.1169,7.4443,187.34799999999993,4.3198,15,5,170,53,31,22,134.30989657794674,3.0969,32,9,256,111,64,47,115.96392130325813,2.6738,22,9,227,100,58,42,9.45066,0,ok,logs/seed_496478.log
239617,e08y,8,y,baseline_plus_gheft,DHEFT/NHEFT/GHEFT,IRT-only,0.0,0,0,1,3.3399,3.8731,7.213,202.24180000000004,6.1,22,6,175,64,33,31,140.20978537539446,4.229,31,9,254,114,66,48,144.3497592151518,4.3539,20,9,225,117,68,49,9.573514,0,ok,logs/seed_239617.log
473997,e08y,8,y,baseline_plus_gheft,DHEFT/NHEFT/GHEFT,IRT-only,0.0,0,0,1,3.1904,3.9227,7.1131,189.56150000000002,4.8021,17,7,153,55,28,27,128.76557771587744,3.262,40,9,298,149,80,69,135.04159192245555,3.421,25,9,270,165,88,77,11.841582,0,ok,logs/seed_473997.log
229225,e08y,8,y,baseline_plus_gheft,DHEFT/NHEFT/GHEFT,IRT-only,0.0,0,0,1,3.7496,5.3331,9.0827,170.71959999999996,3.6852,15,3,190,42,37,5,143.70022450053676,3.102,31,8,272,137,73,64,154.9728768115943,3.3453,21,8,243,135,76,59,9.980561,0,ok,logs/seed_229225.log
254791,e08y,8,y,baseline_plus_gheft,DHEFT/NHEFT/GHEFT,IRT-only,0.0,0,0,1,3.2855,4.5233,7.8088,226.5242,6.6308,19,9,182,71,36,35,167.67677860210398,4.9082,40,10,286,161,82,79,163.835048896029,4.7957,25,10,243,140,75,65,11.391673,0,ok,logs/seed_254791.log
966201,e08y,8,y,baseline_plus_gheft,DHEFT/NHEFT/GHEFT,IRT-only,0.0,0,0,1,3.905,5.8987,9.8037,194.48590000000004,6.002,18,6,186,57,27,30,160.27782640460563,4.9463,38,8,295,135,68,67,156.05842645137776,4.8161,18,8,205,136,73,63,7.793706,0,ok,logs/seed_966201.log
533361,e08y,8,y,baseline_plus_gheft,DHEFT/NHEFT/GHEFT,IRT-only,0.0,0,0,1,3.1754,4.1056,7.281,224.99759999999995,5.5293,17,4,203,59,41,18,133.78658916061173,3.2878,38,9,293,147,73,74,167.91293759350032,4.1264,22,9,244,146,73,73,9.119172,0,ok,logs/seed_533361.log
872306,e08y,8,y,baseline_plus_gheft,DHEFT/NHEFT/GHEFT,IRT-only,0.0,0,0,1,3.3647,3.3736,6.7383,199.29760000000002,6.932,20,6,179,57,31,26,132.57472023560018,4.6112,38,10,300,150,75,75,162.70336367613493,5.6591,22,9,229,136,71,65,8.548516,0,ok,logs/seed_872306.log
444933,e08y,8,y,baseline_plus_gheft,DHEFT/NHEFT/GHEFT,IRT-only,0.0,0,0,1,3.5479,5.1249,8.6728,214.115,4.4417,13,2,177,38,38,0,159.1409966088318,3.3013,31,8,287,137,73,64,164.00952642487042,3.4023,22,8,251,136,69,67,9.98942,0,ok,logs/seed_444933.log
456356,e08y,8,y,baseline_plus_gheft,DHEFT/NHEFT/GHEFT,IRT-only,0.0,0,0,1,3.2055,4.5294,7.7349,241.47779999999997,5.9594,26,8,201,94,44,50,133.15036362490372,3.286,36,9,299,142,80,62,165.6624555101602,4.0884,20,9,239,153,83,70,9.782049,0,ok,logs/seed_456356.log
853702,e08y,8,y,baseline_plus_gheft,DHEFT/NHEFT/GHEFT,IRT-only,0.0,0,0,1,3.5788,4.5118,8.0906,195.98960000000002,5.4551,18,4,208,53,37,16,173.65736252363376,4.8335,41,10,299,167,88,79,175.36319846350833,4.881,24,10,249,156,86,70,10.635661,0,ok,logs/seed_853702.log
176967,e08y,8,y,baseline_plus_gheft,DHEFT/NHEFT/GHEFT,IRT-only,0.0,0,0,1,3.0297,3.9207,6.9504,202.76739999999998,5.4366,20,4,210,54,39,15,150.21474045222993,4.0276,36,9,293,150,79,71,145.3686317243665,3.8976,22,9,230,134,77,57,10.805522,0,ok,logs/seed_176967.log
33347,e08y,8,y,baseline_plus_gheft,DHEFT/NHEFT/GHEFT,IRT-only,0.0,0,0,1,3.1703,3.8707,7.041,222.08939999999998,6.1027,23,8,165,76,40,36,138.17143125784582,3.7967,34,9,239,112,63,49,142.22467307223587,3.9081,20,9,223,132,71,61,8.191517,0,ok,logs/seed_33347.log
411283,e08y,8,y,baseline_plus_gheft,DHEFT/NHEFT/GHEFT,IRT-only,0.0,0,0,1,3.5817,4.9075,8.4892,213.14670000000004,6.9716,22,10,155,64,33,31,143.58513762124716,4.6964,39,10,304,153,72,81,161.52596359617553,5.2832,23,10,237,154,75,79,9.822574,0,ok,logs/seed_411283.log
81911,e08y,8,y,baseline_plus_gheft,DHEFT/NHEFT/GHEFT,IRT-only,0.0,0,0,1,3.689,4.462,8.151,228.78830000000005,6.3147,18,5,198,62,39,23,130.36275882213255,3.5981,40,9,305,144,77,67,153.4078596132215,4.2341,20,9,244,145,76,69,9.513508,0,ok,logs/seed_81911.log
956925,e08y,8,y,baseline_plus_gheft,DHEFT/NHEFT/GHEFT,IRT-only,0.0,0,0,1,3.1327,3.2472,6.3799,208.09490000000005,4.7505,19,5,192,68,41,27,120.29679899639801,2.7462,40,9,282,137,75,62,123.70814665195076,2.824,24,9,247,120,66,54,9.243727,0,ok,logs/seed_956925.log
362804,e08y,8,y,baseline_plus_gheft,DHEFT/NHEFT/GHEFT,IRT-only,0.0,0,0,1,3.139,4.304,7.443,214.10130000000004,6.8808,19,7,159,63,33,30,179.7448765922166,5.7766,29,8,242,119,71,48,157.04171968825813,5.047,16,8,207,117,70,47,8.576049,0,ok,logs/seed_362804.log
728140,e08y,8,y,baseline_plus_gheft,DHEFT/NHEFT/GHEFT,IRT-only,0.0,0,0,1,3.4887,5.0778,8.5665,182.69630000000004,4.8656,18,5,182,49,33,16,154.56369287425485,4.1164,36,9,286,147,68,79,156.39178197343455,4.1651,24,9,220,153,81,72,9.560785,0,ok,logs/seed_728140.log
554565,e08y,8,y,baseline_plus_gheft,DHEFT/NHEFT/GHEFT,IRT-only,0.0,0,0,1,3.7885,4.482,8.2705,196.35260000000002,4.9128,17,5,178,57,37,20,130.7156070422535,3.2705,35,10,268,119,65,54,104.92302512733444,2.6252,24,10,229,115,58,57,10.168695,0,ok,logs/seed_554565.log
392733,e08y,8,y,baseline_plus_gheft,DHEFT/NHEFT/GHEFT,IRT-only,0.0,0,0,1,3.4644,4.4552,7.9196,216.84950000000003,6.1364,19,4,192,39,33,6,149.9702844060935,4.2438,42,9,307,163,88,75,141.51164268318738,4.0045,25,9,245,146,78,68,10.273162,0,ok,logs/seed_392733.log
769066,e08y,8,y,baseline_plus_gheft,DHEFT/NHEFT/GHEFT,IRT-only,0.0,0,0,1,3.5226,4.2425,7.7651,197.84100000000004,5.2171,15,3,172,40,36,4,147.2404809948257,3.8828,38,10,286,130,69,61,146.49539586090296,3.8631,19,10,208,99,55,44,10.206204,0,ok,logs/seed_769066.log
925520,e08y,8,y,baseline_plus_gheft,DHEFT/NHEFT/GHEFT,IRT-only,0.0,0,0,1,3.0801,4.2826,7.3627,228.00590000000008,5.6491,25,9,157,76,38,38,161.8877729197966,4.011,34,10,268,153,79,74,151.14630470787614,3.7448,23,10,229,146,83,63,10.919916,0,ok,logs/seed_925520.log
4410,e08y,8,y,baseline_plus_gheft,DHEFT/NHEFT/GHEFT,IRT-only,0.0,0,0,1,3.4865,4.4018,7.8883,203.422,5.7478,18,7,154,67,31,36,153.88100268138803,4.348,40,10,301,145,77,68,135.29536275913327,3.8229,22,10,220,126,76,50,7.930618,0,ok,logs/seed_4410.log
729459,e08y,8,y,baseline_plus_gheft,DHEFT/NHEFT/GHEFT,IRT-only,0.0,0,0,1,3.3433,3.3544,6.6977,172.9808,4.1742,18,5,198,47,31,16,120.23935238903631,2.9015,40,10,255,111,61,50,131.98254707940674,3.1848,26,10,255,130,73,57,8.480063,0,ok,logs/seed_729459.log
179329,e08y,8,y,baseline_plus_gheft,DHEFT/NHEFT/GHEFT,IRT-only,0.0,0,0,1,3.4048,3.4244,6.8292,172.43319999999997,5.5028,14,3,191,55,37,18,115.70603944784679,3.6925,37,10,244,108,64,44,133.61853946779837,4.2641,26,10,259,136,76,60,10.44226,0,ok,logs/seed_179329.log
282114,e08y,8,y,baseline_plus_gheft,DHEFT/NHEFT/GHEFT,IRT-only,0.0,0,0,1,3.4605,3.3853,6.8458,185.62459999999996,5.1936,17,6,173,53,31,22,130.42532394648623,3.6492,36,10,280,158,84,74,132.47733484527313,3.7066,21,10,231,147,77,70,8.668159,0,ok,logs/seed_282114.log
583172,e08y,8,y,baseline_plus_gheft,DHEFT/NHEFT/GHEFT,IRT-only,0.0,0,0,1,3.5581,3.8926,7.4507,157.821,4.1865,19,6,195,44,29,15,124.23910963830868,3.2957,40,10,319,141,77,64,161.43620784863353,4.2824,24,10,258,147,80,67,10.1352,0,ok,logs/seed_583172.log
534010,e08y,8,y,baseline_plus_gheft,DHEFT/NHEFT/GHEFT,IRT-only,0.0,0,0,1,3.2251,4.6012,7.8263,209.99530000000001,5.7626,24,10,186,75,38,37,138.40106646884277,3.7979,37,10,316,150,78,72,149.64883706175263,4.1066,30,10,287,155,73,82,8.926575,0,ok,logs/seed_534010.log
824110,e08y,8,y,baseline_plus_gheft,DHEFT/NHEFT/GHEFT,IRT-only,0.0,0,0,1,2.8223,3.4236,6.2459,172.64359999999996,4.5097,18,6,181,56,29,27,107.53889957050822,2.8091,29,8,246,91,54,37,134.7997719512195,3.5211,23,8,232,110,63,47,8.088323,0,ok,logs/seed_824110.log
897704,e08y,8,y,baseline_plus_gheft,DHEFT/NHEFT/GHEFT,IRT-only,0.0,0,0,1,3.1707,4.2109,7.3816,192.30999999999992,4.4899,26,9,222,58,32,26,166.13184877432903,3.8787,42,9,299,153,81,72,156.78131983122358,3.6604,25,9,250,130,77,53,8.933361,0,ok,logs/seed_897704.log
226589,e08y,8,y,baseline_plus_gheft,DHEFT/NHEFT/GHEFT,IRT-only,0.0,0,0,1,3.3685,4.1013,7.4698,183.45080000000002,4.6618,17,5,164,47,32,15,142.75926812386157,3.6278,36,10,282,145,81,64,150.78311367243865,3.8317,21,10,241,147,76,71,9.414556,0,ok,logs/seed_226589.log
481886,e08y,8,y,baseline_plus_gheft,DHEFT/NHEFT/GHEFT,IRT-only,0.0,0,0,1,3.2213,4.1392,7.3605,211.3291,6.5614,15,5,165,55,36,19,143.5126660482375,4.4558,35,8,274,136,73,63,165.34615918367348,5.1337,20,8,233,147,77,70,8.59806,0,ok,logs/seed_481886.log
982251,e08y,8,y,baseline_plus_gheft,DHEFT/NHEFT/GHEFT,IRT-only,0.0,0,0,1,2.9117,3.9025,6.8142,197.79930000000002,4.8721,24,6,203,68,42,26,157.2023357460405,3.8721,38,10,283,126,73,53,159.18268858377044,3.9209,27,10,233,107,64,43,8.049856,0,ok,logs/seed_982251.log
543181,e08y,8,y,baseline_plus_gheft,DHEFT/NHEFT/GHEFT,IRT-only,0.0,0,0,1,3.1429,3.7561,6.899,203.2732,6.0181,18,4,175,59,38,21,135.89844801381696,4.0234,39,9,304,153,81,72,148.9688516958681,4.4103,25,9,260,160,82,78,10.467691,0,ok,logs/seed_543181.log
397234,e08y,8,y,baseline_plus_gheft,DHEFT/NHEFT/GHEFT,IRT-only,0.0,0,0,1,3.2557,3.9125,7.1682,218.3777,5.8625,23,8,178,65,37,28,123.3800914893617,3.3122,41,9,284,128,68,60,150.06153072721605,4.0285,26,9,261,146,79,67,11.696775,0,ok,logs/seed_397234.log
973889,e08y,8,y,baseline_plus_gheft,DHEFT/NHEFT/GHEFT,IRT-only,0.0,0,0,1,3.0245,3.531,6.5555,196.34429999999995,4.2547,17,5,212,57,36,21,135.69280019844868,2.9404,41,9,318,157,85,72,175.62093698175786,3.8057,23,9,237,159,82,77,9.861958,0,ok,logs/seed_973889.log
110682,e08y,8,y,baseline_plus_gheft,DHEFT/NHEFT/GHEFT,IRT-only,0.0,0,0,1,3.1642,4.0449,7.2091,240.53310000000002,4.0445,25,9,184,75,38,37,152.42120984603486,2.5629,34,9,263,118,70,48,158.90027128990323,2.6719,24,9,250,127,68,59,7.358297,0,ok,logs/seed_110682.log
663813,e08y,8,y,baseline_plus_gheft,DHEFT/NHEFT/GHEFT,IRT-only,0.0,0,0,1,3.0207,3.734,6.7547,248.1848999999999,6.4201,20,6,176,68,36,32,144.40882184530446,3.7356,36,9,275,122,73,49,146.5598404808713,3.7912,23,9,241,148,89,59,9.675381,0,ok,logs/seed_663813.log
895348,e08y,8,y,baseline_plus_gheft,DHEFT/NHEFT/GHEFT,IRT-only,0.0,0,0,1,3.0706,3.8398,6.9104,181.85439999999994,5.2267,20,7,195,46,32,14,147.85327874015746,4.2494,38,10,287,160,78,82,151.4859334314383,4.3538,23,10,240,162,86,76,9.34689,0,ok,logs/seed_895348.log
840905,e08y,8,y,baseline_plus_gheft,DHEFT/NHEFT/GHEFT,IRT-only,0.0,0,0,1,3.6884,4.5721,8.2605,179.78390000000002,4.2501,17,3,204,50,36,14,147.9581774092309,3.4978,34,9,270,139,73,66,169.04327794345664,3.9962,27,9,241,142,78,64,9.072109,0,ok,logs/seed_840905.log
366120,e08y,8,y,baseline_plus_gheft,DHEFT/NHEFT/GHEFT,IRT-only,0.0,0,0,1,3.4669,4.4344,7.9013,226.70219999999998,5.1991,20,6,167,57,31,26,160.21267499923334,3.6742,37,8,280,137,76,61,138.06980283031172,3.1664,25,8,243,131,68,63,8.330405,0,ok,logs/seed_366120.log
873087,e08y,8,y,baseline_plus_gheft,DHEFT/NHEFT/GHEFT,IRT-only,0.0,0,0,1,3.346,3.2317,6.5777,162.43259999999998,4.2213,17,5,150,53,32,21,115.18631543627194,2.9934,45,14,282,150,75,75,133.7381722732491,3.4756,24,10,223,141,78,63,8.886742,0,ok,logs/seed_873087.log
333017,e08y,8,y,baseline_plus_gheft,DHEFT/NHEFT/GHEFT,IRT-only,0.0,0,0,1,3.3343,4.2781,7.6124,189.0128,5.0231,15,5,158,50,31,19,147.28685109296987,3.9142,34,8,251,139,77,62,147.66211634472506,3.9242,20,8,230,123,71,52,8.053685,0,ok,logs/seed_333017.log
479679,e08y,8,y,baseline_plus_gheft,DHEFT/NHEFT/GHEFT,IRT-only,0.0,0,0,1,3.5742,3.7529,7.3271,182.36490000000003,5.8491,16,4,173,52,30,22,141.32595151650415,4.5329,37,10,285,152,80,72,150.24816879315873,4.819,27,10,264,163,92,71,8.34126,0,ok,logs/seed_479679.log
547920,e08y,8,y,baseline_plus_gheft,DHEFT/NHEFT/GHEFT,IRT-only,0.0,0,0,1,3.4552,3.7112,7.1664,212.9613,5.6629,23,7,213,61,34,27,130.03662998522896,3.4579,42,8,301,123,67,56,134.816402170767,3.585,22,8,239,137,74,63,8.456573,0,ok,logs/seed_547920.log
397055,e08y,8,y,baseline_plus_gheft,DHEFT/NHEFT/GHEFT,IRT-only,0.0,0,0,1,3.7289,4.9941,8.723,211.3249,5.7737,23,8,216,71,37,34,136.4765851016748,3.7287,39,8,292,123,66,57,142.32252745944328,3.8884,23,8,251,122,67,55,8.885416,0,ok,logs/seed_397055.log
255407,e08y,8,y,baseline_plus_gheft,DHEFT/NHEFT/GHEFT,IRT-only,0.0,0,0,1,3.4833,4.1583,7.6416,171.62839999999994,4.2476,21,6,186,57,34,23,137.88821888111892,3.4126,32,8,240,108,63,45,173.69523387431127,4.2988,20,8,244,119,67,52,8.798694,0,ok,logs/seed_255407.log
529276,e08y,8,y,baseline_plus_gheft,DHEFT/NHEFT/GHEFT,IRT-only,0.0,0,0,1,3.3508,4.7182,8.069,207.07179999999994,5.8925,19,6,194,63,33,30,148.2577334715185,4.2189,39,9,297,123,65,58,189.47407552447547,5.3918,21,8,221,112,65,47,8.421024,0,ok,logs/seed_529276.log
772641,e08y,8,y,baseline_plus_gheft,DHEFT/NHEFT/GHEFT,IRT-only,0.0,0,0,1,3.4313,3.9424,7.3737,172.9555,4.531,21,5,183,56,35,21,130.26815348589471,3.4127,37,10,285,153,85,68,140.98107665544333,3.6933,29,10,261,158,88,70,10.375041,0,ok,logs/seed_772641.log
452290,e08y,8,y,baseline_plus_gheft,DHEFT/NHEFT/GHEFT,IRT-only,0.0,0,0,1,3.1895,3.3603,6.5498,219.06759999999997,6.3684,22,8,158,65,34,31,123.32164675162993,3.585,39,10,295,141,78,63,156.16384802287618,4.5398,25,10,238,146,81,65,7.873795,0,ok,logs/seed_452290.log
70730,e08y,8,y,baseline_plus_gheft,DHEFT/NHEFT/GHEFT,IRT-only,0.0,0,0,1,3.5436,4.5732,8.1168,209.76119999999997,6.3533,16,6,168,50,28,22,134.836157571434,4.084,44,11,300,170,81,89,139.12567914597815,4.2139,26,10,259,147,75,72,9.441431,0,ok,logs/seed_70730.log
29523,e08y,8,y,baseline_plus_gheft,DHEFT/NHEFT/GHEFT,IRT-only,0.0,0,0,1,3.5241,4.4521,7.9762,245.76780000000002,7.58,19,7,149,68,39,29,153.78587441352974,4.7431,32,10,260,131,69,62,159.64969281749177,4.9239,20,9,231,138,74,64,7.997202,0,ok,logs/seed_29523.log
580005,e08y,8,y,baseline_plus_gheft,DHEFT/NHEFT/GHEFT,IRT-only,0.0,0,0,1,3.3976,3.2854,6.683,272.42819999999995,6.7287,22,8,172,69,41,28,188.25717649002328,4.6498,40,10,303,131,62,69,136.64737352533604,3.3751,25,10,266,122,64,58,12.683042,0,ok,logs/seed_580005.log
273040,e08y,8,y,baseline_plus_gheft,DHEFT/NHEFT/GHEFT,IRT-only,0.0,0,0,1,3.5902,3.6929,7.2831,182.9364,4.3459,17,4,170,47,27,20,109.93733838849323,2.6117,31,8,249,99,56,43,160.8037427735075,3.8201,26,8,249,112,62,50,9.301404,0,ok,logs/seed_273040.log
333143,e08y,8,y,baseline_plus_gheft,DHEFT/NHEFT/GHEFT,IRT-only,0.0,0,0,1,3.4145,4.476,7.8905,202.1201,3.996,13,3,165,56,39,17,175.83985757170598,3.4764,33,9,257,134,76,58,161.64992548028314,3.1959,21,9,247,143,80,63,8.727282,0,ok,logs/seed_333143.log
6027,e08y,8,y,baseline_plus_gheft,DHEFT/NHEFT/GHEFT,IRT-only,0.0,0,0,1,2.9696,3.0516,6.0212,204.11479999999997,4.7694,22,7,218,58,39,19,113.86330922649235,2.6606,41,12,306,155,81,74,114.12189271948607,2.6666,26,9,280,147,80,67,8.958859,0,ok,logs/seed_6027.log
802904,e08y,8,y,baseline_plus_gheft,DHEFT/NHEFT/GHEFT,IRT-only,0.0,0,0,1,3.2463,3.4615,6.7078,178.8302,4.3136,20,6,180,60,35,25,135.2139052461042,3.2615,40,10,300,147,82,65,134.77085714082654,3.2508,25,10,257,145,85,60,11.23847,0,ok,logs/seed_802904.log
495402,e08y,8,y,baseline_plus_gheft,DHEFT/NHEFT/GHEFT,IRT-only,0.0,0,0,1,3.2154,4.1548,7.3702,228.9823,5.1426,23,10,176,75,32,43,154.0286949025894,3.4593,35,8,300,145,76,69,140.3440203957382,3.1519,21,8,252,141,69,72,7.785829,0,ok,logs/seed_495402.log
385502,e08y,8,y,baseline_plus_gheft,DHEFT/NHEFT/GHEFT,IRT-only,0.0,0,0,1,4.1569,5.1216,9.2785,209.66129999999995,5.5442,18,7,170,52,31,21,163.90667816655457,4.3343,35,8,283,145,78,67,171.6225572304996,4.5383,20,8,216,134,72,62,9.721143,0,ok,logs/seed_385502.log
847050,e08y,8,y,baseline_plus_gheft,DHEFT/NHEFT/GHEFT,IRT-only,0.0,0,0,1,3.1197,4.2661,7.3858,194.66239999999993,5.0378,21,8,157,73,37,36,139.76099616407416,3.617,33,9,301,154,80,74,152.47921575170304,3.9461,22,9,246,146,76,70,7.62324,0,ok,logs/seed_847050.log
386832,e08y,8,y,baseline_plus_gheft,DHEFT/NHEFT/GHEFT,IRT-only,0.0,0,0,1,3.2362,4.8254,8.0616,200.22749999999996,5.7552,16,6,148,54,34,20,134.8356720724786,3.8756,36,10,283,161,76,85,151.44237207247858,4.353,22,10,231,163,81,82,10.531911,0,ok,logs/seed_386832.log
325099,e08y,8,y,baseline_plus_gheft,DHEFT/NHEFT/GHEFT,IRT-only,0.0,0,0,1,3.5974,4.3167,7.9141,197.96239999999995,4.2901,15,5,144,50,32,18,128.4514132507049,2.7837,40,9,295,147,83,64,146.09232307980284,3.166,25,9,250,141,78,63,8.337472,0,ok,logs/seed_325099.log
23707,e08y,8,y,baseline_plus_gheft,DHEFT/NHEFT/GHEFT,IRT-only,0.0,0,0,1,3.041,4.8353,7.8763,210.3001,5.667,22,6,212,47,29,18,172.67186029874796,4.653,39,9,316,155,78,77,164.53046262425445,4.4336,25,8,275,152,76,76,8.827747,0,ok,logs/seed_23707.log
