seed,variant,variant_display_label,is_baseline_nheft,configured_tolerance,configured_comp_advantage,configured_drt_advantage,configured_irt_advantage,ccr_data,idr_image,nccr_total,heft_makespan,heft_slr,heft_vcpus,heft_hosts,heft_instances,heft_image_dl_total,heft_image_from_repo,heft_image_from_host,dheft_makespan,dheft_slr,dheft_vcpus,dheft_hosts,dheft_instances,dheft_image_dl_total,dheft_image_from_repo,dheft_image_from_host,nheft_makespan,nheft_slr,nheft_vcpus,nheft_hosts,nheft_instances,nheft_image_dl_total,nheft_image_from_repo,nheft_image_from_host,time_sec,return_code,status,log_file
741896,irt_only,GHEFT,0,0.0,0,0,1,1.4765,0.8947,2.3712,,,,,,,,,,,,,,,,,110.96469810298102,3.407,38,11,290,154,96,58,22.876203,0,ok,logs/seed_741896.log
430515,irt_only,GHEFT,0,0.0,0,0,1,1.4098,0.942,2.3518,,,,,,,,,,,,,,,,,78.74312038461538,1.9649,36,9,282,145,95,50,25.553983,0,ok,logs/seed_430515.log
888075,irt_only,GHEFT,0,0.0,0,0,1,1.4047,0.8285,2.2332,,,,,,,,,,,,,,,,,80.5559074074074,2.0698,36,11,308,159,120,39,31.234909,0,ok,logs/seed_888075.log
914983,irt_only,GHEFT,0,0.0,0,0,1,1.5992,1.075,2.6742,,,,,,,,,,,,,,,,,69.58503870967742,1.9573,32,9,266,117,75,42,25.050977,0,ok,logs/seed_914983.log
997971,irt_only,GHEFT,0,0.0,0,0,1,1.4175,0.7888,2.2063,,,,,,,,,,,,,,,,,72.12177300647895,2.4453,40,10,314,164,108,56,31.939837,0,ok,logs/seed_997971.log
747642,irt_only,GHEFT,0,0.0,0,0,1,1.247,0.7359,1.9829,,,,,,,,,,,,,,,,,73.31512222222221,1.6576,37,10,293,142,93,49,26.781381,0,ok,logs/seed_747642.log
664527,irt_only,GHEFT,0,0.0,0,0,1,1.3934,1.0713,2.4647,,,,,,,,,,,,,,,,,126.90868262253343,3.0864,34,10,309,165,102,63,44.522874,0,ok,logs/seed_664527.log
760044,irt_only,GHEFT,0,0.0,0,0,1,1.2242,0.7613,1.9855,,,,,,,,,,,,,,,,,86.7125114977307,1.6462,32,10,282,146,105,41,32.080917,0,ok,logs/seed_760044.log
215549,irt_only,GHEFT,0,0.0,0,0,1,1.3799,0.9692,2.3491,,,,,,,,,,,,,,,,,76.2117249390681,2.1567,36,10,294,141,97,44,35.353218,0,ok,logs/seed_215549.log
370191,irt_only,GHEFT,0,0.0,0,0,1,1.3174,0.9129,2.2303,,,,,,,,,,,,,,,,,76.26840100000001,2.1536,29,9,267,138,94,44,41.300742,0,ok,logs/seed_370191.log
296947,irt_only,GHEFT,0,0.0,0,0,1,1.2241,0.956,2.1801,,,,,,,,,,,,,,,,,95.0566958041958,2.0773,36,11,277,121,84,37,27.876114,0,ok,logs/seed_296947.log
963598,irt_only,GHEFT,0,0.0,0,0,1,1.446,0.9447,2.3907,,,,,,,,,,,,,,,,,78.98286491039008,2.0573,34,10,280,154,106,48,29.790629,0,ok,logs/seed_963598.log
388451,irt_only,GHEFT,0,0.0,0,0,1,1.3561,0.9014,2.2575,,,,,,,,,,,,,,,,,86.4960133144476,2.3058,30,8,281,135,92,43,30.668084,0,ok,logs/seed_388451.log
602873,irt_only,GHEFT,0,0.0,0,0,1,1.2823,0.8167,2.099,,,,,,,,,,,,,,,,,82.48485362134691,1.7052,34,9,302,142,103,39,30.26971,0,ok,logs/seed_602873.log
122745,irt_only,GHEFT,0,0.0,0,0,1,1.375,0.7899,2.1649,,,,,,,,,,,,,,,,,77.03031954385965,2.2204,38,11,298,153,107,46,33.581128,0,ok,logs/seed_122745.log
484762,irt_only,GHEFT,0,0.0,0,0,1,1.4012,1.0111,2.4123,,,,,,,,,,,,,,,,,74.3416080203692,2.1169,36,9,280,165,108,57,30.280649,0,ok,logs/seed_484762.log
514215,irt_only,GHEFT,0,0.0,0,0,1,1.4888,0.8563,2.3451,,,,,,,,,,,,,,,,,72.4962011612253,1.8443,40,10,299,138,95,43,28.120001,0,ok,logs/seed_514215.log
601161,irt_only,GHEFT,0,0.0,0,0,1,1.2102,0.8041,2.0143,,,,,,,,,,,,,,,,,85.93972403051494,1.9228,30,9,275,151,104,47,25.808997,0,ok,logs/seed_601161.log
78435,irt_only,GHEFT,0,0.0,0,0,1,1.2657,0.7749,2.0406,,,,,,,,,,,,,,,,,91.31115891472868,2.0965,32,8,298,159,108,51,27.397538,0,ok,logs/seed_78435.log
480957,irt_only,GHEFT,0,0.0,0,0,1,1.412,0.8209,2.2329,,,,,,,,,,,,,,,,,62.79493810741687,1.7869,29,9,269,122,95,27,32.554871,0,ok,logs/seed_480957.log
113260,irt_only,GHEFT,0,0.0,0,0,1,1.5404,0.9995,2.5399,,,,,,,,,,,,,,,,,90.4554319201995,1.9817,43,10,315,177,118,59,57.227713,0,ok,logs/seed_113260.log
846854,irt_only,GHEFT,0,0.0,0,0,1,1.3237,0.9034,2.2271,,,,,,,,,,,,,,,,,95.3260886659184,2.7696,30,8,239,126,89,37,136.690186,0,ok,logs/seed_846854.log
422970,irt_only,GHEFT,0,0.0,0,0,1,1.3306,1.0066,2.3372,,,,,,,,,,,,,,,,,83.59743194765203,2.1538,40,10,275,137,92,45,25.819036,0,ok,logs/seed_422970.log
762973,irt_only,GHEFT,0,0.0,0,0,1,1.5594,0.7821,2.3415,,,,,,,,,,,,,,,,,55.78229817739976,1.355,36,9,282,127,90,37,20.996424,0,ok,logs/seed_762973.log
303068,irt_only,GHEFT,0,0.0,0,0,1,1.6074,1.1801,2.7875,,,,,,,,,,,,,,,,,73.5743133016627,2.0929,36,9,315,160,110,50,25.194973,0,ok,logs/seed_303068.log
701483,irt_only,GHEFT,0,0.0,0,0,1,1.6627,1.1084,2.7711,,,,,,,,,,,,,,,,,78.49364507504576,2.5375,37,12,278,153,90,63,19.243935,0,ok,logs/seed_701483.log
193272,irt_only,GHEFT,0,0.0,0,0,1,1.4115,1.0338,2.4453,,,,,,,,,,,,,,,,,100.314015582896,2.2206,37,9,288,150,98,52,24.944825,0,ok,logs/seed_193272.log
609026,irt_only,GHEFT,0,0.0,0,0,1,1.3054,0.8556,2.161,,,,,,,,,,,,,,,,,73.0597953044257,2.0091,48,12,318,147,95,52,25.591842,0,ok,logs/seed_609026.log
385324,irt_only,GHEFT,0,0.0,0,0,1,1.4862,1.0913,2.5775,,,,,,,,,,,,,,,,,67.88420256925997,2.1416,37,11,286,122,83,39,27.909996,0,ok,logs/seed_385324.log
586699,irt_only,GHEFT,0,0.0,0,0,1,1.362,0.9693,2.3313,,,,,,,,,,,,,,,,,69.77270766281775,1.8168,32,9,265,137,87,50,22.266683,0,ok,logs/seed_586699.log
127154,irt_only,GHEFT,0,0.0,0,0,1,1.5847,1.041,2.6257,,,,,,,,,,,,,,,,,77.95712168295765,2.8274,34,10,296,155,102,53,22.237572,0,ok,logs/seed_127154.log
140763,irt_only,GHEFT,0,0.0,0,0,1,1.3589,0.8762,2.2351,,,,,,,,,,,,,,,,,71.48860081014101,1.8889,32,11,289,167,106,61,23.798332,0,ok,logs/seed_140763.log
162375,irt_only,GHEFT,0,0.0,0,0,1,1.5369,1.0789,2.6158,,,,,,,,,,,,,,,,,77.10983619163763,1.907,30,9,259,134,94,40,23.71893,0,ok,logs/seed_162375.log
320372,irt_only,GHEFT,0,0.0,0,0,1,1.5606,1.2307,2.7913,,,,,,,,,,,,,,,,,79.35209987963705,2.1012,32,9,292,145,87,58,19.89263,0,ok,logs/seed_320372.log
911752,irt_only,GHEFT,0,0.0,0,0,1,1.6366,0.9792,2.6158,,,,,,,,,,,,,,,,,75.28379191098131,1.898,41,11,284,154,105,49,24.648135,0,ok,logs/seed_911752.log
185527,irt_only,GHEFT,0,0.0,0,0,1,1.4536,0.8708,2.3244,,,,,,,,,,,,,,,,,80.52430211481999,1.6648,29,8,280,143,107,36,32.623469,0,ok,logs/seed_185527.log
766339,irt_only,GHEFT,0,0.0,0,0,1,1.5523,0.9748,2.5271,,,,,,,,,,,,,,,,,85.53679684501348,2.3156,36,9,294,144,92,52,21.175041,0,ok,logs/seed_766339.log
911829,irt_only,GHEFT,0,0.0,0,0,1,1.4015,0.8944,2.2959,,,,,,,,,,,,,,,,,94.64660661797753,1.8727,35,9,285,149,107,42,35.000938,0,ok,logs/seed_911829.log
184906,irt_only,GHEFT,0,0.0,0,0,1,1.4959,0.9751,2.471,,,,,,,,,,,,,,,,,81.78603962871223,1.9077,36,10,264,135,96,39,17.963213,0,ok,logs/seed_184906.log
189090,irt_only,GHEFT,0,0.0,0,0,1,1.4915,0.7932,2.2847,,,,,,,,,,,,,,,,,63.21413540331706,1.7843,36,10,271,134,93,41,19.958709,0,ok,logs/seed_189090.log
355619,irt_only,GHEFT,0,0.0,0,0,1,1.239,0.8825,2.1215,,,,,,,,,,,,,,,,,84.212656302521,1.8485,42,11,302,151,112,39,19.081756,0,ok,logs/seed_355619.log
440123,irt_only,GHEFT,0,0.0,0,0,1,1.3146,0.9643,2.2789,,,,,,,,,,,,,,,,,82.98473798449614,1.7927,34,11,312,180,127,53,21.87843,0,ok,logs/seed_440123.log
65843,irt_only,GHEFT,0,0.0,0,0,1,1.5038,0.8277,2.3315,,,,,,,,,,,,,,,,,99.00530348964011,2.8733,30,8,252,144,99,45,12.221632,0,ok,logs/seed_65843.log
356002,irt_only,GHEFT,0,0.0,0,0,1,1.5632,0.8741,2.4373,,,,,,,,,,,,,,,,,95.50444732034633,2.5401,35,10,273,124,83,41,18.635813,0,ok,logs/seed_356002.log
546160,irt_only,GHEFT,0,0.0,0,0,1,1.5018,0.8938,2.3956,,,,,,,,,,,,,,,,,82.76549509859662,1.4812,33,9,276,169,113,56,18.444554,0,ok,logs/seed_546160.log
466702,irt_only,GHEFT,0,0.0,0,0,1,1.1951,0.659,1.8541,,,,,,,,,,,,,,,,,104.5379347349398,2.9318,33,11,276,155,112,43,22.067745,0,ok,logs/seed_466702.log
108594,irt_only,GHEFT,0,0.0,0,0,1,1.3229,0.8419,2.1648,,,,,,,,,,,,,,,,,96.12911384136858,2.7955,44,11,290,150,104,46,20.171562,0,ok,logs/seed_108594.log
302326,irt_only,GHEFT,0,0.0,0,0,1,1.5044,0.9247,2.4291,,,,,,,,,,,,,,,,,64.42896431603018,1.5911,29,8,299,141,93,48,18.582668,0,ok,logs/seed_302326.log
830943,irt_only,GHEFT,0,0.0,0,0,1,1.5247,0.8445,2.3692,,,,,,,,,,,,,,,,,67.70054558911431,1.9291,36,9,288,145,87,58,17.802044,0,ok,logs/seed_830943.log
774892,irt_only,GHEFT,0,0.0,0,0,1,1.3771,0.7701,2.1472,,,,,,,,,,,,,,,,,71.20462607002189,1.7698,46,12,306,147,95,52,22.661244,0,ok,logs/seed_774892.log
317399,irt_only,GHEFT,0,0.0,0,0,1,1.4927,0.8736,2.3663,,,,,,,,,,,,,,,,,70.67262115503877,1.9784,37,10,289,154,110,44,18.170037,0,ok,logs/seed_317399.log
179499,irt_only,GHEFT,0,0.0,0,0,1,1.448,0.85,2.298,,,,,,,,,,,,,,,,,74.73179381942131,1.888,33,8,306,141,102,39,17.699775,0,ok,logs/seed_179499.log
551935,irt_only,GHEFT,0,0.0,0,0,1,1.5757,1.0265,2.6022,,,,,,,,,,,,,,,,,78.73677367267265,1.5569,36,11,286,158,100,58,20.00315,0,ok,logs/seed_551935.log
751687,irt_only,GHEFT,0,0.0,0,0,1,1.3477,0.6932,2.0409,,,,,,,,,,,,,,,,,65.36898312290502,1.8801,37,10,264,114,76,38,17.280326,0,ok,logs/seed_751687.log
531148,irt_only,GHEFT,0,0.0,0,0,1,1.3789,0.821,2.1999,,,,,,,,,,,,,,,,,92.54234309860934,2.0049,32,9,284,143,104,39,23.972185,0,ok,logs/seed_531148.log
594138,irt_only,GHEFT,0,0.0,0,0,1,1.569,0.9796,2.5486,,,,,,,,,,,,,,,,,67.7862393568147,1.9899,28,8,266,114,81,33,14.617821,0,ok,logs/seed_594138.log
702028,irt_only,GHEFT,0,0.0,0,0,1,1.5166,0.9007,2.4173,,,,,,,,,,,,,,,,,72.62376547538926,1.8701,39,10,295,157,102,55,20.836196,0,ok,logs/seed_702028.log
492022,irt_only,GHEFT,0,0.0,0,0,1,1.3336,0.7996,2.1332,,,,,,,,,,,,,,,,,76.14673763663664,2.0157,40,9,307,142,102,40,19.490022,0,ok,logs/seed_492022.log
231332,irt_only,GHEFT,0,0.0,0,0,1,1.483,0.8981,2.3811,,,,,,,,,,,,,,,,,65.79342537923252,1.8655,40,11,303,131,92,39,21.604542,0,ok,logs/seed_231332.log
147537,irt_only,GHEFT,0,0.0,0,0,1,1.5563,0.9666,2.5229,,,,,,,,,,,,,,,,,89.99968154269972,1.9765,36,10,290,152,110,42,21.4469,0,ok,logs/seed_147537.log
109654,irt_only,GHEFT,0,0.0,0,0,1,1.3309,0.9584,2.2893,,,,,,,,,,,,,,,,,82.83165818441746,2.0314,38,12,286,135,95,40,21.1845,0,ok,logs/seed_109654.log
357820,irt_only,GHEFT,0,0.0,0,0,1,1.223,0.8597,2.0827,,,,,,,,,,,,,,,,,80.07500346926354,2.7618,33,9,274,132,97,35,19.655254,0,ok,logs/seed_357820.log
813854,irt_only,GHEFT,0,0.0,0,0,1,1.4002,0.8643,2.2645,,,,,,,,,,,,,,,,,106.99378324697754,2.5145,38,10,272,140,97,43,21.441549,0,ok,logs/seed_813854.log
840701,irt_only,GHEFT,0,0.0,0,0,1,1.3625,0.9497,2.3122,,,,,,,,,,,,,,,,,95.89698572230495,2.2495,34,11,301,161,107,54,25.396191,0,ok,logs/seed_840701.log
528112,irt_only,GHEFT,0,0.0,0,0,1,1.5734,0.9793,2.5527,,,,,,,,,,,,,,,,,95.9724765247148,2.3068,35,9,270,140,101,39,18.141209,0,ok,logs/seed_528112.log
610245,irt_only,GHEFT,0,0.0,0,0,1,1.5367,0.9921,2.5288,,,,,,,,,,,,,,,,,71.73811430835102,1.9611,30,9,251,127,92,35,17.947828,0,ok,logs/seed_610245.log
540631,irt_only,GHEFT,0,0.0,0,0,1,1.4363,0.8053,2.2416,,,,,,,,,,,,,,,,,73.59269809432573,2.1251,35,9,302,153,101,52,22.328187,0,ok,logs/seed_540631.log
670354,irt_only,GHEFT,0,0.0,0,0,1,1.4525,0.9049,2.3574,,,,,,,,,,,,,,,,,101.31664405564864,2.5854,38,9,294,155,99,56,18.7212,0,ok,logs/seed_670354.log
416284,irt_only,GHEFT,0,0.0,0,0,1,1.4837,0.9873,2.471,,,,,,,,,,,,,,,,,77.40663661581104,2.2834,45,11,304,167,113,54,21.53484,0,ok,logs/seed_416284.log
853922,irt_only,GHEFT,0,0.0,0,0,1,1.5355,1.1728,2.7083,,,,,,,,,,,,,,,,,69.2340514739229,1.6665,30,8,268,123,85,38,16.838487,0,ok,logs/seed_853922.log
703771,irt_only,GHEFT,0,0.0,0,0,1,1.4998,1.09,2.5898,,,,,,,,,,,,,,,,,68.55289916944693,1.8756,29,9,257,129,88,41,17.430602,0,ok,logs/seed_703771.log
131782,irt_only,GHEFT,0,0.0,0,0,1,1.4744,0.9405,2.4149,,,,,,,,,,,,,,,,,62.87468086185044,1.9866,38,9,284,111,77,34,18.336674,0,ok,logs/seed_131782.log
793335,irt_only,GHEFT,0,0.0,0,0,1,1.5013,1.0704,2.5717,,,,,,,,,,,,,,,,,72.68266939721794,2.0611,29,9,255,136,92,44,18.841307,0,ok,logs/seed_793335.log
829835,irt_only,GHEFT,0,0.0,0,0,1,1.2814,0.7817,2.0631,,,,,,,,,,,,,,,,,76.6975808988764,2.1436,35,11,263,135,104,31,23.505907,0,ok,logs/seed_829835.log
517538,irt_only,GHEFT,0,0.0,0,0,1,1.53,0.8733,2.4033,,,,,,,,,,,,,,,,,77.84630353475936,1.9873,45,10,305,160,103,57,23.896076,0,ok,logs/seed_517538.log
432977,irt_only,GHEFT,0,0.0,0,0,1,1.4546,0.893,2.3476,,,,,,,,,,,,,,,,,79.69143116769096,1.7742,33,10,291,138,97,41,21.144656,0,ok,logs/seed_432977.log
202788,irt_only,GHEFT,0,0.0,0,0,1,1.4986,0.8917,2.3903,,,,,,,,,,,,,,,,,86.31510829793041,2.2328,24,10,259,130,89,41,20.276745,0,ok,logs/seed_202788.log
455331,irt_only,GHEFT,0,0.0,0,0,1,1.5357,0.8934,2.4291,,,,,,,,,,,,,,,,,74.58580111524164,1.9623,33,9,283,152,100,52,17.359181,0,ok,logs/seed_455331.log
795054,irt_only,GHEFT,0,0.0,0,0,1,1.5301,0.9089,2.439,,,,,,,,,,,,,,,,,73.82631292775665,2.2847,33,10,251,139,86,53,15.323378,0,ok,logs/seed_795054.log
612732,irt_only,GHEFT,0,0.0,0,0,1,1.4753,0.7834,2.2587,,,,,,,,,,,,,,,,,68.94752497705372,2.2041,38,9,282,118,90,28,18.865895,0,ok,logs/seed_612732.log
753523,irt_only,GHEFT,0,0.0,0,0,1,1.3889,0.9373,2.3262,,,,,,,,,,,,,,,,,78.04499149797572,2.0153,34,8,277,140,103,37,17.248084,0,ok,logs/seed_753523.log
239744,irt_only,GHEFT,0,0.0,0,0,1,1.436,0.9602,2.3962,,,,,,,,,,,,,,,,,98.54094682471593,2.2895,33,9,284,146,99,47,21.045519,0,ok,logs/seed_239744.log
838648,irt_only,GHEFT,0,0.0,0,0,1,1.511,0.9018,2.4128,,,,,,,,,,,,,,,,,75.62856161228407,1.9038,32,9,280,137,89,48,18.691242,0,ok,logs/seed_838648.log
115403,irt_only,GHEFT,0,0.0,0,0,1,1.2783,0.7494,2.0277,,,,,,,,,,,,,,,,,75.17818530088495,1.7824,41,10,308,142,93,49,18.83285,0,ok,logs/seed_115403.log
712189,irt_only,GHEFT,0,0.0,0,0,1,1.556,1.0951,2.6511,,,,,,,,,,,,,,,,,100.82043641832088,3.011,40,11,283,164,107,57,20.468643,0,ok,logs/seed_712189.log
873143,irt_only,GHEFT,0,0.0,0,0,1,1.3713,0.8033,2.1746,,,,,,,,,,,,,,,,,83.20505839644974,2.9465,30,11,272,132,93,39,18.846624,0,ok,logs/seed_873143.log
877233,irt_only,GHEFT,0,0.0,0,0,1,1.3566,0.7305,2.0871,,,,,,,,,,,,,,,,,83.88387057855363,2.2906,44,13,293,155,105,50,24.417647,0,ok,logs/seed_877233.log
663658,irt_only,GHEFT,0,0.0,0,0,1,1.5314,1.0892,2.6206,,,,,,,,,,,,,,,,,83.01693452027696,2.1858,30,8,307,167,107,60,18.432856,0,ok,logs/seed_663658.log
656054,irt_only,GHEFT,0,0.0,0,0,1,1.3719,0.678,2.0499,,,,,,,,,,,,,,,,,68.86888552515353,1.9624,37,10,314,150,104,46,24.870608,0,ok,logs/seed_656054.log
464471,irt_only,GHEFT,0,0.0,0,0,1,1.441,0.98,2.421,,,,,,,,,,,,,,,,,91.71136360078276,2.5462,34,11,262,135,97,38,20.815236,0,ok,logs/seed_464471.log
586510,irt_only,GHEFT,0,0.0,0,0,1,1.4182,0.9892,2.4074,,,,,,,,,,,,,,,,,63.609647515289694,1.9632,31,8,289,142,99,43,21.137768,0,ok,logs/seed_586510.log
50264,irt_only,GHEFT,0,0.0,0,0,1,1.4257,0.9096,2.3353,,,,,,,,,,,,,,,,,74.08859458483754,2.0567,39,9,274,134,90,44,19.200653,0,ok,logs/seed_50264.log
719048,irt_only,GHEFT,0,0.0,0,0,1,1.5355,1.0795,2.615,,,,,,,,,,,,,,,,,73.68306219223568,1.9879,43,13,315,162,96,66,25.782085,0,ok,logs/seed_719048.log
677021,irt_only,GHEFT,0,0.0,0,0,1,1.408,0.9915,2.3995,,,,,,,,,,,,,,,,,94.11332063355738,2.6062,32,10,243,127,94,33,17.642603,0,ok,logs/seed_677021.log
861718,irt_only,GHEFT,0,0.0,0,0,1,1.5998,1.0565,2.6563,,,,,,,,,,,,,,,,,80.21436843849493,2.7125,29,12,267,159,108,51,22.157975,0,ok,logs/seed_861718.log
495401,irt_only,GHEFT,0,0.0,0,0,1,1.4413,0.7646,2.2059,,,,,,,,,,,,,,,,,65.34002603688702,1.8913,39,11,300,149,107,42,24.999467,0,ok,logs/seed_495401.log
209510,irt_only,GHEFT,0,0.0,0,0,1,1.4478,0.8632,2.311,,,,,,,,,,,,,,,,,78.25464192326888,1.8306,36,10,284,154,101,53,17.810345,0,ok,logs/seed_209510.log
743312,irt_only,GHEFT,0,0.0,0,0,1,1.5123,1.0425,2.5548,,,,,,,,,,,,,,,,,83.34333134582623,2.7122,31,9,255,137,97,40,18.74655,0,ok,logs/seed_743312.log
212694,irt_only,GHEFT,0,0.0,0,0,1,1.3615,0.953,2.3145,,,,,,,,,,,,,,,,,86.95493513513513,2.8926,38,11,268,126,88,38,20.737402,0,ok,logs/seed_212694.log
224701,irt_only,GHEFT,0,0.0,0,0,1,1.4021,0.8475,2.2496,,,,,,,,,,,,,,,,,69.91284530176564,1.6064,30,8,275,117,81,36,18.555302,0,ok,logs/seed_224701.log
861434,irt_only,GHEFT,0,0.0,0,0,1,1.483,0.972,2.455,,,,,,,,,,,,,,,,,72.27127692307691,2.0111,30,9,262,115,84,31,21.779733,0,ok,logs/seed_861434.log
844102,irt_only,GHEFT,0,0.0,0,0,1,1.3207,0.863,2.1837,,,,,,,,,,,,,,,,,74.63312707045347,1.6935,33,9,271,144,100,44,17.811308,0,ok,logs/seed_844102.log
722064,irt_only,GHEFT,0,0.0,0,0,1,1.3428,0.8568,2.1996,,,,,,,,,,,,,,,,,64.41327301587302,1.9521,30,10,274,125,89,36,20.363897,0,ok,logs/seed_722064.log
549862,irt_only,GHEFT,0,0.0,0,0,1,1.5804,0.8758,2.4562,,,,,,,,,,,,,,,,,58.85958703108224,1.6294,34,8,278,146,93,53,18.110903,0,ok,logs/seed_549862.log
2010,irt_only,GHEFT,0,0.0,0,0,1,1.5096,0.7706,2.2802,,,,,,,,,,,,,,,,,63.887009511228534,1.5417,33,10,294,143,94,49,19.725817,0,ok,logs/seed_2010.log
796027,irt_only,GHEFT,0,0.0,0,0,1,1.408,0.779,2.187,,,,,,,,,,,,,,,,,91.54812589928056,2.4637,36,9,285,162,124,38,18.247697,0,ok,logs/seed_796027.log
401997,irt_only,GHEFT,0,0.0,0,0,1,1.2554,0.7972,2.0526,,,,,,,,,,,,,,,,,75.12032649727769,1.9771,37,11,269,149,105,44,19.414367,0,ok,logs/seed_401997.log
35721,irt_only,GHEFT,0,0.0,0,0,1,1.6725,0.8998,2.5723,,,,,,,,,,,,,,,,,72.07571551743806,2.0136,30,8,274,142,99,43,19.958729,0,ok,logs/seed_35721.log
724068,irt_only,GHEFT,0,0.0,0,0,1,1.4584,0.9591,2.4175,,,,,,,,,,,,,,,,,81.01915916438357,2.0344,29,8,312,154,111,43,23.087415,0,ok,logs/seed_724068.log
800182,irt_only,GHEFT,0,0.0,0,0,1,1.2933,0.8922,2.1855,,,,,,,,,,,,,,,,,80.60980655737707,2.12,34,8,297,151,93,58,20.501386,0,ok,logs/seed_800182.log
937614,irt_only,GHEFT,0,0.0,0,0,1,1.2737,0.9462,2.2199,,,,,,,,,,,,,,,,,75.90825282498508,2.0045,36,12,278,160,97,63,19.58813,0,ok,logs/seed_937614.log
722394,irt_only,GHEFT,0,0.0,0,0,1,1.3618,1.0652,2.427,,,,,,,,,,,,,,,,,93.43524474708173,2.4714,33,9,282,121,88,33,16.376221,0,ok,logs/seed_722394.log
509760,irt_only,GHEFT,0,0.0,0,0,1,1.4194,0.9031,2.3225,,,,,,,,,,,,,,,,,79.19908591537894,1.8761,33,9,273,120,85,35,23.013375,0,ok,logs/seed_509760.log
70327,irt_only,GHEFT,0,0.0,0,0,1,1.3593,0.8135,2.1728,,,,,,,,,,,,,,,,,77.24235568399318,1.7506,36,9,288,142,100,42,19.023978,0,ok,logs/seed_70327.log
750147,irt_only,GHEFT,0,0.0,0,0,1,1.7493,1.0378,2.7871,,,,,,,,,,,,,,,,,71.22732657869933,1.6973,37,10,284,168,119,49,21.162345,0,ok,logs/seed_750147.log
460446,irt_only,GHEFT,0,0.0,0,0,1,1.4904,1.0214,2.5118,,,,,,,,,,,,,,,,,115.89483858267718,2.2539,25,9,279,156,113,43,19.013085,0,ok,logs/seed_460446.log
748846,irt_only,GHEFT,0,0.0,0,0,1,1.3683,0.9753,2.3436,,,,,,,,,,,,,,,,,81.76733593033543,2.5998,30,10,255,150,98,52,18.149829,0,ok,logs/seed_748846.log
610796,irt_only,GHEFT,0,0.0,0,0,1,1.3883,0.9315,2.3198,,,,,,,,,,,,,,,,,96.86293777621285,2.0202,36,9,283,137,100,37,22.805467,0,ok,logs/seed_610796.log
372755,irt_only,GHEFT,0,0.0,0,0,1,1.5484,0.981,2.5294,,,,,,,,,,,,,,,,,74.03045179526357,2.3036,42,11,282,139,100,39,21.069817,0,ok,logs/seed_372755.log
324404,irt_only,GHEFT,0,0.0,0,0,1,1.4284,0.8181,2.2465,,,,,,,,,,,,,,,,,70.56241881977671,2.3557,31,10,271,133,86,47,18.893482,0,ok,logs/seed_324404.log
138451,irt_only,GHEFT,0,0.0,0,0,1,1.4469,0.9924,2.4393,,,,,,,,,,,,,,,,,75.19417806970945,1.6381,34,10,273,138,94,44,21.733422,0,ok,logs/seed_138451.log
117059,irt_only,GHEFT,0,0.0,0,0,1,1.4734,0.9553,2.4287,,,,,,,,,,,,,,,,,69.24801528571429,2.0355,40,11,294,173,110,63,20.152587,0,ok,logs/seed_117059.log
976782,irt_only,GHEFT,0,0.0,0,0,1,1.3883,0.8815,2.2698,,,,,,,,,,,,,,,,,71.02413116147308,1.5903,32,9,275,131,93,38,17.49691,0,ok,logs/seed_976782.log
574644,irt_only,GHEFT,0,0.0,0,0,1,1.5927,1.0439,2.6366,,,,,,,,,,,,,,,,,72.47460563380281,1.4408,33,10,277,131,89,42,18.465324,0,ok,logs/seed_574644.log
435308,irt_only,GHEFT,0,0.0,0,0,1,1.5723,0.8992,2.4715,,,,,,,,,,,,,,,,,85.96020106100794,1.9761,36,9,295,175,113,62,19.628025,0,ok,logs/seed_435308.log
635612,irt_only,GHEFT,0,0.0,0,0,1,1.3658,0.8018,2.1676,,,,,,,,,,,,,,,,,70.21726853174835,1.7224,42,12,304,177,121,56,21.713368,0,ok,logs/seed_635612.log
289817,irt_only,GHEFT,0,0.0,0,0,1,1.3449,0.8488,2.1937,,,,,,,,,,,,,,,,,72.22503827751197,2.1071,32,11,285,145,103,42,22.356112,0,ok,logs/seed_289817.log
639065,irt_only,GHEFT,0,0.0,0,0,1,1.6327,1.0042,2.6369,,,,,,,,,,,,,,,,,71.66111336405528,1.7643,34,9,274,134,91,43,23.279148,0,ok,logs/seed_639065.log
650943,irt_only,GHEFT,0,0.0,0,0,1,1.4442,0.7788,2.223,,,,,,,,,,,,,,,,,74.50486880733945,1.9114,38,10,312,171,120,51,24.688848,0,ok,logs/seed_650943.log
110055,irt_only,GHEFT,0,0.0,0,0,1,1.2431,0.7199,1.963,,,,,,,,,,,,,,,,,74.45481190994917,1.928,40,11,309,154,108,46,19.952113,0,ok,logs/seed_110055.log
117791,irt_only,GHEFT,0,0.0,0,0,1,1.5489,0.9192,2.4681,,,,,,,,,,,,,,,,,73.99212938640427,2.0537,35,9,286,135,92,43,18.893425,0,ok,logs/seed_117791.log
124685,irt_only,GHEFT,0,0.0,0,0,1,1.3711,0.8371,2.2082,,,,,,,,,,,,,,,,,74.09699999999998,1.887,41,11,296,144,96,48,20.982052,0,ok,logs/seed_124685.log
997328,irt_only,GHEFT,0,0.0,0,0,1,1.3295,0.826,2.1555,,,,,,,,,,,,,,,,,71.7037069930652,2.0645,36,9,294,142,98,44,19.070226,0,ok,logs/seed_997328.log
655714,irt_only,GHEFT,0,0.0,0,0,1,1.5289,0.9955,2.5244,,,,,,,,,,,,,,,,,69.5814592278481,1.9654,34,9,302,138,91,47,18.512737,0,ok,logs/seed_655714.log
512136,irt_only,GHEFT,0,0.0,0,0,1,1.4511,0.8236,2.2747,,,,,,,,,,,,,,,,,77.05173877102986,1.9886,31,9,291,171,119,52,17.414067,0,ok,logs/seed_512136.log
695034,irt_only,GHEFT,0,0.0,0,0,1,1.4045,0.87,2.2745,,,,,,,,,,,,,,,,,68.66937268291086,1.6192,32,10,266,125,85,40,20.26502,0,ok,logs/seed_695034.log
539246,irt_only,GHEFT,0,0.0,0,0,1,1.2753,0.9765,2.2518,,,,,,,,,,,,,,,,,95.598633154536,2.6736,37,9,277,138,85,53,17.724477,0,ok,logs/seed_539246.log
354388,irt_only,GHEFT,0,0.0,0,0,1,1.4901,0.8767,2.3668,,,,,,,,,,,,,,,,,77.30864447826087,1.9718,37,11,315,178,114,64,18.819216,0,ok,logs/seed_354388.log
282392,irt_only,GHEFT,0,0.0,0,0,1,1.3942,1.0149,2.4091,,,,,,,,,,,,,,,,,88.956193081761,2.5285,32,10,255,110,78,32,19.977666,0,ok,logs/seed_282392.log
465345,irt_only,GHEFT,0,0.0,0,0,1,1.5155,1.0431,2.5586,,,,,,,,,,,,,,,,,77.27107007300023,2.2192,33,8,296,124,84,40,18.974183,0,ok,logs/seed_465345.log
276209,irt_only,GHEFT,0,0.0,0,0,1,1.3896,0.7689,2.1585,,,,,,,,,,,,,,,,,69.14401227487105,1.7766,37,10,262,133,97,36,16.225443,0,ok,logs/seed_276209.log
48268,irt_only,GHEFT,0,0.0,0,0,1,1.4894,1.0225,2.5119,,,,,,,,,,,,,,,,,89.33959777377527,2.1985,30,9,272,155,121,34,20.438635,0,ok,logs/seed_48268.log
312904,irt_only,GHEFT,0,0.0,0,0,1,1.6563,1.0671,2.7234,,,,,,,,,,,,,,,,,74.7628196429765,1.9322,31,8,258,136,84,52,20.821132,0,ok,logs/seed_312904.log
95163,irt_only,GHEFT,0,0.0,0,0,1,1.5607,1.2383,2.799,,,,,,,,,,,,,,,,,78.55824574757283,2.1085,30,10,271,140,95,45,21.725805,0,ok,logs/seed_95163.log
739903,irt_only,GHEFT,0,0.0,0,0,1,1.4085,0.9553,2.3638,,,,,,,,,,,,,,,,,72.18079430226295,2.0586,38,10,285,124,88,36,18.577177,0,ok,logs/seed_739903.log
527611,irt_only,GHEFT,0,0.0,0,0,1,1.3278,0.7739,2.1017,,,,,,,,,,,,,,,,,64.84258577336914,1.8251,40,11,291,164,114,50,20.792753,0,ok,logs/seed_527611.log
591781,irt_only,GHEFT,0,0.0,0,0,1,1.5484,0.9438,2.4922,,,,,,,,,,,,,,,,,65.79175692220973,1.6126,38,9,306,128,86,42,14.851125,0,ok,logs/seed_591781.log
10602,irt_only,GHEFT,0,0.0,0,0,1,1.4431,0.955,2.3981,,,,,,,,,,,,,,,,,60.64416424058673,1.8767,33,9,271,110,72,38,22.072574,0,ok,logs/seed_10602.log
91728,irt_only,GHEFT,0,0.0,0,0,1,1.6387,0.8306,2.4693,,,,,,,,,,,,,,,,,76.97764247045419,2.0381,35,10,289,176,130,46,25.266576,0,ok,logs/seed_91728.log
777150,irt_only,GHEFT,0,0.0,0,0,1,1.426,0.8692,2.2952,,,,,,,,,,,,,,,,,63.480043213296405,1.7295,40,12,283,150,94,56,19.343381,0,ok,logs/seed_777150.log
761499,irt_only,GHEFT,0,0.0,0,0,1,1.4041,0.8393,2.2434,,,,,,,,,,,,,,,,,69.96587730271045,1.6802,36,11,280,149,102,47,22.616934,0,ok,logs/seed_761499.log
453482,irt_only,GHEFT,0,0.0,0,0,1,1.4807,1.0491,2.5298,,,,,,,,,,,,,,,,,101.61830229007631,3.067,30,9,271,157,99,58,18.321936,0,ok,logs/seed_453482.log
562121,irt_only,GHEFT,0,0.0,0,0,1,1.3811,0.8381,2.2192,,,,,,,,,,,,,,,,,73.92324736511685,1.9783,30,9,260,146,104,42,18.614326,0,ok,logs/seed_562121.log
770979,irt_only,GHEFT,0,0.0,0,0,1,1.3229,0.8696,2.1925,,,,,,,,,,,,,,,,,73.46798935108151,1.8496,32,10,269,142,106,36,15.786341,0,ok,logs/seed_770979.log
703949,irt_only,GHEFT,0,0.0,0,0,1,1.4083,0.9615,2.3698,,,,,,,,,,,,,,,,,114.88058722156285,2.9811,28,11,246,123,91,32,17.139105,0,ok,logs/seed_703949.log
314686,irt_only,GHEFT,0,0.0,0,0,1,1.3813,0.6823,2.0636,,,,,,,,,,,,,,,,,105.65003404825738,2.2976,39,9,273,151,103,48,17.294894,0,ok,logs/seed_314686.log
475760,irt_only,GHEFT,0,0.0,0,0,1,1.4426,1.0454,2.488,,,,,,,,,,,,,,,,,77.53871013916502,2.1942,34,8,294,150,99,51,22.64802,0,ok,logs/seed_475760.log
595079,irt_only,GHEFT,0,0.0,0,0,1,1.5178,0.91,2.4278,,,,,,,,,,,,,,,,,69.99944933921165,2.0757,26,8,244,136,86,50,12.669711,0,ok,logs/seed_595079.log
27243,irt_only,GHEFT,0,0.0,0,0,1,1.367,0.9034,2.2704,,,,,,,,,,,,,,,,,75.9261308738239,1.8578,37,11,284,147,99,48,19.606426,0,ok,logs/seed_27243.log
143022,irt_only,GHEFT,0,0.0,0,0,1,1.4989,1.172,2.6709,,,,,,,,,,,,,,,,,68.3026571092693,1.5151,34,11,269,141,98,43,19.161657,0,ok,logs/seed_143022.log
958432,irt_only,GHEFT,0,0.0,0,0,1,1.3825,0.8247,2.2072,,,,,,,,,,,,,,,,,76.17745363157896,1.6274,32,9,269,141,96,45,15.007364,0,ok,logs/seed_958432.log
799339,irt_only,GHEFT,0,0.0,0,0,1,1.5806,1.0425,2.6231,,,,,,,,,,,,,,,,,70.7668179934373,2.0407,33,10,273,155,99,56,15.507689,0,ok,logs/seed_799339.log
953842,irt_only,GHEFT,0,0.0,0,0,1,1.3882,0.9098,2.298,,,,,,,,,,,,,,,,,81.38601648321263,2.1892,35,10,277,143,108,35,19.634199,0,ok,logs/seed_953842.log
937400,irt_only,GHEFT,0,0.0,0,0,1,1.5311,0.9019,2.433,,,,,,,,,,,,,,,,,69.99641192077085,1.9619,31,10,287,133,93,40,18.949688,0,ok,logs/seed_937400.log
919932,irt_only,GHEFT,0,0.0,0,0,1,1.3979,1.0105,2.4084,,,,,,,,,,,,,,,,,78.26890751113939,2.2579,30,8,291,148,103,45,19.766036,0,ok,logs/seed_919932.log
786261,irt_only,GHEFT,0,0.0,0,0,1,1.3653,1.1407,2.506,,,,,,,,,,,,,,,,,77.47056165765764,1.9279,33,10,289,167,105,62,19.871553,0,ok,logs/seed_786261.log
266747,irt_only,GHEFT,0,0.0,0,0,1,1.3881,0.8296,2.2177,,,,,,,,,,,,,,,,,78.2731506879183,2.4651,39,13,269,146,83,63,27.375422,0,ok,logs/seed_266747.log
394465,irt_only,GHEFT,0,0.0,0,0,1,1.2733,0.9498,2.2231,,,,,,,,,,,,,,,,,72.38998831907307,1.7842,34,10,287,138,103,35,20.462765,0,ok,logs/seed_394465.log
725987,irt_only,GHEFT,0,0.0,0,0,1,1.3377,0.7687,2.1064,,,,,,,,,,,,,,,,,78.6283039572309,1.4246,38,10,309,180,134,46,34.519643,0,ok,logs/seed_725987.log
224478,irt_only,GHEFT,0,0.0,0,0,1,1.2793,0.8989,2.1782,,,,,,,,,,,,,,,,,78.89484645667666,1.6273,35,10,296,165,104,61,30.161317,0,ok,logs/seed_224478.log
408636,irt_only,GHEFT,0,0.0,0,0,1,1.4095,0.8803,2.2898,,,,,,,,,,,,,,,,,84.56348422712934,2.1943,31,11,255,140,88,52,23.402142,0,ok,logs/seed_408636.log
617269,irt_only,GHEFT,0,0.0,0,0,1,1.5986,0.8523,2.4509,,,,,,,,,,,,,,,,,62.70662307692307,1.8158,43,11,289,142,99,43,21.24061,0,ok,logs/seed_617269.log
650122,irt_only,GHEFT,0,0.0,0,0,1,1.4194,0.706,2.1254,,,,,,,,,,,,,,,,,61.942453427895984,1.6363,42,11,268,150,111,39,28.849732,0,ok,logs/seed_650122.log
522983,irt_only,GHEFT,0,0.0,0,0,1,1.5247,1.1273,2.652,,,,,,,,,,,,,,,,,81.26497506931729,1.8253,43,12,303,168,101,67,27.789587,0,ok,logs/seed_522983.log
239950,irt_only,GHEFT,0,0.0,0,0,1,1.3143,0.9544,2.2687,,,,,,,,,,,,,,,,,68.98070982361308,1.8866,29,8,270,135,97,38,21.832971,0,ok,logs/seed_239950.log
258973,irt_only,GHEFT,0,0.0,0,0,1,1.1704,0.6977,1.8681,,,,,,,,,,,,,,,,,81.1359453497537,1.5264,33,9,313,172,121,51,26.277933,0,ok,logs/seed_258973.log
824466,irt_only,GHEFT,0,0.0,0,0,1,1.445,0.9216,2.3666,,,,,,,,,,,,,,,,,80.0957540029112,2.52,34,11,262,134,99,35,20.73392,0,ok,logs/seed_824466.log
682056,irt_only,GHEFT,0,0.0,0,0,1,1.3098,1.0222,2.332,,,,,,,,,,,,,,,,,78.67329687932302,1.5145,38,10,299,147,114,33,27.177844,0,ok,logs/seed_682056.log
431617,irt_only,GHEFT,0,0.0,0,0,1,1.3903,0.7681,2.1584,,,,,,,,,,,,,,,,,93.27957835051548,1.7829,42,11,324,170,110,60,30.828049,0,ok,logs/seed_431617.log
777731,irt_only,GHEFT,0,0.0,0,0,1,1.439,1.0834,2.5224,,,,,,,,,,,,,,,,,73.23473314890016,2.1538,33,9,295,162,102,60,35.590885,0,ok,logs/seed_777731.log
65523,irt_only,GHEFT,0,0.0,0,0,1,1.5271,0.8517,2.3788,,,,,,,,,,,,,,,,,65.9047679427811,1.9379,36,10,289,137,92,45,26.04348,0,ok,logs/seed_65523.log
226267,irt_only,GHEFT,0,0.0,0,0,1,1.3428,0.9189,2.2617,,,,,,,,,,,,,,,,,73.8072188177746,1.7325,30,10,264,133,94,39,32.688449,0,ok,logs/seed_226267.log
20773,irt_only,GHEFT,0,0.0,0,0,1,1.4292,0.7702,2.1994,,,,,,,,,,,,,,,,,63.4275281495548,1.4977,34,11,286,136,89,47,26.539766,0,ok,logs/seed_20773.log
75919,irt_only,GHEFT,0,0.0,0,0,1,1.2195,0.974,2.1935,,,,,,,,,,,,,,,,,78.93926913409291,1.8829,40,11,311,158,112,46,31.920669,0,ok,logs/seed_75919.log
796262,irt_only,GHEFT,0,0.0,0,0,1,1.3135,0.9608,2.2743,,,,,,,,,,,,,,,,,70.97535077047851,1.6392,39,10,293,125,85,40,27.80725,0,ok,logs/seed_796262.log
557554,irt_only,GHEFT,0,0.0,0,0,1,1.565,0.996,2.561,,,,,,,,,,,,,,,,,71.70626442577031,1.983,31,8,295,140,104,36,34.962948,0,ok,logs/seed_557554.log
818564,irt_only,GHEFT,0,0.0,0,0,1,1.432,0.8941,2.3261,,,,,,,,,,,,,,,,,70.6257068238255,1.6958,33,8,269,131,92,39,29.860791,0,ok,logs/seed_818564.log
5641,irt_only,GHEFT,0,0.0,0,0,1,1.4384,0.7931,2.2315,,,,,,,,,,,,,,,,,72.48527311827958,1.9872,39,11,270,140,91,49,23.762083,0,ok,logs/seed_5641.log
80721,irt_only,GHEFT,0,0.0,0,0,1,1.4753,1.0016,2.4769,,,,,,,,,,,,,,,,,91.94128303425774,1.7811,36,10,313,155,102,53,37.061516,0,ok,logs/seed_80721.log
14714,irt_only,GHEFT,0,0.0,0,0,1,1.3724,0.8577,2.2301,,,,,,,,,,,,,,,,,75.0349537313433,1.5099,36,10,303,146,97,49,29.51513,0,ok,logs/seed_14714.log
965327,irt_only,GHEFT,0,0.0,0,0,1,1.4503,1.0437,2.494,,,,,,,,,,,,,,,,,82.49089480968857,2.1196,33,9,269,123,82,41,25.323071,0,ok,logs/seed_965327.log
460722,irt_only,GHEFT,0,0.0,0,0,1,1.4065,0.8635,2.27,,,,,,,,,,,,,,,,,93.75836553672319,2.5809,33,10,289,175,124,51,27.968019,0,ok,logs/seed_460722.log
724036,irt_only,GHEFT,0,0.0,0,0,1,1.3849,0.8441,2.229,,,,,,,,,,,,,,,,,104.39508796992482,1.8739,43,9,291,157,94,63,28.880169,0,ok,logs/seed_724036.log
901968,irt_only,GHEFT,0,0.0,0,0,1,1.5267,0.9068,2.4335,,,,,,,,,,,,,,,,,65.03467733136095,1.9437,37,10,273,138,97,41,26.246404,0,ok,logs/seed_901968.log
287728,irt_only,GHEFT,0,0.0,0,0,1,1.5147,0.902,2.4167,,,,,,,,,,,,,,,,,68.61834569536424,1.8699,36,11,285,150,105,45,34.151308,0,ok,logs/seed_287728.log
747287,irt_only,GHEFT,0,0.0,0,0,1,1.476,0.9684,2.4444,,,,,,,,,,,,,,,,,75.3304374996904,2.2589,38,10,302,147,96,51,25.984737,0,ok,logs/seed_747287.log
867108,irt_only,GHEFT,0,0.0,0,0,1,1.4285,0.9784,2.4069,,,,,,,,,,,,,,,,,86.32282725538019,2.43,35,9,291,146,103,43,28.202271,0,ok,logs/seed_867108.log
196697,irt_only,GHEFT,0,0.0,0,0,1,1.4763,1.0923,2.5686,,,,,,,,,,,,,,,,,74.70127552182163,1.8547,30,8,262,137,86,51,23.322711,0,ok,logs/seed_196697.log
635464,irt_only,GHEFT,0,0.0,0,0,1,1.3721,1.0469,2.419,,,,,,,,,,,,,,,,,88.24679540412043,1.6695,38,10,295,157,98,59,29.404499,0,ok,logs/seed_635464.log
389228,irt_only,GHEFT,0,0.0,0,0,1,1.4787,0.8837,2.3624,,,,,,,,,,,,,,,,,85.92951617715961,1.7822,35,10,287,156,99,57,23.83263,0,ok,logs/seed_389228.log
813617,irt_only,GHEFT,0,0.0,0,0,1,1.4451,0.9483,2.3934,,,,,,,,,,,,,,,,,69.64027729070338,1.8735,33,10,277,117,92,25,25.333871,0,ok,logs/seed_813617.log
232555,irt_only,GHEFT,0,0.0,0,0,1,1.3607,1.0007,2.3614,,,,,,,,,,,,,,,,,76.29205705884435,1.6648,32,9,272,140,99,41,29.832086,0,ok,logs/seed_232555.log
932496,irt_only,GHEFT,0,0.0,0,0,1,1.4801,1.1516,2.6317,,,,,,,,,,,,,,,,,78.1752261402214,1.9569,31,9,300,152,104,48,34.991279,0,ok,logs/seed_932496.log
544493,irt_only,GHEFT,0,0.0,0,0,1,1.6457,1.0877,2.7334,,,,,,,,,,,,,,,,,82.1495989411316,1.688,34,9,285,143,101,42,31.957052,0,ok,logs/seed_544493.log
174431,irt_only,GHEFT,0,0.0,0,0,1,1.571,1.0252,2.5962,,,,,,,,,,,,,,,,,74.73811133603238,2.0899,42,11,295,176,123,53,32.525361,0,ok,logs/seed_174431.log
715533,irt_only,GHEFT,0,0.0,0,0,1,1.3972,0.8332,2.2304,,,,,,,,,,,,,,,,,70.9151094683053,1.7781,39,11,300,169,98,71,28.440128,0,ok,logs/seed_715533.log
710115,irt_only,GHEFT,0,0.0,0,0,1,1.3425,0.911,2.2535,,,,,,,,,,,,,,,,,85.53168793186113,1.6203,28,9,246,163,113,50,29.62263,0,ok,logs/seed_710115.log
69527,irt_only,GHEFT,0,0.0,0,0,1,1.5053,0.9957,2.501,,,,,,,,,,,,,,,,,67.6109191961192,1.8663,36,10,313,139,90,49,38.445639,0,ok,logs/seed_69527.log
584456,irt_only,GHEFT,0,0.0,0,0,1,1.4751,0.8651,2.3402,,,,,,,,,,,,,,,,,66.53842727272728,1.8439,31,9,285,134,100,34,33.014537,0,ok,logs/seed_584456.log
678197,irt_only,GHEFT,0,0.0,0,0,1,1.3608,0.9072,2.268,,,,,,,,,,,,,,,,,71.53384427244582,1.8689,31,9,271,134,92,42,25.767272,0,ok,logs/seed_678197.log
871381,irt_only,GHEFT,0,0.0,0,0,1,1.4162,0.8409,2.2571,,,,,,,,,,,,,,,,,78.74710064545364,2.1535,35,9,280,149,106,43,24.86324,0,ok,logs/seed_871381.log
855755,irt_only,GHEFT,0,0.0,0,0,1,1.4473,1.0856,2.5329,,,,,,,,,,,,,,,,,89.074894249826,2.2901,42,10,308,155,107,48,34.766166,0,ok,logs/seed_855755.log
137836,irt_only,GHEFT,0,0.0,0,0,1,1.3881,0.9087,2.2968,,,,,,,,,,,,,,,,,81.28072380952382,2.2093,36,9,265,152,110,42,25.879227,0,ok,logs/seed_137836.log
560927,irt_only,GHEFT,0,0.0,0,0,1,1.2432,0.9306,2.1738,,,,,,,,,,,,,,,,,99.86650653745926,2.4421,41,10,306,161,105,56,29.806134,0,ok,logs/seed_560927.log
47925,irt_only,GHEFT,0,0.0,0,0,1,1.448,1.1072,2.5552,,,,,,,,,,,,,,,,,70.50617083116884,1.796,32,11,247,127,89,38,25.773878,0,ok,logs/seed_47925.log
667073,irt_only,GHEFT,0,0.0,0,0,1,1.3037,0.7265,2.0302,,,,,,,,,,,,,,,,,77.88741361437457,2.019,34,9,257,132,96,36,18.397143,0,ok,logs/seed_667073.log
153349,irt_only,GHEFT,0,0.0,0,0,1,1.4543,0.8626,2.3169,,,,,,,,,,,,,,,,,79.25560592487328,1.6295,33,11,286,140,90,50,20.319196,0,ok,logs/seed_153349.log
263035,irt_only,GHEFT,0,0.0,0,0,1,1.3355,0.8995,2.235,,,,,,,,,,,,,,,,,87.44494056362082,2.2576,35,10,276,144,106,38,20.449699,0,ok,logs/seed_263035.log
782665,irt_only,GHEFT,0,0.0,0,0,1,1.2827,0.9155,2.1982,,,,,,,,,,,,,,,,,76.45007547820674,1.563,35,9,287,156,102,54,13.029267,0,ok,logs/seed_782665.log
372049,irt_only,GHEFT,0,0.0,0,0,1,1.4415,0.7915,2.233,,,,,,,,,,,,,,,,,72.8819358974359,1.576,35,9,295,154,110,44,24.215649,0,ok,logs/seed_372049.log
15262,irt_only,GHEFT,0,0.0,0,0,1,1.6042,1.2035,2.8077,,,,,,,,,,,,,,,,,87.21762858946272,2.6061,35,10,252,140,92,48,22.347484,0,ok,logs/seed_15262.log
745342,irt_only,GHEFT,0,0.0,0,0,1,1.5664,0.8219,2.3883,,,,,,,,,,,,,,,,,76.887901,1.9244,43,10,332,168,120,48,26.334901,0,ok,logs/seed_745342.log
437809,irt_only,GHEFT,0,0.0,0,0,1,1.5548,0.9069,2.4617,,,,,,,,,,,,,,,,,83.22969801367466,2.3715,33,10,262,140,89,51,17.216865,0,ok,logs/seed_437809.log
987435,irt_only,GHEFT,0,0.0,0,0,1,1.6015,0.84,2.4415,,,,,,,,,,,,,,,,,68.86779344117646,2.3088,31,10,294,160,100,60,21.604931,0,ok,logs/seed_987435.log
146585,irt_only,GHEFT,0,0.0,0,0,1,1.3975,0.9371,2.3346,,,,,,,,,,,,,,,,,102.46159707843137,2.3504,39,9,309,163,100,63,26.860754,0,ok,logs/seed_146585.log
368863,irt_only,GHEFT,0,0.0,0,0,1,1.3856,0.8898,2.2754,,,,,,,,,,,,,,,,,84.1634985308642,1.7903,38,13,305,151,97,54,27.837602,0,ok,logs/seed_368863.log
572806,irt_only,GHEFT,0,0.0,0,0,1,1.4755,0.9613,2.4368,,,,,,,,,,,,,,,,,70.99183285606101,1.9574,31,11,293,157,96,61,30.513465,0,ok,logs/seed_572806.log
198288,irt_only,GHEFT,0,0.0,0,0,1,1.5442,0.9219,2.4661,,,,,,,,,,,,,,,,,68.01659329608938,1.9319,36,8,300,152,102,50,28.720722,0,ok,logs/seed_198288.log
110116,irt_only,GHEFT,0,0.0,0,0,1,1.3649,0.7723,2.1372,,,,,,,,,,,,,,,,,83.25462124711318,1.8748,36,9,299,142,98,44,25.864415,0,ok,logs/seed_110116.log
149047,irt_only,GHEFT,0,0.0,0,0,1,1.5626,0.9038,2.4664,,,,,,,,,,,,,,,,,69.5656124668435,2.2242,35,10,295,144,102,42,30.155637,0,ok,logs/seed_149047.log
864824,irt_only,GHEFT,0,0.0,0,0,1,1.3564,1.0256,2.382,,,,,,,,,,,,,,,,,71.09844567353953,2.031,30,9,268,136,94,42,22.627212,0,ok,logs/seed_864824.log
801768,irt_only,GHEFT,0,0.0,0,0,1,1.4576,0.7713,2.2289,,,,,,,,,,,,,,,,,73.09574699259898,2.0351,40,11,303,141,94,47,31.077612,0,ok,logs/seed_801768.log
262875,irt_only,GHEFT,0,0.0,0,0,1,1.4484,0.8438,2.2922,,,,,,,,,,,,,,,,,79.91827590060318,2.0688,37,10,286,137,102,35,24.674032,0,ok,logs/seed_262875.log
524794,irt_only,GHEFT,0,0.0,0,0,1,1.2671,0.7101,1.9772,,,,,,,,,,,,,,,,,76.6740703587376,1.5241,36,9,290,136,86,50,33.041096,0,ok,logs/seed_524794.log
824487,irt_only,GHEFT,0,0.0,0,0,1,1.3333,0.993,2.3263,,,,,,,,,,,,,,,,,98.29017788778879,2.1769,28,9,262,138,96,42,19.624262,0,ok,logs/seed_824487.log
927335,irt_only,GHEFT,0,0.0,0,0,1,1.4165,0.8906,2.3071,,,,,,,,,,,,,,,,,71.56396728486891,1.562,44,11,286,166,117,49,26.485105,0,ok,logs/seed_927335.log
982015,irt_only,GHEFT,0,0.0,0,0,1,1.5022,0.9043,2.4065,,,,,,,,,,,,,,,,,82.4526808361582,2.5963,37,9,259,122,86,36,21.267239,0,ok,logs/seed_982015.log
205178,irt_only,GHEFT,0,0.0,0,0,1,1.3955,0.9388,2.3343,,,,,,,,,,,,,,,,,74.205034487524,2.7323,42,10,299,138,90,48,23.760532,0,ok,logs/seed_205178.log
888604,irt_only,GHEFT,0,0.0,0,0,1,1.3966,0.9639,2.3605,,,,,,,,,,,,,,,,,78.89304353393085,1.62,31,9,281,150,89,61,26.295921,0,ok,logs/seed_888604.log
546566,irt_only,GHEFT,0,0.0,0,0,1,1.5174,0.7205,2.2379,,,,,,,,,,,,,,,,,68.58520000000001,1.4257,36,8,285,131,88,43,22.021187,0,ok,logs/seed_546566.log
939943,irt_only,GHEFT,0,0.0,0,0,1,1.5211,0.9356,2.4567,,,,,,,,,,,,,,,,,92.84409684308265,2.6541,28,9,267,135,98,37,22.272532,0,ok,logs/seed_939943.log
461796,irt_only,GHEFT,0,0.0,0,0,1,1.4468,1.0133,2.4601,,,,,,,,,,,,,,,,,64.94840372670808,1.4611,38,10,299,134,92,42,27.468818,0,ok,logs/seed_461796.log
683805,irt_only,GHEFT,0,0.0,0,0,1,1.4812,0.8468,2.328,,,,,,,,,,,,,,,,,79.55201523378584,1.9731,30,9,308,160,100,60,28.498089,0,ok,logs/seed_683805.log
273298,irt_only,GHEFT,0,0.0,0,0,1,1.301,0.7105,2.0115,,,,,,,,,,,,,,,,,65.36070097569734,1.633,37,10,302,142,99,43,27.037446,0,ok,logs/seed_273298.log
870064,irt_only,GHEFT,0,0.0,0,0,1,1.6773,1.1239,2.8012,,,,,,,,,,,,,,,,,82.75793531598515,2.3164,35,10,265,153,106,47,20.084646,0,ok,logs/seed_870064.log
739336,irt_only,GHEFT,0,0.0,0,0,1,1.2982,0.8802,2.1784,,,,,,,,,,,,,,,,,80.79032944196717,1.726,32,9,272,155,112,43,21.690083,0,ok,logs/seed_739336.log
374908,irt_only,GHEFT,0,0.0,0,0,1,1.4638,1.1204,2.5842,,,,,,,,,,,,,,,,,71.87545206233573,2.2354,26,8,265,128,89,39,23.735962,0,ok,logs/seed_374908.log
489107,irt_only,GHEFT,0,0.0,0,0,1,1.3412,0.819,2.1602,,,,,,,,,,,,,,,,,86.63510184696567,1.8263,34,10,291,154,96,58,27.751761,0,ok,logs/seed_489107.log
676170,irt_only,GHEFT,0,0.0,0,0,1,1.3607,0.8861,2.2468,,,,,,,,,,,,,,,,,128.86255840707966,2.917,35,10,294,164,104,60,30.988735,0,ok,logs/seed_676170.log
946643,irt_only,GHEFT,0,0.0,0,0,1,1.5636,1.1394,2.703,,,,,,,,,,,,,,,,,70.89570053372435,1.9597,34,11,284,154,104,50,22.732875,0,ok,logs/seed_946643.log
245576,irt_only,GHEFT,0,0.0,0,0,1,1.4496,1.0152,2.4648,,,,,,,,,,,,,,,,,64.50291031677018,1.993,35,8,291,134,85,49,25.473678,0,ok,logs/seed_245576.log
61677,irt_only,GHEFT,0,0.0,0,0,1,1.4749,0.8973,2.3722,,,,,,,,,,,,,,,,,72.40718259833135,1.5966,33,9,281,143,98,45,25.967367,0,ok,logs/seed_61677.log
985204,irt_only,GHEFT,0,0.0,0,0,1,1.363,1.0674,2.4304,,,,,,,,,,,,,,,,,89.21524768989543,2.6146,39,10,281,143,101,42,30.439678,0,ok,logs/seed_985204.log
957734,irt_only,GHEFT,0,0.0,0,0,1,1.5377,1.0203,2.558,,,,,,,,,,,,,,,,,62.52945159112825,2.0105,33,10,290,127,97,30,26.678347,0,ok,logs/seed_957734.log
586973,irt_only,GHEFT,0,0.0,0,0,1,1.3199,0.8032,2.1231,,,,,,,,,,,,,,,,,82.18295213739168,2.2222,35,9,279,139,98,41,30.070304,0,ok,logs/seed_586973.log
81222,irt_only,GHEFT,0,0.0,0,0,1,1.3388,0.9275,2.2663,,,,,,,,,,,,,,,,,82.42109504778455,2.5546,37,11,277,150,97,53,22.745767,0,ok,logs/seed_81222.log
985268,irt_only,GHEFT,0,0.0,0,0,1,1.5512,1.0736,2.6248,,,,,,,,,,,,,,,,,64.82058350460404,1.8143,30,9,277,161,103,58,21.5486,0,ok,logs/seed_985268.log
240715,irt_only,GHEFT,0,0.0,0,0,1,1.5682,0.9542,2.5224,,,,,,,,,,,,,,,,,84.90926474820145,2.3355,39,10,271,143,99,44,29.075981,0,ok,logs/seed_240715.log
336806,irt_only,GHEFT,0,0.0,0,0,1,1.4848,1.0935,2.5783,,,,,,,,,,,,,,,,,79.26498325193678,2.3983,35,8,295,153,91,62,32.941089,0,ok,logs/seed_336806.log
431396,irt_only,GHEFT,0,0.0,0,0,1,1.5775,0.9473,2.5248,,,,,,,,,,,,,,,,,69.79208417462485,1.888,34,10,279,143,96,47,28.899904,0,ok,logs/seed_431396.log
850253,irt_only,GHEFT,0,0.0,0,0,1,1.4805,0.9706,2.4511,,,,,,,,,,,,,,,,,79.24876219929452,2.2708,35,10,287,141,97,44,24.119747,0,ok,logs/seed_850253.log
342204,irt_only,GHEFT,0,0.0,0,0,1,1.5428,0.9793,2.5221,,,,,,,,,,,,,,,,,75.79498825515707,2.5433,44,12,307,182,100,82,27.360449,0,ok,logs/seed_342204.log
810991,irt_only,GHEFT,0,0.0,0,0,1,1.2933,0.7362,2.0295,,,,,,,,,,,,,,,,,76.67034142011833,2.0312,37,9,261,131,100,31,27.567696,0,ok,logs/seed_810991.log
895124,irt_only,GHEFT,0,0.0,0,0,1,1.3268,0.9879,2.3147,,,,,,,,,,,,,,,,,76.6639,2.2003,35,8,296,134,88,46,29.097519,0,ok,logs/seed_895124.log
437866,irt_only,GHEFT,0,0.0,0,0,1,1.5719,1.0163,2.5882,,,,,,,,,,,,,,,,,75.66475018315016,1.848,39,10,265,127,90,37,29.729304,0,ok,logs/seed_437866.log
246441,irt_only,GHEFT,0,0.0,0,0,1,1.3255,0.6811,2.0066,,,,,,,,,,,,,,,,,71.67589663865546,1.7449,45,10,300,170,102,68,33.647056,0,ok,logs/seed_246441.log
834777,irt_only,GHEFT,0,0.0,0,0,1,1.4756,1.0623,2.5379,,,,,,,,,,,,,,,,,93.9625505575221,2.4521,32,9,269,167,123,44,32.06699,0,ok,logs/seed_834777.log
159109,irt_only,GHEFT,0,0.0,0,0,1,1.3493,0.8057,2.155,,,,,,,,,,,,,,,,,89.41533316609863,2.2836,40,10,309,151,102,49,30.69439,0,ok,logs/seed_159109.log
469145,irt_only,GHEFT,0,0.0,0,0,1,1.4343,0.8097,2.244,,,,,,,,,,,,,,,,,72.60361055718475,2.1512,28,8,270,126,90,36,21.399894,0,ok,logs/seed_469145.log
359039,irt_only,GHEFT,0,0.0,0,0,1,1.4056,0.7967,2.2023,,,,,,,,,,,,,,,,,91.90702068965517,2.2559,33,10,300,163,102,61,24.761247,0,ok,logs/seed_359039.log
441554,irt_only,GHEFT,0,0.0,0,0,1,1.5789,1.0723,2.6512,,,,,,,,,,,,,,,,,91.43956976906928,1.7645,34,8,292,139,95,44,28.840163,0,ok,logs/seed_441554.log
981230,irt_only,GHEFT,0,0.0,0,0,1,1.5044,1.0059,2.5103,,,,,,,,,,,,,,,,,71.629100155521,1.9526,37,10,288,156,104,52,32.482783,0,ok,logs/seed_981230.log
386385,irt_only,GHEFT,0,0.0,0,0,1,1.5006,1.0726,2.5732,,,,,,,,,,,,,,,,,67.84628162618371,1.7539,30,8,271,122,84,38,23.67624,0,ok,logs/seed_386385.log
667900,irt_only,GHEFT,0,0.0,0,0,1,1.3226,1.0151,2.3377,,,,,,,,,,,,,,,,,82.12394693783304,2.3077,42,12,277,148,90,58,33.708442,0,ok,logs/seed_667900.log
361299,irt_only,GHEFT,0,0.0,0,0,1,1.4549,1.0837,2.5386,,,,,,,,,,,,,,,,,70.61278539391694,1.8884,38,10,280,161,112,49,28.770264,0,ok,logs/seed_361299.log
270600,irt_only,GHEFT,0,0.0,0,0,1,1.4357,0.7919,2.2276,,,,,,,,,,,,,,,,,71.06560321384426,2.1262,34,10,284,140,92,48,21.289821,0,ok,logs/seed_270600.log
399493,irt_only,GHEFT,0,0.0,0,0,1,1.3171,0.8126,2.1297,,,,,,,,,,,,,,,,,69.8698037037037,1.6633,34,10,271,125,75,50,28.850438,0,ok,logs/seed_399493.log
344401,irt_only,GHEFT,0,0.0,0,0,1,1.6541,0.9646,2.6187,,,,,,,,,,,,,,,,,76.07700706504066,1.963,33,10,297,183,131,52,31.618238,0,ok,logs/seed_344401.log
440653,irt_only,GHEFT,0,0.0,0,0,1,1.3647,0.8038,2.1685,,,,,,,,,,,,,,,,,116.26501980877742,2.2587,33,8,286,148,104,44,29.65191,0,ok,logs/seed_440653.log
422829,irt_only,GHEFT,0,0.0,0,0,1,1.2719,1.0875,2.3594,,,,,,,,,,,,,,,,,81.09713785657371,2.0021,44,12,291,145,94,51,26.306795,0,ok,logs/seed_422829.log
194493,irt_only,GHEFT,0,0.0,0,0,1,1.4442,0.953,2.3972,,,,,,,,,,,,,,,,,74.66363170731707,1.677,37,10,298,142,103,39,32.667043,0,ok,logs/seed_194493.log
79088,irt_only,GHEFT,0,0.0,0,0,1,1.3428,0.9168,2.2596,,,,,,,,,,,,,,,,,86.52170610820244,1.8293,31,8,267,130,89,41,24.414334,0,ok,logs/seed_79088.log
144274,irt_only,GHEFT,0,0.0,0,0,1,1.1909,0.7664,1.9573,,,,,,,,,,,,,,,,,69.54001255337317,1.8133,38,10,299,147,104,43,29.568601,0,ok,logs/seed_144274.log
568701,irt_only,GHEFT,0,0.0,0,0,1,1.627,1.1441,2.7711,,,,,,,,,,,,,,,,,65.31150407497962,2.2684,34,9,278,141,85,56,27.687167,0,ok,logs/seed_568701.log
643829,irt_only,GHEFT,0,0.0,0,0,1,1.3898,0.8973,2.2871,,,,,,,,,,,,,,,,,61.79100206865758,1.707,34,9,298,140,100,40,29.467703,0,ok,logs/seed_643829.log
271983,irt_only,GHEFT,0,0.0,0,0,1,1.3927,0.8152,2.2079,,,,,,,,,,,,,,,,,71.0653720253508,1.9614,37,10,289,152,107,45,32.270437,0,ok,logs/seed_271983.log
197314,irt_only,GHEFT,0,0.0,0,0,1,1.3584,0.8103,2.1687,,,,,,,,,,,,,,,,,69.3284615153443,1.8203,42,11,271,123,88,35,28.441059,0,ok,logs/seed_197314.log
994686,irt_only,GHEFT,0,0.0,0,0,1,1.551,1.197,2.748,,,,,,,,,,,,,,,,,72.79410482712062,1.9664,30,9,295,143,102,41,26.22274,0,ok,logs/seed_994686.log
282842,irt_only,GHEFT,0,0.0,0,0,1,1.5004,1.0706,2.571,,,,,,,,,,,,,,,,,69.01993772584856,1.8357,37,10,283,156,103,53,20.908141,0,ok,logs/seed_282842.log
137602,irt_only,GHEFT,0,0.0,0,0,1,1.4544,0.8409,2.2953,,,,,,,,,,,,,,,,,72.09808948167539,1.5605,38,10,280,145,98,47,34.772631,0,ok,logs/seed_137602.log
472131,irt_only,GHEFT,0,0.0,0,0,1,1.3511,0.7705,2.1216,,,,,,,,,,,,,,,,,85.15807107438016,2.0526,39,10,282,150,111,39,29.0497,0,ok,logs/seed_472131.log
327054,irt_only,GHEFT,0,0.0,0,0,1,1.5124,0.9659,2.4783,,,,,,,,,,,,,,,,,94.20107483370434,2.5004,39,11,254,139,100,39,25.570816,0,ok,logs/seed_327054.log
416581,irt_only,GHEFT,0,0.0,0,0,1,1.4173,0.9367,2.354,,,,,,,,,,,,,,,,,100.57035036075035,2.5028,33,9,300,131,89,42,24.780076,0,ok,logs/seed_416581.log
223716,irt_only,GHEFT,0,0.0,0,0,1,1.4117,1.1333,2.545,,,,,,,,,,,,,,,,,92.38142238805969,2.4046,37,11,292,170,105,65,34.165732,0,ok,logs/seed_223716.log
116436,irt_only,GHEFT,0,0.0,0,0,1,1.4823,1.0503,2.5326,,,,,,,,,,,,,,,,,77.81754212079437,2.1537,34,10,282,151,101,50,29.128086,0,ok,logs/seed_116436.log
650936,irt_only,GHEFT,0,0.0,0,0,1,1.36,1.1464,2.5064,,,,,,,,,,,,,,,,,73.40106153846155,2.1819,32,10,252,114,85,29,21.743988,0,ok,logs/seed_650936.log
516657,irt_only,GHEFT,0,0.0,0,0,1,1.4414,0.9318,2.3732,,,,,,,,,,,,,,,,,85.28685394508013,2.1128,34,9,262,133,98,35,25.683737,0,ok,logs/seed_516657.log
687865,irt_only,GHEFT,0,0.0,0,0,1,1.3526,1.0483,2.4009,,,,,,,,,,,,,,,,,95.74856718146717,2.9457,34,12,275,168,112,56,22.690055,0,ok,logs/seed_687865.log
715106,irt_only,GHEFT,0,0.0,0,0,1,1.4588,0.8775,2.3363,,,,,,,,,,,,,,,,,81.54122280439492,1.9028,38,10,295,152,109,43,37.257368,0,ok,logs/seed_715106.log
293374,irt_only,GHEFT,0,0.0,0,0,1,1.4558,0.956,2.4118,,,,,,,,,,,,,,,,,85.25943456009071,2.1817,37,11,278,141,78,63,29.62333,0,ok,logs/seed_293374.log
658834,irt_only,GHEFT,0,0.0,0,0,1,1.5655,1.2112,2.7767,,,,,,,,,,,,,,,,,69.91965814285714,2.0922,35,10,275,128,86,42,33.137325,0,ok,logs/seed_658834.log
23329,irt_only,GHEFT,0,0.0,0,0,1,1.4692,0.7878,2.257,,,,,,,,,,,,,,,,,58.499947121593294,1.8858,38,11,297,170,113,57,29.495578,0,ok,logs/seed_23329.log
661707,irt_only,GHEFT,0,0.0,0,0,1,1.5392,0.9139,2.4531,,,,,,,,,,,,,,,,,69.5557888309588,1.529,34,9,272,128,91,37,29.143287,0,ok,logs/seed_661707.log
579773,irt_only,GHEFT,0,0.0,0,0,1,1.5412,1.0869,2.6281,,,,,,,,,,,,,,,,,68.89581256666467,1.7393,44,10,290,146,103,43,31.439938,0,ok,logs/seed_579773.log
688431,irt_only,GHEFT,0,0.0,0,0,1,1.408,0.8543,2.2623,,,,,,,,,,,,,,,,,75.5738579664903,1.6757,37,11,284,143,91,52,33.052468,0,ok,logs/seed_688431.log
735633,irt_only,GHEFT,0,0.0,0,0,1,1.4326,0.9374,2.37,,,,,,,,,,,,,,,,,90.93014723127037,2.0957,35,9,275,151,106,45,27.044463,0,ok,logs/seed_735633.log
208263,irt_only,GHEFT,0,0.0,0,0,1,1.416,0.8607,2.2767,,,,,,,,,,,,,,,,,79.75587469624574,1.8755,30,11,263,135,98,37,26.43447,0,ok,logs/seed_208263.log
733953,irt_only,GHEFT,0,0.0,0,0,1,1.474,0.8623,2.3363,,,,,,,,,,,,,,,,,80.11159143675789,2.0064,38,11,304,168,95,73,31.353355,0,ok,logs/seed_733953.log
241442,irt_only,GHEFT,0,0.0,0,0,1,1.3892,1.0752,2.4644,,,,,,,,,,,,,,,,,70.19435846720037,2.1632,36,10,276,138,87,51,36.492564,0,ok,logs/seed_241442.log
665452,irt_only,GHEFT,0,0.0,0,0,1,1.499,0.8718,2.3708,,,,,,,,,,,,,,,,,77.91098172912385,1.9962,42,12,291,155,91,64,36.048973,0,ok,logs/seed_665452.log
631051,irt_only,GHEFT,0,0.0,0,0,1,1.3971,0.9324,2.3295,,,,,,,,,,,,,,,,,71.688501,2.4847,33,10,294,172,102,70,31.724505,0,ok,logs/seed_631051.log
497919,irt_only,GHEFT,0,0.0,0,0,1,1.3241,0.9224,2.2465,,,,,,,,,,,,,,,,,72.48870099999999,1.7653,39,10,294,163,90,73,30.222366,0,ok,logs/seed_497919.log
960027,irt_only,GHEFT,0,0.0,0,0,1,1.5578,0.9365,2.4943,,,,,,,,,,,,,,,,,86.13885104895104,2.6863,29,9,256,157,100,57,24.47267,0,ok,logs/seed_960027.log
305476,irt_only,GHEFT,0,0.0,0,0,1,1.6391,1.1378,2.7769,,,,,,,,,,,,,,,,,88.16668860292768,1.8675,37,11,292,178,106,72,34.247477,0,ok,logs/seed_305476.log
365837,irt_only,GHEFT,0,0.0,0,0,1,1.3444,0.8573,2.2017,,,,,,,,,,,,,,,,,76.91778648648648,1.8674,34,9,278,135,91,44,32.065767,0,ok,logs/seed_365837.log
514986,irt_only,GHEFT,0,0.0,0,0,1,1.3008,1.0959,2.3967,,,,,,,,,,,,,,,,,108.79563157894736,1.9041,41,11,314,175,109,66,28.207323,0,ok,logs/seed_514986.log
291361,irt_only,GHEFT,0,0.0,0,0,1,1.6862,0.9129,2.5991,,,,,,,,,,,,,,,,,69.18981096563013,1.7247,26,8,273,141,97,44,29.553037,0,ok,logs/seed_291361.log
831040,irt_only,GHEFT,0,0.0,0,0,1,1.4409,0.8314,2.2723,,,,,,,,,,,,,,,,,72.44944036697247,1.6787,34,10,280,158,112,46,28.842098,0,ok,logs/seed_831040.log
900613,irt_only,GHEFT,0,0.0,0,0,1,1.3687,0.886,2.2547,,,,,,,,,,,,,,,,,70.81031070873786,1.8591,37,10,292,147,97,50,23.067809,0,ok,logs/seed_900613.log
738426,irt_only,GHEFT,0,0.0,0,0,1,1.4385,1.015,2.4535,,,,,,,,,,,,,,,,,75.82607079964222,1.8891,34,10,288,111,85,26,30.012216,0,ok,logs/seed_738426.log
924607,irt_only,GHEFT,0,0.0,0,0,1,1.4837,1.1613,2.645,,,,,,,,,,,,,,,,,69.21943169306931,1.7793,29,10,265,146,101,45,28.19113,0,ok,logs/seed_924607.log
461861,irt_only,GHEFT,0,0.0,0,0,1,1.3014,0.9111,2.2125,,,,,,,,,,,,,,,,,74.04419668609168,2.3794,34,8,267,117,86,31,23.185604,0,ok,logs/seed_461861.log
854725,irt_only,GHEFT,0,0.0,0,0,1,1.4757,0.9616,2.4373,,,,,,,,,,,,,,,,,77.63155100182148,2.1663,38,12,296,135,86,49,25.711599,0,ok,logs/seed_854725.log
808927,irt_only,GHEFT,0,0.0,0,0,1,1.5237,1.2539,2.7776,,,,,,,,,,,,,,,,,80.24729442231076,2.2707,33,10,274,151,101,50,28.606321,0,ok,logs/seed_808927.log
826006,irt_only,GHEFT,0,0.0,0,0,1,1.3893,0.9917,2.381,,,,,,,,,,,,,,,,,75.42698553716964,1.7468,39,11,291,157,106,51,25.346902,0,ok,logs/seed_826006.log
522333,irt_only,GHEFT,0,0.0,0,0,1,1.4268,1.1666,2.5934,,,,,,,,,,,,,,,,,98.17623055555556,2.6662,27,8,261,142,97,45,37.155371,0,ok,logs/seed_522333.log
245912,irt_only,GHEFT,0,0.0,0,0,1,1.5331,1.0915,2.6246,,,,,,,,,,,,,,,,,70.52372108843537,1.5487,37,10,289,136,92,44,28.878358,0,ok,logs/seed_245912.log
758389,irt_only,GHEFT,0,0.0,0,0,1,1.5139,0.9659,2.4798,,,,,,,,,,,,,,,,,58.71718039693126,1.7948,32,10,273,122,86,36,26.003956,0,ok,logs/seed_758389.log
631363,irt_only,GHEFT,0,0.0,0,0,1,1.4525,0.9743,2.4268,,,,,,,,,,,,,,,,,72.86119328214971,1.9665,42,11,302,159,106,53,29.153135,0,ok,logs/seed_631363.log
766985,irt_only,GHEFT,0,0.0,0,0,1,1.4732,0.8175,2.2907,,,,,,,,,,,,,,,,,63.60836650717703,1.6415,35,11,280,137,91,46,25.982119,0,ok,logs/seed_766985.log
582309,irt_only,GHEFT,0,0.0,0,0,1,1.4924,0.779,2.2714,,,,,,,,,,,,,,,,,72.92533145202613,2.2307,29,9,237,121,81,40,15.61194,0,ok,logs/seed_582309.log
846927,irt_only,GHEFT,0,0.0,0,0,1,1.393,0.994,2.387,,,,,,,,,,,,,,,,,86.51483070607554,2.4748,35,9,317,161,101,60,28.889552,0,ok,logs/seed_846927.log
763059,irt_only,GHEFT,0,0.0,0,0,1,1.5734,1.0815,2.6549,,,,,,,,,,,,,,,,,83.36461085645355,1.9916,27,8,259,152,108,44,18.043869,0,ok,logs/seed_763059.log
861602,irt_only,GHEFT,0,0.0,0,0,1,1.66,1.0428,2.7028,,,,,,,,,,,,,,,,,85.05342192162094,2.5871,32,9,297,135,96,39,25.387369,0,ok,logs/seed_861602.log
631173,irt_only,GHEFT,0,0.0,0,0,1,1.4762,0.8411,2.3173,,,,,,,,,,,,,,,,,65.71319991590994,1.614,39,11,292,147,110,37,29.788742,0,ok,logs/seed_631173.log
53408,irt_only,GHEFT,0,0.0,0,0,1,1.4725,0.9806,2.4531,,,,,,,,,,,,,,,,,77.6412193098592,1.991,36,10,282,158,107,51,29.259068,0,ok,logs/seed_53408.log
328439,irt_only,GHEFT,0,0.0,0,0,1,1.3645,0.8643,2.2288,,,,,,,,,,,,,,,,,77.39588366854214,2.2152,42,9,302,141,94,47,26.842058,0,ok,logs/seed_328439.log
1087,irt_only,GHEFT,0,0.0,0,0,1,1.3529,0.9801,2.333,,,,,,,,,,,,,,,,,83.65760970421316,1.9875,38,10,281,156,107,49,25.550957,0,ok,logs/seed_1087.log
577361,irt_only,GHEFT,0,0.0,0,0,1,1.5588,1.0431,2.6019,,,,,,,,,,,,,,,,,72.43358550724636,1.758,33,9,266,170,115,55,21.710734,0,ok,logs/seed_577361.log
72146,irt_only,GHEFT,0,0.0,0,0,1,1.4459,0.9452,2.3911,,,,,,,,,,,,,,,,,69.15445571793835,2.0926,40,10,292,169,115,54,24.700627,0,ok,logs/seed_72146.log
479068,irt_only,GHEFT,0,0.0,0,0,1,1.2062,0.8844,2.0906,,,,,,,,,,,,,,,,,78.27827968127491,2.4951,32,12,265,156,90,66,20.00909,0,ok,logs/seed_479068.log
267093,irt_only,GHEFT,0,0.0,0,0,1,1.1252,0.8142,1.9394,,,,,,,,,,,,,,,,,85.66508654477886,2.1292,45,12,278,156,92,64,23.321766,0,ok,logs/seed_267093.log
174052,irt_only,GHEFT,0,0.0,0,0,1,1.3117,0.8799,2.1916,,,,,,,,,,,,,,,,,70.52150007698228,1.91,45,11,324,161,98,63,25.248094,0,ok,logs/seed_174052.log
224195,irt_only,GHEFT,0,0.0,0,0,1,1.2161,0.7462,1.9623,,,,,,,,,,,,,,,,,88.48536319018405,2.4553,39,10,283,151,110,41,23.546893,0,ok,logs/seed_224195.log
203906,irt_only,GHEFT,0,0.0,0,0,1,1.5247,1.087,2.6117,,,,,,,,,,,,,,,,,81.57014445726969,2.1633,31,10,264,146,111,35,23.222883,0,ok,logs/seed_203906.log
223610,irt_only,GHEFT,0,0.0,0,0,1,1.3477,1.0371,2.3848,,,,,,,,,,,,,,,,,63.6626428839779,1.8854,30,9,276,124,81,43,19.834793,0,ok,logs/seed_223610.log
765827,irt_only,GHEFT,0,0.0,0,0,1,1.4149,0.9909,2.4058,,,,,,,,,,,,,,,,,74.06051538461539,1.8093,33,10,295,151,97,54,23.204941,0,ok,logs/seed_765827.log
597825,irt_only,GHEFT,0,0.0,0,0,1,1.482,0.9919,2.4739,,,,,,,,,,,,,,,,,68.53028225966888,1.6508,34,9,278,133,92,41,24.669418,0,ok,logs/seed_597825.log
743325,irt_only,GHEFT,0,0.0,0,0,1,1.4461,1.0913,2.5374,,,,,,,,,,,,,,,,,74.22813836363638,2.4894,35,8,284,141,95,46,27.063632,0,ok,logs/seed_743325.log
459404,irt_only,GHEFT,0,0.0,0,0,1,1.1762,0.791,1.9672,,,,,,,,,,,,,,,,,83.9594742478576,1.9926,41,9,318,155,112,43,23.436322,0,ok,logs/seed_459404.log
644891,irt_only,GHEFT,0,0.0,0,0,1,1.4818,0.9932,2.475,,,,,,,,,,,,,,,,,79.12928752684034,1.7968,40,10,275,146,102,44,25.325341,0,ok,logs/seed_644891.log
112316,irt_only,GHEFT,0,0.0,0,0,1,1.4368,0.8542,2.291,,,,,,,,,,,,,,,,,78.59522067871487,2.0267,44,10,292,154,105,49,27.191601,0,ok,logs/seed_112316.log
708240,irt_only,GHEFT,0,0.0,0,0,1,1.4004,0.9824,2.3828,,,,,,,,,,,,,,,,,84.50336493245469,1.9876,26,9,249,137,99,38,23.858746,0,ok,logs/seed_708240.log
988612,irt_only,GHEFT,0,0.0,0,0,1,1.447,0.7758,2.2228,,,,,,,,,,,,,,,,,61.44817103108599,1.7362,39,9,286,140,82,58,22.21918,0,ok,logs/seed_988612.log
737269,irt_only,GHEFT,0,0.0,0,0,1,1.54,1.0089,2.5489,,,,,,,,,,,,,,,,,69.49167482809611,1.6574,36,10,288,146,100,46,27.14158,0,ok,logs/seed_737269.log
670045,irt_only,GHEFT,0,0.0,0,0,1,1.4664,0.8889,2.3553,,,,,,,,,,,,,,,,,71.78006679864826,1.9684,30,10,284,153,93,60,26.290908,0,ok,logs/seed_670045.log
697981,irt_only,GHEFT,0,0.0,0,0,1,1.3294,0.9392,2.2686,,,,,,,,,,,,,,,,,72.7570450632473,2.2088,40,11,311,152,90,62,24.289476,0,ok,logs/seed_697981.log
940926,irt_only,GHEFT,0,0.0,0,0,1,1.7046,1.1519,2.8565,,,,,,,,,,,,,,,,,81.14061973929238,2.457,30,9,262,137,93,44,20.910267,0,ok,logs/seed_940926.log
245466,irt_only,GHEFT,0,0.0,0,0,1,1.6137,1.0403,2.654,,,,,,,,,,,,,,,,,84.72135478538513,1.8296,32,11,282,153,106,47,30.441003,0,ok,logs/seed_245466.log
863385,irt_only,GHEFT,0,0.0,0,0,1,1.4655,0.8107,2.2762,,,,,,,,,,,,,,,,,82.17185480093676,1.9319,34,9,300,144,97,47,24.611662,0,ok,logs/seed_863385.log
502084,irt_only,GHEFT,0,0.0,0,0,1,1.4292,1.0771,2.5063,,,,,,,,,,,,,,,,,86.90000795903163,1.9957,37,10,286,158,106,52,28.62922,0,ok,logs/seed_502084.log
268333,irt_only,GHEFT,0,0.0,0,0,1,1.5082,0.7952,2.3034,,,,,,,,,,,,,,,,,75.90900881536555,2.5844,40,10,285,140,90,50,24.694558,0,ok,logs/seed_268333.log
889172,irt_only,GHEFT,0,0.0,0,0,1,1.3994,0.7784,2.1778,,,,,,,,,,,,,,,,,65.49667837837838,1.7668,33,9,287,157,98,59,22.996514,0,ok,logs/seed_889172.log
768859,irt_only,GHEFT,0,0.0,0,0,1,1.3917,1.0203,2.412,,,,,,,,,,,,,,,,,81.02641970443348,2.3864,34,11,279,164,112,52,22.734377,0,ok,logs/seed_768859.log
108511,irt_only,GHEFT,0,0.0,0,0,1,1.439,1.0256,2.4646,,,,,,,,,,,,,,,,,65.96329797023324,2.0047,39,11,311,153,88,65,32.334799,0,ok,logs/seed_108511.log
828273,irt_only,GHEFT,0,0.0,0,0,1,1.3913,0.8478,2.2391,,,,,,,,,,,,,,,,,67.53766906683803,1.7338,35,10,296,145,97,48,19.641914,0,ok,logs/seed_828273.log
932667,irt_only,GHEFT,0,0.0,0,0,1,1.3381,0.8649,2.203,,,,,,,,,,,,,,,,,87.5023133636735,2.8257,36,10,279,169,116,53,23.092368,0,ok,logs/seed_932667.log
245421,irt_only,GHEFT,0,0.0,0,0,1,1.3792,0.8661,2.2453,,,,,,,,,,,,,,,,,80.34900100000002,2.2193,38,11,270,164,115,49,21.783086,0,ok,logs/seed_245421.log
678641,irt_only,GHEFT,0,0.0,0,0,1,1.5837,0.9126,2.4963,,,,,,,,,,,,,,,,,100.39513901170348,2.2958,36,11,276,155,110,45,30.068211,0,ok,logs/seed_678641.log
935125,irt_only,GHEFT,0,0.0,0,0,1,1.5393,1.0684,2.6077,,,,,,,,,,,,,,,,,88.54769973893745,2.1108,37,11,294,165,104,61,28.512015,0,ok,logs/seed_935125.log
605287,irt_only,GHEFT,0,0.0,0,0,1,1.5017,1.0685,2.5702,,,,,,,,,,,,,,,,,85.72090907547168,2.1795,27,8,249,123,83,40,25.199206,0,ok,logs/seed_605287.log
241117,irt_only,GHEFT,0,0.0,0,0,1,1.6232,0.8392,2.4624,,,,,,,,,,,,,,,,,80.1493759401609,1.7227,35,9,296,152,103,49,26.948196,0,ok,logs/seed_241117.log
137693,irt_only,GHEFT,0,0.0,0,0,1,1.2181,0.9288,2.1469,,,,,,,,,,,,,,,,,87.3663212247191,2.6417,42,11,325,160,101,59,31.150865,0,ok,logs/seed_137693.log
519815,irt_only,GHEFT,0,0.0,0,0,1,1.5307,0.9734,2.5041,,,,,,,,,,,,,,,,,77.20015787658102,2.0194,32,9,283,150,106,44,22.330315,0,ok,logs/seed_519815.log
825689,irt_only,GHEFT,0,0.0,0,0,1,1.4532,0.8481,2.3013,,,,,,,,,,,,,,,,,74.23518812415655,1.7811,43,13,286,180,113,67,24.076776,0,ok,logs/seed_825689.log
266300,irt_only,GHEFT,0,0.0,0,0,1,1.5443,0.8838,2.4281,,,,,,,,,,,,,,,,,90.41080018198365,2.5365,37,10,295,170,115,55,26.768794,0,ok,logs/seed_266300.log
353884,irt_only,GHEFT,0,0.0,0,0,1,1.4639,1.033,2.4969,,,,,,,,,,,,,,,,,105.87557878787881,2.3272,33,10,274,138,98,40,21.997773,0,ok,logs/seed_353884.log
141574,irt_only,GHEFT,0,0.0,0,0,1,1.4255,0.7198,2.1453,,,,,,,,,,,,,,,,,67.98239729629628,1.487,46,12,304,152,97,55,23.771749,0,ok,logs/seed_141574.log
211351,irt_only,GHEFT,0,0.0,0,0,1,1.4968,0.9504,2.4472,,,,,,,,,,,,,,,,,69.37768756716417,1.6434,26,8,264,121,89,32,20.37104,0,ok,logs/seed_211351.log
64745,irt_only,GHEFT,0,0.0,0,0,1,1.2307,0.7326,1.9633,,,,,,,,,,,,,,,,,79.38413396226414,1.6011,40,9,309,164,109,55,26.632773,0,ok,logs/seed_64745.log
827551,irt_only,GHEFT,0,0.0,0,0,1,1.549,1.1034,2.6524,,,,,,,,,,,,,,,,,68.83999456193354,1.5437,32,10,269,116,84,32,25.055614,0,ok,logs/seed_827551.log
236634,irt_only,GHEFT,0,0.0,0,0,1,1.4662,0.9443,2.4105,,,,,,,,,,,,,,,,,73.12755379919679,2.059,33,10,279,147,102,45,21.526945,0,ok,logs/seed_236634.log
554061,irt_only,GHEFT,0,0.0,0,0,1,1.4183,0.9469,2.3652,,,,,,,,,,,,,,,,,79.96747205263159,1.855,35,10,266,137,94,43,23.869034,0,ok,logs/seed_554061.log
473253,irt_only,GHEFT,0,0.0,0,0,1,1.2828,0.7428,2.0256,,,,,,,,,,,,,,,,,122.74190204081631,3.1792,37,10,270,145,95,50,24.707918,0,ok,logs/seed_473253.log
397414,irt_only,GHEFT,0,0.0,0,0,1,1.5126,1.1822,2.6948,,,,,,,,,,,,,,,,,77.23156207604563,2.1782,36,9,299,139,94,45,29.113694,0,ok,logs/seed_397414.log
237902,irt_only,GHEFT,0,0.0,0,0,1,1.4403,0.8353,2.2756,,,,,,,,,,,,,,,,,70.32833859348199,1.9395,36,10,259,117,83,34,23.510528,0,ok,logs/seed_237902.log
57519,irt_only,GHEFT,0,0.0,0,0,1,1.3137,0.8285,2.1422,,,,,,,,,,,,,,,,,98.93801764488705,3.025,42,11,267,138,100,38,26.128197,0,ok,logs/seed_57519.log
505780,irt_only,GHEFT,0,0.0,0,0,1,1.5876,0.8858,2.4734,,,,,,,,,,,,,,,,,106.32876428978896,2.5383,36,12,269,150,98,52,24.32748,0,ok,logs/seed_505780.log
353215,irt_only,GHEFT,0,0.0,0,0,1,1.1628,0.7785,1.9413,,,,,,,,,,,,,,,,,91.21474354354353,2.2745,39,10,301,157,104,53,26.111328,0,ok,logs/seed_353215.log
60194,irt_only,GHEFT,0,0.0,0,0,1,1.4767,0.9321,2.4088,,,,,,,,,,,,,,,,,84.73638996759807,2.7904,40,10,306,152,106,46,31.077309,0,ok,logs/seed_60194.log
21327,irt_only,GHEFT,0,0.0,0,0,1,1.4457,0.8206,2.2663,,,,,,,,,,,,,,,,,79.55533205741625,1.6668,39,10,280,137,98,39,26.0208,0,ok,logs/seed_21327.log
551141,irt_only,GHEFT,0,0.0,0,0,1,1.3891,0.7284,2.1175,,,,,,,,,,,,,,,,,70.14244824355973,1.9736,33,10,258,114,86,28,18.226613,0,ok,logs/seed_551141.log
504483,irt_only,GHEFT,0,0.0,0,0,1,1.4544,1.0215,2.4759,,,,,,,,,,,,,,,,,71.77383442369205,2.394,37,10,293,144,96,48,24.37684,0,ok,logs/seed_504483.log
50984,irt_only,GHEFT,0,0.0,0,0,1,1.3554,0.8357,2.1911,,,,,,,,,,,,,,,,,68.53802367719605,1.4429,35,10,289,135,95,40,23.279605,0,ok,logs/seed_50984.log
145299,irt_only,GHEFT,0,0.0,0,0,1,1.5026,0.9772,2.4798,,,,,,,,,,,,,,,,,86.33170862177329,2.2746,38,9,282,150,104,46,23.031903,0,ok,logs/seed_145299.log
933274,irt_only,GHEFT,0,0.0,0,0,1,1.3769,0.7747,2.1516,,,,,,,,,,,,,,,,,79.21552329924398,1.6493,33,11,283,164,112,52,25.440013,0,ok,logs/seed_933274.log
321337,irt_only,GHEFT,0,0.0,0,0,1,1.6411,1.0846,2.7257,,,,,,,,,,,,,,,,,67.27568246696684,2.4216,30,8,271,137,91,46,20.270211,0,ok,logs/seed_321337.log
181404,irt_only,GHEFT,0,0.0,0,0,1,1.4908,1.0621,2.5529,,,,,,,,,,,,,,,,,83.64467402354802,2.3322,37,9,293,153,94,59,23.392033,0,ok,logs/seed_181404.log
3899,irt_only,GHEFT,0,0.0,0,0,1,1.4048,0.9794,2.3842,,,,,,,,,,,,,,,,,74.4942806112637,1.4882,37,10,285,131,92,39,23.10253,0,ok,logs/seed_3899.log
494958,irt_only,GHEFT,0,0.0,0,0,1,1.6364,1.1584,2.7948,,,,,,,,,,,,,,,,,71.89281474103585,1.8124,38,10,279,154,105,49,22.815844,0,ok,logs/seed_494958.log
970507,irt_only,GHEFT,0,0.0,0,0,1,1.2609,0.8966,2.1575,,,,,,,,,,,,,,,,,70.30265621674876,1.8836,38,12,286,161,102,59,27.356718,0,ok,logs/seed_970507.log
705866,irt_only,GHEFT,0,0.0,0,0,1,1.4266,1.0064,2.433,,,,,,,,,,,,,,,,,77.86111821621623,1.8562,32,9,290,145,106,39,30.143431,0,ok,logs/seed_705866.log
296343,irt_only,GHEFT,0,0.0,0,0,1,1.5722,0.8977,2.4699,,,,,,,,,,,,,,,,,71.65986311111111,2.1498,37,10,274,142,109,33,22.965192,0,ok,logs/seed_296343.log
586398,irt_only,GHEFT,0,0.0,0,0,1,1.3668,0.6965,2.0633,,,,,,,,,,,,,,,,,80.94307986577181,2.0542,31,10,279,153,99,54,23.42198,0,ok,logs/seed_586398.log
378648,irt_only,GHEFT,0,0.0,0,0,1,1.5107,1.049,2.5597,,,,,,,,,,,,,,,,,52.42128998602002,1.6368,32,10,276,119,78,41,20.959462,0,ok,logs/seed_378648.log
531966,irt_only,GHEFT,0,0.0,0,0,1,1.5132,0.8988,2.412,,,,,,,,,,,,,,,,,76.51065722981892,2.5462,27,9,267,151,103,48,20.742535,0,ok,logs/seed_531966.log
596361,irt_only,GHEFT,0,0.0,0,0,1,1.3662,0.8555,2.2217,,,,,,,,,,,,,,,,,73.15668068308702,1.9962,35,11,283,154,99,55,24.714642,0,ok,logs/seed_596361.log
60220,irt_only,GHEFT,0,0.0,0,0,1,1.4804,0.8013,2.2817,,,,,,,,,,,,,,,,,75.97334251207731,2.1225,39,10,289,145,85,60,24.551139,0,ok,logs/seed_60220.log
189568,irt_only,GHEFT,0,0.0,0,0,1,1.413,1.1166,2.5296,,,,,,,,,,,,,,,,,82.3946254954658,1.9467,34,9,257,128,94,34,25.153233,0,ok,logs/seed_189568.log
151000,irt_only,GHEFT,0,0.0,0,0,1,1.3493,0.8277,2.177,,,,,,,,,,,,,,,,,105.19811538461536,2.2192,33,8,277,136,105,31,16.965395,0,ok,logs/seed_151000.log
72402,irt_only,GHEFT,0,0.0,0,0,1,1.3756,1.0508,2.4264,,,,,,,,,,,,,,,,,70.49177722333671,1.6872,37,11,295,154,100,54,21.800066,0,ok,logs/seed_72402.log
983055,irt_only,GHEFT,0,0.0,0,0,1,1.4883,0.9566,2.4449,,,,,,,,,,,,,,,,,90.32275966481333,2.459,34,9,298,143,89,54,23.537003,0,ok,logs/seed_983055.log
538582,irt_only,GHEFT,0,0.0,0,0,1,1.4714,0.8993,2.3707,,,,,,,,,,,,,,,,,70.7858494102228,1.8953,33,11,269,140,102,38,20.445812,0,ok,logs/seed_538582.log
934509,irt_only,GHEFT,0,0.0,0,0,1,1.4881,1.0086,2.4967,,,,,,,,,,,,,,,,,72.509703,1.804,39,11,288,140,93,47,29.879118,0,ok,logs/seed_934509.log
220410,irt_only,GHEFT,0,0.0,0,0,1,1.5156,0.7697,2.2853,,,,,,,,,,,,,,,,,80.72483731343284,2.5028,33,10,281,145,100,45,21.076581,0,ok,logs/seed_220410.log
755547,irt_only,GHEFT,0,0.0,0,0,1,1.7084,1.0801,2.7885,,,,,,,,,,,,,,,,,83.38252739726028,1.9985,31,8,282,125,91,34,23.639896,0,ok,logs/seed_755547.log
682666,irt_only,GHEFT,0,0.0,0,0,1,1.2073,0.7424,1.9497,,,,,,,,,,,,,,,,,71.21783703703704,1.9829,36,9,285,139,95,44,25.461526,0,ok,logs/seed_682666.log
707759,irt_only,GHEFT,0,0.0,0,0,1,1.3622,0.9078,2.27,,,,,,,,,,,,,,,,,83.51720064841761,1.9951,34,11,253,135,104,31,22.438781,0,ok,logs/seed_707759.log
472298,irt_only,GHEFT,0,0.0,0,0,1,1.3063,0.8305,2.1368,,,,,,,,,,,,,,,,,72.61492774320931,2.038,26,10,253,133,99,34,22.656241,0,ok,logs/seed_472298.log
842827,irt_only,GHEFT,0,0.0,0,0,1,1.5481,0.9298,2.4779,,,,,,,,,,,,,,,,,61.55989980481458,1.6325,37,11,286,149,96,53,28.203986,0,ok,logs/seed_842827.log
598514,irt_only,GHEFT,0,0.0,0,0,1,1.6816,0.9987,2.6803,,,,,,,,,,,,,,,,,86.19454984014868,2.1216,35,11,286,139,97,42,24.350743,0,ok,logs/seed_598514.log
985883,irt_only,GHEFT,0,0.0,0,0,1,1.3328,0.7743,2.1071,,,,,,,,,,,,,,,,,68.7425606177606,1.7342,36,12,272,142,94,48,25.456896,0,ok,logs/seed_985883.log
595328,irt_only,GHEFT,0,0.0,0,0,1,1.3774,0.9266,2.304,,,,,,,,,,,,,,,,,84.76385808936826,1.9346,39,9,307,129,93,36,25.773716,0,ok,logs/seed_595328.log
238922,irt_only,GHEFT,0,0.0,0,0,1,1.4517,0.8652,2.3169,,,,,,,,,,,,,,,,,74.17765231516796,2.0312,33,10,286,157,117,40,22.870614,0,ok,logs/seed_238922.log
469556,irt_only,GHEFT,0,0.0,0,0,1,1.3687,0.887,2.2557,,,,,,,,,,,,,,,,,81.28133150493278,1.953,30,9,271,117,87,30,24.784167,0,ok,logs/seed_469556.log
108225,irt_only,GHEFT,0,0.0,0,0,1,1.4062,0.9188,2.325,,,,,,,,,,,,,,,,,102.00364713398984,2.2374,34,11,274,136,97,39,20.902833,0,ok,logs/seed_108225.log
899644,irt_only,GHEFT,0,0.0,0,0,1,1.3885,0.9925,2.381,,,,,,,,,,,,,,,,,92.38168217371683,2.1908,37,10,294,184,117,67,22.564596,0,ok,logs/seed_899644.log
885107,irt_only,GHEFT,0,0.0,0,0,1,1.5676,1.1597,2.7273,,,,,,,,,,,,,,,,,84.89010350877193,1.8938,43,10,292,149,109,40,32.548507,0,ok,logs/seed_885107.log
624803,irt_only,GHEFT,0,0.0,0,0,1,1.4094,0.806,2.2154,,,,,,,,,,,,,,,,,76.18752289831865,1.7124,43,12,303,155,109,46,26.801921,0,ok,logs/seed_624803.log
412384,irt_only,GHEFT,0,0.0,0,0,1,1.361,0.9435,2.3045,,,,,,,,,,,,,,,,,80.00429265517239,2.3055,34,8,293,140,98,42,24.596548,0,ok,logs/seed_412384.log
534437,irt_only,GHEFT,0,0.0,0,0,1,1.4843,1.1194,2.6037,,,,,,,,,,,,,,,,,87.96374255844157,2.1138,33,9,269,143,99,44,25.521841,0,ok,logs/seed_534437.log
28388,irt_only,GHEFT,0,0.0,0,0,1,1.4701,0.9879,2.458,,,,,,,,,,,,,,,,,76.95611470558376,2.1675,31,8,266,146,96,50,23.554966,0,ok,logs/seed_28388.log
480416,irt_only,GHEFT,0,0.0,0,0,1,1.4321,0.9497,2.3818,,,,,,,,,,,,,,,,,78.19727835926452,1.8405,35,10,280,147,87,60,22.579744,0,ok,logs/seed_480416.log
6523,irt_only,GHEFT,0,0.0,0,0,1,1.4198,1.1342,2.554,,,,,,,,,,,,,,,,,89.9568202526522,1.9861,33,10,276,156,109,47,24.911853,0,ok,logs/seed_6523.log
875492,irt_only,GHEFT,0,0.0,0,0,1,1.3991,0.9061,2.3052,,,,,,,,,,,,,,,,,93.60923781776133,2.5923,35,8,295,154,103,51,22.422688,0,ok,logs/seed_875492.log
445144,irt_only,GHEFT,0,0.0,0,0,1,1.5366,0.9167,2.4533,,,,,,,,,,,,,,,,,71.67211192214113,1.9069,37,9,277,136,86,50,25.198117,0,ok,logs/seed_445144.log
178145,irt_only,GHEFT,0,0.0,0,0,1,1.3139,1.1136,2.4275,,,,,,,,,,,,,,,,,77.88436109702852,1.8654,34,9,302,168,106,62,24.787856,0,ok,logs/seed_178145.log
496478,irt_only,GHEFT,0,0.0,0,0,1,1.4077,0.9155,2.3232,,,,,,,,,,,,,,,,,83.55372230917504,1.9086,30,9,266,135,101,34,21.279812,0,ok,logs/seed_496478.log
239617,irt_only,GHEFT,0,0.0,0,0,1,1.4135,0.8699,2.2834,,,,,,,,,,,,,,,,,65.61143624237255,1.979,29,9,273,134,94,40,23.958571,0,ok,logs/seed_239617.log
473997,irt_only,GHEFT,0,0.0,0,0,1,1.3503,0.8729,2.2232,,,,,,,,,,,,,,,,,69.46643080764238,1.7527,35,9,282,151,103,48,26.252887,0,ok,logs/seed_473997.log
229225,irt_only,GHEFT,0,0.0,0,0,1,1.586,1.1979,2.7839,,,,,,,,,,,,,,,,,79.98826439469549,1.7008,28,9,271,129,88,41,20.5116,0,ok,logs/seed_229225.log
254791,irt_only,GHEFT,0,0.0,0,0,1,1.39,1.0184,2.4084,,,,,,,,,,,,,,,,,92.2397730903602,2.633,36,11,291,153,101,52,29.966176,0,ok,logs/seed_254791.log
966201,irt_only,GHEFT,0,0.0,0,0,1,1.6524,1.316,2.9684,,,,,,,,,,,,,,,,,110.5815835151134,3.4126,27,9,238,135,91,44,18.494669,0,ok,logs/seed_966201.log
533361,irt_only,GHEFT,0,0.0,0,0,1,1.3428,0.9129,2.2557,,,,,,,,,,,,,,,,,77.21626896831843,1.8976,34,9,287,131,94,37,23.589003,0,ok,logs/seed_533361.log
872306,irt_only,GHEFT,0,0.0,0,0,1,1.4238,0.7467,2.1705,,,,,,,,,,,,,,,,,71.18372064809384,2.444,43,10,306,156,107,49,20.832349,0,ok,logs/seed_872306.log
444933,irt_only,GHEFT,0,0.0,0,0,1,1.5002,1.1582,2.6584,,,,,,,,,,,,,,,,,80.15165636787565,1.6627,33,8,288,148,101,47,19.426083,0,ok,logs/seed_444933.log
456356,irt_only,GHEFT,0,0.0,0,0,1,1.3556,1.0143,2.3699,,,,,,,,,,,,,,,,,75.95463773095597,1.8265,31,9,267,144,106,38,16.423467,0,ok,logs/seed_456356.log
853702,irt_only,GHEFT,0,0.0,0,0,1,1.5133,0.9985,2.5118,,,,,,,,,,,,,,,,,84.05224441491416,2.3158,35,11,276,141,100,41,25.872719,0,ok,logs/seed_853702.log
176967,irt_only,GHEFT,0,0.0,0,0,1,1.2809,0.8785,2.1594,,,,,,,,,,,,,,,,,90.83437730347971,2.4064,38,11,282,159,108,51,25.888624,0,ok,logs/seed_176967.log
33347,irt_only,GHEFT,0,0.0,0,0,1,1.3411,0.8689,2.21,,,,,,,,,,,,,,,,,72.37957237377651,1.9889,32,9,255,136,95,41,20.968578,0,ok,logs/seed_33347.log
411283,irt_only,GHEFT,0,0.0,0,0,1,1.5146,1.0834,2.598,,,,,,,,,,,,,,,,,80.73522688086871,2.6407,35,11,283,143,94,49,23.036226,0,ok,logs/seed_411283.log
81911,irt_only,GHEFT,0,0.0,0,0,1,1.5603,1.0013,2.5616,,,,,,,,,,,,,,,,,69.91283261868301,1.9296,36,10,290,137,95,42,22.192513,0,ok,logs/seed_81911.log
956925,irt_only,GHEFT,0,0.0,0,0,1,1.3241,0.7228,2.0469,,,,,,,,,,,,,,,,,79.18173285897828,1.7925,37,10,296,161,122,39,26.17289,0,ok,logs/seed_956925.log
362804,irt_only,GHEFT,0,0.0,0,0,1,1.3274,0.9546,2.282,,,,,,,,,,,,,,,,,76.94195,2.4689,27,8,258,144,99,45,21.612462,0,ok,logs/seed_362804.log
728140,irt_only,GHEFT,0,0.0,0,0,1,1.4761,1.125,2.6011,,,,,,,,,,,,,,,,,79.9076483733054,2.1281,41,11,301,153,93,60,23.712378,0,ok,logs/seed_728140.log
554565,irt_only,GHEFT,0,0.0,0,0,1,1.6017,0.9866,2.5883,,,,,,,,,,,,,,,,,72.24438888888889,1.8076,40,11,296,159,106,53,28.219716,0,ok,logs/seed_554565.log
392733,irt_only,GHEFT,0,0.0,0,0,1,1.4642,0.9939,2.4581,,,,,,,,,,,,,,,,,82.64639903921567,2.3387,30,10,267,122,79,43,23.916392,0,ok,logs/seed_392733.log
769066,irt_only,GHEFT,0,0.0,0,0,1,1.4898,0.9497,2.4395,,,,,,,,,,,,,,,,,90.3647778529163,2.383,31,10,260,131,99,32,25.71566,0,ok,logs/seed_769066.log
925520,irt_only,GHEFT,0,0.0,0,0,1,1.3023,0.9543,2.2566,,,,,,,,,,,,,,,,,73.47758940397352,1.8205,31,10,286,168,111,57,27.053715,0,ok,logs/seed_925520.log
4410,irt_only,GHEFT,0,0.0,0,0,1,1.4739,0.9856,2.4595,,,,,,,,,,,,,,,,,83.70782714183734,2.3139,35,11,265,157,116,41,20.353437,0,ok,logs/seed_4410.log
729459,irt_only,GHEFT,0,0.0,0,0,1,1.4129,0.7424,2.1553,,,,,,,,,,,,,,,,,76.05376600660067,1.8352,38,11,271,140,101,39,22.708695,0,ok,logs/seed_729459.log
179329,irt_only,GHEFT,0,0.0,0,0,1,1.4402,0.7654,2.2056,,,,,,,,,,,,,,,,,69.23364086542026,2.2094,35,11,273,143,106,37,25.640384,0,ok,logs/seed_179329.log
282114,irt_only,GHEFT,0,0.0,0,0,1,1.4639,0.7505,2.2144,,,,,,,,,,,,,,,,,66.61022404644724,1.8637,34,9,271,151,115,36,17.658573,0,ok,logs/seed_282114.log
583172,irt_only,GHEFT,0,0.0,0,0,1,1.505,0.8704,2.3754,,,,,,,,,,,,,,,,,88.74744744525543,2.3277,33,11,267,134,98,36,17.285072,0,ok,logs/seed_583172.log
534010,irt_only,GHEFT,0,0.0,0,0,1,1.3644,1.0183,2.3827,,,,,,,,,,,,,,,,,71.38028674579625,1.9271,36,10,300,136,99,37,11.541937,0,ok,logs/seed_534010.log
824110,irt_only,GHEFT,0,0.0,0,0,1,1.1936,0.7599,1.9535,,,,,,,,,,,,,,,,,66.66504634146342,1.7289,33,9,251,102,68,34,18.237846,0,ok,logs/seed_824110.log
897704,irt_only,GHEFT,0,0.0,0,0,1,1.3412,0.9421,2.2833,,,,,,,,,,,,,,,,,76.03262364150943,1.7751,42,11,289,135,85,50,17.918935,0,ok,logs/seed_897704.log
226589,irt_only,GHEFT,0,0.0,0,0,1,1.4252,0.9158,2.341,,,,,,,,,,,,,,,,,78.68139358031213,1.9866,39,11,294,155,104,51,19.36291,0,ok,logs/seed_226589.log
481886,irt_only,GHEFT,0,0.0,0,0,1,1.3625,0.9292,2.2917,,,,,,,,,,,,,,,,,81.95758577486156,2.5446,35,8,276,135,94,41,21.262775,0,ok,logs/seed_481886.log
982251,irt_only,GHEFT,0,0.0,0,0,1,1.2311,0.8791,2.1102,,,,,,,,,,,,,,,,,79.6568935601458,1.9445,35,10,257,122,89,33,20.765763,0,ok,logs/seed_982251.log
543181,irt_only,GHEFT,0,0.0,0,0,1,1.3282,0.8368,2.165,,,,,,,,,,,,,,,,,66.6609976945245,1.9736,35,10,304,147,97,50,26.210773,0,ok,logs/seed_543181.log
397234,irt_only,GHEFT,0,0.0,0,0,1,1.3758,0.8673,2.2431,,,,,,,,,,,,,,,,,79.07428433333337,2.1046,39,10,300,161,118,43,30.625671,0,ok,logs/seed_397234.log
973889,irt_only,GHEFT,0,0.0,0,0,1,1.2788,0.785,2.0638,,,,,,,,,,,,,,,,,80.58356878980892,1.7462,40,10,299,126,90,36,26.519684,0,ok,logs/seed_973889.log
110682,irt_only,GHEFT,0,0.0,0,0,1,1.3379,0.894,2.2319,,,,,,,,,,,,,,,,,87.12292316404886,1.446,30,9,269,129,87,42,19.828147,0,ok,logs/seed_110682.log
663813,irt_only,GHEFT,0,0.0,0,0,1,1.2778,0.8391,2.1169,,,,,,,,,,,,,,,,,77.69824352269471,2.0099,39,10,277,136,95,41,22.16183,0,ok,logs/seed_663813.log
895348,irt_only,GHEFT,0,0.0,0,0,1,1.2988,0.8596,2.1584,,,,,,,,,,,,,,,,,87.63324616611077,2.49,38,11,279,138,95,43,21.898885,0,ok,logs/seed_895348.log
840905,irt_only,GHEFT,0,0.0,0,0,1,1.5593,1.0082,2.5675,,,,,,,,,,,,,,,,,91.47069288764044,2.1624,35,10,276,132,92,40,21.948162,0,ok,logs/seed_840905.log
366120,irt_only,GHEFT,0,0.0,0,0,1,1.4648,0.9895,2.4543,,,,,,,,,,,,,,,,,79.48228236130869,1.8228,35,9,266,149,94,55,22.117542,0,ok,logs/seed_366120.log
873087,irt_only,GHEFT,0,0.0,0,0,1,1.4158,0.7134,2.1292,,,,,,,,,,,,,,,,,64.89678245315241,1.6708,39,11,263,153,109,44,23.423395,0,ok,logs/seed_873087.log
333017,irt_only,GHEFT,0,0.0,0,0,1,1.4095,0.9538,2.3633,,,,,,,,,,,,,,,,,76.1410788868147,2.0235,30,8,257,128,96,32,19.504989,0,ok,logs/seed_333017.log
479679,irt_only,GHEFT,0,0.0,0,0,1,1.5108,0.8312,2.342,,,,,,,,,,,,,,,,,73.28829459459457,2.3316,36,9,293,166,122,44,23.745185,0,ok,logs/seed_479679.log
547920,irt_only,GHEFT,0,0.0,0,0,1,1.4612,0.8328,2.294,,,,,,,,,,,,,,,,,89.7883249630724,2.3876,37,9,296,136,98,38,21.9033,0,ok,logs/seed_547920.log
397055,irt_only,GHEFT,0,0.0,0,0,1,1.5774,1.1035,2.6809,,,,,,,,,,,,,,,,,82.06981488616464,2.2047,35,8,297,144,97,47,17.863592,0,ok,logs/seed_397055.log
255407,irt_only,GHEFT,0,0.0,0,0,1,1.4723,0.932,2.4043,,,,,,,,,,,,,,,,,74.89936083916083,1.85,31,8,267,133,96,37,17.17226,0,ok,logs/seed_255407.log
529276,irt_only,GHEFT,0,0.0,0,0,1,1.4178,1.0412,2.459,,,,,,,,,,,,,,,,,90.2701896396761,2.5428,33,8,295,141,106,35,23.363754,0,ok,logs/seed_529276.log
772641,irt_only,GHEFT,0,0.0,0,0,1,1.451,0.8764,2.3274,,,,,,,,,,,,,,,,,71.33756955222395,1.8689,36,12,281,157,119,38,26.6243,0,ok,logs/seed_772641.log
452290,irt_only,GHEFT,0,0.0,0,0,1,1.3487,0.745,2.0937,,,,,,,,,,,,,,,,,87.49088037150125,2.4576,30,10,281,159,110,49,21.254669,0,ok,logs/seed_452290.log
70730,irt_only,GHEFT,0,0.0,0,0,1,1.498,1.0181,2.5161,,,,,,,,,,,,,,,,,76.63808601782044,2.3212,37,11,279,160,98,62,23.297743,0,ok,logs/seed_70730.log
29523,irt_only,GHEFT,0,0.0,0,0,1,1.4899,1.0002,2.4901,,,,,,,,,,,,,,,,,82.01244046153846,2.5045,34,11,273,164,105,59,19.822711,0,ok,logs/seed_29523.log
580005,irt_only,GHEFT,0,0.0,0,0,1,1.4366,0.7327,2.1693,,,,,,,,,,,,,,,,,78.36275845511483,1.9355,40,11,290,132,96,36,28.739753,0,ok,logs/seed_580005.log
273040,irt_only,GHEFT,0,0.0,0,0,1,1.5168,0.8356,2.3524,,,,,,,,,,,,,,,,,71.87808064516128,1.7076,32,9,280,138,89,49,21.750561,0,ok,logs/seed_273040.log
333143,irt_only,GHEFT,0,0.0,0,0,1,1.4438,1.0016,2.4454,,,,,,,,,,,,,,,,,82.34533754152824,1.628,32,9,267,147,104,43,20.135142,0,ok,logs/seed_333143.log
6027,irt_only,GHEFT,0,0.0,0,0,1,1.2552,0.6817,1.9369,,,,,,,,,,,,,,,,,67.36053725910065,1.5421,39,12,329,174,120,54,25.598078,0,ok,logs/seed_6027.log
802904,irt_only,GHEFT,0,0.0,0,0,1,1.3724,0.7739,2.1463,,,,,,,,,,,,,,,,,70.50229323928859,1.7006,45,12,311,175,123,52,30.906059,0,ok,logs/seed_802904.log
495402,irt_only,GHEFT,0,0.0,0,0,1,1.3593,0.9164,2.2757,,,,,,,,,,,,,,,,,86.07945930497988,1.9332,38,10,278,152,100,52,20.554399,0,ok,logs/seed_495402.log
385502,irt_only,GHEFT,0,0.0,0,0,1,1.7577,1.1408,2.8985,,,,,,,,,,,,,,,,,82.28144123034555,2.1758,29,9,291,152,108,44,25.266742,0,ok,logs/seed_385502.log
847050,irt_only,GHEFT,0,0.0,0,0,1,1.3205,0.9452,2.2657,,,,,,,,,,,,,,,,,67.3404360424028,1.7427,28,10,268,126,84,42,16.961393,0,ok,logs/seed_847050.log
386832,irt_only,GHEFT,0,0.0,0,0,1,1.3689,1.0885,2.4574,,,,,,,,,,,,,,,,,80.18189415720369,2.2772,36,11,271,168,109,59,20.152451,0,ok,logs/seed_386832.log
325099,irt_only,GHEFT,0,0.0,0,0,1,1.522,0.9574,2.4794,,,,,,,,,,,,,,,,,77.98400000000001,1.69,29,9,263,132,87,45,16.887144,0,ok,logs/seed_325099.log
23707,irt_only,GHEFT,0,0.0,0,0,1,1.2857,1.0796,2.3653,,,,,,,,,,,,,,,,,82.82260296153846,2.2318,42,10,318,169,88,81,19.428927,0,ok,logs/seed_23707.log
779751,irt_only,GHEFT,0,0.0,0,0,1,1.2797,0.8551,2.1348,,,,,,,,,,,,,,,,,76.4953111389984,1.5179,30,8,255,115,91,24,20.016588,0,ok,logs/seed_779751.log
213180,irt_only,GHEFT,0,0.0,0,0,1,1.4856,0.8665,2.3521,,,,,,,,,,,,,,,,,70.30947889009795,1.556,35,10,301,148,108,40,20.402382,0,ok,logs/seed_213180.log
903156,irt_only,GHEFT,0,0.0,0,0,1,1.3648,0.7644,2.1292,,,,,,,,,,,,,,,,,65.76394009523808,2.0686,38,11,262,127,86,41,21.956155,0,ok,logs/seed_903156.log
854656,irt_only,GHEFT,0,0.0,0,0,1,1.4101,0.94,2.3501,,,,,,,,,,,,,,,,,68.84106257511874,1.4551,28,10,283,146,108,38,23.425601,0,ok,logs/seed_854656.log
130554,irt_only,GHEFT,0,0.0,0,0,1,1.2842,0.7989,2.0831,,,,,,,,,,,,,,,,,86.05142816901407,2.0153,38,9,283,130,100,30,25.658494,0,ok,logs/seed_130554.log
384884,irt_only,GHEFT,0,0.0,0,0,1,1.5416,0.9538,2.4954,,,,,,,,,,,,,,,,,81.21143747639485,2.1537,31,8,269,137,100,37,19.593873,0,ok,logs/seed_384884.log
433977,irt_only,GHEFT,0,0.0,0,0,1,1.3738,1.0024,2.3762,,,,,,,,,,,,,,,,,94.68451691714036,2.3391,35,11,264,178,123,55,22.419572,0,ok,logs/seed_433977.log
37380,irt_only,GHEFT,0,0.0,0,0,1,1.4232,0.9107,2.3339,,,,,,,,,,,,,,,,,73.13794952071008,2.0319,32,9,278,130,90,40,23.888962,0,ok,logs/seed_37380.log
171794,irt_only,GHEFT,0,0.0,0,0,1,1.4871,0.9003,2.3874,,,,,,,,,,,,,,,,,58.7374269905498,1.9151,33,10,286,133,91,42,25.516367,0,ok,logs/seed_171794.log
154379,irt_only,GHEFT,0,0.0,0,0,1,1.336,0.6942,2.0302,,,,,,,,,,,,,,,,,79.40968692682927,2.122,37,9,291,151,102,49,27.146271,0,ok,logs/seed_154379.log
757152,irt_only,GHEFT,0,0.0,0,0,1,1.297,0.928,2.225,,,,,,,,,,,,,,,,,75.13872927272728,2.0682,32,9,283,119,75,44,27.634882,0,ok,logs/seed_757152.log
624137,irt_only,GHEFT,0,0.0,0,0,1,1.3967,0.7325,2.1292,,,,,,,,,,,,,,,,,87.55516866666665,1.9186,35,9,305,152,99,53,25.547722,0,ok,logs/seed_624137.log
209074,irt_only,GHEFT,0,0.0,0,0,1,1.4016,0.7572,2.1588,,,,,,,,,,,,,,,,,67.1137593495935,1.7123,39,10,276,141,104,37,25.726477,0,ok,logs/seed_209074.log
748006,irt_only,GHEFT,0,0.0,0,0,1,1.3892,0.9615,2.3507,,,,,,,,,,,,,,,,,84.09527203065136,1.5919,41,10,300,143,98,45,23.561806,0,ok,logs/seed_748006.log
930590,irt_only,GHEFT,0,0.0,0,0,1,1.4516,0.8081,2.2597,,,,,,,,,,,,,,,,,66.26428122357173,2.0084,43,11,307,167,117,50,18.332897,0,ok,logs/seed_930590.log
746597,irt_only,GHEFT,0,0.0,0,0,1,1.4634,0.7985,2.2619,,,,,,,,,,,,,,,,,77.28419301520913,2.1842,39,11,292,157,107,50,20.776902,0,ok,logs/seed_746597.log
421675,irt_only,GHEFT,0,0.0,0,0,1,1.4184,0.9335,2.3519,,,,,,,,,,,,,,,,,79.2412655,2.1016,33,10,281,128,87,41,24.70413,0,ok,logs/seed_421675.log
31076,irt_only,GHEFT,0,0.0,0,0,1,1.4321,1.002,2.4341,,,,,,,,,,,,,,,,,81.13441657859171,1.7968,34,11,297,175,105,70,23.048212,0,ok,logs/seed_31076.log
466796,irt_only,GHEFT,0,0.0,0,0,1,1.266,0.74,2.006,,,,,,,,,,,,,,,,,78.35915725672373,1.9639,41,12,307,164,118,46,28.029801,0,ok,logs/seed_466796.log
711358,irt_only,GHEFT,0,0.0,0,0,1,1.4861,1.1916,2.6777,,,,,,,,,,,,,,,,,70.25494718800888,1.7684,27,9,248,111,81,30,19.386683,0,ok,logs/seed_711358.log
185748,irt_only,GHEFT,0,0.0,0,0,1,1.5755,0.9974,2.5729,,,,,,,,,,,,,,,,,75.59756713286714,2.545,41,12,290,143,88,55,21.415556,0,ok,logs/seed_185748.log
876677,irt_only,GHEFT,0,0.0,0,0,1,1.5698,0.8355,2.4053,,,,,,,,,,,,,,,,,75.4101294611399,1.662,35,9,274,125,89,36,18.900726,0,ok,logs/seed_876677.log
223283,irt_only,GHEFT,0,0.0,0,0,1,1.3853,0.9208,2.3061,,,,,,,,,,,,,,,,,67.19994177010192,1.9793,34,10,266,147,104,43,18.744761,0,ok,logs/seed_223283.log
894739,irt_only,GHEFT,0,0.0,0,0,1,1.3694,0.953,2.3224,,,,,,,,,,,,,,,,,62.00447406501548,1.6732,26,8,275,114,76,38,23.493913,0,ok,logs/seed_894739.log
108347,irt_only,GHEFT,0,0.0,0,0,1,1.3574,0.8144,2.1718,,,,,,,,,,,,,,,,,73.7424301297567,1.9305,31,9,282,124,84,40,21.723488,0,ok,logs/seed_108347.log
190486,irt_only,GHEFT,0,0.0,0,0,1,1.7893,1.0692,2.8585,,,,,,,,,,,,,,,,,78.65904736871511,2.7972,25,8,266,140,98,42,24.753,0,ok,logs/seed_190486.log
168340,irt_only,GHEFT,0,0.0,0,0,1,1.4653,0.9141,2.3794,,,,,,,,,,,,,,,,,64.49478934211845,1.7447,31,10,257,126,84,42,22.683971,0,ok,logs/seed_168340.log
304561,irt_only,GHEFT,0,0.0,0,0,1,1.5394,0.9741,2.5135,,,,,,,,,,,,,,,,,74.97299600718665,2.3059,37,10,284,146,102,44,25.752307,0,ok,logs/seed_304561.log
574192,irt_only,GHEFT,0,0.0,0,0,1,1.2288,0.7562,1.985,,,,,,,,,,,,,,,,,70.75087479667624,1.4615,48,11,324,147,99,48,29.265496,0,ok,logs/seed_574192.log
687972,irt_only,GHEFT,0,0.0,0,0,1,1.3496,0.7425,2.0921,,,,,,,,,,,,,,,,,75.83722517321019,1.9142,28,8,289,144,95,49,22.085639,0,ok,logs/seed_687972.log
731201,irt_only,GHEFT,0,0.0,0,0,1,1.3411,0.8832,2.2243,,,,,,,,,,,,,,,,,73.05085202040816,1.275,31,8,283,151,108,43,22.462523,0,ok,logs/seed_731201.log
579731,irt_only,GHEFT,0,0.0,0,0,1,1.5731,0.9009,2.474,,,,,,,,,,,,,,,,,69.89835154022838,1.7319,37,9,308,148,93,55,24.27948,0,ok,logs/seed_579731.log
451867,irt_only,GHEFT,0,0.0,0,0,1,1.4253,1.0313,2.4566,,,,,,,,,,,,,,,,,76.26032218003024,1.9736,30,9,289,159,107,52,18.980788,0,ok,logs/seed_451867.log
406724,irt_only,GHEFT,0,0.0,0,0,1,1.2822,0.9253,2.2075,,,,,,,,,,,,,,,,,82.03188047182174,1.8606,38,10,304,133,93,40,21.22801,0,ok,logs/seed_406724.log
793861,irt_only,GHEFT,0,0.0,0,0,1,1.5713,0.9536,2.5249,,,,,,,,,,,,,,,,,72.07366106983655,2.3256,34,12,279,159,99,60,15.20311,0,ok,logs/seed_793861.log
611415,irt_only,GHEFT,0,0.0,0,0,1,1.3793,0.9594,2.3387,,,,,,,,,,,,,,,,,84.50278302583024,1.6717,34,11,297,171,92,79,13.895086,0,ok,logs/seed_611415.log
521320,irt_only,GHEFT,0,0.0,0,0,1,1.3817,0.9783,2.36,,,,,,,,,,,,,,,,,109.6943199203187,2.2895,32,10,266,145,107,38,13.534051,0,ok,logs/seed_521320.log
8846,irt_only,GHEFT,0,0.0,0,0,1,1.4173,0.7891,2.2064,,,,,,,,,,,,,,,,,75.91901640340218,2.2445,35,9,292,147,100,47,14.810236,0,ok,logs/seed_8846.log
49614,irt_only,GHEFT,0,0.0,0,0,1,1.5775,1.0998,2.6773,,,,,,,,,,,,,,,,,103.3952153846154,3.2536,40,10,286,148,90,58,14.923052,0,ok,logs/seed_49614.log
659032,irt_only,GHEFT,0,0.0,0,0,1,1.4263,0.8595,2.2858,,,,,,,,,,,,,,,,,65.54903603773319,1.7865,31,9,256,108,77,31,12.293086,0,ok,logs/seed_659032.log
998482,irt_only,GHEFT,0,0.0,0,0,1,1.647,0.8601,2.5071,,,,,,,,,,,,,,,,,73.54984840882916,1.9276,33,10,295,147,103,44,13.948196,0,ok,logs/seed_998482.log
93047,irt_only,GHEFT,0,0.0,0,0,1,1.404,0.8629,2.2669,,,,,,,,,,,,,,,,,81.79733122131935,2.3405,35,11,300,163,94,69,13.678772,0,ok,logs/seed_93047.log
80158,irt_only,GHEFT,0,0.0,0,0,1,1.3854,1.0542,2.4396,,,,,,,,,,,,,,,,,79.08441802423673,1.6355,41,10,306,160,110,50,15.34312,0,ok,logs/seed_80158.log
510654,irt_only,GHEFT,0,0.0,0,0,1,1.4602,1.0112,2.4714,,,,,,,,,,,,,,,,,89.93068050314469,1.7254,30,8,282,149,100,49,12.590361,0,ok,logs/seed_510654.log
530654,irt_only,GHEFT,0,0.0,0,0,1,1.4449,1.0197,2.4646,,,,,,,,,,,,,,,,,70.1285020537125,2.1134,29,10,295,146,81,65,16.090385,0,ok,logs/seed_530654.log
573179,irt_only,GHEFT,0,0.0,0,0,1,1.3737,0.8021,2.1758,,,,,,,,,,,,,,,,,68.393,1.491,33,10,266,126,90,36,14.925148,0,ok,logs/seed_573179.log
47016,irt_only,GHEFT,0,0.0,0,0,1,1.3742,0.9274,2.3016,,,,,,,,,,,,,,,,,77.64168898940997,1.7433,37,11,292,129,88,41,13.123042,0,ok,logs/seed_47016.log
590729,irt_only,GHEFT,0,0.0,0,0,1,1.3849,1.0645,2.4494,,,,,,,,,,,,,,,,,88.54610763087844,2.355,31,9,271,140,109,31,7.774781,0,ok,logs/seed_590729.log
383125,irt_only,GHEFT,0,0.0,0,0,1,1.7906,0.9812,2.7718,,,,,,,,,,,,,,,,,88.93237762525739,2.5913,29,9,250,142,104,38,7.652409,0,ok,logs/seed_383125.log
844140,irt_only,GHEFT,0,0.0,0,0,1,1.4361,1.0311,2.4672,,,,,,,,,,,,,,,,,74.52717679795748,2.1175,35,10,283,164,108,56,15.277053,0,ok,logs/seed_844140.log
909688,irt_only,GHEFT,0,0.0,0,0,1,1.371,0.9376,2.3086,,,,,,,,,,,,,,,,,76.52489112097669,2.4937,33,9,254,129,97,32,15.799163,0,ok,logs/seed_909688.log
200398,irt_only,GHEFT,0,0.0,0,0,1,1.4634,0.9918,2.4552,,,,,,,,,,,,,,,,,79.21147819298247,1.5943,34,11,296,175,115,60,16.684093,0,ok,logs/seed_200398.log
563666,irt_only,GHEFT,0,0.0,0,0,1,1.4319,0.9142,2.3461,,,,,,,,,,,,,,,,,92.5826431878358,1.8649,38,12,296,166,112,54,17.511693,0,ok,logs/seed_563666.log
982230,irt_only,GHEFT,0,0.0,0,0,1,1.3474,0.802,2.1494,,,,,,,,,,,,,,,,,77.44593940198709,1.7233,38,10,295,147,96,51,20.844841,0,ok,logs/seed_982230.log
825585,irt_only,GHEFT,0,0.0,0,0,1,1.4385,0.7195,2.158,,,,,,,,,,,,,,,,,74.55383927791988,1.4599,32,10,281,163,116,47,16.549213,0,ok,logs/seed_825585.log
178808,irt_only,GHEFT,0,0.0,0,0,1,1.3764,0.8178,2.1942,,,,,,,,,,,,,,,,,78.1238282271945,2.0255,42,11,287,147,96,51,16.592798,0,ok,logs/seed_178808.log
132464,irt_only,GHEFT,0,0.0,0,0,1,1.5332,0.9436,2.4768,,,,,,,,,,,,,,,,,93.57842415477997,2.4482,38,10,279,162,112,50,24.107406,0,ok,logs/seed_132464.log
242596,irt_only,GHEFT,0,0.0,0,0,1,1.3104,1.0122,2.3226,,,,,,,,,,,,,,,,,90.20063266357454,2.2566,35,9,283,147,101,46,20.539692,0,ok,logs/seed_242596.log
627641,irt_only,GHEFT,0,0.0,0,0,1,1.5167,1.0407,2.5574,,,,,,,,,,,,,,,,,82.26796120379964,2.5639,32,10,263,132,83,49,16.622082,0,ok,logs/seed_627641.log
233825,irt_only,GHEFT,0,0.0,0,0,1,1.6585,1.2403,2.8988,,,,,,,,,,,,,,,,,69.13752639542237,2.407,33,10,262,128,96,32,15.210667,0,ok,logs/seed_233825.log
104559,irt_only,GHEFT,0,0.0,0,0,1,1.6329,1.13,2.7629,,,,,,,,,,,,,,,,,70.56149394277823,2.5263,29,9,265,125,78,47,14.111493,0,ok,logs/seed_104559.log
420030,irt_only,GHEFT,0,0.0,0,0,1,1.5577,1.304,2.8617,,,,,,,,,,,,,,,,,81.1687179742319,2.3352,28,8,272,127,83,44,15.925505,0,ok,logs/seed_420030.log
122728,irt_only,GHEFT,0,0.0,0,0,1,1.4684,0.8554,2.3238,,,,,,,,,,,,,,,,,63.23176985547525,2.064,36,10,268,132,90,42,20.058872,0,ok,logs/seed_122728.log
513240,irt_only,GHEFT,0,0.0,0,0,1,1.3936,0.9108,2.3044,,,,,,,,,,,,,,,,,75.856715589945,1.9396,33,9,270,158,105,53,14.036767,0,ok,logs/seed_513240.log
762685,irt_only,GHEFT,0,0.0,0,0,1,1.4899,1.2207,2.7106,,,,,,,,,,,,,,,,,81.45155612820513,2.0922,27,9,263,139,90,49,21.420875,0,ok,logs/seed_762685.log
33644,irt_only,GHEFT,0,0.0,0,0,1,1.5447,1.1925,2.7372,,,,,,,,,,,,,,,,,80.98085300049667,2.3056,34,12,262,134,93,41,21.559502,0,ok,logs/seed_33644.log
717433,irt_only,GHEFT,0,0.0,0,0,1,1.399,0.9047,2.3037,,,,,,,,,,,,,,,,,64.4331798396439,1.5577,37,10,299,165,119,46,28.268582,0,ok,logs/seed_717433.log
223415,irt_only,GHEFT,0,0.0,0,0,1,1.3949,1.0549,2.4498,,,,,,,,,,,,,,,,,68.93163138869257,1.6437,32,9,274,144,96,48,19.308556,0,ok,logs/seed_223415.log
770297,irt_only,GHEFT,0,0.0,0,0,1,1.487,1.0243,2.5113,,,,,,,,,,,,,,,,,79.31686013071895,2.3138,34,9,311,160,112,48,30.03664,0,ok,logs/seed_770297.log
53816,irt_only,GHEFT,0,0.0,0,0,1,1.4585,0.8199,2.2784,,,,,,,,,,,,,,,,,74.48673515850143,1.6177,31,8,289,140,94,46,20.367736,0,ok,logs/seed_53816.log
277504,irt_only,GHEFT,0,0.0,0,0,1,1.4169,0.9908,2.4077,,,,,,,,,,,,,,,,,63.95887125633382,1.8627,36,9,307,131,82,49,20.705418,0,ok,logs/seed_277504.log
348035,irt_only,GHEFT,0,0.0,0,0,1,1.5863,0.9118,2.4981,,,,,,,,,,,,,,,,,67.42279782203389,1.7815,36,10,302,160,106,54,25.844649,0,ok,logs/seed_348035.log
310372,irt_only,GHEFT,0,0.0,0,0,1,1.6086,0.9995,2.6081,,,,,,,,,,,,,,,,,89.74603767621777,2.4758,40,11,280,165,113,52,28.249396,0,ok,logs/seed_310372.log
800807,irt_only,GHEFT,0,0.0,0,0,1,1.4338,0.9652,2.399,,,,,,,,,,,,,,,,,71.21779853081702,1.802,31,9,290,147,96,51,24.52959,0,ok,logs/seed_800807.log
263339,irt_only,GHEFT,0,0.0,0,0,1,1.3662,0.8517,2.2179,,,,,,,,,,,,,,,,,94.7656317073171,2.5608,39,10,295,146,94,52,30.456716,0,ok,logs/seed_263339.log
573677,irt_only,GHEFT,0,0.0,0,0,1,1.1919,0.8616,2.0535,,,,,,,,,,,,,,,,,76.1941664320988,1.6172,36,11,286,167,109,58,21.668059,0,ok,logs/seed_573677.log
15182,irt_only,GHEFT,0,0.0,0,0,1,1.5026,0.7487,2.2513,,,,,,,,,,,,,,,,,82.22188729564047,1.6002,31,9,274,143,100,43,18.613206,0,ok,logs/seed_15182.log
775808,irt_only,GHEFT,0,0.0,0,0,1,1.4708,0.9889,2.4597,,,,,,,,,,,,,,,,,76.30554483006536,2.7309,36,11,270,144,104,40,21.701154,0,ok,logs/seed_775808.log
993850,irt_only,GHEFT,0,0.0,0,0,1,1.4337,0.8603,2.294,,,,,,,,,,,,,,,,,79.49517594167679,1.765,31,8,275,143,99,44,17.922954,0,ok,logs/seed_993850.log
254088,irt_only,GHEFT,0,0.0,0,0,1,1.3743,0.885,2.2593,,,,,,,,,,,,,,,,,74.40718079231692,1.9229,30,9,251,120,82,38,14.534332,0,ok,logs/seed_254088.log
547104,irt_only,GHEFT,0,0.0,0,0,1,1.5094,1.1617,2.6711,,,,,,,,,,,,,,,,,71.72264164167777,1.5777,36,11,301,157,103,54,31.384249,0,ok,logs/seed_547104.log
906200,irt_only,GHEFT,0,0.0,0,0,1,1.5632,1.189,2.7522,,,,,,,,,,,,,,,,,85.02978252595535,2.1149,31,8,268,152,107,45,21.182229,0,ok,logs/seed_906200.log
539013,irt_only,GHEFT,0,0.0,0,0,1,1.5527,0.86,2.4127,,,,,,,,,,,,,,,,,69.2876801980198,1.6136,37,10,278,154,108,46,24.765161,0,ok,logs/seed_539013.log
116455,irt_only,GHEFT,0,0.0,0,0,1,1.5109,1.1152,2.6261,,,,,,,,,,,,,,,,,83.36571704834607,1.9561,31,10,261,150,107,43,22.465482,0,ok,logs/seed_116455.log
149887,irt_only,GHEFT,0,0.0,0,0,1,1.3594,0.7427,2.1021,,,,,,,,,,,,,,,,,93.30608689240853,2.2885,40,11,292,189,132,57,23.597762,0,ok,logs/seed_149887.log
581975,irt_only,GHEFT,0,0.0,0,0,1,1.2932,0.7363,2.0295,,,,,,,,,,,,,,,,,70.07694790157959,1.6377,35,10,279,152,113,39,25.786043,0,ok,logs/seed_581975.log
245300,irt_only,GHEFT,0,0.0,0,0,1,1.3113,0.7517,2.063,,,,,,,,,,,,,,,,,87.5729161155528,2.2827,36,11,272,166,124,42,23.722302,0,ok,logs/seed_245300.log
749768,irt_only,GHEFT,0,0.0,0,0,1,1.5004,0.9561,2.4565,,,,,,,,,,,,,,,,,68.68360529585806,2.1445,36,9,263,143,92,51,16.231323,0,ok,logs/seed_749768.log
984059,irt_only,GHEFT,0,0.0,0,0,1,1.6223,0.963,2.5853,,,,,,,,,,,,,,,,,51.86322018678526,1.4042,32,9,275,126,96,30,18.692366,0,ok,logs/seed_984059.log
97410,irt_only,GHEFT,0,0.0,0,0,1,1.3693,0.751,2.1203,,,,,,,,,,,,,,,,,62.23263486511965,1.7869,36,10,296,154,106,48,26.564159,0,ok,logs/seed_97410.log
956125,irt_only,GHEFT,0,0.0,0,0,1,1.4234,0.8164,2.2398,,,,,,,,,,,,,,,,,78.70974302564102,2.1778,37,9,276,136,97,39,26.319738,0,ok,logs/seed_956125.log
877091,irt_only,GHEFT,0,0.0,0,0,1,1.2868,0.6883,1.9751,,,,,,,,,,,,,,,,,72.420187732342,1.5952,37,9,302,137,95,42,28.50922,0,ok,logs/seed_877091.log
226651,irt_only,GHEFT,0,0.0,0,0,1,1.4779,0.9589,2.4368,,,,,,,,,,,,,,,,,73.11052366244058,1.6979,38,10,280,157,116,41,24.824495,0,ok,logs/seed_226651.log
673466,irt_only,GHEFT,0,0.0,0,0,1,1.4165,0.8136,2.2301,,,,,,,,,,,,,,,,,68.87546016260161,1.8937,39,11,299,160,121,39,19.100679,0,ok,logs/seed_673466.log
905076,irt_only,GHEFT,0,0.0,0,0,1,1.453,0.8693,2.3223,,,,,,,,,,,,,,,,,67.42004099616858,1.6956,38,10,300,156,106,50,19.790633,0,ok,logs/seed_905076.log
156873,irt_only,GHEFT,0,0.0,0,0,1,1.2316,0.8488,2.0804,,,,,,,,,,,,,,,,,74.63546856756756,1.7005,32,9,293,127,86,41,17.235878,0,ok,logs/seed_156873.log
687203,irt_only,GHEFT,0,0.0,0,0,1,1.5746,1.3703,2.9449,,,,,,,,,,,,,,,,,77.47613921568627,1.7473,34,8,277,149,107,42,24.160154,0,ok,logs/seed_687203.log
137164,irt_only,GHEFT,0,0.0,0,0,1,1.3557,1.1303,2.486,,,,,,,,,,,,,,,,,77.18741030803073,1.9753,37,9,303,131,90,41,26.674726,0,ok,logs/seed_137164.log
615585,irt_only,GHEFT,0,0.0,0,0,1,1.3825,0.789,2.1715,,,,,,,,,,,,,,,,,72.51194168637471,1.9169,33,11,294,142,102,40,21.522944,0,ok,logs/seed_615585.log
948603,irt_only,GHEFT,0,0.0,0,0,1,1.3958,0.756,2.1518,,,,,,,,,,,,,,,,,74.57445940594059,1.882,33,10,277,138,94,44,18.1312,0,ok,logs/seed_948603.log
330246,irt_only,GHEFT,0,0.0,0,0,1,1.5878,0.8831,2.4709,,,,,,,,,,,,,,,,,76.14840468931351,2.0828,31,8,273,128,92,36,21.980622,0,ok,logs/seed_330246.log
231763,irt_only,GHEFT,0,0.0,0,0,1,1.4402,0.8571,2.2973,,,,,,,,,,,,,,,,,83.33449192163003,2.0745,33,10,285,155,104,51,23.551315,0,ok,logs/seed_231763.log
254692,irt_only,GHEFT,0,0.0,0,0,1,1.4823,1.0036,2.4859,,,,,,,,,,,,,,,,,74.46996978417266,2.3551,38,9,270,147,103,44,21.077155,0,ok,logs/seed_254692.log
726098,irt_only,GHEFT,0,0.0,0,0,1,1.5413,0.8945,2.4358,,,,,,,,,,,,,,,,,76.57677679782904,2.555,35,8,299,147,103,44,26.053238,0,ok,logs/seed_726098.log
165469,irt_only,GHEFT,0,0.0,0,0,1,1.6453,0.8775,2.5228,,,,,,,,,,,,,,,,,66.67810956031128,1.8686,38,11,291,146,109,37,20.663936,0,ok,logs/seed_165469.log
467321,irt_only,GHEFT,0,0.0,0,0,1,1.3434,1.1869,2.5303,,,,,,,,,,,,,,,,,72.57390439794693,2.1092,28,9,272,133,90,43,20.078289,0,ok,logs/seed_467321.log
729320,irt_only,GHEFT,0,0.0,0,0,1,1.3733,0.9507,2.324,,,,,,,,,,,,,,,,,66.51755304311543,1.6939,34,10,284,127,92,35,24.078179,0,ok,logs/seed_729320.log
400221,irt_only,GHEFT,0,0.0,0,0,1,1.5765,0.9421,2.5186,,,,,,,,,,,,,,,,,66.2026417901183,1.6964,43,10,298,146,103,43,27.203348,0,ok,logs/seed_400221.log
456402,irt_only,GHEFT,0,0.0,0,0,1,1.4669,1.061,2.5279,,,,,,,,,,,,,,,,,80.48056280359614,1.8966,37,9,295,139,90,49,21.041665,0,ok,logs/seed_456402.log
91696,irt_only,GHEFT,0,0.0,0,0,1,1.4926,1.1252,2.6178,,,,,,,,,,,,,,,,,75.45052091891893,2.12,38,10,285,157,109,48,28.086034,0,ok,logs/seed_91696.log
868799,irt_only,GHEFT,0,0.0,0,0,1,1.5471,0.8572,2.4043,,,,,,,,,,,,,,,,,73.03632108903876,2.0046,39,12,276,157,97,60,17.633777,0,ok,logs/seed_868799.log
809171,irt_only,GHEFT,0,0.0,0,0,1,1.3505,0.8414,2.1919,,,,,,,,,,,,,,,,,76.86146509988248,2.1521,40,12,290,131,98,33,21.309564,0,ok,logs/seed_809171.log
509668,irt_only,GHEFT,0,0.0,0,0,1,1.2709,0.7844,2.0553,,,,,,,,,,,,,,,,,87.26964916387959,1.8612,35,10,282,148,105,43,19.910843,0,ok,logs/seed_509668.log
715759,irt_only,GHEFT,0,0.0,0,0,1,1.43,1.1227,2.5527,,,,,,,,,,,,,,,,,83.57791257253388,2.4828,40,11,297,159,109,50,22.970188,0,ok,logs/seed_715759.log
34130,irt_only,GHEFT,0,0.0,0,0,1,1.4574,1.0501,2.5075,,,,,,,,,,,,,,,,,70.80709344978166,1.8398,46,11,318,171,112,59,19.98954,0,ok,logs/seed_34130.log
439635,irt_only,GHEFT,0,0.0,0,0,1,1.4112,0.9715,2.3827,,,,,,,,,,,,,,,,,71.93389019561552,2.3009,38,9,294,141,96,45,16.103918,0,ok,logs/seed_439635.log
353714,irt_only,GHEFT,0,0.0,0,0,1,1.6068,0.8957,2.5025,,,,,,,,,,,,,,,,,80.59999366106082,2.285,31,9,289,143,97,46,20.026012,0,ok,logs/seed_353714.log
844934,irt_only,GHEFT,0,0.0,0,0,1,1.4214,1.108,2.5294,,,,,,,,,,,,,,,,,74.0162855311943,1.8699,35,10,294,134,79,55,18.713958,0,ok,logs/seed_844934.log
960763,irt_only,GHEFT,0,0.0,0,0,1,1.5389,0.92,2.4589,,,,,,,,,,,,,,,,,74.15565492957747,2.1585,37,9,290,171,116,55,18.433532,0,ok,logs/seed_960763.log
659657,irt_only,GHEFT,0,0.0,0,0,1,1.3943,0.9114,2.3057,,,,,,,,,,,,,,,,,105.52412593074791,1.9236,37,9,260,141,98,43,15.549264,0,ok,logs/seed_659657.log
938087,irt_only,GHEFT,0,0.0,0,0,1,1.4361,1.091,2.5271,,,,,,,,,,,,,,,,,77.9086,2.1723,35,9,293,150,86,64,17.431353,0,ok,logs/seed_938087.log
430630,irt_only,GHEFT,0,0.0,0,0,1,1.5113,0.9144,2.4257,,,,,,,,,,,,,,,,,92.91137302930625,2.3001,37,11,277,139,100,39,18.370897,0,ok,logs/seed_430630.log
450588,irt_only,GHEFT,0,0.0,0,0,1,1.4592,0.8509,2.3101,,,,,,,,,,,,,,,,,80.39033996837944,2.3947,31,9,270,139,100,39,15.965789,0,ok,logs/seed_450588.log
324937,irt_only,GHEFT,0,0.0,0,0,1,1.2242,0.835,2.0592,,,,,,,,,,,,,,,,,101.44932684824903,1.4768,39,10,296,181,123,58,22.856491,0,ok,logs/seed_324937.log
220568,irt_only,GHEFT,0,0.0,0,0,1,1.2699,0.7789,2.0488,,,,,,,,,,,,,,,,,67.51703455706304,1.328,30,9,279,139,93,46,19.305946,0,ok,logs/seed_220568.log
143411,irt_only,GHEFT,0,0.0,0,0,1,1.3895,1.1354,2.5249,,,,,,,,,,,,,,,,,78.9782152857143,1.6162,28,9,269,138,95,43,14.302472,0,ok,logs/seed_143411.log
578644,irt_only,GHEFT,0,0.0,0,0,1,1.355,0.859,2.214,,,,,,,,,,,,,,,,,80.54254225500911,2.0496,37,9,299,139,93,46,12.829247,0,ok,logs/seed_578644.log
411421,irt_only,GHEFT,0,0.0,0,0,1,1.4483,0.9307,2.379,,,,,,,,,,,,,,,,,65.3294540252694,1.8143,34,10,301,147,94,53,24.867662,0,ok,logs/seed_411421.log
332843,irt_only,GHEFT,0,0.0,0,0,1,1.3991,0.8302,2.2293,,,,,,,,,,,,,,,,,81.140954676259,1.8395,39,11,288,150,109,41,29.199152,0,ok,logs/seed_332843.log
2159,irt_only,GHEFT,0,0.0,0,0,1,1.4067,0.8654,2.2721,,,,,,,,,,,,,,,,,69.359530155466,1.8651,39,9,283,141,96,45,18.281087,0,ok,logs/seed_2159.log
816107,irt_only,GHEFT,0,0.0,0,0,1,1.4154,1.0178,2.4332,,,,,,,,,,,,,,,,,83.77268277482871,2.0213,33,9,283,131,93,38,24.329283,0,ok,logs/seed_816107.log
373934,irt_only,GHEFT,0,0.0,0,0,1,1.5711,0.9414,2.5125,,,,,,,,,,,,,,,,,77.06907286210031,2.2055,40,12,281,162,105,57,32.26499,0,ok,logs/seed_373934.log
824212,irt_only,GHEFT,0,0.0,0,0,1,1.5016,0.9206,2.4222,,,,,,,,,,,,,,,,,85.19167354098064,2.137,38,10,262,151,109,42,23.079511,0,ok,logs/seed_824212.log
549839,irt_only,GHEFT,0,0.0,0,0,1,1.4276,0.8366,2.2642,,,,,,,,,,,,,,,,,63.47914319460067,1.7758,30,8,250,126,89,37,24.785245,0,ok,logs/seed_549839.log
17250,irt_only,GHEFT,0,0.0,0,0,1,1.453,0.8719,2.3249,,,,,,,,,,,,,,,,,98.40292873160477,2.6777,40,10,295,165,116,49,29.594088,0,ok,logs/seed_17250.log
644403,irt_only,GHEFT,0,0.0,0,0,1,1.3673,0.7311,2.0984,,,,,,,,,,,,,,,,,83.8781259653795,1.7138,43,10,322,152,110,42,32.097464,0,ok,logs/seed_644403.log
891331,irt_only,GHEFT,0,0.0,0,0,1,1.4953,0.9325,2.4278,,,,,,,,,,,,,,,,,87.46395336116156,1.7986,31,10,292,139,102,37,24.477354,0,ok,logs/seed_891331.log
541033,irt_only,GHEFT,0,0.0,0,0,1,1.4725,0.9201,2.3926,,,,,,,,,,,,,,,,,71.07571599176278,1.6842,33,10,293,151,101,50,31.644201,0,ok,logs/seed_541033.log
711521,irt_only,GHEFT,0,0.0,0,0,1,1.4131,0.8208,2.2339,,,,,,,,,,,,,,,,,95.37327619047619,2.333,35,9,268,130,92,38,25.099772,0,ok,logs/seed_711521.log
725265,irt_only,GHEFT,0,0.0,0,0,1,1.3336,0.6737,2.0073,,,,,,,,,,,,,,,,,85.93128587760592,1.5973,37,9,312,136,99,37,25.890189,0,ok,logs/seed_725265.log
793509,irt_only,GHEFT,0,0.0,0,0,1,1.3382,0.9051,2.2433,,,,,,,,,,,,,,,,,83.4930276643991,2.7958,38,10,295,149,102,47,28.288494,0,ok,logs/seed_793509.log
417817,irt_only,GHEFT,0,0.0,0,0,1,1.3264,0.9668,2.2932,,,,,,,,,,,,,,,,,69.75681833429728,2.012,36,10,286,141,98,43,30.344372,0,ok,logs/seed_417817.log
603228,irt_only,GHEFT,0,0.0,0,0,1,1.5012,1.0014,2.5026,,,,,,,,,,,,,,,,,80.70152680172508,2.5233,37,8,256,117,77,40,25.365587,0,ok,logs/seed_603228.log
21177,irt_only,GHEFT,0,0.0,0,0,1,1.389,0.819,2.208,,,,,,,,,,,,,,,,,74.47720118185609,2.1,33,10,273,152,107,45,30.25399,0,ok,logs/seed_21177.log
307954,irt_only,GHEFT,0,0.0,0,0,1,1.3694,1.0141,2.3835,,,,,,,,,,,,,,,,,81.41493610315186,1.599,34,9,270,135,92,43,30.525535,0,ok,logs/seed_307954.log
527286,irt_only,GHEFT,0,0.0,0,0,1,1.7192,1.1074,2.8266,,,,,,,,,,,,,,,,,66.39556345514949,1.609,34,9,295,139,92,47,27.76414,0,ok,logs/seed_527286.log
199889,irt_only,GHEFT,0,0.0,0,0,1,1.3889,0.9321,2.321,,,,,,,,,,,,,,,,,71.88207915273134,1.948,35,10,266,153,99,54,27.216864,0,ok,logs/seed_199889.log
364276,irt_only,GHEFT,0,0.0,0,0,1,1.3134,0.7905,2.1039,,,,,,,,,,,,,,,,,75.50356978250664,2.2827,40,10,286,155,111,44,27.730546,0,ok,logs/seed_364276.log
68246,irt_only,GHEFT,0,0.0,0,0,1,1.3657,0.7733,2.139,,,,,,,,,,,,,,,,,67.89413494495412,2.0072,31,9,250,117,82,35,23.035079,0,ok,logs/seed_68246.log
238033,irt_only,GHEFT,0,0.0,0,0,1,1.2793,0.795,2.0743,,,,,,,,,,,,,,,,,70.09559959579629,1.584,36,12,280,152,102,50,24.233708,0,ok,logs/seed_238033.log
220944,irt_only,GHEFT,0,0.0,0,0,1,1.3621,0.8107,2.1728,,,,,,,,,,,,,,,,,84.56254087403599,2.123,38,12,307,152,113,39,28.968924,0,ok,logs/seed_220944.log
891582,irt_only,GHEFT,0,0.0,0,0,1,1.3128,0.7191,2.0319,,,,,,,,,,,,,,,,,73.64894865675167,2.0064,31,10,247,129,90,39,24.287531,0,ok,logs/seed_891582.log
782412,irt_only,GHEFT,0,0.0,0,0,1,1.6931,1.317,3.0101,,,,,,,,,,,,,,,,,71.10155619847328,2.2686,32,10,285,150,105,45,24.920919,0,ok,logs/seed_782412.log
272720,irt_only,GHEFT,0,0.0,0,0,1,1.3611,0.7588,2.1199,,,,,,,,,,,,,,,,,76.88692018181818,2.1061,32,9,299,154,109,45,20.953426,0,ok,logs/seed_272720.log
992708,irt_only,GHEFT,0,0.0,0,0,1,1.338,0.9608,2.2988,,,,,,,,,,,,,,,,,74.07264188034186,2.0706,34,9,294,139,99,40,24.365784,0,ok,logs/seed_992708.log
30644,irt_only,GHEFT,0,0.0,0,0,1,1.4943,0.9248,2.4191,,,,,,,,,,,,,,,,,61.739722428571426,1.7546,38,10,295,133,83,50,24.890835,0,ok,logs/seed_30644.log
921837,irt_only,GHEFT,0,0.0,0,0,1,1.6392,0.9704,2.6096,,,,,,,,,,,,,,,,,69.76846671122996,1.9001,35,10,265,148,111,37,22.84538,0,ok,logs/seed_921837.log
920979,irt_only,GHEFT,0,0.0,0,0,1,1.5691,0.8477,2.4168,,,,,,,,,,,,,,,,,66.66177926086955,1.8813,40,11,299,163,113,50,24.545892,0,ok,logs/seed_920979.log
642755,irt_only,GHEFT,0,0.0,0,0,1,1.5291,0.8691,2.3982,,,,,,,,,,,,,,,,,71.20593449682767,1.9429,42,9,297,147,99,48,31.197019,0,ok,logs/seed_642755.log
43741,irt_only,GHEFT,0,0.0,0,0,1,1.5643,0.9582,2.5225,,,,,,,,,,,,,,,,,66.19498486486641,1.8634,35,10,280,128,85,43,30.14578,0,ok,logs/seed_43741.log
254302,irt_only,GHEFT,0,0.0,0,0,1,1.5413,1.2337,2.775,,,,,,,,,,,,,,,,,82.10424203585657,2.2738,33,8,283,149,94,55,26.284215,0,ok,logs/seed_254302.log
53196,irt_only,GHEFT,0,0.0,0,0,1,1.4778,0.9597,2.4375,,,,,,,,,,,,,,,,,88.88050598528206,2.3505,29,8,299,144,106,38,24.761874,0,ok,logs/seed_53196.log
601808,irt_only,GHEFT,0,0.0,0,0,1,1.312,0.9061,2.2181,,,,,,,,,,,,,,,,,65.61382962962963,1.5441,36,10,284,139,93,46,29.482791,0,ok,logs/seed_601808.log
832225,irt_only,GHEFT,0,0.0,0,0,1,1.547,0.8488,2.3958,,,,,,,,,,,,,,,,,74.96909999999998,2.1309,35,11,275,144,106,38,24.440283,0,ok,logs/seed_832225.log
582446,irt_only,GHEFT,0,0.0,0,0,1,1.2292,0.7268,1.956,,,,,,,,,,,,,,,,,85.43719730086312,2.2021,44,11,306,167,103,64,25.738175,0,ok,logs/seed_582446.log
538445,irt_only,GHEFT,0,0.0,0,0,1,1.4719,1.1267,2.5986,,,,,,,,,,,,,,,,,101.26995114814817,2.6504,38,11,267,158,88,70,29.604706,0,ok,logs/seed_538445.log
323662,irt_only,GHEFT,0,0.0,0,0,1,1.464,1.1416,2.6056,,,,,,,,,,,,,,,,,73.13316760412758,2.2536,37,10,310,161,105,56,24.991878,0,ok,logs/seed_323662.log
361331,irt_only,GHEFT,0,0.0,0,0,1,1.39,1.1307,2.5207,,,,,,,,,,,,,,,,,82.71335755191257,2.2358,28,9,253,141,99,42,24.607648,0,ok,logs/seed_361331.log
139576,irt_only,GHEFT,0,0.0,0,0,1,1.4626,1.0319,2.4945,,,,,,,,,,,,,,,,,81.70429198542806,2.0924,33,9,252,163,108,55,19.703772,0,ok,logs/seed_139576.log
802985,irt_only,GHEFT,0,0.0,0,0,1,1.5473,1.2025,2.7498,,,,,,,,,,,,,,,,,80.16828904071342,1.838,26,10,256,158,107,51,25.139923,0,ok,logs/seed_802985.log
801777,irt_only,GHEFT,0,0.0,0,0,1,1.3392,0.9464,2.2856,,,,,,,,,,,,,,,,,65.35339444444445,2.0399,40,11,269,117,72,45,23.807233,0,ok,logs/seed_801777.log
340074,irt_only,GHEFT,0,0.0,0,0,1,1.3701,0.7697,2.1398,,,,,,,,,,,,,,,,,69.39932071522453,1.8015,47,12,295,164,111,53,31.018096,0,ok,logs/seed_340074.log
850648,irt_only,GHEFT,0,0.0,0,0,1,1.3419,0.7098,2.0517,,,,,,,,,,,,,,,,,112.96230608781225,1.8925,35,9,298,146,103,43,25.399551,0,ok,logs/seed_850648.log
332271,irt_only,GHEFT,0,0.0,0,0,1,1.4974,1.0578,2.5552,,,,,,,,,,,,,,,,,82.79247480916032,2.4824,35,9,290,147,100,47,25.986898,0,ok,logs/seed_332271.log
389750,irt_only,GHEFT,0,0.0,0,0,1,1.4999,0.9078,2.4077,,,,,,,,,,,,,,,,,70.22526333666333,1.8716,42,11,300,160,115,45,19.141521,0,ok,logs/seed_389750.log
798169,irt_only,GHEFT,0,0.0,0,0,1,1.52,1.0398,2.5598,,,,,,,,,,,,,,,,,85.60524496644295,2.3765,31,8,271,130,87,43,13.970591,0,ok,logs/seed_798169.log
297853,irt_only,GHEFT,0,0.0,0,0,1,1.3789,0.8187,2.1976,,,,,,,,,,,,,,,,,71.26614102305474,1.6773,39,11,298,157,102,55,31.271955,0,ok,logs/seed_297853.log
579634,irt_only,GHEFT,0,0.0,0,0,1,1.5044,0.9377,2.4421,,,,,,,,,,,,,,,,,75.18179042974869,1.7742,34,11,287,148,105,43,26.036657,0,ok,logs/seed_579634.log
345486,irt_only,GHEFT,0,0.0,0,0,1,1.4817,1.0109,2.4926,,,,,,,,,,,,,,,,,72.31108521052631,2.6056,38,11,285,128,81,47,21.000564,0,ok,logs/seed_345486.log
345064,irt_only,GHEFT,0,0.0,0,0,1,1.4779,1.1989,2.6768,,,,,,,,,,,,,,,,,84.7607591424619,2.13,37,9,267,154,94,60,20.278022,0,ok,logs/seed_345064.log
956254,irt_only,GHEFT,0,0.0,0,0,1,1.4708,0.8169,2.2877,,,,,,,,,,,,,,,,,65.97324533392276,1.8269,31,10,275,150,98,52,22.752277,0,ok,logs/seed_956254.log
84361,irt_only,GHEFT,0,0.0,0,0,1,1.2892,0.866,2.1552,,,,,,,,,,,,,,,,,77.1060972962963,1.644,40,10,282,149,99,50,26.650766,0,ok,logs/seed_84361.log
496940,irt_only,GHEFT,0,0.0,0,0,1,1.2746,0.8858,2.1604,,,,,,,,,,,,,,,,,82.70155764657477,1.7977,30,9,278,130,95,35,24.189458,0,ok,logs/seed_496940.log
898042,irt_only,GHEFT,0,0.0,0,0,1,1.2113,0.7434,1.9547,,,,,,,,,,,,,,,,,75.08794772114025,1.792,40,10,298,151,100,51,27.585488,0,ok,logs/seed_898042.log
653358,irt_only,GHEFT,0,0.0,0,0,1,1.339,0.8776,2.2166,,,,,,,,,,,,,,,,,96.41057134306573,2.2136,40,10,257,142,98,44,26.870891,0,ok,logs/seed_653358.log
400544,irt_only,GHEFT,0,0.0,0,0,1,1.4904,0.9662,2.4566,,,,,,,,,,,,,,,,,82.50510557442819,1.935,33,10,260,145,98,47,22.980359,0,ok,logs/seed_400544.log
242184,irt_only,GHEFT,0,0.0,0,0,1,1.5554,0.9964,2.5518,,,,,,,,,,,,,,,,,63.40994504531428,1.9864,29,9,272,138,94,44,23.635271,0,ok,logs/seed_242184.log
393637,irt_only,GHEFT,0,0.0,0,0,1,1.5127,1.0844,2.5971,,,,,,,,,,,,,,,,,69.35040000000002,1.5766,37,9,294,129,81,48,25.22423,0,ok,logs/seed_393637.log
995508,irt_only,GHEFT,0,0.0,0,0,1,1.5112,0.9385,2.4497,,,,,,,,,,,,,,,,,63.216121210723585,1.6621,28,8,279,129,93,36,26.42667,0,ok,logs/seed_995508.log
243653,irt_only,GHEFT,0,0.0,0,0,1,1.4433,1.1273,2.5706,,,,,,,,,,,,,,,,,98.98318721078094,2.9053,41,10,284,162,102,60,25.952751,0,ok,logs/seed_243653.log
343514,irt_only,GHEFT,0,0.0,0,0,1,1.3526,0.9343,2.2869,,,,,,,,,,,,,,,,,83.48076509495549,1.9998,28,8,288,158,105,53,16.172532,0,ok,logs/seed_343514.log
411929,irt_only,GHEFT,0,0.0,0,0,1,1.3852,1.0058,2.391,,,,,,,,,,,,,,,,,88.6910074074074,2.3855,34,10,277,154,100,54,26.833415,0,ok,logs/seed_411929.log
668641,irt_only,GHEFT,0,0.0,0,0,1,1.4524,0.865,2.3174,,,,,,,,,,,,,,,,,87.77806196319021,1.8677,33,11,281,151,101,50,27.84293,0,ok,logs/seed_668641.log
20187,irt_only,GHEFT,0,0.0,0,0,1,1.4857,1.2484,2.7341,,,,,,,,,,,,,,,,,84.52824099209487,2.4414,29,10,283,145,95,50,26.246359,0,ok,logs/seed_20187.log
658023,irt_only,GHEFT,0,0.0,0,0,1,1.4086,0.9823,2.3909,,,,,,,,,,,,,,,,,74.10435055467511,1.7731,33,10,268,155,100,55,20.451471,0,ok,logs/seed_658023.log
846287,irt_only,GHEFT,0,0.0,0,0,1,1.4889,1.0296,2.5185,,,,,,,,,,,,,,,,,71.16322402234638,2.4944,32,10,268,132,85,47,24.610344,0,ok,logs/seed_846287.log
347153,irt_only,GHEFT,0,0.0,0,0,1,1.4905,1.1752,2.6657,,,,,,,,,,,,,,,,,99.15443333333332,2.5505,32,10,257,142,94,48,25.210436,0,ok,logs/seed_347153.log
891181,irt_only,GHEFT,0,0.0,0,0,1,1.5301,0.8686,2.3987,,,,,,,,,,,,,,,,,70.26969896127073,1.826,36,10,295,147,99,48,30.091028,0,ok,logs/seed_891181.log
937433,irt_only,GHEFT,0,0.0,0,0,1,1.206,0.8359,2.0419,,,,,,,,,,,,,,,,,76.474038054465,1.8542,41,12,284,144,102,42,22.931954,0,ok,logs/seed_937433.log
489777,irt_only,GHEFT,0,0.0,0,0,1,1.4126,0.8936,2.3062,,,,,,,,,,,,,,,,,79.41908449424591,1.7179,32,9,276,123,87,36,23.280796,0,ok,logs/seed_489777.log
248415,irt_only,GHEFT,0,0.0,0,0,1,1.3389,0.8615,2.2004,,,,,,,,,,,,,,,,,64.6332567164179,1.6553,38,10,295,122,88,34,23.687912,0,ok,logs/seed_248415.log
552234,irt_only,GHEFT,0,0.0,0,0,1,1.4749,1.0608,2.5357,,,,,,,,,,,,,,,,,66.65304027538727,1.7078,28,10,270,138,81,57,20.42112,0,ok,logs/seed_552234.log
660822,irt_only,GHEFT,0,0.0,0,0,1,1.5738,0.7651,2.3389,,,,,,,,,,,,,,,,,67.92700093896714,1.8406,35,10,269,156,104,52,23.449461,0,ok,logs/seed_660822.log
899646,irt_only,GHEFT,0,0.0,0,0,1,1.4405,1.032,2.4725,,,,,,,,,,,,,,,,,77.54092852852855,1.9106,42,11,288,148,95,53,23.137795,0,ok,logs/seed_899646.log
657048,irt_only,GHEFT,0,0.0,0,0,1,1.2623,0.9853,2.2476,,,,,,,,,,,,,,,,,113.39302335766425,2.6543,31,9,274,133,93,40,20.288192,0,ok,logs/seed_657048.log
519203,irt_only,GHEFT,0,0.0,0,0,1,1.5249,1.0548,2.5797,,,,,,,,,,,,,,,,,74.84956300716848,1.8477,36,9,297,160,92,68,22.017226,0,ok,logs/seed_519203.log
198049,irt_only,GHEFT,0,0.0,0,0,1,1.2666,0.8466,2.1132,,,,,,,,,,,,,,,,,81.64968037218253,2.3018,34,10,289,117,86,31,20.6823,0,ok,logs/seed_198049.log
690757,irt_only,GHEFT,0,0.0,0,0,1,1.3297,1.0002,2.3299,,,,,,,,,,,,,,,,,78.20713062012251,1.7323,36,10,303,165,102,63,13.861042,0,ok,logs/seed_690757.log
402947,irt_only,GHEFT,0,0.0,0,0,1,1.5092,1.1079,2.6171,,,,,,,,,,,,,,,,,72.73924640525888,2.3502,37,11,276,141,90,51,10.970864,0,ok,logs/seed_402947.log
556081,irt_only,GHEFT,0,0.0,0,0,1,1.4591,1.123,2.5821,,,,,,,,,,,,,,,,,75.49230897552131,2.0077,37,10,288,123,91,32,12.320594,0,ok,logs/seed_556081.log
934188,irt_only,GHEFT,0,0.0,0,0,1,1.3616,0.8784,2.24,,,,,,,,,,,,,,,,,77.29515006915629,1.7343,33,10,276,143,102,41,15.041783,0,ok,logs/seed_934188.log
123970,irt_only,GHEFT,0,0.0,0,0,1,1.5023,0.8867,2.389,,,,,,,,,,,,,,,,,76.47548461538463,1.9608,35,11,257,135,96,39,11.706335,0,ok,logs/seed_123970.log
518181,irt_only,GHEFT,0,0.0,0,0,1,1.603,0.8968,2.4998,,,,,,,,,,,,,,,,,73.46178135516091,1.8229,33,9,268,139,90,49,10.781855,0,ok,logs/seed_518181.log
399989,irt_only,GHEFT,0,0.0,0,0,1,1.3349,0.9414,2.2763,,,,,,,,,,,,,,,,,88.96880404624277,2.2772,36,10,288,144,101,43,10.491981,0,ok,logs/seed_399989.log
901771,irt_only,GHEFT,0,0.0,0,0,1,1.5628,0.8149,2.3777,,,,,,,,,,,,,,,,,65.16959744906973,1.7241,33,10,290,162,107,55,13.059649,0,ok,logs/seed_901771.log
775491,irt_only,GHEFT,0,0.0,0,0,1,1.4907,0.9134,2.4041,,,,,,,,,,,,,,,,,73.40051072858286,2.0195,43,10,298,139,95,44,12.273158,0,ok,logs/seed_775491.log
925874,irt_only,GHEFT,0,0.0,0,0,1,1.289,0.8386,2.1276,,,,,,,,,,,,,,,,,92.66034940582958,2.2388,30,8,278,132,95,37,10.972348,0,ok,logs/seed_925874.log
298914,irt_only,GHEFT,0,0.0,0,0,1,1.6336,1.1602,2.7938,,,,,,,,,,,,,,,,,93.34421834908562,2.5419,36,10,285,147,106,41,13.086744,0,ok,logs/seed_298914.log
769242,irt_only,GHEFT,0,0.0,0,0,1,1.4444,1.0699,2.5143,,,,,,,,,,,,,,,,,76.66660060045913,1.9728,39,10,291,149,99,50,12.277212,0,ok,logs/seed_769242.log
884462,irt_only,GHEFT,0,0.0,0,0,1,1.3655,0.911,2.2765,,,,,,,,,,,,,,,,,70.350223817292,1.7277,29,9,282,133,90,43,10.516216,0,ok,logs/seed_884462.log
948968,irt_only,GHEFT,0,0.0,0,0,1,1.481,1.1723,2.6533,,,,,,,,,,,,,,,,,88.13703070297029,2.1985,32,10,269,130,95,35,7.611256,0,ok,logs/seed_948968.log
237390,irt_only,GHEFT,0,0.0,0,0,1,1.386,0.8963,2.2823,,,,,,,,,,,,,,,,,70.08577545529678,1.5138,27,9,274,137,102,35,6.262266,0,ok,logs/seed_237390.log
788501,irt_only,GHEFT,0,0.0,0,0,1,1.3473,0.9304,2.2777,,,,,,,,,,,,,,,,,82.41085802479338,2.3233,36,10,282,128,83,45,25.01547,0,ok,logs/seed_788501.log
841514,irt_only,GHEFT,0,0.0,0,0,1,1.3613,0.7629,2.1242,,,,,,,,,,,,,,,,,83.1276025497922,2.2035,35,10,283,139,95,44,25.72164,0,ok,logs/seed_841514.log
731954,irt_only,GHEFT,0,0.0,0,0,1,1.4722,1.0451,2.5173,,,,,,,,,,,,,,,,,92.81375299594278,2.6182,35,10,272,135,92,43,26.110267,0,ok,logs/seed_731954.log
512900,irt_only,GHEFT,0,0.0,0,0,1,1.6118,0.8073,2.4191,,,,,,,,,,,,,,,,,62.265644812362034,1.5103,44,11,287,145,112,33,27.171693,0,ok,logs/seed_512900.log
163797,irt_only,GHEFT,0,0.0,0,0,1,1.3579,0.7283,2.0862,,,,,,,,,,,,,,,,,58.18566103896104,1.7259,31,10,255,105,78,27,19.716492,0,ok,logs/seed_163797.log
411938,irt_only,GHEFT,0,0.0,0,0,1,1.5087,0.8569,2.3656,,,,,,,,,,,,,,,,,81.66146651216687,1.9059,28,11,254,105,69,36,22.484432,0,ok,logs/seed_411938.log
297875,irt_only,GHEFT,0,0.0,0,0,1,1.416,0.9674,2.3834,,,,,,,,,,,,,,,,,83.52194214041745,2.1266,41,10,315,150,110,40,32.731126,0,ok,logs/seed_297875.log
862431,irt_only,GHEFT,0,0.0,0,0,1,1.7095,1.0889,2.7984,,,,,,,,,,,,,,,,,74.96641397000306,2.4419,31,8,295,151,105,46,22.961508,0,ok,logs/seed_862431.log
944164,irt_only,GHEFT,0,0.0,0,0,1,1.5016,0.9374,2.439,,,,,,,,,,,,,,,,,78.00713051135764,1.8546,32,10,289,159,111,48,22.877424,0,ok,logs/seed_944164.log
593633,irt_only,GHEFT,0,0.0,0,0,1,1.6271,0.9355,2.5626,,,,,,,,,,,,,,,,,70.69883362591895,2.0744,32,10,280,111,80,31,26.646367,0,ok,logs/seed_593633.log
49083,irt_only,GHEFT,0,0.0,0,0,1,1.4982,0.9678,2.466,,,,,,,,,,,,,,,,,75.52186866666666,2.1206,30,8,270,133,98,35,25.714784,0,ok,logs/seed_49083.log
511497,irt_only,GHEFT,0,0.0,0,0,1,1.3876,0.75,2.1376,,,,,,,,,,,,,,,,,64.63858137130802,2.1175,39,11,291,139,105,34,28.828807,0,ok,logs/seed_511497.log
332550,irt_only,GHEFT,0,0.0,0,0,1,1.4165,0.8093,2.2258,,,,,,,,,,,,,,,,,78.8243470238509,1.5343,29,9,281,140,102,38,24.128,0,ok,logs/seed_332550.log
179506,irt_only,GHEFT,0,0.0,0,0,1,1.5384,1.175,2.7134,,,,,,,,,,,,,,,,,73.95148572093025,2.3365,30,10,262,111,77,34,23.245267,0,ok,logs/seed_179506.log
103680,irt_only,GHEFT,0,0.0,0,0,1,1.3885,0.947,2.3355,,,,,,,,,,,,,,,,,86.10327868437693,2.0229,32,8,285,153,105,48,25.796303,0,ok,logs/seed_103680.log
109216,irt_only,GHEFT,0,0.0,0,0,1,1.2745,0.8326,2.1071,,,,,,,,,,,,,,,,,78.08692472685675,1.9829,40,11,290,150,96,54,27.498637,0,ok,logs/seed_109216.log
344612,irt_only,GHEFT,0,0.0,0,0,1,1.3773,0.8338,2.2111,,,,,,,,,,,,,,,,,75.27085277382899,2.0307,39,9,281,126,89,37,27.753499,0,ok,logs/seed_344612.log
919045,irt_only,GHEFT,0,0.0,0,0,1,1.2573,0.7648,2.0221,,,,,,,,,,,,,,,,,73.30754169741698,1.6109,39,11,280,165,113,52,23.438819,0,ok,logs/seed_919045.log
478565,irt_only,GHEFT,0,0.0,0,0,1,1.4427,0.8524,2.2951,,,,,,,,,,,,,,,,,72.07281125243868,1.9488,38,10,275,143,100,43,25.188007,0,ok,logs/seed_478565.log
473670,irt_only,GHEFT,0,0.0,0,0,1,1.3203,0.9671,2.2874,,,,,,,,,,,,,,,,,88.2808256280733,2.6858,31,9,255,138,96,42,29.854968,0,ok,logs/seed_473670.log
175136,irt_only,GHEFT,0,0.0,0,0,1,1.3475,0.7918,2.1393,,,,,,,,,,,,,,,,,70.28187002801121,1.7019,39,11,296,154,104,50,29.301557,0,ok,logs/seed_175136.log
30661,irt_only,GHEFT,0,0.0,0,0,1,1.3448,0.7587,2.1035,,,,,,,,,,,,,,,,,73.28877203484322,1.9126,40,10,299,137,88,49,27.067555,0,ok,logs/seed_30661.log
461986,irt_only,GHEFT,0,0.0,0,0,1,1.4226,0.8486,2.2712,,,,,,,,,,,,,,,,,73.83784962216626,1.9556,36,10,299,151,116,35,26.796276,0,ok,logs/seed_461986.log
806917,irt_only,GHEFT,0,0.0,0,0,1,1.4522,0.8503,2.3025,,,,,,,,,,,,,,,,,77.8840793783784,1.966,35,10,280,146,106,40,23.999186,0,ok,logs/seed_806917.log
251935,irt_only,GHEFT,0,0.0,0,0,1,1.4266,0.8722,2.2988,,,,,,,,,,,,,,,,,65.10204699872287,1.954,33,11,270,145,89,56,18.48579,0,ok,logs/seed_251935.log
485053,irt_only,GHEFT,0,0.0,0,0,1,1.3957,0.7396,2.1353,,,,,,,,,,,,,,,,,59.99450745341614,1.6402,37,9,280,123,85,38,29.203107,0,ok,logs/seed_485053.log
766370,irt_only,GHEFT,0,0.0,0,0,1,1.491,0.9017,2.3927,,,,,,,,,,,,,,,,,81.32883526508323,2.6248,37,9,269,123,99,24,22.248359,0,ok,logs/seed_766370.log
229231,irt_only,GHEFT,0,0.0,0,0,1,1.4552,0.7057,2.1609,,,,,,,,,,,,,,,,,76.76656903185439,1.6335,37,10,284,152,114,38,27.567777,0,ok,logs/seed_229231.log
577471,irt_only,GHEFT,0,0.0,0,0,1,1.2746,0.7215,1.9961,,,,,,,,,,,,,,,,,67.46113333333332,1.8129,36,11,286,141,99,42,25.422714,0,ok,logs/seed_577471.log
37962,irt_only,GHEFT,0,0.0,0,0,1,1.4478,1.0181,2.4659,,,,,,,,,,,,,,,,,82.59317027027026,1.696,35,9,280,125,83,42,25.809776,0,ok,logs/seed_37962.log
944872,irt_only,GHEFT,0,0.0,0,0,1,1.4761,0.9806,2.4567,,,,,,,,,,,,,,,,,86.44198359701493,2.2875,33,9,318,158,100,58,33.179498,0,ok,logs/seed_944872.log
288361,irt_only,GHEFT,0,0.0,0,0,1,1.4212,0.7834,2.2046,,,,,,,,,,,,,,,,,62.37817370030582,1.7235,37,11,269,118,86,32,24.948237,0,ok,logs/seed_288361.log
811804,irt_only,GHEFT,0,0.0,0,0,1,1.6423,1.2165,2.8588,,,,,,,,,,,,,,,,,77.7727768683274,2.0691,36,10,282,148,98,50,25.831431,0,ok,logs/seed_811804.log
150312,irt_only,GHEFT,0,0.0,0,0,1,1.4758,1.02,2.4958,,,,,,,,,,,,,,,,,77.26860672522089,1.8676,34,9,275,135,91,44,25.460907,0,ok,logs/seed_150312.log
300144,irt_only,GHEFT,0,0.0,0,0,1,1.4024,0.8416,2.244,,,,,,,,,,,,,,,,,80.28570644217687,1.897,33,10,257,135,99,36,24.424833,0,ok,logs/seed_300144.log
321546,irt_only,GHEFT,0,0.0,0,0,1,1.4451,1.174,2.6191,,,,,,,,,,,,,,,,,99.7498195185185,2.3821,39,10,265,148,100,48,27.768792,0,ok,logs/seed_321546.log
333826,irt_only,GHEFT,0,0.0,0,0,1,1.3444,0.9974,2.3418,,,,,,,,,,,,,,,,,70.89508302583026,1.8305,36,10,281,136,87,49,27.938313,0,ok,logs/seed_333826.log
601923,irt_only,GHEFT,0,0.0,0,0,1,1.4983,1.0697,2.568,,,,,,,,,,,,,,,,,71.71060100000001,2.385,35,12,291,147,84,63,27.692463,0,ok,logs/seed_601923.log
165547,irt_only,GHEFT,0,0.0,0,0,1,1.4946,0.9115,2.4061,,,,,,,,,,,,,,,,,81.01923328255903,1.98,32,10,270,148,107,41,31.121639,0,ok,logs/seed_165547.log
376387,irt_only,GHEFT,0,0.0,0,0,1,1.5745,0.8718,2.4463,,,,,,,,,,,,,,,,,68.74808079061148,1.7649,41,10,294,176,125,51,31.681958,0,ok,logs/seed_376387.log
667407,irt_only,GHEFT,0,0.0,0,0,1,1.4838,0.8236,2.3074,,,,,,,,,,,,,,,,,66.69472073308513,1.9886,34,10,279,140,102,38,24.690649,0,ok,logs/seed_667407.log
536326,irt_only,GHEFT,0,0.0,0,0,1,1.3248,0.8329,2.1577,,,,,,,,,,,,,,,,,71.28334243887147,1.9564,31,9,273,131,94,37,26.749828,0,ok,logs/seed_536326.log
48649,irt_only,GHEFT,0,0.0,0,0,1,1.4981,1.1273,2.6254,,,,,,,,,,,,,,,,,85.69983571589059,1.9271,34,10,285,134,87,47,23.494995,0,ok,logs/seed_48649.log
138474,irt_only,GHEFT,0,0.0,0,0,1,1.4068,0.7357,2.1425,,,,,,,,,,,,,,,,,77.09886164639849,2.287,38,10,288,148,106,42,27.124316,0,ok,logs/seed_138474.log
581410,irt_only,GHEFT,0,0.0,0,0,1,1.3816,0.693,2.0746,,,,,,,,,,,,,,,,,57.38874672716463,1.5572,38,10,295,145,99,46,24.902202,0,ok,logs/seed_581410.log
462634,irt_only,GHEFT,0,0.0,0,0,1,1.4676,0.9611,2.4287,,,,,,,,,,,,,,,,,71.71617267481847,1.8332,34,10,285,168,115,53,31.077219,0,ok,logs/seed_462634.log
349227,irt_only,GHEFT,0,0.0,0,0,1,1.4356,0.9435,2.3791,,,,,,,,,,,,,,,,,69.72022003955175,1.9306,39,11,298,171,107,64,24.488098,0,ok,logs/seed_349227.log
453227,irt_only,GHEFT,0,0.0,0,0,1,1.3119,0.7379,2.0498,,,,,,,,,,,,,,,,,79.08264351880673,1.9948,41,11,297,161,104,57,28.883975,0,ok,logs/seed_453227.log
424389,irt_only,GHEFT,0,0.0,0,0,1,1.4074,0.787,2.1944,,,,,,,,,,,,,,,,,99.07656285914507,2.3635,41,12,263,142,96,46,30.663514,0,ok,logs/seed_424389.log
706750,irt_only,GHEFT,0,0.0,0,0,1,1.2377,0.8236,2.0613,,,,,,,,,,,,,,,,,73.7646837837838,1.4816,31,9,270,118,73,45,24.015181,0,ok,logs/seed_706750.log
70613,irt_only,GHEFT,0,0.0,0,0,1,1.6524,1.0023,2.6547,,,,,,,,,,,,,,,,,79.08705555555557,1.8437,31,10,285,154,106,48,24.740375,0,ok,logs/seed_70613.log
599838,irt_only,GHEFT,0,0.0,0,0,1,1.4331,1.0583,2.4914,,,,,,,,,,,,,,,,,91.53331427946367,2.6354,26,9,252,124,89,35,22.388765,0,ok,logs/seed_599838.log
275233,irt_only,GHEFT,0,0.0,0,0,1,1.5518,1.1629,2.7147,,,,,,,,,,,,,,,,,85.43902733767099,1.9655,31,11,273,154,106,48,28.510012,0,ok,logs/seed_275233.log
257926,irt_only,GHEFT,0,0.0,0,0,1,1.4893,0.9775,2.4668,,,,,,,,,,,,,,,,,81.4343780642202,1.9025,35,9,286,159,108,51,23.201687,0,ok,logs/seed_257926.log
65039,irt_only,GHEFT,0,0.0,0,0,1,1.3015,0.7697,2.0712,,,,,,,,,,,,,,,,,77.19234063745019,2.2701,39,11,285,142,91,51,26.536663,0,ok,logs/seed_65039.log
354531,irt_only,GHEFT,0,0.0,0,0,1,1.4754,1.0957,2.5711,,,,,,,,,,,,,,,,,89.20431904479348,2.6038,28,8,263,146,105,41,25.376241,0,ok,logs/seed_354531.log
941030,irt_only,GHEFT,0,0.0,0,0,1,1.5026,0.8181,2.3207,,,,,,,,,,,,,,,,,82.33255682656826,2.1204,34,11,270,132,99,33,24.278918,0,ok,logs/seed_941030.log
624899,irt_only,GHEFT,0,0.0,0,0,1,1.374,0.8607,2.2347,,,,,,,,,,,,,,,,,64.75966647398845,1.7161,35,10,303,149,109,40,25.757239,0,ok,logs/seed_624899.log
899565,irt_only,GHEFT,0,0.0,0,0,1,1.3774,0.9234,2.3008,,,,,,,,,,,,,,,,,71.1772625504587,1.7121,33,10,285,139,106,33,23.699242,0,ok,logs/seed_899565.log
930280,irt_only,GHEFT,0,0.0,0,0,1,1.465,0.8339,2.2989,,,,,,,,,,,,,,,,,73.21947323287672,1.6384,40,9,279,146,101,45,24.383411,0,ok,logs/seed_930280.log
405167,irt_only,GHEFT,0,0.0,0,0,1,1.4951,0.8794,2.3745,,,,,,,,,,,,,,,,,62.30877268141593,1.9658,31,9,277,138,92,46,24.391767,0,ok,logs/seed_405167.log
1448,irt_only,GHEFT,0,0.0,0,0,1,1.3668,0.7838,2.1506,,,,,,,,,,,,,,,,,66.66511814123584,1.6196,37,10,296,137,91,46,27.927981,0,ok,logs/seed_1448.log
507391,irt_only,GHEFT,0,0.0,0,0,1,1.4118,0.9484,2.3602,,,,,,,,,,,,,,,,,60.292806297994254,1.7494,32,10,284,116,83,33,21.31698,0,ok,logs/seed_507391.log
837291,irt_only,GHEFT,0,0.0,0,0,1,1.4032,0.8805,2.2837,,,,,,,,,,,,,,,,,86.25347747058824,1.7901,35,11,289,155,111,44,26.738473,0,ok,logs/seed_837291.log
536078,irt_only,GHEFT,0,0.0,0,0,1,1.4896,1.0704,2.56,,,,,,,,,,,,,,,,,77.40586051524303,2.381,34,11,298,166,103,63,29.645319,0,ok,logs/seed_536078.log
381453,irt_only,GHEFT,0,0.0,0,0,1,1.1978,0.9211,2.1189,,,,,,,,,,,,,,,,,90.48584932301742,2.112,30,8,292,162,109,53,29.506845,0,ok,logs/seed_381453.log
58349,irt_only,GHEFT,0,0.0,0,0,1,1.3856,0.8039,2.1895,,,,,,,,,,,,,,,,,71.22500099999999,1.7874,40,9,300,122,81,41,33.643469,0,ok,logs/seed_58349.log
613460,irt_only,GHEFT,0,0.0,0,0,1,1.5609,1.2063,2.7672,,,,,,,,,,,,,,,,,67.57142468431002,1.9651,36,10,303,160,110,50,30.738895,0,ok,logs/seed_613460.log
581102,irt_only,GHEFT,0,0.0,0,0,1,1.4625,1.1341,2.5966,,,,,,,,,,,,,,,,,103.3213251231527,2.519,31,10,279,147,94,53,33.890069,0,ok,logs/seed_581102.log
814302,irt_only,GHEFT,0,0.0,0,0,1,1.4057,0.8214,2.2271,,,,,,,,,,,,,,,,,67.45441556200227,2.0418,35,10,285,126,91,35,23.039834,0,ok,logs/seed_814302.log
453089,irt_only,GHEFT,0,0.0,0,0,1,1.488,0.8392,2.3272,,,,,,,,,,,,,,,,,99.92615617241381,2.651,37,10,281,155,104,51,24.66385,0,ok,logs/seed_453089.log
583877,irt_only,GHEFT,0,0.0,0,0,1,1.4457,0.9436,2.3893,,,,,,,,,,,,,,,,,82.83087666126418,1.899,33,9,280,137,96,41,26.528917,0,ok,logs/seed_583877.log
312977,irt_only,GHEFT,0,0.0,0,0,1,1.5296,0.8412,2.3708,,,,,,,,,,,,,,,,,75.01542905755394,1.9748,30,9,265,124,83,41,25.885166,0,ok,logs/seed_312977.log
140256,irt_only,GHEFT,0,0.0,0,0,1,1.3843,0.8267,2.211,,,,,,,,,,,,,,,,,67.63080746771274,1.3211,33,10,291,131,101,30,31.040622,0,ok,logs/seed_140256.log
547797,irt_only,GHEFT,0,0.0,0,0,1,1.548,1.0323,2.5803,,,,,,,,,,,,,,,,,71.23009569369368,2.2,27,9,247,114,89,25,27.653884,0,ok,logs/seed_547797.log
874895,irt_only,GHEFT,0,0.0,0,0,1,1.5011,1.079,2.5801,,,,,,,,,,,,,,,,,89.07670630749014,2.5985,35,10,287,145,108,37,27.716795,0,ok,logs/seed_874895.log
450779,irt_only,GHEFT,0,0.0,0,0,1,1.4759,0.9493,2.4252,,,,,,,,,,,,,,,,,90.42887542017249,2.6181,35,8,248,130,89,41,31.495271,0,ok,logs/seed_450779.log
263459,irt_only,GHEFT,0,0.0,0,0,1,1.4374,0.8718,2.3092,,,,,,,,,,,,,,,,,59.52374625850341,1.6848,36,11,277,124,87,37,26.578861,0,ok,logs/seed_263459.log
164312,irt_only,GHEFT,0,0.0,0,0,1,1.5042,1.1777,2.6819,,,,,,,,,,,,,,,,,84.18537259612737,2.6757,40,12,289,174,107,67,35.987072,0,ok,logs/seed_164312.log
595764,irt_only,GHEFT,0,0.0,0,0,1,1.1965,0.9631,2.1596,,,,,,,,,,,,,,,,,76.03821060070672,1.5118,31,9,270,123,89,34,32.171968,0,ok,logs/seed_595764.log
872208,irt_only,GHEFT,0,0.0,0,0,1,1.3519,0.7795,2.1314,,,,,,,,,,,,,,,,,62.67295588919476,1.4364,33,10,285,131,91,40,29.903887,0,ok,logs/seed_872208.log
34237,irt_only,GHEFT,0,0.0,0,0,1,1.5438,0.8211,2.3649,,,,,,,,,,,,,,,,,58.66259999999998,1.781,35,9,266,132,85,47,35.146335,0,ok,logs/seed_34237.log
203637,irt_only,GHEFT,0,0.0,0,0,1,1.2769,0.7249,2.0018,,,,,,,,,,,,,,,,,68.83288231241083,1.7028,38,11,280,131,96,35,29.1221,0,ok,logs/seed_203637.log
35021,irt_only,GHEFT,0,0.0,0,0,1,1.2797,1.0629,2.3426,,,,,,,,,,,,,,,,,76.90690138818906,2.1937,44,11,286,161,82,79,29.256108,0,ok,logs/seed_35021.log
128136,irt_only,GHEFT,0,0.0,0,0,1,1.4669,0.9979,2.4648,,,,,,,,,,,,,,,,,77.14949583500717,2.0002,38,10,293,126,89,37,31.943101,0,ok,logs/seed_128136.log
897068,irt_only,GHEFT,0,0.0,0,0,1,1.4987,1.0235,2.5222,,,,,,,,,,,,,,,,,74.50285859709155,1.8764,33,9,278,142,100,42,26.751736,0,ok,logs/seed_897068.log
145634,irt_only,GHEFT,0,0.0,0,0,1,1.4838,0.9436,2.4274,,,,,,,,,,,,,,,,,84.34797935926451,2.3839,41,11,279,154,93,61,27.843352,0,ok,logs/seed_145634.log
828280,irt_only,GHEFT,0,0.0,0,0,1,1.4596,0.958,2.4176,,,,,,,,,,,,,,,,,72.29237660668382,1.7649,36,12,280,153,107,46,28.19056,0,ok,logs/seed_828280.log
808182,irt_only,GHEFT,0,0.0,0,0,1,1.5059,1.1267,2.6326,,,,,,,,,,,,,,,,,81.95769716996894,1.7559,29,8,275,153,102,51,24.427889,0,ok,logs/seed_808182.log
28303,irt_only,GHEFT,0,0.0,0,0,1,1.3917,0.8333,2.225,,,,,,,,,,,,,,,,,84.64499896640827,1.8256,36,10,297,134,97,37,34.080991,0,ok,logs/seed_28303.log
695763,irt_only,GHEFT,0,0.0,0,0,1,1.4006,0.8921,2.2927,,,,,,,,,,,,,,,,,83.24521264065943,2.0942,31,10,272,150,111,39,27.538507,0,ok,logs/seed_695763.log
264497,irt_only,GHEFT,0,0.0,0,0,1,1.4247,0.9166,2.3413,,,,,,,,,,,,,,,,,81.02605510084034,1.8524,39,10,289,158,122,36,33.540068,0,ok,logs/seed_264497.log
765068,irt_only,GHEFT,0,0.0,0,0,1,1.6504,0.9006,2.551,,,,,,,,,,,,,,,,,73.30648582677166,2.0754,41,11,291,161,112,49,24.940013,0,ok,logs/seed_765068.log
293386,irt_only,GHEFT,0,0.0,0,0,1,1.3595,0.9065,2.266,,,,,,,,,,,,,,,,,82.98993021316615,1.7296,36,10,273,144,93,51,22.044141,0,ok,logs/seed_293386.log
585056,irt_only,GHEFT,0,0.0,0,0,1,1.3919,0.859,2.2509,,,,,,,,,,,,,,,,,79.39712672152274,2.0946,34,11,282,171,119,52,32.99372,0,ok,logs/seed_585056.log
16768,irt_only,GHEFT,0,0.0,0,0,1,1.4651,0.8768,2.3419,,,,,,,,,,,,,,,,,63.33235965746908,1.8749,42,11,300,144,92,52,33.094289,0,ok,logs/seed_16768.log
768880,irt_only,GHEFT,0,0.0,0,0,1,1.3631,0.9267,2.2898,,,,,,,,,,,,,,,,,78.42462662229619,2.0262,42,12,288,143,92,51,27.800181,0,ok,logs/seed_768880.log
146419,irt_only,GHEFT,0,0.0,0,0,1,1.536,0.9756,2.5116,,,,,,,,,,,,,,,,,78.74233499043976,2.1259,36,11,282,152,108,44,25.834052,0,ok,logs/seed_146419.log
769016,irt_only,GHEFT,0,0.0,0,0,1,1.4417,1.0918,2.5335,,,,,,,,,,,,,,,,,88.39145503041614,2.4593,30,8,275,127,86,41,33.746364,0,ok,logs/seed_769016.log
753173,irt_only,GHEFT,0,0.0,0,0,1,1.3681,0.8055,2.1736,,,,,,,,,,,,,,,,,63.62708929306795,2.2812,38,9,277,131,92,39,22.126664,0,ok,logs/seed_753173.log
414868,irt_only,GHEFT,0,0.0,0,0,1,1.6466,0.9314,2.578,,,,,,,,,,,,,,,,,73.33528269230771,2.2212,37,8,284,122,76,46,28.850234,0,ok,logs/seed_414868.log
383978,irt_only,GHEFT,0,0.0,0,0,1,1.4561,1.0713,2.5274,,,,,,,,,,,,,,,,,77.91617562850892,2.246,42,10,297,143,97,46,29.377248,0,ok,logs/seed_383978.log
596187,irt_only,GHEFT,0,0.0,0,0,1,1.5237,0.9824,2.5061,,,,,,,,,,,,,,,,,76.14224415308911,1.7341,42,12,307,153,101,52,29.047975,0,ok,logs/seed_596187.log
217004,irt_only,GHEFT,0,0.0,0,0,1,1.5165,1.0985,2.615,,,,,,,,,,,,,,,,,76.32214285714285,1.7704,35,10,262,149,113,36,31.460225,0,ok,logs/seed_217004.log
306928,irt_only,GHEFT,0,0.0,0,0,1,1.3053,0.7181,2.0234,,,,,,,,,,,,,,,,,72.9313258053816,2.2839,31,10,281,118,81,37,33.328688,0,ok,logs/seed_306928.log
699954,irt_only,GHEFT,0,0.0,0,0,1,1.5132,0.7384,2.2516,,,,,,,,,,,,,,,,,83.28585398237885,2.1074,42,10,285,148,117,31,31.766351,0,ok,logs/seed_699954.log
915360,irt_only,GHEFT,0,0.0,0,0,1,1.4273,0.8792,2.3065,,,,,,,,,,,,,,,,,72.03459746646799,2.0458,37,11,272,120,80,40,30.953667,0,ok,logs/seed_915360.log
401920,irt_only,GHEFT,0,0.0,0,0,1,1.4041,0.9531,2.3572,,,,,,,,,,,,,,,,,76.93607823343847,2.5814,36,10,271,130,79,51,22.652419,0,ok,logs/seed_401920.log
590032,irt_only,GHEFT,0,0.0,0,0,1,1.4245,0.9823,2.4068,,,,,,,,,,,,,,,,,75.27203639968279,2.0647,40,12,328,179,104,75,29.402496,0,ok,logs/seed_590032.log
592350,irt_only,GHEFT,0,0.0,0,0,1,1.7136,1.0376,2.7512,,,,,,,,,,,,,,,,,68.426377272169,2.0748,34,11,266,139,96,43,24.782881,0,ok,logs/seed_592350.log
356544,irt_only,GHEFT,0,0.0,0,0,1,1.398,0.8646,2.2626,,,,,,,,,,,,,,,,,72.35804683195593,1.4078,31,10,259,142,105,37,25.222944,0,ok,logs/seed_356544.log
882358,irt_only,GHEFT,0,0.0,0,0,1,1.4146,0.8947,2.3093,,,,,,,,,,,,,,,,,89.17188151260507,2.0705,44,11,290,177,120,57,30.808344,0,ok,logs/seed_882358.log
659606,irt_only,GHEFT,0,0.0,0,0,1,1.2887,0.9679,2.2566,,,,,,,,,,,,,,,,,98.11534282525105,2.1925,34,10,255,136,99,37,24.147047,0,ok,logs/seed_659606.log
136181,irt_only,GHEFT,0,0.0,0,0,1,1.4377,0.7483,2.186,,,,,,,,,,,,,,,,,69.63054213332356,1.8581,41,10,297,136,98,38,28.997704,0,ok,logs/seed_136181.log
695310,irt_only,GHEFT,0,0.0,0,0,1,1.1963,0.6697,1.866,,,,,,,,,,,,,,,,,79.44200394889663,1.4712,45,11,301,145,97,48,27.187165,0,ok,logs/seed_695310.log
313264,irt_only,GHEFT,0,0.0,0,0,1,1.4598,0.7487,2.2085,,,,,,,,,,,,,,,,,61.84629231721212,2.0234,41,10,291,127,81,46,28.664194,0,ok,logs/seed_313264.log
622633,irt_only,GHEFT,0,0.0,0,0,1,1.4109,1.0167,2.4276,,,,,,,,,,,,,,,,,76.20659490140994,1.7139,35,9,274,154,106,48,30.297061,0,ok,logs/seed_622633.log
153151,irt_only,GHEFT,0,0.0,0,0,1,1.2639,0.7005,1.9644,,,,,,,,,,,,,,,,,92.529451,2.5794,43,11,281,143,87,56,32.083444,0,ok,logs/seed_153151.log
252872,irt_only,GHEFT,0,0.0,0,0,1,1.6193,0.9112,2.5305,,,,,,,,,,,,,,,,,67.82144105994007,1.8909,40,12,285,145,95,50,29.613796,0,ok,logs/seed_252872.log
886011,irt_only,GHEFT,0,0.0,0,0,1,1.3515,0.934,2.2855,,,,,,,,,,,,,,,,,89.16198307833174,2.1748,36,10,269,137,98,39,28.383219,0,ok,logs/seed_886011.log
88875,irt_only,GHEFT,0,0.0,0,0,1,1.2747,0.8414,2.1161,,,,,,,,,,,,,,,,,84.87680765027324,1.6557,34,10,259,137,94,43,23.723109,0,ok,logs/seed_88875.log
911968,irt_only,GHEFT,0,0.0,0,0,1,1.4107,1.0956,2.5063,,,,,,,,,,,,,,,,,91.76309923224565,3.0986,36,8,288,142,93,49,23.18264,0,ok,logs/seed_911968.log
334656,irt_only,GHEFT,0,0.0,0,0,1,1.3876,0.9586,2.3462,,,,,,,,,,,,,,,,,63.837994904458604,1.5688,30,9,268,121,89,32,24.935923,0,ok,logs/seed_334656.log
245478,irt_only,GHEFT,0,0.0,0,0,1,1.4179,0.8714,2.2893,,,,,,,,,,,,,,,,,78.0660282727273,1.9487,30,10,249,110,84,26,22.839458,0,ok,logs/seed_245478.log
614692,irt_only,GHEFT,0,0.0,0,0,1,1.481,0.9592,2.4402,,,,,,,,,,,,,,,,,82.25629865271966,1.8214,38,11,317,160,108,52,33.739184,0,ok,logs/seed_614692.log
583839,irt_only,GHEFT,0,0.0,0,0,1,1.3268,0.7855,2.1123,,,,,,,,,,,,,,,,,71.66800141291586,1.9959,29,8,287,151,101,50,22.17947,0,ok,logs/seed_583839.log
899827,irt_only,GHEFT,0,0.0,0,0,1,1.5408,0.8277,2.3685,,,,,,,,,,,,,,,,,74.72228155685619,2.4577,41,10,300,134,105,29,29.697128,0,ok,logs/seed_899827.log
759818,irt_only,GHEFT,0,0.0,0,0,1,1.3188,0.8893,2.2081,,,,,,,,,,,,,,,,,79.29279999999999,1.9637,38,11,269,122,93,29,24.760299,0,ok,logs/seed_759818.log
536406,irt_only,GHEFT,0,0.0,0,0,1,1.4424,1.0493,2.4917,,,,,,,,,,,,,,,,,104.90739678043504,2.8038,33,9,294,149,107,42,27.641369,0,ok,logs/seed_536406.log
875025,irt_only,GHEFT,0,0.0,0,0,1,1.4157,0.9668,2.3825,,,,,,,,,,,,,,,,,78.74063461344538,1.8113,36,8,272,134,94,40,19.579232,0,ok,logs/seed_875025.log
235459,irt_only,GHEFT,0,0.0,0,0,1,1.4948,0.8916,2.3864,,,,,,,,,,,,,,,,,84.40306798292221,1.7887,34,10,291,147,100,47,27.211362,0,ok,logs/seed_235459.log
737985,irt_only,GHEFT,0,0.0,0,0,1,1.3214,0.7413,2.0627,,,,,,,,,,,,,,,,,79.15210333463033,1.6341,42,11,285,157,94,63,22.586366,0,ok,logs/seed_737985.log
833397,irt_only,GHEFT,0,0.0,0,0,1,1.3757,0.8608,2.2365,,,,,,,,,,,,,,,,,87.63937611204427,2.7431,32,10,261,109,73,36,24.524832,0,ok,logs/seed_833397.log
722013,irt_only,GHEFT,0,0.0,0,0,1,1.4583,0.9038,2.3621,,,,,,,,,,,,,,,,,68.38196932599726,1.7809,32,9,275,136,97,39,23.167072,0,ok,logs/seed_722013.log
519052,irt_only,GHEFT,0,0.0,0,0,1,1.6124,0.7968,2.4092,,,,,,,,,,,,,,,,,65.10325053466713,1.9663,37,11,266,133,95,38,25.610755,0,ok,logs/seed_519052.log
953927,irt_only,GHEFT,0,0.0,0,0,1,1.4267,0.7897,2.2164,,,,,,,,,,,,,,,,,67.59307732634092,1.8375,39,11,270,131,95,36,22.893654,0,ok,logs/seed_953927.log
792837,irt_only,GHEFT,0,0.0,0,0,1,1.303,0.8562,2.1592,,,,,,,,,,,,,,,,,78.8825675282714,1.6265,32,10,262,134,78,56,22.520177,0,ok,logs/seed_792837.log
271444,irt_only,GHEFT,0,0.0,0,0,1,1.598,0.87,2.468,,,,,,,,,,,,,,,,,66.71103540612043,2.0537,51,13,320,169,103,66,26.341347,0,ok,logs/seed_271444.log
747106,irt_only,GHEFT,0,0.0,0,0,1,1.4822,0.9228,2.405,,,,,,,,,,,,,,,,,75.67590962026392,1.8592,40,10,287,152,105,47,28.684585,0,ok,logs/seed_747106.log
509003,irt_only,GHEFT,0,0.0,0,0,1,1.3782,0.8558,2.234,,,,,,,,,,,,,,,,,66.16793696612665,2.0144,33,8,291,152,100,52,22.692748,0,ok,logs/seed_509003.log
41751,irt_only,GHEFT,0,0.0,0,0,1,1.6751,1.1073,2.7824,,,,,,,,,,,,,,,,,64.6639303030303,1.9906,27,10,271,136,96,40,22.620171,0,ok,logs/seed_41751.log
346747,irt_only,GHEFT,0,0.0,0,0,1,1.7627,1.1344,2.8971,,,,,,,,,,,,,,,,,65.44005221843003,1.8835,39,11,296,145,94,51,24.765282,0,ok,logs/seed_346747.log
147208,irt_only,GHEFT,0,0.0,0,0,1,1.5196,0.8886,2.4082,,,,,,,,,,,,,,,,,64.50088019655668,1.8304,33,10,291,147,109,38,25.49612,0,ok,logs/seed_147208.log
810767,irt_only,GHEFT,0,0.0,0,0,1,1.5035,0.8183,2.3218,,,,,,,,,,,,,,,,,65.75641951351353,1.9908,42,8,314,138,95,43,22.998973,0,ok,logs/seed_810767.log
475154,irt_only,GHEFT,0,0.0,0,0,1,1.6259,0.9473,2.5732,,,,,,,,,,,,,,,,,78.78866717428089,2.0759,33,9,288,161,107,54,24.673363,0,ok,logs/seed_475154.log
444114,irt_only,GHEFT,0,0.0,0,0,1,1.4895,1.0619,2.5514,,,,,,,,,,,,,,,,,84.2041479923518,2.1795,38,11,271,138,94,44,28.352435,0,ok,logs/seed_444114.log
21690,irt_only,GHEFT,0,0.0,0,0,1,1.47,0.8069,2.2769,,,,,,,,,,,,,,,,,77.05638778199054,1.723,37,10,298,149,91,58,23.440994,0,ok,logs/seed_21690.log
904712,irt_only,GHEFT,0,0.0,0,0,1,1.5059,1.0538,2.5597,,,,,,,,,,,,,,,,,70.15421538461538,2.1389,35,10,277,126,88,38,29.404703,0,ok,logs/seed_904712.log
724949,irt_only,GHEFT,0,0.0,0,0,1,1.4228,0.8281,2.2509,,,,,,,,,,,,,,,,,66.53475048168625,1.5536,28,9,276,139,94,45,25.892127,0,ok,logs/seed_724949.log
104040,irt_only,GHEFT,0,0.0,0,0,1,1.2998,1.0185,2.3183,,,,,,,,,,,,,,,,,77.38809668345323,2.2312,44,12,281,159,92,67,31.85199,0,ok,logs/seed_104040.log
468918,irt_only,GHEFT,0,0.0,0,0,1,1.5678,1.2111,2.7789,,,,,,,,,,,,,,,,,71.97174380696681,1.6,26,8,253,121,86,35,25.537771,0,ok,logs/seed_468918.log
47836,irt_only,GHEFT,0,0.0,0,0,1,1.4496,0.7941,2.2437,,,,,,,,,,,,,,,,,65.93802077367481,1.9017,31,8,305,135,102,33,33.117229,0,ok,logs/seed_47836.log
441476,irt_only,GHEFT,0,0.0,0,0,1,1.3213,0.8165,2.1378,,,,,,,,,,,,,,,,,63.21615696477787,1.9291,40,11,291,136,102,34,32.159328,0,ok,logs/seed_441476.log
551870,irt_only,GHEFT,0,0.0,0,0,1,1.4468,0.9315,2.3783,,,,,,,,,,,,,,,,,78.1711363983325,2.1087,42,12,292,167,124,43,35.339708,0,ok,logs/seed_551870.log
570939,irt_only,GHEFT,0,0.0,0,0,1,1.6089,0.9201,2.529,,,,,,,,,,,,,,,,,71.90394060097833,1.7758,41,10,302,158,117,41,31.306292,0,ok,logs/seed_570939.log
110385,irt_only,GHEFT,0,0.0,0,0,1,1.4131,0.9607,2.3738,,,,,,,,,,,,,,,,,76.62036651724138,1.9572,37,11,286,162,102,60,29.613971,0,ok,logs/seed_110385.log
465624,irt_only,GHEFT,0,0.0,0,0,1,1.2747,0.7036,1.9783,,,,,,,,,,,,,,,,,91.53220007855461,3.1454,37,11,281,157,102,55,25.456236,0,ok,logs/seed_465624.log
785434,irt_only,GHEFT,0,0.0,0,0,1,1.419,0.7796,2.1986,,,,,,,,,,,,,,,,,67.72308540829987,1.7579,36,10,279,128,92,36,26.266349,0,ok,logs/seed_785434.log
274202,irt_only,GHEFT,0,0.0,0,0,1,1.3964,0.8684,2.2648,,,,,,,,,,,,,,,,,78.05566816608999,1.9556,39,10,268,150,107,43,26.822226,0,ok,logs/seed_274202.log
384098,irt_only,GHEFT,0,0.0,0,0,1,1.4044,1.0049,2.4093,,,,,,,,,,,,,,,,,81.66044966999529,2.2252,35,10,285,148,94,54,26.697192,0,ok,logs/seed_384098.log
260865,irt_only,GHEFT,0,0.0,0,0,1,1.6777,1.3091,2.9868,,,,,,,,,,,,,,,,,73.12936548128741,2.0676,31,9,281,117,77,40,21.961619,0,ok,logs/seed_260865.log
857320,irt_only,GHEFT,0,0.0,0,0,1,1.5745,0.876,2.4505,,,,,,,,,,,,,,,,,74.2924886502041,2.406,33,9,247,130,93,37,21.506597,0,ok,logs/seed_857320.log
307981,irt_only,GHEFT,0,0.0,0,0,1,1.4667,0.9035,2.3702,,,,,,,,,,,,,,,,,76.5843907514451,2.0407,33,9,286,151,94,57,31.943877,0,ok,logs/seed_307981.log
977105,irt_only,GHEFT,0,0.0,0,0,1,1.4568,1.1518,2.6086,,,,,,,,,,,,,,,,,79.14497525529968,2.1859,28,8,304,140,102,38,28.828576,0,ok,logs/seed_977105.log
795094,irt_only,GHEFT,0,0.0,0,0,1,1.2309,0.789,2.0199,,,,,,,,,,,,,,,,,76.56012458364312,2.043,34,9,282,136,94,42,27.725445,0,ok,logs/seed_795094.log
598248,irt_only,GHEFT,0,0.0,0,0,1,1.3971,0.8118,2.2089,,,,,,,,,,,,,,,,,61.84540723973727,1.3467,37,10,285,150,102,48,28.564806,0,ok,logs/seed_598248.log
617822,irt_only,GHEFT,0,0.0,0,0,1,1.1141,0.7445,1.8586,,,,,,,,,,,,,,,,,70.64523283983849,2.1057,34,9,297,147,101,46,24.306406,0,ok,logs/seed_617822.log
530710,irt_only,GHEFT,0,0.0,0,0,1,1.3109,0.9506,2.2615,,,,,,,,,,,,,,,,,78.79384589919059,1.6549,36,9,308,153,109,44,33.98843,0,ok,logs/seed_530710.log
181371,irt_only,GHEFT,0,0.0,0,0,1,1.4156,0.7632,2.1788,,,,,,,,,,,,,,,,,77.06714107708554,2.0296,38,9,298,150,104,46,28.416982,0,ok,logs/seed_181371.log
239698,irt_only,GHEFT,0,0.0,0,0,1,1.4255,0.8023,2.2278,,,,,,,,,,,,,,,,,85.73115796221961,2.056,34,9,270,137,100,37,30.616184,0,ok,logs/seed_239698.log
945780,irt_only,GHEFT,0,0.0,0,0,1,1.4525,1.1179,2.5704,,,,,,,,,,,,,,,,,78.6887,1.8959,40,11,297,159,91,68,26.118951,0,ok,logs/seed_945780.log
454302,irt_only,GHEFT,0,0.0,0,0,1,1.5491,1.1691,2.7182,,,,,,,,,,,,,,,,,85.20893637499998,2.4931,27,8,279,131,96,35,22.806469,0,ok,logs/seed_454302.log
687120,irt_only,GHEFT,0,0.0,0,0,1,1.3286,0.8241,2.1527,,,,,,,,,,,,,,,,,86.91127329909365,2.3834,41,12,283,163,93,70,30.524162,0,ok,logs/seed_687120.log
911463,irt_only,GHEFT,0,0.0,0,0,1,1.4686,0.8103,2.2789,,,,,,,,,,,,,,,,,60.87519215131474,1.6253,31,10,283,127,87,40,29.452038,0,ok,logs/seed_911463.log
979494,irt_only,GHEFT,0,0.0,0,0,1,1.4801,1.001,2.4811,,,,,,,,,,,,,,,,,71.55781699314934,1.9657,34,10,284,139,102,37,24.046732,0,ok,logs/seed_979494.log
840574,irt_only,GHEFT,0,0.0,0,0,1,1.3914,1.0091,2.4005,,,,,,,,,,,,,,,,,76.27885538095236,1.8701,32,10,292,140,99,41,23.052385,0,ok,logs/seed_840574.log
877832,irt_only,GHEFT,0,0.0,0,0,1,1.5413,1.0792,2.6205,,,,,,,,,,,,,,,,,78.53875555555557,1.9469,35,8,292,125,88,37,28.669179,0,ok,logs/seed_877832.log
845918,irt_only,GHEFT,0,0.0,0,0,1,1.6518,0.9852,2.637,,,,,,,,,,,,,,,,,74.29561590106006,2.0308,34,10,266,154,107,47,29.886488,0,ok,logs/seed_845918.log
336942,irt_only,GHEFT,0,0.0,0,0,1,1.5293,1.0252,2.5545,,,,,,,,,,,,,,,,,83.00141865087606,2.5145,46,11,323,196,143,53,33.080501,0,ok,logs/seed_336942.log
100720,irt_only,GHEFT,0,0.0,0,0,1,1.3129,0.8148,2.1277,,,,,,,,,,,,,,,,,79.89973057142855,1.8766,33,10,277,156,98,58,31.127576,0,ok,logs/seed_100720.log
200909,irt_only,GHEFT,0,0.0,0,0,1,1.5518,1.0289,2.5807,,,,,,,,,,,,,,,,,66.91052777165353,2.186,34,9,278,138,88,50,22.731547,0,ok,logs/seed_200909.log
442852,irt_only,GHEFT,0,0.0,0,0,1,1.4831,0.838,2.3211,,,,,,,,,,,,,,,,,66.8170667392883,2.0966,40,10,295,131,93,38,31.153894,0,ok,logs/seed_442852.log
841786,irt_only,GHEFT,0,0.0,0,0,1,1.4392,0.9821,2.4213,,,,,,,,,,,,,,,,,67.07711259842522,2.0729,37,10,298,139,87,52,31.735964,0,ok,logs/seed_841786.log
966897,irt_only,GHEFT,0,0.0,0,0,1,1.4448,0.9455,2.3903,,,,,,,,,,,,,,,,,86.41551760154739,2.2356,37,10,271,145,102,43,24.19461,0,ok,logs/seed_966897.log
669763,irt_only,GHEFT,0,0.0,0,0,1,1.446,0.9524,2.3984,,,,,,,,,,,,,,,,,82.21665132794753,2.1317,31,9,265,136,100,36,37.720142,0,ok,logs/seed_669763.log
920861,irt_only,GHEFT,0,0.0,0,0,1,1.4346,0.918,2.3526,,,,,,,,,,,,,,,,,71.07790581690139,1.9814,36,10,298,138,91,47,29.620035,0,ok,logs/seed_920861.log
584307,irt_only,GHEFT,0,0.0,0,0,1,1.3091,1.0718,2.3809,,,,,,,,,,,,,,,,,78.47132556141338,2.3369,29,8,283,138,93,45,28.638704,0,ok,logs/seed_584307.log
747314,irt_only,GHEFT,0,0.0,0,0,1,1.3677,0.9452,2.3129,,,,,,,,,,,,,,,,,81.37322005532504,2.1555,37,9,271,153,99,54,32.289975,0,ok,logs/seed_747314.log
197715,irt_only,GHEFT,0,0.0,0,0,1,1.4161,0.9545,2.3706,,,,,,,,,,,,,,,,,73.43968523189433,1.916,34,9,287,127,89,38,25.91001,0,ok,logs/seed_197715.log
891603,irt_only,GHEFT,0,0.0,0,0,1,1.3359,0.8146,2.1505,,,,,,,,,,,,,,,,,63.25863333333333,2.0209,40,10,296,146,108,38,30.204688,0,ok,logs/seed_891603.log
811812,irt_only,GHEFT,0,0.0,0,0,1,1.4299,0.8976,2.3275,,,,,,,,,,,,,,,,,89.73005394548062,2.0393,34,9,292,151,107,44,33.625457,0,ok,logs/seed_811812.log
920333,irt_only,GHEFT,0,0.0,0,0,1,1.3569,0.9427,2.2996,,,,,,,,,,,,,,,,,80.58355140805048,1.6067,32,9,284,160,107,53,25.314249,0,ok,logs/seed_920333.log
824191,irt_only,GHEFT,0,0.0,0,0,1,1.4629,1.0386,2.5015,,,,,,,,,,,,,,,,,81.71649444444444,2.0172,33,10,276,132,93,39,32.903892,0,ok,logs/seed_824191.log
674701,irt_only,GHEFT,0,0.0,0,0,1,1.2513,0.8698,2.1211,,,,,,,,,,,,,,,,,94.97133624995648,2.079,38,10,288,149,106,43,48.273893,0,ok,logs/seed_674701.log
738670,irt_only,GHEFT,0,0.0,0,0,1,1.5317,0.8661,2.3978,,,,,,,,,,,,,,,,,71.28034790874527,1.9755,35,11,296,170,112,58,56.399458,0,ok,logs/seed_738670.log
85247,irt_only,GHEFT,0,0.0,0,0,1,1.3086,0.8017,2.1103,,,,,,,,,,,,,,,,,103.04542145922746,2.3883,33,9,284,159,106,53,120.974102,0,ok,logs/seed_85247.log
857484,irt_only,GHEFT,0,0.0,0,0,1,1.2511,0.8069,2.058,,,,,,,,,,,,,,,,,71.4829098901099,1.6672,34,11,279,123,84,39,34.309433,0,ok,logs/seed_857484.log
223082,irt_only,GHEFT,0,0.0,0,0,1,1.3167,0.8731,2.1898,,,,,,,,,,,,,,,,,67.77221151079135,1.8571,33,10,291,141,89,52,32.076022,0,ok,logs/seed_223082.log
481168,irt_only,GHEFT,0,0.0,0,0,1,1.5712,1.2652,2.8364,,,,,,,,,,,,,,,,,82.46950193050193,2.3307,36,11,287,149,103,46,33.933003,0,ok,logs/seed_481168.log
435943,irt_only,GHEFT,0,0.0,0,0,1,1.2942,0.9309,2.2251,,,,,,,,,,,,,,,,,99.04499203980099,2.0652,36,9,281,153,105,48,31.571993,0,ok,logs/seed_435943.log
502778,irt_only,GHEFT,0,0.0,0,0,1,1.451,1.0338,2.4848,,,,,,,,,,,,,,,,,70.64140103806228,1.5738,30,9,262,117,81,36,24.695855,0,ok,logs/seed_502778.log
324171,irt_only,GHEFT,0,0.0,0,0,1,1.2456,0.7887,2.0343,,,,,,,,,,,,,,,,,83.53466752503574,1.9919,44,10,286,169,122,47,35.047698,0,ok,logs/seed_324171.log
339100,irt_only,GHEFT,0,0.0,0,0,1,1.2398,0.6813,1.9211,,,,,,,,,,,,,,,,,66.41085576804443,1.4284,32,10,270,130,93,37,28.336677,0,ok,logs/seed_339100.log
33498,irt_only,GHEFT,0,0.0,0,0,1,1.7515,1.032,2.7835,,,,,,,,,,,,,,,,,65.25940000000001,1.6134,39,10,304,152,104,48,169.878081,0,ok,logs/seed_33498.log
658947,irt_only,GHEFT,0,0.0,0,0,1,1.4745,0.9123,2.3868,,,,,,,,,,,,,,,,,70.4078386205541,1.7439,37,11,303,132,94,38,121.939868,0,ok,logs/seed_658947.log
14026,irt_only,GHEFT,0,0.0,0,0,1,1.4176,0.8202,2.2378,,,,,,,,,,,,,,,,,77.59921428571428,2.2732,32,8,263,131,91,40,29.208667,0,ok,logs/seed_14026.log
368769,irt_only,GHEFT,0,0.0,0,0,1,1.4887,1.207,2.6957,,,,,,,,,,,,,,,,,74.24841361526734,1.9168,34,10,283,157,104,53,34.314779,0,ok,logs/seed_368769.log
863024,irt_only,GHEFT,0,0.0,0,0,1,1.4804,1.0727,2.5531,,,,,,,,,,,,,,,,,78.40583842864616,1.777,33,12,266,157,110,47,52.597745,0,ok,logs/seed_863024.log
343909,irt_only,GHEFT,0,0.0,0,0,1,1.4833,0.9066,2.3899,,,,,,,,,,,,,,,,,66.29740901059243,2.1208,43,11,279,146,97,49,43.597325,0,ok,logs/seed_343909.log
333507,irt_only,GHEFT,0,0.0,0,0,1,1.4002,1.0801,2.4803,,,,,,,,,,,,,,,,,81.71581743691733,1.9897,31,8,277,136,98,38,30.736656,0,ok,logs/seed_333507.log
661131,irt_only,GHEFT,0,0.0,0,0,1,1.5304,0.9827,2.5131,,,,,,,,,,,,,,,,,68.73198045205478,1.8008,30,9,288,130,88,42,26.303999,0,ok,logs/seed_661131.log
957275,irt_only,GHEFT,0,0.0,0,0,1,1.5503,1.0777,2.628,,,,,,,,,,,,,,,,,72.88108461538461,1.8103,27,8,266,149,94,55,24.641892,0,ok,logs/seed_957275.log
999032,irt_only,GHEFT,0,0.0,0,0,1,1.5265,0.9176,2.4441,,,,,,,,,,,,,,,,,64.07252354730215,1.5272,36,10,273,123,90,33,28.459242,0,ok,logs/seed_999032.log
106107,irt_only,GHEFT,0,0.0,0,0,1,1.5439,0.9138,2.4577,,,,,,,,,,,,,,,,,91.66246937824475,2.5977,34,10,274,155,105,50,27.50249,0,ok,logs/seed_106107.log
892937,irt_only,GHEFT,0,0.0,0,0,1,1.3352,0.8692,2.2044,,,,,,,,,,,,,,,,,74.35970001897019,1.6577,28,9,241,120,82,38,28.015219,0,ok,logs/seed_892937.log
500359,irt_only,GHEFT,0,0.0,0,0,1,1.4521,0.9998,2.4519,,,,,,,,,,,,,,,,,77.31027646497022,2.0373,35,10,268,135,101,34,31.823272,0,ok,logs/seed_500359.log
709021,irt_only,GHEFT,0,0.0,0,0,1,1.3267,0.8861,2.2128,,,,,,,,,,,,,,,,,76.92239595959593,1.8816,41,10,290,158,106,52,170.474514,0,ok,logs/seed_709021.log
616809,irt_only,GHEFT,0,0.0,0,0,1,1.456,0.7857,2.2417,,,,,,,,,,,,,,,,,86.5057381308017,2.6696,37,11,298,159,121,38,22.739811,0,ok,logs/seed_616809.log
964750,irt_only,GHEFT,0,0.0,0,0,1,1.3565,0.805,2.1615,,,,,,,,,,,,,,,,,75.07990466492147,1.965,37,10,284,160,97,63,21.679509,0,ok,logs/seed_964750.log
347599,irt_only,GHEFT,0,0.0,0,0,1,1.418,0.8235,2.2415,,,,,,,,,,,,,,,,,77.27057185276017,2.0726,38,10,267,149,107,42,22.001852,0,ok,logs/seed_347599.log
561541,irt_only,GHEFT,0,0.0,0,0,1,1.4772,0.8831,2.3603,,,,,,,,,,,,,,,,,80.35749753264605,2.2848,28,9,257,138,106,32,22.018103,0,ok,logs/seed_561541.log
35471,irt_only,GHEFT,0,0.0,0,0,1,1.458,0.8346,2.2926,,,,,,,,,,,,,,,,,69.76062927272729,1.748,36,8,298,139,89,50,25.746913,0,ok,logs/seed_35471.log
530889,irt_only,GHEFT,0,0.0,0,0,1,1.4066,0.811,2.2176,,,,,,,,,,,,,,,,,77.07908795652176,1.716,34,9,295,140,96,44,24.342713,0,ok,logs/seed_530889.log
435171,irt_only,GHEFT,0,0.0,0,0,1,1.2352,1.0056,2.2408,,,,,,,,,,,,,,,,,97.432098540146,2.4028,27,9,224,122,92,30,19.831919,0,ok,logs/seed_435171.log
857091,irt_only,GHEFT,0,0.0,0,0,1,1.4054,0.9308,2.3362,,,,,,,,,,,,,,,,,67.61000974097834,1.829,30,10,269,149,108,41,16.936357,0,ok,logs/seed_857091.log
266083,irt_only,GHEFT,0,0.0,0,0,1,1.3689,1.0035,2.3724,,,,,,,,,,,,,,,,,82.94816810035844,2.4878,39,10,303,159,102,57,21.90124,0,ok,logs/seed_266083.log
843150,irt_only,GHEFT,0,0.0,0,0,1,1.4721,1.1391,2.6112,,,,,,,,,,,,,,,,,78.3788822171727,1.8916,30,9,261,121,88,33,16.389951,0,ok,logs/seed_843150.log
323855,irt_only,GHEFT,0,0.0,0,0,1,1.4272,1.1133,2.5405,,,,,,,,,,,,,,,,,67.59140254996777,1.7366,39,10,293,169,110,59,27.928934,0,ok,logs/seed_323855.log
759997,irt_only,GHEFT,0,0.0,0,0,1,1.3551,1.1233,2.4784,,,,,,,,,,,,,,,,,80.13094101728606,2.0163,33,9,270,141,100,41,21.37092,0,ok,logs/seed_759997.log
233845,irt_only,GHEFT,0,0.0,0,0,1,1.4273,0.9226,2.3499,,,,,,,,,,,,,,,,,73.5255841881075,1.5461,28,10,255,124,97,27,18.26284,0,ok,logs/seed_233845.log
397130,irt_only,GHEFT,0,0.0,0,0,1,1.5338,1.1162,2.65,,,,,,,,,,,,,,,,,75.28353128190939,1.8804,33,10,271,135,94,41,18.654313,0,ok,logs/seed_397130.log
683545,irt_only,GHEFT,0,0.0,0,0,1,1.4127,1.0562,2.4689,,,,,,,,,,,,,,,,,75.98034596124032,2.1658,30,10,294,136,93,43,20.780284,0,ok,logs/seed_683545.log
265770,irt_only,GHEFT,0,0.0,0,0,1,1.5828,0.8222,2.405,,,,,,,,,,,,,,,,,75.11859371804398,1.9445,39,11,283,161,116,45,19.894227,0,ok,logs/seed_265770.log
820890,irt_only,GHEFT,0,0.0,0,0,1,1.4108,1.0244,2.4352,,,,,,,,,,,,,,,,,80.95762050176427,2.4903,33,9,270,144,95,49,17.022133,0,ok,logs/seed_820890.log
878022,irt_only,GHEFT,0,0.0,0,0,1,1.2576,0.9818,2.2394,,,,,,,,,,,,,,,,,75.98456539196941,1.848,38,11,287,142,97,45,20.414872,0,ok,logs/seed_878022.log
160041,irt_only,GHEFT,0,0.0,0,0,1,1.6282,1.1507,2.7789,,,,,,,,,,,,,,,,,75.96793534747798,1.941,28,9,282,128,85,43,25.481482,0,ok,logs/seed_160041.log
904461,irt_only,GHEFT,0,0.0,0,0,1,1.6016,1.1422,2.7438,,,,,,,,,,,,,,,,,67.71611563808655,1.6916,38,11,309,168,109,59,21.918661,0,ok,logs/seed_904461.log
641339,irt_only,GHEFT,0,0.0,0,0,1,1.6356,1.3158,2.9514,,,,,,,,,,,,,,,,,82.38959999999999,1.7294,34,9,283,143,92,51,19.012511,0,ok,logs/seed_641339.log
980412,irt_only,GHEFT,0,0.0,0,0,1,1.5231,0.8741,2.3972,,,,,,,,,,,,,,,,,76.36225207808154,2.1133,36,10,272,126,92,34,16.450995,0,ok,logs/seed_980412.log
509693,irt_only,GHEFT,0,0.0,0,0,1,1.4986,0.9242,2.4228,,,,,,,,,,,,,,,,,89.94326356033451,2.1829,42,12,292,177,117,60,20.432112,0,ok,logs/seed_509693.log
89260,irt_only,GHEFT,0,0.0,0,0,1,1.4904,1.0884,2.5788,,,,,,,,,,,,,,,,,70.27870693495262,1.9437,37,10,299,169,116,53,20.76618,0,ok,logs/seed_89260.log
49537,irt_only,GHEFT,0,0.0,0,0,1,1.5448,1.0592,2.604,,,,,,,,,,,,,,,,,71.51496692914654,2.4726,36,9,304,152,100,52,18.045897,0,ok,logs/seed_49537.log
632773,irt_only,GHEFT,0,0.0,0,0,1,1.4982,0.8799,2.3781,,,,,,,,,,,,,,,,,81.17985882352941,2.2516,40,11,269,151,100,51,19.011938,0,ok,logs/seed_632773.log
806015,irt_only,GHEFT,0,0.0,0,0,1,1.5114,0.8763,2.3877,,,,,,,,,,,,,,,,,62.88413653846155,1.7114,38,9,288,126,82,44,19.584652,0,ok,logs/seed_806015.log
77261,irt_only,GHEFT,0,0.0,0,0,1,1.3792,0.8762,2.2554,,,,,,,,,,,,,,,,,82.49704229675952,2.3529,33,10,291,147,97,50,17.09368,0,ok,logs/seed_77261.log
928757,irt_only,GHEFT,0,0.0,0,0,1,1.5396,0.9271,2.4667,,,,,,,,,,,,,,,,,70.8947276916996,1.7035,34,10,301,171,102,69,18.781237,0,ok,logs/seed_928757.log
101503,irt_only,GHEFT,0,0.0,0,0,1,1.5265,1.127,2.6535,,,,,,,,,,,,,,,,,72.8212975317919,1.949,32,10,288,161,111,50,20.19088,0,ok,logs/seed_101503.log
771006,irt_only,GHEFT,0,0.0,0,0,1,1.6724,0.9873,2.6597,,,,,,,,,,,,,,,,,75.16591624069102,2.0519,26,8,270,122,81,41,16.993145,0,ok,logs/seed_771006.log
980797,irt_only,GHEFT,0,0.0,0,0,1,1.4976,1.1937,2.6913,,,,,,,,,,,,,,,,,75.5554062860877,2.1463,28,10,254,129,90,39,19.082628,0,ok,logs/seed_980797.log
810307,irt_only,GHEFT,0,0.0,0,0,1,1.6596,1.0264,2.686,,,,,,,,,,,,,,,,,64.07392838678307,2.0531,38,13,260,144,95,49,18.541229,0,ok,logs/seed_810307.log
601855,irt_only,GHEFT,0,0.0,0,0,1,1.3571,0.8072,2.1643,,,,,,,,,,,,,,,,,74.85300799818188,1.5312,38,12,258,148,96,52,23.75114,0,ok,logs/seed_601855.log
315131,irt_only,GHEFT,0,0.0,0,0,1,1.3138,0.9605,2.2743,,,,,,,,,,,,,,,,,85.8032032437442,1.8918,39,9,292,156,113,43,24.631163,0,ok,logs/seed_315131.log
857672,irt_only,GHEFT,0,0.0,0,0,1,1.4879,0.8685,2.3564,,,,,,,,,,,,,,,,,63.65936708526108,1.697,39,11,289,146,100,46,16.802947,0,ok,logs/seed_857672.log
301408,irt_only,GHEFT,0,0.0,0,0,1,1.2452,0.9027,2.1479,,,,,,,,,,,,,,,,,79.99654951341553,2.0664,39,10,278,132,94,38,18.450578,0,ok,logs/seed_301408.log
477074,irt_only,GHEFT,0,0.0,0,0,1,1.3884,0.9261,2.3145,,,,,,,,,,,,,,,,,83.85808268713295,2.2857,30,9,283,120,85,35,16.492249,0,ok,logs/seed_477074.log
856925,irt_only,GHEFT,0,0.0,0,0,1,1.3913,0.8755,2.2668,,,,,,,,,,,,,,,,,74.25652599231755,1.9793,44,11,262,133,89,44,17.240327,0,ok,logs/seed_856925.log
358293,irt_only,GHEFT,0,0.0,0,0,1,1.3163,0.7896,2.1059,,,,,,,,,,,,,,,,,89.11766710176457,2.5347,39,10,294,169,120,49,21.866009,0,ok,logs/seed_358293.log
419060,irt_only,GHEFT,0,0.0,0,0,1,1.3943,0.8605,2.2548,,,,,,,,,,,,,,,,,74.80559653401798,1.755,34,10,267,161,99,62,22.689188,0,ok,logs/seed_419060.log
279827,irt_only,GHEFT,0,0.0,0,0,1,1.3805,0.9465,2.327,,,,,,,,,,,,,,,,,76.10005107073329,1.9541,38,11,291,132,87,45,20.164208,0,ok,logs/seed_279827.log
492206,irt_only,GHEFT,0,0.0,0,0,1,1.4074,1.0719,2.4793,,,,,,,,,,,,,,,,,84.90782883300199,2.4428,37,11,283,139,93,46,17.702147,0,ok,logs/seed_492206.log
899477,irt_only,GHEFT,0,0.0,0,0,1,1.54,0.9078,2.4478,,,,,,,,,,,,,,,,,68.46570947975553,2.3473,40,10,306,150,106,44,19.352202,0,ok,logs/seed_899477.log
598216,irt_only,GHEFT,0,0.0,0,0,1,1.4265,1.1152,2.5417,,,,,,,,,,,,,,,,,75.35060264002487,1.9588,42,11,290,151,101,50,27.34492,0,ok,logs/seed_598216.log
792100,irt_only,GHEFT,0,0.0,0,0,1,1.3958,0.878,2.2738,,,,,,,,,,,,,,,,,73.04359972727272,1.9377,35,10,277,145,91,54,21.24501,0,ok,logs/seed_792100.log
600819,irt_only,GHEFT,0,0.0,0,0,1,1.7355,1.0846,2.8201,,,,,,,,,,,,,,,,,75.22809439847231,1.9653,33,10,264,148,110,38,23.229914,0,ok,logs/seed_600819.log
141930,irt_only,GHEFT,0,0.0,0,0,1,1.6368,0.8114,2.4482,,,,,,,,,,,,,,,,,83.06927655621303,1.5377,32,9,284,144,105,39,24.42005,0,ok,logs/seed_141930.log
92175,irt_only,GHEFT,0,0.0,0,0,1,1.376,0.7788,2.1548,,,,,,,,,,,,,,,,,109.8812893081761,3.5336,37,10,301,169,118,51,19.724142,0,ok,logs/seed_92175.log
814416,irt_only,GHEFT,0,0.0,0,0,1,1.3591,0.8265,2.1856,,,,,,,,,,,,,,,,,76.70964775324676,1.4077,34,10,269,143,104,39,18.265677,0,ok,logs/seed_814416.log
219838,irt_only,GHEFT,0,0.0,0,0,1,1.5523,0.9418,2.4941,,,,,,,,,,,,,,,,,56.349144191377256,1.8047,40,11,279,121,81,40,17.055761,0,ok,logs/seed_219838.log
826599,irt_only,GHEFT,0,0.0,0,0,1,1.5396,0.9819,2.5215,,,,,,,,,,,,,,,,,70.87601966292387,2.0684,33,10,285,145,96,49,17.843057,0,ok,logs/seed_826599.log
872887,irt_only,GHEFT,0,0.0,0,0,1,1.369,0.9,2.269,,,,,,,,,,,,,,,,,70.48434035255569,1.6459,43,11,292,160,101,59,20.457401,0,ok,logs/seed_872887.log
9276,irt_only,GHEFT,0,0.0,0,0,1,1.4027,0.8861,2.2888,,,,,,,,,,,,,,,,,68.28101621621622,1.9757,33,11,275,134,92,42,25.203761,0,ok,logs/seed_9276.log
476843,irt_only,GHEFT,0,0.0,0,0,1,1.3122,0.8984,2.2106,,,,,,,,,,,,,,,,,80.66884820846904,1.7422,37,11,283,148,101,47,21.667926,0,ok,logs/seed_476843.log
669745,irt_only,GHEFT,0,0.0,0,0,1,1.5344,1.073,2.6074,,,,,,,,,,,,,,,,,70.35745107913668,1.7064,31,10,282,128,86,42,19.618567,0,ok,logs/seed_669745.log
348419,irt_only,GHEFT,0,0.0,0,0,1,1.338,0.9475,2.2855,,,,,,,,,,,,,,,,,72.65320527412415,1.789,30,9,270,125,89,36,17.53876,0,ok,logs/seed_348419.log
459262,irt_only,GHEFT,0,0.0,0,0,1,1.3557,0.73,2.0857,,,,,,,,,,,,,,,,,79.55100082644628,1.8633,40,10,315,170,128,42,20.481032,0,ok,logs/seed_459262.log
953735,irt_only,GHEFT,0,0.0,0,0,1,1.5809,1.075,2.6559,,,,,,,,,,,,,,,,,87.44304700606979,2.1595,34,9,289,133,80,53,15.779772,0,ok,logs/seed_953735.log
438523,irt_only,GHEFT,0,0.0,0,0,1,1.444,0.9406,2.3846,,,,,,,,,,,,,,,,,74.35121704938271,1.9277,27,9,258,142,87,55,17.298806,0,ok,logs/seed_438523.log
671488,irt_only,GHEFT,0,0.0,0,0,1,1.6629,1.0253,2.6882,,,,,,,,,,,,,,,,,78.29641471444523,2.2394,32,8,274,126,76,50,12.478692,0,ok,logs/seed_671488.log
959396,irt_only,GHEFT,0,0.0,0,0,1,1.3516,0.8542,2.2058,,,,,,,,,,,,,,,,,89.18570950226243,2.3089,32,10,272,137,92,45,22.661,0,ok,logs/seed_959396.log
127531,irt_only,GHEFT,0,0.0,0,0,1,1.6,0.9399,2.5399,,,,,,,,,,,,,,,,,79.0514087542447,2.0913,44,10,306,183,121,62,23.712581,0,ok,logs/seed_127531.log
720158,irt_only,GHEFT,0,0.0,0,0,1,1.2988,0.7053,2.0041,,,,,,,,,,,,,,,,,65.27149083890954,1.8281,35,9,289,125,88,37,18.63632,0,ok,logs/seed_720158.log
616958,irt_only,GHEFT,0,0.0,0,0,1,1.5314,0.8803,2.4117,,,,,,,,,,,,,,,,,79.6414184508268,1.8906,42,11,296,167,120,47,22.190397,0,ok,logs/seed_616958.log
767920,irt_only,GHEFT,0,0.0,0,0,1,1.4066,0.8041,2.2107,,,,,,,,,,,,,,,,,67.22450289440994,1.9335,36,11,269,140,102,38,17.138211,0,ok,logs/seed_767920.log
286030,irt_only,GHEFT,0,0.0,0,0,1,1.2776,0.8872,2.1648,,,,,,,,,,,,,,,,,87.98429893455099,2.0939,34,10,278,157,108,49,20.254622,0,ok,logs/seed_286030.log
18671,irt_only,GHEFT,0,0.0,0,0,1,1.1892,0.8247,2.0139,,,,,,,,,,,,,,,,,85.09010670913878,1.9447,35,10,275,131,94,37,17.809835,0,ok,logs/seed_18671.log
348701,irt_only,GHEFT,0,0.0,0,0,1,1.3083,0.8509,2.1592,,,,,,,,,,,,,,,,,66.49148107202679,1.3627,36,10,258,116,76,40,16.858425,0,ok,logs/seed_348701.log
630160,irt_only,GHEFT,0,0.0,0,0,1,1.4007,0.8564,2.2571,,,,,,,,,,,,,,,,,77.81037416494844,2.3553,34,9,294,170,112,58,18.563423,0,ok,logs/seed_630160.log
534421,irt_only,GHEFT,0,0.0,0,0,1,1.2285,0.7716,2.0001,,,,,,,,,,,,,,,,,69.12760707743547,1.966,28,9,260,116,92,24,21.909205,0,ok,logs/seed_534421.log
550498,irt_only,GHEFT,0,0.0,0,0,1,1.3178,1.1004,2.4182,,,,,,,,,,,,,,,,,78.35184540296943,1.4819,31,10,290,131,95,36,20.582968,0,ok,logs/seed_550498.log
440724,irt_only,GHEFT,0,0.0,0,0,1,1.3668,0.8187,2.1855,,,,,,,,,,,,,,,,,73.88284470284239,1.8508,33,8,293,138,105,33,18.678717,0,ok,logs/seed_440724.log
475946,irt_only,GHEFT,0,0.0,0,0,1,1.4371,1.0418,2.4789,,,,,,,,,,,,,,,,,88.02440000000003,2.2434,31,9,280,138,92,46,20.810897,0,ok,logs/seed_475946.log
522340,irt_only,GHEFT,0,0.0,0,0,1,1.6771,0.9461,2.6232,,,,,,,,,,,,,,,,,68.56159813302216,2.0251,36,10,284,140,102,38,20.165137,0,ok,logs/seed_522340.log
514258,irt_only,GHEFT,0,0.0,0,0,1,1.3478,1.0087,2.3565,,,,,,,,,,,,,,,,,88.56413396823979,1.749,29,9,278,135,99,36,19.279647,0,ok,logs/seed_514258.log
222457,irt_only,GHEFT,0,0.0,0,0,1,1.4178,1.1017,2.5195,,,,,,,,,,,,,,,,,75.06267804562737,1.9672,28,10,277,149,98,51,17.050031,0,ok,logs/seed_222457.log
769416,irt_only,GHEFT,0,0.0,0,0,1,1.3591,0.9097,2.2688,,,,,,,,,,,,,,,,,76.29865052006149,2.3014,28,10,222,104,81,23,12.328444,0,ok,logs/seed_769416.log
429996,irt_only,GHEFT,0,0.0,0,0,1,1.3296,0.7642,2.0938,,,,,,,,,,,,,,,,,73.68467086183311,1.7305,49,11,330,183,121,62,23.906846,0,ok,logs/seed_429996.log
657311,irt_only,GHEFT,0,0.0,0,0,1,1.2866,0.8364,2.123,,,,,,,,,,,,,,,,,74.3603421890641,1.5595,38,11,279,131,103,28,19.404859,0,ok,logs/seed_657311.log
402349,irt_only,GHEFT,0,0.0,0,0,1,1.5014,0.8493,2.3507,,,,,,,,,,,,,,,,,71.0856741030043,1.8213,30,11,271,158,105,53,17.593287,0,ok,logs/seed_402349.log
434184,irt_only,GHEFT,0,0.0,0,0,1,1.4875,0.8971,2.3846,,,,,,,,,,,,,,,,,81.2516909090909,2.0562,45,12,266,150,97,53,16.651255,0,ok,logs/seed_434184.log
786598,irt_only,GHEFT,0,0.0,0,0,1,1.37,0.731,2.101,,,,,,,,,,,,,,,,,89.27663524804177,2.4186,39,9,302,140,98,42,18.652312,0,ok,logs/seed_786598.log
101351,irt_only,GHEFT,0,0.0,0,0,1,1.4914,0.9969,2.4883,,,,,,,,,,,,,,,,,79.6180553221856,2.3988,32,8,272,130,86,44,16.579859,0,ok,logs/seed_101351.log
155305,irt_only,GHEFT,0,0.0,0,0,1,1.3719,0.9117,2.2836,,,,,,,,,,,,,,,,,78.57447831204259,2.2741,34,10,295,154,104,50,16.681932,0,ok,logs/seed_155305.log
218988,irt_only,GHEFT,0,0.0,0,0,1,1.3657,0.9811,2.3468,,,,,,,,,,,,,,,,,103.88357272631676,2.5736,25,9,262,144,96,48,14.020035,0,ok,logs/seed_218988.log
981581,irt_only,GHEFT,0,0.0,0,0,1,1.3618,0.9176,2.2794,,,,,,,,,,,,,,,,,67.30705877437325,1.6833,36,10,269,120,90,30,13.172148,0,ok,logs/seed_981581.log
495855,irt_only,GHEFT,0,0.0,0,0,1,1.4114,0.8689,2.2803,,,,,,,,,,,,,,,,,77.67602797527047,2.168,32,8,266,136,100,36,12.425961,0,ok,logs/seed_495855.log
708196,irt_only,GHEFT,0,0.0,0,0,1,1.4163,1.0422,2.4585,,,,,,,,,,,,,,,,,109.8898807371965,2.243,29,9,249,127,91,36,14.551844,0,ok,logs/seed_708196.log
700191,irt_only,GHEFT,0,0.0,0,0,1,1.4614,1.2219,2.6833,,,,,,,,,,,,,,,,,89.53202723364484,2.1565,36,12,276,167,113,54,15.777364,0,ok,logs/seed_700191.log
366645,irt_only,GHEFT,0,0.0,0,0,1,1.3603,0.7154,2.0757,,,,,,,,,,,,,,,,,70.3012085645514,1.2844,39,10,295,120,88,32,15.018087,0,ok,logs/seed_366645.log
664766,irt_only,GHEFT,0,0.0,0,0,1,1.4514,1.0233,2.4747,,,,,,,,,,,,,,,,,73.22930750774528,2.3025,40,10,306,148,90,58,19.351658,0,ok,logs/seed_664766.log
137324,irt_only,GHEFT,0,0.0,0,0,1,1.3387,0.9349,2.2736,,,,,,,,,,,,,,,,,88.08149454735157,2.2399,36,10,298,172,126,46,19.820081,0,ok,logs/seed_137324.log
93537,irt_only,GHEFT,0,0.0,0,0,1,1.3826,0.8876,2.2702,,,,,,,,,,,,,,,,,85.39381904761903,2.0127,36,10,277,144,99,45,18.019038,0,ok,logs/seed_93537.log
827786,irt_only,GHEFT,0,0.0,0,0,1,1.5206,1.0683,2.5889,,,,,,,,,,,,,,,,,73.54494183601287,2.0971,30,9,275,135,93,42,19.736211,0,ok,logs/seed_827786.log
343941,irt_only,GHEFT,0,0.0,0,0,1,1.5056,0.8245,2.3301,,,,,,,,,,,,,,,,,72.30165807434052,1.5315,48,14,288,184,105,79,19.301853,0,ok,logs/seed_343941.log
710910,irt_only,GHEFT,0,0.0,0,0,1,1.4582,0.9792,2.4374,,,,,,,,,,,,,,,,,66.44973744093177,1.6372,36,10,273,136,92,44,17.863818,0,ok,logs/seed_710910.log
335281,irt_only,GHEFT,0,0.0,0,0,1,1.5151,0.8233,2.3384,,,,,,,,,,,,,,,,,64.73761030232559,2.0179,32,10,272,124,80,44,17.120018,0,ok,logs/seed_335281.log
385234,irt_only,GHEFT,0,0.0,0,0,1,1.3737,0.8292,2.2029,,,,,,,,,,,,,,,,,66.87338199233717,1.8116,38,10,273,140,82,58,15.561049,0,ok,logs/seed_385234.log
566861,irt_only,GHEFT,0,0.0,0,0,1,1.3249,0.7383,2.0632,,,,,,,,,,,,,,,,,74.96170769230768,2.119,39,11,297,153,108,45,19.484472,0,ok,logs/seed_566861.log
794225,irt_only,GHEFT,0,0.0,0,0,1,1.3016,0.7848,2.0864,,,,,,,,,,,,,,,,,101.4560345006485,2.5194,33,9,284,140,94,46,19.067306,0,ok,logs/seed_794225.log
509569,irt_only,GHEFT,0,0.0,0,0,1,1.4089,1.2236,2.6325,,,,,,,,,,,,,,,,,124.81593885269594,2.6262,28,8,258,132,97,35,19.133372,0,ok,logs/seed_509569.log
949698,irt_only,GHEFT,0,0.0,0,0,1,1.5224,0.8746,2.397,,,,,,,,,,,,,,,,,76.79496629526462,2.1616,41,12,294,160,97,63,17.544966,0,ok,logs/seed_949698.log
553382,irt_only,GHEFT,0,0.0,0,0,1,1.4151,1.1021,2.5172,,,,,,,,,,,,,,,,,96.584410394056,2.3324,34,9,282,164,102,62,16.024979,0,ok,logs/seed_553382.log
572482,irt_only,GHEFT,0,0.0,0,0,1,1.4516,0.7967,2.2483,,,,,,,,,,,,,,,,,63.36723736363637,1.6982,34,10,274,135,96,39,16.431,0,ok,logs/seed_572482.log
389037,irt_only,GHEFT,0,0.0,0,0,1,1.5516,0.9799,2.5315,,,,,,,,,,,,,,,,,68.7494871510305,2.1231,38,12,267,114,76,38,15.275957,0,ok,logs/seed_389037.log
309802,irt_only,GHEFT,0,0.0,0,0,1,1.3535,1.0297,2.3832,,,,,,,,,,,,,,,,,86.44346950507979,2.595,25,8,259,134,91,43,16.500154,0,ok,logs/seed_309802.log
704427,irt_only,GHEFT,0,0.0,0,0,1,1.4319,0.837,2.2689,,,,,,,,,,,,,,,,,80.6544324751474,1.977,40,11,296,151,105,46,21.60015,0,ok,logs/seed_704427.log
101580,irt_only,GHEFT,0,0.0,0,0,1,1.635,1.1953,2.8303,,,,,,,,,,,,,,,,,76.70334511057288,2.1232,34,9,279,156,97,59,17.320339,0,ok,logs/seed_101580.log
341337,irt_only,GHEFT,0,0.0,0,0,1,1.3525,0.7139,2.0664,,,,,,,,,,,,,,,,,69.87276305852737,1.4908,28,9,303,144,94,50,19.727531,0,ok,logs/seed_341337.log
392761,irt_only,GHEFT,0,0.0,0,0,1,1.3682,1.0797,2.4479,,,,,,,,,,,,,,,,,82.53844437086093,2.5735,32,10,265,163,117,46,16.162223,0,ok,logs/seed_392761.log
481487,irt_only,GHEFT,0,0.0,0,0,1,1.5549,0.9558,2.5107,,,,,,,,,,,,,,,,,70.58121320408164,1.7766,40,10,302,148,97,51,17.509383,0,ok,logs/seed_481487.log
399403,irt_only,GHEFT,0,0.0,0,0,1,1.4019,0.8777,2.2796,,,,,,,,,,,,,,,,,73.73270000000002,1.7729,40,12,292,153,110,43,24.006547,0,ok,logs/seed_399403.log
823258,irt_only,GHEFT,0,0.0,0,0,1,1.5536,0.7998,2.3534,,,,,,,,,,,,,,,,,81.1367471016636,2.4514,41,11,288,130,89,41,16.702851,0,ok,logs/seed_823258.log
213758,irt_only,GHEFT,0,0.0,0,0,1,1.4033,0.9432,2.3465,,,,,,,,,,,,,,,,,78.70276551039261,2.2587,32,10,296,151,108,43,21.035082,0,ok,logs/seed_213758.log
852462,irt_only,GHEFT,0,0.0,0,0,1,1.235,0.8687,2.1037,,,,,,,,,,,,,,,,,75.62169176029961,1.5876,31,10,272,123,92,31,16.566268,0,ok,logs/seed_852462.log
98150,irt_only,GHEFT,0,0.0,0,0,1,1.5436,0.8895,2.4331,,,,,,,,,,,,,,,,,81.32395962068962,2.2354,35,9,286,113,78,35,16.93228,0,ok,logs/seed_98150.log
290105,irt_only,GHEFT,0,0.0,0,0,1,1.4406,0.9705,2.4111,,,,,,,,,,,,,,,,,67.90905773629906,2.4059,38,12,275,152,102,50,16.626808,0,ok,logs/seed_290105.log
411034,irt_only,GHEFT,0,0.0,0,0,1,1.5505,0.9168,2.4673,,,,,,,,,,,,,,,,,75.95778973239437,1.9949,40,11,282,163,100,63,14.619872,0,ok,logs/seed_411034.log
269026,irt_only,GHEFT,0,0.0,0,0,1,1.5933,0.894,2.4873,,,,,,,,,,,,,,,,,70.11540928165805,1.8576,38,11,297,162,109,53,21.747657,0,ok,logs/seed_269026.log
69100,irt_only,GHEFT,0,0.0,0,0,1,1.2794,0.7585,2.0379,,,,,,,,,,,,,,,,,72.43522927576454,2.3537,33,11,292,156,110,46,19.371827,0,ok,logs/seed_69100.log
433242,irt_only,GHEFT,0,0.0,0,0,1,1.3055,0.9628,2.2683,,,,,,,,,,,,,,,,,83.40944420603013,2.0371,32,8,277,139,97,42,13.15908,0,ok,logs/seed_433242.log
931676,irt_only,GHEFT,0,0.0,0,0,1,1.3109,0.8436,2.1545,,,,,,,,,,,,,,,,,71.62565496183205,1.7549,38,10,293,160,109,51,19.18542,0,ok,logs/seed_931676.log
281692,irt_only,GHEFT,0,0.0,0,0,1,1.3867,0.8772,2.2639,,,,,,,,,,,,,,,,,82.70366814490673,2.2379,38,10,304,169,103,66,19.273302,0,ok,logs/seed_281692.log
904446,irt_only,GHEFT,0,0.0,0,0,1,1.2932,1.1255,2.4187,,,,,,,,,,,,,,,,,68.45777340313414,2.0471,38,8,311,152,86,66,18.692316,0,ok,logs/seed_904446.log
831666,irt_only,GHEFT,0,0.0,0,0,1,1.425,0.8006,2.2256,,,,,,,,,,,,,,,,,72.44950383125708,1.8966,36,10,287,141,104,37,15.806566,0,ok,logs/seed_831666.log
83588,irt_only,GHEFT,0,0.0,0,0,1,1.5362,0.8983,2.4345,,,,,,,,,,,,,,,,,75.73196978131215,1.8227,26,9,277,150,109,41,15.461815,0,ok,logs/seed_83588.log
326878,irt_only,GHEFT,0,0.0,0,0,1,1.4539,0.9752,2.4291,,,,,,,,,,,,,,,,,67.052102,1.9791,28,9,271,136,89,47,21.422536,0,ok,logs/seed_326878.log
928118,irt_only,GHEFT,0,0.0,0,0,1,1.6024,1.0002,2.6026,,,,,,,,,,,,,,,,,82.74425363231396,2.0171,32,9,279,158,111,47,19.027147,0,ok,logs/seed_928118.log
890764,irt_only,GHEFT,0,0.0,0,0,1,1.3307,0.9169,2.2476,,,,,,,,,,,,,,,,,76.18983962206582,1.7457,34,10,295,161,113,48,17.608553,0,ok,logs/seed_890764.log
355815,irt_only,GHEFT,0,0.0,0,0,1,1.5011,1.214,2.7151,,,,,,,,,,,,,,,,,88.48315480828431,2.1953,29,8,278,136,96,40,20.460308,0,ok,logs/seed_355815.log
368407,irt_only,GHEFT,0,0.0,0,0,1,1.6003,1.0749,2.6752,,,,,,,,,,,,,,,,,76.84041803267975,2.661,36,10,309,164,100,64,18.835651,0,ok,logs/seed_368407.log
874310,irt_only,GHEFT,0,0.0,0,0,1,1.3158,0.8198,2.1356,,,,,,,,,,,,,,,,,91.10065925925927,1.9194,41,9,289,140,97,43,19.029117,0,ok,logs/seed_874310.log
971526,irt_only,GHEFT,0,0.0,0,0,1,1.5534,0.9301,2.4835,,,,,,,,,,,,,,,,,75.24037610989325,1.8603,34,10,290,144,100,44,19.767663,0,ok,logs/seed_971526.log
563565,irt_only,GHEFT,0,0.0,0,0,1,1.2849,0.7861,2.071,,,,,,,,,,,,,,,,,83.33969702501872,1.704,30,8,280,152,107,45,16.673768,0,ok,logs/seed_563565.log
943133,irt_only,GHEFT,0,0.0,0,0,1,1.5059,0.932,2.4379,,,,,,,,,,,,,,,,,80.76869430607712,2.0157,33,10,282,180,114,66,17.045166,0,ok,logs/seed_943133.log
455182,irt_only,GHEFT,0,0.0,0,0,1,1.5798,1.292,2.8718,,,,,,,,,,,,,,,,,76.36790694251619,1.9158,33,9,275,150,89,61,17.887097,0,ok,logs/seed_455182.log
719709,irt_only,GHEFT,0,0.0,0,0,1,1.4213,0.8362,2.2575,,,,,,,,,,,,,,,,,96.2757492070309,1.8152,42,10,284,158,108,50,17.417487,0,ok,logs/seed_719709.log
720998,irt_only,GHEFT,0,0.0,0,0,1,1.4415,0.7835,2.225,,,,,,,,,,,,,,,,,89.56282899724518,2.0817,42,9,292,134,103,31,15.863519,0,ok,logs/seed_720998.log
747524,irt_only,GHEFT,0,0.0,0,0,1,1.5756,1.1774,2.753,,,,,,,,,,,,,,,,,77.83945959943898,1.972,32,9,290,150,102,48,12.01632,0,ok,logs/seed_747524.log
252772,irt_only,GHEFT,0,0.0,0,0,1,1.3623,0.8276,2.1899,,,,,,,,,,,,,,,,,65.3070753276832,1.7697,35,10,308,146,106,40,22.360223,0,ok,logs/seed_252772.log
175281,irt_only,GHEFT,0,0.0,0,0,1,1.4224,0.8728,2.2952,,,,,,,,,,,,,,,,,79.00822206720177,1.9963,35,9,288,125,91,34,19.885308,0,ok,logs/seed_175281.log
72567,irt_only,GHEFT,0,0.0,0,0,1,1.5646,0.9477,2.5123,,,,,,,,,,,,,,,,,73.98379725268177,2.3807,33,8,259,102,69,33,17.807401,0,ok,logs/seed_72567.log
937978,irt_only,GHEFT,0,0.0,0,0,1,1.4472,0.8926,2.3398,,,,,,,,,,,,,,,,,79.31009863227841,1.7005,33,10,267,155,109,46,16.271218,0,ok,logs/seed_937978.log
543059,irt_only,GHEFT,0,0.0,0,0,1,1.5744,1.2335,2.8079,,,,,,,,,,,,,,,,,91.92048037131632,2.3183,37,11,269,167,107,60,17.495791,0,ok,logs/seed_543059.log
48503,irt_only,GHEFT,0,0.0,0,0,1,1.4466,0.8009,2.2475,,,,,,,,,,,,,,,,,71.78639071499381,2.0041,32,9,264,138,94,44,14.914429,0,ok,logs/seed_48503.log
738560,irt_only,GHEFT,0,0.0,0,0,1,1.4485,0.8075,2.256,,,,,,,,,,,,,,,,,82.34988121390373,1.7758,42,10,296,167,111,56,18.621765,0,ok,logs/seed_738560.log
975608,irt_only,GHEFT,0,0.0,0,0,1,1.455,0.8281,2.2831,,,,,,,,,,,,,,,,,73.51763622029489,1.6068,37,10,293,139,95,44,15.885997,0,ok,logs/seed_975608.log
683245,irt_only,GHEFT,0,0.0,0,0,1,1.4306,0.9289,2.3595,,,,,,,,,,,,,,,,,73.08439997315438,2.0014,32,9,273,143,90,53,17.90944,0,ok,logs/seed_683245.log
781133,irt_only,GHEFT,0,0.0,0,0,1,1.4347,0.9652,2.3999,,,,,,,,,,,,,,,,,73.66636370157822,1.6817,35,11,287,146,107,39,18.183032,0,ok,logs/seed_781133.log
43408,irt_only,GHEFT,0,0.0,0,0,1,1.5696,1.0461,2.6157,,,,,,,,,,,,,,,,,72.98839975919992,2.0045,39,10,296,158,109,49,18.897182,0,ok,logs/seed_43408.log
226631,irt_only,GHEFT,0,0.0,0,0,1,1.3757,0.9562,2.3319,,,,,,,,,,,,,,,,,82.47466986554622,1.8664,34,10,268,155,102,53,18.663105,0,ok,logs/seed_226631.log
181152,irt_only,GHEFT,0,0.0,0,0,1,1.5449,1.1285,2.6734,,,,,,,,,,,,,,,,,79.77688470229813,2.5345,41,12,280,158,103,55,17.883272,0,ok,logs/seed_181152.log
429823,irt_only,GHEFT,0,0.0,0,0,1,1.435,0.9341,2.3691,,,,,,,,,,,,,,,,,81.73545742812513,2.3588,30,10,295,160,104,56,17.877666,0,ok,logs/seed_429823.log
404672,irt_only,GHEFT,0,0.0,0,0,1,1.2031,0.7562,1.9593,,,,,,,,,,,,,,,,,86.37113131462333,2.1965,36,9,267,119,88,31,11.886667,0,ok,logs/seed_404672.log
877698,irt_only,GHEFT,0,0.0,0,0,1,1.4257,0.6805,2.1062,,,,,,,,,,,,,,,,,78.25609270305675,2.246,40,10,277,131,96,35,22.323926,0,ok,logs/seed_877698.log
958202,irt_only,GHEFT,0,0.0,0,0,1,1.3914,1.1187,2.5101,,,,,,,,,,,,,,,,,71.51055467034992,1.8101,37,11,300,146,91,55,18.016451,0,ok,logs/seed_958202.log
544591,irt_only,GHEFT,0,0.0,0,0,1,1.416,0.877,2.293,,,,,,,,,,,,,,,,,98.6669836855124,2.7072,30,10,257,125,92,33,20.805676,0,ok,logs/seed_544591.log
539008,irt_only,GHEFT,0,0.0,0,0,1,1.3366,0.9826,2.3192,,,,,,,,,,,,,,,,,71.27004855480607,1.4433,29,9,293,142,94,48,18.677414,0,ok,logs/seed_539008.log
183645,irt_only,GHEFT,0,0.0,0,0,1,1.6447,1.0409,2.6856,,,,,,,,,,,,,,,,,91.03819229663611,2.3849,31,9,274,142,96,46,15.825539,0,ok,logs/seed_183645.log
701092,irt_only,GHEFT,0,0.0,0,0,1,1.565,0.9736,2.5386,,,,,,,,,,,,,,,,,74.81773464720652,1.9574,43,11,310,157,112,45,19.845677,0,ok,logs/seed_701092.log
529935,irt_only,GHEFT,0,0.0,0,0,1,1.5151,0.9589,2.474,,,,,,,,,,,,,,,,,73.70719456716417,2.0453,33,9,270,144,95,49,14.80218,0,ok,logs/seed_529935.log
159302,irt_only,GHEFT,0,0.0,0,0,1,1.3179,0.7777,2.0956,,,,,,,,,,,,,,,,,78.69445061058343,2.1143,36,11,285,155,107,48,20.002488,0,ok,logs/seed_159302.log
946627,irt_only,GHEFT,0,0.0,0,0,1,1.4296,0.9061,2.3357,,,,,,,,,,,,,,,,,75.11607908745246,1.8901,41,11,301,145,97,48,21.987446,0,ok,logs/seed_946627.log
367625,irt_only,GHEFT,0,0.0,0,0,1,1.4303,0.8728,2.3031,,,,,,,,,,,,,,,,,71.85056153846155,2.2341,37,11,270,136,98,38,17.187829,0,ok,logs/seed_367625.log
177782,irt_only,GHEFT,0,0.0,0,0,1,1.6085,0.9936,2.6021,,,,,,,,,,,,,,,,,80.77844946877053,2.1992,37,10,270,127,93,34,15.868254,0,ok,logs/seed_177782.log
302988,irt_only,GHEFT,0,0.0,0,0,1,1.4843,1.1361,2.6204,,,,,,,,,,,,,,,,,74.87954067704345,2.7556,31,9,241,110,71,39,15.978851,0,ok,logs/seed_302988.log
192553,irt_only,GHEFT,0,0.0,0,0,1,1.597,0.8698,2.4668,,,,,,,,,,,,,,,,,75.77434780454048,2.3794,31,8,266,126,90,36,16.185964,0,ok,logs/seed_192553.log
835851,irt_only,GHEFT,0,0.0,0,0,1,1.4551,1.144,2.5991,,,,,,,,,,,,,,,,,83.05942235422725,2.2874,34,9,275,162,104,58,17.532065,0,ok,logs/seed_835851.log
598671,irt_only,GHEFT,0,0.0,0,0,1,1.6739,0.9408,2.6147,,,,,,,,,,,,,,,,,62.48843284218589,1.7603,36,12,300,162,107,55,21.748638,0,ok,logs/seed_598671.log
517206,irt_only,GHEFT,0,0.0,0,0,1,1.2611,1.1115,2.3726,,,,,,,,,,,,,,,,,98.46405168415183,2.1665,32,10,273,149,113,36,19.703454,0,ok,logs/seed_517206.log
10492,irt_only,GHEFT,0,0.0,0,0,1,1.425,0.9085,2.3335,,,,,,,,,,,,,,,,,81.66927123076924,1.7006,37,9,271,137,102,35,18.276384,0,ok,logs/seed_10492.log
120821,irt_only,GHEFT,0,0.0,0,0,1,1.4227,1.0067,2.4294,,,,,,,,,,,,,,,,,71.41102753521129,1.927,37,10,291,141,92,49,20.48054,0,ok,logs/seed_120821.log
41152,irt_only,GHEFT,0,0.0,0,0,1,1.5202,1.0422,2.5624,,,,,,,,,,,,,,,,,80.97259261230197,2.1042,38,12,276,153,103,50,22.755728,0,ok,logs/seed_41152.log
642504,irt_only,GHEFT,0,0.0,0,0,1,1.5675,0.9971,2.5646,,,,,,,,,,,,,,,,,66.85988790203108,2.1632,41,11,291,132,83,49,18.357548,0,ok,logs/seed_642504.log
362252,irt_only,GHEFT,0,0.0,0,0,1,1.436,0.9871,2.4231,,,,,,,,,,,,,,,,,63.433917117117126,1.9105,39,11,297,132,92,40,20.288735,0,ok,logs/seed_362252.log
129046,irt_only,GHEFT,0,0.0,0,0,1,1.3418,0.9239,2.2657,,,,,,,,,,,,,,,,,75.50924012125944,1.9094,41,11,282,124,89,35,16.378517,0,ok,logs/seed_129046.log
302190,irt_only,GHEFT,0,0.0,0,0,1,1.5409,0.9268,2.4677,,,,,,,,,,,,,,,,,69.48513895525852,2.2245,33,10,256,123,83,40,25.47832,0,ok,logs/seed_302190.log
757010,irt_only,GHEFT,0,0.0,0,0,1,1.423,0.9466,2.3696,,,,,,,,,,,,,,,,,73.15281041384591,1.5252,34,12,267,145,89,56,23.08797,0,ok,logs/seed_757010.log
104638,irt_only,GHEFT,0,0.0,0,0,1,1.6314,1.09,2.7214,,,,,,,,,,,,,,,,,83.19839815099716,2.2826,32,9,282,136,89,47,20.682293,0,ok,logs/seed_104638.log
843408,irt_only,GHEFT,0,0.0,0,0,1,1.6168,0.936,2.5528,,,,,,,,,,,,,,,,,77.00614736842105,1.5662,26,8,257,128,84,44,15.88905,0,ok,logs/seed_843408.log
508994,irt_only,GHEFT,0,0.0,0,0,1,1.3381,0.8755,2.2136,,,,,,,,,,,,,,,,,82.97782275449103,2.6488,32,9,278,161,118,43,21.730344,0,ok,logs/seed_508994.log
604086,irt_only,GHEFT,0,0.0,0,0,1,1.4173,0.9403,2.3576,,,,,,,,,,,,,,,,,84.04164417752,2.7675,39,12,305,161,102,59,20.613074,0,ok,logs/seed_604086.log
756232,irt_only,GHEFT,0,0.0,0,0,1,1.5606,1.0116,2.5722,,,,,,,,,,,,,,,,,68.45156466555292,1.8498,34,11,264,130,93,37,17.469124,0,ok,logs/seed_756232.log
752351,irt_only,GHEFT,0,0.0,0,0,1,1.2637,0.7046,1.9683,,,,,,,,,,,,,,,,,83.64883678756476,1.9052,42,11,293,148,96,52,20.320819,0,ok,logs/seed_752351.log
532132,irt_only,GHEFT,0,0.0,0,0,1,1.4985,1.0014,2.4999,,,,,,,,,,,,,,,,,67.29135553629395,2.123,35,10,266,125,86,39,20.226982,0,ok,logs/seed_532132.log
715672,irt_only,GHEFT,0,0.0,0,0,1,1.4812,1.0407,2.5219,,,,,,,,,,,,,,,,,70.17997372262774,1.9108,32,9,267,127,85,42,17.454721,0,ok,logs/seed_715672.log
244053,irt_only,GHEFT,0,0.0,0,0,1,1.4604,1.1671,2.6275,,,,,,,,,,,,,,,,,82.65773997378145,2.4133,33,10,273,178,107,71,18.966996,0,ok,logs/seed_244053.log
360248,irt_only,GHEFT,0,0.0,0,0,1,1.3381,0.9548,2.2929,,,,,,,,,,,,,,,,,77.72872057998127,1.8759,37,13,288,170,98,72,19.322469,0,ok,logs/seed_360248.log
320801,irt_only,GHEFT,0,0.0,0,0,1,1.6195,1.2837,2.9032,,,,,,,,,,,,,,,,,65.47681263940521,2.1296,37,10,294,135,90,45,23.51947,0,ok,logs/seed_320801.log
469418,irt_only,GHEFT,0,0.0,0,0,1,1.5453,1.0862,2.6315,,,,,,,,,,,,,,,,,80.32235678391959,2.7023,34,9,267,141,93,48,17.410406,0,ok,logs/seed_469418.log
622181,irt_only,GHEFT,0,0.0,0,0,1,1.2285,0.745,1.9735,,,,,,,,,,,,,,,,,69.01536204826532,1.8551,39,10,291,151,109,42,19.443308,0,ok,logs/seed_622181.log
264411,irt_only,GHEFT,0,0.0,0,0,1,1.3792,0.854,2.2332,,,,,,,,,,,,,,,,,71.38266950152907,1.9171,37,9,315,145,98,47,25.357613,0,ok,logs/seed_264411.log
311857,irt_only,GHEFT,0,0.0,0,0,1,1.576,0.9014,2.4774,,,,,,,,,,,,,,,,,69.3426506124031,1.4794,29,9,264,129,87,42,17.757272,0,ok,logs/seed_311857.log
252607,irt_only,GHEFT,0,0.0,0,0,1,1.3999,0.9885,2.3884,,,,,,,,,,,,,,,,,112.76802179700499,2.3147,34,10,294,158,108,50,24.998859,0,ok,logs/seed_252607.log
420553,irt_only,GHEFT,0,0.0,0,0,1,1.5982,0.9259,2.5241,,,,,,,,,,,,,,,,,67.66823024242423,1.733,34,10,282,155,113,42,19.150929,0,ok,logs/seed_420553.log
802672,irt_only,GHEFT,0,0.0,0,0,1,1.4926,0.9594,2.452,,,,,,,,,,,,,,,,,89.48104742505767,1.8083,33,10,278,130,89,41,22.366308,0,ok,logs/seed_802672.log
26302,irt_only,GHEFT,0,0.0,0,0,1,1.455,1.0191,2.4741,,,,,,,,,,,,,,,,,78.85367462344747,1.4955,31,10,252,116,84,32,17.556082,0,ok,logs/seed_26302.log
42701,irt_only,GHEFT,0,0.0,0,0,1,1.4612,0.9959,2.4571,,,,,,,,,,,,,,,,,92.02620317629021,2.7891,39,12,289,177,100,77,16.664021,0,ok,logs/seed_42701.log
694217,irt_only,GHEFT,0,0.0,0,0,1,1.3047,0.894,2.1987,,,,,,,,,,,,,,,,,65.61221414141414,2.0999,40,10,298,139,96,43,12.128706,0,ok,logs/seed_694217.log
730247,irt_only,GHEFT,0,0.0,0,0,1,1.3668,0.7688,2.1356,,,,,,,,,,,,,,,,,78.81976729377713,2.3216,38,11,275,136,98,38,21.482431,0,ok,logs/seed_730247.log
41076,irt_only,GHEFT,0,0.0,0,0,1,1.511,1.0011,2.5121,,,,,,,,,,,,,,,,,65.85257703135491,1.7212,37,10,273,132,88,44,18.114017,0,ok,logs/seed_41076.log
502796,irt_only,GHEFT,0,0.0,0,0,1,1.2648,0.8284,2.0932,,,,,,,,,,,,,,,,,103.86540390320063,2.794,38,11,264,168,110,58,18.601912,0,ok,logs/seed_502796.log
709473,irt_only,GHEFT,0,0.0,0,0,1,1.3614,0.7916,2.153,,,,,,,,,,,,,,,,,66.90637529021558,1.946,42,11,302,148,98,50,18.86507,0,ok,logs/seed_709473.log
26140,irt_only,GHEFT,0,0.0,0,0,1,1.5643,0.9389,2.5032,,,,,,,,,,,,,,,,,70.85228982862746,1.9389,31,9,292,140,102,38,14.941811,0,ok,logs/seed_26140.log
540656,irt_only,GHEFT,0,0.0,0,0,1,1.624,0.9576,2.5816,,,,,,,,,,,,,,,,,60.69676737588653,1.5161,32,9,283,137,96,41,14.131061,0,ok,logs/seed_540656.log
343393,irt_only,GHEFT,0,0.0,0,0,1,1.4464,0.8943,2.3407,,,,,,,,,,,,,,,,,75.81164810356213,1.8773,38,11,282,134,100,34,14.97053,0,ok,logs/seed_343393.log
412975,irt_only,GHEFT,0,0.0,0,0,1,1.3587,0.7576,2.1163,,,,,,,,,,,,,,,,,73.49579607843135,1.7613,33,9,312,135,92,43,22.261274,0,ok,logs/seed_412975.log
497025,irt_only,GHEFT,0,0.0,0,0,1,1.3719,0.8683,2.2402,,,,,,,,,,,,,,,,,71.89353496226417,1.7904,33,9,282,122,85,37,18.341348,0,ok,logs/seed_497025.log
646790,irt_only,GHEFT,0,0.0,0,0,1,1.6894,1.0964,2.7858,,,,,,,,,,,,,,,,,71.28034571243042,2.4374,32,10,282,160,102,58,22.63565,0,ok,logs/seed_646790.log
115672,irt_only,GHEFT,0,0.0,0,0,1,1.7164,1.0936,2.81,,,,,,,,,,,,,,,,,71.22660002069806,2.2779,28,9,274,131,86,45,19.705721,0,ok,logs/seed_115672.log
517217,irt_only,GHEFT,0,0.0,0,0,1,1.3878,1.1371,2.5249,,,,,,,,,,,,,,,,,70.52588618638467,1.9042,30,10,261,132,79,53,22.015725,0,ok,logs/seed_517217.log
289065,irt_only,GHEFT,0,0.0,0,0,1,1.5341,0.8513,2.3854,,,,,,,,,,,,,,,,,71.53095289672544,1.8585,33,10,278,157,110,47,18.42116,0,ok,logs/seed_289065.log
104127,irt_only,GHEFT,0,0.0,0,0,1,1.4423,1.1527,2.595,,,,,,,,,,,,,,,,,69.83737902779617,1.9186,38,10,305,152,104,48,23.677571,0,ok,logs/seed_104127.log
371163,irt_only,GHEFT,0,0.0,0,0,1,1.3904,0.8864,2.2768,,,,,,,,,,,,,,,,,78.92578414701372,2.2587,36,10,260,163,108,55,18.792206,0,ok,logs/seed_371163.log
883139,irt_only,GHEFT,0,0.0,0,0,1,1.2542,1.0147,2.2689,,,,,,,,,,,,,,,,,86.95377174756989,1.7886,36,11,303,142,95,47,19.509195,0,ok,logs/seed_883139.log
342132,irt_only,GHEFT,0,0.0,0,0,1,1.3327,0.7505,2.0832,,,,,,,,,,,,,,,,,70.8429621814346,2.079,42,12,305,174,123,51,20.349183,0,ok,logs/seed_342132.log
704990,irt_only,GHEFT,0,0.0,0,0,1,1.3697,0.868,2.2377,,,,,,,,,,,,,,,,,72.01929163987137,1.6802,44,12,322,185,136,49,26.210178,0,ok,logs/seed_704990.log
424860,irt_only,GHEFT,0,0.0,0,0,1,1.5244,1.0658,2.5902,,,,,,,,,,,,,,,,,81.11611200200991,2.063,37,11,269,119,76,43,22.044055,0,ok,logs/seed_424860.log
217443,irt_only,GHEFT,0,0.0,0,0,1,1.4346,1.2182,2.6528,,,,,,,,,,,,,,,,,88.78845973015872,2.1455,34,8,289,142,92,50,15.167045,0,ok,logs/seed_217443.log
851006,irt_only,GHEFT,0,0.0,0,0,1,1.2723,0.8524,2.1247,,,,,,,,,,,,,,,,,81.28371265638233,1.6563,36,9,284,130,89,41,12.851389,0,ok,logs/seed_851006.log
100338,irt_only,GHEFT,0,0.0,0,0,1,1.4763,0.9414,2.4177,,,,,,,,,,,,,,,,,78.67094939244402,2.1971,39,12,290,148,92,56,21.043844,0,ok,logs/seed_100338.log
163602,irt_only,GHEFT,0,0.0,0,0,1,1.4135,1.0323,2.4458,,,,,,,,,,,,,,,,,76.30923780545571,1.9595,36,12,297,151,104,47,21.731841,0,ok,logs/seed_163602.log
994002,irt_only,GHEFT,0,0.0,0,0,1,1.4715,0.8639,2.3354,,,,,,,,,,,,,,,,,112.26404111405837,2.6801,35,10,277,159,110,49,17.184251,0,ok,logs/seed_994002.log
483462,irt_only,GHEFT,0,0.0,0,0,1,1.376,0.7678,2.1438,,,,,,,,,,,,,,,,,67.23509181706434,1.5851,37,12,287,134,92,42,18.139924,0,ok,logs/seed_483462.log
525884,irt_only,GHEFT,0,0.0,0,0,1,1.4759,1.0182,2.4941,,,,,,,,,,,,,,,,,88.48913973509934,2.394,35,10,289,153,115,38,22.583623,0,ok,logs/seed_525884.log
142307,irt_only,GHEFT,0,0.0,0,0,1,1.4217,0.825,2.2467,,,,,,,,,,,,,,,,,70.20599240506328,2.0656,34,9,276,123,91,32,19.7913,0,ok,logs/seed_142307.log
624690,irt_only,GHEFT,0,0.0,0,0,1,1.4418,0.8341,2.2759,,,,,,,,,,,,,,,,,76.70355882794892,1.7194,38,10,314,166,112,54,25.228758,0,ok,logs/seed_624690.log
864874,irt_only,GHEFT,0,0.0,0,0,1,1.5056,0.8575,2.3631,,,,,,,,,,,,,,,,,69.98449695676062,1.9505,39,10,294,150,93,57,22.21549,0,ok,logs/seed_864874.log
679889,irt_only,GHEFT,0,0.0,0,0,1,1.2572,0.7806,2.0378,,,,,,,,,,,,,,,,,79.87788031496062,1.9698,40,11,301,147,100,47,18.810346,0,ok,logs/seed_679889.log
963564,irt_only,GHEFT,0,0.0,0,0,1,1.4276,0.8351,2.2627,,,,,,,,,,,,,,,,,74.5838587823344,1.8795,34,9,279,133,93,40,21.796417,0,ok,logs/seed_963564.log
485084,irt_only,GHEFT,0,0.0,0,0,1,1.5973,0.9926,2.5899,,,,,,,,,,,,,,,,,73.8968535974131,2.2815,40,10,284,142,91,51,17.696183,0,ok,logs/seed_485084.log
281639,irt_only,GHEFT,0,0.0,0,0,1,1.4415,0.9075,2.349,,,,,,,,,,,,,,,,,59.93323043478259,1.6185,39,12,288,143,95,48,19.426851,0,ok,logs/seed_281639.log
362714,irt_only,GHEFT,0,0.0,0,0,1,1.333,0.9687,2.3017,,,,,,,,,,,,,,,,,81.92897764960344,2.3136,37,10,291,127,94,33,16.991886,0,ok,logs/seed_362714.log
551581,irt_only,GHEFT,0,0.0,0,0,1,1.5304,1.0323,2.5627,,,,,,,,,,,,,,,,,76.67446976407581,2.0236,42,11,314,169,107,62,18.85813,0,ok,logs/seed_551581.log
349348,irt_only,GHEFT,0,0.0,0,0,1,1.4718,0.8105,2.2823,,,,,,,,,,,,,,,,,79.41576561300073,1.4192,39,11,286,162,112,50,20.328407,0,ok,logs/seed_349348.log
376087,irt_only,GHEFT,0,0.0,0,0,1,1.4826,0.825,2.3076,,,,,,,,,,,,,,,,,72.09124398200224,1.6403,37,9,288,140,96,44,22.425126,0,ok,logs/seed_376087.log
924562,irt_only,GHEFT,0,0.0,0,0,1,1.4605,1.1926,2.6531,,,,,,,,,,,,,,,,,90.38352578522775,2.6178,41,10,291,156,107,49,23.632313,0,ok,logs/seed_924562.log
1642,irt_only,GHEFT,0,0.0,0,0,1,1.4622,0.8384,2.3006,,,,,,,,,,,,,,,,,92.60326851126653,1.7519,32,8,280,158,104,54,21.684642,0,ok,logs/seed_1642.log
724193,irt_only,GHEFT,0,0.0,0,0,1,1.4968,0.8445,2.3413,,,,,,,,,,,,,,,,,66.3137,1.9072,43,10,301,140,95,45,35.180378,0,ok,logs/seed_724193.log
939156,irt_only,GHEFT,0,0.0,0,0,1,1.4377,0.8132,2.2509,,,,,,,,,,,,,,,,,70.04129379844962,1.9333,36,9,291,155,100,55,22.661864,0,ok,logs/seed_939156.log
236458,irt_only,GHEFT,0,0.0,0,0,1,1.3173,0.7183,2.0356,,,,,,,,,,,,,,,,,83.10036170212766,1.8475,38,12,301,159,111,48,23.31574,0,ok,logs/seed_236458.log
703305,irt_only,GHEFT,0,0.0,0,0,1,1.3253,1.0886,2.4139,,,,,,,,,,,,,,,,,84.42576781304494,2.0238,38,10,300,137,101,36,25.36467,0,ok,logs/seed_703305.log
955021,irt_only,GHEFT,0,0.0,0,0,1,1.3509,1.0915,2.4424,,,,,,,,,,,,,,,,,81.25722451816443,2.0806,33,10,284,148,102,46,20.213502,0,ok,logs/seed_955021.log
771327,irt_only,GHEFT,0,0.0,0,0,1,1.5738,1.0887,2.6625,,,,,,,,,,,,,,,,,92.52375547524753,2.0461,31,8,279,145,96,49,16.683689,0,ok,logs/seed_771327.log
152800,irt_only,GHEFT,0,0.0,0,0,1,1.5903,1.1224,2.7127,,,,,,,,,,,,,,,,,66.82343078701287,1.7776,33,9,286,149,104,45,20.536044,0,ok,logs/seed_152800.log
359783,irt_only,GHEFT,0,0.0,0,0,1,1.5838,0.8935,2.4773,,,,,,,,,,,,,,,,,79.60936061326406,2.0759,32,10,273,146,98,48,20.824556,0,ok,logs/seed_359783.log
812871,irt_only,GHEFT,0,0.0,0,0,1,1.5449,1.0552,2.6001,,,,,,,,,,,,,,,,,72.3875462883263,1.6997,32,11,273,169,114,55,22.522778,0,ok,logs/seed_812871.log
502458,irt_only,GHEFT,0,0.0,0,0,1,1.5106,1.0232,2.5338,,,,,,,,,,,,,,,,,75.02294246288905,2.1906,37,9,292,148,95,53,21.884052,0,ok,logs/seed_502458.log
969372,irt_only,GHEFT,0,0.0,0,0,1,1.2865,1.0111,2.2976,,,,,,,,,,,,,,,,,81.7307435730337,2.2157,26,9,265,135,104,31,22.548464,0,ok,logs/seed_969372.log
488676,irt_only,GHEFT,0,0.0,0,0,1,1.592,0.7723,2.3643,,,,,,,,,,,,,,,,,68.10756627497062,1.8922,38,10,271,145,101,44,20.307595,0,ok,logs/seed_488676.log
109992,irt_only,GHEFT,0,0.0,0,0,1,1.6295,0.9175,2.547,,,,,,,,,,,,,,,,,76.48869975429974,2.4921,32,9,244,113,83,30,20.242701,0,ok,logs/seed_109992.log
461354,irt_only,GHEFT,0,0.0,0,0,1,1.3939,0.7487,2.1426,,,,,,,,,,,,,,,,,73.04742352941177,1.7031,42,11,292,155,102,53,19.451475,0,ok,logs/seed_461354.log
24818,irt_only,GHEFT,0,0.0,0,0,1,1.3963,0.8614,2.2577,,,,,,,,,,,,,,,,,71.62305914285716,2.0985,37,10,263,139,96,43,20.311374,0,ok,logs/seed_24818.log
105885,irt_only,GHEFT,0,0.0,0,0,1,1.4955,0.956,2.4515,,,,,,,,,,,,,,,,,68.30981289655172,2.0518,37,10,283,159,118,41,22.675105,0,ok,logs/seed_105885.log
165347,irt_only,GHEFT,0,0.0,0,0,1,1.17,0.7557,1.9257,,,,,,,,,,,,,,,,,104.89640897302506,2.4697,35,10,270,143,114,29,17.69967,0,ok,logs/seed_165347.log
780065,irt_only,GHEFT,0,0.0,0,0,1,1.5755,1.2068,2.7823,,,,,,,,,,,,,,,,,69.8687982972973,1.8241,32,10,294,112,78,34,21.904907,0,ok,logs/seed_780065.log
473614,irt_only,GHEFT,0,0.0,0,0,1,1.4307,1.0931,2.5238,,,,,,,,,,,,,,,,,92.54936864093072,2.8017,41,11,296,151,110,41,19.41395,0,ok,logs/seed_473614.log
69796,irt_only,GHEFT,0,0.0,0,0,1,1.2617,1.0242,2.2859,,,,,,,,,,,,,,,,,70.96388177736549,1.7585,33,9,290,139,92,47,19.91196,0,ok,logs/seed_69796.log
181597,irt_only,GHEFT,0,0.0,0,0,1,1.4792,0.8658,2.345,,,,,,,,,,,,,,,,,75.65008096253601,2.409,33,11,266,137,86,51,23.550361,0,ok,logs/seed_181597.log
55316,irt_only,GHEFT,0,0.0,0,0,1,1.4142,0.9037,2.3179,,,,,,,,,,,,,,,,,75.96089750850491,1.6761,40,11,293,157,112,45,19.889811,0,ok,logs/seed_55316.log
435633,irt_only,GHEFT,0,0.0,0,0,1,1.342,0.8672,2.2092,,,,,,,,,,,,,,,,,89.39298291316528,1.8949,36,11,280,147,105,42,21.12179,0,ok,logs/seed_435633.log
887668,irt_only,GHEFT,0,0.0,0,0,1,1.4175,0.7536,2.1711,,,,,,,,,,,,,,,,,87.68397956204382,2.3655,35,10,285,150,109,41,16.422472,0,ok,logs/seed_887668.log
933960,irt_only,GHEFT,0,0.0,0,0,1,1.4656,1.1167,2.5823,,,,,,,,,,,,,,,,,72.7081032303372,1.9227,32,10,266,123,88,35,21.503756,0,ok,logs/seed_933960.log
529550,irt_only,GHEFT,0,0.0,0,0,1,1.4501,0.8389,2.289,,,,,,,,,,,,,,,,,82.64239560407391,2.0474,40,11,308,162,104,58,18.032777,0,ok,logs/seed_529550.log
735489,irt_only,GHEFT,0,0.0,0,0,1,1.4362,1.0554,2.4916,,,,,,,,,,,,,,,,,91.3674964716806,3.0197,34,11,288,165,109,56,25.046591,0,ok,logs/seed_735489.log
802611,irt_only,GHEFT,0,0.0,0,0,1,1.3475,0.8076,2.1551,,,,,,,,,,,,,,,,,72.56588469934641,1.6698,33,9,278,138,88,50,18.331973,0,ok,logs/seed_802611.log
525482,irt_only,GHEFT,0,0.0,0,0,1,1.2929,1.0328,2.3257,,,,,,,,,,,,,,,,,74.33403090654207,1.8174,31,10,279,129,88,41,23.207162,0,ok,logs/seed_525482.log
523591,irt_only,GHEFT,0,0.0,0,0,1,1.3322,0.9012,2.2334,,,,,,,,,,,,,,,,,92.70109133126934,1.9226,36,9,298,169,113,56,22.266185,0,ok,logs/seed_523591.log
412993,irt_only,GHEFT,0,0.0,0,0,1,1.4072,0.8462,2.2534,,,,,,,,,,,,,,,,,75.5525782072636,2.219,38,11,274,167,118,49,23.420079,0,ok,logs/seed_412993.log
463614,irt_only,GHEFT,0,0.0,0,0,1,1.3283,1.0212,2.3495,,,,,,,,,,,,,,,,,111.62664809160306,2.3569,32,11,272,151,112,39,19.738595,0,ok,logs/seed_463614.log
637493,irt_only,GHEFT,0,0.0,0,0,1,1.513,1.0064,2.5194,,,,,,,,,,,,,,,,,74.56695760709012,2.0027,28,9,262,143,100,43,17.453908,0,ok,logs/seed_637493.log
990693,irt_only,GHEFT,0,0.0,0,0,1,1.3957,0.8969,2.2926,,,,,,,,,,,,,,,,,69.94500343671976,1.9076,34,10,270,138,93,45,21.628072,0,ok,logs/seed_990693.log
50605,irt_only,GHEFT,0,0.0,0,0,1,1.4403,0.8978,2.3381,,,,,,,,,,,,,,,,,64.62953976745312,1.4002,36,10,283,127,96,31,24.342592,0,ok,logs/seed_50605.log
198813,irt_only,GHEFT,0,0.0,0,0,1,1.646,1.07,2.716,,,,,,,,,,,,,,,,,110.34094264972775,2.7073,31,8,259,132,88,44,22.848528,0,ok,logs/seed_198813.log
385020,irt_only,GHEFT,0,0.0,0,0,1,1.3529,0.8587,2.2116,,,,,,,,,,,,,,,,,88.61739012131717,1.5758,36,10,286,150,93,57,21.695835,0,ok,logs/seed_385020.log
771793,irt_only,GHEFT,0,0.0,0,0,1,1.3183,0.8933,2.2116,,,,,,,,,,,,,,,,,78.8466,2.3589,43,11,295,161,107,54,20.804814,0,ok,logs/seed_771793.log
936864,irt_only,GHEFT,0,0.0,0,0,1,1.2724,0.7689,2.0413,,,,,,,,,,,,,,,,,69.24753985330072,2.1183,37,9,285,135,95,40,22.019891,0,ok,logs/seed_936864.log
966220,irt_only,GHEFT,0,0.0,0,0,1,1.4371,1.0228,2.4599,,,,,,,,,,,,,,,,,68.6538335044405,2.4906,24,8,233,111,80,31,12.263822,0,ok,logs/seed_966220.log
764069,irt_only,GHEFT,0,0.0,0,0,1,1.468,1.1439,2.6119,,,,,,,,,,,,,,,,,70.51062521212121,2.0536,35,11,276,150,98,52,22.684369,0,ok,logs/seed_764069.log
45162,irt_only,GHEFT,0,0.0,0,0,1,1.4543,1.1393,2.5936,,,,,,,,,,,,,,,,,75.49012063227953,1.5437,34,10,275,140,90,50,21.252746,0,ok,logs/seed_45162.log
386688,irt_only,GHEFT,0,0.0,0,0,1,1.3374,0.844,2.1814,,,,,,,,,,,,,,,,,93.3902800787954,2.3458,37,10,296,160,117,43,22.167251,0,ok,logs/seed_386688.log
911121,irt_only,GHEFT,0,0.0,0,0,1,1.5967,0.9787,2.5754,,,,,,,,,,,,,,,,,69.9546516414904,1.9634,32,9,291,133,96,37,17.057904,0,ok,logs/seed_911121.log
926403,irt_only,GHEFT,0,0.0,0,0,1,1.4649,0.9684,2.4333,,,,,,,,,,,,,,,,,78.18214077973464,2.1777,33,10,273,155,103,52,18.445205,0,ok,logs/seed_926403.log
452911,irt_only,GHEFT,0,0.0,0,0,1,1.5603,1.039,2.5993,,,,,,,,,,,,,,,,,105.63713282981143,2.8207,32,10,249,127,92,35,20.491429,0,ok,logs/seed_452911.log
810123,irt_only,GHEFT,0,0.0,0,0,1,1.4138,1.0927,2.5065,,,,,,,,,,,,,,,,,80.66349384492406,2.2247,36,11,294,160,99,61,24.344102,0,ok,logs/seed_810123.log
64740,irt_only,GHEFT,0,0.0,0,0,1,1.4964,1.0965,2.5929,,,,,,,,,,,,,,,,,80.69148149667795,2.4455,37,9,290,162,99,63,20.515684,0,ok,logs/seed_64740.log
937717,irt_only,GHEFT,0,0.0,0,0,1,1.5809,0.8809,2.4618,,,,,,,,,,,,,,,,,66.17921001287553,1.6477,30,9,278,145,91,54,18.322745,0,ok,logs/seed_937717.log
118891,irt_only,GHEFT,0,0.0,0,0,1,1.4433,0.8275,2.2708,,,,,,,,,,,,,,,,,92.77001314478441,2.1767,35,10,293,154,114,40,20.655048,0,ok,logs/seed_118891.log
553366,irt_only,GHEFT,0,0.0,0,0,1,1.5063,0.7679,2.2742,,,,,,,,,,,,,,,,,57.293402523240374,1.6487,34,10,280,140,100,40,20.760522,0,ok,logs/seed_553366.log
742414,irt_only,GHEFT,0,0.0,0,0,1,1.3156,1.0774,2.393,,,,,,,,,,,,,,,,,79.4556396226415,2.1005,35,10,278,152,101,51,19.834551,0,ok,logs/seed_742414.log
710013,irt_only,GHEFT,0,0.0,0,0,1,1.4487,0.9919,2.4406,,,,,,,,,,,,,,,,,86.27615485285286,2.0757,38,10,292,155,97,58,22.1784,0,ok,logs/seed_710013.log
759523,irt_only,GHEFT,0,0.0,0,0,1,1.4356,0.9632,2.3988,,,,,,,,,,,,,,,,,79.55534085660166,1.6285,35,10,287,130,88,42,25.361077,0,ok,logs/seed_759523.log
712622,irt_only,GHEFT,0,0.0,0,0,1,1.4777,0.9881,2.4658,,,,,,,,,,,,,,,,,109.7076134804992,2.6823,29,8,232,108,75,33,17.565364,0,ok,logs/seed_712622.log
427212,irt_only,GHEFT,0,0.0,0,0,1,1.4773,1.1269,2.6042,,,,,,,,,,,,,,,,,97.57060843585239,2.6876,33,11,298,164,98,66,22.752268,0,ok,logs/seed_427212.log
905211,irt_only,GHEFT,0,0.0,0,0,1,1.5216,0.8517,2.3733,,,,,,,,,,,,,,,,,76.0396291134402,1.5961,35,10,279,160,105,55,20.971638,0,ok,logs/seed_905211.log
489366,irt_only,GHEFT,0,0.0,0,0,1,1.5595,1.1903,2.7498,,,,,,,,,,,,,,,,,70.51621902268761,2.083,34,11,284,141,96,45,19.579817,0,ok,logs/seed_489366.log
253395,irt_only,GHEFT,0,0.0,0,0,1,1.5777,0.8392,2.4169,,,,,,,,,,,,,,,,,94.25111634170153,2.2696,33,11,295,170,112,58,20.132557,0,ok,logs/seed_253395.log
312505,irt_only,GHEFT,0,0.0,0,0,1,1.4384,0.9561,2.3945,,,,,,,,,,,,,,,,,70.9050224416517,1.6751,41,10,298,139,91,48,22.380153,0,ok,logs/seed_312505.log
545465,irt_only,GHEFT,0,0.0,0,0,1,1.5596,1.1116,2.6712,,,,,,,,,,,,,,,,,78.43811091035441,1.6623,34,10,283,154,99,55,20.015875,0,ok,logs/seed_545465.log
567819,irt_only,GHEFT,0,0.0,0,0,1,1.3897,0.8856,2.2753,,,,,,,,,,,,,,,,,79.34059649737303,2.7729,38,10,260,131,82,49,16.397082,0,ok,logs/seed_567819.log
924675,irt_only,GHEFT,0,0.0,0,0,1,1.2832,0.8542,2.1374,,,,,,,,,,,,,,,,,83.79965712244896,1.8922,37,10,291,147,95,52,22.562648,0,ok,logs/seed_924675.log
931173,irt_only,GHEFT,0,0.0,0,0,1,1.3796,0.9078,2.2874,,,,,,,,,,,,,,,,,80.68147947019868,1.4564,34,9,310,152,109,43,25.782418,0,ok,logs/seed_931173.log
279170,irt_only,GHEFT,0,0.0,0,0,1,1.3067,0.8208,2.1275,,,,,,,,,,,,,,,,,73.41856077876446,1.5771,32,10,279,137,90,47,18.207802,0,ok,logs/seed_279170.log
994520,irt_only,GHEFT,0,0.0,0,0,1,1.2062,0.7199,1.9261,,,,,,,,,,,,,,,,,76.73905966677427,1.7867,45,10,294,146,93,53,21.219782,0,ok,logs/seed_994520.log
145376,irt_only,GHEFT,0,0.0,0,0,1,1.5086,0.932,2.4406,,,,,,,,,,,,,,,,,66.43210400000001,1.598,35,11,293,150,97,53,22.696552,0,ok,logs/seed_145376.log
406364,irt_only,GHEFT,0,0.0,0,0,1,1.3105,0.924,2.2345,,,,,,,,,,,,,,,,,81.21078420268256,1.8725,32,9,264,136,94,42,18.695545,0,ok,logs/seed_406364.log
250377,irt_only,GHEFT,0,0.0,0,0,1,1.3995,0.9246,2.3241,,,,,,,,,,,,,,,,,76.27586616989569,2.4204,41,11,271,130,85,45,21.361949,0,ok,logs/seed_250377.log
446841,irt_only,GHEFT,0,0.0,0,0,1,1.2898,1.0633,2.3531,,,,,,,,,,,,,,,,,75.72963333948162,2.1043,39,9,289,164,104,60,22.622806,0,ok,logs/seed_446841.log
707398,irt_only,GHEFT,0,0.0,0,0,1,1.4165,0.9483,2.3648,,,,,,,,,,,,,,,,,75.44932826207976,1.8291,32,9,275,122,78,44,22.92066,0,ok,logs/seed_707398.log
343108,irt_only,GHEFT,0,0.0,0,0,1,1.3789,0.9096,2.2885,,,,,,,,,,,,,,,,,78.09744784838159,2.1585,32,9,264,136,89,47,21.305481,0,ok,logs/seed_343108.log
745842,irt_only,GHEFT,0,0.0,0,0,1,1.4185,1.129,2.5475,,,,,,,,,,,,,,,,,70.84778202097904,2.103,30,9,285,145,89,56,20.533221,0,ok,logs/seed_745842.log
664943,irt_only,GHEFT,0,0.0,0,0,1,1.4736,0.8876,2.3612,,,,,,,,,,,,,,,,,63.82591681109186,1.954,35,11,276,149,104,45,18.510151,0,ok,logs/seed_664943.log
679192,irt_only,GHEFT,0,0.0,0,0,1,1.5166,1.0381,2.5547,,,,,,,,,,,,,,,,,78.25883283803863,1.9776,38,10,256,122,83,39,20.265669,0,ok,logs/seed_679192.log
398887,irt_only,GHEFT,0,0.0,0,0,1,1.3339,0.8536,2.1875,,,,,,,,,,,,,,,,,77.4970109739369,1.9412,30,9,297,154,109,45,23.879707,0,ok,logs/seed_398887.log
830308,irt_only,GHEFT,0,0.0,0,0,1,1.4643,0.9494,2.4137,,,,,,,,,,,,,,,,,71.99921959264533,1.7063,33,10,275,142,105,37,18.981216,0,ok,logs/seed_830308.log
664904,irt_only,GHEFT,0,0.0,0,0,1,1.3427,0.922,2.2647,,,,,,,,,,,,,,,,,73.92883627710926,2.4101,31,10,253,133,87,46,19.254687,0,ok,logs/seed_664904.log
529590,irt_only,GHEFT,0,0.0,0,0,1,1.4812,1.2793,2.7605,,,,,,,,,,,,,,,,,89.52540655334343,2.1571,31,9,270,141,93,48,22.149677,0,ok,logs/seed_529590.log
897949,irt_only,GHEFT,0,0.0,0,0,1,1.4323,0.9129,2.3452,,,,,,,,,,,,,,,,,92.9018469991547,2.4357,35,9,266,144,97,47,19.023412,0,ok,logs/seed_897949.log
487896,irt_only,GHEFT,0,0.0,0,0,1,1.4921,0.9907,2.4828,,,,,,,,,,,,,,,,,111.55726356330524,2.486,38,11,282,155,115,40,21.307784,0,ok,logs/seed_487896.log
969832,irt_only,GHEFT,0,0.0,0,0,1,1.4228,0.7555,2.1783,,,,,,,,,,,,,,,,,68.09343979135619,2.1492,30,10,246,125,88,37,15.19366,0,ok,logs/seed_969832.log
774939,irt_only,GHEFT,0,0.0,0,0,1,1.5613,1.0762,2.6375,,,,,,,,,,,,,,,,,71.21035073082943,2.0385,31,10,269,123,81,42,21.899764,0,ok,logs/seed_774939.log
634733,irt_only,GHEFT,0,0.0,0,0,1,1.2266,0.8613,2.0879,,,,,,,,,,,,,,,,,84.89097732403431,1.8833,38,8,269,143,88,55,21.250883,0,ok,logs/seed_634733.log
172408,irt_only,GHEFT,0,0.0,0,0,1,1.2695,1.0263,2.2958,,,,,,,,,,,,,,,,,96.70232178988329,2.0956,32,9,293,142,97,45,20.72948,0,ok,logs/seed_172408.log
124353,irt_only,GHEFT,0,0.0,0,0,1,1.5909,1.1872,2.7781,,,,,,,,,,,,,,,,,83.08734767025089,2.3069,30,8,281,140,95,45,21.584508,0,ok,logs/seed_124353.log
704921,irt_only,GHEFT,0,0.0,0,0,1,1.5004,1.0029,2.5033,,,,,,,,,,,,,,,,,70.79433767664618,2.3025,32,10,294,162,121,41,23.189543,0,ok,logs/seed_704921.log
140623,irt_only,GHEFT,0,0.0,0,0,1,1.5695,0.8765,2.446,,,,,,,,,,,,,,,,,59.362235633970045,1.5001,31,8,266,118,78,40,16.762949,0,ok,logs/seed_140623.log
965901,irt_only,GHEFT,0,0.0,0,0,1,1.3255,1.0573,2.3828,,,,,,,,,,,,,,,,,89.8176189559214,2.4437,34,10,272,143,100,43,22.376539,0,ok,logs/seed_965901.log
678805,irt_only,GHEFT,0,0.0,0,0,1,1.6441,1.0316,2.6757,,,,,,,,,,,,,,,,,67.82861280457352,2.1382,33,11,299,152,109,43,25.898573,0,ok,logs/seed_678805.log
888860,irt_only,GHEFT,0,0.0,0,0,1,1.6519,0.9157,2.5676,,,,,,,,,,,,,,,,,71.7705676666667,1.6646,25,8,246,123,87,36,17.300699,0,ok,logs/seed_888860.log
193042,irt_only,GHEFT,0,0.0,0,0,1,1.501,1.2256,2.7266,,,,,,,,,,,,,,,,,80.72828743976228,2.098,32,8,284,144,92,52,21.404706,0,ok,logs/seed_193042.log
606306,irt_only,GHEFT,0,0.0,0,0,1,1.459,0.9942,2.4532,,,,,,,,,,,,,,,,,85.42325000000001,2.4145,33,10,265,150,95,55,20.470841,0,ok,logs/seed_606306.log
353318,irt_only,GHEFT,0,0.0,0,0,1,1.4673,0.8963,2.3636,,,,,,,,,,,,,,,,,67.28862501746725,1.6243,35,10,292,142,94,48,19.787553,0,ok,logs/seed_353318.log
397237,irt_only,GHEFT,0,0.0,0,0,1,1.5622,0.9122,2.4744,,,,,,,,,,,,,,,,,109.3400959276018,3.4638,30,10,267,136,96,40,16.642451,0,ok,logs/seed_397237.log
244510,irt_only,GHEFT,0,0.0,0,0,1,1.3153,0.9043,2.2196,,,,,,,,,,,,,,,,,77.47081449275363,1.804,31,9,289,132,83,49,21.509515,0,ok,logs/seed_244510.log
580072,irt_only,GHEFT,0,0.0,0,0,1,1.3054,0.7498,2.0552,,,,,,,,,,,,,,,,,66.97107653963168,2.0911,39,11,294,145,94,51,22.949452,0,ok,logs/seed_580072.log
839381,irt_only,GHEFT,0,0.0,0,0,1,1.4644,1.0558,2.5202,,,,,,,,,,,,,,,,,72.9333067023282,1.6965,33,10,290,130,89,41,23.794952,0,ok,logs/seed_839381.log
949213,irt_only,GHEFT,0,0.0,0,0,1,1.5917,0.9966,2.5883,,,,,,,,,,,,,,,,,78.05558106508876,1.9065,22,9,247,144,87,57,19.341856,0,ok,logs/seed_949213.log
956973,irt_only,GHEFT,0,0.0,0,0,1,1.3312,0.8459,2.1771,,,,,,,,,,,,,,,,,80.49519634883721,1.7156,32,9,272,142,86,56,16.543171,0,ok,logs/seed_956973.log
643831,irt_only,GHEFT,0,0.0,0,0,1,1.4377,0.8526,2.2903,,,,,,,,,,,,,,,,,104.93303052993166,2.5505,36,10,271,155,114,41,16.909706,0,ok,logs/seed_643831.log
602801,irt_only,GHEFT,0,0.0,0,0,1,1.3937,1.1115,2.5052,,,,,,,,,,,,,,,,,90.64932126782274,2.8735,28,10,252,136,94,42,16.577941,0,ok,logs/seed_602801.log
857566,irt_only,GHEFT,0,0.0,0,0,1,1.2907,0.7677,2.0584,,,,,,,,,,,,,,,,,70.66161045083014,1.9289,36,9,287,141,94,47,14.786552,0,ok,logs/seed_857566.log
857840,irt_only,GHEFT,0,0.0,0,0,1,1.4862,0.9458,2.432,,,,,,,,,,,,,,,,,72.54819099428244,2.0253,39,10,300,161,106,55,23.400784,0,ok,logs/seed_857840.log
788394,irt_only,GHEFT,0,0.0,0,0,1,1.314,1.0616,2.3756,,,,,,,,,,,,,,,,,90.05447652941174,2.5423,40,11,289,170,110,60,22.313767,0,ok,logs/seed_788394.log
956037,irt_only,GHEFT,0,0.0,0,0,1,1.4578,0.7982,2.256,,,,,,,,,,,,,,,,,68.65866560088241,1.7162,32,9,293,149,103,46,21.366415,0,ok,logs/seed_956037.log
352927,irt_only,GHEFT,0,0.0,0,0,1,1.5897,1.1046,2.6943,,,,,,,,,,,,,,,,,69.16741368634051,1.9123,29,9,274,138,92,46,18.795617,0,ok,logs/seed_352927.log
836556,irt_only,GHEFT,0,0.0,0,0,1,1.445,0.8477,2.2927,,,,,,,,,,,,,,,,,67.46219021183346,1.5523,37,10,321,153,98,55,22.814698,0,ok,logs/seed_836556.log
478809,irt_only,GHEFT,0,0.0,0,0,1,1.3638,0.8109,2.1747,,,,,,,,,,,,,,,,,76.3733654450262,2.2256,38,10,259,126,91,35,17.383583,0,ok,logs/seed_478809.log
321614,irt_only,GHEFT,0,0.0,0,0,1,1.2754,0.8133,2.0887,,,,,,,,,,,,,,,,,70.1594314347826,2.1982,32,12,264,143,99,44,16.395663,0,ok,logs/seed_321614.log
838657,irt_only,GHEFT,0,0.0,0,0,1,1.3852,1.0128,2.398,,,,,,,,,,,,,,,,,71.58130266619746,1.73,33,10,269,135,96,39,17.483083,0,ok,logs/seed_838657.log
833785,irt_only,GHEFT,0,0.0,0,0,1,1.1788,0.7081,1.8869,,,,,,,,,,,,,,,,,75.26634262295082,1.7593,36,10,291,150,113,37,20.25712,0,ok,logs/seed_833785.log
506833,irt_only,GHEFT,0,0.0,0,0,1,1.3169,0.7697,2.0866,,,,,,,,,,,,,,,,,84.7230111111111,1.7152,35,10,286,145,112,33,22.760395,0,ok,logs/seed_506833.log
108389,irt_only,GHEFT,0,0.0,0,0,1,1.5421,0.9608,2.5029,,,,,,,,,,,,,,,,,76.18146363636363,2.3599,30,9,267,129,90,39,16.56707,0,ok,logs/seed_108389.log
345871,irt_only,GHEFT,0,0.0,0,0,1,1.2049,0.9371,2.142,,,,,,,,,,,,,,,,,89.23587650722736,2.1283,35,10,300,169,112,57,27.475234,0,ok,logs/seed_345871.log
340242,irt_only,GHEFT,0,0.0,0,0,1,1.4343,0.8757,2.31,,,,,,,,,,,,,,,,,77.89491167678833,1.8003,35,9,284,145,105,40,22.738755,0,ok,logs/seed_340242.log
542308,irt_only,GHEFT,0,0.0,0,0,1,1.3763,0.9779,2.3542,,,,,,,,,,,,,,,,,76.21925732029483,1.8507,32,9,282,146,92,54,20.486046,0,ok,logs/seed_542308.log
203875,irt_only,GHEFT,0,0.0,0,0,1,1.3955,0.8572,2.2527,,,,,,,,,,,,,,,,,71.26574831130691,2.0626,41,10,276,134,95,39,14.816619,0,ok,logs/seed_203875.log
353268,irt_only,GHEFT,0,0.0,0,0,1,1.2828,0.9144,2.1972,,,,,,,,,,,,,,,,,70.76489374942061,1.8089,37,10,311,150,91,59,22.576431,0,ok,logs/seed_353268.log
467050,irt_only,GHEFT,0,0.0,0,0,1,1.4069,1.063,2.4699,,,,,,,,,,,,,,,,,92.89967483292574,2.4543,35,10,283,152,109,43,21.180165,0,ok,logs/seed_467050.log
652960,irt_only,GHEFT,0,0.0,0,0,1,1.3482,0.8521,2.2003,,,,,,,,,,,,,,,,,82.91146461232607,2.093,35,11,288,133,88,45,21.353998,0,ok,logs/seed_652960.log
97302,irt_only,GHEFT,0,0.0,0,0,1,1.2671,0.7569,2.024,,,,,,,,,,,,,,,,,60.63966174318031,1.4641,35,10,264,116,83,33,15.999349,0,ok,logs/seed_97302.log
976548,irt_only,GHEFT,0,0.0,0,0,1,1.5476,1.0288,2.5764,,,,,,,,,,,,,,,,,70.36367804918032,1.9729,31,9,253,108,80,28,14.73384,0,ok,logs/seed_976548.log
64317,irt_only,GHEFT,0,0.0,0,0,1,1.4404,0.8066,2.247,,,,,,,,,,,,,,,,,68.10427460510329,1.7174,38,10,260,131,93,38,17.405147,0,ok,logs/seed_64317.log
795969,irt_only,GHEFT,0,0.0,0,0,1,1.2828,0.7202,2.003,,,,,,,,,,,,,,,,,73.86455050180939,2.0174,38,10,300,158,106,52,19.624391,0,ok,logs/seed_795969.log
661815,irt_only,GHEFT,0,0.0,0,0,1,1.336,0.8546,2.1906,,,,,,,,,,,,,,,,,82.11626926759975,2.6006,35,9,275,145,106,39,20.578915,0,ok,logs/seed_661815.log
74484,irt_only,GHEFT,0,0.0,0,0,1,1.4098,0.8405,2.2503,,,,,,,,,,,,,,,,,76.45860056630826,1.442,42,11,293,162,101,61,19.548555,0,ok,logs/seed_74484.log
86122,irt_only,GHEFT,0,0.0,0,0,1,1.464,0.8981,2.3621,,,,,,,,,,,,,,,,,80.4227294993234,2.3735,37,9,293,132,86,46,22.423824,0,ok,logs/seed_86122.log
361076,irt_only,GHEFT,0,0.0,0,0,1,1.3246,0.8427,2.1673,,,,,,,,,,,,,,,,,68.71863295622894,1.8428,39,10,293,136,85,51,23.940386,0,ok,logs/seed_361076.log
577910,irt_only,GHEFT,0,0.0,0,0,1,1.5308,1.0096,2.5404,,,,,,,,,,,,,,,,,86.69499706897754,3.2352,32,9,247,111,78,33,19.487921,0,ok,logs/seed_577910.log
353010,irt_only,GHEFT,0,0.0,0,0,1,1.4708,0.7834,2.2542,,,,,,,,,,,,,,,,,69.07395555555556,2.1319,33,10,264,139,95,44,17.24183,0,ok,logs/seed_353010.log
970637,irt_only,GHEFT,0,0.0,0,0,1,1.348,0.7633,2.1113,,,,,,,,,,,,,,,,,71.66038587096774,2.0905,36,8,307,148,105,43,16.923089,0,ok,logs/seed_970637.log
595007,irt_only,GHEFT,0,0.0,0,0,1,1.3172,0.7569,2.0741,,,,,,,,,,,,,,,,,67.99661465239994,1.6779,29,8,255,125,92,33,15.585823,0,ok,logs/seed_595007.log
657766,irt_only,GHEFT,0,0.0,0,0,1,1.3957,1.0305,2.4262,,,,,,,,,,,,,,,,,77.6491378548896,1.6864,38,10,284,116,82,34,9.512947,0,ok,logs/seed_657766.log
496172,irt_only,GHEFT,0,0.0,0,0,1,1.4776,1.1234,2.601,,,,,,,,,,,,,,,,,73.76121403508772,1.9996,38,10,299,134,94,40,9.503902,0,ok,logs/seed_496172.log
199762,irt_only,GHEFT,0,0.0,0,0,1,1.4226,1.1463,2.5689,,,,,,,,,,,,,,,,,85.11530237136569,2.0876,33,10,285,154,96,58,8.304032,0,ok,logs/seed_199762.log
870033,irt_only,GHEFT,0,0.0,0,0,1,1.3262,0.687,2.0132,,,,,,,,,,,,,,,,,80.38509548872183,1.7834,34,8,288,138,100,38,7.162581,0,ok,logs/seed_870033.log
805412,irt_only,GHEFT,0,0.0,0,0,1,1.4257,0.8607,2.2864,,,,,,,,,,,,,,,,,70.4805238713033,1.4387,52,13,304,143,98,45,10.437969,0,ok,logs/seed_805412.log
114785,irt_only,GHEFT,0,0.0,0,0,1,1.4745,1.036,2.5105,,,,,,,,,,,,,,,,,96.7090213753394,2.6201,27,8,275,111,79,32,7.347061,0,ok,logs/seed_114785.log
410342,irt_only,GHEFT,0,0.0,0,0,1,1.5857,0.9973,2.583,,,,,,,,,,,,,,,,,73.55116555505278,1.921,34,10,270,145,114,31,8.739185,0,ok,logs/seed_410342.log
880653,irt_only,GHEFT,0,0.0,0,0,1,1.4681,0.9342,2.4023,,,,,,,,,,,,,,,,,82.8837507005988,1.935,30,8,277,130,89,41,8.673748,0,ok,logs/seed_880653.log
135819,irt_only,GHEFT,0,0.0,0,0,1,1.4185,0.9632,2.3817,,,,,,,,,,,,,,,,,71.64422235131279,2.0084,32,9,289,147,95,52,9.414455,0,ok,logs/seed_135819.log
751830,irt_only,GHEFT,0,0.0,0,0,1,1.3739,0.9361,2.31,,,,,,,,,,,,,,,,,65.99495002652422,1.5668,28,10,258,136,99,37,9.044775,0,ok,logs/seed_751830.log
589417,irt_only,GHEFT,0,0.0,0,0,1,1.6369,1.0535,2.6904,,,,,,,,,,,,,,,,,77.9330456991404,1.9435,39,11,278,142,100,42,9.953132,0,ok,logs/seed_589417.log
325641,irt_only,GHEFT,0,0.0,0,0,1,1.4447,0.8004,2.2451,,,,,,,,,,,,,,,,,101.41295265125495,2.4008,45,10,302,167,115,52,8.781845,0,ok,logs/seed_325641.log
386458,irt_only,GHEFT,0,0.0,0,0,1,1.5542,1.0415,2.5957,,,,,,,,,,,,,,,,,78.2406594548552,2.0016,37,9,278,135,87,48,7.822815,0,ok,logs/seed_386458.log
635890,irt_only,GHEFT,0,0.0,0,0,1,1.3206,0.9317,2.2523,,,,,,,,,,,,,,,,,72.95653148741742,2.2845,38,10,291,137,93,44,7.000518,0,ok,logs/seed_635890.log
321530,irt_only,GHEFT,0,0.0,0,0,1,1.4269,1.0248,2.4517,,,,,,,,,,,,,,,,,73.86183224054983,2.0267,36,11,276,131,89,42,7.419654,0,ok,logs/seed_321530.log
831017,irt_only,GHEFT,0,0.0,0,0,1,1.4017,1.0008,2.4025,,,,,,,,,,,,,,,,,68.94818203266787,2.1441,39,12,273,142,88,54,7.151595,0,ok,logs/seed_831017.log
656820,irt_only,GHEFT,0,0.0,0,0,1,1.4572,0.8875,2.3447,,,,,,,,,,,,,,,,,96.91513885152058,2.4568,40,12,293,151,102,49,22.188367,0,ok,logs/seed_656820.log
52829,irt_only,GHEFT,0,0.0,0,0,1,1.2272,0.7417,1.9689,,,,,,,,,,,,,,,,,80.36839607008085,2.2858,38,10,285,147,95,52,19.841491,0,ok,logs/seed_52829.log
121524,irt_only,GHEFT,0,0.0,0,0,1,1.5033,0.8584,2.3617,,,,,,,,,,,,,,,,,79.96961802073565,2.017,44,11,301,142,100,42,24.256736,0,ok,logs/seed_121524.log
237123,irt_only,GHEFT,0,0.0,0,0,1,1.5148,1.1127,2.6275,,,,,,,,,,,,,,,,,87.76478294945848,2.8856,34,10,267,162,96,66,17.32934,0,ok,logs/seed_237123.log
669751,irt_only,GHEFT,0,0.0,0,0,1,1.3604,0.8754,2.2358,,,,,,,,,,,,,,,,,66.072601,1.9263,34,8,299,156,103,53,21.320651,0,ok,logs/seed_669751.log
113454,irt_only,GHEFT,0,0.0,0,0,1,1.4119,0.871,2.2829,,,,,,,,,,,,,,,,,70.17720000000001,1.7628,38,10,272,118,84,34,21.758382,0,ok,logs/seed_113454.log
438348,irt_only,GHEFT,0,0.0,0,0,1,1.4893,1.2639,2.7532,,,,,,,,,,,,,,,,,83.30990022373805,2.4156,31,10,268,131,93,38,21.413629,0,ok,logs/seed_438348.log
899876,irt_only,GHEFT,0,0.0,0,0,1,1.3361,0.7954,2.1315,,,,,,,,,,,,,,,,,97.59221726384366,2.2366,38,10,291,156,113,43,18.626975,0,ok,logs/seed_899876.log
450238,irt_only,GHEFT,0,0.0,0,0,1,1.3298,0.9006,2.2304,,,,,,,,,,,,,,,,,100.17140709219859,2.7078,31,9,279,136,87,49,23.019434,0,ok,logs/seed_450238.log
652597,irt_only,GHEFT,0,0.0,0,0,1,1.5089,1.2546,2.7635,,,,,,,,,,,,,,,,,71.90585633980584,1.9293,33,10,293,146,93,53,19.7116,0,ok,logs/seed_652597.log
54061,irt_only,GHEFT,0,0.0,0,0,1,1.6286,0.8896,2.5182,,,,,,,,,,,,,,,,,62.95524845698622,1.7094,30,8,285,155,96,59,19.543337,0,ok,logs/seed_54061.log
254848,irt_only,GHEFT,0,0.0,0,0,1,1.5111,0.8723,2.3834,,,,,,,,,,,,,,,,,98.158650289685,2.504,33,10,259,145,110,35,18.546288,0,ok,logs/seed_254848.log
1391,irt_only,GHEFT,0,0.0,0,0,1,1.3882,0.9683,2.3565,,,,,,,,,,,,,,,,,73.32089125300675,2.3184,34,9,291,135,91,44,19.262162,0,ok,logs/seed_1391.log
978211,irt_only,GHEFT,0,0.0,0,0,1,1.432,0.8179,2.2499,,,,,,,,,,,,,,,,,78.57850545193689,1.9715,44,10,286,141,92,49,21.800075,0,ok,logs/seed_978211.log
687522,irt_only,GHEFT,0,0.0,0,0,1,1.4059,0.9309,2.3368,,,,,,,,,,,,,,,,,76.87668821072175,2.0569,38,11,286,149,97,52,13.024137,0,ok,logs/seed_687522.log
642133,irt_only,GHEFT,0,0.0,0,0,1,1.4583,0.958,2.4163,,,,,,,,,,,,,,,,,68.25959772727273,1.9445,38,10,292,155,111,44,25.458461,0,ok,logs/seed_642133.log
214700,irt_only,GHEFT,0,0.0,0,0,1,1.2243,0.9584,2.1827,,,,,,,,,,,,,,,,,78.60430938323354,1.672,27,8,259,121,95,26,19.120213,0,ok,logs/seed_214700.log
888370,irt_only,GHEFT,0,0.0,0,0,1,1.4079,0.8649,2.2728,,,,,,,,,,,,,,,,,73.08857596017072,1.9074,33,10,284,150,98,52,20.613949,0,ok,logs/seed_888370.log
483636,irt_only,GHEFT,0,0.0,0,0,1,1.2621,0.701,1.9631,,,,,,,,,,,,,,,,,75.27919154929579,2.0268,39,11,277,148,104,44,19.75181,0,ok,logs/seed_483636.log
678341,irt_only,GHEFT,0,0.0,0,0,1,1.4174,0.7297,2.1471,,,,,,,,,,,,,,,,,66.21504884254354,1.549,40,9,298,145,102,43,19.986705,0,ok,logs/seed_678341.log
53458,irt_only,GHEFT,0,0.0,0,0,1,1.3102,1.0351,2.3453,,,,,,,,,,,,,,,,,74.55819634500874,1.9776,33,8,265,137,96,41,18.406667,0,ok,logs/seed_53458.log
235293,irt_only,GHEFT,0,0.0,0,0,1,1.5576,0.9792,2.5368,,,,,,,,,,,,,,,,,63.346405685960356,1.6419,28,8,273,137,92,45,14.998904,0,ok,logs/seed_235293.log
652153,irt_only,GHEFT,0,0.0,0,0,1,1.5762,1.0041,2.5803,,,,,,,,,,,,,,,,,80.8988880232945,1.8943,31,10,295,156,105,51,20.138673,0,ok,logs/seed_652153.log
265987,irt_only,GHEFT,0,0.0,0,0,1,1.3817,1.0518,2.4335,,,,,,,,,,,,,,,,,95.5779066074766,2.9986,50,12,316,164,104,60,24.185948,0,ok,logs/seed_265987.log
876344,irt_only,GHEFT,0,0.0,0,0,1,1.345,0.9958,2.3408,,,,,,,,,,,,,,,,,92.08783399040611,2.3547,33,9,285,160,106,54,20.81254,0,ok,logs/seed_876344.log
641296,irt_only,GHEFT,0,0.0,0,0,1,1.4518,1.0167,2.4685,,,,,,,,,,,,,,,,,90.59864246100518,2.1932,32,10,265,141,95,46,17.636097,0,ok,logs/seed_641296.log
595834,irt_only,GHEFT,0,0.0,0,0,1,1.4795,0.7482,2.2277,,,,,,,,,,,,,,,,,67.93848292118889,1.6349,42,9,299,154,112,42,17.874484,0,ok,logs/seed_595834.log
738391,irt_only,GHEFT,0,0.0,0,0,1,1.4946,0.9134,2.408,,,,,,,,,,,,,,,,,84.86306670588233,1.899,30,9,272,148,95,53,18.717513,0,ok,logs/seed_738391.log
928512,irt_only,GHEFT,0,0.0,0,0,1,1.4136,0.828,2.2416,,,,,,,,,,,,,,,,,77.75549805766063,1.8235,36,10,297,141,95,46,25.908897,0,ok,logs/seed_928512.log
181217,irt_only,GHEFT,0,0.0,0,0,1,1.3455,0.9651,2.3106,,,,,,,,,,,,,,,,,80.8519237685692,1.8585,28,9,270,136,100,36,16.45447,0,ok,logs/seed_181217.log
93772,irt_only,GHEFT,0,0.0,0,0,1,1.3233,1.1915,2.5148,,,,,,,,,,,,,,,,,91.0906007448147,1.8499,30,8,282,121,86,35,25.483482,0,ok,logs/seed_93772.log
348523,irt_only,GHEFT,0,0.0,0,0,1,1.2429,0.8842,2.1271,,,,,,,,,,,,,,,,,112.86950835117055,2.5792,32,9,266,147,109,38,20.89329,0,ok,logs/seed_348523.log
466445,irt_only,GHEFT,0,0.0,0,0,1,1.4777,1.0923,2.57,,,,,,,,,,,,,,,,,91.7704403164411,2.5524,35,10,302,179,120,59,23.627428,0,ok,logs/seed_466445.log
520238,irt_only,GHEFT,0,0.0,0,0,1,1.4518,1.0849,2.5367,,,,,,,,,,,,,,,,,90.27574559448198,2.2055,32,10,247,113,78,35,19.695778,0,ok,logs/seed_520238.log
512606,irt_only,GHEFT,0,0.0,0,0,1,1.6133,0.9569,2.5702,,,,,,,,,,,,,,,,,68.74558441814597,1.7386,33,10,275,122,83,39,16.976025,0,ok,logs/seed_512606.log
732043,irt_only,GHEFT,0,0.0,0,0,1,1.5759,0.9533,2.5292,,,,,,,,,,,,,,,,,77.6483511289199,2.4241,30,11,273,152,101,51,19.836818,0,ok,logs/seed_732043.log
912078,irt_only,GHEFT,0,0.0,0,0,1,1.346,0.9799,2.3259,,,,,,,,,,,,,,,,,74.68307407407407,2.1539,37,8,281,136,100,36,19.133425,0,ok,logs/seed_912078.log
770623,irt_only,GHEFT,0,0.0,0,0,1,1.5217,0.9843,2.506,,,,,,,,,,,,,,,,,92.08692917449665,2.2887,34,10,275,150,102,48,20.380558,0,ok,logs/seed_770623.log
274449,irt_only,GHEFT,0,0.0,0,0,1,1.3909,0.8311,2.222,,,,,,,,,,,,,,,,,69.77986032880628,1.9189,37,11,282,120,78,42,16.593279,0,ok,logs/seed_274449.log
657848,irt_only,GHEFT,0,0.0,0,0,1,1.3725,0.8492,2.2217,,,,,,,,,,,,,,,,,73.18235865349142,2.0757,40,11,280,136,98,38,19.237909,0,ok,logs/seed_657848.log
807691,irt_only,GHEFT,0,0.0,0,0,1,1.4659,1.2113,2.6772,,,,,,,,,,,,,,,,,85.41748444824483,2.0446,35,10,277,159,101,58,18.16607,0,ok,logs/seed_807691.log
351419,irt_only,GHEFT,0,0.0,0,0,1,1.4674,1.0014,2.4688,,,,,,,,,,,,,,,,,70.3211028027734,1.9046,34,9,279,132,95,37,19.525327,0,ok,logs/seed_351419.log
726609,irt_only,GHEFT,0,0.0,0,0,1,1.555,0.9628,2.5178,,,,,,,,,,,,,,,,,101.67745174927728,2.6216,30,10,256,133,92,41,19.991926,0,ok,logs/seed_726609.log
560070,irt_only,GHEFT,0,0.0,0,0,1,1.4803,1.0884,2.5687,,,,,,,,,,,,,,,,,85.06674856664355,2.0446,31,10,275,149,101,48,21.50519,0,ok,logs/seed_560070.log
342707,irt_only,GHEFT,0,0.0,0,0,1,1.4439,0.8345,2.2784,,,,,,,,,,,,,,,,,83.16574809348096,1.8847,33,8,276,136,88,48,23.097123,0,ok,logs/seed_342707.log
56666,irt_only,GHEFT,0,0.0,0,0,1,1.4553,1.0516,2.5069,,,,,,,,,,,,,,,,,72.47761633371005,2.0661,30,9,274,145,88,57,18.090769,0,ok,logs/seed_56666.log
285209,irt_only,GHEFT,0,0.0,0,0,1,1.5136,0.966,2.4796,,,,,,,,,,,,,,,,,113.40172082908504,2.9658,29,10,248,148,106,42,18.635176,0,ok,logs/seed_285209.log
886960,irt_only,GHEFT,0,0.0,0,0,1,1.3285,0.738,2.0665,,,,,,,,,,,,,,,,,67.70850712244899,1.7261,37,11,302,168,115,53,23.131248,0,ok,logs/seed_886960.log
621730,irt_only,GHEFT,0,0.0,0,0,1,1.3847,1.1237,2.5084,,,,,,,,,,,,,,,,,77.49807136893365,2.2097,31,9,285,141,93,48,15.761078,0,ok,logs/seed_621730.log
904473,irt_only,GHEFT,0,0.0,0,0,1,1.577,0.953,2.53,,,,,,,,,,,,,,,,,66.49319992073306,1.3591,38,10,301,138,103,35,19.562356,0,ok,logs/seed_904473.log
653339,irt_only,GHEFT,0,0.0,0,0,1,1.3527,0.9514,2.3041,,,,,,,,,,,,,,,,,74.49012956456521,1.9661,33,12,272,167,115,52,13.953065,0,ok,logs/seed_653339.log
168058,irt_only,GHEFT,0,0.0,0,0,1,1.5903,0.7393,2.3296,,,,,,,,,,,,,,,,,64.73450276616893,1.9471,43,10,290,153,104,49,21.230461,0,ok,logs/seed_168058.log
442021,irt_only,GHEFT,0,0.0,0,0,1,1.4688,0.8007,2.2695,,,,,,,,,,,,,,,,,67.4156417281645,1.6646,38,10,312,143,98,45,21.14201,0,ok,logs/seed_442021.log
583293,irt_only,GHEFT,0,0.0,0,0,1,1.6688,0.9728,2.6416,,,,,,,,,,,,,,,,,83.01573433333336,2.2364,38,9,308,158,106,52,19.023447,0,ok,logs/seed_583293.log
889618,irt_only,GHEFT,0,0.0,0,0,1,1.2933,0.7842,2.0775,,,,,,,,,,,,,,,,,63.895428587075585,1.5645,30,10,274,127,86,41,20.846868,0,ok,logs/seed_889618.log
366067,irt_only,GHEFT,0,0.0,0,0,1,1.2632,0.7625,2.0257,,,,,,,,,,,,,,,,,82.79217820738138,1.967,34,8,281,139,94,45,17.437384,0,ok,logs/seed_366067.log
814962,irt_only,GHEFT,0,0.0,0,0,1,1.4735,0.8418,2.3153,,,,,,,,,,,,,,,,,81.37754091691048,2.3345,34,10,289,129,94,35,19.465934,0,ok,logs/seed_814962.log
272538,irt_only,GHEFT,0,0.0,0,0,1,1.372,0.8784,2.2504,,,,,,,,,,,,,,,,,73.43810571870169,1.9365,35,10,285,135,91,44,17.809637,0,ok,logs/seed_272538.log
997364,irt_only,GHEFT,0,0.0,0,0,1,1.5434,0.9139,2.4573,,,,,,,,,,,,,,,,,70.85823803230542,2.0348,43,11,320,153,98,55,20.232507,0,ok,logs/seed_997364.log
829067,irt_only,GHEFT,0,0.0,0,0,1,1.5139,0.9023,2.4162,,,,,,,,,,,,,,,,,68.59217444639376,1.8016,45,13,306,168,105,63,24.128917,0,ok,logs/seed_829067.log
823366,irt_only,GHEFT,0,0.0,0,0,1,1.4038,0.9326,2.3364,,,,,,,,,,,,,,,,,84.80675370876673,2.6181,35,11,290,174,107,67,17.912421,0,ok,logs/seed_823366.log
492603,irt_only,GHEFT,0,0.0,0,0,1,1.4673,0.9314,2.3987,,,,,,,,,,,,,,,,,77.8257892086331,1.9632,38,10,276,160,103,57,17.605644,0,ok,logs/seed_492603.log
767656,irt_only,GHEFT,0,0.0,0,0,1,1.4,0.8511,2.2511,,,,,,,,,,,,,,,,,75.73938221630114,2.0153,37,10,295,146,100,46,20.09943,0,ok,logs/seed_767656.log
729327,irt_only,GHEFT,0,0.0,0,0,1,1.5764,0.8939,2.4703,,,,,,,,,,,,,,,,,72.64307516778524,1.7679,34,9,291,132,90,42,17.278111,0,ok,logs/seed_729327.log
666140,irt_only,GHEFT,0,0.0,0,0,1,1.5884,1.0057,2.5941,,,,,,,,,,,,,,,,,68.76520759493671,1.9393,39,10,310,165,105,60,15.317972,0,ok,logs/seed_666140.log
931213,irt_only,GHEFT,0,0.0,0,0,1,1.5348,1.1899,2.7247,,,,,,,,,,,,,,,,,80.67837361299658,1.7585,34,9,280,151,95,56,12.081593,0,ok,logs/seed_931213.log
479086,irt_only,GHEFT,0,0.0,0,0,1,1.4645,0.8867,2.3512,,,,,,,,,,,,,,,,,84.99037433628317,3.3128,33,10,262,158,110,48,9.015874,0,ok,logs/seed_479086.log
648286,irt_only,GHEFT,0,0.0,0,0,1,1.4338,0.9732,2.407,,,,,,,,,,,,,,,,,100.48691038575667,2.1171,35,11,258,132,92,40,10.230136,0,ok,logs/seed_648286.log
578832,irt_only,GHEFT,0,0.0,0,0,1,1.4402,0.9121,2.3523,,,,,,,,,,,,,,,,,77.50424999999998,1.8729,42,12,303,171,116,55,9.902353,0,ok,logs/seed_578832.log
781836,irt_only,GHEFT,0,0.0,0,0,1,1.4359,1.1133,2.5492,,,,,,,,,,,,,,,,,91.77180445205201,2.867,31,10,240,131,92,39,8.12587,0,ok,logs/seed_781836.log
659171,irt_only,GHEFT,0,0.0,0,0,1,1.4643,0.7745,2.2388,,,,,,,,,,,,,,,,,61.9280094516129,1.9688,39,12,284,124,77,47,9.653385,0,ok,logs/seed_659171.log
667338,irt_only,GHEFT,0,0.0,0,0,1,1.4569,0.7625,2.2194,,,,,,,,,,,,,,,,,63.28985116279068,1.9134,35,8,286,124,83,41,10.010324,0,ok,logs/seed_667338.log
967649,irt_only,GHEFT,0,0.0,0,0,1,1.5774,0.9544,2.5318,,,,,,,,,,,,,,,,,71.80360509956077,2.469,30,9,262,162,102,60,9.805343,0,ok,logs/seed_967649.log
413495,irt_only,GHEFT,0,0.0,0,0,1,1.4069,0.8238,2.2307,,,,,,,,,,,,,,,,,75.152728854314,1.6906,38,10,320,175,102,73,10.099498,0,ok,logs/seed_413495.log
46799,irt_only,GHEFT,0,0.0,0,0,1,1.448,0.9255,2.3735,,,,,,,,,,,,,,,,,81.49390523168908,1.6324,41,11,321,178,128,50,11.495557,0,ok,logs/seed_46799.log
213320,irt_only,GHEFT,0,0.0,0,0,1,1.5184,0.7478,2.2662,,,,,,,,,,,,,,,,,71.26479424460432,1.8581,32,11,268,143,99,44,9.137555,0,ok,logs/seed_213320.log
84966,irt_only,GHEFT,0,0.0,0,0,1,1.5871,1.1204,2.7075,,,,,,,,,,,,,,,,,73.80987184126984,2.6929,27,10,265,143,101,42,7.893587,0,ok,logs/seed_84966.log
372841,irt_only,GHEFT,0,0.0,0,0,1,1.3994,0.7456,2.145,,,,,,,,,,,,,,,,,62.44576570518253,1.8142,39,10,285,147,101,46,10.74142,0,ok,logs/seed_372841.log
491732,irt_only,GHEFT,0,0.0,0,0,1,1.5534,0.9982,2.5516,,,,,,,,,,,,,,,,,68.61816305944173,2.0922,35,10,279,142,104,38,8.749876,0,ok,logs/seed_491732.log
770980,irt_only,GHEFT,0,0.0,0,0,1,1.4904,0.943,2.4334,,,,,,,,,,,,,,,,,73.22754823520452,2.2039,29,9,264,137,103,34,6.692421,0,ok,logs/seed_770980.log
811224,irt_only,GHEFT,0,0.0,0,0,1,1.3603,1.0262,2.3865,,,,,,,,,,,,,,,,,74.15367770065124,1.8407,33,10,300,124,80,44,7.990665,0,ok,logs/seed_811224.log
498974,irt_only,GHEFT,0,0.0,0,0,1,1.4079,0.9437,2.3516,,,,,,,,,,,,,,,,,80.26704015796574,1.8989,31,9,298,149,95,54,22.68618,0,ok,logs/seed_498974.log
200046,irt_only,GHEFT,0,0.0,0,0,1,1.6225,0.9933,2.6158,,,,,,,,,,,,,,,,,72.07833437720859,2.2132,27,8,274,158,107,51,19.503163,0,ok,logs/seed_200046.log
326276,irt_only,GHEFT,0,0.0,0,0,1,1.6063,0.9578,2.5641,,,,,,,,,,,,,,,,,76.42736965671641,2.1285,40,9,294,132,86,46,22.952123,0,ok,logs/seed_326276.log
640113,irt_only,GHEFT,0,0.0,0,0,1,1.3601,0.9552,2.3153,,,,,,,,,,,,,,,,,76.40535575326217,1.9288,43,12,300,149,104,45,21.003981,0,ok,logs/seed_640113.log
695200,irt_only,GHEFT,0,0.0,0,0,1,1.3362,0.8882,2.2244,,,,,,,,,,,,,,,,,82.70409203539823,1.7679,33,10,277,139,89,50,19.923861,0,ok,logs/seed_695200.log
774075,irt_only,GHEFT,0,0.0,0,0,1,1.5234,1.211,2.7344,,,,,,,,,,,,,,,,,87.29030741516246,2.5991,34,10,268,156,105,51,16.299687,0,ok,logs/seed_774075.log
389892,irt_only,GHEFT,0,0.0,0,0,1,1.4493,0.7965,2.2458,,,,,,,,,,,,,,,,,67.4320821752266,1.562,44,12,307,143,97,46,22.180368,0,ok,logs/seed_389892.log
955718,irt_only,GHEFT,0,0.0,0,0,1,1.6108,1.152,2.7628,,,,,,,,,,,,,,,,,75.51111992337164,1.8853,35,9,285,129,78,51,21.283061,0,ok,logs/seed_955718.log
522004,irt_only,GHEFT,0,0.0,0,0,1,1.5959,0.8005,2.3964,,,,,,,,,,,,,,,,,71.77958417350527,1.7966,37,11,280,149,99,50,20.812137,0,ok,logs/seed_522004.log
385731,irt_only,GHEFT,0,0.0,0,0,1,1.4914,0.7962,2.2876,,,,,,,,,,,,,,,,,68.19425621799746,2.0816,38,10,293,116,78,38,15.235788,0,ok,logs/seed_385731.log
726289,irt_only,GHEFT,0,0.0,0,0,1,1.4619,0.898,2.3599,,,,,,,,,,,,,,,,,74.02357757437963,2.152,33,10,284,154,103,51,22.471489,0,ok,logs/seed_726289.log
840325,irt_only,GHEFT,0,0.0,0,0,1,1.3554,0.9238,2.2792,,,,,,,,,,,,,,,,,79.71570696864111,1.6886,35,10,276,143,102,41,20.588013,0,ok,logs/seed_840325.log
754746,irt_only,GHEFT,0,0.0,0,0,1,1.3414,0.821,2.1624,,,,,,,,,,,,,,,,,72.26360869565218,2.2818,30,11,264,127,92,35,18.234423,0,ok,logs/seed_754746.log
717000,irt_only,GHEFT,0,0.0,0,0,1,1.4112,0.7778,2.189,,,,,,,,,,,,,,,,,76.55408768472905,1.3791,33,10,286,157,115,42,18.781138,0,ok,logs/seed_717000.log
70922,irt_only,GHEFT,0,0.0,0,0,1,1.362,0.9306,2.2926,,,,,,,,,,,,,,,,,70.74094109802165,1.486,39,10,297,162,109,53,15.678227,0,ok,logs/seed_70922.log
108172,irt_only,GHEFT,0,0.0,0,0,1,1.4574,0.9774,2.4348,,,,,,,,,,,,,,,,,75.50850486740332,1.9041,34,10,275,125,83,42,16.522167,0,ok,logs/seed_108172.log
486905,irt_only,GHEFT,0,0.0,0,0,1,1.3768,1.0166,2.3934,,,,,,,,,,,,,,,,,83.02548925847235,1.465,33,9,271,124,84,40,13.080765,0,ok,logs/seed_486905.log
268061,irt_only,GHEFT,0,0.0,0,0,1,1.2595,0.625,1.8845,,,,,,,,,,,,,,,,,86.24146354681649,1.7727,34,11,259,125,96,29,12.524022,0,ok,logs/seed_268061.log
692334,irt_only,GHEFT,0,0.0,0,0,1,1.4583,0.882,2.3403,,,,,,,,,,,,,,,,,75.82606843267106,1.5341,33,9,297,131,91,40,15.631846,0,ok,logs/seed_692334.log
719918,irt_only,GHEFT,0,0.0,0,0,1,1.6347,1.1671,2.8018,,,,,,,,,,,,,,,,,71.06880100000001,1.969,34,11,273,153,99,54,11.765964,0,ok,logs/seed_719918.log
946535,irt_only,GHEFT,0,0.0,0,0,1,1.4705,1.0035,2.474,,,,,,,,,,,,,,,,,72.10373559385872,1.899,35,9,280,137,89,48,13.142185,0,ok,logs/seed_946535.log
453449,irt_only,GHEFT,0,0.0,0,0,1,1.5542,1.1832,2.7374,,,,,,,,,,,,,,,,,77.15753148571197,2.2851,41,11,304,177,111,66,17.843114,0,ok,logs/seed_453449.log
623966,irt_only,GHEFT,0,0.0,0,0,1,1.4539,1.0258,2.4797,,,,,,,,,,,,,,,,,97.46421818181821,2.8709,30,9,265,149,103,46,14.878849,0,ok,logs/seed_623966.log
185535,irt_only,GHEFT,0,0.0,0,0,1,1.4306,0.9578,2.3884,,,,,,,,,,,,,,,,,83.62872503697997,1.5632,36,10,278,151,113,38,13.112073,0,ok,logs/seed_185535.log
482729,irt_only,GHEFT,0,0.0,0,0,1,1.4247,0.9762,2.4009,,,,,,,,,,,,,,,,,87.8446988213962,2.4397,33,9,297,163,107,56,12.283816,0,ok,logs/seed_482729.log
2208,irt_only,GHEFT,0,0.0,0,0,1,1.379,0.7506,2.1296,,,,,,,,,,,,,,,,,74.16868831999774,1.8128,36,10,291,147,96,51,14.818133,0,ok,logs/seed_2208.log
226101,irt_only,GHEFT,0,0.0,0,0,1,1.4858,1.0134,2.4992,,,,,,,,,,,,,,,,,74.26236273633442,2.1443,38,12,306,146,101,45,16.736361,0,ok,logs/seed_226101.log
750848,irt_only,GHEFT,0,0.0,0,0,1,1.2978,0.7062,2.004,,,,,,,,,,,,,,,,,67.5831137044968,1.7688,39,9,303,145,105,40,13.840485,0,ok,logs/seed_750848.log
430115,irt_only,GHEFT,0,0.0,0,0,1,1.3879,0.8216,2.2095,,,,,,,,,,,,,,,,,73.74802361809046,2.0223,35,11,270,143,109,34,10.448674,0,ok,logs/seed_430115.log
360828,irt_only,GHEFT,0,0.0,0,0,1,1.4047,0.9715,2.3762,,,,,,,,,,,,,,,,,73.7379985967457,1.898,31,8,289,123,82,41,10.263146,0,ok,logs/seed_360828.log
686023,irt_only,GHEFT,0,0.0,0,0,1,1.5317,0.9489,2.4806,,,,,,,,,,,,,,,,,68.72971704095113,2.0779,30,10,283,149,103,46,8.915799,0,ok,logs/seed_686023.log
910767,irt_only,GHEFT,0,0.0,0,0,1,1.568,0.9834,2.5514,,,,,,,,,,,,,,,,,72.49416753524802,1.8451,40,12,268,135,98,37,13.600085,0,ok,logs/seed_910767.log
867129,irt_only,GHEFT,0,0.0,0,0,1,1.3551,0.8674,2.2225,,,,,,,,,,,,,,,,,73.38687788018431,1.9924,30,10,272,138,97,41,16.799558,0,ok,logs/seed_867129.log
594299,irt_only,GHEFT,0,0.0,0,0,1,1.5461,1.151,2.6971,,,,,,,,,,,,,,,,,79.60763423184524,2.0628,33,10,289,154,106,48,23.889528,0,ok,logs/seed_594299.log
141316,irt_only,GHEFT,0,0.0,0,0,1,1.5318,0.7487,2.2805,,,,,,,,,,,,,,,,,58.381491460055095,1.824,40,11,289,150,103,47,18.068607,0,ok,logs/seed_141316.log
200207,irt_only,GHEFT,0,0.0,0,0,1,1.3759,0.9289,2.3048,,,,,,,,,,,,,,,,,104.0974784601227,2.8539,30,8,278,147,100,47,23.041852,0,ok,logs/seed_200207.log
575011,irt_only,GHEFT,0,0.0,0,0,1,1.4453,1.1534,2.5987,,,,,,,,,,,,,,,,,88.89843165015478,1.6547,40,11,298,139,81,58,18.405157,0,ok,logs/seed_575011.log
765419,irt_only,GHEFT,0,0.0,0,0,1,1.3588,0.8377,2.1965,,,,,,,,,,,,,,,,,76.42070422535211,1.6955,38,10,305,151,99,52,19.156384,0,ok,logs/seed_765419.log
676245,irt_only,GHEFT,0,0.0,0,0,1,1.2606,0.7459,2.0065,,,,,,,,,,,,,,,,,75.74784671669794,1.7458,31,10,273,143,100,43,16.606739,0,ok,logs/seed_676245.log
743656,irt_only,GHEFT,0,0.0,0,0,1,1.4563,0.9953,2.4516,,,,,,,,,,,,,,,,,108.505623833131,2.757,35,11,261,161,98,63,21.048451,0,ok,logs/seed_743656.log
469800,irt_only,GHEFT,0,0.0,0,0,1,1.4189,0.8765,2.2954,,,,,,,,,,,,,,,,,76.7187911830791,1.6479,30,10,258,134,94,40,19.325547,0,ok,logs/seed_469800.log
384437,irt_only,GHEFT,0,0.0,0,0,1,1.3887,0.8504,2.2391,,,,,,,,,,,,,,,,,81.73851088435374,1.4234,35,10,280,145,103,42,19.635103,0,ok,logs/seed_384437.log
692498,irt_only,GHEFT,0,0.0,0,0,1,1.4384,0.8289,2.2673,,,,,,,,,,,,,,,,,66.01794403036577,1.728,36,10,277,148,103,45,21.061303,0,ok,logs/seed_692498.log
385750,irt_only,GHEFT,0,0.0,0,0,1,1.4281,1.1009,2.529,,,,,,,,,,,,,,,,,80.26070634201737,2.0626,34,9,298,153,94,59,25.208851,0,ok,logs/seed_385750.log
966044,irt_only,GHEFT,0,0.0,0,0,1,1.5354,0.9309,2.4663,,,,,,,,,,,,,,,,,72.01915402390999,1.7355,35,10,273,142,100,42,16.334397,0,ok,logs/seed_966044.log
231504,irt_only,GHEFT,0,0.0,0,0,1,1.3345,0.772,2.1065,,,,,,,,,,,,,,,,,117.18596156048673,3.2694,37,10,278,146,87,59,16.426695,0,ok,logs/seed_231504.log
758710,irt_only,GHEFT,0,0.0,0,0,1,1.3959,1.0854,2.4813,,,,,,,,,,,,,,,,,82.06139369767442,2.5163,34,10,284,166,111,55,13.551819,0,ok,logs/seed_758710.log
855896,irt_only,GHEFT,0,0.0,0,0,1,1.4167,1.0565,2.4732,,,,,,,,,,,,,,,,,84.06086871343753,2.0432,27,9,271,132,99,33,19.080416,0,ok,logs/seed_855896.log
165859,irt_only,GHEFT,0,0.0,0,0,1,1.1768,0.7938,1.9706,,,,,,,,,,,,,,,,,82.8775166666667,2.0331,42,10,315,156,108,48,21.21261,0,ok,logs/seed_165859.log
804367,irt_only,GHEFT,0,0.0,0,0,1,1.5373,0.8935,2.4308,,,,,,,,,,,,,,,,,56.90505226542581,1.898,38,10,273,109,66,43,16.380281,0,ok,logs/seed_804367.log
317518,irt_only,GHEFT,0,0.0,0,0,1,1.4639,1.0277,2.4916,,,,,,,,,,,,,,,,,80.75759116393442,1.8435,30,10,280,146,105,41,21.228747,0,ok,logs/seed_317518.log
461209,irt_only,GHEFT,0,0.0,0,0,1,1.3995,1.0376,2.4371,,,,,,,,,,,,,,,,,82.95261210041302,2.0408,35,9,288,147,89,58,21.322854,0,ok,logs/seed_461209.log
882850,irt_only,GHEFT,0,0.0,0,0,1,1.4093,1.1324,2.5417,,,,,,,,,,,,,,,,,80.12653367032966,2.179,27,10,295,126,95,31,21.918196,0,ok,logs/seed_882850.log
64681,irt_only,GHEFT,0,0.0,0,0,1,1.5492,1.3355,2.8847,,,,,,,,,,,,,,,,,72.54298464299804,2.0224,29,8,266,133,95,38,16.471567,0,ok,logs/seed_64681.log
173770,irt_only,GHEFT,0,0.0,0,0,1,1.2907,0.7956,2.0863,,,,,,,,,,,,,,,,,77.01188052126199,1.6965,43,10,307,159,107,52,26.153634,0,ok,logs/seed_173770.log
258441,irt_only,GHEFT,0,0.0,0,0,1,1.4953,0.9413,2.4366,,,,,,,,,,,,,,,,,82.53501753230464,2.264,28,9,276,139,90,49,23.035452,0,ok,logs/seed_258441.log
324860,irt_only,GHEFT,0,0.0,0,0,1,1.4247,0.8595,2.2842,,,,,,,,,,,,,,,,,76.21080096940607,2.1375,39,10,304,137,102,35,23.292668,0,ok,logs/seed_324860.log
107009,irt_only,GHEFT,0,0.0,0,0,1,1.6394,0.8744,2.5138,,,,,,,,,,,,,,,,,84.34376829268292,1.9144,34,11,286,148,103,45,23.485711,0,ok,logs/seed_107009.log
161981,irt_only,GHEFT,0,0.0,0,0,1,1.3186,0.809,2.1276,,,,,,,,,,,,,,,,,66.15849411764705,1.9031,30,10,248,121,88,33,20.745627,0,ok,logs/seed_161981.log
290380,irt_only,GHEFT,0,0.0,0,0,1,1.4529,1.0134,2.4663,,,,,,,,,,,,,,,,,92.2532055769506,2.0569,27,9,259,145,108,37,16.629546,0,ok,logs/seed_290380.log
976250,irt_only,GHEFT,0,0.0,0,0,1,1.3666,0.9069,2.2735,,,,,,,,,,,,,,,,,81.081267356623,1.8755,37,9,274,146,98,48,19.836199,0,ok,logs/seed_976250.log
254077,irt_only,GHEFT,0,0.0,0,0,1,1.4215,1.1716,2.5931,,,,,,,,,,,,,,,,,78.54078243456826,2.1591,36,10,293,179,106,73,16.534,0,ok,logs/seed_254077.log
539967,irt_only,GHEFT,0,0.0,0,0,1,1.4025,0.8049,2.2074,,,,,,,,,,,,,,,,,73.7567593106267,2.035,35,9,273,140,100,40,17.345604,0,ok,logs/seed_539967.log
599304,irt_only,GHEFT,0,0.0,0,0,1,1.5115,0.9137,2.4252,,,,,,,,,,,,,,,,,70.6630587628866,1.9684,38,10,277,144,91,53,21.339657,0,ok,logs/seed_599304.log
287821,irt_only,GHEFT,0,0.0,0,0,1,1.4237,0.9105,2.3342,,,,,,,,,,,,,,,,,86.43845994832044,2.5053,38,8,300,127,81,46,23.649262,0,ok,logs/seed_287821.log
48051,irt_only,GHEFT,0,0.0,0,0,1,1.6423,0.9599,2.6022,,,,,,,,,,,,,,,,,67.77236178582203,1.7553,36,9,279,118,84,34,20.454771,0,ok,logs/seed_48051.log
860327,irt_only,GHEFT,0,0.0,0,0,1,1.2685,0.732,2.0005,,,,,,,,,,,,,,,,,80.49553245529943,2.0009,35,11,272,133,100,33,19.059675,0,ok,logs/seed_860327.log
591119,irt_only,GHEFT,0,0.0,0,0,1,1.2621,0.6961,1.9582,,,,,,,,,,,,,,,,,74.3938123505976,1.9546,36,10,262,133,94,39,14.845454,0,ok,logs/seed_591119.log
611764,irt_only,GHEFT,0,0.0,0,0,1,1.398,0.8449,2.2429,,,,,,,,,,,,,,,,,81.70984230049473,1.9583,32,9,284,150,105,45,19.198622,0,ok,logs/seed_611764.log
806683,irt_only,GHEFT,0,0.0,0,0,1,1.3567,0.9309,2.2876,,,,,,,,,,,,,,,,,69.1778,1.4845,36,10,279,118,85,33,21.409385,0,ok,logs/seed_806683.log
848855,irt_only,GHEFT,0,0.0,0,0,1,1.3486,0.7779,2.1265,,,,,,,,,,,,,,,,,72.39717242857144,2.1811,30,10,264,122,90,32,21.172084,0,ok,logs/seed_848855.log
384264,irt_only,GHEFT,0,0.0,0,0,1,1.3696,0.839,2.2086,,,,,,,,,,,,,,,,,81.12854320241689,2.1073,38,11,290,160,114,46,17.390914,0,ok,logs/seed_384264.log
505769,irt_only,GHEFT,0,0.0,0,0,1,1.4961,0.8719,2.368,,,,,,,,,,,,,,,,,55.54516314511232,1.474,33,10,266,111,71,40,19.977079,0,ok,logs/seed_505769.log
221230,irt_only,GHEFT,0,0.0,0,0,1,1.5902,1.0588,2.649,,,,,,,,,,,,,,,,,75.46136420664205,2.0021,30,9,265,144,92,52,17.387089,0,ok,logs/seed_221230.log
940154,irt_only,GHEFT,0,0.0,0,0,1,1.5024,1.0919,2.5943,,,,,,,,,,,,,,,,,68.35763596821877,1.8738,31,10,268,132,90,42,20.733735,0,ok,logs/seed_940154.log
587707,irt_only,GHEFT,0,0.0,0,0,1,1.4838,1.1744,2.6582,,,,,,,,,,,,,,,,,66.07067029253591,1.6988,32,8,261,115,78,37,21.19512,0,ok,logs/seed_587707.log
595985,irt_only,GHEFT,0,0.0,0,0,1,1.5549,1.0743,2.6292,,,,,,,,,,,,,,,,,97.17493858764188,3.3898,34,10,281,167,118,49,17.867613,0,ok,logs/seed_595985.log
54898,irt_only,GHEFT,0,0.0,0,0,1,1.3228,0.8719,2.1947,,,,,,,,,,,,,,,,,67.94278838180487,1.7275,34,11,269,129,101,28,20.561491,0,ok,logs/seed_54898.log
351193,irt_only,GHEFT,0,0.0,0,0,1,1.583,1.1711,2.7541,,,,,,,,,,,,,,,,,80.53718957952466,1.6696,28,10,276,142,93,49,16.076288,0,ok,logs/seed_351193.log
538951,irt_only,GHEFT,0,0.0,0,0,1,1.4715,0.9587,2.4302,,,,,,,,,,,,,,,,,76.88765512281707,1.9818,41,12,304,175,110,65,24.32807,0,ok,logs/seed_538951.log
503015,irt_only,GHEFT,0,0.0,0,0,1,1.4517,1.0129,2.4646,,,,,,,,,,,,,,,,,80.47942087227413,2.1059,36,9,259,140,97,43,18.017467,0,ok,logs/seed_503015.log
953174,irt_only,GHEFT,0,0.0,0,0,1,1.5456,1.0186,2.5642,,,,,,,,,,,,,,,,,68.04006966292137,1.9482,36,11,290,160,107,53,19.986416,0,ok,logs/seed_953174.log
742910,irt_only,GHEFT,0,0.0,0,0,1,1.4053,0.8535,2.2588,,,,,,,,,,,,,,,,,78.74554377215189,1.8519,40,8,272,122,89,33,18.44862,0,ok,logs/seed_742910.log
61747,irt_only,GHEFT,0,0.0,0,0,1,1.4096,0.9733,2.3829,,,,,,,,,,,,,,,,,83.91299209887724,2.434,40,10,273,131,87,44,22.835936,0,ok,logs/seed_61747.log
580612,irt_only,GHEFT,0,0.0,0,0,1,1.4348,1.005,2.4398,,,,,,,,,,,,,,,,,75.00522839506174,1.9445,37,10,276,138,90,48,18.490384,0,ok,logs/seed_580612.log
615914,irt_only,GHEFT,0,0.0,0,0,1,1.387,0.8936,2.2806,,,,,,,,,,,,,,,,,108.0862548086301,3.4424,35,9,281,126,91,35,21.83411,0,ok,logs/seed_615914.log
8172,irt_only,GHEFT,0,0.0,0,0,1,1.3587,1.0223,2.381,,,,,,,,,,,,,,,,,80.98412177894048,1.945,34,10,278,146,98,48,20.434747,0,ok,logs/seed_8172.log
590147,irt_only,GHEFT,0,0.0,0,0,1,1.4065,0.8926,2.2991,,,,,,,,,,,,,,,,,87.51896500269574,2.5888,36,10,255,148,104,44,16.856703,0,ok,logs/seed_590147.log
773450,irt_only,GHEFT,0,0.0,0,0,1,1.5213,0.9633,2.4846,,,,,,,,,,,,,,,,,77.17703013265951,1.751,31,11,263,148,102,46,19.977991,0,ok,logs/seed_773450.log
447391,irt_only,GHEFT,0,0.0,0,0,1,1.5988,0.792,2.3908,,,,,,,,,,,,,,,,,57.74877242253522,1.6896,39,11,280,127,88,39,21.951227,0,ok,logs/seed_447391.log
234698,irt_only,GHEFT,0,0.0,0,0,1,1.3415,0.8427,2.1842,,,,,,,,,,,,,,,,,88.19186664444986,2.2716,35,10,270,140,98,42,22.449155,0,ok,logs/seed_234698.log
339985,irt_only,GHEFT,0,0.0,0,0,1,1.5341,0.8142,2.3483,,,,,,,,,,,,,,,,,70.00265569620254,1.8141,37,11,285,129,87,42,20.165724,0,ok,logs/seed_339985.log
121191,irt_only,GHEFT,0,0.0,0,0,1,1.4438,1.0013,2.4451,,,,,,,,,,,,,,,,,76.39386715497302,1.9439,37,10,285,152,101,51,17.805564,0,ok,logs/seed_121191.log
67314,irt_only,GHEFT,0,0.0,0,0,1,1.4195,1.0063,2.4258,,,,,,,,,,,,,,,,,85.08065753424658,1.9645,27,9,255,134,98,36,17.875144,0,ok,logs/seed_67314.log
49664,irt_only,GHEFT,0,0.0,0,0,1,1.5809,0.9792,2.5601,,,,,,,,,,,,,,,,,78.48767662257633,2.4491,34,11,250,116,78,38,20.111744,0,ok,logs/seed_49664.log
216188,irt_only,GHEFT,0,0.0,0,0,1,1.419,0.9307,2.3497,,,,,,,,,,,,,,,,,72.25897430003036,1.7518,37,12,292,159,102,57,16.943549,0,ok,logs/seed_216188.log
594597,irt_only,GHEFT,0,0.0,0,0,1,1.4577,0.8612,2.3189,,,,,,,,,,,,,,,,,60.067685912920545,2.1353,31,9,259,116,83,33,17.240586,0,ok,logs/seed_594597.log
838544,irt_only,GHEFT,0,0.0,0,0,1,1.4339,1.0777,2.5116,,,,,,,,,,,,,,,,,102.6064549053984,2.7239,21,8,249,119,91,28,15.595044,0,ok,logs/seed_838544.log
667390,irt_only,GHEFT,0,0.0,0,0,1,1.2699,1.0459,2.3158,,,,,,,,,,,,,,,,,92.11967490039844,1.8794,35,12,270,139,91,48,18.236821,0,ok,logs/seed_667390.log
584425,irt_only,GHEFT,0,0.0,0,0,1,1.3245,0.8383,2.1628,,,,,,,,,,,,,,,,,72.96501200478468,1.5127,39,10,280,128,85,43,20.541092,0,ok,logs/seed_584425.log
838220,irt_only,GHEFT,0,0.0,0,0,1,1.3181,0.8164,2.1345,,,,,,,,,,,,,,,,,80.66288483556404,2.2849,39,10,300,143,96,47,19.38567,0,ok,logs/seed_838220.log
441512,irt_only,GHEFT,0,0.0,0,0,1,1.3269,0.6843,2.0112,,,,,,,,,,,,,,,,,62.30046395951986,1.9622,31,8,253,110,83,27,16.030352,0,ok,logs/seed_441512.log
350535,irt_only,GHEFT,0,0.0,0,0,1,1.5626,0.9801,2.5427,,,,,,,,,,,,,,,,,76.1483390328152,1.9769,47,10,314,163,109,54,23.461219,0,ok,logs/seed_350535.log
298630,irt_only,GHEFT,0,0.0,0,0,1,1.4726,1.1285,2.6011,,,,,,,,,,,,,,,,,75.49744990204373,2.2131,30,8,277,132,86,46,18.266795,0,ok,logs/seed_298630.log
381642,irt_only,GHEFT,0,0.0,0,0,1,1.205,0.8777,2.0827,,,,,,,,,,,,,,,,,89.33201832378423,2.9653,30,10,277,148,107,41,21.851873,0,ok,logs/seed_381642.log
831919,irt_only,GHEFT,0,0.0,0,0,1,1.4004,1.1061,2.5065,,,,,,,,,,,,,,,,,72.7014931034483,1.9969,35,10,279,120,89,31,19.283739,0,ok,logs/seed_831919.log
177577,irt_only,GHEFT,0,0.0,0,0,1,1.3185,1.0138,2.3323,,,,,,,,,,,,,,,,,69.78049589833573,2.0923,28,10,249,139,105,34,16.717231,0,ok,logs/seed_177577.log
484873,irt_only,GHEFT,0,0.0,0,0,1,1.5904,0.9638,2.5542,,,,,,,,,,,,,,,,,63.87602203861518,2.0857,27,10,256,149,104,45,18.813485,0,ok,logs/seed_484873.log
861791,irt_only,GHEFT,0,0.0,0,0,1,1.6755,1.1752,2.8507,,,,,,,,,,,,,,,,,87.76424408494208,2.5366,30,9,282,136,89,47,19.76832,0,ok,logs/seed_861791.log
147598,irt_only,GHEFT,0,0.0,0,0,1,1.2148,1.0056,2.2204,,,,,,,,,,,,,,,,,91.15708781677054,2.2138,24,8,250,134,96,38,17.478242,0,ok,logs/seed_147598.log
509060,irt_only,GHEFT,0,0.0,0,0,1,1.4184,0.9054,2.3238,,,,,,,,,,,,,,,,,74.17633347617802,1.6685,40,12,294,151,100,51,21.924435,0,ok,logs/seed_509060.log
734809,irt_only,GHEFT,0,0.0,0,0,1,1.3338,0.826,2.1598,,,,,,,,,,,,,,,,,71.05625337001375,2.1732,33,10,270,134,99,35,16.254553,0,ok,logs/seed_734809.log
209596,irt_only,GHEFT,0,0.0,0,0,1,1.3621,1.1109,2.473,,,,,,,,,,,,,,,,,75.19919087518251,1.8149,40,10,326,158,102,56,23.448467,0,ok,logs/seed_209596.log
128530,irt_only,GHEFT,0,0.0,0,0,1,1.429,0.8164,2.2454,,,,,,,,,,,,,,,,,71.04526186956521,1.6208,37,10,279,156,107,49,19.233522,0,ok,logs/seed_128530.log
839126,irt_only,GHEFT,0,0.0,0,0,1,1.5033,1.113,2.6163,,,,,,,,,,,,,,,,,77.99198884070798,2.6049,34,11,272,131,85,46,21.787285,0,ok,logs/seed_839126.log
735954,irt_only,GHEFT,0,0.0,0,0,1,1.4477,0.8697,2.3174,,,,,,,,,,,,,,,,,84.12545632582322,2.277,40,11,317,159,101,58,18.931897,0,ok,logs/seed_735954.log
254875,irt_only,GHEFT,0,0.0,0,0,1,1.4291,1.1065,2.5356,,,,,,,,,,,,,,,,,85.91409730533988,2.1794,36,11,283,147,94,53,19.30889,0,ok,logs/seed_254875.log
334605,irt_only,GHEFT,0,0.0,0,0,1,1.4411,1.0322,2.4733,,,,,,,,,,,,,,,,,88.29184621526217,2.5573,36,9,266,148,97,51,19.769298,0,ok,logs/seed_334605.log
616765,irt_only,GHEFT,0,0.0,0,0,1,1.4739,0.9298,2.4037,,,,,,,,,,,,,,,,,72.10838179419525,1.8175,33,10,293,149,99,50,17.958334,0,ok,logs/seed_616765.log
249505,irt_only,GHEFT,0,0.0,0,0,1,1.2883,0.7628,2.0511,,,,,,,,,,,,,,,,,96.2349432492401,2.3861,42,9,286,146,97,49,22.246788,0,ok,logs/seed_249505.log
917778,irt_only,GHEFT,0,0.0,0,0,1,1.393,0.907,2.3,,,,,,,,,,,,,,,,,71.03392831578947,1.6051,34,11,272,141,97,44,19.380225,0,ok,logs/seed_917778.log
514894,irt_only,GHEFT,0,0.0,0,0,1,1.6104,1.2223,2.8327,,,,,,,,,,,,,,,,,80.66194620938627,2.5523,30,8,287,129,83,46,19.169867,0,ok,logs/seed_514894.log
722280,irt_only,GHEFT,0,0.0,0,0,1,1.4228,0.7998,2.2226,,,,,,,,,,,,,,,,,70.2206037187873,1.9142,34,9,287,141,94,47,15.153263,0,ok,logs/seed_722280.log
859753,irt_only,GHEFT,0,0.0,0,0,1,1.5603,1.0853,2.6456,,,,,,,,,,,,,,,,,71.22984912836766,2.0507,31,10,271,144,99,45,20.794118,0,ok,logs/seed_859753.log
380340,irt_only,GHEFT,0,0.0,0,0,1,1.4892,0.9193,2.4085,,,,,,,,,,,,,,,,,70.81801486861315,1.9194,36,9,309,132,86,46,19.62688,0,ok,logs/seed_380340.log
832161,irt_only,GHEFT,0,0.0,0,0,1,1.5584,0.7792,2.3376,,,,,,,,,,,,,,,,,70.33195116537182,1.8395,35,10,280,158,107,51,18.729267,0,ok,logs/seed_832161.log
336794,irt_only,GHEFT,0,0.0,0,0,1,1.4492,0.9936,2.4428,,,,,,,,,,,,,,,,,76.08691725770365,1.9829,30,9,271,146,107,39,20.342144,0,ok,logs/seed_336794.log
924503,irt_only,GHEFT,0,0.0,0,0,1,1.5764,1.078,2.6544,,,,,,,,,,,,,,,,,71.16187705347595,1.6082,35,10,281,132,91,41,19.859357,0,ok,logs/seed_924503.log
393523,irt_only,GHEFT,0,0.0,0,0,1,1.3535,0.9524,2.3059,,,,,,,,,,,,,,,,,90.8566603960396,2.5064,31,10,284,149,107,42,16.740019,0,ok,logs/seed_393523.log
310465,irt_only,GHEFT,0,0.0,0,0,1,1.466,0.9569,2.4229,,,,,,,,,,,,,,,,,85.83906666666665,1.8171,36,10,277,147,98,49,21.380284,0,ok,logs/seed_310465.log
433513,irt_only,GHEFT,0,0.0,0,0,1,1.3144,0.9622,2.2766,,,,,,,,,,,,,,,,,72.86784703557312,2.3243,34,9,298,155,105,50,23.636924,0,ok,logs/seed_433513.log
13460,irt_only,GHEFT,0,0.0,0,0,1,1.4001,0.8571,2.2572,,,,,,,,,,,,,,,,,67.0788535101404,1.5964,38,10,294,150,108,42,23.190396,0,ok,logs/seed_13460.log
349575,irt_only,GHEFT,0,0.0,0,0,1,1.4487,1.057,2.5057,,,,,,,,,,,,,,,,,72.7941759934102,2.1593,40,10,295,172,101,71,19.954616,0,ok,logs/seed_349575.log
593063,irt_only,GHEFT,0,0.0,0,0,1,1.3796,1.035,2.4146,,,,,,,,,,,,,,,,,92.54177018983648,1.6979,32,9,265,153,98,55,16.96016,0,ok,logs/seed_593063.log
433182,irt_only,GHEFT,0,0.0,0,0,1,1.4252,1.0262,2.4514,,,,,,,,,,,,,,,,,69.94720095925615,1.8304,33,10,283,148,97,51,17.222558,0,ok,logs/seed_433182.log
780580,irt_only,GHEFT,0,0.0,0,0,1,1.4772,0.8215,2.2987,,,,,,,,,,,,,,,,,68.26246329113924,1.6855,41,11,311,157,95,62,23.54597,0,ok,logs/seed_780580.log
152838,irt_only,GHEFT,0,0.0,0,0,1,1.4308,1.2775,2.7083,,,,,,,,,,,,,,,,,78.97590284357149,1.8041,38,10,313,160,107,53,19.6553,0,ok,logs/seed_152838.log
222996,irt_only,GHEFT,0,0.0,0,0,1,1.4422,0.8782,2.3204,,,,,,,,,,,,,,,,,76.90236463636364,1.9297,33,10,278,128,95,33,17.142458,0,ok,logs/seed_222996.log
298744,irt_only,GHEFT,0,0.0,0,0,1,1.249,0.7606,2.0096,,,,,,,,,,,,,,,,,88.55888111455111,1.9015,37,10,277,137,99,38,17.462125,0,ok,logs/seed_298744.log
762917,irt_only,GHEFT,0,0.0,0,0,1,1.3371,1.0592,2.3963,,,,,,,,,,,,,,,,,74.30536173758867,1.9463,34,9,295,130,89,41,23.368814,0,ok,logs/seed_762917.log
457149,irt_only,GHEFT,0,0.0,0,0,1,1.6314,1.0216,2.653,,,,,,,,,,,,,,,,,83.11103969465647,2.8196,31,11,248,131,85,46,17.05583,0,ok,logs/seed_457149.log
540167,irt_only,GHEFT,0,0.0,0,0,1,1.6262,0.9726,2.5988,,,,,,,,,,,,,,,,,71.26192792081775,2.0942,28,9,255,129,82,47,20.671675,0,ok,logs/seed_540167.log
956256,irt_only,GHEFT,0,0.0,0,0,1,1.4791,0.9618,2.4409,,,,,,,,,,,,,,,,,88.82095672514619,2.1305,28,8,261,106,77,29,21.141551,0,ok,logs/seed_956256.log
809026,irt_only,GHEFT,0,0.0,0,0,1,1.5393,0.989,2.5283,,,,,,,,,,,,,,,,,83.85590041946809,1.9357,32,8,273,135,95,40,17.909586,0,ok,logs/seed_809026.log
625059,irt_only,GHEFT,0,0.0,0,0,1,1.3884,0.7888,2.1772,,,,,,,,,,,,,,,,,71.85375957386275,1.7163,43,12,308,148,102,46,25.167248,0,ok,logs/seed_625059.log
451924,irt_only,GHEFT,0,0.0,0,0,1,1.5618,1.1707,2.7325,,,,,,,,,,,,,,,,,74.99732623900572,2.0682,34,10,266,139,93,46,18.97182,0,ok,logs/seed_451924.log
861621,irt_only,GHEFT,0,0.0,0,0,1,1.5084,1.1378,2.6462,,,,,,,,,,,,,,,,,72.86313060498219,1.7117,35,10,287,158,102,56,22.210208,0,ok,logs/seed_861621.log
986736,irt_only,GHEFT,0,0.0,0,0,1,1.3229,0.7304,2.0533,,,,,,,,,,,,,,,,,76.01936743515851,1.7236,44,11,287,162,110,52,18.659832,0,ok,logs/seed_986736.log
831918,irt_only,GHEFT,0,0.0,0,0,1,1.3689,0.8593,2.2282,,,,,,,,,,,,,,,,,77.63975574254744,2.3986,39,10,298,138,99,39,21.487076,0,ok,logs/seed_831918.log
126553,irt_only,GHEFT,0,0.0,0,0,1,1.3397,0.7928,2.1325,,,,,,,,,,,,,,,,,62.116373776280305,1.724,33,10,269,124,91,33,18.21155,0,ok,logs/seed_126553.log
916292,irt_only,GHEFT,0,0.0,0,0,1,1.5126,1.1527,2.6653,,,,,,,,,,,,,,,,,87.26609747048906,2.8688,46,12,302,168,98,70,22.12227,0,ok,logs/seed_916292.log
478518,irt_only,GHEFT,0,0.0,0,0,1,1.4519,0.9636,2.4155,,,,,,,,,,,,,,,,,75.11505129585797,1.9037,36,11,284,157,107,50,26.311152,0,ok,logs/seed_478518.log
368587,irt_only,GHEFT,0,0.0,0,0,1,1.5365,0.851,2.3875,,,,,,,,,,,,,,,,,72.94271242937853,2.0406,32,10,257,149,106,43,17.687412,0,ok,logs/seed_368587.log
494163,irt_only,GHEFT,0,0.0,0,0,1,1.4169,1.0031,2.42,,,,,,,,,,,,,,,,,90.7823740462691,2.0498,25,9,274,162,113,49,23.009589,0,ok,logs/seed_494163.log
250163,irt_only,GHEFT,0,0.0,0,0,1,1.4091,0.8527,2.2618,,,,,,,,,,,,,,,,,72.37022394366198,1.7351,37,10,290,148,112,36,19.783662,0,ok,logs/seed_250163.log
674657,irt_only,GHEFT,0,0.0,0,0,1,1.5272,0.9554,2.4826,,,,,,,,,,,,,,,,,81.31867251188513,2.7231,34,11,274,150,102,48,19.503008,0,ok,logs/seed_674657.log
798908,irt_only,GHEFT,0,0.0,0,0,1,1.2545,0.8006,2.0551,,,,,,,,,,,,,,,,,81.12451691136599,2.1041,38,8,312,130,88,42,25.41698,0,ok,logs/seed_798908.log
740163,irt_only,GHEFT,0,0.0,0,0,1,1.3831,0.7385,2.1216,,,,,,,,,,,,,,,,,71.6023701268291,1.8545,37,10,286,138,99,39,22.633956,0,ok,logs/seed_740163.log
926974,irt_only,GHEFT,0,0.0,0,0,1,1.4764,0.8202,2.2966,,,,,,,,,,,,,,,,,75.73144496754253,1.8297,38,11,301,157,101,56,19.706992,0,ok,logs/seed_926974.log
107136,irt_only,GHEFT,0,0.0,0,0,1,1.5459,0.9982,2.5441,,,,,,,,,,,,,,,,,86.75883971631205,2.4419,46,12,295,153,97,56,18.638262,0,ok,logs/seed_107136.log
196168,irt_only,GHEFT,0,0.0,0,0,1,1.2298,1.0015,2.2313,,,,,,,,,,,,,,,,,79.53207340522066,2.2347,43,10,290,133,89,44,21.203421,0,ok,logs/seed_196168.log
760873,irt_only,GHEFT,0,0.0,0,0,1,1.3957,1.0778,2.4735,,,,,,,,,,,,,,,,,84.21287861973923,1.8143,42,10,306,167,106,61,29.150934,0,ok,logs/seed_760873.log
151030,irt_only,GHEFT,0,0.0,0,0,1,1.4155,0.9722,2.3877,,,,,,,,,,,,,,,,,64.44143489690723,2.0152,28,9,254,121,87,34,18.968683,0,ok,logs/seed_151030.log
645995,irt_only,GHEFT,0,0.0,0,0,1,1.2656,0.8253,2.0909,,,,,,,,,,,,,,,,,90.72847549441099,2.0516,38,10,294,130,92,38,19.225135,0,ok,logs/seed_645995.log
60607,irt_only,GHEFT,0,0.0,0,0,1,1.5908,1.0198,2.6106,,,,,,,,,,,,,,,,,104.21543032722832,2.7449,29,9,277,138,95,43,20.462699,0,ok,logs/seed_60607.log
50707,irt_only,GHEFT,0,0.0,0,0,1,1.5641,1.1893,2.7534,,,,,,,,,,,,,,,,,78.80897303301118,1.9883,29,10,256,128,92,36,18.353884,0,ok,logs/seed_50707.log
568053,irt_only,GHEFT,0,0.0,0,0,1,1.4083,0.7556,2.1639,,,,,,,,,,,,,,,,,62.59869604903143,1.5398,35,11,267,142,108,34,17.829694,0,ok,logs/seed_568053.log
891927,irt_only,GHEFT,0,0.0,0,0,1,1.3257,0.883,2.2087,,,,,,,,,,,,,,,,,82.7845799522673,1.9368,28,9,273,154,110,44,17.906825,0,ok,logs/seed_891927.log
141617,irt_only,GHEFT,0,0.0,0,0,1,1.2585,0.8407,2.0992,,,,,,,,,,,,,,,,,77.34957649959703,1.9455,39,11,303,149,97,52,20.935921,0,ok,logs/seed_141617.log
580680,irt_only,GHEFT,0,0.0,0,0,1,1.2591,1.0903,2.3494,,,,,,,,,,,,,,,,,79.41415057471264,2.0876,39,9,288,138,91,47,22.572413,0,ok,logs/seed_580680.log
784503,irt_only,GHEFT,0,0.0,0,0,1,1.4483,1.1074,2.5557,,,,,,,,,,,,,,,,,80.4983637219153,2.1747,41,11,301,153,100,53,21.401079,0,ok,logs/seed_784503.log
224085,irt_only,GHEFT,0,0.0,0,0,1,1.4329,0.983,2.4159,,,,,,,,,,,,,,,,,69.48744907395992,2.5345,40,9,285,141,94,47,17.889722,0,ok,logs/seed_224085.log
328255,irt_only,GHEFT,0,0.0,0,0,1,1.3501,0.9928,2.3429,,,,,,,,,,,,,,,,,83.78871569315534,1.6052,35,10,265,165,110,55,17.916999,0,ok,logs/seed_328255.log
949566,irt_only,GHEFT,0,0.0,0,0,1,1.6282,1.0884,2.7166,,,,,,,,,,,,,,,,,90.01232282287042,3.0872,25,8,232,112,74,38,16.010225,0,ok,logs/seed_949566.log
439895,irt_only,GHEFT,0,0.0,0,0,1,1.5785,0.8798,2.4583,,,,,,,,,,,,,,,,,66.94733357736091,1.549,34,9,282,146,98,48,18.062797,0,ok,logs/seed_439895.log
504485,irt_only,GHEFT,0,0.0,0,0,1,1.2693,0.7131,1.9824,,,,,,,,,,,,,,,,,62.53105272413793,2.1341,33,10,268,128,87,41,18.184609,0,ok,logs/seed_504485.log
761223,irt_only,GHEFT,0,0.0,0,0,1,1.3697,1.0082,2.3779,,,,,,,,,,,,,,,,,76.76742301340182,1.4748,37,10,275,149,97,52,20.006072,0,ok,logs/seed_761223.log
34506,irt_only,GHEFT,0,0.0,0,0,1,1.4298,1.0167,2.4465,,,,,,,,,,,,,,,,,77.69583009708738,1.6265,46,11,330,188,110,78,21.719137,0,ok,logs/seed_34506.log
842256,irt_only,GHEFT,0,0.0,0,0,1,1.434,0.8804,2.3144,,,,,,,,,,,,,,,,,54.48319515418502,1.3835,37,10,277,120,87,33,18.290568,0,ok,logs/seed_842256.log
264456,irt_only,GHEFT,0,0.0,0,0,1,1.4965,0.8811,2.3776,,,,,,,,,,,,,,,,,80.19534144762211,2.1796,41,10,301,154,104,50,22.600161,0,ok,logs/seed_264456.log
899949,irt_only,GHEFT,0,0.0,0,0,1,1.4908,1.0135,2.5043,,,,,,,,,,,,,,,,,74.1176373760488,2.2286,31,11,285,154,102,52,22.646143,0,ok,logs/seed_899949.log
333717,irt_only,GHEFT,0,0.0,0,0,1,1.5321,0.9227,2.4548,,,,,,,,,,,,,,,,,76.0302495145631,2.5581,37,11,264,146,101,45,19.107776,0,ok,logs/seed_333717.log
332163,irt_only,GHEFT,0,0.0,0,0,1,1.5185,0.8823,2.4008,,,,,,,,,,,,,,,,,73.70480729927007,1.5267,30,8,255,130,95,35,19.047787,0,ok,logs/seed_332163.log
509204,irt_only,GHEFT,0,0.0,0,0,1,1.2035,0.8203,2.0238,,,,,,,,,,,,,,,,,78.99715129577464,2.0505,27,9,249,125,88,37,14.876073,0,ok,logs/seed_509204.log
749756,irt_only,GHEFT,0,0.0,0,0,1,1.3577,1.0298,2.3875,,,,,,,,,,,,,,,,,107.44852422360249,2.8781,31,10,274,161,110,51,19.8,0,ok,logs/seed_749756.log
139867,irt_only,GHEFT,0,0.0,0,0,1,1.3548,0.9623,2.3171,,,,,,,,,,,,,,,,,72.21906303768317,1.7592,37,12,285,149,91,58,22.025214,0,ok,logs/seed_139867.log
571927,irt_only,GHEFT,0,0.0,0,0,1,1.4429,0.8029,2.2458,,,,,,,,,,,,,,,,,77.66089122807017,2.1057,35,11,278,134,93,41,21.975964,0,ok,logs/seed_571927.log
27872,irt_only,GHEFT,0,0.0,0,0,1,1.449,1.2034,2.6524,,,,,,,,,,,,,,,,,71.6793736641515,2.131,32,8,282,144,96,48,19.371352,0,ok,logs/seed_27872.log
570279,irt_only,GHEFT,0,0.0,0,0,1,1.5382,0.9075,2.4457,,,,,,,,,,,,,,,,,68.23124803695148,1.8396,31,10,267,126,86,40,20.024132,0,ok,logs/seed_570279.log
245986,irt_only,GHEFT,0,0.0,0,0,1,1.3658,0.8538,2.2196,,,,,,,,,,,,,,,,,72.10868801734503,1.7211,35,10,288,155,110,45,22.70399,0,ok,logs/seed_245986.log
444289,irt_only,GHEFT,0,0.0,0,0,1,1.3531,0.9685,2.3216,,,,,,,,,,,,,,,,,71.52188814684605,1.6874,42,10,322,153,108,45,24.406621,0,ok,logs/seed_444289.log
470037,irt_only,GHEFT,0,0.0,0,0,1,1.2348,0.8086,2.0434,,,,,,,,,,,,,,,,,75.51978801298701,1.6519,32,10,275,137,94,43,19.120227,0,ok,logs/seed_470037.log
139891,irt_only,GHEFT,0,0.0,0,0,1,1.6013,1.0904,2.6917,,,,,,,,,,,,,,,,,74.01182337662335,1.9996,35,11,265,138,92,46,23.55849,0,ok,logs/seed_139891.log
42632,irt_only,GHEFT,0,0.0,0,0,1,1.4221,0.9554,2.3775,,,,,,,,,,,,,,,,,66.51870294117647,1.6599,33,10,296,148,106,42,25.222473,0,ok,logs/seed_42632.log
895786,irt_only,GHEFT,0,0.0,0,0,1,1.5686,0.8032,2.3718,,,,,,,,,,,,,,,,,59.27647631556802,1.7952,33,9,286,123,80,43,22.997968,0,ok,logs/seed_895786.log
970436,irt_only,GHEFT,0,0.0,0,0,1,1.4246,0.8365,2.2611,,,,,,,,,,,,,,,,,69.75874241414141,1.7783,37,12,278,151,102,49,20.626648,0,ok,logs/seed_970436.log
379750,irt_only,GHEFT,0,0.0,0,0,1,1.5705,0.9931,2.5636,,,,,,,,,,,,,,,,,73.17627029681,2.1545,31,10,288,147,96,51,20.573626,0,ok,logs/seed_379750.log
653227,irt_only,GHEFT,0,0.0,0,0,1,1.3821,0.8784,2.2605,,,,,,,,,,,,,,,,,70.6183818181818,1.8207,40,10,289,134,96,38,23.615934,0,ok,logs/seed_653227.log
799540,irt_only,GHEFT,0,0.0,0,0,1,1.4994,0.8235,2.3229,,,,,,,,,,,,,,,,,70.30651152974185,1.656,34,10,289,167,113,54,19.645875,0,ok,logs/seed_799540.log
514750,irt_only,GHEFT,0,0.0,0,0,1,1.4404,1.1168,2.5572,,,,,,,,,,,,,,,,,89.87177988394586,2.1688,34,9,293,140,107,33,21.454735,0,ok,logs/seed_514750.log
206242,irt_only,GHEFT,0,0.0,0,0,1,1.3665,0.9929,2.3594,,,,,,,,,,,,,,,,,86.60487754985985,2.1061,36,9,311,167,105,62,24.147589,0,ok,logs/seed_206242.log
622844,irt_only,GHEFT,0,0.0,0,0,1,1.4005,0.9023,2.3028,,,,,,,,,,,,,,,,,85.4568762417714,2.0973,36,10,266,144,101,43,19.778768,0,ok,logs/seed_622844.log
366108,irt_only,GHEFT,0,0.0,0,0,1,1.3136,0.8013,2.1149,,,,,,,,,,,,,,,,,67.40170456663236,1.6959,37,11,278,136,97,39,22.659113,0,ok,logs/seed_366108.log
968837,irt_only,GHEFT,0,0.0,0,0,1,1.3065,0.9151,2.2216,,,,,,,,,,,,,,,,,89.11082351529696,2.0524,44,12,278,153,100,53,23.77969,0,ok,logs/seed_968837.log
981812,irt_only,GHEFT,0,0.0,0,0,1,1.5391,0.7982,2.3373,,,,,,,,,,,,,,,,,58.799881099502485,1.5005,35,10,251,131,92,39,13.478085,0,ok,logs/seed_981812.log
569345,irt_only,GHEFT,0,0.0,0,0,1,1.2822,0.7815,2.0637,,,,,,,,,,,,,,,,,67.8071791556573,1.8426,33,10,289,126,85,41,24.063601,0,ok,logs/seed_569345.log
861379,irt_only,GHEFT,0,0.0,0,0,1,1.561,1.0183,2.5793,,,,,,,,,,,,,,,,,86.50792872277228,1.9675,33,9,311,142,103,39,21.931542,0,ok,logs/seed_861379.log
339822,irt_only,GHEFT,0,0.0,0,0,1,1.4377,0.9261,2.3638,,,,,,,,,,,,,,,,,81.45584875346259,2.1079,37,10,276,139,94,45,24.151217,0,ok,logs/seed_339822.log
123042,irt_only,GHEFT,0,0.0,0,0,1,1.4347,1.0717,2.5064,,,,,,,,,,,,,,,,,73.46239291550764,1.9943,37,11,304,148,97,51,23.394402,0,ok,logs/seed_123042.log
596168,irt_only,GHEFT,0,0.0,0,0,1,1.659,1.1687,2.8277,,,,,,,,,,,,,,,,,83.00774663107659,2.2691,32,9,258,141,101,40,18.909291,0,ok,logs/seed_596168.log
486023,irt_only,GHEFT,0,0.0,0,0,1,1.4604,1.0116,2.472,,,,,,,,,,,,,,,,,70.05516785365853,1.9723,31,10,277,129,97,32,21.797515,0,ok,logs/seed_486023.log
192534,irt_only,GHEFT,0,0.0,0,0,1,1.581,0.8286,2.4096,,,,,,,,,,,,,,,,,72.37025734265735,2.6916,40,11,290,156,101,55,19.206437,0,ok,logs/seed_192534.log
658744,irt_only,GHEFT,0,0.0,0,0,1,1.4696,0.8404,2.31,,,,,,,,,,,,,,,,,75.98048623153943,2.3164,45,12,310,171,112,59,18.886245,0,ok,logs/seed_658744.log
643336,irt_only,GHEFT,0,0.0,0,0,1,1.3938,1.0553,2.4491,,,,,,,,,,,,,,,,,86.29533760973743,2.3503,34,8,279,137,82,55,17.743253,0,ok,logs/seed_643336.log
320706,irt_only,GHEFT,0,0.0,0,0,1,1.3209,0.9677,2.2886,,,,,,,,,,,,,,,,,82.1642988463084,2.0826,32,11,285,143,102,41,17.850686,0,ok,logs/seed_320706.log
314687,irt_only,GHEFT,0,0.0,0,0,1,1.541,1.2499,2.7909,,,,,,,,,,,,,,,,,73.20080792860857,1.8501,34,9,297,137,86,51,17.71989,0,ok,logs/seed_314687.log
713744,irt_only,GHEFT,0,0.0,0,0,1,1.4596,1.0034,2.463,,,,,,,,,,,,,,,,,94.36231849886279,2.052,32,11,285,160,100,60,19.564761,0,ok,logs/seed_713744.log
753976,irt_only,GHEFT,0,0.0,0,0,1,1.352,0.8695,2.2215,,,,,,,,,,,,,,,,,81.49993688342441,1.8418,31,10,276,133,88,45,16.714202,0,ok,logs/seed_753976.log
497232,irt_only,GHEFT,0,0.0,0,0,1,1.2519,0.7492,2.0011,,,,,,,,,,,,,,,,,70.4301915393545,1.6422,36,10,273,136,101,35,16.964626,0,ok,logs/seed_497232.log
49920,irt_only,GHEFT,0,0.0,0,0,1,1.5738,0.8345,2.4083,,,,,,,,,,,,,,,,,69.38399331142399,2.0578,41,11,286,143,100,43,20.277312,0,ok,logs/seed_49920.log
356886,irt_only,GHEFT,0,0.0,0,0,1,1.4259,0.9068,2.3327,,,,,,,,,,,,,,,,,89.07843333333336,1.7928,36,12,265,147,103,44,21.022709,0,ok,logs/seed_356886.log
312086,irt_only,GHEFT,0,0.0,0,0,1,1.5928,1.0943,2.6871,,,,,,,,,,,,,,,,,98.54643333333333,2.2971,40,11,294,148,90,58,21.263741,0,ok,logs/seed_312086.log
476905,irt_only,GHEFT,0,0.0,0,0,1,1.2977,0.7852,2.0829,,,,,,,,,,,,,,,,,82.77060769230769,1.7468,31,10,265,127,90,37,19.064754,0,ok,logs/seed_476905.log
719484,irt_only,GHEFT,0,0.0,0,0,1,1.4699,0.878,2.3479,,,,,,,,,,,,,,,,,67.62441335594085,1.76,41,10,304,138,77,61,22.926312,0,ok,logs/seed_719484.log
249083,irt_only,GHEFT,0,0.0,0,0,1,1.3623,1.1688,2.5311,,,,,,,,,,,,,,,,,92.65300291826519,1.8976,36,12,270,146,84,62,20.385089,0,ok,logs/seed_249083.log
937244,irt_only,GHEFT,0,0.0,0,0,1,1.3646,0.8855,2.2501,,,,,,,,,,,,,,,,,77.01824905660376,1.9187,34,10,255,105,74,31,16.699051,0,ok,logs/seed_937244.log
384033,irt_only,GHEFT,0,0.0,0,0,1,1.4888,1.0076,2.4964,,,,,,,,,,,,,,,,,81.60131123531598,2.6715,28,9,235,145,106,39,18.061914,0,ok,logs/seed_384033.log
961144,irt_only,GHEFT,0,0.0,0,0,1,1.4088,0.7797,2.1885,,,,,,,,,,,,,,,,,77.571578265745,1.8312,48,12,318,184,131,53,23.032664,0,ok,logs/seed_961144.log
210154,irt_only,GHEFT,0,0.0,0,0,1,1.5209,0.9205,2.4414,,,,,,,,,,,,,,,,,83.58387162025315,1.8795,35,9,304,156,107,49,17.215277,0,ok,logs/seed_210154.log
851207,irt_only,GHEFT,0,0.0,0,0,1,1.5213,1.0736,2.5949,,,,,,,,,,,,,,,,,88.07773506593408,2.3679,38,10,295,160,111,49,20.216321,0,ok,logs/seed_851207.log
212767,irt_only,GHEFT,0,0.0,0,0,1,1.5605,1.1901,2.7506,,,,,,,,,,,,,,,,,91.9269801024742,2.1901,38,11,319,190,115,75,24.460685,0,ok,logs/seed_212767.log
678022,irt_only,GHEFT,0,0.0,0,0,1,1.4933,0.8912,2.3845,,,,,,,,,,,,,,,,,73.98565225225225,1.8401,39,11,304,156,103,53,20.300267,0,ok,logs/seed_678022.log
455592,irt_only,GHEFT,0,0.0,0,0,1,1.2581,0.7787,2.0368,,,,,,,,,,,,,,,,,66.37204828577757,2.1775,40,11,296,162,113,49,16.325682,0,ok,logs/seed_455592.log
722649,irt_only,GHEFT,0,0.0,0,0,1,1.4228,1.0088,2.4316,,,,,,,,,,,,,,,,,92.9822764137931,1.6296,35,9,274,150,107,43,18.492936,0,ok,logs/seed_722649.log
903504,irt_only,GHEFT,0,0.0,0,0,1,1.3718,0.8762,2.248,,,,,,,,,,,,,,,,,97.29066522366523,1.9678,37,11,299,170,106,64,14.956585,0,ok,logs/seed_903504.log
505056,irt_only,GHEFT,0,0.0,0,0,1,1.3472,0.813,2.1602,,,,,,,,,,,,,,,,,83.06518272697534,2.0207,39,10,314,178,115,63,26.002503,0,ok,logs/seed_505056.log
688540,irt_only,GHEFT,0,0.0,0,0,1,1.4644,0.8,2.2644,,,,,,,,,,,,,,,,,81.19260295923259,2.3416,39,10,310,149,109,40,19.09919,0,ok,logs/seed_688540.log
946226,irt_only,GHEFT,0,0.0,0,0,1,1.4249,0.7761,2.201,,,,,,,,,,,,,,,,,69.00920790277509,1.9935,34,11,280,163,127,36,16.496041,0,ok,logs/seed_946226.log
661374,irt_only,GHEFT,0,0.0,0,0,1,1.6028,0.8554,2.4582,,,,,,,,,,,,,,,,,77.36182964311728,1.9039,40,11,267,151,113,38,18.022364,0,ok,logs/seed_661374.log
242135,irt_only,GHEFT,0,0.0,0,0,1,1.5698,1.0286,2.5984,,,,,,,,,,,,,,,,,106.14097363419906,2.7969,37,10,278,155,107,48,18.698541,0,ok,logs/seed_242135.log
688344,irt_only,GHEFT,0,0.0,0,0,1,1.4505,0.9535,2.404,,,,,,,,,,,,,,,,,76.72841140877578,1.9554,35,9,282,146,100,46,18.627209,0,ok,logs/seed_688344.log
676678,irt_only,GHEFT,0,0.0,0,0,1,1.4276,1.0066,2.4342,,,,,,,,,,,,,,,,,78.485802,1.8239,38,11,314,159,100,59,22.597636,0,ok,logs/seed_676678.log
792505,irt_only,GHEFT,0,0.0,0,0,1,1.5518,0.8533,2.4051,,,,,,,,,,,,,,,,,68.49315018788256,2.1074,35,11,285,125,84,41,17.770843,0,ok,logs/seed_792505.log
119891,irt_only,GHEFT,0,0.0,0,0,1,1.5349,0.888,2.4229,,,,,,,,,,,,,,,,,78.3980592290859,2.1649,36,10,296,137,95,42,20.101218,0,ok,logs/seed_119891.log
929476,irt_only,GHEFT,0,0.0,0,0,1,1.5784,1.1255,2.7039,,,,,,,,,,,,,,,,,73.65023987147336,2.4432,35,11,297,148,98,50,20.451489,0,ok,logs/seed_929476.log
547221,irt_only,GHEFT,0,0.0,0,0,1,1.487,1.0663,2.5533,,,,,,,,,,,,,,,,,84.2003560747664,2.1126,29,10,275,158,98,60,16.344751,0,ok,logs/seed_547221.log
706430,irt_only,GHEFT,0,0.0,0,0,1,1.4172,0.9713,2.3885,,,,,,,,,,,,,,,,,83.70227114725571,2.1561,35,8,301,146,100,46,17.697991,0,ok,logs/seed_706430.log
637356,irt_only,GHEFT,0,0.0,0,0,1,1.1999,0.7383,1.9382,,,,,,,,,,,,,,,,,65.55968136886206,1.4126,37,10,266,128,93,35,19.744271,0,ok,logs/seed_637356.log
120701,irt_only,GHEFT,0,0.0,0,0,1,1.4359,1.0767,2.5126,,,,,,,,,,,,,,,,,76.0094449375867,1.9151,38,9,290,139,101,38,19.459699,0,ok,logs/seed_120701.log
758600,irt_only,GHEFT,0,0.0,0,0,1,1.6304,1.0534,2.6838,,,,,,,,,,,,,,,,,70.80462721563154,2.0918,37,10,294,165,117,48,17.29331,0,ok,logs/seed_758600.log
201383,irt_only,GHEFT,0,0.0,0,0,1,1.2601,0.9061,2.1662,,,,,,,,,,,,,,,,,78.69214989764122,1.979,37,10,293,159,120,39,21.366633,0,ok,logs/seed_201383.log
18464,irt_only,GHEFT,0,0.0,0,0,1,1.713,1.218,2.931,,,,,,,,,,,,,,,,,74.59797786206896,2.1243,31,9,272,137,88,49,17.5717,0,ok,logs/seed_18464.log
291280,irt_only,GHEFT,0,0.0,0,0,1,1.1892,0.7651,1.9543,,,,,,,,,,,,,,,,,79.49520715134945,1.5907,36,9,302,140,91,49,17.785384,0,ok,logs/seed_291280.log
869924,irt_only,GHEFT,0,0.0,0,0,1,1.437,0.7969,2.2339,,,,,,,,,,,,,,,,,79.89499728562215,1.7613,41,10,287,149,111,38,15.573268,0,ok,logs/seed_869924.log
159410,irt_only,GHEFT,0,0.0,0,0,1,1.6005,0.8624,2.4629,,,,,,,,,,,,,,,,,57.364347839571494,1.8609,37,10,296,148,112,36,17.247405,0,ok,logs/seed_159410.log
742494,irt_only,GHEFT,0,0.0,0,0,1,1.6163,0.9485,2.5648,,,,,,,,,,,,,,,,,77.38577793263646,1.7328,40,10,317,146,107,39,22.460166,0,ok,logs/seed_742494.log
597622,irt_only,GHEFT,0,0.0,0,0,1,1.4542,0.9599,2.4141,,,,,,,,,,,,,,,,,87.11861594920174,2.036,41,12,299,169,112,57,17.694945,0,ok,logs/seed_597622.log
678698,irt_only,GHEFT,0,0.0,0,0,1,1.6025,1.2142,2.8167,,,,,,,,,,,,,,,,,77.82025646534655,1.956,43,12,294,164,98,66,20.957744,0,ok,logs/seed_678698.log
456139,irt_only,GHEFT,0,0.0,0,0,1,1.53,0.9183,2.4483,,,,,,,,,,,,,,,,,103.23325904490078,2.965,32,9,254,113,80,33,15.836182,0,ok,logs/seed_456139.log
992767,irt_only,GHEFT,0,0.0,0,0,1,1.3267,0.9416,2.2683,,,,,,,,,,,,,,,,,85.22529779179813,2.0849,34,10,266,143,104,39,17.018314,0,ok,logs/seed_992767.log
944808,irt_only,GHEFT,0,0.0,0,0,1,1.3763,0.9949,2.3712,,,,,,,,,,,,,,,,,77.7574524434719,1.837,31,9,297,155,101,54,18.099949,0,ok,logs/seed_944808.log
815988,irt_only,GHEFT,0,0.0,0,0,1,1.5247,0.9445,2.4692,,,,,,,,,,,,,,,,,105.15339656786705,2.7694,35,10,271,157,107,50,13.297882,0,ok,logs/seed_815988.log
957888,irt_only,GHEFT,0,0.0,0,0,1,1.494,0.7845,2.2785,,,,,,,,,,,,,,,,,61.09399842490526,1.9157,40,11,302,132,91,41,16.916756,0,ok,logs/seed_957888.log
894642,irt_only,GHEFT,0,0.0,0,0,1,1.3139,1.021,2.3349,,,,,,,,,,,,,,,,,96.34981265048546,2.3839,35,11,275,147,107,40,18.794724,0,ok,logs/seed_894642.log
19043,irt_only,GHEFT,0,0.0,0,0,1,1.3257,1.0062,2.3319,,,,,,,,,,,,,,,,,88.65757685255922,1.7906,36,10,278,137,92,45,17.240913,0,ok,logs/seed_19043.log
333312,irt_only,GHEFT,0,0.0,0,0,1,1.3247,0.8201,2.1448,,,,,,,,,,,,,,,,,78.1958791922525,1.7171,32,8,269,135,89,46,20.798474,0,ok,logs/seed_333312.log
652708,irt_only,GHEFT,0,0.0,0,0,1,1.5581,1.2351,2.7932,,,,,,,,,,,,,,,,,68.37464926752618,1.635,39,10,295,168,114,54,20.051954,0,ok,logs/seed_652708.log
484858,irt_only,GHEFT,0,0.0,0,0,1,1.26,0.7616,2.0216,,,,,,,,,,,,,,,,,126.27199912229375,2.4229,41,10,289,157,119,38,17.878403,0,ok,logs/seed_484858.log
260711,irt_only,GHEFT,0,0.0,0,0,1,1.4204,0.9476,2.368,,,,,,,,,,,,,,,,,88.16578534799665,2.2942,37,11,312,166,102,64,21.770273,0,ok,logs/seed_260711.log
260575,irt_only,GHEFT,0,0.0,0,0,1,1.3635,0.9735,2.337,,,,,,,,,,,,,,,,,81.82414639877301,2.1657,35,10,287,154,110,44,17.945603,0,ok,logs/seed_260575.log
814681,irt_only,GHEFT,0,0.0,0,0,1,1.4977,1.1794,2.6771,,,,,,,,,,,,,,,,,68.12835185185185,2.1156,38,11,280,154,100,54,14.423589,0,ok,logs/seed_814681.log
593980,irt_only,GHEFT,0,0.0,0,0,1,1.3417,0.7602,2.1019,,,,,,,,,,,,,,,,,82.66986187845303,1.7113,37,10,281,157,109,48,24.052091,0,ok,logs/seed_593980.log
784003,irt_only,GHEFT,0,0.0,0,0,1,1.4839,0.8413,2.3252,,,,,,,,,,,,,,,,,66.60858214520603,1.7843,42,12,295,153,108,45,24.800255,0,ok,logs/seed_784003.log
782732,irt_only,GHEFT,0,0.0,0,0,1,1.3261,0.7597,2.0858,,,,,,,,,,,,,,,,,95.0690285862069,2.6296,33,10,276,141,88,53,18.463891,0,ok,logs/seed_782732.log
498415,irt_only,GHEFT,0,0.0,0,0,1,1.5546,1.0647,2.6193,,,,,,,,,,,,,,,,,82.65591818181818,2.4218,30,10,255,136,96,40,19.443951,0,ok,logs/seed_498415.log
433902,irt_only,GHEFT,0,0.0,0,0,1,1.5458,1.0459,2.5917,,,,,,,,,,,,,,,,,74.0567938239159,1.9622,38,8,299,149,105,44,18.311272,0,ok,logs/seed_433902.log
673000,irt_only,GHEFT,0,0.0,0,0,1,1.2432,0.8556,2.0988,,,,,,,,,,,,,,,,,78.18184218126886,1.6994,35,10,281,139,95,44,19.19713,0,ok,logs/seed_673000.log
797543,irt_only,GHEFT,0,0.0,0,0,1,1.4602,0.9922,2.4524,,,,,,,,,,,,,,,,,73.25047039078753,2.0495,37,10,284,152,99,53,16.07734,0,ok,logs/seed_797543.log
466915,irt_only,GHEFT,0,0.0,0,0,1,1.4285,0.9185,2.347,,,,,,,,,,,,,,,,,75.00740300308166,1.8992,36,10,279,139,91,48,15.393343,0,ok,logs/seed_466915.log
252114,irt_only,GHEFT,0,0.0,0,0,1,1.5486,0.9237,2.4723,,,,,,,,,,,,,,,,,102.00247046307884,2.71,39,10,290,157,106,51,16.504603,0,ok,logs/seed_252114.log
898797,irt_only,GHEFT,0,0.0,0,0,1,1.4057,0.9426,2.3483,,,,,,,,,,,,,,,,,101.74189178494363,2.6408,33,10,282,156,110,46,19.002609,0,ok,logs/seed_898797.log
160378,irt_only,GHEFT,0,0.0,0,0,1,1.2666,0.889,2.1556,,,,,,,,,,,,,,,,,73.71248660311282,1.8554,25,8,272,127,95,32,16.080992,0,ok,logs/seed_160378.log
627275,irt_only,GHEFT,0,0.0,0,0,1,1.3532,0.8838,2.237,,,,,,,,,,,,,,,,,93.27101944407627,2.1323,33,9,280,142,99,43,16.194576,0,ok,logs/seed_627275.log
338928,irt_only,GHEFT,0,0.0,0,0,1,1.2628,0.773,2.0358,,,,,,,,,,,,,,,,,86.93245734060366,1.6681,32,8,285,141,96,45,18.726575,0,ok,logs/seed_338928.log
509757,irt_only,GHEFT,0,0.0,0,0,1,1.4556,0.9187,2.3743,,,,,,,,,,,,,,,,,72.84714858584069,1.7997,36,9,299,154,106,48,16.937086,0,ok,logs/seed_509757.log
919077,irt_only,GHEFT,0,0.0,0,0,1,1.2657,0.673,1.9387,,,,,,,,,,,,,,,,,87.33479792531121,1.3006,34,10,256,143,98,45,14.707839,0,ok,logs/seed_919077.log
347640,irt_only,GHEFT,0,0.0,0,0,1,1.4585,0.9245,2.383,,,,,,,,,,,,,,,,,67.26668524590167,1.6661,32,12,254,150,104,46,11.955314,0,ok,logs/seed_347640.log
322288,irt_only,GHEFT,0,0.0,0,0,1,1.2631,0.9286,2.1917,,,,,,,,,,,,,,,,,98.22337530864198,2.5737,36,10,283,154,107,47,17.35636,0,ok,logs/seed_322288.log
727120,irt_only,GHEFT,0,0.0,0,0,1,1.4364,1.1924,2.6288,,,,,,,,,,,,,,,,,75.49462795419848,2.1256,44,10,291,151,99,52,16.514428,0,ok,logs/seed_727120.log
427897,irt_only,GHEFT,0,0.0,0,0,1,1.509,1.0078,2.5168,,,,,,,,,,,,,,,,,74.6411424155202,2.2307,38,12,303,153,108,45,19.24225,0,ok,logs/seed_427897.log
734330,irt_only,GHEFT,0,0.0,0,0,1,1.3644,0.7799,2.1443,,,,,,,,,,,,,,,,,69.6562809187279,1.6725,41,11,311,156,107,49,15.113538,0,ok,logs/seed_734330.log
858654,irt_only,GHEFT,0,0.0,0,0,1,1.2507,0.7921,2.0428,,,,,,,,,,,,,,,,,81.67106269113151,2.3462,39,10,292,136,87,49,20.542855,0,ok,logs/seed_858654.log
958351,irt_only,GHEFT,0,0.0,0,0,1,1.3748,1.1881,2.5629,,,,,,,,,,,,,,,,,80.68577372727277,2.6169,48,12,310,161,107,54,20.582802,0,ok,logs/seed_958351.log
40504,irt_only,GHEFT,0,0.0,0,0,1,1.4657,1.0801,2.5458,,,,,,,,,,,,,,,,,79.41293684210525,2.1843,35,10,279,166,120,46,18.795598,0,ok,logs/seed_40504.log
330355,irt_only,GHEFT,0,0.0,0,0,1,1.5374,0.9074,2.4448,,,,,,,,,,,,,,,,,65.88285911449371,1.811,33,10,253,125,90,35,14.699025,0,ok,logs/seed_330355.log
497350,irt_only,GHEFT,0,0.0,0,0,1,1.3912,1.0151,2.4063,,,,,,,,,,,,,,,,,70.86062507692306,1.8794,37,10,291,163,108,55,16.361841,0,ok,logs/seed_497350.log
884312,irt_only,GHEFT,0,0.0,0,0,1,1.5458,0.9023,2.4481,,,,,,,,,,,,,,,,,67.45676842961757,1.902,33,9,259,100,73,27,14.381309,0,ok,logs/seed_884312.log
157239,irt_only,GHEFT,0,0.0,0,0,1,1.3394,0.7804,2.1198,,,,,,,,,,,,,,,,,79.78708968609865,2.0425,40,12,301,168,118,50,20.548755,0,ok,logs/seed_157239.log
800522,irt_only,GHEFT,0,0.0,0,0,1,1.4309,0.784,2.2149,,,,,,,,,,,,,,,,,74.25057876106196,1.6714,37,9,296,145,103,42,19.997793,0,ok,logs/seed_800522.log
659473,irt_only,GHEFT,0,0.0,0,0,1,1.576,0.9074,2.4834,,,,,,,,,,,,,,,,,85.07022700103282,1.4899,32,8,278,133,85,48,19.872527,0,ok,logs/seed_659473.log
246166,irt_only,GHEFT,0,0.0,0,0,1,1.5319,0.8891,2.421,,,,,,,,,,,,,,,,,81.51331748973605,2.3209,29,9,243,134,92,42,16.745137,0,ok,logs/seed_246166.log
91598,irt_only,GHEFT,0,0.0,0,0,1,1.4785,0.9587,2.4372,,,,,,,,,,,,,,,,,81.37216097929965,2.2506,40,10,284,155,96,59,17.475682,0,ok,logs/seed_91598.log
197720,irt_only,GHEFT,0,0.0,0,0,1,1.5635,1.1066,2.6701,,,,,,,,,,,,,,,,,65.72708729411765,1.5558,30,9,285,148,102,46,17.6174,0,ok,logs/seed_197720.log
209503,irt_only,GHEFT,0,0.0,0,0,1,1.462,0.9324,2.3944,,,,,,,,,,,,,,,,,74.51172964256209,1.6527,37,10,322,171,100,71,19.213877,0,ok,logs/seed_209503.log
722755,irt_only,GHEFT,0,0.0,0,0,1,1.6019,0.9984,2.6003,,,,,,,,,,,,,,,,,77.51676225461253,2.2373,38,11,282,157,107,50,17.418114,0,ok,logs/seed_722755.log
161572,irt_only,GHEFT,0,0.0,0,0,1,1.397,0.9091,2.3061,,,,,,,,,,,,,,,,,91.58499225908373,2.4603,30,8,281,148,105,43,12.524838,0,ok,logs/seed_161572.log
134796,irt_only,GHEFT,0,0.0,0,0,1,1.4674,1.0126,2.48,,,,,,,,,,,,,,,,,65.85943825880742,1.9937,31,10,266,128,81,47,11.649757,0,ok,logs/seed_134796.log
183408,irt_only,GHEFT,0,0.0,0,0,1,1.2195,0.8055,2.025,,,,,,,,,,,,,,,,,84.57067443179395,2.2557,27,9,254,120,83,37,20.798911,0,ok,logs/seed_183408.log
591958,irt_only,GHEFT,0,0.0,0,0,1,1.4291,0.9359,2.365,,,,,,,,,,,,,,,,,69.28964554455446,2.3886,39,10,281,146,99,47,20.127963,0,ok,logs/seed_591958.log
767374,irt_only,GHEFT,0,0.0,0,0,1,1.5014,1.0903,2.5917,,,,,,,,,,,,,,,,,77.27442179021877,2.2679,32,10,264,130,89,41,16.979687,0,ok,logs/seed_767374.log
718905,irt_only,GHEFT,0,0.0,0,0,1,1.5734,0.9908,2.5642,,,,,,,,,,,,,,,,,70.48193830569949,1.6893,43,11,293,137,94,43,18.314523,0,ok,logs/seed_718905.log
459821,irt_only,GHEFT,0,0.0,0,0,1,1.3603,0.8273,2.1876,,,,,,,,,,,,,,,,,75.49823372781066,1.9375,34,9,297,162,106,56,20.048727,0,ok,logs/seed_459821.log
520213,irt_only,GHEFT,0,0.0,0,0,1,1.5633,1.0161,2.5794,,,,,,,,,,,,,,,,,70.98588531591815,1.8272,39,9,284,137,90,47,17.954873,0,ok,logs/seed_520213.log
779780,irt_only,GHEFT,0,0.0,0,0,1,1.3322,0.7417,2.0739,,,,,,,,,,,,,,,,,72.39816573137207,1.6003,42,10,295,149,105,44,17.550456,0,ok,logs/seed_779780.log
213946,irt_only,GHEFT,0,0.0,0,0,1,1.3911,0.7832,2.1743,,,,,,,,,,,,,,,,,68.77565878220139,1.8511,35,11,270,122,89,33,19.08782,0,ok,logs/seed_213946.log
169838,irt_only,GHEFT,0,0.0,0,0,1,1.6279,1.0555,2.6834,,,,,,,,,,,,,,,,,87.5813948498095,2.3711,34,10,293,160,105,55,16.300058,0,ok,logs/seed_169838.log
877886,irt_only,GHEFT,0,0.0,0,0,1,1.4669,0.9108,2.3777,,,,,,,,,,,,,,,,,70.50679928506787,1.4032,38,10,297,121,87,34,20.069149,0,ok,logs/seed_877886.log
851849,irt_only,GHEFT,0,0.0,0,0,1,1.5044,1.0302,2.5346,,,,,,,,,,,,,,,,,62.704404816901416,2.0445,31,9,295,145,89,56,18.768448,0,ok,logs/seed_851849.log
979912,irt_only,GHEFT,0,0.0,0,0,1,1.4887,1.1088,2.5975,,,,,,,,,,,,,,,,,64.19930869565218,1.8356,37,10,311,144,100,44,19.087783,0,ok,logs/seed_979912.log
694168,irt_only,GHEFT,0,0.0,0,0,1,1.3733,0.7204,2.0937,,,,,,,,,,,,,,,,,58.89039622179322,1.5111,43,12,320,159,104,55,21.105818,0,ok,logs/seed_694168.log
866262,irt_only,GHEFT,0,0.0,0,0,1,1.3432,0.8251,2.1683,,,,,,,,,,,,,,,,,64.79000888252149,2.0757,31,10,270,141,95,46,13.646837,0,ok,logs/seed_866262.log
208768,irt_only,GHEFT,0,0.0,0,0,1,1.2908,0.8766,2.1674,,,,,,,,,,,,,,,,,94.4776979537572,1.9317,36,13,287,165,115,50,20.804309,0,ok,logs/seed_208768.log
23792,irt_only,GHEFT,0,0.0,0,0,1,1.386,0.8042,2.1902,,,,,,,,,,,,,,,,,72.95829879820738,1.9161,36,10,300,165,101,64,19.869906,0,ok,logs/seed_23792.log
517603,irt_only,GHEFT,0,0.0,0,0,1,1.2659,0.7137,1.9796,,,,,,,,,,,,,,,,,76.01822950819673,1.5182,38,9,287,154,115,39,20.825244,0,ok,logs/seed_517603.log
438614,irt_only,GHEFT,0,0.0,0,0,1,1.4964,1.0446,2.541,,,,,,,,,,,,,,,,,92.73319021178523,2.2806,25,8,245,136,95,41,16.599223,0,ok,logs/seed_438614.log
358432,irt_only,GHEFT,0,0.0,0,0,1,1.2316,0.801,2.0326,,,,,,,,,,,,,,,,,69.14951851851852,2.219,31,10,270,137,81,56,13.949262,0,ok,logs/seed_358432.log
726885,irt_only,GHEFT,0,0.0,0,0,1,1.443,0.9964,2.4394,,,,,,,,,,,,,,,,,99.55089867060563,2.3959,39,10,267,149,108,41,15.502208,0,ok,logs/seed_726885.log
985503,irt_only,GHEFT,0,0.0,0,0,1,1.3595,0.8334,2.1929,,,,,,,,,,,,,,,,,81.83476003718924,2.0582,32,10,283,157,109,48,17.648504,0,ok,logs/seed_985503.log
100872,irt_only,GHEFT,0,0.0,0,0,1,1.4552,0.8056,2.2608,,,,,,,,,,,,,,,,,72.93401223244932,2.0545,37,10,280,143,107,36,19.300047,0,ok,logs/seed_100872.log
571275,irt_only,GHEFT,0,0.0,0,0,1,1.4514,1.0553,2.5067,,,,,,,,,,,,,,,,,64.23405421686746,1.7865,29,10,249,117,82,35,15.443137,0,ok,logs/seed_571275.log
304516,irt_only,GHEFT,0,0.0,0,0,1,1.401,0.7725,2.1735,,,,,,,,,,,,,,,,,74.17876512900703,1.9046,35,9,283,133,99,34,15.681874,0,ok,logs/seed_304516.log
986627,irt_only,GHEFT,0,0.0,0,0,1,1.5828,0.855,2.4378,,,,,,,,,,,,,,,,,79.87471987854225,2.052,33,9,263,127,83,44,14.78778,0,ok,logs/seed_986627.log
770441,irt_only,GHEFT,0,0.0,0,0,1,1.3542,0.9406,2.2948,,,,,,,,,,,,,,,,,68.98414653280318,1.5632,35,11,290,162,122,40,19.052035,0,ok,logs/seed_770441.log
153406,irt_only,GHEFT,0,0.0,0,0,1,1.4296,0.9931,2.4227,,,,,,,,,,,,,,,,,73.20738507643311,2.06,38,9,274,140,97,43,17.040211,0,ok,logs/seed_153406.log
912001,irt_only,GHEFT,0,0.0,0,0,1,1.3,0.8368,2.1368,,,,,,,,,,,,,,,,,76.46319518900343,1.7847,38,10,278,130,84,46,17.116843,0,ok,logs/seed_912001.log
888595,irt_only,GHEFT,0,0.0,0,0,1,1.3982,0.8355,2.2337,,,,,,,,,,,,,,,,,79.41424307800195,2.3011,35,9,272,143,94,49,15.44919,0,ok,logs/seed_888595.log
446012,irt_only,GHEFT,0,0.0,0,0,1,1.4988,1.0148,2.5136,,,,,,,,,,,,,,,,,75.24473270731708,2.1594,36,9,284,142,98,44,14.507406,0,ok,logs/seed_446012.log
93464,irt_only,GHEFT,0,0.0,0,0,1,1.4292,0.8704,2.2996,,,,,,,,,,,,,,,,,73.89507519788918,2.2869,36,11,261,140,90,50,17.318382,0,ok,logs/seed_93464.log
936641,irt_only,GHEFT,0,0.0,0,0,1,1.5173,1.0315,2.5488,,,,,,,,,,,,,,,,,69.161505,1.7372,36,8,307,145,93,52,20.361826,0,ok,logs/seed_936641.log
739948,irt_only,GHEFT,0,0.0,0,0,1,1.2156,0.7035,1.9191,,,,,,,,,,,,,,,,,79.5025782533396,2.3714,33,9,279,152,109,43,19.278385,0,ok,logs/seed_739948.log
62927,irt_only,GHEFT,0,0.0,0,0,1,1.5872,0.9006,2.4878,,,,,,,,,,,,,,,,,72.11991926927173,1.927,46,9,310,139,97,42,19.195039,0,ok,logs/seed_62927.log
648277,irt_only,GHEFT,0,0.0,0,0,1,1.532,1.2068,2.7388,,,,,,,,,,,,,,,,,91.83163333333333,2.3481,33,10,272,141,101,40,13.86331,0,ok,logs/seed_648277.log
297455,irt_only,GHEFT,0,0.0,0,0,1,1.3994,0.903,2.3024,,,,,,,,,,,,,,,,,80.21705228927185,1.8292,37,10,308,154,99,55,24.014373,0,ok,logs/seed_297455.log
928299,irt_only,GHEFT,0,0.0,0,0,1,1.4641,1.0162,2.4803,,,,,,,,,,,,,,,,,78.71977205789806,2.3055,30,8,277,148,104,44,14.779887,0,ok,logs/seed_928299.log
296307,irt_only,GHEFT,0,0.0,0,0,1,1.4952,1.0647,2.5599,,,,,,,,,,,,,,,,,112.43800336220475,3.2289,38,11,279,154,96,58,18.874055,0,ok,logs/seed_296307.log
732766,irt_only,GHEFT,0,0.0,0,0,1,1.5457,0.9339,2.4796,,,,,,,,,,,,,,,,,77.61998625484622,1.7683,32,9,281,159,114,45,15.634143,0,ok,logs/seed_732766.log
399011,irt_only,GHEFT,0,0.0,0,0,1,1.4429,1.1168,2.5597,,,,,,,,,,,,,,,,,97.38221952191235,3.232,33,11,266,155,102,53,15.511066,0,ok,logs/seed_399011.log
148624,irt_only,GHEFT,0,0.0,0,0,1,1.4531,1.0789,2.532,,,,,,,,,,,,,,,,,70.22333179279394,1.8789,29,9,276,149,93,56,16.914408,0,ok,logs/seed_148624.log
409113,irt_only,GHEFT,0,0.0,0,0,1,1.3205,0.8705,2.191,,,,,,,,,,,,,,,,,75.35265702167767,1.5231,28,9,263,136,94,42,16.206359,0,ok,logs/seed_409113.log
459727,irt_only,GHEFT,0,0.0,0,0,1,1.5108,1.1256,2.6364,,,,,,,,,,,,,,,,,78.72309925650558,2.0203,39,11,295,139,86,53,19.434893,0,ok,logs/seed_459727.log
144132,irt_only,GHEFT,0,0.0,0,0,1,1.3267,0.8698,2.1965,,,,,,,,,,,,,,,,,67.39085052638701,1.5027,46,11,317,165,107,58,21.764035,0,ok,logs/seed_144132.log
749046,irt_only,GHEFT,0,0.0,0,0,1,1.3102,0.8051,2.1153,,,,,,,,,,,,,,,,,79.36848295238603,2.1304,38,9,299,149,94,55,14.17798,0,ok,logs/seed_749046.log
324901,irt_only,GHEFT,0,0.0,0,0,1,1.3054,0.8267,2.1321,,,,,,,,,,,,,,,,,86.62390452261307,2.4049,35,9,290,148,110,38,18.892651,0,ok,logs/seed_324901.log
786867,irt_only,GHEFT,0,0.0,0,0,1,1.2818,0.7579,2.0397,,,,,,,,,,,,,,,,,63.290227977839336,1.5544,37,11,297,119,87,32,18.242903,0,ok,logs/seed_786867.log
760274,irt_only,GHEFT,0,0.0,0,0,1,1.486,1.0171,2.5031,,,,,,,,,,,,,,,,,85.51020000000001,2.0582,34,10,275,145,106,39,16.081436,0,ok,logs/seed_760274.log
828516,irt_only,GHEFT,0,0.0,0,0,1,1.3652,0.7572,2.1224,,,,,,,,,,,,,,,,,65.10426718133537,1.6282,34,11,265,156,115,41,13.065292,0,ok,logs/seed_828516.log
583657,irt_only,GHEFT,0,0.0,0,0,1,1.4463,1.0107,2.457,,,,,,,,,,,,,,,,,89.26524651495018,1.9062,33,8,281,137,93,44,22.801348,0,ok,logs/seed_583657.log
678530,irt_only,GHEFT,0,0.0,0,0,1,1.327,0.8907,2.2177,,,,,,,,,,,,,,,,,66.05157203198551,1.7533,41,11,302,137,85,52,18.750312,0,ok,logs/seed_678530.log
834347,irt_only,GHEFT,0,0.0,0,0,1,1.3892,0.9317,2.3209,,,,,,,,,,,,,,,,,73.86887377950868,1.8607,31,8,267,135,94,41,14.74861,0,ok,logs/seed_834347.log
751299,irt_only,GHEFT,0,0.0,0,0,1,1.3606,0.7723,2.1329,,,,,,,,,,,,,,,,,65.16054043092522,1.8641,40,9,295,142,99,43,17.153386,0,ok,logs/seed_751299.log
47272,irt_only,GHEFT,0,0.0,0,0,1,1.4694,0.916,2.3854,,,,,,,,,,,,,,,,,75.10044080597015,2.0061,34,8,283,149,105,44,15.325225,0,ok,logs/seed_47272.log
302457,irt_only,GHEFT,0,0.0,0,0,1,1.361,0.796,2.157,,,,,,,,,,,,,,,,,71.63550576190475,2.0164,32,8,271,145,94,51,16.58001,0,ok,logs/seed_302457.log
506952,irt_only,GHEFT,0,0.0,0,0,1,1.5864,0.8789,2.4653,,,,,,,,,,,,,,,,,66.71967923343847,2.2981,41,11,278,151,113,38,14.74937,0,ok,logs/seed_506952.log
153133,irt_only,GHEFT,0,0.0,0,0,1,1.4523,0.9614,2.4137,,,,,,,,,,,,,,,,,63.79874681139756,1.7367,29,9,283,131,90,41,16.659659,0,ok,logs/seed_153133.log
470911,irt_only,GHEFT,0,0.0,0,0,1,1.5955,0.9173,2.5128,,,,,,,,,,,,,,,,,71.16012903225807,1.9738,34,10,290,142,94,48,20.112029,0,ok,logs/seed_470911.log
261338,irt_only,GHEFT,0,0.0,0,0,1,1.4165,0.8321,2.2486,,,,,,,,,,,,,,,,,92.48929327429664,2.3615,33,10,273,135,91,44,17.496403,0,ok,logs/seed_261338.log
669829,irt_only,GHEFT,0,0.0,0,0,1,1.4052,0.9071,2.3123,,,,,,,,,,,,,,,,,89.54271353447884,2.1964,35,9,263,137,101,36,15.995509,0,ok,logs/seed_669829.log
681823,irt_only,GHEFT,0,0.0,0,0,1,1.446,0.8051,2.2511,,,,,,,,,,,,,,,,,59.655313810810824,1.6326,36,11,290,137,89,48,15.396646,0,ok,logs/seed_681823.log
829532,irt_only,GHEFT,0,0.0,0,0,1,1.4153,0.7819,2.1972,,,,,,,,,,,,,,,,,70.3594387096774,2.3724,40,10,277,164,117,47,16.554313,0,ok,logs/seed_829532.log
100374,irt_only,GHEFT,0,0.0,0,0,1,1.288,0.8091,2.0971,,,,,,,,,,,,,,,,,99.3151282913165,2.5055,37,11,301,169,121,48,19.327186,0,ok,logs/seed_100374.log
332803,irt_only,GHEFT,0,0.0,0,0,1,1.411,0.9839,2.3949,,,,,,,,,,,,,,,,,68.78313645033114,1.6175,32,10,256,127,91,36,13.77326,0,ok,logs/seed_332803.log
857688,irt_only,GHEFT,0,0.0,0,0,1,1.4111,0.8409,2.252,,,,,,,,,,,,,,,,,78.55297805952308,1.6946,37,11,279,155,100,55,18.196555,0,ok,logs/seed_857688.log
992778,irt_only,GHEFT,0,0.0,0,0,1,1.4452,1.1943,2.6395,,,,,,,,,,,,,,,,,78.51954117647057,2.2583,31,10,270,131,93,38,19.896968,0,ok,logs/seed_992778.log
553562,irt_only,GHEFT,0,0.0,0,0,1,1.5042,0.9567,2.4609,,,,,,,,,,,,,,,,,74.72010887458786,2.1418,33,11,285,159,94,65,15.939398,0,ok,logs/seed_553562.log
536653,irt_only,GHEFT,0,0.0,0,0,1,1.4282,0.9882,2.4164,,,,,,,,,,,,,,,,,90.3328711656442,1.9575,33,8,288,148,106,42,19.818217,0,ok,logs/seed_536653.log
934999,irt_only,GHEFT,0,0.0,0,0,1,1.4513,0.8276,2.2789,,,,,,,,,,,,,,,,,63.502525357322114,1.8385,34,9,292,147,103,44,15.819165,0,ok,logs/seed_934999.log
560912,irt_only,GHEFT,0,0.0,0,0,1,1.5716,1.1082,2.6798,,,,,,,,,,,,,,,,,78.94972640944881,1.7981,33,10,271,134,92,42,14.810793,0,ok,logs/seed_560912.log
474714,irt_only,GHEFT,0,0.0,0,0,1,1.5453,1.1363,2.6816,,,,,,,,,,,,,,,,,90.11365031344481,2.303,33,8,271,150,102,48,12.778522,0,ok,logs/seed_474714.log
221092,irt_only,GHEFT,0,0.0,0,0,1,1.277,0.7654,2.0424,,,,,,,,,,,,,,,,,66.52841744966442,2.349,32,9,258,119,81,38,12.329694,0,ok,logs/seed_221092.log
509580,irt_only,GHEFT,0,0.0,0,0,1,1.5474,0.945,2.4924,,,,,,,,,,,,,,,,,71.9745529878729,1.9396,34,10,279,143,99,44,13.336815,0,ok,logs/seed_509580.log
57053,irt_only,GHEFT,0,0.0,0,0,1,1.4261,1.1209,2.547,,,,,,,,,,,,,,,,,86.72066025,2.7615,27,10,270,122,84,38,12.406032,0,ok,logs/seed_57053.log
928433,irt_only,GHEFT,0,0.0,0,0,1,1.3705,0.9233,2.2938,,,,,,,,,,,,,,,,,77.57494177978886,1.5727,37,11,303,133,88,45,15.438327,0,ok,logs/seed_928433.log
881017,irt_only,GHEFT,0,0.0,0,0,1,1.4952,0.9001,2.3953,,,,,,,,,,,,,,,,,68.97565952135498,1.6165,36,10,299,150,102,48,14.117166,0,ok,logs/seed_881017.log
892380,irt_only,GHEFT,0,0.0,0,0,1,1.4579,0.9428,2.4007,,,,,,,,,,,,,,,,,73.98394666473989,2.0007,35,11,276,130,79,51,16.229756,0,ok,logs/seed_892380.log
758824,irt_only,GHEFT,0,0.0,0,0,1,1.3647,0.8317,2.1964,,,,,,,,,,,,,,,,,67.8035388888889,1.784,45,11,318,161,106,55,14.081533,0,ok,logs/seed_758824.log
551160,irt_only,GHEFT,0,0.0,0,0,1,1.5804,0.9599,2.5403,,,,,,,,,,,,,,,,,76.79608444640435,2.0589,29,8,265,117,70,47,13.246341,0,ok,logs/seed_551160.log
833352,irt_only,GHEFT,0,0.0,0,0,1,1.3774,0.7859,2.1633,,,,,,,,,,,,,,,,,74.44429136453527,2.1495,39,10,290,137,96,41,16.366647,0,ok,logs/seed_833352.log
841142,irt_only,GHEFT,0,0.0,0,0,1,1.6036,1.0154,2.619,,,,,,,,,,,,,,,,,73.51481993478188,2.39,41,10,296,149,95,54,16.088404,0,ok,logs/seed_841142.log
484796,irt_only,GHEFT,0,0.0,0,0,1,1.4515,0.9202,2.3717,,,,,,,,,,,,,,,,,82.6863076923077,2.0224,34,11,262,149,99,50,15.118582,0,ok,logs/seed_484796.log
648201,irt_only,GHEFT,0,0.0,0,0,1,1.395,0.8151,2.2101,,,,,,,,,,,,,,,,,68.55014893617022,1.4524,32,9,286,135,99,36,12.999554,0,ok,logs/seed_648201.log
414611,irt_only,GHEFT,0,0.0,0,0,1,1.4913,1.0152,2.5065,,,,,,,,,,,,,,,,,71.97205149700598,2.0523,36,10,278,165,97,68,15.67578,0,ok,logs/seed_414611.log
675510,irt_only,GHEFT,0,0.0,0,0,1,1.3691,0.915,2.2841,,,,,,,,,,,,,,,,,91.58410055370985,1.8049,29,8,265,126,86,40,12.136072,0,ok,logs/seed_675510.log
648624,irt_only,GHEFT,0,0.0,0,0,1,1.3828,0.9428,2.3256,,,,,,,,,,,,,,,,,76.24933333333335,1.8367,26,8,272,140,95,45,15.430545,0,ok,logs/seed_648624.log
759693,irt_only,GHEFT,0,0.0,0,0,1,1.5161,0.7863,2.3024,,,,,,,,,,,,,,,,,81.1719772609819,1.7896,43,10,291,154,112,42,18.905669,0,ok,logs/seed_759693.log
774549,irt_only,GHEFT,0,0.0,0,0,1,1.3908,1.1367,2.5275,,,,,,,,,,,,,,,,,86.66722261086821,2.1425,34,11,285,160,94,66,16.149969,0,ok,logs/seed_774549.log
358234,irt_only,GHEFT,0,0.0,0,0,1,1.2965,1.0381,2.3346,,,,,,,,,,,,,,,,,78.5853572881563,1.9764,34,10,284,134,97,37,17.03599,0,ok,logs/seed_358234.log
601465,irt_only,GHEFT,0,0.0,0,0,1,1.6781,0.9132,2.5913,,,,,,,,,,,,,,,,,61.11214718792868,1.8934,30,8,272,127,89,38,15.684218,0,ok,logs/seed_601465.log
896564,irt_only,GHEFT,0,0.0,0,0,1,1.5495,0.8265,2.376,,,,,,,,,,,,,,,,,74.22321855128126,2.3084,30,9,261,145,101,44,13.785167,0,ok,logs/seed_896564.log
706427,irt_only,GHEFT,0,0.0,0,0,1,1.3673,0.7679,2.1352,,,,,,,,,,,,,,,,,80.24075265138873,2.3257,34,8,310,125,91,34,14.894744,0,ok,logs/seed_706427.log
677732,irt_only,GHEFT,0,0.0,0,0,1,1.6318,1.0541,2.6859,,,,,,,,,,,,,,,,,80.24310291167112,2.5946,28,9,290,155,105,50,14.880827,0,ok,logs/seed_677732.log
809910,irt_only,GHEFT,0,0.0,0,0,1,1.3753,1.0518,2.4271,,,,,,,,,,,,,,,,,98.50170678282713,2.5014,36,10,303,163,108,55,17.057262,0,ok,logs/seed_809910.log
309949,irt_only,GHEFT,0,0.0,0,0,1,1.3655,0.9236,2.2891,,,,,,,,,,,,,,,,,74.97252227872129,2.499,38,10,278,163,103,60,13.967773,0,ok,logs/seed_309949.log
966961,irt_only,GHEFT,0,0.0,0,0,1,1.6346,1.1573,2.7919,,,,,,,,,,,,,,,,,78.84672807182322,2.4404,33,10,263,140,91,49,14.137391,0,ok,logs/seed_966961.log
502603,irt_only,GHEFT,0,0.0,0,0,1,1.401,0.7864,2.1874,,,,,,,,,,,,,,,,,69.02900435835352,1.4472,38,8,284,131,90,41,12.531822,0,ok,logs/seed_502603.log
896043,irt_only,GHEFT,0,0.0,0,0,1,1.1987,0.7294,1.9281,,,,,,,,,,,,,,,,,74.1604531120332,2.2552,37,11,286,149,104,45,15.424948,0,ok,logs/seed_896043.log
470910,irt_only,GHEFT,0,0.0,0,0,1,1.3192,0.8911,2.2103,,,,,,,,,,,,,,,,,81.21213954786866,2.2474,32,8,263,153,94,59,13.119385,0,ok,logs/seed_470910.log
371373,irt_only,GHEFT,0,0.0,0,0,1,1.5019,0.7449,2.2468,,,,,,,,,,,,,,,,,91.39406331658293,2.3218,41,9,310,157,104,53,14.9172,0,ok,logs/seed_371373.log
463349,irt_only,GHEFT,0,0.0,0,0,1,1.3104,0.8462,2.1566,,,,,,,,,,,,,,,,,86.06482636063518,2.4654,31,9,281,143,93,50,14.789495,0,ok,logs/seed_463349.log
736327,irt_only,GHEFT,0,0.0,0,0,1,1.2912,0.9059,2.1971,,,,,,,,,,,,,,,,,84.83824168857751,1.9273,36,8,265,128,95,33,14.966257,0,ok,logs/seed_736327.log
839398,irt_only,GHEFT,0,0.0,0,0,1,1.36,0.8469,2.2069,,,,,,,,,,,,,,,,,95.40672528593225,2.2805,32,8,264,127,98,29,13.985331,0,ok,logs/seed_839398.log
966086,irt_only,GHEFT,0,0.0,0,0,1,1.5472,0.9911,2.5383,,,,,,,,,,,,,,,,,90.21999608234395,2.5093,40,12,287,160,106,54,14.911017,0,ok,logs/seed_966086.log
690129,irt_only,GHEFT,0,0.0,0,0,1,1.5842,0.8822,2.4664,,,,,,,,,,,,,,,,,90.51263234421363,1.9663,41,11,282,166,112,54,12.620692,0,ok,logs/seed_690129.log
268750,irt_only,GHEFT,0,0.0,0,0,1,1.5087,1.0678,2.5765,,,,,,,,,,,,,,,,,86.21220777966101,2.7599,33,10,273,129,94,35,12.558321,0,ok,logs/seed_268750.log
918021,irt_only,GHEFT,0,0.0,0,0,1,1.523,0.9494,2.4724,,,,,,,,,,,,,,,,,66.27940352671756,1.9991,32,9,290,115,74,41,14.349469,0,ok,logs/seed_918021.log
611051,irt_only,GHEFT,0,0.0,0,0,1,1.4447,0.9042,2.3489,,,,,,,,,,,,,,,,,73.27902349165598,1.8247,35,9,292,152,104,48,14.64754,0,ok,logs/seed_611051.log
728198,irt_only,GHEFT,0,0.0,0,0,1,1.5208,0.8171,2.3379,,,,,,,,,,,,,,,,,85.26342434367542,2.0302,39,10,290,166,121,45,15.56099,0,ok,logs/seed_728198.log
658673,irt_only,GHEFT,0,0.0,0,0,1,1.6503,1.324,2.9743,,,,,,,,,,,,,,,,,80.86399174714663,1.9671,32,8,258,115,81,34,12.332885,0,ok,logs/seed_658673.log
357871,irt_only,GHEFT,0,0.0,0,0,1,1.4964,0.8939,2.3903,,,,,,,,,,,,,,,,,70.54634288960932,2.154,33,9,271,122,88,34,13.014486,0,ok,logs/seed_357871.log
152055,irt_only,GHEFT,0,0.0,0,0,1,1.4303,0.8592,2.2895,,,,,,,,,,,,,,,,,67.34375814285714,1.8441,32,8,287,145,102,43,11.379691,0,ok,logs/seed_152055.log
262601,irt_only,GHEFT,0,0.0,0,0,1,1.3333,0.9099,2.2432,,,,,,,,,,,,,,,,,87.63308148148147,2.5281,37,9,283,159,105,54,13.06702,0,ok,logs/seed_262601.log
629872,irt_only,GHEFT,0,0.0,0,0,1,1.6565,1.007,2.6635,,,,,,,,,,,,,,,,,75.92045161290324,1.8312,34,10,275,137,100,37,13.679892,0,ok,logs/seed_629872.log
471208,irt_only,GHEFT,0,0.0,0,0,1,1.5299,0.9087,2.4386,,,,,,,,,,,,,,,,,63.536438113402056,1.3381,37,11,285,140,107,33,14.634983,0,ok,logs/seed_471208.log
255275,irt_only,GHEFT,0,0.0,0,0,1,1.5069,0.9128,2.4197,,,,,,,,,,,,,,,,,76.04853176312247,2.4455,30,9,275,140,100,40,15.507043,0,ok,logs/seed_255275.log
730423,irt_only,GHEFT,0,0.0,0,0,1,1.3635,1.136,2.4995,,,,,,,,,,,,,,,,,74.16777878787879,1.9306,37,11,284,159,91,68,14.320413,0,ok,logs/seed_730423.log
143984,irt_only,GHEFT,0,0.0,0,0,1,1.3316,1.0204,2.352,,,,,,,,,,,,,,,,,86.84547739751552,1.9544,32,8,288,140,99,41,12.728347,0,ok,logs/seed_143984.log
395892,irt_only,GHEFT,0,0.0,0,0,1,1.4562,0.9893,2.4455,,,,,,,,,,,,,,,,,72.74468731735448,2.2986,37,11,285,150,101,49,15.091764,0,ok,logs/seed_395892.log
773877,irt_only,GHEFT,0,0.0,0,0,1,1.2092,0.9923,2.2015,,,,,,,,,,,,,,,,,80.70461631100474,2.486,34,10,285,133,98,35,14.075676,0,ok,logs/seed_773877.log
880174,irt_only,GHEFT,0,0.0,0,0,1,1.4885,1.0264,2.5149,,,,,,,,,,,,,,,,,67.22908050713156,1.7541,33,9,276,143,103,40,13.620549,0,ok,logs/seed_880174.log
237837,irt_only,GHEFT,0,0.0,0,0,1,1.4929,0.8594,2.3523,,,,,,,,,,,,,,,,,74.99963423423422,1.6805,34,11,283,148,97,51,17.49567,0,ok,logs/seed_237837.log
835442,irt_only,GHEFT,0,0.0,0,0,1,1.4805,1.0361,2.5166,,,,,,,,,,,,,,,,,68.6480772076174,1.8374,32,10,276,122,88,34,14.489197,0,ok,logs/seed_835442.log
453398,irt_only,GHEFT,0,0.0,0,0,1,1.4855,1.1408,2.6263,,,,,,,,,,,,,,,,,90.7279,2.8669,35,10,280,153,99,54,14.415105,0,ok,logs/seed_453398.log
540634,irt_only,GHEFT,0,0.0,0,0,1,1.4507,0.9045,2.3552,,,,,,,,,,,,,,,,,96.5017327043372,2.5161,33,10,267,143,98,45,15.984862,0,ok,logs/seed_540634.log
574410,irt_only,GHEFT,0,0.0,0,0,1,1.5613,0.929,2.4903,,,,,,,,,,,,,,,,,84.68607790173981,1.9949,36,9,261,143,87,56,10.41077,0,ok,logs/seed_574410.log
445140,irt_only,GHEFT,0,0.0,0,0,1,1.494,0.8626,2.3566,,,,,,,,,,,,,,,,,58.49824823655915,1.8847,32,10,264,111,75,36,14.484851,0,ok,logs/seed_445140.log
264094,irt_only,GHEFT,0,0.0,0,0,1,1.2769,1.0072,2.2841,,,,,,,,,,,,,,,,,91.47648867635405,1.9189,31,9,284,150,96,54,16.879277,0,ok,logs/seed_264094.log
534582,irt_only,GHEFT,0,0.0,0,0,1,1.2861,0.8509,2.137,,,,,,,,,,,,,,,,,69.42751515135932,1.7282,33,8,272,140,96,44,12.388869,0,ok,logs/seed_534582.log
26052,irt_only,GHEFT,0,0.0,0,0,1,1.4229,0.717,2.1399,,,,,,,,,,,,,,,,,83.12911249999999,1.9458,39,9,303,160,120,40,14.712981,0,ok,logs/seed_26052.log
734749,irt_only,GHEFT,0,0.0,0,0,1,1.493,0.8793,2.3723,,,,,,,,,,,,,,,,,79.24344770932069,1.7913,41,10,289,123,91,32,15.370011,0,ok,logs/seed_734749.log
141813,irt_only,GHEFT,0,0.0,0,0,1,1.345,0.8569,2.2019,,,,,,,,,,,,,,,,,67.28474455844155,1.9925,27,10,251,123,86,37,13.951909,0,ok,logs/seed_141813.log
253057,irt_only,GHEFT,0,0.0,0,0,1,1.6066,1.202,2.8086,,,,,,,,,,,,,,,,,78.05365443445693,2.263,32,9,271,133,86,47,12.232313,0,ok,logs/seed_253057.log
862373,irt_only,GHEFT,0,0.0,0,0,1,1.4022,0.8291,2.2313,,,,,,,,,,,,,,,,,73.01767366805105,1.7256,38,9,279,152,106,46,12.65506,0,ok,logs/seed_862373.log
947420,irt_only,GHEFT,0,0.0,0,0,1,1.3188,0.7477,2.0665,,,,,,,,,,,,,,,,,78.36102050816697,1.8838,28,10,255,129,86,43,13.784451,0,ok,logs/seed_947420.log
808853,irt_only,GHEFT,0,0.0,0,0,1,1.3762,1.0942,2.4704,,,,,,,,,,,,,,,,,74.06839818309858,1.5961,30,8,304,151,100,51,11.859951,0,ok,logs/seed_808853.log
771950,irt_only,GHEFT,0,0.0,0,0,1,1.5552,1.1171,2.6723,,,,,,,,,,,,,,,,,75.83413163751987,2.0737,30,8,268,133,90,43,11.251167,0,ok,logs/seed_771950.log
198309,irt_only,GHEFT,0,0.0,0,0,1,1.4495,0.9383,2.3878,,,,,,,,,,,,,,,,,86.31190656899619,2.1539,41,10,282,150,100,50,13.9221,0,ok,logs/seed_198309.log
178238,irt_only,GHEFT,0,0.0,0,0,1,1.5948,1.0331,2.6279,,,,,,,,,,,,,,,,,68.72542597891102,2.1351,33,9,291,134,86,48,12.451335,0,ok,logs/seed_178238.log
478635,irt_only,GHEFT,0,0.0,0,0,1,1.592,0.8894,2.4814,,,,,,,,,,,,,,,,,77.3882572202758,2.5781,32,9,294,156,107,49,13.960066,0,ok,logs/seed_478635.log
665430,irt_only,GHEFT,0,0.0,0,0,1,1.328,0.8069,2.1349,,,,,,,,,,,,,,,,,72.4488732327244,1.2556,34,10,273,145,104,41,9.726381,0,ok,logs/seed_665430.log
841802,irt_only,GHEFT,0,0.0,0,0,1,1.2988,0.9211,2.2199,,,,,,,,,,,,,,,,,85.83896483825599,2.0179,28,8,268,135,89,46,9.914824,0,ok,logs/seed_841802.log
825694,irt_only,GHEFT,0,0.0,0,0,1,1.4427,0.771,2.2137,,,,,,,,,,,,,,,,,73.07258726752505,1.5398,30,10,271,143,103,40,13.22551,0,ok,logs/seed_825694.log
407219,irt_only,GHEFT,0,0.0,0,0,1,1.3845,0.9627,2.3472,,,,,,,,,,,,,,,,,113.41430000000001,2.3575,34,10,263,159,127,32,10.868495,0,ok,logs/seed_407219.log
290466,irt_only,GHEFT,0,0.0,0,0,1,1.4855,0.9536,2.4391,,,,,,,,,,,,,,,,,86.2120320513665,2.725,28,10,268,141,100,41,13.862959,0,ok,logs/seed_290466.log
797644,irt_only,GHEFT,0,0.0,0,0,1,1.4679,0.7874,2.2553,,,,,,,,,,,,,,,,,78.30692753061226,1.8711,36,10,283,152,105,47,10.465398,0,ok,logs/seed_797644.log
9862,irt_only,GHEFT,0,0.0,0,0,1,1.3864,0.9674,2.3538,,,,,,,,,,,,,,,,,76.7420697966102,2.0224,35,9,287,142,86,56,11.675053,0,ok,logs/seed_9862.log
435679,irt_only,GHEFT,0,0.0,0,0,1,1.4346,0.9214,2.356,,,,,,,,,,,,,,,,,102.1426754680851,2.5463,38,11,283,187,125,62,14.576105,0,ok,logs/seed_435679.log
743887,irt_only,GHEFT,0,0.0,0,0,1,1.2698,0.7885,2.0583,,,,,,,,,,,,,,,,,70.4651450867052,1.6652,38,11,286,128,88,40,12.318651,0,ok,logs/seed_743887.log
807745,irt_only,GHEFT,0,0.0,0,0,1,1.5312,0.9639,2.4951,,,,,,,,,,,,,,,,,128.60226666666665,2.8475,37,10,294,141,107,34,13.197943,0,ok,logs/seed_807745.log
893649,irt_only,GHEFT,0,0.0,0,0,1,1.4686,0.7804,2.249,,,,,,,,,,,,,,,,,70.34865016458195,1.4868,30,9,264,155,105,50,8.443968,0,ok,logs/seed_893649.log
654989,irt_only,GHEFT,0,0.0,0,0,1,1.576,0.8294,2.4054,,,,,,,,,,,,,,,,,63.81699858103062,1.7233,37,10,294,149,109,40,13.546593,0,ok,logs/seed_654989.log
685027,irt_only,GHEFT,0,0.0,0,0,1,1.3724,1.1501,2.5225,,,,,,,,,,,,,,,,,75.41589457364341,2.3698,36,10,294,153,106,47,12.843503,0,ok,logs/seed_685027.log
967091,irt_only,GHEFT,0,0.0,0,0,1,1.5514,0.9764,2.5278,,,,,,,,,,,,,,,,,64.44671412174496,2.0796,32,10,285,147,92,55,10.831048,0,ok,logs/seed_967091.log
541087,irt_only,GHEFT,0,0.0,0,0,1,1.3355,0.7974,2.1329,,,,,,,,,,,,,,,,,77.88034664310955,1.7566,40,11,285,155,114,41,13.192693,0,ok,logs/seed_541087.log
20393,irt_only,GHEFT,0,0.0,0,0,1,1.4721,1.0089,2.481,,,,,,,,,,,,,,,,,72.6281437236315,1.9205,32,10,262,120,78,42,9.812406,0,ok,logs/seed_20393.log
418812,irt_only,GHEFT,0,0.0,0,0,1,1.4686,0.9207,2.3893,,,,,,,,,,,,,,,,,91.17256434995913,2.3602,44,10,305,177,103,74,12.736221,0,ok,logs/seed_418812.log
437790,irt_only,GHEFT,0,0.0,0,0,1,1.7619,1.0964,2.8583,,,,,,,,,,,,,,,,,86.81678330632091,2.2858,35,11,287,181,118,63,14.832225,0,ok,logs/seed_437790.log
855359,irt_only,GHEFT,0,0.0,0,0,1,1.5054,1.0269,2.5323,,,,,,,,,,,,,,,,,69.33798881118882,1.8189,31,8,283,144,95,49,11.389476,0,ok,logs/seed_855359.log
510703,irt_only,GHEFT,0,0.0,0,0,1,1.5145,1.0959,2.6104,,,,,,,,,,,,,,,,,73.81737611618642,1.826,35,10,287,147,98,49,12.495573,0,ok,logs/seed_510703.log
949250,irt_only,GHEFT,0,0.0,0,0,1,1.487,1.115,2.602,,,,,,,,,,,,,,,,,87.60440566037735,2.76,40,10,267,133,91,42,11.763113,0,ok,logs/seed_949250.log
123134,irt_only,GHEFT,0,0.0,0,0,1,1.3793,1.0107,2.39,,,,,,,,,,,,,,,,,70.84069808029197,2.1601,34,10,296,139,100,39,14.003746,0,ok,logs/seed_123134.log
90939,irt_only,GHEFT,0,0.0,0,0,1,1.3643,0.967,2.3313,,,,,,,,,,,,,,,,,85.25704922695037,2.1624,38,10,296,160,108,52,10.166019,0,ok,logs/seed_90939.log
309305,irt_only,GHEFT,0,0.0,0,0,1,1.3612,0.9641,2.3253,,,,,,,,,,,,,,,,,77.2849892749966,2.0789,37,8,293,145,97,48,11.229546,0,ok,logs/seed_309305.log
329467,irt_only,GHEFT,0,0.0,0,0,1,1.4342,0.9046,2.3388,,,,,,,,,,,,,,,,,69.57185848375451,2.2437,36,11,264,156,92,64,12.370383,0,ok,logs/seed_329467.log
357848,irt_only,GHEFT,0,0.0,0,0,1,1.425,0.858,2.283,,,,,,,,,,,,,,,,,67.1728922829582,2.1051,32,8,278,118,85,33,10.633509,0,ok,logs/seed_357848.log
575107,irt_only,GHEFT,0,0.0,0,0,1,1.4163,0.8071,2.2234,,,,,,,,,,,,,,,,,65.9317836734694,1.8852,45,12,291,126,86,40,12.885664,0,ok,logs/seed_575107.log
672485,irt_only,GHEFT,0,0.0,0,0,1,1.43,0.8884,2.3184,,,,,,,,,,,,,,,,,76.2866976101695,2.36,35,9,284,147,100,47,11.685031,0,ok,logs/seed_672485.log
454637,irt_only,GHEFT,0,0.0,0,0,1,1.1921,0.735,1.9271,,,,,,,,,,,,,,,,,87.87363450009525,1.7023,36,9,288,152,109,43,11.367966,0,ok,logs/seed_454637.log
178460,irt_only,GHEFT,0,0.0,0,0,1,1.3516,0.7567,2.1083,,,,,,,,,,,,,,,,,95.72259269363538,1.9577,32,9,299,151,106,45,13.500543,0,ok,logs/seed_178460.log
69629,irt_only,GHEFT,0,0.0,0,0,1,1.5079,0.9498,2.4577,,,,,,,,,,,,,,,,,75.16449699383665,1.6625,34,9,281,133,85,48,12.852943,0,ok,logs/seed_69629.log
406305,irt_only,GHEFT,0,0.0,0,0,1,1.5534,0.8659,2.4193,,,,,,,,,,,,,,,,,72.53380732911394,1.951,36,9,293,147,99,48,11.576645,0,ok,logs/seed_406305.log
310214,irt_only,GHEFT,0,0.0,0,0,1,1.479,1.0063,2.4853,,,,,,,,,,,,,,,,,78.8575641509434,2.4379,34,9,276,151,102,49,10.730374,0,ok,logs/seed_310214.log
494212,irt_only,GHEFT,0,0.0,0,0,1,1.2912,0.9597,2.2509,,,,,,,,,,,,,,,,,78.94915527754533,1.7173,35,9,283,125,91,34,12.169549,0,ok,logs/seed_494212.log
413922,irt_only,GHEFT,0,0.0,0,0,1,1.448,0.8648,2.3128,,,,,,,,,,,,,,,,,67.76401777736874,2.0073,42,11,300,130,92,38,13.44123,0,ok,logs/seed_413922.log
342318,irt_only,GHEFT,0,0.0,0,0,1,1.3644,0.7306,2.095,,,,,,,,,,,,,,,,,86.33837093006991,2.0194,50,11,322,185,125,60,13.941541,0,ok,logs/seed_342318.log
98584,irt_only,GHEFT,0,0.0,0,0,1,1.3151,0.8777,2.1928,,,,,,,,,,,,,,,,,76.06946798611186,2.1174,36,8,286,137,85,52,11.846535,0,ok,logs/seed_98584.log
300148,irt_only,GHEFT,0,0.0,0,0,1,1.4665,0.9872,2.4537,,,,,,,,,,,,,,,,,72.0662848101266,1.5887,32,9,255,135,91,44,9.143799,0,ok,logs/seed_300148.log
126455,irt_only,GHEFT,0,0.0,0,0,1,1.4023,0.8708,2.2731,,,,,,,,,,,,,,,,,75.4037490836237,2.4511,38,8,297,146,95,51,14.412612,0,ok,logs/seed_126455.log
565222,irt_only,GHEFT,0,0.0,0,0,1,1.4482,0.8892,2.3374,,,,,,,,,,,,,,,,,74.13922271034977,1.4471,38,10,291,138,89,49,9.890411,0,ok,logs/seed_565222.log
239697,irt_only,GHEFT,0,0.0,0,0,1,1.4131,1.0095,2.4226,,,,,,,,,,,,,,,,,69.59137427914612,1.6404,37,10,279,136,97,39,10.461613,0,ok,logs/seed_239697.log
919700,irt_only,GHEFT,0,0.0,0,0,1,1.5658,0.9962,2.562,,,,,,,,,,,,,,,,,65.32585518719212,1.7826,37,11,302,161,107,54,12.143268,0,ok,logs/seed_919700.log
924776,irt_only,GHEFT,0,0.0,0,0,1,1.3511,0.6532,2.0043,,,,,,,,,,,,,,,,,60.65239624085445,1.6872,44,11,274,144,110,34,9.636532,0,ok,logs/seed_924776.log
960470,irt_only,GHEFT,0,0.0,0,0,1,1.4033,0.7237,2.127,,,,,,,,,,,,,,,,,103.90217758852462,2.3833,37,10,300,162,109,53,11.789252,0,ok,logs/seed_960470.log
8986,irt_only,GHEFT,0,0.0,0,0,1,1.4233,1.1958,2.6191,,,,,,,,,,,,,,,,,75.19372798434443,2.2655,33,8,281,138,88,50,11.513713,0,ok,logs/seed_8986.log
837970,irt_only,GHEFT,0,0.0,0,0,1,1.3652,0.9693,2.3345,,,,,,,,,,,,,,,,,78.7600965759412,2.1789,37,11,271,141,101,40,11.994272,0,ok,logs/seed_837970.log
445997,irt_only,GHEFT,0,0.0,0,0,1,1.3488,0.8815,2.2303,,,,,,,,,,,,,,,,,72.41011337386017,1.8098,30,9,266,129,89,40,9.707688,0,ok,logs/seed_445997.log
415494,irt_only,GHEFT,0,0.0,0,0,1,1.3143,0.9538,2.2681,,,,,,,,,,,,,,,,,67.15158183427283,1.5149,31,8,305,117,87,30,9.549299,0,ok,logs/seed_415494.log
129849,irt_only,GHEFT,0,0.0,0,0,1,1.5898,0.8854,2.4752,,,,,,,,,,,,,,,,,62.38620000000001,1.9991,38,11,297,141,99,42,10.130449,0,ok,logs/seed_129849.log
708068,irt_only,GHEFT,0,0.0,0,0,1,1.3529,1.0,2.3529,,,,,,,,,,,,,,,,,76.6973435272045,1.8777,40,12,291,156,94,62,10.446104,0,ok,logs/seed_708068.log
238574,irt_only,GHEFT,0,0.0,0,0,1,1.434,0.885,2.319,,,,,,,,,,,,,,,,,77.27063794878563,1.5821,37,10,281,141,103,38,12.301411,0,ok,logs/seed_238574.log
556369,irt_only,GHEFT,0,0.0,0,0,1,1.3295,0.9489,2.2784,,,,,,,,,,,,,,,,,84.61661973466005,2.5361,40,11,276,153,103,50,12.918995,0,ok,logs/seed_556369.log
100974,irt_only,GHEFT,0,0.0,0,0,1,1.4865,1.0151,2.5016,,,,,,,,,,,,,,,,,75.46028037823781,2.7301,33,10,278,155,98,57,10.554962,0,ok,logs/seed_100974.log
539817,irt_only,GHEFT,0,0.0,0,0,1,1.483,1.0669,2.5499,,,,,,,,,,,,,,,,,71.02117899159663,1.8303,31,10,255,148,103,45,10.610448,0,ok,logs/seed_539817.log
877980,irt_only,GHEFT,0,0.0,0,0,1,1.4924,0.8745,2.3669,,,,,,,,,,,,,,,,,59.03479802693295,1.6686,34,10,291,151,93,58,11.448781,0,ok,logs/seed_877980.log
104840,irt_only,GHEFT,0,0.0,0,0,1,1.4699,0.8525,2.3224,,,,,,,,,,,,,,,,,96.3477075949367,1.8767,34,10,281,158,112,46,11.888355,0,ok,logs/seed_104840.log
17893,irt_only,GHEFT,0,0.0,0,0,1,1.3894,0.8151,2.2045,,,,,,,,,,,,,,,,,73.57537692307693,1.7569,35,11,273,136,93,43,13.720354,0,ok,logs/seed_17893.log
915164,irt_only,GHEFT,0,0.0,0,0,1,1.4055,0.8991,2.3046,,,,,,,,,,,,,,,,,82.7096405113263,2.6691,32,9,295,151,101,50,15.052236,0,ok,logs/seed_915164.log
423820,irt_only,GHEFT,0,0.0,0,0,1,1.6492,1.3378,2.987,,,,,,,,,,,,,,,,,117.41519826027398,2.4195,40,11,301,162,106,56,9.72359,0,ok,logs/seed_423820.log
27065,irt_only,GHEFT,0,0.0,0,0,1,1.3163,0.9141,2.2304,,,,,,,,,,,,,,,,,74.8897062631579,1.9961,43,11,293,137,95,42,12.046774,0,ok,logs/seed_27065.log
437214,irt_only,GHEFT,0,0.0,0,0,1,1.3713,1.0874,2.4587,,,,,,,,,,,,,,,,,81.13718121085596,2.2164,35,10,301,173,118,55,12.874801,0,ok,logs/seed_437214.log
832443,irt_only,GHEFT,0,0.0,0,0,1,1.359,0.7742,2.1332,,,,,,,,,,,,,,,,,77.55325585996954,1.45,33,11,292,167,116,51,11.686382,0,ok,logs/seed_832443.log
193554,irt_only,GHEFT,0,0.0,0,0,1,1.5659,0.8219,2.3878,,,,,,,,,,,,,,,,,63.67619248229252,1.7475,40,10,298,164,118,46,11.455765,0,ok,logs/seed_193554.log
312935,irt_only,GHEFT,0,0.0,0,0,1,1.3928,1.0931,2.4859,,,,,,,,,,,,,,,,,77.39454936396233,2.7094,32,9,281,118,80,38,10.259447,0,ok,logs/seed_312935.log
518996,irt_only,GHEFT,0,0.0,0,0,1,1.294,0.8834,2.1774,,,,,,,,,,,,,,,,,111.58457108187136,1.8781,34,8,273,123,88,35,8.888842,0,ok,logs/seed_518996.log
94901,irt_only,GHEFT,0,0.0,0,0,1,1.4946,0.9141,2.4087,,,,,,,,,,,,,,,,,70.51867598152425,1.6134,38,10,277,132,101,31,11.632323,0,ok,logs/seed_94901.log
960816,irt_only,GHEFT,0,0.0,0,0,1,1.4283,0.883,2.3113,,,,,,,,,,,,,,,,,81.27166057115537,1.786,33,9,282,158,108,50,9.398636,0,ok,logs/seed_960816.log
171234,irt_only,GHEFT,0,0.0,0,0,1,1.4704,1.0123,2.4827,,,,,,,,,,,,,,,,,63.10475135135134,1.7044,35,10,272,117,86,31,13.033392,0,ok,logs/seed_171234.log
448214,irt_only,GHEFT,0,0.0,0,0,1,1.5734,1.0581,2.6315,,,,,,,,,,,,,,,,,79.12820878186967,1.9672,39,11,305,178,119,59,12.859597,0,ok,logs/seed_448214.log
752309,irt_only,GHEFT,0,0.0,0,0,1,1.4705,1.0941,2.5646,,,,,,,,,,,,,,,,,74.1285429071804,1.8561,30,10,265,121,91,30,9.922233,0,ok,logs/seed_752309.log
398469,irt_only,GHEFT,0,0.0,0,0,1,1.371,1.1427,2.5137,,,,,,,,,,,,,,,,,89.76848973139616,2.3002,33,10,259,140,86,54,9.866325,0,ok,logs/seed_398469.log
345867,irt_only,GHEFT,0,0.0,0,0,1,1.3791,0.714,2.0931,,,,,,,,,,,,,,,,,78.57770997755613,1.9525,33,8,289,135,95,40,10.685954,0,ok,logs/seed_345867.log
434909,irt_only,GHEFT,0,0.0,0,0,1,1.5118,0.8708,2.3826,,,,,,,,,,,,,,,,,72.77739158479943,1.4241,37,10,286,143,104,39,9.942184,0,ok,logs/seed_434909.log
618745,irt_only,GHEFT,0,0.0,0,0,1,1.3482,0.9347,2.2829,,,,,,,,,,,,,,,,,74.15005941363972,2.0087,36,12,294,165,114,51,11.26188,0,ok,logs/seed_618745.log
86680,irt_only,GHEFT,0,0.0,0,0,1,1.4589,1.1508,2.6097,,,,,,,,,,,,,,,,,91.45754694382019,2.4228,33,10,262,149,104,45,11.678141,0,ok,logs/seed_86680.log
406773,irt_only,GHEFT,0,0.0,0,0,1,1.5644,1.0508,2.6152,,,,,,,,,,,,,,,,,97.4347368896736,2.405,34,9,301,140,98,42,11.117424,0,ok,logs/seed_406773.log
953452,irt_only,GHEFT,0,0.0,0,0,1,1.5357,0.7819,2.3176,,,,,,,,,,,,,,,,,74.13291917808218,2.1153,33,10,291,168,111,57,11.123743,0,ok,logs/seed_953452.log
869272,irt_only,GHEFT,0,0.0,0,0,1,1.5992,0.9708,2.57,,,,,,,,,,,,,,,,,84.85779444444445,2.0223,36,10,284,151,105,46,9.281431,0,ok,logs/seed_869272.log
215885,irt_only,GHEFT,0,0.0,0,0,1,1.3633,0.7836,2.1469,,,,,,,,,,,,,,,,,79.03332183406113,1.9833,40,10,287,156,105,51,12.136205,0,ok,logs/seed_215885.log
996183,irt_only,GHEFT,0,0.0,0,0,1,1.5314,0.9706,2.502,,,,,,,,,,,,,,,,,109.17365555555556,2.8661,40,12,265,177,120,57,11.108301,0,ok,logs/seed_996183.log
310239,irt_only,GHEFT,0,0.0,0,0,1,1.5314,0.985,2.5164,,,,,,,,,,,,,,,,,73.99259573070609,1.8985,38,10,288,148,104,44,10.384448,0,ok,logs/seed_310239.log
819226,irt_only,GHEFT,0,0.0,0,0,1,1.531,1.2091,2.7401,,,,,,,,,,,,,,,,,77.67409011857707,2.19,37,10,303,163,97,66,11.609507,0,ok,logs/seed_819226.log
253184,irt_only,GHEFT,0,0.0,0,0,1,1.5388,1.1871,2.7259,,,,,,,,,,,,,,,,,87.2070416498994,2.3456,30,8,271,149,103,46,10.855559,0,ok,logs/seed_253184.log
832005,irt_only,GHEFT,0,0.0,0,0,1,1.1322,0.7355,1.8677,,,,,,,,,,,,,,,,,110.34398422391858,2.5663,42,9,300,156,108,48,12.585111,0,ok,logs/seed_832005.log
623964,irt_only,GHEFT,0,0.0,0,0,1,1.3348,0.8844,2.2192,,,,,,,,,,,,,,,,,79.49729019184812,2.3263,33,10,262,158,103,55,10.476901,0,ok,logs/seed_623964.log
57627,irt_only,GHEFT,0,0.0,0,0,1,1.2925,0.7793,2.0718,,,,,,,,,,,,,,,,,76.54961641968161,1.5445,39,11,302,148,97,51,10.739518,0,ok,logs/seed_57627.log
185144,irt_only,GHEFT,0,0.0,0,0,1,1.3711,0.8066,2.1777,,,,,,,,,,,,,,,,,84.31421830065361,2.4893,34,8,286,131,86,45,10.203966,0,ok,logs/seed_185144.log
642703,irt_only,GHEFT,0,0.0,0,0,1,1.3898,1.1571,2.5469,,,,,,,,,,,,,,,,,72.6435188988327,1.9174,32,10,292,137,90,47,10.709539,0,ok,logs/seed_642703.log
904483,irt_only,GHEFT,0,0.0,0,0,1,1.3244,0.9023,2.2267,,,,,,,,,,,,,,,,,74.55148312648221,2.0446,47,11,320,157,101,56,14.548677,0,ok,logs/seed_904483.log
90576,irt_only,GHEFT,0,0.0,0,0,1,1.4828,0.94,2.4228,,,,,,,,,,,,,,,,,70.51187312852244,1.8839,38,10,300,150,102,48,14.153015,0,ok,logs/seed_90576.log
613945,irt_only,GHEFT,0,0.0,0,0,1,1.5627,1.1264,2.6891,,,,,,,,,,,,,,,,,83.75293724657533,2.3911,43,12,291,158,111,47,12.759433,0,ok,logs/seed_613945.log
703583,irt_only,GHEFT,0,0.0,0,0,1,1.4556,1.072,2.5276,,,,,,,,,,,,,,,,,74.3156516350365,2.6482,33,10,284,160,100,60,10.921851,0,ok,logs/seed_703583.log
666965,irt_only,GHEFT,0,0.0,0,0,1,1.3809,0.9169,2.2978,,,,,,,,,,,,,,,,,100.11372840466925,2.7335,35,9,279,141,99,42,13.151028,0,ok,logs/seed_666965.log
78867,irt_only,GHEFT,0,0.0,0,0,1,1.4357,0.793,2.2287,,,,,,,,,,,,,,,,,70.99631313131313,1.7633,43,10,295,161,110,51,11.851233,0,ok,logs/seed_78867.log
249211,irt_only,GHEFT,0,0.0,0,0,1,1.4843,1.0676,2.5519,,,,,,,,,,,,,,,,,82.4143112807464,1.9897,30,10,272,150,107,43,10.809149,0,ok,logs/seed_249211.log
993304,irt_only,GHEFT,0,0.0,0,0,1,1.5702,1.101,2.6712,,,,,,,,,,,,,,,,,70.11351598257839,2.098,41,11,307,186,115,71,15.006627,0,ok,logs/seed_993304.log
677640,irt_only,GHEFT,0,0.0,0,0,1,1.4503,0.7397,2.19,,,,,,,,,,,,,,,,,65.36817320261439,1.917,34,10,304,134,89,45,12.941028,0,ok,logs/seed_677640.log
807304,irt_only,GHEFT,0,0.0,0,0,1,1.3468,1.0049,2.3517,,,,,,,,,,,,,,,,,81.93483017190387,2.5068,44,10,278,152,85,67,10.455956,0,ok,logs/seed_807304.log
901569,irt_only,GHEFT,0,0.0,0,0,1,1.3323,1.0433,2.3756,,,,,,,,,,,,,,,,,74.34627177787402,1.7128,37,10,305,152,87,65,11.74129,0,ok,logs/seed_901569.log
578684,irt_only,GHEFT,0,0.0,0,0,1,1.3659,1.0468,2.4127,,,,,,,,,,,,,,,,,95.5330897218045,2.4117,32,10,279,127,95,32,10.249811,0,ok,logs/seed_578684.log
40789,irt_only,GHEFT,0,0.0,0,0,1,1.3678,1.1078,2.4756,,,,,,,,,,,,,,,,,93.31677171314743,2.6184,34,11,271,159,101,58,11.262372,0,ok,logs/seed_40789.log
514538,irt_only,GHEFT,0,0.0,0,0,1,1.2337,0.9582,2.1919,,,,,,,,,,,,,,,,,72.44036290476191,1.8182,32,9,274,130,92,38,10.267418,0,ok,logs/seed_514538.log
578723,irt_only,GHEFT,0,0.0,0,0,1,1.4191,1.0513,2.4704,,,,,,,,,,,,,,,,,77.99055226480834,2.0762,35,10,286,147,94,53,10.377934,0,ok,logs/seed_578723.log
628956,irt_only,GHEFT,0,0.0,0,0,1,1.5777,1.0136,2.5913,,,,,,,,,,,,,,,,,75.75694666217127,1.8125,36,8,268,138,94,44,10.649982,0,ok,logs/seed_628956.log
780144,irt_only,GHEFT,0,0.0,0,0,1,1.5151,0.8975,2.4126,,,,,,,,,,,,,,,,,74.72663556618821,2.0494,30,8,280,141,94,47,10.674162,0,ok,logs/seed_780144.log
334837,irt_only,GHEFT,0,0.0,0,0,1,1.3952,0.8258,2.221,,,,,,,,,,,,,,,,,60.007268405854056,1.5715,41,11,289,158,107,51,11.66393,0,ok,logs/seed_334837.log
891279,irt_only,GHEFT,0,0.0,0,0,1,1.3487,1.0165,2.3652,,,,,,,,,,,,,,,,,75.51129924561403,2.2055,34,9,297,130,90,40,11.649112,0,ok,logs/seed_891279.log
345873,irt_only,GHEFT,0,0.0,0,0,1,1.5836,0.987,2.5706,,,,,,,,,,,,,,,,,67.04870970295264,1.8148,28,9,261,128,87,41,9.346844,0,ok,logs/seed_345873.log
623016,irt_only,GHEFT,0,0.0,0,0,1,1.6714,1.2936,2.965,,,,,,,,,,,,,,,,,76.30177276341948,2.5907,32,10,285,143,96,47,10.045228,0,ok,logs/seed_623016.log
956557,irt_only,GHEFT,0,0.0,0,0,1,1.4484,0.8777,2.3261,,,,,,,,,,,,,,,,,70.93418959276019,2.127,35,11,276,142,103,39,12.235098,0,ok,logs/seed_956557.log
911304,irt_only,GHEFT,0,0.0,0,0,1,1.3018,0.8666,2.1684,,,,,,,,,,,,,,,,,71.73894380064309,1.7034,30,10,279,147,107,40,10.696766,0,ok,logs/seed_911304.log
468687,irt_only,GHEFT,0,0.0,0,0,1,1.3988,0.8764,2.2752,,,,,,,,,,,,,,,,,70.23602633744855,2.2142,36,11,290,143,102,41,12.060876,0,ok,logs/seed_468687.log
312412,irt_only,GHEFT,0,0.0,0,0,1,1.4414,0.8083,2.2497,,,,,,,,,,,,,,,,,93.68094227879679,1.6699,33,8,270,130,98,32,9.973016,0,ok,logs/seed_312412.log
111575,irt_only,GHEFT,0,0.0,0,0,1,1.3044,0.9547,2.2591,,,,,,,,,,,,,,,,,76.27945138099909,1.9465,38,10,292,142,88,54,12.864775,0,ok,logs/seed_111575.log
974625,irt_only,GHEFT,0,0.0,0,0,1,1.6117,0.9373,2.549,,,,,,,,,,,,,,,,,97.24075585023401,3.1302,41,11,290,169,109,60,12.772553,0,ok,logs/seed_974625.log
281753,irt_only,GHEFT,0,0.0,0,0,1,1.427,1.0796,2.5066,,,,,,,,,,,,,,,,,78.5194457763978,1.8253,31,9,281,138,102,36,11.779214,0,ok,logs/seed_281753.log
844027,irt_only,GHEFT,0,0.0,0,0,1,1.4379,0.8564,2.2943,,,,,,,,,,,,,,,,,81.92441319834167,2.0167,42,12,282,162,117,45,11.748806,0,ok,logs/seed_844027.log
631749,irt_only,GHEFT,0,0.0,0,0,1,1.3763,0.8494,2.2257,,,,,,,,,,,,,,,,,70.53306401225116,1.5781,38,12,279,159,109,50,10.761295,0,ok,logs/seed_631749.log
126909,irt_only,GHEFT,0,0.0,0,0,1,1.4664,0.8084,2.2748,,,,,,,,,,,,,,,,,57.71665105008977,1.6296,35,9,290,146,102,44,9.464495,0,ok,logs/seed_126909.log
347245,irt_only,GHEFT,0,0.0,0,0,1,1.3891,1.088,2.4771,,,,,,,,,,,,,,,,,82.0795,2.0718,36,10,283,144,101,43,10.469481,0,ok,logs/seed_347245.log
932428,irt_only,GHEFT,0,0.0,0,0,1,1.5751,0.9302,2.5053,,,,,,,,,,,,,,,,,89.97668117630664,2.5259,38,12,284,157,110,47,10.48473,0,ok,logs/seed_932428.log
543938,irt_only,GHEFT,0,0.0,0,0,1,1.4686,1.0214,2.49,,,,,,,,,,,,,,,,,91.64095114345116,2.3913,36,12,286,170,99,71,9.470854,0,ok,logs/seed_543938.log
83676,irt_only,GHEFT,0,0.0,0,0,1,1.5534,0.9026,2.456,,,,,,,,,,,,,,,,,84.15565736998114,2.1881,30,10,265,149,98,51,11.043769,0,ok,logs/seed_83676.log
150986,irt_only,GHEFT,0,0.0,0,0,1,1.2834,0.8996,2.183,,,,,,,,,,,,,,,,,76.37958685440611,2.0423,38,10,287,137,101,36,9.69809,0,ok,logs/seed_150986.log
661946,irt_only,GHEFT,0,0.0,0,0,1,1.2071,0.7894,1.9965,,,,,,,,,,,,,,,,,82.71478739078717,1.8385,46,11,288,160,104,56,8.603404,0,ok,logs/seed_661946.log
328690,irt_only,GHEFT,0,0.0,0,0,1,1.2903,0.8109,2.1012,,,,,,,,,,,,,,,,,82.70423124598082,2.3067,35,11,283,157,106,51,9.41418,0,ok,logs/seed_328690.log
333147,irt_only,GHEFT,0,0.0,0,0,1,1.3877,0.7411,2.1288,,,,,,,,,,,,,,,,,68.50913525559947,1.8334,35,10,283,123,87,36,8.494027,0,ok,logs/seed_333147.log
880442,irt_only,GHEFT,0,0.0,0,0,1,1.43,1.0292,2.4592,,,,,,,,,,,,,,,,,89.58080383189122,2.5057,28,9,255,119,86,33,6.327338,0,ok,logs/seed_880442.log
790811,irt_only,GHEFT,0,0.0,0,0,1,1.4368,0.7579,2.1947,,,,,,,,,,,,,,,,,82.66015244755245,2.5671,43,11,311,152,106,46,11.163216,0,ok,logs/seed_790811.log
894789,irt_only,GHEFT,0,0.0,0,0,1,1.6527,0.8348,2.4875,,,,,,,,,,,,,,,,,62.89210557081167,1.674,36,10,279,169,123,46,7.664294,0,ok,logs/seed_894789.log
774609,irt_only,GHEFT,0,0.0,0,0,1,1.4152,0.7725,2.1877,,,,,,,,,,,,,,,,,67.13213721499828,2.1239,39,11,304,153,106,47,10.566262,0,ok,logs/seed_774609.log
938046,irt_only,GHEFT,0,0.0,0,0,1,1.4384,0.9811,2.4195,,,,,,,,,,,,,,,,,83.18092186754966,1.8746,33,9,274,152,98,54,9.017737,0,ok,logs/seed_938046.log
679612,irt_only,GHEFT,0,0.0,0,0,1,1.402,1.0435,2.4455,,,,,,,,,,,,,,,,,88.82626730958974,2.3155,30,8,272,152,99,53,7.902519,0,ok,logs/seed_679612.log
718594,irt_only,GHEFT,0,0.0,0,0,1,1.5622,0.9429,2.5051,,,,,,,,,,,,,,,,,68.53290936663693,1.7158,30,10,258,129,94,35,6.977105,0,ok,logs/seed_718594.log
453524,irt_only,GHEFT,0,0.0,0,0,1,1.144,1.0452,2.1892,,,,,,,,,,,,,,,,,94.2267903822764,2.8864,32,8,277,132,90,42,9.093459,0,ok,logs/seed_453524.log
690475,irt_only,GHEFT,0,0.0,0,0,1,1.4817,1.1565,2.6382,,,,,,,,,,,,,,,,,76.1196391634981,2.2636,38,9,279,131,88,43,8.518341,0,ok,logs/seed_690475.log
276650,irt_only,GHEFT,0,0.0,0,0,1,1.4483,1.0419,2.4902,,,,,,,,,,,,,,,,,97.04022934779243,2.3856,36,11,275,150,102,48,9.837484,0,ok,logs/seed_276650.log
117981,irt_only,GHEFT,0,0.0,0,0,1,1.5187,1.2125,2.7312,,,,,,,,,,,,,,,,,89.91719293947142,2.7676,32,10,256,138,84,54,9.058191,0,ok,logs/seed_117981.log
120348,irt_only,GHEFT,0,0.0,0,0,1,1.4877,1.0598,2.5475,,,,,,,,,,,,,,,,,68.90675621821632,1.8424,33,10,286,141,91,50,9.382042,0,ok,logs/seed_120348.log
554439,irt_only,GHEFT,0,0.0,0,0,1,1.3913,0.8712,2.2625,,,,,,,,,,,,,,,,,73.83984073377233,1.6573,36,9,287,139,96,43,9.021809,0,ok,logs/seed_554439.log
686198,irt_only,GHEFT,0,0.0,0,0,1,1.3287,1.1189,2.4476,,,,,,,,,,,,,,,,,85.09073194745004,2.3943,47,11,290,175,105,70,10.604304,0,ok,logs/seed_686198.log
823177,irt_only,GHEFT,0,0.0,0,0,1,1.3652,1.1074,2.4726,,,,,,,,,,,,,,,,,79.21619595973154,2.1373,32,10,279,148,98,50,8.489459,0,ok,logs/seed_823177.log
687817,irt_only,GHEFT,0,0.0,0,0,1,1.4421,0.9625,2.4046,,,,,,,,,,,,,,,,,71.02357179934747,1.9961,27,8,261,136,99,37,8.564535,0,ok,logs/seed_687817.log
430187,irt_only,GHEFT,0,0.0,0,0,1,1.4045,0.8068,2.2113,,,,,,,,,,,,,,,,,70.66811050025981,1.5572,37,9,291,141,95,46,7.772056,0,ok,logs/seed_430187.log
782746,irt_only,GHEFT,0,0.0,0,0,1,1.4244,0.9442,2.3686,,,,,,,,,,,,,,,,,76.86670877968034,2.1531,36,9,259,114,78,36,7.834915,0,ok,logs/seed_782746.log
