seed,variant,variant_display_label,is_baseline_nheft,configured_tolerance,configured_comp_advantage,configured_drt_advantage,configured_irt_advantage,ccr_data,idr_image,nccr_total,heft_makespan,heft_slr,heft_vcpus,heft_hosts,heft_instances,heft_image_dl_total,heft_image_from_repo,heft_image_from_host,dheft_makespan,dheft_slr,dheft_vcpus,dheft_hosts,dheft_instances,dheft_image_dl_total,dheft_image_from_repo,dheft_image_from_host,nheft_makespan,nheft_slr,nheft_vcpus,nheft_hosts,nheft_instances,nheft_image_dl_total,nheft_image_from_repo,nheft_image_from_host,time_sec,return_code,status,log_file
741896,irt_only,GHEFT,0,0.0,0,0,1,0.4535,0.2684,0.7219,,,,,,,,,,,,,,,,,53.08690027100272,1.6299,46,11,304,149,113,36,24.819048,0,ok,logs/seed_741896.log
430515,irt_only,GHEFT,0,0.0,0,0,1,0.4334,0.2839,0.7173,,,,,,,,,,,,,,,,,46.364427724715334,1.1464,48,10,323,152,114,38,27.479348,0,ok,logs/seed_430515.log
888075,irt_only,GHEFT,0,0.0,0,0,1,0.4319,0.2481,0.68,,,,,,,,,,,,,,,,,54.364379699248126,1.3968,46,10,347,191,151,40,33.59177,0,ok,logs/seed_888075.log
914983,irt_only,GHEFT,0,0.0,0,0,1,0.4914,0.3237,0.8151,,,,,,,,,,,,,,,,,43.03012151851853,1.2047,44,9,299,132,106,26,26.056887,0,ok,logs/seed_914983.log
997971,irt_only,GHEFT,0,0.0,0,0,1,0.4359,0.2371,0.673,,,,,,,,,,,,,,,,,58.9248117955439,1.9854,52,12,332,170,129,41,34.494372,0,ok,logs/seed_997971.log
747642,irt_only,GHEFT,0,0.0,0,0,1,0.3836,0.2199,0.6035,,,,,,,,,,,,,,,,,47.27055405405406,1.0688,46,14,318,164,115,49,33.824458,0,ok,logs/seed_747642.log
664527,irt_only,GHEFT,0,0.0,0,0,1,0.4283,0.323,0.7513,,,,,,,,,,,,,,,,,57.8348850808555,1.4051,40,10,315,141,111,30,56.478798,0,ok,logs/seed_664527.log
760044,irt_only,GHEFT,0,0.0,0,0,1,0.3762,0.2298,0.606,,,,,,,,,,,,,,,,,56.67409228441755,1.0748,45,11,321,162,108,54,36.190095,0,ok,logs/seed_760044.log
215549,irt_only,GHEFT,0,0.0,0,0,1,0.4242,0.291,0.7152,,,,,,,,,,,,,,,,,47.37777195571956,1.3408,47,11,315,150,123,27,46.730346,0,ok,logs/seed_215549.log
370191,irt_only,GHEFT,0,0.0,0,0,1,0.4048,0.2766,0.6814,,,,,,,,,,,,,,,,,49.4256,1.3956,42,9,298,121,90,31,33.831598,0,ok,logs/seed_370191.log
296947,irt_only,GHEFT,0,0.0,0,0,1,0.3763,0.2882,0.6645,,,,,,,,,,,,,,,,,54.28215944055943,1.1863,48,13,326,161,110,51,33.065029,0,ok,logs/seed_296947.log
963598,irt_only,GHEFT,0,0.0,0,0,1,0.4447,0.2863,0.731,,,,,,,,,,,,,,,,,54.726005821656045,1.4161,51,12,324,175,130,45,36.316759,0,ok,logs/seed_963598.log
388451,irt_only,GHEFT,0,0.0,0,0,1,0.417,0.269,0.686,,,,,,,,,,,,,,,,,50.61034755134281,1.3441,44,10,313,158,114,44,26.546114,0,ok,logs/seed_388451.log
602873,irt_only,GHEFT,0,0.0,0,0,1,0.3941,0.2477,0.6418,,,,,,,,,,,,,,,,,64.90019060786186,1.3154,40,11,303,134,111,23,38.649045,0,ok,logs/seed_602873.log
122745,irt_only,GHEFT,0,0.0,0,0,1,0.423,0.2381,0.6611,,,,,,,,,,,,,,,,,62.942690643274865,1.8143,51,10,318,160,116,44,33.869626,0,ok,logs/seed_122745.log
484762,irt_only,GHEFT,0,0.0,0,0,1,0.4307,0.3043,0.735,,,,,,,,,,,,,,,,,47.085479902260225,1.3384,50,11,321,171,127,44,32.477245,0,ok,logs/seed_484762.log
514215,irt_only,GHEFT,0,0.0,0,0,1,0.4577,0.2553,0.713,,,,,,,,,,,,,,,,,49.58323333333335,1.2568,55,13,326,187,136,51,30.645055,0,ok,logs/seed_514215.log
601161,irt_only,GHEFT,0,0.0,0,0,1,0.372,0.2429,0.6149,,,,,,,,,,,,,,,,,60.52611996136651,1.3492,53,13,315,182,135,47,34.286481,0,ok,logs/seed_601161.log
78435,irt_only,GHEFT,0,0.0,0,0,1,0.3891,0.2326,0.6217,,,,,,,,,,,,,,,,,57.64645984555984,1.3153,55,13,309,174,118,56,36.318063,0,ok,logs/seed_78435.log
480957,irt_only,GHEFT,0,0.0,0,0,1,0.4342,0.2462,0.6804,,,,,,,,,,,,,,,,,43.47062736572889,1.237,43,10,317,153,117,36,30.259459,0,ok,logs/seed_480957.log
113260,irt_only,GHEFT,0,0.0,0,0,1,0.4736,0.3037,0.7773,,,,,,,,,,,,,,,,,86.63622365894975,1.898,53,12,331,179,121,58,42.01908,0,ok,logs/seed_113260.log
846854,irt_only,GHEFT,0,0.0,0,0,1,0.407,0.2683,0.6753,,,,,,,,,,,,,,,,,55.93116291600634,1.6194,45,11,288,150,119,31,27.482222,0,ok,logs/seed_846854.log
422970,irt_only,GHEFT,0,0.0,0,0,1,0.4089,0.3041,0.713,,,,,,,,,,,,,,,,,47.79172433697349,1.2313,54,11,311,143,102,41,67.013277,0,ok,logs/seed_422970.log
762973,irt_only,GHEFT,0,0.0,0,0,1,0.4793,0.2335,0.7128,,,,,,,,,,,,,,,,,50.86502089914945,1.2356,46,11,308,160,119,41,23.627152,0,ok,logs/seed_762973.log
303068,irt_only,GHEFT,0,0.0,0,0,1,0.494,0.3548,0.8488,,,,,,,,,,,,,,,,,47.84155266921606,1.354,51,12,338,179,124,55,31.426886,0,ok,logs/seed_303068.log
701483,irt_only,GHEFT,0,0.0,0,0,1,0.5111,0.3308,0.8419,,,,,,,,,,,,,,,,,45.39307627293066,1.4617,46,12,307,161,113,48,18.510051,0,ok,logs/seed_701483.log
193272,irt_only,GHEFT,0,0.0,0,0,1,0.434,0.3126,0.7466,,,,,,,,,,,,,,,,,53.76620575539568,1.1902,58,12,343,180,136,44,30.74831,0,ok,logs/seed_193272.log
609026,irt_only,GHEFT,0,0.0,0,0,1,0.4015,0.2582,0.6597,,,,,,,,,,,,,,,,,48.97572394548995,1.3468,52,12,338,173,134,39,28.114844,0,ok,logs/seed_609026.log
385324,irt_only,GHEFT,0,0.0,0,0,1,0.4571,0.3295,0.7866,,,,,,,,,,,,,,,,,42.80648234510327,1.3146,41,10,311,132,108,24,29.445593,0,ok,logs/seed_385324.log
586699,irt_only,GHEFT,0,0.0,0,0,1,0.4185,0.2906,0.7091,,,,,,,,,,,,,,,,,73.60922316602317,1.898,38,8,298,156,113,43,25.796202,0,ok,logs/seed_586699.log
127154,irt_only,GHEFT,0,0.0,0,0,1,0.4873,0.3146,0.8019,,,,,,,,,,,,,,,,,43.82011746031746,1.5677,52,12,348,168,120,48,24.759838,0,ok,logs/seed_127154.log
140763,irt_only,GHEFT,0,0.0,0,0,1,0.4179,0.2636,0.6815,,,,,,,,,,,,,,,,,46.146050386398755,1.211,43,9,333,149,111,38,24.712317,0,ok,logs/seed_140763.log
162375,irt_only,GHEFT,0,0.0,0,0,1,0.4723,0.3257,0.798,,,,,,,,,,,,,,,,,50.91154404851752,1.2591,43,9,299,143,105,38,24.971529,0,ok,logs/seed_162375.log
320372,irt_only,GHEFT,0,0.0,0,0,1,0.4797,0.3665,0.8462,,,,,,,,,,,,,,,,,58.02755570599612,1.5365,50,11,338,175,129,46,22.834623,0,ok,logs/seed_320372.log
911752,irt_only,GHEFT,0,0.0,0,0,1,0.5031,0.2951,0.7982,,,,,,,,,,,,,,,,,51.34961790393013,1.2946,54,12,319,149,122,27,34.150798,0,ok,logs/seed_911752.log
185527,irt_only,GHEFT,0,0.0,0,0,1,0.447,0.2626,0.7096,,,,,,,,,,,,,,,,,57.10387830687832,1.1754,53,11,324,178,138,40,27.463825,0,ok,logs/seed_185527.log
766339,irt_only,GHEFT,0,0.0,0,0,1,0.4769,0.2951,0.772,,,,,,,,,,,,,,,,,57.72346750902527,1.5008,44,10,284,158,112,46,23.02335,0,ok,logs/seed_766339.log
911829,irt_only,GHEFT,0,0.0,0,0,1,0.4307,0.2701,0.7008,,,,,,,,,,,,,,,,,53.68681423328786,1.0623,52,11,325,159,104,55,31.356372,0,ok,logs/seed_911829.log
184906,irt_only,GHEFT,0,0.0,0,0,1,0.4596,0.2944,0.754,,,,,,,,,,,,,,,,,53.59575665634676,1.2501,45,11,292,138,110,28,19.029482,0,ok,logs/seed_184906.log
189090,irt_only,GHEFT,0,0.0,0,0,1,0.4586,0.2379,0.6965,,,,,,,,,,,,,,,,,46.19532660386474,1.2997,52,12,303,155,117,38,21.01469,0,ok,logs/seed_189090.log
355619,irt_only,GHEFT,0,0.0,0,0,1,0.3806,0.2664,0.647,,,,,,,,,,,,,,,,,77.10465591586329,1.6727,46,11,319,164,137,27,19.756345,0,ok,logs/seed_355619.log
440123,irt_only,GHEFT,0,0.0,0,0,1,0.4042,0.2915,0.6957,,,,,,,,,,,,,,,,,60.44465503875971,1.3057,50,11,340,176,123,53,21.679944,0,ok,logs/seed_440123.log
65843,irt_only,GHEFT,0,0.0,0,0,1,0.4622,0.2482,0.7104,,,,,,,,,,,,,,,,,44.46888187564119,1.2533,42,8,290,125,91,34,14.921748,0,ok,logs/seed_65843.log
356002,irt_only,GHEFT,0,0.0,0,0,1,0.4804,0.2625,0.7429,,,,,,,,,,,,,,,,,49.7212678476528,1.3155,45,12,308,155,130,25,20.735911,0,ok,logs/seed_356002.log
546160,irt_only,GHEFT,0,0.0,0,0,1,0.4618,0.2693,0.7311,,,,,,,,,,,,,,,,,63.88461969981239,1.139,48,12,307,183,146,37,20.247375,0,ok,logs/seed_546160.log
466702,irt_only,GHEFT,0,0.0,0,0,1,0.3675,0.1977,0.5652,,,,,,,,,,,,,,,,,53.347704819277105,1.4962,38,10,311,174,124,50,23.858316,0,ok,logs/seed_466702.log
108594,irt_only,GHEFT,0,0.0,0,0,1,0.4068,0.2541,0.6609,,,,,,,,,,,,,,,,,47.890644401544414,1.3876,54,14,330,165,121,44,24.268141,0,ok,logs/seed_108594.log
302326,irt_only,GHEFT,0,0.0,0,0,1,0.4624,0.2773,0.7397,,,,,,,,,,,,,,,,,51.19291044045677,1.2642,46,11,328,173,120,53,20.52465,0,ok,logs/seed_302326.log
830943,irt_only,GHEFT,0,0.0,0,0,1,0.4685,0.2557,0.7242,,,,,,,,,,,,,,,,,44.03510804597701,1.2548,50,11,300,132,93,39,17.008681,0,ok,logs/seed_830943.log
774892,irt_only,GHEFT,0,0.0,0,0,1,0.4233,0.2307,0.654,,,,,,,,,,,,,,,,,48.15383512786002,1.1968,50,11,332,160,117,43,25.339248,0,ok,logs/seed_774892.log
317399,irt_only,GHEFT,0,0.0,0,0,1,0.459,0.2629,0.7219,,,,,,,,,,,,,,,,,48.513180468811825,1.3506,53,12,310,181,130,51,21.260695,0,ok,logs/seed_317399.log
179499,irt_only,GHEFT,0,0.0,0,0,1,0.445,0.2575,0.7025,,,,,,,,,,,,,,,,,55.75985966308213,1.4087,49,13,305,177,132,45,19.003633,0,ok,logs/seed_179499.log
551935,irt_only,GHEFT,0,0.0,0,0,1,0.4845,0.3087,0.7932,,,,,,,,,,,,,,,,,62.38867357357357,1.2321,44,8,312,141,115,26,22.136351,0,ok,logs/seed_551935.log
751687,irt_only,GHEFT,0,0.0,0,0,1,0.4142,0.2086,0.6228,,,,,,,,,,,,,,,,,52.73977543424317,1.5044,52,12,300,160,118,42,18.90566,0,ok,logs/seed_751687.log
531148,irt_only,GHEFT,0,0.0,0,0,1,0.4239,0.2462,0.6701,,,,,,,,,,,,,,,,,59.20768877685951,1.2762,57,13,349,166,124,42,26.257575,0,ok,logs/seed_531148.log
594138,irt_only,GHEFT,0,0.0,0,0,1,0.4821,0.2935,0.7756,,,,,,,,,,,,,,,,,44.30063257014566,1.2871,49,12,311,151,106,45,18.212259,0,ok,logs/seed_594138.log
702028,irt_only,GHEFT,0,0.0,0,0,1,0.4662,0.2683,0.7345,,,,,,,,,,,,,,,,,55.882911836065574,1.439,51,13,320,185,135,50,20.229077,0,ok,logs/seed_702028.log
492022,irt_only,GHEFT,0,0.0,0,0,1,0.41,0.2428,0.6528,,,,,,,,,,,,,,,,,49.04899999999999,1.2856,55,13,335,184,136,48,19.765319,0,ok,logs/seed_492022.log
231332,irt_only,GHEFT,0,0.0,0,0,1,0.4557,0.2727,0.7284,,,,,,,,,,,,,,,,,47.9336989255564,1.3591,55,12,334,159,113,46,23.486439,0,ok,logs/seed_231332.log
147537,irt_only,GHEFT,0,0.0,0,0,1,0.4783,0.2904,0.7687,,,,,,,,,,,,,,,,,56.646093364555185,1.2414,49,11,322,177,132,45,24.102614,0,ok,logs/seed_147537.log
109654,irt_only,GHEFT,0,0.0,0,0,1,0.4092,0.2897,0.6989,,,,,,,,,,,,,,,,,58.577795183044316,1.4366,49,13,328,187,135,52,24.20191,0,ok,logs/seed_109654.log
357820,irt_only,GHEFT,0,0.0,0,0,1,0.376,0.2588,0.6348,,,,,,,,,,,,,,,,,64.21232900334583,2.1991,45,10,344,152,123,29,22.607827,0,ok,logs/seed_357820.log
813854,irt_only,GHEFT,0,0.0,0,0,1,0.4304,0.2608,0.6912,,,,,,,,,,,,,,,,,49.47272358064515,1.1416,50,12,316,172,126,46,23.973688,0,ok,logs/seed_813854.log
840701,irt_only,GHEFT,0,0.0,0,0,1,0.419,0.2867,0.7057,,,,,,,,,,,,,,,,,54.14468300653594,1.2441,48,11,334,158,132,26,28.927133,0,ok,logs/seed_840701.log
528112,irt_only,GHEFT,0,0.0,0,0,1,0.4838,0.295,0.7788,,,,,,,,,,,,,,,,,49.61284700760456,1.1829,48,10,308,161,131,30,19.46465,0,ok,logs/seed_528112.log
610245,irt_only,GHEFT,0,0.0,0,0,1,0.4725,0.2994,0.7719,,,,,,,,,,,,,,,,,66.88393864393268,1.8284,50,13,318,161,120,41,20.169417,0,ok,logs/seed_610245.log
540631,irt_only,GHEFT,0,0.0,0,0,1,0.4417,0.242,0.6837,,,,,,,,,,,,,,,,,44.88706472184532,1.2962,42,9,316,147,107,40,24.133678,0,ok,logs/seed_540631.log
670354,irt_only,GHEFT,0,0.0,0,0,1,0.4466,0.2691,0.7157,,,,,,,,,,,,,,,,,53.90959130434782,1.3441,39,11,317,151,116,35,20.003119,0,ok,logs/seed_670354.log
416284,irt_only,GHEFT,0,0.0,0,0,1,0.4561,0.3,0.7561,,,,,,,,,,,,,,,,,53.771330956584656,1.5723,49,12,314,172,139,33,22.569069,0,ok,logs/seed_416284.log
853922,irt_only,GHEFT,0,0.0,0,0,1,0.4718,0.353,0.8248,,,,,,,,,,,,,,,,,45.62057858508605,1.0981,51,9,306,147,116,31,18.970197,0,ok,logs/seed_853922.log
703771,irt_only,GHEFT,0,0.0,0,0,1,0.4611,0.3284,0.7895,,,,,,,,,,,,,,,,,45.901746209386275,1.2559,47,12,292,158,121,37,19.606728,0,ok,logs/seed_703771.log
131782,irt_only,GHEFT,0,0.0,0,0,1,0.4533,0.2838,0.7371,,,,,,,,,,,,,,,,,40.06189485134038,1.2569,42,10,306,126,85,41,20.905966,0,ok,logs/seed_131782.log
793335,irt_only,GHEFT,0,0.0,0,0,1,0.4617,0.3235,0.7852,,,,,,,,,,,,,,,,,50.51059463087249,1.4324,44,11,293,147,113,34,19.737923,0,ok,logs/seed_793335.log
829835,irt_only,GHEFT,0,0.0,0,0,1,0.3939,0.2357,0.6296,,,,,,,,,,,,,,,,,66.12505316285329,1.8422,44,11,292,160,131,29,24.784888,0,ok,logs/seed_829835.log
517538,irt_only,GHEFT,0,0.0,0,0,1,0.4703,0.2609,0.7312,,,,,,,,,,,,,,,,,50.36840588235295,1.2588,51,13,336,182,134,48,23.970117,0,ok,logs/seed_517538.log
432977,irt_only,GHEFT,0,0.0,0,0,1,0.4472,0.2669,0.7141,,,,,,,,,,,,,,,,,51.30190715214564,1.1422,55,12,339,163,117,46,22.416332,0,ok,logs/seed_432977.log
202788,irt_only,GHEFT,0,0.0,0,0,1,0.461,0.2711,0.7321,,,,,,,,,,,,,,,,,46.42208452535761,1.2008,43,10,306,146,107,39,22.723961,0,ok,logs/seed_202788.log
455331,irt_only,GHEFT,0,0.0,0,0,1,0.472,0.267,0.739,,,,,,,,,,,,,,,,,54.82701953612846,1.4334,47,11,326,183,137,46,19.92665,0,ok,logs/seed_455331.log
795054,irt_only,GHEFT,0,0.0,0,0,1,0.4702,0.2735,0.7437,,,,,,,,,,,,,,,,,60.68678780487803,1.8555,46,10,299,150,112,38,16.20356,0,ok,logs/seed_795054.log
612732,irt_only,GHEFT,0,0.0,0,0,1,0.4535,0.236,0.6895,,,,,,,,,,,,,,,,,45.940920891687654,1.4552,47,11,317,159,124,35,19.67496,0,ok,logs/seed_612732.log
753523,irt_only,GHEFT,0,0.0,0,0,1,0.427,0.2781,0.7051,,,,,,,,,,,,,,,,,51.773816789473685,1.325,53,11,314,152,118,34,19.305618,0,ok,logs/seed_753523.log
239744,irt_only,GHEFT,0,0.0,0,0,1,0.4414,0.2884,0.7298,,,,,,,,,,,,,,,,,62.37193353193509,1.4492,47,11,310,160,126,34,22.24582,0,ok,logs/seed_239744.log
838648,irt_only,GHEFT,0,0.0,0,0,1,0.4645,0.2721,0.7366,,,,,,,,,,,,,,,,,59.90769406494962,1.4261,49,11,318,166,122,44,20.524857,0,ok,logs/seed_838648.log
115403,irt_only,GHEFT,0,0.0,0,0,1,0.3931,0.2263,0.6194,,,,,,,,,,,,,,,,,52.34259834513274,1.2399,48,12,306,143,103,40,20.029869,0,ok,logs/seed_115403.log
712189,irt_only,GHEFT,0,0.0,0,0,1,0.4785,0.3299,0.8084,,,,,,,,,,,,,,,,,53.99141539013146,1.6051,50,11,314,180,124,56,22.260982,0,ok,logs/seed_712189.log
873143,irt_only,GHEFT,0,0.0,0,0,1,0.4217,0.2392,0.6609,,,,,,,,,,,,,,,,,43.327277752117006,1.5108,47,12,310,150,117,33,19.077667,0,ok,logs/seed_873143.log
877233,irt_only,GHEFT,0,0.0,0,0,1,0.4169,0.2201,0.637,,,,,,,,,,,,,,,,,57.277056192498236,1.564,46,12,313,156,119,37,25.900567,0,ok,logs/seed_877233.log
663658,irt_only,GHEFT,0,0.0,0,0,1,0.4708,0.3314,0.8022,,,,,,,,,,,,,,,,,56.865803077151334,1.4769,51,13,313,198,130,68,21.736451,0,ok,logs/seed_663658.log
656054,irt_only,GHEFT,0,0.0,0,0,1,0.422,0.2016,0.6236,,,,,,,,,,,,,,,,,43.263351340136055,1.228,54,11,328,151,121,30,26.233999,0,ok,logs/seed_656054.log
464471,irt_only,GHEFT,0,0.0,0,0,1,0.4431,0.2972,0.7403,,,,,,,,,,,,,,,,,42.90011584158417,1.1911,46,10,305,141,113,28,22.285958,0,ok,logs/seed_464471.log
586510,irt_only,GHEFT,0,0.0,0,0,1,0.4361,0.2987,0.7348,,,,,,,,,,,,,,,,,42.189934697350836,1.3021,47,8,317,122,93,29,21.128722,0,ok,logs/seed_586510.log
50264,irt_only,GHEFT,0,0.0,0,0,1,0.4383,0.2754,0.7137,,,,,,,,,,,,,,,,,44.24335464480875,1.2172,50,11,306,163,122,41,20.388827,0,ok,logs/seed_50264.log
719048,irt_only,GHEFT,0,0.0,0,0,1,0.4719,0.3285,0.8004,,,,,,,,,,,,,,,,,49.534341283381785,1.3364,51,12,345,168,133,35,24.289536,0,ok,logs/seed_719048.log
677021,irt_only,GHEFT,0,0.0,0,0,1,0.4328,0.2987,0.7315,,,,,,,,,,,,,,,,,39.99004984326019,1.0942,49,11,338,153,112,41,20.226969,0,ok,logs/seed_677021.log
861718,irt_only,GHEFT,0,0.0,0,0,1,0.4918,0.3169,0.8087,,,,,,,,,,,,,,,,,51.30263932193731,1.7349,50,12,323,163,119,44,25.374104,0,ok,logs/seed_861718.log
495401,irt_only,GHEFT,0,0.0,0,0,1,0.4431,0.2308,0.6739,,,,,,,,,,,,,,,,,48.34566066922654,1.3994,60,12,337,173,123,50,26.36797,0,ok,logs/seed_495401.log
209510,irt_only,GHEFT,0,0.0,0,0,1,0.4448,0.2615,0.7063,,,,,,,,,,,,,,,,,55.73104497816593,1.3016,46,10,311,161,120,41,19.960918,0,ok,logs/seed_209510.log
743312,irt_only,GHEFT,0,0.0,0,0,1,0.465,0.3175,0.7825,,,,,,,,,,,,,,,,,48.271936560859174,1.5529,38,9,291,137,100,37,20.942393,0,ok,logs/seed_743312.log
212694,irt_only,GHEFT,0,0.0,0,0,1,0.4187,0.288,0.7067,,,,,,,,,,,,,,,,,47.094125076923085,1.5666,50,14,312,173,136,37,22.061836,0,ok,logs/seed_212694.log
224701,irt_only,GHEFT,0,0.0,0,0,1,0.4312,0.2556,0.6868,,,,,,,,,,,,,,,,,56.13018860759494,1.2897,48,10,316,167,124,43,18.759187,0,ok,logs/seed_224701.log
861434,irt_only,GHEFT,0,0.0,0,0,1,0.4559,0.2919,0.7478,,,,,,,,,,,,,,,,,48.60872344897959,1.3527,53,12,316,174,129,45,23.511924,0,ok,logs/seed_861434.log
844102,irt_only,GHEFT,0,0.0,0,0,1,0.4059,0.2588,0.6647,,,,,,,,,,,,,,,,,70.9728305418719,1.6105,49,9,315,148,97,51,19.054862,0,ok,logs/seed_844102.log
722064,irt_only,GHEFT,0,0.0,0,0,1,0.4131,0.2587,0.6718,,,,,,,,,,,,,,,,,54.068261992619924,1.6386,45,10,298,144,112,32,23.248502,0,ok,logs/seed_722064.log
549862,irt_only,GHEFT,0,0.0,0,0,1,0.4859,0.264,0.7499,,,,,,,,,,,,,,,,,50.76308660968661,1.398,46,10,310,173,120,53,18.799131,0,ok,logs/seed_549862.log
2010,irt_only,GHEFT,0,0.0,0,0,1,0.4643,0.2337,0.698,,,,,,,,,,,,,,,,,46.51305652173913,1.1112,50,12,331,188,137,51,24.618173,0,ok,logs/seed_2010.log
796027,irt_only,GHEFT,0,0.0,0,0,1,0.4331,0.2323,0.6654,,,,,,,,,,,,,,,,,69.41612302158272,1.8681,41,9,289,163,120,43,17.475002,0,ok,logs/seed_796027.log
401997,irt_only,GHEFT,0,0.0,0,0,1,0.3858,0.2407,0.6265,,,,,,,,,,,,,,,,,53.69469564061669,1.4047,41,11,287,138,95,43,20.5632,0,ok,logs/seed_401997.log
35721,irt_only,GHEFT,0,0.0,0,0,1,0.5144,0.2691,0.7835,,,,,,,,,,,,,,,,,47.05960191277735,1.3147,53,13,304,159,106,53,20.03669,0,ok,logs/seed_35721.log
724068,irt_only,GHEFT,0,0.0,0,0,1,0.4484,0.2898,0.7382,,,,,,,,,,,,,,,,,53.07526775342466,1.3256,47,11,343,171,131,40,26.922485,0,ok,logs/seed_724068.log
800182,irt_only,GHEFT,0,0.0,0,0,1,0.3975,0.2688,0.6663,,,,,,,,,,,,,,,,,55.78746338611949,1.4672,48,11,317,164,118,46,21.205714,0,ok,logs/seed_800182.log
937614,irt_only,GHEFT,0,0.0,0,0,1,0.3916,0.2845,0.6761,,,,,,,,,,,,,,,,,60.66940266406757,1.5984,43,11,314,175,131,44,21.217407,0,ok,logs/seed_937614.log
722394,irt_only,GHEFT,0,0.0,0,0,1,0.4184,0.3228,0.7412,,,,,,,,,,,,,,,,,57.61014283891661,1.5238,39,12,322,153,119,34,18.630337,0,ok,logs/seed_722394.log
509760,irt_only,GHEFT,0,0.0,0,0,1,0.4364,0.2693,0.7057,,,,,,,,,,,,,,,,,53.38833658969805,1.2576,50,11,328,169,120,49,24.327075,0,ok,logs/seed_509760.log
70327,irt_only,GHEFT,0,0.0,0,0,1,0.4177,0.2437,0.6614,,,,,,,,,,,,,,,,,58.62140434782611,1.3285,44,10,294,132,98,34,20.293446,0,ok,logs/seed_70327.log
750147,irt_only,GHEFT,0,0.0,0,0,1,0.5377,0.3137,0.8514,,,,,,,,,,,,,,,,,48.5256978905735,1.1563,51,11,314,156,123,33,20.230286,0,ok,logs/seed_750147.log
460446,irt_only,GHEFT,0,0.0,0,0,1,0.4584,0.308,0.7664,,,,,,,,,,,,,,,,,58.08250922509226,1.1296,52,13,326,203,138,65,22.039347,0,ok,logs/seed_460446.log
748846,irt_only,GHEFT,0,0.0,0,0,1,0.4205,0.2945,0.715,,,,,,,,,,,,,,,,,51.50539416239316,1.6376,47,11,313,157,107,50,20.793704,0,ok,logs/seed_748846.log
610796,irt_only,GHEFT,0,0.0,0,0,1,0.4269,0.2819,0.7088,,,,,,,,,,,,,,,,,62.727761189358375,1.3083,45,12,308,163,124,39,24.124215,0,ok,logs/seed_610796.log
372755,irt_only,GHEFT,0,0.0,0,0,1,0.476,0.2944,0.7704,,,,,,,,,,,,,,,,,55.15734444444444,1.6927,47,10,324,164,123,41,23.516678,0,ok,logs/seed_372755.log
324404,irt_only,GHEFT,0,0.0,0,0,1,0.439,0.2453,0.6843,,,,,,,,,,,,,,,,,41.15001462489487,1.344,44,9,305,157,120,37,22.406845,0,ok,logs/seed_324404.log
138451,irt_only,GHEFT,0,0.0,0,0,1,0.4448,0.2999,0.7447,,,,,,,,,,,,,,,,,75.12643503184714,1.6367,49,11,291,162,122,40,21.977702,0,ok,logs/seed_138451.log
117059,irt_only,GHEFT,0,0.0,0,0,1,0.4531,0.289,0.7421,,,,,,,,,,,,,,,,,62.894626173541965,1.8401,49,11,321,175,122,53,22.236512,0,ok,logs/seed_117059.log
976782,irt_only,GHEFT,0,0.0,0,0,1,0.4267,0.2643,0.691,,,,,,,,,,,,,,,,,55.55988725212463,1.2354,42,9,307,146,123,23,17.689151,0,ok,logs/seed_976782.log
574644,irt_only,GHEFT,0,0.0,0,0,1,0.4898,0.3156,0.8054,,,,,,,,,,,,,,,,,55.43529257641922,1.1021,41,10,305,154,126,28,18.788114,0,ok,logs/seed_574644.log
435308,irt_only,GHEFT,0,0.0,0,0,1,0.4833,0.2681,0.7514,,,,,,,,,,,,,,,,,53.105410196121134,1.2208,52,13,314,192,140,52,20.256412,0,ok,logs/seed_435308.log
635612,irt_only,GHEFT,0,0.0,0,0,1,0.4201,0.2431,0.6632,,,,,,,,,,,,,,,,,53.99901873638345,1.2388,48,9,315,166,130,36,21.669633,0,ok,logs/seed_635612.log
289817,irt_only,GHEFT,0,0.0,0,0,1,0.4135,0.2538,0.6673,,,,,,,,,,,,,,,,,75.94716133567661,2.1943,47,10,305,162,129,33,22.647225,0,ok,logs/seed_289817.log
639065,irt_only,GHEFT,0,0.0,0,0,1,0.5022,0.3041,0.8063,,,,,,,,,,,,,,,,,53.42665630252102,1.3153,49,11,315,167,126,41,25.423296,0,ok,logs/seed_639065.log
650943,irt_only,GHEFT,0,0.0,0,0,1,0.444,0.2332,0.6772,,,,,,,,,,,,,,,,,45.490463869198315,1.1637,44,11,322,158,126,32,25.453043,0,ok,logs/seed_650943.log
110055,irt_only,GHEFT,0,0.0,0,0,1,0.3824,0.2172,0.5996,,,,,,,,,,,,,,,,,49.29252292743149,1.2764,56,13,352,184,121,63,21.767665,0,ok,logs/seed_110055.log
117791,irt_only,GHEFT,0,0.0,0,0,1,0.4763,0.2762,0.7525,,,,,,,,,,,,,,,,,48.91148841258741,1.303,54,12,318,169,125,44,19.64961,0,ok,logs/seed_117791.log
124685,irt_only,GHEFT,0,0.0,0,0,1,0.4215,0.2511,0.6726,,,,,,,,,,,,,,,,,65.76393023255814,1.6748,53,12,328,170,133,37,22.392502,0,ok,logs/seed_124685.log
997328,irt_only,GHEFT,0,0.0,0,0,1,0.4087,0.2506,0.6593,,,,,,,,,,,,,,,,,46.5848277992278,1.3413,55,11,344,166,110,56,20.442746,0,ok,logs/seed_997328.log
655714,irt_only,GHEFT,0,0.0,0,0,1,0.47,0.3008,0.7708,,,,,,,,,,,,,,,,,45.921990245729205,1.2971,45,9,324,152,105,47,20.229259,0,ok,logs/seed_655714.log
512136,irt_only,GHEFT,0,0.0,0,0,1,0.4464,0.2468,0.6932,,,,,,,,,,,,,,,,,72.8117685932388,1.8508,48,11,312,169,125,44,16.508691,0,ok,logs/seed_512136.log
695034,irt_only,GHEFT,0,0.0,0,0,1,0.432,0.264,0.696,,,,,,,,,,,,,,,,,50.931291277258566,1.2009,42,10,304,153,120,33,20.66335,0,ok,logs/seed_695034.log
539246,irt_only,GHEFT,0,0.0,0,0,1,0.3921,0.2913,0.6834,,,,,,,,,,,,,,,,,68.8544,1.9257,40,11,290,143,100,43,17.027354,0,ok,logs/seed_539246.log
354388,irt_only,GHEFT,0,0.0,0,0,1,0.458,0.2636,0.7216,,,,,,,,,,,,,,,,,50.150635955056174,1.2791,54,13,335,193,133,60,18.114794,0,ok,logs/seed_354388.log
282392,irt_only,GHEFT,0,0.0,0,0,1,0.4284,0.3062,0.7346,,,,,,,,,,,,,,,,,42.79928481848186,1.2012,55,12,335,170,122,48,16.294955,0,ok,logs/seed_282392.log
465345,irt_only,GHEFT,0,0.0,0,0,1,0.4658,0.315,0.7808,,,,,,,,,,,,,,,,,51.051567666666664,1.444,49,9,317,165,112,53,8.242081,0,ok,logs/seed_465345.log
276209,irt_only,GHEFT,0,0.0,0,0,1,0.427,0.2305,0.6575,,,,,,,,,,,,,,,,,59.44751809235427,1.5153,40,10,302,131,108,23,19.38364,0,ok,logs/seed_276209.log
48268,irt_only,GHEFT,0,0.0,0,0,1,0.4581,0.305,0.7631,,,,,,,,,,,,,,,,,77.23432881355932,1.887,50,12,311,182,127,55,24.519157,0,ok,logs/seed_48268.log
312904,irt_only,GHEFT,0,0.0,0,0,1,0.5096,0.3228,0.8324,,,,,,,,,,,,,,,,,49.80103302846974,1.2848,43,10,307,149,94,55,22.175918,0,ok,logs/seed_312904.log
95163,irt_only,GHEFT,0,0.0,0,0,1,0.4795,0.3736,0.8531,,,,,,,,,,,,,,,,,51.71529805825242,1.3785,42,11,303,149,131,18,23.041719,0,ok,logs/seed_95163.log
739903,irt_only,GHEFT,0,0.0,0,0,1,0.433,0.2855,0.7185,,,,,,,,,,,,,,,,,48.580100000000016,1.3682,51,11,312,157,123,34,21.194384,0,ok,logs/seed_739903.log
527611,irt_only,GHEFT,0,0.0,0,0,1,0.4082,0.233,0.6412,,,,,,,,,,,,,,,,,49.31252680645162,1.388,56,12,320,169,129,40,23.825549,0,ok,logs/seed_527611.log
591781,irt_only,GHEFT,0,0.0,0,0,1,0.4761,0.2857,0.7618,,,,,,,,,,,,,,,,,53.85030889315418,1.3051,51,10,336,153,124,29,22.483191,0,ok,logs/seed_591781.log
10602,irt_only,GHEFT,0,0.0,0,0,1,0.4432,0.29,0.7332,,,,,,,,,,,,,,,,,78.7997201845444,2.4386,39,10,305,149,118,31,20.454252,0,ok,logs/seed_10602.log
91728,irt_only,GHEFT,0,0.0,0,0,1,0.5038,0.2502,0.754,,,,,,,,,,,,,,,,,58.99553990461048,1.5591,50,11,318,161,122,39,23.677048,0,ok,logs/seed_91728.log
777150,irt_only,GHEFT,0,0.0,0,0,1,0.4382,0.2629,0.7011,,,,,,,,,,,,,,,,,43.645857399103136,1.1891,53,9,315,140,110,30,19.510377,0,ok,logs/seed_777150.log
761499,irt_only,GHEFT,0,0.0,0,0,1,0.4317,0.2533,0.685,,,,,,,,,,,,,,,,,47.35069208819716,1.1371,48,11,320,149,109,40,25.773971,0,ok,logs/seed_761499.log
453482,irt_only,GHEFT,0,0.0,0,0,1,0.4552,0.3154,0.7706,,,,,,,,,,,,,,,,,45.47636703773584,1.3562,40,8,289,128,102,26,17.686341,0,ok,logs/seed_453482.log
562121,irt_only,GHEFT,0,0.0,0,0,1,0.4245,0.2524,0.6769,,,,,,,,,,,,,,,,,51.57838744067798,1.3689,45,12,269,145,114,31,15.170616,0,ok,logs/seed_562121.log
770979,irt_only,GHEFT,0,0.0,0,0,1,0.4067,0.2592,0.6659,,,,,,,,,,,,,,,,,64.05203510815309,1.6002,57,12,302,165,114,51,12.556452,0,ok,logs/seed_770979.log
703949,irt_only,GHEFT,0,0.0,0,0,1,0.4329,0.2884,0.7213,,,,,,,,,,,,,,,,,47.95745984615385,1.2445,41,11,281,145,115,30,10.295802,0,ok,logs/seed_703949.log
314686,irt_only,GHEFT,0,0.0,0,0,1,0.4243,0.2032,0.6275,,,,,,,,,,,,,,,,,54.71751868131867,1.19,55,12,310,163,120,43,21.485542,0,ok,logs/seed_314686.log
475760,irt_only,GHEFT,0,0.0,0,0,1,0.4434,0.3159,0.7593,,,,,,,,,,,,,,,,,44.17274164037855,1.2149,55,12,349,169,130,39,25.77453,0,ok,logs/seed_475760.log
595079,irt_only,GHEFT,0,0.0,0,0,1,0.4669,0.2742,0.7411,,,,,,,,,,,,,,,,,44.583331386740326,1.3221,47,10,296,155,99,56,13.172575,0,ok,logs/seed_595079.log
27243,irt_only,GHEFT,0,0.0,0,0,1,0.4199,0.2714,0.6913,,,,,,,,,,,,,,,,,59.34997516339869,1.4417,45,13,307,169,117,52,22.319921,0,ok,logs/seed_27243.log
143022,irt_only,GHEFT,0,0.0,0,0,1,0.4604,0.3495,0.8099,,,,,,,,,,,,,,,,,63.944892702169646,1.4154,40,10,286,144,125,19,22.483397,0,ok,logs/seed_143022.log
958432,irt_only,GHEFT,0,0.0,0,0,1,0.425,0.2494,0.6744,,,,,,,,,,,,,,,,,70.26456429495472,1.5011,51,12,303,166,118,48,18.69088,0,ok,logs/seed_958432.log
799339,irt_only,GHEFT,0,0.0,0,0,1,0.4862,0.3151,0.8013,,,,,,,,,,,,,,,,,44.46330736290089,1.2766,39,9,314,145,107,38,28.608428,0,ok,logs/seed_799339.log
953842,irt_only,GHEFT,0,0.0,0,0,1,0.4267,0.2763,0.703,,,,,,,,,,,,,,,,,47.79892163492064,1.2858,44,12,305,163,131,32,29.222206,0,ok,logs/seed_953842.log
937400,irt_only,GHEFT,0,0.0,0,0,1,0.4711,0.2735,0.7446,,,,,,,,,,,,,,,,,44.64068315631693,1.2446,39,10,310,160,118,42,23.560823,0,ok,logs/seed_937400.log
919932,irt_only,GHEFT,0,0.0,0,0,1,0.4295,0.3062,0.7357,,,,,,,,,,,,,,,,,50.788582540420116,1.4652,50,10,325,175,128,47,26.389939,0,ok,logs/seed_919932.log
786261,irt_only,GHEFT,0,0.0,0,0,1,0.4197,0.3421,0.7618,,,,,,,,,,,,,,,,,55.14238790476191,1.3551,52,13,306,176,132,44,30.093381,0,ok,logs/seed_786261.log
266747,irt_only,GHEFT,0,0.0,0,0,1,0.4269,0.249,0.6759,,,,,,,,,,,,,,,,,41.00032447552448,1.2912,50,13,317,156,114,42,33.988491,0,ok,logs/seed_266747.log
394465,irt_only,GHEFT,0,0.0,0,0,1,0.3916,0.2877,0.6793,,,,,,,,,,,,,,,,,56.701095035460995,1.3939,48,10,334,159,127,32,26.677242,0,ok,logs/seed_394465.log
725987,irt_only,GHEFT,0,0.0,0,0,1,0.4112,0.2307,0.6419,,,,,,,,,,,,,,,,,63.533805617977535,1.1511,52,12,328,185,153,32,33.18638,0,ok,logs/seed_725987.log
224478,irt_only,GHEFT,0,0.0,0,0,1,0.3935,0.2709,0.6644,,,,,,,,,,,,,,,,,56.137893424036285,1.1524,57,12,347,184,122,62,31.266127,0,ok,logs/seed_224478.log
408636,irt_only,GHEFT,0,0.0,0,0,1,0.4332,0.2655,0.6987,,,,,,,,,,,,,,,,,47.644100999999985,1.2363,52,12,328,162,113,49,28.375472,0,ok,logs/seed_408636.log
617269,irt_only,GHEFT,0,0.0,0,0,1,0.4912,0.2571,0.7483,,,,,,,,,,,,,,,,,42.320007692307684,1.2228,49,11,322,160,139,21,33.011909,0,ok,logs/seed_617269.log
650122,irt_only,GHEFT,0,0.0,0,0,1,0.4363,0.2113,0.6476,,,,,,,,,,,,,,,,,71.02948676122931,1.8764,52,11,311,162,143,19,32.125308,0,ok,logs/seed_650122.log
522983,irt_only,GHEFT,0,0.0,0,0,1,0.4685,0.3398,0.8083,,,,,,,,,,,,,,,,,59.4904045135704,1.3362,43,10,334,182,133,49,29.068678,0,ok,logs/seed_522983.log
239950,irt_only,GHEFT,0,0.0,0,0,1,0.404,0.2901,0.6941,,,,,,,,,,,,,,,,,50.01276548956661,1.3679,47,11,299,179,133,46,27.488087,0,ok,logs/seed_239950.log
258973,irt_only,GHEFT,0,0.0,0,0,1,0.3599,0.2114,0.5713,,,,,,,,,,,,,,,,,84.11736257635468,1.5771,50,9,340,163,123,40,30.78777,0,ok,logs/seed_258973.log
824466,irt_only,GHEFT,0,0.0,0,0,1,0.4441,0.2794,0.7235,,,,,,,,,,,,,,,,,40.99956797671034,1.2833,54,15,301,175,120,55,25.43797,0,ok,logs/seed_824466.log
682056,irt_only,GHEFT,0,0.0,0,0,1,0.4026,0.3042,0.7068,,,,,,,,,,,,,,,,,65.3107774098602,1.2487,44,10,305,157,133,24,34.522554,0,ok,logs/seed_682056.log
431617,irt_only,GHEFT,0,0.0,0,0,1,0.4276,0.2296,0.6572,,,,,,,,,,,,,,,,,84.64140618556702,1.6178,48,11,335,165,113,52,37.904375,0,ok,logs/seed_431617.log
777731,irt_only,GHEFT,0,0.0,0,0,1,0.4426,0.3289,0.7715,,,,,,,,,,,,,,,,,49.2359696354029,1.448,47,11,307,157,110,47,28.490495,0,ok,logs/seed_777731.log
65523,irt_only,GHEFT,0,0.0,0,0,1,0.4696,0.2566,0.7262,,,,,,,,,,,,,,,,,60.25241585760518,1.7717,47,11,308,170,129,41,30.989109,0,ok,logs/seed_65523.log
226267,irt_only,GHEFT,0,0.0,0,0,1,0.4127,0.2779,0.6906,,,,,,,,,,,,,,,,,59.84410072992701,1.4047,48,11,328,149,113,36,36.241826,0,ok,logs/seed_226267.log
20773,irt_only,GHEFT,0,0.0,0,0,1,0.4393,0.2312,0.6705,,,,,,,,,,,,,,,,,48.25931102535832,1.1395,50,10,331,169,126,43,31.151961,0,ok,logs/seed_20773.log
75919,irt_only,GHEFT,0,0.0,0,0,1,0.375,0.2958,0.6708,,,,,,,,,,,,,,,,,55.394500000000015,1.3213,58,12,342,179,135,44,34.88896,0,ok,logs/seed_75919.log
796262,irt_only,GHEFT,0,0.0,0,0,1,0.4038,0.2883,0.6921,,,,,,,,,,,,,,,,,57.333128715602385,1.3151,49,10,339,138,111,27,30.566828,0,ok,logs/seed_796262.log
557554,irt_only,GHEFT,0,0.0,0,0,1,0.4812,0.3007,0.7819,,,,,,,,,,,,,,,,,51.78343135435993,1.4321,47,10,325,173,132,41,31.689517,0,ok,logs/seed_557554.log
818564,irt_only,GHEFT,0,0.0,0,0,1,0.4403,0.2688,0.7091,,,,,,,,,,,,,,,,,60.493571812080546,1.4424,45,9,302,145,111,34,28.841233,0,ok,logs/seed_818564.log
5641,irt_only,GHEFT,0,0.0,0,0,1,0.442,0.2398,0.6818,,,,,,,,,,,,,,,,,57.107876062639825,1.5656,52,13,301,153,117,36,25.566979,0,ok,logs/seed_5641.log
80721,irt_only,GHEFT,0,0.0,0,0,1,0.4533,0.3019,0.7552,,,,,,,,,,,,,,,,,61.64614747145187,1.1854,50,11,322,173,135,38,33.40361,0,ok,logs/seed_80721.log
14714,irt_only,GHEFT,0,0.0,0,0,1,0.4222,0.2587,0.6809,,,,,,,,,,,,,,,,,60.33788452722064,1.2142,53,12,337,172,113,59,36.171852,0,ok,logs/seed_14714.log
965327,irt_only,GHEFT,0,0.0,0,0,1,0.4459,0.3157,0.7616,,,,,,,,,,,,,,,,,51.37175119651922,1.3057,48,13,313,169,116,53,26.426115,0,ok,logs/seed_965327.log
460722,irt_only,GHEFT,0,0.0,0,0,1,0.4326,0.2623,0.6949,,,,,,,,,,,,,,,,,49.07549947908746,1.3509,36,11,275,137,102,35,26.141276,0,ok,logs/seed_460722.log
724036,irt_only,GHEFT,0,0.0,0,0,1,0.4258,0.2547,0.6805,,,,,,,,,,,,,,,,,63.22656868327404,1.1349,51,10,313,143,102,41,30.008445,0,ok,logs/seed_724036.log
901968,irt_only,GHEFT,0,0.0,0,0,1,0.4694,0.2705,0.7399,,,,,,,,,,,,,,,,,50.76006094674557,1.4712,46,12,310,175,139,36,32.881391,0,ok,logs/seed_901968.log
287728,irt_only,GHEFT,0,0.0,0,0,1,0.4655,0.2713,0.7368,,,,,,,,,,,,,,,,,45.88673087377174,1.2505,50,12,333,163,136,27,36.43014,0,ok,logs/seed_287728.log
747287,irt_only,GHEFT,0,0.0,0,0,1,0.4536,0.2916,0.7452,,,,,,,,,,,,,,,,,73.85271606367583,2.2026,47,10,329,175,132,43,28.795829,0,ok,logs/seed_747287.log
867108,irt_only,GHEFT,0,0.0,0,0,1,0.4394,0.2951,0.7345,,,,,,,,,,,,,,,,,58.67492207911684,1.6517,51,11,302,149,121,28,29.248976,0,ok,logs/seed_867108.log
196697,irt_only,GHEFT,0,0.0,0,0,1,0.4538,0.3284,0.7822,,,,,,,,,,,,,,,,,48.31785552099534,1.1997,41,9,314,142,92,50,26.581628,0,ok,logs/seed_196697.log
635464,irt_only,GHEFT,0,0.0,0,0,1,0.4219,0.3188,0.7407,,,,,,,,,,,,,,,,,64.93407702060223,1.2284,53,13,326,179,127,52,31.99949,0,ok,logs/seed_635464.log
389228,irt_only,GHEFT,0,0.0,0,0,1,0.4548,0.266,0.7208,,,,,,,,,,,,,,,,,74.16331494768312,1.5198,47,9,297,139,98,41,26.210045,0,ok,logs/seed_389228.log
813617,irt_only,GHEFT,0,0.0,0,0,1,0.4444,0.2869,0.7313,,,,,,,,,,,,,,,,,50.63352121708186,1.3622,45,12,288,140,113,27,29.09164,0,ok,logs/seed_813617.log
232555,irt_only,GHEFT,0,0.0,0,0,1,0.4183,0.3022,0.7205,,,,,,,,,,,,,,,,,58.2483572519084,1.2711,54,12,332,171,128,43,34.096335,0,ok,logs/seed_232555.log
932496,irt_only,GHEFT,0,0.0,0,0,1,0.4549,0.3479,0.8028,,,,,,,,,,,,,,,,,60.56882500000001,1.5084,53,12,324,178,124,54,30.808206,0,ok,logs/seed_932496.log
544493,irt_only,GHEFT,0,0.0,0,0,1,0.506,0.3264,0.8324,,,,,,,,,,,,,,,,,66.09365949367091,1.3544,53,11,317,173,131,42,34.56803,0,ok,logs/seed_544493.log
174431,irt_only,GHEFT,0,0.0,0,0,1,0.4833,0.3106,0.7939,,,,,,,,,,,,,,,,,47.33704855403348,1.3237,49,12,306,151,118,33,31.169824,0,ok,logs/seed_174431.log
715533,irt_only,GHEFT,0,0.0,0,0,1,0.4295,0.2515,0.681,,,,,,,,,,,,,,,,,48.41840595399187,1.214,50,13,327,183,121,62,27.680254,0,ok,logs/seed_715533.log
710115,irt_only,GHEFT,0,0.0,0,0,1,0.4125,0.2732,0.6857,,,,,,,,,,,,,,,,,64.0273676092545,1.213,53,9,314,165,122,43,25.156553,0,ok,logs/seed_710115.log
69527,irt_only,GHEFT,0,0.0,0,0,1,0.4627,0.3004,0.7631,,,,,,,,,,,,,,,,,60.446879185520366,1.6686,43,9,321,152,126,26,25.836026,0,ok,logs/seed_69527.log
584456,irt_only,GHEFT,0,0.0,0,0,1,0.4535,0.2608,0.7143,,,,,,,,,,,,,,,,,42.29202727272727,1.172,50,11,327,173,125,48,9.476379,0,ok,logs/seed_584456.log
678197,irt_only,GHEFT,0,0.0,0,0,1,0.4184,0.2729,0.6913,,,,,,,,,,,,,,,,,47.46008294444444,1.2399,43,10,311,140,107,33,24.683947,0,ok,logs/seed_678197.log
871381,irt_only,GHEFT,0,0.0,0,0,1,0.4356,0.255,0.6906,,,,,,,,,,,,,,,,,47.87207926086957,1.2888,53,12,314,171,109,62,23.326923,0,ok,logs/seed_871381.log
855755,irt_only,GHEFT,0,0.0,0,0,1,0.4448,0.3295,0.7743,,,,,,,,,,,,,,,,,53.10512843636099,1.3653,58,13,324,174,119,55,29.837021,0,ok,logs/seed_855755.log
137836,irt_only,GHEFT,0,0.0,0,0,1,0.4267,0.2728,0.6995,,,,,,,,,,,,,,,,,52.44088563535912,1.4254,44,11,297,144,113,31,22.528356,0,ok,logs/seed_137836.log
560927,irt_only,GHEFT,0,0.0,0,0,1,0.3822,0.2818,0.664,,,,,,,,,,,,,,,,,51.633436156351785,1.2626,48,12,310,145,96,49,22.415786,0,ok,logs/seed_560927.log
47925,irt_only,GHEFT,0,0.0,0,0,1,0.4453,0.3306,0.7759,,,,,,,,,,,,,,,,,51.14988988211439,1.2954,45,11,297,178,123,55,20.986363,0,ok,logs/seed_47925.log
667073,irt_only,GHEFT,0,0.0,0,0,1,0.4011,0.2197,0.6208,,,,,,,,,,,,,,,,,46.241693862815886,1.1936,46,11,302,166,132,34,22.76862,0,ok,logs/seed_667073.log
153349,irt_only,GHEFT,0,0.0,0,0,1,0.4471,0.259,0.7061,,,,,,,,,,,,,,,,,54.229304494176375,1.1099,50,12,334,176,130,46,28.378398,0,ok,logs/seed_153349.log
263035,irt_only,GHEFT,0,0.0,0,0,1,0.4107,0.2707,0.6814,,,,,,,,,,,,,,,,,48.77370238248848,1.2592,57,11,334,166,121,45,29.554825,0,ok,logs/seed_263035.log
782665,irt_only,GHEFT,0,0.0,0,0,1,0.3944,0.2735,0.6679,,,,,,,,,,,,,,,,,58.4974857142857,1.196,56,12,322,200,148,52,25.788803,0,ok,logs/seed_782665.log
372049,irt_only,GHEFT,0,0.0,0,0,1,0.4432,0.2366,0.6798,,,,,,,,,,,,,,,,,56.70538571428571,1.2072,47,11,331,169,133,36,28.294688,0,ok,logs/seed_372049.log
15262,irt_only,GHEFT,0,0.0,0,0,1,0.4933,0.3643,0.8576,,,,,,,,,,,,,,,,,71.3831665478735,2.1033,42,10,307,157,122,35,28.828563,0,ok,logs/seed_15262.log
745342,irt_only,GHEFT,0,0.0,0,0,1,0.4816,0.2468,0.7284,,,,,,,,,,,,,,,,,54.02066405732484,1.3424,61,13,351,183,121,62,32.171361,0,ok,logs/seed_745342.log
437809,irt_only,GHEFT,0,0.0,0,0,1,0.4782,0.2723,0.7505,,,,,,,,,,,,,,,,,48.14352837465566,1.3667,44,9,293,158,126,32,21.225279,0,ok,logs/seed_437809.log
987435,irt_only,GHEFT,0,0.0,0,0,1,0.4924,0.2541,0.7465,,,,,,,,,,,,,,,,,48.46345318755118,1.6247,49,10,329,172,131,41,30.388462,0,ok,logs/seed_987435.log
146585,irt_only,GHEFT,0,0.0,0,0,1,0.4297,0.2823,0.712,,,,,,,,,,,,,,,,,75.2526114151493,1.7201,46,10,331,188,146,42,31.900491,0,ok,logs/seed_146585.log
368863,irt_only,GHEFT,0,0.0,0,0,1,0.4257,0.2674,0.6931,,,,,,,,,,,,,,,,,58.50373186419754,1.2139,55,13,334,168,114,54,32.203954,0,ok,logs/seed_368863.log
572806,irt_only,GHEFT,0,0.0,0,0,1,0.4536,0.2899,0.7435,,,,,,,,,,,,,,,,,45.43407170418007,1.2527,47,12,309,173,126,47,28.236173,0,ok,logs/seed_572806.log
198288,irt_only,GHEFT,0,0.0,0,0,1,0.4746,0.2787,0.7533,,,,,,,,,,,,,,,,,43.44201173184357,1.2339,55,11,337,153,112,41,29.258204,0,ok,logs/seed_198288.log
110116,irt_only,GHEFT,0,0.0,0,0,1,0.4196,0.2336,0.6532,,,,,,,,,,,,,,,,,61.23262236894824,1.3689,48,11,316,156,109,47,25.301525,0,ok,logs/seed_110116.log
149047,irt_only,GHEFT,0,0.0,0,0,1,0.4805,0.2716,0.7521,,,,,,,,,,,,,,,,,53.80220320404723,1.7202,44,11,317,143,113,30,31.544815,0,ok,logs/seed_149047.log
864824,irt_only,GHEFT,0,0.0,0,0,1,0.417,0.3086,0.7256,,,,,,,,,,,,,,,,,51.32744752898109,1.4662,50,11,296,157,118,39,25.929124,0,ok,logs/seed_864824.log
801768,irt_only,GHEFT,0,0.0,0,0,1,0.448,0.2338,0.6818,,,,,,,,,,,,,,,,,62.864929098805646,1.7502,49,11,311,162,114,48,30.240356,0,ok,logs/seed_801768.log
262875,irt_only,GHEFT,0,0.0,0,0,1,0.4453,0.2521,0.6974,,,,,,,,,,,,,,,,,50.618813537117916,1.3082,45,9,323,156,133,23,25.150417,0,ok,logs/seed_262875.log
524794,irt_only,GHEFT,0,0.0,0,0,1,0.3895,0.2153,0.6048,,,,,,,,,,,,,,,,,59.12530417246176,1.1712,42,11,311,141,106,35,36.054429,0,ok,logs/seed_524794.log
824487,irt_only,GHEFT,0,0.0,0,0,1,0.41,0.2993,0.7093,,,,,,,,,,,,,,,,,66.71855620894644,1.4777,45,11,301,171,136,35,22.469263,0,ok,logs/seed_824487.log
927335,irt_only,GHEFT,0,0.0,0,0,1,0.4356,0.2688,0.7044,,,,,,,,,,,,,,,,,55.574413795470136,1.213,49,11,312,150,113,37,28.269185,0,ok,logs/seed_927335.log
982015,irt_only,GHEFT,0,0.0,0,0,1,0.4618,0.2714,0.7332,,,,,,,,,,,,,,,,,64.049475,2.0168,45,10,292,153,126,27,26.424215,0,ok,logs/seed_982015.log
205178,irt_only,GHEFT,0,0.0,0,0,1,0.4289,0.2825,0.7114,,,,,,,,,,,,,,,,,47.93097159763313,1.7587,47,10,329,149,112,37,23.978819,0,ok,logs/seed_205178.log
888604,irt_only,GHEFT,0,0.0,0,0,1,0.4294,0.2925,0.7219,,,,,,,,,,,,,,,,,59.42323790012805,1.2101,46,10,317,157,115,42,31.045314,0,ok,logs/seed_888604.log
546566,irt_only,GHEFT,0,0.0,0,0,1,0.4668,0.2158,0.6826,,,,,,,,,,,,,,,,,50.23766593406594,1.0443,50,12,311,172,108,64,26.312699,0,ok,logs/seed_546566.log
939943,irt_only,GHEFT,0,0.0,0,0,1,0.4678,0.2813,0.7491,,,,,,,,,,,,,,,,,43.54443539518899,1.2448,43,10,303,177,125,52,27.354714,0,ok,logs/seed_939943.log
461796,irt_only,GHEFT,0,0.0,0,0,1,0.4445,0.3063,0.7508,,,,,,,,,,,,,,,,,51.89061350293542,1.1641,47,9,313,155,127,28,30.607637,0,ok,logs/seed_461796.log
683805,irt_only,GHEFT,0,0.0,0,0,1,0.4553,0.2544,0.7097,,,,,,,,,,,,,,,,,58.99035327510917,1.4612,46,12,328,187,128,59,35.815311,0,ok,logs/seed_683805.log
273298,irt_only,GHEFT,0,0.0,0,0,1,0.4001,0.2144,0.6145,,,,,,,,,,,,,,,,,45.29408635178777,1.1247,49,12,341,145,103,42,28.232643,0,ok,logs/seed_273298.log
870064,irt_only,GHEFT,0,0.0,0,0,1,0.5158,0.3398,0.8556,,,,,,,,,,,,,,,,,61.60255769944342,1.7191,42,11,293,164,129,35,23.763426,0,ok,logs/seed_870064.log
739336,irt_only,GHEFT,0,0.0,0,0,1,0.3992,0.2657,0.6649,,,,,,,,,,,,,,,,,58.81186209179484,1.2556,43,10,303,175,137,38,24.600802,0,ok,logs/seed_739336.log
374908,irt_only,GHEFT,0,0.0,0,0,1,0.4499,0.335,0.7849,,,,,,,,,,,,,,,,,46.63725793160813,1.4504,43,9,299,136,97,39,28.625127,0,ok,logs/seed_374908.log
489107,irt_only,GHEFT,0,0.0,0,0,1,0.4124,0.2468,0.6592,,,,,,,,,,,,,,,,,78.35698390501318,1.6518,48,10,315,170,115,55,30.058872,0,ok,logs/seed_489107.log
676170,irt_only,GHEFT,0,0.0,0,0,1,0.4182,0.2661,0.6843,,,,,,,,,,,,,,,,,54.10024317862167,1.2247,43,12,317,163,126,37,35.811844,0,ok,logs/seed_676170.log
946643,irt_only,GHEFT,0,0.0,0,0,1,0.4807,0.3433,0.824,,,,,,,,,,,,,,,,,47.05018576329331,1.3005,51,16,318,208,140,68,28.355137,0,ok,logs/seed_946643.log
245576,irt_only,GHEFT,0,0.0,0,0,1,0.4453,0.3079,0.7532,,,,,,,,,,,,,,,,,47.591013924050635,1.3836,48,10,324,172,124,48,25.876356,0,ok,logs/seed_245576.log
61677,irt_only,GHEFT,0,0.0,0,0,1,0.4536,0.2705,0.7241,,,,,,,,,,,,,,,,,50.94878498212158,1.1188,49,11,318,164,110,54,29.988334,0,ok,logs/seed_61677.log
985204,irt_only,GHEFT,0,0.0,0,0,1,0.4188,0.3216,0.7404,,,,,,,,,,,,,,,,,50.25969019860627,1.4369,53,11,326,171,123,48,30.285595,0,ok,logs/seed_985204.log
957734,irt_only,GHEFT,0,0.0,0,0,1,0.4727,0.3082,0.7809,,,,,,,,,,,,,,,,,45.474369919282516,1.4621,46,12,311,134,105,29,28.731102,0,ok,logs/seed_957734.log
586973,irt_only,GHEFT,0,0.0,0,0,1,0.406,0.2412,0.6472,,,,,,,,,,,,,,,,,55.74581812305132,1.5073,47,10,330,158,115,43,34.652787,0,ok,logs/seed_586973.log
81222,irt_only,GHEFT,0,0.0,0,0,1,0.4116,0.2785,0.6901,,,,,,,,,,,,,,,,,50.18312929292928,1.5554,44,11,316,158,118,40,25.197826,0,ok,logs/seed_81222.log
985268,irt_only,GHEFT,0,0.0,0,0,1,0.4768,0.3218,0.7986,,,,,,,,,,,,,,,,,42.81467189201879,1.1686,42,11,325,154,120,34,24.870086,0,ok,logs/seed_985268.log
240715,irt_only,GHEFT,0,0.0,0,0,1,0.4822,0.288,0.7702,,,,,,,,,,,,,,,,,46.579386761406134,1.2722,44,11,302,139,107,32,33.637494,0,ok,logs/seed_240715.log
336806,irt_only,GHEFT,0,0.0,0,0,1,0.4563,0.3285,0.7848,,,,,,,,,,,,,,,,,51.73008057040998,1.5458,54,11,344,185,137,48,37.558999,0,ok,logs/seed_336806.log
431396,irt_only,GHEFT,0,0.0,0,0,1,0.485,0.2827,0.7677,,,,,,,,,,,,,,,,,52.60336643929059,1.423,43,10,307,162,127,35,27.233707,0,ok,logs/seed_431396.log
850253,irt_only,GHEFT,0,0.0,0,0,1,0.455,0.2914,0.7464,,,,,,,,,,,,,,,,,41.68902960736196,1.185,46,10,309,147,111,36,30.659505,0,ok,logs/seed_850253.log
342204,irt_only,GHEFT,0,0.0,0,0,1,0.4744,0.295,0.7694,,,,,,,,,,,,,,,,,59.38405943132821,1.9926,47,11,316,170,120,50,27.522644,0,ok,logs/seed_342204.log
810991,irt_only,GHEFT,0,0.0,0,0,1,0.3977,0.2201,0.6178,,,,,,,,,,,,,,,,,48.03688888888889,1.2684,40,11,295,157,108,49,32.167952,0,ok,logs/seed_810991.log
895124,irt_only,GHEFT,0,0.0,0,0,1,0.4079,0.2979,0.7058,,,,,,,,,,,,,,,,,57.75801579500226,1.6577,50,11,341,166,133,33,34.492103,0,ok,logs/seed_895124.log
437866,irt_only,GHEFT,0,0.0,0,0,1,0.483,0.3042,0.7872,,,,,,,,,,,,,,,,,50.97266086956521,1.218,54,12,293,157,112,45,30.392646,0,ok,logs/seed_437866.log
246441,irt_only,GHEFT,0,0.0,0,0,1,0.4074,0.2053,0.6127,,,,,,,,,,,,,,,,,47.09214568527919,1.134,51,12,316,163,129,34,32.011258,0,ok,logs/seed_246441.log
834777,irt_only,GHEFT,0,0.0,0,0,1,0.4536,0.3181,0.7717,,,,,,,,,,,,,,,,,60.17412816763006,1.5628,58,13,326,182,133,49,31.643381,0,ok,logs/seed_834777.log
159109,irt_only,GHEFT,0,0.0,0,0,1,0.4146,0.2402,0.6548,,,,,,,,,,,,,,,,,68.37591645746164,1.7463,46,12,312,168,133,35,30.629285,0,ok,logs/seed_159109.log
469145,irt_only,GHEFT,0,0.0,0,0,1,0.4409,0.2427,0.6836,,,,,,,,,,,,,,,,,50.39550599520385,1.4834,36,10,290,156,126,30,22.048659,0,ok,logs/seed_469145.log
359039,irt_only,GHEFT,0,0.0,0,0,1,0.4322,0.2375,0.6697,,,,,,,,,,,,,,,,,56.977365517241374,1.3917,42,10,308,148,101,47,27.225491,0,ok,logs/seed_359039.log
441554,irt_only,GHEFT,0,0.0,0,0,1,0.4855,0.3232,0.8087,,,,,,,,,,,,,,,,,76.05834120603015,1.4677,51,11,330,157,108,49,34.645456,0,ok,logs/seed_441554.log
981230,irt_only,GHEFT,0,0.0,0,0,1,0.4625,0.3044,0.7669,,,,,,,,,,,,,,,,,54.37887449664429,1.4718,46,12,324,173,137,36,36.786776,0,ok,logs/seed_981230.log
386385,irt_only,GHEFT,0,0.0,0,0,1,0.4612,0.3219,0.7831,,,,,,,,,,,,,,,,,44.00054886164624,1.1374,44,9,289,150,120,30,29.264508,0,ok,logs/seed_386385.log
667900,irt_only,GHEFT,0,0.0,0,0,1,0.4064,0.3073,0.7137,,,,,,,,,,,,,,,,,51.69450512820514,1.4433,48,11,331,169,109,60,29.287224,0,ok,logs/seed_667900.log
361299,irt_only,GHEFT,0,0.0,0,0,1,0.447,0.3275,0.7745,,,,,,,,,,,,,,,,,53.76870965136193,1.4339,43,11,320,166,136,30,31.052923,0,ok,logs/seed_361299.log
270600,irt_only,GHEFT,0,0.0,0,0,1,0.4413,0.2382,0.6795,,,,,,,,,,,,,,,,,48.91847160493828,1.4475,54,14,303,157,118,39,27.774279,0,ok,logs/seed_270600.log
399493,irt_only,GHEFT,0,0.0,0,0,1,0.4049,0.2439,0.6488,,,,,,,,,,,,,,,,,44.99491692954785,1.0712,46,12,317,136,107,29,34.962368,0,ok,logs/seed_399493.log
344401,irt_only,GHEFT,0,0.0,0,0,1,0.5085,0.2881,0.7966,,,,,,,,,,,,,,,,,61.53361610368111,1.5621,52,12,329,198,153,45,30.802509,0,ok,logs/seed_344401.log
440653,irt_only,GHEFT,0,0.0,0,0,1,0.4197,0.2398,0.6595,,,,,,,,,,,,,,,,,68.57724138179148,1.3322,51,10,340,190,135,55,28.763494,0,ok,logs/seed_440653.log
422829,irt_only,GHEFT,0,0.0,0,0,1,0.391,0.3301,0.7211,,,,,,,,,,,,,,,,,73.47991096015937,1.814,49,14,317,188,148,40,27.663656,0,ok,logs/seed_422829.log
194493,irt_only,GHEFT,0,0.0,0,0,1,0.4441,0.2857,0.7298,,,,,,,,,,,,,,,,,56.12803414634144,1.2607,51,10,333,165,131,34,33.808453,0,ok,logs/seed_194493.log
79088,irt_only,GHEFT,0,0.0,0,0,1,0.4128,0.2769,0.6897,,,,,,,,,,,,,,,,,59.058006369426764,1.2486,46,10,339,165,125,40,25.253883,0,ok,logs/seed_79088.log
144274,irt_only,GHEFT,0,0.0,0,0,1,0.366,0.2314,0.5974,,,,,,,,,,,,,,,,,52.43574816753927,1.3624,54,12,333,178,138,40,33.748447,0,ok,logs/seed_144274.log
568701,irt_only,GHEFT,0,0.0,0,0,1,0.5004,0.3453,0.8457,,,,,,,,,,,,,,,,,40.36948435054773,1.3994,48,11,323,146,98,48,31.382998,0,ok,logs/seed_568701.log
643829,irt_only,GHEFT,0,0.0,0,0,1,0.4271,0.2716,0.6987,,,,,,,,,,,,,,,,,43.1356149068323,1.1916,53,11,332,169,135,34,36.677996,0,ok,logs/seed_643829.log
271983,irt_only,GHEFT,0,0.0,0,0,1,0.428,0.2462,0.6742,,,,,,,,,,,,,,,,,51.59961904761904,1.4242,48,11,330,171,130,41,33.955376,0,ok,logs/seed_271983.log
197314,irt_only,GHEFT,0,0.0,0,0,1,0.4179,0.244,0.6619,,,,,,,,,,,,,,,,,50.95050297029704,1.3256,45,12,302,137,106,31,35.508054,0,ok,logs/seed_197314.log
994686,irt_only,GHEFT,0,0.0,0,0,1,0.4767,0.3597,0.8364,,,,,,,,,,,,,,,,,45.16717936507936,1.2201,49,12,320,152,112,40,35.100277,0,ok,logs/seed_994686.log
282842,irt_only,GHEFT,0,0.0,0,0,1,0.4613,0.322,0.7833,,,,,,,,,,,,,,,,,53.51384632034632,1.4233,44,11,293,161,130,31,28.741848,0,ok,logs/seed_282842.log
137602,irt_only,GHEFT,0,0.0,0,0,1,0.4475,0.2494,0.6969,,,,,,,,,,,,,,,,,58.50183241361256,1.2586,48,11,314,164,131,33,38.483824,0,ok,logs/seed_137602.log
472131,irt_only,GHEFT,0,0.0,0,0,1,0.4154,0.2327,0.6481,,,,,,,,,,,,,,,,,61.63219289617486,1.4794,51,12,310,177,132,45,33.692577,0,ok,logs/seed_472131.log
327054,irt_only,GHEFT,0,0.0,0,0,1,0.4649,0.2938,0.7587,,,,,,,,,,,,,,,,,46.685506928664076,1.2252,45,10,294,135,92,43,32.246555,0,ok,logs/seed_327054.log
416581,irt_only,GHEFT,0,0.0,0,0,1,0.4355,0.2832,0.7187,,,,,,,,,,,,,,,,,44.28559486046514,1.0866,49,11,339,165,109,56,34.357134,0,ok,logs/seed_416581.log
223716,irt_only,GHEFT,0,0.0,0,0,1,0.4338,0.3391,0.7729,,,,,,,,,,,,,,,,,65.39189454191032,1.7021,57,14,356,202,146,56,44.659126,0,ok,logs/seed_223716.log
116436,irt_only,GHEFT,0,0.0,0,0,1,0.4557,0.3152,0.7709,,,,,,,,,,,,,,,,,46.27169649315854,1.2482,54,13,333,196,139,57,36.657803,0,ok,logs/seed_116436.log
650936,irt_only,GHEFT,0,0.0,0,0,1,0.418,0.3481,0.7661,,,,,,,,,,,,,,,,,52.620413853863816,1.5642,41,11,286,147,127,20,28.948576,0,ok,logs/seed_650936.log
516657,irt_only,GHEFT,0,0.0,0,0,1,0.4432,0.2825,0.7257,,,,,,,,,,,,,,,,,49.24972028639618,1.22,52,12,323,174,138,36,30.669158,0,ok,logs/seed_516657.log
687865,irt_only,GHEFT,0,0.0,0,0,1,0.4161,0.3147,0.7308,,,,,,,,,,,,,,,,,67.29812972972974,1.9834,47,13,297,174,139,35,25.3264,0,ok,logs/seed_687865.log
715106,irt_only,GHEFT,0,0.0,0,0,1,0.4484,0.2623,0.7107,,,,,,,,,,,,,,,,,49.06102674094708,1.1401,39,9,307,141,118,23,37.041611,0,ok,logs/seed_715106.log
293374,irt_only,GHEFT,0,0.0,0,0,1,0.4475,0.2905,0.738,,,,,,,,,,,,,,,,,44.70241231527095,1.138,49,12,304,155,107,48,31.308052,0,ok,logs/seed_293374.log
658834,irt_only,GHEFT,0,0.0,0,0,1,0.4811,0.3656,0.8467,,,,,,,,,,,,,,,,,47.01264930569655,1.4068,46,11,306,148,111,37,32.649158,0,ok,logs/seed_658834.log
23329,irt_only,GHEFT,0,0.0,0,0,1,0.4518,0.2372,0.689,,,,,,,,,,,,,,,,,44.6879748427673,1.4334,52,14,323,193,147,46,28.107276,0,ok,logs/seed_23329.log
661707,irt_only,GHEFT,0,0.0,0,0,1,0.4732,0.2735,0.7467,,,,,,,,,,,,,,,,,71.30106043956046,1.5314,50,12,334,177,133,44,29.48157,0,ok,logs/seed_661707.log
579773,irt_only,GHEFT,0,0.0,0,0,1,0.4738,0.3282,0.802,,,,,,,,,,,,,,,,,74.35247590361448,1.877,48,13,316,161,111,50,27.564519,0,ok,logs/seed_579773.log
688431,irt_only,GHEFT,0,0.0,0,0,1,0.4328,0.2578,0.6906,,,,,,,,,,,,,,,,,77.4128,1.7107,52,11,318,167,120,47,30.084601,0,ok,logs/seed_688431.log
735633,irt_only,GHEFT,0,0.0,0,0,1,0.4405,0.2799,0.7204,,,,,,,,,,,,,,,,,59.76554169381107,1.3705,49,13,316,177,112,65,21.818337,0,ok,logs/seed_735633.log
208263,irt_only,GHEFT,0,0.0,0,0,1,0.4352,0.2596,0.6948,,,,,,,,,,,,,,,,,51.0030825511432,1.1994,49,13,313,183,138,45,26.313335,0,ok,logs/seed_208263.log
733953,irt_only,GHEFT,0,0.0,0,0,1,0.4533,0.2583,0.7116,,,,,,,,,,,,,,,,,49.12916958579162,1.2304,56,14,338,197,123,74,29.623707,0,ok,logs/seed_733953.log
241442,irt_only,GHEFT,0,0.0,0,0,1,0.4273,0.3245,0.7518,,,,,,,,,,,,,,,,,49.80060590219224,1.5347,50,12,306,167,132,35,36.945222,0,ok,logs/seed_241442.log
665452,irt_only,GHEFT,0,0.0,0,0,1,0.4611,0.2619,0.723,,,,,,,,,,,,,,,,,49.94703439065109,1.1697,56,11,320,171,122,49,34.610373,0,ok,logs/seed_665452.log
631051,irt_only,GHEFT,0,0.0,0,0,1,0.4295,0.2781,0.7076,,,,,,,,,,,,,,,,,47.40364665523157,1.6326,46,9,331,167,108,59,28.468188,0,ok,logs/seed_631051.log
497919,irt_only,GHEFT,0,0.0,0,0,1,0.4072,0.2747,0.6819,,,,,,,,,,,,,,,,,52.8029,1.2801,47,11,326,160,113,47,28.247684,0,ok,logs/seed_497919.log
960027,irt_only,GHEFT,0,0.0,0,0,1,0.4789,0.2812,0.7601,,,,,,,,,,,,,,,,,54.389886714285716,1.6962,39,7,285,145,119,26,22.367485,0,ok,logs/seed_960027.log
305476,irt_only,GHEFT,0,0.0,0,0,1,0.5038,0.3417,0.8455,,,,,,,,,,,,,,,,,72.33252054397394,1.5174,48,11,332,161,127,34,30.313829,0,ok,logs/seed_305476.log
365837,irt_only,GHEFT,0,0.0,0,0,1,0.4133,0.2605,0.6738,,,,,,,,,,,,,,,,,61.889090507910076,1.5025,52,12,324,200,137,63,28.923975,0,ok,logs/seed_365837.log
514986,irt_only,GHEFT,0,0.0,0,0,1,0.4,0.3318,0.7318,,,,,,,,,,,,,,,,,94.36697649402392,1.6516,52,11,318,183,131,52,24.765678,0,ok,logs/seed_514986.log
291361,irt_only,GHEFT,0,0.0,0,0,1,0.5184,0.2738,0.7922,,,,,,,,,,,,,,,,,49.95698380462726,1.2187,49,12,331,168,133,35,26.150909,0,ok,logs/seed_291361.log
831040,irt_only,GHEFT,0,0.0,0,0,1,0.4429,0.2501,0.693,,,,,,,,,,,,,,,,,60.262925423728824,1.3963,45,13,289,165,126,39,24.593122,0,ok,logs/seed_831040.log
900613,irt_only,GHEFT,0,0.0,0,0,1,0.4211,0.2656,0.6867,,,,,,,,,,,,,,,,,55.28705275142314,1.4328,43,9,309,147,112,35,24.814365,0,ok,logs/seed_900613.log
738426,irt_only,GHEFT,0,0.0,0,0,1,0.4421,0.3032,0.7453,,,,,,,,,,,,,,,,,56.805021690265484,1.4152,47,9,329,164,138,26,31.382075,0,ok,logs/seed_738426.log
924607,irt_only,GHEFT,0,0.0,0,0,1,0.4563,0.3525,0.8088,,,,,,,,,,,,,,,,,44.676455181576614,1.1387,43,11,307,161,119,42,29.143699,0,ok,logs/seed_924607.log
461861,irt_only,GHEFT,0,0.0,0,0,1,0.4002,0.2758,0.676,,,,,,,,,,,,,,,,,46.86875952380953,1.4229,45,10,306,133,100,33,22.015273,0,ok,logs/seed_461861.log
854725,irt_only,GHEFT,0,0.0,0,0,1,0.4538,0.2885,0.7423,,,,,,,,,,,,,,,,,49.46359312229539,1.3803,49,14,331,157,104,53,25.588765,0,ok,logs/seed_854725.log
808927,irt_only,GHEFT,0,0.0,0,0,1,0.4684,0.3753,0.8437,,,,,,,,,,,,,,,,,45.157217733067725,1.2778,43,11,324,154,121,33,29.30209,0,ok,logs/seed_808927.log
826006,irt_only,GHEFT,0,0.0,0,0,1,0.4274,0.2975,0.7249,,,,,,,,,,,,,,,,,49.01084572271387,1.135,56,13,318,181,121,60,26.15632,0,ok,logs/seed_826006.log
522333,irt_only,GHEFT,0,0.0,0,0,1,0.4386,0.3527,0.7913,,,,,,,,,,,,,,,,,49.72258865979381,1.3375,55,12,321,158,101,57,29.987764,0,ok,logs/seed_522333.log
245912,irt_only,GHEFT,0,0.0,0,0,1,0.4715,0.3317,0.8032,,,,,,,,,,,,,,,,,51.21047213114755,1.1209,46,10,310,159,109,50,27.192664,0,ok,logs/seed_245912.log
758389,irt_only,GHEFT,0,0.0,0,0,1,0.4656,0.2911,0.7567,,,,,,,,,,,,,,,,,45.52078088788562,1.3914,47,10,309,164,127,37,27.062975,0,ok,logs/seed_758389.log
631363,irt_only,GHEFT,0,0.0,0,0,1,0.4466,0.2917,0.7383,,,,,,,,,,,,,,,,,56.19303723608444,1.5166,48,10,314,167,135,32,29.85888,0,ok,logs/seed_631363.log
766985,irt_only,GHEFT,0,0.0,0,0,1,0.453,0.2475,0.7005,,,,,,,,,,,,,,,,,54.49630525059666,1.4064,49,11,309,171,119,52,27.353501,0,ok,logs/seed_766985.log
582309,irt_only,GHEFT,0,0.0,0,0,1,0.4588,0.2329,0.6917,,,,,,,,,,,,,,,,,43.995170353035036,1.3458,43,10,302,143,102,41,20.469609,0,ok,logs/seed_582309.log
846927,irt_only,GHEFT,0,0.0,0,0,1,0.4283,0.2996,0.7279,,,,,,,,,,,,,,,,,52.49769511400651,1.4961,54,12,323,171,111,60,28.674123,0,ok,logs/seed_846927.log
763059,irt_only,GHEFT,0,0.0,0,0,1,0.4837,0.325,0.8087,,,,,,,,,,,,,,,,,55.64950726003209,1.3295,45,11,309,157,117,40,26.259874,0,ok,logs/seed_763059.log
861602,irt_only,GHEFT,0,0.0,0,0,1,0.5103,0.3123,0.8226,,,,,,,,,,,,,,,,,44.89615126243305,1.3613,50,10,327,170,125,45,30.251198,0,ok,logs/seed_861602.log
631173,irt_only,GHEFT,0,0.0,0,0,1,0.4539,0.2543,0.7082,,,,,,,,,,,,,,,,,70.48597798377752,1.7312,43,10,304,165,130,35,33.307279,0,ok,logs/seed_631173.log
53408,irt_only,GHEFT,0,0.0,0,0,1,0.4529,0.2997,0.7526,,,,,,,,,,,,,,,,,56.227911347341845,1.4419,45,11,312,164,126,38,29.138097,0,ok,logs/seed_53408.log
328439,irt_only,GHEFT,0,0.0,0,0,1,0.4196,0.26,0.6796,,,,,,,,,,,,,,,,,60.32279189189188,1.6836,46,11,303,155,106,49,26.097553,0,ok,logs/seed_328439.log
1087,irt_only,GHEFT,0,0.0,0,0,1,0.4161,0.2956,0.7117,,,,,,,,,,,,,,,,,55.27737321711568,1.2945,44,11,310,161,118,43,23.088656,0,ok,logs/seed_1087.log
577361,irt_only,GHEFT,0,0.0,0,0,1,0.4791,0.3162,0.7953,,,,,,,,,,,,,,,,,47.95877056521739,1.1588,56,13,310,181,116,65,23.174133,0,ok,logs/seed_577361.log
72146,irt_only,GHEFT,0,0.0,0,0,1,0.4444,0.2856,0.73,,,,,,,,,,,,,,,,,44.76879235127479,1.3452,60,13,332,184,149,35,28.595442,0,ok,logs/seed_72146.log
479068,irt_only,GHEFT,0,0.0,0,0,1,0.3708,0.2651,0.6359,,,,,,,,,,,,,,,,,52.7776865771812,1.6743,48,14,309,172,113,59,20.924082,0,ok,logs/seed_479068.log
267093,irt_only,GHEFT,0,0.0,0,0,1,0.3461,0.2429,0.589,,,,,,,,,,,,,,,,,58.47982465753426,1.4535,53,13,325,173,130,43,25.093978,0,ok,logs/seed_267093.log
174052,irt_only,GHEFT,0,0.0,0,0,1,0.4035,0.2642,0.6677,,,,,,,,,,,,,,,,,43.68326589684372,1.1727,54,11,315,157,123,34,26.241474,0,ok,logs/seed_174052.log
224195,irt_only,GHEFT,0,0.0,0,0,1,0.3738,0.2248,0.5986,,,,,,,,,,,,,,,,,62.69334319544224,1.7397,52,13,309,170,111,59,25.167992,0,ok,logs/seed_224195.log
203906,irt_only,GHEFT,0,0.0,0,0,1,0.4688,0.3261,0.7949,,,,,,,,,,,,,,,,,54.36185553602812,1.4293,51,12,305,186,136,50,24.529591,0,ok,logs/seed_203906.log
223610,irt_only,GHEFT,0,0.0,0,0,1,0.4142,0.3112,0.7254,,,,,,,,,,,,,,,,,43.101604972375696,1.2765,46,10,313,145,101,44,20.064091,0,ok,logs/seed_223610.log
765827,irt_only,GHEFT,0,0.0,0,0,1,0.435,0.2993,0.7343,,,,,,,,,,,,,,,,,60.80116656580938,1.474,48,11,341,187,145,42,26.923914,0,ok,logs/seed_765827.log
597825,irt_only,GHEFT,0,0.0,0,0,1,0.4555,0.2994,0.7549,,,,,,,,,,,,,,,,,50.839134080717486,1.2246,44,11,303,146,119,27,26.918067,0,ok,logs/seed_597825.log
743325,irt_only,GHEFT,0,0.0,0,0,1,0.4444,0.3275,0.7719,,,,,,,,,,,,,,,,,48.99126038514442,1.643,51,11,310,160,118,42,27.982719,0,ok,logs/seed_743325.log
459404,irt_only,GHEFT,0,0.0,0,0,1,0.3616,0.2388,0.6004,,,,,,,,,,,,,,,,,72.05147727677101,1.71,48,11,334,179,135,44,23.282643,0,ok,logs/seed_459404.log
644891,irt_only,GHEFT,0,0.0,0,0,1,0.4553,0.2991,0.7544,,,,,,,,,,,,,,,,,53.05381777434312,1.2047,46,11,314,149,117,32,24.627939,0,ok,logs/seed_644891.log
112316,irt_only,GHEFT,0,0.0,0,0,1,0.4418,0.2584,0.7002,,,,,,,,,,,,,,,,,51.493574983187614,1.3188,50,11,336,177,133,44,29.037157,0,ok,logs/seed_112316.log
708240,irt_only,GHEFT,0,0.0,0,0,1,0.4303,0.2966,0.7269,,,,,,,,,,,,,,,,,50.55327858319604,1.1891,45,11,302,166,118,48,22.240893,0,ok,logs/seed_708240.log
988612,irt_only,GHEFT,0,0.0,0,0,1,0.4449,0.2313,0.6762,,,,,,,,,,,,,,,,,53.972960538116595,1.525,46,11,306,142,109,33,21.042194,0,ok,logs/seed_988612.log
737269,irt_only,GHEFT,0,0.0,0,0,1,0.4735,0.3051,0.7786,,,,,,,,,,,,,,,,,59.567021951219495,1.4063,47,12,311,184,127,57,24.284714,0,ok,logs/seed_737269.log
670045,irt_only,GHEFT,0,0.0,0,0,1,0.4509,0.2665,0.7174,,,,,,,,,,,,,,,,,47.71430368663595,1.3085,38,10,300,129,98,31,26.31598,0,ok,logs/seed_670045.log
697981,irt_only,GHEFT,0,0.0,0,0,1,0.4086,0.2819,0.6905,,,,,,,,,,,,,,,,,46.15917162534434,1.3926,46,10,312,159,128,31,26.363099,0,ok,logs/seed_697981.log
940926,irt_only,GHEFT,0,0.0,0,0,1,0.5242,0.3455,0.8697,,,,,,,,,,,,,,,,,48.164568476357275,1.4534,48,10,328,166,123,43,23.639237,0,ok,logs/seed_940926.log
245466,irt_only,GHEFT,0,0.0,0,0,1,0.4961,0.3108,0.8069,,,,,,,,,,,,,,,,,52.2519612244898,1.1204,51,12,333,170,133,37,34.419495,0,ok,logs/seed_245466.log
863385,irt_only,GHEFT,0,0.0,0,0,1,0.4505,0.2428,0.6933,,,,,,,,,,,,,,,,,76.89787377049181,1.7999,50,11,338,192,152,40,26.149423,0,ok,logs/seed_863385.log
502084,irt_only,GHEFT,0,0.0,0,0,1,0.4394,0.322,0.7614,,,,,,,,,,,,,,,,,55.509510968178745,1.2748,59,11,349,184,135,49,32.927174,0,ok,logs/seed_502084.log
268333,irt_only,GHEFT,0,0.0,0,0,1,0.4637,0.2382,0.7019,,,,,,,,,,,,,,,,,44.20066051252539,1.4722,43,11,308,129,89,40,26.505091,0,ok,logs/seed_268333.log
889172,irt_only,GHEFT,0,0.0,0,0,1,0.43,0.2338,0.6638,,,,,,,,,,,,,,,,,42.83718132786885,1.102,42,9,305,153,110,43,24.191922,0,ok,logs/seed_889172.log
768859,irt_only,GHEFT,0,0.0,0,0,1,0.4278,0.3044,0.7322,,,,,,,,,,,,,,,,,54.28547692307692,1.5073,49,12,309,163,129,34,21.764576,0,ok,logs/seed_768859.log
108511,irt_only,GHEFT,0,0.0,0,0,1,0.4422,0.3101,0.7523,,,,,,,,,,,,,,,,,56.3185657634584,1.7116,44,10,347,166,124,42,35.083291,0,ok,logs/seed_108511.log
828273,irt_only,GHEFT,0,0.0,0,0,1,0.4281,0.2557,0.6838,,,,,,,,,,,,,,,,,44.93098567639256,1.1535,44,10,316,157,119,38,22.706516,0,ok,logs/seed_828273.log
932667,irt_only,GHEFT,0,0.0,0,0,1,0.4109,0.2567,0.6676,,,,,,,,,,,,,,,,,72.59835716395864,2.3282,45,13,288,169,128,41,26.268129,0,ok,logs/seed_932667.log
245421,irt_only,GHEFT,0,0.0,0,0,1,0.424,0.2607,0.6847,,,,,,,,,,,,,,,,,85.14764771480804,2.3519,46,13,301,171,133,38,24.218147,0,ok,logs/seed_245421.log
678641,irt_only,GHEFT,0,0.0,0,0,1,0.4871,0.2741,0.7612,,,,,,,,,,,,,,,,,79.40749533607679,1.8044,61,15,322,206,149,57,31.117992,0,ok,logs/seed_678641.log
935125,irt_only,GHEFT,0,0.0,0,0,1,0.4734,0.3225,0.7959,,,,,,,,,,,,,,,,,62.52165785953178,1.461,47,11,333,164,128,36,31.867539,0,ok,logs/seed_935125.log
605287,irt_only,GHEFT,0,0.0,0,0,1,0.4615,0.3225,0.784,,,,,,,,,,,,,,,,,51.36389629629629,1.3059,41,8,301,135,97,38,27.633335,0,ok,logs/seed_605287.log
241117,irt_only,GHEFT,0,0.0,0,0,1,0.4991,0.2522,0.7513,,,,,,,,,,,,,,,,,51.58044347787611,1.1051,57,13,341,187,135,52,32.459685,0,ok,logs/seed_241117.log
137693,irt_only,GHEFT,0,0.0,0,0,1,0.3745,0.2801,0.6546,,,,,,,,,,,,,,,,,71.66617542857144,2.1589,55,13,363,209,136,73,33.6194,0,ok,logs/seed_137693.log
519815,irt_only,GHEFT,0,0.0,0,0,1,0.4708,0.2927,0.7635,,,,,,,,,,,,,,,,,56.55178880308882,1.4546,47,10,325,169,128,41,25.305555,0,ok,logs/seed_519815.log
825689,irt_only,GHEFT,0,0.0,0,0,1,0.4468,0.256,0.7028,,,,,,,,,,,,,,,,,48.05075734002509,1.1464,55,15,330,198,143,55,25.854742,0,ok,logs/seed_825689.log
266300,irt_only,GHEFT,0,0.0,0,0,1,0.4747,0.2675,0.7422,,,,,,,,,,,,,,,,,45.53938803418804,1.2776,45,10,326,156,125,31,29.729567,0,ok,logs/seed_266300.log
353884,irt_only,GHEFT,0,0.0,0,0,1,0.4503,0.3114,0.7617,,,,,,,,,,,,,,,,,59.5194953307393,1.3082,41,9,311,142,103,39,21.393134,0,ok,logs/seed_353884.log
141574,irt_only,GHEFT,0,0.0,0,0,1,0.4383,0.2163,0.6546,,,,,,,,,,,,,,,,,51.43657632950191,1.1179,57,12,347,197,129,68,30.167019,0,ok,logs/seed_141574.log
211351,irt_only,GHEFT,0,0.0,0,0,1,0.4601,0.2856,0.7457,,,,,,,,,,,,,,,,,53.24709789440993,1.2613,45,10,331,174,128,46,26.279376,0,ok,logs/seed_211351.log
64745,irt_only,GHEFT,0,0.0,0,0,1,0.3784,0.2197,0.5981,,,,,,,,,,,,,,,,,55.63285295429209,1.1211,54,12,322,156,97,59,27.887196,0,ok,logs/seed_64745.log
827551,irt_only,GHEFT,0,0.0,0,0,1,0.476,0.336,0.812,,,,,,,,,,,,,,,,,63.70969952324196,1.4286,39,9,285,147,117,30,27.100291,0,ok,logs/seed_827551.log
236634,irt_only,GHEFT,0,0.0,0,0,1,0.4508,0.2846,0.7354,,,,,,,,,,,,,,,,,44.48125177574048,1.2524,48,13,299,154,117,37,23.422022,0,ok,logs/seed_236634.log
554061,irt_only,GHEFT,0,0.0,0,0,1,0.4359,0.2822,0.7181,,,,,,,,,,,,,,,,,73.82094473684211,1.6991,44,11,299,146,115,31,24.650069,0,ok,logs/seed_554061.log
473253,irt_only,GHEFT,0,0.0,0,0,1,0.3945,0.2241,0.6186,,,,,,,,,,,,,,,,,52.50889480519479,1.3601,41,12,285,159,105,54,23.985859,0,ok,logs/seed_473253.log
397414,irt_only,GHEFT,0,0.0,0,0,1,0.4648,0.3578,0.8226,,,,,,,,,,,,,,,,,52.38325633802817,1.4774,53,9,343,162,118,44,30.605477,0,ok,logs/seed_397414.log
237902,irt_only,GHEFT,0,0.0,0,0,1,0.4428,0.2506,0.6934,,,,,,,,,,,,,,,,,46.445581415929205,1.2808,47,12,297,144,104,40,25.871722,0,ok,logs/seed_237902.log
57519,irt_only,GHEFT,0,0.0,0,0,1,0.404,0.2481,0.6521,,,,,,,,,,,,,,,,,49.63583256814921,1.5176,45,9,303,143,104,39,30.159665,0,ok,logs/seed_57519.log
505780,irt_only,GHEFT,0,0.0,0,0,1,0.4879,0.2655,0.7534,,,,,,,,,,,,,,,,,53.058513927756664,1.2656,45,12,308,165,112,53,24.871665,0,ok,logs/seed_505780.log
353215,irt_only,GHEFT,0,0.0,0,0,1,0.3573,0.2323,0.5896,,,,,,,,,,,,,,,,,54.494973516758094,1.353,52,13,337,172,106,66,27.97845,0,ok,logs/seed_353215.log
60194,irt_only,GHEFT,0,0.0,0,0,1,0.4541,0.2802,0.7343,,,,,,,,,,,,,,,,,48.45894552967694,1.5891,47,11,315,145,115,30,32.740642,0,ok,logs/seed_60194.log
21327,irt_only,GHEFT,0,0.0,0,0,1,0.4444,0.2478,0.6922,,,,,,,,,,,,,,,,,84.1188215767635,1.7624,52,11,332,171,133,38,29.142139,0,ok,logs/seed_21327.log
551141,irt_only,GHEFT,0,0.0,0,0,1,0.4272,0.2202,0.6474,,,,,,,,,,,,,,,,,47.46502979097387,1.3288,43,9,299,145,119,26,21.407785,0,ok,logs/seed_551141.log
504483,irt_only,GHEFT,0,0.0,0,0,1,0.4468,0.3103,0.7571,,,,,,,,,,,,,,,,,42.311491124138605,1.4084,52,12,305,146,109,37,27.152628,0,ok,logs/seed_504483.log
50984,irt_only,GHEFT,0,0.0,0,0,1,0.417,0.2524,0.6694,,,,,,,,,,,,,,,,,55.21558068303096,1.154,48,11,313,156,129,27,25.233063,0,ok,logs/seed_50984.log
145299,irt_only,GHEFT,0,0.0,0,0,1,0.4619,0.2942,0.7561,,,,,,,,,,,,,,,,,49.67759366339067,1.3011,40,10,298,128,88,40,25.000025,0,ok,logs/seed_145299.log
933274,irt_only,GHEFT,0,0.0,0,0,1,0.4232,0.2352,0.6584,,,,,,,,,,,,,,,,,63.932648311827954,1.3311,51,12,339,200,150,50,30.433063,0,ok,logs/seed_933274.log
321337,irt_only,GHEFT,0,0.0,0,0,1,0.5046,0.3259,0.8305,,,,,,,,,,,,,,,,,44.46810622535211,1.5915,45,10,307,139,96,43,22.484275,0,ok,logs/seed_321337.log
181404,irt_only,GHEFT,0,0.0,0,0,1,0.4584,0.3213,0.7797,,,,,,,,,,,,,,,,,52.36743839732888,1.4445,49,11,329,168,124,44,27.382812,0,ok,logs/seed_181404.log
3899,irt_only,GHEFT,0,0.0,0,0,1,0.4323,0.2922,0.7245,,,,,,,,,,,,,,,,,79.49480846968243,1.5881,45,11,309,156,125,31,26.408855,0,ok,logs/seed_3899.log
494958,irt_only,GHEFT,0,0.0,0,0,1,0.5031,0.3484,0.8515,,,,,,,,,,,,,,,,,50.21537330350485,1.2659,60,13,298,171,105,66,24.574066,0,ok,logs/seed_494958.log
970507,irt_only,GHEFT,0,0.0,0,0,1,0.3877,0.2708,0.6585,,,,,,,,,,,,,,,,,45.00466625424795,1.1976,47,13,312,179,116,63,26.952422,0,ok,logs/seed_970507.log
705866,irt_only,GHEFT,0,0.0,0,0,1,0.4386,0.3032,0.7418,,,,,,,,,,,,,,,,,58.368050441247,1.3804,49,11,319,166,119,47,29.214139,0,ok,logs/seed_705866.log
296343,irt_only,GHEFT,0,0.0,0,0,1,0.4835,0.2715,0.755,,,,,,,,,,,,,,,,,50.065051,1.502,51,10,310,182,131,51,25.195669,0,ok,logs/seed_296343.log
586398,irt_only,GHEFT,0,0.0,0,0,1,0.4203,0.209,0.6293,,,,,,,,,,,,,,,,,51.47252946912243,1.3022,47,13,324,179,136,43,24.398779,0,ok,logs/seed_586398.log
378648,irt_only,GHEFT,0,0.0,0,0,1,0.4641,0.3189,0.783,,,,,,,,,,,,,,,,,44.30934676258992,1.3506,42,11,289,142,117,25,21.981053,0,ok,logs/seed_378648.log
531966,irt_only,GHEFT,0,0.0,0,0,1,0.4653,0.2699,0.7352,,,,,,,,,,,,,,,,,37.83370921985815,1.259,42,10,311,154,122,32,22.501708,0,ok,logs/seed_531966.log
596361,irt_only,GHEFT,0,0.0,0,0,1,0.42,0.257,0.677,,,,,,,,,,,,,,,,,41.81542265512265,1.1302,47,12,325,164,120,44,27.265195,0,ok,logs/seed_596361.log
60220,irt_only,GHEFT,0,0.0,0,0,1,0.4549,0.2409,0.6958,,,,,,,,,,,,,,,,,46.527419357487915,1.2998,41,11,306,133,99,34,23.57392,0,ok,logs/seed_60220.log
189568,irt_only,GHEFT,0,0.0,0,0,1,0.4344,0.3374,0.7718,,,,,,,,,,,,,,,,,52.01671234482759,1.2289,50,11,316,169,127,42,30.476837,0,ok,logs/seed_189568.log
151000,irt_only,GHEFT,0,0.0,0,0,1,0.4148,0.2476,0.6624,,,,,,,,,,,,,,,,,72.05731083627795,1.5201,49,11,312,178,138,40,19.474323,0,ok,logs/seed_151000.log
72402,irt_only,GHEFT,0,0.0,0,0,1,0.4228,0.3147,0.7375,,,,,,,,,,,,,,,,,46.3843630738523,1.1102,50,11,326,159,127,32,21.128688,0,ok,logs/seed_72402.log
983055,irt_only,GHEFT,0,0.0,0,0,1,0.4575,0.2881,0.7456,,,,,,,,,,,,,,,,,46.22781704180064,1.2585,39,10,309,131,103,28,23.142097,0,ok,logs/seed_983055.log
538582,irt_only,GHEFT,0,0.0,0,0,1,0.4524,0.2686,0.721,,,,,,,,,,,,,,,,,52.41459767441861,1.3959,47,12,296,149,117,32,23.688256,0,ok,logs/seed_538582.log
934509,irt_only,GHEFT,0,0.0,0,0,1,0.4576,0.3025,0.7601,,,,,,,,,,,,,,,,,52.88937039711191,1.31,48,11,320,151,122,29,27.893385,0,ok,logs/seed_934509.log
220410,irt_only,GHEFT,0,0.0,0,0,1,0.4659,0.2306,0.6965,,,,,,,,,,,,,,,,,43.82832870662462,1.3462,48,12,302,158,108,50,23.581443,0,ok,logs/seed_220410.log
755547,irt_only,GHEFT,0,0.0,0,0,1,0.5246,0.3258,0.8504,,,,,,,,,,,,,,,,,51.72457590361446,1.2397,45,10,310,161,120,41,25.500457,0,ok,logs/seed_755547.log
682666,irt_only,GHEFT,0,0.0,0,0,1,0.371,0.224,0.595,,,,,,,,,,,,,,,,,52.03902964824122,1.4489,43,12,306,168,113,55,23.8917,0,ok,logs/seed_682666.log
707759,irt_only,GHEFT,0,0.0,0,0,1,0.4188,0.2756,0.6944,,,,,,,,,,,,,,,,,52.54901531911001,1.2553,47,10,315,168,140,28,24.339779,0,ok,logs/seed_707759.log
472298,irt_only,GHEFT,0,0.0,0,0,1,0.4018,0.2493,0.6511,,,,,,,,,,,,,,,,,47.5080212411189,1.3334,47,12,316,172,133,39,21.945262,0,ok,logs/seed_472298.log
842827,irt_only,GHEFT,0,0.0,0,0,1,0.4758,0.2802,0.756,,,,,,,,,,,,,,,,,48.115363007623884,1.2731,48,10,326,166,124,42,23.163655,0,ok,logs/seed_842827.log
598514,irt_only,GHEFT,0,0.0,0,0,1,0.5173,0.2998,0.8171,,,,,,,,,,,,,,,,,53.44916525016858,1.3115,46,12,302,163,127,36,12.453389,0,ok,logs/seed_598514.log
985883,irt_only,GHEFT,0,0.0,0,0,1,0.4097,0.2338,0.6435,,,,,,,,,,,,,,,,,47.855773443983395,1.1975,43,11,296,127,92,35,25.203267,0,ok,logs/seed_985883.log
595328,irt_only,GHEFT,0,0.0,0,0,1,0.4237,0.2803,0.704,,,,,,,,,,,,,,,,,58.83616843122479,1.332,56,11,347,148,110,38,25.80462,0,ok,logs/seed_595328.log
238922,irt_only,GHEFT,0,0.0,0,0,1,0.4463,0.2623,0.7086,,,,,,,,,,,,,,,,,52.934619634703196,1.4495,43,12,313,134,104,30,23.636052,0,ok,logs/seed_238922.log
469556,irt_only,GHEFT,0,0.0,0,0,1,0.4207,0.2654,0.6861,,,,,,,,,,,,,,,,,57.09795183818771,1.372,47,11,292,165,124,41,22.839221,0,ok,logs/seed_469556.log
108225,irt_only,GHEFT,0,0.0,0,0,1,0.4326,0.2775,0.7101,,,,,,,,,,,,,,,,,50.34815202652912,1.0963,50,10,318,153,128,25,19.517333,0,ok,logs/seed_108225.log
899644,irt_only,GHEFT,0,0.0,0,0,1,0.4266,0.3003,0.7269,,,,,,,,,,,,,,,,,59.268619718009894,1.3975,57,13,338,183,112,71,24.960186,0,ok,logs/seed_899644.log
885107,irt_only,GHEFT,0,0.0,0,0,1,0.4819,0.3501,0.832,,,,,,,,,,,,,,,,,51.07666232741537,1.1279,50,11,313,151,110,41,34.20386,0,ok,logs/seed_885107.log
624803,irt_only,GHEFT,0,0.0,0,0,1,0.4334,0.242,0.6754,,,,,,,,,,,,,,,,,58.46790178837556,1.3142,49,12,320,163,124,39,27.107841,0,ok,logs/seed_624803.log
412384,irt_only,GHEFT,0,0.0,0,0,1,0.4185,0.2834,0.7019,,,,,,,,,,,,,,,,,43.825886552845525,1.2629,47,13,300,149,110,39,24.741953,0,ok,logs/seed_412384.log
534437,irt_only,GHEFT,0,0.0,0,0,1,0.4561,0.3333,0.7894,,,,,,,,,,,,,,,,,60.20910344336524,1.4409,47,9,325,170,130,40,28.738442,0,ok,logs/seed_534437.log
28388,irt_only,GHEFT,0,0.0,0,0,1,0.4522,0.2976,0.7498,,,,,,,,,,,,,,,,,48.079557971014495,1.3501,37,9,289,145,114,31,22.56573,0,ok,logs/seed_28388.log
480416,irt_only,GHEFT,0,0.0,0,0,1,0.4405,0.2859,0.7264,,,,,,,,,,,,,,,,,58.16955289957566,1.361,42,10,299,162,114,48,22.792492,0,ok,logs/seed_480416.log
6523,irt_only,GHEFT,0,0.0,0,0,1,0.4366,0.3407,0.7773,,,,,,,,,,,,,,,,,55.49416692913385,1.2252,50,11,308,172,113,59,24.274486,0,ok,logs/seed_6523.log
875492,irt_only,GHEFT,0,0.0,0,0,1,0.4303,0.2714,0.7017,,,,,,,,,,,,,,,,,56.55597815803453,1.5662,50,9,319,157,115,42,24.404846,0,ok,logs/seed_875492.log
445144,irt_only,GHEFT,0,0.0,0,0,1,0.4726,0.2751,0.7477,,,,,,,,,,,,,,,,,45.953782213438735,1.2226,47,10,312,159,101,58,23.123516,0,ok,logs/seed_445144.log
178145,irt_only,GHEFT,0,0.0,0,0,1,0.4038,0.3353,0.7391,,,,,,,,,,,,,,,,,54.82240717131474,1.3099,53,11,336,188,136,52,18.684304,0,ok,logs/seed_178145.log
496478,irt_only,GHEFT,0,0.0,0,0,1,0.4329,0.275,0.7079,,,,,,,,,,,,,,,,,50.29980534782609,1.149,53,12,321,165,123,42,14.196767,0,ok,logs/seed_496478.log
239617,irt_only,GHEFT,0,0.0,0,0,1,0.4349,0.2632,0.6981,,,,,,,,,,,,,,,,,57.157459232613924,1.6484,40,10,311,168,133,35,8.105426,0,ok,logs/seed_239617.log
473997,irt_only,GHEFT,0,0.0,0,0,1,0.4154,0.2624,0.6778,,,,,,,,,,,,,,,,,48.1793762413337,1.2156,54,11,319,183,140,43,26.885393,0,ok,logs/seed_473997.log
229225,irt_only,GHEFT,0,0.0,0,0,1,0.4877,0.3624,0.8501,,,,,,,,,,,,,,,,,57.64267268408552,1.2257,47,11,304,160,126,34,17.808975,0,ok,logs/seed_229225.log
254791,irt_only,GHEFT,0,0.0,0,0,1,0.4275,0.3087,0.7362,,,,,,,,,,,,,,,,,48.752729223378694,1.3849,44,9,334,171,127,44,25.715225,0,ok,logs/seed_254791.log
966201,irt_only,GHEFT,0,0.0,0,0,1,0.5083,0.3962,0.9045,,,,,,,,,,,,,,,,,43.08375841392649,1.3296,40,10,302,138,111,27,23.563219,0,ok,logs/seed_966201.log
533361,irt_only,GHEFT,0,0.0,0,0,1,0.4128,0.2742,0.687,,,,,,,,,,,,,,,,,49.52026531275386,1.2077,53,13,321,170,121,49,24.997233,0,ok,logs/seed_533361.log
872306,irt_only,GHEFT,0,0.0,0,0,1,0.438,0.2235,0.6615,,,,,,,,,,,,,,,,,50.295527949599084,1.6938,47,11,320,172,127,45,22.501098,0,ok,logs/seed_872306.log
444933,irt_only,GHEFT,0,0.0,0,0,1,0.4611,0.352,0.8131,,,,,,,,,,,,,,,,,52.576675261205565,1.0831,40,10,322,162,115,47,23.942622,0,ok,logs/seed_444933.log
456356,irt_only,GHEFT,0,0.0,0,0,1,0.4168,0.3062,0.723,,,,,,,,,,,,,,,,,53.689980676328496,1.2911,46,12,311,171,138,33,27.345299,0,ok,logs/seed_456356.log
853702,irt_only,GHEFT,0,0.0,0,0,1,0.4652,0.2989,0.7641,,,,,,,,,,,,,,,,,48.34459828850856,1.332,45,11,335,156,114,42,28.587744,0,ok,logs/seed_853702.log
176967,irt_only,GHEFT,0,0.0,0,0,1,0.3937,0.2653,0.659,,,,,,,,,,,,,,,,,49.933284031983035,1.3229,50,11,320,149,114,35,25.911593,0,ok,logs/seed_176967.log
33347,irt_only,GHEFT,0,0.0,0,0,1,0.4125,0.2628,0.6753,,,,,,,,,,,,,,,,,54.287489781021904,1.4917,48,11,291,166,131,35,22.056443,0,ok,logs/seed_33347.log
411283,irt_only,GHEFT,0,0.0,0,0,1,0.4656,0.3236,0.7892,,,,,,,,,,,,,,,,,51.37975620437955,1.6805,50,11,321,153,129,24,26.892918,0,ok,logs/seed_411283.log
81911,irt_only,GHEFT,0,0.0,0,0,1,0.4798,0.3027,0.7825,,,,,,,,,,,,,,,,,46.96400972894335,1.2883,57,13,338,197,137,60,27.386006,0,ok,logs/seed_81911.log
956925,irt_only,GHEFT,0,0.0,0,0,1,0.4068,0.2173,0.6241,,,,,,,,,,,,,,,,,74.40681505507956,1.6783,54,11,320,173,130,43,29.580084,0,ok,logs/seed_956925.log
362804,irt_only,GHEFT,0,0.0,0,0,1,0.4081,0.2861,0.6942,,,,,,,,,,,,,,,,,50.73940869565218,1.6222,36,10,279,143,116,27,21.368662,0,ok,logs/seed_362804.log
728140,irt_only,GHEFT,0,0.0,0,0,1,0.454,0.3369,0.7909,,,,,,,,,,,,,,,,,45.18249468690702,1.2033,51,11,333,170,126,44,22.142156,0,ok,logs/seed_728140.log
554565,irt_only,GHEFT,0,0.0,0,0,1,0.4923,0.2942,0.7865,,,,,,,,,,,,,,,,,47.91464074074074,1.1765,46,11,322,167,140,27,22.392886,0,ok,logs/seed_554565.log
392733,irt_only,GHEFT,0,0.0,0,0,1,0.4499,0.2992,0.7491,,,,,,,,,,,,,,,,,42.01128005865102,1.1715,56,10,329,148,96,52,9.133773,0,ok,logs/seed_392733.log
769066,irt_only,GHEFT,0,0.0,0,0,1,0.4581,0.2867,0.7448,,,,,,,,,,,,,,,,,47.65127570664927,1.2566,50,12,319,160,127,33,35.413241,0,ok,logs/seed_769066.log
925520,irt_only,GHEFT,0,0.0,0,0,1,0.4003,0.2871,0.6874,,,,,,,,,,,,,,,,,60.90547369808258,1.509,43,10,319,170,130,40,29.340759,0,ok,logs/seed_925520.log
4410,irt_only,GHEFT,0,0.0,0,0,1,0.453,0.2976,0.7506,,,,,,,,,,,,,,,,,51.39141213979155,1.4107,40,9,298,159,120,39,23.423274,0,ok,logs/seed_4410.log
729459,irt_only,GHEFT,0,0.0,0,0,1,0.4341,0.2222,0.6563,,,,,,,,,,,,,,,,,55.97368295254834,1.3507,51,12,322,162,126,36,24.123869,0,ok,logs/seed_729459.log
179329,irt_only,GHEFT,0,0.0,0,0,1,0.4429,0.2307,0.6736,,,,,,,,,,,,,,,,,59.88529699570815,1.9111,45,11,297,162,134,28,28.039783,0,ok,logs/seed_179329.log
282114,irt_only,GHEFT,0,0.0,0,0,1,0.4502,0.225,0.6752,,,,,,,,,,,,,,,,,48.11189104477614,1.3375,46,12,306,156,121,35,21.450557,0,ok,logs/seed_282114.log
583172,irt_only,GHEFT,0,0.0,0,0,1,0.4628,0.2626,0.7254,,,,,,,,,,,,,,,,,47.189415243101195,1.2377,46,10,315,158,135,23,28.98182,0,ok,logs/seed_583172.log
534010,irt_only,GHEFT,0,0.0,0,0,1,0.4196,0.3048,0.7244,,,,,,,,,,,,,,,,,50.910349146110065,1.3575,49,11,328,167,127,40,21.777635,0,ok,logs/seed_534010.log
824110,irt_only,GHEFT,0,0.0,0,0,1,0.367,0.2279,0.5949,,,,,,,,,,,,,,,,,51.593199999999996,1.338,46,11,308,158,115,43,22.226104,0,ok,logs/seed_824110.log
897704,irt_only,GHEFT,0,0.0,0,0,1,0.4124,0.2842,0.6966,,,,,,,,,,,,,,,,,53.75469483373634,1.2505,42,11,297,153,109,44,25.020255,0,ok,logs/seed_897704.log
226589,irt_only,GHEFT,0,0.0,0,0,1,0.4383,0.2759,0.7142,,,,,,,,,,,,,,,,,46.99517959927141,1.1739,45,13,294,165,139,26,24.839411,0,ok,logs/seed_226589.log
481886,irt_only,GHEFT,0,0.0,0,0,1,0.419,0.281,0.7,,,,,,,,,,,,,,,,,71.43710482374769,2.218,53,11,305,153,110,43,19.61836,0,ok,logs/seed_481886.log
982251,irt_only,GHEFT,0,0.0,0,0,1,0.3784,0.2664,0.6448,,,,,,,,,,,,,,,,,48.87522771207686,1.1931,44,9,300,134,104,30,18.654013,0,ok,logs/seed_982251.log
543181,irt_only,GHEFT,0,0.0,0,0,1,0.4081,0.2516,0.6597,,,,,,,,,,,,,,,,,52.63495155807366,1.55,50,11,311,166,124,42,23.190491,0,ok,logs/seed_543181.log
397234,irt_only,GHEFT,0,0.0,0,0,1,0.4227,0.2599,0.6826,,,,,,,,,,,,,,,,,59.202796853292654,1.5636,51,13,324,179,131,48,20.672854,0,ok,logs/seed_397234.log
973889,irt_only,GHEFT,0,0.0,0,0,1,0.3931,0.2357,0.6288,,,,,,,,,,,,,,,,,66.424345844504,1.4362,57,12,349,173,127,46,10.268833,0,ok,logs/seed_973889.log
110682,irt_only,GHEFT,0,0.0,0,0,1,0.4113,0.2674,0.6787,,,,,,,,,,,,,,,,,70.98564515357766,1.1738,41,8,282,148,123,25,20.737536,0,ok,logs/seed_110682.log
663813,irt_only,GHEFT,0,0.0,0,0,1,0.3929,0.254,0.6469,,,,,,,,,,,,,,,,,65.5524454932136,1.6957,44,9,309,163,135,28,24.698751,0,ok,logs/seed_663813.log
895348,irt_only,GHEFT,0,0.0,0,0,1,0.3994,0.2595,0.6589,,,,,,,,,,,,,,,,,58.79347843137255,1.6706,48,11,302,155,118,37,24.102068,0,ok,logs/seed_895348.log
840905,irt_only,GHEFT,0,0.0,0,0,1,0.4792,0.3009,0.7801,,,,,,,,,,,,,,,,,50.00042446935498,1.182,46,11,322,162,127,35,23.143082,0,ok,logs/seed_840905.log
366120,irt_only,GHEFT,0,0.0,0,0,1,0.45,0.298,0.748,,,,,,,,,,,,,,,,,67.20282857142857,1.5383,50,13,308,185,125,60,23.180262,0,ok,logs/seed_366120.log
873087,irt_only,GHEFT,0,0.0,0,0,1,0.4355,0.2131,0.6486,,,,,,,,,,,,,,,,,43.378890010626996,1.1015,45,11,302,157,137,20,25.06628,0,ok,logs/seed_873087.log
333017,irt_only,GHEFT,0,0.0,0,0,1,0.4332,0.287,0.7202,,,,,,,,,,,,,,,,,45.194293907875185,1.1844,46,10,292,139,104,35,21.164154,0,ok,logs/seed_333017.log
479679,irt_only,GHEFT,0,0.0,0,0,1,0.4642,0.2488,0.713,,,,,,,,,,,,,,,,,61.57292242857143,1.9401,47,12,303,162,115,47,22.109315,0,ok,logs/seed_479679.log
547920,irt_only,GHEFT,0,0.0,0,0,1,0.4492,0.2519,0.7011,,,,,,,,,,,,,,,,,58.203043243243236,1.5325,48,10,301,134,97,37,22.809802,0,ok,logs/seed_547920.log
397055,irt_only,GHEFT,0,0.0,0,0,1,0.4851,0.3298,0.8149,,,,,,,,,,,,,,,,,65.77890550774528,1.7511,54,12,336,178,115,63,26.921202,0,ok,logs/seed_397055.log
255407,irt_only,GHEFT,0,0.0,0,0,1,0.4524,0.2816,0.734,,,,,,,,,,,,,,,,,52.101755522924414,1.2869,48,14,307,180,137,43,23.07141,0,ok,logs/seed_255407.log
529276,irt_only,GHEFT,0,0.0,0,0,1,0.4361,0.3109,0.747,,,,,,,,,,,,,,,,,50.46972200121802,1.4217,48,9,322,143,108,35,24.289817,0,ok,logs/seed_529276.log
772641,irt_only,GHEFT,0,0.0,0,0,1,0.4461,0.2631,0.7092,,,,,,,,,,,,,,,,,50.76372505689549,1.3299,54,12,321,186,133,53,27.59864,0,ok,logs/seed_772641.log
452290,irt_only,GHEFT,0,0.0,0,0,1,0.4146,0.2233,0.6379,,,,,,,,,,,,,,,,,49.13639601328904,1.3803,39,9,289,138,109,29,21.668001,0,ok,logs/seed_452290.log
70730,irt_only,GHEFT,0,0.0,0,0,1,0.4603,0.306,0.7663,,,,,,,,,,,,,,,,,46.25783401154359,1.398,48,12,333,176,123,53,20.875697,0,ok,logs/seed_70730.log
29523,irt_only,GHEFT,0,0.0,0,0,1,0.458,0.3027,0.7607,,,,,,,,,,,,,,,,,47.16993076923077,1.4405,45,13,293,187,131,56,12.209041,0,ok,logs/seed_29523.log
580005,irt_only,GHEFT,0,0.0,0,0,1,0.4416,0.2206,0.6622,,,,,,,,,,,,,,,,,53.011565709156194,1.29,56,12,332,146,113,33,34.40715,0,ok,logs/seed_580005.log
273040,irt_only,GHEFT,0,0.0,0,0,1,0.4659,0.2542,0.7201,,,,,,,,,,,,,,,,,47.60211283124129,1.1173,43,10,321,160,122,38,23.486638,0,ok,logs/seed_273040.log
333143,irt_only,GHEFT,0,0.0,0,0,1,0.4438,0.3022,0.746,,,,,,,,,,,,,,,,,64.50911985216179,1.268,42,11,297,143,122,21,22.990752,0,ok,logs/seed_333143.log
6027,irt_only,GHEFT,0,0.0,0,0,1,0.3857,0.2054,0.5911,,,,,,,,,,,,,,,,,51.24214521190322,1.1683,54,12,344,200,141,59,25.547662,0,ok,logs/seed_6027.log
802904,irt_only,GHEFT,0,0.0,0,0,1,0.4218,0.2334,0.6552,,,,,,,,,,,,,,,,,51.4449,1.2409,49,13,315,170,138,32,30.067666,0,ok,logs/seed_802904.log
495402,irt_only,GHEFT,0,0.0,0,0,1,0.4178,0.2735,0.6913,,,,,,,,,,,,,,,,,54.90072815829527,1.2267,50,14,329,176,126,50,23.00568,0,ok,logs/seed_495402.log
385502,irt_only,GHEFT,0,0.0,0,0,1,0.5403,0.3431,0.8834,,,,,,,,,,,,,,,,,46.75664285714286,1.2335,50,10,351,162,110,52,25.911989,0,ok,logs/seed_385502.log
847050,irt_only,GHEFT,0,0.0,0,0,1,0.4063,0.2832,0.6895,,,,,,,,,,,,,,,,,54.07883273076923,1.3995,45,10,298,146,114,32,20.508791,0,ok,logs/seed_847050.log
386832,irt_only,GHEFT,0,0.0,0,0,1,0.4209,0.3304,0.7513,,,,,,,,,,,,,,,,,50.07842887700536,1.4118,57,14,306,179,138,41,28.256876,0,ok,logs/seed_386832.log
325099,irt_only,GHEFT,0,0.0,0,0,1,0.4681,0.2869,0.755,,,,,,,,,,,,,,,,,60.29366125925927,1.2993,45,9,301,160,125,35,24.971455,0,ok,logs/seed_325099.log
23707,irt_only,GHEFT,0,0.0,0,0,1,0.3952,0.3253,0.7205,,,,,,,,,,,,,,,,,63.295022189765454,1.6949,49,11,316,159,119,40,25.675722,0,ok,logs/seed_23707.log
779751,irt_only,GHEFT,0,0.0,0,0,1,0.3934,0.2565,0.6499,,,,,,,,,,,,,,,,,55.811390291262136,1.0948,47,11,301,151,123,28,22.749403,0,ok,logs/seed_779751.log
213180,irt_only,GHEFT,0,0.0,0,0,1,0.4566,0.2625,0.7191,,,,,,,,,,,,,,,,,53.65288706755512,1.1874,47,11,312,164,125,39,23.208595,0,ok,logs/seed_213180.log
903156,irt_only,GHEFT,0,0.0,0,0,1,0.4195,0.2318,0.6513,,,,,,,,,,,,,,,,,44.09879832635983,1.3871,45,11,309,150,124,26,24.307754,0,ok,logs/seed_903156.log
854656,irt_only,GHEFT,0,0.0,0,0,1,0.4339,0.2843,0.7182,,,,,,,,,,,,,,,,,51.42427039764359,1.0841,50,12,322,183,138,45,25.346857,0,ok,logs/seed_854656.log
130554,irt_only,GHEFT,0,0.0,0,0,1,0.3948,0.2401,0.6349,,,,,,,,,,,,,,,,,49.65932494366197,1.1593,42,10,307,163,115,48,26.243756,0,ok,logs/seed_130554.log
384884,irt_only,GHEFT,0,0.0,0,0,1,0.4738,0.2892,0.763,,,,,,,,,,,,,,,,,59.1157135348226,1.5678,56,13,312,202,143,59,17.72878,0,ok,logs/seed_384884.log
433977,irt_only,GHEFT,0,0.0,0,0,1,0.4222,0.3043,0.7265,,,,,,,,,,,,,,,,,54.831892021470395,1.3546,48,11,288,155,120,35,12.594038,0,ok,logs/seed_433977.log
37380,irt_only,GHEFT,0,0.0,0,0,1,0.4376,0.2737,0.7113,,,,,,,,,,,,,,,,,49.980092645943905,1.3839,53,13,336,182,132,50,20.557668,0,ok,logs/seed_37380.log
171794,irt_only,GHEFT,0,0.0,0,0,1,0.4573,0.2728,0.7301,,,,,,,,,,,,,,,,,47.655584828921896,1.5377,55,13,323,157,123,34,18.727272,0,ok,logs/seed_171794.log
154379,irt_only,GHEFT,0,0.0,0,0,1,0.4106,0.2091,0.6197,,,,,,,,,,,,,,,,,42.80205535248042,1.1437,43,12,311,155,97,58,18.692716,0,ok,logs/seed_154379.log
757152,irt_only,GHEFT,0,0.0,0,0,1,0.3988,0.2806,0.6794,,,,,,,,,,,,,,,,,46.82801818181817,1.2889,37,9,308,125,92,33,19.259858,0,ok,logs/seed_757152.log
624137,irt_only,GHEFT,0,0.0,0,0,1,0.4294,0.2194,0.6488,,,,,,,,,,,,,,,,,53.843548561565015,1.1799,51,9,355,151,107,44,18.47796,0,ok,logs/seed_624137.log
209074,irt_only,GHEFT,0,0.0,0,0,1,0.4311,0.2282,0.6593,,,,,,,,,,,,,,,,,48.58307723577236,1.2318,45,11,301,150,121,29,18.255256,0,ok,logs/seed_209074.log
748006,irt_only,GHEFT,0,0.0,0,0,1,0.4271,0.2898,0.7169,,,,,,,,,,,,,,,,,66.85537798742139,1.2592,43,10,311,152,120,32,18.838619,0,ok,logs/seed_748006.log
930590,irt_only,GHEFT,0,0.0,0,0,1,0.4465,0.2436,0.6901,,,,,,,,,,,,,,,,,57.783707073954986,1.7514,59,13,336,192,144,48,17.822979,0,ok,logs/seed_930590.log
746597,irt_only,GHEFT,0,0.0,0,0,1,0.4496,0.2402,0.6898,,,,,,,,,,,,,,,,,59.33760909090908,1.6667,41,9,290,137,109,28,12.879182,0,ok,logs/seed_746597.log
421675,irt_only,GHEFT,0,0.0,0,0,1,0.4359,0.2807,0.7166,,,,,,,,,,,,,,,,,52.78418734955568,1.3999,50,12,326,180,146,34,18.105244,0,ok,logs/seed_421675.log
31076,irt_only,GHEFT,0,0.0,0,0,1,0.4402,0.2994,0.7396,,,,,,,,,,,,,,,,,52.671409109004735,1.1616,45,12,313,175,130,45,17.950291,0,ok,logs/seed_31076.log
466796,irt_only,GHEFT,0,0.0,0,0,1,0.3893,0.2225,0.6118,,,,,,,,,,,,,,,,,56.75333425183374,1.4157,51,11,345,153,126,27,19.787847,0,ok,logs/seed_466796.log
711358,irt_only,GHEFT,0,0.0,0,0,1,0.4567,0.3587,0.8154,,,,,,,,,,,,,,,,,65.33320700190656,1.6445,51,10,287,141,117,24,11.492796,0,ok,logs/seed_711358.log
185748,irt_only,GHEFT,0,0.0,0,0,1,0.4847,0.304,0.7887,,,,,,,,,,,,,,,,,43.96913374613004,1.4802,53,10,313,139,122,17,10.728534,0,ok,logs/seed_185748.log
876677,irt_only,GHEFT,0,0.0,0,0,1,0.4826,0.2521,0.7347,,,,,,,,,,,,,,,,,48.12331285403051,1.0606,46,12,300,166,120,46,7.299658,0,ok,logs/seed_876677.log
223283,irt_only,GHEFT,0,0.0,0,0,1,0.4259,0.2793,0.7052,,,,,,,,,,,,,,,,,62.22644531490014,1.8248,45,12,300,171,133,38,16.770031,0,ok,logs/seed_223283.log
894739,irt_only,GHEFT,0,0.0,0,0,1,0.4207,0.288,0.7087,,,,,,,,,,,,,,,,,42.72915778087928,1.1531,41,9,303,131,107,24,23.367461,0,ok,logs/seed_894739.log
108347,irt_only,GHEFT,0,0.0,0,0,1,0.4172,0.2469,0.6641,,,,,,,,,,,,,,,,,64.95368325991188,1.7004,38,7,296,149,114,35,18.078096,0,ok,logs/seed_108347.log
190486,irt_only,GHEFT,0,0.0,0,0,1,0.5498,0.3243,0.8741,,,,,,,,,,,,,,,,,39.51759212207239,1.3687,50,13,323,153,110,43,18.999766,0,ok,logs/seed_190486.log
168340,irt_only,GHEFT,0,0.0,0,0,1,0.4503,0.2732,0.7235,,,,,,,,,,,,,,,,,42.96212099592945,1.1622,39,11,291,146,105,41,17.998914,0,ok,logs/seed_168340.log
304561,irt_only,GHEFT,0,0.0,0,0,1,0.4733,0.2933,0.7666,,,,,,,,,,,,,,,,,44.04983868913343,1.343,47,9,328,151,116,35,20.684738,0,ok,logs/seed_304561.log
574192,irt_only,GHEFT,0,0.0,0,0,1,0.3779,0.2275,0.6054,,,,,,,,,,,,,,,,,53.12480341545894,1.0974,52,12,336,159,122,37,22.003477,0,ok,logs/seed_574192.log
687972,irt_only,GHEFT,0,0.0,0,0,1,0.415,0.2238,0.6388,,,,,,,,,,,,,,,,,44.14066050955413,1.1142,40,9,322,158,117,41,20.624737,0,ok,logs/seed_687972.log
731201,irt_only,GHEFT,0,0.0,0,0,1,0.4125,0.2664,0.6789,,,,,,,,,,,,,,,,,60.004673937677055,1.0435,48,12,322,163,124,39,19.239294,0,ok,logs/seed_731201.log
579731,irt_only,GHEFT,0,0.0,0,0,1,0.4834,0.2719,0.7553,,,,,,,,,,,,,,,,,49.91498159588159,1.2328,49,12,341,182,126,56,22.770683,0,ok,logs/seed_579731.log
451867,irt_only,GHEFT,0,0.0,0,0,1,0.4384,0.3136,0.752,,,,,,,,,,,,,,,,,53.03529084438985,1.3725,53,13,321,204,139,65,17.905176,0,ok,logs/seed_451867.log
406724,irt_only,GHEFT,0,0.0,0,0,1,0.3942,0.2798,0.674,,,,,,,,,,,,,,,,,77.98116618610746,1.764,53,11,334,179,130,49,25.207523,0,ok,logs/seed_406724.log
793861,irt_only,GHEFT,0,0.0,0,0,1,0.483,0.2878,0.7708,,,,,,,,,,,,,,,,,51.843494281729434,1.6628,54,13,335,187,110,77,18.207229,0,ok,logs/seed_793861.log
611415,irt_only,GHEFT,0,0.0,0,0,1,0.4242,0.2885,0.7127,,,,,,,,,,,,,,,,,74.35344727161251,1.4682,51,12,324,183,121,62,11.76968,0,ok,logs/seed_611415.log
521320,irt_only,GHEFT,0,0.0,0,0,1,0.425,0.2975,0.7225,,,,,,,,,,,,,,,,,73.06666974015087,1.525,48,13,303,163,123,40,6.93428,0,ok,logs/seed_521320.log
8846,irt_only,GHEFT,0,0.0,0,0,1,0.4356,0.238,0.6736,,,,,,,,,,,,,,,,,50.23828675577157,1.4757,44,10,321,140,103,37,26.070003,0,ok,logs/seed_8846.log
49614,irt_only,GHEFT,0,0.0,0,0,1,0.485,0.3291,0.8141,,,,,,,,,,,,,,,,,48.85780441880342,1.5203,44,12,294,155,106,49,25.087732,0,ok,logs/seed_49614.log
659032,irt_only,GHEFT,0,0.0,0,0,1,0.4384,0.258,0.6964,,,,,,,,,,,,,,,,,71.03021415525114,1.9359,39,10,272,140,102,38,21.926557,0,ok,logs/seed_659032.log
998482,irt_only,GHEFT,0,0.0,0,0,1,0.5064,0.2568,0.7632,,,,,,,,,,,,,,,,,50.60858273392531,1.3179,45,10,317,145,115,30,26.129342,0,ok,logs/seed_998482.log
93047,irt_only,GHEFT,0,0.0,0,0,1,0.4319,0.261,0.6929,,,,,,,,,,,,,,,,,48.37904606741573,1.3634,49,10,322,160,113,47,25.439407,0,ok,logs/seed_93047.log
80158,irt_only,GHEFT,0,0.0,0,0,1,0.4262,0.3131,0.7393,,,,,,,,,,,,,,,,,62.575541199226315,1.2411,58,13,358,195,132,63,30.009376,0,ok,logs/seed_80158.log
510654,irt_only,GHEFT,0,0.0,0,0,1,0.4488,0.3056,0.7544,,,,,,,,,,,,,,,,,94.36555220125788,1.8104,45,10,320,159,118,41,24.574597,0,ok,logs/seed_510654.log
530654,irt_only,GHEFT,0,0.0,0,0,1,0.4443,0.307,0.7513,,,,,,,,,,,,,,,,,50.73221406003158,1.5125,38,11,314,165,124,41,28.656299,0,ok,logs/seed_530654.log
573179,irt_only,GHEFT,0,0.0,0,0,1,0.4222,0.2439,0.6661,,,,,,,,,,,,,,,,,49.69412304038004,1.0788,44,10,322,152,116,36,28.494209,0,ok,logs/seed_573179.log
47016,irt_only,GHEFT,0,0.0,0,0,1,0.4222,0.2792,0.7014,,,,,,,,,,,,,,,,,51.942600000000006,1.1487,48,10,317,138,115,23,25.730646,0,ok,logs/seed_47016.log
590729,irt_only,GHEFT,0,0.0,0,0,1,0.4256,0.3194,0.745,,,,,,,,,,,,,,,,,54.36443478260869,1.4459,51,12,287,161,107,54,20.329386,0,ok,logs/seed_590729.log
383125,irt_only,GHEFT,0,0.0,0,0,1,0.5504,0.295,0.8454,,,,,,,,,,,,,,,,,42.493794783802336,1.2348,39,9,287,120,92,28,20.71377,0,ok,logs/seed_383125.log
844140,irt_only,GHEFT,0,0.0,0,0,1,0.4416,0.3135,0.7551,,,,,,,,,,,,,,,,,58.92509757785468,1.6604,51,12,308,179,128,51,19.788467,0,ok,logs/seed_844140.log
909688,irt_only,GHEFT,0,0.0,0,0,1,0.4214,0.2822,0.7036,,,,,,,,,,,,,,,,,47.85290524870621,1.5388,47,14,297,145,107,38,17.751226,0,ok,logs/seed_909688.log
200398,irt_only,GHEFT,0,0.0,0,0,1,0.45,0.295,0.745,,,,,,,,,,,,,,,,,53.09610976855103,1.0687,54,13,344,174,109,65,17.389383,0,ok,logs/seed_200398.log
563666,irt_only,GHEFT,0,0.0,0,0,1,0.4403,0.2759,0.7162,,,,,,,,,,,,,,,,,86.16880257209665,1.7357,50,12,314,178,139,39,12.739338,0,ok,logs/seed_563666.log
982230,irt_only,GHEFT,0,0.0,0,0,1,0.4142,0.2418,0.656,,,,,,,,,,,,,,,,,49.36480562046205,1.0905,48,10,329,163,118,45,34.827442,0,ok,logs/seed_982230.log
825585,irt_only,GHEFT,0,0.0,0,0,1,0.4424,0.216,0.6584,,,,,,,,,,,,,,,,,54.31010967741936,1.0625,55,12,333,183,149,34,24.867358,0,ok,logs/seed_825585.log
178808,irt_only,GHEFT,0,0.0,0,0,1,0.4233,0.2457,0.669,,,,,,,,,,,,,,,,,64.96538020565553,1.6844,41,10,289,143,104,39,23.242753,0,ok,logs/seed_178808.log
132464,irt_only,GHEFT,0,0.0,0,0,1,0.4713,0.2866,0.7579,,,,,,,,,,,,,,,,,50.28071031518625,1.2832,45,12,313,159,125,34,32.194519,0,ok,logs/seed_132464.log
242596,irt_only,GHEFT,0,0.0,0,0,1,0.4029,0.3022,0.7051,,,,,,,,,,,,,,,,,60.364977731673584,1.5102,43,10,303,142,114,28,27.487506,0,ok,logs/seed_242596.log
627641,irt_only,GHEFT,0,0.0,0,0,1,0.4664,0.3143,0.7807,,,,,,,,,,,,,,,,,45.27386804835925,1.411,52,11,331,167,114,53,22.406655,0,ok,logs/seed_627641.log
233825,irt_only,GHEFT,0,0.0,0,0,1,0.51,0.3703,0.8803,,,,,,,,,,,,,,,,,53.867861221952886,1.8714,39,9,280,138,109,29,20.69587,0,ok,logs/seed_233825.log
104559,irt_only,GHEFT,0,0.0,0,0,1,0.5023,0.3416,0.8439,,,,,,,,,,,,,,,,,48.14734883842451,1.7238,45,10,302,168,125,43,20.160933,0,ok,logs/seed_104559.log
420030,irt_only,GHEFT,0,0.0,0,0,1,0.4788,0.395,0.8738,,,,,,,,,,,,,,,,,48.48510967614062,1.3871,48,11,323,177,116,61,22.739482,0,ok,logs/seed_420030.log
122728,irt_only,GHEFT,0,0.0,0,0,1,0.4515,0.2572,0.7087,,,,,,,,,,,,,,,,,62.80795711727843,2.0426,53,13,307,169,131,38,29.202007,0,ok,logs/seed_122728.log
513240,irt_only,GHEFT,0,0.0,0,0,1,0.4283,0.2747,0.703,,,,,,,,,,,,,,,,,46.81328411076199,1.197,43,10,309,162,123,39,21.388317,0,ok,logs/seed_513240.log
762685,irt_only,GHEFT,0,0.0,0,0,1,0.458,0.3656,0.8236,,,,,,,,,,,,,,,,,57.211212154598826,1.4695,43,9,312,151,110,41,24.78909,0,ok,logs/seed_762685.log
33644,irt_only,GHEFT,0,0.0,0,0,1,0.4748,0.3603,0.8351,,,,,,,,,,,,,,,,,50.48901891891892,1.429,44,12,312,148,110,38,23.936705,0,ok,logs/seed_33644.log
717433,irt_only,GHEFT,0,0.0,0,0,1,0.4301,0.2735,0.7036,,,,,,,,,,,,,,,,,51.06575658720201,1.2345,53,11,341,161,128,33,23.394663,0,ok,logs/seed_717433.log
223415,irt_only,GHEFT,0,0.0,0,0,1,0.4287,0.3183,0.747,,,,,,,,,,,,,,,,,55.32207367430114,1.3138,45,10,287,135,101,34,15.596848,0,ok,logs/seed_223415.log
770297,irt_only,GHEFT,0,0.0,0,0,1,0.4571,0.3111,0.7682,,,,,,,,,,,,,,,,,49.79323316062176,1.4466,57,14,332,194,145,49,15.674094,0,ok,logs/seed_770297.log
53816,irt_only,GHEFT,0,0.0,0,0,1,0.4484,0.245,0.6934,,,,,,,,,,,,,,,,,54.09701224489797,1.1749,50,10,320,179,131,48,22.50063,0,ok,logs/seed_53816.log
277504,irt_only,GHEFT,0,0.0,0,0,1,0.4356,0.3002,0.7358,,,,,,,,,,,,,,,,,47.370863593144556,1.377,47,10,330,159,111,48,22.388718,0,ok,logs/seed_277504.log
348035,irt_only,GHEFT,0,0.0,0,0,1,0.4877,0.2742,0.7619,,,,,,,,,,,,,,,,,41.59776875,1.0991,49,11,302,141,112,29,25.265877,0,ok,logs/seed_348035.log
310372,irt_only,GHEFT,0,0.0,0,0,1,0.4948,0.3023,0.7971,,,,,,,,,,,,,,,,,49.68281377633711,1.3687,47,12,304,161,124,37,29.45589,0,ok,logs/seed_310372.log
800807,irt_only,GHEFT,0,0.0,0,0,1,0.4406,0.2908,0.7314,,,,,,,,,,,,,,,,,49.003812500449236,1.2399,56,13,328,196,133,63,26.105388,0,ok,logs/seed_800807.log
263339,irt_only,GHEFT,0,0.0,0,0,1,0.4199,0.2586,0.6785,,,,,,,,,,,,,,,,,57.44769669421488,1.5217,41,11,328,147,119,28,30.019113,0,ok,logs/seed_263339.log
573677,irt_only,GHEFT,0,0.0,0,0,1,0.3664,0.2611,0.6275,,,,,,,,,,,,,,,,,65.25755432098765,1.3851,52,13,307,197,131,66,22.543232,0,ok,logs/seed_573677.log
15182,irt_only,GHEFT,0,0.0,0,0,1,0.462,0.2236,0.6856,,,,,,,,,,,,,,,,,52.84639459459459,1.0224,39,9,299,153,122,31,19.523996,0,ok,logs/seed_15182.log
775808,irt_only,GHEFT,0,0.0,0,0,1,0.452,0.2976,0.7496,,,,,,,,,,,,,,,,,44.380427624309384,1.5883,43,11,302,145,120,25,26.940502,0,ok,logs/seed_775808.log
993850,irt_only,GHEFT,0,0.0,0,0,1,0.4408,0.2583,0.6991,,,,,,,,,,,,,,,,,55.76922978723404,1.229,51,10,332,157,114,43,23.940318,0,ok,logs/seed_993850.log
254088,irt_only,GHEFT,0,0.0,0,0,1,0.4228,0.2661,0.6889,,,,,,,,,,,,,,,,,45.21181075441412,1.1615,42,9,293,156,121,35,25.075197,0,ok,logs/seed_254088.log
547104,irt_only,GHEFT,0,0.0,0,0,1,0.4643,0.3515,0.8158,,,,,,,,,,,,,,,,,49.79543606787329,1.0954,56,11,337,173,137,36,31.129834,0,ok,logs/seed_547104.log
906200,irt_only,GHEFT,0,0.0,0,0,1,0.4805,0.356,0.8365,,,,,,,,,,,,,,,,,52.91387915407855,1.3116,52,12,314,173,116,57,21.283015,0,ok,logs/seed_906200.log
539013,irt_only,GHEFT,0,0.0,0,0,1,0.4777,0.2573,0.735,,,,,,,,,,,,,,,,,48.379971091445434,1.1114,48,10,324,164,129,35,21.09248,0,ok,logs/seed_539013.log
116455,irt_only,GHEFT,0,0.0,0,0,1,0.4646,0.336,0.8006,,,,,,,,,,,,,,,,,66.82826860841425,1.568,43,11,292,152,122,30,16.264413,0,ok,logs/seed_116455.log
149887,irt_only,GHEFT,0,0.0,0,0,1,0.4179,0.222,0.6399,,,,,,,,,,,,,,,,,58.56120540688147,1.4363,48,10,309,157,118,39,8.806423,0,ok,logs/seed_149887.log
581975,irt_only,GHEFT,0,0.0,0,0,1,0.3978,0.2199,0.6177,,,,,,,,,,,,,,,,,45.29681740139212,1.0518,49,11,307,147,122,25,20.339377,0,ok,logs/seed_581975.log
245300,irt_only,GHEFT,0,0.0,0,0,1,0.4031,0.2229,0.626,,,,,,,,,,,,,,,,,49.08236004728133,1.2794,47,13,295,142,93,49,19.056626,0,ok,logs/seed_245300.log
749768,irt_only,GHEFT,0,0.0,0,0,1,0.4611,0.2883,0.7494,,,,,,,,,,,,,,,,,44.241192873417724,1.3462,47,10,300,156,116,40,14.047081,0,ok,logs/seed_749768.log
984059,irt_only,GHEFT,0,0.0,0,0,1,0.4987,0.2903,0.789,,,,,,,,,,,,,,,,,53.4781190293742,1.4479,42,9,292,149,129,20,14.515302,0,ok,logs/seed_984059.log
97410,irt_only,GHEFT,0,0.0,0,0,1,0.4208,0.2256,0.6464,,,,,,,,,,,,,,,,,46.37948159922179,1.3317,46,11,323,161,123,38,23.924353,0,ok,logs/seed_97410.log
956125,irt_only,GHEFT,0,0.0,0,0,1,0.4374,0.2452,0.6826,,,,,,,,,,,,,,,,,43.89627689864098,1.2052,41,9,279,125,105,20,19.833025,0,ok,logs/seed_956125.log
877091,irt_only,GHEFT,0,0.0,0,0,1,0.3957,0.2079,0.6036,,,,,,,,,,,,,,,,,55.867578066914504,1.2144,54,11,333,166,117,49,22.249041,0,ok,logs/seed_877091.log
226651,irt_only,GHEFT,0,0.0,0,0,1,0.4542,0.2885,0.7427,,,,,,,,,,,,,,,,,52.030835727440135,1.1949,45,11,298,175,140,35,19.409441,0,ok,logs/seed_226651.log
673466,irt_only,GHEFT,0,0.0,0,0,1,0.4353,0.2431,0.6784,,,,,,,,,,,,,,,,,43.46859567642958,1.1952,49,12,310,155,116,39,16.802687,0,ok,logs/seed_673466.log
905076,irt_only,GHEFT,0,0.0,0,0,1,0.4468,0.2616,0.7084,,,,,,,,,,,,,,,,,45.64593025170068,1.1413,49,10,326,156,133,23,20.70941,0,ok,logs/seed_905076.log
156873,irt_only,GHEFT,0,0.0,0,0,1,0.3784,0.2538,0.6322,,,,,,,,,,,,,,,,,57.41570280970445,1.3081,40,10,335,171,132,39,20.614249,0,ok,logs/seed_156873.log
687203,irt_only,GHEFT,0,0.0,0,0,1,0.4839,0.416,0.8999,,,,,,,,,,,,,,,,,55.38280317731264,1.249,49,10,321,169,132,37,20.753291,0,ok,logs/seed_687203.log
137164,irt_only,GHEFT,0,0.0,0,0,1,0.4166,0.3403,0.7569,,,,,,,,,,,,,,,,,57.48212047244092,1.471,52,12,314,173,136,37,19.657673,0,ok,logs/seed_137164.log
615585,irt_only,GHEFT,0,0.0,0,0,1,0.4251,0.2394,0.6645,,,,,,,,,,,,,,,,,47.307118518518514,1.2506,49,14,338,160,108,52,13.327657,0,ok,logs/seed_615585.log
948603,irt_only,GHEFT,0,0.0,0,0,1,0.429,0.2262,0.6552,,,,,,,,,,,,,,,,,63.14198638466621,1.5855,50,13,329,189,140,49,8.573592,0,ok,logs/seed_948603.log
330246,irt_only,GHEFT,0,0.0,0,0,1,0.4883,0.2622,0.7505,,,,,,,,,,,,,,,,,46.679808379888264,1.2768,48,10,323,179,126,53,25.563125,0,ok,logs/seed_330246.log
231763,irt_only,GHEFT,0,0.0,0,0,1,0.4427,0.2579,0.7006,,,,,,,,,,,,,,,,,52.58860000000001,1.3063,55,13,326,175,124,51,25.515291,0,ok,logs/seed_231763.log
254692,irt_only,GHEFT,0,0.0,0,0,1,0.4558,0.3033,0.7591,,,,,,,,,,,,,,,,,70.88884532374102,2.1827,48,13,311,167,126,41,25.489292,0,ok,logs/seed_254692.log
726098,irt_only,GHEFT,0,0.0,0,0,1,0.4741,0.2703,0.7444,,,,,,,,,,,,,,,,,54.46814328358208,1.8173,46,9,332,163,127,36,31.796998,0,ok,logs/seed_726098.log
165469,irt_only,GHEFT,0,0.0,0,0,1,0.506,0.263,0.769,,,,,,,,,,,,,,,,,44.44541475409836,1.2455,48,12,313,162,132,30,27.990685,0,ok,logs/seed_165469.log
467321,irt_only,GHEFT,0,0.0,0,0,1,0.4131,0.359,0.7721,,,,,,,,,,,,,,,,,43.15239574632638,1.2541,46,11,308,152,116,36,26.522432,0,ok,logs/seed_467321.log
729320,irt_only,GHEFT,0,0.0,0,0,1,0.4224,0.2893,0.7117,,,,,,,,,,,,,,,,,55.92817359750919,1.4242,53,10,324,155,125,30,33.13518,0,ok,logs/seed_729320.log
400221,irt_only,GHEFT,0,0.0,0,0,1,0.4851,0.2835,0.7686,,,,,,,,,,,,,,,,,50.9061255599473,1.3044,58,12,322,156,108,48,29.782122,0,ok,logs/seed_400221.log
456402,irt_only,GHEFT,0,0.0,0,0,1,0.451,0.3201,0.7711,,,,,,,,,,,,,,,,,49.148084785615495,1.1582,49,10,317,169,126,43,25.626809,0,ok,logs/seed_456402.log
91696,irt_only,GHEFT,0,0.0,0,0,1,0.4592,0.3391,0.7983,,,,,,,,,,,,,,,,,67.2231120665742,1.8888,46,11,329,186,148,38,36.932222,0,ok,logs/seed_91696.log
868799,irt_only,GHEFT,0,0.0,0,0,1,0.4756,0.2556,0.7312,,,,,,,,,,,,,,,,,52.523402486120396,1.4416,49,12,302,160,115,45,27.324563,0,ok,logs/seed_868799.log
809171,irt_only,GHEFT,0,0.0,0,0,1,0.4152,0.2512,0.6664,,,,,,,,,,,,,,,,,46.26513513513513,1.2954,51,11,328,178,121,57,42.284972,0,ok,logs/seed_809171.log
509668,irt_only,GHEFT,0,0.0,0,0,1,0.3905,0.2361,0.6266,,,,,,,,,,,,,,,,,63.708280219780214,1.3587,49,12,314,169,131,38,30.917191,0,ok,logs/seed_509668.log
715759,irt_only,GHEFT,0,0.0,0,0,1,0.4398,0.3391,0.7789,,,,,,,,,,,,,,,,,51.760469168900805,1.5322,61,15,333,190,127,63,37.010161,0,ok,logs/seed_715759.log
34130,irt_only,GHEFT,0,0.0,0,0,1,0.4481,0.3169,0.765,,,,,,,,,,,,,,,,,55.155308233276166,1.4331,53,11,318,180,144,36,35.707689,0,ok,logs/seed_34130.log
439635,irt_only,GHEFT,0,0.0,0,0,1,0.4341,0.2912,0.7253,,,,,,,,,,,,,,,,,46.903335750421576,1.5002,40,10,286,153,117,36,25.77179,0,ok,logs/seed_439635.log
353714,irt_only,GHEFT,0,0.0,0,0,1,0.4941,0.2695,0.7636,,,,,,,,,,,,,,,,,45.018682781456945,1.2763,49,12,329,176,130,46,29.734687,0,ok,logs/seed_353714.log
844934,irt_only,GHEFT,0,0.0,0,0,1,0.4371,0.3365,0.7736,,,,,,,,,,,,,,,,,52.80164018691588,1.3339,49,11,309,170,115,55,28.462574,0,ok,logs/seed_844934.log
960763,irt_only,GHEFT,0,0.0,0,0,1,0.4731,0.2746,0.7477,,,,,,,,,,,,,,,,,45.13494572271386,1.3048,47,10,308,157,115,42,26.001432,0,ok,logs/seed_960763.log
659657,irt_only,GHEFT,0,0.0,0,0,1,0.4285,0.2738,0.7023,,,,,,,,,,,,,,,,,59.14612520775623,1.076,48,12,289,143,103,40,25.264206,0,ok,logs/seed_659657.log
938087,irt_only,GHEFT,0,0.0,0,0,1,0.4414,0.3277,0.7691,,,,,,,,,,,,,,,,,66.10510099999999,1.839,47,9,321,144,108,36,27.038906,0,ok,logs/seed_938087.log
430630,irt_only,GHEFT,0,0.0,0,0,1,0.4643,0.2746,0.7389,,,,,,,,,,,,,,,,,59.6497046612803,1.4767,48,10,310,155,125,30,29.115782,0,ok,logs/seed_430630.log
450588,irt_only,GHEFT,0,0.0,0,0,1,0.4489,0.2549,0.7038,,,,,,,,,,,,,,,,,60.64514308300396,1.8065,52,12,296,161,105,56,26.804075,0,ok,logs/seed_450588.log
324937,irt_only,GHEFT,0,0.0,0,0,1,0.3764,0.2493,0.6257,,,,,,,,,,,,,,,,,75.87581604765242,1.1045,46,13,322,170,134,36,31.050551,0,ok,logs/seed_324937.log
220568,irt_only,GHEFT,0,0.0,0,0,1,0.3906,0.236,0.6266,,,,,,,,,,,,,,,,,53.33688394160583,1.0491,51,12,323,166,127,39,27.810908,0,ok,logs/seed_220568.log
143411,irt_only,GHEFT,0,0.0,0,0,1,0.4271,0.3435,0.7706,,,,,,,,,,,,,,,,,61.17495304166666,1.2519,39,9,293,151,119,32,27.345051,0,ok,logs/seed_143411.log
578644,irt_only,GHEFT,0,0.0,0,0,1,0.4164,0.2609,0.6773,,,,,,,,,,,,,,,,,55.47980570687419,1.4012,41,11,308,145,113,32,29.072165,0,ok,logs/seed_578644.log
411421,irt_only,GHEFT,0,0.0,0,0,1,0.4451,0.2806,0.7257,,,,,,,,,,,,,,,,,46.445658193979924,1.284,40,9,322,155,113,42,32.126287,0,ok,logs/seed_411421.log
332843,irt_only,GHEFT,0,0.0,0,0,1,0.43,0.2498,0.6798,,,,,,,,,,,,,,,,,58.35540795755969,1.3165,49,12,343,166,130,36,36.689945,0,ok,logs/seed_332843.log
2159,irt_only,GHEFT,0,0.0,0,0,1,0.4322,0.2583,0.6905,,,,,,,,,,,,,,,,,56.7365144110787,1.4736,48,12,304,160,115,45,21.307689,0,ok,logs/seed_2159.log
816107,irt_only,GHEFT,0,0.0,0,0,1,0.4351,0.3057,0.7408,,,,,,,,,,,,,,,,,57.37392328767122,1.3843,44,10,296,165,123,42,28.609509,0,ok,logs/seed_816107.log
373934,irt_only,GHEFT,0,0.0,0,0,1,0.4829,0.2836,0.7665,,,,,,,,,,,,,,,,,58.958420311220316,1.6665,51,12,325,198,155,43,28.968282,0,ok,logs/seed_373934.log
824212,irt_only,GHEFT,0,0.0,0,0,1,0.4617,0.2783,0.74,,,,,,,,,,,,,,,,,62.0646129032258,1.5569,45,11,291,143,122,21,22.330165,0,ok,logs/seed_824212.log
549839,irt_only,GHEFT,0,0.0,0,0,1,0.4389,0.2538,0.6927,,,,,,,,,,,,,,,,,44.463103667627976,1.2369,49,11,297,145,105,40,23.850752,0,ok,logs/seed_549839.log
17250,irt_only,GHEFT,0,0.0,0,0,1,0.4467,0.2611,0.7078,,,,,,,,,,,,,,,,,53.20390100000001,1.4281,46,10,312,151,117,34,26.745306,0,ok,logs/seed_17250.log
644403,irt_only,GHEFT,0,0.0,0,0,1,0.4201,0.2193,0.6394,,,,,,,,,,,,,,,,,52.75801764705883,1.078,44,10,322,176,144,32,30.605021,0,ok,logs/seed_644403.log
891331,irt_only,GHEFT,0,0.0,0,0,1,0.4597,0.2829,0.7426,,,,,,,,,,,,,,,,,51.51606240822319,1.0594,42,11,311,161,122,39,26.081188,0,ok,logs/seed_891331.log
541033,irt_only,GHEFT,0,0.0,0,0,1,0.4527,0.2747,0.7274,,,,,,,,,,,,,,,,,48.80779728976753,1.139,53,11,326,157,116,41,27.777913,0,ok,logs/seed_541033.log
711521,irt_only,GHEFT,0,0.0,0,0,1,0.4343,0.247,0.6813,,,,,,,,,,,,,,,,,53.959101,1.3199,50,10,311,151,117,34,23.514635,0,ok,logs/seed_711521.log
725265,irt_only,GHEFT,0,0.0,0,0,1,0.41,0.2007,0.6107,,,,,,,,,,,,,,,,,60.627938629283484,1.1236,48,11,341,161,123,38,26.51569,0,ok,logs/seed_725265.log
793509,irt_only,GHEFT,0,0.0,0,0,1,0.4115,0.2725,0.684,,,,,,,,,,,,,,,,,47.76537289073305,1.5995,53,13,336,184,122,62,28.167744,0,ok,logs/seed_793509.log
417817,irt_only,GHEFT,0,0.0,0,0,1,0.4077,0.2919,0.6996,,,,,,,,,,,,,,,,,64.16928429319371,1.8216,48,12,332,177,144,33,30.52464,0,ok,logs/seed_417817.log
603228,irt_only,GHEFT,0,0.0,0,0,1,0.4615,0.3006,0.7621,,,,,,,,,,,,,,,,,63.89036948356807,1.984,38,9,307,140,103,37,27.212908,0,ok,logs/seed_603228.log
21177,irt_only,GHEFT,0,0.0,0,0,1,0.4269,0.2451,0.672,,,,,,,,,,,,,,,,,52.12082857142857,1.4696,47,13,312,168,130,38,22.300155,0,ok,logs/seed_21177.log
307954,irt_only,GHEFT,0,0.0,0,0,1,0.4208,0.3087,0.7295,,,,,,,,,,,,,,,,,63.75007171717173,1.2521,47,8,320,162,120,42,16.319774,0,ok,logs/seed_307954.log
527286,irt_only,GHEFT,0,0.0,0,0,1,0.5284,0.3336,0.862,,,,,,,,,,,,,,,,,50.16501991260486,1.2157,44,10,304,148,120,28,8.435295,0,ok,logs/seed_527286.log
199889,irt_only,GHEFT,0,0.0,0,0,1,0.4272,0.2809,0.7081,,,,,,,,,,,,,,,,,39.47277331240188,1.0663,52,11,304,146,101,45,30.045751,0,ok,logs/seed_199889.log
364276,irt_only,GHEFT,0,0.0,0,0,1,0.4038,0.2362,0.64,,,,,,,,,,,,,,,,,63.86876944613512,1.9309,44,10,303,140,102,38,28.086958,0,ok,logs/seed_364276.log
68246,irt_only,GHEFT,0,0.0,0,0,1,0.4199,0.2311,0.651,,,,,,,,,,,,,,,,,46.97897884615386,1.3889,43,12,299,139,115,24,20.926774,0,ok,logs/seed_68246.log
238033,irt_only,GHEFT,0,0.0,0,0,1,0.3932,0.241,0.6342,,,,,,,,,,,,,,,,,50.597894317422444,1.1434,42,12,316,180,145,35,24.58801,0,ok,logs/seed_238033.log
220944,irt_only,GHEFT,0,0.0,0,0,1,0.4188,0.2423,0.6611,,,,,,,,,,,,,,,,,61.80534087403599,1.5517,54,13,323,189,142,47,27.423365,0,ok,logs/seed_220944.log
891582,irt_only,GHEFT,0,0.0,0,0,1,0.4035,0.217,0.6205,,,,,,,,,,,,,,,,,43.64301909814324,1.1889,45,13,304,143,109,34,26.853701,0,ok,logs/seed_891582.log
782412,irt_only,GHEFT,0,0.0,0,0,1,0.5205,0.3994,0.9199,,,,,,,,,,,,,,,,,47.402262763466034,1.5124,48,11,306,172,137,35,27.655567,0,ok,logs/seed_782412.log
272720,irt_only,GHEFT,0,0.0,0,0,1,0.4183,0.2264,0.6447,,,,,,,,,,,,,,,,,48.179163636363626,1.2683,47,10,324,145,107,38,24.265504,0,ok,logs/seed_272720.log
992708,irt_only,GHEFT,0,0.0,0,0,1,0.4115,0.2866,0.6981,,,,,,,,,,,,,,,,,56.16027982708933,1.5699,46,11,325,166,128,38,27.431039,0,ok,logs/seed_992708.log
30644,irt_only,GHEFT,0,0.0,0,0,1,0.4593,0.2779,0.7372,,,,,,,,,,,,,,,,,41.482981564245804,1.1789,52,12,323,175,112,63,28.642699,0,ok,logs/seed_30644.log
921837,irt_only,GHEFT,0,0.0,0,0,1,0.5041,0.2912,0.7953,,,,,,,,,,,,,,,,,59.27753559322034,1.6084,51,11,329,176,130,46,25.550411,0,ok,logs/seed_921837.log
920979,irt_only,GHEFT,0,0.0,0,0,1,0.4822,0.2559,0.7381,,,,,,,,,,,,,,,,,67.1444561983471,1.8949,48,11,333,164,129,35,22.895621,0,ok,logs/seed_920979.log
642755,irt_only,GHEFT,0,0.0,0,0,1,0.4699,0.2602,0.7301,,,,,,,,,,,,,,,,,53.2975,1.4207,55,11,334,183,142,41,28.416769,0,ok,logs/seed_642755.log
43741,irt_only,GHEFT,0,0.0,0,0,1,0.481,0.291,0.772,,,,,,,,,,,,,,,,,49.9338922981455,1.4014,47,9,291,115,92,23,23.132481,0,ok,logs/seed_43741.log
254302,irt_only,GHEFT,0,0.0,0,0,1,0.4738,0.3698,0.8436,,,,,,,,,,,,,,,,,63.83375194339623,1.7566,44,11,323,148,97,51,14.11831,0,ok,logs/seed_254302.log
53196,irt_only,GHEFT,0,0.0,0,0,1,0.4543,0.289,0.7433,,,,,,,,,,,,,,,,,52.406771232876714,1.386,49,13,316,184,131,53,31.890706,0,ok,logs/seed_53196.log
601808,irt_only,GHEFT,0,0.0,0,0,1,0.4032,0.2717,0.6749,,,,,,,,,,,,,,,,,47.319956086419744,1.1057,44,9,307,145,114,31,31.603053,0,ok,logs/seed_601808.log
832225,irt_only,GHEFT,0,0.0,0,0,1,0.4755,0.2556,0.7311,,,,,,,,,,,,,,,,,45.72405682232893,1.2919,57,11,342,165,123,42,26.276638,0,ok,logs/seed_832225.log
582446,irt_only,GHEFT,0,0.0,0,0,1,0.3781,0.2158,0.5939,,,,,,,,,,,,,,,,,68.73409665653497,1.7648,50,14,315,172,114,58,25.642194,0,ok,logs/seed_582446.log
538445,irt_only,GHEFT,0,0.0,0,0,1,0.4527,0.3383,0.791,,,,,,,,,,,,,,,,,47.646514016578735,1.2349,47,9,316,171,121,50,32.721225,0,ok,logs/seed_538445.log
323662,irt_only,GHEFT,0,0.0,0,0,1,0.4499,0.3437,0.7936,,,,,,,,,,,,,,,,,65.80408824584103,2.0278,56,13,361,199,129,70,27.217773,0,ok,logs/seed_323662.log
361331,irt_only,GHEFT,0,0.0,0,0,1,0.4273,0.3434,0.7707,,,,,,,,,,,,,,,,,51.62755554320785,1.3955,51,12,324,157,109,48,28.317142,0,ok,logs/seed_361331.log
139576,irt_only,GHEFT,0,0.0,0,0,1,0.4496,0.3129,0.7625,,,,,,,,,,,,,,,,,51.1924741166913,1.311,41,10,300,136,103,33,20.504384,0,ok,logs/seed_139576.log
802985,irt_only,GHEFT,0,0.0,0,0,1,0.4756,0.361,0.8366,,,,,,,,,,,,,,,,,54.66761528571428,1.2534,44,11,295,174,139,35,27.674044,0,ok,logs/seed_802985.log
801777,irt_only,GHEFT,0,0.0,0,0,1,0.4117,0.2835,0.6952,,,,,,,,,,,,,,,,,48.982609841538086,1.5166,56,12,321,165,128,37,27.791217,0,ok,logs/seed_801777.log
340074,irt_only,GHEFT,0,0.0,0,0,1,0.4211,0.2323,0.6534,,,,,,,,,,,,,,,,,45.43577122490015,1.1764,49,11,317,172,130,42,33.44957,0,ok,logs/seed_340074.log
850648,irt_only,GHEFT,0,0.0,0,0,1,0.4126,0.213,0.6256,,,,,,,,,,,,,,,,,63.980435183129835,1.0719,48,9,321,145,118,27,23.061221,0,ok,logs/seed_850648.log
332271,irt_only,GHEFT,0,0.0,0,0,1,0.4604,0.3197,0.7801,,,,,,,,,,,,,,,,,50.646332486880475,1.5186,41,12,328,158,118,40,22.946871,0,ok,logs/seed_332271.log
389750,irt_only,GHEFT,0,0.0,0,0,1,0.4614,0.2751,0.7365,,,,,,,,,,,,,,,,,55.19804532728161,1.4643,51,12,350,165,129,36,19.250769,0,ok,logs/seed_389750.log
798169,irt_only,GHEFT,0,0.0,0,0,1,0.4671,0.3115,0.7786,,,,,,,,,,,,,,,,,53.945428025821975,1.4976,48,10,295,143,109,34,14.306401,0,ok,logs/seed_798169.log
297853,irt_only,GHEFT,0,0.0,0,0,1,0.424,0.242,0.666,,,,,,,,,,,,,,,,,45.333545296167244,1.0629,46,11,331,178,132,46,13.348967,0,ok,logs/seed_297853.log
579634,irt_only,GHEFT,0,0.0,0,0,1,0.4627,0.2833,0.746,,,,,,,,,,,,,,,,,62.243172013651886,1.4273,49,12,311,184,135,49,12.21868,0,ok,logs/seed_579634.log
345486,irt_only,GHEFT,0,0.0,0,0,1,0.456,0.3047,0.7607,,,,,,,,,,,,,,,,,37.98165,1.3559,43,11,310,147,104,43,10.695606,0,ok,logs/seed_345486.log
345064,irt_only,GHEFT,0,0.0,0,0,1,0.4542,0.3628,0.817,,,,,,,,,,,,,,,,,61.45183905053599,1.5355,44,10,294,145,113,32,9.729463,0,ok,logs/seed_345064.log
956254,irt_only,GHEFT,0,0.0,0,0,1,0.4523,0.2485,0.7008,,,,,,,,,,,,,,,,,39.447613987012986,1.08,40,9,291,137,110,27,11.769493,0,ok,logs/seed_956254.log
84361,irt_only,GHEFT,0,0.0,0,0,1,0.3964,0.263,0.6594,,,,,,,,,,,,,,,,,56.91511951951952,1.2097,47,10,318,160,123,37,13.143505,0,ok,logs/seed_84361.log
496940,irt_only,GHEFT,0,0.0,0,0,1,0.3917,0.2657,0.6574,,,,,,,,,,,,,,,,,54.647406034324945,1.1752,47,10,314,160,122,38,11.943948,0,ok,logs/seed_496940.log
898042,irt_only,GHEFT,0,0.0,0,0,1,0.3725,0.2233,0.5958,,,,,,,,,,,,,,,,,49.362824183391,1.1781,48,10,316,160,127,33,12.073079,0,ok,logs/seed_898042.log
653358,irt_only,GHEFT,0,0.0,0,0,1,0.4115,0.2662,0.6777,,,,,,,,,,,,,,,,,63.71103079340142,1.4358,47,10,312,166,129,37,13.658655,0,ok,logs/seed_653358.log
400544,irt_only,GHEFT,0,0.0,0,0,1,0.4582,0.2902,0.7484,,,,,,,,,,,,,,,,,51.49715755555556,1.1834,41,12,285,161,135,26,10.448769,0,ok,logs/seed_400544.log
242184,irt_only,GHEFT,0,0.0,0,0,1,0.4781,0.2978,0.7759,,,,,,,,,,,,,,,,,44.73820388286821,1.3961,43,11,314,173,131,42,11.071363,0,ok,logs/seed_242184.log
393637,irt_only,GHEFT,0,0.0,0,0,1,0.4651,0.3256,0.7907,,,,,,,,,,,,,,,,,53.848701492537316,1.2242,46,11,307,156,110,46,12.872506,0,ok,logs/seed_393637.log
995508,irt_only,GHEFT,0,0.0,0,0,1,0.4648,0.2839,0.7487,,,,,,,,,,,,,,,,,44.112627310753915,1.1598,49,11,326,169,125,44,13.618616,0,ok,logs/seed_995508.log
243653,irt_only,GHEFT,0,0.0,0,0,1,0.4436,0.3402,0.7838,,,,,,,,,,,,,,,,,57.107065994471306,1.6762,46,11,321,158,110,48,10.354556,0,ok,logs/seed_243653.log
343514,irt_only,GHEFT,0,0.0,0,0,1,0.4155,0.2807,0.6962,,,,,,,,,,,,,,,,,58.08249803921568,1.3914,38,10,310,173,129,44,7.367332,0,ok,logs/seed_343514.log
411929,irt_only,GHEFT,0,0.0,0,0,1,0.4256,0.3036,0.7292,,,,,,,,,,,,,,,,,54.77067986178862,1.4616,40,8,294,135,101,34,14.762207,0,ok,logs/seed_411929.log
668641,irt_only,GHEFT,0,0.0,0,0,1,0.4467,0.2604,0.7071,,,,,,,,,,,,,,,,,52.227462637362635,1.1113,48,11,302,140,101,39,27.448603,0,ok,logs/seed_668641.log
20187,irt_only,GHEFT,0,0.0,0,0,1,0.4568,0.3779,0.8347,,,,,,,,,,,,,,,,,49.84370592293194,1.4395,46,11,314,163,133,30,30.050821,0,ok,logs/seed_20187.log
658023,irt_only,GHEFT,0,0.0,0,0,1,0.4326,0.2963,0.7289,,,,,,,,,,,,,,,,,49.10959064976228,1.166,49,10,310,154,104,50,23.422768,0,ok,logs/seed_658023.log
846287,irt_only,GHEFT,0,0.0,0,0,1,0.4581,0.3102,0.7683,,,,,,,,,,,,,,,,,46.40240300000001,1.6265,49,13,303,157,121,36,26.465927,0,ok,logs/seed_846287.log
347153,irt_only,GHEFT,0,0.0,0,0,1,0.4582,0.3527,0.8109,,,,,,,,,,,,,,,,,52.034324336973484,1.3385,51,12,319,188,142,46,27.289066,0,ok,logs/seed_347153.log
891181,irt_only,GHEFT,0,0.0,0,0,1,0.4703,0.2624,0.7327,,,,,,,,,,,,,,,,,43.19446085450954,1.1155,46,11,310,152,120,32,27.666635,0,ok,logs/seed_891181.log
937433,irt_only,GHEFT,0,0.0,0,0,1,0.3705,0.2532,0.6237,,,,,,,,,,,,,,,,,50.4928527005988,1.2242,49,12,310,163,115,48,25.731315,0,ok,logs/seed_937433.log
489777,irt_only,GHEFT,0,0.0,0,0,1,0.4343,0.268,0.7023,,,,,,,,,,,,,,,,,56.24296746626687,1.2114,47,11,309,152,118,34,25.877616,0,ok,logs/seed_489777.log
248415,irt_only,GHEFT,0,0.0,0,0,1,0.4118,0.2582,0.67,,,,,,,,,,,,,,,,,53.12146572181938,1.3247,53,12,306,155,124,31,26.792276,0,ok,logs/seed_248415.log
552234,irt_only,GHEFT,0,0.0,0,0,1,0.4535,0.319,0.7725,,,,,,,,,,,,,,,,,53.81827573149741,1.37,44,11,295,181,117,64,26.126609,0,ok,logs/seed_552234.log
660822,irt_only,GHEFT,0,0.0,0,0,1,0.4836,0.2284,0.712,,,,,,,,,,,,,,,,,44.293836363636366,1.2002,46,12,294,154,130,24,25.546995,0,ok,logs/seed_660822.log
899646,irt_only,GHEFT,0,0.0,0,0,1,0.4431,0.3099,0.753,,,,,,,,,,,,,,,,,69.34744026186578,1.6952,48,11,322,158,124,34,25.441012,0,ok,logs/seed_899646.log
657048,irt_only,GHEFT,0,0.0,0,0,1,0.3882,0.2971,0.6853,,,,,,,,,,,,,,,,,47.38887837969625,1.1067,43,12,313,144,110,34,25.992302,0,ok,logs/seed_657048.log
519203,irt_only,GHEFT,0,0.0,0,0,1,0.4689,0.3167,0.7856,,,,,,,,,,,,,,,,,68.3616322580645,1.6585,51,13,312,179,118,61,26.612357,0,ok,logs/seed_519203.log
198049,irt_only,GHEFT,0,0.0,0,0,1,0.3896,0.254,0.6436,,,,,,,,,,,,,,,,,49.88434270616115,1.4063,48,10,335,172,136,36,33.990405,0,ok,logs/seed_198049.log
690757,irt_only,GHEFT,0,0.0,0,0,1,0.409,0.304,0.713,,,,,,,,,,,,,,,,,82.22085113464449,1.8154,46,11,319,176,138,38,32.586014,0,ok,logs/seed_690757.log
402947,irt_only,GHEFT,0,0.0,0,0,1,0.464,0.3357,0.7997,,,,,,,,,,,,,,,,,49.38274477611941,1.5956,53,13,321,173,107,66,26.756846,0,ok,logs/seed_402947.log
556081,irt_only,GHEFT,0,0.0,0,0,1,0.4485,0.3407,0.7892,,,,,,,,,,,,,,,,,51.091216415410386,1.3338,53,12,320,157,119,38,33.124644,0,ok,logs/seed_556081.log
934188,irt_only,GHEFT,0,0.0,0,0,1,0.4187,0.2647,0.6834,,,,,,,,,,,,,,,,,46.079430843706774,1.0339,47,11,319,142,109,33,32.914304,0,ok,logs/seed_934188.log
123970,irt_only,GHEFT,0,0.0,0,0,1,0.4618,0.2652,0.727,,,,,,,,,,,,,,,,,48.909451655629134,1.254,46,11,302,168,121,47,28.549726,0,ok,logs/seed_123970.log
518181,irt_only,GHEFT,0,0.0,0,0,1,0.4929,0.2684,0.7613,,,,,,,,,,,,,,,,,50.561106892869724,1.2546,49,12,297,128,87,41,31.445046,0,ok,logs/seed_518181.log
399989,irt_only,GHEFT,0,0.0,0,0,1,0.4104,0.2823,0.6927,,,,,,,,,,,,,,,,,56.85600897097626,1.4489,52,11,326,155,121,34,26.08891,0,ok,logs/seed_399989.log
901771,irt_only,GHEFT,0,0.0,0,0,1,0.4804,0.2462,0.7266,,,,,,,,,,,,,,,,,49.026647956403274,1.297,54,10,330,180,139,41,31.926388,0,ok,logs/seed_901771.log
775491,irt_only,GHEFT,0,0.0,0,0,1,0.4582,0.2745,0.7327,,,,,,,,,,,,,,,,,52.27875302013424,1.432,41,11,292,136,105,31,27.006905,0,ok,logs/seed_775491.log
925874,irt_only,GHEFT,0,0.0,0,0,1,0.3964,0.2517,0.6481,,,,,,,,,,,,,,,,,48.125014464099905,1.1573,48,11,322,164,128,36,29.817837,0,ok,logs/seed_925874.log
298914,irt_only,GHEFT,0,0.0,0,0,1,0.5023,0.3487,0.851,,,,,,,,,,,,,,,,,51.5596511563618,1.404,44,11,320,173,142,31,32.281307,0,ok,logs/seed_298914.log
769242,irt_only,GHEFT,0,0.0,0,0,1,0.4442,0.3202,0.7644,,,,,,,,,,,,,,,,,44.298601,1.1399,46,9,320,142,115,27,30.624296,0,ok,logs/seed_769242.log
884462,irt_only,GHEFT,0,0.0,0,0,1,0.4193,0.2732,0.6925,,,,,,,,,,,,,,,,,52.372753373413495,1.2862,41,10,307,152,115,37,27.898676,0,ok,logs/seed_884462.log
948968,irt_only,GHEFT,0,0.0,0,0,1,0.4553,0.3539,0.8092,,,,,,,,,,,,,,,,,58.49144770459082,1.459,53,11,322,168,129,39,32.457544,0,ok,logs/seed_948968.log
237390,irt_only,GHEFT,0,0.0,0,0,1,0.426,0.2704,0.6964,,,,,,,,,,,,,,,,,53.19946745406825,1.1432,45,11,325,174,135,39,28.304739,0,ok,logs/seed_237390.log
788501,irt_only,GHEFT,0,0.0,0,0,1,0.4144,0.2822,0.6966,,,,,,,,,,,,,,,,,44.06220131578948,1.2374,47,10,308,161,105,56,30.508972,0,ok,logs/seed_788501.log
841514,irt_only,GHEFT,0,0.0,0,0,1,0.4186,0.2292,0.6478,,,,,,,,,,,,,,,,,60.15483769470406,1.5408,45,10,310,152,117,35,28.851982,0,ok,logs/seed_841514.log
731954,irt_only,GHEFT,0,0.0,0,0,1,0.4525,0.3148,0.7673,,,,,,,,,,,,,,,,,53.741620012507816,1.5135,37,9,286,133,106,27,28.820429,0,ok,logs/seed_731954.log
512900,irt_only,GHEFT,0,0.0,0,0,1,0.4958,0.2444,0.7402,,,,,,,,,,,,,,,,,48.400349891067535,1.1561,46,11,305,166,139,27,30.148025,0,ok,logs/seed_512900.log
163797,irt_only,GHEFT,0,0.0,0,0,1,0.4177,0.2187,0.6364,,,,,,,,,,,,,,,,,46.53767662337663,1.3701,36,9,293,129,102,27,23.058875,0,ok,logs/seed_163797.log
411938,irt_only,GHEFT,0,0.0,0,0,1,0.4638,0.2593,0.7231,,,,,,,,,,,,,,,,,55.55423598233216,1.2966,45,12,316,184,142,42,31.515712,0,ok,logs/seed_411938.log
297875,irt_only,GHEFT,0,0.0,0,0,1,0.4353,0.2914,0.7267,,,,,,,,,,,,,,,,,76.73980636042404,1.954,49,11,338,169,143,26,42.851693,0,ok,logs/seed_297875.log
862431,irt_only,GHEFT,0,0.0,0,0,1,0.5256,0.329,0.8546,,,,,,,,,,,,,,,,,47.22179595827901,1.5382,46,10,322,154,107,47,27.658324,0,ok,logs/seed_862431.log
944164,irt_only,GHEFT,0,0.0,0,0,1,0.4614,0.2841,0.7455,,,,,,,,,,,,,,,,,53.51354119138149,1.2676,56,14,335,183,134,49,27.557718,0,ok,logs/seed_944164.log
593633,irt_only,GHEFT,0,0.0,0,0,1,0.5004,0.2791,0.7795,,,,,,,,,,,,,,,,,42.718439215686274,1.2487,43,10,322,157,112,45,35.507461,0,ok,logs/seed_593633.log
49083,irt_only,GHEFT,0,0.0,0,0,1,0.4605,0.2902,0.7507,,,,,,,,,,,,,,,,,52.58603433333334,1.4684,43,9,301,153,125,28,24.182772,0,ok,logs/seed_49083.log
511497,irt_only,GHEFT,0,0.0,0,0,1,0.4266,0.2249,0.6515,,,,,,,,,,,,,,,,,42.55730754070265,1.3841,51,14,326,192,144,48,30.476307,0,ok,logs/seed_511497.log
332550,irt_only,GHEFT,0,0.0,0,0,1,0.4355,0.2445,0.68,,,,,,,,,,,,,,,,,56.29271019202364,1.0775,39,9,295,136,116,20,25.786528,0,ok,logs/seed_332550.log
179506,irt_only,GHEFT,0,0.0,0,0,1,0.4727,0.3534,0.8261,,,,,,,,,,,,,,,,,43.58078472243937,1.3769,43,10,296,140,115,25,25.490423,0,ok,logs/seed_179506.log
103680,irt_only,GHEFT,0,0.0,0,0,1,0.4266,0.2867,0.7133,,,,,,,,,,,,,,,,,52.678579279279276,1.2377,61,11,349,189,131,58,31.665002,0,ok,logs/seed_103680.log
109216,irt_only,GHEFT,0,0.0,0,0,1,0.3918,0.2508,0.6426,,,,,,,,,,,,,,,,,59.624864862040134,1.5141,47,11,309,151,114,37,32.128617,0,ok,logs/seed_109216.log
344612,irt_only,GHEFT,0,0.0,0,0,1,0.4237,0.2518,0.6755,,,,,,,,,,,,,,,,,49.711587560829244,1.3241,48,10,326,147,126,21,32.605443,0,ok,logs/seed_344612.log
919045,irt_only,GHEFT,0,0.0,0,0,1,0.3863,0.231,0.6173,,,,,,,,,,,,,,,,,51.90841352502663,1.1307,48,11,306,182,137,45,25.325356,0,ok,logs/seed_919045.log
478565,irt_only,GHEFT,0,0.0,0,0,1,0.4433,0.2562,0.6995,,,,,,,,,,,,,,,,,47.11912652068126,1.2741,46,11,301,149,116,33,27.153498,0,ok,logs/seed_478565.log
473670,irt_only,GHEFT,0,0.0,0,0,1,0.4057,0.2924,0.6981,,,,,,,,,,,,,,,,,48.77378234951962,1.4553,42,9,314,155,129,26,30.113517,0,ok,logs/seed_473670.log
175136,irt_only,GHEFT,0,0.0,0,0,1,0.4143,0.2389,0.6532,,,,,,,,,,,,,,,,,51.79451540616247,1.2542,55,12,326,170,112,58,34.523324,0,ok,logs/seed_175136.log
30661,irt_only,GHEFT,0,0.0,0,0,1,0.4134,0.2284,0.6418,,,,,,,,,,,,,,,,,62.15376093031358,1.622,44,9,303,148,114,34,29.482697,0,ok,logs/seed_30661.log
461986,irt_only,GHEFT,0,0.0,0,0,1,0.4373,0.2549,0.6922,,,,,,,,,,,,,,,,,69.7026677581864,1.8461,44,11,318,171,142,29,26.984684,0,ok,logs/seed_461986.log
806917,irt_only,GHEFT,0,0.0,0,0,1,0.4464,0.2546,0.701,,,,,,,,,,,,,,,,,60.1683146853147,1.511,51,12,321,166,119,47,26.323015,0,ok,logs/seed_806917.log
251935,irt_only,GHEFT,0,0.0,0,0,1,0.4384,0.2623,0.7007,,,,,,,,,,,,,,,,,46.632962297239914,1.3997,50,12,287,167,125,42,22.167209,0,ok,logs/seed_251935.log
485053,irt_only,GHEFT,0,0.0,0,0,1,0.4291,0.2231,0.6522,,,,,,,,,,,,,,,,,43.792691655450874,1.1864,43,10,297,114,95,19,30.018107,0,ok,logs/seed_485053.log
766370,irt_only,GHEFT,0,0.0,0,0,1,0.4583,0.2726,0.7309,,,,,,,,,,,,,,,,,40.02564410883998,1.2918,47,11,305,165,134,31,22.662683,0,ok,logs/seed_766370.log
229231,irt_only,GHEFT,0,0.0,0,0,1,0.4474,0.2121,0.6595,,,,,,,,,,,,,,,,,68.31004407939766,1.4513,43,10,319,174,130,44,29.989312,0,ok,logs/seed_229231.log
577471,irt_only,GHEFT,0,0.0,0,0,1,0.3921,0.2165,0.6086,,,,,,,,,,,,,,,,,48.925663549160674,1.3065,54,11,337,169,125,44,29.461502,0,ok,logs/seed_577471.log
37962,irt_only,GHEFT,0,0.0,0,0,1,0.4452,0.3071,0.7523,,,,,,,,,,,,,,,,,59.32408796992482,1.2182,54,11,322,161,118,43,27.999019,0,ok,logs/seed_37962.log
944872,irt_only,GHEFT,0,0.0,0,0,1,0.4537,0.2943,0.748,,,,,,,,,,,,,,,,,47.49662592592593,1.2457,54,11,344,175,120,55,34.15035,0,ok,logs/seed_944872.log
288361,irt_only,GHEFT,0,0.0,0,0,1,0.4371,0.2362,0.6733,,,,,,,,,,,,,,,,,53.07135984095428,1.4442,39,9,288,137,109,28,24.821272,0,ok,logs/seed_288361.log
811804,irt_only,GHEFT,0,0.0,0,0,1,0.505,0.3671,0.8721,,,,,,,,,,,,,,,,,60.16855923566879,1.6008,53,12,323,181,121,60,29.033552,0,ok,logs/seed_811804.log
150312,irt_only,GHEFT,0,0.0,0,0,1,0.4536,0.307,0.7606,,,,,,,,,,,,,,,,,48.83312843791722,1.1803,42,10,312,148,106,42,27.906751,0,ok,logs/seed_150312.log
300144,irt_only,GHEFT,0,0.0,0,0,1,0.4311,0.255,0.6861,,,,,,,,,,,,,,,,,49.273748773279344,1.1601,39,10,313,151,114,37,24.019754,0,ok,logs/seed_300144.log
321546,irt_only,GHEFT,0,0.0,0,0,1,0.4442,0.3547,0.7989,,,,,,,,,,,,,,,,,68.42482747603833,1.634,43,10,314,166,110,56,33.783485,0,ok,logs/seed_321546.log
333826,irt_only,GHEFT,0,0.0,0,0,1,0.4132,0.2987,0.7119,,,,,,,,,,,,,,,,,53.37497757685353,1.366,45,11,302,172,139,33,28.669532,0,ok,logs/seed_333826.log
601923,irt_only,GHEFT,0,0.0,0,0,1,0.4606,0.3247,0.7853,,,,,,,,,,,,,,,,,48.65699575362319,1.5907,44,12,305,147,113,34,30.014989,0,ok,logs/seed_601923.log
165547,irt_only,GHEFT,0,0.0,0,0,1,0.4593,0.2756,0.7349,,,,,,,,,,,,,,,,,57.72992415740035,1.4108,46,10,329,176,133,43,38.78164,0,ok,logs/seed_165547.log
376387,irt_only,GHEFT,0,0.0,0,0,1,0.484,0.2639,0.7479,,,,,,,,,,,,,,,,,67.28756133415689,1.7274,50,10,308,160,130,30,35.446133,0,ok,logs/seed_376387.log
667407,irt_only,GHEFT,0,0.0,0,0,1,0.4562,0.2476,0.7038,,,,,,,,,,,,,,,,,43.77902682538518,1.3053,46,14,313,191,138,53,27.622214,0,ok,logs/seed_667407.log
536326,irt_only,GHEFT,0,0.0,0,0,1,0.4074,0.251,0.6584,,,,,,,,,,,,,,,,,53.00716709508964,1.4548,40,10,310,134,101,33,29.034201,0,ok,logs/seed_536326.log
48649,irt_only,GHEFT,0,0.0,0,0,1,0.4606,0.3357,0.7963,,,,,,,,,,,,,,,,,53.82020586145648,1.2102,45,10,299,145,111,34,34.587263,0,ok,logs/seed_48649.log
138474,irt_only,GHEFT,0,0.0,0,0,1,0.4324,0.2209,0.6533,,,,,,,,,,,,,,,,,51.14840425531915,1.5131,48,11,303,153,104,49,29.520006,0,ok,logs/seed_138474.log
581410,irt_only,GHEFT,0,0.0,0,0,1,0.4247,0.2083,0.633,,,,,,,,,,,,,,,,,44.19310671827057,1.1694,52,11,320,175,135,40,35.813824,0,ok,logs/seed_581410.log
462634,irt_only,GHEFT,0,0.0,0,0,1,0.4513,0.2879,0.7392,,,,,,,,,,,,,,,,,57.61534483306836,1.4727,47,10,329,185,140,45,36.021152,0,ok,logs/seed_462634.log
349227,irt_only,GHEFT,0,0.0,0,0,1,0.4414,0.2851,0.7265,,,,,,,,,,,,,,,,,49.05257198417931,1.3504,45,13,309,175,130,45,27.4813,0,ok,logs/seed_349227.log
453227,irt_only,GHEFT,0,0.0,0,0,1,0.4032,0.2224,0.6256,,,,,,,,,,,,,,,,,57.1414,1.4414,36,10,304,161,131,30,33.748142,0,ok,logs/seed_453227.log
424389,irt_only,GHEFT,0,0.0,0,0,1,0.4326,0.2353,0.6679,,,,,,,,,,,,,,,,,49.18632069106882,1.1524,45,12,302,137,116,21,35.230621,0,ok,logs/seed_424389.log
706750,irt_only,GHEFT,0,0.0,0,0,1,0.3803,0.2483,0.6286,,,,,,,,,,,,,,,,,60.93946777091521,1.224,47,13,298,172,119,53,28.133521,0,ok,logs/seed_706750.log
70613,irt_only,GHEFT,0,0.0,0,0,1,0.508,0.3007,0.8087,,,,,,,,,,,,,,,,,71.77103977724744,1.6731,41,10,323,178,146,32,28.434994,0,ok,logs/seed_70613.log
599838,irt_only,GHEFT,0,0.0,0,0,1,0.4407,0.32,0.7607,,,,,,,,,,,,,,,,,45.5385324075537,1.2876,53,12,328,156,96,60,28.14361,0,ok,logs/seed_599838.log
275233,irt_only,GHEFT,0,0.0,0,0,1,0.4773,0.3505,0.8278,,,,,,,,,,,,,,,,,52.14730000000001,1.1997,39,10,315,172,126,46,35.96641,0,ok,logs/seed_275233.log
257926,irt_only,GHEFT,0,0.0,0,0,1,0.4582,0.294,0.7522,,,,,,,,,,,,,,,,,57.35837278287461,1.3401,44,10,294,152,115,37,26.130835,0,ok,logs/seed_257926.log
65039,irt_only,GHEFT,0,0.0,0,0,1,0.4004,0.2333,0.6337,,,,,,,,,,,,,,,,,55.29160185185185,1.626,56,11,347,174,127,47,30.067622,0,ok,logs/seed_65039.log
354531,irt_only,GHEFT,0,0.0,0,0,1,0.4534,0.3323,0.7857,,,,,,,,,,,,,,,,,43.76540945724258,1.2655,52,12,316,179,112,67,29.115376,0,ok,logs/seed_354531.log
941030,irt_only,GHEFT,0,0.0,0,0,1,0.462,0.2453,0.7073,,,,,,,,,,,,,,,,,49.23948757396451,1.2627,44,12,288,150,119,31,27.381272,0,ok,logs/seed_941030.log
624899,irt_only,GHEFT,0,0.0,0,0,1,0.4224,0.2607,0.6831,,,,,,,,,,,,,,,,,60.989225604551926,1.6027,46,10,319,155,134,21,28.315303,0,ok,logs/seed_624899.log
899565,irt_only,GHEFT,0,0.0,0,0,1,0.4235,0.2783,0.7018,,,,,,,,,,,,,,,,,58.02991289947705,1.3943,45,11,306,164,141,23,25.700116,0,ok,logs/seed_899565.log
930280,irt_only,GHEFT,0,0.0,0,0,1,0.4506,0.2514,0.702,,,,,,,,,,,,,,,,,56.40953097949887,1.2623,50,11,310,149,108,41,25.69454,0,ok,logs/seed_930280.log
405167,irt_only,GHEFT,0,0.0,0,0,1,0.4594,0.263,0.7224,,,,,,,,,,,,,,,,,41.173630796112185,1.299,37,10,302,147,116,31,30.883975,0,ok,logs/seed_405167.log
1448,irt_only,GHEFT,0,0.0,0,0,1,0.4202,0.2382,0.6584,,,,,,,,,,,,,,,,,49.35639918887602,1.1991,49,10,316,133,93,40,30.303839,0,ok,logs/seed_1448.log
507391,irt_only,GHEFT,0,0.0,0,0,1,0.434,0.2881,0.7221,,,,,,,,,,,,,,,,,44.17600944985674,1.2694,54,12,310,164,120,44,25.777313,0,ok,logs/seed_507391.log
837291,irt_only,GHEFT,0,0.0,0,0,1,0.4311,0.2633,0.6944,,,,,,,,,,,,,,,,,54.65923336045567,1.1255,48,12,314,172,137,35,30.236964,0,ok,logs/seed_837291.log
536078,irt_only,GHEFT,0,0.0,0,0,1,0.4578,0.3225,0.7803,,,,,,,,,,,,,,,,,49.8227699669967,1.5325,50,11,328,173,120,53,31.2827,0,ok,logs/seed_536078.log
381453,irt_only,GHEFT,0,0.0,0,0,1,0.3684,0.2778,0.6462,,,,,,,,,,,,,,,,,66.29194926935179,1.542,48,10,326,171,129,42,34.616258,0,ok,logs/seed_381453.log
58349,irt_only,GHEFT,0,0.0,0,0,1,0.426,0.2418,0.6678,,,,,,,,,,,,,,,,,56.829605628310226,1.4261,48,11,332,159,119,40,42.859304,0,ok,logs/seed_58349.log
613460,irt_only,GHEFT,0,0.0,0,0,1,0.4799,0.3631,0.843,,,,,,,,,,,,,,,,,44.60674048908994,1.2973,42,10,330,184,143,41,34.851834,0,ok,logs/seed_613460.log
581102,irt_only,GHEFT,0,0.0,0,0,1,0.4496,0.3426,0.7922,,,,,,,,,,,,,,,,,52.02914488330342,1.2574,35,9,317,137,103,34,36.413598,0,ok,logs/seed_581102.log
814302,irt_only,GHEFT,0,0.0,0,0,1,0.4319,0.2455,0.6774,,,,,,,,,,,,,,,,,48.47418192128085,1.4673,47,11,311,148,127,21,28.810034,0,ok,logs/seed_814302.log
453089,irt_only,GHEFT,0,0.0,0,0,1,0.4573,0.2519,0.7092,,,,,,,,,,,,,,,,,47.306842589703585,1.2496,52,11,320,166,131,35,27.208435,0,ok,logs/seed_453089.log
583877,irt_only,GHEFT,0,0.0,0,0,1,0.4441,0.2818,0.7259,,,,,,,,,,,,,,,,,52.651286547812,1.2071,52,10,322,172,131,41,28.712422,0,ok,logs/seed_583877.log
312977,irt_only,GHEFT,0,0.0,0,0,1,0.4703,0.254,0.7243,,,,,,,,,,,,,,,,,45.25494927586206,1.1914,45,11,328,176,129,47,28.843546,0,ok,logs/seed_312977.log
140256,irt_only,GHEFT,0,0.0,0,0,1,0.4255,0.246,0.6715,,,,,,,,,,,,,,,,,64.403030651341,1.258,46,12,321,183,150,33,38.016024,0,ok,logs/seed_140256.log
547797,irt_only,GHEFT,0,0.0,0,0,1,0.4758,0.3108,0.7866,,,,,,,,,,,,,,,,,44.6830061488673,1.38,42,10,295,147,113,34,27.523197,0,ok,logs/seed_547797.log
874895,irt_only,GHEFT,0,0.0,0,0,1,0.4615,0.3259,0.7874,,,,,,,,,,,,,,,,,43.36580432145564,1.2651,53,12,324,165,107,58,28.514257,0,ok,logs/seed_874895.log
450779,irt_only,GHEFT,0,0.0,0,0,1,0.4537,0.286,0.7397,,,,,,,,,,,,,,,,,55.31776611627906,1.5939,38,9,291,136,95,41,33.613198,0,ok,logs/seed_450779.log
263459,irt_only,GHEFT,0,0.0,0,0,1,0.442,0.2622,0.7042,,,,,,,,,,,,,,,,,48.15868364451082,1.353,53,15,307,183,138,45,27.509052,0,ok,logs/seed_263459.log
164312,irt_only,GHEFT,0,0.0,0,0,1,0.4623,0.3548,0.8171,,,,,,,,,,,,,,,,,45.99888520864506,1.3859,44,8,328,151,103,48,40.03979,0,ok,logs/seed_164312.log
595764,irt_only,GHEFT,0,0.0,0,0,1,0.3681,0.2915,0.6596,,,,,,,,,,,,,,,,,53.41626002290951,1.062,44,11,310,149,123,26,31.124289,0,ok,logs/seed_595764.log
872208,irt_only,GHEFT,0,0.0,0,0,1,0.4156,0.235,0.6506,,,,,,,,,,,,,,,,,45.68119755172414,1.047,43,10,322,146,119,27,27.567265,0,ok,logs/seed_872208.log
34237,irt_only,GHEFT,0,0.0,0,0,1,0.4744,0.2482,0.7226,,,,,,,,,,,,,,,,,41.822396124904614,1.2549,52,11,309,169,121,48,26.127806,0,ok,logs/seed_34237.log
203637,irt_only,GHEFT,0,0.0,0,0,1,0.3925,0.2205,0.613,,,,,,,,,,,,,,,,,52.19928483353883,1.28,41,10,297,136,109,27,25.950421,0,ok,logs/seed_203637.log
35021,irt_only,GHEFT,0,0.0,0,0,1,0.3936,0.3181,0.7117,,,,,,,,,,,,,,,,,50.08821501976284,1.4287,46,12,309,165,106,59,28.48477,0,ok,logs/seed_35021.log
128136,irt_only,GHEFT,0,0.0,0,0,1,0.451,0.3007,0.7517,,,,,,,,,,,,,,,,,52.59347790019444,1.3549,50,12,301,148,123,25,27.464936,0,ok,logs/seed_128136.log
897068,irt_only,GHEFT,0,0.0,0,0,1,0.4606,0.3078,0.7684,,,,,,,,,,,,,,,,,45.114285913426265,1.1362,48,11,326,164,132,32,26.53742,0,ok,logs/seed_897068.log
145634,irt_only,GHEFT,0,0.0,0,0,1,0.4561,0.2805,0.7366,,,,,,,,,,,,,,,,,46.63697232867132,1.3181,52,11,305,152,113,39,23.770889,0,ok,logs/seed_145634.log
828280,irt_only,GHEFT,0,0.0,0,0,1,0.449,0.2925,0.7415,,,,,,,,,,,,,,,,,55.785,1.3382,45,12,309,187,144,43,28.152394,0,ok,logs/seed_828280.log
808182,irt_only,GHEFT,0,0.0,0,0,1,0.4629,0.3396,0.8025,,,,,,,,,,,,,,,,,57.1807619173263,1.225,49,8,313,145,115,30,24.107988,0,ok,logs/seed_808182.log
28303,irt_only,GHEFT,0,0.0,0,0,1,0.4282,0.2536,0.6818,,,,,,,,,,,,,,,,,59.636031535269694,1.2803,45,12,304,161,126,35,31.614248,0,ok,logs/seed_28303.log
695763,irt_only,GHEFT,0,0.0,0,0,1,0.4307,0.2685,0.6992,,,,,,,,,,,,,,,,,50.94254354628423,1.2815,45,12,302,176,147,29,23.110712,0,ok,logs/seed_695763.log
264497,irt_only,GHEFT,0,0.0,0,0,1,0.438,0.2773,0.7153,,,,,,,,,,,,,,,,,59.3424263692829,1.3513,54,14,328,177,132,45,35.02659,0,ok,logs/seed_264497.log
765068,irt_only,GHEFT,0,0.0,0,0,1,0.5073,0.2716,0.7789,,,,,,,,,,,,,,,,,44.4077157480315,1.2509,52,13,315,161,121,40,22.823593,0,ok,logs/seed_765068.log
293386,irt_only,GHEFT,0,0.0,0,0,1,0.4179,0.272,0.6899,,,,,,,,,,,,,,,,,58.318432373640434,1.2154,47,12,295,164,130,34,22.421046,0,ok,logs/seed_293386.log
585056,irt_only,GHEFT,0,0.0,0,0,1,0.4281,0.2572,0.6853,,,,,,,,,,,,,,,,,54.39337983597884,1.4349,57,13,322,184,132,52,32.113739,0,ok,logs/seed_585056.log
16768,irt_only,GHEFT,0,0.0,0,0,1,0.4503,0.2639,0.7142,,,,,,,,,,,,,,,,,45.22775734265734,1.3389,50,11,323,149,121,28,31.763718,0,ok,logs/seed_16768.log
768880,irt_only,GHEFT,0,0.0,0,0,1,0.419,0.2801,0.6991,,,,,,,,,,,,,,,,,53.42528581411601,1.3751,60,13,330,179,131,48,29.425104,0,ok,logs/seed_768880.log
146419,irt_only,GHEFT,0,0.0,0,0,1,0.4723,0.2922,0.7645,,,,,,,,,,,,,,,,,45.52441338432123,1.2291,50,14,326,185,140,45,25.580617,0,ok,logs/seed_146419.log
769016,irt_only,GHEFT,0,0.0,0,0,1,0.4432,0.331,0.7742,,,,,,,,,,,,,,,,,45.535522790986285,1.2669,38,8,307,141,119,22,25.858509,0,ok,logs/seed_769016.log
753173,irt_only,GHEFT,0,0.0,0,0,1,0.4208,0.2408,0.6616,,,,,,,,,,,,,,,,,41.94594070967742,1.5039,42,11,301,141,106,35,22.248367,0,ok,logs/seed_753173.log
414868,irt_only,GHEFT,0,0.0,0,0,1,0.5064,0.2812,0.7876,,,,,,,,,,,,,,,,,43.221001923076926,1.3091,50,12,315,138,106,32,24.52987,0,ok,logs/seed_414868.log
383978,irt_only,GHEFT,0,0.0,0,0,1,0.4477,0.3222,0.7699,,,,,,,,,,,,,,,,,47.283438812451294,1.3509,50,13,330,171,129,42,29.141727,0,ok,logs/seed_383978.log
596187,irt_only,GHEFT,0,0.0,0,0,1,0.4685,0.2938,0.7623,,,,,,,,,,,,,,,,,53.5876710280112,1.2205,48,13,332,180,128,52,29.310139,0,ok,logs/seed_596187.log
217004,irt_only,GHEFT,0,0.0,0,0,1,0.4662,0.3281,0.7943,,,,,,,,,,,,,,,,,70.47487823129254,1.6316,53,12,317,152,112,40,29.451081,0,ok,logs/seed_217004.log
306928,irt_only,GHEFT,0,0.0,0,0,1,0.4015,0.2164,0.6179,,,,,,,,,,,,,,,,,47.69735018330309,1.482,52,11,335,168,126,42,34.567042,0,ok,logs/seed_306928.log
699954,irt_only,GHEFT,0,0.0,0,0,1,0.4653,0.2223,0.6876,,,,,,,,,,,,,,,,,56.05139563437927,1.4124,37,9,286,139,111,28,34.454727,0,ok,logs/seed_699954.log
915360,irt_only,GHEFT,0,0.0,0,0,1,0.4388,0.2637,0.7025,,,,,,,,,,,,,,,,,54.33889907330237,1.5432,46,11,326,168,125,43,37.53299,0,ok,logs/seed_915360.log
401920,irt_only,GHEFT,0,0.0,0,0,1,0.4319,0.286,0.7179,,,,,,,,,,,,,,,,,44.599173529411765,1.4964,49,13,310,140,88,52,24.631597,0,ok,logs/seed_401920.log
590032,irt_only,GHEFT,0,0.0,0,0,1,0.4383,0.2951,0.7334,,,,,,,,,,,,,,,,,50.35530524534686,1.2959,49,13,342,186,141,45,34.342992,0,ok,logs/seed_590032.log
592350,irt_only,GHEFT,0,0.0,0,0,1,0.5265,0.311,0.8375,,,,,,,,,,,,,,,,,43.775307673568825,1.3274,49,12,329,182,135,47,32.964941,0,ok,logs/seed_592350.log
356544,irt_only,GHEFT,0,0.0,0,0,1,0.4301,0.2601,0.6902,,,,,,,,,,,,,,,,,58.7861040288635,1.1437,44,11,300,167,127,40,32.822278,0,ok,logs/seed_356544.log
882358,irt_only,GHEFT,0,0.0,0,0,1,0.4349,0.2684,0.7033,,,,,,,,,,,,,,,,,53.37478150289017,1.2393,58,13,319,169,124,45,32.503815,0,ok,logs/seed_882358.log
659606,irt_only,GHEFT,0,0.0,0,0,1,0.3962,0.2915,0.6877,,,,,,,,,,,,,,,,,57.24641678154817,1.2747,49,11,312,170,124,46,26.146782,0,ok,logs/seed_659606.log
136181,irt_only,GHEFT,0,0.0,0,0,1,0.4422,0.2238,0.666,,,,,,,,,,,,,,,,,49.521161240963856,1.269,46,9,312,138,109,29,32.229246,0,ok,logs/seed_136181.log
695310,irt_only,GHEFT,0,0.0,0,0,1,0.3677,0.1999,0.5676,,,,,,,,,,,,,,,,,73.30483684661526,1.3476,51,12,311,180,145,35,30.365712,0,ok,logs/seed_695310.log
313264,irt_only,GHEFT,0,0.0,0,0,1,0.4489,0.2244,0.6733,,,,,,,,,,,,,,,,,38.8360460852965,1.2706,46,10,304,133,94,39,29.020975,0,ok,logs/seed_313264.log
622633,irt_only,GHEFT,0,0.0,0,0,1,0.4342,0.3089,0.7431,,,,,,,,,,,,,,,,,68.9164620689655,1.5208,41,9,308,155,118,37,35.209484,0,ok,logs/seed_622633.log
153151,irt_only,GHEFT,0,0.0,0,0,1,0.3885,0.2109,0.5994,,,,,,,,,,,,,,,,,60.40814117647058,1.6765,43,11,326,155,114,41,36.210189,0,ok,logs/seed_153151.log
252872,irt_only,GHEFT,0,0.0,0,0,1,0.4981,0.2726,0.7707,,,,,,,,,,,,,,,,,43.43936693679092,1.2111,55,12,313,175,117,58,30.294972,0,ok,logs/seed_252872.log
886011,irt_only,GHEFT,0,0.0,0,0,1,0.4153,0.2825,0.6978,,,,,,,,,,,,,,,,,51.87689266123054,1.2653,49,12,315,176,137,39,28.746829,0,ok,logs/seed_886011.log
88875,irt_only,GHEFT,0,0.0,0,0,1,0.3918,0.253,0.6448,,,,,,,,,,,,,,,,,68.65849772131146,1.3393,40,9,279,146,97,49,25.235501,0,ok,logs/seed_88875.log
911968,irt_only,GHEFT,0,0.0,0,0,1,0.4337,0.3279,0.7616,,,,,,,,,,,,,,,,,47.098749051667774,1.5904,43,10,315,165,115,50,24.547368,0,ok,logs/seed_911968.log
334656,irt_only,GHEFT,0,0.0,0,0,1,0.4268,0.2879,0.7147,,,,,,,,,,,,,,,,,49.76976259904913,1.2231,50,11,305,133,101,32,29.322094,0,ok,logs/seed_334656.log
245478,irt_only,GHEFT,0,0.0,0,0,1,0.4361,0.2587,0.6948,,,,,,,,,,,,,,,,,49.9047542997543,1.2364,51,12,324,176,133,43,33.878537,0,ok,logs/seed_245478.log
614692,irt_only,GHEFT,0,0.0,0,0,1,0.455,0.2884,0.7434,,,,,,,,,,,,,,,,,55.803531249999985,1.2115,56,13,331,186,140,46,41.841989,0,ok,logs/seed_614692.log
583839,irt_only,GHEFT,0,0.0,0,0,1,0.4078,0.2354,0.6432,,,,,,,,,,,,,,,,,53.12739164086687,1.4215,59,12,324,168,110,58,30.725127,0,ok,logs/seed_583839.log
899827,irt_only,GHEFT,0,0.0,0,0,1,0.4737,0.247,0.7207,,,,,,,,,,,,,,,,,48.85970258856235,1.5981,50,12,319,161,125,36,35.924689,0,ok,logs/seed_899827.log
759818,irt_only,GHEFT,0,0.0,0,0,1,0.4057,0.267,0.6727,,,,,,,,,,,,,,,,,51.7028890866426,1.2735,45,11,299,146,125,21,32.693833,0,ok,logs/seed_759818.log
536406,irt_only,GHEFT,0,0.0,0,0,1,0.4435,0.3126,0.7561,,,,,,,,,,,,,,,,,48.830042047532004,1.2941,44,11,318,168,118,50,29.352338,0,ok,logs/seed_536406.log
875025,irt_only,GHEFT,0,0.0,0,0,1,0.4352,0.2882,0.7234,,,,,,,,,,,,,,,,,48.55284769874477,1.1169,51,12,306,162,120,42,22.848899,0,ok,logs/seed_875025.log
235459,irt_only,GHEFT,0,0.0,0,0,1,0.4596,0.2707,0.7303,,,,,,,,,,,,,,,,,56.41098728652751,1.1955,47,11,314,158,130,28,30.735418,0,ok,logs/seed_235459.log
737985,irt_only,GHEFT,0,0.0,0,0,1,0.4063,0.2241,0.6304,,,,,,,,,,,,,,,,,56.92097572078908,1.1653,48,13,325,185,117,68,34.108007,0,ok,logs/seed_737985.log
833397,irt_only,GHEFT,0,0.0,0,0,1,0.4229,0.2582,0.6811,,,,,,,,,,,,,,,,,52.43411473094867,1.6251,41,9,286,136,110,26,28.652141,0,ok,logs/seed_833397.log
722013,irt_only,GHEFT,0,0.0,0,0,1,0.4482,0.2698,0.718,,,,,,,,,,,,,,,,,58.4021408528198,1.521,43,11,289,149,117,32,26.38163,0,ok,logs/seed_722013.log
519052,irt_only,GHEFT,0,0.0,0,0,1,0.4956,0.2381,0.7337,,,,,,,,,,,,,,,,,42.82949277101968,1.2873,42,11,278,150,113,37,28.3598,0,ok,logs/seed_519052.log
953927,irt_only,GHEFT,0,0.0,0,0,1,0.4388,0.2361,0.6749,,,,,,,,,,,,,,,,,49.775133830381115,1.3532,47,12,299,147,123,24,28.197911,0,ok,logs/seed_953927.log
792837,irt_only,GHEFT,0,0.0,0,0,1,0.4005,0.2576,0.6581,,,,,,,,,,,,,,,,,61.93629230769231,1.271,48,11,302,148,116,32,29.520772,0,ok,logs/seed_792837.log
271444,irt_only,GHEFT,0,0.0,0,0,1,0.4915,0.2619,0.7534,,,,,,,,,,,,,,,,,47.164921212121214,1.4385,49,10,320,146,107,39,33.469846,0,ok,logs/seed_271444.log
747106,irt_only,GHEFT,0,0.0,0,0,1,0.4559,0.2781,0.734,,,,,,,,,,,,,,,,,62.61533636363635,1.5383,57,12,336,170,129,41,38.084569,0,ok,logs/seed_747106.log
509003,irt_only,GHEFT,0,0.0,0,0,1,0.4235,0.257,0.6805,,,,,,,,,,,,,,,,,47.58301499176955,1.441,44,10,323,145,106,39,32.221343,0,ok,logs/seed_509003.log
41751,irt_only,GHEFT,0,0.0,0,0,1,0.5151,0.3352,0.8503,,,,,,,,,,,,,,,,,43.06628518518517,1.3257,43,11,303,164,127,37,28.20865,0,ok,logs/seed_41751.log
346747,irt_only,GHEFT,0,0.0,0,0,1,0.5417,0.3447,0.8864,,,,,,,,,,,,,,,,,47.53657810094097,1.3682,54,12,320,167,128,39,31.68068,0,ok,logs/seed_346747.log
147208,irt_only,GHEFT,0,0.0,0,0,1,0.4672,0.2651,0.7323,,,,,,,,,,,,,,,,,40.63686857962698,1.1532,41,11,328,151,110,41,34.981476,0,ok,logs/seed_147208.log
810767,irt_only,GHEFT,0,0.0,0,0,1,0.4624,0.2472,0.7096,,,,,,,,,,,,,,,,,43.64068061420345,1.3146,38,8,304,126,93,33,25.516885,0,ok,logs/seed_810767.log
475154,irt_only,GHEFT,0,0.0,0,0,1,0.5,0.2875,0.7875,,,,,,,,,,,,,,,,,49.31551111111111,1.2993,44,12,332,176,118,58,29.277209,0,ok,logs/seed_475154.log
444114,irt_only,GHEFT,0,0.0,0,0,1,0.458,0.3223,0.7803,,,,,,,,,,,,,,,,,47.83552554923717,1.2382,48,12,311,156,128,28,33.764447,0,ok,logs/seed_444114.log
21690,irt_only,GHEFT,0,0.0,0,0,1,0.4519,0.2428,0.6947,,,,,,,,,,,,,,,,,48.02834242637956,1.0739,40,10,297,128,98,30,25.163086,0,ok,logs/seed_21690.log
904712,irt_only,GHEFT,0,0.0,0,0,1,0.463,0.3181,0.7811,,,,,,,,,,,,,,,,,48.146772359843546,1.4679,46,8,315,151,117,34,30.707883,0,ok,logs/seed_904712.log
724949,irt_only,GHEFT,0,0.0,0,0,1,0.4374,0.2488,0.6862,,,,,,,,,,,,,,,,,51.63490645905708,1.1995,45,14,327,193,154,39,32.512308,0,ok,logs/seed_724949.log
104040,irt_only,GHEFT,0,0.0,0,0,1,0.3995,0.3073,0.7068,,,,,,,,,,,,,,,,,48.409978519163765,1.3931,46,13,306,166,113,53,33.739358,0,ok,logs/seed_104040.log
468918,irt_only,GHEFT,0,0.0,0,0,1,0.4823,0.3665,0.8488,,,,,,,,,,,,,,,,,55.10072828096118,1.2249,40,9,294,139,114,25,41.915874,0,ok,logs/seed_468918.log
47836,irt_only,GHEFT,0,0.0,0,0,1,0.4457,0.2362,0.6819,,,,,,,,,,,,,,,,,49.153347498528554,1.4176,52,13,311,172,113,59,42.856347,0,ok,logs/seed_47836.log
441476,irt_only,GHEFT,0,0.0,0,0,1,0.4062,0.2462,0.6524,,,,,,,,,,,,,,,,,50.62632168674699,1.5228,48,13,313,168,121,47,40.409805,0,ok,logs/seed_441476.log
551870,irt_only,GHEFT,0,0.0,0,0,1,0.4448,0.2795,0.7243,,,,,,,,,,,,,,,,,54.67522776334872,1.4586,52,13,310,189,131,58,39.855511,0,ok,logs/seed_551870.log
570939,irt_only,GHEFT,0,0.0,0,0,1,0.4942,0.2763,0.7705,,,,,,,,,,,,,,,,,48.559231268436584,1.1938,54,12,331,173,134,39,35.473818,0,ok,logs/seed_570939.log
110385,irt_only,GHEFT,0,0.0,0,0,1,0.4342,0.2913,0.7255,,,,,,,,,,,,,,,,,49.52973327232537,1.2652,53,12,346,187,137,50,39.370435,0,ok,logs/seed_110385.log
465624,irt_only,GHEFT,0,0.0,0,0,1,0.3919,0.2119,0.6038,,,,,,,,,,,,,,,,,60.72417226277371,2.0685,40,9,290,155,98,57,23.407543,0,ok,logs/seed_465624.log
785434,irt_only,GHEFT,0,0.0,0,0,1,0.4361,0.2356,0.6717,,,,,,,,,,,,,,,,,45.5434425430267,1.1822,46,11,310,133,106,27,33.084605,0,ok,logs/seed_785434.log
274202,irt_only,GHEFT,0,0.0,0,0,1,0.4292,0.2632,0.6924,,,,,,,,,,,,,,,,,61.227351124903024,1.534,57,13,325,170,128,42,33.740937,0,ok,logs/seed_274202.log
384098,irt_only,GHEFT,0,0.0,0,0,1,0.4316,0.3042,0.7358,,,,,,,,,,,,,,,,,49.959229139072846,1.3613,43,11,303,160,114,46,30.711383,0,ok,logs/seed_384098.log
260865,irt_only,GHEFT,0,0.0,0,0,1,0.5158,0.3945,0.9103,,,,,,,,,,,,,,,,,47.23591416270568,1.3355,44,9,316,160,120,40,28.869264,0,ok,logs/seed_260865.log
857320,irt_only,GHEFT,0,0.0,0,0,1,0.4842,0.2613,0.7455,,,,,,,,,,,,,,,,,50.057510339384365,1.6082,50,11,301,139,98,41,80.642934,0,ok,logs/seed_857320.log
307981,irt_only,GHEFT,0,0.0,0,0,1,0.4508,0.2729,0.7237,,,,,,,,,,,,,,,,,47.553180487179475,1.2671,59,13,336,169,114,55,77.522292,0,ok,logs/seed_307981.log
977105,irt_only,GHEFT,0,0.0,0,0,1,0.4477,0.3481,0.7958,,,,,,,,,,,,,,,,,53.14469552238806,1.4678,48,8,310,155,120,35,86.080461,0,ok,logs/seed_977105.log
795094,irt_only,GHEFT,0,0.0,0,0,1,0.3783,0.2377,0.616,,,,,,,,,,,,,,,,,51.58109999999999,1.3731,45,10,318,160,115,45,84.986854,0,ok,logs/seed_795094.log
598248,irt_only,GHEFT,0,0.0,0,0,1,0.4294,0.245,0.6744,,,,,,,,,,,,,,,,,51.89375007898896,1.13,40,10,299,146,121,25,46.550315,0,ok,logs/seed_598248.log
617822,irt_only,GHEFT,0,0.0,0,0,1,0.3425,0.2247,0.5672,,,,,,,,,,,,,,,,,53.53057173620457,1.5728,41,10,314,168,133,35,50.195622,0,ok,logs/seed_617822.log
530710,irt_only,GHEFT,0,0.0,0,0,1,0.4029,0.2868,0.6897,,,,,,,,,,,,,,,,,54.505966666666666,1.1392,48,11,333,164,136,28,33.362872,0,ok,logs/seed_530710.log
181371,irt_only,GHEFT,0,0.0,0,0,1,0.4353,0.2303,0.6656,,,,,,,,,,,,,,,,,58.27178194297783,1.5346,43,10,321,130,104,26,27.511926,0,ok,logs/seed_181371.log
239698,irt_only,GHEFT,0,0.0,0,0,1,0.4383,0.2436,0.6819,,,,,,,,,,,,,,,,,68.03462280030605,1.6281,45,9,334,142,114,28,33.95811,0,ok,logs/seed_239698.log
945780,irt_only,GHEFT,0,0.0,0,0,1,0.4465,0.3355,0.782,,,,,,,,,,,,,,,,,53.749281882352946,1.2847,40,10,305,139,105,34,23.307507,0,ok,logs/seed_945780.log
454302,irt_only,GHEFT,0,0.0,0,0,1,0.4761,0.3499,0.826,,,,,,,,,,,,,,,,,43.492393271056656,1.2725,40,9,310,137,102,35,32.870104,0,ok,logs/seed_454302.log
687120,irt_only,GHEFT,0,0.0,0,0,1,0.4083,0.2437,0.652,,,,,,,,,,,,,,,,,53.76114793390766,1.4625,46,12,296,155,111,44,35.168608,0,ok,logs/seed_687120.log
911463,irt_only,GHEFT,0,0.0,0,0,1,0.4514,0.2435,0.6949,,,,,,,,,,,,,,,,,59.726196321998614,1.5894,48,12,312,191,142,49,174.741492,0,ok,logs/seed_911463.log
979494,irt_only,GHEFT,0,0.0,0,0,1,0.4551,0.3012,0.7563,,,,,,,,,,,,,,,,,53.3216,1.4647,48,11,327,153,123,30,20.0129,0,ok,logs/seed_979494.log
840574,irt_only,GHEFT,0,0.0,0,0,1,0.4277,0.3036,0.7313,,,,,,,,,,,,,,,,,52.194849233252626,1.2649,47,10,314,155,123,32,21.719426,0,ok,logs/seed_840574.log
877832,irt_only,GHEFT,0,0.0,0,0,1,0.4739,0.3246,0.7985,,,,,,,,,,,,,,,,,54.86351052380952,1.36,50,11,312,148,110,38,24.38646,0,ok,logs/seed_877832.log
845918,irt_only,GHEFT,0,0.0,0,0,1,0.5078,0.2973,0.8051,,,,,,,,,,,,,,,,,45.233205143721634,1.2323,47,12,309,157,122,35,26.185532,0,ok,logs/seed_845918.log
336942,irt_only,GHEFT,0,0.0,0,0,1,0.4701,0.3089,0.779,,,,,,,,,,,,,,,,,56.69851537962363,1.7028,58,13,339,187,139,48,28.268318,0,ok,logs/seed_336942.log
100720,irt_only,GHEFT,0,0.0,0,0,1,0.4036,0.2443,0.6479,,,,,,,,,,,,,,,,,58.58222827272728,1.3759,46,11,311,180,140,40,24.802844,0,ok,logs/seed_100720.log
200909,irt_only,GHEFT,0,0.0,0,0,1,0.4771,0.3088,0.7859,,,,,,,,,,,,,,,,,43.8669947007874,1.4063,49,11,319,177,125,52,17.827198,0,ok,logs/seed_200909.log
442852,irt_only,GHEFT,0,0.0,0,0,1,0.4561,0.2505,0.7066,,,,,,,,,,,,,,,,,46.66561829921903,1.4643,43,9,309,146,113,33,21.213853,0,ok,logs/seed_442852.log
841786,irt_only,GHEFT,0,0.0,0,0,1,0.4424,0.296,0.7384,,,,,,,,,,,,,,,,,44.48866433121019,1.3749,54,11,341,194,135,59,25.536998,0,ok,logs/seed_841786.log
966897,irt_only,GHEFT,0,0.0,0,0,1,0.4444,0.2871,0.7315,,,,,,,,,,,,,,,,,48.612086659452586,1.2576,56,11,308,176,150,26,21.172176,0,ok,logs/seed_966897.log
669763,irt_only,GHEFT,0,0.0,0,0,1,0.4445,0.287,0.7315,,,,,,,,,,,,,,,,,54.41676880775594,1.4109,50,12,322,173,123,50,30.809542,0,ok,logs/seed_669763.log
920861,irt_only,GHEFT,0,0.0,0,0,1,0.4411,0.2758,0.7169,,,,,,,,,,,,,,,,,46.932953471196456,1.3083,48,12,304,151,124,27,21.019943,0,ok,logs/seed_920861.log
584307,irt_only,GHEFT,0,0.0,0,0,1,0.4022,0.3212,0.7234,,,,,,,,,,,,,,,,,55.041809329940634,1.6392,51,12,343,184,132,52,20.574128,0,ok,logs/seed_584307.log
747314,irt_only,GHEFT,0,0.0,0,0,1,0.4204,0.285,0.7054,,,,,,,,,,,,,,,,,53.67341406913281,1.4218,51,11,326,136,100,36,23.11205,0,ok,logs/seed_747314.log
197715,irt_only,GHEFT,0,0.0,0,0,1,0.4354,0.2872,0.7226,,,,,,,,,,,,,,,,,48.91110080256822,1.2724,44,8,324,151,118,33,18.941541,0,ok,logs/seed_197715.log
891603,irt_only,GHEFT,0,0.0,0,0,1,0.4109,0.2475,0.6584,,,,,,,,,,,,,,,,,58.77168095238094,1.8712,51,12,319,173,135,38,22.641488,0,ok,logs/seed_891603.log
811812,irt_only,GHEFT,0,0.0,0,0,1,0.4397,0.2688,0.7085,,,,,,,,,,,,,,,,,61.93516311787074,1.4076,52,12,330,189,145,44,26.814325,0,ok,logs/seed_811812.log
920333,irt_only,GHEFT,0,0.0,0,0,1,0.4173,0.2825,0.6998,,,,,,,,,,,,,,,,,62.13756253670087,1.2389,45,11,309,173,122,51,19.438896,0,ok,logs/seed_920333.log
824191,irt_only,GHEFT,0,0.0,0,0,1,0.4496,0.3119,0.7615,,,,,,,,,,,,,,,,,54.07964400136331,1.335,42,11,316,157,104,53,20.860922,0,ok,logs/seed_824191.log
674701,irt_only,GHEFT,0,0.0,0,0,1,0.3846,0.2625,0.6471,,,,,,,,,,,,,,,,,59.52274251967436,1.303,47,10,312,154,112,42,21.062699,0,ok,logs/seed_674701.log
738670,irt_only,GHEFT,0,0.0,0,0,1,0.4712,0.2631,0.7343,,,,,,,,,,,,,,,,,51.963508196721314,1.4401,46,14,323,172,134,38,21.676356,0,ok,logs/seed_738670.log
85247,irt_only,GHEFT,0,0.0,0,0,1,0.4022,0.2417,0.6439,,,,,,,,,,,,,,,,,60.178735802469134,1.3948,41,10,301,163,111,52,23.047009,0,ok,logs/seed_85247.log
857484,irt_only,GHEFT,0,0.0,0,0,1,0.3846,0.245,0.6296,,,,,,,,,,,,,,,,,49.50976275017349,1.1514,48,11,327,135,97,38,21.610229,0,ok,logs/seed_857484.log
223082,irt_only,GHEFT,0,0.0,0,0,1,0.4048,0.2633,0.6681,,,,,,,,,,,,,,,,,52.13267820163489,1.4285,45,10,326,173,125,48,20.005209,0,ok,logs/seed_223082.log
481168,irt_only,GHEFT,0,0.0,0,0,1,0.483,0.3845,0.8675,,,,,,,,,,,,,,,,,50.206479536679545,1.4189,47,10,327,149,119,30,21.588455,0,ok,logs/seed_481168.log
435943,irt_only,GHEFT,0,0.0,0,0,1,0.3978,0.281,0.6788,,,,,,,,,,,,,,,,,63.10054006116208,1.3076,64,13,332,192,126,66,24.75909,0,ok,logs/seed_435943.log
502778,irt_only,GHEFT,0,0.0,0,0,1,0.4464,0.3106,0.757,,,,,,,,,,,,,,,,,57.81901909275559,1.2843,47,12,292,146,106,40,15.660339,0,ok,logs/seed_502778.log
324171,irt_only,GHEFT,0,0.0,0,0,1,0.3829,0.2373,0.6202,,,,,,,,,,,,,,,,,52.581502575107294,1.2538,52,11,313,152,132,20,21.09711,0,ok,logs/seed_324171.log
339100,irt_only,GHEFT,0,0.0,0,0,1,0.381,0.2041,0.5851,,,,,,,,,,,,,,,,,50.92844444444443,1.0954,42,11,311,174,144,30,22.499965,0,ok,logs/seed_339100.log
33498,irt_only,GHEFT,0,0.0,0,0,1,0.5387,0.3116,0.8503,,,,,,,,,,,,,,,,,43.98787747058823,1.0875,49,11,315,178,146,32,22.389944,0,ok,logs/seed_33498.log
658947,irt_only,GHEFT,0,0.0,0,0,1,0.4534,0.2758,0.7292,,,,,,,,,,,,,,,,,51.33299696969698,1.2715,41,11,312,152,122,30,29.525342,0,ok,logs/seed_658947.log
14026,irt_only,GHEFT,0,0.0,0,0,1,0.4356,0.2478,0.6834,,,,,,,,,,,,,,,,,61.80293540197463,1.8105,49,11,296,161,123,38,22.938615,0,ok,logs/seed_14026.log
368769,irt_only,GHEFT,0,0.0,0,0,1,0.4576,0.3618,0.8194,,,,,,,,,,,,,,,,,46.11628461538462,1.1877,52,12,324,153,116,37,22.842754,0,ok,logs/seed_368769.log
863024,irt_only,GHEFT,0,0.0,0,0,1,0.4553,0.3207,0.776,,,,,,,,,,,,,,,,,56.136005504587146,1.2723,49,14,312,166,122,44,22.083676,0,ok,logs/seed_863024.log
343909,irt_only,GHEFT,0,0.0,0,0,1,0.456,0.2736,0.7296,,,,,,,,,,,,,,,,,42.076412614730884,1.3132,54,12,315,163,106,57,20.90308,0,ok,logs/seed_343909.log
333507,irt_only,GHEFT,0,0.0,0,0,1,0.4305,0.3238,0.7543,,,,,,,,,,,,,,,,,50.0420199526665,1.2185,56,11,301,164,112,52,21.376413,0,ok,logs/seed_333507.log
661131,irt_only,GHEFT,0,0.0,0,0,1,0.4704,0.2964,0.7668,,,,,,,,,,,,,,,,,48.20743696651345,1.2564,45,9,321,158,119,39,25.870994,0,ok,logs/seed_661131.log
957275,irt_only,GHEFT,0,0.0,0,0,1,0.4764,0.3281,0.8045,,,,,,,,,,,,,,,,,45.64783123255814,1.1339,43,10,318,156,105,51,21.230563,0,ok,logs/seed_957275.log
999032,irt_only,GHEFT,0,0.0,0,0,1,0.4693,0.2759,0.7452,,,,,,,,,,,,,,,,,45.111062515566616,1.0753,48,11,316,148,120,28,22.341818,0,ok,logs/seed_999032.log
106107,irt_only,GHEFT,0,0.0,0,0,1,0.4747,0.2714,0.7461,,,,,,,,,,,,,,,,,63.17919697885196,1.7845,43,12,295,170,130,40,19.721697,0,ok,logs/seed_106107.log
892937,irt_only,GHEFT,0,0.0,0,0,1,0.4107,0.2601,0.6708,,,,,,,,,,,,,,,,,52.667454042121705,1.1613,43,10,281,141,115,26,20.220535,0,ok,logs/seed_892937.log
500359,irt_only,GHEFT,0,0.0,0,0,1,0.4465,0.3041,0.7506,,,,,,,,,,,,,,,,,45.77175592203899,1.2062,54,13,319,174,127,47,22.876974,0,ok,logs/seed_500359.log
709021,irt_only,GHEFT,0,0.0,0,0,1,0.4079,0.2683,0.6762,,,,,,,,,,,,,,,,,68.82902307692308,1.676,48,10,318,164,124,40,20.880722,0,ok,logs/seed_709021.log
616809,irt_only,GHEFT,0,0.0,0,0,1,0.4475,0.2354,0.6829,,,,,,,,,,,,,,,,,45.038331858407076,1.3899,53,12,323,167,128,39,28.02481,0,ok,logs/seed_616809.log
964750,irt_only,GHEFT,0,0.0,0,0,1,0.417,0.2433,0.6603,,,,,,,,,,,,,,,,,48.74839446589446,1.2698,53,13,334,192,123,69,19.896285,0,ok,logs/seed_964750.log
347599,irt_only,GHEFT,0,0.0,0,0,1,0.4358,0.2473,0.6831,,,,,,,,,,,,,,,,,48.88188476821193,1.3111,48,14,302,179,133,46,17.618945,0,ok,logs/seed_347599.log
561541,irt_only,GHEFT,0,0.0,0,0,1,0.4542,0.2651,0.7193,,,,,,,,,,,,,,,,,57.84686838487973,1.6448,39,9,279,141,105,36,17.601341,0,ok,logs/seed_561541.log
35471,irt_only,GHEFT,0,0.0,0,0,1,0.4484,0.2504,0.6988,,,,,,,,,,,,,,,,,55.731001526717556,1.3834,52,11,334,173,121,52,23.283919,0,ok,logs/seed_35471.log
530889,irt_only,GHEFT,0,0.0,0,0,1,0.4323,0.2443,0.6766,,,,,,,,,,,,,,,,,50.69864373984579,1.1287,50,12,336,168,119,49,24.354784,0,ok,logs/seed_530889.log
435171,irt_only,GHEFT,0,0.0,0,0,1,0.3798,0.303,0.6828,,,,,,,,,,,,,,,,,42.989856139652915,1.0602,40,9,287,129,102,27,22.308575,0,ok,logs/seed_435171.log
857091,irt_only,GHEFT,0,0.0,0,0,1,0.432,0.2809,0.7129,,,,,,,,,,,,,,,,,45.60083344208808,1.216,43,12,305,156,107,49,20.167164,0,ok,logs/seed_857091.log
266083,irt_only,GHEFT,0,0.0,0,0,1,0.421,0.2999,0.7209,,,,,,,,,,,,,,,,,42.54718781362006,1.2761,46,10,324,142,109,33,20.67153,0,ok,logs/seed_266083.log
843150,irt_only,GHEFT,0,0.0,0,0,1,0.4525,0.3452,0.7977,,,,,,,,,,,,,,,,,43.84837942211734,1.0583,43,10,300,156,114,42,17.270665,0,ok,logs/seed_843150.log
323855,irt_only,GHEFT,0,0.0,0,0,1,0.4389,0.3407,0.7796,,,,,,,,,,,,,,,,,58.89290199004975,1.5131,50,10,328,153,129,24,23.66918,0,ok,logs/seed_323855.log
759997,irt_only,GHEFT,0,0.0,0,0,1,0.4167,0.3394,0.7561,,,,,,,,,,,,,,,,,59.67327153558052,1.4966,52,11,319,179,124,55,19.613646,0,ok,logs/seed_759997.log
233845,irt_only,GHEFT,0,0.0,0,0,1,0.4388,0.2771,0.7159,,,,,,,,,,,,,,,,,52.726351627174814,1.1078,46,13,327,178,128,50,19.619158,0,ok,logs/seed_233845.log
397130,irt_only,GHEFT,0,0.0,0,0,1,0.4716,0.3387,0.8103,,,,,,,,,,,,,,,,,50.946219915119364,1.2725,43,10,291,138,115,23,23.009961,0,ok,logs/seed_397130.log
683545,irt_only,GHEFT,0,0.0,0,0,1,0.4342,0.3156,0.7498,,,,,,,,,,,,,,,,,58.882211077519386,1.6691,43,10,318,159,125,34,25.4246,0,ok,logs/seed_683545.log
265770,irt_only,GHEFT,0,0.0,0,0,1,0.4867,0.2502,0.7369,,,,,,,,,,,,,,,,,57.887712860310415,1.4664,44,11,304,146,107,39,19.576155,0,ok,logs/seed_265770.log
820890,irt_only,GHEFT,0,0.0,0,0,1,0.4335,0.3105,0.744,,,,,,,,,,,,,,,,,47.64565496283471,1.4656,40,9,306,140,118,22,17.298601,0,ok,logs/seed_820890.log
878022,irt_only,GHEFT,0,0.0,0,0,1,0.3868,0.2954,0.6822,,,,,,,,,,,,,,,,,55.551557934990456,1.3511,39,12,305,177,125,52,22.424543,0,ok,logs/seed_878022.log
160041,irt_only,GHEFT,0,0.0,0,0,1,0.5004,0.3436,0.844,,,,,,,,,,,,,,,,,49.40976448598131,1.262,43,10,330,147,120,27,23.902424,0,ok,logs/seed_160041.log
904461,irt_only,GHEFT,0,0.0,0,0,1,0.4923,0.3453,0.8376,,,,,,,,,,,,,,,,,53.36955484949833,1.3332,50,14,314,198,144,54,20.898447,0,ok,logs/seed_904461.log
641339,irt_only,GHEFT,0,0.0,0,0,1,0.5029,0.3965,0.8994,,,,,,,,,,,,,,,,,52.47020798403196,1.1014,48,11,329,166,130,36,18.907325,0,ok,logs/seed_641339.log
980412,irt_only,GHEFT,0,0.0,0,0,1,0.4683,0.2632,0.7315,,,,,,,,,,,,,,,,,53.1385,1.463,44,11,291,144,108,36,20.013879,0,ok,logs/seed_980412.log
509693,irt_only,GHEFT,0,0.0,0,0,1,0.4605,0.2768,0.7373,,,,,,,,,,,,,,,,,85.2804166666667,2.0546,35,10,294,147,119,28,19.780651,0,ok,logs/seed_509693.log
89260,irt_only,GHEFT,0,0.0,0,0,1,0.4583,0.3298,0.7881,,,,,,,,,,,,,,,,,52.74921780821917,1.4589,46,11,322,161,122,39,21.973473,0,ok,logs/seed_89260.log
49537,irt_only,GHEFT,0,0.0,0,0,1,0.4748,0.3172,0.792,,,,,,,,,,,,,,,,,46.291276033025106,1.5858,48,10,327,167,127,40,19.069606,0,ok,logs/seed_49537.log
632773,irt_only,GHEFT,0,0.0,0,0,1,0.4606,0.2652,0.7258,,,,,,,,,,,,,,,,,47.15325645933014,1.298,41,12,287,137,108,29,19.453958,0,ok,logs/seed_632773.log
806015,irt_only,GHEFT,0,0.0,0,0,1,0.4647,0.2622,0.7269,,,,,,,,,,,,,,,,,49.90496538461538,1.3582,51,11,331,167,134,33,21.442215,0,ok,logs/seed_806015.log
77261,irt_only,GHEFT,0,0.0,0,0,1,0.424,0.2636,0.6876,,,,,,,,,,,,,,,,,44.322260523809526,1.2641,49,13,307,178,119,59,17.397344,0,ok,logs/seed_77261.log
928757,irt_only,GHEFT,0,0.0,0,0,1,0.4737,0.2801,0.7538,,,,,,,,,,,,,,,,,51.33190506512301,1.2335,45,12,318,179,136,43,18.660684,0,ok,logs/seed_928757.log
101503,irt_only,GHEFT,0,0.0,0,0,1,0.4694,0.3367,0.8061,,,,,,,,,,,,,,,,,47.23361245510836,1.2641,44,12,302,173,146,27,20.94792,0,ok,logs/seed_101503.log
771006,irt_only,GHEFT,0,0.0,0,0,1,0.514,0.2927,0.8067,,,,,,,,,,,,,,,,,47.09352629969419,1.2755,46,10,306,160,126,34,18.668568,0,ok,logs/seed_771006.log
980797,irt_only,GHEFT,0,0.0,0,0,1,0.4604,0.3611,0.8215,,,,,,,,,,,,,,,,,46.97571857838341,1.3345,43,13,287,166,127,39,20.258527,0,ok,logs/seed_980797.log
810307,irt_only,GHEFT,0,0.0,0,0,1,0.5104,0.3109,0.8213,,,,,,,,,,,,,,,,,47.363876016056516,1.5177,47,12,302,166,131,35,17.544179,0,ok,logs/seed_810307.log
601855,irt_only,GHEFT,0,0.0,0,0,1,0.4173,0.2431,0.6604,,,,,,,,,,,,,,,,,70.27409999999999,1.4375,47,11,293,188,130,58,17.193203,0,ok,logs/seed_601855.log
315131,irt_only,GHEFT,0,0.0,0,0,1,0.4039,0.2893,0.6932,,,,,,,,,,,,,,,,,57.81732073813706,1.2748,49,10,316,140,109,31,20.387513,0,ok,logs/seed_315131.log
857672,irt_only,GHEFT,0,0.0,0,0,1,0.4577,0.2616,0.7193,,,,,,,,,,,,,,,,,57.42103614457831,1.5235,44,12,315,159,124,35,14.669576,0,ok,logs/seed_857672.log
301408,irt_only,GHEFT,0,0.0,0,0,1,0.3828,0.2717,0.6545,,,,,,,,,,,,,,,,,46.26388830964466,1.195,48,12,300,157,100,57,12.708538,0,ok,logs/seed_301408.log
477074,irt_only,GHEFT,0,0.0,0,0,1,0.4268,0.2789,0.7057,,,,,,,,,,,,,,,,,43.386303826955086,1.1826,42,10,324,141,108,33,10.812261,0,ok,logs/seed_477074.log
856925,irt_only,GHEFT,0,0.0,0,0,1,0.4278,0.2646,0.6924,,,,,,,,,,,,,,,,,56.75985294117648,1.5129,46,11,287,143,106,37,7.526476,0,ok,logs/seed_856925.log
358293,irt_only,GHEFT,0,0.0,0,0,1,0.4045,0.2373,0.6418,,,,,,,,,,,,,,,,,52.37510168847353,1.4896,62,13,343,166,117,49,20.092511,0,ok,logs/seed_358293.log
419060,irt_only,GHEFT,0,0.0,0,0,1,0.4288,0.2603,0.6891,,,,,,,,,,,,,,,,,49.492598607888624,1.1611,45,10,295,165,120,45,12.759293,0,ok,logs/seed_419060.log
279827,irt_only,GHEFT,0,0.0,0,0,1,0.4244,0.2838,0.7082,,,,,,,,,,,,,,,,,46.543482021897816,1.1952,47,12,320,157,129,28,14.415409,0,ok,logs/seed_279827.log
492206,irt_only,GHEFT,0,0.0,0,0,1,0.4325,0.3217,0.7542,,,,,,,,,,,,,,,,,48.72239411764705,1.3954,49,12,301,164,124,40,14.774853,0,ok,logs/seed_492206.log
899477,irt_only,GHEFT,0,0.0,0,0,1,0.4736,0.2742,0.7478,,,,,,,,,,,,,,,,,48.88565231736057,1.6686,50,11,320,159,114,45,20.756019,0,ok,logs/seed_899477.log
598216,irt_only,GHEFT,0,0.0,0,0,1,0.4387,0.3371,0.7758,,,,,,,,,,,,,,,,,51.50898903071673,1.339,55,15,334,168,125,43,27.233258,0,ok,logs/seed_598216.log
792100,irt_only,GHEFT,0,0.0,0,0,1,0.4291,0.265,0.6941,,,,,,,,,,,,,,,,,44.6931074516129,1.1608,46,10,302,167,121,46,19.244249,0,ok,logs/seed_792100.log
600819,irt_only,GHEFT,0,0.0,0,0,1,0.5337,0.3258,0.8595,,,,,,,,,,,,,,,,,42.912834742331285,1.1114,52,13,322,174,143,31,22.538037,0,ok,logs/seed_600819.log
141930,irt_only,GHEFT,0,0.0,0,0,1,0.5033,0.2452,0.7485,,,,,,,,,,,,,,,,,56.39134561933535,1.0352,48,12,337,177,136,41,20.804582,0,ok,logs/seed_141930.log
92175,irt_only,GHEFT,0,0.0,0,0,1,0.4228,0.2348,0.6576,,,,,,,,,,,,,,,,,52.4949823899371,1.6881,48,11,309,161,133,28,17.514286,0,ok,logs/seed_92175.log
814416,irt_only,GHEFT,0,0.0,0,0,1,0.4179,0.2463,0.6642,,,,,,,,,,,,,,,,,57.161839318885434,1.0437,41,10,305,162,136,26,18.700839,0,ok,logs/seed_814416.log
219838,irt_only,GHEFT,0,0.0,0,0,1,0.4772,0.2846,0.7618,,,,,,,,,,,,,,,,,41.765197358943574,1.3243,47,12,313,138,104,34,17.770466,0,ok,logs/seed_219838.log
826599,irt_only,GHEFT,0,0.0,0,0,1,0.4732,0.2951,0.7683,,,,,,,,,,,,,,,,,55.083566979989335,1.5822,46,10,325,180,130,50,20.021879,0,ok,logs/seed_826599.log
872887,irt_only,GHEFT,0,0.0,0,0,1,0.421,0.2666,0.6876,,,,,,,,,,,,,,,,,54.40629305373525,1.2705,45,10,307,146,112,34,21.984536,0,ok,logs/seed_872887.log
9276,irt_only,GHEFT,0,0.0,0,0,1,0.431,0.2657,0.6967,,,,,,,,,,,,,,,,,46.03550303030303,1.332,47,10,305,149,103,46,22.897955,0,ok,logs/seed_9276.log
476843,irt_only,GHEFT,0,0.0,0,0,1,0.4034,0.2718,0.6752,,,,,,,,,,,,,,,,,54.34451197301854,1.1576,49,11,308,151,111,40,20.25905,0,ok,logs/seed_476843.log
669745,irt_only,GHEFT,0,0.0,0,0,1,0.4718,0.3253,0.7971,,,,,,,,,,,,,,,,,45.314397122302154,1.099,44,10,308,145,119,26,19.347424,0,ok,logs/seed_669745.log
348419,irt_only,GHEFT,0,0.0,0,0,1,0.4111,0.2864,0.6975,,,,,,,,,,,,,,,,,56.60757667386608,1.3939,45,10,321,170,131,39,15.133832,0,ok,logs/seed_348419.log
459262,irt_only,GHEFT,0,0.0,0,0,1,0.4168,0.2203,0.6371,,,,,,,,,,,,,,,,,60.43054545454546,1.405,55,13,331,179,134,45,13.098883,0,ok,logs/seed_459262.log
953735,irt_only,GHEFT,0,0.0,0,0,1,0.486,0.3267,0.8127,,,,,,,,,,,,,,,,,46.90332333311794,1.1321,42,10,328,138,106,32,13.277005,0,ok,logs/seed_953735.log
438523,irt_only,GHEFT,0,0.0,0,0,1,0.4441,0.2843,0.7284,,,,,,,,,,,,,,,,,44.06868467153285,1.1426,47,10,319,171,120,51,19.300599,0,ok,logs/seed_438523.log
671488,irt_only,GHEFT,0,0.0,0,0,1,0.511,0.3097,0.8207,,,,,,,,,,,,,,,,,41.07663681710214,1.1683,43,9,319,132,106,26,14.55034,0,ok,logs/seed_671488.log
959396,irt_only,GHEFT,0,0.0,0,0,1,0.4158,0.2578,0.6736,,,,,,,,,,,,,,,,,45.461385856502226,1.1769,54,12,333,176,133,43,20.366252,0,ok,logs/seed_959396.log
127531,irt_only,GHEFT,0,0.0,0,0,1,0.492,0.2837,0.7757,,,,,,,,,,,,,,,,,68.38453103448275,1.8091,46,11,307,146,115,31,18.617586,0,ok,logs/seed_127531.log
720158,irt_only,GHEFT,0,0.0,0,0,1,0.3994,0.211,0.6104,,,,,,,,,,,,,,,,,48.289081281191805,1.3461,48,10,301,158,123,35,17.746943,0,ok,logs/seed_720158.log
616958,irt_only,GHEFT,0,0.0,0,0,1,0.4708,0.2648,0.7356,,,,,,,,,,,,,,,,,48.64607755102041,1.1432,50,12,345,158,116,42,23.596094,0,ok,logs/seed_616958.log
767920,irt_only,GHEFT,0,0.0,0,0,1,0.4324,0.2418,0.6742,,,,,,,,,,,,,,,,,42.23993442136499,1.2061,44,11,311,162,133,29,17.484685,0,ok,logs/seed_767920.log
286030,irt_only,GHEFT,0,0.0,0,0,1,0.393,0.2686,0.6616,,,,,,,,,,,,,,,,,79.90681765601218,1.8942,55,13,324,171,124,47,17.096987,0,ok,logs/seed_286030.log
18671,irt_only,GHEFT,0,0.0,0,0,1,0.3654,0.2476,0.613,,,,,,,,,,,,,,,,,56.798122222222204,1.2981,46,11,315,153,127,26,19.30196,0,ok,logs/seed_18671.log
348701,irt_only,GHEFT,0,0.0,0,0,1,0.4021,0.2564,0.6585,,,,,,,,,,,,,,,,,50.9856106704438,1.0416,43,11,305,152,116,36,19.714349,0,ok,logs/seed_348701.log
630160,irt_only,GHEFT,0,0.0,0,0,1,0.4305,0.2592,0.6897,,,,,,,,,,,,,,,,,49.66125953930048,1.5032,53,12,339,175,108,67,18.946617,0,ok,logs/seed_630160.log
534421,irt_only,GHEFT,0,0.0,0,0,1,0.3776,0.2342,0.6118,,,,,,,,,,,,,,,,,50.02496835970025,1.4175,53,11,316,166,125,41,21.244002,0,ok,logs/seed_534421.log
550498,irt_only,GHEFT,0,0.0,0,0,1,0.4052,0.33,0.7352,,,,,,,,,,,,,,,,,53.8767,1.019,43,10,301,154,115,39,21.140044,0,ok,logs/seed_550498.log
440724,irt_only,GHEFT,0,0.0,0,0,1,0.4201,0.2465,0.6666,,,,,,,,,,,,,,,,,58.514994832041346,1.4658,48,10,311,170,135,35,19.355724,0,ok,logs/seed_440724.log
475946,irt_only,GHEFT,0,0.0,0,0,1,0.4417,0.3128,0.7545,,,,,,,,,,,,,,,,,58.631431282952555,1.4943,44,10,307,160,119,41,20.018695,0,ok,logs/seed_475946.log
522340,irt_only,GHEFT,0,0.0,0,0,1,0.5156,0.2851,0.8007,,,,,,,,,,,,,,,,,45.89026711409396,1.3555,49,12,330,144,114,30,21.630012,0,ok,logs/seed_522340.log
514258,irt_only,GHEFT,0,0.0,0,0,1,0.4144,0.3048,0.7192,,,,,,,,,,,,,,,,,53.31171595327103,1.0528,50,12,315,163,132,31,21.710598,0,ok,logs/seed_514258.log
222457,irt_only,GHEFT,0,0.0,0,0,1,0.436,0.3316,0.7676,,,,,,,,,,,,,,,,,50.17281926792963,1.3149,46,11,314,158,116,42,18.951074,0,ok,logs/seed_222457.log
769416,irt_only,GHEFT,0,0.0,0,0,1,0.4183,0.2738,0.6921,,,,,,,,,,,,,,,,,51.298503296964725,1.5379,41,11,272,133,109,24,13.752416,0,ok,logs/seed_769416.log
429996,irt_only,GHEFT,0,0.0,0,0,1,0.4088,0.2293,0.6381,,,,,,,,,,,,,,,,,66.17619759036144,1.5463,53,15,353,208,147,61,24.60396,0,ok,logs/seed_429996.log
657311,irt_only,GHEFT,0,0.0,0,0,1,0.3957,0.2515,0.6472,,,,,,,,,,,,,,,,,56.41010089955023,1.1735,48,11,303,143,108,35,19.32145,0,ok,logs/seed_657311.log
402349,irt_only,GHEFT,0,0.0,0,0,1,0.4615,0.2568,0.7183,,,,,,,,,,,,,,,,,44.998013422818794,1.1529,45,12,302,160,114,46,17.530353,0,ok,logs/seed_402349.log
434184,irt_only,GHEFT,0,0.0,0,0,1,0.457,0.2682,0.7252,,,,,,,,,,,,,,,,,45.51814646464647,1.1409,51,11,312,164,115,49,18.030287,0,ok,logs/seed_434184.log
786598,irt_only,GHEFT,0,0.0,0,0,1,0.4213,0.2173,0.6386,,,,,,,,,,,,,,,,,45.846464490861614,1.2421,51,12,327,157,107,50,19.235861,0,ok,logs/seed_786598.log
101351,irt_only,GHEFT,0,0.0,0,0,1,0.4585,0.2988,0.7573,,,,,,,,,,,,,,,,,53.641575363992175,1.6162,45,11,302,167,126,41,16.701728,0,ok,logs/seed_101351.log
155305,irt_only,GHEFT,0,0.0,0,0,1,0.4218,0.2762,0.698,,,,,,,,,,,,,,,,,44.117715901530275,1.2769,49,10,338,157,122,35,17.844609,0,ok,logs/seed_155305.log
218988,irt_only,GHEFT,0,0.0,0,0,1,0.4196,0.2952,0.7148,,,,,,,,,,,,,,,,,51.151138640150165,1.2672,41,11,317,179,133,46,19.20511,0,ok,logs/seed_218988.log
981581,irt_only,GHEFT,0,0.0,0,0,1,0.4187,0.2737,0.6924,,,,,,,,,,,,,,,,,45.726675487465194,1.1425,48,12,316,158,128,30,21.094899,0,ok,logs/seed_981581.log
495855,irt_only,GHEFT,0,0.0,0,0,1,0.4336,0.262,0.6956,,,,,,,,,,,,,,,,,53.814217381137965,1.502,49,13,313,187,131,56,16.469687,0,ok,logs/seed_495855.log
708196,irt_only,GHEFT,0,0.0,0,0,1,0.4353,0.3135,0.7488,,,,,,,,,,,,,,,,,67.4208703958692,1.3761,41,9,289,145,121,24,20.227098,0,ok,logs/seed_708196.log
700191,irt_only,GHEFT,0,0.0,0,0,1,0.4493,0.3698,0.8191,,,,,,,,,,,,,,,,,53.664085270170254,1.2844,45,11,317,142,107,35,17.829493,0,ok,logs/seed_700191.log
366645,irt_only,GHEFT,0,0.0,0,0,1,0.4181,0.2151,0.6332,,,,,,,,,,,,,,,,,64.04816688102892,1.1622,55,14,306,163,114,49,13.029468,0,ok,logs/seed_366645.log
664766,irt_only,GHEFT,0,0.0,0,0,1,0.4461,0.3073,0.7534,,,,,,,,,,,,,,,,,47.88797401449275,1.5057,41,10,288,129,100,29,14.636456,0,ok,logs/seed_664766.log
137324,irt_only,GHEFT,0,0.0,0,0,1,0.4116,0.2827,0.6943,,,,,,,,,,,,,,,,,52.899043352601154,1.3416,50,10,354,158,132,26,17.690443,0,ok,logs/seed_137324.log
93537,irt_only,GHEFT,0,0.0,0,0,1,0.4253,0.2665,0.6918,,,,,,,,,,,,,,,,,52.58831184433164,1.2336,42,10,299,152,120,32,13.463552,0,ok,logs/seed_93537.log
827786,irt_only,GHEFT,0,0.0,0,0,1,0.4675,0.3218,0.7893,,,,,,,,,,,,,,,,,44.172055305466245,1.2595,50,11,316,154,89,65,17.105582,0,ok,logs/seed_827786.log
343941,irt_only,GHEFT,0,0.0,0,0,1,0.4628,0.2467,0.7095,,,,,,,,,,,,,,,,,63.918811620795104,1.3534,53,13,315,170,122,48,15.951232,0,ok,logs/seed_343941.log
710910,irt_only,GHEFT,0,0.0,0,0,1,0.4482,0.2944,0.7426,,,,,,,,,,,,,,,,,42.76131111111111,1.0535,45,10,307,145,113,32,14.522066,0,ok,logs/seed_710910.log
335281,irt_only,GHEFT,0,0.0,0,0,1,0.4656,0.2498,0.7154,,,,,,,,,,,,,,,,,40.38182886885246,1.2587,50,11,314,137,93,44,14.928533,0,ok,logs/seed_335281.log
385234,irt_only,GHEFT,0,0.0,0,0,1,0.4224,0.2495,0.6719,,,,,,,,,,,,,,,,,48.11041992337164,1.3006,49,11,314,173,118,55,13.597202,0,ok,logs/seed_385234.log
566861,irt_only,GHEFT,0,0.0,0,0,1,0.4076,0.2221,0.6297,,,,,,,,,,,,,,,,,57.90107309190887,1.5953,53,13,316,174,123,51,16.993311,0,ok,logs/seed_566861.log
794225,irt_only,GHEFT,0,0.0,0,0,1,0.3999,0.2369,0.6368,,,,,,,,,,,,,,,,,71.9738689860835,1.7873,53,12,324,172,125,47,20.146395,0,ok,logs/seed_794225.log
509569,irt_only,GHEFT,0,0.0,0,0,1,0.433,0.37,0.803,,,,,,,,,,,,,,,,,65.27545096952909,1.3734,41,10,303,151,112,39,20.140104,0,ok,logs/seed_509569.log
949698,irt_only,GHEFT,0,0.0,0,0,1,0.4682,0.2619,0.7301,,,,,,,,,,,,,,,,,52.43380305810397,1.4643,47,10,304,160,123,37,18.942233,0,ok,logs/seed_949698.log
553382,irt_only,GHEFT,0,0.0,0,0,1,0.4352,0.3325,0.7677,,,,,,,,,,,,,,,,,54.59485487509405,1.3095,47,11,323,160,126,34,17.178393,0,ok,logs/seed_553382.log
572482,irt_only,GHEFT,0,0.0,0,0,1,0.4464,0.2397,0.6861,,,,,,,,,,,,,,,,,45.52809223744293,1.2201,45,12,309,166,141,25,18.899013,0,ok,logs/seed_572482.log
389037,irt_only,GHEFT,0,0.0,0,0,1,0.4769,0.2952,0.7721,,,,,,,,,,,,,,,,,43.67252445483361,1.3352,47,12,291,149,123,26,18.271146,0,ok,logs/seed_389037.log
309802,irt_only,GHEFT,0,0.0,0,0,1,0.4162,0.3081,0.7243,,,,,,,,,,,,,,,,,54.88938740840447,1.6125,38,9,285,137,102,35,17.503878,0,ok,logs/seed_309802.log
704427,irt_only,GHEFT,0,0.0,0,0,1,0.4401,0.2506,0.6907,,,,,,,,,,,,,,,,,58.02402751322752,1.4223,48,12,324,147,116,31,22.494553,0,ok,logs/seed_704427.log
101580,irt_only,GHEFT,0,0.0,0,0,1,0.5026,0.3572,0.8598,,,,,,,,,,,,,,,,,51.80621238273921,1.4341,42,10,295,149,121,28,19.094865,0,ok,logs/seed_101580.log
341337,irt_only,GHEFT,0,0.0,0,0,1,0.4159,0.2159,0.6318,,,,,,,,,,,,,,,,,53.6783934455826,1.1453,42,9,325,158,128,30,21.881805,0,ok,logs/seed_341337.log
392761,irt_only,GHEFT,0,0.0,0,0,1,0.4204,0.3269,0.7473,,,,,,,,,,,,,,,,,49.601334693877554,1.5406,46,12,306,175,139,36,16.731834,0,ok,logs/seed_392761.log
481487,irt_only,GHEFT,0,0.0,0,0,1,0.4777,0.2876,0.7653,,,,,,,,,,,,,,,,,43.51318745240854,1.0827,51,12,335,171,121,50,18.849062,0,ok,logs/seed_481487.log
399403,irt_only,GHEFT,0,0.0,0,0,1,0.431,0.2644,0.6954,,,,,,,,,,,,,,,,,75.46414426229508,1.8145,57,15,349,201,149,52,23.477288,0,ok,logs/seed_399403.log
823258,irt_only,GHEFT,0,0.0,0,0,1,0.4777,0.2395,0.7172,,,,,,,,,,,,,,,,,49.92624014251781,1.4545,45,12,300,150,123,27,12.468277,0,ok,logs/seed_823258.log
213758,irt_only,GHEFT,0,0.0,0,0,1,0.4317,0.2855,0.7172,,,,,,,,,,,,,,,,,53.95696146010187,1.5485,51,12,325,143,112,31,9.047211,0,ok,logs/seed_213758.log
852462,irt_only,GHEFT,0,0.0,0,0,1,0.3798,0.261,0.6408,,,,,,,,,,,,,,,,,55.5911,1.1671,40,11,291,155,112,43,19.350852,0,ok,logs/seed_852462.log
98150,irt_only,GHEFT,0,0.0,0,0,1,0.4746,0.2682,0.7428,,,,,,,,,,,,,,,,,45.81382893401016,1.252,46,9,319,146,119,27,19.000539,0,ok,logs/seed_98150.log
290105,irt_only,GHEFT,0,0.0,0,0,1,0.443,0.2934,0.7364,,,,,,,,,,,,,,,,,45.64801598637602,1.6115,50,13,320,179,122,57,17.83833,0,ok,logs/seed_290105.log
411034,irt_only,GHEFT,0,0.0,0,0,1,0.4768,0.2769,0.7537,,,,,,,,,,,,,,,,,49.09345766871166,1.2894,57,15,287,172,111,61,15.181496,0,ok,logs/seed_411034.log
269026,irt_only,GHEFT,0,0.0,0,0,1,0.4898,0.2671,0.7569,,,,,,,,,,,,,,,,,57.487432249840666,1.523,48,11,311,153,117,36,21.59382,0,ok,logs/seed_269026.log
69100,irt_only,GHEFT,0,0.0,0,0,1,0.393,0.2298,0.6228,,,,,,,,,,,,,,,,,50.03445548916408,1.6161,44,12,307,159,105,54,19.328652,0,ok,logs/seed_69100.log
433242,irt_only,GHEFT,0,0.0,0,0,1,0.4013,0.2902,0.6915,,,,,,,,,,,,,,,,,69.38789028475712,1.6947,51,11,305,155,107,48,15.380694,0,ok,logs/seed_433242.log
931676,irt_only,GHEFT,0,0.0,0,0,1,0.4031,0.2533,0.6564,,,,,,,,,,,,,,,,,59.80166183206106,1.4652,53,12,330,171,126,45,20.395943,0,ok,logs/seed_931676.log
281692,irt_only,GHEFT,0,0.0,0,0,1,0.4265,0.2633,0.6898,,,,,,,,,,,,,,,,,49.093096413199426,1.3284,44,11,327,159,119,40,19.458747,0,ok,logs/seed_281692.log
904446,irt_only,GHEFT,0,0.0,0,0,1,0.3975,0.3375,0.735,,,,,,,,,,,,,,,,,47.31936310679611,1.415,55,10,326,155,104,51,18.906999,0,ok,logs/seed_904446.log
831666,irt_only,GHEFT,0,0.0,0,0,1,0.4381,0.2413,0.6794,,,,,,,,,,,,,,,,,46.842243068640656,1.2263,48,11,310,162,130,32,18.975974,0,ok,logs/seed_831666.log
83588,irt_only,GHEFT,0,0.0,0,0,1,0.4722,0.2681,0.7403,,,,,,,,,,,,,,,,,58.90255718990121,1.407,46,11,312,179,137,42,17.761942,0,ok,logs/seed_83588.log
326878,irt_only,GHEFT,0,0.0,0,0,1,0.4467,0.2908,0.7375,,,,,,,,,,,,,,,,,47.07445266931638,1.2834,41,10,310,130,106,24,20.619302,0,ok,logs/seed_326878.log
928118,irt_only,GHEFT,0,0.0,0,0,1,0.4925,0.2997,0.7922,,,,,,,,,,,,,,,,,43.78254246260068,1.0673,46,11,320,162,123,39,22.707898,0,ok,logs/seed_928118.log
890764,irt_only,GHEFT,0,0.0,0,0,1,0.4088,0.2796,0.6884,,,,,,,,,,,,,,,,,57.02855252525251,1.2993,48,11,330,159,136,23,21.275069,0,ok,logs/seed_890764.log
355815,irt_only,GHEFT,0,0.0,0,0,1,0.4617,0.3667,0.8284,,,,,,,,,,,,,,,,,64.39033999920571,1.5678,41,8,313,143,113,30,20.935316,0,ok,logs/seed_355815.log
368407,irt_only,GHEFT,0,0.0,0,0,1,0.492,0.3238,0.8158,,,,,,,,,,,,,,,,,50.58615098039216,1.7518,49,13,340,185,111,74,21.168994,0,ok,logs/seed_368407.log
874310,irt_only,GHEFT,0,0.0,0,0,1,0.4046,0.2453,0.6499,,,,,,,,,,,,,,,,,70.52777242798354,1.4859,52,9,312,143,109,34,20.630874,0,ok,logs/seed_874310.log
971526,irt_only,GHEFT,0,0.0,0,0,1,0.4775,0.2776,0.7551,,,,,,,,,,,,,,,,,51.85007565011822,1.2736,48,10,337,168,126,42,25.469806,0,ok,logs/seed_971526.log
563565,irt_only,GHEFT,0,0.0,0,0,1,0.3947,0.237,0.6317,,,,,,,,,,,,,,,,,59.566669867867866,1.2179,50,13,318,172,124,48,16.25105,0,ok,logs/seed_563565.log
943133,irt_only,GHEFT,0,0.0,0,0,1,0.4632,0.2811,0.7443,,,,,,,,,,,,,,,,,57.4464401092554,1.4311,42,12,301,177,131,46,16.804199,0,ok,logs/seed_943133.log
455182,irt_only,GHEFT,0,0.0,0,0,1,0.4855,0.3923,0.8778,,,,,,,,,,,,,,,,,47.453742940515575,1.184,52,11,339,193,131,62,25.040707,0,ok,logs/seed_455182.log
719709,irt_only,GHEFT,0,0.0,0,0,1,0.4369,0.2511,0.688,,,,,,,,,,,,,,,,,64.43667522003285,1.2149,50,10,318,167,138,29,22.712429,0,ok,logs/seed_719709.log
720998,irt_only,GHEFT,0,0.0,0,0,1,0.443,0.2347,0.6777,,,,,,,,,,,,,,,,,57.032700092209865,1.3256,54,13,335,182,126,56,20.591988,0,ok,logs/seed_720998.log
747524,irt_only,GHEFT,0,0.0,0,0,1,0.4845,0.3554,0.8399,,,,,,,,,,,,,,,,,52.83035652173911,1.3384,44,10,321,166,114,52,20.773557,0,ok,logs/seed_747524.log
252772,irt_only,GHEFT,0,0.0,0,0,1,0.4188,0.2502,0.669,,,,,,,,,,,,,,,,,50.54329225262421,1.3592,47,10,347,171,138,33,26.983468,0,ok,logs/seed_252772.log
175281,irt_only,GHEFT,0,0.0,0,0,1,0.4373,0.2638,0.7011,,,,,,,,,,,,,,,,,45.18192005835157,1.1416,49,11,322,161,125,36,22.415954,0,ok,logs/seed_175281.log
72567,irt_only,GHEFT,0,0.0,0,0,1,0.4812,0.2841,0.7653,,,,,,,,,,,,,,,,,43.6753387830751,1.3701,41,10,297,154,119,35,21.028296,0,ok,logs/seed_72567.log
937978,irt_only,GHEFT,0,0.0,0,0,1,0.4446,0.2685,0.7131,,,,,,,,,,,,,,,,,54.17691430700448,1.157,50,13,305,176,141,35,20.653874,0,ok,logs/seed_937978.log
543059,irt_only,GHEFT,0,0.0,0,0,1,0.484,0.3688,0.8528,,,,,,,,,,,,,,,,,52.03378950574713,1.3077,47,11,310,150,111,39,20.694909,0,ok,logs/seed_543059.log
48503,irt_only,GHEFT,0,0.0,0,0,1,0.4446,0.2403,0.6849,,,,,,,,,,,,,,,,,42.0977,1.1753,49,11,311,148,111,37,18.07596,0,ok,logs/seed_48503.log
738560,irt_only,GHEFT,0,0.0,0,0,1,0.4453,0.2418,0.6871,,,,,,,,,,,,,,,,,57.407423529411766,1.2379,49,12,319,177,138,39,21.031612,0,ok,logs/seed_738560.log
975608,irt_only,GHEFT,0,0.0,0,0,1,0.4475,0.2478,0.6953,,,,,,,,,,,,,,,,,53.1861725335438,1.153,53,12,333,184,132,52,20.156505,0,ok,logs/seed_975608.log
683245,irt_only,GHEFT,0,0.0,0,0,1,0.4397,0.2803,0.72,,,,,,,,,,,,,,,,,53.73982527390636,1.4569,45,11,301,158,109,49,20.782637,0,ok,logs/seed_683245.log
781133,irt_only,GHEFT,0,0.0,0,0,1,0.4408,0.2909,0.7317,,,,,,,,,,,,,,,,,54.75698508655126,1.25,40,10,318,154,132,22,20.972658,0,ok,logs/seed_781133.log
43408,irt_only,GHEFT,0,0.0,0,0,1,0.4824,0.3151,0.7975,,,,,,,,,,,,,,,,,53.99225607333844,1.4728,44,11,320,157,118,39,21.392969,0,ok,logs/seed_43408.log
226631,irt_only,GHEFT,0,0.0,0,0,1,0.423,0.2871,0.7101,,,,,,,,,,,,,,,,,52.96187731397459,1.1985,46,10,299,149,123,26,21.244608,0,ok,logs/seed_226631.log
181152,irt_only,GHEFT,0,0.0,0,0,1,0.4748,0.3411,0.8159,,,,,,,,,,,,,,,,,50.69555923000986,1.5872,45,12,297,152,122,30,19.843381,0,ok,logs/seed_181152.log
429823,irt_only,GHEFT,0,0.0,0,0,1,0.4409,0.2826,0.7235,,,,,,,,,,,,,,,,,46.44069954809438,1.3337,53,13,327,166,108,58,22.413346,0,ok,logs/seed_429823.log
404672,irt_only,GHEFT,0,0.0,0,0,1,0.3699,0.2268,0.5967,,,,,,,,,,,,,,,,,51.45968098495212,1.3087,44,10,309,144,112,32,18.594418,0,ok,logs/seed_404672.log
877698,irt_only,GHEFT,0,0.0,0,0,1,0.4382,0.2023,0.6405,,,,,,,,,,,,,,,,,50.215505722460655,1.4412,52,10,321,138,109,29,23.648812,0,ok,logs/seed_877698.log
958202,irt_only,GHEFT,0,0.0,0,0,1,0.4278,0.3382,0.766,,,,,,,,,,,,,,,,,51.416423941068146,1.3015,55,12,307,162,116,46,18.398586,0,ok,logs/seed_958202.log
544591,irt_only,GHEFT,0,0.0,0,0,1,0.4354,0.2619,0.6973,,,,,,,,,,,,,,,,,45.55313261888814,1.2499,46,12,308,161,125,36,14.636694,0,ok,logs/seed_544591.log
539008,irt_only,GHEFT,0,0.0,0,0,1,0.411,0.299,0.71,,,,,,,,,,,,,,,,,56.78645479426643,1.15,47,9,324,147,119,28,21.733139,0,ok,logs/seed_539008.log
183645,irt_only,GHEFT,0,0.0,0,0,1,0.5058,0.3147,0.8205,,,,,,,,,,,,,,,,,53.058587660069854,1.39,48,11,314,164,116,48,17.472326,0,ok,logs/seed_183645.log
701092,irt_only,GHEFT,0,0.0,0,0,1,0.481,0.2898,0.7708,,,,,,,,,,,,,,,,,57.22385421956685,1.4627,54,11,323,166,130,36,18.688646,0,ok,logs/seed_701092.log
529935,irt_only,GHEFT,0,0.0,0,0,1,0.4657,0.2893,0.755,,,,,,,,,,,,,,,,,48.53240413903743,1.3467,46,11,331,177,135,42,15.579443,0,ok,logs/seed_529935.log
159302,irt_only,GHEFT,0,0.0,0,0,1,0.4051,0.2357,0.6408,,,,,,,,,,,,,,,,,59.15014707329845,1.5892,37,12,304,172,135,37,20.611682,0,ok,logs/seed_159302.log
946627,irt_only,GHEFT,0,0.0,0,0,1,0.44,0.2719,0.7119,,,,,,,,,,,,,,,,,48.050716160349864,1.209,47,11,322,165,137,28,19.909734,0,ok,logs/seed_946627.log
367625,irt_only,GHEFT,0,0.0,0,0,1,0.4397,0.261,0.7007,,,,,,,,,,,,,,,,,57.87497151799687,1.7569,36,8,294,144,117,27,15.945435,0,ok,logs/seed_367625.log
177782,irt_only,GHEFT,0,0.0,0,0,1,0.4943,0.2983,0.7926,,,,,,,,,,,,,,,,,57.731908386187456,1.5542,46,13,318,170,135,35,18.580338,0,ok,logs/seed_177782.log
302988,irt_only,GHEFT,0,0.0,0,0,1,0.4563,0.3423,0.7986,,,,,,,,,,,,,,,,,45.57606121505377,1.6772,46,11,289,135,93,42,22.490977,0,ok,logs/seed_302988.log
192553,irt_only,GHEFT,0,0.0,0,0,1,0.4907,0.2609,0.7516,,,,,,,,,,,,,,,,,42.273395376071036,1.3105,53,13,320,154,108,46,20.936044,0,ok,logs/seed_192553.log
835851,irt_only,GHEFT,0,0.0,0,0,1,0.4476,0.3462,0.7938,,,,,,,,,,,,,,,,,47.874514075237386,1.3184,43,11,300,164,121,43,19.991262,0,ok,logs/seed_835851.log
598671,irt_only,GHEFT,0,0.0,0,0,1,0.515,0.2838,0.7988,,,,,,,,,,,,,,,,,44.130619952618446,1.2432,58,14,351,194,132,62,22.175605,0,ok,logs/seed_598671.log
517206,irt_only,GHEFT,0,0.0,0,0,1,0.3878,0.3362,0.724,,,,,,,,,,,,,,,,,66.90471217612524,1.4592,53,11,295,162,121,41,19.634572,0,ok,logs/seed_517206.log
10492,irt_only,GHEFT,0,0.0,0,0,1,0.438,0.2717,0.7097,,,,,,,,,,,,,,,,,58.208242006269586,1.212,49,11,310,157,123,34,22.762137,0,ok,logs/seed_10492.log
120821,irt_only,GHEFT,0,0.0,0,0,1,0.4371,0.3027,0.7398,,,,,,,,,,,,,,,,,49.20825491824346,1.3131,46,11,343,164,116,48,24.743437,0,ok,logs/seed_120821.log
41152,irt_only,GHEFT,0,0.0,0,0,1,0.4674,0.3155,0.7829,,,,,,,,,,,,,,,,,51.10737801149425,1.3281,49,13,325,206,139,67,25.970931,0,ok,logs/seed_41152.log
642504,irt_only,GHEFT,0,0.0,0,0,1,0.4818,0.2996,0.7814,,,,,,,,,,,,,,,,,45.36473555048861,1.4677,45,9,312,148,122,26,20.486584,0,ok,logs/seed_642504.log
362252,irt_only,GHEFT,0,0.0,0,0,1,0.4413,0.2982,0.7395,,,,,,,,,,,,,,,,,48.939626126126136,1.474,54,13,326,169,141,28,22.80561,0,ok,logs/seed_362252.log
129046,irt_only,GHEFT,0,0.0,0,0,1,0.4125,0.2768,0.6893,,,,,,,,,,,,,,,,,52.22795126630853,1.3207,48,13,332,171,125,46,18.14493,0,ok,logs/seed_129046.log
302190,irt_only,GHEFT,0,0.0,0,0,1,0.4739,0.2819,0.7558,,,,,,,,,,,,,,,,,39.2426,1.2532,49,12,325,152,110,42,22.504665,0,ok,logs/seed_302190.log
757010,irt_only,GHEFT,0,0.0,0,0,1,0.4376,0.286,0.7236,,,,,,,,,,,,,,,,,56.93008936170214,1.1837,41,13,296,169,128,41,26.974369,0,ok,logs/seed_757010.log
104638,irt_only,GHEFT,0,0.0,0,0,1,0.5016,0.3297,0.8313,,,,,,,,,,,,,,,,,46.66604290375204,1.2739,51,10,312,155,125,30,22.10319,0,ok,logs/seed_104638.log
843408,irt_only,GHEFT,0,0.0,0,0,1,0.4973,0.2808,0.7781,,,,,,,,,,,,,,,,,53.40755789473684,1.0862,40,10,299,140,112,28,15.25903,0,ok,logs/seed_843408.log
508994,irt_only,GHEFT,0,0.0,0,0,1,0.4115,0.2643,0.6758,,,,,,,,,,,,,,,,,56.35435492227979,1.799,46,11,313,150,119,31,21.857578,0,ok,logs/seed_508994.log
604086,irt_only,GHEFT,0,0.0,0,0,1,0.4357,0.282,0.7177,,,,,,,,,,,,,,,,,50.52593792831387,1.6562,47,13,323,194,142,52,21.813925,0,ok,logs/seed_604086.log
756232,irt_only,GHEFT,0,0.0,0,0,1,0.4798,0.3039,0.7837,,,,,,,,,,,,,,,,,45.99815116638067,1.243,46,13,300,159,129,30,20.458295,0,ok,logs/seed_756232.log
752351,irt_only,GHEFT,0,0.0,0,0,1,0.3882,0.2115,0.5997,,,,,,,,,,,,,,,,,52.74017875647668,1.2012,48,11,317,171,119,52,22.148861,0,ok,logs/seed_752351.log
532132,irt_only,GHEFT,0,0.0,0,0,1,0.4606,0.3033,0.7639,,,,,,,,,,,,,,,,,44.34874290981432,1.3992,43,10,300,136,100,36,20.442203,0,ok,logs/seed_532132.log
715672,irt_only,GHEFT,0,0.0,0,0,1,0.4553,0.309,0.7643,,,,,,,,,,,,,,,,,57.2976,1.5391,49,11,306,170,115,55,17.86964,0,ok,logs/seed_715672.log
244053,irt_only,GHEFT,0,0.0,0,0,1,0.4491,0.355,0.8041,,,,,,,,,,,,,,,,,53.87572063914781,1.5688,49,11,309,161,108,53,22.795945,0,ok,logs/seed_244053.log
360248,irt_only,GHEFT,0,0.0,0,0,1,0.411,0.2867,0.6977,,,,,,,,,,,,,,,,,56.3812644641556,1.3442,51,14,307,166,142,24,18.242459,0,ok,logs/seed_360248.log
320801,irt_only,GHEFT,0,0.0,0,0,1,0.4978,0.3888,0.8866,,,,,,,,,,,,,,,,,43.56915430210325,1.4034,46,10,315,154,127,27,22.739972,0,ok,logs/seed_320801.log
469418,irt_only,GHEFT,0,0.0,0,0,1,0.4753,0.3284,0.8037,,,,,,,,,,,,,,,,,40.72288449514562,1.3701,40,10,294,152,108,44,18.455187,0,ok,logs/seed_469418.log
622181,irt_only,GHEFT,0,0.0,0,0,1,0.3775,0.2236,0.6011,,,,,,,,,,,,,,,,,64.82884357541899,1.7175,54,11,318,168,126,42,24.437022,0,ok,logs/seed_622181.log
264411,irt_only,GHEFT,0,0.0,0,0,1,0.4238,0.2567,0.6805,,,,,,,,,,,,,,,,,59.36341498470949,1.578,50,10,340,162,106,56,26.859505,0,ok,logs/seed_264411.log
311857,irt_only,GHEFT,0,0.0,0,0,1,0.4842,0.271,0.7552,,,,,,,,,,,,,,,,,53.22580028860028,1.1247,48,12,301,155,111,44,20.801675,0,ok,logs/seed_311857.log
252607,irt_only,GHEFT,0,0.0,0,0,1,0.4304,0.2994,0.7298,,,,,,,,,,,,,,,,,76.75869885408707,1.5756,45,13,316,155,108,47,31.00732,0,ok,logs/seed_252607.log
420553,irt_only,GHEFT,0,0.0,0,0,1,0.491,0.278,0.769,,,,,,,,,,,,,,,,,52.88186125941136,1.3543,38,9,318,164,127,37,26.068191,0,ok,logs/seed_420553.log
802672,irt_only,GHEFT,0,0.0,0,0,1,0.4587,0.2919,0.7506,,,,,,,,,,,,,,,,,54.52014366616989,1.1018,41,8,301,138,97,41,27.360772,0,ok,logs/seed_802672.log
26302,irt_only,GHEFT,0,0.0,0,0,1,0.4474,0.3049,0.7523,,,,,,,,,,,,,,,,,61.783724887169576,1.17,43,11,290,152,119,33,24.566399,0,ok,logs/seed_26302.log
42701,irt_only,GHEFT,0,0.0,0,0,1,0.4495,0.2982,0.7477,,,,,,,,,,,,,,,,,46.44763566878981,1.3824,55,12,330,193,144,49,24.176817,0,ok,logs/seed_42701.log
694217,irt_only,GHEFT,0,0.0,0,0,1,0.4011,0.2701,0.6712,,,,,,,,,,,,,,,,,46.82041022880215,1.4984,43,10,317,164,126,38,24.07736,0,ok,logs/seed_694217.log
730247,irt_only,GHEFT,0,0.0,0,0,1,0.4201,0.2315,0.6516,,,,,,,,,,,,,,,,,52.460576800256085,1.5295,48,13,314,162,133,29,23.677475,0,ok,logs/seed_730247.log
41076,irt_only,GHEFT,0,0.0,0,0,1,0.4647,0.3009,0.7656,,,,,,,,,,,,,,,,,44.347431046293124,1.1591,51,12,298,148,127,21,24.696048,0,ok,logs/seed_41076.log
502796,irt_only,GHEFT,0,0.0,0,0,1,0.3886,0.2503,0.6389,,,,,,,,,,,,,,,,,55.06755555555554,1.4813,45,10,318,148,102,46,24.99989,0,ok,logs/seed_502796.log
709473,irt_only,GHEFT,0,0.0,0,0,1,0.4186,0.2392,0.6578,,,,,,,,,,,,,,,,,44.21132380685358,1.2848,51,12,331,151,114,37,26.382464,0,ok,logs/seed_709473.log
26140,irt_only,GHEFT,0,0.0,0,0,1,0.481,0.2822,0.7632,,,,,,,,,,,,,,,,,50.12130659898478,1.3631,49,13,339,191,145,46,21.298752,0,ok,logs/seed_26140.log
540656,irt_only,GHEFT,0,0.0,0,0,1,0.4992,0.2892,0.7884,,,,,,,,,,,,,,,,,46.82376099290779,1.1696,42,10,296,142,114,28,19.690685,0,ok,logs/seed_540656.log
343393,irt_only,GHEFT,0,0.0,0,0,1,0.4446,0.2698,0.7144,,,,,,,,,,,,,,,,,46.47782233369693,1.1509,53,14,337,192,148,44,22.481431,0,ok,logs/seed_343393.log
412975,irt_only,GHEFT,0,0.0,0,0,1,0.4177,0.23,0.6477,,,,,,,,,,,,,,,,,57.958504539722576,1.3589,48,9,332,152,105,47,27.916751,0,ok,logs/seed_412975.log
497025,irt_only,GHEFT,0,0.0,0,0,1,0.422,0.2603,0.6823,,,,,,,,,,,,,,,,,65.96285823270442,1.626,53,10,324,184,132,52,22.429865,0,ok,logs/seed_497025.log
646790,irt_only,GHEFT,0,0.0,0,0,1,0.5192,0.3289,0.8481,,,,,,,,,,,,,,,,,61.054984049079756,2.0878,50,12,322,170,114,56,22.157593,0,ok,logs/seed_646790.log
115672,irt_only,GHEFT,0,0.0,0,0,1,0.5277,0.3288,0.8565,,,,,,,,,,,,,,,,,42.24085263157895,1.3399,49,12,330,182,125,57,22.001999,0,ok,logs/seed_115672.log
517217,irt_only,GHEFT,0,0.0,0,0,1,0.4266,0.3443,0.7709,,,,,,,,,,,,,,,,,54.626722778346114,1.4451,41,11,294,148,117,31,23.384803,0,ok,logs/seed_517217.log
289065,irt_only,GHEFT,0,0.0,0,0,1,0.4718,0.2542,0.726,,,,,,,,,,,,,,,,,44.336917673585326,1.1478,49,11,311,172,120,52,21.352075,0,ok,logs/seed_289065.log
104127,irt_only,GHEFT,0,0.0,0,0,1,0.4436,0.3462,0.7898,,,,,,,,,,,,,,,,,59.37870212765958,1.6313,45,11,304,165,129,36,23.952875,0,ok,logs/seed_104127.log
371163,irt_only,GHEFT,0,0.0,0,0,1,0.4273,0.2664,0.6937,,,,,,,,,,,,,,,,,43.46890341880343,1.2279,56,11,312,145,113,32,22.768231,0,ok,logs/seed_371163.log
883139,irt_only,GHEFT,0,0.0,0,0,1,0.3858,0.3074,0.6932,,,,,,,,,,,,,,,,,57.76810375939849,1.1883,47,13,323,176,130,46,24.285303,0,ok,logs/seed_883139.log
342132,irt_only,GHEFT,0,0.0,0,0,1,0.4098,0.2255,0.6353,,,,,,,,,,,,,,,,,67.54541794871795,1.9822,50,12,324,191,142,49,20.528426,0,ok,logs/seed_342132.log
704990,irt_only,GHEFT,0,0.0,0,0,1,0.4213,0.2623,0.6836,,,,,,,,,,,,,,,,,57.07690733667798,1.3316,54,14,347,195,139,56,28.63237,0,ok,logs/seed_704990.log
424860,irt_only,GHEFT,0,0.0,0,0,1,0.4685,0.3241,0.7926,,,,,,,,,,,,,,,,,56.87716896551724,1.4272,48,11,333,168,128,40,28.14694,0,ok,logs/seed_424860.log
217443,irt_only,GHEFT,0,0.0,0,0,1,0.441,0.3684,0.8094,,,,,,,,,,,,,,,,,66.47832433965844,1.6064,47,9,329,159,111,48,22.017309,0,ok,logs/seed_217443.log
851006,irt_only,GHEFT,0,0.0,0,0,1,0.3913,0.2551,0.6464,,,,,,,,,,,,,,,,,59.94340100000002,1.2215,51,11,319,175,136,39,19.532057,0,ok,logs/seed_851006.log
100338,irt_only,GHEFT,0,0.0,0,0,1,0.454,0.2827,0.7367,,,,,,,,,,,,,,,,,52.00522674897119,1.4235,52,12,317,177,139,38,20.120066,0,ok,logs/seed_100338.log
163602,irt_only,GHEFT,0,0.0,0,0,1,0.4342,0.3097,0.7439,,,,,,,,,,,,,,,,,51.16922458318099,1.2882,59,14,348,204,136,68,28.768812,0,ok,logs/seed_163602.log
994002,irt_only,GHEFT,0,0.0,0,0,1,0.4525,0.2598,0.7123,,,,,,,,,,,,,,,,,54.39514414029084,1.2894,46,11,312,142,96,46,20.75836,0,ok,logs/seed_994002.log
483462,irt_only,GHEFT,0,0.0,0,0,1,0.4229,0.2321,0.655,,,,,,,,,,,,,,,,,52.71772261306533,1.2429,51,15,316,168,125,43,21.901038,0,ok,logs/seed_483462.log
525884,irt_only,GHEFT,0,0.0,0,0,1,0.4538,0.3079,0.7617,,,,,,,,,,,,,,,,,50.53780993377483,1.3563,50,11,333,176,131,45,24.739551,0,ok,logs/seed_525884.log
142307,irt_only,GHEFT,0,0.0,0,0,1,0.4369,0.2478,0.6847,,,,,,,,,,,,,,,,,43.598315113350125,1.2827,41,10,315,153,109,44,22.87131,0,ok,logs/seed_142307.log
624690,irt_only,GHEFT,0,0.0,0,0,1,0.4433,0.2532,0.6965,,,,,,,,,,,,,,,,,56.81942916145182,1.2662,60,12,345,174,124,50,28.977702,0,ok,logs/seed_624690.log
864874,irt_only,GHEFT,0,0.0,0,0,1,0.463,0.2591,0.7221,,,,,,,,,,,,,,,,,46.111525590163936,1.2615,48,12,316,176,138,38,24.132611,0,ok,logs/seed_864874.log
679889,irt_only,GHEFT,0,0.0,0,0,1,0.3865,0.2346,0.6211,,,,,,,,,,,,,,,,,49.02494117647058,1.209,52,13,337,177,138,39,23.086005,0,ok,logs/seed_679889.log
963564,irt_only,GHEFT,0,0.0,0,0,1,0.4387,0.2524,0.6911,,,,,,,,,,,,,,,,,46.64473137254902,1.1723,46,11,309,144,113,31,23.288016,0,ok,logs/seed_963564.log
485084,irt_only,GHEFT,0,0.0,0,0,1,0.4909,0.2966,0.7875,,,,,,,,,,,,,,,,,64.35359873417723,1.9781,44,9,289,143,112,31,19.065313,0,ok,logs/seed_485084.log
281639,irt_only,GHEFT,0,0.0,0,0,1,0.4431,0.2749,0.718,,,,,,,,,,,,,,,,,51.16478840579712,1.3817,54,13,311,191,147,44,23.252636,0,ok,logs/seed_281639.log
362714,irt_only,GHEFT,0,0.0,0,0,1,0.4098,0.2949,0.7047,,,,,,,,,,,,,,,,,48.193779661016954,1.2992,46,12,323,158,110,48,19.743391,0,ok,logs/seed_362714.log
551581,irt_only,GHEFT,0,0.0,0,0,1,0.4704,0.3114,0.7818,,,,,,,,,,,,,,,,,45.159919656012185,1.1919,50,12,325,182,141,41,21.917486,0,ok,logs/seed_551581.log
349348,irt_only,GHEFT,0,0.0,0,0,1,0.4526,0.2457,0.6983,,,,,,,,,,,,,,,,,66.29532857142858,1.1796,50,13,322,193,150,43,21.773599,0,ok,logs/seed_349348.log
376087,irt_only,GHEFT,0,0.0,0,0,1,0.4557,0.2485,0.7042,,,,,,,,,,,,,,,,,61.72976925566344,1.4045,49,10,330,180,138,42,27.042251,0,ok,logs/seed_376087.log
924562,irt_only,GHEFT,0,0.0,0,0,1,0.449,0.3608,0.8098,,,,,,,,,,,,,,,,,53.347,1.5017,43,10,306,153,109,44,24.187717,0,ok,logs/seed_924562.log
1642,irt_only,GHEFT,0,0.0,0,0,1,0.4494,0.2523,0.7017,,,,,,,,,,,,,,,,,69.56095020242914,1.3085,44,8,290,137,109,28,20.765279,0,ok,logs/seed_1642.log
724193,irt_only,GHEFT,0,0.0,0,0,1,0.4599,0.2556,0.7155,,,,,,,,,,,,,,,,,50.66035485854857,1.457,49,10,319,150,118,32,30.915405,0,ok,logs/seed_724193.log
939156,irt_only,GHEFT,0,0.0,0,0,1,0.442,0.2448,0.6868,,,,,,,,,,,,,,,,,51.84437575757576,1.415,51,10,319,166,109,57,25.216314,0,ok,logs/seed_939156.log
236458,irt_only,GHEFT,0,0.0,0,0,1,0.405,0.2162,0.6212,,,,,,,,,,,,,,,,,56.403776051779936,1.254,52,12,344,192,147,45,24.452553,0,ok,logs/seed_236458.log
703305,irt_only,GHEFT,0,0.0,0,0,1,0.4074,0.3313,0.7387,,,,,,,,,,,,,,,,,56.382349968213596,1.3515,43,11,326,180,145,35,25.957929,0,ok,logs/seed_703305.log
955021,irt_only,GHEFT,0,0.0,0,0,1,0.4152,0.3279,0.7431,,,,,,,,,,,,,,,,,55.78963471028038,1.4171,42,10,293,150,103,47,19.919843,0,ok,logs/seed_955021.log
771327,irt_only,GHEFT,0,0.0,0,0,1,0.4839,0.3246,0.8085,,,,,,,,,,,,,,,,,66.03414285714285,1.4536,52,12,331,170,109,61,16.736487,0,ok,logs/seed_771327.log
152800,irt_only,GHEFT,0,0.0,0,0,1,0.489,0.3383,0.8273,,,,,,,,,,,,,,,,,49.44866892707629,1.3154,46,12,325,177,129,48,23.197468,0,ok,logs/seed_152800.log
359783,irt_only,GHEFT,0,0.0,0,0,1,0.4869,0.2703,0.7572,,,,,,,,,,,,,,,,,56.62691198786039,1.4731,48,11,296,156,122,34,22.923162,0,ok,logs/seed_359783.log
812871,irt_only,GHEFT,0,0.0,0,0,1,0.4751,0.3183,0.7934,,,,,,,,,,,,,,,,,52.2866888888889,1.2244,48,14,311,186,143,43,24.658651,0,ok,logs/seed_812871.log
502458,irt_only,GHEFT,0,0.0,0,0,1,0.4643,0.3071,0.7714,,,,,,,,,,,,,,,,,54.3335426448737,1.5865,48,12,336,158,113,45,23.58215,0,ok,logs/seed_502458.log
969372,irt_only,GHEFT,0,0.0,0,0,1,0.3953,0.3033,0.6986,,,,,,,,,,,,,,,,,52.70680451977401,1.4288,42,11,328,152,119,33,24.84015,0,ok,logs/seed_969372.log
488676,irt_only,GHEFT,0,0.0,0,0,1,0.4892,0.2301,0.7193,,,,,,,,,,,,,,,,,53.72691538461538,1.4807,47,13,300,160,120,40,21.359415,0,ok,logs/seed_488676.log
109992,irt_only,GHEFT,0,0.0,0,0,1,0.5009,0.2766,0.7775,,,,,,,,,,,,,,,,,48.43130943396226,1.578,43,9,300,129,104,25,23.090315,0,ok,logs/seed_109992.log
461354,irt_only,GHEFT,0,0.0,0,0,1,0.4284,0.2246,0.653,,,,,,,,,,,,,,,,,52.11114781280789,1.215,50,13,333,194,134,60,20.458438,0,ok,logs/seed_461354.log
24818,irt_only,GHEFT,0,0.0,0,0,1,0.4293,0.2609,0.6902,,,,,,,,,,,,,,,,,45.84804370546318,1.3231,46,11,307,159,112,47,21.459866,0,ok,logs/seed_24818.log
105885,irt_only,GHEFT,0,0.0,0,0,1,0.4597,0.2899,0.7496,,,,,,,,,,,,,,,,,54.085224999999994,1.6181,49,11,335,154,122,32,22.880781,0,ok,logs/seed_105885.log
165347,irt_only,GHEFT,0,0.0,0,0,1,0.3596,0.2255,0.5851,,,,,,,,,,,,,,,,,56.402682608695656,1.328,49,11,306,174,142,32,21.548537,0,ok,logs/seed_165347.log
780065,irt_only,GHEFT,0,0.0,0,0,1,0.4846,0.3597,0.8443,,,,,,,,,,,,,,,,,44.563558301158295,1.1448,46,12,348,173,137,36,28.169463,0,ok,logs/seed_780065.log
473614,irt_only,GHEFT,0,0.0,0,0,1,0.4402,0.3314,0.7716,,,,,,,,,,,,,,,,,63.652838015930485,1.914,51,10,336,187,144,43,24.273473,0,ok,logs/seed_473614.log
69796,irt_only,GHEFT,0,0.0,0,0,1,0.3879,0.3081,0.696,,,,,,,,,,,,,,,,,50.11096704545454,1.2418,50,11,326,160,132,28,21.072202,0,ok,logs/seed_69796.log
181597,irt_only,GHEFT,0,0.0,0,0,1,0.4548,0.261,0.7158,,,,,,,,,,,,,,,,,44.66708475073314,1.4224,42,11,304,166,127,39,24.073545,0,ok,logs/seed_181597.log
55316,irt_only,GHEFT,0,0.0,0,0,1,0.4346,0.2725,0.7071,,,,,,,,,,,,,,,,,60.82712854880693,1.3422,46,11,315,166,126,40,21.933145,0,ok,logs/seed_55316.log
435633,irt_only,GHEFT,0,0.0,0,0,1,0.4126,0.2617,0.6743,,,,,,,,,,,,,,,,,54.989497755994364,1.1656,50,12,326,163,129,34,23.488414,0,ok,logs/seed_435633.log
887668,irt_only,GHEFT,0,0.0,0,0,1,0.436,0.226,0.662,,,,,,,,,,,,,,,,,45.38472492519762,1.2209,36,9,299,133,108,25,17.869129,0,ok,logs/seed_887668.log
933960,irt_only,GHEFT,0,0.0,0,0,1,0.4508,0.3367,0.7875,,,,,,,,,,,,,,,,,55.55701614906832,1.4624,51,11,320,178,133,45,23.67421,0,ok,logs/seed_933960.log
529550,irt_only,GHEFT,0,0.0,0,0,1,0.4457,0.2505,0.6962,,,,,,,,,,,,,,,,,54.18793539823009,1.3255,50,12,342,184,145,39,19.270542,0,ok,logs/seed_529550.log
735489,irt_only,GHEFT,0,0.0,0,0,1,0.4417,0.3176,0.7593,,,,,,,,,,,,,,,,,49.3167308326301,1.613,51,12,321,172,123,49,28.844403,0,ok,logs/seed_735489.log
802611,irt_only,GHEFT,0,0.0,0,0,1,0.4143,0.2432,0.6575,,,,,,,,,,,,,,,,,54.26827414965987,1.2374,46,10,299,152,117,35,21.10626,0,ok,logs/seed_802611.log
525482,irt_only,GHEFT,0,0.0,0,0,1,0.3974,0.3117,0.7091,,,,,,,,,,,,,,,,,47.235842361702126,1.1511,44,13,328,169,126,43,27.713336,0,ok,logs/seed_525482.log
523591,irt_only,GHEFT,0,0.0,0,0,1,0.4094,0.272,0.6814,,,,,,,,,,,,,,,,,64.14763524804178,1.3091,50,11,323,165,113,52,23.473528,0,ok,logs/seed_523591.log
412993,irt_only,GHEFT,0,0.0,0,0,1,0.4329,0.2563,0.6892,,,,,,,,,,,,,,,,,45.60011790857859,1.2935,50,12,314,179,126,53,22.474259,0,ok,logs/seed_412993.log
463614,irt_only,GHEFT,0,0.0,0,0,1,0.4082,0.3073,0.7155,,,,,,,,,,,,,,,,,66.38293652694611,1.4016,47,12,300,168,118,50,20.218198,0,ok,logs/seed_463614.log
637493,irt_only,GHEFT,0,0.0,0,0,1,0.465,0.3019,0.7669,,,,,,,,,,,,,,,,,52.087176871880196,1.3989,45,10,299,153,101,52,18.655022,0,ok,logs/seed_637493.log
990693,irt_only,GHEFT,0,0.0,0,0,1,0.4294,0.2704,0.6998,,,,,,,,,,,,,,,,,45.859477857242815,1.2507,43,11,303,158,125,33,24.265626,0,ok,logs/seed_990693.log
50605,irt_only,GHEFT,0,0.0,0,0,1,0.4428,0.2707,0.7135,,,,,,,,,,,,,,,,,56.28561628959275,1.2174,35,11,296,126,103,23,25.67948,0,ok,logs/seed_50605.log
198813,irt_only,GHEFT,0,0.0,0,0,1,0.506,0.3233,0.8293,,,,,,,,,,,,,,,,,58.669114954486346,1.4269,46,11,303,155,102,53,23.729257,0,ok,logs/seed_198813.log
385020,irt_only,GHEFT,0,0.0,0,0,1,0.4161,0.2569,0.673,,,,,,,,,,,,,,,,,59.07300000000001,1.0504,48,13,331,174,108,66,21.674735,0,ok,logs/seed_385020.log
771793,irt_only,GHEFT,0,0.0,0,0,1,0.4056,0.2664,0.672,,,,,,,,,,,,,,,,,57.72204077025233,1.7073,46,11,298,165,125,40,20.909721,0,ok,logs/seed_771793.log
936864,irt_only,GHEFT,0,0.0,0,0,1,0.3913,0.2326,0.6239,,,,,,,,,,,,,,,,,60.88380953545233,1.8624,52,11,300,151,107,44,22.874048,0,ok,logs/seed_936864.log
966220,irt_only,GHEFT,0,0.0,0,0,1,0.4418,0.3057,0.7475,,,,,,,,,,,,,,,,,36.425080330373,1.3214,41,10,282,130,88,42,13.28677,0,ok,logs/seed_966220.log
764069,irt_only,GHEFT,0,0.0,0,0,1,0.4514,0.3457,0.7971,,,,,,,,,,,,,,,,,43.25488181818183,1.2328,58,12,311,176,114,62,25.560361,0,ok,logs/seed_764069.log
45162,irt_only,GHEFT,0,0.0,0,0,1,0.4469,0.3428,0.7897,,,,,,,,,,,,,,,,,57.483757480314964,1.1755,41,11,312,150,114,36,22.438389,0,ok,logs/seed_45162.log
386688,irt_only,GHEFT,0,0.0,0,0,1,0.4111,0.2553,0.6664,,,,,,,,,,,,,,,,,59.0441516371553,1.4709,46,10,304,153,97,56,24.067069,0,ok,logs/seed_386688.log
911121,irt_only,GHEFT,0,0.0,0,0,1,0.4911,0.2935,0.7846,,,,,,,,,,,,,,,,,63.07771235154395,1.7704,48,11,324,185,151,34,19.193679,0,ok,logs/seed_911121.log
926403,irt_only,GHEFT,0,0.0,0,0,1,0.4503,0.2922,0.7425,,,,,,,,,,,,,,,,,46.72567286084702,1.3015,48,11,331,173,126,47,18.687124,0,ok,logs/seed_926403.log
452911,irt_only,GHEFT,0,0.0,0,0,1,0.4799,0.3124,0.7923,,,,,,,,,,,,,,,,,48.726644858420265,1.2934,47,11,316,150,118,32,22.8338,0,ok,logs/seed_452911.log
810123,irt_only,GHEFT,0,0.0,0,0,1,0.4347,0.3276,0.7623,,,,,,,,,,,,,,,,,54.51100487804877,1.5034,42,11,310,148,108,40,23.163687,0,ok,logs/seed_810123.log
64740,irt_only,GHEFT,0,0.0,0,0,1,0.4599,0.3307,0.7906,,,,,,,,,,,,,,,,,58.59503737702502,1.7677,57,14,326,189,130,59,19.482795,0,ok,logs/seed_64740.log
937717,irt_only,GHEFT,0,0.0,0,0,1,0.486,0.2626,0.7486,,,,,,,,,,,,,,,,,51.44181566617861,1.2702,47,12,323,180,125,55,16.615751,0,ok,logs/seed_937717.log
118891,irt_only,GHEFT,0,0.0,0,0,1,0.4437,0.2486,0.6923,,,,,,,,,,,,,,,,,60.672335182998836,1.4071,50,12,300,165,136,29,13.492249,0,ok,logs/seed_118891.log
553366,irt_only,GHEFT,0,0.0,0,0,1,0.4627,0.2308,0.6935,,,,,,,,,,,,,,,,,43.252567211201864,1.2446,43,11,294,146,110,36,23.938611,0,ok,logs/seed_553366.log
742414,irt_only,GHEFT,0,0.0,0,0,1,0.4046,0.3264,0.731,,,,,,,,,,,,,,,,,56.05902045174973,1.4737,48,12,317,181,109,72,19.107527,0,ok,logs/seed_742414.log
710013,irt_only,GHEFT,0,0.0,0,0,1,0.4455,0.3006,0.7461,,,,,,,,,,,,,,,,,63.58820382953762,1.5298,50,13,313,164,132,32,24.698534,0,ok,logs/seed_710013.log
759523,irt_only,GHEFT,0,0.0,0,0,1,0.4415,0.291,0.7325,,,,,,,,,,,,,,,,,65.39740000000003,1.3297,45,11,313,153,118,35,26.668794,0,ok,logs/seed_759523.log
712622,irt_only,GHEFT,0,0.0,0,0,1,0.4542,0.2972,0.7514,,,,,,,,,,,,,,,,,48.03401862871926,1.1744,46,11,299,138,107,31,20.02098,0,ok,logs/seed_712622.log
427212,irt_only,GHEFT,0,0.0,0,0,1,0.4543,0.3391,0.7934,,,,,,,,,,,,,,,,,58.979328124999995,1.6229,38,9,298,153,114,39,22.839493,0,ok,logs/seed_427212.log
905211,irt_only,GHEFT,0,0.0,0,0,1,0.4677,0.2557,0.7234,,,,,,,,,,,,,,,,,75.82147686206896,1.586,51,10,301,167,136,31,22.15344,0,ok,logs/seed_905211.log
489366,irt_only,GHEFT,0,0.0,0,0,1,0.4793,0.3593,0.8386,,,,,,,,,,,,,,,,,42.33572390924957,1.249,40,12,309,162,121,41,21.15504,0,ok,logs/seed_489366.log
253395,irt_only,GHEFT,0,0.0,0,0,1,0.4849,0.2516,0.7365,,,,,,,,,,,,,,,,,55.38148011204483,1.3336,51,11,336,195,153,42,19.763105,0,ok,logs/seed_253395.log
312505,irt_only,GHEFT,0,0.0,0,0,1,0.4423,0.2886,0.7309,,,,,,,,,,,,,,,,,54.406426282853566,1.2854,53,11,315,180,132,48,24.471118,0,ok,logs/seed_312505.log
545465,irt_only,GHEFT,0,0.0,0,0,1,0.4798,0.334,0.8138,,,,,,,,,,,,,,,,,57.79718603196664,1.2249,43,10,287,150,125,25,19.218826,0,ok,logs/seed_545465.log
567819,irt_only,GHEFT,0,0.0,0,0,1,0.4272,0.2676,0.6948,,,,,,,,,,,,,,,,,45.20844804381847,1.58,52,12,313,147,100,47,17.089688,0,ok,logs/seed_567819.log
924675,irt_only,GHEFT,0,0.0,0,0,1,0.3945,0.2572,0.6517,,,,,,,,,,,,,,,,,58.943599999999996,1.3264,49,10,312,139,113,26,23.352097,0,ok,logs/seed_924675.log
931173,irt_only,GHEFT,0,0.0,0,0,1,0.4245,0.2725,0.697,,,,,,,,,,,,,,,,,70.77508890554722,1.2776,52,11,348,175,138,37,20.03158,0,ok,logs/seed_931173.log
279170,irt_only,GHEFT,0,0.0,0,0,1,0.4014,0.2454,0.6468,,,,,,,,,,,,,,,,,50.721855335533554,1.0823,44,12,316,162,125,37,11.357792,0,ok,logs/seed_279170.log
994520,irt_only,GHEFT,0,0.0,0,0,1,0.3708,0.2153,0.5861,,,,,,,,,,,,,,,,,56.39144331550803,1.313,56,12,322,181,119,62,22.027429,0,ok,logs/seed_994520.log
145376,irt_only,GHEFT,0,0.0,0,0,1,0.4638,0.2811,0.7449,,,,,,,,,,,,,,,,,53.1086842281167,1.2666,51,12,334,176,129,47,27.2883,0,ok,logs/seed_145376.log
406364,irt_only,GHEFT,0,0.0,0,0,1,0.4027,0.2795,0.6822,,,,,,,,,,,,,,,,,51.270187772925766,1.1822,47,12,319,157,114,43,19.629112,0,ok,logs/seed_406364.log
250377,irt_only,GHEFT,0,0.0,0,0,1,0.4302,0.2796,0.7098,,,,,,,,,,,,,,,,,46.51284948484848,1.4653,44,12,304,147,110,37,19.611142,0,ok,logs/seed_250377.log
446841,irt_only,GHEFT,0,0.0,0,0,1,0.3965,0.3182,0.7147,,,,,,,,,,,,,,,,,56.1857633654689,1.5537,47,10,318,183,140,43,21.904705,0,ok,logs/seed_446841.log
707398,irt_only,GHEFT,0,0.0,0,0,1,0.4352,0.2869,0.7221,,,,,,,,,,,,,,,,,51.91310026953981,1.2502,51,13,322,176,135,41,24.566482,0,ok,logs/seed_707398.log
343108,irt_only,GHEFT,0,0.0,0,0,1,0.4239,0.2694,0.6933,,,,,,,,,,,,,,,,,51.29228881118881,1.4176,49,10,308,151,110,41,21.254036,0,ok,logs/seed_343108.log
745842,irt_only,GHEFT,0,0.0,0,0,1,0.4361,0.3369,0.773,,,,,,,,,,,,,,,,,47.45117939905826,1.3921,46,10,297,165,126,39,22.002446,0,ok,logs/seed_745842.log
664943,irt_only,GHEFT,0,0.0,0,0,1,0.4529,0.2658,0.7187,,,,,,,,,,,,,,,,,40.3519715083799,1.2318,50,13,320,167,116,51,17.897827,0,ok,logs/seed_664943.log
679192,irt_only,GHEFT,0,0.0,0,0,1,0.4661,0.3133,0.7794,,,,,,,,,,,,,,,,,51.246328286491384,1.295,49,13,300,170,130,40,23.026427,0,ok,logs/seed_679192.log
398887,irt_only,GHEFT,0,0.0,0,0,1,0.4103,0.2547,0.665,,,,,,,,,,,,,,,,,49.6336073654391,1.2371,48,11,333,153,121,32,23.227014,0,ok,logs/seed_398887.log
830308,irt_only,GHEFT,0,0.0,0,0,1,0.4501,0.2871,0.7372,,,,,,,,,,,,,,,,,46.428303727200635,1.1003,48,11,307,139,102,37,18.468803,0,ok,logs/seed_830308.log
664904,irt_only,GHEFT,0,0.0,0,0,1,0.4129,0.2771,0.69,,,,,,,,,,,,,,,,,42.748331655945684,1.3647,46,11,291,151,104,47,19.310506,0,ok,logs/seed_664904.log
529590,irt_only,GHEFT,0,0.0,0,0,1,0.4553,0.3901,0.8454,,,,,,,,,,,,,,,,,68.04131420233965,1.6295,44,11,315,165,121,44,19.286644,0,ok,logs/seed_529590.log
897949,irt_only,GHEFT,0,0.0,0,0,1,0.44,0.2726,0.7126,,,,,,,,,,,,,,,,,53.95910100000001,1.3708,55,12,308,165,123,42,10.43016,0,ok,logs/seed_897949.log
487896,irt_only,GHEFT,0,0.0,0,0,1,0.4588,0.2998,0.7586,,,,,,,,,,,,,,,,,51.954612499999996,1.15,52,12,325,178,152,26,9.577785,0,ok,logs/seed_487896.log
969832,irt_only,GHEFT,0,0.0,0,0,1,0.4374,0.2246,0.662,,,,,,,,,,,,,,,,,48.40469585441941,1.5151,47,10,293,133,111,22,8.67066,0,ok,logs/seed_969832.log
774939,irt_only,GHEFT,0,0.0,0,0,1,0.4803,0.3251,0.8054,,,,,,,,,,,,,,,,,43.68869808646349,1.2401,45,11,315,161,110,51,10.135578,0,ok,logs/seed_774939.log
634733,irt_only,GHEFT,0,0.0,0,0,1,0.3772,0.2615,0.6387,,,,,,,,,,,,,,,,,62.97424900662252,1.3791,49,10,308,132,96,36,9.597261,0,ok,logs/seed_634733.log
172408,irt_only,GHEFT,0,0.0,0,0,1,0.3901,0.307,0.6971,,,,,,,,,,,,,,,,,63.28833367561167,1.3715,53,11,322,168,129,39,9.796117,0,ok,logs/seed_172408.log
124353,irt_only,GHEFT,0,0.0,0,0,1,0.4891,0.3596,0.8487,,,,,,,,,,,,,,,,,75.03649713261646,2.0834,43,10,310,156,119,37,10.991546,0,ok,logs/seed_124353.log
704921,irt_only,GHEFT,0,0.0,0,0,1,0.4612,0.3032,0.7644,,,,,,,,,,,,,,,,,44.43682860736197,1.4226,44,10,320,146,107,39,10.23058,0,ok,logs/seed_704921.log
140623,irt_only,GHEFT,0,0.0,0,0,1,0.4824,0.2652,0.7476,,,,,,,,,,,,,,,,,45.99207924130664,1.1623,44,10,312,143,122,21,8.317404,0,ok,logs/seed_140623.log
965901,irt_only,GHEFT,0,0.0,0,0,1,0.4075,0.3184,0.7259,,,,,,,,,,,,,,,,,54.93492467191602,1.4946,44,10,296,152,118,34,9.942402,0,ok,logs/seed_965901.log
678805,irt_only,GHEFT,0,0.0,0,0,1,0.5056,0.3106,0.8162,,,,,,,,,,,,,,,,,57.70588731909029,1.7301,56,14,337,203,148,55,11.973965,0,ok,logs/seed_678805.log
888860,irt_only,GHEFT,0,0.0,0,0,1,0.5079,0.2744,0.7823,,,,,,,,,,,,,,,,,47.36762245606975,1.0986,45,10,298,155,119,36,8.657177,0,ok,logs/seed_888860.log
193042,irt_only,GHEFT,0,0.0,0,0,1,0.4619,0.3703,0.8322,,,,,,,,,,,,,,,,,51.37388039215687,1.3351,48,9,329,161,113,48,9.690163,0,ok,logs/seed_193042.log
606306,irt_only,GHEFT,0,0.0,0,0,1,0.4486,0.2973,0.7459,,,,,,,,,,,,,,,,,53.53394027160494,1.4949,42,11,299,142,109,33,9.053602,0,ok,logs/seed_606306.log
353318,irt_only,GHEFT,0,0.0,0,0,1,0.4513,0.2704,0.7217,,,,,,,,,,,,,,,,,47.73425589519651,1.142,49,11,350,167,136,31,8.334254,0,ok,logs/seed_353318.log
397237,irt_only,GHEFT,0,0.0,0,0,1,0.4801,0.273,0.7531,,,,,,,,,,,,,,,,,49.441207972270355,1.5547,47,13,314,169,125,44,13.492755,0,ok,logs/seed_397237.log
244510,irt_only,GHEFT,0,0.0,0,0,1,0.4043,0.2708,0.6751,,,,,,,,,,,,,,,,,70.87156376811595,1.6436,38,9,288,137,102,35,23.295565,0,ok,logs/seed_244510.log
580072,irt_only,GHEFT,0,0.0,0,0,1,0.401,0.226,0.627,,,,,,,,,,,,,,,,,48.29335993431856,1.5079,50,13,313,167,115,52,22.801394,0,ok,logs/seed_580072.log
839381,irt_only,GHEFT,0,0.0,0,0,1,0.4503,0.317,0.7673,,,,,,,,,,,,,,,,,75.68296402877698,1.7439,46,9,307,160,123,37,24.87424,0,ok,logs/seed_839381.log
949213,irt_only,GHEFT,0,0.0,0,0,1,0.4894,0.3003,0.7897,,,,,,,,,,,,,,,,,47.80321217296538,1.1652,39,12,312,162,112,50,21.196652,0,ok,logs/seed_949213.log
956973,irt_only,GHEFT,0,0.0,0,0,1,0.4095,0.256,0.6655,,,,,,,,,,,,,,,,,50.72175390428212,1.0811,56,13,309,154,108,46,18.772212,0,ok,logs/seed_956973.log
643831,irt_only,GHEFT,0,0.0,0,0,1,0.4422,0.2561,0.6983,,,,,,,,,,,,,,,,,51.2603703274934,1.2459,54,13,314,184,134,50,19.072931,0,ok,logs/seed_643831.log
602801,irt_only,GHEFT,0,0.0,0,0,1,0.4284,0.3327,0.7611,,,,,,,,,,,,,,,,,52.42250360065467,1.6618,47,12,288,150,101,49,17.877163,0,ok,logs/seed_602801.log
857566,irt_only,GHEFT,0,0.0,0,0,1,0.3967,0.2307,0.6274,,,,,,,,,,,,,,,,,45.59312957142858,1.2446,48,11,322,162,125,37,18.920203,0,ok,logs/seed_857566.log
857840,irt_only,GHEFT,0,0.0,0,0,1,0.4568,0.2852,0.742,,,,,,,,,,,,,,,,,53.2530605734767,1.4867,46,10,326,164,125,39,23.560866,0,ok,logs/seed_857840.log
788394,irt_only,GHEFT,0,0.0,0,0,1,0.4039,0.3223,0.7262,,,,,,,,,,,,,,,,,46.82032082618745,1.3218,46,11,292,149,118,31,21.009004,0,ok,logs/seed_788394.log
956037,irt_only,GHEFT,0,0.0,0,0,1,0.4482,0.2398,0.688,,,,,,,,,,,,,,,,,50.91614417106034,1.2727,48,11,324,175,139,36,20.674726,0,ok,logs/seed_956037.log
352927,irt_only,GHEFT,0,0.0,0,0,1,0.4887,0.334,0.8227,,,,,,,,,,,,,,,,,54.46475548817464,1.5058,41,11,304,168,125,43,21.244129,0,ok,logs/seed_352927.log
836556,irt_only,GHEFT,0,0.0,0,0,1,0.4443,0.256,0.7003,,,,,,,,,,,,,,,,,48.846178463329444,1.1202,46,11,324,168,133,35,21.262991,0,ok,logs/seed_836556.log
478809,irt_only,GHEFT,0,0.0,0,0,1,0.4192,0.2433,0.6625,,,,,,,,,,,,,,,,,47.985315384615376,1.3908,49,12,311,175,127,48,14.681552,0,ok,logs/seed_478809.log
321614,irt_only,GHEFT,0,0.0,0,0,1,0.3922,0.2441,0.6363,,,,,,,,,,,,,,,,,47.8674803986711,1.4998,54,12,321,159,113,46,18.454866,0,ok,logs/seed_321614.log
838657,irt_only,GHEFT,0,0.0,0,0,1,0.4261,0.3073,0.7334,,,,,,,,,,,,,,,,,50.541288014981276,1.2215,47,10,288,164,140,24,21.862286,0,ok,logs/seed_838657.log
833785,irt_only,GHEFT,0,0.0,0,0,1,0.3625,0.215,0.5775,,,,,,,,,,,,,,,,,51.80371475128645,1.2087,43,11,321,174,119,55,22.735065,0,ok,logs/seed_833785.log
506833,irt_only,GHEFT,0,0.0,0,0,1,0.405,0.2297,0.6347,,,,,,,,,,,,,,,,,60.907035474296286,1.2222,42,10,312,133,110,23,28.253999,0,ok,logs/seed_506833.log
108389,irt_only,GHEFT,0,0.0,0,0,1,0.4737,0.289,0.7627,,,,,,,,,,,,,,,,,48.47554171122995,1.5016,49,11,321,148,108,40,19.164014,0,ok,logs/seed_108389.log
345871,irt_only,GHEFT,0,0.0,0,0,1,0.3703,0.2822,0.6525,,,,,,,,,,,,,,,,,56.900134469200516,1.3465,50,11,331,178,136,42,25.850964,0,ok,logs/seed_345871.log
340242,irt_only,GHEFT,0,0.0,0,0,1,0.441,0.2629,0.7039,,,,,,,,,,,,,,,,,50.49836431028873,1.1671,53,12,325,165,129,36,23.418884,0,ok,logs/seed_340242.log
542308,irt_only,GHEFT,0,0.0,0,0,1,0.4228,0.2959,0.7187,,,,,,,,,,,,,,,,,47.283588227334235,1.1407,47,10,323,158,122,36,24.653774,0,ok,logs/seed_542308.log
203875,irt_only,GHEFT,0,0.0,0,0,1,0.4292,0.2562,0.6854,,,,,,,,,,,,,,,,,50.85769371470731,1.4491,45,10,306,163,123,40,22.292371,0,ok,logs/seed_203875.log
353268,irt_only,GHEFT,0,0.0,0,0,1,0.3942,0.2758,0.67,,,,,,,,,,,,,,,,,53.400156026455015,1.3558,46,12,338,186,144,42,24.471547,0,ok,logs/seed_353268.log
467050,irt_only,GHEFT,0,0.0,0,0,1,0.4323,0.318,0.7503,,,,,,,,,,,,,,,,,60.16414199623353,1.5863,59,14,343,201,129,72,22.885461,0,ok,logs/seed_467050.log
652960,irt_only,GHEFT,0,0.0,0,0,1,0.4144,0.2562,0.6706,,,,,,,,,,,,,,,,,49.925700000000006,1.2603,38,10,329,159,127,32,22.127539,0,ok,logs/seed_652960.log
97302,irt_only,GHEFT,0,0.0,0,0,1,0.3893,0.2274,0.6167,,,,,,,,,,,,,,,,,48.86922379421221,1.173,50,11,303,151,122,29,19.992356,0,ok,logs/seed_97302.log
976548,irt_only,GHEFT,0,0.0,0,0,1,0.4757,0.3089,0.7846,,,,,,,,,,,,,,,,,47.30035945945945,1.321,46,9,285,137,109,28,17.764179,0,ok,logs/seed_976548.log
64317,irt_only,GHEFT,0,0.0,0,0,1,0.4429,0.242,0.6849,,,,,,,,,,,,,,,,,51.03351137988535,1.2829,49,11,302,153,120,33,19.136202,0,ok,logs/seed_64317.log
795969,irt_only,GHEFT,0,0.0,0,0,1,0.3944,0.217,0.6114,,,,,,,,,,,,,,,,,47.02726757571622,1.2779,51,11,334,166,123,43,20.74867,0,ok,logs/seed_795969.log
661815,irt_only,GHEFT,0,0.0,0,0,1,0.4109,0.2564,0.6673,,,,,,,,,,,,,,,,,56.695257485029956,1.7471,48,12,308,172,131,41,21.294109,0,ok,logs/seed_661815.log
74484,irt_only,GHEFT,0,0.0,0,0,1,0.4334,0.2525,0.6859,,,,,,,,,,,,,,,,,58.748339186663756,1.108,53,12,316,157,117,40,22.819177,0,ok,logs/seed_74484.log
86122,irt_only,GHEFT,0,0.0,0,0,1,0.45,0.2702,0.7202,,,,,,,,,,,,,,,,,67.59838416779432,1.995,48,10,321,157,104,53,22.891833,0,ok,logs/seed_86122.log
361076,irt_only,GHEFT,0,0.0,0,0,1,0.407,0.2546,0.6616,,,,,,,,,,,,,,,,,55.38585884476536,1.4853,47,9,326,133,98,35,25.081517,0,ok,logs/seed_361076.log
577910,irt_only,GHEFT,0,0.0,0,0,1,0.4706,0.3049,0.7755,,,,,,,,,,,,,,,,,38.26342038120257,1.4279,47,12,305,150,109,41,23.636289,0,ok,logs/seed_577910.log
353010,irt_only,GHEFT,0,0.0,0,0,1,0.4522,0.2343,0.6865,,,,,,,,,,,,,,,,,44.42582019019751,1.3578,50,12,326,171,117,54,18.926516,0,ok,logs/seed_353010.log
970637,irt_only,GHEFT,0,0.0,0,0,1,0.4142,0.2297,0.6439,,,,,,,,,,,,,,,,,43.67432962962963,1.2603,50,11,333,165,125,40,19.238555,0,ok,logs/seed_970637.log
595007,irt_only,GHEFT,0,0.0,0,0,1,0.4051,0.227,0.6321,,,,,,,,,,,,,,,,,43.15188916372823,1.0648,36,8,287,143,116,27,19.693914,0,ok,logs/seed_595007.log
657766,irt_only,GHEFT,0,0.0,0,0,1,0.4288,0.3103,0.7391,,,,,,,,,,,,,,,,,56.76083992617452,1.2328,56,13,341,180,130,50,27.629923,0,ok,logs/seed_657766.log
496172,irt_only,GHEFT,0,0.0,0,0,1,0.4544,0.3387,0.7931,,,,,,,,,,,,,,,,,53.24345316455697,1.4324,47,10,316,154,132,22,22.31776,0,ok,logs/seed_496172.log
199762,irt_only,GHEFT,0,0.0,0,0,1,0.4371,0.3455,0.7826,,,,,,,,,,,,,,,,,62.35196890240453,1.5293,44,12,315,160,112,48,19.641781,0,ok,logs/seed_199762.log
870033,irt_only,GHEFT,0,0.0,0,0,1,0.4079,0.2076,0.6155,,,,,,,,,,,,,,,,,54.13505641025641,1.1959,46,10,322,163,125,38,17.020732,0,ok,logs/seed_870033.log
805412,irt_only,GHEFT,0,0.0,0,0,1,0.4382,0.2614,0.6996,,,,,,,,,,,,,,,,,53.41426559143969,1.0903,52,11,321,162,115,47,23.014716,0,ok,logs/seed_805412.log
114785,irt_only,GHEFT,0,0.0,0,0,1,0.4532,0.3129,0.7661,,,,,,,,,,,,,,,,,48.99861773049646,1.3275,44,11,311,155,117,38,17.225872,0,ok,logs/seed_114785.log
410342,irt_only,GHEFT,0,0.0,0,0,1,0.4873,0.2999,0.7872,,,,,,,,,,,,,,,,,53.641976744186046,1.3896,45,12,301,162,128,34,20.171865,0,ok,logs/seed_410342.log
880653,irt_only,GHEFT,0,0.0,0,0,1,0.4511,0.2798,0.7309,,,,,,,,,,,,,,,,,46.60644741641338,1.0881,53,12,319,157,106,51,19.591968,0,ok,logs/seed_880653.log
135819,irt_only,GHEFT,0,0.0,0,0,1,0.4363,0.2874,0.7237,,,,,,,,,,,,,,,,,44.71194022627278,1.2449,43,12,312,159,122,37,18.214072,0,ok,logs/seed_135819.log
751830,irt_only,GHEFT,0,0.0,0,0,1,0.4222,0.2827,0.7049,,,,,,,,,,,,,,,,,59.349569636135506,1.4071,47,12,307,180,133,47,15.39674,0,ok,logs/seed_751830.log
589417,irt_only,GHEFT,0,0.0,0,0,1,0.5035,0.3154,0.8189,,,,,,,,,,,,,,,,,53.806503448275876,1.3418,47,13,311,176,144,32,25.113809,0,ok,logs/seed_589417.log
325641,irt_only,GHEFT,0,0.0,0,0,1,0.4439,0.2388,0.6827,,,,,,,,,,,,,,,,,62.177146434231375,1.4665,56,12,333,169,131,38,18.519949,0,ok,logs/seed_325641.log
386458,irt_only,GHEFT,0,0.0,0,0,1,0.4781,0.3113,0.7894,,,,,,,,,,,,,,,,,54.58897264640475,1.3965,42,9,302,146,119,27,17.995169,0,ok,logs/seed_386458.log
635890,irt_only,GHEFT,0,0.0,0,0,1,0.4058,0.2817,0.6875,,,,,,,,,,,,,,,,,50.1504096345515,1.5637,49,12,312,128,92,36,17.572481,0,ok,logs/seed_635890.log
321530,irt_only,GHEFT,0,0.0,0,0,1,0.4386,0.311,0.7496,,,,,,,,,,,,,,,,,58.03956638655462,1.5901,45,11,307,167,130,37,23.233915,0,ok,logs/seed_321530.log
831017,irt_only,GHEFT,0,0.0,0,0,1,0.4309,0.2996,0.7305,,,,,,,,,,,,,,,,,43.885784557951474,1.3647,47,11,293,156,116,40,19.475785,0,ok,logs/seed_831017.log
656820,irt_only,GHEFT,0,0.0,0,0,1,0.448,0.2665,0.7145,,,,,,,,,,,,,,,,,52.575210470409715,1.3328,52,12,313,173,139,34,20.857882,0,ok,logs/seed_656820.log
52829,irt_only,GHEFT,0,0.0,0,0,1,0.377,0.2215,0.5985,,,,,,,,,,,,,,,,,53.83434501347709,1.5312,42,9,308,159,118,41,18.095788,0,ok,logs/seed_52829.log
121524,irt_only,GHEFT,0,0.0,0,0,1,0.4624,0.2552,0.7176,,,,,,,,,,,,,,,,,58.46510548424738,1.4677,50,13,329,172,127,45,24.120712,0,ok,logs/seed_121524.log
237123,irt_only,GHEFT,0,0.0,0,0,1,0.4659,0.3341,0.8,,,,,,,,,,,,,,,,,56.223839493434696,1.8486,52,11,310,168,116,52,17.291962,0,ok,logs/seed_237123.log
669751,irt_only,GHEFT,0,0.0,0,0,1,0.4182,0.2641,0.6823,,,,,,,,,,,,,,,,,48.96030592798691,1.4207,45,9,323,158,129,29,20.380573,0,ok,logs/seed_669751.log
113454,irt_only,GHEFT,0,0.0,0,0,1,0.4343,0.2618,0.6961,,,,,,,,,,,,,,,,,48.4395546802595,1.2167,48,12,293,148,110,38,19.975399,0,ok,logs/seed_113454.log
438348,irt_only,GHEFT,0,0.0,0,0,1,0.458,0.3823,0.8403,,,,,,,,,,,,,,,,,54.90617864526804,1.5808,50,11,340,166,122,44,22.325868,0,ok,logs/seed_438348.log
899876,irt_only,GHEFT,0,0.0,0,0,1,0.4106,0.2385,0.6491,,,,,,,,,,,,,,,,,57.82058564500484,1.3251,50,13,334,188,134,54,11.930948,0,ok,logs/seed_899876.log
450238,irt_only,GHEFT,0,0.0,0,0,1,0.4085,0.2698,0.6783,,,,,,,,,,,,,,,,,49.25004371725825,1.3313,42,9,325,144,102,42,12.485421,0,ok,logs/seed_450238.log
652597,irt_only,GHEFT,0,0.0,0,0,1,0.4637,0.3756,0.8393,,,,,,,,,,,,,,,,,48.198362076787305,1.2932,42,10,334,173,125,48,11.267115,0,ok,logs/seed_652597.log
54061,irt_only,GHEFT,0,0.0,0,0,1,0.5008,0.2678,0.7686,,,,,,,,,,,,,,,,,50.218484810126576,1.3635,46,9,322,160,108,52,9.780708,0,ok,logs/seed_54061.log
254848,irt_only,GHEFT,0,0.0,0,0,1,0.4647,0.263,0.7277,,,,,,,,,,,,,,,,,51.85124154103852,1.3227,51,12,312,164,125,39,9.874032,0,ok,logs/seed_254848.log
1391,irt_only,GHEFT,0,0.0,0,0,1,0.4269,0.2923,0.7192,,,,,,,,,,,,,,,,,46.47631881918819,1.4632,47,10,322,141,115,26,9.624131,0,ok,logs/seed_1391.log
978211,irt_only,GHEFT,0,0.0,0,0,1,0.4402,0.2476,0.6878,,,,,,,,,,,,,,,,,53.88888498896249,1.3521,45,11,294,140,107,33,10.747146,0,ok,logs/seed_978211.log
687522,irt_only,GHEFT,0,0.0,0,0,1,0.432,0.2823,0.7143,,,,,,,,,,,,,,,,,49.87047370559238,1.3343,47,11,312,150,113,37,10.49104,0,ok,logs/seed_687522.log
642133,irt_only,GHEFT,0,0.0,0,0,1,0.4482,0.2875,0.7357,,,,,,,,,,,,,,,,,47.651553266331675,1.3395,47,9,331,146,111,35,11.789764,0,ok,logs/seed_642133.log
214700,irt_only,GHEFT,0,0.0,0,0,1,0.3763,0.291,0.6673,,,,,,,,,,,,,,,,,52.571089888888885,1.1157,44,8,303,161,131,30,9.045632,0,ok,logs/seed_214700.log
888370,irt_only,GHEFT,0,0.0,0,0,1,0.4327,0.2594,0.6921,,,,,,,,,,,,,,,,,61.493027373134325,1.6048,51,12,323,198,146,52,10.116122,0,ok,logs/seed_888370.log
483636,irt_only,GHEFT,0,0.0,0,0,1,0.3881,0.2106,0.5987,,,,,,,,,,,,,,,,,69.6415028169014,1.875,50,11,308,165,132,33,9.408704,0,ok,logs/seed_483636.log
678341,irt_only,GHEFT,0,0.0,0,0,1,0.4357,0.2185,0.6542,,,,,,,,,,,,,,,,,51.50256997742664,1.2048,48,12,331,159,123,36,9.11495,0,ok,logs/seed_678341.log
53458,irt_only,GHEFT,0,0.0,0,0,1,0.4028,0.3113,0.7141,,,,,,,,,,,,,,,,,48.324354733118966,1.279,41,11,288,155,110,45,9.469672,0,ok,logs/seed_53458.log
235293,irt_only,GHEFT,0,0.0,0,0,1,0.4789,0.2938,0.7727,,,,,,,,,,,,,,,,,48.00015871164993,1.237,39,12,287,152,117,35,6.700878,0,ok,logs/seed_235293.log
652153,irt_only,GHEFT,0,0.0,0,0,1,0.4846,0.2996,0.7842,,,,,,,,,,,,,,,,,54.496735373537355,1.2761,43,11,306,147,105,42,6.564786,0,ok,logs/seed_652153.log
265987,irt_only,GHEFT,0,0.0,0,0,1,0.4249,0.3179,0.7428,,,,,,,,,,,,,,,,,45.425870772176125,1.4251,49,11,315,148,118,30,10.084052,0,ok,logs/seed_265987.log
876344,irt_only,GHEFT,0,0.0,0,0,1,0.4133,0.3005,0.7138,,,,,,,,,,,,,,,,,70.91683987682832,1.8004,41,10,299,161,119,42,23.461582,0,ok,logs/seed_876344.log
641296,irt_only,GHEFT,0,0.0,0,0,1,0.446,0.3054,0.7514,,,,,,,,,,,,,,,,,54.71970710571924,1.3246,43,10,300,164,122,42,18.657661,0,ok,logs/seed_641296.log
595834,irt_only,GHEFT,0,0.0,0,0,1,0.4549,0.2237,0.6786,,,,,,,,,,,,,,,,,49.42470180806675,1.1894,45,11,317,167,121,46,19.227524,0,ok,logs/seed_595834.log
738391,irt_only,GHEFT,0,0.0,0,0,1,0.4597,0.2798,0.7395,,,,,,,,,,,,,,,,,52.51674382632293,1.1752,41,11,301,158,121,37,20.12237,0,ok,logs/seed_738391.log
928512,irt_only,GHEFT,0,0.0,0,0,1,0.4348,0.2503,0.6851,,,,,,,,,,,,,,,,,56.13829732620319,1.3165,51,12,331,173,125,48,27.60439,0,ok,logs/seed_928512.log
181217,irt_only,GHEFT,0,0.0,0,0,1,0.4135,0.2889,0.7024,,,,,,,,,,,,,,,,,54.66715410476935,1.2566,44,10,302,144,110,34,15.840833,0,ok,logs/seed_181217.log
93772,irt_only,GHEFT,0,0.0,0,0,1,0.4066,0.3609,0.7675,,,,,,,,,,,,,,,,,58.391077611940304,1.1858,45,8,303,145,115,30,27.708775,0,ok,logs/seed_93772.log
348523,irt_only,GHEFT,0,0.0,0,0,1,0.3821,0.2629,0.645,,,,,,,,,,,,,,,,,61.47337588652483,1.3886,36,10,282,123,95,28,21.516998,0,ok,logs/seed_348523.log
466445,irt_only,GHEFT,0,0.0,0,0,1,0.4542,0.3304,0.7846,,,,,,,,,,,,,,,,,64.09981732653061,1.7828,53,13,338,198,141,57,26.946964,0,ok,logs/seed_466445.log
520238,irt_only,GHEFT,0,0.0,0,0,1,0.4463,0.3272,0.7735,,,,,,,,,,,,,,,,,67.83755129682999,1.6573,55,13,318,175,113,62,22.21841,0,ok,logs/seed_520238.log
512606,irt_only,GHEFT,0,0.0,0,0,1,0.4961,0.2873,0.7834,,,,,,,,,,,,,,,,,44.80973899204243,1.1333,40,8,298,142,110,32,18.8922,0,ok,logs/seed_512606.log
732043,irt_only,GHEFT,0,0.0,0,0,1,0.4845,0.2876,0.7721,,,,,,,,,,,,,,,,,41.975021181818185,1.3104,52,13,323,168,139,29,21.288679,0,ok,logs/seed_732043.log
912078,irt_only,GHEFT,0,0.0,0,0,1,0.4142,0.2946,0.7088,,,,,,,,,,,,,,,,,51.150474074074076,1.4752,50,11,307,149,105,44,19.51717,0,ok,logs/seed_912078.log
770623,irt_only,GHEFT,0,0.0,0,0,1,0.4678,0.2936,0.7614,,,,,,,,,,,,,,,,,50.73136862745097,1.2609,45,9,305,154,116,38,16.541359,0,ok,logs/seed_770623.log
274449,irt_only,GHEFT,0,0.0,0,0,1,0.4275,0.2499,0.6774,,,,,,,,,,,,,,,,,47.29709625593009,1.3007,47,13,310,142,114,28,11.388095,0,ok,logs/seed_274449.log
657848,irt_only,GHEFT,0,0.0,0,0,1,0.4219,0.2565,0.6784,,,,,,,,,,,,,,,,,46.47461241009463,1.3182,48,11,319,142,113,29,15.813681,0,ok,logs/seed_657848.log
807691,irt_only,GHEFT,0,0.0,0,0,1,0.4508,0.3627,0.8135,,,,,,,,,,,,,,,,,61.7326712871287,1.4777,45,10,303,158,109,49,13.765096,0,ok,logs/seed_807691.log
351419,irt_only,GHEFT,0,0.0,0,0,1,0.4512,0.3003,0.7515,,,,,,,,,,,,,,,,,43.131244538268504,1.1521,46,11,317,149,111,38,13.3424,0,ok,logs/seed_351419.log
726609,irt_only,GHEFT,0,0.0,0,0,1,0.4781,0.291,0.7691,,,,,,,,,,,,,,,,,47.51934582758621,1.2125,45,12,287,157,121,36,14.429037,0,ok,logs/seed_726609.log
560070,irt_only,GHEFT,0,0.0,0,0,1,0.4547,0.3285,0.7832,,,,,,,,,,,,,,,,,53.71583302752293,1.2708,48,10,317,166,129,37,16.95196,0,ok,logs/seed_560070.log
342707,irt_only,GHEFT,0,0.0,0,0,1,0.4438,0.2521,0.6959,,,,,,,,,,,,,,,,,50.486675967459334,1.1441,46,10,315,144,118,26,16.165736,0,ok,logs/seed_342707.log
56666,irt_only,GHEFT,0,0.0,0,0,1,0.4476,0.3185,0.7661,,,,,,,,,,,,,,,,,44.15647393526406,1.2363,50,10,314,142,113,29,14.538825,0,ok,logs/seed_56666.log
285209,irt_only,GHEFT,0,0.0,0,0,1,0.4656,0.2898,0.7554,,,,,,,,,,,,,,,,,46.49191398702234,1.2159,44,10,315,170,142,28,15.912971,0,ok,logs/seed_285209.log
886960,irt_only,GHEFT,0,0.0,0,0,1,0.4085,0.2216,0.6301,,,,,,,,,,,,,,,,,57.83975941043083,1.4602,45,11,332,168,129,39,16.554272,0,ok,logs/seed_886960.log
621730,irt_only,GHEFT,0,0.0,0,0,1,0.4256,0.3361,0.7617,,,,,,,,,,,,,,,,,43.14944635315984,1.2236,43,12,308,154,126,28,11.744991,0,ok,logs/seed_621730.log
904473,irt_only,GHEFT,0,0.0,0,0,1,0.4846,0.2829,0.7675,,,,,,,,,,,,,,,,,54.960996965030276,1.1234,49,10,314,152,124,28,17.841161,0,ok,logs/seed_904473.log
653339,irt_only,GHEFT,0,0.0,0,0,1,0.4159,0.2863,0.7022,,,,,,,,,,,,,,,,,46.0163779661017,1.2146,45,12,305,159,118,41,13.629593,0,ok,logs/seed_653339.log
168058,irt_only,GHEFT,0,0.0,0,0,1,0.4894,0.2226,0.712,,,,,,,,,,,,,,,,,46.49196947444204,1.3688,43,12,303,145,110,35,12.570576,0,ok,logs/seed_168058.log
442021,irt_only,GHEFT,0,0.0,0,0,1,0.4516,0.2429,0.6945,,,,,,,,,,,,,,,,,55.73895401974614,1.3698,45,12,333,167,125,42,12.599528,0,ok,logs/seed_442021.log
583293,irt_only,GHEFT,0,0.0,0,0,1,0.5134,0.2914,0.8048,,,,,,,,,,,,,,,,,47.8993468335788,1.2838,43,10,318,132,102,30,7.702557,0,ok,logs/seed_583293.log
889618,irt_only,GHEFT,0,0.0,0,0,1,0.3975,0.2375,0.635,,,,,,,,,,,,,,,,,48.05253913033955,1.1704,46,11,328,164,133,31,9.860514,0,ok,logs/seed_889618.log
366067,irt_only,GHEFT,0,0.0,0,0,1,0.3884,0.2279,0.6163,,,,,,,,,,,,,,,,,50.70164708423325,1.2046,42,11,299,151,118,33,13.564171,0,ok,logs/seed_366067.log
814962,irt_only,GHEFT,0,0.0,0,0,1,0.4531,0.2502,0.7033,,,,,,,,,,,,,,,,,47.92148267716535,1.3748,39,10,320,161,130,31,21.967087,0,ok,logs/seed_814962.log
272538,irt_only,GHEFT,0,0.0,0,0,1,0.4216,0.2656,0.6872,,,,,,,,,,,,,,,,,55.33044641638225,1.459,44,12,299,173,137,36,24.687477,0,ok,logs/seed_272538.log
997364,irt_only,GHEFT,0,0.0,0,0,1,0.4746,0.2762,0.7508,,,,,,,,,,,,,,,,,41.92772103167624,1.1923,53,13,341,171,120,51,23.135898,0,ok,logs/seed_997364.log
829067,irt_only,GHEFT,0,0.0,0,0,1,0.4654,0.271,0.7364,,,,,,,,,,,,,,,,,52.24528487376814,1.3723,48,11,322,163,115,48,24.587081,0,ok,logs/seed_829067.log
823366,irt_only,GHEFT,0,0.0,0,0,1,0.4315,0.2815,0.713,,,,,,,,,,,,,,,,,52.9523757704918,1.6308,43,12,303,156,102,54,18.590518,0,ok,logs/seed_823366.log
492603,irt_only,GHEFT,0,0.0,0,0,1,0.4513,0.2816,0.7329,,,,,,,,,,,,,,,,,49.12187050359713,1.2391,52,12,326,166,108,58,21.962234,0,ok,logs/seed_492603.log
767656,irt_only,GHEFT,0,0.0,0,0,1,0.4303,0.2532,0.6835,,,,,,,,,,,,,,,,,44.91028394863562,1.195,42,11,316,120,99,21,23.343903,0,ok,logs/seed_767656.log
729327,irt_only,GHEFT,0,0.0,0,0,1,0.4847,0.269,0.7537,,,,,,,,,,,,,,,,,51.09408179470199,1.2306,55,13,324,175,115,60,20.897168,0,ok,logs/seed_729327.log
666140,irt_only,GHEFT,0,0.0,0,0,1,0.4884,0.3057,0.7941,,,,,,,,,,,,,,,,,42.46139282700421,1.1931,53,12,322,161,120,41,21.285775,0,ok,logs/seed_666140.log
931213,irt_only,GHEFT,0,0.0,0,0,1,0.472,0.3586,0.8306,,,,,,,,,,,,,,,,,56.50140597237569,1.2201,58,12,335,187,124,63,23.187951,0,ok,logs/seed_931213.log
479086,irt_only,GHEFT,0,0.0,0,0,1,0.4505,0.2671,0.7176,,,,,,,,,,,,,,,,,39.082201360544225,1.5234,50,12,321,164,117,47,21.392798,0,ok,logs/seed_479086.log
648286,irt_only,GHEFT,0,0.0,0,0,1,0.4408,0.2921,0.7329,,,,,,,,,,,,,,,,,57.61426425269647,1.2111,43,12,303,148,112,36,21.066011,0,ok,logs/seed_648286.log
578832,irt_only,GHEFT,0,0.0,0,0,1,0.4427,0.2748,0.7175,,,,,,,,,,,,,,,,,50.06156666666668,1.2097,51,12,318,169,127,42,17.39655,0,ok,logs/seed_578832.log
781836,irt_only,GHEFT,0,0.0,0,0,1,0.4414,0.3339,0.7753,,,,,,,,,,,,,,,,,59.91846963359903,1.8719,40,10,279,159,133,26,10.822848,0,ok,logs/seed_781836.log
659171,irt_only,GHEFT,0,0.0,0,0,1,0.4505,0.2318,0.6823,,,,,,,,,,,,,,,,,41.274420411160065,1.2987,49,12,320,151,115,36,17.081526,0,ok,logs/seed_659171.log
667338,irt_only,GHEFT,0,0.0,0,0,1,0.4479,0.2295,0.6774,,,,,,,,,,,,,,,,,45.00113551533742,1.3605,44,9,325,135,105,30,17.770163,0,ok,logs/seed_667338.log
967649,irt_only,GHEFT,0,0.0,0,0,1,0.485,0.2857,0.7707,,,,,,,,,,,,,,,,,42.475659720062204,1.452,38,9,303,150,113,37,20.117845,0,ok,logs/seed_967649.log
413495,irt_only,GHEFT,0,0.0,0,0,1,0.4325,0.2488,0.6813,,,,,,,,,,,,,,,,,53.0068270155587,1.1824,52,10,353,183,131,52,19.787593,0,ok,logs/seed_413495.log
46799,irt_only,GHEFT,0,0.0,0,0,1,0.4452,0.2761,0.7213,,,,,,,,,,,,,,,,,67.82962998544396,1.357,54,11,330,173,133,40,20.169583,0,ok,logs/seed_46799.log
213320,irt_only,GHEFT,0,0.0,0,0,1,0.4669,0.2243,0.6912,,,,,,,,,,,,,,,,,46.52937370892018,1.192,44,11,308,149,102,47,16.753199,0,ok,logs/seed_213320.log
84966,irt_only,GHEFT,0,0.0,0,0,1,0.4881,0.3356,0.8237,,,,,,,,,,,,,,,,,41.89106073015873,1.5166,61,14,322,172,110,62,15.428493,0,ok,logs/seed_84966.log
372841,irt_only,GHEFT,0,0.0,0,0,1,0.4299,0.2232,0.6531,,,,,,,,,,,,,,,,,45.16501183355006,1.3122,49,10,325,164,141,23,20.715625,0,ok,logs/seed_372841.log
491732,irt_only,GHEFT,0,0.0,0,0,1,0.4778,0.3004,0.7782,,,,,,,,,,,,,,,,,40.801707958369846,1.244,48,11,304,153,111,42,16.00528,0,ok,logs/seed_491732.log
770980,irt_only,GHEFT,0,0.0,0,0,1,0.4582,0.2853,0.7435,,,,,,,,,,,,,,,,,45.39129856888169,1.364,48,11,309,152,115,37,15.368219,0,ok,logs/seed_770980.log
811224,irt_only,GHEFT,0,0.0,0,0,1,0.4181,0.3089,0.727,,,,,,,,,,,,,,,,,49.169599999999996,1.2114,45,9,336,156,116,40,16.808514,0,ok,logs/seed_811224.log
498974,irt_only,GHEFT,0,0.0,0,0,1,0.4329,0.2858,0.7187,,,,,,,,,,,,,,,,,55.68217153824363,1.3126,52,13,336,176,135,41,17.562513,0,ok,logs/seed_498974.log
200046,irt_only,GHEFT,0,0.0,0,0,1,0.4987,0.2965,0.7952,,,,,,,,,,,,,,,,,42.909436463258785,1.3175,43,14,294,175,120,55,13.064582,0,ok,logs/seed_200046.log
326276,irt_only,GHEFT,0,0.0,0,0,1,0.4941,0.2894,0.7835,,,,,,,,,,,,,,,,,47.00781699020937,1.3092,52,11,326,142,96,46,12.736675,0,ok,logs/seed_326276.log
640113,irt_only,GHEFT,0,0.0,0,0,1,0.418,0.2864,0.7044,,,,,,,,,,,,,,,,,57.69183333333333,1.442,53,11,313,168,116,52,6.734797,0,ok,logs/seed_640113.log
695200,irt_only,GHEFT,0,0.0,0,0,1,0.4108,0.2687,0.6795,,,,,,,,,,,,,,,,,53.05553971462544,1.1283,47,12,303,165,117,48,21.477977,0,ok,logs/seed_695200.log
774075,irt_only,GHEFT,0,0.0,0,0,1,0.4683,0.3645,0.8328,,,,,,,,,,,,,,,,,53.40671616364856,1.5762,44,8,315,151,124,27,19.235847,0,ok,logs/seed_774075.log
389892,irt_only,GHEFT,0,0.0,0,0,1,0.4455,0.238,0.6835,,,,,,,,,,,,,,,,,48.87224761904761,1.1321,55,12,335,163,131,32,24.034001,0,ok,logs/seed_389892.log
955718,irt_only,GHEFT,0,0.0,0,0,1,0.4952,0.3474,0.8426,,,,,,,,,,,,,,,,,59.2450631051753,1.4792,50,12,304,152,99,53,21.583794,0,ok,logs/seed_955718.log
522004,irt_only,GHEFT,0,0.0,0,0,1,0.4905,0.2394,0.7299,,,,,,,,,,,,,,,,,59.51217731384828,1.4847,46,13,294,176,130,46,20.282117,0,ok,logs/seed_522004.log
385731,irt_only,GHEFT,0,0.0,0,0,1,0.4584,0.2375,0.6959,,,,,,,,,,,,,,,,,46.00799775280899,1.4044,45,10,309,148,122,26,17.196013,0,ok,logs/seed_385731.log
726289,irt_only,GHEFT,0,0.0,0,0,1,0.4496,0.2715,0.7211,,,,,,,,,,,,,,,,,51.212023953327574,1.4888,47,10,314,158,122,36,23.590149,0,ok,logs/seed_726289.log
840325,irt_only,GHEFT,0,0.0,0,0,1,0.4167,0.2787,0.6954,,,,,,,,,,,,,,,,,57.112833884297515,1.1956,52,13,327,180,128,52,23.82591,0,ok,logs/seed_840325.log
754746,irt_only,GHEFT,0,0.0,0,0,1,0.4124,0.2465,0.6589,,,,,,,,,,,,,,,,,45.623241732283454,1.4406,46,10,294,153,108,45,19.539955,0,ok,logs/seed_754746.log
717000,irt_only,GHEFT,0,0.0,0,0,1,0.4336,0.2347,0.6683,,,,,,,,,,,,,,,,,58.73262238325281,1.0574,51,11,326,167,122,45,22.054757,0,ok,logs/seed_717000.log
70922,irt_only,GHEFT,0,0.0,0,0,1,0.4186,0.2818,0.7004,,,,,,,,,,,,,,,,,56.423582287308236,1.1853,51,11,339,173,136,37,20.44564,0,ok,logs/seed_70922.log
108172,irt_only,GHEFT,0,0.0,0,0,1,0.4481,0.2942,0.7423,,,,,,,,,,,,,,,,,46.72256582914573,1.1672,40,10,307,137,106,31,24.797829,0,ok,logs/seed_108172.log
486905,irt_only,GHEFT,0,0.0,0,0,1,0.4233,0.3083,0.7316,,,,,,,,,,,,,,,,,60.30856202723147,1.0642,46,11,319,169,125,44,20.675549,0,ok,logs/seed_486905.log
268061,irt_only,GHEFT,0,0.0,0,0,1,0.3872,0.188,0.5752,,,,,,,,,,,,,,,,,61.83406639765224,1.271,50,12,299,156,132,24,18.096089,0,ok,logs/seed_268061.log
692334,irt_only,GHEFT,0,0.0,0,0,1,0.4487,0.2673,0.716,,,,,,,,,,,,,,,,,53.75476844919786,1.0827,46,10,318,144,115,29,15.501655,0,ok,logs/seed_692334.log
719918,irt_only,GHEFT,0,0.0,0,0,1,0.5025,0.353,0.8555,,,,,,,,,,,,,,,,,47.25824503311257,1.3093,43,11,308,139,101,38,15.277716,0,ok,logs/seed_719918.log
946535,irt_only,GHEFT,0,0.0,0,0,1,0.4522,0.3028,0.755,,,,,,,,,,,,,,,,,41.06575445026178,1.0763,48,8,331,144,103,41,17.148959,0,ok,logs/seed_946535.log
453449,irt_only,GHEFT,0,0.0,0,0,1,0.4777,0.3568,0.8345,,,,,,,,,,,,,,,,,50.39243998920669,1.4674,51,13,323,186,146,40,20.84768,0,ok,logs/seed_453449.log
623966,irt_only,GHEFT,0,0.0,0,0,1,0.4471,0.3063,0.7534,,,,,,,,,,,,,,,,,45.59939354838709,1.3432,44,12,327,178,131,47,17.571953,0,ok,logs/seed_623966.log
185535,irt_only,GHEFT,0,0.0,0,0,1,0.4397,0.2876,0.7273,,,,,,,,,,,,,,,,,62.658461016949154,1.165,41,10,304,155,133,22,17.610644,0,ok,logs/seed_185535.log
482729,irt_only,GHEFT,0,0.0,0,0,1,0.438,0.2912,0.7292,,,,,,,,,,,,,,,,,56.504530598052845,1.5625,57,13,312,156,116,40,16.217137,0,ok,logs/seed_482729.log
2208,irt_only,GHEFT,0,0.0,0,0,1,0.4239,0.2268,0.6507,,,,,,,,,,,,,,,,,58.6566293657689,1.4337,42,9,324,161,121,40,16.561888,0,ok,logs/seed_2208.log
226101,irt_only,GHEFT,0,0.0,0,0,1,0.457,0.3065,0.7635,,,,,,,,,,,,,,,,,46.286933944954136,1.3343,47,11,318,155,120,35,21.838399,0,ok,logs/seed_226101.log
750848,irt_only,GHEFT,0,0.0,0,0,1,0.399,0.2125,0.6115,,,,,,,,,,,,,,,,,52.45743549965059,1.3729,55,12,323,156,125,31,20.521955,0,ok,logs/seed_750848.log
430115,irt_only,GHEFT,0,0.0,0,0,1,0.4267,0.245,0.6717,,,,,,,,,,,,,,,,,60.09964511278196,1.6417,42,11,314,164,132,32,20.117378,0,ok,logs/seed_430115.log
360828,irt_only,GHEFT,0,0.0,0,0,1,0.4318,0.2962,0.728,,,,,,,,,,,,,,,,,56.33745614973261,1.4455,49,11,335,174,118,56,22.351263,0,ok,logs/seed_360828.log
686023,irt_only,GHEFT,0,0.0,0,0,1,0.4709,0.2871,0.758,,,,,,,,,,,,,,,,,50.021078599735795,1.5041,43,12,304,137,106,31,23.335293,0,ok,logs/seed_686023.log
910767,irt_only,GHEFT,0,0.0,0,0,1,0.4816,0.2965,0.7781,,,,,,,,,,,,,,,,,52.14918701134214,1.3153,53,13,311,169,135,34,22.047758,0,ok,logs/seed_910767.log
867129,irt_only,GHEFT,0,0.0,0,0,1,0.4164,0.2595,0.6759,,,,,,,,,,,,,,,,,57.235238983050856,1.548,49,11,317,171,143,28,19.475439,0,ok,logs/seed_867129.log
594299,irt_only,GHEFT,0,0.0,0,0,1,0.4754,0.3459,0.8213,,,,,,,,,,,,,,,,,52.13872280451128,1.3453,52,11,328,180,134,46,22.838993,0,ok,logs/seed_594299.log
141316,irt_only,GHEFT,0,0.0,0,0,1,0.4708,0.225,0.6958,,,,,,,,,,,,,,,,,43.24520966340934,1.3342,50,11,311,160,112,48,17.390212,0,ok,logs/seed_141316.log
200207,irt_only,GHEFT,0,0.0,0,0,1,0.4231,0.2795,0.7026,,,,,,,,,,,,,,,,,54.596755555555546,1.4968,49,9,320,155,111,44,23.071292,0,ok,logs/seed_200207.log
575011,irt_only,GHEFT,0,0.0,0,0,1,0.4441,0.3479,0.792,,,,,,,,,,,,,,,,,65.98124266666666,1.2281,43,10,314,148,103,45,20.606077,0,ok,logs/seed_575011.log
765419,irt_only,GHEFT,0,0.0,0,0,1,0.4178,0.25,0.6678,,,,,,,,,,,,,,,,,53.646913513513496,1.1903,43,10,333,160,133,27,19.841456,0,ok,logs/seed_765419.log
676245,irt_only,GHEFT,0,0.0,0,0,1,0.3875,0.2254,0.6129,,,,,,,,,,,,,,,,,54.71865394117646,1.2543,53,14,307,167,127,40,19.00335,0,ok,logs/seed_676245.log
743656,irt_only,GHEFT,0,0.0,0,0,1,0.4476,0.3003,0.7479,,,,,,,,,,,,,,,,,45.38643285198555,1.1532,55,12,339,184,135,49,22.582821,0,ok,logs/seed_743656.log
469800,irt_only,GHEFT,0,0.0,0,0,1,0.4362,0.2633,0.6995,,,,,,,,,,,,,,,,,56.111598425196846,1.1985,47,11,295,168,120,48,19.689567,0,ok,logs/seed_469800.log
384437,irt_only,GHEFT,0,0.0,0,0,1,0.427,0.2562,0.6832,,,,,,,,,,,,,,,,,75.82700952380952,1.3204,48,11,293,169,123,46,20.392515,0,ok,logs/seed_384437.log
692498,irt_only,GHEFT,0,0.0,0,0,1,0.4423,0.2491,0.6914,,,,,,,,,,,,,,,,,48.063826962727994,1.258,50,11,293,162,133,29,20.382466,0,ok,logs/seed_692498.log
385750,irt_only,GHEFT,0,0.0,0,0,1,0.4387,0.332,0.7707,,,,,,,,,,,,,,,,,63.02335913953487,1.6196,44,11,316,165,119,46,25.380134,0,ok,logs/seed_385750.log
966044,irt_only,GHEFT,0,0.0,0,0,1,0.472,0.2801,0.7521,,,,,,,,,,,,,,,,,52.950930411764716,1.2627,52,12,305,174,119,55,18.032927,0,ok,logs/seed_966044.log
231504,irt_only,GHEFT,0,0.0,0,0,1,0.4104,0.232,0.6424,,,,,,,,,,,,,,,,,51.46571851360319,1.4277,44,12,308,167,114,53,20.151744,0,ok,logs/seed_231504.log
758710,irt_only,GHEFT,0,0.0,0,0,1,0.4291,0.3231,0.7522,,,,,,,,,,,,,,,,,53.249440078585465,1.6296,50,12,317,173,126,47,22.392428,0,ok,logs/seed_758710.log
855896,irt_only,GHEFT,0,0.0,0,0,1,0.4356,0.3227,0.7583,,,,,,,,,,,,,,,,,51.488325281984324,1.2515,49,12,327,172,130,42,22.635579,0,ok,logs/seed_855896.log
165859,irt_only,GHEFT,0,0.0,0,0,1,0.3616,0.2377,0.5993,,,,,,,,,,,,,,,,,51.50300344263509,1.2634,43,10,336,167,123,44,21.515685,0,ok,logs/seed_165859.log
804367,irt_only,GHEFT,0,0.0,0,0,1,0.4724,0.2698,0.7422,,,,,,,,,,,,,,,,,44.681804895104904,1.4837,46,11,308,129,91,38,16.259859,0,ok,logs/seed_804367.log
317518,irt_only,GHEFT,0,0.0,0,0,1,0.4499,0.3097,0.7596,,,,,,,,,,,,,,,,,58.875596011876475,1.344,56,14,333,198,149,49,25.475957,0,ok,logs/seed_317518.log
461209,irt_only,GHEFT,0,0.0,0,0,1,0.4302,0.3107,0.7409,,,,,,,,,,,,,,,,,51.6546592974813,1.2708,46,10,329,153,112,41,23.010151,0,ok,logs/seed_461209.log
882850,irt_only,GHEFT,0,0.0,0,0,1,0.4331,0.3397,0.7728,,,,,,,,,,,,,,,,,57.41077969174976,1.5477,44,11,330,151,117,34,26.418694,0,ok,logs/seed_882850.log
64681,irt_only,GHEFT,0,0.0,0,0,1,0.4762,0.4044,0.8806,,,,,,,,,,,,,,,,,51.346965497041424,1.3924,50,11,308,176,122,54,19.207235,0,ok,logs/seed_64681.log
173770,irt_only,GHEFT,0,0.0,0,0,1,0.3968,0.2392,0.636,,,,,,,,,,,,,,,,,56.880565827304544,1.253,56,12,334,172,134,38,25.27769,0,ok,logs/seed_173770.log
258441,irt_only,GHEFT,0,0.0,0,0,1,0.4598,0.2826,0.7424,,,,,,,,,,,,,,,,,42.52987650676506,1.165,41,10,322,158,116,42,24.013802,0,ok,logs/seed_258441.log
324860,irt_only,GHEFT,0,0.0,0,0,1,0.438,0.2582,0.6962,,,,,,,,,,,,,,,,,59.0166866614049,1.6491,46,10,320,149,127,22,25.376353,0,ok,logs/seed_324860.log
107009,irt_only,GHEFT,0,0.0,0,0,1,0.5038,0.2628,0.7666,,,,,,,,,,,,,,,,,51.49357073170732,1.1688,46,12,313,155,119,36,23.561286,0,ok,logs/seed_107009.log
161981,irt_only,GHEFT,0,0.0,0,0,1,0.4053,0.2435,0.6488,,,,,,,,,,,,,,,,,44.30530000000001,1.2745,40,11,295,156,122,34,21.258956,0,ok,logs/seed_161981.log
290380,irt_only,GHEFT,0,0.0,0,0,1,0.4466,0.3057,0.7523,,,,,,,,,,,,,,,,,66.3682928396564,1.4798,45,10,301,174,134,40,15.560048,0,ok,logs/seed_290380.log
976250,irt_only,GHEFT,0,0.0,0,0,1,0.4201,0.2728,0.6929,,,,,,,,,,,,,,,,,50.38978527947598,1.1655,48,10,296,152,116,36,22.799016,0,ok,logs/seed_976250.log
254077,irt_only,GHEFT,0,0.0,0,0,1,0.4367,0.3504,0.7871,,,,,,,,,,,,,,,,,61.11674056543858,1.6801,38,9,318,148,114,34,24.033294,0,ok,logs/seed_254077.log
539967,irt_only,GHEFT,0,0.0,0,0,1,0.4311,0.2388,0.6699,,,,,,,,,,,,,,,,,43.38560562427747,1.1932,52,14,319,159,117,42,21.450233,0,ok,logs/seed_539967.log
599304,irt_only,GHEFT,0,0.0,0,0,1,0.4646,0.2757,0.7403,,,,,,,,,,,,,,,,,44.68691027835051,1.2448,47,11,304,142,98,44,23.849951,0,ok,logs/seed_599304.log
287821,irt_only,GHEFT,0,0.0,0,0,1,0.4376,0.2758,0.7134,,,,,,,,,,,,,,,,,49.14910576923077,1.4168,52,9,343,157,115,42,27.588969,0,ok,logs/seed_287821.log
48051,irt_only,GHEFT,0,0.0,0,0,1,0.5047,0.291,0.7957,,,,,,,,,,,,,,,,,42.94666846987953,1.1123,53,12,311,148,104,44,24.983376,0,ok,logs/seed_48051.log
860327,irt_only,GHEFT,0,0.0,0,0,1,0.39,0.2204,0.6104,,,,,,,,,,,,,,,,,47.62380694980694,1.1838,50,12,310,157,114,43,21.45959,0,ok,logs/seed_860327.log
591119,irt_only,GHEFT,0,0.0,0,0,1,0.3879,0.2084,0.5963,,,,,,,,,,,,,,,,,53.47424406130268,1.405,43,10,299,137,107,30,16.582696,0,ok,logs/seed_591119.log
611764,irt_only,GHEFT,0,0.0,0,0,1,0.4297,0.2534,0.6831,,,,,,,,,,,,,,,,,58.25750677506775,1.3962,54,12,328,172,126,46,21.204567,0,ok,logs/seed_611764.log
806683,irt_only,GHEFT,0,0.0,0,0,1,0.417,0.2822,0.6992,,,,,,,,,,,,,,,,,61.975400066269046,1.3276,46,10,296,139,108,31,25.622555,0,ok,logs/seed_806683.log
848855,irt_only,GHEFT,0,0.0,0,0,1,0.4146,0.2336,0.6482,,,,,,,,,,,,,,,,,49.18097142857143,1.4817,47,12,330,155,108,47,24.275807,0,ok,logs/seed_848855.log
384264,irt_only,GHEFT,0,0.0,0,0,1,0.421,0.2499,0.6709,,,,,,,,,,,,,,,,,48.63671403258146,1.2616,59,13,330,168,116,52,17.953707,0,ok,logs/seed_384264.log
505769,irt_only,GHEFT,0,0.0,0,0,1,0.46,0.2647,0.7247,,,,,,,,,,,,,,,,,43.235479661016946,1.1473,42,10,294,154,121,33,21.772692,0,ok,logs/seed_505769.log
221230,irt_only,GHEFT,0,0.0,0,0,1,0.489,0.3159,0.8049,,,,,,,,,,,,,,,,,50.56295133112583,1.3371,48,10,317,163,115,48,19.640592,0,ok,logs/seed_221230.log
940154,irt_only,GHEFT,0,0.0,0,0,1,0.4619,0.3312,0.7931,,,,,,,,,,,,,,,,,42.855932518624634,1.1748,48,11,317,161,118,43,24.517257,0,ok,logs/seed_940154.log
587707,irt_only,GHEFT,0,0.0,0,0,1,0.4563,0.3563,0.8126,,,,,,,,,,,,,,,,,64.34607766323023,1.6446,47,9,313,151,120,31,26.245102,0,ok,logs/seed_587707.log
595985,irt_only,GHEFT,0,0.0,0,0,1,0.4781,0.3216,0.7997,,,,,,,,,,,,,,,,,60.79741392405064,2.1004,42,11,323,185,138,47,19.99654,0,ok,logs/seed_595985.log
54898,irt_only,GHEFT,0,0.0,0,0,1,0.4067,0.2608,0.6675,,,,,,,,,,,,,,,,,44.658667758411674,1.1313,43,11,308,150,128,22,22.685992,0,ok,logs/seed_54898.log
351193,irt_only,GHEFT,0,0.0,0,0,1,0.4866,0.3524,0.839,,,,,,,,,,,,,,,,,60.48060099999999,1.2538,40,11,315,174,131,43,17.14159,0,ok,logs/seed_351193.log
538951,irt_only,GHEFT,0,0.0,0,0,1,0.4524,0.2902,0.7426,,,,,,,,,,,,,,,,,48.6452604197901,1.2517,46,12,313,163,121,42,25.992578,0,ok,logs/seed_538951.log
503015,irt_only,GHEFT,0,0.0,0,0,1,0.4463,0.3049,0.7512,,,,,,,,,,,,,,,,,85.37306882661997,2.2339,47,10,283,140,102,38,18.601044,0,ok,logs/seed_503015.log
953174,irt_only,GHEFT,0,0.0,0,0,1,0.4752,0.3109,0.7861,,,,,,,,,,,,,,,,,55.71344378698225,1.5953,46,13,322,180,128,52,22.25149,0,ok,logs/seed_953174.log
742910,irt_only,GHEFT,0,0.0,0,0,1,0.4321,0.2582,0.6903,,,,,,,,,,,,,,,,,49.498279952755915,1.1641,53,10,309,162,120,42,21.894164,0,ok,logs/seed_742910.log
61747,irt_only,GHEFT,0,0.0,0,0,1,0.4334,0.2916,0.725,,,,,,,,,,,,,,,,,52.16439890815671,1.4922,50,12,320,171,118,53,23.396532,0,ok,logs/seed_61747.log
580612,irt_only,GHEFT,0,0.0,0,0,1,0.441,0.3012,0.7422,,,,,,,,,,,,,,,,,46.256837491777596,1.1992,48,11,300,147,111,36,18.041398,0,ok,logs/seed_580612.log
615914,irt_only,GHEFT,0,0.0,0,0,1,0.4263,0.2692,0.6955,,,,,,,,,,,,,,,,,52.75050696117804,1.671,50,14,298,168,122,46,22.659253,0,ok,logs/seed_615914.log
8172,irt_only,GHEFT,0,0.0,0,0,1,0.4177,0.3053,0.723,,,,,,,,,,,,,,,,,67.18593759398495,1.6114,44,11,277,133,97,36,18.099809,0,ok,logs/seed_8172.log
590147,irt_only,GHEFT,0,0.0,0,0,1,0.4326,0.2672,0.6998,,,,,,,,,,,,,,,,,43.563408390084184,1.253,47,11,304,166,133,33,18.596117,0,ok,logs/seed_590147.log
773450,irt_only,GHEFT,0,0.0,0,0,1,0.4676,0.2915,0.7591,,,,,,,,,,,,,,,,,73.35005128939828,1.654,42,12,309,166,128,38,20.588867,0,ok,logs/seed_773450.log
447391,irt_only,GHEFT,0,0.0,0,0,1,0.4918,0.2382,0.73,,,,,,,,,,,,,,,,,45.664607012916164,1.3361,51,11,319,173,123,50,24.346421,0,ok,logs/seed_447391.log
234698,irt_only,GHEFT,0,0.0,0,0,1,0.4123,0.2534,0.6657,,,,,,,,,,,,,,,,,67.5147994397759,1.7311,50,11,305,164,123,41,25.260372,0,ok,logs/seed_234698.log
339985,irt_only,GHEFT,0,0.0,0,0,1,0.4717,0.2457,0.7174,,,,,,,,,,,,,,,,,58.2546795895097,1.5097,47,13,317,176,136,40,22.951803,0,ok,logs/seed_339985.log
121191,irt_only,GHEFT,0,0.0,0,0,1,0.4438,0.3014,0.7452,,,,,,,,,,,,,,,,,45.999065258099,1.1705,58,12,345,189,148,41,20.930044,0,ok,logs/seed_121191.log
67314,irt_only,GHEFT,0,0.0,0,0,1,0.4367,0.3022,0.7389,,,,,,,,,,,,,,,,,58.597036079045495,1.353,46,12,318,173,120,53,22.690866,0,ok,logs/seed_67314.log
49664,irt_only,GHEFT,0,0.0,0,0,1,0.4862,0.2951,0.7813,,,,,,,,,,,,,,,,,45.79205920873125,1.4114,56,12,325,174,108,66,20.74725,0,ok,logs/seed_49664.log
216188,irt_only,GHEFT,0,0.0,0,0,1,0.436,0.28,0.716,,,,,,,,,,,,,,,,,57.9970590909091,1.4061,50,12,321,191,155,36,19.495093,0,ok,logs/seed_216188.log
594597,irt_only,GHEFT,0,0.0,0,0,1,0.4479,0.2606,0.7085,,,,,,,,,,,,,,,,,39.35572875318066,1.3907,46,9,309,131,101,30,20.902706,0,ok,logs/seed_594597.log
838544,irt_only,GHEFT,0,0.0,0,0,1,0.4407,0.3225,0.7632,,,,,,,,,,,,,,,,,51.4019468781362,1.3646,51,10,315,131,91,40,20.395846,0,ok,logs/seed_838544.log
667390,irt_only,GHEFT,0,0.0,0,0,1,0.3901,0.3147,0.7048,,,,,,,,,,,,,,,,,61.7832903975994,1.2581,56,13,321,179,135,44,23.208069,0,ok,logs/seed_667390.log
584425,irt_only,GHEFT,0,0.0,0,0,1,0.4071,0.2538,0.6609,,,,,,,,,,,,,,,,,55.94816661961892,1.1468,45,9,295,142,108,34,21.996643,0,ok,logs/seed_584425.log
838220,irt_only,GHEFT,0,0.0,0,0,1,0.405,0.2443,0.6493,,,,,,,,,,,,,,,,,46.93966860622463,1.3296,40,11,313,160,116,44,19.210316,0,ok,logs/seed_838220.log
441512,irt_only,GHEFT,0,0.0,0,0,1,0.408,0.2061,0.6141,,,,,,,,,,,,,,,,,43.78664753257908,1.3526,47,10,295,129,102,27,16.530469,0,ok,logs/seed_441512.log
350535,irt_only,GHEFT,0,0.0,0,0,1,0.4808,0.2957,0.7765,,,,,,,,,,,,,,,,,51.81326280056578,1.3321,52,10,337,174,139,35,24.107019,0,ok,logs/seed_350535.log
298630,irt_only,GHEFT,0,0.0,0,0,1,0.4527,0.3438,0.7965,,,,,,,,,,,,,,,,,46.236133606217614,1.322,44,10,302,146,107,39,18.230174,0,ok,logs/seed_298630.log
381642,irt_only,GHEFT,0,0.0,0,0,1,0.3704,0.2655,0.6359,,,,,,,,,,,,,,,,,52.66936306429549,1.7255,54,12,308,165,105,60,21.272233,0,ok,logs/seed_381642.log
831919,irt_only,GHEFT,0,0.0,0,0,1,0.4306,0.3336,0.7642,,,,,,,,,,,,,,,,,53.01038942521632,1.4507,48,9,328,148,112,36,23.265832,0,ok,logs/seed_831919.log
177577,irt_only,GHEFT,0,0.0,0,0,1,0.4053,0.3046,0.7099,,,,,,,,,,,,,,,,,46.44888419144307,1.3928,51,12,303,173,123,50,18.728095,0,ok,logs/seed_177577.log
484873,irt_only,GHEFT,0,0.0,0,0,1,0.489,0.288,0.777,,,,,,,,,,,,,,,,,53.16323013493254,1.7251,44,11,292,146,114,32,21.381782,0,ok,logs/seed_484873.log
861791,irt_only,GHEFT,0,0.0,0,0,1,0.515,0.3526,0.8676,,,,,,,,,,,,,,,,,49.89025084745763,1.4292,42,9,315,148,113,35,20.837599,0,ok,logs/seed_861791.log
147598,irt_only,GHEFT,0,0.0,0,0,1,0.3734,0.3033,0.6767,,,,,,,,,,,,,,,,,64.79984206642065,1.5673,41,10,300,152,112,40,18.927458,0,ok,logs/seed_147598.log
509060,irt_only,GHEFT,0,0.0,0,0,1,0.4359,0.2715,0.7074,,,,,,,,,,,,,,,,,51.09637179652285,1.1374,51,12,311,166,136,30,23.488692,0,ok,logs/seed_509060.log
734809,irt_only,GHEFT,0,0.0,0,0,1,0.4101,0.2489,0.659,,,,,,,,,,,,,,,,,47.9719191568088,1.4672,50,12,316,162,115,47,18.442509,0,ok,logs/seed_734809.log
209596,irt_only,GHEFT,0,0.0,0,0,1,0.4189,0.3338,0.7527,,,,,,,,,,,,,,,,,48.53251044003451,1.1441,54,13,348,180,119,61,22.51723,0,ok,logs/seed_209596.log
128530,irt_only,GHEFT,0,0.0,0,0,1,0.439,0.2475,0.6865,,,,,,,,,,,,,,,,,57.309373946859914,1.2976,52,12,317,167,135,32,20.954914,0,ok,logs/seed_128530.log
839126,irt_only,GHEFT,0,0.0,0,0,1,0.4618,0.3358,0.7976,,,,,,,,,,,,,,,,,53.640290828924165,1.786,53,14,333,166,107,59,23.991633,0,ok,logs/seed_839126.log
735954,irt_only,GHEFT,0,0.0,0,0,1,0.445,0.2606,0.7056,,,,,,,,,,,,,,,,,49.77605959661679,1.3473,51,10,320,160,116,44,20.980014,0,ok,logs/seed_735954.log
254875,irt_only,GHEFT,0,0.0,0,0,1,0.4396,0.3297,0.7693,,,,,,,,,,,,,,,,,52.281355813953496,1.3112,45,12,309,175,122,53,21.514553,0,ok,logs/seed_254875.log
334605,irt_only,GHEFT,0,0.0,0,0,1,0.443,0.3079,0.7509,,,,,,,,,,,,,,,,,57.03660689655174,1.652,45,11,320,174,131,43,21.427323,0,ok,logs/seed_334605.log
616765,irt_only,GHEFT,0,0.0,0,0,1,0.453,0.2808,0.7338,,,,,,,,,,,,,,,,,56.63874221635884,1.4276,47,12,318,188,148,40,19.042378,0,ok,logs/seed_616765.log
249505,irt_only,GHEFT,0,0.0,0,0,1,0.3959,0.2293,0.6252,,,,,,,,,,,,,,,,,52.27017168741894,1.2699,48,10,329,142,96,46,24.650433,0,ok,logs/seed_249505.log
917778,irt_only,GHEFT,0,0.0,0,0,1,0.4283,0.2737,0.702,,,,,,,,,,,,,,,,,52.95898530510585,1.1895,38,11,298,147,122,25,17.967617,0,ok,logs/seed_917778.log
514894,irt_only,GHEFT,0,0.0,0,0,1,0.4949,0.3669,0.8618,,,,,,,,,,,,,,,,,42.56759530685921,1.3267,49,10,320,148,103,45,20.45528,0,ok,logs/seed_514894.log
722280,irt_only,GHEFT,0,0.0,0,0,1,0.4373,0.2407,0.678,,,,,,,,,,,,,,,,,49.190104567814465,1.3409,43,10,303,142,104,38,15.556915,0,ok,logs/seed_722280.log
859753,irt_only,GHEFT,0,0.0,0,0,1,0.4798,0.3288,0.8086,,,,,,,,,,,,,,,,,40.68106470588236,1.1712,49,11,327,162,120,42,23.901537,0,ok,logs/seed_859753.log
380340,irt_only,GHEFT,0,0.0,0,0,1,0.4576,0.2795,0.7371,,,,,,,,,,,,,,,,,42.581530053034754,1.1541,57,15,328,157,92,65,21.993403,0,ok,logs/seed_380340.log
832161,irt_only,GHEFT,0,0.0,0,0,1,0.4792,0.2343,0.7135,,,,,,,,,,,,,,,,,52.37401409544951,1.3698,50,12,307,163,118,45,20.185916,0,ok,logs/seed_832161.log
336794,irt_only,GHEFT,0,0.0,0,0,1,0.4453,0.2986,0.7439,,,,,,,,,,,,,,,,,47.15945179282869,1.224,43,11,297,138,116,22,23.094432,0,ok,logs/seed_336794.log
924503,irt_only,GHEFT,0,0.0,0,0,1,0.4844,0.3233,0.8077,,,,,,,,,,,,,,,,,50.13701494661922,1.1292,49,10,308,155,118,37,21.260502,0,ok,logs/seed_924503.log
393523,irt_only,GHEFT,0,0.0,0,0,1,0.4162,0.2869,0.7031,,,,,,,,,,,,,,,,,51.5861,1.3771,44,11,306,166,128,38,17.142372,0,ok,logs/seed_393523.log
310465,irt_only,GHEFT,0,0.0,0,0,1,0.4508,0.29,0.7408,,,,,,,,,,,,,,,,,51.95472959545778,1.0998,50,12,317,163,130,33,22.249191,0,ok,logs/seed_310465.log
433513,irt_only,GHEFT,0,0.0,0,0,1,0.4041,0.291,0.6951,,,,,,,,,,,,,,,,,51.71817028479312,1.6496,43,11,324,165,135,30,24.665455,0,ok,logs/seed_433513.log
13460,irt_only,GHEFT,0,0.0,0,0,1,0.4303,0.259,0.6893,,,,,,,,,,,,,,,,,52.281368871151656,1.2442,50,13,342,201,151,50,26.697329,0,ok,logs/seed_13460.log
349575,irt_only,GHEFT,0,0.0,0,0,1,0.4455,0.3206,0.7661,,,,,,,,,,,,,,,,,53.49425683690279,1.5735,54,10,327,181,128,53,21.395968,0,ok,logs/seed_349575.log
593063,irt_only,GHEFT,0,0.0,0,0,1,0.4242,0.3099,0.7341,,,,,,,,,,,,,,,,,59.294459136786855,1.082,46,13,307,167,106,61,17.99846,0,ok,logs/seed_593063.log
433182,irt_only,GHEFT,0,0.0,0,0,1,0.4382,0.308,0.7462,,,,,,,,,,,,,,,,,51.48447066303359,1.3473,44,12,304,151,124,27,17.243448,0,ok,logs/seed_433182.log
780580,irt_only,GHEFT,0,0.0,0,0,1,0.4541,0.2475,0.7016,,,,,,,,,,,,,,,,,59.890104267701254,1.4712,56,10,324,168,120,48,26.871641,0,ok,logs/seed_780580.log
152838,irt_only,GHEFT,0,0.0,0,0,1,0.4401,0.3888,0.8289,,,,,,,,,,,,,,,,,58.62296842105264,1.3392,45,11,321,155,129,26,20.57299,0,ok,logs/seed_152838.log
222996,irt_only,GHEFT,0,0.0,0,0,1,0.4435,0.2622,0.7057,,,,,,,,,,,,,,,,,69.97824545454544,1.7307,47,11,303,181,155,26,18.573174,0,ok,logs/seed_222996.log
298744,irt_only,GHEFT,0,0.0,0,0,1,0.3841,0.2287,0.6128,,,,,,,,,,,,,,,,,57.72517264471878,1.2395,50,13,314,177,128,49,19.548073,0,ok,logs/seed_298744.log
762917,irt_only,GHEFT,0,0.0,0,0,1,0.4109,0.3187,0.7296,,,,,,,,,,,,,,,,,48.28695579752795,1.2648,47,10,310,144,112,32,24.247923,0,ok,logs/seed_762917.log
457149,irt_only,GHEFT,0,0.0,0,0,1,0.5017,0.3063,0.808,,,,,,,,,,,,,,,,,41.60113866171004,1.3977,40,11,275,161,126,35,18.888307,0,ok,logs/seed_457149.log
540167,irt_only,GHEFT,0,0.0,0,0,1,0.5001,0.291,0.7911,,,,,,,,,,,,,,,,,45.296381264426124,1.3186,40,10,289,148,111,37,21.99224,0,ok,logs/seed_540167.log
956256,irt_only,GHEFT,0,0.0,0,0,1,0.4547,0.2908,0.7455,,,,,,,,,,,,,,,,,51.19732377952958,1.228,47,9,314,148,103,45,20.597185,0,ok,logs/seed_956256.log
809026,irt_only,GHEFT,0,0.0,0,0,1,0.4735,0.297,0.7705,,,,,,,,,,,,,,,,,53.43865685425686,1.2336,49,9,315,167,122,45,20.17717,0,ok,logs/seed_809026.log
625059,irt_only,GHEFT,0,0.0,0,0,1,0.4268,0.2399,0.6667,,,,,,,,,,,,,,,,,51.59767149817297,1.2108,62,13,353,196,143,53,27.591143,0,ok,logs/seed_625059.log
451924,irt_only,GHEFT,0,0.0,0,0,1,0.4801,0.3539,0.834,,,,,,,,,,,,,,,,,53.53012757660167,1.4432,48,12,301,152,119,33,21.49335,0,ok,logs/seed_451924.log
861621,irt_only,GHEFT,0,0.0,0,0,1,0.4637,0.3441,0.8078,,,,,,,,,,,,,,,,,54.4482893238434,1.2629,50,13,318,177,137,40,25.91816,0,ok,logs/seed_861621.log
986736,irt_only,GHEFT,0,0.0,0,0,1,0.4067,0.2197,0.6264,,,,,,,,,,,,,,,,,54.97828619582665,1.2465,46,12,302,181,138,43,19.728264,0,ok,logs/seed_986736.log
831918,irt_only,GHEFT,0,0.0,0,0,1,0.4205,0.2574,0.6779,,,,,,,,,,,,,,,,,58.69057936507938,1.8092,42,11,316,165,123,42,22.404956,0,ok,logs/seed_831918.log
126553,irt_only,GHEFT,0,0.0,0,0,1,0.4119,0.2393,0.6512,,,,,,,,,,,,,,,,,52.251044761106456,1.4502,45,11,291,154,115,39,21.228985,0,ok,logs/seed_126553.log
916292,irt_only,GHEFT,0,0.0,0,0,1,0.4651,0.3476,0.8127,,,,,,,,,,,,,,,,,53.961539291736926,1.7739,60,14,336,178,146,32,23.809661,0,ok,logs/seed_916292.log
478518,irt_only,GHEFT,0,0.0,0,0,1,0.4461,0.2902,0.7363,,,,,,,,,,,,,,,,,52.011220879120884,1.318,55,12,318,169,131,38,25.201649,0,ok,logs/seed_478518.log
368587,irt_only,GHEFT,0,0.0,0,0,1,0.4723,0.2579,0.7302,,,,,,,,,,,,,,,,,46.955657927237084,1.3136,48,12,304,155,114,41,18.104145,0,ok,logs/seed_368587.log
494163,irt_only,GHEFT,0,0.0,0,0,1,0.4352,0.3022,0.7374,,,,,,,,,,,,,,,,,52.40489435825105,1.1833,46,11,321,174,126,48,24.826699,0,ok,logs/seed_494163.log
250163,irt_only,GHEFT,0,0.0,0,0,1,0.433,0.2563,0.6893,,,,,,,,,,,,,,,,,65.72599402546521,1.5574,46,12,307,156,129,27,20.781979,0,ok,logs/seed_250163.log
674657,irt_only,GHEFT,0,0.0,0,0,1,0.4696,0.2876,0.7572,,,,,,,,,,,,,,,,,52.47207446808511,1.7571,47,12,304,159,120,39,18.880791,0,ok,logs/seed_674657.log
798908,irt_only,GHEFT,0,0.0,0,0,1,0.3857,0.2413,0.627,,,,,,,,,,,,,,,,,55.84074479495269,1.4371,53,12,342,173,131,42,28.437944,0,ok,logs/seed_798908.log
740163,irt_only,GHEFT,0,0.0,0,0,1,0.4252,0.2212,0.6464,,,,,,,,,,,,,,,,,45.837491057735434,1.1684,54,13,316,167,113,54,22.867918,0,ok,logs/seed_740163.log
926974,irt_only,GHEFT,0,0.0,0,0,1,0.454,0.2473,0.7013,,,,,,,,,,,,,,,,,61.42360520231214,1.484,55,12,333,191,131,60,23.459547,0,ok,logs/seed_926974.log
107136,irt_only,GHEFT,0,0.0,0,0,1,0.4756,0.2988,0.7744,,,,,,,,,,,,,,,,,62.0459,1.7463,49,12,317,177,125,52,18.893956,0,ok,logs/seed_107136.log
196168,irt_only,GHEFT,0,0.0,0,0,1,0.3779,0.2996,0.6775,,,,,,,,,,,,,,,,,56.269108849557504,1.572,44,10,302,146,112,34,19.498528,0,ok,logs/seed_196168.log
760873,irt_only,GHEFT,0,0.0,0,0,1,0.4292,0.3245,0.7537,,,,,,,,,,,,,,,,,66.92712880522231,1.4419,43,10,327,155,129,26,30.097886,0,ok,logs/seed_760873.log
151030,irt_only,GHEFT,0,0.0,0,0,1,0.4351,0.2951,0.7302,,,,,,,,,,,,,,,,,42.542372477064234,1.3304,44,11,278,132,107,25,19.440532,0,ok,logs/seed_151030.log
645995,irt_only,GHEFT,0,0.0,0,0,1,0.389,0.2486,0.6376,,,,,,,,,,,,,,,,,70.86146586414445,1.5899,49,12,320,171,121,50,20.922568,0,ok,logs/seed_645995.log
60607,irt_only,GHEFT,0,0.0,0,0,1,0.489,0.3063,0.7953,,,,,,,,,,,,,,,,,51.119372478265795,1.3464,48,13,315,166,133,33,21.330221,0,ok,logs/seed_60607.log
50707,irt_only,GHEFT,0,0.0,0,0,1,0.4805,0.361,0.8415,,,,,,,,,,,,,,,,,63.33308721992527,1.5978,37,10,294,157,123,34,19.140491,0,ok,logs/seed_50707.log
568053,irt_only,GHEFT,0,0.0,0,0,1,0.433,0.2267,0.6597,,,,,,,,,,,,,,,,,46.463009523809525,1.1371,42,11,294,163,130,33,18.2875,0,ok,logs/seed_568053.log
891927,irt_only,GHEFT,0,0.0,0,0,1,0.4075,0.2682,0.6757,,,,,,,,,,,,,,,,,69.4011956628951,1.6237,46,10,304,166,129,37,17.201146,0,ok,logs/seed_891927.log
141617,irt_only,GHEFT,0,0.0,0,0,1,0.3868,0.2534,0.6402,,,,,,,,,,,,,,,,,60.390217771303725,1.511,47,10,292,156,112,44,17.699347,0,ok,logs/seed_141617.log
580680,irt_only,GHEFT,0,0.0,0,0,1,0.387,0.3306,0.7176,,,,,,,,,,,,,,,,,62.304987739463606,1.6378,51,12,320,176,114,62,23.931771,0,ok,logs/seed_580680.log
784503,irt_only,GHEFT,0,0.0,0,0,1,0.4451,0.331,0.7761,,,,,,,,,,,,,,,,,62.44517421731125,1.687,48,10,320,155,120,35,22.680568,0,ok,logs/seed_784503.log
224085,irt_only,GHEFT,0,0.0,0,0,1,0.4405,0.2954,0.7359,,,,,,,,,,,,,,,,,47.10555893143522,1.7181,45,10,304,139,102,37,17.286775,0,ok,logs/seed_224085.log
328255,irt_only,GHEFT,0,0.0,0,0,1,0.4149,0.2984,0.7133,,,,,,,,,,,,,,,,,67.60219574468084,1.2842,42,10,303,148,110,38,17.651011,0,ok,logs/seed_328255.log
949566,irt_only,GHEFT,0,0.0,0,0,1,0.5007,0.3279,0.8286,,,,,,,,,,,,,,,,,47.31199230769231,1.6015,36,11,279,150,117,33,17.145317,0,ok,logs/seed_949566.log
439895,irt_only,GHEFT,0,0.0,0,0,1,0.4853,0.2671,0.7524,,,,,,,,,,,,,,,,,50.077710362694305,1.1587,49,10,321,165,134,31,19.776448,0,ok,logs/seed_439895.log
504485,irt_only,GHEFT,0,0.0,0,0,1,0.3904,0.2138,0.6042,,,,,,,,,,,,,,,,,45.8438947368421,1.5631,46,13,304,157,113,44,17.879393,0,ok,logs/seed_504485.log
761223,irt_only,GHEFT,0,0.0,0,0,1,0.4212,0.3062,0.7274,,,,,,,,,,,,,,,,,55.13736940640891,1.0593,48,11,315,164,129,35,21.103857,0,ok,logs/seed_761223.log
34506,irt_only,GHEFT,0,0.0,0,0,1,0.4393,0.3061,0.7454,,,,,,,,,,,,,,,,,62.94386712328767,1.3107,47,10,344,171,118,53,22.456548,0,ok,logs/seed_34506.log
842256,irt_only,GHEFT,0,0.0,0,0,1,0.4407,0.2646,0.7053,,,,,,,,,,,,,,,,,43.872375414781295,1.1141,47,11,303,157,128,29,19.060102,0,ok,logs/seed_842256.log
264456,irt_only,GHEFT,0,0.0,0,0,1,0.46,0.2648,0.7248,,,,,,,,,,,,,,,,,55.542449319971354,1.5096,50,12,334,170,133,37,21.576085,0,ok,logs/seed_264456.log
899949,irt_only,GHEFT,0,0.0,0,0,1,0.4582,0.3056,0.7638,,,,,,,,,,,,,,,,,53.29806717571884,1.5956,46,11,327,176,146,30,22.471676,0,ok,logs/seed_899949.log
333717,irt_only,GHEFT,0,0.0,0,0,1,0.4713,0.2782,0.7495,,,,,,,,,,,,,,,,,46.07740256410256,1.535,49,12,321,161,127,34,19.981143,0,ok,logs/seed_333717.log
332163,irt_only,GHEFT,0,0.0,0,0,1,0.4668,0.2667,0.7335,,,,,,,,,,,,,,,,,60.10689621380847,1.2304,44,10,314,185,142,43,18.271945,0,ok,logs/seed_332163.log
509204,irt_only,GHEFT,0,0.0,0,0,1,0.37,0.2474,0.6174,,,,,,,,,,,,,,,,,48.76812276386913,1.2633,43,12,290,154,125,29,13.968432,0,ok,logs/seed_509204.log
749756,irt_only,GHEFT,0,0.0,0,0,1,0.4172,0.3112,0.7284,,,,,,,,,,,,,,,,,50.86340041152263,1.3624,50,11,310,156,115,41,19.490482,0,ok,logs/seed_749756.log
139867,irt_only,GHEFT,0,0.0,0,0,1,0.4165,0.2903,0.7068,,,,,,,,,,,,,,,,,59.5794770546643,1.4318,45,11,309,162,128,34,23.875025,0,ok,logs/seed_139867.log
571927,irt_only,GHEFT,0,0.0,0,0,1,0.4438,0.2415,0.6853,,,,,,,,,,,,,,,,,46.11413715319662,1.2421,52,12,319,166,119,47,20.625267,0,ok,logs/seed_571927.log
27872,irt_only,GHEFT,0,0.0,0,0,1,0.4453,0.3641,0.8094,,,,,,,,,,,,,,,,,44.855727239488104,1.3336,47,12,311,167,114,53,17.823034,0,ok,logs/seed_27872.log
570279,irt_only,GHEFT,0,0.0,0,0,1,0.4729,0.2742,0.7471,,,,,,,,,,,,,,,,,47.893502197498364,1.2913,49,12,305,167,129,38,19.393891,0,ok,logs/seed_570279.log
245986,irt_only,GHEFT,0,0.0,0,0,1,0.4199,0.257,0.6769,,,,,,,,,,,,,,,,,65.67109595959596,1.5675,46,11,327,152,124,28,23.063851,0,ok,logs/seed_245986.log
444289,irt_only,GHEFT,0,0.0,0,0,1,0.416,0.2913,0.7073,,,,,,,,,,,,,,,,,49.74766923076925,1.1728,42,9,323,134,114,20,21.635811,0,ok,logs/seed_444289.log
470037,irt_only,GHEFT,0,0.0,0,0,1,0.3795,0.2443,0.6238,,,,,,,,,,,,,,,,,48.749584503127174,1.0605,46,12,303,148,122,26,17.881561,0,ok,logs/seed_470037.log
139891,irt_only,GHEFT,0,0.0,0,0,1,0.4921,0.3283,0.8204,,,,,,,,,,,,,,,,,48.55715031013094,1.3119,46,12,333,179,142,37,22.705417,0,ok,logs/seed_139891.log
42632,irt_only,GHEFT,0,0.0,0,0,1,0.4374,0.2872,0.7246,,,,,,,,,,,,,,,,,50.836235797665374,1.2685,52,12,332,180,136,44,21.254693,0,ok,logs/seed_42632.log
895786,irt_only,GHEFT,0,0.0,0,0,1,0.4824,0.2389,0.7213,,,,,,,,,,,,,,,,,39.25920827489482,1.189,49,11,307,153,103,50,20.64541,0,ok,logs/seed_895786.log
970436,irt_only,GHEFT,0,0.0,0,0,1,0.438,0.2526,0.6906,,,,,,,,,,,,,,,,,63.85035353535354,1.6276,38,11,301,152,116,36,20.251827,0,ok,logs/seed_970436.log
379750,irt_only,GHEFT,0,0.0,0,0,1,0.4828,0.2985,0.7813,,,,,,,,,,,,,,,,,50.4329924528302,1.4849,45,13,322,202,130,72,19.459271,0,ok,logs/seed_379750.log
653227,irt_only,GHEFT,0,0.0,0,0,1,0.4248,0.2672,0.692,,,,,,,,,,,,,,,,,49.911043441636586,1.2868,50,13,326,173,137,36,24.686748,0,ok,logs/seed_653227.log
799540,irt_only,GHEFT,0,0.0,0,0,1,0.4611,0.2487,0.7098,,,,,,,,,,,,,,,,,48.23039209486166,1.136,52,14,332,184,139,45,18.500368,0,ok,logs/seed_799540.log
514750,irt_only,GHEFT,0,0.0,0,0,1,0.4428,0.3356,0.7784,,,,,,,,,,,,,,,,,62.313613085234095,1.5038,47,11,303,175,133,42,21.329498,0,ok,logs/seed_514750.log
206242,irt_only,GHEFT,0,0.0,0,0,1,0.42,0.3001,0.7201,,,,,,,,,,,,,,,,,58.9749442459893,1.4342,45,11,324,180,131,49,23.778133,0,ok,logs/seed_206242.log
622844,irt_only,GHEFT,0,0.0,0,0,1,0.4304,0.2746,0.705,,,,,,,,,,,,,,,,,50.26922091503268,1.225,53,11,300,164,125,39,21.086973,0,ok,logs/seed_622844.log
366108,irt_only,GHEFT,0,0.0,0,0,1,0.404,0.2425,0.6465,,,,,,,,,,,,,,,,,48.42070732911391,1.2135,52,13,310,152,113,39,22.304496,0,ok,logs/seed_366108.log
968837,irt_only,GHEFT,0,0.0,0,0,1,0.4015,0.2743,0.6758,,,,,,,,,,,,,,,,,51.17530379965458,1.1786,51,11,295,136,105,31,23.465498,0,ok,logs/seed_968837.log
981812,irt_only,GHEFT,0,0.0,0,0,1,0.4733,0.2386,0.7119,,,,,,,,,,,,,,,,,43.49690217216412,1.1072,44,11,276,145,119,26,12.956564,0,ok,logs/seed_981812.log
569345,irt_only,GHEFT,0,0.0,0,0,1,0.394,0.2343,0.6283,,,,,,,,,,,,,,,,,55.75727665140614,1.5151,50,12,333,180,129,51,26.822288,0,ok,logs/seed_569345.log
861379,irt_only,GHEFT,0,0.0,0,0,1,0.4797,0.3098,0.7895,,,,,,,,,,,,,,,,,52.51434492753623,1.184,50,11,332,163,106,57,21.429404,0,ok,logs/seed_861379.log
339822,irt_only,GHEFT,0,0.0,0,0,1,0.4421,0.2808,0.7229,,,,,,,,,,,,,,,,,57.82601878947368,1.4964,50,11,308,153,120,33,23.972822,0,ok,logs/seed_339822.log
123042,irt_only,GHEFT,0,0.0,0,0,1,0.4412,0.321,0.7622,,,,,,,,,,,,,,,,,49.12215714285715,1.3335,49,10,337,151,130,21,20.908694,0,ok,logs/seed_123042.log
596168,irt_only,GHEFT,0,0.0,0,0,1,0.5101,0.3519,0.862,,,,,,,,,,,,,,,,,44.793304769475355,1.2085,51,11,324,145,105,40,19.25462,0,ok,logs/seed_596168.log
486023,irt_only,GHEFT,0,0.0,0,0,1,0.4489,0.3049,0.7538,,,,,,,,,,,,,,,,,47.14722297939777,1.3202,53,13,336,190,144,46,21.527202,0,ok,logs/seed_486023.log
192534,irt_only,GHEFT,0,0.0,0,0,1,0.4861,0.2491,0.7352,,,,,,,,,,,,,,,,,44.342311570724846,1.6121,47,11,312,139,98,41,18.108173,0,ok,logs/seed_192534.log
658744,irt_only,GHEFT,0,0.0,0,0,1,0.4519,0.2554,0.7073,,,,,,,,,,,,,,,,,48.45214205131415,1.4771,46,10,326,134,88,46,19.498459,0,ok,logs/seed_658744.log
643336,irt_only,GHEFT,0,0.0,0,0,1,0.4288,0.3152,0.744,,,,,,,,,,,,,,,,,53.91106680642907,1.4644,43,10,298,146,109,37,18.227003,0,ok,logs/seed_643336.log
320706,irt_only,GHEFT,0,0.0,0,0,1,0.4063,0.2903,0.6966,,,,,,,,,,,,,,,,,54.15612221362956,1.3727,51,12,330,156,127,29,19.019368,0,ok,logs/seed_320706.log
314687,irt_only,GHEFT,0,0.0,0,0,1,0.4738,0.3783,0.8521,,,,,,,,,,,,,,,,,47.85488232189973,1.2036,44,9,320,152,113,39,17.103643,0,ok,logs/seed_314687.log
713744,irt_only,GHEFT,0,0.0,0,0,1,0.4487,0.3031,0.7518,,,,,,,,,,,,,,,,,57.41257087258036,1.2485,43,11,298,153,124,29,18.025611,0,ok,logs/seed_713744.log
753976,irt_only,GHEFT,0,0.0,0,0,1,0.4156,0.2629,0.6785,,,,,,,,,,,,,,,,,56.016030857874526,1.2659,45,11,296,161,117,44,15.528736,0,ok,logs/seed_753976.log
497232,irt_only,GHEFT,0,0.0,0,0,1,0.385,0.226,0.611,,,,,,,,,,,,,,,,,51.370406152412194,1.1925,46,11,306,163,133,30,17.195793,0,ok,logs/seed_497232.log
49920,irt_only,GHEFT,0,0.0,0,0,1,0.4835,0.2523,0.7358,,,,,,,,,,,,,,,,,51.6836969947408,1.5328,48,10,322,170,126,44,20.490852,0,ok,logs/seed_49920.log
356886,irt_only,GHEFT,0,0.0,0,0,1,0.4382,0.2739,0.7121,,,,,,,,,,,,,,,,,53.98111082802548,1.0864,47,11,300,138,100,38,21.414123,0,ok,logs/seed_356886.log
312086,irt_only,GHEFT,0,0.0,0,0,1,0.4897,0.3309,0.8206,,,,,,,,,,,,,,,,,63.977719653179186,1.4805,43,11,312,169,124,45,22.537532,0,ok,logs/seed_312086.log
476905,irt_only,GHEFT,0,0.0,0,0,1,0.3993,0.237,0.6363,,,,,,,,,,,,,,,,,56.3183215393452,1.1846,43,11,296,162,125,37,19.92656,0,ok,logs/seed_476905.log
719484,irt_only,GHEFT,0,0.0,0,0,1,0.452,0.266,0.718,,,,,,,,,,,,,,,,,55.33122200188858,1.4401,58,12,339,183,120,63,21.514613,0,ok,logs/seed_719484.log
249083,irt_only,GHEFT,0,0.0,0,0,1,0.419,0.3543,0.7733,,,,,,,,,,,,,,,,,54.0992602484472,1.1023,54,11,320,164,114,50,21.595587,0,ok,logs/seed_249083.log
937244,irt_only,GHEFT,0,0.0,0,0,1,0.4196,0.2674,0.687,,,,,,,,,,,,,,,,,50.191043138364776,1.2504,47,13,291,149,118,31,17.308273,0,ok,logs/seed_937244.log
384033,irt_only,GHEFT,0,0.0,0,0,1,0.4577,0.3031,0.7608,,,,,,,,,,,,,,,,,48.57931551755041,1.5904,44,12,295,142,98,44,17.56601,0,ok,logs/seed_384033.log
961144,irt_only,GHEFT,0,0.0,0,0,1,0.4329,0.2339,0.6668,,,,,,,,,,,,,,,,,55.05744030418251,1.2941,49,11,328,151,123,28,21.054037,0,ok,logs/seed_961144.log
210154,irt_only,GHEFT,0,0.0,0,0,1,0.4677,0.2781,0.7458,,,,,,,,,,,,,,,,,56.28974963143837,1.2657,53,13,316,155,92,63,20.164453,0,ok,logs/seed_210154.log
851207,irt_only,GHEFT,0,0.0,0,0,1,0.4675,0.3254,0.7929,,,,,,,,,,,,,,,,,52.497472592539445,1.4114,59,12,328,171,107,64,22.908874,0,ok,logs/seed_851207.log
212767,irt_only,GHEFT,0,0.0,0,0,1,0.4797,0.3582,0.8379,,,,,,,,,,,,,,,,,53.92498487741506,1.2838,42,11,318,155,124,31,23.601695,0,ok,logs/seed_212767.log
678022,irt_only,GHEFT,0,0.0,0,0,1,0.4589,0.2674,0.7263,,,,,,,,,,,,,,,,,61.233198250336464,1.5229,54,10,325,160,123,37,20.433488,0,ok,logs/seed_678022.log
455592,irt_only,GHEFT,0,0.0,0,0,1,0.3866,0.2323,0.6189,,,,,,,,,,,,,,,,,46.40077422467264,1.4994,48,12,334,171,140,31,17.837213,0,ok,logs/seed_455592.log
722649,irt_only,GHEFT,0,0.0,0,0,1,0.4377,0.3041,0.7418,,,,,,,,,,,,,,,,,62.76277931034484,1.1,50,10,309,166,131,35,19.661974,0,ok,logs/seed_722649.log
903504,irt_only,GHEFT,0,0.0,0,0,1,0.4214,0.2626,0.684,,,,,,,,,,,,,,,,,54.18815035064935,1.093,55,12,323,180,101,79,15.009331,0,ok,logs/seed_903504.log
505056,irt_only,GHEFT,0,0.0,0,0,1,0.4139,0.2482,0.6621,,,,,,,,,,,,,,,,,61.50322209951607,1.4962,48,14,351,201,146,55,24.528107,0,ok,logs/seed_505056.log
688540,irt_only,GHEFT,0,0.0,0,0,1,0.4501,0.2406,0.6907,,,,,,,,,,,,,,,,,57.938691366906475,1.6709,48,11,345,167,129,38,19.99857,0,ok,logs/seed_688540.log
946226,irt_only,GHEFT,0,0.0,0,0,1,0.4379,0.2349,0.6728,,,,,,,,,,,,,,,,,48.399987588881714,1.3982,40,11,294,160,115,45,15.409544,0,ok,logs/seed_946226.log
661374,irt_only,GHEFT,0,0.0,0,0,1,0.4929,0.2577,0.7506,,,,,,,,,,,,,,,,,51.40064861703223,1.2483,49,11,321,169,136,33,18.917906,0,ok,logs/seed_661374.log
242135,irt_only,GHEFT,0,0.0,0,0,1,0.4826,0.3113,0.7939,,,,,,,,,,,,,,,,,49.58027533385704,1.3002,51,12,316,164,123,41,19.492216,0,ok,logs/seed_242135.log
688344,irt_only,GHEFT,0,0.0,0,0,1,0.4461,0.2838,0.7299,,,,,,,,,,,,,,,,,50.82077030601093,1.291,50,11,319,173,137,36,18.106816,0,ok,logs/seed_688344.log
676678,irt_only,GHEFT,0,0.0,0,0,1,0.4388,0.3003,0.7391,,,,,,,,,,,,,,,,,56.084114285714286,1.3033,46,10,332,164,132,32,22.392345,0,ok,logs/seed_676678.log
792505,irt_only,GHEFT,0,0.0,0,0,1,0.477,0.2572,0.7342,,,,,,,,,,,,,,,,,45.91623963494133,1.4128,45,12,315,158,118,40,16.860648,0,ok,logs/seed_792505.log
119891,irt_only,GHEFT,0,0.0,0,0,1,0.4716,0.2683,0.7399,,,,,,,,,,,,,,,,,43.855789821182945,1.1883,47,11,328,154,121,33,19.446697,0,ok,logs/seed_119891.log
929476,irt_only,GHEFT,0,0.0,0,0,1,0.4855,0.3403,0.8258,,,,,,,,,,,,,,,,,45.01973736363637,1.4802,62,13,354,196,130,66,23.88768,0,ok,logs/seed_929476.log
547221,irt_only,GHEFT,0,0.0,0,0,1,0.4573,0.3189,0.7762,,,,,,,,,,,,,,,,,50.4304090463643,1.2653,45,11,309,157,133,24,16.325446,0,ok,logs/seed_547221.log
706430,irt_only,GHEFT,0,0.0,0,0,1,0.4358,0.294,0.7298,,,,,,,,,,,,,,,,,43.5797046854083,1.1226,55,12,317,163,106,57,18.759445,0,ok,logs/seed_706430.log
637356,irt_only,GHEFT,0,0.0,0,0,1,0.3689,0.2221,0.591,,,,,,,,,,,,,,,,,54.903747482866045,1.1797,41,9,290,137,109,28,19.802009,0,ok,logs/seed_637356.log
120701,irt_only,GHEFT,0,0.0,0,0,1,0.4415,0.3264,0.7679,,,,,,,,,,,,,,,,,55.38402619808308,1.3718,52,13,309,164,124,40,20.376397,0,ok,logs/seed_120701.log
758600,irt_only,GHEFT,0,0.0,0,0,1,0.5009,0.3188,0.8197,,,,,,,,,,,,,,,,,47.80787913931437,1.404,54,11,334,171,111,60,16.098113,0,ok,logs/seed_758600.log
201383,irt_only,GHEFT,0,0.0,0,0,1,0.3872,0.2722,0.6594,,,,,,,,,,,,,,,,,54.43799577804583,1.369,48,11,302,150,119,31,20.82186,0,ok,logs/seed_201383.log
18464,irt_only,GHEFT,0,0.0,0,0,1,0.5268,0.3674,0.8942,,,,,,,,,,,,,,,,,50.30130344827586,1.4154,46,11,299,168,124,44,17.691137,0,ok,logs/seed_18464.log
291280,irt_only,GHEFT,0,0.0,0,0,1,0.3657,0.231,0.5967,,,,,,,,,,,,,,,,,57.20946289666394,1.1414,45,10,331,161,126,35,17.568162,0,ok,logs/seed_291280.log
869924,irt_only,GHEFT,0,0.0,0,0,1,0.4416,0.2403,0.6819,,,,,,,,,,,,,,,,,51.857115825914946,1.1432,49,11,296,145,110,35,14.407819,0,ok,logs/seed_869924.log
159410,irt_only,GHEFT,0,0.0,0,0,1,0.4922,0.2586,0.7508,,,,,,,,,,,,,,,,,49.75631334172435,1.5959,51,11,325,175,135,40,19.083596,0,ok,logs/seed_159410.log
742494,irt_only,GHEFT,0,0.0,0,0,1,0.4968,0.2891,0.7859,,,,,,,,,,,,,,,,,49.82983822397476,1.1158,57,13,344,170,125,45,24.566468,0,ok,logs/seed_742494.log
597622,irt_only,GHEFT,0,0.0,0,0,1,0.4468,0.2908,0.7376,,,,,,,,,,,,,,,,,65.091301,1.5119,54,14,328,202,151,51,19.173238,0,ok,logs/seed_597622.log
678698,irt_only,GHEFT,0,0.0,0,0,1,0.493,0.366,0.859,,,,,,,,,,,,,,,,,48.08472353855279,1.2067,50,13,309,176,142,34,19.792045,0,ok,logs/seed_678698.log
456139,irt_only,GHEFT,0,0.0,0,0,1,0.4703,0.2738,0.7441,,,,,,,,,,,,,,,,,42.477693001841615,1.2165,45,11,319,160,118,42,16.270406,0,ok,logs/seed_456139.log
992767,irt_only,GHEFT,0,0.0,0,0,1,0.4078,0.2838,0.6916,,,,,,,,,,,,,,,,,46.641192409240915,1.1358,54,14,332,187,117,70,19.02351,0,ok,logs/seed_992767.log
944808,irt_only,GHEFT,0,0.0,0,0,1,0.4228,0.2959,0.7187,,,,,,,,,,,,,,,,,57.37952698145024,1.3556,53,13,328,179,123,56,17.981208,0,ok,logs/seed_944808.log
815988,irt_only,GHEFT,0,0.0,0,0,1,0.4686,0.2856,0.7542,,,,,,,,,,,,,,,,,49.581675343721365,1.2862,55,10,314,166,115,51,12.808239,0,ok,logs/seed_815988.log
957888,irt_only,GHEFT,0,0.0,0,0,1,0.4592,0.2371,0.6963,,,,,,,,,,,,,,,,,46.2589389261745,1.4506,49,10,306,158,126,32,15.671923,0,ok,logs/seed_957888.log
894642,irt_only,GHEFT,0,0.0,0,0,1,0.4039,0.3082,0.7121,,,,,,,,,,,,,,,,,51.726536138555325,1.2681,50,13,318,164,111,53,19.149355,0,ok,logs/seed_894642.log
19043,irt_only,GHEFT,0,0.0,0,0,1,0.4076,0.3046,0.7122,,,,,,,,,,,,,,,,,74.69732999178308,1.4976,46,12,307,158,129,29,19.19002,0,ok,logs/seed_19043.log
333312,irt_only,GHEFT,0,0.0,0,0,1,0.4072,0.2464,0.6536,,,,,,,,,,,,,,,,,50.28754347202296,1.1043,50,11,311,147,104,43,20.430506,0,ok,logs/seed_333312.log
652708,irt_only,GHEFT,0,0.0,0,0,1,0.4789,0.3746,0.8535,,,,,,,,,,,,,,,,,50.77617600000001,1.1898,47,10,315,155,122,33,20.718101,0,ok,logs/seed_652708.log
484858,irt_only,GHEFT,0,0.0,0,0,1,0.3874,0.2288,0.6162,,,,,,,,,,,,,,,,,77.80840362785254,1.4715,43,12,306,168,127,41,17.654658,0,ok,logs/seed_484858.log
260711,irt_only,GHEFT,0,0.0,0,0,1,0.4368,0.2847,0.7215,,,,,,,,,,,,,,,,,47.587530232558144,1.2383,50,12,352,175,107,68,22.792231,0,ok,logs/seed_260711.log
260575,irt_only,GHEFT,0,0.0,0,0,1,0.4193,0.2917,0.711,,,,,,,,,,,,,,,,,50.46629542275516,1.3357,63,17,331,198,122,76,20.478309,0,ok,logs/seed_260575.log
814681,irt_only,GHEFT,0,0.0,0,0,1,0.4604,0.3565,0.8169,,,,,,,,,,,,,,,,,46.314223222222225,1.4382,59,15,311,186,115,71,14.260819,0,ok,logs/seed_814681.log
593980,irt_only,GHEFT,0,0.0,0,0,1,0.4124,0.2283,0.6407,,,,,,,,,,,,,,,,,63.15066498422712,1.3043,46,9,313,148,120,28,22.916408,0,ok,logs/seed_593980.log
784003,irt_only,GHEFT,0,0.0,0,0,1,0.4562,0.253,0.7092,,,,,,,,,,,,,,,,,51.83896236335415,1.386,49,11,333,177,135,42,23.506421,0,ok,logs/seed_784003.log
782732,irt_only,GHEFT,0,0.0,0,0,1,0.4076,0.2268,0.6344,,,,,,,,,,,,,,,,,56.148643970822285,1.553,40,10,308,140,108,32,18.01024,0,ok,logs/seed_782732.log
498415,irt_only,GHEFT,0,0.0,0,0,1,0.4779,0.3221,0.8,,,,,,,,,,,,,,,,,46.585776914288445,1.365,46,12,329,162,113,49,19.684612,0,ok,logs/seed_498415.log
433902,irt_only,GHEFT,0,0.0,0,0,1,0.475,0.3158,0.7908,,,,,,,,,,,,,,,,,46.883053472740855,1.232,54,11,321,187,138,49,18.930789,0,ok,logs/seed_433902.log
673000,irt_only,GHEFT,0,0.0,0,0,1,0.3823,0.2588,0.6411,,,,,,,,,,,,,,,,,57.9308,1.2592,48,13,302,166,127,39,19.196326,0,ok,logs/seed_673000.log
797543,irt_only,GHEFT,0,0.0,0,0,1,0.4488,0.2998,0.7486,,,,,,,,,,,,,,,,,47.07959999999999,1.3172,49,11,321,183,141,42,16.489171,0,ok,logs/seed_797543.log
466915,irt_only,GHEFT,0,0.0,0,0,1,0.4391,0.2754,0.7145,,,,,,,,,,,,,,,,,46.45419679767103,1.1762,41,13,301,167,124,43,14.357638,0,ok,logs/seed_466915.log
252114,irt_only,GHEFT,0,0.0,0,0,1,0.4761,0.2777,0.7538,,,,,,,,,,,,,,,,,56.86774714494876,1.5012,43,10,308,166,119,47,16.082155,0,ok,logs/seed_252114.log
898797,irt_only,GHEFT,0,0.0,0,0,1,0.4323,0.2843,0.7166,,,,,,,,,,,,,,,,,49.444283034251484,1.2589,47,10,324,150,120,30,20.431481,0,ok,logs/seed_898797.log
160378,irt_only,GHEFT,0,0.0,0,0,1,0.3893,0.2673,0.6566,,,,,,,,,,,,,,,,,56.2319496381323,1.4154,46,11,297,163,126,37,16.67137,0,ok,logs/seed_160378.log
627275,irt_only,GHEFT,0,0.0,0,0,1,0.4162,0.2638,0.68,,,,,,,,,,,,,,,,,53.62120856031128,1.2259,53,15,318,178,126,52,15.24653,0,ok,logs/seed_627275.log
338928,irt_only,GHEFT,0,0.0,0,0,1,0.3881,0.2329,0.621,,,,,,,,,,,,,,,,,55.65958387096774,1.068,47,11,306,167,135,32,18.837823,0,ok,logs/seed_338928.log
509757,irt_only,GHEFT,0,0.0,0,0,1,0.4476,0.2779,0.7255,,,,,,,,,,,,,,,,,62.43386683046683,1.5425,49,10,319,176,140,36,20.541324,0,ok,logs/seed_509757.log
919077,irt_only,GHEFT,0,0.0,0,0,1,0.3891,0.2026,0.5917,,,,,,,,,,,,,,,,,70.27642197802199,1.0465,45,9,299,150,111,39,14.687225,0,ok,logs/seed_919077.log
347640,irt_only,GHEFT,0,0.0,0,0,1,0.4484,0.2777,0.7261,,,,,,,,,,,,,,,,,50.69199999999999,1.2556,44,12,295,195,137,58,14.199476,0,ok,logs/seed_347640.log
322288,irt_only,GHEFT,0,0.0,0,0,1,0.3883,0.2783,0.6666,,,,,,,,,,,,,,,,,54.76461710037176,1.435,44,10,304,163,123,40,17.830812,0,ok,logs/seed_322288.log
727120,irt_only,GHEFT,0,0.0,0,0,1,0.4416,0.3608,0.8024,,,,,,,,,,,,,,,,,51.533118320610676,1.451,50,11,309,173,139,34,18.893991,0,ok,logs/seed_727120.log
427897,irt_only,GHEFT,0,0.0,0,0,1,0.4639,0.3026,0.7665,,,,,,,,,,,,,,,,,59.841849766718504,1.7884,51,11,329,195,148,47,21.250075,0,ok,logs/seed_427897.log
734330,irt_only,GHEFT,0,0.0,0,0,1,0.4195,0.2343,0.6538,,,,,,,,,,,,,,,,,55.292075825503346,1.2885,53,13,327,167,129,38,16.313024,0,ok,logs/seed_734330.log
858654,irt_only,GHEFT,0,0.0,0,0,1,0.3846,0.2381,0.6227,,,,,,,,,,,,,,,,,46.9164054408922,1.334,50,12,329,162,122,40,22.286191,0,ok,logs/seed_858654.log
958351,irt_only,GHEFT,0,0.0,0,0,1,0.4226,0.3603,0.7829,,,,,,,,,,,,,,,,,57.142680151619565,1.8505,55,14,313,163,118,45,21.169102,0,ok,logs/seed_958351.log
40504,irt_only,GHEFT,0,0.0,0,0,1,0.4509,0.3255,0.7764,,,,,,,,,,,,,,,,,51.20245903814263,1.397,49,12,318,166,132,34,18.56633,0,ok,logs/seed_40504.log
330355,irt_only,GHEFT,0,0.0,0,0,1,0.4726,0.2732,0.7458,,,,,,,,,,,,,,,,,46.26658569617405,1.262,49,11,317,170,124,46,16.556431,0,ok,logs/seed_330355.log
497350,irt_only,GHEFT,0,0.0,0,0,1,0.4275,0.3054,0.7329,,,,,,,,,,,,,,,,,65.1185053691275,1.7271,49,12,312,166,107,59,19.115932,0,ok,logs/seed_497350.log
884312,irt_only,GHEFT,0,0.0,0,0,1,0.4755,0.2696,0.7451,,,,,,,,,,,,,,,,,46.36208264422396,1.3072,45,10,283,143,111,32,14.719723,0,ok,logs/seed_884312.log
157239,irt_only,GHEFT,0,0.0,0,0,1,0.4117,0.2372,0.6489,,,,,,,,,,,,,,,,,70.43575019669551,1.7876,56,12,336,176,142,34,22.040274,0,ok,logs/seed_157239.log
800522,irt_only,GHEFT,0,0.0,0,0,1,0.4398,0.2373,0.6771,,,,,,,,,,,,,,,,,49.688934333333336,1.1185,58,13,339,201,134,67,20.212154,0,ok,logs/seed_800522.log
659473,irt_only,GHEFT,0,0.0,0,0,1,0.4846,0.2739,0.7585,,,,,,,,,,,,,,,,,63.06637479579931,1.1045,49,10,333,150,114,36,21.468035,0,ok,logs/seed_659473.log
246166,irt_only,GHEFT,0,0.0,0,0,1,0.4709,0.2657,0.7366,,,,,,,,,,,,,,,,,45.87166725860155,1.301,45,10,313,153,104,49,18.732752,0,ok,logs/seed_246166.log
91598,irt_only,GHEFT,0,0.0,0,0,1,0.4546,0.2913,0.7459,,,,,,,,,,,,,,,,,45.95807763371151,1.2674,47,9,320,151,93,58,19.642287,0,ok,logs/seed_91598.log
197720,irt_only,GHEFT,0,0.0,0,0,1,0.4807,0.3371,0.8178,,,,,,,,,,,,,,,,,53.314157550453075,1.262,52,12,351,179,134,45,20.242382,0,ok,logs/seed_197720.log
209503,irt_only,GHEFT,0,0.0,0,0,1,0.4492,0.2813,0.7305,,,,,,,,,,,,,,,,,52.56442658139535,1.1615,53,11,340,159,118,41,19.951299,0,ok,logs/seed_209503.log
722755,irt_only,GHEFT,0,0.0,0,0,1,0.4924,0.2994,0.7918,,,,,,,,,,,,,,,,,54.632084591800435,1.5768,50,10,320,178,143,35,18.393538,0,ok,logs/seed_722755.log
161572,irt_only,GHEFT,0,0.0,0,0,1,0.4296,0.271,0.7006,,,,,,,,,,,,,,,,,47.25780605529226,1.2695,44,10,293,139,108,31,13.839621,0,ok,logs/seed_161572.log
134796,irt_only,GHEFT,0,0.0,0,0,1,0.451,0.3069,0.7579,,,,,,,,,,,,,,,,,42.51981379310344,1.2872,50,13,296,155,112,43,13.617931,0,ok,logs/seed_134796.log
183408,irt_only,GHEFT,0,0.0,0,0,1,0.375,0.2409,0.6159,,,,,,,,,,,,,,,,,58.23365757575759,1.5399,41,11,293,132,98,34,19.982698,0,ok,logs/seed_183408.log
591958,irt_only,GHEFT,0,0.0,0,0,1,0.4392,0.2816,0.7208,,,,,,,,,,,,,,,,,46.24408730158729,1.5023,47,10,308,161,124,37,20.947104,0,ok,logs/seed_591958.log
767374,irt_only,GHEFT,0,0.0,0,0,1,0.4615,0.3297,0.7912,,,,,,,,,,,,,,,,,45.3132838002843,1.2975,55,13,326,168,98,70,17.935156,0,ok,logs/seed_767374.log
718905,irt_only,GHEFT,0,0.0,0,0,1,0.4836,0.2982,0.7818,,,,,,,,,,,,,,,,,48.5310103626943,1.1464,49,10,310,164,130,34,18.638505,0,ok,logs/seed_718905.log
459821,irt_only,GHEFT,0,0.0,0,0,1,0.4183,0.2497,0.668,,,,,,,,,,,,,,,,,56.97191738461539,1.4621,49,10,334,180,133,47,22.459692,0,ok,logs/seed_459821.log
520213,irt_only,GHEFT,0,0.0,0,0,1,0.4802,0.3045,0.7847,,,,,,,,,,,,,,,,,55.18080466760963,1.4204,47,10,298,143,106,37,19.09552,0,ok,logs/seed_520213.log
779780,irt_only,GHEFT,0,0.0,0,0,1,0.4097,0.2244,0.6341,,,,,,,,,,,,,,,,,50.99456533575319,1.1019,51,12,321,159,118,41,19.395477,0,ok,logs/seed_779780.log
213946,irt_only,GHEFT,0,0.0,0,0,1,0.4279,0.2362,0.6641,,,,,,,,,,,,,,,,,46.67882196531792,1.2563,49,13,326,174,123,51,23.008613,0,ok,logs/seed_213946.log
169838,irt_only,GHEFT,0,0.0,0,0,1,0.5008,0.3175,0.8183,,,,,,,,,,,,,,,,,46.63525739906104,1.2626,49,11,313,176,134,42,16.721233,0,ok,logs/seed_169838.log
877886,irt_only,GHEFT,0,0.0,0,0,1,0.451,0.2751,0.7261,,,,,,,,,,,,,,,,,54.1355923076923,1.0722,47,11,325,150,122,28,22.854372,0,ok,logs/seed_877886.log
851849,irt_only,GHEFT,0,0.0,0,0,1,0.4622,0.3097,0.7719,,,,,,,,,,,,,,,,,49.066213836477985,1.5998,45,12,323,169,124,45,18.29481,0,ok,logs/seed_851849.log
979912,irt_only,GHEFT,0,0.0,0,0,1,0.4576,0.3335,0.7911,,,,,,,,,,,,,,,,,54.27612194504093,1.5518,57,13,349,196,136,60,18.836391,0,ok,logs/seed_979912.log
694168,irt_only,GHEFT,0,0.0,0,0,1,0.4223,0.2162,0.6385,,,,,,,,,,,,,,,,,44.56497905668933,1.1413,47,12,325,156,110,46,18.479063,0,ok,logs/seed_694168.log
866262,irt_only,GHEFT,0,0.0,0,0,1,0.413,0.2498,0.6628,,,,,,,,,,,,,,,,,46.94256506810444,1.5039,47,9,306,161,125,36,13.538201,0,ok,logs/seed_866262.log
208768,irt_only,GHEFT,0,0.0,0,0,1,0.3967,0.2625,0.6592,,,,,,,,,,,,,,,,,59.13431922596754,1.209,49,11,317,149,120,29,17.789626,0,ok,logs/seed_208768.log
23792,irt_only,GHEFT,0,0.0,0,0,1,0.426,0.2401,0.6661,,,,,,,,,,,,,,,,,51.96199064649244,1.3647,55,11,321,166,116,50,17.449898,0,ok,logs/seed_23792.log
517603,irt_only,GHEFT,0,0.0,0,0,1,0.3892,0.2143,0.6035,,,,,,,,,,,,,,,,,56.627975731497415,1.1285,43,10,300,137,108,29,18.124872,0,ok,logs/seed_517603.log
438614,irt_only,GHEFT,0,0.0,0,0,1,0.4601,0.3121,0.7722,,,,,,,,,,,,,,,,,58.99525450762829,1.4254,47,10,306,178,127,51,16.83043,0,ok,logs/seed_438614.log
358432,irt_only,GHEFT,0,0.0,0,0,1,0.3784,0.2409,0.6193,,,,,,,,,,,,,,,,,57.24831666666666,1.8371,51,13,314,191,138,53,14.997961,0,ok,logs/seed_358432.log
726885,irt_only,GHEFT,0,0.0,0,0,1,0.4438,0.3002,0.744,,,,,,,,,,,,,,,,,62.84783095975232,1.5126,51,13,320,166,117,49,15.17893,0,ok,logs/seed_726885.log
985503,irt_only,GHEFT,0,0.0,0,0,1,0.4182,0.2515,0.6697,,,,,,,,,,,,,,,,,64.26130364854802,1.6131,43,12,299,163,125,38,17.927057,0,ok,logs/seed_985503.log
100872,irt_only,GHEFT,0,0.0,0,0,1,0.4472,0.2427,0.6899,,,,,,,,,,,,,,,,,43.25196335146967,1.2013,55,14,327,149,106,43,19.752162,0,ok,logs/seed_100872.log
571275,irt_only,GHEFT,0,0.0,0,0,1,0.4466,0.3184,0.765,,,,,,,,,,,,,,,,,48.97684187725632,1.3559,39,10,295,144,117,27,15.154674,0,ok,logs/seed_571275.log
304516,irt_only,GHEFT,0,0.0,0,0,1,0.4309,0.2297,0.6606,,,,,,,,,,,,,,,,,45.735826315789474,1.1707,52,11,324,169,125,44,15.528315,0,ok,logs/seed_304516.log
986627,irt_only,GHEFT,0,0.0,0,0,1,0.4865,0.256,0.7425,,,,,,,,,,,,,,,,,45.29735454545456,1.1637,44,10,325,146,113,33,15.181787,0,ok,logs/seed_986627.log
770441,irt_only,GHEFT,0,0.0,0,0,1,0.4163,0.2841,0.7004,,,,,,,,,,,,,,,,,48.68288590258449,1.1032,50,13,331,199,156,43,18.491554,0,ok,logs/seed_770441.log
153406,irt_only,GHEFT,0,0.0,0,0,1,0.4391,0.3002,0.7393,,,,,,,,,,,,,,,,,51.7176957028852,1.4403,56,12,322,173,123,50,17.937733,0,ok,logs/seed_153406.log
912001,irt_only,GHEFT,0,0.0,0,0,1,0.3996,0.2497,0.6493,,,,,,,,,,,,,,,,,49.74256230876216,1.161,49,12,305,145,98,47,16.578103,0,ok,logs/seed_912001.log
888595,irt_only,GHEFT,0,0.0,0,0,1,0.4298,0.2517,0.6815,,,,,,,,,,,,,,,,,49.037054846153836,1.4209,42,10,309,150,122,28,15.016882,0,ok,logs/seed_888595.log
446012,irt_only,GHEFT,0,0.0,0,0,1,0.4606,0.3047,0.7653,,,,,,,,,,,,,,,,,44.85259367088607,1.2872,48,12,304,148,102,46,14.089859,0,ok,logs/seed_446012.log
93464,irt_only,GHEFT,0,0.0,0,0,1,0.4395,0.2631,0.7026,,,,,,,,,,,,,,,,,45.65851111111112,1.4004,45,13,303,149,117,32,16.091121,0,ok,logs/seed_93464.log
936641,irt_only,GHEFT,0,0.0,0,0,1,0.4664,0.3087,0.7751,,,,,,,,,,,,,,,,,50.36524537674714,1.2651,51,11,345,157,126,31,19.147109,0,ok,logs/seed_936641.log
739948,irt_only,GHEFT,0,0.0,0,0,1,0.3738,0.2122,0.586,,,,,,,,,,,,,,,,,42.98460075566751,1.271,46,11,315,172,118,54,16.500497,0,ok,logs/seed_739948.log
62927,irt_only,GHEFT,0,0.0,0,0,1,0.4876,0.2707,0.7583,,,,,,,,,,,,,,,,,49.57225591329481,1.3245,46,11,302,135,98,37,17.336068,0,ok,logs/seed_62927.log
648277,irt_only,GHEFT,0,0.0,0,0,1,0.4709,0.3611,0.832,,,,,,,,,,,,,,,,,47.66536708463949,1.2032,51,12,309,165,111,54,14.277672,0,ok,logs/seed_648277.log
297455,irt_only,GHEFT,0,0.0,0,0,1,0.4303,0.2734,0.7037,,,,,,,,,,,,,,,,,55.07196349809886,1.2558,46,11,331,172,122,50,19.060577,0,ok,logs/seed_297455.log
928299,irt_only,GHEFT,0,0.0,0,0,1,0.4501,0.3064,0.7565,,,,,,,,,,,,,,,,,47.71948576512456,1.3976,55,12,312,180,116,64,14.449227,0,ok,logs/seed_928299.log
296307,irt_only,GHEFT,0,0.0,0,0,1,0.4597,0.3194,0.7791,,,,,,,,,,,,,,,,,49.46806888685523,1.4206,45,11,318,157,114,43,18.660411,0,ok,logs/seed_296307.log
732766,irt_only,GHEFT,0,0.0,0,0,1,0.4754,0.2802,0.7556,,,,,,,,,,,,,,,,,51.46558717339667,1.1542,50,11,307,174,140,34,15.569183,0,ok,logs/seed_732766.log
399011,irt_only,GHEFT,0,0.0,0,0,1,0.4435,0.3366,0.7801,,,,,,,,,,,,,,,,,50.358400120048,1.6713,43,10,290,150,122,28,14.440511,0,ok,logs/seed_399011.log
148624,irt_only,GHEFT,0,0.0,0,0,1,0.4468,0.3239,0.7707,,,,,,,,,,,,,,,,,51.038801420630016,1.3656,48,10,303,162,122,40,16.575569,0,ok,logs/seed_148624.log
409113,irt_only,GHEFT,0,0.0,0,0,1,0.4061,0.2618,0.6679,,,,,,,,,,,,,,,,,56.20615454545455,1.1234,49,11,310,162,121,41,15.773503,0,ok,logs/seed_409113.log
459727,irt_only,GHEFT,0,0.0,0,0,1,0.4645,0.3368,0.8013,,,,,,,,,,,,,,,,,48.17432314608555,1.233,47,10,326,141,108,33,18.886893,0,ok,logs/seed_459727.log
144132,irt_only,GHEFT,0,0.0,0,0,1,0.4077,0.2586,0.6663,,,,,,,,,,,,,,,,,65.63496288848263,1.4489,47,11,318,161,126,35,17.431598,0,ok,logs/seed_144132.log
749046,irt_only,GHEFT,0,0.0,0,0,1,0.4028,0.2418,0.6446,,,,,,,,,,,,,,,,,48.72021761827079,1.3078,45,9,294,143,111,32,12.955947,0,ok,logs/seed_749046.log
324901,irt_only,GHEFT,0,0.0,0,0,1,0.4012,0.2477,0.6489,,,,,,,,,,,,,,,,,52.51052084942086,1.4421,50,12,333,179,127,52,17.078847,0,ok,logs/seed_324901.log
786867,irt_only,GHEFT,0,0.0,0,0,1,0.3941,0.23,0.6241,,,,,,,,,,,,,,,,,49.299461452513974,1.2108,44,11,329,140,110,30,15.662639,0,ok,logs/seed_786867.log
760274,irt_only,GHEFT,0,0.0,0,0,1,0.4568,0.3081,0.7649,,,,,,,,,,,,,,,,,51.499300999999996,1.2353,43,12,309,154,119,35,14.375905,0,ok,logs/seed_760274.log
828516,irt_only,GHEFT,0,0.0,0,0,1,0.4198,0.2255,0.6453,,,,,,,,,,,,,,,,,47.8839670886076,1.1921,51,14,294,178,141,37,11.421416,0,ok,logs/seed_828516.log
583657,irt_only,GHEFT,0,0.0,0,0,1,0.4449,0.3036,0.7485,,,,,,,,,,,,,,,,,54.91847320511395,1.1706,48,11,311,138,109,29,19.76009,0,ok,logs/seed_583657.log
678530,irt_only,GHEFT,0,0.0,0,0,1,0.408,0.2711,0.6791,,,,,,,,,,,,,,,,,51.12923216656609,1.3572,53,11,332,161,107,54,15.890296,0,ok,logs/seed_678530.log
834347,irt_only,GHEFT,0,0.0,0,0,1,0.4271,0.2803,0.7074,,,,,,,,,,,,,,,,,53.279807429598556,1.3421,50,11,313,157,111,46,14.253193,0,ok,logs/seed_834347.log
751299,irt_only,GHEFT,0,0.0,0,0,1,0.4182,0.2328,0.651,,,,,,,,,,,,,,,,,48.39021008645532,1.3723,52,12,328,169,122,47,15.45578,0,ok,logs/seed_751299.log
47272,irt_only,GHEFT,0,0.0,0,0,1,0.4518,0.2718,0.7236,,,,,,,,,,,,,,,,,60.76957014925374,1.6136,51,13,305,148,108,40,14.338436,0,ok,logs/seed_47272.log
302457,irt_only,GHEFT,0,0.0,0,0,1,0.4186,0.2405,0.6591,,,,,,,,,,,,,,,,,51.32686307394874,1.4287,44,10,310,170,123,47,15.243605,0,ok,logs/seed_302457.log
506952,irt_only,GHEFT,0,0.0,0,0,1,0.4879,0.2631,0.751,,,,,,,,,,,,,,,,,45.434131343283596,1.5607,46,13,298,157,125,32,12.821932,0,ok,logs/seed_506952.log
153133,irt_only,GHEFT,0,0.0,0,0,1,0.4462,0.2881,0.7343,,,,,,,,,,,,,,,,,48.42088471334792,1.3098,49,11,312,160,120,40,14.382196,0,ok,logs/seed_153133.log
470911,irt_only,GHEFT,0,0.0,0,0,1,0.4906,0.2782,0.7688,,,,,,,,,,,,,,,,,54.05467834474177,1.485,51,12,327,152,106,46,18.410586,0,ok,logs/seed_470911.log
261338,irt_only,GHEFT,0,0.0,0,0,1,0.4357,0.2522,0.6879,,,,,,,,,,,,,,,,,68.50539297401349,1.7385,43,10,309,175,144,31,15.084361,0,ok,logs/seed_261338.log
669829,irt_only,GHEFT,0,0.0,0,0,1,0.4318,0.272,0.7038,,,,,,,,,,,,,,,,,45.4071887425938,1.1113,46,11,306,143,122,21,15.236217,0,ok,logs/seed_669829.log
681823,irt_only,GHEFT,0,0.0,0,0,1,0.4445,0.2404,0.6849,,,,,,,,,,,,,,,,,41.89607036542669,1.1466,50,12,326,160,109,51,14.848279,0,ok,logs/seed_681823.log
829532,irt_only,GHEFT,0,0.0,0,0,1,0.4349,0.2362,0.6711,,,,,,,,,,,,,,,,,40.465067741935485,1.3644,41,10,290,128,107,21,14.26158,0,ok,logs/seed_829532.log
100374,irt_only,GHEFT,0,0.0,0,0,1,0.3964,0.2424,0.6388,,,,,,,,,,,,,,,,,46.68417930720146,1.1777,53,12,344,202,142,60,16.866963,0,ok,logs/seed_100374.log
332803,irt_only,GHEFT,0,0.0,0,0,1,0.4338,0.2972,0.731,,,,,,,,,,,,,,,,,50.02163133947773,1.1619,44,10,292,151,122,29,13.274338,0,ok,logs/seed_332803.log
857688,irt_only,GHEFT,0,0.0,0,0,1,0.4339,0.2528,0.6867,,,,,,,,,,,,,,,,,97.23091905424202,2.0897,44,10,312,161,126,35,16.258407,0,ok,logs/seed_857688.log
992778,irt_only,GHEFT,0,0.0,0,0,1,0.4443,0.3605,0.8048,,,,,,,,,,,,,,,,,46.932507665939006,1.3387,45,12,320,170,125,45,16.628162,0,ok,logs/seed_992778.log
553562,irt_only,GHEFT,0,0.0,0,0,1,0.4626,0.2881,0.7507,,,,,,,,,,,,,,,,,45.16941112909632,1.2947,51,12,326,156,99,57,14.746449,0,ok,logs/seed_553562.log
536653,irt_only,GHEFT,0,0.0,0,0,1,0.4393,0.2994,0.7387,,,,,,,,,,,,,,,,,63.60862222222221,1.3784,45,11,314,168,136,32,16.066736,0,ok,logs/seed_536653.log
934999,irt_only,GHEFT,0,0.0,0,0,1,0.4461,0.2476,0.6937,,,,,,,,,,,,,,,,,43.40134805882354,1.2565,50,11,322,159,112,47,15.025915,0,ok,logs/seed_934999.log
560912,irt_only,GHEFT,0,0.0,0,0,1,0.4832,0.3295,0.8127,,,,,,,,,,,,,,,,,53.83446963344744,1.205,45,12,313,162,121,41,15.298059,0,ok,logs/seed_560912.log
474714,irt_only,GHEFT,0,0.0,0,0,1,0.4751,0.3385,0.8136,,,,,,,,,,,,,,,,,64.49214021447722,1.6482,46,10,311,164,126,38,13.406596,0,ok,logs/seed_474714.log
221092,irt_only,GHEFT,0,0.0,0,0,1,0.3927,0.232,0.6247,,,,,,,,,,,,,,,,,46.486336507936514,1.6152,43,10,296,150,106,44,11.920559,0,ok,logs/seed_221092.log
509580,irt_only,GHEFT,0,0.0,0,0,1,0.4756,0.2835,0.7591,,,,,,,,,,,,,,,,,43.76993692722372,1.1675,42,11,306,149,109,40,13.861974,0,ok,logs/seed_509580.log
57053,irt_only,GHEFT,0,0.0,0,0,1,0.4385,0.3396,0.7781,,,,,,,,,,,,,,,,,45.04918437499999,1.4345,43,10,310,144,112,32,12.55019,0,ok,logs/seed_57053.log
928433,irt_only,GHEFT,0,0.0,0,0,1,0.4214,0.2763,0.6977,,,,,,,,,,,,,,,,,52.4818072968491,1.0492,42,11,310,156,123,33,14.010245,0,ok,logs/seed_928433.log
881017,irt_only,GHEFT,0,0.0,0,0,1,0.4596,0.2722,0.7318,,,,,,,,,,,,,,,,,56.38358095238094,1.2985,51,11,331,168,128,40,13.346774,0,ok,logs/seed_881017.log
892380,irt_only,GHEFT,0,0.0,0,0,1,0.4482,0.2864,0.7346,,,,,,,,,,,,,,,,,45.038791337099816,1.218,49,12,321,155,100,55,13.868881,0,ok,logs/seed_892380.log
758824,irt_only,GHEFT,0,0.0,0,0,1,0.4195,0.2498,0.6693,,,,,,,,,,,,,,,,,55.60461612903227,1.453,54,13,325,171,114,57,11.281543,0,ok,logs/seed_758824.log
551160,irt_only,GHEFT,0,0.0,0,0,1,0.4858,0.289,0.7748,,,,,,,,,,,,,,,,,45.119642879895494,1.2096,48,12,320,152,99,53,12.484507,0,ok,logs/seed_551160.log
833352,irt_only,GHEFT,0,0.0,0,0,1,0.4236,0.2373,0.6609,,,,,,,,,,,,,,,,,44.6482945054945,1.2853,43,9,318,160,110,50,16.092965,0,ok,logs/seed_833352.log
841142,irt_only,GHEFT,0,0.0,0,0,1,0.493,0.3066,0.7996,,,,,,,,,,,,,,,,,53.08093543788187,1.6931,40,11,313,143,99,44,13.943263,0,ok,logs/seed_841142.log
484796,irt_only,GHEFT,0,0.0,0,0,1,0.4464,0.2755,0.7219,,,,,,,,,,,,,,,,,43.56800247933884,1.0656,51,14,303,165,128,37,13.991239,0,ok,logs/seed_484796.log
648201,irt_only,GHEFT,0,0.0,0,0,1,0.4288,0.2455,0.6743,,,,,,,,,,,,,,,,,66.06128936170212,1.3834,46,12,321,193,151,42,11.417992,0,ok,logs/seed_648201.log
414611,irt_only,GHEFT,0,0.0,0,0,1,0.4585,0.3066,0.7651,,,,,,,,,,,,,,,,,54.962063349131114,1.5672,51,11,317,167,116,51,13.407009,0,ok,logs/seed_414611.log
675510,irt_only,GHEFT,0,0.0,0,0,1,0.4209,0.2761,0.697,,,,,,,,,,,,,,,,,59.07404117647059,1.1642,48,11,312,179,135,44,10.955356,0,ok,logs/seed_675510.log
648624,irt_only,GHEFT,0,0.0,0,0,1,0.4248,0.2813,0.7061,,,,,,,,,,,,,,,,,57.0112846672283,1.3733,40,11,306,181,124,57,13.5553,0,ok,logs/seed_648624.log
759693,irt_only,GHEFT,0,0.0,0,0,1,0.4662,0.2365,0.7027,,,,,,,,,,,,,,,,,71.50664691358024,1.5348,56,13,320,177,147,30,14.110646,0,ok,logs/seed_759693.log
774549,irt_only,GHEFT,0,0.0,0,0,1,0.4276,0.3407,0.7683,,,,,,,,,,,,,,,,,67.63867917555082,1.6721,47,12,332,197,128,69,13.889813,0,ok,logs/seed_774549.log
358234,irt_only,GHEFT,0,0.0,0,0,1,0.3985,0.3127,0.7112,,,,,,,,,,,,,,,,,48.723200000000006,1.2254,55,12,343,181,135,46,15.393202,0,ok,logs/seed_358234.log
601465,irt_only,GHEFT,0,0.0,0,0,1,0.5158,0.2739,0.7897,,,,,,,,,,,,,,,,,43.24977816091955,1.34,44,10,296,149,110,39,12.204411,0,ok,logs/seed_601465.log
896564,irt_only,GHEFT,0,0.0,0,0,1,0.4764,0.2468,0.7232,,,,,,,,,,,,,,,,,51.27535108979948,1.5947,42,9,314,146,105,41,11.620689,0,ok,logs/seed_896564.log
706427,irt_only,GHEFT,0,0.0,0,0,1,0.4204,0.2316,0.652,,,,,,,,,,,,,,,,,53.10249629629631,1.5391,40,11,325,152,120,32,13.504339,0,ok,logs/seed_706427.log
677732,irt_only,GHEFT,0,0.0,0,0,1,0.5016,0.3161,0.8177,,,,,,,,,,,,,,,,,52.573903868318126,1.6999,42,9,311,161,125,36,12.974947,0,ok,logs/seed_677732.log
809910,irt_only,GHEFT,0,0.0,0,0,1,0.4229,0.3165,0.7394,,,,,,,,,,,,,,,,,57.417984741488006,1.4404,46,12,319,167,135,32,13.849014,0,ok,logs/seed_809910.log
309949,irt_only,GHEFT,0,0.0,0,0,1,0.42,0.2767,0.6967,,,,,,,,,,,,,,,,,53.187294265007324,1.7472,41,10,310,155,107,48,12.580265,0,ok,logs/seed_309949.log
966961,irt_only,GHEFT,0,0.0,0,0,1,0.5027,0.3493,0.852,,,,,,,,,,,,,,,,,63.17118473581213,1.9028,47,12,324,165,107,58,13.804856,0,ok,logs/seed_966961.log
502603,irt_only,GHEFT,0,0.0,0,0,1,0.431,0.2338,0.6648,,,,,,,,,,,,,,,,,50.83519916031536,1.0598,49,10,307,161,126,35,11.274745,0,ok,logs/seed_502603.log
896043,irt_only,GHEFT,0,0.0,0,0,1,0.3685,0.2198,0.5883,,,,,,,,,,,,,,,,,50.601336426229516,1.5355,43,10,322,151,111,40,13.843481,0,ok,logs/seed_896043.log
470910,irt_only,GHEFT,0,0.0,0,0,1,0.4053,0.2673,0.6726,,,,,,,,,,,,,,,,,46.63202954159592,1.2904,44,10,295,138,102,36,11.980327,0,ok,logs/seed_470910.log
371373,irt_only,GHEFT,0,0.0,0,0,1,0.4617,0.2224,0.6841,,,,,,,,,,,,,,,,,46.22309462365591,1.1716,42,11,309,151,115,36,11.387479,0,ok,logs/seed_371373.log
463349,irt_only,GHEFT,0,0.0,0,0,1,0.4027,0.2525,0.6552,,,,,,,,,,,,,,,,,61.09384625550661,1.7467,39,11,299,156,118,38,12.599173,0,ok,logs/seed_463349.log
736327,irt_only,GHEFT,0,0.0,0,0,1,0.3969,0.2726,0.6695,,,,,,,,,,,,,,,,,58.89039681881533,1.3297,44,10,302,149,124,25,13.00879,0,ok,logs/seed_736327.log
839398,irt_only,GHEFT,0,0.0,0,0,1,0.418,0.2548,0.6728,,,,,,,,,,,,,,,,,53.656327974025984,1.2825,51,12,324,179,136,43,12.254191,0,ok,logs/seed_839398.log
966086,irt_only,GHEFT,0,0.0,0,0,1,0.4759,0.3008,0.7767,,,,,,,,,,,,,,,,,50.6409,1.388,49,15,293,159,114,45,12.227428,0,ok,logs/seed_966086.log
690129,irt_only,GHEFT,0,0.0,0,0,1,0.4869,0.265,0.7519,,,,,,,,,,,,,,,,,52.2792005934718,1.1331,55,13,312,167,126,41,10.490302,0,ok,logs/seed_690129.log
268750,irt_only,GHEFT,0,0.0,0,0,1,0.4638,0.3225,0.7863,,,,,,,,,,,,,,,,,47.463475170274165,1.484,44,11,314,157,119,38,12.147796,0,ok,logs/seed_268750.log
918021,irt_only,GHEFT,0,0.0,0,0,1,0.4683,0.2853,0.7536,,,,,,,,,,,,,,,,,43.01191679389312,1.2884,46,11,328,158,110,48,13.277092,0,ok,logs/seed_918021.log
611051,irt_only,GHEFT,0,0.0,0,0,1,0.4441,0.2693,0.7134,,,,,,,,,,,,,,,,,50.28808266123677,1.2522,43,10,315,143,108,35,11.547237,0,ok,logs/seed_611051.log
728198,irt_only,GHEFT,0,0.0,0,0,1,0.4676,0.2436,0.7112,,,,,,,,,,,,,,,,,53.93893341288782,1.279,45,11,319,160,121,39,12.834741,0,ok,logs/seed_728198.log
658673,irt_only,GHEFT,0,0.0,0,0,1,0.5073,0.397,0.9043,,,,,,,,,,,,,,,,,54.38274409448819,1.3229,46,10,315,162,114,48,12.695955,0,ok,logs/seed_658673.log
357871,irt_only,GHEFT,0,0.0,0,0,1,0.4603,0.2714,0.7317,,,,,,,,,,,,,,,,,41.700021555264875,1.2522,46,9,315,145,116,29,12.619645,0,ok,logs/seed_357871.log
152055,irt_only,GHEFT,0,0.0,0,0,1,0.4396,0.2592,0.6988,,,,,,,,,,,,,,,,,54.29824766977364,1.4869,45,9,322,165,128,37,11.740764,0,ok,logs/seed_152055.log
262601,irt_only,GHEFT,0,0.0,0,0,1,0.4097,0.272,0.6817,,,,,,,,,,,,,,,,,48.48616415789473,1.3666,45,11,318,162,119,43,10.598341,0,ok,logs/seed_262601.log
629872,irt_only,GHEFT,0,0.0,0,0,1,0.5092,0.3059,0.8151,,,,,,,,,,,,,,,,,45.7692702746365,1.0924,45,10,320,147,124,23,11.400964,0,ok,logs/seed_629872.log
471208,irt_only,GHEFT,0,0.0,0,0,1,0.4702,0.2734,0.7436,,,,,,,,,,,,,,,,,59.494884975767384,1.253,47,11,317,167,127,40,13.008434,0,ok,logs/seed_471208.log
255275,irt_only,GHEFT,0,0.0,0,0,1,0.4633,0.2752,0.7385,,,,,,,,,,,,,,,,,47.877216958277266,1.5396,46,10,332,147,109,38,12.786068,0,ok,logs/seed_255275.log
730423,irt_only,GHEFT,0,0.0,0,0,1,0.419,0.3404,0.7594,,,,,,,,,,,,,,,,,47.385278124999985,1.2335,47,12,310,158,106,52,11.290171,0,ok,logs/seed_730423.log
143984,irt_only,GHEFT,0,0.0,0,0,1,0.4094,0.308,0.7174,,,,,,,,,,,,,,,,,70.36702871982116,1.5835,46,11,317,185,131,54,10.786411,0,ok,logs/seed_143984.log
395892,irt_only,GHEFT,0,0.0,0,0,1,0.4476,0.2989,0.7465,,,,,,,,,,,,,,,,,44.587913916500995,1.4089,48,11,306,143,118,25,12.589731,0,ok,logs/seed_395892.log
773877,irt_only,GHEFT,0,0.0,0,0,1,0.3717,0.3009,0.6726,,,,,,,,,,,,,,,,,50.84546021872865,1.5542,50,11,317,151,110,41,12.930768,0,ok,logs/seed_773877.log
880174,irt_only,GHEFT,0,0.0,0,0,1,0.4576,0.3068,0.7644,,,,,,,,,,,,,,,,,60.59101077223248,1.58,50,12,320,179,140,39,11.471772,0,ok,logs/seed_880174.log
237837,irt_only,GHEFT,0,0.0,0,0,1,0.459,0.2578,0.7168,,,,,,,,,,,,,,,,,56.884380314960616,1.2676,51,13,321,181,133,48,13.708288,0,ok,logs/seed_237837.log
835442,irt_only,GHEFT,0,0.0,0,0,1,0.4555,0.3122,0.7677,,,,,,,,,,,,,,,,,48.1380037037037,1.2802,52,11,302,160,130,30,12.714549,0,ok,logs/seed_835442.log
453398,irt_only,GHEFT,0,0.0,0,0,1,0.4566,0.3454,0.802,,,,,,,,,,,,,,,,,53.31239884243302,1.6846,41,11,309,155,120,35,11.947235,0,ok,logs/seed_453398.log
540634,irt_only,GHEFT,0,0.0,0,0,1,0.4459,0.2702,0.7161,,,,,,,,,,,,,,,,,46.08132020330368,1.1638,39,8,309,140,111,29,12.873248,0,ok,logs/seed_540634.log
574410,irt_only,GHEFT,0,0.0,0,0,1,0.4799,0.2768,0.7567,,,,,,,,,,,,,,,,,52.07611385108087,1.2206,50,13,309,172,120,52,9.027923,0,ok,logs/seed_574410.log
445140,irt_only,GHEFT,0,0.0,0,0,1,0.4594,0.2594,0.7188,,,,,,,,,,,,,,,,,38.58394293548387,1.2431,51,13,314,158,122,36,13.301888,0,ok,logs/seed_445140.log
264094,irt_only,GHEFT,0,0.0,0,0,1,0.3926,0.3036,0.6962,,,,,,,,,,,,,,,,,74.33869270506912,1.5594,43,11,314,163,124,39,13.835289,0,ok,logs/seed_264094.log
534582,irt_only,GHEFT,0,0.0,0,0,1,0.3954,0.2558,0.6512,,,,,,,,,,,,,,,,,50.73508374905518,1.2629,48,11,310,158,113,45,9.979784,0,ok,logs/seed_534582.log
26052,irt_only,GHEFT,0,0.0,0,0,1,0.4371,0.2149,0.652,,,,,,,,,,,,,,,,,70.55978897136796,1.6516,48,11,313,156,123,33,11.508862,0,ok,logs/seed_26052.log
734749,irt_only,GHEFT,0,0.0,0,0,1,0.4593,0.2643,0.7236,,,,,,,,,,,,,,,,,50.41458679245283,1.1319,44,10,309,148,125,23,12.766092,0,ok,logs/seed_734749.log
141813,irt_only,GHEFT,0,0.0,0,0,1,0.4133,0.259,0.6723,,,,,,,,,,,,,,,,,40.99183279723501,1.2139,45,11,300,155,125,30,11.890587,0,ok,logs/seed_141813.log
253057,irt_only,GHEFT,0,0.0,0,0,1,0.4942,0.3638,0.858,,,,,,,,,,,,,,,,,46.17255083798883,1.3001,47,11,315,158,130,28,9.948029,0,ok,logs/seed_253057.log
862373,irt_only,GHEFT,0,0.0,0,0,1,0.4312,0.2488,0.68,,,,,,,,,,,,,,,,,59.273785758513924,1.4008,52,11,308,149,106,43,10.393549,0,ok,logs/seed_862373.log
947420,irt_only,GHEFT,0,0.0,0,0,1,0.4054,0.2238,0.6292,,,,,,,,,,,,,,,,,54.61673855799371,1.313,46,10,310,140,108,32,12.006923,0,ok,logs/seed_947420.log
808853,irt_only,GHEFT,0,0.0,0,0,1,0.4231,0.3274,0.7505,,,,,,,,,,,,,,,,,63.87787334302824,1.3439,48,10,329,173,136,37,10.916066,0,ok,logs/seed_808853.log
771950,irt_only,GHEFT,0,0.0,0,0,1,0.478,0.3372,0.8152,,,,,,,,,,,,,,,,,53.29963191489362,1.4311,48,10,306,159,122,37,10.553824,0,ok,logs/seed_771950.log
198309,irt_only,GHEFT,0,0.0,0,0,1,0.4458,0.2817,0.7275,,,,,,,,,,,,,,,,,53.725983739837396,1.3407,45,10,302,160,127,33,11.301672,0,ok,logs/seed_198309.log
178238,irt_only,GHEFT,0,0.0,0,0,1,0.4903,0.3117,0.802,,,,,,,,,,,,,,,,,50.562583106485185,1.5456,44,8,321,133,110,23,12.288394,0,ok,logs/seed_178238.log
478635,irt_only,GHEFT,0,0.0,0,0,1,0.4893,0.2675,0.7568,,,,,,,,,,,,,,,,,48.315812335958015,1.6096,50,12,307,165,112,53,12.948077,0,ok,logs/seed_478635.log
665430,irt_only,GHEFT,0,0.0,0,0,1,0.4084,0.2406,0.649,,,,,,,,,,,,,,,,,60.67809504447266,1.0489,46,11,318,170,124,46,9.481448,0,ok,logs/seed_665430.log
841802,irt_only,GHEFT,0,0.0,0,0,1,0.3991,0.2778,0.6769,,,,,,,,,,,,,,,,,51.90804216094219,1.2165,48,12,312,163,117,46,9.928042,0,ok,logs/seed_841802.log
825694,irt_only,GHEFT,0,0.0,0,0,1,0.4434,0.233,0.6764,,,,,,,,,,,,,,,,,53.56394286060619,1.1287,43,12,315,182,141,41,14.679351,0,ok,logs/seed_825694.log
407219,irt_only,GHEFT,0,0.0,0,0,1,0.4257,0.2902,0.7159,,,,,,,,,,,,,,,,,90.22522530755708,1.8755,43,13,278,167,123,44,10.913582,0,ok,logs/seed_407219.log
290466,irt_only,GHEFT,0,0.0,0,0,1,0.4568,0.2894,0.7462,,,,,,,,,,,,,,,,,65.07740731237973,2.057,49,12,314,158,116,42,12.24154,0,ok,logs/seed_290466.log
797644,irt_only,GHEFT,0,0.0,0,0,1,0.4512,0.2347,0.6859,,,,,,,,,,,,,,,,,52.18109776739283,1.2468,51,11,338,167,126,41,10.314229,0,ok,logs/seed_797644.log
9862,irt_only,GHEFT,0,0.0,0,0,1,0.4263,0.2882,0.7145,,,,,,,,,,,,,,,,,46.102119892508135,1.1981,43,11,305,149,108,41,10.021999,0,ok,logs/seed_9862.log
435679,irt_only,GHEFT,0,0.0,0,0,1,0.441,0.2791,0.7201,,,,,,,,,,,,,,,,,50.2491845020684,1.2526,54,14,323,187,133,54,14.344077,0,ok,logs/seed_435679.log
743887,irt_only,GHEFT,0,0.0,0,0,1,0.3904,0.2378,0.6282,,,,,,,,,,,,,,,,,70.62071494252872,1.6653,44,11,314,158,128,30,12.828502,0,ok,logs/seed_743887.log
807745,irt_only,GHEFT,0,0.0,0,0,1,0.4708,0.2874,0.7582,,,,,,,,,,,,,,,,,64.3336486673428,1.4063,55,13,311,172,111,61,14.651089,0,ok,logs/seed_807745.log
893649,irt_only,GHEFT,0,0.0,0,0,1,0.4512,0.2321,0.6833,,,,,,,,,,,,,,,,,51.70035769230769,1.0926,46,13,308,174,123,51,8.471316,0,ok,logs/seed_893649.log
654989,irt_only,GHEFT,0,0.0,0,0,1,0.4843,0.2501,0.7344,,,,,,,,,,,,,,,,,53.91921164294955,1.4366,45,10,325,161,122,39,12.988086,0,ok,logs/seed_654989.log
685027,irt_only,GHEFT,0,0.0,0,0,1,0.4222,0.3473,0.7695,,,,,,,,,,,,,,,,,48.3041816091954,1.4897,52,14,338,182,128,54,12.691573,0,ok,logs/seed_685027.log
967091,irt_only,GHEFT,0,0.0,0,0,1,0.477,0.2973,0.7743,,,,,,,,,,,,,,,,,46.242315384615395,1.4716,48,11,306,144,105,39,10.600509,0,ok,logs/seed_967091.log
541087,irt_only,GHEFT,0,0.0,0,0,1,0.4106,0.2365,0.6471,,,,,,,,,,,,,,,,,50.04649248522126,1.1288,58,13,328,184,137,47,13.921416,0,ok,logs/seed_541087.log
20393,irt_only,GHEFT,0,0.0,0,0,1,0.4525,0.3048,0.7573,,,,,,,,,,,,,,,,,41.582688511749346,1.0996,40,10,285,122,96,26,10.274844,0,ok,logs/seed_20393.log
418812,irt_only,GHEFT,0,0.0,0,0,1,0.4516,0.2774,0.729,,,,,,,,,,,,,,,,,57.157808048458165,1.4797,57,13,330,189,144,45,11.529483,0,ok,logs/seed_418812.log
437790,irt_only,GHEFT,0,0.0,0,0,1,0.5414,0.3297,0.8711,,,,,,,,,,,,,,,,,57.716253558052415,1.4982,49,11,303,166,136,30,11.890258,0,ok,logs/seed_437790.log
855359,irt_only,GHEFT,0,0.0,0,0,1,0.4628,0.3072,0.77,,,,,,,,,,,,,,,,,51.84761872410935,1.3472,46,10,317,173,129,44,11.079511,0,ok,logs/seed_855359.log
510703,irt_only,GHEFT,0,0.0,0,0,1,0.4658,0.3267,0.7925,,,,,,,,,,,,,,,,,50.519205114186846,1.2497,44,11,312,165,117,48,13.090224,0,ok,logs/seed_510703.log
949250,irt_only,GHEFT,0,0.0,0,0,1,0.4569,0.3347,0.7916,,,,,,,,,,,,,,,,,56.26369622641509,1.7191,48,11,297,145,117,28,11.787379,0,ok,logs/seed_949250.log
123134,irt_only,GHEFT,0,0.0,0,0,1,0.4238,0.3027,0.7265,,,,,,,,,,,,,,,,,44.85575182481752,1.3479,54,15,329,168,124,44,13.149509,0,ok,logs/seed_123134.log
90939,irt_only,GHEFT,0,0.0,0,0,1,0.4192,0.2865,0.7057,,,,,,,,,,,,,,,,,56.37179549321628,1.4298,49,14,323,187,138,49,10.233209,0,ok,logs/seed_90939.log
309305,irt_only,GHEFT,0,0.0,0,0,1,0.4184,0.2898,0.7082,,,,,,,,,,,,,,,,,44.6805408173025,1.1973,49,12,341,180,128,52,12.772926,0,ok,logs/seed_309305.log
329467,irt_only,GHEFT,0,0.0,0,0,1,0.441,0.2721,0.7131,,,,,,,,,,,,,,,,,50.106540072202165,1.6159,44,10,295,159,119,40,10.705748,0,ok,logs/seed_329467.log
357848,irt_only,GHEFT,0,0.0,0,0,1,0.4379,0.2583,0.6962,,,,,,,,,,,,,,,,,44.253010386277005,1.3817,49,11,307,147,103,44,9.623862,0,ok,logs/seed_357848.log
575107,irt_only,GHEFT,0,0.0,0,0,1,0.4352,0.2429,0.6781,,,,,,,,,,,,,,,,,50.158639225255975,1.4155,53,12,334,159,103,56,13.690816,0,ok,logs/seed_575107.log
672485,irt_only,GHEFT,0,0.0,0,0,1,0.4394,0.267,0.7064,,,,,,,,,,,,,,,,,47.5322,1.4552,48,12,311,168,126,42,11.219774,0,ok,logs/seed_672485.log
454637,irt_only,GHEFT,0,0.0,0,0,1,0.3662,0.2227,0.5889,,,,,,,,,,,,,,,,,78.98666645962732,1.5272,42,10,320,169,132,37,11.377516,0,ok,logs/seed_454637.log
178460,irt_only,GHEFT,0,0.0,0,0,1,0.4154,0.2292,0.6446,,,,,,,,,,,,,,,,,51.8331932038835,1.0545,49,12,349,156,109,47,12.22764,0,ok,logs/seed_178460.log
69629,irt_only,GHEFT,0,0.0,0,0,1,0.4635,0.2839,0.7474,,,,,,,,,,,,,,,,,61.86957499999999,1.3684,43,10,323,159,125,34,13.519206,0,ok,logs/seed_69629.log
406305,irt_only,GHEFT,0,0.0,0,0,1,0.4774,0.2588,0.7362,,,,,,,,,,,,,,,,,48.371124222222214,1.3011,57,12,316,147,108,39,11.352355,0,ok,logs/seed_406305.log
310214,irt_only,GHEFT,0,0.0,0,0,1,0.4547,0.3025,0.7572,,,,,,,,,,,,,,,,,51.31739632176655,1.5865,41,9,293,150,119,31,9.596473,0,ok,logs/seed_310214.log
494212,irt_only,GHEFT,0,0.0,0,0,1,0.3966,0.29,0.6866,,,,,,,,,,,,,,,,,54.09566345885634,1.1767,49,11,311,172,126,46,11.39033,0,ok,logs/seed_494212.log
413922,irt_only,GHEFT,0,0.0,0,0,1,0.4452,0.261,0.7062,,,,,,,,,,,,,,,,,49.78279406594153,1.4662,43,11,311,141,120,21,12.696319,0,ok,logs/seed_413922.log
342318,irt_only,GHEFT,0,0.0,0,0,1,0.4193,0.2201,0.6394,,,,,,,,,,,,,,,,,76.42120480656507,1.773,47,10,329,163,126,37,13.575539,0,ok,logs/seed_342318.log
98584,irt_only,GHEFT,0,0.0,0,0,1,0.4042,0.2647,0.6689,,,,,,,,,,,,,,,,,49.42574641484717,1.3758,50,9,330,160,110,50,13.233735,0,ok,logs/seed_98584.log
300148,irt_only,GHEFT,0,0.0,0,0,1,0.451,0.2982,0.7492,,,,,,,,,,,,,,,,,53.78549056603775,1.1857,37,10,283,128,89,39,9.41175,0,ok,logs/seed_300148.log
126455,irt_only,GHEFT,0,0.0,0,0,1,0.4312,0.2633,0.6945,,,,,,,,,,,,,,,,,49.003810738255034,1.5893,44,8,309,132,95,37,12.511743,0,ok,logs/seed_126455.log
565222,irt_only,GHEFT,0,0.0,0,0,1,0.4451,0.2668,0.7119,,,,,,,,,,,,,,,,,63.13098402948403,1.2322,46,12,329,154,109,45,10.337881,0,ok,logs/seed_565222.log
239697,irt_only,GHEFT,0,0.0,0,0,1,0.4342,0.3045,0.7387,,,,,,,,,,,,,,,,,52.34765205254515,1.2274,51,10,318,166,130,36,13.417416,0,ok,logs/seed_239697.log
919700,irt_only,GHEFT,0,0.0,0,0,1,0.4813,0.3029,0.7842,,,,,,,,,,,,,,,,,51.216135429262394,1.3976,55,12,323,159,116,43,13.56283,0,ok,logs/seed_919700.log
924776,irt_only,GHEFT,0,0.0,0,0,1,0.4156,0.1954,0.611,,,,,,,,,,,,,,,,,42.553142075996305,1.177,51,11,304,163,134,29,10.817408,0,ok,logs/seed_924776.log
960470,irt_only,GHEFT,0,0.0,0,0,1,0.4317,0.2163,0.648,,,,,,,,,,,,,,,,,64.28773325272068,1.4746,52,13,294,151,108,43,12.827875,0,ok,logs/seed_960470.log
8986,irt_only,GHEFT,0,0.0,0,0,1,0.4376,0.3604,0.798,,,,,,,,,,,,,,,,,56.7419109589041,1.7095,49,10,320,171,116,55,13.813576,0,ok,logs/seed_8986.log
837970,irt_only,GHEFT,0,0.0,0,0,1,0.4197,0.2934,0.7131,,,,,,,,,,,,,,,,,45.98280508474577,1.2721,58,14,328,168,123,45,13.638284,0,ok,logs/seed_837970.log
445997,irt_only,GHEFT,0,0.0,0,0,1,0.4146,0.2684,0.683,,,,,,,,,,,,,,,,,49.05199378350515,1.2218,43,11,302,161,124,37,11.689697,0,ok,logs/seed_445997.log
415494,irt_only,GHEFT,0,0.0,0,0,1,0.4039,0.2883,0.6922,,,,,,,,,,,,,,,,,52.031914864864866,1.1738,51,10,332,142,118,24,9.684424,0,ok,logs/seed_415494.log
129849,irt_only,GHEFT,0,0.0,0,0,1,0.4885,0.2668,0.7553,,,,,,,,,,,,,,,,,41.4243980830671,1.32,50,11,312,158,122,36,9.396677,0,ok,logs/seed_129849.log
708068,irt_only,GHEFT,0,0.0,0,0,1,0.4158,0.3008,0.7166,,,,,,,,,,,,,,,,,63.59891300750469,1.5571,45,12,302,164,113,51,10.68839,0,ok,logs/seed_708068.log
238574,irt_only,GHEFT,0,0.0,0,0,1,0.4405,0.2668,0.7073,,,,,,,,,,,,,,,,,54.60733269476372,1.1103,44,11,309,148,119,29,11.241378,0,ok,logs/seed_238574.log
556369,irt_only,GHEFT,0,0.0,0,0,1,0.4087,0.2864,0.6951,,,,,,,,,,,,,,,,,52.69510769230769,1.5794,51,10,324,155,112,43,13.738075,0,ok,logs/seed_556369.log
100974,irt_only,GHEFT,0,0.0,0,0,1,0.457,0.3052,0.7622,,,,,,,,,,,,,,,,,44.85385952380954,1.6134,45,9,293,130,104,26,10.348519,0,ok,logs/seed_100974.log
539817,irt_only,GHEFT,0,0.0,0,0,1,0.4558,0.3226,0.7784,,,,,,,,,,,,,,,,,46.796917473338816,1.206,48,12,300,167,132,35,9.928369,0,ok,logs/seed_539817.log
877980,irt_only,GHEFT,0,0.0,0,0,1,0.4591,0.2645,0.7236,,,,,,,,,,,,,,,,,67.80674312085364,1.9007,45,9,327,174,139,35,10.267512,0,ok,logs/seed_877980.log
104840,irt_only,GHEFT,0,0.0,0,0,1,0.4519,0.2563,0.7082,,,,,,,,,,,,,,,,,72.63482455661666,1.4099,43,11,317,169,120,49,9.802394,0,ok,logs/seed_104840.log
17893,irt_only,GHEFT,0,0.0,0,0,1,0.4271,0.2446,0.6717,,,,,,,,,,,,,,,,,64.20396968838527,1.515,49,14,327,172,134,38,13.029761,0,ok,logs/seed_17893.log
915164,irt_only,GHEFT,0,0.0,0,0,1,0.4322,0.2704,0.7026,,,,,,,,,,,,,,,,,50.862054668930384,1.5958,47,10,322,161,133,28,12.363301,0,ok,logs/seed_915164.log
423820,irt_only,GHEFT,0,0.0,0,0,1,0.5066,0.4019,0.9085,,,,,,,,,,,,,,,,,79.016901,1.6283,51,12,314,182,124,58,8.815561,0,ok,logs/seed_423820.log
27065,irt_only,GHEFT,0,0.0,0,0,1,0.4047,0.2777,0.6824,,,,,,,,,,,,,,,,,49.98558983297023,1.323,52,11,305,150,114,36,10.420758,0,ok,logs/seed_27065.log
437214,irt_only,GHEFT,0,0.0,0,0,1,0.4217,0.3281,0.7498,,,,,,,,,,,,,,,,,60.915291205211744,1.664,52,12,344,175,127,48,11.487892,0,ok,logs/seed_437214.log
832443,irt_only,GHEFT,0,0.0,0,0,1,0.4175,0.2316,0.6491,,,,,,,,,,,,,,,,,61.55977900385931,1.1314,50,14,335,185,153,32,9.759409,0,ok,logs/seed_832443.log
193554,irt_only,GHEFT,0,0.0,0,0,1,0.4812,0.2458,0.727,,,,,,,,,,,,,,,,,47.13870487804878,1.2936,55,12,323,163,130,33,9.536907,0,ok,logs/seed_193554.log
312935,irt_only,GHEFT,0,0.0,0,0,1,0.4283,0.3301,0.7584,,,,,,,,,,,,,,,,,46.88570869565216,1.6281,47,9,323,154,99,55,10.792228,0,ok,logs/seed_312935.log
518996,irt_only,GHEFT,0,0.0,0,0,1,0.3979,0.2657,0.6636,,,,,,,,,,,,,,,,,67.41081520467836,1.1253,47,12,301,171,128,43,8.38442,0,ok,logs/seed_518996.log
94901,irt_only,GHEFT,0,0.0,0,0,1,0.4598,0.2747,0.7345,,,,,,,,,,,,,,,,,50.17605520330808,1.1438,39,10,303,125,108,17,9.175584,0,ok,logs/seed_94901.log
960816,irt_only,GHEFT,0,0.0,0,0,1,0.4391,0.2659,0.705,,,,,,,,,,,,,,,,,58.02952293566841,1.2701,56,12,313,178,119,59,8.571992,0,ok,logs/seed_960816.log
171234,irt_only,GHEFT,0,0.0,0,0,1,0.452,0.3032,0.7552,,,,,,,,,,,,,,,,,55.66017567067529,1.5033,43,10,294,128,99,29,10.449943,0,ok,logs/seed_171234.log
448214,irt_only,GHEFT,0,0.0,0,0,1,0.4836,0.321,0.8046,,,,,,,,,,,,,,,,,60.54022734560906,1.5051,47,11,332,184,138,46,10.660955,0,ok,logs/seed_448214.log
752309,irt_only,GHEFT,0,0.0,0,0,1,0.4523,0.3306,0.7829,,,,,,,,,,,,,,,,,47.95953712784589,1.1892,43,9,311,144,118,26,10.166822,0,ok,logs/seed_752309.log
398469,irt_only,GHEFT,0,0.0,0,0,1,0.4215,0.3451,0.7666,,,,,,,,,,,,,,,,,47.34682838427947,1.2132,45,9,283,149,111,38,8.171977,0,ok,logs/seed_398469.log
345867,irt_only,GHEFT,0,0.0,0,0,1,0.4238,0.2134,0.6372,,,,,,,,,,,,,,,,,47.53395833333333,1.1811,46,10,323,166,137,29,8.527359,0,ok,logs/seed_345867.log
434909,irt_only,GHEFT,0,0.0,0,0,1,0.4647,0.2631,0.7278,,,,,,,,,,,,,,,,,53.04310288529204,1.0379,51,11,314,154,109,45,7.824828,0,ok,logs/seed_434909.log
618745,irt_only,GHEFT,0,0.0,0,0,1,0.4144,0.2828,0.6972,,,,,,,,,,,,,,,,,46.394487070376435,1.2449,54,13,327,179,132,47,9.218263,0,ok,logs/seed_618745.log
86680,irt_only,GHEFT,0,0.0,0,0,1,0.4485,0.3472,0.7957,,,,,,,,,,,,,,,,,53.79735507378517,1.4251,37,11,284,132,102,30,8.80228,0,ok,logs/seed_86680.log
406773,irt_only,GHEFT,0,0.0,0,0,1,0.4808,0.3179,0.7987,,,,,,,,,,,,,,,,,54.67355435463261,1.3495,48,11,309,159,125,34,8.587601,0,ok,logs/seed_406773.log
953452,irt_only,GHEFT,0,0.0,0,0,1,0.4723,0.2353,0.7076,,,,,,,,,,,,,,,,,51.55050335570469,1.471,49,13,320,156,121,35,9.042296,0,ok,logs/seed_953452.log
869272,irt_only,GHEFT,0,0.0,0,0,1,0.4915,0.2904,0.7819,,,,,,,,,,,,,,,,,54.44263858573388,1.2974,47,13,299,171,121,50,7.379879,0,ok,logs/seed_869272.log
215885,irt_only,GHEFT,0,0.0,0,0,1,0.4191,0.2359,0.655,,,,,,,,,,,,,,,,,45.84779069557363,1.1421,51,12,312,159,125,34,8.544811,0,ok,logs/seed_215885.log
996183,irt_only,GHEFT,0,0.0,0,0,1,0.4709,0.2939,0.7648,,,,,,,,,,,,,,,,,50.35711640464799,1.3101,43,11,276,141,118,23,8.12346,0,ok,logs/seed_996183.log
310239,irt_only,GHEFT,0,0.0,0,0,1,0.4709,0.2985,0.7694,,,,,,,,,,,,,,,,,78.06780168324406,2.0031,52,11,318,163,133,30,8.138135,0,ok,logs/seed_310239.log
819226,irt_only,GHEFT,0,0.0,0,0,1,0.4705,0.3656,0.8361,,,,,,,,,,,,,,,,,55.67683794466404,1.5698,41,10,307,144,120,24,8.655136,0,ok,logs/seed_819226.log
253184,irt_only,GHEFT,0,0.0,0,0,1,0.4732,0.3598,0.833,,,,,,,,,,,,,,,,,83.31209197207677,2.2408,44,10,282,163,124,39,8.470047,0,ok,logs/seed_253184.log
832005,irt_only,GHEFT,0,0.0,0,0,1,0.348,0.2214,0.5694,,,,,,,,,,,,,,,,,68.04723572778828,1.5667,57,11,325,158,117,41,8.843653,0,ok,logs/seed_832005.log
623964,irt_only,GHEFT,0,0.0,0,0,1,0.4101,0.2668,0.6769,,,,,,,,,,,,,,,,,47.36843147208121,1.3861,44,10,305,144,109,35,7.784547,0,ok,logs/seed_623964.log
57627,irt_only,GHEFT,0,0.0,0,0,1,0.3974,0.2337,0.6311,,,,,,,,,,,,,,,,,97.69793328509408,1.9712,46,11,319,170,146,24,8.646907,0,ok,logs/seed_57627.log
185144,irt_only,GHEFT,0,0.0,0,0,1,0.4214,0.2426,0.664,,,,,,,,,,,,,,,,,47.326601,1.3921,46,12,287,141,108,33,7.225357,0,ok,logs/seed_185144.log
642703,irt_only,GHEFT,0,0.0,0,0,1,0.4272,0.3455,0.7727,,,,,,,,,,,,,,,,,52.61224717832957,1.3886,50,14,316,197,120,77,8.650113,0,ok,logs/seed_642703.log
904483,irt_only,GHEFT,0,0.0,0,0,1,0.4072,0.2727,0.6799,,,,,,,,,,,,,,,,,63.390317098445585,1.7285,46,10,332,154,128,26,11.11223,0,ok,logs/seed_904483.log
90576,irt_only,GHEFT,0,0.0,0,0,1,0.4556,0.2843,0.7399,,,,,,,,,,,,,,,,,51.62068195386704,1.3792,51,13,310,149,110,39,9.172654,0,ok,logs/seed_90576.log
613945,irt_only,GHEFT,0,0.0,0,0,1,0.48,0.3419,0.8219,,,,,,,,,,,,,,,,,52.20081425623963,1.471,50,14,335,195,138,57,10.275909,0,ok,logs/seed_613945.log
703583,irt_only,GHEFT,0,0.0,0,0,1,0.4475,0.3233,0.7708,,,,,,,,,,,,,,,,,47.45791911773195,1.6623,44,10,306,157,115,42,8.439689,0,ok,logs/seed_703583.log
666965,irt_only,GHEFT,0,0.0,0,0,1,0.4246,0.2749,0.6995,,,,,,,,,,,,,,,,,51.25367431906614,1.3995,56,12,331,159,121,38,9.736476,0,ok,logs/seed_666965.log
78867,irt_only,GHEFT,0,0.0,0,0,1,0.4416,0.235,0.6766,,,,,,,,,,,,,,,,,69.05009595959596,1.7031,52,12,335,178,140,38,9.075009,0,ok,logs/seed_78867.log
249211,irt_only,GHEFT,0,0.0,0,0,1,0.4564,0.3208,0.7772,,,,,,,,,,,,,,,,,54.11005335276968,1.2832,59,14,341,196,137,59,9.450005,0,ok,logs/seed_249211.log
993304,irt_only,GHEFT,0,0.0,0,0,1,0.4829,0.3326,0.8155,,,,,,,,,,,,,,,,,49.09271986062717,1.4085,58,13,326,189,133,56,11.636767,0,ok,logs/seed_993304.log
677640,irt_only,GHEFT,0,0.0,0,0,1,0.4461,0.221,0.6671,,,,,,,,,,,,,,,,,50.96895492051557,1.4866,51,11,317,167,121,46,9.616017,0,ok,logs/seed_677640.log
807304,irt_only,GHEFT,0,0.0,0,0,1,0.414,0.3013,0.7153,,,,,,,,,,,,,,,,,56.59688410351201,1.7227,49,11,314,163,109,54,8.706212,0,ok,logs/seed_807304.log
901569,irt_only,GHEFT,0,0.0,0,0,1,0.4097,0.3141,0.7238,,,,,,,,,,,,,,,,,57.99187777777777,1.336,56,12,345,182,124,58,9.86652,0,ok,logs/seed_901569.log
578684,irt_only,GHEFT,0,0.0,0,0,1,0.4202,0.316,0.7362,,,,,,,,,,,,,,,,,56.38669440389294,1.4235,46,13,303,165,126,39,8.788858,0,ok,logs/seed_578684.log
40789,irt_only,GHEFT,0,0.0,0,0,1,0.4205,0.3351,0.7556,,,,,,,,,,,,,,,,,66.15172868525897,1.8562,41,8,313,142,110,32,8.811475,0,ok,logs/seed_40789.log
514538,irt_only,GHEFT,0,0.0,0,0,1,0.3791,0.2906,0.6697,,,,,,,,,,,,,,,,,52.57847506631301,1.312,43,11,281,148,121,27,8.028907,0,ok,logs/seed_514538.log
578723,irt_only,GHEFT,0,0.0,0,0,1,0.4362,0.317,0.7532,,,,,,,,,,,,,,,,,48.95969119607843,1.3034,48,11,305,156,112,44,7.840093,0,ok,logs/seed_578723.log
628956,irt_only,GHEFT,0,0.0,0,0,1,0.4849,0.3036,0.7885,,,,,,,,,,,,,,,,,46.150241935483876,1.1042,46,10,318,169,129,40,8.396253,0,ok,logs/seed_628956.log
780144,irt_only,GHEFT,0,0.0,0,0,1,0.4657,0.2688,0.7345,,,,,,,,,,,,,,,,,46.42066119395467,1.2731,46,11,308,151,101,50,8.427931,0,ok,logs/seed_780144.log
334837,irt_only,GHEFT,0,0.0,0,0,1,0.4292,0.2476,0.6768,,,,,,,,,,,,,,,,,46.33701899871631,1.2135,48,12,308,174,137,37,8.797078,0,ok,logs/seed_334837.log
891279,irt_only,GHEFT,0,0.0,0,0,1,0.4146,0.3047,0.7193,,,,,,,,,,,,,,,,,51.33557368421053,1.4947,42,9,315,151,123,28,8.687308,0,ok,logs/seed_891279.log
345873,irt_only,GHEFT,0,0.0,0,0,1,0.4865,0.2952,0.7817,,,,,,,,,,,,,,,,,46.94449778284183,1.2483,50,9,312,166,137,29,7.926267,0,ok,logs/seed_345873.log
623016,irt_only,GHEFT,0,0.0,0,0,1,0.5138,0.3897,0.9035,,,,,,,,,,,,,,,,,60.73263300198807,1.9822,47,12,287,157,119,38,8.549098,0,ok,logs/seed_623016.log
956557,irt_only,GHEFT,0,0.0,0,0,1,0.4454,0.2634,0.7088,,,,,,,,,,,,,,,,,53.03077846836848,1.5251,45,13,303,177,141,36,8.652853,0,ok,logs/seed_956557.log
911304,irt_only,GHEFT,0,0.0,0,0,1,0.4004,0.2601,0.6605,,,,,,,,,,,,,,,,,51.705091538281714,1.2277,41,11,306,184,159,25,8.194266,0,ok,logs/seed_911304.log
468687,irt_only,GHEFT,0,0.0,0,0,1,0.43,0.266,0.696,,,,,,,,,,,,,,,,,53.28748220282069,1.6775,49,12,328,180,141,39,9.101956,0,ok,logs/seed_468687.log
312412,irt_only,GHEFT,0,0.0,0,0,1,0.4433,0.2425,0.6858,,,,,,,,,,,,,,,,,87.11424804177545,1.5482,41,10,277,150,120,30,7.651248,0,ok,logs/seed_312412.log
111575,irt_only,GHEFT,0,0.0,0,0,1,0.4009,0.2888,0.6897,,,,,,,,,,,,,,,,,52.01876271617162,1.3274,53,10,322,157,117,40,9.595565,0,ok,logs/seed_111575.log
974625,irt_only,GHEFT,0,0.0,0,0,1,0.4955,0.2807,0.7762,,,,,,,,,,,,,,,,,35.497766123778504,1.1427,39,9,308,134,105,29,8.530938,0,ok,logs/seed_974625.log
281753,irt_only,GHEFT,0,0.0,0,0,1,0.4388,0.3273,0.7661,,,,,,,,,,,,,,,,,55.17851937655017,1.2798,51,9,326,156,122,34,9.982449,0,ok,logs/seed_281753.log
844027,irt_only,GHEFT,0,0.0,0,0,1,0.4421,0.2558,0.6979,,,,,,,,,,,,,,,,,66.19602883435583,1.6119,54,14,317,185,128,57,9.501237,0,ok,logs/seed_844027.log
631749,irt_only,GHEFT,0,0.0,0,0,1,0.423,0.2543,0.6773,,,,,,,,,,,,,,,,,61.74435280407866,1.3814,43,11,304,181,145,36,8.022957,0,ok,logs/seed_631749.log
126909,irt_only,GHEFT,0,0.0,0,0,1,0.4508,0.2451,0.6959,,,,,,,,,,,,,,,,,41.87978576491435,1.1723,54,12,322,172,123,49,8.545769,0,ok,logs/seed_126909.log
347245,irt_only,GHEFT,0,0.0,0,0,1,0.4268,0.3293,0.7561,,,,,,,,,,,,,,,,,50.93500494766888,1.2856,53,13,328,175,129,46,9.485313,0,ok,logs/seed_347245.log
932428,irt_only,GHEFT,0,0.0,0,0,1,0.4841,0.279,0.7631,,,,,,,,,,,,,,,,,47.55558941954445,1.335,53,13,338,186,144,42,10.262111,0,ok,logs/seed_932428.log
543938,irt_only,GHEFT,0,0.0,0,0,1,0.4516,0.31,0.7616,,,,,,,,,,,,,,,,,59.49424818941505,1.5525,47,11,301,163,127,36,8.465021,0,ok,logs/seed_543938.log
83676,irt_only,GHEFT,0,0.0,0,0,1,0.4775,0.2705,0.748,,,,,,,,,,,,,,,,,47.474752573649035,1.2116,49,11,301,163,136,27,9.736724,0,ok,logs/seed_83676.log
150986,irt_only,GHEFT,0,0.0,0,0,1,0.3943,0.2695,0.6638,,,,,,,,,,,,,,,,,67.94568870056497,1.8085,45,10,288,149,113,36,8.543809,0,ok,logs/seed_150986.log
661946,irt_only,GHEFT,0,0.0,0,0,1,0.371,0.2358,0.6068,,,,,,,,,,,,,,,,,72.10637003525265,1.5938,44,9,310,147,103,44,7.807072,0,ok,logs/seed_661946.log
328690,irt_only,GHEFT,0,0.0,0,0,1,0.3967,0.2438,0.6405,,,,,,,,,,,,,,,,,70.63367541860465,1.97,46,13,303,175,138,37,8.963291,0,ok,logs/seed_328690.log
333147,irt_only,GHEFT,0,0.0,0,0,1,0.4267,0.2224,0.6491,,,,,,,,,,,,,,,,,46.81619478996865,1.2529,47,10,324,159,127,32,8.566555,0,ok,logs/seed_333147.log
880442,irt_only,GHEFT,0,0.0,0,0,1,0.4397,0.3128,0.7525,,,,,,,,,,,,,,,,,49.32157637795276,1.3697,48,13,316,174,131,43,6.773237,0,ok,logs/seed_880442.log
790811,irt_only,GHEFT,0,0.0,0,0,1,0.4416,0.229,0.6706,,,,,,,,,,,,,,,,,45.9014115681234,1.4255,53,14,328,185,129,56,10.963123,0,ok,logs/seed_790811.log
894789,irt_only,GHEFT,0,0.0,0,0,1,0.5079,0.253,0.7609,,,,,,,,,,,,,,,,,59.95573648041104,1.5958,54,11,306,165,130,35,7.590609,0,ok,logs/seed_894789.log
774609,irt_only,GHEFT,0,0.0,0,0,1,0.4353,0.2323,0.6676,,,,,,,,,,,,,,,,,52.56645093246334,1.663,55,13,343,189,122,67,9.999748,0,ok,logs/seed_774609.log
938046,irt_only,GHEFT,0,0.0,0,0,1,0.4422,0.2943,0.7365,,,,,,,,,,,,,,,,,54.591046692606994,1.1889,46,12,324,182,135,47,8.640788,0,ok,logs/seed_938046.log
679612,irt_only,GHEFT,0,0.0,0,0,1,0.431,0.3159,0.7469,,,,,,,,,,,,,,,,,58.926666585956404,1.5361,41,12,306,169,104,65,7.529354,0,ok,logs/seed_679612.log
718594,irt_only,GHEFT,0,0.0,0,0,1,0.4801,0.2826,0.7627,,,,,,,,,,,,,,,,,47.84929298990972,1.1947,43,11,293,167,135,32,6.516104,0,ok,logs/seed_718594.log
453524,irt_only,GHEFT,0,0.0,0,0,1,0.3516,0.3178,0.6694,,,,,,,,,,,,,,,,,71.95947930367505,2.2043,41,11,294,150,113,37,8.775584,0,ok,logs/seed_453524.log
690475,irt_only,GHEFT,0,0.0,0,0,1,0.4557,0.3472,0.8029,,,,,,,,,,,,,,,,,50.45137367992269,1.5003,40,9,299,135,107,28,8.321015,0,ok,logs/seed_690475.log
276650,irt_only,GHEFT,0,0.0,0,0,1,0.4451,0.3111,0.7562,,,,,,,,,,,,,,,,,55.43720351526365,1.3628,40,11,300,162,134,28,8.9652,0,ok,logs/seed_276650.log
117981,irt_only,GHEFT,0,0.0,0,0,1,0.4674,0.3646,0.832,,,,,,,,,,,,,,,,,51.010192792774156,1.5701,44,12,310,135,102,33,8.557242,0,ok,logs/seed_117981.log
120348,irt_only,GHEFT,0,0.0,0,0,1,0.4574,0.3182,0.7756,,,,,,,,,,,,,,,,,48.611977161055506,1.2998,42,10,317,147,117,30,9.051372,0,ok,logs/seed_120348.log
554439,irt_only,GHEFT,0,0.0,0,0,1,0.4276,0.2627,0.6903,,,,,,,,,,,,,,,,,48.99851808963574,1.097,54,11,348,164,124,40,8.632421,0,ok,logs/seed_554439.log
686198,irt_only,GHEFT,0,0.0,0,0,1,0.4086,0.3402,0.7488,,,,,,,,,,,,,,,,,57.35430029428369,1.6139,49,13,308,178,126,52,9.373219,0,ok,logs/seed_686198.log
823177,irt_only,GHEFT,0,0.0,0,0,1,0.4197,0.3321,0.7518,,,,,,,,,,,,,,,,,49.27539998657717,1.3295,49,13,314,175,134,41,8.438368,0,ok,logs/seed_823177.log
687817,irt_only,GHEFT,0,0.0,0,0,1,0.4434,0.2888,0.7322,,,,,,,,,,,,,,,,,47.91375297532656,1.3466,40,9,330,152,103,49,9.362608,0,ok,logs/seed_687817.log
430187,irt_only,GHEFT,0,0.0,0,0,1,0.4318,0.2408,0.6726,,,,,,,,,,,,,,,,,58.32644314592546,1.2819,51,10,317,172,128,44,7.415369,0,ok,logs/seed_430187.log
782746,irt_only,GHEFT,0,0.0,0,0,1,0.4378,0.2831,0.7209,,,,,,,,,,,,,,,,,46.07336125907991,1.2906,52,10,301,140,101,39,7.696596,0,ok,logs/seed_782746.log
