seed,scenario,bucket_index,composition,variant,variant_display_label,gheft_gate,gheft_tolerance,gheft_comp_gate,gheft_drt_gate,gheft_irt_gate,ccr_data,idr_image,nccr_total,dheft_makespan,dheft_slr,dheft_vcpus,dheft_hosts,dheft_instances,dheft_image_dl_total,dheft_image_from_repo,dheft_image_from_host,nheft_makespan,nheft_slr,nheft_vcpus,nheft_hosts,nheft_instances,nheft_image_dl_total,nheft_image_from_repo,nheft_image_from_host,gheft_makespan,gheft_slr,gheft_vcpus,gheft_hosts,gheft_instances,gheft_image_dl_total,gheft_image_from_repo,gheft_image_from_host,time_sec,return_code,status,log_file
741896,e04z,4,z,baseline_plus_gheft,DHEFT/NHEFT/GHEFT,IRT-only,0.0,0,0,1,0.4535,0.2684,0.7219,55.78929999999999,1.7129,58,16,306,162,44,118,43.8407154185022,1.346,63,14,331,172,105,67,53.08690027100272,1.6299,49,12,305,167,120,47,18.358252,0,ok,logs/seed_741896.log
430515,e04z,4,z,baseline_plus_gheft,DHEFT/NHEFT/GHEFT,IRT-only,0.0,0,0,1,0.4334,0.2839,0.7173,55.37129999999999,1.3691,59,13,329,177,57,120,50.752710256410246,1.2549,54,11,327,162,128,34,46.402927724715326,1.1473,50,11,323,164,125,39,18.645317,0,ok,logs/seed_430515.log
888075,e04z,4,z,baseline_plus_gheft,DHEFT/NHEFT/GHEFT,IRT-only,0.0,0,0,1,0.4319,0.2481,0.68,55.5564,1.4274,59,15,345,185,46,139,54.2584403057679,1.3941,60,14,368,217,153,64,54.364379699248126,1.3968,46,10,347,191,151,40,19.857286,0,ok,logs/seed_888075.log
914983,e04z,4,z,baseline_plus_gheft,DHEFT/NHEFT/GHEFT,IRT-only,0.0,0,0,1,0.4914,0.3237,0.8151,52.6415,1.4738,50,12,302,142,38,104,48.31023815987932,1.3526,56,13,300,158,110,48,42.826831520295194,1.1991,50,11,316,149,111,38,16.069245,0,ok,logs/seed_914983.log
997971,e04z,4,z,baseline_plus_gheft,DHEFT/NHEFT/GHEFT,IRT-only,0.0,0,0,1,0.4359,0.2371,0.673,53.664199999999994,1.8082,55,12,320,163,52,111,41.367723728813566,1.3938,66,14,345,186,124,62,58.9248117955439,1.9854,55,13,330,167,122,45,23.077252,0,ok,logs/seed_997971.log
747642,e04z,4,z,baseline_plus_gheft,DHEFT/NHEFT/GHEFT,IRT-only,0.0,0,0,1,0.3836,0.2199,0.6035,54.61979999999999,1.2349,53,12,315,178,46,132,51.63141851851852,1.1674,53,15,322,193,133,60,48.67225405405406,1.1005,48,13,313,176,130,46,20.110799,0,ok,logs/seed_747642.log
664527,e04z,4,z,baseline_plus_gheft,DHEFT/NHEFT/GHEFT,IRT-only,0.0,0,0,1,0.4283,0.323,0.7513,56.2981,1.3678,57,12,333,152,46,106,56.96449238959933,1.384,49,11,332,156,125,31,57.92578508085551,1.4073,46,10,325,150,117,33,29.205614,0,ok,logs/seed_664527.log
760044,e04z,4,z,baseline_plus_gheft,DHEFT/NHEFT/GHEFT,IRT-only,0.0,0,0,1,0.3762,0.2298,0.606,62.726000000000006,1.1896,58,11,314,158,39,119,54.92085151953689,1.0415,58,12,316,166,108,58,56.67409228441755,1.0748,45,11,302,151,107,44,19.552735,0,ok,logs/seed_760044.log
215549,e04z,4,z,baseline_plus_gheft,DHEFT/NHEFT/GHEFT,IRT-only,0.0,0,0,1,0.4242,0.291,0.7152,53.2672,1.5074,55,10,324,151,53,98,46.3844636650869,1.3126,53,12,341,162,117,45,47.671794154818336,1.3491,44,10,317,150,123,27,23.154742,0,ok,logs/seed_215549.log
370191,e04z,4,z,baseline_plus_gheft,DHEFT/NHEFT/GHEFT,IRT-only,0.0,0,0,1,0.4048,0.2766,0.6814,57.13360000000001,1.6133,59,11,321,152,41,111,49.4256,1.3956,62,14,324,160,109,51,49.4256,1.3956,46,10,303,125,92,33,22.417637,0,ok,logs/seed_370191.log
296947,e04z,4,z,baseline_plus_gheft,DHEFT/NHEFT/GHEFT,IRT-only,0.0,0,0,1,0.3763,0.2882,0.6645,66.50000000000001,1.4533,60,13,318,177,43,134,49.13843376623376,1.0738,64,16,332,181,98,83,55.084934442595674,1.2038,55,14,334,176,124,52,21.149614,0,ok,logs/seed_296947.log
963598,e04z,4,z,baseline_plus_gheft,DHEFT/NHEFT/GHEFT,IRT-only,0.0,0,0,1,0.4447,0.2863,0.731,57.7029,1.4931,64,14,339,173,39,134,47.71298571428572,1.2346,66,14,328,208,148,60,54.726005821656045,1.4161,51,12,322,172,121,51,21.389626,0,ok,logs/seed_963598.log
388451,e04z,4,z,baseline_plus_gheft,DHEFT/NHEFT/GHEFT,IRT-only,0.0,0,0,1,0.417,0.269,0.686,56.78,1.508,51,10,319,146,50,96,48.615141793201126,1.2911,62,13,341,183,113,70,49.59729410681399,1.3172,47,11,332,162,114,48,21.315194,0,ok,logs/seed_388451.log
602873,e04z,4,z,baseline_plus_gheft,DHEFT/NHEFT/GHEFT,IRT-only,0.0,0,0,1,0.3941,0.2477,0.6418,64.76469999999999,1.3126,58,11,324,156,51,105,63.537456129606085,1.2878,65,14,335,175,117,58,64.90019060786186,1.3154,42,11,317,146,113,33,21.305347,0,ok,logs/seed_602873.log
122745,e04z,4,z,baseline_plus_gheft,DHEFT/NHEFT/GHEFT,IRT-only,0.0,0,0,1,0.423,0.2381,0.6611,52.7112,1.5194,64,12,331,156,46,110,40.388322894218945,1.1642,72,14,352,173,105,68,58.563490643274854,1.6881,47,9,332,162,116,46,23.199742,0,ok,logs/seed_122745.log
484762,e04z,4,z,baseline_plus_gheft,DHEFT/NHEFT/GHEFT,IRT-only,0.0,0,0,1,0.4307,0.3043,0.735,57.155399999999986,1.6246,61,11,314,156,47,109,44.105507065563344,1.2537,60,12,334,173,120,53,48.86507990226023,1.389,51,11,311,167,126,41,18.941176,0,ok,logs/seed_484762.log
514215,e04z,4,z,baseline_plus_gheft,DHEFT/NHEFT/GHEFT,IRT-only,0.0,0,0,1,0.4577,0.2553,0.713,60.7226,1.5392,54,12,316,165,42,123,54.64824114313598,1.3852,65,15,335,202,138,64,47.04973333333334,1.1926,51,12,324,179,127,52,17.916243,0,ok,logs/seed_514215.log
601161,e04z,4,z,baseline_plus_gheft,DHEFT/NHEFT/GHEFT,IRT-only,0.0,0,0,1,0.372,0.2429,0.6149,67.53699999999999,1.5055,63,13,322,182,38,144,62.55168527410294,1.3944,62,15,334,199,137,62,60.52611996136651,1.3492,53,13,315,182,135,47,18.245012,0,ok,logs/seed_601161.log
78435,e04z,4,z,baseline_plus_gheft,DHEFT/NHEFT/GHEFT,IRT-only,0.0,0,0,1,0.3891,0.2326,0.6217,60.9879,1.3915,61,13,332,186,41,145,57.64645984555984,1.3153,64,15,332,209,137,72,57.64645984555984,1.3153,50,13,315,178,124,54,17.031149,0,ok,logs/seed_78435.log
480957,e04z,4,z,baseline_plus_gheft,DHEFT/NHEFT/GHEFT,IRT-only,0.0,0,0,1,0.4342,0.2462,0.6804,46.195899999999995,1.3146,54,13,313,174,49,125,43.453363258785934,1.2365,54,13,311,173,129,44,43.47062736572889,1.237,42,10,316,153,118,35,18.838185,0,ok,logs/seed_480957.log
113260,e04z,4,z,baseline_plus_gheft,DHEFT/NHEFT/GHEFT,IRT-only,0.0,0,0,1,0.4736,0.3037,0.7773,60.63430000000002,1.3284,56,14,350,181,44,137,52.80303678160919,1.1568,61,13,337,178,114,64,86.63622365894975,1.898,46,12,331,179,131,48,25.507388,0,ok,logs/seed_113260.log
846854,e04z,4,z,baseline_plus_gheft,DHEFT/NHEFT/GHEFT,IRT-only,0.0,0,0,1,0.407,0.2683,0.6753,52.330400000000004,1.5152,52,12,285,148,39,109,45.45863044960686,1.3162,56,13,283,145,100,45,55.471862916006344,1.6061,42,9,279,137,111,26,18.213177,0,ok,logs/seed_846854.log
422970,e04z,4,z,baseline_plus_gheft,DHEFT/NHEFT/GHEFT,IRT-only,0.0,0,0,1,0.4089,0.3041,0.713,59.90859999999999,1.5435,56,12,292,144,40,104,47.69379902760084,1.2288,67,13,324,173,116,57,48.57522433697349,1.2515,57,12,313,160,116,44,21.71331,0,ok,logs/seed_422970.log
762973,e04z,4,z,baseline_plus_gheft,DHEFT/NHEFT/GHEFT,IRT-only,0.0,0,0,1,0.4793,0.2335,0.7128,49.79750000000001,1.2097,54,11,315,155,49,106,46.56488583961117,1.1311,58,11,322,166,118,48,50.86502089914945,1.2356,44,9,309,148,110,38,18.691762,0,ok,logs/seed_762973.log
303068,e04z,4,z,baseline_plus_gheft,DHEFT/NHEFT/GHEFT,IRT-only,0.0,0,0,1,0.494,0.3548,0.8488,58.48620000000001,1.6552,56,11,316,149,53,96,48.08117242857142,1.3607,64,14,350,186,140,46,47.559674613766724,1.346,55,13,341,179,122,57,25.95978,0,ok,logs/seed_303068.log
701483,e04z,4,z,baseline_plus_gheft,DHEFT/NHEFT/GHEFT,IRT-only,0.0,0,0,1,0.5111,0.3308,0.8419,55.73420000000001,1.7947,54,13,301,162,52,110,46.72340454884414,1.5045,49,13,316,164,111,53,46.304076272930644,1.491,46,12,294,162,115,47,15.095184,0,ok,logs/seed_701483.log
193272,e04z,4,z,baseline_plus_gheft,DHEFT/NHEFT/GHEFT,IRT-only,0.0,0,0,1,0.434,0.3126,0.7466,64.3654,1.4248,61,14,345,162,39,123,53.76620575539568,1.1902,63,14,355,183,134,49,54.65900575539569,1.2099,57,12,325,184,143,41,25.632566,0,ok,logs/seed_193272.log
609026,e04z,4,z,baseline_plus_gheft,DHEFT/NHEFT/GHEFT,IRT-only,0.0,0,0,1,0.4015,0.2582,0.6597,59.712,1.6421,63,12,339,158,41,117,47.429921684736094,1.3043,58,13,335,177,137,40,49.020643225392305,1.3481,54,12,332,177,136,41,23.109321,0,ok,logs/seed_609026.log
385324,e04z,4,z,baseline_plus_gheft,DHEFT/NHEFT/GHEFT,IRT-only,0.0,0,0,1,0.4571,0.3295,0.7866,57.0999,1.7536,50,9,301,124,48,76,43.279764690206534,1.3291,52,13,337,162,127,35,44.5213,1.3673,46,10,304,138,115,23,19.021882,0,ok,logs/seed_385324.log
586699,e04z,4,z,baseline_plus_gheft,DHEFT/NHEFT/GHEFT,IRT-only,0.0,0,0,1,0.4185,0.2906,0.7091,56.3375,1.4527,58,14,312,165,50,115,48.7400780913771,1.2568,54,11,302,153,108,45,73.60922316602317,1.898,46,9,283,159,124,35,17.06408,0,ok,logs/seed_586699.log
127154,e04z,4,z,baseline_plus_gheft,DHEFT/NHEFT/GHEFT,IRT-only,0.0,0,0,1,0.4873,0.3146,0.8019,59.671000000000014,2.1347,56,12,334,166,54,112,42.84564111310593,1.5328,70,14,368,202,130,72,48.559982303839746,1.7372,52,11,349,176,133,43,18.429106,0,ok,logs/seed_127154.log
140763,e04z,4,z,baseline_plus_gheft,DHEFT/NHEFT/GHEFT,IRT-only,0.0,0,0,1,0.4179,0.2636,0.6815,54.9846,1.443,54,10,324,155,45,110,45.947713741875575,1.2058,49,10,328,177,123,54,45.94727353760445,1.2058,50,11,317,170,130,40,18.793108,0,ok,logs/seed_140763.log
162375,e04z,4,z,baseline_plus_gheft,DHEFT/NHEFT/GHEFT,IRT-only,0.0,0,0,1,0.4723,0.3257,0.798,60.47430000000001,1.4956,62,11,312,150,50,100,53.203105312668484,1.3157,50,10,294,140,98,42,51.57946013953487,1.2756,47,10,291,133,107,26,16.696629,0,ok,logs/seed_162375.log
320372,e04z,4,z,baseline_plus_gheft,DHEFT/NHEFT/GHEFT,IRT-only,0.0,0,0,1,0.4797,0.3665,0.8462,55.11120000000002,1.4593,66,13,347,177,37,140,50.90791608704061,1.348,65,13,344,194,126,68,58.02755570599612,1.5365,52,11,332,177,133,44,15.287886,0,ok,logs/seed_320372.log
911752,e04z,4,z,baseline_plus_gheft,DHEFT/NHEFT/GHEFT,IRT-only,0.0,0,0,1,0.5031,0.2951,0.7982,52.9225,1.3343,57,11,328,165,58,107,46.385699999999986,1.1694,64,13,334,174,126,48,51.34961790393013,1.2946,54,11,325,153,120,33,19.617146,0,ok,logs/seed_911752.log
185527,e04z,4,z,baseline_plus_gheft,DHEFT/NHEFT/GHEFT,IRT-only,0.0,0,0,1,0.447,0.2626,0.7096,66.3074,1.3649,51,13,314,170,40,130,54.61180486618005,1.1241,60,13,337,188,132,56,57.10387830687832,1.1754,49,11,319,173,137,36,18.164279,0,ok,logs/seed_185527.log
766339,e04z,4,z,baseline_plus_gheft,DHEFT/NHEFT/GHEFT,IRT-only,0.0,0,0,1,0.4769,0.2951,0.772,60.2269,1.5659,54,12,316,162,48,114,63.613476549865226,1.6539,58,11,324,191,120,71,57.72346750902527,1.5008,48,10,311,170,121,49,17.567955,0,ok,logs/seed_766339.log
911829,e04z,4,z,baseline_plus_gheft,DHEFT/NHEFT/GHEFT,IRT-only,0.0,0,0,1,0.4307,0.2701,0.7008,62.000000000000014,1.2268,56,13,326,149,40,109,53.68681423328786,1.0623,71,14,337,157,92,65,53.68681423328786,1.0623,60,12,322,154,96,58,21.420437,0,ok,logs/seed_911829.log
184906,e04z,4,z,baseline_plus_gheft,DHEFT/NHEFT/GHEFT,IRT-only,0.0,0,0,1,0.4596,0.2944,0.754,61.94820000000001,1.4449,60,12,310,155,46,109,57.223267193675895,1.3347,62,14,337,185,137,48,49.8665831702544,1.1631,46,11,300,159,134,25,16.734035,0,ok,logs/seed_184906.log
189090,e04z,4,z,baseline_plus_gheft,DHEFT/NHEFT/GHEFT,IRT-only,0.0,0,0,1,0.4586,0.2379,0.6965,52.555400000000006,1.4786,52,12,312,161,41,120,42.556764276836155,1.1973,55,13,310,143,98,45,46.19532660386474,1.2997,51,12,301,158,115,43,18.077396,0,ok,logs/seed_189090.log
355619,e04z,4,z,baseline_plus_gheft,DHEFT/NHEFT/GHEFT,IRT-only,0.0,0,0,1,0.3806,0.2664,0.647,65.74249999999999,1.4262,58,14,322,183,43,140,61.94056360698125,1.3438,69,15,345,195,140,55,77.10465591586329,1.6727,57,13,330,181,141,40,16.930949,0,ok,logs/seed_355619.log
440123,e04z,4,z,baseline_plus_gheft,DHEFT/NHEFT/GHEFT,IRT-only,0.0,0,0,1,0.4042,0.2915,0.6957,60.342800000000004,1.3035,65,13,336,190,42,148,52.79844144144145,1.1406,58,13,346,199,130,69,60.73115503875971,1.3119,59,13,334,190,132,58,20.622637,0,ok,logs/seed_440123.log
65843,e04z,4,z,baseline_plus_gheft,DHEFT/NHEFT/GHEFT,IRT-only,0.0,0,0,1,0.4622,0.2482,0.7104,53.33899999999999,1.5033,57,10,288,135,38,97,40.107297705521475,1.1304,59,12,311,152,103,49,44.46888187564119,1.2533,46,8,290,138,105,33,12.670505,0,ok,logs/seed_65843.log
356002,e04z,4,z,baseline_plus_gheft,DHEFT/NHEFT/GHEFT,IRT-only,0.0,0,0,1,0.4804,0.2625,0.7429,56.64240000000001,1.4986,60,12,317,171,52,119,45.60710915331809,1.2066,53,13,318,167,131,36,50.817802390438246,1.3445,46,12,298,168,141,27,18.794887,0,ok,logs/seed_356002.log
546160,e04z,4,z,baseline_plus_gheft,DHEFT/NHEFT/GHEFT,IRT-only,0.0,0,0,1,0.4618,0.2693,0.7311,58.2955,1.0394,61,14,317,181,51,130,56.99201969981237,1.0161,54,13,326,195,140,55,63.88461969981239,1.139,47,11,314,179,142,37,17.627755,0,ok,logs/seed_546160.log
466702,e04z,4,z,baseline_plus_gheft,DHEFT/NHEFT/GHEFT,IRT-only,0.0,0,0,1,0.3675,0.1977,0.5652,58.689099999999996,1.646,52,11,326,178,37,141,50.235604819277114,1.4089,58,12,334,195,130,65,53.347704819277105,1.4962,44,11,326,174,119,55,21.663292,0,ok,logs/seed_466702.log
108594,e04z,4,z,baseline_plus_gheft,DHEFT/NHEFT/GHEFT,IRT-only,0.0,0,0,1,0.4068,0.2541,0.6609,51.4276,1.4901,58,13,329,170,43,127,43.36366666666667,1.2565,63,15,328,177,111,66,49.09694440154441,1.4226,53,13,307,166,113,53,20.180152,0,ok,logs/seed_108594.log
302326,e04z,4,z,baseline_plus_gheft,DHEFT/NHEFT/GHEFT,IRT-only,0.0,0,0,1,0.4624,0.2773,0.7397,57.368900000000004,1.4167,55,13,311,164,46,118,47.35962332789559,1.1696,53,13,339,182,124,58,51.19291044045677,1.2642,49,11,325,182,125,57,19.085737,0,ok,logs/seed_302326.log
830943,e04z,4,z,baseline_plus_gheft,DHEFT/NHEFT/GHEFT,IRT-only,0.0,0,0,1,0.4685,0.2557,0.7242,50.97350000000001,1.4525,50,9,284,123,40,83,44.19894995104895,1.2595,58,13,315,142,95,47,44.85475834265734,1.2781,45,10,313,135,96,39,17.289297,0,ok,logs/seed_830943.log
774892,e04z,4,z,baseline_plus_gheft,DHEFT/NHEFT/GHEFT,IRT-only,0.0,0,0,1,0.4233,0.2307,0.654,54.64149999999999,1.3581,61,13,342,161,42,119,46.251735127860016,1.1496,66,14,369,195,112,83,48.15383512786002,1.1968,50,11,332,160,117,43,21.968749,0,ok,logs/seed_774892.log
317399,e04z,4,z,baseline_plus_gheft,DHEFT/NHEFT/GHEFT,IRT-only,0.0,0,0,1,0.459,0.2629,0.7219,50.074400000000004,1.3941,50,13,311,171,48,123,44.6747716564034,1.2438,58,13,328,182,137,45,48.513180468811825,1.3506,49,12,309,175,129,46,16.921758,0,ok,logs/seed_317399.log
179499,e04z,4,z,baseline_plus_gheft,DHEFT/NHEFT/GHEFT,IRT-only,0.0,0,0,1,0.445,0.2575,0.7025,60.02270000000002,1.5164,61,15,317,177,45,132,55.49374336043361,1.402,56,14,342,202,147,55,53.20530455927053,1.3442,51,12,321,174,135,39,16.470462,0,ok,logs/seed_179499.log
551935,e04z,4,z,baseline_plus_gheft,DHEFT/NHEFT/GHEFT,IRT-only,0.0,0,0,1,0.4845,0.3087,0.7932,53.6392,1.0593,53,11,322,141,45,96,55.412973573573574,1.0943,51,12,320,169,125,44,62.38867357357357,1.2321,45,9,321,147,123,24,18.736212,0,ok,logs/seed_551935.log
751687,e04z,4,z,baseline_plus_gheft,DHEFT/NHEFT/GHEFT,IRT-only,0.0,0,0,1,0.4142,0.2086,0.6228,57.3372,1.6355,56,13,295,172,42,130,46.19021321915648,1.3175,56,13,319,171,118,53,52.73977543424317,1.5044,49,11,298,162,116,46,16.102877,0,ok,logs/seed_751687.log
531148,e04z,4,z,baseline_plus_gheft,DHEFT/NHEFT/GHEFT,IRT-only,0.0,0,0,1,0.4239,0.2462,0.6701,62.8791,1.3554,62,13,345,172,45,127,55.10713092561983,1.1878,64,13,356,184,128,56,59.20768877685951,1.2762,55,14,348,178,135,43,21.715973,0,ok,logs/seed_531148.log
594138,e04z,4,z,baseline_plus_gheft,DHEFT/NHEFT/GHEFT,IRT-only,0.0,0,0,1,0.4821,0.2935,0.7756,49.05620000000001,1.4253,59,12,314,155,50,105,43.04223257014565,1.2505,61,12,336,181,120,61,44.30063257014566,1.2871,53,12,308,163,117,46,16.330971,0,ok,logs/seed_594138.log
702028,e04z,4,z,baseline_plus_gheft,DHEFT/NHEFT/GHEFT,IRT-only,0.0,0,0,1,0.4662,0.2683,0.7345,59.3578,1.5285,58,15,317,177,49,128,59.622611836065566,1.5353,56,13,337,181,126,55,55.882911836065574,1.439,54,13,327,194,144,50,18.912034,0,ok,logs/seed_702028.log
492022,e04z,4,z,baseline_plus_gheft,DHEFT/NHEFT/GHEFT,IRT-only,0.0,0,0,1,0.41,0.2428,0.6528,62.69529999999998,1.6433,54,12,310,164,43,121,47.039103556771536,1.2329,71,15,351,210,128,82,49.04899999999999,1.2856,56,13,333,184,136,48,17.844882,0,ok,logs/seed_492022.log
231332,e04z,4,z,baseline_plus_gheft,DHEFT/NHEFT/GHEFT,IRT-only,0.0,0,0,1,0.4557,0.2727,0.7284,53.28939999999997,1.511,53,12,321,140,46,94,44.73689892555641,1.2685,60,13,343,168,113,55,47.9336989255564,1.3591,55,12,334,159,113,46,19.294983,0,ok,logs/seed_231332.log
147537,e04z,4,z,baseline_plus_gheft,DHEFT/NHEFT/GHEFT,IRT-only,0.0,0,0,1,0.4783,0.2904,0.7687,59.6711,1.3076,58,12,335,165,45,120,56.03563925019128,1.228,66,15,343,204,148,56,56.09677579864472,1.2293,49,11,325,168,129,39,20.667217,0,ok,logs/seed_147537.log
109654,e04z,4,z,baseline_plus_gheft,DHEFT/NHEFT/GHEFT,IRT-only,0.0,0,0,1,0.4092,0.2897,0.6989,61.14049999999999,1.4994,60,14,318,170,47,123,53.12873059185132,1.3029,57,12,329,178,137,41,58.577795183044316,1.4366,49,12,329,174,134,40,20.477684,0,ok,logs/seed_109654.log
357820,e04z,4,z,baseline_plus_gheft,DHEFT/NHEFT/GHEFT,IRT-only,0.0,0,0,1,0.376,0.2588,0.6348,52.0535,1.7827,52,11,316,149,49,100,42.15099702970298,1.4436,62,13,339,177,129,48,64.21232900334583,2.1991,45,10,331,153,123,30,18.687627,0,ok,logs/seed_357820.log
813854,e04z,4,z,baseline_plus_gheft,DHEFT/NHEFT/GHEFT,IRT-only,0.0,0,0,1,0.4304,0.2608,0.6912,56.333999999999996,1.2999,57,13,327,170,48,122,49.74776577840111,1.1479,61,15,331,178,123,55,53.29596577840112,1.2298,50,13,312,176,134,42,15.13394,0,ok,logs/seed_813854.log
840701,e04z,4,z,baseline_plus_gheft,DHEFT/NHEFT/GHEFT,IRT-only,0.0,0,0,1,0.419,0.2867,0.7057,55.76970000000001,1.2814,58,14,348,161,55,106,51.956883006535946,1.1938,60,13,364,182,131,51,54.14468300653594,1.2441,49,11,332,162,136,26,21.919378,0,ok,logs/seed_840701.log
528112,e04z,4,z,baseline_plus_gheft,DHEFT/NHEFT/GHEFT,IRT-only,0.0,0,0,1,0.4838,0.295,0.7788,54.2276,1.2929,59,11,313,147,52,95,47.2153843373494,1.1258,57,11,339,189,133,56,49.588776858921165,1.1823,51,11,310,147,124,23,15.076642,0,ok,logs/seed_528112.log
610245,e04z,4,z,baseline_plus_gheft,DHEFT/NHEFT/GHEFT,IRT-only,0.0,0,0,1,0.4725,0.2994,0.7719,54.995400000000004,1.5034,55,12,314,159,41,118,44.78520301659125,1.2243,65,15,329,191,125,66,66.88393864393268,1.8284,54,12,326,181,125,56,18.036205,0,ok,logs/seed_610245.log
540631,e04z,4,z,baseline_plus_gheft,DHEFT/NHEFT/GHEFT,IRT-only,0.0,0,0,1,0.4417,0.242,0.6837,62.724,1.8113,52,10,320,145,42,103,45.391872019464714,1.3108,59,13,344,192,125,67,43.44036472184532,1.2544,44,10,319,159,107,52,20.074149,0,ok,logs/seed_540631.log
670354,e04z,4,z,baseline_plus_gheft,DHEFT/NHEFT/GHEFT,IRT-only,0.0,0,0,1,0.4466,0.2691,0.7157,51.720299999999995,1.2895,64,14,333,180,40,140,48.1524635634029,1.2006,59,13,345,161,107,54,50.55071255698234,1.2604,50,12,315,175,116,59,18.143871,0,ok,logs/seed_670354.log
416284,e04z,4,z,baseline_plus_gheft,DHEFT/NHEFT/GHEFT,IRT-only,0.0,0,0,1,0.4561,0.3,0.7561,65.35450000000002,1.9109,51,12,304,149,48,101,53.661730956584655,1.5691,52,12,323,167,130,37,53.771330956584656,1.5723,53,13,327,191,151,40,18.782684,0,ok,logs/seed_416284.log
853922,e04z,4,z,baseline_plus_gheft,DHEFT/NHEFT/GHEFT,IRT-only,0.0,0,0,1,0.4718,0.353,0.8248,48.6871,1.1719,57,13,329,155,43,112,47.02819381934997,1.132,58,11,330,158,111,47,48.21167858508605,1.1605,47,10,315,145,113,32,16.46188,0,ok,logs/seed_853922.log
703771,e04z,4,z,baseline_plus_gheft,DHEFT/NHEFT/GHEFT,IRT-only,0.0,0,0,1,0.4611,0.3284,0.7895,48.96219999999999,1.3396,61,13,306,159,46,113,41.815806514322574,1.1441,58,14,319,175,114,61,45.901746209386275,1.2559,45,11,292,152,119,33,17.217899,0,ok,logs/seed_703771.log
131782,e04z,4,z,baseline_plus_gheft,DHEFT/NHEFT/GHEFT,IRT-only,0.0,0,0,1,0.4533,0.2838,0.7371,50.17560000000001,1.5742,62,11,334,156,43,113,40.361552120724205,1.2663,57,10,331,143,95,48,40.06189485134038,1.2569,50,10,310,136,91,45,18.431455,0,ok,logs/seed_131782.log
793335,e04z,4,z,baseline_plus_gheft,DHEFT/NHEFT/GHEFT,IRT-only,0.0,0,0,1,0.4617,0.3235,0.7852,61.445800000000006,1.7425,54,12,296,153,47,106,51.98295838926175,1.4741,59,13,310,181,119,62,46.67300680061824,1.3236,49,12,307,170,115,55,17.679012,0,ok,logs/seed_793335.log
829835,e04z,4,z,baseline_plus_gheft,DHEFT/NHEFT/GHEFT,IRT-only,0.0,0,0,1,0.3939,0.2357,0.6296,51.630700000000004,1.4384,52,12,308,150,51,99,48.85493553573815,1.3611,57,13,303,160,123,37,66.9419531628533,1.865,44,12,303,156,137,19,22.572165,0,ok,logs/seed_829835.log
517538,e04z,4,z,baseline_plus_gheft,DHEFT/NHEFT/GHEFT,IRT-only,0.0,0,0,1,0.4703,0.2609,0.7312,50.656200000000005,1.266,62,12,329,168,55,113,48.16459467455622,1.2037,70,13,351,202,150,52,50.36840588235295,1.2588,57,14,341,180,135,45,21.891346,0,ok,logs/seed_517538.log
432977,e04z,4,z,baseline_plus_gheft,DHEFT/NHEFT/GHEFT,IRT-only,0.0,0,0,1,0.4472,0.2669,0.7141,60.203599999999994,1.3404,63,14,336,160,45,115,50.00100715214564,1.1132,73,15,362,202,135,67,51.30190715214564,1.1422,51,13,334,175,133,42,20.220571,0,ok,logs/seed_432977.log
202788,e04z,4,z,baseline_plus_gheft,DHEFT/NHEFT/GHEFT,IRT-only,0.0,0,0,1,0.461,0.2711,0.7321,49.120900000000006,1.2707,55,11,312,143,43,100,47.71782322222223,1.2344,58,11,324,169,118,51,46.42208452535761,1.2008,46,11,304,165,108,57,20.429705,0,ok,logs/seed_202788.log
455331,e04z,4,z,baseline_plus_gheft,DHEFT/NHEFT/GHEFT,IRT-only,0.0,0,0,1,0.472,0.267,0.739,57.19620000000001,1.4953,64,15,334,191,56,135,47.88023693131133,1.2518,57,13,329,197,142,55,54.82701953612846,1.4334,52,11,331,194,139,55,15.81795,0,ok,logs/seed_455331.log
795054,e04z,4,z,baseline_plus_gheft,DHEFT/NHEFT/GHEFT,IRT-only,0.0,0,0,1,0.4702,0.2735,0.7437,55.45100000000001,1.6954,50,10,280,141,42,99,43.68117142857144,1.3356,52,10,300,151,98,53,60.68678780487803,1.8555,46,10,304,155,114,41,15.584154,0,ok,logs/seed_795054.log
612732,e04z,4,z,baseline_plus_gheft,DHEFT/NHEFT/GHEFT,IRT-only,0.0,0,0,1,0.4535,0.236,0.6895,50.908100000000005,1.6126,54,11,312,143,48,95,41.56983076923077,1.3168,66,14,327,169,114,55,45.940920891687654,1.4552,47,11,317,159,124,35,17.909542,0,ok,logs/seed_612732.log
753523,e04z,4,z,baseline_plus_gheft,DHEFT/NHEFT/GHEFT,IRT-only,0.0,0,0,1,0.427,0.2781,0.7051,63.217200000000005,1.6179,54,12,301,164,34,130,52.38431678947369,1.3407,59,12,318,165,112,53,51.26259733962265,1.312,51,12,304,161,119,42,17.707008,0,ok,logs/seed_753523.log
239744,e04z,4,z,baseline_plus_gheft,DHEFT/NHEFT/GHEFT,IRT-only,0.0,0,0,1,0.4414,0.2884,0.7298,55.354200000000006,1.2861,49,11,307,148,54,94,50.74531061412687,1.179,55,12,338,187,134,53,62.37193353193509,1.4492,47,11,302,164,137,27,18.876501,0,ok,logs/seed_239744.log
838648,e04z,4,z,baseline_plus_gheft,DHEFT/NHEFT/GHEFT,IRT-only,0.0,0,0,1,0.4645,0.2721,0.7366,50.1116,1.1929,57,13,336,177,46,131,49.32206343331207,1.1741,56,13,321,167,120,47,59.90769406494962,1.4261,53,12,321,176,131,45,17.582286,0,ok,logs/seed_838648.log
115403,e04z,4,z,baseline_plus_gheft,DHEFT/NHEFT/GHEFT,IRT-only,0.0,0,0,1,0.3931,0.2263,0.6194,62.8647,1.4891,54,11,311,149,41,108,50.95460751801029,1.207,56,14,330,174,118,56,52.22620751801029,1.2371,46,12,324,148,110,38,17.367981,0,ok,logs/seed_115403.log
712189,e04z,4,z,baseline_plus_gheft,DHEFT/NHEFT/GHEFT,IRT-only,0.0,0,0,1,0.4785,0.3299,0.8084,59.8541,1.7794,56,13,325,174,42,132,57.113702521216986,1.698,64,13,333,178,117,61,53.99141539013146,1.6051,52,11,311,181,126,55,17.508228,0,ok,logs/seed_712189.log
873143,e04z,4,z,baseline_plus_gheft,DHEFT/NHEFT/GHEFT,IRT-only,0.0,0,0,1,0.4217,0.2392,0.6609,57.567699999999995,2.0073,58,13,303,167,54,113,47.49764496124031,1.6562,52,11,323,167,119,48,47.91234496124031,1.6706,46,13,309,151,120,31,16.610688,0,ok,logs/seed_873143.log
877233,e04z,4,z,baseline_plus_gheft,DHEFT/NHEFT/GHEFT,IRT-only,0.0,0,0,1,0.4169,0.2201,0.637,55.893600000000006,1.5262,55,12,302,155,47,108,41.22143043478261,1.1256,63,14,321,171,112,59,57.277056192498236,1.564,50,12,313,170,124,46,20.643068,0,ok,logs/seed_877233.log
663658,e04z,4,z,baseline_plus_gheft,DHEFT/NHEFT/GHEFT,IRT-only,0.0,0,0,1,0.4708,0.3314,0.8022,72.005,1.8701,65,14,323,178,39,139,56.623238461538456,1.4706,57,13,331,191,128,63,56.865803077151334,1.4769,57,13,325,203,131,72,15.806899,0,ok,logs/seed_663658.log
656054,e04z,4,z,baseline_plus_gheft,DHEFT/NHEFT/GHEFT,IRT-only,0.0,0,0,1,0.422,0.2016,0.6236,55.155699999999996,1.5656,57,11,342,150,51,99,43.29098130709768,1.2288,66,12,348,183,129,54,45.25613391063404,1.2846,54,11,344,167,129,38,22.526549,0,ok,logs/seed_656054.log
464471,e04z,4,z,baseline_plus_gheft,DHEFT/NHEFT/GHEFT,IRT-only,0.0,0,0,1,0.4431,0.2972,0.7403,49.60309999999998,1.3772,58,12,311,149,54,95,42.90011584158417,1.1911,52,11,306,152,111,41,42.90011584158417,1.1911,46,10,305,141,113,28,18.771393,0,ok,logs/seed_464471.log
586510,e04z,4,z,baseline_plus_gheft,DHEFT/NHEFT/GHEFT,IRT-only,0.0,0,0,1,0.4361,0.2987,0.7348,56.97700000000002,1.7585,50,10,312,133,35,98,40.717494306825714,1.2567,58,12,328,161,117,44,42.189934697350836,1.3021,53,10,311,129,94,35,18.592005,0,ok,logs/seed_586510.log
50264,e04z,4,z,baseline_plus_gheft,DHEFT/NHEFT/GHEFT,IRT-only,0.0,0,0,1,0.4383,0.2754,0.7137,51.60540000000001,1.4198,52,10,304,147,44,103,49.8384738990333,1.3712,63,13,330,178,117,61,44.24335464480875,1.2172,50,11,305,163,122,41,17.5528,0,ok,logs/seed_50264.log
719048,e04z,4,z,baseline_plus_gheft,DHEFT/NHEFT/GHEFT,IRT-only,0.0,0,0,1,0.4719,0.3285,0.8004,51.62229999999999,1.3927,68,14,346,172,46,126,43.21614225559105,1.1659,68,17,353,201,125,76,49.534341283381785,1.3364,51,12,335,181,133,48,21.326929,0,ok,logs/seed_719048.log
677021,e04z,4,z,baseline_plus_gheft,DHEFT/NHEFT/GHEFT,IRT-only,0.0,0,0,1,0.4328,0.2987,0.7315,49.344899999999996,1.3502,61,13,331,169,52,117,41.294896207941484,1.1299,60,12,343,167,117,50,39.99004984326019,1.0942,51,11,328,155,116,39,17.785979,0,ok,logs/seed_677021.log
861718,e04z,4,z,baseline_plus_gheft,DHEFT/NHEFT/GHEFT,IRT-only,0.0,0,0,1,0.4918,0.3169,0.8087,59.909000000000006,2.0259,59,12,302,166,44,122,48.48550962290862,1.6396,70,13,332,169,113,56,51.30263932193731,1.7349,45,11,317,158,119,39,20.994467,0,ok,logs/seed_861718.log
495401,e04z,4,z,baseline_plus_gheft,DHEFT/NHEFT/GHEFT,IRT-only,0.0,0,0,1,0.4431,0.2308,0.6739,55.39439999999999,1.6034,56,13,322,160,47,113,48.10012108362778,1.3923,72,14,341,193,122,71,48.34566066922654,1.3994,58,12,328,180,131,49,21.024815,0,ok,logs/seed_495401.log
209510,e04z,4,z,baseline_plus_gheft,DHEFT/NHEFT/GHEFT,IRT-only,0.0,0,0,1,0.4448,0.2615,0.7063,54.689499999999995,1.2773,55,11,307,138,53,85,52.15617682594681,1.2181,54,11,321,155,115,40,55.73104497816593,1.3016,49,10,315,156,119,37,15.314852,0,ok,logs/seed_209510.log
743312,e04z,4,z,baseline_plus_gheft,DHEFT/NHEFT/GHEFT,IRT-only,0.0,0,0,1,0.465,0.3175,0.7825,53.6712,1.7266,54,11,296,150,46,104,44.87580701287334,1.4436,61,12,321,178,113,65,48.271936560859174,1.5529,49,11,309,159,109,50,19.518261,0,ok,logs/seed_743312.log
212694,e04z,4,z,baseline_plus_gheft,DHEFT/NHEFT/GHEFT,IRT-only,0.0,0,0,1,0.4187,0.288,0.7067,56.965999999999994,1.895,58,13,316,174,55,119,45.517847137787065,1.5142,63,14,333,179,126,53,47.094125076923085,1.5666,48,13,316,174,136,38,19.469576,0,ok,logs/seed_212694.log
224701,e04z,4,z,baseline_plus_gheft,DHEFT/NHEFT/GHEFT,IRT-only,0.0,0,0,1,0.4312,0.2556,0.6868,66.0663,1.518,52,12,311,166,40,126,63.60700570719603,1.4615,52,11,312,163,118,45,56.498660711075445,1.2982,51,11,313,157,117,40,16.992684,0,ok,logs/seed_224701.log
861434,e04z,4,z,baseline_plus_gheft,DHEFT/NHEFT/GHEFT,IRT-only,0.0,0,0,1,0.4559,0.2919,0.7478,53.9958,1.5026,56,10,315,160,46,114,46.51328872180452,1.2944,56,12,325,170,121,49,48.60872344897959,1.3527,56,13,319,175,131,44,20.758521,0,ok,logs/seed_861434.log
844102,e04z,4,z,baseline_plus_gheft,DHEFT/NHEFT/GHEFT,IRT-only,0.0,0,0,1,0.4059,0.2588,0.6647,58.8124,1.3345,56,12,322,159,41,118,51.64744625508888,1.172,65,14,312,183,121,62,70.9728305418719,1.6105,48,10,299,148,103,45,15.770971,0,ok,logs/seed_844102.log
722064,e04z,4,z,baseline_plus_gheft,DHEFT/NHEFT/GHEFT,IRT-only,0.0,0,0,1,0.4131,0.2587,0.6718,51.133199999999995,1.5497,55,13,287,138,40,98,42.98981213362523,1.3029,56,11,309,158,110,48,54.068261992619924,1.6386,46,12,293,145,105,40,20.727345,0,ok,logs/seed_722064.log
549862,e04z,4,z,baseline_plus_gheft,DHEFT/NHEFT/GHEFT,IRT-only,0.0,0,0,1,0.4859,0.264,0.7499,57.4954,1.5834,52,13,306,159,46,113,41.54757062566278,1.1442,51,12,327,171,108,63,50.76308660968661,1.398,50,11,302,170,120,50,15.146013,0,ok,logs/seed_549862.log
2010,e04z,4,z,baseline_plus_gheft,DHEFT/NHEFT/GHEFT,IRT-only,0.0,0,0,1,0.4643,0.2337,0.698,54.01279999999999,1.2903,58,14,315,184,42,142,46.077156521739134,1.1007,55,14,327,197,138,59,46.51305652173913,1.1112,55,13,329,188,134,54,20.420633,0,ok,logs/seed_2010.log
796027,e04z,4,z,baseline_plus_gheft,DHEFT/NHEFT/GHEFT,IRT-only,0.0,0,0,1,0.4331,0.2323,0.6654,63.14370000000001,1.6993,55,12,301,169,46,123,63.165543099460294,1.6999,49,11,286,159,115,44,69.41612302158272,1.8681,38,11,290,157,124,33,14.145331,0,ok,logs/seed_796027.log
401997,e04z,4,z,baseline_plus_gheft,DHEFT/NHEFT/GHEFT,IRT-only,0.0,0,0,1,0.3858,0.2407,0.6265,63.49709999999999,1.6611,50,11,289,146,42,104,49.90824494960685,1.3056,63,13,326,187,113,74,55.07580785893756,1.4408,44,11,291,156,121,35,19.244298,0,ok,logs/seed_401997.log
35721,e04z,4,z,baseline_plus_gheft,DHEFT/NHEFT/GHEFT,IRT-only,0.0,0,0,1,0.5144,0.2691,0.7835,53.51259999999999,1.495,50,10,302,155,41,114,50.326919004524896,1.406,61,14,307,169,103,66,47.05960191277735,1.3147,54,12,313,162,110,52,17.732145,0,ok,logs/seed_35721.log
724068,e04z,4,z,baseline_plus_gheft,DHEFT/NHEFT/GHEFT,IRT-only,0.0,0,0,1,0.4484,0.2898,0.7382,55.805899999999994,1.3938,60,12,354,168,45,123,46.820403921568634,1.1694,58,12,355,181,129,52,46.9390268225324,1.1724,48,11,344,182,134,48,21.283849,0,ok,logs/seed_724068.log
800182,e04z,4,z,baseline_plus_gheft,DHEFT/NHEFT/GHEFT,IRT-only,0.0,0,0,1,0.3975,0.2688,0.6663,63.43940000000001,1.6685,59,14,316,179,38,141,63.985886748844365,1.6828,57,12,319,187,118,69,55.787156663430416,1.4672,53,12,327,183,120,63,18.18579,0,ok,logs/seed_800182.log
937614,e04z,4,z,baseline_plus_gheft,DHEFT/NHEFT/GHEFT,IRT-only,0.0,0,0,1,0.3916,0.2845,0.6761,60.964600000000004,1.6062,49,14,293,167,42,125,56.69169029503918,1.4936,47,13,297,163,112,51,51.703502664067585,1.3622,48,12,303,181,124,57,17.832579,0,ok,logs/seed_937614.log
722394,e04z,4,z,baseline_plus_gheft,DHEFT/NHEFT/GHEFT,IRT-only,0.0,0,0,1,0.4184,0.3228,0.7412,60.8313,1.609,51,11,311,162,49,113,56.619723048800054,1.4976,60,14,338,200,133,67,57.61014283891661,1.5238,43,13,317,170,124,46,16.46868,0,ok,logs/seed_722394.log
509760,e04z,4,z,baseline_plus_gheft,DHEFT/NHEFT/GHEFT,IRT-only,0.0,0,0,1,0.4364,0.2693,0.7057,60.76039999999999,1.4312,52,12,322,150,48,102,53.584893693693694,1.2622,64,13,333,171,109,62,53.38833658969805,1.2576,53,12,321,166,116,50,19.737638,0,ok,logs/seed_509760.log
70327,e04z,4,z,baseline_plus_gheft,DHEFT/NHEFT/GHEFT,IRT-only,0.0,0,0,1,0.4177,0.2437,0.6614,64.58900000000001,1.4638,59,12,317,159,41,118,54.5876023157639,1.2371,61,12,336,168,122,46,58.62140434782611,1.3285,50,11,307,159,119,40,17.700927,0,ok,logs/seed_70327.log
750147,e04z,4,z,baseline_plus_gheft,DHEFT/NHEFT/GHEFT,IRT-only,0.0,0,0,1,0.5377,0.3137,0.8514,55.2178,1.3158,50,8,308,138,55,83,48.5256978905735,1.1563,59,12,322,161,118,43,48.5256978905735,1.1563,53,10,325,153,122,31,19.441208,0,ok,logs/seed_750147.log
460446,e04z,4,z,baseline_plus_gheft,DHEFT/NHEFT/GHEFT,IRT-only,0.0,0,0,1,0.4584,0.308,0.7664,62.348799999999976,1.2126,57,13,327,193,48,145,59.58114954954955,1.1587,61,14,340,206,134,72,58.08250922509226,1.1296,51,13,326,204,142,62,18.05683,0,ok,logs/seed_460446.log
748846,e04z,4,z,baseline_plus_gheft,DHEFT/NHEFT/GHEFT,IRT-only,0.0,0,0,1,0.4205,0.2945,0.715,58.91,1.873,54,10,303,152,34,118,47.77331794871795,1.5189,54,12,337,176,109,67,51.50539416239316,1.6376,44,11,304,159,110,49,17.821514,0,ok,logs/seed_748846.log
610796,e04z,4,z,baseline_plus_gheft,DHEFT/NHEFT/GHEFT,IRT-only,0.0,0,0,1,0.4269,0.2819,0.7088,61.581800000000015,1.2844,57,13,324,155,42,113,60.619701,1.2643,61,12,332,173,129,44,62.727761189358375,1.3083,57,12,329,189,139,50,19.783375,0,ok,logs/seed_610796.log
372755,e04z,4,z,baseline_plus_gheft,DHEFT/NHEFT/GHEFT,IRT-only,0.0,0,0,1,0.476,0.2944,0.7704,56.7439,1.7414,56,14,299,163,44,119,51.30455925925925,1.5745,62,14,334,183,126,57,55.15734444444444,1.6927,52,12,314,165,128,37,19.462148,0,ok,logs/seed_372755.log
324404,e04z,4,z,baseline_plus_gheft,DHEFT/NHEFT/GHEFT,IRT-only,0.0,0,0,1,0.439,0.2453,0.6843,56.82440000000001,1.856,55,11,283,149,47,102,48.64637136929459,1.5889,56,13,312,163,116,47,44.94144358373206,1.4679,44,10,302,163,127,36,18.1116,0,ok,logs/seed_324404.log
138451,e04z,4,z,baseline_plus_gheft,DHEFT/NHEFT/GHEFT,IRT-only,0.0,0,0,1,0.4448,0.2999,0.7447,63.463899999999995,1.3826,54,14,316,164,45,119,52.866551089248055,1.1517,55,12,313,170,118,52,75.12643503184714,1.6367,49,11,298,165,130,35,19.187843,0,ok,logs/seed_138451.log
117059,e04z,4,z,baseline_plus_gheft,DHEFT/NHEFT/GHEFT,IRT-only,0.0,0,0,1,0.4531,0.289,0.7421,53.4301,1.5632,60,14,313,158,41,117,45.20884853131909,1.3226,63,15,335,204,140,64,62.894626173541965,1.8401,49,11,322,174,130,44,18.955794,0,ok,logs/seed_117059.log
976782,e04z,4,z,baseline_plus_gheft,DHEFT/NHEFT/GHEFT,IRT-only,0.0,0,0,1,0.4267,0.2643,0.691,53.517099999999985,1.19,60,14,308,172,53,119,52.21439446405228,1.161,56,12,303,179,135,44,55.55988725212463,1.2354,45,10,308,152,126,26,15.948253,0,ok,logs/seed_976782.log
574644,e04z,4,z,baseline_plus_gheft,DHEFT/NHEFT/GHEFT,IRT-only,0.0,0,0,1,0.4898,0.3156,0.8054,56.5951,1.1251,56,14,305,173,55,118,55.43529257641922,1.1021,50,12,306,173,125,48,55.43529257641922,1.1021,42,10,306,154,121,33,17.15534,0,ok,logs/seed_574644.log
435308,e04z,4,z,baseline_plus_gheft,DHEFT/NHEFT/GHEFT,IRT-only,0.0,0,0,1,0.4833,0.2681,0.7514,59.53809999999999,1.3687,57,11,320,156,38,118,52.56012716049382,1.2083,61,14,329,192,128,64,53.105410196121134,1.2208,48,12,308,181,126,55,17.831695,0,ok,logs/seed_435308.log
635612,e04z,4,z,baseline_plus_gheft,DHEFT/NHEFT/GHEFT,IRT-only,0.0,0,0,1,0.4201,0.2431,0.6632,54.9593,1.2608,61,14,324,179,57,122,49.69890251572326,1.1401,53,12,323,183,145,38,53.31441873638344,1.2231,45,10,314,173,141,32,19.928087,0,ok,logs/seed_635612.log
289817,e04z,4,z,baseline_plus_gheft,DHEFT/NHEFT/GHEFT,IRT-only,0.0,0,0,1,0.4135,0.2538,0.6673,64.86579999999998,1.8741,59,13,297,161,40,121,49.012369452449576,1.4161,57,12,311,168,125,43,75.94716133567661,2.1943,46,10,308,164,130,34,22.721989,0,ok,logs/seed_289817.log
639065,e04z,4,z,baseline_plus_gheft,DHEFT/NHEFT/GHEFT,IRT-only,0.0,0,0,1,0.5022,0.3041,0.8063,59.45219999999999,1.4637,61,13,317,152,53,99,55.40727457627118,1.3641,73,15,358,205,127,78,68.539456302521,1.6874,51,13,318,183,143,40,23.492448,0,ok,logs/seed_639065.log
650943,e04z,4,z,baseline_plus_gheft,DHEFT/NHEFT/GHEFT,IRT-only,0.0,0,0,1,0.444,0.2332,0.6772,57.30770000000001,1.466,56,13,333,161,53,108,49.98170440528634,1.2786,56,12,345,174,122,52,46.48047934529401,1.189,45,11,318,165,130,35,24.560142,0,ok,logs/seed_650943.log
110055,e04z,4,z,baseline_plus_gheft,DHEFT/NHEFT/GHEFT,IRT-only,0.0,0,0,1,0.3824,0.2172,0.5996,58.2318,1.5079,55,11,341,173,42,131,51.277571544715435,1.3278,67,15,356,212,139,73,49.2452875,1.2752,58,13,344,186,128,58,19.662118,0,ok,logs/seed_110055.log
117791,e04z,4,z,baseline_plus_gheft,DHEFT/NHEFT/GHEFT,IRT-only,0.0,0,0,1,0.4763,0.2762,0.7525,57.846499999999985,1.541,56,11,299,152,40,112,47.73862283813747,1.2717,68,13,330,178,107,71,50.11148141958042,1.3349,54,11,314,157,110,47,18.640514,0,ok,logs/seed_117791.log
124685,e04z,4,z,baseline_plus_gheft,DHEFT/NHEFT/GHEFT,IRT-only,0.0,0,0,1,0.4215,0.2511,0.6726,59.8993,1.5254,63,14,337,165,36,129,55.1506706969697,1.4045,68,15,342,177,121,56,65.76393023255814,1.6748,51,13,324,167,126,41,21.682724,0,ok,logs/seed_124685.log
997328,e04z,4,z,baseline_plus_gheft,DHEFT/NHEFT/GHEFT,IRT-only,0.0,0,0,1,0.4087,0.2506,0.6593,53.4443,1.5388,60,12,326,162,44,118,52.31971856562387,1.5064,58,12,337,165,101,64,46.5848277992278,1.3413,55,11,347,169,109,60,15.829919,0,ok,logs/seed_997328.log
655714,e04z,4,z,baseline_plus_gheft,DHEFT/NHEFT/GHEFT,IRT-only,0.0,0,0,1,0.47,0.3008,0.7708,60.4184,1.7066,63,12,335,179,42,137,55.13395796202532,1.5573,58,12,342,166,104,62,45.844890245729204,1.295,50,11,329,157,114,43,18.403178,0,ok,logs/seed_655714.log
512136,e04z,4,z,baseline_plus_gheft,DHEFT/NHEFT/GHEFT,IRT-only,0.0,0,0,1,0.4464,0.2468,0.6932,60.08459999999999,1.5272,56,14,295,156,51,105,56.78348185573919,1.4433,65,15,330,188,122,66,72.8117685932388,1.8508,42,10,306,140,107,33,15.84771,0,ok,logs/seed_512136.log
695034,e04z,4,z,baseline_plus_gheft,DHEFT/NHEFT/GHEFT,IRT-only,0.0,0,0,1,0.432,0.264,0.696,55.3667,1.3055,56,11,313,154,49,105,50.735365058087574,1.1963,58,12,316,153,121,32,50.68549127725857,1.1951,52,11,307,157,120,37,22.197534,0,ok,logs/seed_695034.log
539246,e04z,4,z,baseline_plus_gheft,DHEFT/NHEFT/GHEFT,IRT-only,0.0,0,0,1,0.3921,0.2913,0.6834,61.1442,1.71,47,11,278,126,37,89,47.3444773222836,1.3241,49,13,309,151,87,64,68.8544,1.9257,44,13,289,150,97,53,19.636059,0,ok,logs/seed_539246.log
354388,e04z,4,z,baseline_plus_gheft,DHEFT/NHEFT/GHEFT,IRT-only,0.0,0,0,1,0.458,0.2636,0.7216,56.0291,1.429,57,13,324,168,40,128,45.04283595505618,1.1488,61,14,350,202,139,63,50.150635955056174,1.2791,48,12,325,182,138,44,19.824344,0,ok,logs/seed_354388.log
282392,e04z,4,z,baseline_plus_gheft,DHEFT/NHEFT/GHEFT,IRT-only,0.0,0,0,1,0.4284,0.3062,0.7346,51.07560000000001,1.4334,62,14,328,186,43,143,43.724159798994975,1.2271,67,15,337,190,133,57,42.67961297044594,1.1978,64,14,333,191,130,61,21.485717,0,ok,logs/seed_282392.log
465345,e04z,4,z,baseline_plus_gheft,DHEFT/NHEFT/GHEFT,IRT-only,0.0,0,0,1,0.4658,0.315,0.7808,50.146399999999986,1.4184,72,13,342,166,40,126,44.07066866666666,1.2465,58,10,335,159,108,51,51.051567666666664,1.444,50,9,317,153,112,41,20.937597,0,ok,logs/seed_465345.log
276209,e04z,4,z,baseline_plus_gheft,DHEFT/NHEFT/GHEFT,IRT-only,0.0,0,0,1,0.427,0.2305,0.6575,57.677499999999995,1.4702,56,12,304,160,47,113,47.8373813559322,1.2194,55,13,312,170,117,53,59.44751809235427,1.5153,40,10,295,141,117,24,18.406877,0,ok,logs/seed_276209.log
48268,e04z,4,z,baseline_plus_gheft,DHEFT/NHEFT/GHEFT,IRT-only,0.0,0,0,1,0.4581,0.305,0.7631,67.4333,1.6476,63,14,321,183,38,145,50.89489322033897,1.2435,62,15,340,194,137,57,77.23432881355932,1.887,50,12,311,182,127,55,20.216517,0,ok,logs/seed_48268.log
312904,e04z,4,z,baseline_plus_gheft,DHEFT/NHEFT/GHEFT,IRT-only,0.0,0,0,1,0.5096,0.3228,0.8324,55.3001,1.4267,47,9,296,135,47,88,52.41057032740213,1.3521,57,13,314,157,99,58,49.80103302846974,1.2848,52,11,325,147,93,54,21.109622,0,ok,logs/seed_312904.log
95163,e04z,4,z,baseline_plus_gheft,DHEFT/NHEFT/GHEFT,IRT-only,0.0,0,0,1,0.4795,0.3736,0.8531,56.7976,1.514,55,12,310,146,46,100,50.312921553090334,1.3412,54,11,314,163,124,39,51.806498058252416,1.381,39,10,295,147,127,20,23.820846,0,ok,logs/seed_95163.log
739903,e04z,4,z,baseline_plus_gheft,DHEFT/NHEFT/GHEFT,IRT-only,0.0,0,0,1,0.433,0.2855,0.7185,47.6825,1.3429,59,11,328,167,50,117,43.5648045974026,1.2269,74,15,332,197,125,72,48.580100000000016,1.3682,51,11,307,163,118,45,19.532861,0,ok,logs/seed_739903.log
527611,e04z,4,z,baseline_plus_gheft,DHEFT/NHEFT/GHEFT,IRT-only,0.0,0,0,1,0.4082,0.233,0.6412,58.129599999999996,1.6362,55,9,304,150,52,98,50.27665298938992,1.4151,59,12,317,168,122,46,49.31252680645162,1.388,56,12,321,169,129,40,21.178573,0,ok,logs/seed_527611.log
591781,e04z,4,z,baseline_plus_gheft,DHEFT/NHEFT/GHEFT,IRT-only,0.0,0,0,1,0.4761,0.2857,0.7618,53.10300000000001,1.287,57,12,336,160,60,100,48.31150758989125,1.1709,55,11,348,171,141,30,53.97566727020336,1.3082,49,10,344,151,118,33,23.105048,0,ok,logs/seed_591781.log
10602,e04z,4,z,baseline_plus_gheft,DHEFT/NHEFT/GHEFT,IRT-only,0.0,0,0,1,0.4432,0.29,0.7332,52.43399999999998,1.6227,60,13,299,144,55,89,40.25727356143079,1.2458,56,13,315,161,121,40,78.7997201845444,2.4386,46,10,313,155,121,34,18.909672,0,ok,logs/seed_10602.log
91728,e04z,4,z,baseline_plus_gheft,DHEFT/NHEFT/GHEFT,IRT-only,0.0,0,0,1,0.5038,0.2502,0.754,65.87509999999999,1.7409,59,12,332,156,49,107,55.46278128654971,1.4657,59,14,333,173,131,42,58.99553990461048,1.5591,51,10,323,164,123,41,23.162409,0,ok,logs/seed_91728.log
777150,e04z,4,z,baseline_plus_gheft,DHEFT/NHEFT/GHEFT,IRT-only,0.0,0,0,1,0.4382,0.2629,0.7011,49.171,1.3396,56,10,314,124,45,79,44.08966537396121,1.2012,60,11,316,150,111,39,43.645857399103136,1.1891,49,9,307,143,115,28,18.763746,0,ok,logs/seed_777150.log
761499,e04z,4,z,baseline_plus_gheft,DHEFT/NHEFT/GHEFT,IRT-only,0.0,0,0,1,0.4317,0.2533,0.685,52.3336,1.2568,60,12,314,160,50,110,46.00568313878081,1.1048,57,13,323,159,120,39,47.35069208819716,1.1371,48,11,322,152,121,31,24.106313,0,ok,logs/seed_761499.log
453482,e04z,4,z,baseline_plus_gheft,DHEFT/NHEFT/GHEFT,IRT-only,0.0,0,0,1,0.4552,0.3154,0.7706,53.19240000000001,1.5863,55,12,318,152,54,98,47.269188330871486,1.4096,55,13,314,165,112,53,46.839706760709014,1.3968,45,10,296,149,121,28,17.349616,0,ok,logs/seed_453482.log
562121,e04z,4,z,baseline_plus_gheft,DHEFT/NHEFT/GHEFT,IRT-only,0.0,0,0,1,0.4245,0.2524,0.6769,54.77390000000001,1.4537,58,12,278,153,49,104,48.91146393001346,1.2982,55,13,286,170,129,41,51.57838744067798,1.3689,44,11,268,152,127,25,18.218945,0,ok,logs/seed_562121.log
770979,e04z,4,z,baseline_plus_gheft,DHEFT/NHEFT/GHEFT,IRT-only,0.0,0,0,1,0.4067,0.2592,0.6659,54.94549999999999,1.3727,57,14,318,159,46,113,52.575114116316634,1.3135,54,12,313,159,124,35,64.05203510815309,1.6002,57,13,302,165,113,52,17.162545,0,ok,logs/seed_770979.log
703949,e04z,4,z,baseline_plus_gheft,DHEFT/NHEFT/GHEFT,IRT-only,0.0,0,0,1,0.4329,0.2884,0.7213,55.216200000000015,1.4328,48,11,305,156,51,105,46.481415093959725,1.2062,54,11,313,169,126,43,47.95745984615385,1.2445,45,12,288,154,124,30,19.521806,0,ok,logs/seed_703949.log
314686,e04z,4,z,baseline_plus_gheft,DHEFT/NHEFT/GHEFT,IRT-only,0.0,0,0,1,0.4243,0.2032,0.6275,64.54929999999999,1.4038,54,12,316,161,38,123,64.64916499454745,1.406,59,12,327,174,132,42,53.57509346246974,1.1651,53,13,333,173,130,43,20.576027,0,ok,logs/seed_314686.log
475760,e04z,4,z,baseline_plus_gheft,DHEFT/NHEFT/GHEFT,IRT-only,0.0,0,0,1,0.4434,0.3159,0.7593,58.66329999999999,1.6134,60,13,341,176,44,132,42.32342749842271,1.164,64,14,360,183,125,58,42.52155913377375,1.1695,52,11,355,161,118,43,22.586032,0,ok,logs/seed_475760.log
595079,e04z,4,z,baseline_plus_gheft,DHEFT/NHEFT/GHEFT,IRT-only,0.0,0,0,1,0.4669,0.2742,0.7411,51.99360000000001,1.5418,48,12,287,156,47,109,44.491154828660434,1.3193,48,10,289,154,99,55,47.194654828660454,1.3995,45,10,308,164,115,49,13.055867,0,ok,logs/seed_595079.log
27243,e04z,4,z,baseline_plus_gheft,DHEFT/NHEFT/GHEFT,IRT-only,0.0,0,0,1,0.4199,0.2714,0.6913,62.1532,1.5098,60,12,319,174,41,133,47.757967666666666,1.1601,57,14,319,186,126,60,59.34997516339869,1.4417,48,13,310,180,120,60,19.011371,0,ok,logs/seed_27243.log
143022,e04z,4,z,baseline_plus_gheft,DHEFT/NHEFT/GHEFT,IRT-only,0.0,0,0,1,0.4604,0.3495,0.8099,47.7154,1.0561,60,12,305,150,52,98,46.88955373134328,1.0379,61,15,306,180,136,44,49.43775373134329,1.0943,51,12,304,159,121,38,18.779294,0,ok,logs/seed_143022.log
958432,e04z,4,z,baseline_plus_gheft,DHEFT/NHEFT/GHEFT,IRT-only,0.0,0,0,1,0.425,0.2494,0.6744,58.582,1.2515,52,12,304,169,44,125,57.24104618647007,1.2229,53,13,318,181,132,49,70.26456429495472,1.5011,48,11,294,177,125,52,17.710879,0,ok,logs/seed_958432.log
799339,e04z,4,z,baseline_plus_gheft,DHEFT/NHEFT/GHEFT,IRT-only,0.0,0,0,1,0.4862,0.3151,0.8013,52.241299999999995,1.4999,60,14,313,161,50,111,43.140562020905925,1.2386,60,13,324,175,120,55,43.843948839046206,1.2588,46,11,310,154,122,32,20.865092,0,ok,logs/seed_799339.log
953842,e04z,4,z,baseline_plus_gheft,DHEFT/NHEFT/GHEFT,IRT-only,0.0,0,0,1,0.4267,0.2763,0.703,57.1713,1.5379,65,17,313,193,51,142,51.24170899470899,1.3784,51,12,312,182,150,32,51.408037984496126,1.3829,47,12,305,184,148,36,20.317348,0,ok,logs/seed_953842.log
937400,e04z,4,z,baseline_plus_gheft,DHEFT/NHEFT/GHEFT,IRT-only,0.0,0,0,1,0.4711,0.2735,0.7446,50.4657,1.4069,52,13,315,173,48,125,48.76234408046356,1.3595,53,12,316,178,127,51,44.45988315631692,1.2395,46,10,318,171,126,45,21.113877,0,ok,logs/seed_937400.log
919932,e04z,4,z,baseline_plus_gheft,DHEFT/NHEFT/GHEFT,IRT-only,0.0,0,0,1,0.4295,0.3062,0.7357,56.28030000000001,1.6236,57,14,341,190,50,140,49.67136579330422,1.4329,63,13,346,205,134,71,50.788582540420116,1.4652,55,11,333,187,134,53,20.40261,0,ok,logs/seed_919932.log
786261,e04z,4,z,baseline_plus_gheft,DHEFT/NHEFT/GHEFT,IRT-only,0.0,0,0,1,0.4197,0.3421,0.7618,64.9004,1.5948,61,12,315,166,47,119,60.52494706700867,1.4873,63,13,321,200,145,55,53.39277716737676,1.3121,53,11,313,186,131,55,20.524962,0,ok,logs/seed_786261.log
266747,e04z,4,z,baseline_plus_gheft,DHEFT/NHEFT/GHEFT,IRT-only,0.0,0,0,1,0.4269,0.249,0.6759,48.494800000000005,1.5273,60,12,299,150,53,97,38.92195987887963,1.2258,64,14,316,161,113,48,41.635924475524476,1.3112,51,13,313,157,115,42,23.736727,0,ok,logs/seed_266747.log
394465,e04z,4,z,baseline_plus_gheft,DHEFT/NHEFT/GHEFT,IRT-only,0.0,0,0,1,0.3916,0.2877,0.6793,57.73110000000001,1.4193,56,12,344,169,55,114,54.73932978723404,1.3457,52,10,335,181,146,35,56.4773,1.3884,52,11,337,163,137,26,21.279061,0,ok,logs/seed_394465.log
725987,e04z,4,z,baseline_plus_gheft,DHEFT/NHEFT/GHEFT,IRT-only,0.0,0,0,1,0.4112,0.2307,0.6419,63.4611,1.1498,59,13,333,184,55,129,63.533805617977535,1.1511,61,12,349,191,136,55,63.533805617977535,1.1511,52,12,328,185,153,32,21.756104,0,ok,logs/seed_725987.log
224478,e04z,4,z,baseline_plus_gheft,DHEFT/NHEFT/GHEFT,IRT-only,0.0,0,0,1,0.3935,0.2709,0.6644,59.3389,1.2181,55,12,331,179,51,128,56.137893424036285,1.1524,59,13,343,180,126,54,56.137893424036285,1.1524,51,12,341,176,120,56,23.050525,0,ok,logs/seed_224478.log
408636,e04z,4,z,baseline_plus_gheft,DHEFT/NHEFT/GHEFT,IRT-only,0.0,0,0,1,0.4332,0.2655,0.6987,67.2433,1.7449,57,13,314,166,41,125,51.5196,1.3369,63,14,316,168,104,64,47.644100999999985,1.2363,52,12,318,161,116,45,17.257828,0,ok,logs/seed_408636.log
617269,e04z,4,z,baseline_plus_gheft,DHEFT/NHEFT/GHEFT,IRT-only,0.0,0,0,1,0.4912,0.2571,0.7483,48.446600000000004,1.3998,58,13,314,157,55,102,40.95772713567839,1.1834,57,12,331,174,137,37,42.320007692307684,1.2228,49,11,328,155,125,30,18.278936,0,ok,logs/seed_617269.log
650122,e04z,4,z,baseline_plus_gheft,DHEFT/NHEFT/GHEFT,IRT-only,0.0,0,0,1,0.4363,0.2113,0.6476,53.038,1.4011,59,14,294,154,46,108,49.95246688027365,1.3196,56,12,311,168,131,37,71.02948676122931,1.8764,48,11,308,165,147,18,20.691174,0,ok,logs/seed_650122.log
522983,e04z,4,z,baseline_plus_gheft,DHEFT/NHEFT/GHEFT,IRT-only,0.0,0,0,1,0.4685,0.3398,0.8083,67.66980000000001,1.5199,58,14,335,176,44,132,63.583968139681204,1.4282,57,12,347,181,131,50,59.4904045135704,1.3362,46,11,326,178,125,53,20.899997,0,ok,logs/seed_522983.log
239950,e04z,4,z,baseline_plus_gheft,DHEFT/NHEFT/GHEFT,IRT-only,0.0,0,0,1,0.404,0.2901,0.6941,57.56160000000002,1.5743,53,11,296,152,49,103,51.344683116883125,1.4043,61,13,313,189,132,57,50.46203996103897,1.3801,50,11,296,163,117,46,17.507631,0,ok,logs/seed_239950.log
258973,e04z,4,z,baseline_plus_gheft,DHEFT/NHEFT/GHEFT,IRT-only,0.0,0,0,1,0.3599,0.2114,0.5713,67.6174,1.2678,59,11,325,158,48,110,69.97255257501335,1.3119,61,11,347,187,122,65,84.11736257635468,1.5771,54,10,334,168,124,44,20.533448,0,ok,logs/seed_258973.log
824466,e04z,4,z,baseline_plus_gheft,DHEFT/NHEFT/GHEFT,IRT-only,0.0,0,0,1,0.4441,0.2794,0.7235,51.63110000000002,1.6161,59,14,305,177,46,131,43.153962597757534,1.3507,57,13,313,190,131,59,45.743847498238196,1.4318,50,12,308,185,126,59,18.220191,0,ok,logs/seed_824466.log
682056,e04z,4,z,baseline_plus_gheft,DHEFT/NHEFT/GHEFT,IRT-only,0.0,0,0,1,0.4026,0.3042,0.7068,66.47599999999998,1.271,51,13,303,153,42,111,59.00587058823529,1.1281,61,12,326,182,133,49,65.3107774098602,1.2487,47,11,303,157,126,31,19.84907,0,ok,logs/seed_682056.log
431617,e04z,4,z,baseline_plus_gheft,DHEFT/NHEFT/GHEFT,IRT-only,0.0,0,0,1,0.4276,0.2296,0.6572,56.86919999999999,1.0869,56,12,338,159,39,120,58.29802953995158,1.1143,62,14,346,190,131,59,84.64140618556702,1.6178,49,11,342,171,121,50,19.545986,0,ok,logs/seed_431617.log
777731,e04z,4,z,baseline_plus_gheft,DHEFT/NHEFT/GHEFT,IRT-only,0.0,0,0,1,0.4426,0.3289,0.7715,56.0225,1.6476,60,11,328,165,37,128,52.300326323422766,1.5381,62,13,327,188,117,71,47.373123529411764,1.3932,52,11,311,171,120,51,18.693648,0,ok,logs/seed_777731.log
65523,e04z,4,z,baseline_plus_gheft,DHEFT/NHEFT/GHEFT,IRT-only,0.0,0,0,1,0.4696,0.2566,0.7262,55.6209,1.6355,54,12,313,162,43,119,54.2023807786604,1.5938,56,13,319,173,127,46,60.25241585760518,1.7717,43,11,296,165,119,46,18.018153,0,ok,logs/seed_65523.log
226267,e04z,4,z,baseline_plus_gheft,DHEFT/NHEFT/GHEFT,IRT-only,0.0,0,0,1,0.4127,0.2779,0.6906,54.74699999999999,1.2851,62,13,342,170,45,125,54.370900729927016,1.2763,54,13,326,156,116,40,59.84410072992701,1.4047,44,10,320,150,125,25,23.867804,0,ok,logs/seed_226267.log
20773,e04z,4,z,baseline_plus_gheft,DHEFT/NHEFT/GHEFT,IRT-only,0.0,0,0,1,0.4393,0.2312,0.6705,51.76419999999998,1.2223,63,13,307,147,49,98,46.62731102535833,1.101,65,14,339,182,133,49,47.27731102535833,1.1163,47,10,326,172,129,43,19.84519,0,ok,logs/seed_20773.log
75919,e04z,4,z,baseline_plus_gheft,DHEFT/NHEFT/GHEFT,IRT-only,0.0,0,0,1,0.375,0.2958,0.6708,69.5459,1.6589,66,12,344,166,36,130,55.394500000000015,1.3213,64,12,359,194,136,58,56.53754981412641,1.3486,57,11,337,181,138,43,24.691722,0,ok,logs/seed_75919.log
796262,e04z,4,z,baseline_plus_gheft,DHEFT/NHEFT/GHEFT,IRT-only,0.0,0,0,1,0.4038,0.2883,0.6921,58.49949999999999,1.3419,62,13,331,153,50,103,59.06846734693876,1.3549,57,11,346,166,135,31,57.333128715602385,1.3151,51,10,341,140,113,27,19.958624,0,ok,logs/seed_796262.log
557554,e04z,4,z,baseline_plus_gheft,DHEFT/NHEFT/GHEFT,IRT-only,0.0,0,0,1,0.4812,0.3007,0.7819,62.0831,1.7169,60,13,333,167,48,119,48.9151240246238,1.3527,66,14,356,213,134,79,51.78343135435993,1.4321,49,11,332,174,129,45,21.827232,0,ok,logs/seed_557554.log
818564,e04z,4,z,baseline_plus_gheft,DHEFT/NHEFT/GHEFT,IRT-only,0.0,0,0,1,0.4403,0.2688,0.7091,52.747799999999984,1.2577,47,10,302,134,43,91,46.291775953764486,1.1038,54,10,307,143,100,43,60.493571812080546,1.4424,42,10,310,144,112,32,19.842443,0,ok,logs/seed_818564.log
5641,e04z,4,z,baseline_plus_gheft,DHEFT/NHEFT/GHEFT,IRT-only,0.0,0,0,1,0.442,0.2398,0.6818,50.8372,1.3937,51,13,297,169,49,120,47.68471397849463,1.3073,62,15,318,179,122,57,57.107876062639825,1.5656,53,14,305,175,131,44,16.974781,0,ok,logs/seed_5641.log
80721,e04z,4,z,baseline_plus_gheft,DHEFT/NHEFT/GHEFT,IRT-only,0.0,0,0,1,0.4533,0.3019,0.7552,66.2176,1.2733,51,12,323,155,54,101,59.62014747145187,1.1464,46,12,330,165,128,37,61.64614747145187,1.1854,50,11,322,173,135,38,23.728193,0,ok,logs/seed_80721.log
14714,e04z,4,z,baseline_plus_gheft,DHEFT/NHEFT/GHEFT,IRT-only,0.0,0,0,1,0.4222,0.2587,0.6809,60.7778,1.223,59,13,338,186,42,144,60.33788452722064,1.2142,57,14,331,193,136,57,60.33788452722064,1.2142,52,13,337,180,128,52,22.295408,0,ok,logs/seed_14714.log
965327,e04z,4,z,baseline_plus_gheft,DHEFT/NHEFT/GHEFT,IRT-only,0.0,0,0,1,0.4459,0.3157,0.7616,56.9606,1.4477,63,15,328,182,37,145,54.2558716917923,1.379,57,15,312,194,128,66,51.37175119651922,1.3057,51,13,294,167,117,50,17.808011,0,ok,logs/seed_965327.log
460722,e04z,4,z,baseline_plus_gheft,DHEFT/NHEFT/GHEFT,IRT-only,0.0,0,0,1,0.4326,0.2623,0.6949,62.582300000000004,1.7227,46,11,265,135,42,93,44.43242609505704,1.2231,65,14,306,177,117,60,45.37126652598225,1.2489,44,12,289,151,99,52,20.107288,0,ok,logs/seed_460722.log
724036,e04z,4,z,baseline_plus_gheft,DHEFT/NHEFT/GHEFT,IRT-only,0.0,0,0,1,0.4258,0.2547,0.6805,62.96990000000001,1.1303,58,11,323,144,45,99,59.29667922277848,1.0644,61,10,329,149,104,45,63.22656868327404,1.1349,46,9,313,133,109,24,18.264328,0,ok,logs/seed_724036.log
901968,e04z,4,z,baseline_plus_gheft,DHEFT/NHEFT/GHEFT,IRT-only,0.0,0,0,1,0.4694,0.2705,0.7399,52.86739999999999,1.5323,57,12,326,170,55,115,42.460538078651695,1.2307,53,13,331,168,132,36,50.76006094674557,1.4712,44,12,302,167,139,28,22.609255,0,ok,logs/seed_901968.log
287728,e04z,4,z,baseline_plus_gheft,DHEFT/NHEFT/GHEFT,IRT-only,0.0,0,0,1,0.4655,0.2713,0.7368,52.944199999999995,1.4428,73,14,347,179,45,134,44.89652582781457,1.2235,67,14,353,185,130,55,46.454889884246896,1.266,59,13,331,175,136,39,25.13747,0,ok,logs/seed_287728.log
747287,e04z,4,z,baseline_plus_gheft,DHEFT/NHEFT/GHEFT,IRT-only,0.0,0,0,1,0.4536,0.2916,0.7452,60.22849999999998,1.7963,62,12,325,141,48,93,50.80706764275257,1.5153,61,13,355,166,106,60,73.85271606367583,2.2026,55,11,326,161,123,38,18.443202,0,ok,logs/seed_747287.log
867108,e04z,4,z,baseline_plus_gheft,DHEFT/NHEFT/GHEFT,IRT-only,0.0,0,0,1,0.4394,0.2951,0.7345,59.40760000000001,1.6723,55,12,300,142,37,105,57.90805140186917,1.6301,61,13,322,158,116,42,58.976409411214966,1.6602,43,9,308,139,115,24,21.401613,0,ok,logs/seed_867108.log
196697,e04z,4,z,baseline_plus_gheft,DHEFT/NHEFT/GHEFT,IRT-only,0.0,0,0,1,0.4538,0.3284,0.7822,56.22939999999999,1.3961,54,13,333,173,39,134,47.56662859409021,1.181,59,14,323,185,109,76,48.31785552099534,1.1997,38,9,303,145,101,44,16.521078,0,ok,logs/seed_196697.log
635464,e04z,4,z,baseline_plus_gheft,DHEFT/NHEFT/GHEFT,IRT-only,0.0,0,0,1,0.4219,0.3188,0.7407,71.3042,1.349,52,11,313,149,38,111,60.73800721649484,1.1491,62,13,341,184,125,59,64.93407702060223,1.2284,53,13,326,179,127,52,18.909509,0,ok,logs/seed_635464.log
389228,e04z,4,z,baseline_plus_gheft,DHEFT/NHEFT/GHEFT,IRT-only,0.0,0,0,1,0.4548,0.266,0.7208,60.7145,1.2442,55,10,309,137,45,92,59.922030746705715,1.228,55,11,311,147,107,40,74.16331494768312,1.5198,46,9,299,140,97,43,16.315899,0,ok,logs/seed_389228.log
813617,e04z,4,z,baseline_plus_gheft,DHEFT/NHEFT/GHEFT,IRT-only,0.0,0,0,1,0.4444,0.2869,0.7313,55.717000000000006,1.4989,60,13,324,158,49,109,49.87614266165555,1.3418,56,12,299,156,116,40,54.207521217081855,1.4583,47,11,296,149,124,25,20.62468,0,ok,logs/seed_813617.log
232555,e04z,4,z,baseline_plus_gheft,DHEFT/NHEFT/GHEFT,IRT-only,0.0,0,0,1,0.4183,0.3022,0.7205,64.4701,1.4068,59,15,327,178,51,127,52.57879172847683,1.1473,57,12,342,174,124,50,58.2483572519084,1.2711,52,12,330,174,130,44,22.312739,0,ok,logs/seed_232555.log
932496,e04z,4,z,baseline_plus_gheft,DHEFT/NHEFT/GHEFT,IRT-only,0.0,0,0,1,0.4549,0.3479,0.8028,59.772000000000006,1.4885,64,14,335,182,48,134,53.99904723247232,1.3448,61,13,344,194,130,64,60.56882500000001,1.5084,53,12,323,183,129,54,22.332541,0,ok,logs/seed_932496.log
544493,e04z,4,z,baseline_plus_gheft,DHEFT/NHEFT/GHEFT,IRT-only,0.0,0,0,1,0.506,0.3264,0.8324,64.66820000000001,1.3252,54,11,312,145,52,93,63.965894820717146,1.3108,57,12,323,141,111,30,66.09365949367091,1.3544,43,9,298,155,127,28,24.289584,0,ok,logs/seed_544493.log
174431,e04z,4,z,baseline_plus_gheft,DHEFT/NHEFT/GHEFT,IRT-only,0.0,0,0,1,0.4833,0.3106,0.7939,56.86720000000001,1.5901,57,12,299,159,49,110,43.751410457516336,1.2234,72,14,329,187,115,72,47.33704855403348,1.3237,49,11,316,160,127,33,22.247802,0,ok,logs/seed_174431.log
715533,e04z,4,z,baseline_plus_gheft,DHEFT/NHEFT/GHEFT,IRT-only,0.0,0,0,1,0.4295,0.2515,0.681,53.8807,1.351,62,14,317,184,44,140,45.86408083005457,1.15,57,15,324,183,116,67,60.40740595399189,1.5146,48,13,319,182,126,56,22.664962,0,ok,logs/seed_715533.log
710115,e04z,4,z,baseline_plus_gheft,DHEFT/NHEFT/GHEFT,IRT-only,0.0,0,0,1,0.4125,0.2732,0.6857,61.39480000000002,1.1631,61,13,316,154,38,116,60.02732531539108,1.1372,66,12,315,172,122,50,64.0273676092545,1.213,55,10,322,175,126,49,24.154391,0,ok,logs/seed_710115.log
69527,e04z,4,z,baseline_plus_gheft,DHEFT/NHEFT/GHEFT,IRT-only,0.0,0,0,1,0.4627,0.3004,0.7631,55.907,1.5433,58,13,339,155,47,108,42.341667664670666,1.1688,63,13,362,182,122,60,60.446879185520366,1.6686,45,8,334,154,123,31,31.704108,0,ok,logs/seed_69527.log
584456,e04z,4,z,baseline_plus_gheft,DHEFT/NHEFT/GHEFT,IRT-only,0.0,0,0,1,0.4535,0.2608,0.7143,48.0115,1.3305,62,12,330,175,41,134,39.88829090909091,1.1054,56,12,341,176,122,54,41.817152849740935,1.1588,47,11,320,171,120,51,23.471615,0,ok,logs/seed_584456.log
678197,e04z,4,z,baseline_plus_gheft,DHEFT/NHEFT/GHEFT,IRT-only,0.0,0,0,1,0.4184,0.2729,0.6913,60.952600000000004,1.5924,62,14,313,165,45,120,55.10407220743034,1.4397,64,13,324,185,137,48,46.963709907120744,1.227,46,10,315,160,123,37,21.690181,0,ok,logs/seed_678197.log
871381,e04z,4,z,baseline_plus_gheft,DHEFT/NHEFT/GHEFT,IRT-only,0.0,0,0,1,0.4356,0.255,0.6906,56.42230000000001,1.519,58,11,307,169,47,122,46.9617976521739,1.2643,64,13,320,180,109,71,47.87207926086957,1.2888,56,12,317,176,110,66,17.072452,0,ok,logs/seed_871381.log
855755,e04z,4,z,baseline_plus_gheft,DHEFT/NHEFT/GHEFT,IRT-only,0.0,0,0,1,0.4448,0.3295,0.7743,61.912299999999995,1.5918,64,15,348,178,42,136,48.61582399355878,1.2499,63,13,349,176,122,54,53.10512843636099,1.3653,51,10,312,162,124,38,23.299708,0,ok,logs/seed_855755.log
137836,e04z,4,z,baseline_plus_gheft,DHEFT/NHEFT/GHEFT,IRT-only,0.0,0,0,1,0.4267,0.2728,0.6995,65.49959999999999,1.7803,56,12,292,156,44,112,57.12680509051348,1.5527,58,12,320,171,121,50,54.62348341618778,1.4847,45,11,310,149,122,27,20.154972,0,ok,logs/seed_137836.log
560927,e04z,4,z,baseline_plus_gheft,DHEFT/NHEFT/GHEFT,IRT-only,0.0,0,0,1,0.3822,0.2818,0.664,61.2917,1.4988,55,12,312,154,35,119,48.07092376822277,1.1755,58,13,329,180,96,84,51.633436156351785,1.2626,49,12,295,154,98,56,21.401756,0,ok,logs/seed_560927.log
47925,e04z,4,z,baseline_plus_gheft,DHEFT/NHEFT/GHEFT,IRT-only,0.0,0,0,1,0.4453,0.3306,0.7759,55.6637,1.4097,59,12,300,155,46,109,41.96795314799673,1.0628,65,15,326,183,114,69,51.14988988211439,1.2954,44,12,294,173,125,48,19.498189,0,ok,logs/seed_47925.log
667073,e04z,4,z,baseline_plus_gheft,DHEFT/NHEFT/GHEFT,IRT-only,0.0,0,0,1,0.4011,0.2197,0.6208,52.7888,1.3626,52,13,279,159,51,108,49.89186440497581,1.2878,52,11,313,173,134,39,46.241693862815886,1.1936,46,11,302,166,132,34,15.871928,0,ok,logs/seed_667073.log
153349,e04z,4,z,baseline_plus_gheft,DHEFT/NHEFT/GHEFT,IRT-only,0.0,0,0,1,0.4471,0.259,0.7061,60.1834,1.2318,55,11,318,166,41,125,52.16633354564755,1.0677,70,14,354,194,128,66,54.229304494176375,1.1099,47,13,332,180,130,50,22.856176,0,ok,logs/seed_153349.log
263035,e04z,4,z,baseline_plus_gheft,DHEFT/NHEFT/GHEFT,IRT-only,0.0,0,0,1,0.4107,0.2707,0.6814,56.3498,1.4548,71,13,348,171,44,127,48.31505169424744,1.2474,74,14,350,185,124,61,51.91858786127168,1.3404,54,11,332,174,137,37,21.10044,0,ok,logs/seed_263035.log
782665,e04z,4,z,baseline_plus_gheft,DHEFT/NHEFT/GHEFT,IRT-only,0.0,0,0,1,0.3944,0.2735,0.6679,58.40459999999999,1.1941,58,12,322,168,39,129,55.020752582557144,1.1249,64,13,330,198,131,67,58.4974857142857,1.196,55,11,318,195,138,57,17.549917,0,ok,logs/seed_782665.log
372049,e04z,4,z,baseline_plus_gheft,DHEFT/NHEFT/GHEFT,IRT-only,0.0,0,0,1,0.4432,0.2366,0.6798,61.8186,1.3161,57,12,333,172,49,123,56.4853625817255,1.2025,61,13,344,184,135,49,56.70538571428571,1.2072,47,11,332,170,137,33,18.920035,0,ok,logs/seed_372049.log
15262,e04z,4,z,baseline_plus_gheft,DHEFT/NHEFT/GHEFT,IRT-only,0.0,0,0,1,0.4933,0.3643,0.8576,64.21409999999999,1.892,54,10,313,154,52,102,55.18900479362672,1.6261,57,13,313,162,105,57,71.3831665478735,2.1033,47,10,315,168,126,42,22.373829,0,ok,logs/seed_15262.log
745342,e04z,4,z,baseline_plus_gheft,DHEFT/NHEFT/GHEFT,IRT-only,0.0,0,0,1,0.4816,0.2468,0.7284,57.663799999999995,1.4329,62,16,342,188,43,145,56.78144431210192,1.411,75,16,363,207,142,65,54.02066405732484,1.3424,58,13,355,181,124,57,24.372361,0,ok,logs/seed_745342.log
437809,e04z,4,z,baseline_plus_gheft,DHEFT/NHEFT/GHEFT,IRT-only,0.0,0,0,1,0.4782,0.2723,0.7505,49.5907,1.4078,52,12,301,155,52,103,46.843865346534656,1.3298,60,13,300,161,108,53,46.897718021276596,1.3313,47,11,288,154,126,28,15.596161,0,ok,logs/seed_437809.log
987435,e04z,4,z,baseline_plus_gheft,DHEFT/NHEFT/GHEFT,IRT-only,0.0,0,0,1,0.4924,0.2541,0.7465,58.5354,1.9624,50,10,309,161,42,119,41.853524441396516,1.4031,61,13,330,180,122,58,48.46345318755118,1.6247,49,10,329,172,131,41,22.328665,0,ok,logs/seed_987435.log
146585,e04z,4,z,baseline_plus_gheft,DHEFT/NHEFT/GHEFT,IRT-only,0.0,0,0,1,0.4297,0.2823,0.712,72.7187,1.6622,74,13,343,163,35,128,55.34293045548716,1.265,63,12,342,182,112,70,75.6213114151493,1.7286,47,10,333,188,140,48,23.108917,0,ok,logs/seed_146585.log
368863,e04z,4,z,baseline_plus_gheft,DHEFT/NHEFT/GHEFT,IRT-only,0.0,0,0,1,0.4257,0.2674,0.6931,63.12530000000001,1.3098,54,12,319,155,44,111,58.50373186419754,1.2139,63,15,350,183,117,66,58.50373186419754,1.2139,56,13,322,164,111,53,25.03196,0,ok,logs/seed_368863.log
572806,e04z,4,z,baseline_plus_gheft,DHEFT/NHEFT/GHEFT,IRT-only,0.0,0,0,1,0.4536,0.2899,0.7435,52.1581,1.4381,55,12,317,170,53,117,44.96171140154813,1.2397,51,12,340,184,131,53,46.897653752921535,1.2931,45,12,318,169,126,43,21.331475,0,ok,logs/seed_572806.log
198288,e04z,4,z,baseline_plus_gheft,DHEFT/NHEFT/GHEFT,IRT-only,0.0,0,0,1,0.4746,0.2787,0.7533,52.839699999999986,1.5008,57,12,314,154,53,101,42.360385017421606,1.2031,59,11,340,186,134,52,44.25841911846689,1.2571,53,10,322,152,118,34,21.902607,0,ok,logs/seed_198288.log
110116,e04z,4,z,baseline_plus_gheft,DHEFT/NHEFT/GHEFT,IRT-only,0.0,0,0,1,0.4196,0.2336,0.6532,63.7418,1.425,59,14,324,175,40,135,61.229422861431864,1.3689,60,14,330,189,116,73,67.17119922128488,1.5017,48,10,311,164,121,43,20.159077,0,ok,logs/seed_110116.log
149047,e04z,4,z,baseline_plus_gheft,DHEFT/NHEFT/GHEFT,IRT-only,0.0,0,0,1,0.4805,0.2716,0.7521,52.7974,1.6881,57,12,301,131,45,86,45.30401707317071,1.4485,67,13,319,157,125,32,53.80220320404723,1.7202,43,11,325,144,113,31,19.832662,0,ok,logs/seed_149047.log
864824,e04z,4,z,baseline_plus_gheft,DHEFT/NHEFT/GHEFT,IRT-only,0.0,0,0,1,0.417,0.3086,0.7256,57.1011,1.6312,62,15,312,174,44,130,51.210424054982816,1.4629,58,13,322,173,116,57,51.32744752898109,1.4662,45,10,296,146,108,38,18.296561,0,ok,logs/seed_864824.log
801768,e04z,4,z,baseline_plus_gheft,DHEFT/NHEFT/GHEFT,IRT-only,0.0,0,0,1,0.448,0.2338,0.6818,57.33760000000001,1.5963,52,13,317,158,44,114,45.79223587622151,1.2749,62,14,332,181,110,71,62.864929098805646,1.7502,52,12,330,172,124,48,21.791911,0,ok,logs/seed_801768.log
262875,e04z,4,z,baseline_plus_gheft,DHEFT/NHEFT/GHEFT,IRT-only,0.0,0,0,1,0.4453,0.2521,0.6974,65.23970000000001,1.686,63,12,330,182,44,138,52.10306097560975,1.3465,63,12,328,185,143,42,50.81480247139977,1.3132,50,10,341,171,132,39,20.554807,0,ok,logs/seed_262875.log
524794,e04z,4,z,baseline_plus_gheft,DHEFT/NHEFT/GHEFT,IRT-only,0.0,0,0,1,0.3895,0.2153,0.6048,62.13410000000001,1.2308,59,11,341,177,49,128,57.022915186369964,1.1295,61,15,333,183,123,60,53.64249978308027,1.0626,49,11,329,157,114,43,24.110862,0,ok,logs/seed_524794.log
824487,e04z,4,z,baseline_plus_gheft,DHEFT/NHEFT/GHEFT,IRT-only,0.0,0,0,1,0.41,0.2993,0.7093,62.675300000000014,1.3881,51,13,298,149,37,112,72.0186397705545,1.5951,53,12,315,174,133,41,66.71855620894644,1.4777,42,9,305,154,129,25,16.352685,0,ok,logs/seed_824487.log
927335,e04z,4,z,baseline_plus_gheft,DHEFT/NHEFT/GHEFT,IRT-only,0.0,0,0,1,0.4356,0.2688,0.7044,57.9074,1.2639,54,11,308,141,48,93,50.41624747474747,1.1004,57,12,312,154,109,45,55.574413795470136,1.213,47,11,309,158,120,38,20.992781,0,ok,logs/seed_927335.log
982015,e04z,4,z,baseline_plus_gheft,DHEFT/NHEFT/GHEFT,IRT-only,0.0,0,0,1,0.4618,0.2714,0.7332,52.36220000000001,1.6488,47,10,291,134,38,96,53.75794356046133,1.6927,56,13,308,170,109,61,64.049475,2.0168,45,10,295,153,125,28,18.444877,0,ok,logs/seed_982015.log
205178,e04z,4,z,baseline_plus_gheft,DHEFT/NHEFT/GHEFT,IRT-only,0.0,0,0,1,0.4289,0.2825,0.7114,57.60100000000001,2.1136,57,12,323,156,46,110,46.755573623559535,1.7156,62,13,322,169,117,52,47.93097159763313,1.7587,48,10,314,150,113,37,18.651305,0,ok,logs/seed_205178.log
888604,e04z,4,z,baseline_plus_gheft,DHEFT/NHEFT/GHEFT,IRT-only,0.0,0,0,1,0.4294,0.2925,0.7219,63.4347,1.2918,60,13,338,168,35,133,59.42323790012805,1.2101,62,12,352,204,134,70,59.42323790012805,1.2101,47,11,317,166,120,46,22.130336,0,ok,logs/seed_888604.log
546566,e04z,4,z,baseline_plus_gheft,DHEFT/NHEFT/GHEFT,IRT-only,0.0,0,0,1,0.4668,0.2158,0.6826,53.7976,1.1183,54,13,317,162,46,116,50.23766593406594,1.0443,60,13,325,167,105,62,50.23766593406594,1.0443,50,12,311,172,108,64,17.808379,0,ok,logs/seed_546566.log
939943,e04z,4,z,baseline_plus_gheft,DHEFT/NHEFT/GHEFT,IRT-only,0.0,0,0,1,0.4678,0.2813,0.7491,54.801399999999994,1.5666,54,11,308,170,47,123,41.48623539518901,1.186,55,12,315,188,127,61,42.403539306358375,1.2122,49,12,306,182,130,52,18.835985,0,ok,logs/seed_939943.log
461796,e04z,4,z,baseline_plus_gheft,DHEFT/NHEFT/GHEFT,IRT-only,0.0,0,0,1,0.4445,0.3063,0.7508,58.653900000000014,1.3158,65,13,316,149,42,107,48.78703677698905,1.0945,61,10,327,168,123,45,51.89061350293542,1.1641,51,9,330,154,125,29,19.512256,0,ok,logs/seed_461796.log
683805,e04z,4,z,baseline_plus_gheft,DHEFT/NHEFT/GHEFT,IRT-only,0.0,0,0,1,0.4553,0.2544,0.7097,64.5948,1.6,59,15,316,172,40,132,59.22107441860466,1.4669,65,15,353,210,142,68,58.99035327510917,1.4612,52,13,339,193,133,60,20.931047,0,ok,logs/seed_683805.log
273298,e04z,4,z,baseline_plus_gheft,DHEFT/NHEFT/GHEFT,IRT-only,0.0,0,0,1,0.4001,0.2144,0.6145,56.21580000000001,1.3959,56,12,328,152,53,99,48.113100855189025,1.1947,54,14,346,161,115,46,45.29408635178777,1.1247,49,12,341,145,103,42,20.282045,0,ok,logs/seed_273298.log
870064,e04z,4,z,baseline_plus_gheft,DHEFT/NHEFT/GHEFT,IRT-only,0.0,0,0,1,0.5158,0.3398,0.8556,50.37419999999999,1.4058,55,13,304,176,49,127,50.44562388831395,1.4078,54,15,302,186,139,47,61.60255769944342,1.7191,48,13,294,184,137,47,16.4906,0,ok,logs/seed_870064.log
739336,e04z,4,z,baseline_plus_gheft,DHEFT/NHEFT/GHEFT,IRT-only,0.0,0,0,1,0.3992,0.2657,0.6649,66.02189999999999,1.4095,60,15,316,186,48,138,62.50304294770205,1.3344,58,13,310,196,150,46,58.81186209179484,1.2556,44,10,306,177,141,36,15.825327,0,ok,logs/seed_739336.log
374908,e04z,4,z,baseline_plus_gheft,DHEFT/NHEFT/GHEFT,IRT-only,0.0,0,0,1,0.4499,0.335,0.7849,58.32599999999998,1.814,57,11,299,160,45,115,52.66114553193773,1.6378,52,11,309,159,114,45,48.6206539450695,1.5121,46,11,299,150,111,39,18.101487,0,ok,logs/seed_374908.log
489107,e04z,4,z,baseline_plus_gheft,DHEFT/NHEFT/GHEFT,IRT-only,0.0,0,0,1,0.4124,0.2468,0.6592,57.0878,1.2035,58,11,329,172,41,131,55.15646613756614,1.1627,55,12,333,177,115,62,78.35698390501318,1.6518,49,11,322,158,102,56,19.96731,0,ok,logs/seed_489107.log
676170,e04z,4,z,baseline_plus_gheft,DHEFT/NHEFT/GHEFT,IRT-only,0.0,0,0,1,0.4182,0.2661,0.6843,59.85130000000001,1.3548,67,15,355,191,54,137,51.52452213967311,1.1663,58,14,359,197,158,39,54.10024317862167,1.2247,43,12,317,163,126,37,22.842632,0,ok,logs/seed_676170.log
946643,e04z,4,z,baseline_plus_gheft,DHEFT/NHEFT/GHEFT,IRT-only,0.0,0,0,1,0.4807,0.3433,0.824,63.00080000000001,1.7414,62,16,325,193,48,145,48.67189725360229,1.3454,67,16,334,193,122,71,47.05018576329331,1.3005,60,16,332,201,124,77,19.673406,0,ok,logs/seed_946643.log
245576,e04z,4,z,baseline_plus_gheft,DHEFT/NHEFT/GHEFT,IRT-only,0.0,0,0,1,0.4453,0.3079,0.7532,51.944500000000005,1.5101,59,11,314,155,49,106,45.914680606188455,1.3348,68,14,351,183,117,66,47.591013924050635,1.3836,54,11,339,185,124,61,19.522329,0,ok,logs/seed_245576.log
61677,e04z,4,z,baseline_plus_gheft,DHEFT/NHEFT/GHEFT,IRT-only,0.0,0,0,1,0.4536,0.2705,0.7241,58.5508,1.2858,60,13,317,173,48,125,50.19551317829457,1.1023,59,11,312,168,109,59,50.94878498212158,1.1188,50,11,308,166,116,50,20.389353,0,ok,logs/seed_61677.log
985204,e04z,4,z,baseline_plus_gheft,DHEFT/NHEFT/GHEFT,IRT-only,0.0,0,0,1,0.4188,0.3216,0.7404,60.98529999999998,1.7436,54,11,331,159,42,117,47.9818041358885,1.3718,68,14,345,194,128,66,49.92452125435539,1.4273,55,12,330,177,127,50,21.101813,0,ok,logs/seed_985204.log
957734,e04z,4,z,baseline_plus_gheft,DHEFT/NHEFT/GHEFT,IRT-only,0.0,0,0,1,0.4727,0.3082,0.7809,45.96690000000001,1.478,62,12,321,157,47,110,44.91925714285714,1.4443,59,14,329,167,114,53,45.474369919282516,1.4621,45,12,324,145,112,33,22.787339,0,ok,logs/seed_957734.log
586973,e04z,4,z,baseline_plus_gheft,DHEFT/NHEFT/GHEFT,IRT-only,0.0,0,0,1,0.406,0.2412,0.6472,55.16009999999999,1.4915,57,12,327,165,55,110,52.1847032082019,1.411,52,12,325,154,103,51,50.38324210526316,1.3623,42,11,330,151,114,37,21.648598,0,ok,logs/seed_586973.log
81222,e04z,4,z,baseline_plus_gheft,DHEFT/NHEFT/GHEFT,IRT-only,0.0,0,0,1,0.4116,0.2785,0.6901,57.48320000000001,1.7817,54,13,301,158,43,115,57.427416695352846,1.7799,56,13,308,172,124,48,50.18312929292928,1.5554,44,11,293,165,128,37,15.254991,0,ok,logs/seed_81222.log
985268,e04z,4,z,baseline_plus_gheft,DHEFT/NHEFT/GHEFT,IRT-only,0.0,0,0,1,0.4768,0.3218,0.7986,51.47600000000001,1.405,61,14,309,174,45,129,48.07219095477387,1.3121,57,12,322,188,128,60,42.81467189201879,1.1686,48,12,323,166,124,42,19.285566,0,ok,logs/seed_985268.log
240715,e04z,4,z,baseline_plus_gheft,DHEFT/NHEFT/GHEFT,IRT-only,0.0,0,0,1,0.4822,0.288,0.7702,50.064399999999985,1.3674,52,9,299,150,54,96,42.15268726609441,1.1513,51,12,325,180,123,57,46.579386761406134,1.2722,44,11,299,138,111,27,20.292207,0,ok,logs/seed_240715.log
336806,e04z,4,z,baseline_plus_gheft,DHEFT/NHEFT/GHEFT,IRT-only,0.0,0,0,1,0.4563,0.3285,0.7848,59.23969999999999,1.7703,56,12,321,156,43,113,54.53134074784276,1.6296,57,11,343,152,107,45,49.37668057040998,1.4755,60,12,341,194,144,50,23.471984,0,ok,logs/seed_336806.log
431396,e04z,4,z,baseline_plus_gheft,DHEFT/NHEFT/GHEFT,IRT-only,0.0,0,0,1,0.485,0.2827,0.7677,55.6821,1.5063,56,12,307,135,38,97,52.6412578627451,1.424,63,13,331,181,130,51,52.60336643929059,1.423,45,11,312,152,124,28,20.037498,0,ok,logs/seed_431396.log
850253,e04z,4,z,baseline_plus_gheft,DHEFT/NHEFT/GHEFT,IRT-only,0.0,0,0,1,0.455,0.2914,0.7464,56.2784,1.5997,56,13,297,159,49,110,42.81734645454546,1.2171,56,12,318,183,129,54,48.290275824175836,1.3727,48,11,305,164,116,48,18.323512,0,ok,logs/seed_850253.log
342204,e04z,4,z,baseline_plus_gheft,DHEFT/NHEFT/GHEFT,IRT-only,0.0,0,0,1,0.4744,0.295,0.7694,60.0054,2.0135,63,17,316,181,41,140,48.76730569732555,1.6364,66,16,341,210,139,71,59.38405943132821,1.9926,53,12,332,179,132,47,20.159124,0,ok,logs/seed_342204.log
810991,e04z,4,z,baseline_plus_gheft,DHEFT/NHEFT/GHEFT,IRT-only,0.0,0,0,1,0.3977,0.2201,0.6178,58.042699999999996,1.5326,48,11,298,146,45,101,53.88654914814815,1.4228,54,12,311,167,129,38,50.126730629629634,1.3236,43,11,296,159,112,47,21.208672,0,ok,logs/seed_810991.log
895124,e04z,4,z,baseline_plus_gheft,DHEFT/NHEFT/GHEFT,IRT-only,0.0,0,0,1,0.4079,0.2979,0.7058,59.69499999999999,1.7133,60,13,337,159,40,119,55.94049999999999,1.6055,65,12,346,182,126,56,56.39399822860864,1.6186,53,10,340,149,115,34,22.57755,0,ok,logs/seed_895124.log
437866,e04z,4,z,baseline_plus_gheft,DHEFT/NHEFT/GHEFT,IRT-only,0.0,0,0,1,0.483,0.3042,0.7872,64.087,1.5314,46,11,275,126,37,89,54.73716086956521,1.3079,57,12,308,167,114,53,50.97266086956521,1.218,49,11,292,148,106,42,20.87108,0,ok,logs/seed_437866.log
246441,e04z,4,z,baseline_plus_gheft,DHEFT/NHEFT/GHEFT,IRT-only,0.0,0,0,1,0.4074,0.2053,0.6127,55.23409999999999,1.3301,55,12,309,163,45,118,46.1015909090909,1.1102,70,16,333,191,132,59,49.223929020194454,1.1854,49,12,317,170,130,40,22.911313,0,ok,logs/seed_246441.log
834777,e04z,4,z,baseline_plus_gheft,DHEFT/NHEFT/GHEFT,IRT-only,0.0,0,0,1,0.4536,0.3181,0.7717,60.17760000000002,1.5629,64,15,329,165,37,128,57.37454422508399,1.4901,61,13,329,186,132,54,60.17412816763006,1.5628,57,13,330,193,131,62,21.262867,0,ok,logs/seed_834777.log
159109,e04z,4,z,baseline_plus_gheft,DHEFT/NHEFT/GHEFT,IRT-only,0.0,0,0,1,0.4146,0.2402,0.6548,63.83219999999999,1.6302,61,14,325,171,39,132,60.08229501557632,1.5345,61,12,355,197,144,53,68.37591645746164,1.7463,46,12,305,166,134,32,19.830599,0,ok,logs/seed_159109.log
469145,e04z,4,z,baseline_plus_gheft,DHEFT/NHEFT/GHEFT,IRT-only,0.0,0,0,1,0.4409,0.2427,0.6836,62.57779999999999,1.842,47,12,290,174,46,128,47.665953044754225,1.4031,59,12,319,194,131,63,50.39550599520385,1.4834,38,10,293,149,118,31,14.394991,0,ok,logs/seed_469145.log
359039,e04z,4,z,baseline_plus_gheft,DHEFT/NHEFT/GHEFT,IRT-only,0.0,0,0,1,0.4322,0.2375,0.6697,61.1011,1.4924,50,12,304,135,37,98,55.83156551724138,1.3637,54,12,332,171,106,65,55.83156551724138,1.3637,50,12,320,167,110,57,18.623409,0,ok,logs/seed_359039.log
441554,e04z,4,z,baseline_plus_gheft,DHEFT/NHEFT/GHEFT,IRT-only,0.0,0,0,1,0.4855,0.3232,0.8087,66.00750000000001,1.2738,56,11,313,142,36,106,55.67751104522615,1.0744,54,13,328,170,114,56,76.05834120603015,1.4677,53,13,327,157,113,44,20.231348,0,ok,logs/seed_441554.log
981230,e04z,4,z,baseline_plus_gheft,DHEFT/NHEFT/GHEFT,IRT-only,0.0,0,0,1,0.4625,0.3044,0.7669,59.3968,1.6076,57,14,320,163,55,108,52.47422452697968,1.4202,54,11,317,168,134,34,54.37887449664429,1.4718,49,12,314,173,132,41,21.962891,0,ok,logs/seed_981230.log
386385,e04z,4,z,baseline_plus_gheft,DHEFT/NHEFT/GHEFT,IRT-only,0.0,0,0,1,0.4612,0.3219,0.7831,49.3408,1.2755,52,12,294,148,42,106,47.280448861646235,1.2222,56,11,310,172,121,51,45.56774886164623,1.1779,46,9,287,159,131,28,19.256205,0,ok,logs/seed_386385.log
667900,e04z,4,z,baseline_plus_gheft,DHEFT/NHEFT/GHEFT,IRT-only,0.0,0,0,1,0.4064,0.3073,0.7137,56.1312,1.5672,61,14,335,156,35,121,48.9795899875666,1.3675,64,13,332,165,110,55,53.291005128205136,1.4879,49,13,346,170,111,59,24.509815,0,ok,logs/seed_667900.log
361299,e04z,4,z,baseline_plus_gheft,DHEFT/NHEFT/GHEFT,IRT-only,0.0,0,0,1,0.447,0.3275,0.7745,51.41380000000001,1.3711,61,15,322,192,49,143,49.257460164251754,1.3136,61,13,341,192,156,36,53.76870965136193,1.4339,51,12,308,173,143,30,22.965528,0,ok,logs/seed_361299.log
270600,e04z,4,z,baseline_plus_gheft,DHEFT/NHEFT/GHEFT,IRT-only,0.0,0,0,1,0.4413,0.2382,0.6795,59.421699999999966,1.7582,51,12,274,146,40,106,47.93583620249221,1.4184,52,13,306,163,119,44,48.91847160493828,1.4475,54,14,303,157,118,39,15.435307,0,ok,logs/seed_270600.log
399493,e04z,4,z,baseline_plus_gheft,DHEFT/NHEFT/GHEFT,IRT-only,0.0,0,0,1,0.4049,0.2439,0.6488,59.797399999999996,1.4236,58,14,309,152,45,107,54.007864305322116,1.2857,57,12,317,169,122,47,52.197038709677415,1.2426,41,11,296,140,114,26,20.572244,0,ok,logs/seed_399493.log
344401,e04z,4,z,baseline_plus_gheft,DHEFT/NHEFT/GHEFT,IRT-only,0.0,0,0,1,0.5085,0.2881,0.7966,54.83149999999999,1.392,66,15,344,184,58,126,52.11833004399058,1.3231,58,13,345,217,161,56,61.53361610368111,1.5621,52,12,329,198,153,45,23.364368,0,ok,logs/seed_344401.log
440653,e04z,4,z,baseline_plus_gheft,DHEFT/NHEFT/GHEFT,IRT-only,0.0,0,0,1,0.4197,0.2398,0.6595,67.61259999999999,1.3135,61,14,349,191,39,152,57.98213953488372,1.1264,64,14,374,194,124,70,68.57724138179148,1.3322,50,10,349,179,135,44,19.531232,0,ok,logs/seed_440653.log
422829,e04z,4,z,baseline_plus_gheft,DHEFT/NHEFT/GHEFT,IRT-only,0.0,0,0,1,0.391,0.3301,0.7211,67.5268,1.6671,57,13,322,160,55,105,54.64489840637451,1.349,57,14,333,172,130,42,73.47991096015937,1.814,46,13,313,173,138,35,18.186592,0,ok,logs/seed_422829.log
194493,e04z,4,z,baseline_plus_gheft,DHEFT/NHEFT/GHEFT,IRT-only,0.0,0,0,1,0.4441,0.2857,0.7298,63.983200000000004,1.4371,59,12,336,168,47,121,58.40690530107527,1.3119,57,11,351,161,124,37,56.12803414634144,1.2607,51,10,333,165,131,34,24.197613,0,ok,logs/seed_194493.log
79088,e04z,4,z,baseline_plus_gheft,DHEFT/NHEFT/GHEFT,IRT-only,0.0,0,0,1,0.4128,0.2769,0.6897,62.2722,1.3166,65,14,341,168,46,122,62.51995031847133,1.3218,60,13,347,195,137,58,59.058006369426764,1.2486,55,13,356,194,135,59,20.054136,0,ok,logs/seed_79088.log
144274,e04z,4,z,baseline_plus_gheft,DHEFT/NHEFT/GHEFT,IRT-only,0.0,0,0,1,0.366,0.2314,0.5974,64.4431,1.6743,57,12,327,178,49,129,52.91846544502618,1.3749,63,13,342,195,134,61,52.43574816753927,1.3624,45,11,311,159,128,31,19.66183,0,ok,logs/seed_144274.log
568701,e04z,4,z,baseline_plus_gheft,DHEFT/NHEFT/GHEFT,IRT-only,0.0,0,0,1,0.5004,0.3453,0.8457,54.3225,1.8831,60,13,311,161,40,121,40.284032672926436,1.3964,55,13,325,157,96,61,40.36948435054773,1.3994,53,11,327,149,101,48,18.776819,0,ok,logs/seed_568701.log
643829,e04z,4,z,baseline_plus_gheft,DHEFT/NHEFT/GHEFT,IRT-only,0.0,0,0,1,0.4271,0.2716,0.6987,50.82480000000002,1.4041,67,13,345,163,49,114,44.92717032515338,1.2411,55,13,342,176,134,42,46.25007914110429,1.2777,48,11,330,166,138,28,21.953412,0,ok,logs/seed_643829.log
271983,e04z,4,z,baseline_plus_gheft,DHEFT/NHEFT/GHEFT,IRT-only,0.0,0,0,1,0.428,0.2462,0.6742,56.30030000000001,1.5539,61,13,333,178,53,125,45.712474712643676,1.2617,59,12,340,182,134,48,51.59961904761904,1.4242,48,11,320,172,131,41,25.110788,0,ok,logs/seed_271983.log
197314,e04z,4,z,baseline_plus_gheft,DHEFT/NHEFT/GHEFT,IRT-only,0.0,0,0,1,0.4179,0.244,0.6619,54.20299999999999,1.4102,57,11,299,157,49,108,51.423551577419595,1.3379,60,15,324,176,121,55,50.64780297029703,1.3177,42,11,298,155,120,35,20.739276,0,ok,logs/seed_197314.log
994686,e04z,4,z,baseline_plus_gheft,DHEFT/NHEFT/GHEFT,IRT-only,0.0,0,0,1,0.4767,0.3597,0.8364,54.85129999999998,1.4817,54,11,322,162,50,112,46.74761383905968,1.2628,52,11,321,148,114,34,46.60657936507937,1.259,49,10,328,161,121,40,22.987488,0,ok,logs/seed_994686.log
282842,e04z,4,z,baseline_plus_gheft,DHEFT/NHEFT/GHEFT,IRT-only,0.0,0,0,1,0.4613,0.322,0.7833,54.69439999999998,1.4547,56,12,308,173,52,121,53.11226661562021,1.4126,52,10,315,168,116,52,53.51384632034632,1.4233,42,10,302,154,120,34,17.87884,0,ok,logs/seed_282842.log
137602,e04z,4,z,baseline_plus_gheft,DHEFT/NHEFT/GHEFT,IRT-only,0.0,0,0,1,0.4475,0.2494,0.6969,49.2766,1.0601,62,11,327,156,48,108,48.69919595375722,1.0477,63,13,329,179,142,37,58.50183241361256,1.2586,48,11,313,164,131,33,27.439002,0,ok,logs/seed_137602.log
472131,e04z,4,z,baseline_plus_gheft,DHEFT/NHEFT/GHEFT,IRT-only,0.0,0,0,1,0.4154,0.2327,0.6481,61.16079999999999,1.4681,61,13,313,158,44,114,59.14666666182866,1.4197,59,14,330,177,122,55,61.63219289617486,1.4794,51,12,310,177,132,45,20.70038,0,ok,logs/seed_472131.log
327054,e04z,4,z,baseline_plus_gheft,DHEFT/NHEFT/GHEFT,IRT-only,0.0,0,0,1,0.4649,0.2938,0.7587,63.4728,1.6658,54,10,305,143,41,102,48.359416209476315,1.2692,57,11,318,162,109,53,45.85863485214008,1.2035,49,11,298,145,102,43,16.732335,0,ok,logs/seed_327054.log
416581,e04z,4,z,baseline_plus_gheft,DHEFT/NHEFT/GHEFT,IRT-only,0.0,0,0,1,0.4355,0.2832,0.7187,54.19539999999999,1.3298,54,11,332,153,52,101,51.25243902391628,1.2576,57,12,341,171,117,54,47.171547619047615,1.1574,48,10,343,150,114,36,22.672422,0,ok,logs/seed_416581.log
223716,e04z,4,z,baseline_plus_gheft,DHEFT/NHEFT/GHEFT,IRT-only,0.0,0,0,1,0.4338,0.3391,0.7729,56.05770000000001,1.4591,53,13,347,174,50,124,48.2013656716418,1.2546,62,16,356,203,141,62,65.39189454191032,1.7021,55,14,358,197,145,52,28.840028,0,ok,logs/seed_223716.log
116436,e04z,4,z,baseline_plus_gheft,DHEFT/NHEFT/GHEFT,IRT-only,0.0,0,0,1,0.4557,0.3152,0.7709,55.936800000000005,1.5089,63,14,341,189,45,144,47.48950303766706,1.281,68,15,357,211,135,76,46.27169649315854,1.2482,55,13,338,196,144,52,25.679328,0,ok,logs/seed_116436.log
650936,e04z,4,z,baseline_plus_gheft,DHEFT/NHEFT/GHEFT,IRT-only,0.0,0,0,1,0.418,0.3481,0.7661,57.9109,1.7215,52,11,292,138,54,84,48.79998543972043,1.4506,47,11,300,156,127,29,52.232472413793104,1.5527,37,10,287,152,129,23,19.095567,0,ok,logs/seed_650936.log
516657,e04z,4,z,baseline_plus_gheft,DHEFT/NHEFT/GHEFT,IRT-only,0.0,0,0,1,0.4432,0.2825,0.7257,59.43179999999999,1.4723,66,16,328,187,56,131,52.36837933007602,1.2973,64,14,339,185,134,51,48.60893533333334,1.2042,57,13,324,188,134,54,24.467912,0,ok,logs/seed_516657.log
687865,e04z,4,z,baseline_plus_gheft,DHEFT/NHEFT/GHEFT,IRT-only,0.0,0,0,1,0.4161,0.3147,0.7308,65.0947,1.9184,53,13,295,156,57,99,58.46186603940886,1.7229,55,14,322,192,136,56,67.29812972972974,1.9834,43,12,303,172,144,28,17.630854,0,ok,logs/seed_687865.log
715106,e04z,4,z,baseline_plus_gheft,DHEFT/NHEFT/GHEFT,IRT-only,0.0,0,0,1,0.4484,0.2623,0.7107,55.007999999999996,1.2783,50,12,317,138,50,88,49.81846111111112,1.1577,49,10,323,152,128,24,49.06102674094708,1.1401,42,9,312,142,117,25,23.933054,0,ok,logs/seed_715106.log
293374,e04z,4,z,baseline_plus_gheft,DHEFT/NHEFT/GHEFT,IRT-only,0.0,0,0,1,0.4475,0.2905,0.738,53.54060000000001,1.363,53,11,296,142,47,95,44.773601,1.1398,55,12,308,166,107,59,48.727712315270935,1.2405,50,13,295,151,105,46,19.65471,0,ok,logs/seed_293374.log
658834,e04z,4,z,baseline_plus_gheft,DHEFT/NHEFT/GHEFT,IRT-only,0.0,0,0,1,0.4811,0.3656,0.8467,54.245099999999994,1.6232,55,10,300,137,54,83,45.73082857142857,1.3684,54,11,317,170,128,42,46.57240214326,1.3936,50,12,313,161,116,45,22.209693,0,ok,logs/seed_658834.log
23329,e04z,4,z,baseline_plus_gheft,DHEFT/NHEFT/GHEFT,IRT-only,0.0,0,0,1,0.4518,0.2372,0.689,52.715900000000005,1.691,63,15,319,184,46,138,42.039207286606526,1.3485,63,14,339,195,141,54,43.88041468144045,1.4075,59,14,329,197,144,53,20.569028,0,ok,logs/seed_23329.log
661707,e04z,4,z,baseline_plus_gheft,DHEFT/NHEFT/GHEFT,IRT-only,0.0,0,0,1,0.4732,0.2735,0.7467,58.125099999999996,1.2484,69,16,344,188,48,140,53.465663704716334,1.1483,59,13,339,193,137,56,71.30106043956046,1.5314,56,12,337,179,128,51,21.076405,0,ok,logs/seed_661707.log
579773,e04z,4,z,baseline_plus_gheft,DHEFT/NHEFT/GHEFT,IRT-only,0.0,0,0,1,0.4738,0.3282,0.802,56.305800000000005,1.4214,50,13,291,153,36,117,50.14175253283302,1.2658,55,14,319,172,114,58,74.35247590361448,1.877,50,13,313,168,113,55,19.516268,0,ok,logs/seed_579773.log
688431,e04z,4,z,baseline_plus_gheft,DHEFT/NHEFT/GHEFT,IRT-only,0.0,0,0,1,0.4328,0.2578,0.6906,73.87599999999998,1.6326,47,12,287,141,48,93,54.958709353221955,1.2145,53,12,312,156,118,38,77.4128,1.7107,45,10,305,146,116,30,25.943458,0,ok,logs/seed_688431.log
735633,e04z,4,z,baseline_plus_gheft,DHEFT/NHEFT/GHEFT,IRT-only,0.0,0,0,1,0.4405,0.2799,0.7204,62.593199999999996,1.4354,59,14,333,172,38,134,53.80499685681025,1.2339,57,14,332,197,119,78,58.80075323979477,1.3484,52,13,312,182,119,63,19.562827,0,ok,logs/seed_735633.log
208263,e04z,4,z,baseline_plus_gheft,DHEFT/NHEFT/GHEFT,IRT-only,0.0,0,0,1,0.4352,0.2596,0.6948,55.0608,1.2948,45,13,314,171,41,130,51.0195267521059,1.1998,55,14,318,187,135,52,51.2327825511432,1.2048,47,12,304,180,134,46,21.486866,0,ok,logs/seed_208263.log
733953,e04z,4,z,baseline_plus_gheft,DHEFT/NHEFT/GHEFT,IRT-only,0.0,0,0,1,0.4533,0.2583,0.7116,54.63629999999999,1.3684,58,13,340,166,42,124,48.39086589147287,1.2119,81,16,356,215,118,97,49.18789675150398,1.2319,59,14,342,199,144,55,20.837754,0,ok,logs/seed_733953.log
241442,e04z,4,z,baseline_plus_gheft,DHEFT/NHEFT/GHEFT,IRT-only,0.0,0,0,1,0.4273,0.3245,0.7518,61.1065,1.8831,66,15,314,166,49,117,53.73963468700265,1.6561,66,14,329,187,121,66,49.80060590219224,1.5347,58,15,317,182,129,53,21.261916,0,ok,logs/seed_241442.log
665452,e04z,4,z,baseline_plus_gheft,DHEFT/NHEFT/GHEFT,IRT-only,0.0,0,0,1,0.4611,0.2619,0.723,51.56080000000001,1.2075,60,13,327,167,44,123,46.925225204582645,1.0989,73,14,343,198,134,64,49.94703439065109,1.1697,50,11,317,176,133,43,22.700235,0,ok,logs/seed_665452.log
631051,e04z,4,z,baseline_plus_gheft,DHEFT/NHEFT/GHEFT,IRT-only,0.0,0,0,1,0.4295,0.2781,0.7076,54.651599999999995,1.8822,48,11,310,151,44,107,48.82061269837914,1.6814,58,14,334,169,109,60,47.40364665523157,1.6326,51,12,331,181,126,55,18.817191,0,ok,logs/seed_631051.log
497919,e04z,4,z,baseline_plus_gheft,DHEFT/NHEFT/GHEFT,IRT-only,0.0,0,0,1,0.4072,0.2747,0.6819,56.44439999999999,1.3683,62,14,332,189,46,143,56.03645489221556,1.3585,56,14,332,165,116,49,52.8029,1.2801,51,12,322,171,125,46,19.498434,0,ok,logs/seed_497919.log
960027,e04z,4,z,baseline_plus_gheft,DHEFT/NHEFT/GHEFT,IRT-only,0.0,0,0,1,0.4789,0.2812,0.7601,60.88849999999999,1.8988,46,9,259,133,38,95,55.17594398340248,1.7207,58,11,305,154,96,58,54.389886714285716,1.6962,44,9,296,145,106,39,16.229229,0,ok,logs/seed_960027.log
305476,e04z,4,z,baseline_plus_gheft,DHEFT/NHEFT/GHEFT,IRT-only,0.0,0,0,1,0.5038,0.3417,0.8455,68.09689999999998,1.4285,57,12,316,161,54,107,52.82242054397395,1.1081,60,14,328,179,123,56,71.78262054397393,1.5058,50,11,325,172,130,42,20.739691,0,ok,logs/seed_305476.log
365837,e04z,4,z,baseline_plus_gheft,DHEFT/NHEFT/GHEFT,IRT-only,0.0,0,0,1,0.4133,0.2605,0.6738,66.47560000000001,1.6139,63,13,315,177,46,131,54.14532602921646,1.3145,61,14,338,202,132,70,61.889090507910076,1.5025,51,10,326,192,133,59,18.768318,0,ok,logs/seed_365837.log
514986,e04z,4,z,baseline_plus_gheft,DHEFT/NHEFT/GHEFT,IRT-only,0.0,0,0,1,0.4,0.3318,0.7318,71.21749999999999,1.2464,59,16,315,188,34,154,83.70878561151078,1.465,54,13,319,169,113,56,94.36697649402392,1.6516,51,11,317,193,130,63,17.497167,0,ok,logs/seed_514986.log
291361,e04z,4,z,baseline_plus_gheft,DHEFT/NHEFT/GHEFT,IRT-only,0.0,0,0,1,0.5184,0.2738,0.7922,58.64930000000001,1.4307,60,13,325,178,53,125,46.87766399345336,1.1436,60,13,334,180,131,49,49.95698380462726,1.2187,43,9,314,139,110,29,18.336624,0,ok,logs/seed_291361.log
831040,e04z,4,z,baseline_plus_gheft,DHEFT/NHEFT/GHEFT,IRT-only,0.0,0,0,1,0.4429,0.2501,0.693,59.571100000000015,1.3803,50,12,294,150,44,106,60.262925423728824,1.3963,52,14,304,182,136,46,60.262925423728824,1.3963,48,13,309,185,145,40,15.408726,0,ok,logs/seed_831040.log
900613,e04z,4,z,baseline_plus_gheft,DHEFT/NHEFT/GHEFT,IRT-only,0.0,0,0,1,0.4211,0.2656,0.6867,50.9215,1.3197,54,11,317,158,41,117,47.00639978869447,1.2182,56,13,339,175,126,49,49.45098795825427,1.2816,51,12,316,160,110,50,18.503992,0,ok,logs/seed_900613.log
738426,e04z,4,z,baseline_plus_gheft,DHEFT/NHEFT/GHEFT,IRT-only,0.0,0,0,1,0.4421,0.3032,0.7453,58.86430000000001,1.4665,56,12,317,171,52,119,52.61108259587022,1.3107,58,12,345,188,139,49,56.295521690265474,1.4025,47,9,323,163,137,26,19.130678,0,ok,logs/seed_738426.log
924607,e04z,4,z,baseline_plus_gheft,DHEFT/NHEFT/GHEFT,IRT-only,0.0,0,0,1,0.4563,0.3525,0.8088,54.129099999999994,1.3796,48,11,306,149,47,102,43.51225232974911,1.109,53,13,322,181,121,60,48.07170250896057,1.2253,50,12,318,162,124,38,21.834095,0,ok,logs/seed_924607.log
461861,e04z,4,z,baseline_plus_gheft,DHEFT/NHEFT/GHEFT,IRT-only,0.0,0,0,1,0.4002,0.2758,0.676,58.88159999999999,1.7875,53,8,287,130,36,94,45.79702777777778,1.3903,56,11,306,141,105,36,46.35522777777778,1.4073,47,10,305,128,98,30,15.626561,0,ok,logs/seed_461861.log
854725,e04z,4,z,baseline_plus_gheft,DHEFT/NHEFT/GHEFT,IRT-only,0.0,0,0,1,0.4538,0.2885,0.7423,65.75639999999999,1.8349,58,15,324,182,47,135,50.59615163752277,1.4119,68,16,356,215,129,86,52.433149860000306,1.4631,55,14,335,174,126,48,20.031866,0,ok,logs/seed_854725.log
808927,e04z,4,z,baseline_plus_gheft,DHEFT/NHEFT/GHEFT,IRT-only,0.0,0,0,1,0.4684,0.3753,0.8437,57.01299999999999,1.6133,59,12,320,146,47,99,49.00453729304239,1.3867,61,11,349,173,122,51,48.92263188047807,1.3844,50,12,321,162,118,44,20.479779,0,ok,logs/seed_808927.log
826006,e04z,4,z,baseline_plus_gheft,DHEFT/NHEFT/GHEFT,IRT-only,0.0,0,0,1,0.4274,0.2975,0.7249,56.123099999999994,1.2997,57,14,312,152,45,107,49.43534572271385,1.1449,70,15,335,198,117,81,49.01084572271387,1.135,56,13,321,175,121,54,18.930834,0,ok,logs/seed_826006.log
522333,e04z,4,z,baseline_plus_gheft,DHEFT/NHEFT/GHEFT,IRT-only,0.0,0,0,1,0.4386,0.3527,0.7913,59.74920000000002,1.6072,56,12,296,137,33,104,48.48605,1.3042,63,13,322,165,98,67,49.52865279085407,1.3322,55,12,314,155,103,52,19.086008,0,ok,logs/seed_522333.log
245912,e04z,4,z,baseline_plus_gheft,DHEFT/NHEFT/GHEFT,IRT-only,0.0,0,0,1,0.4715,0.3317,0.8032,63.17699999999999,1.3828,53,12,317,148,44,104,54.364123327895584,1.1899,60,12,325,173,108,65,51.21047213114755,1.1209,50,11,309,157,109,48,21.353465,0,ok,logs/seed_245912.log
758389,e04z,4,z,baseline_plus_gheft,DHEFT/NHEFT/GHEFT,IRT-only,0.0,0,0,1,0.4656,0.2911,0.7567,62.15430000000001,1.8999,59,14,313,176,46,130,43.17894831024317,1.3199,64,14,321,192,130,62,45.52078088788562,1.3914,48,11,306,171,128,43,20.03274,0,ok,logs/seed_758389.log
631363,e04z,4,z,baseline_plus_gheft,DHEFT/NHEFT/GHEFT,IRT-only,0.0,0,0,1,0.4466,0.2917,0.7383,52.5289,1.4177,56,11,325,160,32,128,55.90887142857143,1.5089,59,13,334,194,138,56,56.19303723608444,1.5166,48,10,314,167,135,32,20.134276,0,ok,logs/seed_631363.log
766985,e04z,4,z,baseline_plus_gheft,DHEFT/NHEFT/GHEFT,IRT-only,0.0,0,0,1,0.453,0.2475,0.7005,53.25429999999999,1.3743,62,12,325,166,46,120,46.5543143884892,1.2014,57,14,320,182,122,60,57.92520525059667,1.4948,47,12,301,176,121,55,20.556692,0,ok,logs/seed_766985.log
582309,e04z,4,z,baseline_plus_gheft,DHEFT/NHEFT/GHEFT,IRT-only,0.0,0,0,1,0.4588,0.2329,0.6917,53.773900000000005,1.6449,44,9,282,136,42,94,44.59577172833119,1.3641,49,10,301,140,94,46,45.49396179162956,1.3916,39,10,288,129,94,35,13.358472,0,ok,logs/seed_582309.log
846927,e04z,4,z,baseline_plus_gheft,DHEFT/NHEFT/GHEFT,IRT-only,0.0,0,0,1,0.4283,0.2996,0.7279,59.05620000000001,1.683,60,11,333,164,38,126,49.01416375838927,1.3968,72,14,362,185,98,87,52.49769511400651,1.4961,56,11,317,167,110,57,21.455477,0,ok,logs/seed_846927.log
763059,e04z,4,z,baseline_plus_gheft,DHEFT/NHEFT/GHEFT,IRT-only,0.0,0,0,1,0.4837,0.325,0.8087,66.93930000000002,1.5992,61,12,326,168,49,119,50.29407484322973,1.2015,65,14,334,190,123,67,55.64950726003209,1.3295,54,12,317,171,116,55,14.133077,0,ok,logs/seed_763059.log
861602,e04z,4,z,baseline_plus_gheft,DHEFT/NHEFT/GHEFT,IRT-only,0.0,0,0,1,0.5103,0.3123,0.8226,56.320400000000014,1.7077,60,12,339,181,43,138,50.06225126243305,1.518,69,14,355,217,137,80,43.02939210903873,1.3047,53,11,331,181,125,56,18.153671,0,ok,logs/seed_861602.log
631173,e04z,4,z,baseline_plus_gheft,DHEFT/NHEFT/GHEFT,IRT-only,0.0,0,0,1,0.4539,0.2543,0.7082,56.2574,1.3817,63,12,319,159,43,116,57.83957937427577,1.4206,56,12,316,168,128,40,70.48597798377752,1.7312,46,10,306,164,130,34,20.556243,0,ok,logs/seed_631173.log
53408,e04z,4,z,baseline_plus_gheft,DHEFT/NHEFT/GHEFT,IRT-only,0.0,0,0,1,0.4529,0.2997,0.7526,75.05950000000003,1.9248,54,11,300,157,54,103,46.73169630512516,1.1984,61,13,315,161,107,54,56.227911347341845,1.4419,52,13,306,173,126,47,21.670077,0,ok,logs/seed_53408.log
328439,e04z,4,z,baseline_plus_gheft,DHEFT/NHEFT/GHEFT,IRT-only,0.0,0,0,1,0.4196,0.26,0.6796,63.918499999999995,1.784,56,12,304,141,48,93,51.705526921522086,1.4431,60,13,312,165,110,55,60.32279189189188,1.6836,46,12,318,165,115,50,19.192516,0,ok,logs/seed_328439.log
1087,e04z,4,z,baseline_plus_gheft,DHEFT/NHEFT/GHEFT,IRT-only,0.0,0,0,1,0.4161,0.2956,0.7117,68.9553,1.6148,57,13,288,156,42,114,51.77670174326466,1.2125,59,14,332,166,118,48,55.27737321711568,1.2945,45,12,306,155,116,39,18.200194,0,ok,logs/seed_1087.log
577361,e04z,4,z,baseline_plus_gheft,DHEFT/NHEFT/GHEFT,IRT-only,0.0,0,0,1,0.4791,0.3162,0.7953,58.707200000000014,1.4185,48,11,292,137,42,95,44.29127056521738,1.0702,58,13,332,181,123,58,47.95877056521739,1.1588,58,13,312,169,107,62,18.255862,0,ok,logs/seed_577361.log
72146,e04z,4,z,baseline_plus_gheft,DHEFT/NHEFT/GHEFT,IRT-only,0.0,0,0,1,0.4444,0.2856,0.73,52.18370000000001,1.568,63,14,328,184,45,139,44.69086912181303,1.3429,65,15,333,203,147,56,44.76879235127479,1.3452,63,14,330,195,153,42,22.139742,0,ok,logs/seed_72146.log
479068,e04z,4,z,baseline_plus_gheft,DHEFT/NHEFT/GHEFT,IRT-only,0.0,0,0,1,0.3708,0.2651,0.6359,59.651500000000006,1.8924,55,14,304,178,35,143,51.153508336757156,1.6228,59,16,311,183,107,76,52.7776865771812,1.6743,51,14,304,172,110,62,14.720904,0,ok,logs/seed_479068.log
267093,e04z,4,z,baseline_plus_gheft,DHEFT/NHEFT/GHEFT,IRT-only,0.0,0,0,1,0.3461,0.2429,0.589,65.51729999999998,1.6285,56,13,329,171,33,138,59.66309885057473,1.483,65,14,336,183,139,44,58.47982465753426,1.4535,52,12,334,176,131,45,18.283858,0,ok,logs/seed_267093.log
174052,e04z,4,z,baseline_plus_gheft,DHEFT/NHEFT/GHEFT,IRT-only,0.0,0,0,1,0.4035,0.2642,0.6677,55.9643,1.5024,62,12,331,160,39,121,43.196873617693534,1.1597,58,12,333,155,109,46,43.68326589684372,1.1727,54,11,314,158,120,38,18.550698,0,ok,logs/seed_174052.log
224195,e04z,4,z,baseline_plus_gheft,DHEFT/NHEFT/GHEFT,IRT-only,0.0,0,0,1,0.3738,0.2248,0.5986,55.43570000000001,1.5383,53,11,305,146,35,111,49.21167313432836,1.3656,59,13,323,177,109,68,62.69334319544224,1.7397,45,12,301,166,114,52,16.725687,0,ok,logs/seed_224195.log
203906,e04z,4,z,baseline_plus_gheft,DHEFT/NHEFT/GHEFT,IRT-only,0.0,0,0,1,0.4688,0.3261,0.7949,59.8916,1.5747,62,14,312,194,38,156,54.14845591683308,1.4237,64,13,331,179,128,51,54.36185553602812,1.4293,47,12,306,176,137,39,17.935062,0,ok,logs/seed_203906.log
223610,e04z,4,z,baseline_plus_gheft,DHEFT/NHEFT/GHEFT,IRT-only,0.0,0,0,1,0.4142,0.3112,0.7254,51.7989,1.5341,59,12,308,158,41,117,42.79114502334631,1.2673,54,11,322,164,108,56,43.101604972375696,1.2765,43,10,317,152,103,49,14.532628,0,ok,logs/seed_223610.log
765827,e04z,4,z,baseline_plus_gheft,DHEFT/NHEFT/GHEFT,IRT-only,0.0,0,0,1,0.435,0.2993,0.7343,60.812000000000005,1.4742,64,17,337,183,40,143,53.16262391748219,1.2888,69,14,362,206,131,75,56.345266565809375,1.3659,47,10,334,179,138,41,18.955459,0,ok,logs/seed_765827.log
597825,e04z,4,z,baseline_plus_gheft,DHEFT/NHEFT/GHEFT,IRT-only,0.0,0,0,1,0.4555,0.2994,0.7549,57.37090000000001,1.3819,58,11,306,145,43,102,50.642234080717486,1.2199,62,12,314,149,106,43,50.839134080717486,1.2246,46,10,306,153,128,25,19.119545,0,ok,logs/seed_597825.log
743325,e04z,4,z,baseline_plus_gheft,DHEFT/NHEFT/GHEFT,IRT-only,0.0,0,0,1,0.4444,0.3275,0.7719,56.8097,1.9052,49,11,297,137,37,100,46.88016038514442,1.5722,66,13,329,167,113,54,48.99126038514442,1.643,53,12,302,160,114,46,21.404172,0,ok,logs/seed_743325.log
459404,e04z,4,z,baseline_plus_gheft,DHEFT/NHEFT/GHEFT,IRT-only,0.0,0,0,1,0.3616,0.2388,0.6004,65.17639999999999,1.5468,55,12,330,175,44,131,66.94793869479236,1.5889,52,12,332,181,131,50,72.05147727677101,1.71,51,13,340,196,142,54,17.121332,0,ok,logs/seed_459404.log
644891,e04z,4,z,baseline_plus_gheft,DHEFT/NHEFT/GHEFT,IRT-only,0.0,0,0,1,0.4553,0.2991,0.7544,58.3482,1.325,54,12,318,161,41,120,53.05381777434312,1.2047,58,13,336,175,122,53,53.05381777434312,1.2047,50,12,304,151,119,32,20.466659,0,ok,logs/seed_644891.log
112316,e04z,4,z,baseline_plus_gheft,DHEFT/NHEFT/GHEFT,IRT-only,0.0,0,0,1,0.4418,0.2584,0.7002,57.65409999999999,1.4766,63,13,328,157,41,116,47.51462449799197,1.2169,68,13,358,170,122,48,51.493574983187614,1.3188,54,11,336,181,137,44,20.72948,0,ok,logs/seed_112316.log
708240,e04z,4,z,baseline_plus_gheft,DHEFT/NHEFT/GHEFT,IRT-only,0.0,0,0,1,0.4303,0.2966,0.7269,57.852900000000005,1.3608,51,12,296,168,38,130,53.71030709219859,1.2633,54,13,310,182,119,63,51.47926034816248,1.2109,45,12,294,166,116,50,16.570626,0,ok,logs/seed_708240.log
988612,e04z,4,z,baseline_plus_gheft,DHEFT/NHEFT/GHEFT,IRT-only,0.0,0,0,1,0.4449,0.2313,0.6762,54.07780000000001,1.528,51,11,295,150,46,104,53.972960538116595,1.525,54,12,309,153,114,39,53.972960538116595,1.525,46,12,300,147,117,30,14.442852,0,ok,logs/seed_988612.log
737269,e04z,4,z,baseline_plus_gheft,DHEFT/NHEFT/GHEFT,IRT-only,0.0,0,0,1,0.4735,0.3051,0.7786,52.0149,1.228,59,13,317,174,40,134,59.567021951219495,1.4063,60,13,334,193,124,69,59.567021951219495,1.4063,53,13,312,189,127,62,18.041632,0,ok,logs/seed_737269.log
670045,e04z,4,z,baseline_plus_gheft,DHEFT/NHEFT/GHEFT,IRT-only,0.0,0,0,1,0.4509,0.2665,0.7174,52.4578,1.4385,50,12,303,158,50,108,47.49768301610541,1.3025,51,13,305,174,124,50,48.65220368663595,1.3342,47,13,298,157,116,41,18.163824,0,ok,logs/seed_670045.log
697981,e04z,4,z,baseline_plus_gheft,DHEFT/NHEFT/GHEFT,IRT-only,0.0,0,0,1,0.4086,0.2819,0.6905,52.3257,1.5786,58,11,337,163,40,123,47.37150343642611,1.4292,55,11,338,181,134,47,45.53737162534437,1.3738,48,11,319,160,126,34,16.382802,0,ok,logs/seed_697981.log
940926,e04z,4,z,baseline_plus_gheft,DHEFT/NHEFT/GHEFT,IRT-only,0.0,0,0,1,0.5242,0.3455,0.8697,58.34440000000002,1.7605,67,14,335,172,49,123,45.49740434782608,1.3729,60,12,321,175,115,60,48.164568476357275,1.4534,51,11,323,166,125,41,18.611048,0,ok,logs/seed_940926.log
245466,e04z,4,z,baseline_plus_gheft,DHEFT/NHEFT/GHEFT,IRT-only,0.0,0,0,1,0.4961,0.3108,0.8069,55.1718,1.183,62,12,332,167,50,117,51.477826844583994,1.1038,66,13,332,175,129,46,52.2519612244898,1.1204,55,13,333,184,142,42,22.752489,0,ok,logs/seed_245466.log
863385,e04z,4,z,baseline_plus_gheft,DHEFT/NHEFT/GHEFT,IRT-only,0.0,0,0,1,0.4505,0.2428,0.6933,61.19959999999998,1.4325,59,14,343,175,47,128,57.35942110502626,1.3426,62,15,349,185,130,55,76.89787377049181,1.7999,51,11,328,176,132,44,18.366207,0,ok,logs/seed_863385.log
502084,e04z,4,z,baseline_plus_gheft,DHEFT/NHEFT/GHEFT,IRT-only,0.0,0,0,1,0.4394,0.322,0.7614,54.4355,1.2502,62,13,349,176,49,127,48.88702222905028,1.1227,68,12,356,215,153,62,55.509510968178745,1.2748,57,10,336,178,129,49,21.608053,0,ok,logs/seed_502084.log
268333,e04z,4,z,baseline_plus_gheft,DHEFT/NHEFT/GHEFT,IRT-only,0.0,0,0,1,0.4637,0.2382,0.7019,59.5817,1.9845,56,11,298,151,40,111,46.22511301115242,1.5396,60,14,327,163,105,58,45.834333102850046,1.5266,48,11,316,134,94,40,18.05725,0,ok,logs/seed_268333.log
889172,e04z,4,z,baseline_plus_gheft,DHEFT/NHEFT/GHEFT,IRT-only,0.0,0,0,1,0.43,0.2338,0.6638,48.3488,1.2438,51,9,309,154,47,107,42.54092527075814,1.0944,54,11,313,176,127,49,48.00408132786885,1.2349,47,9,305,154,113,41,16.949962,0,ok,logs/seed_889172.log
768859,e04z,4,z,baseline_plus_gheft,DHEFT/NHEFT/GHEFT,IRT-only,0.0,0,0,1,0.4278,0.3044,0.7322,55.681700000000006,1.5461,57,14,308,175,54,121,54.266337931034485,1.5068,56,14,320,175,139,36,54.28547692307692,1.5073,49,12,309,163,129,34,17.651217,0,ok,logs/seed_768859.log
108511,e04z,4,z,baseline_plus_gheft,DHEFT/NHEFT/GHEFT,IRT-only,0.0,0,0,1,0.4422,0.3101,0.7523,54.729400000000005,1.6633,52,11,320,174,41,133,45.49306101141925,1.3826,62,14,343,176,115,61,56.3185657634584,1.7116,49,10,330,170,127,43,23.69749,0,ok,logs/seed_108511.log
828273,e04z,4,z,baseline_plus_gheft,DHEFT/NHEFT/GHEFT,IRT-only,0.0,0,0,1,0.4281,0.2557,0.6838,49.9617,1.2826,53,11,316,159,52,107,45.93551693917594,1.1792,47,11,317,150,118,32,44.93098567639256,1.1535,44,11,308,162,132,30,15.753905,0,ok,logs/seed_828273.log
932667,e04z,4,z,baseline_plus_gheft,DHEFT/NHEFT/GHEFT,IRT-only,0.0,0,0,1,0.4109,0.2567,0.6676,53.52,1.7164,53,15,288,170,37,133,45.61977364350014,1.463,57,15,302,181,124,57,72.25555716395863,2.3172,47,13,298,178,124,54,15.591706,0,ok,logs/seed_932667.log
245421,e04z,4,z,baseline_plus_gheft,DHEFT/NHEFT/GHEFT,IRT-only,0.0,0,0,1,0.424,0.2607,0.6847,65.83410000000002,1.8184,52,11,285,148,38,110,44.327597106916116,1.2244,66,18,326,197,122,75,85.14764771480804,2.3519,51,14,301,176,124,52,18.823921,0,ok,logs/seed_245421.log
678641,e04z,4,z,baseline_plus_gheft,DHEFT/NHEFT/GHEFT,IRT-only,0.0,0,0,1,0.4871,0.2741,0.7612,55.966399999999986,1.2717,60,12,321,173,32,141,52.76839533607681,1.199,69,17,337,216,135,81,79.40749533607679,1.8044,61,15,322,206,149,57,21.523437,0,ok,logs/seed_678641.log
935125,e04z,4,z,baseline_plus_gheft,DHEFT/NHEFT/GHEFT,IRT-only,0.0,0,0,1,0.4734,0.3225,0.7959,63.059,1.4736,60,14,329,176,39,137,62.32912852613241,1.4565,60,14,347,186,123,63,62.52165785953178,1.461,54,14,338,178,140,38,23.91016,0,ok,logs/seed_935125.log
605287,e04z,4,z,baseline_plus_gheft,DHEFT/NHEFT/GHEFT,IRT-only,0.0,0,0,1,0.4615,0.3225,0.784,59.2273,1.5059,60,11,310,150,38,112,49.0365547037037,1.2468,57,11,320,159,94,65,51.36389629629629,1.3059,46,10,303,160,119,41,20.871179,0,ok,logs/seed_605287.log
241117,e04z,4,z,baseline_plus_gheft,DHEFT/NHEFT/GHEFT,IRT-only,0.0,0,0,1,0.4991,0.2522,0.7513,53.12740000000001,1.1382,60,13,334,166,42,124,52.132233743362825,1.1169,70,13,354,182,118,64,51.37979882491186,1.1008,57,12,329,177,130,47,22.087686,0,ok,logs/seed_241117.log
137693,e04z,4,z,baseline_plus_gheft,DHEFT/NHEFT/GHEFT,IRT-only,0.0,0,0,1,0.3745,0.2801,0.6546,72.2982,2.1779,55,14,327,180,33,147,65.96485594246782,1.9871,66,14,357,200,130,70,70.9566658105939,2.1375,54,13,365,211,137,74,24.134978,0,ok,logs/seed_137693.log
519815,e04z,4,z,baseline_plus_gheft,DHEFT/NHEFT/GHEFT,IRT-only,0.0,0,0,1,0.4708,0.2927,0.7635,57.033,1.467,56,11,315,154,53,101,52.90473996103897,1.3608,54,11,329,180,139,41,54.981325324324324,1.4142,52,10,324,162,121,41,17.301072,0,ok,logs/seed_519815.log
825689,e04z,4,z,baseline_plus_gheft,DHEFT/NHEFT/GHEFT,IRT-only,0.0,0,0,1,0.4468,0.256,0.7028,56.15900000000001,1.3399,64,15,320,202,43,159,47.393953822629975,1.1307,66,16,338,206,141,65,48.05075734002509,1.1464,61,15,324,209,145,64,20.299282,0,ok,logs/seed_825689.log
266300,e04z,4,z,baseline_plus_gheft,DHEFT/NHEFT/GHEFT,IRT-only,0.0,0,0,1,0.4747,0.2675,0.7422,48.3232,1.3557,53,12,321,153,59,94,43.71038185615624,1.2263,58,12,327,182,147,35,45.53938803418804,1.2776,45,10,325,156,125,31,19.082318,0,ok,logs/seed_266300.log
353884,e04z,4,z,baseline_plus_gheft,DHEFT/NHEFT/GHEFT,IRT-only,0.0,0,0,1,0.4503,0.3114,0.7617,65.64890000000001,1.443,45,9,299,132,36,96,66.88306766666665,1.4701,56,11,316,161,114,47,62.16715076698319,1.3664,44,11,316,165,114,51,17.192089,0,ok,logs/seed_353884.log
141574,e04z,4,z,baseline_plus_gheft,DHEFT/NHEFT/GHEFT,IRT-only,0.0,0,0,1,0.4383,0.2163,0.6546,60.00550000000001,1.3041,66,14,342,172,46,126,53.988643201834854,1.1734,66,14,367,201,135,66,51.43657632950191,1.1179,54,11,331,185,117,68,16.95964,0,ok,logs/seed_141574.log
211351,e04z,4,z,baseline_plus_gheft,DHEFT/NHEFT/GHEFT,IRT-only,0.0,0,0,1,0.4601,0.2856,0.7457,53.79860000000001,1.2744,60,11,337,179,42,137,52.757608410233175,1.2497,57,11,330,183,143,40,53.24709789440993,1.2613,44,10,324,176,130,46,18.862715,0,ok,logs/seed_211351.log
64745,e04z,4,z,baseline_plus_gheft,DHEFT/NHEFT/GHEFT,IRT-only,0.0,0,0,1,0.3784,0.2197,0.5981,61.85799999999999,1.2465,55,13,321,153,41,112,62.7353272357094,1.2642,58,12,342,165,115,50,55.63285295429209,1.1211,54,12,322,156,97,59,19.844136,0,ok,logs/seed_64745.log
827551,e04z,4,z,baseline_plus_gheft,DHEFT/NHEFT/GHEFT,IRT-only,0.0,0,0,1,0.476,0.336,0.812,64.39219999999999,1.4439,49,12,286,164,40,124,53.45114615384615,1.1986,57,12,308,168,126,42,63.70969952324196,1.4286,44,9,290,148,124,24,18.123115,0,ok,logs/seed_827551.log
236634,e04z,4,z,baseline_plus_gheft,DHEFT/NHEFT/GHEFT,IRT-only,0.0,0,0,1,0.4508,0.2846,0.7354,60.14430000000002,1.6935,49,12,285,135,43,92,45.8350539379845,1.2906,62,14,321,183,119,64,47.92164552529183,1.3493,51,14,307,176,128,48,17.577395,0,ok,logs/seed_236634.log
554061,e04z,4,z,baseline_plus_gheft,DHEFT/NHEFT/GHEFT,IRT-only,0.0,0,0,1,0.4359,0.2822,0.7181,59.495000000000005,1.3694,50,11,296,146,35,111,67.86094480165289,1.562,57,13,308,146,96,50,73.82094473684211,1.6991,46,11,304,152,118,34,17.363301,0,ok,logs/seed_554061.log
473253,e04z,4,z,baseline_plus_gheft,DHEFT/NHEFT/GHEFT,IRT-only,0.0,0,0,1,0.3945,0.2241,0.6186,58.9478,1.5268,55,12,310,165,38,127,50.82589870129871,1.3165,55,13,312,179,115,64,52.50889480519479,1.3601,48,12,293,177,119,58,17.456891,0,ok,logs/seed_473253.log
397414,e04z,4,z,baseline_plus_gheft,DHEFT/NHEFT/GHEFT,IRT-only,0.0,0,0,1,0.4648,0.3578,0.8226,64.25439999999999,1.8122,55,11,323,167,50,117,59.87808930481282,1.6888,61,11,355,183,118,65,52.38325633802817,1.4774,58,11,341,174,125,49,24.829668,0,ok,logs/seed_397414.log
237902,e04z,4,z,baseline_plus_gheft,DHEFT/NHEFT/GHEFT,IRT-only,0.0,0,0,1,0.4428,0.2506,0.6934,56.67629999999999,1.563,58,13,299,167,51,116,45.727303370100266,1.261,63,15,308,165,109,56,49.24465077484047,1.358,50,14,300,149,109,40,17.060356,0,ok,logs/seed_237902.log
57519,e04z,4,z,baseline_plus_gheft,DHEFT/NHEFT/GHEFT,IRT-only,0.0,0,0,1,0.404,0.2481,0.6521,52.63109999999999,1.6092,51,9,314,142,38,104,44.97073818592965,1.375,60,12,328,152,102,50,49.63583256814921,1.5176,52,10,308,153,108,45,20.486517,0,ok,logs/seed_57519.log
505780,e04z,4,z,baseline_plus_gheft,DHEFT/NHEFT/GHEFT,IRT-only,0.0,0,0,1,0.4879,0.2655,0.7534,55.115199999999994,1.3147,54,13,297,155,39,116,45.229736139760405,1.0789,54,14,303,161,107,54,53.058513927756664,1.2656,42,11,300,155,103,52,18.364924,0,ok,logs/seed_505780.log
353215,e04z,4,z,baseline_plus_gheft,DHEFT/NHEFT/GHEFT,IRT-only,0.0,0,0,1,0.3573,0.2323,0.5896,62.0603,1.5409,56,12,322,168,39,129,62.99086956756756,1.564,58,14,339,191,128,63,54.494973516758094,1.353,56,13,344,195,127,68,18.187171,0,ok,logs/seed_353215.log
60194,e04z,4,z,baseline_plus_gheft,DHEFT/NHEFT/GHEFT,IRT-only,0.0,0,0,1,0.4541,0.2802,0.7343,58.69449999999999,1.9247,59,13,333,150,44,106,45.193467595818824,1.482,71,16,354,182,130,52,48.45894552967694,1.5891,49,12,313,156,127,29,21.080531,0,ok,logs/seed_60194.log
21327,e04z,4,z,baseline_plus_gheft,DHEFT/NHEFT/GHEFT,IRT-only,0.0,0,0,1,0.4444,0.2478,0.6922,63.8919,1.3386,59,13,304,167,50,117,60.60456607177035,1.2697,64,14,331,187,129,58,84.1188215767635,1.7624,53,11,325,178,134,44,20.804373,0,ok,logs/seed_21327.log
551141,e04z,4,z,baseline_plus_gheft,DHEFT/NHEFT/GHEFT,IRT-only,0.0,0,0,1,0.4272,0.2202,0.6474,57.8264,1.6188,55,11,285,157,49,108,45.964967336633656,1.2868,59,13,307,177,125,52,47.46502979097387,1.3288,42,10,297,147,117,30,15.177305,0,ok,logs/seed_551141.log
504483,e04z,4,z,baseline_plus_gheft,DHEFT/NHEFT/GHEFT,IRT-only,0.0,0,0,1,0.4468,0.3103,0.7571,49.3143,1.6416,57,13,291,144,47,97,42.11540322956235,1.4019,59,13,325,165,119,46,48.56107136788733,1.6165,48,11,291,143,112,31,18.547487,0,ok,logs/seed_504483.log
50984,e04z,4,z,baseline_plus_gheft,DHEFT/NHEFT/GHEFT,IRT-only,0.0,0,0,1,0.417,0.2524,0.6694,57.364300000000014,1.1989,61,13,324,169,49,120,51.78490762942778,1.0823,58,15,329,179,143,36,55.21558068303096,1.154,50,12,312,158,132,26,17.600187,0,ok,logs/seed_50984.log
145299,e04z,4,z,baseline_plus_gheft,DHEFT/NHEFT/GHEFT,IRT-only,0.0,0,0,1,0.4619,0.2942,0.7561,60.633600000000015,1.5881,58,14,300,165,35,130,48.381243536475864,1.2672,58,15,312,162,107,55,49.67759366339067,1.3011,40,10,299,135,98,37,18.37462,0,ok,logs/seed_145299.log
933274,e04z,4,z,baseline_plus_gheft,DHEFT/NHEFT/GHEFT,IRT-only,0.0,0,0,1,0.4232,0.2352,0.6584,60.884699999999995,1.2676,62,15,326,190,45,145,53.32670526898144,1.1103,62,13,341,191,131,60,63.932648311827954,1.3311,62,14,341,215,157,58,23.384006,0,ok,logs/seed_933274.log
321337,e04z,4,z,baseline_plus_gheft,DHEFT/NHEFT/GHEFT,IRT-only,0.0,0,0,1,0.5046,0.3259,0.8305,58.85430000000001,2.1064,53,11,298,148,42,106,50.76891508450705,1.817,56,13,309,170,130,40,48.24609452736319,1.7267,50,11,310,174,122,52,18.421779,0,ok,logs/seed_321337.log
181404,e04z,4,z,baseline_plus_gheft,DHEFT/NHEFT/GHEFT,IRT-only,0.0,0,0,1,0.4584,0.3213,0.7797,62.83729999999999,1.7333,61,13,331,171,42,129,55.78721035058431,1.5388,65,14,346,197,126,71,52.36743839732888,1.4445,52,11,323,165,117,48,18.398902,0,ok,logs/seed_181404.log
3899,e04z,4,z,baseline_plus_gheft,DHEFT/NHEFT/GHEFT,IRT-only,0.0,0,0,1,0.4323,0.2922,0.7245,59.08690000000001,1.1804,63,14,323,175,48,127,55.19118409090909,1.1026,58,12,319,171,129,42,79.49480846968243,1.5881,49,12,312,184,138,46,16.878807,0,ok,logs/seed_3899.log
494958,e04z,4,z,baseline_plus_gheft,DHEFT/NHEFT/GHEFT,IRT-only,0.0,0,0,1,0.5031,0.3484,0.8515,60.3882,1.5224,59,13,293,161,47,114,45.35445197276265,1.1434,61,14,309,168,115,53,50.21537330350485,1.2659,60,13,298,171,105,66,14.232669,0,ok,logs/seed_494958.log
970507,e04z,4,z,baseline_plus_gheft,DHEFT/NHEFT/GHEFT,IRT-only,0.0,0,0,1,0.3877,0.2708,0.6585,61.358300000000014,1.6328,49,12,289,173,48,125,49.31572206182794,1.3123,58,16,315,196,131,65,45.875235901462176,1.2207,46,13,323,190,139,51,20.740816,0,ok,logs/seed_970507.log
705866,e04z,4,z,baseline_plus_gheft,DHEFT/NHEFT/GHEFT,IRT-only,0.0,0,0,1,0.4386,0.3032,0.7418,59.44200000000001,1.4058,52,12,313,150,42,108,54.034098829232995,1.2779,60,13,328,180,116,64,58.368050441247,1.3804,48,11,316,164,121,43,21.362386,0,ok,logs/seed_705866.log
296343,e04z,4,z,baseline_plus_gheft,DHEFT/NHEFT/GHEFT,IRT-only,0.0,0,0,1,0.4835,0.2715,0.755,60.591,1.8177,56,13,308,147,46,101,45.65638696597793,1.3697,58,12,326,184,120,64,50.065051,1.502,51,11,310,175,125,50,17.557788,0,ok,logs/seed_296343.log
586398,e04z,4,z,baseline_plus_gheft,DHEFT/NHEFT/GHEFT,IRT-only,0.0,0,0,1,0.4203,0.209,0.6293,62.045500000000004,1.5697,54,13,325,206,51,155,51.364329283489106,1.2994,58,13,349,205,141,64,50.07672928348908,1.2669,53,13,335,186,141,45,19.092311,0,ok,logs/seed_586398.log
378648,e04z,4,z,baseline_plus_gheft,DHEFT/NHEFT/GHEFT,IRT-only,0.0,0,0,1,0.4641,0.3189,0.783,52.709900000000005,1.6066,54,13,303,164,59,105,43.81513677218225,1.3355,49,11,302,163,134,29,44.30934676258992,1.3506,42,12,289,157,123,34,15.851724,0,ok,logs/seed_378648.log
531966,e04z,4,z,baseline_plus_gheft,DHEFT/NHEFT/GHEFT,IRT-only,0.0,0,0,1,0.4653,0.2699,0.7352,48.92170000000001,1.628,53,11,289,152,50,102,38.24431505016722,1.2727,55,12,313,166,121,45,39.30524429530201,1.308,47,12,300,150,112,38,16.663719,0,ok,logs/seed_531966.log
596361,e04z,4,z,baseline_plus_gheft,DHEFT/NHEFT/GHEFT,IRT-only,0.0,0,0,1,0.42,0.257,0.677,53.95759999999999,1.4583,54,13,319,164,44,120,43.795683950617295,1.1837,57,16,335,182,129,53,44.06894367816092,1.1911,47,12,321,157,110,47,18.928764,0,ok,logs/seed_596361.log
60220,e04z,4,z,baseline_plus_gheft,DHEFT/NHEFT/GHEFT,IRT-only,0.0,0,0,1,0.4549,0.2409,0.6958,56.203799999999994,1.5702,55,13,304,144,42,102,45.41514177804695,1.2688,58,13,320,159,104,55,46.53096206896553,1.2999,46,12,305,154,107,47,19.515345,0,ok,logs/seed_60220.log
189568,e04z,4,z,baseline_plus_gheft,DHEFT/NHEFT/GHEFT,IRT-only,0.0,0,0,1,0.4344,0.3374,0.7718,61.5456,1.4541,61,13,316,145,47,98,50.69494097363083,1.1977,52,10,329,170,131,39,58.3512304117647,1.3786,44,10,296,160,133,27,24.242121,0,ok,logs/seed_189568.log
151000,e04z,4,z,baseline_plus_gheft,DHEFT/NHEFT/GHEFT,IRT-only,0.0,0,0,1,0.4148,0.2476,0.6624,61.0115,1.2871,56,13,310,167,47,120,59.34901793960923,1.252,56,13,326,184,135,49,72.05731083627795,1.5201,52,12,320,186,138,48,13.310801,0,ok,logs/seed_151000.log
72402,e04z,4,z,baseline_plus_gheft,DHEFT/NHEFT/GHEFT,IRT-only,0.0,0,0,1,0.4228,0.3147,0.7375,52.8257,1.2643,67,11,318,173,54,119,51.3699898923767,1.2295,58,12,322,171,130,41,46.3843630738523,1.1102,50,11,326,159,127,32,15.807596,0,ok,logs/seed_72402.log
983055,e04z,4,z,baseline_plus_gheft,DHEFT/NHEFT/GHEFT,IRT-only,0.0,0,0,1,0.4575,0.2881,0.7456,51.99530000000001,1.4156,48,10,308,130,36,94,45.685952343129465,1.2438,50,11,324,164,119,45,45.94183433333333,1.2508,46,10,311,128,92,36,17.364093,0,ok,logs/seed_983055.log
538582,e04z,4,z,baseline_plus_gheft,DHEFT/NHEFT/GHEFT,IRT-only,0.0,0,0,1,0.4524,0.2686,0.721,50.99949999999999,1.3582,48,10,294,136,38,98,48.95309737876802,1.3037,54,11,319,158,118,40,51.87877957790192,1.3816,48,10,294,141,115,26,16.591272,0,ok,logs/seed_538582.log
934509,e04z,4,z,baseline_plus_gheft,DHEFT/NHEFT/GHEFT,IRT-only,0.0,0,0,1,0.4576,0.3025,0.7601,52.7456,1.3064,69,14,340,182,43,139,50.96788699186992,1.2624,60,13,323,154,106,48,52.88937039711191,1.31,48,13,318,146,118,28,22.70034,0,ok,logs/seed_934509.log
220410,e04z,4,z,baseline_plus_gheft,DHEFT/NHEFT/GHEFT,IRT-only,0.0,0,0,1,0.4659,0.2306,0.6965,52.67189999999999,1.6179,52,10,296,146,57,89,46.01559668737061,1.4134,50,11,316,167,134,33,43.81845979899498,1.3459,50,12,314,163,116,47,17.905567,0,ok,logs/seed_220410.log
755547,e04z,4,z,baseline_plus_gheft,DHEFT/NHEFT/GHEFT,IRT-only,0.0,0,0,1,0.5246,0.3258,0.8504,60.53410000000001,1.4509,52,12,303,145,40,105,48.01401541914879,1.1508,62,13,333,175,127,48,51.72457590361446,1.2397,55,13,315,174,131,43,20.132575,0,ok,logs/seed_755547.log
682666,e04z,4,z,baseline_plus_gheft,DHEFT/NHEFT/GHEFT,IRT-only,0.0,0,0,1,0.371,0.224,0.595,58.1027,1.6177,57,13,303,176,41,135,52.868983118310524,1.472,58,14,333,191,117,74,52.03902964824122,1.4489,45,14,300,163,107,56,18.371111,0,ok,logs/seed_682666.log
707759,e04z,4,z,baseline_plus_gheft,DHEFT/NHEFT/GHEFT,IRT-only,0.0,0,0,1,0.4188,0.2756,0.6944,58.51899999999999,1.3979,59,13,326,173,57,116,54.63000077220079,1.305,56,12,314,159,122,37,51.50453696682465,1.2304,43,10,317,167,145,22,20.782023,0,ok,logs/seed_707759.log
472298,e04z,4,z,baseline_plus_gheft,DHEFT/NHEFT/GHEFT,IRT-only,0.0,0,0,1,0.4018,0.2493,0.6511,52.47469999999999,1.4728,50,11,306,158,47,111,50.4113939866444,1.4148,54,12,341,180,142,38,60.11524183006536,1.6872,48,13,317,167,132,35,18.431461,0,ok,logs/seed_472298.log
842827,e04z,4,z,baseline_plus_gheft,DHEFT/NHEFT/GHEFT,IRT-only,0.0,0,0,1,0.4758,0.2802,0.756,53.80499999999999,1.4236,59,13,327,175,47,128,44.4418374297694,1.1759,60,13,328,166,114,52,52.7394378491048,1.3954,52,11,305,161,123,38,23.08932,0,ok,logs/seed_842827.log
598514,e04z,4,z,baseline_plus_gheft,DHEFT/NHEFT/GHEFT,IRT-only,0.0,0,0,1,0.5173,0.2998,0.8171,51.9156,1.2738,51,11,298,157,49,108,48.393595979899494,1.1874,58,15,324,196,132,64,48.393595979899494,1.1874,47,14,310,157,120,37,19.592276,0,ok,logs/seed_598514.log
985883,e04z,4,z,baseline_plus_gheft,DHEFT/NHEFT/GHEFT,IRT-only,0.0,0,0,1,0.4097,0.2338,0.6435,50.421700000000016,1.2617,57,11,295,134,42,92,46.34482258916776,1.1597,65,14,323,155,97,58,46.55382258916777,1.1649,53,12,298,132,97,35,20.127596,0,ok,logs/seed_985883.log
595328,e04z,4,z,baseline_plus_gheft,DHEFT/NHEFT/GHEFT,IRT-only,0.0,0,0,1,0.4237,0.2803,0.704,60.032900000000005,1.3591,56,10,320,148,44,104,51.02354201461738,1.1551,65,12,358,158,114,44,58.83616843122479,1.332,56,11,347,148,110,38,21.739654,0,ok,logs/seed_595328.log
238922,e04z,4,z,baseline_plus_gheft,DHEFT/NHEFT/GHEFT,IRT-only,0.0,0,0,1,0.4463,0.2623,0.7086,60.5967,1.6593,56,11,305,152,46,106,47.1471788331072,1.291,51,12,315,140,104,36,52.934619634703196,1.4495,48,12,306,148,121,27,18.033482,0,ok,logs/seed_238922.log
469556,e04z,4,z,baseline_plus_gheft,DHEFT/NHEFT/GHEFT,IRT-only,0.0,0,0,1,0.4207,0.2654,0.6861,57.740599999999986,1.3874,61,11,320,167,54,113,53.4982757801148,1.2855,61,11,315,168,121,47,57.09795183818771,1.372,47,11,292,165,124,41,18.598933,0,ok,logs/seed_469556.log
108225,e04z,4,z,baseline_plus_gheft,DHEFT/NHEFT/GHEFT,IRT-only,0.0,0,0,1,0.4326,0.2775,0.7101,53.854600000000005,1.1726,54,12,308,153,56,97,52.19535739827398,1.1365,60,13,321,170,129,41,50.34815202652912,1.0963,48,11,297,137,110,27,15.059013,0,ok,logs/seed_108225.log
899644,e04z,4,z,baseline_plus_gheft,DHEFT/NHEFT/GHEFT,IRT-only,0.0,0,0,1,0.4266,0.3003,0.7269,57.4504,1.3546,59,13,324,177,34,143,49.60512101194659,1.1697,62,14,343,207,114,93,59.41767091454274,1.401,50,12,309,184,115,69,18.109447,0,ok,logs/seed_899644.log
885107,e04z,4,z,baseline_plus_gheft,DHEFT/NHEFT/GHEFT,IRT-only,0.0,0,0,1,0.4819,0.3501,0.832,67.45490000000001,1.4896,63,11,318,154,45,109,54.78290009780646,1.2098,66,14,348,178,118,60,51.07666232741537,1.1279,51,11,311,158,125,33,27.401281,0,ok,logs/seed_885107.log
624803,e04z,4,z,baseline_plus_gheft,DHEFT/NHEFT/GHEFT,IRT-only,0.0,0,0,1,0.4334,0.242,0.6754,63.30130000000001,1.4228,50,12,320,157,46,111,55.735179497989044,1.2527,60,13,321,188,134,54,58.46790178837556,1.3142,51,12,318,162,114,48,20.380876,0,ok,logs/seed_624803.log
412384,e04z,4,z,baseline_plus_gheft,DHEFT/NHEFT/GHEFT,IRT-only,0.0,0,0,1,0.4185,0.2834,0.7019,52.36800000000001,1.5091,56,13,304,150,35,115,43.1142590909091,1.2424,73,15,341,178,105,73,47.11739398245613,1.3578,47,12,303,164,121,43,21.246707,0,ok,logs/seed_412384.log
534437,e04z,4,z,baseline_plus_gheft,DHEFT/NHEFT/GHEFT,IRT-only,0.0,0,0,1,0.4561,0.3333,0.7894,59.6115,1.4266,64,13,310,163,47,116,59.76983191311613,1.4304,55,10,317,162,118,44,60.20910344336524,1.4409,45,9,318,170,129,41,22.838009,0,ok,logs/seed_534437.log
28388,e04z,4,z,baseline_plus_gheft,DHEFT/NHEFT/GHEFT,IRT-only,0.0,0,0,1,0.4522,0.2976,0.7498,53.709199999999996,1.5082,57,12,316,155,43,112,48.079557971014495,1.3501,54,10,312,173,133,40,48.079557971014495,1.3501,45,11,310,161,124,37,19.844915,0,ok,logs/seed_28388.log
480416,e04z,4,z,baseline_plus_gheft,DHEFT/NHEFT/GHEFT,IRT-only,0.0,0,0,1,0.4405,0.2859,0.7264,53.778199999999984,1.2583,55,13,322,173,43,130,55.377917647058815,1.2957,53,11,322,176,122,54,58.16955289957566,1.361,42,10,299,162,114,48,17.175267,0,ok,logs/seed_480416.log
6523,e04z,4,z,baseline_plus_gheft,DHEFT/NHEFT/GHEFT,IRT-only,0.0,0,0,1,0.4366,0.3407,0.7773,64.61330000000001,1.4266,59,14,296,172,35,137,50.418164353479455,1.1131,59,14,322,178,119,59,55.49416692913385,1.2252,50,12,305,181,127,54,18.744001,0,ok,logs/seed_6523.log
875492,e04z,4,z,baseline_plus_gheft,DHEFT/NHEFT/GHEFT,IRT-only,0.0,0,0,1,0.4303,0.2714,0.7017,61.938200000000016,1.7153,48,10,292,137,40,97,56.400912749003986,1.5619,61,10,323,156,107,49,56.55597815803453,1.5662,48,11,315,173,134,39,19.24273,0,ok,logs/seed_875492.log
445144,e04z,4,z,baseline_plus_gheft,DHEFT/NHEFT/GHEFT,IRT-only,0.0,0,0,1,0.4726,0.2751,0.7477,50.093999999999994,1.3328,57,11,322,153,40,113,53.12907396593673,1.4135,59,12,333,181,118,63,45.80599606358382,1.2187,44,9,322,152,101,51,22.3471,0,ok,logs/seed_445144.log
178145,e04z,4,z,baseline_plus_gheft,DHEFT/NHEFT/GHEFT,IRT-only,0.0,0,0,1,0.4038,0.3353,0.7391,62.99439999999999,1.5052,65,15,336,183,39,144,59.078365331227104,1.4116,60,12,341,187,132,55,54.82240717131474,1.3099,53,13,330,195,148,47,21.369796,0,ok,logs/seed_178145.log
496478,e04z,4,z,baseline_plus_gheft,DHEFT/NHEFT/GHEFT,IRT-only,0.0,0,0,1,0.4329,0.275,0.7079,52.9361,1.2092,48,11,299,157,39,118,49.90533638401427,1.14,62,12,326,195,133,62,50.29980534782609,1.149,55,11,320,170,132,38,18.133368,0,ok,logs/seed_496478.log
239617,e04z,4,z,baseline_plus_gheft,DHEFT/NHEFT/GHEFT,IRT-only,0.0,0,0,1,0.4349,0.2632,0.6981,53.6286,1.5466,59,13,326,158,47,111,49.68307272727273,1.4329,55,11,325,183,134,49,57.157459232613924,1.6484,43,10,313,160,123,37,16.629844,0,ok,logs/seed_239617.log
473997,e04z,4,z,baseline_plus_gheft,DHEFT/NHEFT/GHEFT,IRT-only,0.0,0,0,1,0.4154,0.2624,0.6778,53.25920000000001,1.3438,56,13,318,170,46,124,45.14067960167131,1.139,63,13,342,194,124,70,48.1793762413337,1.2156,54,11,319,183,140,43,20.880685,0,ok,logs/seed_473997.log
229225,e04z,4,z,baseline_plus_gheft,DHEFT/NHEFT/GHEFT,IRT-only,0.0,0,0,1,0.4877,0.3624,0.8501,56.297000000000004,1.1971,52,12,310,154,42,112,52.511672684085504,1.1166,57,12,318,175,124,51,57.64267268408552,1.2257,46,11,303,161,123,38,16.305986,0,ok,logs/seed_229225.log
254791,e04z,4,z,baseline_plus_gheft,DHEFT/NHEFT/GHEFT,IRT-only,0.0,0,0,1,0.4275,0.3087,0.7362,64.9841,1.8459,52,12,311,144,49,95,50.88071560718515,1.4453,71,15,341,194,124,70,47.736628681660896,1.356,47,11,334,159,117,42,18.761893,0,ok,logs/seed_254791.log
966201,e04z,4,z,baseline_plus_gheft,DHEFT/NHEFT/GHEFT,IRT-only,0.0,0,0,1,0.5083,0.3962,0.9045,53.228500000000004,1.6427,56,12,298,148,40,108,43.1086605898673,1.3304,54,12,314,167,112,55,43.14319311021411,1.3314,41,10,298,151,114,37,16.772262,0,ok,logs/seed_966201.log
533361,e04z,4,z,baseline_plus_gheft,DHEFT/NHEFT/GHEFT,IRT-only,0.0,0,0,1,0.4128,0.2742,0.687,59.1284,1.4421,53,12,327,164,48,116,49.52026531275386,1.2077,68,15,342,192,129,63,49.52026531275386,1.2077,53,13,321,170,121,49,18.529298,0,ok,logs/seed_533361.log
872306,e04z,4,z,baseline_plus_gheft,DHEFT/NHEFT/GHEFT,IRT-only,0.0,0,0,1,0.438,0.2235,0.6615,63.56520000000001,2.1407,51,11,305,164,45,119,50.75949892476489,1.7094,61,13,331,189,142,47,50.295527949599084,1.6938,48,12,323,166,123,43,15.743376,0,ok,logs/seed_872306.log
444933,e04z,4,z,baseline_plus_gheft,DHEFT/NHEFT/GHEFT,IRT-only,0.0,0,0,1,0.4611,0.352,0.8131,59.05720000000001,1.2166,58,14,325,175,53,122,50.185287046632126,1.0338,48,11,322,175,117,58,52.576675261205565,1.0831,44,10,301,172,129,43,18.349824,0,ok,logs/seed_444933.log
456356,e04z,4,z,baseline_plus_gheft,DHEFT/NHEFT/GHEFT,IRT-only,0.0,0,0,1,0.4168,0.3062,0.723,56.66040000000001,1.3625,62,14,305,152,37,115,49.12330261030597,1.1813,63,13,347,178,127,51,53.689980676328496,1.2911,50,11,311,180,147,33,19.597336,0,ok,logs/seed_456356.log
853702,e04z,4,z,baseline_plus_gheft,DHEFT/NHEFT/GHEFT,IRT-only,0.0,0,0,1,0.4652,0.2989,0.7641,61.13440000000001,1.6844,58,13,336,182,53,129,56.998041421736154,1.5704,67,15,331,185,131,54,48.565267096169514,1.3381,46,11,339,165,119,46,21.160491,0,ok,logs/seed_853702.log
176967,e04z,4,z,baseline_plus_gheft,DHEFT/NHEFT/GHEFT,IRT-only,0.0,0,0,1,0.3937,0.2653,0.659,61.23,1.6221,55,12,330,167,50,117,49.965405405405406,1.3237,62,14,331,187,138,49,49.933284031983035,1.3229,52,12,336,163,130,33,19.03698,0,ok,logs/seed_176967.log
33347,e04z,4,z,baseline_plus_gheft,DHEFT/NHEFT/GHEFT,IRT-only,0.0,0,0,1,0.4125,0.2628,0.6753,64.25740000000002,1.7657,49,11,285,154,47,107,54.43323280168776,1.4957,56,12,304,178,125,53,53.68909229535864,1.4753,46,11,296,157,126,31,18.470045,0,ok,logs/seed_33347.log
411283,e04z,4,z,baseline_plus_gheft,DHEFT/NHEFT/GHEFT,IRT-only,0.0,0,0,1,0.4656,0.3236,0.7892,49.888999999999996,1.6318,50,12,306,136,40,96,44.60522362773723,1.4589,62,13,329,172,123,49,51.37975620437955,1.6805,50,11,315,157,127,30,20.255939,0,ok,logs/seed_411283.log
81911,e04z,4,z,baseline_plus_gheft,DHEFT/NHEFT/GHEFT,IRT-only,0.0,0,0,1,0.4798,0.3027,0.7825,58.0454,1.5923,56,12,314,164,44,120,57.2295447761194,1.5699,68,13,358,192,123,69,48.47918182191781,1.3299,49,12,327,184,130,54,19.459256,0,ok,logs/seed_81911.log
956925,e04z,4,z,baseline_plus_gheft,DHEFT/NHEFT/GHEFT,IRT-only,0.0,0,0,1,0.4068,0.2173,0.6241,58.6767,1.3235,51,11,307,150,50,100,49.81200574308299,1.1236,61,13,318,168,123,45,74.40681505507956,1.6783,56,11,327,175,134,41,23.309265,0,ok,logs/seed_956925.log
362804,e04z,4,z,baseline_plus_gheft,DHEFT/NHEFT/GHEFT,IRT-only,0.0,0,0,1,0.4081,0.2861,0.6942,57.834900000000005,1.849,54,13,308,163,40,123,47.931146560265624,1.5324,58,14,312,195,115,80,53.208075939849614,1.7011,41,12,290,159,121,38,17.699434,0,ok,logs/seed_362804.log
728140,e04z,4,z,baseline_plus_gheft,DHEFT/NHEFT/GHEFT,IRT-only,0.0,0,0,1,0.454,0.3369,0.7909,50.3936,1.3421,54,13,321,158,47,111,44.17026568047336,1.1764,57,14,344,190,123,67,45.18249468690702,1.2033,47,11,323,178,130,48,19.507182,0,ok,logs/seed_728140.log
554565,e04z,4,z,baseline_plus_gheft,DHEFT/NHEFT/GHEFT,IRT-only,0.0,0,0,1,0.4923,0.2942,0.7865,55.7386,1.3686,56,11,311,152,48,104,47.74580046524064,1.1723,67,14,350,190,144,46,47.91464074074074,1.1765,48,10,315,165,136,29,23.139263,0,ok,logs/seed_554565.log
392733,e04z,4,z,baseline_plus_gheft,DHEFT/NHEFT/GHEFT,IRT-only,0.0,0,0,1,0.4499,0.2992,0.7491,55.256299999999996,1.5408,55,12,313,145,44,101,40.6339374501992,1.133,57,10,337,151,101,50,42.01128005865102,1.1715,54,10,331,154,101,53,21.717299,0,ok,logs/seed_392733.log
769066,e04z,4,z,baseline_plus_gheft,DHEFT/NHEFT/GHEFT,IRT-only,0.0,0,0,1,0.4581,0.2867,0.7448,54.874600000000015,1.4471,56,13,320,169,55,114,44.87166583072101,1.1833,60,14,328,190,146,44,48.5283430761588,1.2797,51,12,326,150,120,30,20.132965,0,ok,logs/seed_769066.log
925520,e04z,4,z,baseline_plus_gheft,DHEFT/NHEFT/GHEFT,IRT-only,0.0,0,0,1,0.4003,0.2871,0.6874,60.780100000000004,1.5059,53,12,310,165,59,106,53.2366284768212,1.319,56,13,323,188,144,44,60.90547369808258,1.509,43,10,319,170,130,40,20.50062,0,ok,logs/seed_925520.log
4410,e04z,4,z,baseline_plus_gheft,DHEFT/NHEFT/GHEFT,IRT-only,0.0,0,0,1,0.453,0.2976,0.7506,53.0214,1.4555,52,10,308,137,35,102,54.788880710171725,1.504,60,12,324,172,115,57,51.39141213979155,1.4107,49,11,301,156,113,43,18.266391,0,ok,logs/seed_4410.log
729459,e04z,4,z,baseline_plus_gheft,DHEFT/NHEFT/GHEFT,IRT-only,0.0,0,0,1,0.4341,0.2222,0.6563,51.56479999999998,1.2443,50,12,309,156,48,108,48.5081058309038,1.1705,68,15,338,198,137,61,55.97368295254834,1.3507,51,12,322,162,126,36,19.636269,0,ok,logs/seed_729459.log
179329,e04z,4,z,baseline_plus_gheft,DHEFT/NHEFT/GHEFT,IRT-only,0.0,0,0,1,0.4429,0.2307,0.6736,56.605199999999996,1.8064,52,12,285,151,50,101,45.11630917610061,1.4398,64,13,325,179,131,48,59.88529699570815,1.9111,45,11,298,156,130,26,20.800488,0,ok,logs/seed_179329.log
282114,e04z,4,z,baseline_plus_gheft,DHEFT/NHEFT/GHEFT,IRT-only,0.0,0,0,1,0.4502,0.225,0.6752,52.83700000000001,1.4689,54,12,301,152,48,104,42.9464997012987,1.1939,55,13,319,170,123,47,48.11189104477614,1.3375,48,13,310,162,124,38,17.120283,0,ok,logs/seed_282114.log
583172,e04z,4,z,baseline_plus_gheft,DHEFT/NHEFT/GHEFT,IRT-only,0.0,0,0,1,0.4628,0.2626,0.7254,54.81150000000001,1.4376,58,12,322,170,45,125,47.189415243101195,1.2377,54,12,331,162,129,33,47.189415243101195,1.2377,46,10,315,158,135,23,20.159573,0,ok,logs/seed_583172.log
534010,e04z,4,z,baseline_plus_gheft,DHEFT/NHEFT/GHEFT,IRT-only,0.0,0,0,1,0.4196,0.3048,0.7244,57.42319999999999,1.5312,63,13,347,195,50,145,48.75324114737884,1.3,65,14,356,205,139,66,50.910349146110065,1.3575,48,11,329,173,129,44,20.397507,0,ok,logs/seed_534010.log
824110,e04z,4,z,baseline_plus_gheft,DHEFT/NHEFT/GHEFT,IRT-only,0.0,0,0,1,0.367,0.2279,0.5949,58.5102,1.5174,55,11,312,167,47,120,53.355953658536585,1.3837,62,13,317,178,115,63,51.50894316392269,1.3358,46,11,313,161,117,44,16.95951,0,ok,logs/seed_824110.log
897704,e04z,4,z,baseline_plus_gheft,DHEFT/NHEFT/GHEFT,IRT-only,0.0,0,0,1,0.4124,0.2842,0.6966,69.6256,1.6197,57,12,304,157,44,113,57.56551332075472,1.3392,60,12,322,185,125,60,55.77307244025157,1.2975,46,11,296,162,127,35,18.673895,0,ok,logs/seed_897704.log
226589,e04z,4,z,baseline_plus_gheft,DHEFT/NHEFT/GHEFT,IRT-only,0.0,0,0,1,0.4383,0.2759,0.7142,54.7251,1.367,53,12,304,158,54,104,50.35632972582974,1.2579,53,13,297,160,128,32,50.35632972582974,1.2579,45,12,304,154,127,27,19.393552,0,ok,logs/seed_226589.log
481886,e04z,4,z,baseline_plus_gheft,DHEFT/NHEFT/GHEFT,IRT-only,0.0,0,0,1,0.419,0.281,0.7,57.7772,1.7939,53,11,298,134,46,88,58.973390476190474,1.831,57,12,290,144,106,38,71.43710482374769,2.218,52,11,300,156,112,44,15.742071,0,ok,logs/seed_481886.log
982251,e04z,4,z,baseline_plus_gheft,DHEFT/NHEFT/GHEFT,IRT-only,0.0,0,0,1,0.3784,0.2664,0.6448,54.05129999999999,1.3194,53,10,292,132,47,85,50.47080610328067,1.232,54,12,306,149,108,41,46.91282771207686,1.1452,46,10,301,137,100,37,17.123142,0,ok,logs/seed_982251.log
543181,e04z,4,z,baseline_plus_gheft,DHEFT/NHEFT/GHEFT,IRT-only,0.0,0,0,1,0.4081,0.2516,0.6597,61.5515,1.8126,58,13,312,151,47,104,52.3122470030656,1.5405,62,12,333,177,133,44,52.63495155807366,1.55,48,11,308,156,120,36,22.574203,0,ok,logs/seed_543181.log
397234,e04z,4,z,baseline_plus_gheft,DHEFT/NHEFT/GHEFT,IRT-only,0.0,0,0,1,0.4227,0.2599,0.6826,62.10520000000001,1.6402,60,14,327,175,41,134,51.68017121771217,1.3649,67,14,345,178,118,60,59.202796853292654,1.5636,51,12,317,165,120,45,23.413934,0,ok,logs/seed_397234.log
973889,e04z,4,z,baseline_plus_gheft,DHEFT/NHEFT/GHEFT,IRT-only,0.0,0,0,1,0.3931,0.2357,0.6288,60.145900000000005,1.3005,66,15,330,183,43,140,53.75049999999999,1.1622,65,15,345,175,106,69,66.424345844504,1.4362,55,11,344,168,117,51,21.338106,0,ok,logs/seed_973889.log
110682,e04z,4,z,baseline_plus_gheft,DHEFT/NHEFT/GHEFT,IRT-only,0.0,0,0,1,0.4113,0.2674,0.6787,72.39799999999998,1.1972,50,11,298,149,48,101,73.09331102638522,1.2087,62,14,314,180,134,46,70.98564515357766,1.1738,47,9,290,154,122,32,13.085958,0,ok,logs/seed_110682.log
663813,e04z,4,z,baseline_plus_gheft,DHEFT/NHEFT/GHEFT,IRT-only,0.0,0,0,1,0.3929,0.254,0.6469,63.644400000000005,1.6464,55,11,298,145,53,92,62.385318181818185,1.6138,63,12,311,168,130,38,65.5524454932136,1.6957,47,9,310,158,126,32,17.730924,0,ok,logs/seed_663813.log
895348,e04z,4,z,baseline_plus_gheft,DHEFT/NHEFT/GHEFT,IRT-only,0.0,0,0,1,0.3994,0.2595,0.6589,60.303200000000004,1.7135,53,12,303,154,47,107,54.948669934640535,1.5613,64,13,318,174,108,66,58.79347843137255,1.6706,52,13,308,152,103,49,18.278472,0,ok,logs/seed_895348.log
840905,e04z,4,z,baseline_plus_gheft,DHEFT/NHEFT/GHEFT,IRT-only,0.0,0,0,1,0.4792,0.3009,0.7801,50.7912,1.2007,58,11,317,175,56,119,48.66254800029686,1.1504,59,12,320,176,133,43,50.00042446935498,1.182,47,11,320,162,127,35,18.613698,0,ok,logs/seed_840905.log
366120,e04z,4,z,baseline_plus_gheft,DHEFT/NHEFT/GHEFT,IRT-only,0.0,0,0,1,0.45,0.298,0.748,58.4638,1.3382,59,13,317,176,39,137,56.27337963726298,1.2881,67,17,333,193,130,63,67.20282857142857,1.5383,50,13,310,196,135,61,17.134648,0,ok,logs/seed_366120.log
873087,e04z,4,z,baseline_plus_gheft,DHEFT/NHEFT/GHEFT,IRT-only,0.0,0,0,1,0.4355,0.2131,0.6486,46.00060000000001,1.1681,55,13,306,171,53,118,44.282118955957095,1.1245,55,13,316,171,125,46,43.378890010626996,1.1015,45,11,302,157,137,20,17.519759,0,ok,logs/seed_873087.log
333017,e04z,4,z,baseline_plus_gheft,DHEFT/NHEFT/GHEFT,IRT-only,0.0,0,0,1,0.4332,0.287,0.7202,55.903500000000015,1.4651,49,10,278,122,34,88,45.20652026863573,1.1848,55,11,301,144,102,42,45.194293907875185,1.1844,47,11,282,141,102,39,15.941773,0,ok,logs/seed_333017.log
479679,e04z,4,z,baseline_plus_gheft,DHEFT/NHEFT/GHEFT,IRT-only,0.0,0,0,1,0.4642,0.2488,0.713,55.97039999999999,1.7636,51,13,286,154,41,113,46.44203408823531,1.4634,60,13,313,178,108,70,61.57292242857143,1.9401,49,12,321,180,130,50,17.286755,0,ok,logs/seed_479679.log
547920,e04z,4,z,baseline_plus_gheft,DHEFT/NHEFT/GHEFT,IRT-only,0.0,0,0,1,0.4492,0.2519,0.7011,55.512800000000006,1.4617,54,11,300,132,42,90,50.794313432835814,1.3374,53,13,321,157,103,54,58.203043243243236,1.5325,50,9,314,137,103,34,16.088955,0,ok,logs/seed_547920.log
397055,e04z,4,z,baseline_plus_gheft,DHEFT/NHEFT/GHEFT,IRT-only,0.0,0,0,1,0.4851,0.3298,0.8149,62.61739999999999,1.6669,57,14,327,184,33,151,56.22179873417722,1.4967,62,14,330,177,119,58,65.77890550774528,1.7511,54,11,335,181,111,70,18.44051,0,ok,logs/seed_397055.log
255407,e04z,4,z,baseline_plus_gheft,DHEFT/NHEFT/GHEFT,IRT-only,0.0,0,0,1,0.4524,0.2816,0.734,56.2276,1.3888,60,13,315,174,48,126,51.60369729878988,1.2746,56,14,323,182,130,52,52.101755522924414,1.2869,49,14,314,178,132,46,17.06631,0,ok,logs/seed_255407.log
529276,e04z,4,z,baseline_plus_gheft,DHEFT/NHEFT/GHEFT,IRT-only,0.0,0,0,1,0.4361,0.3109,0.747,64.28649999999999,1.8108,54,12,305,153,46,107,50.469981818181815,1.4217,66,14,340,175,111,64,50.46972200121802,1.4217,50,10,325,153,109,44,18.112638,0,ok,logs/seed_529276.log
772641,e04z,4,z,baseline_plus_gheft,DHEFT/NHEFT/GHEFT,IRT-only,0.0,0,0,1,0.4461,0.2631,0.7092,51.899100000000004,1.3596,65,13,325,175,44,131,47.351052196713134,1.2405,65,13,341,187,128,59,50.76372505689549,1.3299,54,12,321,186,133,53,20.206115,0,ok,logs/seed_772641.log
452290,e04z,4,z,baseline_plus_gheft,DHEFT/NHEFT/GHEFT,IRT-only,0.0,0,0,1,0.4146,0.2233,0.6379,55.192699999999995,1.5504,51,11,306,145,53,92,48.74775190839694,1.3693,54,12,308,166,115,51,49.13639601328904,1.3803,41,9,299,145,111,34,17.633955,0,ok,logs/seed_452290.log
70730,e04z,4,z,baseline_plus_gheft,DHEFT/NHEFT/GHEFT,IRT-only,0.0,0,0,1,0.4603,0.306,0.7663,52.759699999999995,1.5945,54,12,308,154,41,113,48.24500263157894,1.458,57,12,333,172,116,56,46.27189461358313,1.3984,45,10,317,154,113,41,20.091203,0,ok,logs/seed_70730.log
29523,e04z,4,z,baseline_plus_gheft,DHEFT/NHEFT/GHEFT,IRT-only,0.0,0,0,1,0.458,0.3027,0.7607,55.04319999999999,1.6809,46,12,306,169,46,123,46.52111192601665,1.4206,63,15,328,197,141,56,55.913630769230764,1.7075,49,13,297,179,135,44,16.019951,0,ok,logs/seed_29523.log
580005,e04z,4,z,baseline_plus_gheft,DHEFT/NHEFT/GHEFT,IRT-only,0.0,0,0,1,0.4416,0.2206,0.6622,56.309599999999996,1.3703,55,12,322,143,41,102,54.90501856392294,1.3361,70,14,343,170,125,45,50.064406889352824,1.2183,55,13,330,172,135,37,23.147077,0,ok,logs/seed_580005.log
273040,e04z,4,z,baseline_plus_gheft,DHEFT/NHEFT/GHEFT,IRT-only,0.0,0,0,1,0.4659,0.2542,0.7201,51.604600000000005,1.2112,56,13,325,167,50,117,47.34332407862408,1.1112,56,13,320,156,115,41,47.60211283124129,1.1173,48,11,309,165,129,36,18.261132,0,ok,logs/seed_273040.log
333143,e04z,4,z,baseline_plus_gheft,DHEFT/NHEFT/GHEFT,IRT-only,0.0,0,0,1,0.4438,0.3022,0.746,59.6577,1.1726,49,10,304,146,54,92,64.50911985216179,1.268,49,12,316,170,129,41,64.50911985216179,1.268,38,8,283,145,123,22,16.887125,0,ok,logs/seed_333143.log
6027,e04z,4,z,baseline_plus_gheft,DHEFT/NHEFT/GHEFT,IRT-only,0.0,0,0,1,0.3857,0.2054,0.5911,55.1481,1.2573,62,13,344,187,48,139,52.72125588865096,1.202,59,13,362,198,139,59,53.04132212329539,1.2093,56,12,358,206,152,54,17.69017,0,ok,logs/seed_6027.log
802904,e04z,4,z,baseline_plus_gheft,DHEFT/NHEFT/GHEFT,IRT-only,0.0,0,0,1,0.4218,0.2334,0.6552,52.84190000000001,1.2746,63,14,341,178,52,126,50.46059999999999,1.2172,61,12,348,180,134,46,51.4449,1.2409,51,12,320,185,150,35,23.088899,0,ok,logs/seed_802904.log
495402,e04z,4,z,baseline_plus_gheft,DHEFT/NHEFT/GHEFT,IRT-only,0.0,0,0,1,0.4178,0.2735,0.6913,61.43009999999998,1.3725,59,13,334,185,43,142,55.83452815829526,1.2475,58,14,321,185,129,56,54.90072815829527,1.2267,47,12,331,175,131,44,18.511365,0,ok,logs/seed_495402.log
385502,e04z,4,z,baseline_plus_gheft,DHEFT/NHEFT/GHEFT,IRT-only,0.0,0,0,1,0.5403,0.3431,0.8834,50.522099999999995,1.3328,66,14,352,174,46,128,47.845568225165565,1.2622,68,11,356,174,103,71,46.75664285714286,1.2335,53,12,343,162,126,36,20.184008,0,ok,logs/seed_385502.log
847050,e04z,4,z,baseline_plus_gheft,DHEFT/NHEFT/GHEFT,IRT-only,0.0,0,0,1,0.4063,0.2832,0.6895,56.84430000000002,1.4711,55,12,302,147,43,104,48.315103180212,1.2504,51,12,315,143,106,37,54.07883273076923,1.3995,46,11,303,151,119,32,13.845326,0,ok,logs/seed_847050.log
386832,e04z,4,z,baseline_plus_gheft,DHEFT/NHEFT/GHEFT,IRT-only,0.0,0,0,1,0.4209,0.3304,0.7513,59.07570000000002,1.6655,57,12,307,162,54,108,46.33194316592499,1.3062,61,13,330,165,113,52,50.07842887700536,1.4118,57,14,306,179,138,41,17.227182,0,ok,logs/seed_386832.log
325099,e04z,4,z,baseline_plus_gheft,DHEFT/NHEFT/GHEFT,IRT-only,0.0,0,0,1,0.4681,0.2869,0.755,53.68959999999999,1.157,58,10,324,166,54,112,60.29366125925927,1.2993,54,11,332,169,136,33,60.29366125925927,1.2993,45,9,301,160,125,35,15.239504,0,ok,logs/seed_325099.log
23707,e04z,4,z,baseline_plus_gheft,DHEFT/NHEFT/GHEFT,IRT-only,0.0,0,0,1,0.3952,0.3253,0.7205,65.43639999999999,1.7522,52,13,314,150,34,116,64.90283976739563,1.7379,68,15,345,190,112,78,63.13487222032693,1.6906,58,13,338,180,125,55,16.272928,0,ok,logs/seed_23707.log
