seed,variant,variant_display_label,is_baseline_nheft,configured_tolerance,configured_comp_advantage,configured_drt_advantage,configured_irt_advantage,ccr_data,idr_image,nccr_total,heft_makespan,heft_slr,heft_vcpus,heft_hosts,heft_instances,heft_image_dl_total,heft_image_from_repo,heft_image_from_host,dheft_makespan,dheft_slr,dheft_vcpus,dheft_hosts,dheft_instances,dheft_image_dl_total,dheft_image_from_repo,dheft_image_from_host,nheft_makespan,nheft_slr,nheft_vcpus,nheft_hosts,nheft_instances,nheft_image_dl_total,nheft_image_from_repo,nheft_image_from_host,time_sec,return_code,status,log_file
741896,baseline,NHEFT,1,0.0,0,0,0,3.4944,4.0295,7.5239,2350.7648999999997,72.1758,3,3,42,442,442,0,276.48570000000007,8.489,23,9,184,75,45,30,127.73097223825596,3.9217,43,10,275,151,78,73,6.20992,0,ok,logs/seed_741896.log
741896,comp_drt,NHEFT+CompDRT,0,0.0,1,1,0,3.4944,4.0295,7.5239,2350.7648999999997,72.1758,3,3,42,442,442,0,276.48570000000007,8.489,23,9,184,75,45,30,1724.2291881897,52.9392,1,1,22,20,20,0,6.20992,0,ok,logs/seed_741896.log
430515,baseline,NHEFT,1,0.0,0,0,0,3.3341,4.2156,7.5497,2157.0924,53.826,2,2,22,468,468,0,245.7202,6.1315,22,8,154,81,43,38,136.71818301809952,3.4115,36,10,271,150,75,75,5.591221,0,ok,logs/seed_430515.log
430515,comp_drt,NHEFT+CompDRT,0,0.0,1,1,0,3.3341,4.2156,7.5497,2157.0924,53.826,2,2,22,468,468,0,245.7202,6.1315,22,8,154,81,43,38,1026.24280874359,25.6079,1,1,22,20,20,0,5.591221,0,ok,logs/seed_430515.log
888075,baseline,NHEFT,1,0.0,0,0,0,3.3213,3.7405,7.0618,1753.2416000000023,45.4536,2,2,22,471,471,0,203.37130000000002,5.2725,21,9,187,79,43,36,144.74203702509587,3.7525,42,13,287,167,88,79,6.706667,0,ok,logs/seed_888075.log
888075,comp_drt,NHEFT+CompDRT,0,0.0,1,1,0,3.3213,3.7405,7.0618,1753.2416000000023,45.4536,2,2,22,471,471,0,203.37130000000002,5.2725,21,9,187,79,43,36,1140.6221230288343,29.5712,1,1,22,21,21,0,6.706667,0,ok,logs/seed_888075.log
914983,baseline,NHEFT,1,0.0,0,0,0,3.7833,4.8195,8.6028,2639.118999999996,74.2329,3,3,42,446,446,0,276.53350000000006,7.7783,18,7,133,65,41,24,133.9292127137644,3.7671,29,9,213,108,58,50,5.382813,0,ok,logs/seed_914983.log
914983,comp_drt,NHEFT+CompDRT,0,0.0,1,1,0,3.7833,4.8195,8.6028,2639.118999999996,74.2329,3,3,42,446,446,0,276.53350000000006,7.7783,18,7,133,65,41,24,877.7491963286469,24.6892,1,1,22,20,20,0,5.382813,0,ok,logs/seed_914983.log
997971,baseline,NHEFT,1,0.0,0,0,0,3.3512,3.5446,6.8958,1876.4183000000007,63.6208,2,2,22,478,478,0,220.50309999999996,7.4763,25,10,177,84,43,41,142.37193866264437,4.8272,48,12,302,160,79,81,7.086635,0,ok,logs/seed_997971.log
997971,comp_drt,NHEFT+CompDRT,0,0.0,1,1,0,3.3512,3.5446,6.8958,1876.4183000000007,63.6208,2,2,22,478,478,0,220.50309999999996,7.4763,25,10,177,84,43,41,1073.5644153302758,36.3997,1,1,22,20,20,0,7.086635,0,ok,logs/seed_997971.log
747642,baseline,NHEFT,1,0.0,0,0,0,2.9472,3.3328,6.28,2058.194599999997,46.5355,2,2,22,466,466,0,231.00379999999993,5.223,22,7,171,74,41,33,137.57184254942288,3.1105,39,13,285,164,74,90,5.925816,0,ok,logs/seed_747642.log
747642,comp_drt,NHEFT+CompDRT,0,0.0,1,1,0,2.9472,3.3328,6.28,2058.194599999997,46.5355,2,2,22,466,466,0,231.00379999999993,5.223,22,7,171,74,41,33,854.2760352162168,19.3151,1,1,22,20,20,0,5.925816,0,ok,logs/seed_747642.log
664527,baseline,NHEFT,1,0.0,0,0,0,3.2955,4.7943,8.0898,1741.7811999999942,42.3597,2,2,22,485,485,0,249.56379999999993,6.0693,20,9,158,88,45,43,147.04128894178618,3.576,41,10,299,169,82,87,6.270879,0,ok,logs/seed_664527.log
664527,comp_drt,NHEFT+CompDRT,0,0.0,1,1,0,3.2955,4.7943,8.0898,1741.7811999999942,42.3597,2,2,22,485,485,0,249.56379999999993,6.0693,20,9,158,88,45,43,2179.1888238580523,52.9974,1,1,22,22,22,0,6.270879,0,ok,logs/seed_664527.log
760044,baseline,NHEFT,1,0.0,0,0,0,2.8958,3.4002,6.296,2076.496300000001,39.4204,5,3,41,458,458,0,264.52230000000003,5.0217,23,9,186,88,43,45,150.9071791543093,2.8648,38,11,268,153,85,68,4.501491,0,ok,logs/seed_760044.log
760044,comp_drt,NHEFT+CompDRT,0,0.0,1,1,0,2.8958,3.4002,6.296,2076.496300000001,39.4204,5,3,41,458,458,0,264.52230000000003,5.0217,23,9,186,88,43,45,1201.0537108958029,22.8009,1,1,22,20,20,0,4.501491,0,ok,logs/seed_760044.log
215549,baseline,NHEFT,1,0.0,0,0,0,3.2632,4.3592,7.6224,2438.5904999999957,69.637,1,1,22,465,465,0,256.4491,7.3232,24,9,153,78,40,38,144.7956644160829,4.1348,39,10,296,133,67,66,4.626099,0,ok,logs/seed_215549.log
215549,comp_drt,NHEFT+CompDRT,0,0.0,1,1,0,3.2632,4.3592,7.6224,2438.5904999999957,69.637,1,1,22,465,465,0,256.4491,7.3232,24,9,153,78,40,38,694.3149436746339,19.827,1,1,22,20,20,0,4.626099,0,ok,logs/seed_215549.log
370191,baseline,NHEFT,1,0.0,0,0,0,3.117,4.0562,7.1732,2903.394499999997,81.9841,3,3,27,469,469,0,256.2409,7.2356,26,8,171,58,37,21,159.21687219983366,4.4959,44,11,281,127,70,57,6.031493,0,ok,logs/seed_370191.log
370191,comp_drt,NHEFT+CompDRT,0,0.0,1,1,0,3.117,4.0562,7.1732,2903.394499999997,81.9841,3,3,27,469,469,0,256.2409,7.2356,26,8,171,58,37,21,1041.2092194059758,29.401,1,1,22,20,20,0,6.031493,0,ok,logs/seed_370191.log
296947,baseline,NHEFT,1,0.0,0,0,0,2.8949,4.2772,7.1721,2633.981399999995,58.0889,2,2,22,471,471,0,324.00489999999996,7.1455,29,10,183,94,46,48,166.85298543751122,3.6797,39,9,275,143,77,66,6.186032,0,ok,logs/seed_296947.log
296947,comp_drt,NHEFT+CompDRT,0,0.0,1,1,0,2.8949,4.2772,7.1721,2633.981399999995,58.0889,2,2,22,471,471,0,324.00489999999996,7.1455,29,10,183,94,46,48,2136.73669432168,47.1228,1,1,22,21,21,0,6.186032,0,ok,logs/seed_296947.log
963598,baseline,NHEFT,1,0.0,0,0,0,3.4178,4.1955,7.6133,2297.5801000000024,59.8451,3,3,44,459,459,0,245.50480000000002,6.3947,20,5,161,67,42,25,142.4931081571516,3.7115,32,10,281,148,78,70,6.463587,0,ok,logs/seed_963598.log
963598,comp_drt,NHEFT+CompDRT,0,0.0,1,1,0,3.4178,4.1955,7.6133,2297.5801000000024,59.8451,3,3,44,459,459,0,245.50480000000002,6.3947,20,5,161,67,42,25,1133.2994126268939,29.5191,1,1,22,20,20,0,6.463587,0,ok,logs/seed_963598.log
388451,baseline,NHEFT,1,0.0,0,0,0,3.2062,4.087,7.2932,2111.0000999999997,56.2747,2,2,22,465,465,0,224.35720000000006,5.9809,28,7,178,75,40,35,135.88020439147448,3.6223,32,9,259,113,65,48,6.042263,0,ok,logs/seed_388451.log
388451,comp_drt,NHEFT+CompDRT,0,0.0,1,1,0,3.2062,4.087,7.2932,2111.0000999999997,56.2747,2,2,22,465,465,0,224.35720000000006,5.9809,28,7,178,75,40,35,1015.4888453991664,27.0708,1,1,22,20,20,0,6.042263,0,ok,logs/seed_388451.log
602873,baseline,NHEFT,1,0.0,0,0,0,3.0333,3.6263,6.6596,2071.7202999999995,42.8274,2,2,22,465,465,0,244.32639999999995,5.0508,27,9,169,83,43,40,148.16121219902118,3.0628,37,9,281,132,75,57,7.309835,0,ok,logs/seed_602873.log
602873,comp_drt,NHEFT+CompDRT,0,0.0,1,1,0,3.0333,3.6263,6.6596,2071.7202999999995,42.8274,2,2,22,465,465,0,244.32639999999995,5.0508,27,9,169,83,43,40,1671.7340064393059,34.5587,1,1,22,21,21,0,7.309835,0,ok,logs/seed_602873.log
122745,baseline,NHEFT,1,0.0,0,0,0,3.249,3.5352,6.7842,2662.749900000003,76.754,2,2,22,466,466,0,261.9101,7.5496,31,15,158,86,36,50,123.95463887375415,3.573,40,10,283,107,59,48,6.675788,0,ok,logs/seed_122745.log
122745,comp_drt,NHEFT+CompDRT,0,0.0,1,1,0,3.249,3.5352,6.7842,2662.749900000003,76.754,2,2,22,466,466,0,261.9101,7.5496,31,15,158,86,36,50,1202.6888928538015,34.6676,1,1,22,20,20,0,6.675788,0,ok,logs/seed_122745.log
484762,baseline,NHEFT,1,0.0,0,0,0,3.314,4.5339,7.8479,1908.683800000006,54.35,2,2,22,456,456,0,189.4208,5.3938,22,5,165,57,39,18,127.37267672013651,3.6269,33,9,248,141,75,66,6.029136,0,ok,logs/seed_484762.log
484762,comp_drt,NHEFT+CompDRT,0,0.0,1,1,0,3.314,4.5339,7.8479,1908.683800000006,54.35,2,2,22,456,456,0,189.4208,5.3938,22,5,165,57,39,18,951.6124329931744,27.0973,1,1,22,20,20,0,6.029136,0,ok,logs/seed_484762.log
514215,baseline,NHEFT,1,0.0,0,0,0,3.5211,3.8903,7.4114,1978.5046000000038,50.3335,3,2,23,457,457,0,241.0577999999999,6.1326,31,9,198,89,44,45,132.1918247099564,3.363,35,10,265,144,79,65,6.242642,0,ok,logs/seed_514215.log
514215,comp_drt,NHEFT+CompDRT,0,0.0,1,1,0,3.5211,3.8903,7.4114,1978.5046000000038,50.3335,3,2,23,457,457,0,241.0577999999999,6.1326,31,9,198,89,44,45,849.3675679383372,21.6081,1,1,22,20,20,0,6.242642,0,ok,logs/seed_514215.log
601161,baseline,NHEFT,1,0.0,0,0,0,2.8618,3.5882,6.45,2022.3512999999934,46.0663,2,2,22,459,459,0,213.80839999999995,4.8703,25,7,184,65,37,28,162.36731964981817,3.6985,35,8,281,133,80,53,6.156193,0,ok,logs/seed_601161.log
601161,comp_drt,NHEFT+CompDRT,0,0.0,1,1,0,2.8618,3.5882,6.45,2022.3512999999934,46.0663,2,2,22,459,459,0,213.80839999999995,4.8703,25,7,184,65,37,28,1057.8144268319083,24.0955,1,1,22,20,20,0,6.156193,0,ok,logs/seed_601161.log
78435,baseline,NHEFT,1,0.0,0,0,0,2.9929,3.4869,6.4798,1956.5033999999973,44.9208,2,2,22,448,448,0,218.2094,5.01,23,7,165,72,43,29,133.51419878787587,3.0655,34,10,263,150,78,72,8.106205,0,ok,logs/seed_78435.log
78435,comp_drt,NHEFT+CompDRT,0,0.0,1,1,0,2.9929,3.4869,6.4798,1956.5033999999973,44.9208,2,2,22,448,448,0,218.2094,5.01,23,7,165,72,43,29,1450.793336671834,33.3098,1,1,22,20,20,0,8.106205,0,ok,logs/seed_78435.log
480957,baseline,NHEFT,1,0.0,0,0,0,3.3382,3.698,7.0362,1698.312900000002,48.85,2,2,22,448,448,0,214.8502,6.1799,18,8,153,85,44,41,123.78237819181588,3.5605,32,9,234,128,79,49,8.411263,0,ok,logs/seed_480957.log
480957,comp_drt,NHEFT+CompDRT,0,0.0,1,1,0,3.3382,3.698,7.0362,1698.312900000002,48.85,2,2,22,448,448,0,214.8502,6.1799,18,8,153,85,44,41,1332.755899150159,38.3351,1,1,22,21,21,0,8.411263,0,ok,logs/seed_480957.log
113260,baseline,NHEFT,1,0.0,0,0,0,3.6421,4.4253,8.0674,2386.615199999994,52.286,3,3,42,499,499,0,228.9045,5.0148,24,6,187,66,43,23,139.19832855319987,3.0496,47,11,310,164,89,75,12.804343,0,ok,logs/seed_113260.log
113260,comp_drt,NHEFT+CompDRT,0,0.0,1,1,0,3.6421,4.4253,8.0674,2386.615199999994,52.286,3,3,42,499,499,0,228.9045,5.0148,24,6,187,66,43,23,1562.9436268520624,34.241,1,1,22,23,23,0,12.804343,0,ok,logs/seed_113260.log
846854,baseline,NHEFT,1,0.0,0,0,0,3.1295,4.1232,7.2527,2217.518599999998,64.4279,2,2,22,425,425,0,214.44740000000002,6.2306,20,8,132,59,35,24,133.66831963055063,3.8836,32,9,234,133,66,67,7.316014,0,ok,logs/seed_846854.log
846854,comp_drt,NHEFT+CompDRT,0,0.0,1,1,0,3.1295,4.1232,7.2527,2217.518599999998,64.4279,2,2,22,425,425,0,214.44740000000002,6.2306,20,8,132,59,35,24,847.3956041179672,24.6203,1,1,22,20,20,0,7.316014,0,ok,logs/seed_846854.log
422970,baseline,NHEFT,1,0.0,0,0,0,3.1477,4.4896,7.6373,2007.6513000000023,51.7248,2,2,22,437,437,0,234.20969999999994,6.0341,20,6,152,63,41,22,139.0348430655226,3.5821,38,12,251,116,63,53,7.286039,0,ok,logs/seed_422970.log
422970,comp_drt,NHEFT+CompDRT,0,0.0,1,1,0,3.1477,4.4896,7.6373,2007.6513000000023,51.7248,2,2,22,437,437,0,234.20969999999994,6.0341,20,6,152,63,41,22,1472.607023761904,37.94,1,1,22,20,20,0,7.286039,0,ok,logs/seed_422970.log
762973,baseline,NHEFT,1,0.0,0,0,0,3.6886,3.5457,7.2343,1899.7119000000057,48.038,2,2,22,468,468,0,184.34320000000005,4.6615,21,6,137,62,38,24,139.9215741519315,3.5382,30,10,240,109,62,47,6.835208,0,ok,logs/seed_762973.log
762973,comp_drt,NHEFT+CompDRT,0,0.0,1,1,0,3.6886,3.5457,7.2343,1899.7119000000057,48.038,2,2,22,468,468,0,184.34320000000005,4.6615,21,6,137,62,38,24,885.5741363666282,22.3935,1,1,22,20,20,0,6.835208,0,ok,logs/seed_762973.log
303068,baseline,NHEFT,1,0.0,0,0,0,3.8021,5.3016,9.1037,3082.0633999999914,87.6734,3,3,42,496,496,0,281.7643000000001,8.0152,25,7,137,72,41,31,158.03034012009624,4.4954,33,11,273,151,76,75,7.252133,0,ok,logs/seed_303068.log
303068,comp_drt,NHEFT+CompDRT,0,0.0,1,1,0,3.8021,5.3016,9.1037,3082.0633999999914,87.6734,3,3,42,496,496,0,281.7643000000001,8.0152,25,7,137,72,41,31,1224.5890751428567,34.8351,1,1,22,20,20,0,7.252133,0,ok,logs/seed_303068.log
701483,baseline,NHEFT,1,0.0,0,0,0,3.9326,5.0272,8.9598,2141.235899999999,69.4979,2,2,22,447,447,0,225.69179999999994,7.3253,20,6,146,66,39,27,159.1342201899086,5.165,46,12,260,166,77,89,5.198487,0,ok,logs/seed_701483.log
701483,comp_drt,NHEFT+CompDRT,0,0.0,1,1,0,3.9326,5.0272,8.9598,2141.235899999999,69.4979,2,2,22,447,447,0,225.69179999999994,7.3253,20,6,146,66,39,27,938.9301335299149,30.4748,1,1,22,20,20,0,5.198487,0,ok,logs/seed_701483.log
193272,baseline,NHEFT,1,0.0,0,0,0,3.3367,4.6071,7.9438,1932.2123000000033,43.2635,2,2,22,460,460,0,223.72260000000003,5.0093,29,9,177,87,41,46,134.6529673497376,3.015,34,12,281,127,66,61,7.41985,0,ok,logs/seed_193272.log
193272,comp_drt,NHEFT+CompDRT,0,0.0,1,1,0,3.3367,4.6071,7.9438,1932.2123000000033,43.2635,2,2,22,460,460,0,223.72260000000003,5.0093,29,9,177,87,41,46,2021.8964778424322,45.2716,1,1,22,20,20,0,7.41985,0,ok,logs/seed_193272.log
609026,baseline,NHEFT,1,0.0,0,0,0,3.0854,3.8224,6.9078,2076.682100000001,57.1085,2,2,22,463,463,0,200.922,5.5253,22,6,187,59,36,23,131.4096218691151,3.6137,42,11,293,151,81,70,7.820682,0,ok,logs/seed_609026.log
609026,comp_drt,NHEFT+CompDRT,0,0.0,1,1,0,3.0854,3.8224,6.9078,2076.682100000001,57.1085,2,2,22,463,463,0,200.922,5.5253,22,6,187,59,36,23,986.656941610015,27.1329,1,1,22,20,20,0,7.820682,0,ok,logs/seed_609026.log
385324,baseline,NHEFT,1,0.0,0,0,0,3.5131,4.8731,8.3862,2179.426500000005,68.7577,2,2,22,473,473,0,222.22950000000014,7.011,24,8,176,76,40,36,147.87490214857726,4.6652,39,11,262,123,69,54,6.531766,0,ok,logs/seed_385324.log
385324,comp_drt,NHEFT+CompDRT,0,0.0,1,1,0,3.5131,4.8731,8.3862,2179.426500000005,68.7577,2,2,22,473,473,0,222.22950000000014,7.011,24,8,176,76,40,36,2129.9404759124577,67.1965,1,1,22,20,20,0,6.531766,0,ok,logs/seed_385324.log
586699,baseline,NHEFT,1,0.0,0,0,0,3.222,4.3697,7.5917,2247.1669999999967,58.6195,2,2,22,430,430,0,236.16580000000002,6.1606,21,8,146,67,39,28,136.45704325353924,3.5596,37,10,268,144,73,71,7.002112,0,ok,logs/seed_586699.log
586699,comp_drt,NHEFT+CompDRT,0,0.0,1,1,0,3.222,4.3697,7.5917,2247.1669999999967,58.6195,2,2,22,430,430,0,236.16580000000002,6.1606,21,8,146,67,39,28,1194.8800315135143,31.1696,1,1,22,20,20,0,7.002112,0,ok,logs/seed_586699.log
127154,baseline,NHEFT,1,0.0,0,0,0,3.7465,4.6411,8.3876,2013.4931999999956,74.748,2,2,22,491,491,0,233.32829999999993,8.662,24,7,174,75,44,31,145.78234935670557,5.412,36,9,278,146,80,66,6.154243,0,ok,logs/seed_127154.log
127154,comp_drt,NHEFT+CompDRT,0,0.0,1,1,0,3.7465,4.6411,8.3876,2013.4931999999956,74.748,2,2,22,491,491,0,233.32829999999993,8.662,24,7,174,75,44,31,1090.0441487176836,40.4663,1,1,22,20,20,0,6.154243,0,ok,logs/seed_127154.log
140763,baseline,NHEFT,1,0.0,0,0,0,3.2123,3.9318,7.1441,2083.712199999997,55.0564,1,1,22,460,460,0,246.4595,6.512,20,7,141,68,41,27,128.06031023451197,3.3836,41,10,270,138,72,66,6.329554,0,ok,logs/seed_140763.log
140763,comp_drt,NHEFT+CompDRT,0,0.0,1,1,0,3.2123,3.9318,7.1441,2083.712199999997,55.0564,1,1,22,460,460,0,246.4595,6.512,20,7,141,68,41,27,774.9560587218542,20.4761,1,1,22,20,20,0,6.329554,0,ok,logs/seed_140763.log
162375,baseline,NHEFT,1,0.0,0,0,0,3.6357,4.819,8.4547,2068.160099999998,51.147,2,2,22,444,444,0,235.18219999999997,5.8162,20,6,127,62,37,25,147.22956505492854,3.6411,30,9,242,133,73,60,6.115044,0,ok,logs/seed_162375.log
162375,comp_drt,NHEFT+CompDRT,0,0.0,1,1,0,3.6357,4.819,8.4547,2068.160099999998,51.147,2,2,22,444,444,0,235.18219999999997,5.8162,20,6,127,62,37,25,2023.6973360731704,50.0474,1,1,22,20,20,0,6.115044,0,ok,logs/seed_162375.log
320372,baseline,NHEFT,1,0.0,0,0,0,3.6907,5.5989,9.2896,2086.043800000001,56.8683,2,2,22,462,462,0,227.73109999999997,6.2083,23,6,160,69,38,31,146.6020556428111,3.9966,32,9,283,142,75,67,5.995728,0,ok,logs/seed_320372.log
320372,comp_drt,NHEFT+CompDRT,0,0.0,1,1,0,3.6907,5.5989,9.2896,2086.043800000001,56.8683,2,2,22,462,462,0,227.73109999999997,6.2083,23,6,160,69,38,31,951.1312818297876,25.9291,1,1,22,20,20,0,5.995728,0,ok,logs/seed_320372.log
911752,baseline,NHEFT,1,0.0,0,0,0,3.8707,4.3858,8.2565,1907.7075000000018,48.8119,2,2,22,465,465,0,193.119,4.9413,19,5,152,55,38,17,128.8667720633549,3.2973,33,10,239,139,76,63,7.081568,0,ok,logs/seed_911752.log
911752,comp_drt,NHEFT+CompDRT,0,0.0,1,1,0,3.8707,4.3858,8.2565,1907.7075000000018,48.8119,2,2,22,465,465,0,193.119,4.9413,19,5,152,55,38,17,815.0230373084829,20.8538,1,1,22,20,20,0,7.081568,0,ok,logs/seed_911752.log
185527,baseline,NHEFT,1,0.0,0,0,0,3.4366,3.8937,7.3303,1959.2941999999996,40.5066,2,2,22,475,475,0,260.0753,5.3768,32,12,230,122,47,75,127.6487102257407,2.639,31,8,258,129,69,60,7.0292,0,ok,logs/seed_185527.log
185527,comp_drt,NHEFT+CompDRT,0,0.0,1,1,0,3.4366,3.8937,7.3303,1959.2941999999996,40.5066,2,2,22,475,475,0,260.0753,5.3768,32,12,230,122,47,75,829.8439002652067,17.1562,1,1,22,20,20,0,7.0292,0,ok,logs/seed_185527.log
766339,baseline,NHEFT,1,0.0,0,0,0,3.6732,4.3377,8.0109,2117.870899999998,57.3343,3,2,28,450,450,0,269.9249,7.3073,30,8,185,80,40,40,159.05802632752733,4.306,35,10,258,122,65,57,7.706665,0,ok,logs/seed_766339.log
766339,comp_drt,NHEFT+CompDRT,0,0.0,1,1,0,3.6732,4.3377,8.0109,2117.870899999998,57.3343,3,2,28,450,450,0,269.9249,7.3073,30,8,185,80,40,40,742.3405324770886,20.0964,1,1,22,20,20,0,7.706665,0,ok,logs/seed_766339.log
911829,baseline,NHEFT,1,0.0,0,0,0,3.3152,3.9908,7.306,2047.1628999999996,40.5064,3,2,34,473,473,0,238.98040000000003,4.7286,22,5,228,59,39,20,152.2496806731644,3.0125,39,9,304,136,78,58,8.984833,0,ok,logs/seed_911829.log
911829,comp_drt,NHEFT+CompDRT,0,0.0,1,1,0,3.3152,3.9908,7.306,2047.1628999999996,40.5064,3,2,34,473,473,0,238.98040000000003,4.7286,22,5,228,59,39,20,1274.3058708142225,25.2142,1,1,22,20,20,0,8.984833,0,ok,logs/seed_911829.log
184906,baseline,NHEFT,1,0.0,0,0,0,3.5394,4.3545,7.8939,2421.9443,57.3823,3,3,34,446,446,0,218.52590000000006,5.1775,20,5,126,59,39,20,157.60963131033964,3.7342,43,10,271,157,82,75,5.577796,0,ok,logs/seed_184906.log
184906,comp_drt,NHEFT+CompDRT,0,0.0,1,1,0,3.5394,4.3545,7.8939,2421.9443,57.3823,3,3,34,446,446,0,218.52590000000006,5.1775,20,5,126,59,39,20,1083.2515843338094,25.6651,1,1,22,21,21,0,5.577796,0,ok,logs/seed_184906.log
189090,baseline,NHEFT,1,0.0,0,0,0,3.5263,3.5735,7.0998,2144.0618000000013,60.8255,2,2,22,448,448,0,235.7028,6.6867,28,10,154,82,40,42,150.2576193793988,4.2627,35,11,257,160,91,69,6.995213,0,ok,logs/seed_189090.log
189090,comp_drt,NHEFT+CompDRT,0,0.0,1,1,0,3.5263,3.5735,7.0998,2144.0618000000013,60.8255,2,2,22,448,448,0,235.7028,6.6867,28,10,154,82,40,42,1157.9109578973973,32.8491,1,1,22,20,20,0,6.995213,0,ok,logs/seed_189090.log
355619,baseline,NHEFT,1,0.0,0,0,0,2.9323,3.9398,6.8721,2313.1014000000014,50.7736,3,3,38,469,469,0,266.1528,5.8422,32,10,193,99,46,53,156.5764250931646,3.4369,47,10,302,157,82,75,6.537897,0,ok,logs/seed_355619.log
355619,comp_drt,NHEFT+CompDRT,0,0.0,1,1,0,2.9323,3.9398,6.8721,2313.1014000000014,50.7736,3,3,38,469,469,0,266.1528,5.8422,32,10,193,99,46,53,1523.9626522120952,33.4516,1,1,22,22,22,0,6.537897,0,ok,logs/seed_355619.log
440123,baseline,NHEFT,1,0.0,0,0,0,3.1079,4.2993,7.4072,1649.6056,35.6352,3,2,23,474,474,0,220.00779999999997,4.7527,23,6,172,73,43,30,132.54343209545598,2.8632,31,10,261,132,74,58,6.25691,0,ok,logs/seed_440123.log
440123,comp_drt,NHEFT+CompDRT,0,0.0,1,1,0,3.1079,4.2993,7.4072,1649.6056,35.6352,3,2,23,474,474,0,220.00779999999997,4.7527,23,6,172,73,43,30,978.6303329534886,21.1407,1,1,22,20,20,0,6.25691,0,ok,logs/seed_440123.log
65843,baseline,NHEFT,1,0.0,0,0,0,3.557,3.7289,7.2859,2214.676100000001,64.2742,2,2,22,426,426,0,230.5053,6.6897,25,8,167,69,37,32,128.09415884255682,3.7175,45,8,274,135,77,58,4.656091,0,ok,logs/seed_65843.log
65843,comp_drt,NHEFT+CompDRT,0,0.0,1,1,0,3.557,3.7289,7.2859,2214.676100000001,64.2742,2,2,22,426,426,0,230.5053,6.6897,25,8,167,69,37,32,757.3570504324321,21.98,1,1,22,21,21,0,4.656091,0,ok,logs/seed_65843.log
356002,baseline,NHEFT,1,0.0,0,0,0,3.6975,3.9329,7.6304,1947.3381999999986,52.214,1,1,22,454,454,0,228.62740000000002,6.1302,23,7,146,75,43,32,132.93732625323642,3.5645,37,10,251,141,73,68,7.116897,0,ok,logs/seed_356002.log
356002,comp_drt,NHEFT+CompDRT,0,0.0,1,1,0,3.6975,3.9329,7.6304,1947.3381999999986,52.214,1,1,22,454,454,0,228.62740000000002,6.1302,23,7,146,75,43,32,659.5187240473182,17.6837,1,1,22,20,20,0,7.116897,0,ok,logs/seed_356002.log
546160,baseline,NHEFT,1,0.0,0,0,0,3.5499,4.0023,7.5522,2394.1009999999974,42.9868,2,2,22,469,469,0,268.9813,4.8296,21,8,139,73,42,31,147.49224231298285,2.6483,36,10,255,130,75,55,7.158005,0,ok,logs/seed_546160.log
546160,comp_drt,NHEFT+CompDRT,0,0.0,1,1,0,3.5499,4.0023,7.5522,2394.1009999999974,42.9868,2,2,22,469,469,0,268.9813,4.8296,21,8,139,73,42,31,1275.4654198633536,22.9013,1,1,22,20,20,0,7.158005,0,ok,logs/seed_546160.log
466702,baseline,NHEFT,1,0.0,0,0,0,2.8252,2.969,5.7942,1974.3521999999941,55.3713,2,2,22,469,469,0,215.8958,6.0549,18,8,155,76,38,38,124.33463941267391,3.487,39,12,288,152,81,71,10.859206,0,ok,logs/seed_466702.log
466702,comp_drt,NHEFT+CompDRT,0,0.0,1,1,0,2.8252,2.969,5.7942,1974.3521999999941,55.3713,2,2,22,469,469,0,215.8958,6.0549,18,8,155,76,38,38,1201.1964603734928,33.6879,1,1,22,21,21,0,10.859206,0,ok,logs/seed_466702.log
108594,baseline,NHEFT,1,0.0,0,0,0,3.1276,3.7595,6.8871,2159.0361000000016,62.9427,2,2,22,450,450,0,201.91320000000002,5.8864,18,7,152,58,37,21,118.65276253846156,3.4591,43,10,274,156,77,79,9.314409,0,ok,logs/seed_108594.log
108594,comp_drt,NHEFT+CompDRT,0,0.0,1,1,0,3.1276,3.7595,6.8871,2159.0361000000016,62.9427,2,2,22,450,450,0,201.91320000000002,5.8864,18,7,152,58,37,21,1988.523107307693,57.9717,1,1,22,21,21,0,9.314409,0,ok,logs/seed_108594.log
302326,baseline,NHEFT,1,0.0,0,0,0,3.5584,4.1676,7.726,2324.120599999997,57.395,2,2,22,473,473,0,251.98910000000006,6.223,27,14,155,94,44,50,129.18733270183898,3.1903,35,10,277,135,67,68,6.988606,0,ok,logs/seed_302326.log
302326,comp_drt,NHEFT+CompDRT,0,0.0,1,1,0,3.5584,4.1676,7.726,2324.120599999997,57.395,2,2,22,473,473,0,251.98910000000006,6.223,27,14,155,94,44,50,1020.5939336818927,25.204,1,1,22,20,20,0,6.988606,0,ok,logs/seed_302326.log
830943,baseline,NHEFT,1,0.0,0,0,0,3.6074,3.7562,7.3636,2173.256099999996,61.9274,2,2,22,445,445,0,275.2292999999999,7.8427,36,12,177,97,43,54,130.3610314608822,3.7147,37,9,265,146,73,73,5.931445,0,ok,logs/seed_830943.log
830943,comp_drt,NHEFT+CompDRT,0,0.0,1,1,0,3.6074,3.7562,7.3636,2173.256099999996,61.9274,2,2,22,445,445,0,275.2292999999999,7.8427,36,12,177,97,43,54,961.8177104784218,27.4072,1,1,22,21,21,0,5.931445,0,ok,logs/seed_830943.log
774892,baseline,NHEFT,1,0.0,0,0,0,3.2569,3.4755,6.7324,1841.144799999999,45.7607,2,2,22,489,489,0,211.03819999999993,5.2452,26,7,184,69,41,28,129.34455367623704,3.2148,40,11,293,137,76,61,7.612825,0,ok,logs/seed_774892.log
774892,comp_drt,NHEFT+CompDRT,0,0.0,1,1,0,3.2569,3.4755,6.7324,1841.144799999999,45.7607,2,2,22,489,489,0,211.03819999999993,5.2452,26,7,184,69,41,28,977.6140830044153,24.2981,1,1,22,20,20,0,7.612825,0,ok,logs/seed_774892.log
317399,baseline,NHEFT,1,0.0,0,0,0,3.5298,3.9175,7.4473,2013.0969000000046,56.3547,2,2,22,462,462,0,210.63579999999993,5.8965,20,7,149,59,38,21,129.0265282121212,3.612,34,11,254,143,75,68,7.279827,0,ok,logs/seed_317399.log
317399,comp_drt,NHEFT+CompDRT,0,0.0,1,1,0,3.5298,3.9175,7.4473,2013.0969000000046,56.3547,2,2,22,462,462,0,210.63579999999993,5.8965,20,7,149,59,38,21,945.5542035637508,26.4699,1,1,22,20,20,0,7.279827,0,ok,logs/seed_317399.log
179499,baseline,NHEFT,1,0.0,0,0,0,3.4251,3.778,7.2031,2193.9223999999986,55.881,2,2,22,463,463,0,254.881,6.492,30,11,171,99,41,58,137.06158450647197,3.4911,30,9,258,147,83,64,6.519292,0,ok,logs/seed_179499.log
179499,comp_drt,NHEFT+CompDRT,0,0.0,1,1,0,3.4251,3.778,7.2031,2193.9223999999986,55.881,2,2,22,463,463,0,254.881,6.492,30,11,171,99,41,58,1052.431568671733,26.8063,1,1,22,20,20,0,6.519292,0,ok,logs/seed_179499.log
551935,baseline,NHEFT,1,0.0,0,0,0,3.7256,4.6074,8.333,2148.8791000000024,42.4921,2,2,22,464,464,0,201.15449999999996,3.9776,21,5,153,55,37,18,142.41873339712882,2.8162,33,8,256,101,61,40,7.030955,0,ok,logs/seed_551935.log
551935,comp_drt,NHEFT+CompDRT,0,0.0,1,1,0,3.7256,4.6074,8.333,2148.8791000000024,42.4921,2,2,22,464,464,0,201.15449999999996,3.9776,21,5,153,55,37,18,822.4491526336335,16.2632,1,1,22,20,20,0,7.030955,0,ok,logs/seed_551935.log
751687,baseline,NHEFT,1,0.0,0,0,0,3.1878,3.1073,6.2951,1979.901800000001,57.3104,2,2,22,435,435,0,235.82820000000004,6.8263,33,13,166,86,37,49,124.1806352718674,3.5945,40,12,265,163,80,83,6.911563,0,ok,logs/seed_751687.log
751687,comp_drt,NHEFT+CompDRT,0,0.0,1,1,0,3.1878,3.1073,6.2951,1979.901800000001,57.3104,2,2,22,435,435,0,235.82820000000004,6.8263,33,13,166,86,37,49,858.2492783220342,24.8429,1,1,22,20,20,0,6.911563,0,ok,logs/seed_751687.log
531148,baseline,NHEFT,1,0.0,0,0,0,3.2603,3.7001,6.9604,2434.8834999999945,52.7511,3,3,24,487,487,0,286.4886,6.2067,25,11,157,89,44,45,139.91338363909492,3.0312,35,9,268,129,69,60,8.90053,0,ok,logs/seed_531148.log
531148,comp_drt,NHEFT+CompDRT,0,0.0,1,1,0,3.2603,3.7001,6.9604,2434.8834999999945,52.7511,3,3,24,487,487,0,286.4886,6.2067,25,11,157,89,44,45,1594.0531904454645,34.5347,1,1,22,20,20,0,8.90053,0,ok,logs/seed_531148.log
594138,baseline,NHEFT,1,0.0,0,0,0,3.7121,4.4204,8.1325,1944.601400000002,56.9534,2,2,22,429,429,0,219.49110000000005,6.4285,26,9,132,66,38,28,134.9574828937409,3.9526,36,9,260,130,72,58,5.471541,0,ok,logs/seed_594138.log
594138,comp_drt,NHEFT+CompDRT,0,0.0,1,1,0,3.7121,4.4204,8.1325,1944.601400000002,56.9534,2,2,22,429,429,0,219.49110000000005,6.4285,26,9,132,66,38,28,720.7294862150403,21.1087,1,1,22,20,20,0,5.471541,0,ok,logs/seed_594138.log
702028,baseline,NHEFT,1,0.0,0,0,0,3.5865,4.0949,7.6814,2114.4485000000045,55.0398,2,2,22,466,466,0,241.50549999999987,6.2865,24,5,170,60,40,20,150.3401693928046,3.9134,39,11,265,144,71,73,7.007382,0,ok,logs/seed_702028.log
702028,comp_drt,NHEFT+CompDRT,0,0.0,1,1,0,3.5865,4.0949,7.6814,2114.4485000000045,55.0398,2,2,22,466,466,0,241.50549999999987,6.2865,24,5,170,60,40,20,1126.4243917272718,29.3212,1,1,22,20,20,0,7.007382,0,ok,logs/seed_702028.log
492022,baseline,NHEFT,1,0.0,0,0,0,3.1535,3.5419,6.6954,1961.7369000000022,52.241,2,2,22,469,469,0,211.0165,5.6194,25,7,205,72,44,28,127.93553827330977,3.4069,38,10,282,114,64,50,5.597823,0,ok,logs/seed_492022.log
492022,comp_drt,NHEFT+CompDRT,0,0.0,1,1,0,3.1535,3.5419,6.6954,1961.7369000000022,52.241,2,2,22,469,469,0,211.0165,5.6194,25,7,205,72,44,28,1012.5056416641216,26.963,1,1,22,20,20,0,5.597823,0,ok,logs/seed_492022.log
231332,baseline,NHEFT,1,0.0,0,0,0,3.5085,3.9805,7.489,2477.260000000005,70.2418,2,2,22,475,475,0,260.04830000000004,7.3736,23,7,141,78,40,38,125.46059783972909,3.5574,33,10,246,120,63,57,6.478514,0,ok,logs/seed_231332.log
231332,comp_drt,NHEFT+CompDRT,0,0.0,1,1,0,3.5085,3.9805,7.489,2477.260000000005,70.2418,2,2,22,475,475,0,260.04830000000004,7.3736,23,7,141,78,40,38,1888.7131588879065,53.5538,1,1,22,20,20,0,6.478514,0,ok,logs/seed_231332.log
147537,baseline,NHEFT,1,0.0,0,0,0,3.6812,4.345,8.0262,2544.8472999999994,55.8889,3,3,26,487,487,0,293.8837,6.4542,24,7,161,85,44,41,157.7029203222946,3.4634,29,9,234,122,68,54,6.695534,0,ok,logs/seed_147537.log
147537,comp_drt,NHEFT+CompDRT,0,0.0,1,1,0,3.6812,4.345,8.0262,2544.8472999999994,55.8889,3,3,26,487,487,0,293.8837,6.4542,24,7,161,85,44,41,801.9788268919293,17.6127,1,1,22,20,20,0,6.695534,0,ok,logs/seed_147537.log
109654,baseline,NHEFT,1,0.0,0,0,0,3.1471,4.2729,7.42,2070.1420000000035,50.7681,3,3,41,471,471,0,244.84349999999992,6.0045,25,10,176,86,44,42,157.69105393816093,3.8672,38,12,276,151,76,75,7.442408,0,ok,logs/seed_109654.log
109654,comp_drt,NHEFT+CompDRT,0,0.0,1,1,0,3.1471,4.2729,7.42,2070.1420000000035,50.7681,3,3,41,471,471,0,244.84349999999992,6.0045,25,10,176,86,44,42,1410.4120548381502,34.5889,1,1,22,20,20,0,7.442408,0,ok,logs/seed_109654.log
357820,baseline,NHEFT,1,0.0,0,0,0,2.8924,3.8551,6.7475,1993.2360999999971,70.2794,2,2,22,478,478,0,208.23849999999996,7.3423,17,6,136,68,39,29,147.73167692112196,5.2089,41,10,269,161,88,73,6.114741,0,ok,logs/seed_357820.log
357820,comp_drt,NHEFT+CompDRT,0,0.0,1,1,0,2.8924,3.8551,6.7475,1993.2360999999971,70.2794,2,2,22,478,478,0,208.23849999999996,7.3423,17,6,136,68,39,29,1191.8670359944126,42.024,1,1,22,20,20,0,6.114741,0,ok,logs/seed_357820.log
813854,baseline,NHEFT,1,0.0,0,0,0,3.3116,3.8622,7.1738,1925.7996000000016,45.2588,3,3,23,461,461,0,247.0986,5.8071,25,11,162,93,45,48,163.62486433537939,3.8454,36,10,259,134,77,57,6.716243,0,ok,logs/seed_813854.log
813854,comp_drt,NHEFT+CompDRT,0,0.0,1,1,0,3.3116,3.8622,7.1738,1925.7996000000016,45.2588,3,3,23,461,461,0,247.0986,5.8071,25,11,162,93,45,48,988.2829307443866,23.226,1,1,22,20,20,0,6.716243,0,ok,logs/seed_813854.log
840701,baseline,NHEFT,1,0.0,0,0,0,3.2212,4.2425,7.4637,1972.004000000004,46.3528,2,2,22,489,489,0,209.0411,4.9136,19,6,163,67,41,26,165.99508510770613,3.9018,43,12,290,167,84,83,7.30458,0,ok,logs/seed_840701.log
840701,comp_drt,NHEFT+CompDRT,0,0.0,1,1,0,3.2212,4.2425,7.4637,1972.004000000004,46.3528,2,2,22,489,489,0,209.0411,4.9136,19,6,163,67,41,26,1672.475639306514,39.3122,1,1,22,20,20,0,7.30458,0,ok,logs/seed_840701.log
528112,baseline,NHEFT,1,0.0,0,0,0,3.7202,4.3877,8.1079,2116.798200000002,50.8803,2,2,22,446,446,0,189.94679999999997,4.5656,21,6,147,53,37,16,143.97789223422382,3.4607,33,9,245,128,71,57,6.331763,0,ok,logs/seed_528112.log
528112,comp_drt,NHEFT+CompDRT,0,0.0,1,1,0,3.7202,4.3877,8.1079,2116.798200000002,50.8803,2,2,22,446,446,0,189.94679999999997,4.5656,21,6,147,53,37,16,715.2729253371356,17.1926,1,1,22,20,20,0,6.331763,0,ok,logs/seed_528112.log
610245,baseline,NHEFT,1,0.0,0,0,0,3.633,4.4315,8.0645,2580.331899999997,70.5386,2,2,22,456,456,0,256.5553,7.0135,23,8,128,65,39,26,150.9254933448328,4.1259,31,10,227,122,65,57,6.334483,0,ok,logs/seed_610245.log
610245,comp_drt,NHEFT+CompDRT,0,0.0,1,1,0,3.633,4.4315,8.0645,2580.331899999997,70.5386,2,2,22,456,456,0,256.5553,7.0135,23,8,128,65,39,26,1199.5767944208744,32.7929,1,1,22,20,20,0,6.334483,0,ok,logs/seed_610245.log
540631,baseline,NHEFT,1,0.0,0,0,0,3.3954,3.6189,7.0143,2323.7915000000025,68.1256,3,3,42,498,498,0,297.20110000000005,8.7129,22,12,154,104,48,56,128.02915046625768,3.7534,31,9,290,144,75,69,7.362211,0,ok,logs/seed_540631.log
540631,comp_drt,NHEFT+CompDRT,0,0.0,1,1,0,3.3954,3.6189,7.0143,2323.7915000000025,68.1256,3,3,42,498,498,0,297.20110000000005,8.7129,22,12,154,104,48,56,725.2949316520687,21.2632,1,1,22,20,20,0,7.362211,0,ok,logs/seed_540631.log
670354,baseline,NHEFT,1,0.0,0,0,0,3.434,4.1226,7.5566,2446.9884999999995,62.4421,4,4,43,467,467,0,244.7912,6.2466,24,9,162,69,42,27,143.85612464799803,3.6709,35,9,266,142,75,67,6.32469,0,ok,logs/seed_670354.log
670354,comp_drt,NHEFT+CompDRT,0,0.0,1,1,0,3.434,4.1226,7.5566,2446.9884999999995,62.4421,4,4,43,467,467,0,244.7912,6.2466,24,9,162,69,42,27,1303.8033363600698,33.2704,1,1,22,20,20,0,6.32469,0,ok,logs/seed_670354.log
416284,baseline,NHEFT,1,0.0,0,0,0,3.5086,4.3697,7.8783,2148.2932999999985,63.3728,2,2,22,473,473,0,219.64489999999998,6.4793,20,6,159,65,42,23,149.53124314305035,4.411,36,11,261,140,75,65,6.614977,0,ok,logs/seed_416284.log
416284,comp_drt,NHEFT+CompDRT,0,0.0,1,1,0,3.5086,4.3697,7.8783,2148.2932999999985,63.3728,2,2,22,473,473,0,219.64489999999998,6.4793,20,6,159,65,42,23,1278.0506267913665,37.7014,1,1,22,20,20,0,6.614977,0,ok,logs/seed_416284.log
853922,baseline,NHEFT,1,0.0,0,0,0,3.6327,5.2591,8.8918,2248.9551999999994,54.2762,2,2,22,464,464,0,219.7469,5.3034,28,9,147,68,39,29,161.86244083146843,3.9064,32,9,234,104,60,44,6.414442,0,ok,logs/seed_853922.log
853922,comp_drt,NHEFT+CompDRT,0,0.0,1,1,0,3.6327,5.2591,8.8918,2248.9551999999994,54.2762,2,2,22,464,464,0,219.7469,5.3034,28,9,147,68,39,29,768.8243069142304,18.5548,1,1,22,20,20,0,6.414442,0,ok,logs/seed_853922.log
703771,baseline,NHEFT,1,0.0,0,0,0,3.5469,4.8816,8.4285,2121.2244999999975,58.4089,2,2,22,448,448,0,216.72549999999998,5.9676,18,6,128,58,36,22,152.57780578336508,4.2013,32,9,265,141,71,70,6.719772,0,ok,logs/seed_703771.log
703771,comp_drt,NHEFT+CompDRT,0,0.0,1,1,0,3.5469,4.8816,8.4285,2121.2244999999975,58.4089,2,2,22,448,448,0,216.72549999999998,5.9676,18,6,128,58,36,22,759.3143995054152,20.9081,1,1,22,20,20,0,6.719772,0,ok,logs/seed_703771.log
131782,baseline,NHEFT,1,0.0,0,0,0,3.4865,4.201,7.6875,2530.9265000000064,79.9684,3,3,23,451,451,0,228.13460000000003,7.2082,20,7,131,61,37,24,123.14195711971267,3.8909,29,9,214,88,50,38,6.833524,0,ok,logs/seed_131782.log
131782,comp_drt,NHEFT+CompDRT,0,0.0,1,1,0,3.4865,4.201,7.6875,2530.9265000000064,79.9684,3,3,23,451,451,0,228.13460000000003,7.2082,20,7,131,61,37,24,1177.525184032954,37.2056,1,1,22,20,20,0,6.833524,0,ok,logs/seed_131782.log
793335,baseline,NHEFT,1,0.0,0,0,0,3.5484,4.7731,8.3215,2067.168800000005,58.6889,2,2,22,441,441,0,246.38060000000004,6.995,18,8,122,66,39,27,136.69392884563757,3.8809,31,9,233,118,66,52,7.386366,0,ok,logs/seed_793335.log
793335,comp_drt,NHEFT+CompDRT,0,0.0,1,1,0,3.5484,4.7731,8.3215,2067.168800000005,58.6889,2,2,22,441,441,0,246.38060000000004,6.995,18,8,122,66,39,27,1137.0014069194624,32.2805,1,1,22,20,20,0,7.386366,0,ok,logs/seed_793335.log
829835,baseline,NHEFT,1,0.0,0,0,0,3.0302,3.4951,6.5253,2074.063899999996,57.9681,3,3,30,444,444,0,229.5956,6.417,28,9,147,80,42,38,122.96137840508229,3.4367,36,11,263,144,77,67,7.774394,0,ok,logs/seed_829835.log
829835,comp_drt,NHEFT+CompDRT,0,0.0,1,1,0,3.0302,3.4951,6.5253,2074.063899999996,57.9681,3,3,30,444,444,0,229.5956,6.417,28,9,147,80,42,38,1066.8775728358014,29.8182,1,1,22,20,20,0,7.774394,0,ok,logs/seed_829835.log
517538,baseline,NHEFT,1,0.0,0,0,0,3.6183,3.9558,7.5741,2081.098800000001,53.4251,2,2,22,465,465,0,208.73510000000002,5.3586,20,5,146,57,38,19,119.68068575526826,3.0724,45,11,304,167,79,88,7.847951,0,ok,logs/seed_517538.log
517538,comp_drt,NHEFT+CompDRT,0,0.0,1,1,0,3.6183,3.9558,7.5741,2081.098800000001,53.4251,2,2,22,465,465,0,208.73510000000002,5.3586,20,5,146,57,38,19,852.9211195524856,21.8958,1,1,22,20,20,0,7.847951,0,ok,logs/seed_517538.log
432977,baseline,NHEFT,1,0.0,0,0,0,3.4394,4.0427,7.4821,2055.3333000000007,46.2041,2,2,22,477,477,0,254.6270000000001,5.724,18,6,153,65,40,25,135.15273590037023,3.0382,34,9,276,135,69,66,6.995245,0,ok,logs/seed_432977.log
432977,comp_drt,NHEFT+CompDRT,0,0.0,1,1,0,3.4394,4.0427,7.4821,2055.3333000000007,46.2041,2,2,22,477,477,0,254.6270000000001,5.724,18,6,153,65,40,25,1600.9525842576681,35.9896,1,1,22,20,20,0,6.995245,0,ok,logs/seed_432977.log
202788,baseline,NHEFT,1,0.0,0,0,0,3.5417,3.9437,7.4854,2207.9800000000037,57.1162,2,2,22,446,446,0,241.07410000000002,6.2361,31,13,152,87,37,50,113.48548174418605,2.9357,35,9,250,126,67,59,6.669551,0,ok,logs/seed_202788.log
202788,comp_drt,NHEFT+CompDRT,0,0.0,1,1,0,3.5417,3.9437,7.4854,2207.9800000000037,57.1162,2,2,22,446,446,0,241.07410000000002,6.2361,31,13,152,87,37,50,1254.0846273153754,32.4407,1,1,22,21,21,0,6.669551,0,ok,logs/seed_202788.log
455331,baseline,NHEFT,1,0.0,0,0,0,3.632,4.0426,7.6746,2235.363999999997,59.1332,2,2,22,448,448,0,256.96259999999995,6.7976,25,8,150,74,42,32,138.80527802653998,3.6719,44,12,283,143,76,67,5.944046,0,ok,logs/seed_455331.log
455331,comp_drt,NHEFT+CompDRT,0,0.0,1,1,0,3.632,4.0426,7.6746,2235.363999999997,59.1332,2,2,22,448,448,0,256.96259999999995,6.7976,25,8,150,74,42,32,927.1675614083764,24.5268,1,1,22,20,20,0,5.944046,0,ok,logs/seed_455331.log
795054,baseline,NHEFT,1,0.0,0,0,0,3.6195,4.0769,7.6964,2125.436800000001,65.7747,2,2,22,429,429,0,248.9049,7.7027,27,12,144,92,40,52,148.91052642043883,4.6082,38,9,246,133,74,59,5.587015,0,ok,logs/seed_795054.log
795054,comp_drt,NHEFT+CompDRT,0,0.0,1,1,0,3.6195,4.0769,7.6964,2125.436800000001,65.7747,2,2,22,429,429,0,248.9049,7.7027,27,12,144,92,40,52,1079.856719,33.4177,1,1,22,20,20,0,5.587015,0,ok,logs/seed_795054.log
612732,baseline,NHEFT,1,0.0,0,0,0,3.4891,3.5084,6.9975,1929.4200000000048,62.7874,2,2,22,446,446,0,202.82659999999998,6.6004,21,8,144,65,39,26,154.88677023076923,5.0403,43,10,283,144,75,69,6.562679,0,ok,logs/seed_612732.log
612732,comp_drt,NHEFT+CompDRT,0,0.0,1,1,0,3.4891,3.5084,6.9975,1929.4200000000048,62.7874,2,2,22,446,446,0,202.82659999999998,6.6004,21,8,144,65,39,26,1237.4169415945642,40.2682,1,1,22,21,21,0,6.562679,0,ok,logs/seed_612732.log
753523,baseline,NHEFT,1,0.0,0,0,0,3.2843,4.2839,7.5682,1990.748099999996,51.4047,2,2,22,450,450,0,243.87410000000003,6.2973,24,5,172,67,43,24,145.51721812717537,3.7575,31,9,249,136,71,65,5.422838,0,ok,logs/seed_753523.log
753523,comp_drt,NHEFT+CompDRT,0,0.0,1,1,0,3.2843,4.2839,7.5682,1990.748099999996,51.4047,2,2,22,450,450,0,243.87410000000003,6.2973,24,5,172,67,43,24,838.8222713809527,21.6599,1,1,22,20,20,0,5.422838,0,ok,logs/seed_753523.log
239744,baseline,NHEFT,1,0.0,0,0,0,3.3963,4.3182,7.7145,2091.879699999994,48.6035,2,2,22,470,470,0,237.7778,5.5246,28,9,168,77,39,38,139.50609686382444,3.2413,39,9,294,153,74,79,6.91735,0,ok,logs/seed_239744.log
239744,comp_drt,NHEFT+CompDRT,0,0.0,1,1,0,3.3963,4.3182,7.7145,2091.879699999994,48.6035,2,2,22,470,470,0,237.7778,5.5246,28,9,168,77,39,38,1083.4971769041101,25.1744,1,1,22,20,20,0,6.91735,0,ok,logs/seed_239744.log
838648,baseline,NHEFT,1,0.0,0,0,0,3.5733,4.0304,7.6037,2004.9075999999993,50.4692,2,2,22,455,455,0,214.3743,5.3964,19,6,144,69,41,28,126.7720529445884,3.1912,31,9,251,120,68,52,6.383999,0,ok,logs/seed_838648.log
838648,comp_drt,NHEFT+CompDRT,0,0.0,1,1,0,3.5733,4.0304,7.6037,2004.9075999999993,50.4692,2,2,22,455,455,0,214.3743,5.3964,19,6,144,69,41,28,1062.469791358974,26.7454,1,1,22,21,21,0,6.383999,0,ok,logs/seed_838648.log
115403,baseline,NHEFT,1,0.0,0,0,0,3.0218,3.3463,6.3681,1829.2855999999988,43.3698,3,2,35,456,456,0,271.1402,6.4284,34,14,195,131,42,89,146.603093955095,3.4758,43,11,287,149,81,68,7.441848,0,ok,logs/seed_115403.log
115403,comp_drt,NHEFT+CompDRT,0,0.0,1,1,0,3.0218,3.3463,6.3681,1829.2855999999988,43.3698,3,2,35,456,456,0,271.1402,6.4284,34,14,195,131,42,89,1218.4975236312182,28.8889,1,1,22,20,20,0,7.441848,0,ok,logs/seed_115403.log
712189,baseline,NHEFT,1,0.0,0,0,0,3.6787,4.9053,8.584,2450.1341999999986,73.1731,2,2,22,461,461,0,268.67850000000004,8.0241,24,7,170,69,40,29,160.1301058537934,4.7823,32,10,259,142,76,66,6.606412,0,ok,logs/seed_712189.log
712189,comp_drt,NHEFT+CompDRT,0,0.0,1,1,0,3.6787,4.9053,8.584,2450.1341999999986,73.1731,2,2,22,461,461,0,268.67850000000004,8.0241,24,7,170,69,40,29,1154.817070364365,34.4885,1,1,22,20,20,0,6.606412,0,ok,logs/seed_712189.log
873143,baseline,NHEFT,1,0.0,0,0,0,3.2416,3.6549,6.8965,1835.9566999999993,65.0152,2,2,22,454,454,0,221.1427,7.8311,28,10,172,77,42,35,131.0018626299702,4.6391,36,12,244,125,69,56,6.390417,0,ok,logs/seed_873143.log
873143,comp_drt,NHEFT+CompDRT,0,0.0,1,1,0,3.2416,3.6549,6.8965,1835.9566999999993,65.0152,2,2,22,454,454,0,221.1427,7.8311,28,10,172,77,42,35,2034.5596856666677,72.0481,1,1,22,20,20,0,6.390417,0,ok,logs/seed_873143.log
877233,baseline,NHEFT,1,0.0,0,0,0,3.2091,3.271,6.4801,2346.682099999997,64.8877,3,3,42,462,462,0,260.2102,7.195,26,10,194,97,44,53,121.74077344398471,3.3662,38,11,280,151,82,69,8.844338,0,ok,logs/seed_877233.log
877233,comp_drt,NHEFT+CompDRT,0,0.0,1,1,0,3.2091,3.271,6.4801,2346.682099999997,64.8877,3,3,42,462,462,0,260.2102,7.195,26,10,194,97,44,53,785.441024590062,21.7181,1,1,22,20,20,0,8.844338,0,ok,logs/seed_877233.log
663658,baseline,NHEFT,1,0.0,0,0,0,3.6217,4.8125,8.4342,2518.5560999999993,66.3136,2,2,22,467,467,0,279.3901,7.3563,25,9,148,77,44,33,150.8829424498217,3.9727,31,10,254,132,70,62,7.200317,0,ok,logs/seed_663658.log
663658,comp_drt,NHEFT+CompDRT,0,0.0,1,1,0,3.6217,4.8125,8.4342,2518.5560999999993,66.3136,2,2,22,467,467,0,279.3901,7.3563,25,9,148,77,44,33,965.6754147507074,25.4262,1,1,22,20,20,0,7.200317,0,ok,logs/seed_663658.log
656054,baseline,NHEFT,1,0.0,0,0,0,3.2423,3.0879,6.3302,2240.4825999999957,63.8423,2,2,22,493,493,0,223.7294,6.3751,24,8,183,82,43,39,128.6538139496403,3.666,38,11,282,156,78,78,9.938592,0,ok,logs/seed_656054.log
656054,comp_drt,NHEFT+CompDRT,0,0.0,1,1,0,3.2423,3.0879,6.3302,2240.4825999999957,63.8423,2,2,22,493,493,0,223.7294,6.3751,24,8,183,82,43,39,683.1562978968832,19.4665,1,1,22,20,20,0,9.938592,0,ok,logs/seed_656054.log
464471,baseline,NHEFT,1,0.0,0,0,0,3.4069,4.3504,7.7573,2220.5880000000043,62.5666,3,3,33,441,441,0,224.15809999999996,6.3158,23,4,138,54,38,16,136.15665400528488,3.8363,36,11,257,129,72,57,13.435072,0,ok,logs/seed_464471.log
464471,comp_drt,NHEFT+CompDRT,0,0.0,1,1,0,3.4069,4.3504,7.7573,2220.5880000000043,62.5666,3,3,33,441,441,0,224.15809999999996,6.3158,23,4,138,54,38,16,1109.1132946397513,31.25,1,1,22,20,20,0,13.435072,0,ok,logs/seed_464471.log
586510,baseline,NHEFT,1,0.0,0,0,0,3.3526,4.4147,7.7673,1652.0953999999986,50.9881,2,2,22,452,452,0,224.91299999999998,6.9414,26,10,174,93,42,51,129.9045351256367,4.0092,33,8,257,138,72,66,11.66141,0,ok,logs/seed_586510.log
586510,comp_drt,NHEFT+CompDRT,0,0.0,1,1,0,3.3526,4.4147,7.7673,1652.0953999999986,50.9881,2,2,22,452,452,0,224.91299999999998,6.9414,26,10,174,93,42,51,684.0878072736159,21.1128,1,1,22,20,20,0,11.66141,0,ok,logs/seed_586510.log
50264,baseline,NHEFT,1,0.0,0,0,0,3.3713,4.0462,7.4175,2198.246100000001,63.5967,3,3,31,438,438,0,197.64169999999996,5.7179,22,6,179,52,36,16,113.27792581289073,3.2772,31,9,268,98,60,38,7.8366,0,ok,logs/seed_50264.log
50264,comp_drt,NHEFT+CompDRT,0,0.0,1,1,0,3.3713,4.0462,7.4175,2198.246100000001,63.5967,3,3,31,438,438,0,197.64169999999996,5.7179,22,6,179,52,36,16,1233.0415292807015,35.6727,1,1,22,21,21,0,7.8366,0,ok,logs/seed_50264.log
719048,baseline,NHEFT,1,0.0,0,0,0,3.6326,4.7703,8.4029,2193.2213999999994,59.1718,2,2,22,473,473,0,221.18089999999998,5.9673,27,11,159,77,39,38,148.16258466522677,3.9973,41,12,271,158,85,73,9.065114,0,ok,logs/seed_719048.log
719048,comp_drt,NHEFT+CompDRT,0,0.0,1,1,0,3.6326,4.7703,8.4029,2193.2213999999994,59.1718,2,2,22,473,473,0,221.18089999999998,5.9673,27,11,159,77,39,38,1382.7109429616603,37.3047,1,1,22,20,20,0,9.065114,0,ok,logs/seed_719048.log
677021,baseline,NHEFT,1,0.0,0,0,0,3.3304,4.4401,7.7705,2379.7057999999975,65.8985,3,3,27,460,460,0,227.44990000000007,6.2985,23,7,148,70,39,31,141.48322718890554,3.9179,34,9,243,124,66,58,7.812625,0,ok,logs/seed_677021.log
677021,comp_drt,NHEFT+CompDRT,0,0.0,1,1,0,3.3304,4.4401,7.7705,2379.7057999999975,65.8985,3,3,27,460,460,0,227.44990000000007,6.2985,23,7,148,70,39,31,1747.7688664252867,48.399,1,1,22,20,20,0,7.812625,0,ok,logs/seed_677021.log
861718,baseline,NHEFT,1,0.0,0,0,0,3.7836,4.7587,8.5423,2166.9883999999993,73.2789,3,3,24,452,452,0,226.0837,7.6452,19,7,157,72,41,31,143.91658804799388,4.8667,39,11,256,143,76,67,8.488491,0,ok,logs/seed_861718.log
861718,comp_drt,NHEFT+CompDRT,0,0.0,1,1,0,3.7836,4.7587,8.5423,2166.9883999999993,73.2789,3,3,24,452,452,0,226.0837,7.6452,19,7,157,72,41,31,876.1191470130294,29.6268,1,1,22,20,20,0,8.488491,0,ok,logs/seed_861718.log
495401,baseline,NHEFT,1,0.0,0,0,0,3.4084,3.413,6.8214,1750.8588000000002,51.8564,2,2,22,461,461,0,208.06329999999994,6.1624,25,11,180,79,40,39,126.2893299048741,3.7404,45,13,287,161,78,83,8.800168,0,ok,logs/seed_495401.log
495401,comp_drt,NHEFT+CompDRT,0,0.0,1,1,0,3.4084,3.413,6.8214,1750.8588000000002,51.8564,2,2,22,461,461,0,208.06329999999994,6.1624,25,11,180,79,40,39,876.6611800357587,25.9647,1,1,22,20,20,0,8.800168,0,ok,logs/seed_495401.log
209510,baseline,NHEFT,1,0.0,0,0,0,3.4259,3.8372,7.2631,2241.3581999999997,52.4318,3,3,41,454,454,0,258.3054000000001,6.0425,27,8,161,81,44,37,143.49494542614786,3.3568,42,12,258,162,79,83,6.284036,0,ok,logs/seed_209510.log
209510,comp_drt,NHEFT+CompDRT,0,0.0,1,1,0,3.4259,3.8372,7.2631,2241.3581999999997,52.4318,3,3,41,454,454,0,258.3054000000001,6.0425,27,8,161,81,44,37,702.4526493754267,16.4324,1,1,22,20,20,0,6.284036,0,ok,logs/seed_209510.log
743312,baseline,NHEFT,1,0.0,0,0,0,3.5761,4.5998,8.1759,2462.6238000000035,80.1393,2,2,22,435,435,0,274.2649,8.9252,28,10,148,85,42,43,147.5388287215541,4.8012,38,9,248,128,69,59,6.847572,0,ok,logs/seed_743312.log
743312,comp_drt,NHEFT+CompDRT,0,0.0,1,1,0,3.5761,4.5998,8.1759,2462.6238000000035,80.1393,2,2,22,435,435,0,274.2649,8.9252,28,10,148,85,42,43,830.1091534827582,27.0136,1,1,22,20,20,0,6.847572,0,ok,logs/seed_743312.log
212694,baseline,NHEFT,1,0.0,0,0,0,3.2178,4.2501,7.4679,2058.9715,68.4931,2,2,22,463,463,0,221.8319,7.3794,28,8,158,79,44,35,131.84667965596154,4.386,32,11,245,120,71,49,7.076311,0,ok,logs/seed_212694.log
212694,comp_drt,NHEFT+CompDRT,0,0.0,1,1,0,3.2178,4.2501,7.4679,2058.9715,68.4931,2,2,22,463,463,0,221.8319,7.3794,28,8,158,79,44,35,1252.2005502101906,41.6553,1,1,22,20,20,0,7.076311,0,ok,logs/seed_212694.log
224701,baseline,NHEFT,1,0.0,0,0,0,3.3139,3.7905,7.1044,1864.783299999999,45.2242,4,2,30,436,436,0,239.71059999999997,5.8134,23,7,183,71,42,29,138.66797574606042,3.3629,37,10,282,132,70,62,6.993824,0,ok,logs/seed_224701.log
224701,comp_drt,NHEFT+CompDRT,0,0.0,1,1,0,3.3139,3.7905,7.1044,1864.783299999999,45.2242,4,2,30,436,436,0,239.71059999999997,5.8134,23,7,183,71,42,29,1074.2860715189497,26.0533,1,1,22,20,20,0,6.993824,0,ok,logs/seed_224701.log
861434,baseline,NHEFT,1,0.0,0,0,0,3.5071,4.371,7.8781,2314.530399999998,64.7063,3,3,42,452,452,0,233.40430000000003,6.5252,15,6,125,56,42,14,155.6892846574936,4.3525,28,9,226,119,64,55,6.709222,0,ok,logs/seed_861434.log
861434,comp_drt,NHEFT+CompDRT,0,0.0,1,1,0,3.5071,4.371,7.8781,2314.530399999998,64.7063,3,3,42,452,452,0,233.40430000000003,6.5252,15,6,125,56,42,14,833.0382086749526,23.2889,1,1,22,20,20,0,6.709222,0,ok,logs/seed_861434.log
844102,baseline,NHEFT,1,0.0,0,0,0,3.1246,3.888,7.0126,2548.178200000008,57.8219,3,3,24,453,453,0,287.1712999999999,6.5163,23,9,147,86,46,40,133.04019614850142,3.0189,30,9,239,127,74,53,6.985631,0,ok,logs/seed_844102.log
844102,comp_drt,NHEFT+CompDRT,0,0.0,1,1,0,3.1246,3.888,7.0126,2548.178200000008,57.8219,3,3,24,453,453,0,287.1712999999999,6.5163,23,9,147,86,46,40,957.8785465418724,21.7357,1,1,22,20,20,0,6.985631,0,ok,logs/seed_844102.log
722064,baseline,NHEFT,1,0.0,0,0,0,3.1732,3.8269,7.0001,2182.5548999999983,66.5919,3,3,23,428,428,0,223.7394,6.8265,28,12,139,81,39,42,119.80001881188117,3.6552,44,10,274,147,77,70,8.697169,0,ok,logs/seed_722064.log
722064,comp_drt,NHEFT+CompDRT,0,0.0,1,1,0,3.1732,3.8269,7.0001,2182.5548999999983,66.5919,3,3,23,428,428,0,223.7394,6.8265,28,12,139,81,39,42,958.0273198314025,29.2303,1,1,22,20,20,0,8.697169,0,ok,logs/seed_722064.log
549862,baseline,NHEFT,1,0.0,0,0,0,3.7373,3.9185,7.6558,2255.4759000000013,62.4374,3,3,26,441,441,0,259.9006,7.1947,22,8,155,84,44,40,114.95438407573437,3.1822,33,8,257,122,63,59,5.941729,0,ok,logs/seed_549862.log
549862,comp_drt,NHEFT+CompDRT,0,0.0,1,1,0,3.7373,3.9185,7.6558,2255.4759000000013,62.4374,3,3,26,441,441,0,259.9006,7.1947,22,8,155,84,44,40,980.5206626903495,27.1433,1,1,22,20,20,0,5.941729,0,ok,logs/seed_549862.log
2010,baseline,NHEFT,1,0.0,0,0,0,3.568,3.4191,6.9871,2448.0388999999977,59.0762,3,3,30,475,475,0,257.72060000000005,6.2193,25,9,150,83,44,39,120.90900435546493,2.9178,28,9,251,113,67,46,6.495814,0,ok,logs/seed_2010.log
2010,comp_drt,NHEFT+CompDRT,0,0.0,1,1,0,3.568,3.4191,6.9871,2448.0388999999977,59.0762,3,3,30,475,475,0,257.72060000000005,6.2193,25,9,150,83,44,39,1149.1881778695654,27.7322,1,1,22,20,20,0,6.495814,0,ok,logs/seed_2010.log
796027,baseline,NHEFT,1,0.0,0,0,0,3.3282,3.5363,6.8645,1724.8265000000015,46.417,2,2,22,438,438,0,218.47079999999997,5.8793,23,7,161,71,42,29,118.52362100680267,3.1896,29,9,245,120,65,55,6.7194,0,ok,logs/seed_796027.log
796027,comp_drt,NHEFT+CompDRT,0,0.0,1,1,0,3.3282,3.5363,6.8645,1724.8265000000015,46.417,2,2,22,438,438,0,218.47079999999997,5.8793,23,7,161,71,42,29,980.9582379176783,26.3987,1,1,22,21,21,0,6.7194,0,ok,logs/seed_796027.log
401997,baseline,NHEFT,1,0.0,0,0,0,2.97,3.5597,6.5297,1833.5484999999994,48.258,2,2,29,460,460,0,223.62259999999998,5.8856,25,10,200,93,44,49,143.00470081767438,3.7638,34,10,266,151,88,63,7.426147,0,ok,logs/seed_401997.log
401997,comp_drt,NHEFT+CompDRT,0,0.0,1,1,0,2.97,3.5597,6.5297,1833.5484999999994,48.258,2,2,29,460,460,0,223.62259999999998,5.8856,25,10,200,93,44,49,1140.7062236897355,30.0228,1,1,22,20,20,0,7.426147,0,ok,logs/seed_401997.log
35721,baseline,NHEFT,1,0.0,0,0,0,3.9528,4.0696,8.0224,1868.4011000000019,52.1973,2,2,22,435,435,0,249.5651,6.9721,27,12,169,94,43,51,113.65569349425031,3.1752,35,10,266,133,72,61,6.477329,0,ok,logs/seed_35721.log
35721,comp_drt,NHEFT+CompDRT,0,0.0,1,1,0,3.9528,4.0696,8.0224,1868.4011000000019,52.1973,2,2,22,435,435,0,249.5651,6.9721,27,12,169,94,43,51,761.3904157642523,21.2709,1,1,22,20,20,0,6.477329,0,ok,logs/seed_35721.log
724068,baseline,NHEFT,1,0.0,0,0,0,3.4486,4.2781,7.7267,1822.359600000001,45.7596,2,2,22,503,503,0,210.85399999999996,5.2946,20,10,144,74,42,32,138.30811906792135,3.4729,31,10,260,141,81,60,7.34018,0,ok,logs/seed_724068.log
724068,comp_drt,NHEFT+CompDRT,0,0.0,1,1,0,3.4486,4.2781,7.7267,1822.359600000001,45.7596,2,2,22,503,503,0,210.85399999999996,5.2946,20,10,144,74,42,32,1008.9199231095895,25.3341,1,1,22,20,20,0,7.34018,0,ok,logs/seed_724068.log
800182,baseline,NHEFT,1,0.0,0,0,0,3.0587,3.9953,7.054,2414.9444000000008,63.5132,4,4,26,456,456,0,295.0898,7.7609,30,10,193,92,42,50,140.3240052533518,3.6905,37,8,282,133,65,68,6.215905,0,ok,logs/seed_800182.log
800182,comp_drt,NHEFT+CompDRT,0,0.0,1,1,0,3.0587,3.9953,7.054,2414.9444000000008,63.5132,4,4,26,456,456,0,295.0898,7.7609,30,10,193,92,42,50,975.041550067961,25.6437,1,1,22,20,20,0,6.215905,0,ok,logs/seed_800182.log
937614,baseline,NHEFT,1,0.0,0,0,0,3.0112,4.2461,7.2573,2039.7582999999981,53.8642,2,2,22,459,459,0,227.20669999999998,5.9999,23,5,174,62,41,21,136.1308444121721,3.5948,31,9,254,141,66,75,7.881855,0,ok,logs/seed_937614.log
937614,comp_drt,NHEFT+CompDRT,0,0.0,1,1,0,3.0112,4.2461,7.2573,2039.7582999999981,53.8642,2,2,22,459,459,0,227.20669999999998,5.9999,23,5,174,62,41,21,1591.808088972319,42.0352,1,1,22,21,21,0,7.881855,0,ok,logs/seed_937614.log
722394,baseline,NHEFT,1,0.0,0,0,0,3.2227,4.7324,7.9551,1877.5645999999965,51.1408,2,2,22,455,455,0,230.32829999999998,6.2737,25,7,151,78,43,35,162.69889670050358,4.4316,33,10,272,152,78,74,6.637466,0,ok,logs/seed_722394.log
722394,comp_drt,NHEFT+CompDRT,0,0.0,1,1,0,3.2227,4.7324,7.9551,1877.5645999999965,51.1408,2,2,22,455,455,0,230.32829999999998,6.2737,25,7,151,78,43,35,1131.943113296577,30.8317,1,1,22,20,20,0,6.637466,0,ok,logs/seed_722394.log
509760,baseline,NHEFT,1,0.0,0,0,0,3.3559,4.1011,7.457,2309.938999999996,54.7179,3,3,37,479,479,0,273.97259999999994,6.4899,28,8,178,94,46,48,164.43784143556766,3.8952,36,8,290,139,85,54,7.48902,0,ok,logs/seed_509760.log
509760,comp_drt,NHEFT+CompDRT,0,0.0,1,1,0,3.3559,4.1011,7.457,2309.938999999996,54.7179,3,3,37,479,479,0,273.97259999999994,6.4899,28,8,178,94,46,48,975.2162081004301,23.101,1,1,22,20,20,0,7.48902,0,ok,logs/seed_509760.log
70327,baseline,NHEFT,1,0.0,0,0,0,3.2158,3.6722,6.888,2658.4794999999995,61.0286,2,2,22,453,453,0,268.3409,6.1601,22,8,145,74,41,33,127.97469384232198,2.9378,34,10,264,123,64,59,6.990819,0,ok,logs/seed_70327.log
70327,comp_drt,NHEFT+CompDRT,0,0.0,1,1,0,3.2158,3.6722,6.888,2658.4794999999995,61.0286,2,2,22,453,453,0,268.3409,6.1601,22,8,145,74,41,33,725.2591005642457,16.6492,1,1,22,20,20,0,6.990819,0,ok,logs/seed_70327.log
750147,baseline,NHEFT,1,0.0,0,0,0,4.1372,4.6275,8.7647,2090.9356000000016,50.3427,2,2,22,457,457,0,260.6236,6.2749,28,10,178,99,46,53,140.1135545717529,3.3735,38,10,273,155,76,79,7.460341,0,ok,logs/seed_750147.log
750147,comp_drt,NHEFT+CompDRT,0,0.0,1,1,0,4.1372,4.6275,8.7647,2090.9356000000016,50.3427,2,2,22,457,457,0,260.6236,6.2749,28,10,178,99,46,53,774.5580671124258,18.6488,1,1,22,20,20,0,7.460341,0,ok,logs/seed_750147.log
460446,baseline,NHEFT,1,0.0,0,0,0,3.5227,4.5686,8.0913,2105.706700000001,40.9515,2,2,22,481,481,0,281.3269,5.4712,24,8,151,86,46,40,162.03102241441437,3.1512,32,10,262,150,83,67,6.38105,0,ok,logs/seed_460446.log
460446,comp_drt,NHEFT+CompDRT,0,0.0,1,1,0,3.5227,4.5686,8.0913,2105.706700000001,40.9515,2,2,22,481,481,0,281.3269,5.4712,24,8,151,86,46,40,1056.6620445682663,20.5498,1,1,22,21,21,0,6.38105,0,ok,logs/seed_460446.log
748846,baseline,NHEFT,1,0.0,0,0,0,3.2368,4.3537,7.5905,1881.5895999999982,60.1022,2,2,22,456,456,0,233.90660000000005,7.4715,18,7,148,71,40,31,142.82992129944597,4.5623,40,11,273,132,72,60,7.419285,0,ok,logs/seed_748846.log
748846,comp_drt,NHEFT+CompDRT,0,0.0,1,1,0,3.2368,4.3537,7.5905,1881.5895999999982,60.1022,2,2,22,456,456,0,233.90660000000005,7.4715,18,7,148,71,40,31,992.1701939230771,31.6921,1,1,22,22,22,0,7.419285,0,ok,logs/seed_748846.log
610796,baseline,NHEFT,1,0.0,0,0,0,3.2821,4.1464,7.4285,2423.174299999997,50.8767,2,2,22,485,485,0,248.61169999999998,5.2198,23,6,169,70,40,30,168.261117458529,3.5328,38,10,287,155,81,74,8.726247,0,ok,logs/seed_610796.log
610796,comp_drt,NHEFT+CompDRT,0,0.0,1,1,0,3.2821,4.1464,7.4285,2423.174299999997,50.8767,2,2,22,485,485,0,248.61169999999998,5.2198,23,6,169,70,40,30,1300.9373457605616,27.3143,1,1,22,20,20,0,8.726247,0,ok,logs/seed_610796.log
372755,baseline,NHEFT,1,0.0,0,0,0,3.6621,4.4181,8.0802,1768.8486000000019,55.0405,2,2,22,452,452,0,203.92730000000003,6.3455,19,5,158,54,36,18,145.56927871464148,4.5296,35,11,251,144,72,72,7.302867,0,ok,logs/seed_372755.log
372755,comp_drt,NHEFT+CompDRT,0,0.0,1,1,0,3.6621,4.4181,8.0802,1768.8486000000019,55.0405,2,2,22,452,452,0,203.92730000000003,6.3455,19,5,158,54,36,18,959.9543745555561,29.8705,1,1,22,20,20,0,7.302867,0,ok,logs/seed_372755.log
324404,baseline,NHEFT,1,0.0,0,0,0,3.3786,3.6863,7.0649,2204.8464000000004,73.6077,2,2,22,443,443,0,276.3534,9.2259,25,12,152,101,45,56,129.35101649626566,4.3183,37,10,248,142,81,61,6.889979,0,ok,logs/seed_324404.log
324404,comp_drt,NHEFT+CompDRT,0,0.0,1,1,0,3.3786,3.6863,7.0649,2204.8464000000004,73.6077,2,2,22,443,443,0,276.3534,9.2259,25,12,152,101,45,56,870.5995528637018,29.0646,1,1,22,20,20,0,6.889979,0,ok,logs/seed_324404.log
138451,baseline,NHEFT,1,0.0,0,0,0,3.422,4.4267,7.8487,2089.6345000000038,45.5236,2,2,22,445,445,0,216.27929999999998,4.7117,19,6,171,64,40,24,128.53499692333838,2.8002,38,10,266,136,70,66,6.741466,0,ok,logs/seed_138451.log
138451,comp_drt,NHEFT+CompDRT,0,0.0,1,1,0,3.422,4.4267,7.8487,2089.6345000000038,45.5236,2,2,22,445,445,0,216.27929999999998,4.7117,19,6,171,64,40,24,1013.8770281633402,22.0878,1,1,22,20,20,0,6.741466,0,ok,logs/seed_138451.log
117059,baseline,NHEFT,1,0.0,0,0,0,3.4831,4.2526,7.7357,2557.8199999999924,79.9331,3,3,23,461,461,0,267.9750999999999,8.3744,23,9,129,74,40,34,134.97731500663065,4.2181,38,10,268,141,75,66,7.061333,0,ok,logs/seed_117059.log
117059,comp_drt,NHEFT+CompDRT,0,0.0,1,1,0,3.4831,4.2526,7.7357,2557.8199999999924,79.9331,3,3,23,461,461,0,267.9750999999999,8.3744,23,9,129,74,40,34,1344.831159394025,42.0266,1,1,22,20,20,0,7.061333,0,ok,logs/seed_117059.log
976782,baseline,NHEFT,1,0.0,0,0,0,3.284,3.973,7.257,2018.2458999999963,45.1914,2,2,22,456,456,0,226.21600000000004,5.0653,26,9,148,75,41,34,134.96414433973968,3.022,38,12,257,146,72,74,5.742184,0,ok,logs/seed_976782.log
976782,comp_drt,NHEFT+CompDRT,0,0.0,1,1,0,3.284,3.973,7.257,2018.2458999999963,45.1914,2,2,22,456,456,0,226.21600000000004,5.0653,26,9,148,75,41,34,1109.132511484419,24.835,1,1,22,21,21,0,5.742184,0,ok,logs/seed_976782.log
574644,baseline,NHEFT,1,0.0,0,0,0,3.7654,4.654,8.4194,2231.6597000000074,44.7874,3,3,29,449,449,0,239.78789999999995,4.8123,21,6,166,62,42,20,145.32038946812895,2.9165,34,10,255,145,76,69,7.821797,0,ok,logs/seed_574644.log
574644,comp_drt,NHEFT+CompDRT,0,0.0,1,1,0,3.7654,4.654,8.4194,2231.6597000000074,44.7874,3,3,29,449,449,0,239.78789999999995,4.8123,21,6,166,62,42,20,927.2275739668868,18.6086,1,1,22,20,20,0,7.821797,0,ok,logs/seed_574644.log
435308,baseline,NHEFT,1,0.0,0,0,0,3.7185,4.0825,7.801,2002.0069999999957,46.3371,3,3,31,456,456,0,212.60900000000004,4.9209,26,10,189,77,43,34,130.88697719639893,3.0294,37,10,298,170,93,77,7.90397,0,ok,logs/seed_435308.log
435308,comp_drt,NHEFT+CompDRT,0,0.0,1,1,0,3.7185,4.0825,7.801,2002.0069999999957,46.3371,3,3,31,456,456,0,212.60900000000004,4.9209,26,10,189,77,43,34,1023.9811904285715,23.7004,1,1,22,20,20,0,7.90397,0,ok,logs/seed_435308.log
635612,baseline,NHEFT,1,0.0,0,0,0,3.2282,3.5585,6.7867,2148.5231,53.4256,2,2,22,455,455,0,230.88500000000005,5.7412,27,8,152,80,39,41,131.5007517540122,3.2699,43,14,266,173,86,87,7.724677,0,ok,logs/seed_635612.log
635612,comp_drt,NHEFT+CompDRT,0,0.0,1,1,0,3.2282,3.5585,6.7867,2148.5231,53.4256,2,2,22,455,455,0,230.88500000000005,5.7412,27,8,152,80,39,41,821.0087657466506,20.4154,1,1,22,21,21,0,7.724677,0,ok,logs/seed_635612.log
289817,baseline,NHEFT,1,0.0,0,0,0,3.1797,3.8398,7.0195,2110.2461999999973,61.5632,2,2,22,455,455,0,242.55449999999993,7.0762,25,10,170,79,41,38,136.54540251108952,3.9835,38,11,270,161,89,72,7.191949,0,ok,logs/seed_289817.log
289817,comp_drt,NHEFT+CompDRT,0,0.0,1,1,0,3.1797,3.8398,7.0195,2110.2461999999973,61.5632,2,2,22,455,455,0,242.55449999999993,7.0762,25,10,170,79,41,38,1319.2849407665717,38.4881,1,1,22,20,20,0,7.191949,0,ok,logs/seed_289817.log
639065,baseline,NHEFT,1,0.0,0,0,0,3.8591,4.4677,8.3268,2202.7729000000045,55.9948,2,2,22,469,469,0,189.2684,4.8112,17,5,158,50,35,15,144.8251500980392,3.6815,33,10,257,132,68,64,7.918937,0,ok,logs/seed_639065.log
639065,comp_drt,NHEFT+CompDRT,0,0.0,1,1,0,3.8591,4.4677,8.3268,2202.7729000000045,55.9948,2,2,22,469,469,0,189.2684,4.8112,17,5,158,50,35,15,1685.828080025211,42.854,1,1,22,21,21,0,7.918937,0,ok,logs/seed_639065.log
650943,baseline,NHEFT,1,0.0,0,0,0,3.415,3.5162,6.9312,2308.7830999999996,59.8833,2,2,22,495,495,0,225.73789999999997,5.855,19,7,145,73,41,32,118.54525861416023,3.0747,37,10,290,165,86,79,8.454383,0,ok,logs/seed_650943.log
650943,comp_drt,NHEFT+CompDRT,0,0.0,1,1,0,3.415,3.5162,6.9312,2308.7830999999996,59.8833,2,2,22,495,495,0,225.73789999999997,5.855,19,7,145,73,41,32,1108.5265428191358,28.752,1,1,22,20,20,0,8.454383,0,ok,logs/seed_650943.log
110055,baseline,NHEFT,1,0.0,0,0,0,2.9384,3.2166,6.155,2458.248000000001,63.9011,2,2,42,492,492,0,265.1431,6.8923,31,11,178,102,45,57,139.79263752532748,3.6338,43,13,309,167,83,84,7.813864,0,ok,logs/seed_110055.log
110055,comp_drt,NHEFT+CompDRT,0,0.0,1,1,0,2.9384,3.2166,6.155,2458.248000000001,63.9011,2,2,42,492,492,0,265.1431,6.8923,31,11,178,102,45,57,972.792459045454,25.2873,1,1,22,21,21,0,7.813864,0,ok,logs/seed_110055.log
117791,baseline,NHEFT,1,0.0,0,0,0,3.6622,4.1317,7.7939,2231.395399999998,62.114,2,2,22,443,443,0,250.59620000000004,6.9757,27,8,158,83,37,46,128.27765292307691,3.5708,36,9,272,139,74,65,7.544582,0,ok,logs/seed_117791.log
117791,comp_drt,NHEFT+CompDRT,0,0.0,1,1,0,3.6622,4.1317,7.7939,2231.395399999998,62.114,2,2,22,443,443,0,250.59620000000004,6.9757,27,8,158,83,37,46,850.8884350542635,23.6857,1,1,22,20,20,0,7.544582,0,ok,logs/seed_117791.log
124685,baseline,NHEFT,1,0.0,0,0,0,3.2422,3.7712,7.0134,1798.1099000000006,45.7922,3,2,28,456,456,0,244.30409999999995,6.2217,40,11,232,104,46,58,146.63001341830065,3.7342,47,11,306,162,91,71,7.430802,0,ok,logs/seed_124685.log
124685,comp_drt,NHEFT+CompDRT,0,0.0,1,1,0,3.2422,3.7712,7.0134,1798.1099000000006,45.7922,3,2,28,456,456,0,244.30409999999995,6.2217,40,11,232,104,46,58,1359.3196570378657,34.6176,1,1,22,20,20,0,7.430802,0,ok,logs/seed_124685.log
997328,baseline,NHEFT,1,0.0,0,0,0,3.1444,3.6637,6.8081,2555.226400000004,73.5715,3,3,28,472,472,0,253.4033,7.2961,26,7,164,81,42,39,139.09314661321537,4.0048,40,9,302,144,82,62,6.54703,0,ok,logs/seed_997328.log
997328,comp_drt,NHEFT+CompDRT,0,0.0,1,1,0,3.1444,3.6637,6.8081,2555.226400000004,73.5715,3,3,28,472,472,0,253.4033,7.2961,26,7,164,81,42,39,885.1634717037036,25.4861,1,1,22,20,20,0,6.54703,0,ok,logs/seed_997328.log
655714,baseline,NHEFT,1,0.0,0,0,0,3.616,4.44,8.056,2188.583699999999,61.82,2,2,22,466,466,0,204.39619999999994,5.7735,18,4,169,55,38,17,148.98099298750117,4.2082,33,8,281,159,81,78,7.57088,0,ok,logs/seed_655714.log
655714,comp_drt,NHEFT+CompDRT,0,0.0,1,1,0,3.616,4.44,8.056,2188.583699999999,61.82,2,2,22,466,466,0,204.39619999999994,5.7735,18,4,169,55,38,17,656.0060638154657,18.5299,1,1,22,20,20,0,7.57088,0,ok,logs/seed_655714.log
512136,baseline,NHEFT,1,0.0,0,0,0,3.4292,3.7135,7.1427,2003.0166,51.6946,2,2,22,457,457,0,262.9684,6.7868,24,11,190,104,43,61,125.60633967879538,3.2417,37,12,271,135,75,60,6.001113,0,ok,logs/seed_512136.log
512136,comp_drt,NHEFT+CompDRT,0,0.0,1,1,0,3.4292,3.7135,7.1427,2003.0166,51.6946,2,2,22,457,457,0,262.9684,6.7868,24,11,190,104,43,61,1144.1962911548526,29.5299,1,1,22,21,21,0,6.001113,0,ok,logs/seed_512136.log
695034,baseline,NHEFT,1,0.0,0,0,0,3.3198,3.8564,7.1762,2455.357299999998,60.7299,3,3,42,469,469,0,253.8938000000001,6.2797,24,8,144,61,43,18,153.14105809995576,3.7877,34,11,263,151,83,68,9.211405,0,ok,logs/seed_695034.log
695034,comp_drt,NHEFT+CompDRT,0,0.0,1,1,0,3.3198,3.8564,7.1762,2455.357299999998,60.7299,3,3,42,469,469,0,253.8938000000001,6.2797,24,8,144,61,43,18,989.2371957629817,24.4674,1,1,22,20,20,0,9.211405,0,ok,logs/seed_695034.log
539246,baseline,NHEFT,1,0.0,0,0,0,3.015,4.4326,7.4476,2586.4891,72.3368,2,2,22,438,438,0,337.2256999999999,9.4313,27,10,181,97,45,52,156.15628077090355,4.3673,33,9,242,133,74,59,6.969538,0,ok,logs/seed_539246.log
539246,comp_drt,NHEFT+CompDRT,0,0.0,1,1,0,3.015,4.4326,7.4476,2586.4891,72.3368,2,2,22,438,438,0,337.2256999999999,9.4313,27,10,181,97,45,52,1176.1075414677714,32.8924,1,1,22,20,20,0,6.969538,0,ok,logs/seed_539246.log
354388,baseline,NHEFT,1,0.0,0,0,0,3.5248,3.9367,7.4615,2190.0166000000013,56.3398,2,2,22,476,476,0,229.08349999999996,5.8933,20,6,156,70,43,27,122.5414639738448,3.1525,34,10,285,148,77,71,8.171426,0,ok,logs/seed_354388.log
354388,comp_drt,NHEFT+CompDRT,0,0.0,1,1,0,3.5248,3.9367,7.4615,2190.0166000000013,56.3398,2,2,22,476,476,0,229.08349999999996,5.8933,20,6,156,70,43,27,1201.0260274151483,30.8973,1,1,22,20,20,0,8.171426,0,ok,logs/seed_354388.log
282392,baseline,NHEFT,1,0.0,0,0,0,3.2988,4.5368,7.8356,2663.5242999999973,76.1623,2,2,22,461,461,0,279.9533,8.0051,27,11,145,95,42,53,141.61132220280828,4.0493,38,10,250,136,75,61,8.588316,0,ok,logs/seed_282392.log
282392,comp_drt,NHEFT+CompDRT,0,0.0,1,1,0,3.2988,4.5368,7.8356,2663.5242999999973,76.1623,2,2,22,461,461,0,279.9533,8.0051,27,11,145,95,42,53,1882.496166169814,53.8291,1,1,22,20,20,0,8.588316,0,ok,logs/seed_282392.log
465345,baseline,NHEFT,1,0.0,0,0,0,3.5842,4.656,8.2402,1803.834500000002,51.8057,2,2,22,452,452,0,228.26019999999994,6.5556,26,6,174,78,42,36,157.13027458028603,4.5127,35,8,271,122,71,51,7.972964,0,ok,logs/seed_465345.log
465345,comp_drt,NHEFT+CompDRT,0,0.0,1,1,0,3.5842,4.656,8.2402,1803.834500000002,51.8057,2,2,22,452,452,0,228.26019999999994,6.5556,26,6,174,78,42,36,794.5765229735098,22.8201,1,1,22,20,20,0,7.972964,0,ok,logs/seed_465345.log
276209,baseline,NHEFT,1,0.0,0,0,0,3.287,3.4667,6.7537,1658.2326999999987,42.6075,2,2,22,428,428,0,209.23739999999998,5.3763,18,7,154,62,41,21,136.8079663447016,3.5152,35,10,245,134,79,55,6.235569,0,ok,logs/seed_276209.log
276209,comp_drt,NHEFT+CompDRT,0,0.0,1,1,0,3.287,3.4667,6.7537,1658.2326999999987,42.6075,2,2,22,428,428,0,209.23739999999998,5.3763,18,7,154,62,41,21,1940.9337920113537,49.8714,1,1,22,23,23,0,6.235569,0,ok,logs/seed_276209.log
48268,baseline,NHEFT,1,0.0,0,0,0,3.5207,4.6378,8.1585,1851.9014999999974,45.5721,2,2,22,471,471,0,205.97480000000002,5.0687,23,7,182,67,41,26,152.594809779661,3.7551,41,10,289,170,86,84,7.567724,0,ok,logs/seed_48268.log
48268,comp_drt,NHEFT+CompDRT,0,0.0,1,1,0,3.5207,4.6378,8.1585,1851.9014999999974,45.5721,2,2,22,471,471,0,205.97480000000002,5.0687,23,7,182,67,41,26,1083.573098661016,26.6649,1,1,22,20,20,0,7.567724,0,ok,logs/seed_48268.log
312904,baseline,NHEFT,1,0.0,0,0,0,3.9133,4.7539,8.6672,2250.874799999997,58.9102,3,3,25,455,455,0,267.9349000000001,7.0124,27,13,148,96,40,56,139.29586889858737,3.6457,34,9,250,130,72,58,6.771929,0,ok,logs/seed_312904.log
312904,comp_drt,NHEFT+CompDRT,0,0.0,1,1,0,3.9133,4.7539,8.6672,2250.874799999997,58.9102,3,3,25,455,455,0,267.9349000000001,7.0124,27,13,148,96,40,56,722.8314645116287,18.918,1,1,22,20,20,0,6.771929,0,ok,logs/seed_312904.log
95163,baseline,NHEFT,1,0.0,0,0,0,3.6925,5.5348,9.2273,2171.6493,58.2877,2,2,22,466,466,0,230.64399999999998,6.1906,27,12,157,78,35,43,145.75773565681305,3.9122,45,10,271,145,68,77,7.960685,0,ok,logs/seed_95163.log
95163,comp_drt,NHEFT+CompDRT,0,0.0,1,1,0,3.6925,5.5348,9.2273,2171.6493,58.2877,2,2,22,466,466,0,230.64399999999998,6.1906,27,12,157,78,35,43,1177.014707349515,31.5914,1,1,22,20,20,0,7.960685,0,ok,logs/seed_95163.log
739903,baseline,NHEFT,1,0.0,0,0,0,3.3308,4.3243,7.6551,1539.6482999999985,44.3474,1,1,22,459,459,0,193.11609999999996,5.5624,25,8,156,75,37,38,155.29635680891772,4.4731,38,10,249,151,84,67,5.991422,0,ok,logs/seed_739903.log
739903,comp_drt,NHEFT+CompDRT,0,0.0,1,1,0,3.3308,4.3243,7.6551,1539.6482999999985,44.3474,1,1,22,459,459,0,193.11609999999996,5.5624,25,8,156,75,37,38,784.3299190000002,22.5915,1,1,22,20,20,0,5.991422,0,ok,logs/seed_739903.log
527611,baseline,NHEFT,1,0.0,0,0,0,3.1403,3.4681,6.6084,1992.6874999999966,56.0883,2,2,22,446,446,0,243.80919999999992,6.8625,21,9,145,80,41,39,120.296608808003,3.386,40,12,265,153,73,80,7.518841,0,ok,logs/seed_527611.log
527611,comp_drt,NHEFT+CompDRT,0,0.0,1,1,0,3.1403,3.4681,6.6084,1992.6874999999966,56.0883,2,2,22,446,446,0,243.80919999999992,6.8625,21,9,145,80,41,39,809.8894418116713,22.796,1,1,22,20,20,0,7.518841,0,ok,logs/seed_527611.log
591781,baseline,NHEFT,1,0.0,0,0,0,3.6606,4.1996,7.8602,2213.106999999995,54.2443,2,2,22,496,496,0,213.4303,5.2313,20,5,161,61,40,21,158.4322110709685,3.8832,44,11,279,141,69,72,7.612346,0,ok,logs/seed_591781.log
591781,comp_drt,NHEFT+CompDRT,0,0.0,1,1,0,3.6606,4.1996,7.8602,2213.106999999995,54.2443,2,2,22,496,496,0,213.4303,5.2313,20,5,161,61,40,21,985.1607612446396,24.1467,1,1,22,20,20,0,7.612346,0,ok,logs/seed_591781.log
10602,baseline,NHEFT,1,0.0,0,0,0,3.4158,4.2333,7.6491,2352.3207999999995,74.0322,2,2,22,459,459,0,206.0776,6.4857,19,8,128,57,36,21,140.59577193993775,4.4248,33,10,247,119,64,55,7.107031,0,ok,logs/seed_10602.log
10602,comp_drt,NHEFT+CompDRT,0,0.0,1,1,0,3.4158,4.2333,7.6491,2352.3207999999995,74.0322,2,2,22,459,459,0,206.0776,6.4857,19,8,128,57,36,21,1291.794459857143,40.6553,1,1,22,20,20,0,7.107031,0,ok,logs/seed_10602.log
91728,baseline,NHEFT,1,0.0,0,0,0,3.8754,3.7202,7.5956,2218.5236999999993,58.7399,2,2,22,468,468,0,256.5888,6.7937,37,14,183,104,43,61,118.05241682410107,3.1257,39,10,253,123,72,51,6.930576,0,ok,logs/seed_91728.log
91728,comp_drt,NHEFT+CompDRT,0,0.0,1,1,0,3.8754,3.7202,7.5956,2218.5236999999993,58.7399,2,2,22,468,468,0,256.5888,6.7937,37,14,183,104,43,61,880.9604377740112,23.3252,1,1,22,20,20,0,6.930576,0,ok,logs/seed_91728.log
777150,baseline,NHEFT,1,0.0,0,0,0,3.3739,3.8737,7.2476,1814.0253000000018,49.422,2,2,22,423,423,0,180.43819999999997,4.9159,18,4,167,49,37,12,122.40126050224214,3.3347,41,11,276,151,71,80,6.516811,0,ok,logs/seed_777150.log
777150,comp_drt,NHEFT+CompDRT,0,0.0,1,1,0,3.3739,3.8737,7.2476,1814.0253000000018,49.422,2,2,22,423,423,0,180.43819999999997,4.9159,18,4,167,49,37,12,1106.9129412720486,30.1572,1,1,22,20,20,0,6.516811,0,ok,logs/seed_777150.log
761499,baseline,NHEFT,1,0.0,0,0,0,3.32,3.7493,7.0693,2382.0729000000024,57.5058,2,2,22,464,464,0,217.7519,5.2568,17,6,126,55,36,19,127.07824087532867,3.0678,36,10,255,132,76,56,7.369238,0,ok,logs/seed_761499.log
761499,comp_drt,NHEFT+CompDRT,0,0.0,1,1,0,3.32,3.7493,7.0693,2382.0729000000024,57.5058,2,2,22,464,464,0,217.7519,5.2568,17,6,126,55,36,19,911.3446707241378,22.0008,1,1,22,20,20,0,7.369238,0,ok,logs/seed_761499.log
453482,baseline,NHEFT,1,0.0,0,0,0,3.5022,4.7118,8.214,1786.8786000000007,55.5518,2,2,22,444,444,0,211.11770000000004,6.5634,25,8,170,77,40,37,139.24425695793815,4.3289,29,9,241,105,63,42,5.842452,0,ok,logs/seed_453482.log
453482,comp_drt,NHEFT+CompDRT,0,0.0,1,1,0,3.5022,4.7118,8.214,1786.8786000000007,55.5518,2,2,22,444,444,0,211.11770000000004,6.5634,25,8,170,77,40,37,761.6370575737438,23.6783,1,1,22,20,20,0,5.842452,0,ok,logs/seed_453482.log
562121,baseline,NHEFT,1,0.0,0,0,0,3.2661,3.7561,7.0222,1563.507299999999,42.6262,2,2,22,430,430,0,218.65800000000004,5.9613,24,12,173,91,43,48,148.36829106313172,4.045,30,9,254,141,77,64,6.593115,0,ok,logs/seed_562121.log
562121,comp_drt,NHEFT+CompDRT,0,0.0,1,1,0,3.2661,3.7561,7.0222,1563.507299999999,42.6262,2,2,22,430,430,0,218.65800000000004,5.9613,24,12,173,91,43,48,817.5464062907129,22.2889,1,1,22,20,20,0,6.593115,0,ok,logs/seed_562121.log
770979,baseline,NHEFT,1,0.0,0,0,0,3.1282,3.95,7.0782,1660.3346999999997,41.8001,4,3,24,442,442,0,231.84799999999993,5.8369,21,6,157,69,41,28,133.8810622658666,3.3706,34,10,248,133,73,60,5.30707,0,ok,logs/seed_770979.log
770979,comp_drt,NHEFT+CompDRT,0,0.0,1,1,0,3.1282,3.95,7.0782,1660.3346999999997,41.8001,4,3,24,442,442,0,231.84799999999993,5.8369,21,6,157,69,41,28,975.4277860544411,24.5571,1,1,22,20,20,0,5.30707,0,ok,logs/seed_770979.log
703949,baseline,NHEFT,1,0.0,0,0,0,3.331,4.3323,7.6633,2101.1825000000026,54.5252,2,2,22,458,458,0,214.85869999999994,5.5755,18,8,123,63,39,24,149.51415351134767,3.8799,34,11,254,141,80,61,6.884635,0,ok,logs/seed_703949.log
703949,comp_drt,NHEFT+CompDRT,0,0.0,1,1,0,3.331,4.3323,7.6633,2101.1825000000026,54.5252,2,2,22,458,458,0,214.85869999999994,5.5755,18,8,123,63,39,24,1799.6567945100685,46.7007,1,1,22,20,20,0,6.884635,0,ok,logs/seed_703949.log
314686,baseline,NHEFT,1,0.0,0,0,0,3.2689,3.1022,6.3711,2238.8586000000028,49.3334,2,2,22,460,460,0,248.54819999999995,5.4768,29,9,180,84,43,41,147.08017676580656,3.2409,34,9,266,137,71,66,6.496634,0,ok,logs/seed_314686.log
314686,comp_drt,NHEFT+CompDRT,0,0.0,1,1,0,3.2689,3.1022,6.3711,2238.8586000000028,49.3334,2,2,22,460,460,0,248.54819999999995,5.4768,29,9,180,84,43,41,1414.8656612191942,31.1767,1,1,22,20,20,0,6.496634,0,ok,logs/seed_314686.log
475760,baseline,NHEFT,1,0.0,0,0,0,3.4122,4.6638,8.076,2617.8422999999993,74.0801,2,2,22,483,483,0,275.73859999999996,7.8029,31,11,167,90,43,47,134.75954858033236,3.8134,43,10,298,141,74,67,9.09835,0,ok,logs/seed_475760.log
475760,comp_drt,NHEFT+CompDRT,0,0.0,1,1,0,3.4122,4.6638,8.076,2617.8422999999993,74.0801,2,2,22,483,483,0,275.73859999999996,7.8029,31,11,167,90,43,47,697.3635477066246,19.7341,1,1,22,20,20,0,9.09835,0,ok,logs/seed_475760.log
595079,baseline,NHEFT,1,0.0,0,0,0,3.5866,4.0731,7.6597,2282.5807000000013,68.3592,2,2,22,426,426,0,247.2992,7.4062,17,6,118,69,38,31,123.84167014288339,3.7088,30,8,225,133,69,64,4.893559,0,ok,logs/seed_595079.log
595079,comp_drt,NHEFT+CompDRT,0,0.0,1,1,0,3.5866,4.0731,7.6597,2282.5807000000013,68.3592,2,2,22,426,426,0,247.2992,7.4062,17,6,118,69,38,31,621.1010523333334,18.6009,1,1,22,20,20,0,4.893559,0,ok,logs/seed_595079.log
27243,baseline,NHEFT,1,0.0,0,0,0,3.2354,4.0631,7.2985,1913.8985,46.9814,2,2,22,449,449,0,235.45499999999996,5.7798,24,9,164,77,40,37,131.8270217583313,3.236,38,11,264,149,73,76,7.505103,0,ok,logs/seed_27243.log
27243,comp_drt,NHEFT+CompDRT,0,0.0,1,1,0,3.2354,4.0631,7.2985,1913.8985,46.9814,2,2,22,449,449,0,235.45499999999996,5.7798,24,9,164,77,40,37,1592.8395804379086,39.1002,1,1,22,20,20,0,7.505103,0,ok,logs/seed_27243.log
143022,baseline,NHEFT,1,0.0,0,0,0,3.5474,5.3222,8.8696,1649.5935000000031,36.5916,2,2,22,429,429,0,187.83530000000002,4.1666,22,6,154,61,41,20,146.68756886390537,3.2539,38,11,265,150,77,73,6.677513,0,ok,logs/seed_143022.log
143022,comp_drt,NHEFT+CompDRT,0,0.0,1,1,0,3.5474,5.3222,8.8696,1649.5935000000031,36.5916,2,2,22,429,429,0,187.83530000000002,4.1666,22,6,154,61,41,20,1127.1247763964489,25.0021,1,1,22,20,20,0,6.677513,0,ok,logs/seed_143022.log
958432,baseline,NHEFT,1,0.0,0,0,0,3.2693,3.6732,6.9425,2006.748800000003,42.8717,2,2,22,427,427,0,259.32059999999996,5.5401,30,12,190,106,44,62,139.0992092850016,2.9717,30,9,250,146,80,66,5.53175,0,ok,logs/seed_958432.log
958432,comp_drt,NHEFT+CompDRT,0,0.0,1,1,0,3.2693,3.6732,6.9425,2006.748800000003,42.8717,2,2,22,427,427,0,259.32059999999996,5.5401,30,12,190,106,44,62,1147.3268096890079,24.5112,1,1,22,20,20,0,5.53175,0,ok,logs/seed_958432.log
799339,baseline,NHEFT,1,0.0,0,0,0,3.735,4.647,8.382,1986.734100000004,57.6252,2,2,22,452,452,0,251.34349999999992,7.2902,31,11,153,90,44,46,150.10579897018377,4.3538,31,10,244,130,73,57,6.211965,0,ok,logs/seed_799339.log
799339,comp_drt,NHEFT+CompDRT,0,0.0,1,1,0,3.735,4.647,8.382,1986.734100000004,57.6252,2,2,22,452,452,0,251.34349999999992,7.2902,31,11,153,90,44,46,1038.7805736944856,30.1298,1,1,22,20,20,0,6.211965,0,ok,logs/seed_799339.log
953842,baseline,NHEFT,1,0.0,0,0,0,3.2835,4.0304,7.3139,2073.889599999998,55.7866,2,2,22,447,447,0,228.1365,6.1368,22,8,162,73,42,31,133.7380089850746,3.5975,32,10,224,117,67,50,5.883244,0,ok,logs/seed_953842.log
953842,comp_drt,NHEFT+CompDRT,0,0.0,1,1,0,3.2835,4.0304,7.3139,2073.889599999998,55.7866,2,2,22,447,447,0,228.1365,6.1368,22,8,162,73,42,31,1037.5072319737985,27.9084,1,1,22,20,20,0,5.883244,0,ok,logs/seed_953842.log
937400,baseline,NHEFT,1,0.0,0,0,0,3.6171,4.0045,7.6216,2351.7238000000057,65.9149,2,2,22,470,470,0,253.68300000000008,7.1103,21,8,145,86,43,43,132.07742738904096,3.7019,42,10,294,150,80,70,6.730214,0,ok,logs/seed_937400.log
937400,comp_drt,NHEFT+CompDRT,0,0.0,1,1,0,3.6171,4.0045,7.6216,2351.7238000000057,65.9149,2,2,22,470,470,0,253.68300000000008,7.1103,21,8,145,86,43,43,587.7760784108025,16.4744,1,1,22,20,20,0,6.730214,0,ok,logs/seed_937400.log
919932,baseline,NHEFT,1,0.0,0,0,0,3.3082,4.4897,7.7979,2005.1188000000045,57.8441,2,2,22,450,450,0,199.25660000000005,5.7482,19,4,172,57,39,18,148.25430394988902,4.2769,31,8,276,132,74,58,6.415902,0,ok,logs/seed_919932.log
919932,comp_drt,NHEFT+CompDRT,0,0.0,1,1,0,3.3082,4.4897,7.7979,2005.1188000000045,57.8441,2,2,22,450,450,0,199.25660000000005,5.7482,19,4,172,57,39,18,812.5417192911211,23.4404,1,1,22,20,20,0,6.415902,0,ok,logs/seed_919932.log
786261,baseline,NHEFT,1,0.0,0,0,0,3.2286,5.1423,8.3709,1685.720100000001,41.9506,2,2,22,442,442,0,232.05489999999998,5.7749,23,8,190,88,44,44,163.34710686883267,4.065,38,9,278,163,81,82,6.914382,0,ok,logs/seed_786261.log
786261,comp_drt,NHEFT+CompDRT,0,0.0,1,1,0,3.2286,5.1423,8.3709,1685.720100000001,41.9506,2,2,22,442,442,0,232.05489999999998,5.7749,23,8,190,88,44,44,840.7999190000003,20.924,1,1,22,20,20,0,6.914382,0,ok,logs/seed_786261.log
266747,baseline,NHEFT,1,0.0,0,0,0,3.2813,3.7339,7.0152,2313.951,72.8737,2,2,22,450,450,0,244.5567,7.7019,20,7,139,72,42,30,121.1116305073141,3.8142,37,11,266,133,74,59,7.703615,0,ok,logs/seed_266747.log
266747,comp_drt,NHEFT+CompDRT,0,0.0,1,1,0,3.2813,3.7339,7.0152,2313.951,72.8737,2,2,22,450,450,0,244.5567,7.7019,20,7,139,72,42,30,1099.4439856666665,34.625,1,1,22,20,20,0,7.703615,0,ok,logs/seed_266747.log
394465,baseline,NHEFT,1,0.0,0,0,0,3.0096,4.2219,7.2315,2047.3799000000029,50.4606,2,2,38,488,488,0,197.08890000000005,4.8575,16,3,169,58,39,19,139.8418407137001,3.4466,48,10,303,157,73,84,6.689591,0,ok,logs/seed_394465.log
394465,comp_drt,NHEFT+CompDRT,0,0.0,1,1,0,3.0096,4.2219,7.2315,2047.3799000000029,50.4606,2,2,38,488,488,0,197.08890000000005,4.8575,16,3,169,58,39,19,1009.9454755744681,24.8916,1,1,22,23,23,0,6.689591,0,ok,logs/seed_394465.log
725987,baseline,NHEFT,1,0.0,0,0,0,3.1631,3.4606,6.6237,1861.620399999997,33.9496,2,2,22,488,488,0,207.5011,3.7841,20,7,159,64,40,24,136.73620923103746,2.4936,35,10,266,146,86,60,7.39693,0,ok,logs/seed_725987.log
725987,comp_drt,NHEFT+CompDRT,0,0.0,1,1,0,3.1631,3.4606,6.6237,1861.620399999997,33.9496,2,2,22,488,488,0,207.5011,3.7841,20,7,159,64,40,24,1030.9918540364952,18.8018,1,1,22,20,20,0,7.39693,0,ok,logs/seed_725987.log
224478,baseline,NHEFT,1,0.0,0,0,0,3.0237,4.0237,7.0474,3024.307500000003,62.3792,2,2,22,489,489,0,275.7922,5.6885,24,10,147,83,41,42,153.04040486500978,3.1566,24,8,232,103,52,51,6.987884,0,ok,logs/seed_224478.log
224478,comp_drt,NHEFT+CompDRT,0,0.0,1,1,0,3.0237,4.0237,7.0474,3024.307500000003,62.3792,2,2,22,489,489,0,275.7922,5.6885,24,10,147,83,41,42,810.2620984780543,16.7124,1,1,22,20,20,0,6.987884,0,ok,logs/seed_224478.log
408636,baseline,NHEFT,1,0.0,0,0,0,3.3336,3.9382,7.2718,1992.140699999999,51.6942,2,2,22,460,460,0,213.7403,5.5464,22,8,177,66,39,27,144.68818368918699,3.7545,37,9,271,145,79,66,7.228265,0,ok,logs/seed_408636.log
408636,comp_drt,NHEFT+CompDRT,0,0.0,1,1,0,3.3336,3.9382,7.2718,1992.140699999999,51.6942,2,2,22,460,460,0,213.7403,5.5464,22,8,177,66,39,27,908.3141517539434,23.5699,1,1,22,20,20,0,7.228265,0,ok,logs/seed_408636.log
617269,baseline,NHEFT,1,0.0,0,0,0,3.7819,3.8103,7.5922,1936.2586000000013,56.8411,3,3,37,453,453,0,205.62370000000007,6.0363,22,6,163,65,42,23,114.34552780500523,3.3567,41,11,260,138,74,64,6.118196,0,ok,logs/seed_617269.log
617269,comp_drt,NHEFT+CompDRT,0,0.0,1,1,0,3.7819,3.8103,7.5922,1936.2586000000013,56.8411,3,3,37,453,453,0,205.62370000000007,6.0363,22,6,163,65,42,23,1004.7844871594531,29.4966,1,1,22,20,20,0,6.118196,0,ok,logs/seed_617269.log
650122,baseline,NHEFT,1,0.0,0,0,0,3.3569,3.191,6.5479,1661.5845000000013,43.8941,2,2,22,433,433,0,203.98209999999992,5.3886,19,6,157,69,42,27,107.9591508757657,2.852,39,11,277,155,85,70,7.389471,0,ok,logs/seed_650122.log
650122,comp_drt,NHEFT+CompDRT,0,0.0,1,1,0,3.3569,3.191,6.5479,1661.5845000000013,43.8941,2,2,22,433,433,0,203.98209999999992,5.3886,19,6,157,69,42,27,1137.9927531158396,30.0624,1,1,22,20,20,0,7.389471,0,ok,logs/seed_650122.log
522983,baseline,NHEFT,1,0.0,0,0,0,3.6068,5.0466,8.6534,2436.2583999999993,55.4637,2,2,22,486,486,0,270.8317,6.1657,23,7,155,80,44,36,144.8932007968862,3.2986,35,11,289,155,75,80,7.244817,0,ok,logs/seed_522983.log
522983,comp_drt,NHEFT+CompDRT,0,0.0,1,1,0,3.6068,5.0466,8.6534,2436.2583999999993,55.4637,2,2,22,486,486,0,270.8317,6.1657,23,7,155,80,44,36,1485.7681558006875,33.8249,1,1,22,21,21,0,7.244817,0,ok,logs/seed_522983.log
239950,baseline,NHEFT,1,0.0,0,0,0,3.1084,4.2218,7.3302,1696.122400000004,46.9551,2,2,22,437,437,0,215.7927,5.974,22,8,133,69,39,30,126.25432574679354,3.4952,24,9,200,113,64,49,6.167642,0,ok,logs/seed_239950.log
239950,comp_drt,NHEFT+CompDRT,0,0.0,1,1,0,3.1084,4.2218,7.3302,1696.122400000004,46.9551,2,2,22,437,437,0,215.7927,5.974,22,8,133,69,39,30,800.4813364921756,22.1604,1,1,22,20,20,0,6.167642,0,ok,logs/seed_239950.log
258973,baseline,NHEFT,1,0.0,0,0,0,2.7671,3.1009,5.868,1789.478899999994,33.6652,4,2,26,479,479,0,215.16320000000002,4.0478,22,6,180,72,40,32,131.67738719211818,2.4772,32,8,281,126,74,52,7.639836,0,ok,logs/seed_258973.log
258973,comp_drt,NHEFT+CompDRT,0,0.0,1,1,0,2.7671,3.1009,5.868,1789.478899999994,33.6652,4,2,26,479,479,0,215.16320000000002,4.0478,22,6,180,72,40,32,1268.103161798029,23.8567,1,1,22,20,20,0,7.639836,0,ok,logs/seed_258973.log
824466,baseline,NHEFT,1,0.0,0,0,0,3.4184,4.0928,7.5112,2482.489199999997,78.1052,3,3,27,441,441,0,251.77419999999995,7.9214,23,11,140,93,41,52,114.02604054311782,3.5875,26,10,216,99,54,45,4.674351,0,ok,logs/seed_824466.log
824466,comp_drt,NHEFT+CompDRT,0,0.0,1,1,0,3.4184,4.0928,7.5112,2482.489199999997,78.1052,3,3,27,441,441,0,251.77419999999995,7.9214,23,11,140,93,41,52,868.2132069090911,27.3161,1,1,22,21,21,0,4.674351,0,ok,logs/seed_824466.log
682056,baseline,NHEFT,1,0.0,0,0,0,3.0976,4.653,7.7506,1867.9774,36.3374,2,2,22,465,465,0,194.9819,3.7929,19,5,152,60,39,21,149.24358106708272,2.9032,43,10,286,156,77,79,7.424905,0,ok,logs/seed_682056.log
682056,comp_drt,NHEFT+CompDRT,0,0.0,1,1,0,3.0976,4.653,7.7506,1867.9774,36.3374,2,2,22,465,465,0,194.9819,3.7929,19,5,152,60,39,21,1134.797650557764,22.075,1,1,22,21,21,0,7.424905,0,ok,logs/seed_682056.log
431617,baseline,NHEFT,1,0.0,0,0,0,3.2857,3.4775,6.7632,2130.0582000000018,40.712,2,2,22,493,493,0,225.953,4.3187,33,10,180,85,41,44,140.47949571324517,2.685,33,9,253,135,81,54,6.759967,0,ok,logs/seed_431617.log
431617,comp_drt,NHEFT+CompDRT,0,0.0,1,1,0,3.2857,3.4775,6.7632,2130.0582000000018,40.712,2,2,22,493,493,0,225.953,4.3187,33,10,180,85,41,44,1147.2817564043587,21.9281,1,1,22,21,21,0,6.759967,0,ok,logs/seed_431617.log
777731,baseline,NHEFT,1,0.0,0,0,0,3.401,4.8013,8.2023,2176.3867000000037,66.0582,2,2,22,468,468,0,244.15870000000004,7.4108,27,7,184,79,43,36,143.3013007519326,4.3495,35,8,303,143,76,67,6.408575,0,ok,logs/seed_777731.log
777731,comp_drt,NHEFT+CompDRT,0,0.0,1,1,0,3.401,4.8013,8.2023,2176.3867000000037,66.0582,2,2,22,468,468,0,244.15870000000004,7.4108,27,7,184,79,43,36,737.0951323671738,22.3725,1,1,22,20,20,0,6.408575,0,ok,logs/seed_777731.log
65523,baseline,NHEFT,1,0.0,0,0,0,3.6102,3.8132,7.4234,1975.2728000000016,58.0816,2,2,22,455,455,0,240.5972,7.0746,31,11,180,97,44,53,142.9624047889269,4.2037,41,10,266,145,74,71,5.04477,0,ok,logs/seed_65523.log
65523,comp_drt,NHEFT+CompDRT,0,0.0,1,1,0,3.6102,3.8132,7.4234,1975.2728000000016,58.0816,2,2,22,455,455,0,240.5972,7.0746,31,11,180,97,44,53,1076.7560059385119,31.6613,1,1,22,20,20,0,5.04477,0,ok,logs/seed_65523.log
226267,baseline,NHEFT,1,0.0,0,0,0,3.1759,4.0955,7.2714,1913.8319999999999,44.9238,2,2,22,475,475,0,203.87709999999998,4.7857,23,7,161,66,40,26,132.90825166135974,3.1198,39,10,277,128,68,60,8.196552,0,ok,logs/seed_226267.log
226267,comp_drt,NHEFT+CompDRT,0,0.0,1,1,0,3.1759,4.0955,7.2714,1913.8319999999999,44.9238,2,2,22,475,475,0,203.87709999999998,4.7857,23,7,161,66,40,26,2154.8903072033263,50.5823,1,1,22,20,20,0,8.196552,0,ok,logs/seed_226267.log
20773,baseline,NHEFT,1,0.0,0,0,0,3.3806,3.464,6.8446,1792.504900000003,42.837,2,2,22,457,457,0,235.55919999999995,5.6294,20,10,165,96,44,52,110.77526666666668,2.6473,44,10,279,142,75,67,6.239803,0,ok,logs/seed_20773.log
20773,comp_drt,NHEFT+CompDRT,0,0.0,1,1,0,3.3806,3.464,6.8446,1792.504900000003,42.837,2,2,22,457,457,0,235.55919999999995,5.6294,20,10,165,96,44,52,1682.9477904874714,40.2188,1,1,22,20,20,0,6.239803,0,ok,logs/seed_20773.log
75919,baseline,NHEFT,1,0.0,0,0,0,2.8831,4.3139,7.197,1833.098600000002,43.7248,2,2,22,464,464,0,232.79790000000006,5.5529,31,11,220,89,44,45,135.4911918275233,3.2319,47,9,297,153,75,78,7.566048,0,ok,logs/seed_75919.log
75919,comp_drt,NHEFT+CompDRT,0,0.0,1,1,0,2.8831,4.3139,7.197,1833.098600000002,43.7248,2,2,22,464,464,0,232.79790000000006,5.5529,31,11,220,89,44,45,896.0384391476507,21.3732,1,1,22,20,20,0,7.566048,0,ok,logs/seed_75919.log
796262,baseline,NHEFT,1,0.0,0,0,0,3.1066,4.3252,7.4318,2132.593400000006,49.2516,1,1,22,477,477,0,255.67549999999997,5.9047,26,5,188,73,48,25,167.39382632946402,3.8659,43,10,278,161,79,82,6.471936,0,ok,logs/seed_796262.log
796262,comp_drt,NHEFT+CompDRT,0,0.0,1,1,0,3.1066,4.3252,7.4318,2132.593400000006,49.2516,1,1,22,477,477,0,255.67549999999997,5.9047,26,5,188,73,48,25,1122.6199592771554,25.9266,1,1,22,20,20,0,6.471936,0,ok,logs/seed_796262.log
557554,baseline,NHEFT,1,0.0,0,0,0,3.6999,4.4468,8.1467,1783.2972000000009,49.4539,2,2,22,474,474,0,236.01150000000007,6.545,31,11,190,95,41,54,139.55858310428442,3.8702,34,8,268,140,80,60,6.582429,0,ok,logs/seed_557554.log
557554,comp_drt,NHEFT+CompDRT,0,0.0,1,1,0,3.6999,4.4468,8.1467,1783.2972000000009,49.4539,2,2,22,474,474,0,236.01150000000007,6.545,31,11,190,95,41,54,959.2882439493847,26.6027,1,1,22,20,20,0,6.582429,0,ok,logs/seed_557554.log
818564,baseline,NHEFT,1,0.0,0,0,0,3.3855,4.0155,7.401,1681.665599999999,42.7462,5,3,27,461,461,0,213.74119999999994,5.4331,25,6,183,67,41,26,153.2289558732012,3.8949,35,8,258,132,73,59,6.339519,0,ok,logs/seed_818564.log
818564,comp_drt,NHEFT+CompDRT,0,0.0,1,1,0,3.3855,4.0155,7.401,1681.665599999999,42.7462,5,3,27,461,461,0,213.74119999999994,5.4331,25,6,183,67,41,26,784.1354119393937,19.9319,1,1,22,20,20,0,6.339519,0,ok,logs/seed_818564.log
5641,baseline,NHEFT,1,0.0,0,0,0,3.403,3.5329,6.9359,2239.8365999999974,62.7563,3,3,24,432,432,0,225.84420000000003,6.3278,26,9,141,67,40,27,116.9081428273812,3.2756,42,14,276,140,69,71,5.879039,0,ok,logs/seed_5641.log
5641,comp_drt,NHEFT+CompDRT,0,0.0,1,1,0,3.403,3.5329,6.9359,2239.8365999999974,62.7563,3,3,24,432,432,0,225.84420000000003,6.3278,26,9,141,67,40,27,911.9167719411762,25.5503,1,1,22,20,20,0,5.879039,0,ok,logs/seed_5641.log
80721,baseline,NHEFT,1,0.0,0,0,0,3.4909,4.4822,7.9731,2756.462400000001,53.3975,2,2,22,491,491,0,306.8868999999999,5.9449,26,10,168,112,46,66,150.25580400000004,2.9107,37,12,267,136,67,69,7.048222,0,ok,logs/seed_80721.log
80721,comp_drt,NHEFT+CompDRT,0,0.0,1,1,0,3.4909,4.4822,7.9731,2756.462400000001,53.3975,2,2,22,491,491,0,306.8868999999999,5.9449,26,10,168,112,46,66,1075.5786647463879,20.8358,1,1,22,20,20,0,7.048222,0,ok,logs/seed_80721.log
14714,baseline,NHEFT,1,0.0,0,0,0,3.2426,3.8349,7.0775,2415.094500000004,48.5979,2,2,22,489,489,0,263.13210000000004,5.2949,25,9,166,85,43,42,136.16893921320494,2.7401,37,10,284,142,75,67,7.422496,0,ok,logs/seed_14714.log
14714,comp_drt,NHEFT+CompDRT,0,0.0,1,1,0,3.2426,3.8349,7.0775,2415.094500000004,48.5979,2,2,22,489,489,0,263.13210000000004,5.2949,25,9,166,85,43,42,2222.9267514341077,44.7309,1,1,22,20,20,0,7.422496,0,ok,logs/seed_14714.log
965327,baseline,NHEFT,1,0.0,0,0,0,3.4293,4.6476,8.0769,2266.833999999999,58.247,2,2,22,449,449,0,264.6416,6.8,25,10,150,86,44,42,162.49963864013836,4.1755,29,9,254,123,73,50,5.532606,0,ok,logs/seed_965327.log
965327,comp_drt,NHEFT+CompDRT,0,0.0,1,1,0,3.4293,4.6476,8.0769,2266.833999999999,58.247,2,2,22,449,449,0,264.6416,6.8,25,10,150,86,44,42,1567.2643680725705,40.2714,1,1,22,20,20,0,5.532606,0,ok,logs/seed_965327.log
460722,baseline,NHEFT,1,0.0,0,0,0,3.324,3.8236,7.1476,1831.0953000000018,50.4042,4,2,28,434,434,0,256.3417999999999,7.0563,34,10,194,99,47,52,134.1562467240106,3.6929,42,10,265,127,71,56,6.155137,0,ok,logs/seed_460722.log
460722,comp_drt,NHEFT+CompDRT,0,0.0,1,1,0,3.324,3.8236,7.1476,1831.0953000000018,50.4042,4,2,28,434,434,0,256.3417999999999,7.0563,34,10,194,99,47,52,1181.9595391799744,32.5356,1,1,22,21,21,0,6.155137,0,ok,logs/seed_460722.log
724036,baseline,NHEFT,1,0.0,0,0,0,3.2747,3.7718,7.0465,2033.3328999999992,36.4978,3,3,31,448,448,0,275.9926,4.954,23,7,184,74,41,33,158.94681003967966,2.8531,37,9,255,129,72,57,6.446591,0,ok,logs/seed_724036.log
724036,comp_drt,NHEFT+CompDRT,0,0.0,1,1,0,3.2747,3.7718,7.0465,2033.3328999999992,36.4978,3,3,31,448,448,0,275.9926,4.954,23,7,184,74,41,33,1188.8661535431797,21.3398,1,1,22,20,20,0,6.446591,0,ok,logs/seed_724036.log
901968,baseline,NHEFT,1,0.0,0,0,0,3.6098,4.1159,7.7257,2158.2432999999974,64.5032,2,2,22,461,461,0,203.81479999999996,6.0914,18,6,133,60,40,20,150.32911328402363,4.4929,39,12,268,140,73,67,6.883774,0,ok,logs/seed_901968.log
901968,comp_drt,NHEFT+CompDRT,0,0.0,1,1,0,3.6098,4.1159,7.7257,2158.2432999999974,64.5032,2,2,22,461,461,0,203.81479999999996,6.0914,18,6,133,60,40,20,922.5329971065094,27.5716,1,1,22,20,20,0,6.883774,0,ok,logs/seed_901968.log
287728,baseline,NHEFT,1,0.0,0,0,0,3.5827,4.0485,7.6312,2461.2482999999984,68.0471,3,3,26,477,477,0,240.3942,6.6463,24,12,141,85,40,45,118.62429047002028,3.2797,40,10,266,135,74,61,7.362174,0,ok,logs/seed_287728.log
287728,comp_drt,NHEFT+CompDRT,0,0.0,1,1,0,3.5827,4.0485,7.6312,2461.2482999999984,68.0471,3,3,26,477,477,0,240.3942,6.6463,24,12,141,85,40,45,1467.0019911108075,40.5588,1,1,22,20,20,0,7.362174,0,ok,logs/seed_287728.log
747287,baseline,NHEFT,1,0.0,0,0,0,3.4922,4.3409,7.8331,2280.830900000001,68.994,3,3,42,470,470,0,230.38950000000003,6.9692,24,6,180,61,42,19,149.6443504919928,4.5267,39,10,271,123,65,58,5.716557,0,ok,logs/seed_747287.log
747287,comp_drt,NHEFT+CompDRT,0,0.0,1,1,0,3.4922,4.3409,7.8331,2280.830900000001,68.994,3,3,42,470,470,0,230.38950000000003,6.9692,24,6,180,61,42,19,1258.9609256073697,38.0829,1,1,22,20,20,0,5.716557,0,ok,logs/seed_747287.log
867108,baseline,NHEFT,1,0.0,0,0,0,3.3764,4.3757,7.7521,2398.1480999999962,67.508,2,2,22,454,454,0,281.42319999999995,7.9221,21,9,158,85,44,41,157.69337149700496,4.4391,34,9,252,145,78,67,6.345909,0,ok,logs/seed_867108.log
867108,comp_drt,NHEFT+CompDRT,0,0.0,1,1,0,3.3764,4.3757,7.7521,2398.1480999999962,67.508,2,2,22,454,454,0,281.42319999999995,7.9221,21,9,158,85,44,41,774.6718839928259,21.8071,1,1,22,20,20,0,6.345909,0,ok,logs/seed_867108.log
196697,baseline,NHEFT,1,0.0,0,0,0,3.4915,4.9054,8.3969,2420.3068999999973,63.637,2,2,22,456,456,0,219.9317,5.7827,24,7,145,58,37,21,147.57861663181816,3.8803,31,9,239,122,68,54,5.555087,0,ok,logs/seed_196697.log
196697,comp_drt,NHEFT+CompDRT,0,0.0,1,1,0,3.4915,4.9054,8.3969,2420.3068999999973,63.637,2,2,22,456,456,0,219.9317,5.7827,24,7,145,58,37,21,1290.8767678023726,33.941,1,1,22,20,20,0,5.555087,0,ok,logs/seed_196697.log
635464,baseline,NHEFT,1,0.0,0,0,0,3.2438,4.6196,7.8634,2638.1541000000043,49.9096,2,2,22,468,468,0,265.1498,5.0162,22,7,155,61,40,21,166.07203424054984,3.1418,36,10,266,124,70,54,6.068729,0,ok,logs/seed_635464.log
635464,comp_drt,NHEFT+CompDRT,0,0.0,1,1,0,3.2438,4.6196,7.8634,2638.1541000000043,49.9096,2,2,22,468,468,0,265.1498,5.0162,22,7,155,61,40,21,915.0919729518897,17.3121,1,1,22,20,20,0,6.068729,0,ok,logs/seed_635464.log
389228,baseline,NHEFT,1,0.0,0,0,0,3.4951,3.9604,7.4555,2323.225500000003,48.1834,2,2,22,450,450,0,299.0584999999999,6.2024,24,9,184,101,46,55,132.2804183953148,2.7435,35,9,263,125,66,59,5.318909,0,ok,logs/seed_389228.log
389228,comp_drt,NHEFT+CompDRT,0,0.0,1,1,0,3.4951,3.9604,7.4555,2323.225500000003,48.1834,2,2,22,450,450,0,299.0584999999999,6.2024,24,9,184,101,46,55,908.7423932313322,18.8472,1,1,22,20,20,0,5.318909,0,ok,logs/seed_389228.log
813617,baseline,NHEFT,1,0.0,0,0,0,3.4162,4.2209,7.6371,2271.638600000002,61.1125,2,2,22,458,458,0,222.42329999999998,5.9837,20,9,139,73,40,33,122.50756442784717,3.2957,28,10,237,116,70,46,5.707024,0,ok,logs/seed_813617.log
813617,comp_drt,NHEFT+CompDRT,0,0.0,1,1,0,3.4162,4.2209,7.6371,2271.638600000002,61.1125,2,2,22,458,458,0,222.42329999999998,5.9837,20,9,139,73,40,33,1391.986840714681,37.4478,1,1,22,20,20,0,5.707024,0,ok,logs/seed_813617.log
232555,baseline,NHEFT,1,0.0,0,0,0,3.218,4.4665,7.6845,1935.710099999998,42.953,4,3,42,480,480,0,230.3164,5.1107,19,6,178,76,48,28,143.14587149405992,3.1764,43,11,289,155,77,78,6.891333,0,ok,logs/seed_232555.log
232555,comp_drt,NHEFT+CompDRT,0,0.0,1,1,0,3.218,4.4665,7.6845,1935.710099999998,42.953,4,3,42,480,480,0,230.3164,5.1107,19,6,178,76,48,28,1420.9357342317874,31.5302,1,1,22,20,20,0,6.891333,0,ok,logs/seed_232555.log
932496,baseline,NHEFT,1,0.0,0,0,0,3.5012,5.1389,8.6401,2048.3843999999995,51.2765,2,2,22,473,473,0,257.28849999999994,6.4406,22,9,159,85,45,40,136.17838022345651,3.4089,45,12,297,157,72,85,6.286092,0,ok,logs/seed_932496.log
932496,comp_drt,NHEFT+CompDRT,0,0.0,1,1,0,3.5012,5.1389,8.6401,2048.3843999999995,51.2765,2,2,22,473,473,0,257.28849999999994,6.4406,22,9,159,85,45,40,979.5977150479705,24.5219,1,1,22,20,20,0,6.286092,0,ok,logs/seed_932496.log
544493,baseline,NHEFT,1,0.0,0,0,0,3.8913,4.8969,8.7882,1975.5881000000031,40.5932,3,3,42,466,466,0,253.77729999999994,5.2145,23,8,164,77,49,28,138.49505210637682,2.8457,40,10,277,147,80,67,6.978281,0,ok,logs/seed_544493.log
544493,comp_drt,NHEFT+CompDRT,0,0.0,1,1,0,3.8913,4.8969,8.7882,1975.5881000000031,40.5932,3,3,42,466,466,0,253.77729999999994,5.2145,23,8,164,77,49,28,898.3779443164566,18.4593,1,1,22,20,20,0,6.978281,0,ok,logs/seed_544493.log
174431,baseline,NHEFT,1,0.0,0,0,0,3.7124,4.5583,8.2707,2340.0453000000016,66.3575,1,1,22,440,440,0,266.86119999999994,7.5675,31,13,166,106,41,65,144.14328758247586,4.0875,40,11,266,139,72,67,6.346564,0,ok,logs/seed_174431.log
174431,comp_drt,NHEFT+CompDRT,0,0.0,1,1,0,3.7124,4.5583,8.2707,2340.0453000000016,66.3575,1,1,22,440,440,0,266.86119999999994,7.5675,31,13,166,106,41,65,786.6944667062406,22.3086,1,1,22,20,20,0,6.346564,0,ok,logs/seed_174431.log
715533,baseline,NHEFT,1,0.0,0,0,0,3.3044,3.7198,7.0242,2430.656399999998,62.8366,3,3,34,461,461,0,272.64380000000017,7.0483,26,10,164,89,45,44,126.47740030704806,3.2697,37,11,279,153,71,82,6.36226,0,ok,logs/seed_715533.log
715533,comp_drt,NHEFT+CompDRT,0,0.0,1,1,0,3.3044,3.7198,7.0242,2430.656399999998,62.8366,3,3,34,461,461,0,272.64380000000017,7.0483,26,10,164,89,45,44,1752.5011335588613,45.3051,1,1,22,21,21,0,6.36226,0,ok,logs/seed_715533.log
710115,baseline,NHEFT,1,0.0,0,0,0,3.1761,4.1052,7.2813,2478.259700000002,46.9492,2,2,22,435,435,0,254.64849999999998,4.8242,20,6,156,61,39,22,146.50332422236878,2.7754,42,9,252,141,75,66,6.400082,0,ok,logs/seed_710115.log
710115,comp_drt,NHEFT+CompDRT,0,0.0,1,1,0,3.1761,4.1052,7.2813,2478.259700000002,46.9492,2,2,22,435,435,0,254.64849999999998,4.8242,20,6,156,61,39,22,915.3556430950573,17.3409,1,1,22,20,20,0,6.400082,0,ok,logs/seed_710115.log
69527,baseline,NHEFT,1,0.0,0,0,0,3.5598,4.4515,8.0113,2242.3633999999947,61.8983,2,2,22,469,469,0,256.48389999999995,7.08,25,8,164,91,42,49,141.08246422643097,3.8944,39,10,271,159,81,78,7.635357,0,ok,logs/seed_69527.log
69527,comp_drt,NHEFT+CompDRT,0,0.0,1,1,0,3.5598,4.4515,8.0113,2242.3633999999947,61.8983,2,2,22,469,469,0,256.48389999999995,7.08,25,8,164,91,42,49,1024.1291953363502,28.2701,1,1,22,21,21,0,7.635357,0,ok,logs/seed_69527.log
584456,baseline,NHEFT,1,0.0,0,0,0,3.488,3.8727,7.3607,2044.8884999999993,56.7861,2,2,22,459,459,0,219.22919999999996,6.0879,20,7,141,73,43,30,120.85569908313074,3.3561,30,8,262,132,68,64,6.540822,0,ok,logs/seed_584456.log
584456,comp_drt,NHEFT+CompDRT,0,0.0,1,1,0,3.488,3.8727,7.3607,2044.8884999999993,56.7861,2,2,22,459,459,0,219.22919999999996,6.0879,20,7,141,73,43,30,797.8239907272722,22.1554,1,1,22,20,20,0,6.540822,0,ok,logs/seed_584456.log
678197,baseline,NHEFT,1,0.0,0,0,0,3.2176,4.0731,7.2907,2745.1547,73.6164,3,3,33,468,468,0,230.8338,6.1902,20,7,128,57,37,20,139.0490971888545,3.7289,39,10,271,147,78,69,6.063903,0,ok,logs/seed_678197.log
678197,comp_drt,NHEFT+CompDRT,0,0.0,1,1,0,3.2176,4.0731,7.2907,2745.1547,73.6164,3,3,33,468,468,0,230.8338,6.1902,20,7,128,57,37,20,836.6005341919872,22.435,1,1,22,20,20,0,6.063903,0,ok,logs/seed_678197.log
871381,baseline,NHEFT,1,0.0,0,0,0,3.3472,3.7324,7.0796,1997.1797999999974,54.6174,2,2,22,438,438,0,231.08530000000002,6.3196,26,7,159,77,42,35,128.7931258478521,3.5221,37,10,276,153,77,76,5.914065,0,ok,logs/seed_871381.log
871381,comp_drt,NHEFT+CompDRT,0,0.0,1,1,0,3.3472,3.7324,7.0796,1997.1797999999974,54.6174,2,2,22,438,438,0,231.08530000000002,6.3196,26,7,159,77,42,35,774.4736794166669,21.1798,1,1,22,20,20,0,5.914065,0,ok,logs/seed_871381.log
855755,baseline,NHEFT,1,0.0,0,0,0,3.4233,4.8126,8.2359,2005.3078000000046,51.556,2,2,22,461,461,0,227.31299999999993,5.8442,26,8,181,89,43,46,131.99874895117867,3.3937,37,10,282,139,80,59,7.304626,0,ok,logs/seed_855755.log
855755,comp_drt,NHEFT+CompDRT,0,0.0,1,1,0,3.4233,4.8126,8.2359,2005.3078000000046,51.556,2,2,22,461,461,0,227.31299999999993,5.8442,26,8,181,89,43,46,809.9854777526165,20.8246,1,1,22,20,20,0,7.304626,0,ok,logs/seed_855755.log
137836,baseline,NHEFT,1,0.0,0,0,0,3.2829,4.0886,7.3715,1864.8199999999968,50.7914,2,2,22,442,442,0,221.47500000000008,6.0322,25,9,178,73,42,31,137.6293428839779,3.7486,36,10,274,143,79,64,6.487996,0,ok,logs/seed_137836.log
137836,comp_drt,NHEFT+CompDRT,0,0.0,1,1,0,3.2829,4.0886,7.3715,1864.8199999999968,50.7914,2,2,22,442,442,0,221.47500000000008,6.0322,25,9,178,73,42,31,1006.1513234198885,27.4041,1,1,22,20,20,0,6.487996,0,ok,logs/seed_137836.log
560927,baseline,NHEFT,1,0.0,0,0,0,2.9401,4.1392,7.0793,2341.5122000000047,57.2593,4,3,43,450,450,0,285.8319999999999,6.9897,25,9,197,85,45,40,175.01277721192054,4.2798,28,9,271,125,78,47,6.280808,0,ok,logs/seed_560927.log
560927,comp_drt,NHEFT+CompDRT,0,0.0,1,1,0,2.9401,4.1392,7.0793,2341.5122000000047,57.2593,4,3,43,450,450,0,285.8319999999999,6.9897,25,9,197,85,45,40,1445.456798456026,35.3472,1,1,22,20,20,0,6.280808,0,ok,logs/seed_560927.log
47925,baseline,NHEFT,1,0.0,0,0,0,3.4229,5.0181,8.441,1713.514700000003,43.6474,2,2,22,419,419,0,198.4864,5.0559,13,4,124,53,36,17,151.1299750575139,3.8497,38,12,240,131,65,66,6.287887,0,ok,logs/seed_47925.log
47925,comp_drt,NHEFT+CompDRT,0,0.0,1,1,0,3.4229,5.0181,8.441,1713.514700000003,43.6474,2,2,22,419,419,0,198.4864,5.0559,13,4,124,53,36,17,917.371601560296,23.3677,1,1,22,20,20,0,6.287887,0,ok,logs/seed_47925.log
667073,baseline,NHEFT,1,0.0,0,0,0,3.0811,3.2363,6.3174,2072.052500000001,55.1521,2,2,22,431,431,0,213.47469999999996,5.6821,18,7,116,58,37,21,129.9956779439568,3.4601,31,9,252,128,71,57,5.520905,0,ok,logs/seed_667073.log
667073,comp_drt,NHEFT+CompDRT,0,0.0,1,1,0,3.0811,3.2363,6.3174,2072.052500000001,55.1521,2,2,22,431,431,0,213.47469999999996,5.6821,18,7,116,58,37,21,951.1378422821673,25.3166,1,1,22,20,20,0,5.520905,0,ok,logs/seed_667073.log
153349,baseline,NHEFT,1,0.0,0,0,0,3.4392,3.8798,7.319,2659.4436999999975,54.6776,3,3,23,470,470,0,270.43149999999997,5.56,25,10,160,90,44,46,138.28756736624595,2.8432,32,9,273,121,65,56,6.179113,0,ok,logs/seed_153349.log
153349,comp_drt,NHEFT+CompDRT,0,0.0,1,1,0,3.4392,3.8798,7.319,2659.4436999999975,54.6776,3,3,23,470,470,0,270.43149999999997,5.56,25,10,160,90,44,46,855.2698882702699,17.5842,1,1,22,20,20,0,6.179113,0,ok,logs/seed_153349.log
263035,baseline,NHEFT,1,0.0,0,0,0,3.1571,4.0335,7.1906,2559.074500000006,66.4463,2,2,22,474,474,0,256.9198999999999,6.6709,25,9,160,79,40,39,136.74809420483103,3.5507,43,9,303,156,82,74,5.617169,0,ok,logs/seed_263035.log
263035,comp_drt,NHEFT+CompDRT,0,0.0,1,1,0,3.1571,4.0335,7.1906,2559.074500000006,66.4463,2,2,22,474,474,0,256.9198999999999,6.6709,25,9,160,79,40,39,796.9792322857146,20.6936,1,1,22,20,20,0,5.617169,0,ok,logs/seed_263035.log
782665,baseline,NHEFT,1,0.0,0,0,0,3.0331,4.1462,7.1793,1755.7676000000006,36.2569,2,2,22,452,452,0,227.26099999999997,4.693,21,6,174,74,45,29,151.05981707652268,3.1194,42,11,302,155,79,76,5.60643,0,ok,logs/seed_782665.log
782665,comp_drt,NHEFT+CompDRT,0,0.0,1,1,0,3.0331,4.1462,7.1793,1755.7676000000006,36.2569,2,2,22,452,452,0,227.26099999999997,4.693,21,6,174,74,45,29,868.4143332823918,17.9329,1,1,22,21,21,0,5.60643,0,ok,logs/seed_782665.log
372049,baseline,NHEFT,1,0.0,0,0,0,3.4083,3.5822,6.9905,1966.6969999999965,42.5285,2,2,22,483,483,0,234.3189,5.067,27,8,175,91,47,44,140.49123755771626,3.038,33,9,259,136,75,61,5.933305,0,ok,logs/seed_372049.log
372049,comp_drt,NHEFT+CompDRT,0,0.0,1,1,0,3.4083,3.5822,6.9905,1966.6969999999965,42.5285,2,2,22,483,483,0,234.3189,5.067,27,8,175,91,47,44,784.1802504136116,16.9574,1,1,22,20,20,0,5.933305,0,ok,logs/seed_372049.log
15262,baseline,NHEFT,1,0.0,0,0,0,3.7927,5.355,9.1477,1904.424600000003,57.1877,2,2,22,449,449,0,233.66119999999998,7.0166,33,15,166,86,39,47,161.49246585776322,4.8494,43,9,270,155,87,68,6.385426,0,ok,logs/seed_15262.log
15262,comp_drt,NHEFT+CompDRT,0,0.0,1,1,0,3.7927,5.355,9.1477,1904.424600000003,57.1877,2,2,22,449,449,0,233.66119999999998,7.0166,33,15,166,86,39,47,1089.8489816707129,32.7269,1,1,22,20,20,0,6.385426,0,ok,logs/seed_15262.log
745342,baseline,NHEFT,1,0.0,0,0,0,3.7034,3.6996,7.403,1965.004900000001,49.3877,2,2,22,485,485,0,229.96220000000005,5.7798,27,8,185,82,44,38,121.72690804871696,3.0594,39,10,300,144,78,66,6.595612,0,ok,logs/seed_745342.log
745342,comp_drt,NHEFT+CompDRT,0,0.0,1,1,0,3.7034,3.6996,7.403,1965.004900000001,49.3877,2,2,22,485,485,0,229.96220000000005,5.7798,27,8,185,82,44,38,1495.1503378019795,37.5786,1,1,22,20,20,0,6.595612,0,ok,logs/seed_745342.log
437809,baseline,NHEFT,1,0.0,0,0,0,3.6745,4.0821,7.7566,1762.2012000000004,50.2105,2,2,22,426,426,0,192.09830000000005,5.4735,24,7,138,64,40,24,112.78170620167512,3.2135,32,10,241,111,60,51,4.671782,0,ok,logs/seed_437809.log
437809,comp_drt,NHEFT+CompDRT,0,0.0,1,1,0,3.6745,4.0821,7.7566,1762.2012000000004,50.2105,2,2,22,426,426,0,192.09830000000005,5.4735,24,7,138,64,40,24,1284.1789649338843,36.5902,1,1,22,20,20,0,4.671782,0,ok,logs/seed_437809.log
987435,baseline,NHEFT,1,0.0,0,0,0,3.7867,3.739,7.5257,2132.3736000000017,72.1628,2,2,22,466,466,0,253.49859999999998,8.5788,24,8,159,86,43,43,122.30533614664488,4.139,37,10,265,127,72,55,5.860757,0,ok,logs/seed_987435.log
987435,comp_drt,NHEFT+CompDRT,0,0.0,1,1,0,3.7867,3.739,7.5257,2132.3736000000017,72.1628,2,2,22,466,466,0,253.49859999999998,8.5788,24,8,159,86,43,43,820.0122788503738,27.7505,1,1,22,20,20,0,5.860757,0,ok,logs/seed_987435.log
146585,baseline,NHEFT,1,0.0,0,0,0,3.3039,4.1945,7.4984,2444.863,57.3084,2,2,22,488,488,0,273.70310000000006,6.4157,24,8,168,79,43,36,165.36041723771018,3.8761,33,9,266,150,81,69,6.90453,0,ok,logs/seed_146585.log
146585,comp_drt,NHEFT+CompDRT,0,0.0,1,1,0,3.3039,4.1945,7.4984,2444.863,57.3084,2,2,22,488,488,0,273.70310000000006,6.4157,24,8,168,79,43,36,1225.5987356470594,28.7284,1,1,22,20,20,0,6.90453,0,ok,logs/seed_146585.log
368863,baseline,NHEFT,1,0.0,0,0,0,3.2788,3.999,7.2778,1919.1925000000035,40.8252,2,2,22,473,473,0,246.27780000000007,5.2388,26,11,173,88,42,46,133.39543484069,2.8376,45,11,298,141,71,70,7.219424,0,ok,logs/seed_368863.log
368863,comp_drt,NHEFT+CompDRT,0,0.0,1,1,0,3.2788,3.999,7.2778,1919.1925000000035,40.8252,2,2,22,473,473,0,246.27780000000007,5.2388,26,11,173,88,42,46,884.5009696172835,18.8152,1,1,22,20,20,0,7.219424,0,ok,logs/seed_368863.log
572806,baseline,NHEFT,1,0.0,0,0,0,3.4892,4.2986,7.7878,2042.2640000000001,56.311,2,2,22,475,475,0,222.87090000000012,6.1452,15,5,134,59,39,20,138.94489422006305,3.8311,39,10,298,158,80,78,6.476823,0,ok,logs/seed_572806.log
572806,comp_drt,NHEFT+CompDRT,0,0.0,1,1,0,3.4892,4.2986,7.7878,2042.2640000000001,56.311,2,2,22,475,475,0,222.87090000000012,6.1452,15,5,134,59,39,20,1273.3097938427675,35.1087,1,1,22,20,20,0,6.476823,0,ok,logs/seed_572806.log
198288,baseline,NHEFT,1,0.0,0,0,0,3.6524,4.1094,7.7618,2098.5558000000015,60.2327,3,3,42,474,474,0,235.46730000000002,6.7584,26,7,178,79,42,37,123.63123748497733,3.5485,43,8,293,136,77,59,5.994484,0,ok,logs/seed_198288.log
198288,comp_drt,NHEFT+CompDRT,0,0.0,1,1,0,3.6524,4.1094,7.7618,2098.5558000000015,60.2327,3,3,42,474,474,0,235.46730000000002,6.7584,26,7,178,79,42,37,975.581307183223,28.0011,1,1,22,20,20,0,5.994484,0,ok,logs/seed_198288.log
110116,baseline,NHEFT,1,0.0,0,0,0,3.2279,3.4398,6.6677,2123.413100000001,47.8165,3,2,23,470,470,0,254.13349999999997,5.7228,24,8,195,88,43,45,128.2235536585366,2.8874,38,9,274,129,73,56,5.999965,0,ok,logs/seed_110116.log
110116,comp_drt,NHEFT+CompDRT,0,0.0,1,1,0,3.2279,3.4398,6.6677,2123.413100000001,47.8165,3,2,23,470,470,0,254.13349999999997,5.7228,24,8,195,88,43,45,1408.3523165025122,31.7143,1,1,22,20,20,0,5.999965,0,ok,logs/seed_110116.log
149047,baseline,NHEFT,1,0.0,0,0,0,3.6944,4.0614,7.7558,2187.9497999999985,70.3512,2,2,22,484,484,0,227.75940000000003,7.3234,27,7,159,74,41,33,122.67136608149306,3.9444,38,11,283,142,76,66,6.541557,0,ok,logs/seed_149047.log
149047,comp_drt,NHEFT+CompDRT,0,0.0,1,1,0,3.6944,4.0614,7.7558,2187.9497999999985,70.3512,2,2,22,484,484,0,227.75940000000003,7.3234,27,7,159,74,41,33,981.5910980143086,31.562,1,1,22,20,20,0,6.541557,0,ok,logs/seed_149047.log
864824,baseline,NHEFT,1,0.0,0,0,0,3.207,4.601,7.808,1665.8162000000013,47.5858,2,2,22,424,424,0,199.54249999999996,5.7001,22,7,179,64,39,25,135.996425742268,3.8849,36,11,255,145,70,75,5.947471,0,ok,logs/seed_864824.log
864824,comp_drt,NHEFT+CompDRT,0,0.0,1,1,0,3.207,4.601,7.808,1665.8162000000013,47.5858,2,2,22,424,424,0,199.54249999999996,5.7001,22,7,179,64,39,25,1276.079097725085,36.4525,1,1,22,20,20,0,5.947471,0,ok,logs/seed_864824.log
801768,baseline,NHEFT,1,0.0,0,0,0,3.4472,3.4255,6.8727,2149.762100000006,59.8519,3,3,38,469,469,0,267.86440000000016,7.4577,19,8,167,76,44,32,113.87233689478802,3.1703,32,10,287,135,77,58,6.625561,0,ok,logs/seed_801768.log
801768,comp_drt,NHEFT+CompDRT,0,0.0,1,1,0,3.4472,3.4255,6.8727,2149.762100000006,59.8519,3,3,38,469,469,0,267.86440000000016,7.4577,19,8,167,76,44,32,1040.9404699480524,28.981,1,1,22,21,21,0,6.625561,0,ok,logs/seed_801768.log
262875,baseline,NHEFT,1,0.0,0,0,0,3.4248,3.8205,7.2453,1893.6092999999996,49.0181,2,2,22,476,476,0,222.84780000000006,5.7687,22,8,145,76,41,35,138.75249612489222,3.5918,33,10,255,123,71,52,5.601128,0,ok,logs/seed_262875.log
262875,comp_drt,NHEFT+CompDRT,0,0.0,1,1,0,3.4248,3.8205,7.2453,1893.6092999999996,49.0181,2,2,22,476,476,0,222.84780000000006,5.7687,22,8,145,76,41,35,827.4137842068644,21.4185,1,1,22,20,20,0,5.601128,0,ok,logs/seed_262875.log
524794,baseline,NHEFT,1,0.0,0,0,0,2.9965,3.1529,6.1494,2377.6983000000037,47.2645,2,2,22,488,488,0,269.51779999999997,5.3575,33,12,167,97,41,56,130.3585900998809,2.5913,34,9,270,135,74,61,7.387864,0,ok,logs/seed_524794.log
524794,comp_drt,NHEFT+CompDRT,0,0.0,1,1,0,2.9965,3.1529,6.1494,2377.6983000000037,47.2645,2,2,22,488,488,0,269.51779999999997,5.3575,33,12,167,97,41,56,2236.7976547440335,44.4637,1,1,22,22,22,0,7.387864,0,ok,logs/seed_524794.log
824487,baseline,NHEFT,1,0.0,0,0,0,3.1521,4.4448,7.5969,1887.7486999999987,41.8094,2,2,22,466,466,0,255.80120000000008,5.6654,21,7,172,82,47,35,172.3177928090263,3.8165,28,9,237,132,81,51,5.641625,0,ok,logs/seed_824487.log
824487,comp_drt,NHEFT+CompDRT,0,0.0,1,1,0,3.1521,4.4448,7.5969,1887.7486999999987,41.8094,2,2,22,466,466,0,255.80120000000008,5.6654,21,7,172,82,47,35,931.4551091996375,20.6296,1,1,22,20,20,0,5.641625,0,ok,logs/seed_824487.log
927335,baseline,NHEFT,1,0.0,0,0,0,3.349,3.9793,7.3283,2123.842800000001,46.8051,2,2,22,448,448,0,216.21409999999995,4.7649,21,6,148,61,40,21,156.11024902342575,3.4403,43,13,256,130,69,61,6.706894,0,ok,logs/seed_927335.log
927335,comp_drt,NHEFT+CompDRT,0,0.0,1,1,0,3.349,3.9793,7.3283,2123.842800000001,46.8051,2,2,22,448,448,0,216.21409999999995,4.7649,21,6,148,61,40,21,847.2177540282481,18.6709,1,1,22,20,20,0,6.706894,0,ok,logs/seed_927335.log
982015,baseline,NHEFT,1,0.0,0,0,0,3.5528,4.0703,7.6231,1804.6460999999997,56.8249,2,2,22,448,448,0,206.6027,6.5055,22,8,141,69,39,30,131.5753064549107,4.1431,33,10,256,109,64,45,5.532008,0,ok,logs/seed_982015.log
982015,comp_drt,NHEFT+CompDRT,0,0.0,1,1,0,3.5528,4.0703,7.6231,1804.6460999999997,56.8249,2,2,22,448,448,0,206.6027,6.5055,22,8,141,69,39,30,1147.390297128138,36.1292,1,1,22,20,20,0,5.532008,0,ok,logs/seed_982015.log
205178,baseline,NHEFT,1,0.0,0,0,0,3.3007,4.2111,7.5118,2068.286600000001,76.8357,2,2,22,472,472,0,239.57189999999994,8.9,26,8,147,78,43,35,126.78111763228092,4.7098,43,10,288,145,75,70,5.541908,0,ok,logs/seed_205178.log
205178,comp_drt,NHEFT+CompDRT,0,0.0,1,1,0,3.3007,4.2111,7.5118,2068.286600000001,76.8357,2,2,22,472,472,0,239.57189999999994,8.9,26,8,147,78,43,35,2093.9259505029586,77.7882,1,1,22,21,21,0,5.541908,0,ok,logs/seed_205178.log
888604,baseline,NHEFT,1,0.0,0,0,0,3.3027,4.2759,7.5786,2821.3166999999985,57.9333,3,3,23,477,477,0,304.4803000000001,6.2522,34,12,177,109,42,67,144.5944514552346,2.9691,42,8,284,136,73,63,6.352551,0,ok,logs/seed_888604.log
888604,comp_drt,NHEFT+CompDRT,0,0.0,1,1,0,3.3027,4.2759,7.5786,2821.3166999999985,57.9333,3,3,23,477,477,0,304.4803000000001,6.2522,34,12,177,109,42,67,831.8561495019305,17.0814,1,1,22,20,20,0,6.352551,0,ok,logs/seed_888604.log
546566,baseline,NHEFT,1,0.0,0,0,0,3.5863,3.254,6.8403,2569.538800000001,53.4123,2,2,22,440,440,0,271.17209999999994,5.6368,26,13,142,88,38,50,127.33192678008643,2.6468,34,9,258,142,79,63,5.126252,0,ok,logs/seed_546566.log
546566,comp_drt,NHEFT+CompDRT,0,0.0,1,1,0,3.5863,3.254,6.8403,2569.538800000001,53.4123,2,2,22,440,440,0,271.17209999999994,5.6368,26,13,142,88,38,50,945.1741190000001,19.6471,1,1,22,20,20,0,5.126252,0,ok,logs/seed_546566.log
939943,baseline,NHEFT,1,0.0,0,0,0,3.596,4.2012,7.7972,2261.3281999999977,65.6096,2,2,22,446,446,0,264.03279999999995,7.6606,15,5,117,62,39,23,145.92346231024172,4.2338,27,10,231,115,61,54,5.346301,0,ok,logs/seed_939943.log
939943,comp_drt,NHEFT+CompDRT,0,0.0,1,1,0,3.596,4.2012,7.7972,2261.3281999999977,65.6096,2,2,22,446,446,0,264.03279999999995,7.6606,15,5,117,62,39,23,711.9049567816295,20.655,1,1,22,20,20,0,5.346301,0,ok,logs/seed_939943.log
461796,baseline,NHEFT,1,0.0,0,0,0,3.4233,4.5199,7.9432,2217.5506999999957,49.8879,2,2,22,463,463,0,245.4171,5.5211,34,11,177,83,42,41,158.0419976470213,3.5554,43,10,286,154,75,79,6.08987,0,ok,logs/seed_461796.log
461796,comp_drt,NHEFT+CompDRT,0,0.0,1,1,0,3.4233,4.5199,7.9432,2217.5506999999957,49.8879,2,2,22,463,463,0,245.4171,5.5211,34,11,177,83,42,41,842.1776040931682,18.9463,1,1,22,20,20,0,6.08987,0,ok,logs/seed_461796.log
683805,baseline,NHEFT,1,0.0,0,0,0,3.5032,3.8055,7.3087,2743.978700000006,68.0589,2,2,22,489,489,0,271.9247,6.7445,22,6,177,68,40,28,141.27105314254794,3.5039,30,9,257,145,75,70,5.944959,0,ok,logs/seed_683805.log
683805,comp_drt,NHEFT+CompDRT,0,0.0,1,1,0,3.5032,3.8055,7.3087,2743.978700000006,68.0589,2,2,22,489,489,0,271.9247,6.7445,22,6,177,68,40,28,1651.065705579377,40.9514,1,1,22,20,20,0,5.944959,0,ok,logs/seed_683805.log
273298,baseline,NHEFT,1,0.0,0,0,0,3.0749,3.177,6.2519,2406.4932999999915,60.1233,4,4,32,488,488,0,258.252,6.4521,28,9,179,88,45,43,119.24915343809073,2.9793,41,10,294,133,73,60,5.965457,0,ok,logs/seed_273298.log
273298,comp_drt,NHEFT+CompDRT,0,0.0,1,1,0,3.0749,3.177,6.2519,2406.4932999999915,60.1233,4,4,32,488,488,0,258.252,6.4521,28,9,179,88,45,43,1522.9403797674408,38.0488,1,1,22,20,20,0,5.965457,0,ok,logs/seed_273298.log
870064,baseline,NHEFT,1,0.0,0,0,0,3.9648,5.0089,8.9737,1763.8185999999973,49.9111,2,2,22,416,416,0,215.00310000000007,6.084,22,10,168,83,39,44,165.0149991933085,4.6695,39,10,254,135,75,60,5.409479,0,ok,logs/seed_870064.log
870064,comp_drt,NHEFT+CompDRT,0,0.0,1,1,0,3.9648,5.0089,8.9737,1763.8185999999973,49.9111,2,2,22,416,416,0,215.00310000000007,6.084,22,10,168,83,39,44,1241.033331844036,35.1178,1,1,22,20,20,0,5.409479,0,ok,logs/seed_870064.log
739336,baseline,NHEFT,1,0.0,0,0,0,3.0695,3.9315,7.001,2220.917399999998,47.791,2,2,22,456,456,0,265.95720000000006,5.723,23,7,159,80,45,35,148.64628173997272,3.1987,30,8,238,141,77,64,5.943752,0,ok,logs/seed_739336.log
739336,comp_drt,NHEFT+CompDRT,0,0.0,1,1,0,3.0695,3.9315,7.001,2220.917399999998,47.791,2,2,22,456,456,0,265.95720000000006,5.723,23,7,159,80,45,35,893.4149084912837,19.225,1,1,22,20,20,0,5.943752,0,ok,logs/seed_739336.log
374908,baseline,NHEFT,1,0.0,0,0,0,3.4623,5.0661,8.5284,2027.4664000000043,63.6537,2,2,22,452,452,0,213.46300000000002,6.7018,23,8,172,76,43,33,149.2153372692386,4.6847,38,8,258,138,77,61,7.022219,0,ok,logs/seed_374908.log
374908,comp_drt,NHEFT+CompDRT,0,0.0,1,1,0,3.4623,5.0661,8.5284,2027.4664000000043,63.6537,2,2,22,452,452,0,213.46300000000002,6.7018,23,8,172,76,43,33,753.2575520868761,23.649,1,1,22,20,20,0,7.022219,0,ok,logs/seed_374908.log
489107,baseline,NHEFT,1,0.0,0,0,0,3.1705,3.6663,6.8368,2448.487200000003,51.6162,2,2,22,472,472,0,261.51120000000003,5.5129,29,10,185,85,42,43,133.24915900538025,2.809,36,9,286,142,70,72,8.017249,0,ok,logs/seed_489107.log
489107,comp_drt,NHEFT+CompDRT,0,0.0,1,1,0,3.1705,3.6663,6.8368,2448.487200000003,51.6162,2,2,22,472,472,0,261.51120000000003,5.5129,29,10,185,85,42,43,1152.9569272348288,24.3053,1,1,22,20,20,0,8.017249,0,ok,logs/seed_489107.log
676170,baseline,NHEFT,1,0.0,0,0,0,3.2183,3.9872,7.2055,2544.4780000000037,57.8226,2,2,22,504,504,0,257.22299999999996,5.8453,23,12,141,84,41,43,143.01397204024764,3.25,35,10,260,139,75,64,7.063798,0,ok,logs/seed_676170.log
676170,comp_drt,NHEFT+CompDRT,0,0.0,1,1,0,3.2183,3.9872,7.2055,2544.4780000000037,57.8226,2,2,22,504,504,0,257.22299999999996,5.8453,23,12,141,84,41,43,1430.9024513699421,32.5169,1,1,22,20,20,0,7.063798,0,ok,logs/seed_676170.log
946643,baseline,NHEFT,1,0.0,0,0,0,3.6975,5.1018,8.7993,2252.985900000003,63.4367,2,2,22,447,447,0,277.4491,7.8121,32,13,173,104,41,63,148.39716130243553,4.1784,35,11,260,163,77,86,6.245774,0,ok,logs/seed_946643.log
946643,comp_drt,NHEFT+CompDRT,0,0.0,1,1,0,3.6975,5.1018,8.7993,2252.985900000003,63.4367,2,2,22,447,447,0,277.4491,7.8121,32,13,173,104,41,63,920.5453443521121,25.9195,1,1,22,20,20,0,6.245774,0,ok,logs/seed_946643.log
245576,baseline,NHEFT,1,0.0,0,0,0,3.4308,4.5038,7.9346,2312.478200000004,71.9786,2,2,22,455,455,0,254.29330000000007,7.9152,24,8,168,79,39,40,136.6382329464316,4.253,36,9,275,116,67,49,6.349091,0,ok,logs/seed_245576.log
245576,comp_drt,NHEFT+CompDRT,0,0.0,1,1,0,3.4308,4.5038,7.9346,2312.478200000004,71.9786,2,2,22,455,455,0,254.29330000000007,7.9152,24,8,168,79,39,40,850.3146361355493,26.467,1,1,22,20,20,0,6.349091,0,ok,logs/seed_245576.log
61677,baseline,NHEFT,1,0.0,0,0,0,3.4859,4.0148,7.5007,1787.5066000000022,39.4143,2,2,22,454,454,0,248.42029999999994,5.4776,28,12,178,105,39,66,126.7386156340882,2.7946,32,8,265,130,73,57,7.299743,0,ok,logs/seed_61677.log
61677,comp_drt,NHEFT+CompDRT,0,0.0,1,1,0,3.4859,4.0148,7.5007,1787.5066000000022,39.4143,2,2,22,454,454,0,248.42029999999994,5.4776,28,12,178,105,39,66,724.4866839582841,15.9749,1,1,22,20,20,0,7.299743,0,ok,logs/seed_61677.log
985204,baseline,NHEFT,1,0.0,0,0,0,3.2247,4.7799,8.0046,2263.811799999999,66.3439,2,2,22,468,468,0,222.59250000000006,6.5234,20,4,185,58,38,20,154.79687691289197,4.5365,38,11,281,138,70,68,6.566046,0,ok,logs/seed_985204.log
985204,comp_drt,NHEFT+CompDRT,0,0.0,1,1,0,3.2247,4.7799,8.0046,2263.811799999999,66.3439,2,2,22,468,468,0,222.59250000000006,6.5234,20,4,185,58,38,20,774.4101740522647,22.6951,1,1,22,20,20,0,6.566046,0,ok,logs/seed_985204.log
957734,baseline,NHEFT,1,0.0,0,0,0,3.6367,4.5528,8.1895,1735.7872000000004,55.8111,2,2,22,447,447,0,169.2168,5.4409,22,7,141,54,36,18,130.46179560042464,4.1948,36,11,267,131,68,63,7.186326,0,ok,logs/seed_957734.log
957734,comp_drt,NHEFT+CompDRT,0,0.0,1,1,0,3.6367,4.5528,8.1895,1735.7872000000004,55.8111,2,2,22,447,447,0,169.2168,5.4409,22,7,141,54,36,18,939.0005501133418,30.1919,1,1,22,21,21,0,7.186326,0,ok,logs/seed_957734.log
586973,baseline,NHEFT,1,0.0,0,0,0,3.1198,3.6115,6.7313,2509.5153999999998,67.8554,3,3,41,477,477,0,256.45199999999994,6.9343,25,7,147,89,44,45,134.6703806451613,3.6414,26,9,219,101,54,47,6.945794,0,ok,logs/seed_586973.log
586973,comp_drt,NHEFT+CompDRT,0,0.0,1,1,0,3.1198,3.6115,6.7313,2509.5153999999998,67.8554,3,3,41,477,477,0,256.45199999999994,6.9343,25,7,147,89,44,45,1003.1542604330214,27.1245,1,1,22,20,20,0,6.945794,0,ok,logs/seed_586973.log
81222,baseline,NHEFT,1,0.0,0,0,0,3.1653,4.1723,7.3376,2144.894299999999,66.4797,2,2,22,437,437,0,274.015,8.4929,19,8,146,84,44,40,133.46300017509145,4.1366,33,10,265,128,72,56,5.986147,0,ok,logs/seed_81222.log
81222,comp_drt,NHEFT+CompDRT,0,0.0,1,1,0,3.1653,4.1723,7.3376,2144.894299999999,66.4797,2,2,22,437,437,0,274.015,8.4929,19,8,146,84,44,40,942.4436144631371,29.2105,1,1,22,20,20,0,5.986147,0,ok,logs/seed_81222.log
985268,baseline,NHEFT,1,0.0,0,0,0,3.6688,4.8427,8.5115,2241.2860000000014,63.4433,2,2,22,440,440,0,238.02569999999997,6.7377,19,7,132,63,38,25,152.84132899263355,4.3264,33,9,256,134,72,62,8.590836,0,ok,logs/seed_985268.log
985268,comp_drt,NHEFT+CompDRT,0,0.0,1,1,0,3.6688,4.8427,8.5115,2241.2860000000014,63.4433,2,2,22,440,440,0,238.02569999999997,6.7377,19,7,132,63,38,25,932.8669280452267,26.4063,1,1,22,20,20,0,8.590836,0,ok,logs/seed_985268.log
240715,baseline,NHEFT,1,0.0,0,0,0,3.7073,4.2653,7.9726,2275.391299999996,62.5866,2,2,22,441,441,0,250.90869999999998,6.9015,28,8,161,78,39,39,135.37146969310072,3.7235,37,10,246,141,76,65,8.914134,0,ok,logs/seed_240715.log
240715,comp_drt,NHEFT+CompDRT,0,0.0,1,1,0,3.7073,4.2653,7.9726,2275.391299999996,62.5866,2,2,22,441,441,0,250.90869999999998,6.9015,28,8,161,78,39,39,758.9953503479624,20.8768,1,1,22,20,20,0,8.914134,0,ok,logs/seed_240715.log
336806,baseline,NHEFT,1,0.0,0,0,0,3.5124,4.9147,8.4271,2138.3284999999987,64.699,2,2,22,470,470,0,240.7637,7.2847,27,8,163,68,40,28,158.12538975549006,4.7844,32,9,279,139,73,66,7.601797,0,ok,logs/seed_336806.log
336806,comp_drt,NHEFT+CompDRT,0,0.0,1,1,0,3.5124,4.9147,8.4271,2138.3284999999987,64.699,2,2,22,470,470,0,240.7637,7.2847,27,8,163,68,40,28,860.8217189999993,26.0457,1,1,22,20,20,0,7.601797,0,ok,logs/seed_336806.log
431396,baseline,NHEFT,1,0.0,0,0,0,3.73,4.2961,8.0261,1860.2806000000055,50.3226,2,2,22,445,445,0,236.86129999999994,6.4074,22,8,170,86,42,44,124.42691685681295,3.3659,28,9,237,97,60,37,6.679342,0,ok,logs/seed_431396.log
431396,comp_drt,NHEFT+CompDRT,0,0.0,1,1,0,3.73,4.2961,8.0261,1860.2806000000055,50.3226,2,2,22,445,445,0,236.86129999999994,6.4074,22,8,170,86,42,44,1985.5965815430718,53.7125,1,1,22,20,20,0,6.679342,0,ok,logs/seed_431396.log
850253,baseline,NHEFT,1,0.0,0,0,0,3.5018,4.3663,7.8681,2377.704900000001,68.1299,2,2,22,456,456,0,262.7032,7.5274,34,12,181,89,41,48,135.82058398940322,3.8918,36,12,250,130,67,63,6.450674,0,ok,logs/seed_850253.log
850253,comp_drt,NHEFT+CompDRT,0,0.0,1,1,0,3.5018,4.3663,7.8681,2377.704900000001,68.1299,2,2,22,456,456,0,262.7032,7.5274,34,12,181,89,41,48,1286.1224652750307,36.8521,1,1,22,20,20,0,6.450674,0,ok,logs/seed_850253.log
342204,baseline,NHEFT,1,0.0,0,0,0,3.6474,4.3868,8.0342,2324.1543999999976,78.367,3,3,27,456,456,0,272.9197000000001,9.2024,27,15,174,119,44,75,136.19427625252527,4.5923,34,11,259,141,76,65,6.75175,0,ok,logs/seed_342204.log
342204,comp_drt,NHEFT+CompDRT,0,0.0,1,1,0,3.6474,4.3868,8.0342,2324.1543999999976,78.367,3,3,27,456,456,0,272.9197000000001,9.2024,27,15,174,119,44,75,1000.7851145223875,33.745,1,1,22,20,20,0,6.75175,0,ok,logs/seed_342204.log
810991,baseline,NHEFT,1,0.0,0,0,0,3.0578,3.3322,6.39,2490.590399999994,66.2631,2,2,22,459,459,0,251.01489999999998,6.6783,21,9,131,69,37,32,133.17727218105858,3.5432,36,11,252,141,69,72,8.318034,0,ok,logs/seed_810991.log
810991,comp_drt,NHEFT+CompDRT,0,0.0,1,1,0,3.0578,3.3322,6.39,2490.590399999994,66.2631,2,2,22,459,459,0,251.01489999999998,6.6783,21,9,131,69,37,32,951.4917510987669,25.3148,1,1,22,20,20,0,8.318034,0,ok,logs/seed_810991.log
895124,baseline,NHEFT,1,0.0,0,0,0,3.1376,4.4199,7.5575,2589.6331000000073,76.4876,2,2,22,493,493,0,287.3514,8.4872,20,8,131,69,39,30,143.1339,4.2276,40,10,285,139,73,66,8.541052,0,ok,logs/seed_895124.log
895124,comp_drt,NHEFT+CompDRT,0,0.0,1,1,0,3.1376,4.4199,7.5575,2589.6331000000073,76.4876,2,2,22,493,493,0,287.3514,8.4872,20,8,131,69,39,30,1035.1934188080631,30.5756,1,1,22,20,20,0,8.541052,0,ok,logs/seed_895124.log
437866,baseline,NHEFT,1,0.0,0,0,0,3.7193,4.5891,8.3084,1716.756300000002,41.9288,3,2,23,434,434,0,241.25290000000004,5.8922,28,9,193,88,44,44,139.80648899955813,3.4145,40,11,263,135,70,65,7.704064,0,ok,logs/seed_437866.log
437866,comp_drt,NHEFT+CompDRT,0,0.0,1,1,0,3.7193,4.5891,8.3084,1716.756300000002,41.9288,3,2,23,434,434,0,241.25290000000004,5.8922,28,9,193,88,44,44,774.2265884656487,18.9091,1,1,22,20,20,0,7.704064,0,ok,logs/seed_437866.log
246441,baseline,NHEFT,1,0.0,0,0,0,3.1351,3.0463,6.1814,2071.794500000005,50.6276,2,2,22,453,453,0,228.88930000000002,5.5933,27,8,171,81,41,40,122.99603041956075,3.0056,35,10,244,128,70,58,6.721469,0,ok,logs/seed_246441.log
246441,comp_drt,NHEFT+CompDRT,0,0.0,1,1,0,3.1351,3.0463,6.1814,2071.794500000005,50.6276,2,2,22,453,453,0,228.88930000000002,5.5933,27,8,171,81,41,40,1010.2860000771475,24.688,1,1,22,20,20,0,6.721469,0,ok,logs/seed_246441.log
834777,baseline,NHEFT,1,0.0,0,0,0,3.4896,4.7977,8.2873,1714.153600000003,44.7334,4,2,24,454,454,0,247.747,6.4653,25,10,163,92,42,50,153.64774016087944,4.0097,35,10,285,139,78,61,6.509277,0,ok,logs/seed_834777.log
834777,comp_drt,NHEFT+CompDRT,0,0.0,1,1,0,3.4896,4.7977,8.2873,1714.153600000003,44.7334,4,2,24,454,454,0,247.747,6.4653,25,10,163,92,42,50,923.2227808497105,24.0929,1,1,22,20,20,0,6.509277,0,ok,logs/seed_834777.log
159109,baseline,NHEFT,1,0.0,0,0,0,3.1927,3.6574,6.8501,1977.0708000000066,50.4936,2,2,22,476,476,0,241.9942,6.1804,27,9,178,81,44,37,145.2768009042199,3.7103,41,10,280,136,81,55,5.990649,0,ok,logs/seed_159109.log
159109,comp_drt,NHEFT+CompDRT,0,0.0,1,1,0,3.1927,3.6574,6.8501,1977.0708000000066,50.4936,2,2,22,476,476,0,241.9942,6.1804,27,9,178,81,44,37,1739.7540998926077,44.4326,1,1,22,20,20,0,5.990649,0,ok,logs/seed_159109.log
469145,baseline,NHEFT,1,0.0,0,0,0,3.3921,3.651,7.0431,2059.2233000000006,61.0124,2,2,22,453,453,0,236.6259,7.011,18,7,149,84,43,41,125.54553732240953,3.7198,29,8,235,116,66,50,4.412011,0,ok,logs/seed_469145.log
469145,comp_drt,NHEFT+CompDRT,0,0.0,1,1,0,3.3921,3.651,7.0431,2059.2233000000006,61.0124,2,2,22,453,453,0,236.6259,7.011,18,7,149,84,43,41,871.9204913944961,25.834,1,1,22,20,20,0,4.412011,0,ok,logs/seed_469145.log
359039,baseline,NHEFT,1,0.0,0,0,0,3.323,3.6177,6.9407,2145.256600000001,52.8886,2,2,22,467,467,0,269.50859999999994,6.6444,33,12,182,105,43,62,139.00983790971773,3.4271,39,10,277,150,79,71,5.594367,0,ok,logs/seed_359039.log
359039,comp_drt,NHEFT+CompDRT,0,0.0,1,1,0,3.323,3.6177,6.9407,2145.256600000001,52.8886,2,2,22,467,467,0,269.50859999999994,6.6444,33,12,182,105,43,62,2067.159668877133,50.9632,1,1,22,20,20,0,5.594367,0,ok,logs/seed_359039.log
441554,baseline,NHEFT,1,0.0,0,0,0,3.7333,4.7991,8.5324,2263.530499999999,43.6796,2,2,22,470,470,0,251.36160000000004,4.8506,23,8,170,70,40,30,150.1838686716918,2.8981,39,10,283,146,79,67,6.344097,0,ok,logs/seed_441554.log
441554,comp_drt,NHEFT+CompDRT,0,0.0,1,1,0,3.7333,4.7991,8.5324,2263.530499999999,43.6796,2,2,22,470,470,0,251.36160000000004,4.8506,23,8,170,70,40,30,1054.0873665762144,20.3409,1,1,22,20,20,0,6.344097,0,ok,logs/seed_441554.log
981230,baseline,NHEFT,1,0.0,0,0,0,3.5576,4.4757,8.0333,2201.6517000000017,60.9526,3,3,35,467,467,0,228.00849999999997,6.3124,19,5,163,62,41,21,134.7574046844907,3.7308,36,10,273,140,73,67,6.79807,0,ok,logs/seed_981230.log
981230,comp_drt,NHEFT+CompDRT,0,0.0,1,1,0,3.5576,4.4757,8.0333,2201.6517000000017,60.9526,3,3,35,467,467,0,228.00849999999997,6.3124,19,5,163,62,41,21,2160.2188382147624,59.8056,1,1,22,21,21,0,6.79807,0,ok,logs/seed_981230.log
386385,baseline,NHEFT,1,0.0,0,0,0,3.55,4.8286,8.3786,2070.966200000001,53.5355,2,2,22,448,448,0,198.5202,5.1318,21,5,134,54,37,17,149.08077399011006,3.8538,34,8,246,118,72,46,5.230724,0,ok,logs/seed_386385.log
386385,comp_drt,NHEFT+CompDRT,0,0.0,1,1,0,3.55,4.8286,8.3786,2070.966200000001,53.5355,2,2,22,448,448,0,198.5202,5.1318,21,5,134,54,37,17,830.0002607145706,21.4559,1,1,22,20,20,0,5.230724,0,ok,logs/seed_386385.log
667900,baseline,NHEFT,1,0.0,0,0,0,3.1288,4.5174,7.6462,2122.9581000000017,60.4282,2,2,22,475,475,0,226.28029999999995,6.4409,22,6,152,72,40,32,153.03876763647304,4.3561,33,10,263,134,71,63,7.044896,0,ok,logs/seed_667900.log
667900,comp_drt,NHEFT+CompDRT,0,0.0,1,1,0,3.1288,4.5174,7.6462,2122.9581000000017,60.4282,2,2,22,475,475,0,226.28029999999995,6.4409,22,6,152,72,40,32,1190.0552457605631,33.8739,1,1,22,20,20,0,7.044896,0,ok,logs/seed_667900.log
361299,baseline,NHEFT,1,0.0,0,0,0,3.4427,4.8333,8.276,1811.8488000000038,49.0788,3,3,42,448,448,0,231.06959999999998,6.2591,17,6,137,68,44,24,155.29083045362378,4.2065,35,10,276,140,76,64,6.415128,0,ok,logs/seed_361299.log
361299,comp_drt,NHEFT+CompDRT,0,0.0,1,1,0,3.4427,4.8333,8.276,1811.8488000000038,49.0788,3,3,42,448,448,0,231.06959999999998,6.2591,17,6,137,68,44,24,908.4904425614019,24.6089,1,1,22,20,20,0,6.415128,0,ok,logs/seed_361299.log
270600,baseline,NHEFT,1,0.0,0,0,0,3.3954,3.5564,6.9518,1749.7533999999996,53.0791,3,2,25,444,444,0,205.6335,6.2379,23,6,169,62,41,21,119.49883632611201,3.625,46,10,275,151,76,75,4.675445,0,ok,logs/seed_270600.log
270600,comp_drt,NHEFT+CompDRT,0,0.0,1,1,0,3.3954,3.5564,6.9518,1749.7533999999996,53.0791,3,2,25,444,444,0,205.6335,6.2379,23,6,169,62,41,21,772.0627071401611,23.4207,1,1,22,20,20,0,4.675445,0,ok,logs/seed_270600.log
399493,baseline,NHEFT,1,0.0,0,0,0,3.1146,3.657,6.7716,1786.9649000000027,42.5409,4,3,32,459,459,0,264.1938,6.2895,30,10,182,94,43,51,135.08572404761904,3.2159,30,9,232,125,68,57,6.233359,0,ok,logs/seed_399493.log
399493,comp_drt,NHEFT+CompDRT,0,0.0,1,1,0,3.1146,3.657,6.7716,1786.9649000000027,42.5409,4,3,32,459,459,0,264.1938,6.2895,30,10,182,94,43,51,1243.7073664710833,29.608,1,1,22,20,20,0,6.233359,0,ok,logs/seed_399493.log
344401,baseline,NHEFT,1,0.0,0,0,0,3.9115,4.3686,8.2801,1998.735399999997,51.5736,2,2,42,477,477,0,222.44630000000004,5.7398,23,10,167,81,48,33,138.09034182387293,3.5632,39,11,275,157,82,75,6.513482,0,ok,logs/seed_344401.log
344401,comp_drt,NHEFT+CompDRT,0,0.0,1,1,0,3.9115,4.3686,8.2801,1998.735399999997,51.5736,2,2,42,477,477,0,222.44630000000004,5.7398,23,10,167,81,48,33,999.4018763110969,25.7877,1,1,22,21,21,0,6.513482,0,ok,logs/seed_344401.log
440653,baseline,NHEFT,1,0.0,0,0,0,3.2256,3.6475,6.8731,2075.704299999997,40.3247,3,2,23,496,496,0,276.1273,5.3643,26,8,192,87,48,39,145.81587335030022,2.8328,36,10,306,146,74,72,6.215653,0,ok,logs/seed_440653.log
440653,comp_drt,NHEFT+CompDRT,0,0.0,1,1,0,3.2256,3.6475,6.8731,2075.704299999997,40.3247,3,2,23,496,496,0,276.1273,5.3643,26,8,192,87,48,39,1088.0405538837208,21.1373,1,1,22,20,20,0,6.215653,0,ok,logs/seed_440653.log
422829,baseline,NHEFT,1,0.0,0,0,0,3.0075,4.8211,7.8286,2680.2766000000065,66.8793,2,2,22,459,459,0,272.2484,6.7933,19,4,155,58,40,18,183.78373802002812,4.5858,49,13,286,180,84,96,6.381285,0,ok,logs/seed_422829.log
422829,comp_drt,NHEFT+CompDRT,0,0.0,1,1,0,3.0075,4.8211,7.8286,2680.2766000000065,66.8793,2,2,22,459,459,0,272.2484,6.7933,19,4,155,58,40,18,1649.3135201952168,41.1543,1,1,22,20,20,0,6.381285,0,ok,logs/seed_422829.log
194493,baseline,NHEFT,1,0.0,0,0,0,3.4143,4.2972,7.7115,2182.389299999995,49.0187,2,2,22,480,480,0,229.02070000000006,5.144,25,7,177,66,40,26,145.69100400473255,3.2724,44,11,297,157,80,77,7.761052,0,ok,logs/seed_194493.log
194493,comp_drt,NHEFT+CompDRT,0,0.0,1,1,0,3.4143,4.2972,7.7115,2182.389299999995,49.0187,2,2,22,480,480,0,229.02070000000006,5.144,25,7,177,66,40,26,905.0676253170725,20.3287,1,1,22,21,21,0,7.761052,0,ok,logs/seed_194493.log
79088,baseline,NHEFT,1,0.0,0,0,0,3.1749,4.0936,7.2685,2579.0698000000016,54.5275,2,2,22,485,485,0,258.1648,5.4582,20,9,158,74,40,34,154.83723131290384,3.2736,32,9,261,138,78,60,5.005102,0,ok,logs/seed_79088.log
79088,comp_drt,NHEFT+CompDRT,0,0.0,1,1,0,3.1749,4.0936,7.2685,2579.0698000000016,54.5275,2,2,22,485,485,0,258.1648,5.4582,20,9,158,74,40,34,1251.5637400191088,26.461,1,1,22,20,20,0,5.005102,0,ok,logs/seed_79088.log
144274,baseline,NHEFT,1,0.0,0,0,0,2.8169,3.4244,6.2413,2001.1732000000077,52.182,2,2,22,486,486,0,242.81140000000002,6.3315,29,11,181,89,43,46,134.00501034577934,3.4943,32,10,275,154,79,75,6.388417,0,ok,logs/seed_144274.log
144274,comp_drt,NHEFT+CompDRT,0,0.0,1,1,0,2.8169,3.4244,6.2413,2001.1732000000077,52.182,2,2,22,486,486,0,242.81140000000002,6.3315,29,11,181,89,43,46,1251.5800140471213,32.6358,1,1,22,20,20,0,6.388417,0,ok,logs/seed_144274.log
568701,baseline,NHEFT,1,0.0,0,0,0,3.8456,5.1117,8.9573,1907.0267999999987,66.7949,5,3,31,457,457,0,237.49229999999991,8.3183,32,12,201,91,41,50,134.20322361264869,4.7006,36,9,279,156,82,74,5.747262,0,ok,logs/seed_568701.log
568701,comp_drt,NHEFT+CompDRT,0,0.0,1,1,0,3.8456,5.1117,8.9573,1907.0267999999987,66.7949,5,3,31,457,457,0,237.49229999999991,8.3183,32,12,201,91,41,50,598.8046743990607,20.9735,1,1,22,20,20,0,5.747262,0,ok,logs/seed_568701.log
643829,baseline,NHEFT,1,0.0,0,0,0,3.2873,3.989,7.2763,2575.0014999999953,72.2615,3,3,31,480,480,0,243.2424,6.826,21,7,141,60,39,21,121.43308202768195,3.4077,35,9,274,124,64,60,5.471166,0,ok,logs/seed_643829.log
643829,comp_drt,NHEFT+CompDRT,0,0.0,1,1,0,3.2873,3.989,7.2763,2575.0014999999953,72.2615,3,3,31,480,480,0,243.2424,6.826,21,7,141,60,39,21,1923.727440691359,53.985,1,1,22,21,21,0,5.471166,0,ok,logs/seed_643829.log
271983,baseline,NHEFT,1,0.0,0,0,0,3.2944,3.639,6.9334,1901.6255999999994,52.4859,2,2,22,466,466,0,227.69530000000003,6.2845,29,11,168,88,42,46,109.46426483197675,3.0213,43,11,293,160,89,71,6.78402,0,ok,logs/seed_271983.log
271983,comp_drt,NHEFT+CompDRT,0,0.0,1,1,0,3.2944,3.639,6.9334,1901.6255999999994,52.4859,2,2,22,466,466,0,227.69530000000003,6.2845,29,11,168,88,42,46,729.5753065057474,20.1367,1,1,22,20,20,0,6.78402,0,ok,logs/seed_271983.log
197314,baseline,NHEFT,1,0.0,0,0,0,3.2099,3.6301,6.84,2343.532699999999,61.5327,4,4,48,451,451,0,245.51270000000002,6.4463,24,6,168,71,41,30,133.55337780577136,3.5066,35,11,255,144,79,65,5.711252,0,ok,logs/seed_197314.log
197314,comp_drt,NHEFT+CompDRT,0,0.0,1,1,0,3.2099,3.6301,6.84,2343.532699999999,61.5327,4,4,48,451,451,0,245.51270000000002,6.4463,24,6,168,71,41,30,964.8669478245611,25.3339,1,1,22,20,20,0,5.711252,0,ok,logs/seed_197314.log
994686,baseline,NHEFT,1,0.0,0,0,0,3.6684,5.3782,9.0466,2247.3625999999967,60.7093,2,2,22,478,478,0,243.8917,6.5884,25,6,164,69,41,28,147.35138252261692,3.9805,41,9,295,149,73,76,7.208862,0,ok,logs/seed_994686.log
994686,comp_drt,NHEFT+CompDRT,0,0.0,1,1,0,3.6684,5.3782,9.0466,2247.3625999999967,60.7093,2,2,22,478,478,0,243.8917,6.5884,25,6,164,69,41,28,822.2627444972875,22.2123,1,1,22,20,20,0,7.208862,0,ok,logs/seed_994686.log
282842,baseline,NHEFT,1,0.0,0,0,0,3.547,4.8058,8.3528,2104.1679000000026,55.9627,3,3,27,455,455,0,230.7203,6.1363,16,4,139,58,41,17,138.85761332409973,3.6931,33,9,267,134,78,56,5.310796,0,ok,logs/seed_282842.log
282842,comp_drt,NHEFT+CompDRT,0,0.0,1,1,0,3.547,4.8058,8.3528,2104.1679000000026,55.9627,3,3,27,455,455,0,230.7203,6.1363,16,4,139,58,41,17,940.6143817871359,25.0167,1,1,22,20,20,0,5.310796,0,ok,logs/seed_282842.log
137602,baseline,NHEFT,1,0.0,0,0,0,3.4365,3.8453,7.2818,1627.9640000000002,35.3211,2,2,22,442,442,0,186.5074,4.0466,21,4,168,55,37,18,127.321469823464,2.7624,37,10,275,146,78,68,6.880828,0,ok,logs/seed_137602.log
137602,comp_drt,NHEFT+CompDRT,0,0.0,1,1,0,3.4365,3.8453,7.2818,1627.9640000000002,35.3211,2,2,22,442,442,0,186.5074,4.0466,21,4,168,55,37,18,1185.1387069581149,25.7134,1,1,22,20,20,0,6.880828,0,ok,logs/seed_137602.log
472131,baseline,NHEFT,1,0.0,0,0,0,3.1944,3.4382,6.6326,2120.570699999996,51.3419,2,2,22,448,448,0,238.95749999999998,5.7855,23,8,188,77,41,36,147.54945100952995,3.5724,42,11,288,177,86,91,7.028755,0,ok,logs/seed_472131.log
472131,comp_drt,NHEFT+CompDRT,0,0.0,1,1,0,3.1944,3.4382,6.6326,2120.570699999996,51.3419,2,2,22,448,448,0,238.95749999999998,5.7855,23,8,188,77,41,36,1949.2623285981063,47.1943,1,1,22,21,21,0,7.028755,0,ok,logs/seed_472131.log
327054,baseline,NHEFT,1,0.0,0,0,0,3.5768,4.2677,7.8445,2203.467700000003,59.3463,4,4,32,441,441,0,260.76720000000006,7.0233,30,10,183,86,43,43,140.3237300867353,3.7794,37,10,264,143,80,63,5.276313,0,ok,logs/seed_327054.log
327054,comp_drt,NHEFT+CompDRT,0,0.0,1,1,0,3.5768,4.2677,7.8445,2203.467700000003,59.3463,4,4,32,441,441,0,260.76720000000006,7.0233,30,10,183,86,43,43,760.9406772592586,20.4945,1,1,22,20,20,0,5.276313,0,ok,logs/seed_327054.log
416581,baseline,NHEFT,1,0.0,0,0,0,3.3533,4.1756,7.5289,2491.193300000005,61.997,2,2,22,480,480,0,217.0021,5.4004,20,4,146,54,36,18,143.78115561927473,3.5782,35,12,290,130,65,65,5.72528,0,ok,logs/seed_416581.log
416581,comp_drt,NHEFT+CompDRT,0,0.0,1,1,0,3.3533,4.1756,7.5289,2491.193300000005,61.997,2,2,22,480,480,0,217.0021,5.4004,20,4,146,54,36,18,1578.521225792207,39.2838,1,1,22,20,20,0,5.72528,0,ok,logs/seed_416581.log
223716,baseline,NHEFT,1,0.0,0,0,0,3.3394,5.1211,8.4605,2236.5667000000008,58.6339,2,2,22,511,511,0,281.55539999999996,7.3813,35,14,212,126,49,77,161.5565890350877,4.2354,38,11,282,148,72,76,9.229408,0,ok,logs/seed_223716.log
223716,comp_drt,NHEFT+CompDRT,0,0.0,1,1,0,3.3394,5.1211,8.4605,2236.5667000000008,58.6339,2,2,22,511,511,0,281.55539999999996,7.3813,35,14,212,126,49,77,1821.382681962963,47.7494,1,1,22,20,20,0,9.229408,0,ok,logs/seed_223716.log
116436,baseline,NHEFT,1,0.0,0,0,0,3.5051,4.7284,8.2335,2068.3388,57.8493,3,3,40,468,468,0,237.4146,6.6402,25,9,163,70,47,23,166.21468927114213,4.6489,35,10,269,148,80,68,6.144165,0,ok,logs/seed_116436.log
116436,comp_drt,NHEFT+CompDRT,0,0.0,1,1,0,3.5051,4.7284,8.2335,2068.3388,57.8493,3,3,40,468,468,0,237.4146,6.6402,25,9,163,70,47,23,801.5295799756105,22.418,1,1,22,20,20,0,6.144165,0,ok,logs/seed_116436.log
650936,baseline,NHEFT,1,0.0,0,0,0,3.2169,5.0784,8.2953,2242.604800000003,66.6642,3,3,24,447,447,0,189.5695,5.6352,18,6,129,51,35,16,180.8622672441229,5.3764,39,10,279,158,76,82,5.649132,0,ok,logs/seed_650936.log
650936,comp_drt,NHEFT+CompDRT,0,0.0,1,1,0,3.2169,5.0784,8.2953,2242.604800000003,66.6642,3,3,24,447,447,0,189.5695,5.6352,18,6,129,51,35,16,1254.058834892886,37.2785,1,1,22,21,21,0,5.649132,0,ok,logs/seed_650936.log
516657,baseline,NHEFT,1,0.0,0,0,0,3.4078,4.1361,7.5439,1755.9674999999947,44.5065,2,2,22,461,461,0,204.98490000000004,5.1955,26,10,169,73,42,31,154.8276767398839,3.9242,35,9,265,133,76,57,5.510834,0,ok,logs/seed_516657.log
516657,comp_drt,NHEFT+CompDRT,0,0.0,1,1,0,3.4078,4.1361,7.5439,1755.9674999999947,44.5065,2,2,22,461,461,0,204.98490000000004,5.1955,26,10,169,73,42,31,1192.3918343228338,30.2222,1,1,22,20,20,0,5.510834,0,ok,logs/seed_516657.log
687865,baseline,NHEFT,1,0.0,0,0,0,3.1964,4.7169,7.9133,1908.4621999999963,58.7132,2,2,22,456,456,0,211.75149999999996,6.5145,18,6,133,63,41,22,174.9043721119691,5.3809,32,11,274,165,89,76,4.685061,0,ok,logs/seed_687865.log
687865,comp_drt,NHEFT+CompDRT,0,0.0,1,1,0,3.1964,4.7169,7.9133,1908.4621999999963,58.7132,2,2,22,456,456,0,211.75149999999996,6.5145,18,6,133,63,41,22,1480.3069595405407,45.5412,1,1,22,20,20,0,4.685061,0,ok,logs/seed_687865.log
715106,baseline,NHEFT,1,0.0,0,0,0,3.4501,3.9716,7.4217,2440.0649999999982,57.6594,2,2,22,478,478,0,260.0726,6.1456,24,7,162,78,44,34,138.264193560718,3.2672,38,10,274,148,77,71,6.63299,0,ok,logs/seed_715106.log
715106,comp_drt,NHEFT+CompDRT,0,0.0,1,1,0,3.4501,3.9716,7.4217,2440.0649999999982,57.6594,2,2,22,478,478,0,260.0726,6.1456,24,7,162,78,44,34,932.942807888889,22.0457,1,1,22,20,20,0,6.63299,0,ok,logs/seed_715106.log
293374,baseline,NHEFT,1,0.0,0,0,0,3.4433,4.2331,7.6764,2525.3709000000003,64.6214,3,3,42,432,432,0,280.3021999999999,7.1726,29,11,179,100,37,63,133.75500282775423,3.4226,33,9,235,126,70,56,5.498077,0,ok,logs/seed_293374.log
293374,comp_drt,NHEFT+CompDRT,0,0.0,1,1,0,3.4433,4.2331,7.6764,2525.3709000000003,64.6214,3,3,42,432,432,0,280.3021999999999,7.1726,29,11,179,100,37,63,999.2364172895195,25.5693,1,1,22,20,20,0,5.498077,0,ok,logs/seed_293374.log
658834,baseline,NHEFT,1,0.0,0,0,0,3.7039,5.4104,9.1143,1715.8909000000012,51.3452,2,2,22,440,440,0,198.606,5.943,26,7,164,76,45,31,142.4308271491882,4.262,34,10,239,144,78,66,6.187089,0,ok,logs/seed_658834.log
658834,comp_drt,NHEFT+CompDRT,0,0.0,1,1,0,3.7039,5.4104,9.1143,1715.8909000000012,51.3452,2,2,22,440,440,0,198.606,5.943,26,7,164,76,45,31,753.7508921904746,22.5548,1,1,22,20,20,0,6.187089,0,ok,logs/seed_658834.log
23329,baseline,NHEFT,1,0.0,0,0,0,3.4734,3.5302,7.0036,1741.3953000000022,57.256,2,2,22,458,458,0,205.85270000000003,6.7683,20,7,143,71,40,31,122.2155996457023,4.0184,34,11,254,130,72,58,5.659835,0,ok,logs/seed_23329.log
23329,comp_drt,NHEFT+CompDRT,0,0.0,1,1,0,3.4734,3.5302,7.0036,1741.3953000000022,57.256,2,2,22,458,458,0,205.85270000000003,6.7683,20,7,143,71,40,31,1265.8308342700188,41.6197,1,1,22,20,20,0,5.659835,0,ok,logs/seed_23329.log
661707,baseline,NHEFT,1,0.0,0,0,0,3.6396,4.1287,7.7683,2146.0935999999997,47.225,2,2,22,466,466,0,212.67589999999998,4.68,23,6,183,61,40,21,147.0339798514472,3.2355,33,9,272,127,70,57,5.97848,0,ok,logs/seed_661707.log
661707,comp_drt,NHEFT+CompDRT,0,0.0,1,1,0,3.6396,4.1287,7.7683,2146.0935999999997,47.225,2,2,22,466,466,0,212.67589999999998,4.68,23,6,183,61,40,21,1041.9432951194037,22.9281,1,1,22,20,20,0,5.97848,0,ok,logs/seed_661707.log
579773,baseline,NHEFT,1,0.0,0,0,0,3.6445,4.8531,8.4976,1974.3240999999962,49.8416,2,2,37,435,435,0,216.55169999999998,5.4668,24,6,197,60,39,21,150.48261466717668,3.7989,32,10,275,140,78,62,6.099469,0,ok,logs/seed_579773.log
579773,comp_drt,NHEFT+CompDRT,0,0.0,1,1,0,3.6445,4.8531,8.4976,1974.3240999999962,49.8416,2,2,37,435,435,0,216.55169999999998,5.4668,24,6,197,60,39,21,981.4034354819275,24.7754,1,1,22,21,21,0,6.099469,0,ok,logs/seed_579773.log
688431,baseline,NHEFT,1,0.0,0,0,0,3.3295,3.8154,7.1449,2551.8334999999984,57.2809,2,2,22,464,464,0,274.52080000000007,6.1622,19,5,147,60,41,19,131.21937627462057,2.9455,42,11,283,130,69,61,7.109472,0,ok,logs/seed_688431.log
688431,comp_drt,NHEFT+CompDRT,0,0.0,1,1,0,3.3295,3.8154,7.1449,2551.8334999999984,57.2809,2,2,22,464,464,0,274.52080000000007,6.1622,19,5,147,60,41,19,1057.0527270665814,23.7276,1,1,22,20,20,0,7.109472,0,ok,logs/seed_688431.log
735633,baseline,NHEFT,1,0.0,0,0,0,3.3866,4.2487,7.6353,1797.2235999999991,41.4216,3,2,41,460,460,0,268.33050000000003,6.1844,30,10,239,122,47,75,166.53269396587612,3.8382,38,8,286,153,81,72,5.896905,0,ok,logs/seed_735633.log
735633,comp_drt,NHEFT+CompDRT,0,0.0,1,1,0,3.3866,4.2487,7.6353,1797.2235999999991,41.4216,3,2,41,460,460,0,268.33050000000003,6.1844,30,10,239,122,47,75,902.0961779057033,20.7911,1,1,22,20,20,0,5.896905,0,ok,logs/seed_735633.log
208263,baseline,NHEFT,1,0.0,0,0,0,3.3493,3.8474,7.1967,2143.4288000000015,51.0849,2,2,22,455,455,0,241.49589999999998,5.7556,24,10,147,83,41,42,147.71934780192728,3.5206,37,14,268,165,81,84,5.917357,0,ok,logs/seed_208263.log
208263,comp_drt,NHEFT+CompDRT,0,0.0,1,1,0,3.3493,3.8474,7.1967,2143.4288000000015,51.0849,2,2,22,455,455,0,241.49589999999998,5.7556,24,10,147,83,41,42,2035.0931553874848,48.5029,1,1,22,21,21,0,5.917357,0,ok,logs/seed_208263.log
733953,baseline,NHEFT,1,0.0,0,0,0,3.4847,3.8926,7.3773,2481.7331999999983,62.1549,2,2,22,474,474,0,265.4228,6.6475,25,10,154,82,41,41,141.1102910291055,3.5341,37,9,281,144,75,69,5.881291,0,ok,logs/seed_733953.log
733953,comp_drt,NHEFT+CompDRT,0,0.0,1,1,0,3.4847,3.8926,7.3773,2481.7331999999983,62.1549,2,2,22,474,474,0,265.4228,6.6475,25,10,154,82,41,41,893.2462032923796,22.3713,1,1,22,20,20,0,5.881291,0,ok,logs/seed_733953.log
241442,baseline,NHEFT,1,0.0,0,0,0,3.284,4.8036,8.0876,2118.0979999999963,66.557,2,2,22,451,451,0,241.93420000000006,7.6023,25,12,162,95,43,52,155.06854838529094,4.8727,38,10,267,138,74,64,7.735942,0,ok,logs/seed_241442.log
241442,comp_drt,NHEFT+CompDRT,0,0.0,1,1,0,3.284,4.8036,8.0876,2118.0979999999963,66.557,2,2,22,451,451,0,241.93420000000006,7.6023,25,12,162,95,43,52,2051.99452121585,64.4799,1,1,22,21,21,0,7.735942,0,ok,logs/seed_241442.log
665452,baseline,NHEFT,1,0.0,0,0,0,3.5427,3.9187,7.4614,2552.6405000000027,65.4037,2,2,22,458,458,0,246.9544,6.3275,19,5,138,63,40,23,135.34776263345196,3.4679,36,10,277,159,81,78,8.503667,0,ok,logs/seed_665452.log
665452,comp_drt,NHEFT+CompDRT,0,0.0,1,1,0,3.5427,3.9187,7.4614,2552.6405000000027,65.4037,2,2,22,458,458,0,246.9544,6.3275,19,5,138,63,40,23,861.5084592353925,22.0735,1,1,22,20,20,0,8.503667,0,ok,logs/seed_665452.log
631051,baseline,NHEFT,1,0.0,0,0,0,3.3037,4.2328,7.5365,1963.718899999995,68.0632,2,2,22,446,446,0,197.07,6.8305,18,7,185,57,37,20,147.07513767463024,5.0977,38,10,267,152,79,73,7.54194,0,ok,logs/seed_631051.log
631051,comp_drt,NHEFT+CompDRT,0,0.0,1,1,0,3.3037,4.2328,7.5365,1963.718899999995,68.0632,2,2,22,446,446,0,197.07,6.8305,18,7,185,57,37,20,771.1879189999999,26.7297,1,1,22,20,20,0,7.54194,0,ok,logs/seed_631051.log
497919,baseline,NHEFT,1,0.0,0,0,0,3.1302,4.1959,7.3261,2303.9723999999997,56.5058,2,2,22,464,464,0,257.7775,6.3221,23,8,144,77,41,36,148.40699327454618,3.6397,33,9,280,143,70,73,7.702374,0,ok,logs/seed_497919.log
497919,comp_drt,NHEFT+CompDRT,0,0.0,1,1,0,3.1302,4.1959,7.3261,2303.9723999999997,56.5058,2,2,22,464,464,0,257.7775,6.3221,23,8,144,77,41,36,1356.5972780604013,33.2711,1,1,22,20,20,0,7.702374,0,ok,logs/seed_497919.log
960027,baseline,NHEFT,1,0.0,0,0,0,3.6844,4.2145,7.8989,2383.2669999999976,75.3483,3,3,31,424,424,0,277.8389,8.784,24,9,155,78,44,34,131.9829993190653,4.1727,37,9,259,130,71,59,6.614406,0,ok,logs/seed_960027.log
960027,comp_drt,NHEFT+CompDRT,0,0.0,1,1,0,3.6844,4.2145,7.8989,2383.2669999999976,75.3483,3,3,31,424,424,0,277.8389,8.784,24,9,155,78,44,34,803.4567198633537,25.4017,1,1,22,20,20,0,6.614406,0,ok,logs/seed_960027.log
305476,baseline,NHEFT,1,0.0,0,0,0,3.8772,5.1178,8.995,2241.0823000000014,47.9997,2,2,22,480,480,0,244.03179999999998,5.2267,23,6,153,80,46,34,153.07507913911067,3.2786,41,12,256,162,78,84,7.037137,0,ok,logs/seed_305476.log
305476,comp_drt,NHEFT+CompDRT,0,0.0,1,1,0,3.8772,5.1178,8.995,2241.0823000000014,47.9997,2,2,22,480,480,0,244.03179999999998,5.2267,23,6,153,80,46,34,857.3274007589573,18.3623,1,1,22,20,20,0,7.037137,0,ok,logs/seed_305476.log
365837,baseline,NHEFT,1,0.0,0,0,0,3.1793,3.7967,6.976,2072.9886999999994,50.328,2,2,22,460,460,0,245.87539999999998,5.9694,23,7,171,77,41,36,131.16803290521403,3.1845,33,9,272,124,67,57,6.352732,0,ok,logs/seed_365837.log
365837,comp_drt,NHEFT+CompDRT,0,0.0,1,1,0,3.1793,3.7967,6.976,2072.9886999999994,50.328,2,2,22,460,460,0,245.87539999999998,5.9694,23,7,171,77,41,36,924.1233868618846,22.4358,1,1,22,20,20,0,6.352732,0,ok,logs/seed_365837.log
514986,baseline,NHEFT,1,0.0,0,0,0,3.0752,4.8761,7.9513,2268.7330999999963,39.706,2,2,22,452,452,0,273.5619,4.7877,26,7,181,76,45,31,160.378138301332,2.8068,45,10,291,145,73,72,5.991235,0,ok,logs/seed_514986.log
514986,comp_drt,NHEFT+CompDRT,0,0.0,1,1,0,3.0752,4.8761,7.9513,2268.7330999999963,39.706,2,2,22,452,452,0,273.5619,4.7877,26,7,181,76,45,31,1345.5743982828678,23.5494,1,1,22,20,20,0,5.991235,0,ok,logs/seed_514986.log
291361,baseline,NHEFT,1,0.0,0,0,0,3.9875,4.1144,8.1019,2280.921700000001,56.8572,2,2,22,458,458,0,288.85349999999994,7.2003,36,13,200,131,44,87,123.82419496187684,3.0866,33,8,262,135,72,63,6.28349,0,ok,logs/seed_291361.log
291361,comp_drt,NHEFT+CompDRT,0,0.0,1,1,0,3.9875,4.1144,8.1019,2280.921700000001,56.8572,2,2,22,458,458,0,288.85349999999994,7.2003,36,13,200,131,44,87,725.8853660437019,18.0943,1,1,22,20,20,0,6.28349,0,ok,logs/seed_291361.log
831040,baseline,NHEFT,1,0.0,0,0,0,3.4077,3.7299,7.1376,2055.8985000000043,47.6353,2,2,22,450,450,0,222.19890000000004,5.1484,21,11,155,68,37,31,127.91800663620384,2.9639,34,12,266,142,74,68,5.851876,0,ok,logs/seed_831040.log
831040,comp_drt,NHEFT+CompDRT,0,0.0,1,1,0,3.4077,3.7299,7.1376,2055.8985000000043,47.6353,2,2,22,450,450,0,222.19890000000004,5.1484,21,11,155,68,37,31,1479.534013461911,34.2809,1,1,22,20,20,0,5.851876,0,ok,logs/seed_831040.log
900613,baseline,NHEFT,1,0.0,0,0,0,3.2339,3.9954,7.2293,1892.2980999999988,49.6808,2,2,22,461,461,0,230.09279999999995,6.0409,20,6,147,73,41,32,157.08297478509607,4.1241,27,9,251,127,69,58,9.23755,0,ok,logs/seed_900613.log
900613,comp_drt,NHEFT+CompDRT,0,0.0,1,1,0,3.2339,3.9954,7.2293,1892.2980999999988,49.6808,2,2,22,461,461,0,230.09279999999995,6.0409,20,6,147,73,41,32,938.1471127381402,24.6303,1,1,22,20,20,0,9.23755,0,ok,logs/seed_900613.log
738426,baseline,NHEFT,1,0.0,0,0,0,3.4026,4.5994,8.002,2028.7095000000027,51.0508,2,2,22,485,485,0,213.16540000000003,5.3641,22,6,179,68,42,26,151.66229791293648,3.8165,36,9,263,143,75,68,11.105336,0,ok,logs/seed_738426.log
738426,comp_drt,NHEFT+CompDRT,0,0.0,1,1,0,3.4026,4.5994,8.002,2028.7095000000027,51.0508,2,2,22,485,485,0,213.16540000000003,5.3641,22,6,179,68,42,26,883.2697585348834,22.2268,1,1,22,20,20,0,11.105336,0,ok,logs/seed_738426.log
924607,baseline,NHEFT,1,0.0,0,0,0,3.5069,5.1497,8.6566,2252.223,57.8939,1,1,22,453,453,0,232.90610000000004,5.9869,20,8,131,61,36,25,154.0486916556383,3.9599,32,10,256,143,78,65,8.373505,0,ok,logs/seed_924607.log
924607,comp_drt,NHEFT+CompDRT,0,0.0,1,1,0,3.5069,5.1497,8.6566,2252.223,57.8939,1,1,22,453,453,0,232.90610000000004,5.9869,20,8,131,61,36,25,642.5248406308349,16.5162,1,1,22,20,20,0,8.373505,0,ok,logs/seed_924607.log
461861,baseline,NHEFT,1,0.0,0,0,0,3.077,4.0541,7.1311,2121.1558999999934,68.1619,2,2,22,446,446,0,230.05629999999994,7.3927,21,6,139,64,37,27,134.0441065229867,4.3074,33,8,257,117,64,53,6.617578,0,ok,logs/seed_461861.log
461861,comp_drt,NHEFT+CompDRT,0,0.0,1,1,0,3.077,4.0541,7.1311,2121.1558999999934,68.1619,2,2,22,446,446,0,230.05629999999994,7.3927,21,6,139,64,37,27,1020.4557772181264,32.7916,1,1,22,20,20,0,6.617578,0,ok,logs/seed_461861.log
854725,baseline,NHEFT,1,0.0,0,0,0,3.4886,4.332,7.8206,2420.592499999998,67.546,3,3,24,489,489,0,261.9768,7.3104,19,5,167,62,40,22,151.73275746677083,4.2341,44,12,280,159,80,79,7.094744,0,ok,logs/seed_854725.log
854725,comp_drt,NHEFT+CompDRT,0,0.0,1,1,0,3.4886,4.332,7.8206,2420.592499999998,67.546,3,3,24,489,489,0,261.9768,7.3104,19,5,167,62,40,22,2223.06709042857,62.0341,1,1,22,20,20,0,7.094744,0,ok,logs/seed_854725.log
808927,baseline,NHEFT,1,0.0,0,0,0,3.6034,5.6646,9.268,2509.395400000002,72.2733,2,2,22,484,484,0,254.7238,7.3363,29,11,155,87,41,46,161.18353820151384,4.6423,37,10,269,147,68,79,7.571946,0,ok,logs/seed_808927.log
808927,comp_drt,NHEFT+CompDRT,0,0.0,1,1,0,3.6034,5.6646,9.268,2509.395400000002,72.2733,2,2,22,484,484,0,254.7238,7.3363,29,11,155,87,41,46,1533.276676370517,44.16,1,1,22,20,20,0,7.571946,0,ok,logs/seed_808927.log
826006,baseline,NHEFT,1,0.0,0,0,0,3.2828,4.4671,7.7499,2225.0542000000037,51.5296,2,2,22,445,445,0,225.82319999999999,5.2298,20,7,142,61,39,22,136.37091026135928,3.1582,39,12,279,153,73,80,5.695573,0,ok,logs/seed_826006.log
826006,comp_drt,NHEFT+CompDRT,0,0.0,1,1,0,3.2828,4.4671,7.7499,2225.0542000000037,51.5296,2,2,22,445,445,0,225.82319999999999,5.2298,20,7,142,61,39,22,956.7190570243905,22.1565,1,1,22,20,20,0,5.695573,0,ok,logs/seed_826006.log
522333,baseline,NHEFT,1,0.0,0,0,0,3.3742,5.2006,8.5748,2185.2859999999987,59.3462,2,2,22,468,468,0,255.0965,6.9277,19,7,153,79,44,35,163.55986224904217,4.4418,34,9,249,125,72,53,6.312031,0,ok,logs/seed_522333.log
522333,comp_drt,NHEFT+CompDRT,0,0.0,1,1,0,3.3742,5.2006,8.5748,2185.2859999999987,59.3462,2,2,22,468,468,0,255.0965,6.9277,19,7,153,79,44,35,1208.3351860498071,32.815,1,1,22,20,20,0,6.312031,0,ok,logs/seed_522333.log
245912,baseline,NHEFT,1,0.0,0,0,0,3.6238,4.8316,8.4554,2401.5154000000007,53.2706,2,2,22,466,466,0,254.8155,5.6523,25,7,156,77,40,37,138.81263875947445,3.0792,37,10,267,129,71,58,6.909821,0,ok,logs/seed_245912.log
245912,comp_drt,NHEFT+CompDRT,0,0.0,1,1,0,3.6238,4.8316,8.4554,2401.5154000000007,53.2706,2,2,22,466,466,0,254.8155,5.6523,25,7,156,77,40,37,699.6886953458404,15.5206,1,1,22,20,20,0,6.909821,0,ok,logs/seed_245912.log
758389,baseline,NHEFT,1,0.0,0,0,0,3.579,4.3237,7.9027,2285.4332,70.744,2,2,22,451,451,0,238.25280000000004,7.3749,22,9,142,76,38,38,134.71998085144173,4.1702,31,10,238,131,72,59,5.536013,0,ok,logs/seed_758389.log
758389,comp_drt,NHEFT+CompDRT,0,0.0,1,1,0,3.579,4.3237,7.9027,2285.4332,70.744,2,2,22,451,451,0,238.25280000000004,7.3749,22,9,142,76,38,38,1311.7446452197962,40.6041,1,1,22,20,20,0,5.536013,0,ok,logs/seed_758389.log
631363,baseline,NHEFT,1,0.0,0,0,0,3.4348,4.4001,7.8349,2223.1817000000005,60.0017,3,3,42,457,457,0,233.26710000000003,6.2957,22,6,183,67,39,28,130.52065499337752,3.5226,38,11,273,165,81,84,6.860017,0,ok,logs/seed_631363.log
631363,comp_drt,NHEFT+CompDRT,0,0.0,1,1,0,3.4348,4.4001,7.8349,2223.1817000000005,60.0017,3,3,42,457,457,0,233.26710000000003,6.2957,22,6,183,67,39,28,836.8828746158945,22.5867,1,1,22,20,20,0,6.860017,0,ok,logs/seed_631363.log
766985,baseline,NHEFT,1,0.0,0,0,0,3.4833,3.6365,7.1198,2470.873,64.787,2,2,22,444,444,0,264.31250000000006,6.9304,27,12,159,99,36,63,130.05005441155217,3.41,33,10,267,139,74,65,6.504257,0,ok,logs/seed_766985.log
766985,comp_drt,NHEFT+CompDRT,0,0.0,1,1,0,3.4833,3.6365,7.1198,2470.873,64.787,2,2,22,444,444,0,264.31250000000006,6.9304,27,12,159,99,36,63,1055.8216451562994,27.684,1,1,22,20,20,0,6.504257,0,ok,logs/seed_766985.log
582309,baseline,NHEFT,1,0.0,0,0,0,3.5291,3.5255,7.0546,2632.2573999999972,80.5174,3,3,27,442,442,0,253.2633999999999,7.747,18,8,120,71,37,34,121.77414237931036,3.7249,32,9,249,118,68,50,4.462682,0,ok,logs/seed_582309.log
582309,comp_drt,NHEFT+CompDRT,0,0.0,1,1,0,3.5291,3.5255,7.0546,2632.2573999999972,80.5174,3,3,27,442,442,0,253.2633999999999,7.747,18,8,120,71,37,34,831.3013517176782,25.4284,1,1,22,20,20,0,4.462682,0,ok,logs/seed_582309.log
846927,baseline,NHEFT,1,0.0,0,0,0,3.2938,4.4487,7.7425,2101.6915000000004,60.1196,4,2,29,483,483,0,268.9139,7.6924,31,10,224,100,46,54,176.2622538827361,5.042,38,10,290,148,80,68,7.030367,0,ok,logs/seed_846927.log
846927,comp_drt,NHEFT+CompDRT,0,0.0,1,1,0,3.2938,4.4487,7.7425,2101.6915000000004,60.1196,4,2,29,483,483,0,268.9139,7.6924,31,10,224,100,46,54,989.8342709593614,28.3146,1,1,22,20,20,0,7.030367,0,ok,logs/seed_846927.log
763059,baseline,NHEFT,1,0.0,0,0,0,3.7206,4.8577,8.5783,1860.710000000001,44.8535,2,2,22,452,452,0,258.8834000000001,6.2405,27,12,172,103,40,63,145.54982637322615,3.5086,31,9,244,118,66,52,4.622387,0,ok,logs/seed_763059.log
763059,comp_drt,NHEFT+CompDRT,0,0.0,1,1,0,3.7206,4.8577,8.5783,1860.710000000001,44.8535,2,2,22,452,452,0,258.8834000000001,6.2405,27,12,172,103,40,63,919.3276366564994,22.1609,1,1,22,20,20,0,4.622387,0,ok,logs/seed_763059.log
861602,baseline,NHEFT,1,0.0,0,0,0,3.926,4.7064,8.6324,2515.982299999999,77.1308,3,3,31,488,488,0,247.81970000000004,7.5972,23,9,169,83,43,40,144.89837481590573,4.4421,36,9,284,140,69,71,6.235592,0,ok,logs/seed_861602.log
861602,comp_drt,NHEFT+CompDRT,0,0.0,1,1,0,3.926,4.7064,8.6324,2515.982299999999,77.1308,3,3,31,488,488,0,247.81970000000004,7.5972,23,9,169,83,43,40,752.0839555988911,23.0561,1,1,22,20,20,0,6.235592,0,ok,logs/seed_861602.log
631173,baseline,NHEFT,1,0.0,0,0,0,3.4903,3.7494,7.2397,1892.1413000000023,46.4721,2,2,22,457,457,0,231.89399999999995,5.6955,29,8,196,82,41,41,130.4510684565469,3.204,37,10,253,113,65,48,6.558266,0,ok,logs/seed_631173.log
631173,comp_drt,NHEFT+CompDRT,0,0.0,1,1,0,3.4903,3.7494,7.2397,1892.1413000000023,46.4721,2,2,22,457,457,0,231.89399999999995,5.6955,29,8,196,82,41,41,1065.5640155730152,26.1709,1,1,22,20,20,0,6.558266,0,ok,logs/seed_631173.log
53408,baseline,NHEFT,1,0.0,0,0,0,3.4803,4.3066,7.7869,2856.4389999999944,73.5587,2,2,22,453,453,0,311.10589999999996,8.0116,25,9,144,91,43,48,144.78381374251583,3.7285,33,10,245,135,77,58,6.336873,0,ok,logs/seed_53408.log
53408,comp_drt,NHEFT+CompDRT,0,0.0,1,1,0,3.4803,4.3066,7.7869,2856.4389999999944,73.5587,2,2,22,453,453,0,311.10589999999996,8.0116,25,9,144,91,43,48,855.9376909904643,22.042,1,1,22,20,20,0,6.336873,0,ok,logs/seed_53408.log
328439,baseline,NHEFT,1,0.0,0,0,0,3.226,3.8816,7.1076,2120.5824,60.6959,3,3,25,464,464,0,250.64250000000004,7.174,32,10,218,93,47,46,131.12391558360292,3.7531,45,11,288,148,72,76,6.224501,0,ok,logs/seed_328439.log
328439,comp_drt,NHEFT+CompDRT,0,0.0,1,1,0,3.226,3.8816,7.1076,2120.5824,60.6959,3,3,25,464,464,0,250.64250000000004,7.174,32,10,218,93,47,46,1072.795008189189,30.7059,1,1,22,20,20,0,6.224501,0,ok,logs/seed_328439.log
1087,baseline,NHEFT,1,0.0,0,0,0,3.1979,4.383,7.5809,1995.596500000006,48.0265,2,2,22,455,455,0,229.01109999999994,5.5114,26,9,184,77,42,35,136.77944278465245,3.2918,38,10,275,136,69,67,6.018495,0,ok,logs/seed_1087.log
1087,comp_drt,NHEFT+CompDRT,0,0.0,1,1,0,3.1979,4.383,7.5809,1995.596500000006,48.0265,2,2,22,455,455,0,229.01109999999994,5.5114,26,9,184,77,42,35,987.5291619752065,23.7661,1,1,22,20,20,0,6.018495,0,ok,logs/seed_1087.log
577361,baseline,NHEFT,1,0.0,0,0,0,3.6871,4.6325,8.3196,2361.1584999999977,57.7166,3,3,42,434,434,0,270.04040000000003,6.6009,20,8,157,74,45,29,161.6810823623188,3.9522,34,9,268,168,92,76,6.24692,0,ok,logs/seed_577361.log
577361,comp_drt,NHEFT+CompDRT,0,0.0,1,1,0,3.6871,4.6325,8.3196,2361.1584999999977,57.7166,3,3,42,434,434,0,270.04040000000003,6.6009,20,8,157,74,45,29,659.9386204492753,16.1317,1,1,22,20,20,0,6.24692,0,ok,logs/seed_577361.log
72146,baseline,NHEFT,1,0.0,0,0,0,3.4202,4.2153,7.6355,2348.0216000000005,71.0499,2,2,25,446,446,0,233.34770000000006,7.061,25,9,174,80,38,42,112.15817116309498,3.3938,40,10,273,130,68,62,6.15786,0,ok,logs/seed_72146.log
72146,comp_drt,NHEFT+CompDRT,0,0.0,1,1,0,3.4202,4.2153,7.6355,2348.0216000000005,71.0499,2,2,25,446,446,0,233.34770000000006,7.061,25,9,174,80,38,42,1050.9377168498581,31.8008,1,1,22,20,20,0,6.15786,0,ok,logs/seed_72146.log
479068,baseline,NHEFT,1,0.0,0,0,0,2.8526,3.9889,6.8415,2144.1687000000006,70.8413,2,2,22,432,432,0,260.46260000000007,8.6054,24,10,154,81,42,39,149.66613151547796,4.9448,29,9,247,132,71,61,4.890026,0,ok,logs/seed_479068.log
479068,comp_drt,NHEFT+CompDRT,0,0.0,1,1,0,2.8526,3.9889,6.8415,2144.1687000000006,70.8413,2,2,22,432,432,0,260.46260000000007,8.6054,24,10,154,81,42,39,1628.3465502723955,53.799,1,1,22,20,20,0,4.890026,0,ok,logs/seed_479068.log
267093,baseline,NHEFT,1,0.0,0,0,0,2.6588,3.6941,6.3529,2573.757200000001,63.9719,3,3,42,473,473,0,274.67720000000014,6.8272,21,5,191,68,46,22,153.40810310796337,3.813,41,10,307,148,78,70,6.334868,0,ok,logs/seed_267093.log
267093,comp_drt,NHEFT+CompDRT,0,0.0,1,1,0,2.6588,3.6941,6.3529,2573.757200000001,63.9719,3,3,42,473,473,0,274.67720000000014,6.8272,21,5,191,68,46,22,1374.7068242356024,34.169,1,1,22,20,20,0,6.334868,0,ok,logs/seed_267093.log
174052,baseline,NHEFT,1,0.0,0,0,0,3.0995,3.9582,7.0577,2099.2129999999993,56.8558,2,2,22,467,467,0,243.45829999999998,6.5939,30,8,185,86,42,44,126.07485192101106,3.4147,46,13,309,152,69,83,6.095768,0,ok,logs/seed_174052.log
174052,comp_drt,NHEFT+CompDRT,0,0.0,1,1,0,3.0995,3.9582,7.0577,2099.2129999999993,56.8558,2,2,22,467,467,0,243.45829999999998,6.5939,30,8,185,86,42,44,1201.769579070672,32.5491,1,1,22,20,20,0,6.095768,0,ok,logs/seed_174052.log
224195,baseline,NHEFT,1,0.0,0,0,0,2.8762,3.3405,6.2167,1817.4257999999963,50.431,2,2,22,438,438,0,251.47160000000008,6.978,31,12,197,104,47,57,145.63910835053116,4.0413,35,11,271,135,79,56,5.29881,0,ok,logs/seed_224195.log
224195,comp_drt,NHEFT+CompDRT,0,0.0,1,1,0,2.8762,3.3405,6.2167,1817.4257999999963,50.431,2,2,22,438,438,0,251.47160000000008,6.978,31,12,197,104,47,57,1029.226148850746,28.5595,1,1,22,20,20,0,5.29881,0,ok,logs/seed_224195.log
203906,baseline,NHEFT,1,0.0,0,0,0,3.6054,4.897,8.5024,1731.337599999997,45.9171,2,2,22,433,433,0,262.43880000000007,6.9602,25,9,171,98,46,52,145.42510431532614,3.8568,34,10,234,133,77,56,5.465235,0,ok,logs/seed_203906.log
203906,comp_drt,NHEFT+CompDRT,0,0.0,1,1,0,3.6054,4.897,8.5024,1731.337599999997,45.9171,2,2,22,433,433,0,262.43880000000007,6.9602,25,9,171,98,46,52,852.4665166744185,22.6084,1,1,22,20,20,0,5.465235,0,ok,logs/seed_203906.log
223610,baseline,NHEFT,1,0.0,0,0,0,3.1877,4.6703,7.858,2391.4891999999973,70.8254,2,2,22,453,453,0,239.86450000000002,7.1037,22,6,155,64,38,26,141.81116392688492,4.1998,38,9,275,124,66,58,4.779761,0,ok,logs/seed_223610.log
223610,comp_drt,NHEFT+CompDRT,0,0.0,1,1,0,3.1877,4.6703,7.858,2391.4891999999973,70.8254,2,2,22,453,453,0,239.86450000000002,7.1037,22,6,155,64,38,26,1207.3149132909773,35.7553,1,1,22,20,20,0,4.779761,0,ok,logs/seed_223610.log
765827,baseline,NHEFT,1,0.0,0,0,0,3.3454,4.4243,7.7697,2303.684,56.2805,2,2,22,485,485,0,246.34700000000007,6.0184,21,7,155,69,40,29,159.9380804755231,3.9074,38,9,260,129,70,59,6.16747,0,ok,logs/seed_765827.log
765827,comp_drt,NHEFT+CompDRT,0,0.0,1,1,0,3.3454,4.4243,7.7697,2303.684,56.2805,2,2,22,485,485,0,246.34700000000007,6.0184,21,7,155,69,40,29,1303.013305956127,31.8335,1,1,22,20,20,0,6.16747,0,ok,logs/seed_765827.log
597825,baseline,NHEFT,1,0.0,0,0,0,3.5048,4.4304,7.9352,2086.279899999998,50.2542,2,2,22,439,439,0,244.30670000000006,5.8849,28,8,147,75,39,36,145.91951355564586,3.5149,35,9,261,136,72,64,5.687089,0,ok,logs/seed_597825.log
597825,comp_drt,NHEFT+CompDRT,0,0.0,1,1,0,3.5048,4.4304,7.9352,2086.279899999998,50.2542,2,2,22,439,439,0,244.30670000000006,5.8849,28,8,147,75,39,36,722.1939992690582,17.3962,1,1,22,20,20,0,5.687089,0,ok,logs/seed_597825.log
743325,baseline,NHEFT,1,0.0,0,0,0,3.4214,4.9125,8.3339,2130.6145999999976,71.4552,2,2,22,456,456,0,250.28779999999995,8.394,26,8,183,84,42,42,146.062809408417,4.8986,37,9,259,127,68,59,6.096872,0,ok,logs/seed_743325.log
743325,comp_drt,NHEFT+CompDRT,0,0.0,1,1,0,3.4214,4.9125,8.3339,2130.6145999999976,71.4552,2,2,22,456,456,0,250.28779999999995,8.394,26,8,183,84,42,42,1086.2786850231723,36.4309,1,1,22,20,20,0,6.096872,0,ok,logs/seed_743325.log
459404,baseline,NHEFT,1,0.0,0,0,0,2.7817,3.5332,6.3149,2060.210400000003,48.8955,2,2,22,456,456,0,262.5683,6.2316,35,11,210,111,42,69,172.0948961326115,4.0844,39,10,286,149,81,68,5.201931,0,ok,logs/seed_459404.log
459404,comp_drt,NHEFT+CompDRT,0,0.0,1,1,0,2.7817,3.5332,6.3149,2060.210400000003,48.8955,2,2,22,456,456,0,262.5683,6.2316,35,11,210,111,42,69,1202.4696544301669,28.5385,1,1,22,20,20,0,5.201931,0,ok,logs/seed_459404.log
644891,baseline,NHEFT,1,0.0,0,0,0,3.5062,4.4514,7.9576,2387.810799999994,54.9659,2,2,22,469,469,0,213.37969999999999,4.9119,20,5,151,55,37,18,148.11661906657417,3.4095,37,10,272,143,80,63,5.728429,0,ok,logs/seed_644891.log
644891,comp_drt,NHEFT+CompDRT,0,0.0,1,1,0,3.5062,4.4514,7.9576,2387.810799999994,54.9659,2,2,22,469,469,0,213.37969999999999,4.9119,20,5,151,55,37,18,2081.7011043786415,47.9194,1,1,22,20,20,0,5.728429,0,ok,logs/seed_644891.log
112316,baseline,NHEFT,1,0.0,0,0,0,3.3973,3.806,7.2033,2127.6423000000045,54.8634,2,2,22,472,472,0,276.76879999999994,7.1368,32,12,214,130,43,87,130.5387396068376,3.3661,34,9,261,127,71,56,6.967833,0,ok,logs/seed_112316.log
112316,comp_drt,NHEFT+CompDRT,0,0.0,1,1,0,3.3973,3.806,7.2033,2127.6423000000045,54.8634,2,2,22,472,472,0,276.76879999999994,7.1368,32,12,214,130,43,87,770.9990668260868,19.881,1,1,22,20,20,0,6.967833,0,ok,logs/seed_112316.log
708240,baseline,NHEFT,1,0.0,0,0,0,3.3133,4.3887,7.702,1897.9664999999968,44.6424,2,2,22,438,438,0,258.4806000000001,6.0798,22,9,150,89,43,46,149.15431164911615,3.5083,27,8,226,116,67,49,5.078632,0,ok,logs/seed_708240.log
708240,comp_drt,NHEFT+CompDRT,0,0.0,1,1,0,3.3133,4.3887,7.702,1897.9664999999968,44.6424,2,2,22,438,438,0,258.4806000000001,6.0798,22,9,150,89,43,46,907.0375886324948,21.3346,1,1,22,20,20,0,5.078632,0,ok,logs/seed_708240.log
988612,baseline,NHEFT,1,0.0,0,0,0,3.4215,3.5217,6.9432,2488.5170999999996,72.6918,3,3,23,445,445,0,248.17120000000006,7.2493,19,6,137,64,40,24,127.29303548767852,3.7183,35,9,267,131,68,63,4.73373,0,ok,logs/seed_988612.log
988612,comp_drt,NHEFT+CompDRT,0,0.0,1,1,0,3.4215,3.5217,6.9432,2488.5170999999996,72.6918,3,3,23,445,445,0,248.17120000000006,7.2493,19,6,137,64,40,24,935.4530364887894,27.3254,1,1,22,20,20,0,4.73373,0,ok,logs/seed_988612.log
737269,baseline,NHEFT,1,0.0,0,0,0,3.6409,4.4962,8.1371,1912.7839000000029,45.6218,2,2,22,450,450,0,207.67130000000006,4.9532,29,8,158,69,39,30,137.6963594004672,3.2842,32,11,258,136,74,62,5.399137,0,ok,logs/seed_737269.log
737269,comp_drt,NHEFT+CompDRT,0,0.0,1,1,0,3.6409,4.4962,8.1371,1912.7839000000029,45.6218,2,2,22,450,450,0,207.67130000000006,4.9532,29,8,158,69,39,30,916.0866665564312,21.8496,1,1,22,20,20,0,5.399137,0,ok,logs/seed_737269.log
670045,baseline,NHEFT,1,0.0,0,0,0,3.4669,4.0089,7.4758,2685.5704000000032,73.6457,1,1,22,431,431,0,286.90170000000006,7.8676,22,9,139,82,40,42,134.68401398156678,3.6934,29,10,229,146,76,70,5.849166,0,ok,logs/seed_670045.log
670045,comp_drt,NHEFT+CompDRT,0,0.0,1,1,0,3.4669,4.0089,7.4758,2685.5704000000032,73.6457,1,1,22,431,431,0,286.90170000000006,7.8676,22,9,139,82,40,42,791.6661866635956,21.7096,1,1,22,21,21,0,5.849166,0,ok,logs/seed_670045.log
697981,baseline,NHEFT,1,0.0,0,0,0,3.1442,4.2263,7.3705,1801.4438999999938,55.1896,2,2,22,481,481,0,222.06739999999994,6.8033,25,8,163,75,41,34,138.90507430877312,4.2555,40,10,285,146,70,76,6.163484,0,ok,logs/seed_697981.log
697981,comp_drt,NHEFT+CompDRT,0,0.0,1,1,0,3.1442,4.2263,7.3705,1801.4438999999938,55.1896,2,2,22,481,481,0,222.06739999999994,6.8033,25,8,163,75,41,34,649.9390073000808,19.9117,1,1,22,20,20,0,6.163484,0,ok,logs/seed_697981.log
940926,baseline,NHEFT,1,0.0,0,0,0,4.0302,5.1914,9.2216,2449.609800000002,74.1769,2,2,22,464,464,0,248.60819999999998,7.5281,19,6,130,61,40,21,145.3008641970976,4.3999,30,9,234,137,75,62,5.713975,0,ok,logs/seed_940926.log
940926,comp_drt,NHEFT+CompDRT,0,0.0,1,1,0,4.0302,5.1914,9.2216,2449.609800000002,74.1769,2,2,22,464,464,0,248.60819999999998,7.5281,19,6,130,61,40,21,1445.7682474974083,43.7795,1,1,22,20,20,0,5.713975,0,ok,logs/seed_940926.log
245466,baseline,NHEFT,1,0.0,0,0,0,3.8157,4.7117,8.5274,1887.8645999999928,40.7691,2,2,22,484,484,0,239.8797,5.1803,24,8,175,93,43,50,153.63436010328402,3.3178,36,10,284,136,72,64,7.630877,0,ok,logs/seed_245466.log
245466,comp_drt,NHEFT+CompDRT,0,0.0,1,1,0,3.8157,4.7117,8.5274,1887.8645999999928,40.7691,2,2,22,484,484,0,239.8797,5.1803,24,8,175,93,43,50,813.9020489843009,17.5765,1,1,22,20,20,0,7.630877,0,ok,logs/seed_245466.log
863385,baseline,NHEFT,1,0.0,0,0,0,3.4655,3.659,7.1245,1871.3005999999996,44.6563,2,2,22,490,490,0,248.70340000000004,5.935,30,10,187,95,44,51,141.59813425526931,3.3791,47,11,300,158,79,79,6.448171,0,ok,logs/seed_863385.log
863385,comp_drt,NHEFT+CompDRT,0,0.0,1,1,0,3.4655,3.659,7.1245,1871.3005999999996,44.6563,2,2,22,490,490,0,248.70340000000004,5.935,30,10,187,95,44,51,1082.1012410140515,25.823,1,1,22,20,20,0,6.448171,0,ok,logs/seed_863385.log
502084,baseline,NHEFT,1,0.0,0,0,0,3.3792,4.8758,8.255,2153.175499999997,49.4493,2,2,22,474,474,0,234.45299999999997,5.3844,22,7,168,78,41,37,151.52981548694555,3.48,38,9,277,168,81,87,6.728258,0,ok,logs/seed_502084.log
502084,comp_drt,NHEFT+CompDRT,0,0.0,1,1,0,3.3792,4.8758,8.255,2153.175499999997,49.4493,2,2,22,474,474,0,234.45299999999997,5.3844,22,7,168,78,41,37,898.8132865977658,20.6419,1,1,22,20,20,0,6.728258,0,ok,logs/seed_502084.log
268333,baseline,NHEFT,1,0.0,0,0,0,3.5662,3.5894,7.1556,2133.7124000000017,72.6452,2,2,22,467,467,0,215.72180000000003,7.3445,22,8,170,68,42,26,126.22266941361771,4.2974,43,10,293,138,76,62,6.170799,0,ok,logs/seed_268333.log
268333,comp_drt,NHEFT+CompDRT,0,0.0,1,1,0,3.5662,3.5894,7.1556,2133.7124000000017,72.6452,2,2,22,467,467,0,215.72180000000003,7.3445,22,8,170,68,42,26,1349.5953071889771,45.9488,1,1,22,20,20,0,6.170799,0,ok,logs/seed_268333.log
889172,baseline,NHEFT,1,0.0,0,0,0,3.3102,3.5003,6.8105,2476.3020000000033,67.0485,2,2,22,445,445,0,242.79720000000003,6.574,21,8,132,75,39,36,108.41290540540541,2.9354,40,10,272,130,71,59,5.592047,0,ok,logs/seed_889172.log
889172,comp_drt,NHEFT+CompDRT,0,0.0,1,1,0,3.3102,3.5003,6.8105,2476.3020000000033,67.0485,2,2,22,445,445,0,242.79720000000003,6.574,21,8,132,75,39,36,897.5336053273161,24.3017,1,1,22,21,21,0,5.592047,0,ok,logs/seed_889172.log
768859,baseline,NHEFT,1,0.0,0,0,0,3.2917,4.6306,7.9223,1940.6059999999961,59.2977,3,3,23,454,454,0,201.12560000000008,6.1456,21,5,174,62,42,20,143.76103289368353,4.3928,43,11,290,162,77,85,5.339948,0,ok,logs/seed_768859.log
768859,comp_drt,NHEFT+CompDRT,0,0.0,1,1,0,3.2917,4.6306,7.9223,1940.6059999999961,59.2977,3,3,23,454,454,0,201.12560000000008,6.1456,21,5,174,62,42,20,1347.080348769231,41.1618,1,1,22,20,20,0,5.339948,0,ok,logs/seed_768859.log
108511,baseline,NHEFT,1,0.0,0,0,0,3.4041,4.5719,7.976,2310.6469999999968,71.8018,2,2,22,485,485,0,234.19449999999998,7.2774,22,7,150,66,38,28,136.2583213318126,4.2341,47,11,310,159,76,83,6.870365,0,ok,logs/seed_108511.log
108511,comp_drt,NHEFT+CompDRT,0,0.0,1,1,0,3.4041,4.5719,7.976,2310.6469999999968,71.8018,2,2,22,485,485,0,234.19449999999998,7.2774,22,7,150,66,38,28,1019.6892928776518,31.6862,1,1,22,20,20,0,6.870365,0,ok,logs/seed_108511.log
828273,baseline,NHEFT,1,0.0,0,0,0,3.2873,3.7915,7.0788,2007.3957999999982,52.6173,2,2,22,453,453,0,196.44510000000002,5.1492,19,6,134,56,39,17,137.49663800616185,3.604,39,9,262,112,65,47,5.33637,0,ok,logs/seed_828273.log
828273,comp_drt,NHEFT+CompDRT,0,0.0,1,1,0,3.2873,3.7915,7.0788,2007.3957999999982,52.6173,2,2,22,453,453,0,196.44510000000002,5.1492,19,6,134,56,39,17,1347.1411565225465,35.3109,1,1,22,21,21,0,5.33637,0,ok,logs/seed_828273.log
932667,baseline,NHEFT,1,0.0,0,0,0,3.168,3.9499,7.1179,2012.6789000000003,64.9954,2,2,22,422,422,0,246.74600000000004,7.9682,25,9,182,85,45,40,127.7309886074593,4.1248,35,10,271,172,83,89,5.29797,0,ok,logs/seed_932667.log
932667,comp_drt,NHEFT+CompDRT,0,0.0,1,1,0,3.168,3.9499,7.1179,2012.6789000000003,64.9954,2,2,22,422,422,0,246.74600000000004,7.9682,25,9,182,85,45,40,1071.558970129985,34.6038,1,1,22,22,22,0,5.29797,0,ok,logs/seed_932667.log
245421,baseline,NHEFT,1,0.0,0,0,0,3.2616,3.8836,7.1452,1525.4705999999996,42.1348,4,2,37,445,445,0,234.66620000000003,6.4817,28,9,209,107,47,60,130.38185445045045,3.6013,33,12,257,135,78,57,6.003578,0,ok,logs/seed_245421.log
245421,comp_drt,NHEFT+CompDRT,0,0.0,1,1,0,3.2616,3.8836,7.1452,1525.4705999999996,42.1348,4,2,37,445,445,0,234.66620000000003,6.4817,28,9,209,107,47,60,1200.077132173652,33.1472,1,1,22,20,20,0,6.003578,0,ok,logs/seed_245421.log
678641,baseline,NHEFT,1,0.0,0,0,0,3.7428,4.1061,7.8489,2145.2883000000006,49.1821,2,2,22,460,460,0,185.72400000000002,4.2578,21,8,158,52,35,17,130.3367934725163,2.9881,45,11,292,166,90,76,7.0153,0,ok,logs/seed_678641.log
678641,comp_drt,NHEFT+CompDRT,0,0.0,1,1,0,3.7428,4.1061,7.8489,2145.2883000000006,49.1821,2,2,22,460,460,0,185.72400000000002,4.2578,21,8,158,52,35,17,1247.766546800263,28.6058,1,1,22,20,20,0,7.0153,0,ok,logs/seed_678641.log
935125,baseline,NHEFT,1,0.0,0,0,0,3.6388,4.7717,8.4105,1864.7472999999986,45.2319,2,2,22,480,480,0,277.8242,6.739,42,18,229,153,44,109,134.64058024691354,3.2659,37,10,287,156,81,75,7.862754,0,ok,logs/seed_935125.log
935125,comp_drt,NHEFT+CompDRT,0,0.0,1,1,0,3.6388,4.7717,8.4105,1864.7472999999986,45.2319,2,2,22,480,480,0,277.8242,6.739,42,18,229,153,44,109,1013.310898012346,24.5792,1,1,22,20,20,0,7.862754,0,ok,logs/seed_935125.log
605287,baseline,NHEFT,1,0.0,0,0,0,3.5523,4.7749,8.3272,1960.1618,49.8373,2,2,22,447,447,0,220.5293,5.607,31,12,170,80,34,46,142.97582444444447,3.6352,30,8,241,132,79,53,6.782319,0,ok,logs/seed_605287.log
605287,comp_drt,NHEFT+CompDRT,0,0.0,1,1,0,3.5523,4.7749,8.3272,1960.1618,49.8373,2,2,22,447,447,0,220.5293,5.607,31,12,170,80,34,46,759.0514171132074,19.299,1,1,22,20,20,0,6.782319,0,ok,logs/seed_605287.log
241117,baseline,NHEFT,1,0.0,0,0,0,3.8379,3.7712,7.6091,2174.658699999998,46.7425,2,2,22,477,477,0,240.83209999999997,5.1765,22,7,138,68,39,29,128.6701254035476,2.7657,42,11,290,156,78,78,8.197904,0,ok,logs/seed_241117.log
241117,comp_drt,NHEFT+CompDRT,0,0.0,1,1,0,3.8379,3.7712,7.6091,2174.658699999998,46.7425,2,2,22,477,477,0,240.83209999999997,5.1765,22,7,138,68,39,29,944.7201719964742,20.306,1,1,22,20,20,0,8.197904,0,ok,logs/seed_241117.log
137693,baseline,NHEFT,1,0.0,0,0,0,2.8802,4.1554,7.0356,2333.8639,70.5688,3,3,42,503,503,0,252.2655,7.6277,25,6,200,72,46,26,162.47175581421482,4.9126,42,11,290,143,75,68,7.490236,0,ok,logs/seed_137693.log
137693,comp_drt,NHEFT+CompDRT,0,0.0,1,1,0,2.8802,4.1554,7.0356,2333.8639,70.5688,3,3,42,503,503,0,252.2655,7.6277,25,6,200,72,46,26,1709.3641038879641,51.6858,1,1,22,20,20,0,7.490236,0,ok,logs/seed_137693.log
519815,baseline,NHEFT,1,0.0,0,0,0,3.6184,4.3712,7.9896,2484.371599999997,65.1821,3,3,31,472,472,0,235.46360000000004,6.1778,23,8,145,71,41,30,154.1660089960698,4.0448,35,9,269,144,77,67,5.811332,0,ok,logs/seed_519815.log
519815,comp_drt,NHEFT+CompDRT,0,0.0,1,1,0,3.6184,4.3712,7.9896,2484.371599999997,65.1821,3,3,31,472,472,0,235.46360000000004,6.1778,23,8,145,71,41,30,858.3185039529782,22.5196,1,1,22,20,20,0,5.811332,0,ok,logs/seed_519815.log
825689,baseline,NHEFT,1,0.0,0,0,0,3.4362,3.7868,7.223,2118.082699999998,50.8183,2,2,22,461,461,0,232.85490000000004,5.5868,27,12,171,91,40,51,141.62267637203234,3.3979,37,12,284,151,84,67,6.065506,0,ok,logs/seed_825689.log
825689,comp_drt,NHEFT+CompDRT,0,0.0,1,1,0,3.4362,3.7868,7.223,2118.082699999998,50.8183,2,2,22,461,461,0,232.85490000000004,5.5868,27,12,171,91,40,51,997.8632142358841,23.9413,1,1,22,20,20,0,6.065506,0,ok,logs/seed_825689.log
266300,baseline,NHEFT,1,0.0,0,0,0,3.6524,3.9333,7.5857,2073.3865000000046,58.1698,2,2,22,473,473,0,222.89440000000005,6.2534,20,7,159,69,42,27,96.59409156327543,2.71,37,10,252,119,57,62,6.110528,0,ok,logs/seed_266300.log
266300,comp_drt,NHEFT+CompDRT,0,0.0,1,1,0,3.6524,3.9333,7.5857,2073.3865000000046,58.1698,2,2,22,473,473,0,222.89440000000005,6.2534,20,7,159,69,42,27,1108.332486521368,31.0948,1,1,22,20,20,0,6.110528,0,ok,logs/seed_266300.log
353884,baseline,NHEFT,1,0.0,0,0,0,3.4599,4.6233,8.0832,2052.0660999999977,45.1047,3,2,23,483,483,0,268.0411,5.8916,29,12,204,106,44,62,148.3230388678939,3.2602,35,9,281,116,60,56,5.523456,0,ok,logs/seed_353884.log
353884,comp_drt,NHEFT+CompDRT,0,0.0,1,1,0,3.4599,4.6233,8.0832,2052.0660999999977,45.1047,3,2,23,483,483,0,268.0411,5.8916,29,12,204,106,44,62,1022.4709038484843,22.4741,1,1,22,20,20,0,5.523456,0,ok,logs/seed_353884.log
141574,baseline,NHEFT,1,0.0,0,0,0,3.3707,3.2359,6.6066,2373.3991999999976,52.7372,2,2,22,485,485,0,253.04219999999998,5.6226,25,8,171,86,42,44,121.10971311111109,2.6911,43,10,281,134,72,62,5.619822,0,ok,logs/seed_141574.log
141574,comp_drt,NHEFT+CompDRT,0,0.0,1,1,0,3.3707,3.2359,6.6066,2373.3991999999976,52.7372,2,2,22,485,485,0,253.04219999999998,5.6226,25,8,171,86,42,44,1506.604146522936,33.4769,1,1,22,20,20,0,5.619822,0,ok,logs/seed_141574.log
211351,baseline,NHEFT,1,0.0,0,0,0,3.5406,4.2723,7.8129,2373.8548000000037,56.7791,2,2,22,467,467,0,246.49839999999998,5.8959,27,10,156,86,39,47,166.48769982095664,3.9821,29,8,258,147,79,68,5.508772,0,ok,logs/seed_211351.log
211351,comp_drt,NHEFT+CompDRT,0,0.0,1,1,0,3.5406,4.2723,7.8129,2373.8548000000037,56.7791,2,2,22,467,467,0,246.49839999999998,5.8959,27,10,156,86,39,47,781.1162607721519,18.6831,1,1,22,20,20,0,5.508772,0,ok,logs/seed_211351.log
64745,baseline,NHEFT,1,0.0,0,0,0,2.9103,3.2995,6.2098,1887.7839999999949,38.4938,2,2,22,472,472,0,201.87569999999997,4.1165,31,8,204,72,42,30,135.27439223302508,2.7584,43,9,289,168,90,78,6.736045,0,ok,logs/seed_64745.log
64745,comp_drt,NHEFT+CompDRT,0,0.0,1,1,0,2.9103,3.2995,6.2098,1887.7839999999949,38.4938,2,2,22,472,472,0,201.87569999999997,4.1165,31,8,204,72,42,30,841.0364293745823,17.1496,1,1,22,20,20,0,6.736045,0,ok,logs/seed_64745.log
827551,baseline,NHEFT,1,0.0,0,0,0,3.6641,4.8702,8.5343,1805.4256999999982,40.4848,2,2,22,426,426,0,223.1592,5.0041,28,10,153,87,45,42,137.6954726272601,3.0877,29,9,230,128,76,52,6.475283,0,ok,logs/seed_827551.log
827551,comp_drt,NHEFT+CompDRT,0,0.0,1,1,0,3.6641,4.8702,8.5343,1805.4256999999982,40.4848,2,2,22,426,426,0,223.1592,5.0041,28,10,153,87,45,42,811.5017667051462,18.1971,1,1,22,20,20,0,6.475283,0,ok,logs/seed_827551.log
236634,baseline,NHEFT,1,0.0,0,0,0,3.4662,4.2286,7.6948,1912.3668000000005,53.8461,2,2,22,442,442,0,209.95699999999994,5.9117,21,7,156,67,37,30,124.79706760374835,3.5139,32,10,254,136,76,60,5.625097,0,ok,logs/seed_236634.log
236634,comp_drt,NHEFT+CompDRT,0,0.0,1,1,0,3.4662,4.2286,7.6948,1912.3668000000005,53.8461,2,2,22,442,442,0,209.95699999999994,5.9117,21,7,156,67,37,30,1954.053518669342,55.0199,1,1,22,20,20,0,5.625097,0,ok,logs/seed_236634.log
554061,baseline,NHEFT,1,0.0,0,0,0,3.3548,4.3016,7.6564,2131.5131000000056,49.4447,3,3,29,450,450,0,275.1430000000001,6.3825,27,8,198,94,44,50,153.82604692667292,3.5683,36,9,269,146,84,62,5.854095,0,ok,logs/seed_554061.log
554061,comp_drt,NHEFT+CompDRT,0,0.0,1,1,0,3.3548,4.3016,7.6564,2131.5131000000056,49.4447,3,3,29,450,450,0,275.1430000000001,6.3825,27,8,198,94,44,50,1456.0382127368412,33.7757,1,1,22,20,20,0,5.854095,0,ok,logs/seed_554061.log
473253,baseline,NHEFT,1,0.0,0,0,0,3.0323,3.3198,6.3521,2385.8691000000035,62.2018,2,2,22,433,433,0,287.47029999999995,7.4946,24,13,161,102,43,59,130.57774029101031,3.4043,37,10,277,138,74,64,5.955368,0,ok,logs/seed_473253.log
473253,comp_drt,NHEFT+CompDRT,0,0.0,1,1,0,3.0323,3.3198,6.3521,2385.8691000000035,62.2018,2,2,22,433,433,0,287.47029999999995,7.4946,24,13,161,102,43,59,1823.4831211948053,47.5399,1,1,22,20,20,0,5.955368,0,ok,logs/seed_473253.log
397414,baseline,NHEFT,1,0.0,0,0,0,3.5786,5.2586,8.8372,2257.452100000005,63.6682,2,2,22,484,484,0,215.59529999999995,6.0806,27,4,191,56,38,18,155.7570576539924,4.3929,47,11,310,154,74,80,6.982205,0,ok,logs/seed_397414.log
397414,comp_drt,NHEFT+CompDRT,0,0.0,1,1,0,3.5786,5.2586,8.8372,2257.452100000005,63.6682,2,2,22,484,484,0,215.59529999999995,6.0806,27,4,191,56,38,18,986.2614707110267,27.8161,1,1,22,20,20,0,6.982205,0,ok,logs/seed_397414.log
237902,baseline,NHEFT,1,0.0,0,0,0,3.4058,3.7628,7.1686,1743.0709000000008,48.5687,4,3,37,441,441,0,250.39070000000004,6.9768,32,11,207,110,48,62,112.36747822051528,3.131,38,10,271,128,72,56,6.338867,0,ok,logs/seed_237902.log
237902,comp_drt,NHEFT+CompDRT,0,0.0,1,1,0,3.4058,3.7628,7.1686,1743.0709000000008,48.5687,4,3,37,441,441,0,250.39070000000004,6.9768,32,11,207,110,48,62,1267.8336897509887,35.3267,1,1,22,20,20,0,6.338867,0,ok,logs/seed_237902.log
57519,baseline,NHEFT,1,0.0,0,0,0,3.1056,3.7413,6.8469,1695.3722999999998,52.3644,3,2,34,450,450,0,245.41499999999996,7.5801,33,12,217,110,43,67,141.72740052986424,4.3775,43,10,311,169,90,79,6.783979,0,ok,logs/seed_57519.log
57519,comp_drt,NHEFT+CompDRT,0,0.0,1,1,0,3.1056,3.7413,6.8469,1695.3722999999998,52.3644,3,2,34,450,450,0,245.41499999999996,7.5801,33,12,217,110,43,67,849.1084721120329,26.2262,1,1,22,20,20,0,6.783979,0,ok,logs/seed_57519.log
505780,baseline,NHEFT,1,0.0,0,0,0,3.7556,3.9941,7.7497,1640.7579999999975,40.3571,2,2,22,425,425,0,213.0565,5.2405,26,6,157,73,42,31,112.17596758476658,2.7591,38,11,255,135,76,59,5.672791,0,ok,logs/seed_505780.log
505780,comp_drt,NHEFT+CompDRT,0,0.0,1,1,0,3.7556,3.9941,7.7497,1640.7579999999975,40.3571,2,2,22,425,425,0,213.0565,5.2405,26,6,157,73,42,31,1442.4627513808355,35.4797,1,1,22,20,20,0,5.672791,0,ok,logs/seed_505780.log
353215,baseline,NHEFT,1,0.0,0,0,0,2.7513,3.5319,6.2832,1936.2723000000024,48.2822,2,2,22,476,476,0,254.15760000000003,6.3376,22,9,165,89,45,44,149.66962067328225,3.7321,29,9,262,128,69,59,5.995937,0,ok,logs/seed_353215.log
353215,comp_drt,NHEFT+CompDRT,0,0.0,1,1,0,2.7513,3.5319,6.2832,1936.2723000000024,48.2822,2,2,22,476,476,0,254.15760000000003,6.3376,22,9,165,89,45,44,1245.971306288288,31.0691,1,1,22,20,20,0,5.995937,0,ok,logs/seed_353215.log
60194,baseline,NHEFT,1,0.0,0,0,0,3.4912,4.1875,7.6787,2071.8632000000034,68.9087,3,3,24,477,477,0,246.19290000000004,8.1882,29,10,196,99,46,53,118.9897542129307,3.9575,40,10,289,110,57,53,6.791157,0,ok,logs/seed_60194.log
60194,comp_drt,NHEFT+CompDRT,0,0.0,1,1,0,3.4912,4.1875,7.6787,2071.8632000000034,68.9087,3,3,24,477,477,0,246.19290000000004,8.1882,29,10,196,99,46,53,2184.8097645740027,72.6652,1,1,22,20,20,0,6.791157,0,ok,logs/seed_60194.log
21327,baseline,NHEFT,1,0.0,0,0,0,3.4191,3.6624,7.0815,2403.3133000000007,50.4833,2,2,22,482,482,0,237.84560000000005,4.9961,21,6,172,66,41,25,154.415125390729,3.2436,41,12,274,139,74,65,7.22123,0,ok,logs/seed_21327.log
21327,comp_drt,NHEFT+CompDRT,0,0.0,1,1,0,3.4191,3.6624,7.0815,2403.3133000000007,50.4833,2,2,22,482,482,0,237.84560000000005,4.9961,21,6,172,66,41,25,1220.045944506024,25.6279,1,1,22,20,20,0,7.22123,0,ok,logs/seed_21327.log
551141,baseline,NHEFT,1,0.0,0,0,0,3.2839,3.2456,6.5295,1755.1044000000006,51.3651,1,1,22,425,425,0,234.93499999999992,6.8756,28,11,145,84,39,45,119.36008593262994,3.4932,40,10,265,151,84,67,5.029626,0,ok,logs/seed_551141.log
551141,comp_drt,NHEFT+CompDRT,0,0.0,1,1,0,3.2839,3.2456,6.5295,1755.1044000000006,51.3651,1,1,22,425,425,0,234.93499999999992,6.8756,28,11,145,84,39,45,771.4249077862233,22.5766,1,1,22,20,20,0,5.029626,0,ok,logs/seed_551141.log
504483,baseline,NHEFT,1,0.0,0,0,0,3.4421,4.5244,7.9665,1871.5207999999982,62.4231,2,2,22,450,450,0,221.5863,7.3908,23,8,148,71,43,28,154.21068862964268,5.1436,35,11,226,115,67,48,5.560597,0,ok,logs/seed_504483.log
504483,comp_drt,NHEFT+CompDRT,0,0.0,1,1,0,3.4421,4.5244,7.9665,1871.5207999999982,62.4231,2,2,22,450,450,0,221.5863,7.3908,23,8,148,71,43,28,866.7441179924432,28.9096,1,1,22,20,20,0,5.560597,0,ok,logs/seed_504483.log
50984,baseline,NHEFT,1,0.0,0,0,0,3.2032,3.7296,6.9328,2009.6148000000014,42.3065,2,2,22,469,469,0,226.38879999999995,4.7659,18,4,152,69,43,26,130.13666005339672,2.7396,34,10,269,122,68,54,6.14456,0,ok,logs/seed_50984.log
50984,comp_drt,NHEFT+CompDRT,0,0.0,1,1,0,3.2032,3.7296,6.9328,2009.6148000000014,42.3065,2,2,22,469,469,0,226.38879999999995,4.7659,18,4,152,69,43,26,811.977158011834,17.0938,1,1,22,20,20,0,6.14456,0,ok,logs/seed_50984.log
145299,baseline,NHEFT,1,0.0,0,0,0,3.5535,4.381,7.9345,2001.9223999999963,53.8433,2,2,22,440,440,0,250.3118,6.7323,31,8,198,93,44,49,148.66747592465737,3.9985,34,10,272,133,79,54,5.737511,0,ok,logs/seed_145299.log
145299,comp_drt,NHEFT+CompDRT,0,0.0,1,1,0,3.5535,4.381,7.9345,2001.9223999999963,53.8433,2,2,22,440,440,0,250.3118,6.7323,31,8,198,93,44,49,1275.9841350594836,34.3186,1,1,22,20,20,0,5.737511,0,ok,logs/seed_145299.log
933274,baseline,NHEFT,1,0.0,0,0,0,3.2569,3.4334,6.6903,2348.711500000007,49.0292,2,2,22,472,472,0,236.41670000000002,4.9352,19,4,175,57,38,19,125.12080595211074,2.6119,40,12,278,159,77,82,6.441177,0,ok,logs/seed_933274.log
933274,comp_drt,NHEFT+CompDRT,0,0.0,1,1,0,3.2569,3.4334,6.6903,2348.711500000007,49.0292,2,2,22,472,472,0,236.41670000000002,4.9352,19,4,175,57,38,19,1587.6827803655904,33.1428,1,1,22,20,20,0,6.441177,0,ok,logs/seed_933274.log
321337,baseline,NHEFT,1,0.0,0,0,0,3.8802,4.876,8.7562,2804.621099999998,100.9543,2,2,22,468,468,0,254.1741,9.1492,27,12,129,69,37,32,151.86612032692204,5.4665,34,9,255,136,68,68,5.024845,0,ok,logs/seed_321337.log
321337,comp_drt,NHEFT+CompDRT,0,0.0,1,1,0,3.8802,4.876,8.7562,2804.621099999998,100.9543,2,2,22,468,468,0,254.1741,9.1492,27,12,129,69,37,32,927.9649088839137,33.4027,1,1,22,20,20,0,5.024845,0,ok,logs/seed_321337.log
181404,baseline,NHEFT,1,0.0,0,0,0,3.5242,4.7306,8.2548,2211.9605999999953,61.6745,2,2,22,483,483,0,246.31279999999998,6.8678,24,6,158,67,39,28,169.42789259225702,4.724,31,9,269,147,79,68,6.332713,0,ok,logs/seed_181404.log
181404,comp_drt,NHEFT+CompDRT,0,0.0,1,1,0,3.5242,4.7306,8.2548,2211.9605999999953,61.6745,2,2,22,483,483,0,246.31279999999998,6.8678,24,6,158,67,39,28,944.24510815025,26.3277,1,1,22,20,20,0,6.332713,0,ok,logs/seed_181404.log
3899,baseline,NHEFT,1,0.0,0,0,0,3.3191,4.4454,7.7645,2102.688700000003,42.0058,2,2,22,444,444,0,192.4103,3.8438,19,4,171,54,38,16,157.21522472002587,3.1407,43,10,283,154,81,73,6.178537,0,ok,logs/seed_3899.log
3899,comp_drt,NHEFT+CompDRT,0,0.0,1,1,0,3.3191,4.4454,7.7645,2102.688700000003,42.0058,2,2,22,444,444,0,192.4103,3.8438,19,4,171,54,38,16,1046.356298199666,20.9033,1,1,22,20,20,0,6.178537,0,ok,logs/seed_3899.log
494958,baseline,NHEFT,1,0.0,0,0,0,3.8693,5.2015,9.0708,1791.0088999999994,45.5964,2,2,22,428,428,0,259.7098,6.6118,26,9,170,95,47,48,170.92733399647952,4.3516,37,10,263,131,71,60,6.790098,0,ok,logs/seed_494958.log
494958,comp_drt,NHEFT+CompDRT,0,0.0,1,1,0,3.8693,5.2015,9.0708,1791.0088999999994,45.5964,2,2,22,428,428,0,259.7098,6.6118,26,9,170,95,47,48,849.5200443968255,21.6275,1,1,22,20,20,0,6.790098,0,ok,logs/seed_494958.log
970507,baseline,NHEFT,1,0.0,0,0,0,2.9809,4.0011,6.982,1990.8689000000052,53.3395,2,2,22,452,452,0,250.75090000000003,6.7181,20,8,158,85,47,38,136.280443953171,3.6512,40,11,278,160,82,78,7.361522,0,ok,logs/seed_970507.log
970507,comp_drt,NHEFT+CompDRT,0,0.0,1,1,0,2.9809,4.0011,6.982,1990.8689000000052,53.3395,2,2,22,452,452,0,250.75090000000003,6.7181,20,8,158,85,47,38,953.3702121034481,25.5427,1,1,22,20,20,0,7.361522,0,ok,logs/seed_970507.log
705866,baseline,NHEFT,1,0.0,0,0,0,3.373,4.5047,7.8777,1922.0708000000004,45.8225,2,2,22,466,466,0,221.737,5.2862,31,9,172,82,44,38,142.68100804133545,3.4015,33,10,267,138,80,58,8.032248,0,ok,logs/seed_705866.log
705866,comp_drt,NHEFT+CompDRT,0,0.0,1,1,0,3.373,4.5047,7.8777,1922.0708000000004,45.8225,2,2,22,466,466,0,221.737,5.2862,31,9,172,82,44,38,887.7034096200323,21.163,1,1,22,20,20,0,8.032248,0,ok,logs/seed_705866.log
296343,baseline,NHEFT,1,0.0,0,0,0,3.7163,3.9991,7.7154,1691.1056999999998,50.7337,2,2,22,440,440,0,200.23780000000002,6.0072,22,8,164,76,42,34,140.86231703054892,4.2259,35,11,255,144,85,59,6.386358,0,ok,logs/seed_296343.log
296343,comp_drt,NHEFT+CompDRT,0,0.0,1,1,0,3.7163,3.9991,7.7154,1691.1056999999998,50.7337,2,2,22,440,440,0,200.23780000000002,6.0072,22,8,164,76,42,34,822.3612872926834,24.6711,1,1,22,20,20,0,6.386358,0,ok,logs/seed_296343.log
586398,baseline,NHEFT,1,0.0,0,0,0,3.2318,3.1362,6.368,2479.805100000007,63.3643,2,2,22,490,490,0,249.37719999999996,6.3721,16,8,123,67,41,26,125.2644239203621,3.2008,29,9,231,119,63,56,6.059787,0,ok,logs/seed_586398.log
586398,comp_drt,NHEFT+CompDRT,0,0.0,1,1,0,3.2318,3.1362,6.368,2479.805100000007,63.3643,2,2,22,490,490,0,249.37719999999996,6.3721,16,8,123,67,41,26,2192.839750202493,56.0317,1,1,22,20,20,0,6.059787,0,ok,logs/seed_586398.log
378648,baseline,NHEFT,1,0.0,0,0,0,3.5751,4.6416,8.2167,1890.3050999999964,59.0224,1,1,22,446,446,0,200.55800000000002,6.2622,17,4,122,57,38,19,143.52737781179007,4.4815,35,10,243,140,71,69,5.646876,0,ok,logs/seed_378648.log
378648,comp_drt,NHEFT+CompDRT,0,0.0,1,1,0,3.5751,4.6416,8.2167,1890.3050999999964,59.0224,1,1,22,446,446,0,200.55800000000002,6.2622,17,4,122,57,38,19,711.1157949784177,22.2037,1,1,22,20,20,0,5.646876,0,ok,logs/seed_378648.log
531966,baseline,NHEFT,1,0.0,0,0,0,3.5771,4.0425,7.6196,1611.2542000000005,53.62,2,2,22,433,433,0,190.89389999999997,6.3526,16,4,124,57,39,18,151.18660993556472,5.0313,29,9,244,128,74,54,5.69962,0,ok,logs/seed_531966.log
531966,comp_drt,NHEFT+CompDRT,0,0.0,1,1,0,3.5771,4.0425,7.6196,1611.2542000000005,53.62,2,2,22,433,433,0,190.89389999999997,6.3526,16,4,124,57,39,18,1122.8314310218582,37.3661,1,1,22,20,20,0,5.69962,0,ok,logs/seed_531966.log
596361,baseline,NHEFT,1,0.0,0,0,0,3.2306,3.8475,7.0781,2604.9081999999976,71.0805,2,2,22,472,472,0,230.70659999999995,6.2953,20,8,137,67,38,29,139.33609835361008,3.8021,36,11,258,128,64,64,5.451354,0,ok,logs/seed_596361.log
596361,comp_drt,NHEFT+CompDRT,0,0.0,1,1,0,3.2306,3.8475,7.0781,2604.9081999999976,71.0805,2,2,22,472,472,0,230.70659999999995,6.2953,20,8,137,67,38,29,2099.2243474255315,57.2818,1,1,22,20,20,0,5.451354,0,ok,logs/seed_596361.log
60220,baseline,NHEFT,1,0.0,0,0,0,3.5027,3.5993,7.102,2107.862199999994,58.8869,4,2,32,464,464,0,256.09999999999997,7.1546,22,6,184,67,40,27,119.03774370154184,3.3255,38,10,273,137,66,71,6.00005,0,ok,logs/seed_60220.log
60220,comp_drt,NHEFT+CompDRT,0,0.0,1,1,0,3.5027,3.5993,7.102,2107.862199999994,58.8869,4,2,32,464,464,0,256.09999999999997,7.1546,22,6,184,67,40,27,1269.1474378405803,35.4559,1,1,22,20,20,0,6.00005,0,ok,logs/seed_60220.log
189568,baseline,NHEFT,1,0.0,0,0,0,3.3412,4.9813,8.3225,2313.936500000006,54.6691,2,2,22,454,454,0,238.75169999999994,5.6408,21,6,157,64,41,23,144.89564566750997,3.4233,38,9,234,134,74,60,7.171872,0,ok,logs/seed_189568.log
189568,comp_drt,NHEFT+CompDRT,0,0.0,1,1,0,3.3412,4.9813,8.3225,2313.936500000006,54.6691,2,2,22,454,454,0,238.75169999999994,5.6408,21,6,157,64,41,23,790.8381594990393,18.6844,1,1,22,20,20,0,7.171872,0,ok,logs/seed_189568.log
151000,baseline,NHEFT,1,0.0,0,0,0,3.1904,3.743,6.9334,1746.5376999999974,36.8437,2,2,22,441,441,0,202.1611,4.2646,21,5,166,56,37,19,158.97338671428568,3.3536,37,10,261,132,73,59,4.489885,0,ok,logs/seed_151000.log
151000,comp_drt,NHEFT+CompDRT,0,0.0,1,1,0,3.1904,3.743,6.9334,1746.5376999999974,36.8437,2,2,22,441,441,0,202.1611,4.2646,21,5,166,56,37,19,1310.997905179487,27.6558,1,1,22,20,20,0,4.489885,0,ok,logs/seed_151000.log
72402,baseline,NHEFT,1,0.0,0,0,0,3.2531,4.7421,7.9952,1684.8580000000015,41.0958,2,2,22,445,445,0,193.2196,4.7129,21,4,152,57,39,18,147.92742734530938,3.6081,41,10,270,163,79,84,6.246786,0,ok,logs/seed_72402.log
72402,comp_drt,NHEFT+CompDRT,0,0.0,1,1,0,3.2531,4.7421,7.9952,1684.8580000000015,41.0958,2,2,22,445,445,0,193.2196,4.7129,21,4,152,57,39,18,847.4793477425148,20.6711,1,1,22,20,20,0,6.246786,0,ok,logs/seed_72402.log
983055,baseline,NHEFT,1,0.0,0,0,0,3.5198,4.2874,7.8072,2166.614600000001,60.523,2,2,22,465,465,0,190.49689999999998,5.3214,19,4,155,49,34,15,145.5715878695652,4.0664,40,9,268,141,69,72,5.845115,0,ok,logs/seed_983055.log
983055,comp_drt,NHEFT+CompDRT,0,0.0,1,1,0,3.5198,4.2874,7.8072,2166.614600000001,60.523,2,2,22,465,465,0,190.49689999999998,5.3214,19,4,155,49,34,15,783.1755288039208,21.8775,1,1,22,20,20,0,5.845115,0,ok,logs/seed_983055.log
538582,baseline,NHEFT,1,0.0,0,0,0,3.4796,4.0751,7.5547,1940.3193999999987,53.0471,2,2,22,444,444,0,219.89090000000002,6.0117,24,9,143,76,39,37,144.15312295947575,3.9411,37,11,264,136,79,57,6.215752,0,ok,logs/seed_538582.log
538582,comp_drt,NHEFT+CompDRT,0,0.0,1,1,0,3.4796,4.0751,7.5547,1940.3193999999987,53.0471,2,2,22,444,444,0,219.89090000000002,6.0117,24,9,143,76,39,37,1971.7623384506521,53.9067,1,1,22,22,22,0,6.215752,0,ok,logs/seed_538582.log
934509,baseline,NHEFT,1,0.0,0,0,0,3.5185,4.543,8.0615,2255.5548000000003,57.6948,4,4,43,468,468,0,244.05849999999998,6.2428,21,6,159,55,43,12,129.56683122707938,3.3142,43,12,305,155,76,79,7.49,0,ok,logs/seed_934509.log
934509,comp_drt,NHEFT+CompDRT,0,0.0,1,1,0,3.5185,4.543,8.0615,2255.5548000000003,57.6948,4,4,43,468,468,0,244.05849999999998,6.2428,21,6,159,55,43,12,997.8572165609747,25.5242,1,1,22,20,20,0,7.49,0,ok,logs/seed_934509.log
220410,baseline,NHEFT,1,0.0,0,0,0,3.584,3.4741,7.0581,2075.940800000001,64.3631,2,2,22,450,450,0,196.8992999999999,6.1047,19,5,149,55,36,19,127.79879682198468,3.9623,32,10,249,103,63,40,5.786435,0,ok,logs/seed_220410.log
220410,comp_drt,NHEFT+CompDRT,0,0.0,1,1,0,3.584,3.4741,7.0581,2075.940800000001,64.3631,2,2,22,450,450,0,196.8992999999999,6.1047,19,5,149,55,36,19,1061.0433196309152,32.8969,1,1,22,20,20,0,5.786435,0,ok,logs/seed_220410.log
755547,baseline,NHEFT,1,0.0,0,0,0,4.0454,4.8306,8.876,1750.5558999999978,42.454,4,2,26,457,457,0,226.7989,5.5003,24,7,169,72,39,33,146.51462505154873,3.5532,34,9,274,152,84,68,6.784683,0,ok,logs/seed_755547.log
755547,comp_drt,NHEFT+CompDRT,0,0.0,1,1,0,4.0454,4.8306,8.876,1750.5558999999978,42.454,4,2,26,457,457,0,226.7989,5.5003,24,7,169,72,39,33,1075.1499932268036,26.0742,1,1,22,20,20,0,6.784683,0,ok,logs/seed_755547.log
682666,baseline,NHEFT,1,0.0,0,0,0,2.8559,3.3183,6.1742,2004.4271999999985,56.0811,2,2,22,453,453,0,257.57339999999994,7.2065,34,15,185,111,43,68,126.01280200000001,3.5257,36,10,271,126,77,49,5.700466,0,ok,logs/seed_682666.log
682666,comp_drt,NHEFT+CompDRT,0,0.0,1,1,0,2.8559,3.3183,6.1742,2004.4271999999985,56.0811,2,2,22,453,453,0,257.57339999999994,7.2065,34,15,185,111,43,68,2028.968551688441,56.7677,1,1,22,20,20,0,5.700466,0,ok,logs/seed_682666.log
707759,baseline,NHEFT,1,0.0,0,0,0,3.2211,4.0234,7.2445,1860.3465000000006,44.4406,2,2,22,446,446,0,224.30589999999998,5.3583,24,9,150,82,41,41,156.58094884769343,3.7405,34,11,240,136,77,59,5.425239,0,ok,logs/seed_707759.log
707759,comp_drt,NHEFT+CompDRT,0,0.0,1,1,0,3.2211,4.0234,7.2445,1860.3465000000006,44.4406,2,2,22,446,446,0,224.30589999999998,5.3583,24,9,150,82,41,41,1982.0043811577484,47.3468,1,1,22,21,21,0,5.425239,0,ok,logs/seed_707759.log
472298,baseline,NHEFT,1,0.0,0,0,0,3.088,3.737,6.825,2309.2166000000007,64.8105,3,3,39,465,465,0,231.39350000000005,6.4943,25,12,143,81,39,42,151.1825746308332,4.2431,31,10,229,114,69,45,5.460071,0,ok,logs/seed_472298.log
472298,comp_drt,NHEFT+CompDRT,0,0.0,1,1,0,3.088,3.737,6.825,2309.2166000000007,64.8105,3,3,39,465,465,0,231.39350000000005,6.4943,25,12,143,81,39,42,1301.5314219723657,36.5288,1,1,22,20,20,0,5.460071,0,ok,logs/seed_472298.log
842827,baseline,NHEFT,1,0.0,0,0,0,3.6617,4.1618,7.8235,2234.8381999999974,61.1457,2,2,22,465,465,0,231.4601,6.3328,24,10,151,86,39,47,128.19651404834985,3.5075,34,10,234,133,74,59,8.144312,0,ok,logs/seed_842827.log
842827,comp_drt,NHEFT+CompDRT,0,0.0,1,1,0,3.6617,4.1618,7.8235,2234.8381999999974,61.1457,2,2,22,465,465,0,231.4601,6.3328,24,10,151,86,39,47,1098.9140311775031,30.0665,1,1,22,20,20,0,8.144312,0,ok,logs/seed_842827.log
598514,baseline,NHEFT,1,0.0,0,0,0,3.9737,4.4964,8.4701,2137.882300000001,52.621,2,2,22,467,467,0,238.35019999999994,5.8667,21,7,152,75,40,35,148.9651063457249,3.6666,43,14,274,149,74,75,7.185766,0,ok,logs/seed_598514.log
598514,comp_drt,NHEFT+CompDRT,0,0.0,1,1,0,3.9737,4.4964,8.4701,2137.882300000001,52.621,2,2,22,467,467,0,238.35019999999994,5.8667,21,7,152,75,40,35,1680.2383105650545,41.3568,1,1,22,20,20,0,7.185766,0,ok,logs/seed_598514.log
985883,baseline,NHEFT,1,0.0,0,0,0,3.1517,3.4585,6.6102,2375.318200000001,59.9236,2,2,22,445,445,0,247.68699999999995,6.2486,24,8,126,68,38,30,131.88665614623295,3.3272,40,11,276,121,70,51,8.48607,0,ok,logs/seed_985883.log
985883,comp_drt,NHEFT+CompDRT,0,0.0,1,1,0,3.1517,3.4585,6.6102,2375.318200000001,59.9236,2,2,22,445,445,0,247.68699999999995,6.2486,24,8,126,68,38,30,1541.3937257829355,38.8857,1,1,22,20,20,0,8.48607,0,ok,logs/seed_985883.log
595328,baseline,NHEFT,1,0.0,0,0,0,3.2553,4.1265,7.3818,2188.8990000000003,50.0511,2,2,22,473,473,0,234.07950000000002,5.3524,24,4,189,59,40,19,141.54266893469884,3.2365,43,9,299,134,71,63,8.005638,0,ok,logs/seed_595328.log
595328,comp_drt,NHEFT+CompDRT,0,0.0,1,1,0,3.2553,4.1265,7.3818,2188.8990000000003,50.0511,2,2,22,473,473,0,234.07950000000002,5.3524,24,4,189,59,40,19,832.3496595238836,19.0324,1,1,22,20,20,0,8.005638,0,ok,logs/seed_595328.log
238922,baseline,NHEFT,1,0.0,0,0,0,3.4327,3.8409,7.2736,2465.2151000000026,67.5046,2,2,22,468,468,0,227.5898,6.2321,23,6,146,62,38,24,128.88642780587202,3.5293,34,11,259,124,69,55,7.866959,0,ok,logs/seed_238922.log
238922,comp_drt,NHEFT+CompDRT,0,0.0,1,1,0,3.4327,3.8409,7.2736,2465.2151000000026,67.5046,2,2,22,468,468,0,227.5898,6.2321,23,6,146,62,38,24,1007.3204737945208,27.5833,1,1,22,20,20,0,7.866959,0,ok,logs/seed_238922.log
469556,baseline,NHEFT,1,0.0,0,0,0,3.2373,4.0072,7.2445,2382.6168999999986,57.2499,4,4,45,457,457,0,260.56609999999995,6.2609,18,8,136,71,44,27,158.90282056746304,3.8181,34,9,249,124,69,55,6.940008,0,ok,logs/seed_469556.log
469556,comp_drt,NHEFT+CompDRT,0,0.0,1,1,0,3.2373,4.0072,7.2445,2382.6168999999986,57.2499,4,4,45,457,457,0,260.56609999999995,6.2609,18,8,136,71,44,27,1184.1688093916803,28.4534,1,1,22,20,20,0,6.940008,0,ok,logs/seed_469556.log
108225,baseline,NHEFT,1,0.0,0,0,0,3.3227,4.1002,7.4229,1745.3450999999986,38.2839,3,3,25,449,449,0,209.85649999999998,4.6032,22,6,168,70,43,27,132.58197671199432,2.9082,43,11,273,145,81,64,6.18577,0,ok,logs/seed_108225.log
108225,comp_drt,NHEFT+CompDRT,0,0.0,1,1,0,3.3227,4.1002,7.4229,1745.3450999999986,38.2839,3,3,25,449,449,0,209.85649999999998,4.6032,22,6,168,70,43,27,1572.0765730846572,34.4833,1,1,22,20,20,0,6.18577,0,ok,logs/seed_108225.log
899644,baseline,NHEFT,1,0.0,0,0,0,3.2851,4.4194,7.7045,2344.6632000000013,55.9089,3,3,39,460,460,0,282.00419999999997,6.7244,29,10,175,94,44,50,165.53759339394938,3.9473,35,10,282,148,79,69,8.670192,0,ok,logs/seed_899644.log
899644,comp_drt,NHEFT+CompDRT,0,0.0,1,1,0,3.2851,4.4194,7.7045,2344.6632000000013,55.9089,3,3,39,460,460,0,282.00419999999997,6.7244,29,10,175,94,44,50,935.7572711739128,22.3133,1,1,22,20,20,0,8.670192,0,ok,logs/seed_899644.log
885107,baseline,NHEFT,1,0.0,0,0,0,3.7071,5.1797,8.8868,1923.327400000002,44.3876,2,2,22,469,469,0,217.21429999999998,5.013,21,6,161,66,39,27,187.3312987368421,4.3233,35,10,268,152,79,73,8.407739,0,ok,logs/seed_885107.log
885107,comp_drt,NHEFT+CompDRT,0,0.0,1,1,0,3.7071,5.1797,8.8868,1923.327400000002,44.3876,2,2,22,469,469,0,217.21429999999998,5.013,21,6,161,66,39,27,797.3824846579927,18.4024,1,1,22,20,20,0,8.407739,0,ok,logs/seed_885107.log
624803,baseline,NHEFT,1,0.0,0,0,0,3.3322,3.6267,6.9589,2207.0420999999997,50.2135,2,2,22,459,459,0,269.2494,6.1258,31,10,189,84,45,39,131.41232808047687,2.9898,45,14,286,158,79,79,6.561846,0,ok,logs/seed_624803.log
624803,comp_drt,NHEFT+CompDRT,0,0.0,1,1,0,3.3322,3.6267,6.9589,2207.0420999999997,50.2135,2,2,22,459,459,0,269.2494,6.1258,31,10,189,84,45,39,2098.929937013412,47.7537,1,1,22,20,20,0,6.561846,0,ok,logs/seed_624803.log
412384,baseline,NHEFT,1,0.0,0,0,0,3.2175,4.2424,7.4599,2612.326899999996,75.2793,2,2,22,472,472,0,257.7673000000001,7.4281,33,11,186,95,38,57,124.65650305738112,3.5922,33,9,252,130,70,60,6.070476,0,ok,logs/seed_412384.log
412384,comp_drt,NHEFT+CompDRT,0,0.0,1,1,0,3.2175,4.2424,7.4599,2612.326899999996,75.2793,2,2,22,472,472,0,257.7673000000001,7.4281,33,11,186,95,38,57,1100.697019389864,31.7187,1,1,22,20,20,0,6.070476,0,ok,logs/seed_412384.log
534437,baseline,NHEFT,1,0.0,0,0,0,3.5115,5.0907,8.6022,1765.6414999999986,42.9652,2,2,22,451,451,0,203.10459999999995,4.9424,22,5,185,59,44,15,140.95713921892397,3.4301,36,9,262,150,71,79,6.500163,0,ok,logs/seed_534437.log
534437,comp_drt,NHEFT+CompDRT,0,0.0,1,1,0,3.5115,5.0907,8.6022,1765.6414999999986,42.9652,2,2,22,451,451,0,203.10459999999995,4.9424,22,5,185,59,44,15,957.0685175157706,23.2893,1,1,22,20,20,0,6.500163,0,ok,logs/seed_534437.log
28388,baseline,NHEFT,1,0.0,0,0,0,3.4743,4.4256,7.8999,1925.5250999999946,54.2334,2,2,22,442,442,0,208.4693,5.8716,19,6,137,61,39,22,153.33865326300153,4.3189,26,8,230,122,72,50,5.751703,0,ok,logs/seed_28388.log
28388,comp_drt,NHEFT+CompDRT,0,0.0,1,1,0,3.4743,4.4256,7.8999,1925.5250999999946,54.2334,2,2,22,442,442,0,208.4693,5.8716,19,6,137,61,39,22,923.8682311212124,26.0212,1,1,22,20,20,0,5.751703,0,ok,logs/seed_28388.log
480416,baseline,NHEFT,1,0.0,0,0,0,3.3842,4.2584,7.6426,2467.0177999999987,58.0656,3,3,34,455,455,0,260.7328,6.1368,22,7,142,69,39,30,135.48662863067293,3.1889,31,9,255,132,71,61,5.606221,0,ok,logs/seed_480416.log
480416,comp_drt,NHEFT+CompDRT,0,0.0,1,1,0,3.3842,4.2584,7.6426,2467.0177999999987,58.0656,3,3,34,455,455,0,260.7328,6.1368,22,7,142,69,39,30,829.0370512489388,19.5129,1,1,22,20,20,0,5.606221,0,ok,logs/seed_480416.log
6523,baseline,NHEFT,1,0.0,0,0,0,3.3567,5.0974,8.4541,1771.4859999999944,39.5542,2,2,22,452,452,0,219.54300000000003,4.902,23,7,161,69,39,30,164.46961998107105,3.6723,39,10,263,150,77,73,6.486925,0,ok,logs/seed_6523.log
6523,comp_drt,NHEFT+CompDRT,0,0.0,1,1,0,3.3567,5.0974,8.4541,1771.4859999999944,39.5542,2,2,22,452,452,0,219.54300000000003,4.902,23,7,161,69,39,30,1126.969130811024,25.1633,1,1,22,20,20,0,6.486925,0,ok,logs/seed_6523.log
875492,baseline,NHEFT,1,0.0,0,0,0,3.3073,4.0897,7.397,2049.0787000000028,56.7455,2,2,22,457,457,0,226.97249999999997,6.2856,24,8,168,69,39,30,149.90358929159805,4.1513,43,9,275,152,84,68,6.134926,0,ok,logs/seed_875492.log
875492,comp_drt,NHEFT+CompDRT,0,0.0,1,1,0,3.3073,4.0897,7.397,2049.0787000000028,56.7455,2,2,22,457,457,0,226.97249999999997,6.2856,24,8,168,69,39,30,740.5634096473325,20.5085,1,1,22,20,20,0,6.134926,0,ok,logs/seed_875492.log
445144,baseline,NHEFT,1,0.0,0,0,0,3.632,4.1249,7.7569,2407.501799999999,64.6113,2,2,22,448,448,0,254.63869999999997,6.8339,26,13,147,87,38,49,141.71512864796512,3.8033,42,10,273,128,67,61,6.4433,0,ok,logs/seed_445144.log
445144,comp_drt,NHEFT+CompDRT,0,0.0,1,1,0,3.632,4.1249,7.7569,2407.501799999999,64.6113,2,2,22,448,448,0,254.63869999999997,6.8339,26,13,147,87,38,49,865.6327950014564,23.2314,1,1,22,20,20,0,6.4433,0,ok,logs/seed_445144.log
178145,baseline,NHEFT,1,0.0,0,0,0,3.1076,4.9936,8.1012,2020.1273000000047,51.4148,2,2,22,486,486,0,242.93340000000003,6.183,28,9,189,81,42,39,161.33209701593628,4.1061,40,11,289,171,75,96,8.632103,0,ok,logs/seed_178145.log
178145,comp_drt,NHEFT+CompDRT,0,0.0,1,1,0,3.1076,4.9936,8.1012,2020.1273000000047,51.4148,2,2,22,486,486,0,242.93340000000003,6.183,28,9,189,81,42,39,1158.4973313505975,29.4852,1,1,22,20,20,0,8.632103,0,ok,logs/seed_178145.log
496478,baseline,NHEFT,1,0.0,0,0,0,3.3274,4.1169,7.4443,2039.585000000001,47.0279,2,2,22,448,448,0,221.5108,5.1075,26,10,143,77,40,37,134.30990157794673,3.0969,29,10,248,113,65,48,7.397568,0,ok,logs/seed_496478.log
496478,comp_drt,NHEFT+CompDRT,0,0.0,1,1,0,3.3274,4.1169,7.4443,2039.585000000001,47.0279,2,2,22,448,448,0,221.5108,5.1075,26,10,143,77,40,37,812.4600545889723,18.7334,1,1,22,20,20,0,7.397568,0,ok,logs/seed_496478.log
239617,baseline,NHEFT,1,0.0,0,0,0,3.3399,3.8731,7.213,1967.7502000000075,59.3513,2,2,22,464,464,0,215.51189999999997,6.5003,19,5,151,61,42,19,140.20979037539445,4.229,32,9,234,114,66,48,7.74133,0,ok,logs/seed_239617.log
239617,comp_drt,NHEFT+CompDRT,0,0.0,1,1,0,3.3399,3.8731,7.213,1967.7502000000075,59.3513,2,2,22,464,464,0,215.51189999999997,6.5003,19,5,151,61,42,19,1161.1449442727273,35.0225,1,1,22,20,20,0,7.74133,0,ok,logs/seed_239617.log
473997,baseline,NHEFT,1,0.0,0,0,0,3.1904,3.9227,7.1131,2002.6234999999979,50.7318,2,2,22,452,452,0,230.06360000000004,5.8281,23,9,147,78,42,36,131.53369765860472,3.3321,38,10,285,151,78,73,7.50618,0,ok,logs/seed_473997.log
473997,comp_drt,NHEFT+CompDRT,0,0.0,1,1,0,3.1904,3.9227,7.1131,2002.6234999999979,50.7318,2,2,22,452,452,0,230.06360000000004,5.8281,23,9,147,78,42,36,912.7702279136486,23.1229,1,1,22,20,20,0,7.50618,0,ok,logs/seed_473997.log
229225,baseline,NHEFT,1,0.0,0,0,0,3.7496,5.3331,9.0827,1822.930999999999,39.3507,3,3,42,435,435,0,205.55040000000005,4.4371,19,5,154,50,41,9,143.70022850053675,3.102,32,10,258,140,73,67,5.987268,0,ok,logs/seed_229225.log
229225,comp_drt,NHEFT+CompDRT,0,0.0,1,1,0,3.7496,5.3331,9.0827,1822.930999999999,39.3507,3,3,42,435,435,0,205.55040000000005,4.4371,19,5,154,50,41,9,1181.523856130435,25.505,1,1,22,20,20,0,5.987268,0,ok,logs/seed_229225.log
254791,baseline,NHEFT,1,0.0,0,0,0,3.2855,4.5233,7.8088,2265.931300000001,66.3278,2,2,22,482,482,0,262.61859999999996,7.6873,30,9,180,87,43,44,167.67678360210397,4.9082,41,11,274,161,82,79,7.255064,0,ok,logs/seed_254791.log
254791,comp_drt,NHEFT+CompDRT,0,0.0,1,1,0,3.2855,4.5233,7.8088,2265.931300000001,66.3278,2,2,22,482,482,0,262.61859999999996,7.6873,30,9,180,87,43,44,1022.1395571322944,29.9198,1,1,22,20,20,0,7.255064,0,ok,logs/seed_254791.log
966201,baseline,NHEFT,1,0.0,0,0,0,3.905,5.8987,9.8037,1857.2507999999966,57.3164,2,2,22,449,449,0,220.82239999999996,6.8148,19,8,140,69,39,30,160.27782740460563,4.9463,41,9,266,135,68,67,6.380683,0,ok,logs/seed_966201.log
966201,comp_drt,NHEFT+CompDRT,0,0.0,1,1,0,3.905,5.8987,9.8037,1857.2507999999966,57.3164,2,2,22,449,449,0,220.82239999999996,6.8148,19,8,140,69,39,30,970.1677754796905,29.9402,1,1,22,20,20,0,6.380683,0,ok,logs/seed_966201.log
533361,baseline,NHEFT,1,0.0,0,0,0,3.1754,4.1056,7.281,2434.7656000000006,59.8339,3,3,41,472,472,0,266.37499999999994,6.5461,22,7,168,75,44,31,133.78659316061172,3.2878,42,10,278,143,72,71,6.452749,0,ok,logs/seed_533361.log
533361,comp_drt,NHEFT+CompDRT,0,0.0,1,1,0,3.1754,4.1056,7.281,2434.7656000000006,59.8339,3,3,41,472,472,0,266.37499999999994,6.5461,22,7,168,75,44,31,1212.273195661432,29.7914,1,1,22,20,20,0,6.452749,0,ok,logs/seed_533361.log
872306,baseline,NHEFT,1,0.0,0,0,0,3.3647,3.3736,6.7383,1963.382700000004,68.2904,2,2,22,465,465,0,225.88269999999994,7.8567,25,9,183,82,40,42,127.53487306520951,4.4359,39,11,284,158,77,81,6.61522,0,ok,logs/seed_872306.log
872306,comp_drt,NHEFT+CompDRT,0,0.0,1,1,0,3.3647,3.3736,6.7383,1963.382700000004,68.2904,2,2,22,465,465,0,225.88269999999994,7.8567,25,9,183,82,40,42,901.8222409158203,31.3672,1,1,22,20,20,0,6.61522,0,ok,logs/seed_872306.log
444933,baseline,NHEFT,1,0.0,0,0,0,3.5479,5.1249,8.6728,2578.656699999999,53.4933,3,3,42,465,465,0,243.59340000000003,5.0533,16,4,144,45,39,6,159.1410026088318,3.3013,29,8,266,137,73,64,6.466461,0,ok,logs/seed_444933.log
444933,comp_drt,NHEFT+CompDRT,0,0.0,1,1,0,3.5479,5.1249,8.6728,2578.656699999999,53.4933,3,3,42,465,465,0,243.59340000000003,5.0533,16,4,144,45,39,6,1138.394941143351,23.6156,1,1,22,20,20,0,6.466461,0,ok,logs/seed_444933.log
456356,baseline,NHEFT,1,0.0,0,0,0,3.2055,4.5294,7.7349,1990.4886999999983,49.1234,2,2,22,458,458,0,252.51529999999994,6.2318,23,7,167,79,46,33,133.1503676249037,3.286,32,10,269,141,79,62,6.740145,0,ok,logs/seed_456356.log
456356,comp_drt,NHEFT+CompDRT,0,0.0,1,1,0,3.2055,4.5294,7.7349,1990.4886999999983,49.1234,2,2,22,458,458,0,252.51529999999994,6.2318,23,7,167,79,46,33,1039.6414767464792,25.6574,1,1,22,20,20,0,6.740145,0,ok,logs/seed_456356.log
853702,baseline,NHEFT,1,0.0,0,0,0,3.5788,4.5118,8.0906,2227.1935999999973,61.9908,2,2,22,484,484,0,210.4441,5.8574,19,5,202,60,39,21,173.65736652363375,4.8335,41,11,282,166,86,80,8.403485,0,ok,logs/seed_853702.log
853702,comp_drt,NHEFT+CompDRT,0,0.0,1,1,0,3.5788,4.5118,8.0906,2227.1935999999973,61.9908,2,2,22,484,484,0,210.4441,5.8574,19,5,202,60,39,21,2179.273044269702,60.657,1,1,22,20,20,0,8.403485,0,ok,logs/seed_853702.log
176967,baseline,NHEFT,1,0.0,0,0,0,3.0297,3.9207,6.9504,1882.426700000004,50.4715,3,3,35,467,467,0,252.27350000000007,6.7639,23,7,175,79,46,33,150.21474445222995,4.0276,40,12,285,153,79,74,8.81942,0,ok,logs/seed_176967.log
176967,comp_drt,NHEFT+CompDRT,0,0.0,1,1,0,3.0297,3.9207,6.9504,1882.426700000004,50.4715,3,3,35,467,467,0,252.27350000000007,6.7639,23,7,175,79,46,33,1930.7240110397993,51.7665,1,1,22,20,20,0,8.81942,0,ok,logs/seed_176967.log
33347,baseline,NHEFT,1,0.0,0,0,0,3.1703,3.8707,7.041,2107.385700000002,57.9078,3,3,28,432,432,0,276.5907,7.6003,23,8,157,92,48,44,138.17143225784582,3.7967,30,9,234,116,65,51,5.522617,0,ok,logs/seed_33347.log
33347,comp_drt,NHEFT+CompDRT,0,0.0,1,1,0,3.1703,3.8707,7.041,2107.385700000002,57.9078,3,3,28,432,432,0,276.5907,7.6003,23,8,157,92,48,44,744.7151314087591,20.4636,1,1,22,20,20,0,5.522617,0,ok,logs/seed_33347.log
411283,baseline,NHEFT,1,0.0,0,0,0,3.5817,4.9075,8.4892,1907.017200000002,62.3744,2,2,22,467,467,0,225.36870000000002,7.3713,27,9,159,74,43,31,143.58514262124717,4.6964,38,11,284,154,73,81,6.996421,0,ok,logs/seed_411283.log
411283,comp_drt,NHEFT+CompDRT,0,0.0,1,1,0,3.5817,4.9075,8.4892,1907.017200000002,62.3744,2,2,22,467,467,0,225.36870000000002,7.3713,27,9,159,74,43,31,1363.7265737445252,44.6046,1,1,22,20,20,0,6.996421,0,ok,logs/seed_411283.log
81911,baseline,NHEFT,1,0.0,0,0,0,3.689,4.462,8.151,2522.9917000000037,69.6357,4,4,41,477,477,0,258.7015,7.1403,20,4,165,58,40,18,130.36276282213254,3.5981,41,10,288,144,77,67,6.176546,0,ok,logs/seed_81911.log
81911,comp_drt,NHEFT+CompDRT,0,0.0,1,1,0,3.689,4.462,8.151,2522.9917000000037,69.6357,4,4,41,477,477,0,258.7015,7.1403,20,4,165,58,40,18,1132.3919685359874,31.2545,1,1,22,20,20,0,6.176546,0,ok,logs/seed_81911.log
956925,baseline,NHEFT,1,0.0,0,0,0,3.1327,3.2472,6.3799,2064.4250999999913,47.1273,3,3,24,461,461,0,239.63109999999998,5.4704,26,9,184,86,47,39,135.010703996398,3.0821,37,10,261,137,79,58,7.367014,0,ok,logs/seed_956925.log
956925,comp_drt,NHEFT+CompDRT,0,0.0,1,1,0,3.1327,3.2472,6.3799,2064.4250999999913,47.1273,3,3,24,461,461,0,239.63109999999998,5.4704,26,9,184,86,47,39,1135.821405903305,25.9289,1,1,22,20,20,0,7.367014,0,ok,logs/seed_956925.log
362804,baseline,NHEFT,1,0.0,0,0,0,3.139,4.304,7.443,1874.5408000000007,60.244,2,2,22,433,433,0,254.07829999999998,8.1656,23,10,139,83,43,40,163.05074846815086,5.2401,25,8,224,108,69,39,6.531583,0,ok,logs/seed_362804.log
362804,comp_drt,NHEFT+CompDRT,0,0.0,1,1,0,3.139,4.304,7.443,1874.5408000000007,60.244,2,2,22,433,433,0,254.07829999999998,8.1656,23,10,139,83,43,40,1042.1689054999997,33.4932,1,1,22,20,20,0,6.531583,0,ok,logs/seed_362804.log
728140,baseline,NHEFT,1,0.0,0,0,0,3.4887,5.0778,8.5665,2061.349699999999,54.8985,2,2,22,474,474,0,231.53569999999993,6.1663,28,9,161,71,40,31,154.56369787425484,4.1164,33,9,262,147,68,79,6.343378,0,ok,logs/seed_728140.log
728140,comp_drt,NHEFT+CompDRT,0,0.0,1,1,0,3.4887,5.0778,8.5665,2061.349699999999,54.8985,2,2,22,474,474,0,231.53569999999993,6.1663,28,9,161,71,40,31,925.7788425294124,24.6556,1,1,22,20,20,0,6.343378,0,ok,logs/seed_728140.log
554565,baseline,NHEFT,1,0.0,0,0,0,3.7885,4.482,8.2705,2010.7742000000012,50.31,2,2,22,452,452,0,207.87879999999993,5.2012,18,4,157,59,40,19,127.19449132394365,3.1824,36,11,250,121,68,53,7.909577,0,ok,logs/seed_554565.log
554565,comp_drt,NHEFT+CompDRT,0,0.0,1,1,0,3.7885,4.482,8.2705,2010.7742000000012,50.31,2,2,22,452,452,0,207.87879999999993,5.2012,18,4,157,59,40,19,896.3719661481479,22.4274,1,1,22,20,20,0,7.909577,0,ok,logs/seed_554565.log
392733,baseline,NHEFT,1,0.0,0,0,0,3.4644,4.4552,7.9196,3136.1525999999976,88.7466,3,3,39,486,486,0,279.4381000000001,7.9075,22,8,148,67,35,32,149.9702884060935,4.2438,40,10,280,166,88,78,7.052707,0,ok,logs/seed_392733.log
392733,comp_drt,NHEFT+CompDRT,0,0.0,1,1,0,3.4644,4.4552,7.9196,3136.1525999999976,88.7466,3,3,39,486,486,0,279.4381000000001,7.9075,22,8,148,67,35,32,1862.030612023904,52.6916,1,1,22,20,20,0,7.052707,0,ok,logs/seed_392733.log
769066,baseline,NHEFT,1,0.0,0,0,0,3.5226,4.2425,7.7651,2300.5593999999996,60.6667,3,3,42,459,459,0,238.94799999999998,6.3012,21,6,151,66,44,22,147.24048799482568,3.8828,35,11,254,122,63,59,7.065159,0,ok,logs/seed_769066.log
769066,comp_drt,NHEFT+CompDRT,0,0.0,1,1,0,3.5226,4.2425,7.7651,2300.5593999999996,60.6667,3,3,42,459,459,0,238.94799999999998,6.3012,21,6,151,66,44,22,1145.8727994863116,30.2171,1,1,22,20,20,0,7.065159,0,ok,logs/seed_769066.log
925520,baseline,NHEFT,1,0.0,0,0,0,3.0801,4.2826,7.3627,2283.7220000000057,56.582,2,2,22,474,474,0,235.0407,5.8234,21,6,156,67,42,25,161.88777691979658,4.011,34,10,256,163,85,78,7.508844,0,ok,logs/seed_925520.log
925520,comp_drt,NHEFT+CompDRT,0,0.0,1,1,0,3.0801,4.2826,7.3627,2283.7220000000057,56.582,2,2,22,474,474,0,235.0407,5.8234,21,6,156,67,42,25,977.3974694537202,24.2162,1,1,22,20,20,0,7.508844,0,ok,logs/seed_925520.log
4410,baseline,NHEFT,1,0.0,0,0,0,3.4865,4.4018,7.8883,1899.7098000000017,53.6778,2,2,22,448,448,0,238.23889999999997,6.7316,26,9,153,86,44,42,153.88100668138802,4.348,43,13,277,153,76,77,6.434938,0,ok,logs/seed_4410.log
4410,comp_drt,NHEFT+CompDRT,0,0.0,1,1,0,3.4865,4.4018,7.8883,1899.7098000000017,53.6778,2,2,22,448,448,0,238.23889999999997,6.7316,26,9,153,86,44,42,1560.1589887160887,44.0835,1,1,22,20,20,0,6.434938,0,ok,logs/seed_4410.log
729459,baseline,NHEFT,1,0.0,0,0,0,3.3433,3.3544,6.6977,1987.158800000004,47.9517,2,2,22,447,447,0,202.0969,4.8768,27,9,161,64,40,24,118.4581533890363,2.8585,41,11,250,118,60,58,6.691391,0,ok,logs/seed_729459.log
729459,comp_drt,NHEFT+CompDRT,0,0.0,1,1,0,3.3433,3.3544,6.6977,1987.158800000004,47.9517,2,2,22,447,447,0,202.0969,4.8768,27,9,161,64,40,24,922.0692604500688,22.2503,1,1,22,20,20,0,6.691391,0,ok,logs/seed_729459.log
179329,baseline,NHEFT,1,0.0,0,0,0,3.4048,3.4244,6.8292,1585.2870000000003,50.5906,3,2,23,452,452,0,202.0792,6.4489,23,6,165,69,41,28,112.8054404478468,3.5999,31,10,237,111,67,44,7.667697,0,ok,logs/seed_179329.log
179329,comp_drt,NHEFT+CompDRT,0,0.0,1,1,0,3.4048,3.4244,6.8292,1585.2870000000003,50.5906,3,2,23,452,452,0,202.0792,6.4489,23,6,165,69,41,28,1071.2202085925928,34.1854,1,1,22,20,20,0,7.667697,0,ok,logs/seed_179329.log
282114,baseline,NHEFT,1,0.0,0,0,0,3.4605,3.3853,6.8458,1966.007400000003,55.0074,2,2,22,438,438,0,220.73379999999995,6.176,20,8,136,67,40,27,130.4253309464862,3.6492,36,11,261,156,85,71,6.633744,0,ok,logs/seed_282114.log
282114,comp_drt,NHEFT+CompDRT,0,0.0,1,1,0,3.4605,3.3853,6.8458,1966.007400000003,55.0074,2,2,22,438,438,0,220.73379999999995,6.176,20,8,136,67,40,27,1014.6945942688171,28.3904,1,1,22,20,20,0,6.633744,0,ok,logs/seed_282114.log
583172,baseline,NHEFT,1,0.0,0,0,0,3.5581,3.8926,7.4507,1991.9924000000037,52.8414,2,2,22,462,462,0,198.26710000000003,5.2594,20,6,169,60,39,21,124.23911163830867,3.2957,41,11,307,141,77,64,14.907189,0,ok,logs/seed_583172.log
583172,comp_drt,NHEFT+CompDRT,0,0.0,1,1,0,3.5581,3.8926,7.4507,1991.9924000000037,52.8414,2,2,22,462,462,0,198.26710000000003,5.2594,20,6,169,60,39,21,1279.7966846934316,33.949,1,1,22,20,20,0,14.907189,0,ok,logs/seed_583172.log
534010,baseline,NHEFT,1,0.0,0,0,0,3.2251,4.6012,7.8263,2123.3118000000063,58.2671,1,1,22,473,473,0,236.91759999999996,6.5014,23,11,167,92,44,48,140.5037418273245,3.8557,37,10,296,173,80,93,11.334243,0,ok,logs/seed_534010.log
534010,comp_drt,NHEFT+CompDRT,0,0.0,1,1,0,3.2251,4.6012,7.8263,2123.3118000000063,58.2671,1,1,22,473,473,0,236.91759999999996,6.5014,23,11,167,92,44,48,875.5123483333338,24.0255,1,1,22,20,20,0,11.334243,0,ok,logs/seed_534010.log
824110,baseline,NHEFT,1,0.0,0,0,0,2.8223,3.4236,6.2459,1882.8175999999994,49.1817,2,2,22,460,460,0,224.61729999999994,5.8673,24,9,154,86,39,47,113.23386923076923,2.9578,25,9,227,91,53,38,7.963268,0,ok,logs/seed_824110.log
824110,comp_drt,NHEFT+CompDRT,0,0.0,1,1,0,2.8223,3.4236,6.2459,1882.8175999999994,49.1817,2,2,22,460,460,0,224.61729999999994,5.8673,24,9,154,86,39,47,1023.3116433902441,26.7303,1,1,22,20,20,0,7.963268,0,ok,logs/seed_824110.log
897704,baseline,NHEFT,1,0.0,0,0,0,3.1707,4.2109,7.3816,2027.4607999999969,47.3351,2,2,22,467,467,0,247.47459999999998,5.7778,38,12,187,86,44,42,166.13185377432902,3.8787,44,10,284,157,84,73,7.749568,0,ok,logs/seed_897704.log
897704,comp_drt,NHEFT+CompDRT,0,0.0,1,1,0,3.1707,4.2109,7.3816,2027.4607999999969,47.3351,2,2,22,467,467,0,247.47459999999998,5.7778,38,12,187,86,44,42,1710.1967769743592,39.9279,1,1,22,21,21,0,7.749568,0,ok,logs/seed_897704.log
226589,baseline,NHEFT,1,0.0,0,0,0,3.3685,4.1013,7.4698,2199.0168999999996,55.8813,3,3,38,455,455,0,213.36770000000004,5.4221,22,6,140,62,41,21,142.75927212386156,3.6278,37,11,263,147,83,64,6.933512,0,ok,logs/seed_226589.log
226589,comp_drt,NHEFT+CompDRT,0,0.0,1,1,0,3.3685,4.1013,7.4698,2199.0168999999996,55.8813,3,3,38,455,455,0,213.36770000000004,5.4221,22,6,140,62,41,21,1529.0259953205828,38.8555,1,1,22,20,20,0,6.933512,0,ok,logs/seed_226589.log
481886,baseline,NHEFT,1,0.0,0,0,0,3.2213,4.1392,7.3605,2391.764900000005,74.26,3,3,26,448,448,0,250.6079000000001,7.7809,27,7,146,68,40,28,143.5126680482375,4.4558,33,9,263,134,72,62,5.608432,0,ok,logs/seed_481886.log
481886,comp_drt,NHEFT+CompDRT,0,0.0,1,1,0,3.2213,4.1392,7.3605,2391.764900000005,74.26,3,3,26,448,448,0,250.6079000000001,7.7809,27,7,146,68,40,28,1220.7726055298863,37.9028,1,1,22,20,20,0,5.608432,0,ok,logs/seed_481886.log
982251,baseline,NHEFT,1,0.0,0,0,0,2.9117,3.9025,6.8142,1642.7095999999979,40.4621,5,3,34,436,436,0,224.91770000000002,5.54,25,6,189,69,40,29,157.20234274604047,3.8721,36,10,260,123,72,51,5.465002,0,ok,logs/seed_982251.log
982251,comp_drt,NHEFT+CompDRT,0,0.0,1,1,0,2.9117,3.9025,6.8142,1642.7095999999979,40.4621,5,3,34,436,436,0,224.91770000000002,5.54,25,6,189,69,40,29,801.9240332857142,19.7525,1,1,22,20,20,0,5.465002,0,ok,logs/seed_982251.log
543181,baseline,NHEFT,1,0.0,0,0,0,3.1429,3.7561,6.899,1998.8300999999954,59.1769,2,2,22,477,477,0,237.59709999999998,7.0342,28,8,168,80,47,33,135.89845201381695,4.0234,41,10,289,153,83,70,6.512138,0,ok,logs/seed_543181.log
543181,comp_drt,NHEFT+CompDRT,0,0.0,1,1,0,3.1429,3.7561,6.899,1998.8300999999954,59.1769,2,2,22,477,477,0,237.59709999999998,7.0342,28,8,168,80,47,33,2117.336581572239,62.6854,1,1,22,20,20,0,6.512138,0,ok,logs/seed_543181.log
397234,baseline,NHEFT,1,0.0,0,0,0,3.2557,3.9125,7.1682,2433.6531000000023,65.3331,2,2,22,488,488,0,296.5316000000001,7.9606,33,11,197,122,45,77,121.90467639011891,3.2726,40,11,274,130,67,63,6.470552,0,ok,logs/seed_397234.log
397234,comp_drt,NHEFT+CompDRT,0,0.0,1,1,0,3.2557,3.9125,7.1682,2433.6531000000023,65.3331,2,2,22,488,488,0,296.5316000000001,7.9606,33,11,197,122,45,77,893.2217929856806,23.9792,1,1,22,20,20,0,6.470552,0,ok,logs/seed_397234.log
973889,baseline,NHEFT,1,0.0,0,0,0,3.0245,3.531,6.5555,2158.7695000000035,46.7802,2,2,22,475,475,0,216.57509999999994,4.6931,23,6,186,58,37,21,140.68620319844865,3.0486,42,11,294,158,85,73,6.433976,0,ok,logs/seed_973889.log
973889,comp_drt,NHEFT+CompDRT,0,0.0,1,1,0,3.0245,3.531,6.5555,2158.7695000000035,46.7802,2,2,22,475,475,0,216.57509999999994,4.6931,23,6,186,58,37,21,969.7119720831114,21.0135,1,1,22,20,20,0,6.433976,0,ok,logs/seed_973889.log
110682,baseline,NHEFT,1,0.0,0,0,0,3.1642,4.0449,7.2091,2071.5269000000035,34.8322,2,2,22,433,433,0,273.6165000000001,4.6008,28,11,186,93,44,49,153.80411384603488,2.5862,33,9,247,120,72,48,4.961378,0,ok,logs/seed_110682.log
110682,comp_drt,NHEFT+CompDRT,0,0.0,1,1,0,3.1642,4.0449,7.2091,2071.5269000000035,34.8322,2,2,22,433,433,0,273.6165000000001,4.6008,28,11,186,93,44,49,951.5061604083769,15.9993,1,1,22,20,20,0,4.961378,0,ok,logs/seed_110682.log
663813,baseline,NHEFT,1,0.0,0,0,0,3.0207,3.734,6.7547,2196.5915000000023,56.8217,2,2,22,437,437,0,275.87440000000004,7.1364,33,10,189,92,43,49,140.779807493983,3.6417,34,9,262,118,68,50,5.654169,0,ok,logs/seed_663813.log
663813,comp_drt,NHEFT+CompDRT,0,0.0,1,1,0,3.0207,3.734,6.7547,2196.5915000000023,56.8217,2,2,22,437,437,0,275.87440000000004,7.1364,33,10,189,92,43,49,1138.0149665431618,29.4383,1,1,22,20,20,0,5.654169,0,ok,logs/seed_663813.log
895348,baseline,NHEFT,1,0.0,0,0,0,3.0706,3.8398,6.9104,1978.7600999999959,56.8714,3,3,36,440,440,0,217.85410000000005,6.2613,28,7,172,67,40,27,147.85327874015746,4.2494,42,10,278,160,78,82,5.573371,0,ok,logs/seed_895348.log
895348,comp_drt,NHEFT+CompDRT,0,0.0,1,1,0,3.0706,3.8398,6.9104,1978.7600999999959,56.8714,3,3,36,440,440,0,217.85410000000005,6.2613,28,7,172,67,40,27,2006.4317334901957,57.6667,1,1,22,21,21,0,5.573371,0,ok,logs/seed_895348.log
840905,baseline,NHEFT,1,0.0,0,0,0,3.6884,4.5721,8.2605,1965.2315999999994,46.4584,3,3,40,451,451,0,217.8023,5.1489,20,5,163,66,45,21,147.9581814092309,3.4978,29,10,243,143,73,70,5.286752,0,ok,logs/seed_840905.log
840905,comp_drt,NHEFT+CompDRT,0,0.0,1,1,0,3.6884,4.5721,8.2605,1965.2315999999994,46.4584,3,3,40,451,451,0,217.8023,5.1489,20,5,163,66,45,21,908.746875445441,21.4829,1,1,22,20,20,0,5.286752,0,ok,logs/seed_840905.log
366120,baseline,NHEFT,1,0.0,0,0,0,3.4669,4.4344,7.9013,2458.7162999999987,56.387,2,2,22,453,453,0,263.31230000000005,6.0387,25,9,163,86,41,45,160.21267999923333,3.6742,38,9,268,139,77,62,5.573078,0,ok,logs/seed_366120.log
366120,comp_drt,NHEFT+CompDRT,0,0.0,1,1,0,3.4669,4.4344,7.9013,2458.7162999999987,56.387,2,2,22,453,453,0,263.31230000000005,6.0387,25,9,163,86,41,45,2028.8327422727255,46.5283,1,1,22,21,21,0,5.573078,0,ok,logs/seed_366120.log
873087,baseline,NHEFT,1,0.0,0,0,0,3.346,3.2317,6.5777,1565.4725999999991,40.6833,2,2,22,414,414,0,187.76790000000003,4.8797,26,9,165,81,43,38,123.88161082589498,3.2194,38,12,251,157,79,78,5.222743,0,ok,logs/seed_873087.log
873087,comp_drt,NHEFT+CompDRT,0,0.0,1,1,0,3.346,3.2317,6.5777,1565.4725999999991,40.6833,2,2,22,414,414,0,187.76790000000003,4.8797,26,9,165,81,43,38,862.3155007632116,22.4097,1,1,22,20,20,0,5.222743,0,ok,logs/seed_873087.log
333017,baseline,NHEFT,1,0.0,0,0,0,3.3343,4.2781,7.6124,2022.5653999999963,53.7509,2,2,22,420,420,0,233.0675,6.1939,19,6,144,65,41,24,147.28685409296986,3.9142,36,9,241,139,77,62,5.279069,0,ok,logs/seed_333017.log
333017,comp_drt,NHEFT+CompDRT,0,0.0,1,1,0,3.3343,4.2781,7.6124,2022.5653999999963,53.7509,2,2,22,420,420,0,233.0675,6.1939,19,6,144,65,41,24,922.4227027011884,24.5139,1,1,22,20,20,0,5.279069,0,ok,logs/seed_333017.log
479679,baseline,NHEFT,1,0.0,0,0,0,3.5742,3.7529,7.3271,1970.6486000000045,63.2062,2,2,22,454,454,0,219.14319999999998,7.0288,21,8,147,67,40,27,141.32595451650414,4.5329,38,10,268,150,79,71,5.278848,0,ok,logs/seed_479679.log
479679,comp_drt,NHEFT+CompDRT,0,0.0,1,1,0,3.5742,3.7529,7.3271,1970.6486000000045,63.2062,2,2,22,454,454,0,219.14319999999998,7.0288,21,8,147,67,40,27,1012.7358140000001,32.4823,1,1,22,20,20,0,5.278848,0,ok,logs/seed_479679.log
547920,baseline,NHEFT,1,0.0,0,0,0,3.4552,3.7112,7.1664,2147.2386999999976,57.0981,3,2,24,457,457,0,252.85729999999995,6.7238,24,7,188,73,42,31,130.03663398522895,3.4579,42,10,262,126,69,57,5.356594,0,ok,logs/seed_547920.log
547920,comp_drt,NHEFT+CompDRT,0,0.0,1,1,0,3.4552,3.7112,7.1664,2147.2386999999976,57.0981,3,2,24,457,457,0,252.85729999999995,6.7238,24,7,188,73,42,31,780.4058998972497,20.7521,1,1,22,20,20,0,5.356594,0,ok,logs/seed_547920.log
397055,baseline,NHEFT,1,0.0,0,0,0,3.7289,4.9941,8.723,2005.9467999999974,54.8052,3,2,23,472,472,0,236.89620000000005,6.4723,26,8,211,72,41,31,136.4765861016748,3.7287,37,9,294,126,66,60,5.35566,0,ok,logs/seed_397055.log
397055,comp_drt,NHEFT+CompDRT,0,0.0,1,1,0,3.7289,4.9941,8.723,2005.9467999999974,54.8052,3,2,23,472,472,0,236.89620000000005,6.4723,26,8,211,72,41,31,1189.614043473322,32.5019,1,1,22,20,20,0,5.35566,0,ok,logs/seed_397055.log
255407,baseline,NHEFT,1,0.0,0,0,0,3.4833,4.1583,7.6416,1982.4165000000028,49.0627,2,2,22,467,467,0,210.51990000000004,5.2101,20,6,151,62,38,24,152.87262439249858,3.7834,30,9,246,123,72,51,6.509538,0,ok,logs/seed_255407.log
255407,comp_drt,NHEFT+CompDRT,0,0.0,1,1,0,3.4833,4.1583,7.6416,1982.4165000000028,49.0627,2,2,22,467,467,0,210.51990000000004,5.2101,20,6,151,62,38,24,1071.7099717967253,26.5237,1,1,22,20,20,0,6.509538,0,ok,logs/seed_255407.log
529276,baseline,NHEFT,1,0.0,0,0,0,3.3508,4.7182,8.069,1878.9471000000012,53.4682,2,2,22,461,461,0,213.80990000000003,6.0843,22,4,176,55,38,17,158.7446805842928,4.5173,32,9,261,123,66,57,7.18973,0,ok,logs/seed_529276.log
529276,comp_drt,NHEFT+CompDRT,0,0.0,1,1,0,3.3508,4.7182,8.069,1878.9471000000012,53.4682,2,2,22,461,461,0,213.80990000000003,6.0843,22,4,176,55,38,17,1062.371463876324,30.2313,1,1,22,20,20,0,7.18973,0,ok,logs/seed_529276.log
772641,baseline,NHEFT,1,0.0,0,0,0,3.4313,3.9424,7.3737,1926.3583000000035,50.4654,2,2,22,458,458,0,204.98020000000002,5.3699,19,7,155,66,41,25,130.2681564858947,3.4127,40,11,280,153,85,68,6.048779,0,ok,logs/seed_772641.log
772641,comp_drt,NHEFT+CompDRT,0,0.0,1,1,0,3.4313,3.9424,7.3737,1926.3583000000035,50.4654,2,2,22,458,458,0,204.98020000000002,5.3699,19,7,155,66,41,25,901.3605186079031,23.6132,1,1,22,20,20,0,6.048779,0,ok,logs/seed_772641.log
452290,baseline,NHEFT,1,0.0,0,0,0,3.1895,3.3603,6.5498,2149.036600000005,62.4738,2,2,22,452,452,0,242.8508,7.0598,26,10,164,81,40,41,132.45904817501557,3.8507,39,10,280,136,80,56,5.92805,0,ok,logs/seed_452290.log
452290,comp_drt,NHEFT+CompDRT,0,0.0,1,1,0,3.1895,3.3603,6.5498,2149.036600000005,62.4738,2,2,22,452,452,0,242.8508,7.0598,26,10,164,81,40,41,841.9724037506369,24.4767,1,1,22,20,20,0,5.92805,0,ok,logs/seed_452290.log
70730,baseline,NHEFT,1,0.0,0,0,0,3.5436,4.5732,8.1168,2504.3742000000007,75.8533,3,3,37,475,475,0,226.7199,6.867,23,7,137,61,39,22,137.20954388531518,4.1559,43,12,282,176,81,95,6.35461,0,ok,logs/seed_70730.log
70730,comp_drt,NHEFT+CompDRT,0,0.0,1,1,0,3.5436,4.5732,8.1168,2504.3742000000007,75.8533,3,3,37,475,475,0,226.7199,6.867,23,7,137,61,39,22,839.8964242631575,25.4391,1,1,22,20,20,0,6.35461,0,ok,logs/seed_70730.log
29523,baseline,NHEFT,1,0.0,0,0,0,3.5241,4.4521,7.9762,2364.558700000004,72.928,2,2,22,440,440,0,289.54690000000005,8.9302,20,9,140,85,43,42,154.34453047735954,4.7603,34,11,255,137,72,65,5.985334,0,ok,logs/seed_29523.log
29523,comp_drt,NHEFT+CompDRT,0,0.0,1,1,0,3.5241,4.4521,7.9762,2364.558700000004,72.928,2,2,22,440,440,0,289.54690000000005,8.9302,20,9,140,85,43,42,1179.128134923567,36.3668,1,1,22,20,20,0,5.985334,0,ok,logs/seed_29523.log
580005,baseline,NHEFT,1,0.0,0,0,0,3.3976,3.2854,6.683,3092.1685999999963,76.3734,4,4,56,466,466,0,303.5701,7.4979,26,13,144,96,43,53,188.25717949002328,4.6498,38,11,274,125,60,65,9.193153,0,ok,logs/seed_580005.log
580005,comp_drt,NHEFT+CompDRT,0,0.0,1,1,0,3.3976,3.2854,6.683,3092.1685999999963,76.3734,4,4,56,466,466,0,303.5701,7.4979,26,13,144,96,43,53,1179.5395384814426,29.1334,1,1,22,20,20,0,9.193153,0,ok,logs/seed_580005.log
273040,baseline,NHEFT,1,0.0,0,0,0,3.5902,3.6929,7.2831,1761.3416000000009,41.8431,2,2,22,451,451,0,207.4337,4.9279,24,8,163,82,43,39,108.36362313574662,2.5743,32,9,252,110,63,47,5.927885,0,ok,logs/seed_273040.log
273040,comp_drt,NHEFT+CompDRT,0,0.0,1,1,0,3.5902,3.6929,7.2831,1761.3416000000009,41.8431,2,2,22,451,451,0,207.4337,4.9279,24,8,163,82,43,39,928.4298881943129,22.0561,1,1,22,20,20,0,5.927885,0,ok,logs/seed_273040.log
333143,baseline,NHEFT,1,0.0,0,0,0,3.4145,4.476,7.8905,2210.667399999995,43.7057,3,3,35,456,456,0,249.30879999999993,4.9289,16,5,146,61,41,20,175.83986657170595,3.4764,34,11,241,140,74,66,6.430306,0,ok,logs/seed_333143.log
333143,comp_drt,NHEFT+CompDRT,0,0.0,1,1,0,3.4145,4.476,7.8905,2210.667399999995,43.7057,3,3,35,456,456,0,249.30879999999993,4.9289,16,5,146,61,41,20,997.073519,19.7125,1,1,22,20,20,0,6.430306,0,ok,logs/seed_333143.log
6027,baseline,NHEFT,1,0.0,0,0,0,2.9696,3.0516,6.0212,2145.0309999999995,50.1213,3,3,42,487,487,0,245.8337,5.7442,27,10,203,89,47,42,111.47984113742352,2.6049,40,11,288,165,82,83,5.880632,0,ok,logs/seed_6027.log
6027,comp_drt,NHEFT+CompDRT,0,0.0,1,1,0,2.9696,3.0516,6.0212,2145.0309999999995,50.1213,3,3,42,487,487,0,245.8337,5.7442,27,10,203,89,47,42,925.7252820256958,21.6307,1,1,22,20,20,0,5.880632,0,ok,logs/seed_6027.log
802904,baseline,NHEFT,1,0.0,0,0,0,3.2463,3.4615,6.7078,1898.4278000000047,45.7923,2,2,22,465,465,0,225.67780000000002,5.4436,29,8,168,92,42,50,130.50326353065705,3.1479,38,10,281,142,80,62,7.443413,0,ok,logs/seed_802904.log
802904,comp_drt,NHEFT+CompDRT,0,0.0,1,1,0,3.2463,3.4615,6.7078,1898.4278000000047,45.7923,2,2,22,465,465,0,225.67780000000002,5.4436,29,8,168,92,42,50,774.0755960487797,18.6716,1,1,22,21,21,0,7.443413,0,ok,logs/seed_802904.log
495402,baseline,NHEFT,1,0.0,0,0,0,3.2154,4.1548,7.3702,2039.5515000000055,45.8053,2,2,22,464,464,0,226.78730000000002,5.0933,23,7,181,74,42,32,154.02869690258945,3.4593,38,10,284,150,77,73,4.934685,0,ok,logs/seed_495402.log
495402,comp_drt,NHEFT+CompDRT,0,0.0,1,1,0,3.2154,4.1548,7.3702,2039.5515000000055,45.8053,2,2,22,464,464,0,226.78730000000002,5.0933,23,7,181,74,42,32,1214.7301774905673,27.2811,1,1,22,20,20,0,4.934685,0,ok,logs/seed_495402.log
385502,baseline,NHEFT,1,0.0,0,0,0,4.1569,5.1216,9.2785,2617.984499999995,69.2294,2,2,22,482,482,0,263.7589,6.9748,22,6,148,67,40,27,163.90668216655456,4.3343,33,9,266,143,77,66,6.663642,0,ok,logs/seed_385502.log
385502,comp_drt,NHEFT+CompDRT,0,0.0,1,1,0,4.1569,5.1216,9.2785,2617.984499999995,69.2294,2,2,22,482,482,0,263.7589,6.9748,22,6,148,67,40,27,881.9921643576156,23.3232,1,1,22,20,20,0,6.663642,0,ok,logs/seed_385502.log
847050,baseline,NHEFT,1,0.0,0,0,0,3.1197,4.2661,7.3858,1785.5779999999968,46.21,2,2,22,440,440,0,237.5969,6.1489,29,10,162,89,42,47,139.76099916407415,3.617,36,10,282,154,78,76,5.211035,0,ok,logs/seed_847050.log
847050,comp_drt,NHEFT+CompDRT,0,0.0,1,1,0,3.1197,4.2661,7.3858,1785.5779999999968,46.21,2,2,22,440,440,0,237.5969,6.1489,29,10,162,89,42,47,1220.0961952886594,31.5756,1,1,22,20,20,0,5.211035,0,ok,logs/seed_847050.log
386832,baseline,NHEFT,1,0.0,0,0,0,3.2362,4.8254,8.0616,2049.7702999999956,58.9175,3,3,42,442,442,0,204.90140000000002,5.8896,13,4,141,56,40,16,134.83567407247858,3.8756,37,11,265,160,76,84,5.957929,0,ok,logs/seed_386832.log
386832,comp_drt,NHEFT+CompDRT,0,0.0,1,1,0,3.2362,4.8254,8.0616,2049.7702999999956,58.9175,3,3,42,442,442,0,204.90140000000002,5.8896,13,4,141,56,40,16,860.6673409129661,24.7386,1,1,22,20,20,0,5.957929,0,ok,logs/seed_386832.log
325099,baseline,NHEFT,1,0.0,0,0,0,3.5974,4.3167,7.9141,2259.624500000005,48.9687,2,2,22,451,451,0,232.1574999999999,5.0311,22,7,130,65,40,25,128.45141925070487,2.7837,35,9,280,148,84,64,5.494098,0,ok,logs/seed_325099.log
325099,comp_drt,NHEFT+CompDRT,0,0.0,1,1,0,3.5974,4.3167,7.9141,2259.624500000005,48.9687,2,2,22,451,451,0,232.1574999999999,5.0311,22,7,130,65,40,25,789.1986594692083,17.1028,1,1,22,20,20,0,5.494098,0,ok,logs/seed_325099.log
23707,baseline,NHEFT,1,0.0,0,0,0,3.041,4.8353,7.8763,2305.4372000000044,62.1249,2,2,22,472,472,0,260.8582,7.0294,28,9,195,78,40,38,175.56496729874792,4.731,42,10,305,152,78,74,6.014688,0,ok,logs/seed_23707.log
23707,comp_drt,NHEFT+CompDRT,0,0.0,1,1,0,3.041,4.8353,7.8763,2305.4372000000044,62.1249,2,2,22,472,472,0,260.8582,7.0294,28,9,195,78,40,38,976.5400830099406,26.315,1,1,22,20,20,0,6.014688,0,ok,logs/seed_23707.log
