seed,variant,variant_display_label,is_baseline_nheft,configured_tolerance,configured_comp_advantage,configured_drt_advantage,configured_irt_advantage,ccr_data,idr_image,nccr_total,heft_makespan,heft_slr,heft_vcpus,heft_hosts,heft_instances,heft_image_dl_total,heft_image_from_repo,heft_image_from_host,dheft_makespan,dheft_slr,dheft_vcpus,dheft_hosts,dheft_instances,dheft_image_dl_total,dheft_image_from_repo,dheft_image_from_host,nheft_makespan,nheft_slr,nheft_vcpus,nheft_hosts,nheft_instances,nheft_image_dl_total,nheft_image_from_repo,nheft_image_from_host,time_sec,return_code,status,log_file
741896,baseline,NHEFT,1,0.0,0,0,0,0.1928,0.1733,0.3661,205.09640000000007,6.2971,6,2,81,442,442,0,42.8343,1.3151,43,11,313,113,38,75,43.504109485094844,1.3357,62,12,331,169,112,57,4.399869,0,ok,logs/seed_741896.log
741896,comp_drt,NHEFT+CompDRT,0,0.0,1,1,0,0.1928,0.1733,0.3661,205.09640000000007,6.2971,6,2,81,442,442,0,42.8343,1.3151,43,11,313,113,38,75,1848.8419981029783,56.7652,1,1,22,25,25,0,4.399869,0,ok,logs/seed_741896.log
430515,baseline,NHEFT,1,0.0,0,0,0,0.1848,0.1859,0.3707,107.97919999999978,2.6698,12,4,162,468,468,0,43.0729,1.065,43,10,342,129,45,84,43.389819291014014,1.0728,56,12,335,181,140,41,5.130368,0,ok,logs/seed_430515.log
430515,comp_drt,NHEFT+CompDRT,0,0.0,1,1,0,0.1848,0.1859,0.3707,107.97919999999978,2.6698,12,4,162,468,468,0,43.0729,1.065,43,10,342,129,45,84,1046.4316076923085,25.8731,1,1,22,26,26,0,5.130368,0,ok,logs/seed_430515.log
888075,baseline,NHEFT,1,0.0,0,0,0,0.1844,0.1593,0.3437,171.69229999999993,4.4114,11,4,112,471,471,0,47.3622,1.2169,48,11,339,145,44,101,50.863703640375064,1.3069,62,13,346,188,142,46,7.955331,0,ok,logs/seed_888075.log
888075,comp_drt,NHEFT+CompDRT,0,0.0,1,1,0,0.1844,0.1593,0.3437,171.69229999999993,4.4114,11,4,112,471,471,0,47.3622,1.2169,48,11,339,145,44,101,1211.0847722149422,31.117,1,1,22,27,27,0,7.955331,0,ok,logs/seed_888075.log
914983,baseline,NHEFT,1,0.0,0,0,0,0.2092,0.2111,0.4203,148.5799000000001,4.1599,10,4,117,446,446,0,41.7279,1.1683,41,8,311,121,40,81,37.982648732943474,1.0634,59,13,328,169,111,58,8.370113,0,ok,logs/seed_914983.log
914983,comp_drt,NHEFT+CompDRT,0,0.0,1,1,0,0.2092,0.2111,0.4203,148.5799000000001,4.1599,10,4,117,446,446,0,41.7279,1.1683,41,8,311,121,40,81,846.543621089631,23.7014,1,1,22,26,26,0,8.370113,0,ok,logs/seed_914983.log
997971,baseline,NHEFT,1,0.0,0,0,0,0.1862,0.1538,0.34,186.30100000000013,6.2772,6,2,89,478,478,0,41.3101,1.3919,46,10,308,132,45,87,34.685860538299366,1.1687,60,14,346,163,114,49,9.633488,0,ok,logs/seed_997971.log
997971,comp_drt,NHEFT+CompDRT,0,0.0,1,1,0,0.1862,0.1538,0.34,186.30100000000013,6.2772,6,2,89,478,478,0,41.3101,1.3919,46,10,308,132,45,87,1126.1267132372216,37.9438,1,1,22,23,23,0,9.633488,0,ok,logs/seed_997971.log
747642,baseline,NHEFT,1,0.0,0,0,0,0.164,0.1403,0.3043,140.41250000000008,3.1747,11,3,137,466,466,0,45.624199999999995,1.0316,42,10,328,144,39,105,45.29623783783785,1.0241,51,12,330,173,114,59,6.996376,0,ok,logs/seed_747642.log
747642,comp_drt,NHEFT+CompDRT,0,0.0,1,1,0,0.164,0.1403,0.3043,140.41250000000008,3.1747,11,3,137,466,466,0,45.624199999999995,1.0316,42,10,328,144,39,105,866.4278756756761,19.5898,1,1,22,25,25,0,6.996376,0,ok,logs/seed_747642.log
664527,baseline,NHEFT,1,0.0,0,0,0,0.1826,0.2115,0.3941,197.8717999999997,4.8074,13,4,105,485,485,0,50.34990000000001,1.2233,43,9,335,115,50,65,45.504926499739184,1.1056,58,13,356,166,126,40,8.677799,0,ok,logs/seed_664527.log
664527,comp_drt,NHEFT+CompDRT,0,0.0,1,1,0,0.1826,0.2115,0.3941,197.8717999999997,4.8074,13,4,105,485,485,0,50.34990000000001,1.2233,43,9,335,115,50,65,2234.2022130490136,54.2814,1,1,22,29,29,0,8.677799,0,ok,logs/seed_664527.log
760044,baseline,NHEFT,1,0.0,0,0,0,0.1603,0.1511,0.3114,144.22360000000003,2.7351,13,4,136,458,458,0,53.030499999999996,1.0057,46,10,313,126,35,91,53.030482481751825,1.0057,59,13,321,171,117,54,8.020438,0,ok,logs/seed_760044.log
760044,comp_drt,NHEFT+CompDRT,0,0.0,1,1,0,0.1603,0.1511,0.3114,144.22360000000003,2.7351,13,4,136,458,458,0,53.030499999999996,1.0057,46,10,313,126,35,91,1277.1561215629522,24.2205,1,1,22,30,30,0,8.020438,0,ok,logs/seed_760044.log
215549,baseline,NHEFT,1,0.0,0,0,0,0.181,0.1884,0.3694,155.34920000000022,4.3963,12,2,113,465,465,0,44.14599999999999,1.2493,46,9,323,122,48,74,40.47928353413655,1.1455,55,12,341,155,110,45,9.292599,0,ok,logs/seed_215549.log
215549,comp_drt,NHEFT+CompDRT,0,0.0,1,1,0,0.181,0.1884,0.3694,155.34920000000022,4.3963,12,2,113,465,465,0,44.14599999999999,1.2493,46,9,323,122,48,74,738.5672743253665,20.9009,1,1,22,23,23,0,9.292599,0,ok,logs/seed_215549.log
370191,baseline,NHEFT,1,0.0,0,0,0,0.1723,0.1838,0.3561,229.20139999999964,6.472,5,2,81,469,469,0,44.5529,1.2581,51,10,305,131,42,89,36.61457575886525,1.0339,59,13,333,146,103,43,9.220184,0,ok,logs/seed_370191.log
370191,comp_drt,NHEFT+CompDRT,0,0.0,1,1,0,0.1723,0.1838,0.3561,229.20139999999964,6.472,5,2,81,469,469,0,44.5529,1.2581,51,10,305,131,42,89,1041.5651729349743,29.411,1,1,22,24,24,0,9.220184,0,ok,logs/seed_370191.log
296947,baseline,NHEFT,1,0.0,0,0,0,0.1605,0.1888,0.3493,252.08759999999967,5.509,8,2,99,471,471,0,51.44369999999999,1.1242,42,10,314,119,34,85,51.906139160839146,1.1343,56,13,345,178,112,66,10.543758,0,ok,logs/seed_296947.log
296947,comp_drt,NHEFT+CompDRT,0,0.0,1,1,0,0.1605,0.1888,0.3493,252.08759999999967,5.509,8,2,99,471,471,0,51.44369999999999,1.1242,42,10,314,119,34,85,2258.0281818181866,49.3457,1,1,22,26,26,0,10.543758,0,ok,logs/seed_296947.log
963598,baseline,NHEFT,1,0.0,0,0,0,0.1901,0.1904,0.3805,146.5612000000002,3.7924,11,3,118,459,459,0,44.042,1.1396,43,10,330,123,40,83,44.04201974522293,1.1396,62,13,350,171,120,51,8.685061,0,ok,logs/seed_963598.log
963598,comp_drt,NHEFT+CompDRT,0,0.0,1,1,0,0.1901,0.1904,0.3805,146.5612000000002,3.7924,11,3,118,459,459,0,44.042,1.1396,43,10,330,123,40,83,1203.9759305866835,31.1538,1,1,22,26,26,0,8.685061,0,ok,logs/seed_963598.log
388451,baseline,NHEFT,1,0.0,0,0,0,0.1781,0.1711,0.3492,181.72119999999998,4.8261,8,3,100,465,465,0,47.747699999999995,1.2681,42,8,319,124,50,74,42.695315613382895,1.1339,61,11,336,182,117,65,7.906311,0,ok,logs/seed_388451.log
388451,comp_drt,NHEFT+CompDRT,0,0.0,1,1,0,0.1781,0.1711,0.3492,181.72119999999998,4.8261,8,3,100,465,465,0,47.747699999999995,1.2681,42,8,319,124,50,74,1034.4805592489574,27.4736,1,1,22,25,25,0,7.906311,0,ok,logs/seed_388451.log
602873,baseline,NHEFT,1,0.0,0,0,0,0.1679,0.1649,0.3328,165.2567999999999,3.3494,12,4,129,465,465,0,53.96459999999999,1.0937,37,9,312,103,39,64,55.56773697585769,1.1262,57,10,337,150,108,42,8.896938,0,ok,logs/seed_602873.log
602873,comp_drt,NHEFT+CompDRT,0,0.0,1,1,0,0.1679,0.1649,0.3328,165.2567999999999,3.3494,12,4,129,465,465,0,53.96459999999999,1.0937,37,9,312,103,39,64,1799.3735537572259,36.4693,1,1,22,29,29,0,8.896938,0,ok,logs/seed_602873.log
122745,baseline,NHEFT,1,0.0,0,0,0,0.181,0.1558,0.3368,188.5815999999996,5.4359,10,3,102,466,466,0,43.4686,1.253,54,9,322,135,47,88,46.93896608187134,1.353,65,11,340,147,99,48,7.036064,0,ok,logs/seed_122745.log
122745,comp_drt,NHEFT+CompDRT,0,0.0,1,1,0,0.181,0.1558,0.3368,188.5815999999996,5.4359,10,3,102,466,466,0,43.4686,1.253,54,9,322,135,47,88,1275.11225614035,36.7552,1,1,22,25,25,0,7.036064,0,ok,logs/seed_122745.log
484762,baseline,NHEFT,1,0.0,0,0,0,0.1836,0.1983,0.3819,232.7239,6.6151,7,3,83,456,456,0,45.4503,1.2919,51,10,311,140,48,92,37.886638912733495,1.0769,66,14,337,179,126,53,7.12946,0,ok,logs/seed_484762.log
484762,comp_drt,NHEFT+CompDRT,0,0.0,1,1,0,0.1836,0.1983,0.3819,232.7239,6.6151,7,3,83,456,456,0,45.4503,1.2919,51,10,311,140,48,92,950.0904071672356,27.006,1,1,22,30,30,0,7.12946,0,ok,logs/seed_484762.log
514215,baseline,NHEFT,1,0.0,0,0,0,0.1951,0.1616,0.3567,168.08069999999992,4.2605,8,3,106,457,457,0,41.61590000000001,1.0549,38,8,309,117,38,79,42.61402827272727,1.0802,58,12,323,177,128,49,5.85748,0,ok,logs/seed_514215.log
514215,comp_drt,NHEFT+CompDRT,0,0.0,1,1,0,0.1951,0.1616,0.3567,168.08069999999992,4.2605,8,3,106,457,457,0,41.61590000000001,1.0549,38,8,309,117,38,79,869.1812214477204,22.0318,1,1,22,29,29,0,5.85748,0,ok,logs/seed_514215.log
601161,baseline,NHEFT,1,0.0,0,0,0,0.1588,0.16,0.3188,134.53930000000017,2.9991,14,4,166,459,459,0,52.615199999999994,1.1729,40,11,334,146,45,101,50.217964485981305,1.1194,64,14,343,207,153,54,5.802856,0,ok,logs/seed_601161.log
601161,comp_drt,NHEFT+CompDRT,0,0.0,1,1,0,0.1588,0.16,0.3188,134.53930000000017,2.9991,14,4,166,459,459,0,52.615199999999994,1.1729,40,11,334,146,45,101,1086.840382051282,24.2277,1,1,22,26,26,0,5.802856,0,ok,logs/seed_601161.log
78435,baseline,NHEFT,1,0.0,0,0,0,0.166,0.1505,0.3165,159.53169999999974,3.64,11,4,113,448,448,0,49.11130000000001,1.1205,42,9,308,132,37,95,49.615280103359176,1.132,59,13,327,198,140,58,5.874463,0,ok,logs/seed_78435.log
78435,comp_drt,NHEFT+CompDRT,0,0.0,1,1,0,0.166,0.1505,0.3165,159.53169999999974,3.64,11,4,113,448,448,0,49.11130000000001,1.1205,42,9,308,132,37,95,1564.0842297157612,35.687,1,1,22,26,26,0,5.874463,0,ok,logs/seed_78435.log
480957,baseline,NHEFT,1,0.0,0,0,0,0.1854,0.1589,0.3443,133.39340000000038,3.7959,10,4,127,448,448,0,39.7185,1.1302,43,11,325,141,47,94,39.71852729306488,1.1302,56,12,320,177,134,43,6.507131,0,ok,logs/seed_480957.log
480957,comp_drt,NHEFT+CompDRT,0,0.0,1,1,0,0.1854,0.1589,0.3443,133.39340000000038,3.7959,10,4,127,448,448,0,39.7185,1.1302,43,11,325,141,47,94,1451.2571977635769,41.2972,1,1,22,29,29,0,6.507131,0,ok,logs/seed_480957.log
113260,baseline,NHEFT,1,0.0,0,0,0,0.2022,0.2033,0.4055,231.93969999999956,5.0704,7,3,86,499,499,0,46.7738,1.0225,45,11,350,150,37,113,47.684191627447056,1.0424,61,14,361,197,122,75,9.543316,0,ok,logs/seed_113260.log
113260,comp_drt,NHEFT+CompDRT,0,0.0,1,1,0,0.2022,0.2033,0.4055,231.93969999999956,5.0704,7,3,86,499,499,0,46.7738,1.0225,45,11,350,150,37,113,1684.1374792207814,36.8164,1,1,22,32,32,0,9.543316,0,ok,logs/seed_113260.log
846854,baseline,NHEFT,1,0.0,0,0,0,0.1738,0.168,0.3418,93.77890000000014,2.7153,9,3,126,425,425,0,41.90669999999999,1.2134,39,9,288,116,37,79,37.24617919075144,1.0784,57,14,300,146,106,40,5.977174,0,ok,logs/seed_846854.log
846854,comp_drt,NHEFT+CompDRT,0,0.0,1,1,0,0.1738,0.168,0.3418,93.77890000000014,2.7153,9,3,126,425,425,0,41.90669999999999,1.2134,39,9,288,116,37,79,806.0190081669692,23.3377,1,1,22,26,26,0,5.977174,0,ok,logs/seed_846854.log
422970,baseline,NHEFT,1,0.0,0,0,0,0.1742,0.2005,0.3747,210.46029999999988,5.4029,7,3,97,437,437,0,48.181099999999994,1.2369,41,10,289,113,39,74,41.5539523178808,1.0668,54,12,323,148,110,38,7.839022,0,ok,logs/seed_422970.log
422970,comp_drt,NHEFT+CompDRT,0,0.0,1,1,0,0.1742,0.2005,0.3747,210.46029999999988,5.4029,7,3,97,437,437,0,48.181099999999994,1.2369,41,10,289,113,39,74,1523.1580460317457,39.1024,1,1,22,23,23,0,7.839022,0,ok,logs/seed_422970.log
762973,baseline,NHEFT,1,0.0,0,0,0,0.2043,0.1485,0.3528,89.53589999999994,2.175,11,3,157,468,468,0,41.4583,1.0071,43,9,315,114,43,71,41.458338910085054,1.0071,61,11,340,169,132,37,6.736651,0,ok,logs/seed_762973.log
762973,comp_drt,NHEFT+CompDRT,0,0.0,1,1,0,0.2043,0.1485,0.3528,89.53589999999994,2.175,11,3,157,468,468,0,41.4583,1.0071,43,9,315,114,43,71,922.04815278093,22.3981,1,1,22,28,28,0,6.736651,0,ok,logs/seed_762973.log
303068,baseline,NHEFT,1,0.0,0,0,0,0.2105,0.2304,0.4409,142.42120000000023,4.0307,8,3,106,496,496,0,43.818799999999996,1.2401,46,9,328,122,42,80,39.85201528571428,1.1278,61,13,359,176,132,44,7.682757,0,ok,logs/seed_303068.log
303068,comp_drt,NHEFT+CompDRT,0,0.0,1,1,0,0.2105,0.2304,0.4409,142.42120000000023,4.0307,8,3,106,496,496,0,43.818799999999996,1.2401,46,9,328,122,42,80,1275.416842857142,36.0955,1,1,22,27,27,0,7.682757,0,ok,logs/seed_303068.log
701483,baseline,NHEFT,1,0.0,0,0,0,0.2179,0.2103,0.4282,213.90200000000033,6.8877,6,3,77,447,447,0,43.9965,1.4167,41,11,303,127,45,82,44.73551836441894,1.4405,49,13,325,176,126,50,5.275744,0,ok,logs/seed_701483.log
701483,comp_drt,NHEFT+CompDRT,0,0.0,1,1,0,0.2179,0.2103,0.4282,213.90200000000033,6.8877,6,3,77,447,447,0,43.9965,1.4167,41,11,303,127,45,82,947.0652256410261,30.4958,1,1,22,28,28,0,5.275744,0,ok,logs/seed_701483.log
193272,baseline,NHEFT,1,0.0,0,0,0,0.1854,0.2064,0.3918,205.19679999999983,4.5422,8,3,106,460,460,0,49.46999999999999,1.0951,47,11,344,139,37,102,47.78149578783152,1.0577,66,14,336,164,111,53,6.631366,0,ok,logs/seed_193272.log
193272,comp_drt,NHEFT+CompDRT,0,0.0,1,1,0,0.1854,0.2064,0.3918,205.19679999999983,4.5422,8,3,106,460,460,0,49.46999999999999,1.0951,47,11,344,139,37,102,2173.4637202808103,48.1118,1,1,22,28,28,0,6.631366,0,ok,logs/seed_193272.log
609026,baseline,NHEFT,1,0.0,0,0,0,0.1717,0.1697,0.3414,227.6688,6.2609,8,3,98,463,463,0,45.8796,1.2617,45,8,305,110,45,65,45.71309167492567,1.2571,67,12,355,183,139,44,7.846111,0,ok,logs/seed_609026.log
609026,comp_drt,NHEFT+CompDRT,0,0.0,1,1,0,0.1717,0.1697,0.3414,227.6688,6.2609,8,3,98,463,463,0,45.8796,1.2617,45,8,305,110,45,65,1038.1805963581187,28.5498,1,1,22,27,27,0,7.846111,0,ok,logs/seed_609026.log
385324,baseline,NHEFT,1,0.0,0,0,0,0.1954,0.2167,0.4121,103.57970000000005,3.181,13,4,158,473,473,0,38.1293,1.171,53,12,338,130,40,90,37.71551052698201,1.1583,52,11,331,154,125,29,6.63344,0,ok,logs/seed_385324.log
385324,comp_drt,NHEFT+CompDRT,0,0.0,1,1,0,0.1954,0.2167,0.4121,103.57970000000005,3.181,13,4,158,473,473,0,38.1293,1.171,53,12,338,130,40,90,2269.3552929292923,69.6925,1,1,22,25,25,0,6.63344,0,ok,logs/seed_385324.log
586699,baseline,NHEFT,1,0.0,0,0,0,0.1783,0.1873,0.3656,203.21720000000013,5.2148,9,4,96,430,430,0,42.72549999999999,1.0964,36,8,289,116,33,83,41.327521126760566,1.0605,54,12,313,159,116,43,5.825159,0,ok,logs/seed_586699.log
586699,comp_drt,NHEFT+CompDRT,0,0.0,1,1,0,0.1783,0.1873,0.3656,203.21720000000013,5.2148,9,4,96,430,430,0,42.72549999999999,1.0964,36,8,289,116,33,83,1234.9328657657668,31.6899,1,1,22,28,28,0,5.825159,0,ok,logs/seed_586699.log
127154,baseline,NHEFT,1,0.0,0,0,0,0.2081,0.2076,0.4157,225.90630000000039,8.0818,6,3,73,491,491,0,42.960399999999986,1.5369,45,9,342,125,46,79,37.08898253968255,1.3269,67,13,356,175,118,57,5.401141,0,ok,logs/seed_127154.log
127154,comp_drt,NHEFT+CompDRT,0,0.0,1,1,0,0.2081,0.2076,0.4157,225.90630000000039,8.0818,6,3,73,491,491,0,42.960399999999986,1.5369,45,9,342,125,46,79,1118.9205582466577,40.0292,1,1,22,28,28,0,5.401141,0,ok,logs/seed_127154.log
140763,baseline,NHEFT,1,0.0,0,0,0,0.1786,0.1716,0.3502,146.7208000000001,3.8295,14,4,131,460,460,0,44.5205,1.162,41,8,304,127,47,80,44.03895517774343,1.1494,52,10,333,160,123,37,6.090973,0,ok,logs/seed_140763.log
140763,comp_drt,NHEFT+CompDRT,0,0.0,1,1,0,0.1786,0.1716,0.3502,146.7208000000001,3.8295,14,4,131,460,460,0,44.5205,1.162,41,8,304,127,47,80,845.2375682119209,22.0612,1,1,22,28,28,0,6.090973,0,ok,logs/seed_140763.log
162375,baseline,NHEFT,1,0.0,0,0,0,0.2012,0.2142,0.4154,130.75809999999987,3.2337,10,3,121,444,444,0,43.016999999999996,1.0638,44,8,299,115,33,82,43.98117142857143,1.0877,56,11,323,154,109,45,5.709799,0,ok,logs/seed_162375.log
162375,comp_drt,NHEFT+CompDRT,0,0.0,1,1,0,0.2012,0.2142,0.4154,130.75809999999987,3.2337,10,3,121,444,444,0,43.016999999999996,1.0638,44,8,299,115,33,82,2151.6222020905916,53.2111,1,1,22,29,29,0,5.709799,0,ok,logs/seed_162375.log
320372,baseline,NHEFT,1,0.0,0,0,0,0.2046,0.2314,0.436,164.2346999999999,4.3487,13,3,119,462,462,0,47.2698,1.2516,56,13,331,152,39,113,45.7483571817563,1.2114,62,13,344,195,131,64,5.809306,0,ok,logs/seed_320372.log
320372,comp_drt,NHEFT+CompDRT,0,0.0,1,1,0,0.2046,0.2314,0.436,164.2346999999999,4.3487,13,3,119,462,462,0,47.2698,1.2516,56,13,331,152,39,113,942.2821634429406,24.9505,1,1,22,25,25,0,5.809306,0,ok,logs/seed_320372.log
911752,baseline,NHEFT,1,0.0,0,0,0,0.2145,0.1929,0.4074,150.8248999999999,3.8025,11,4,112,465,465,0,43.555899999999994,1.0981,36,7,324,109,46,63,44.77281294029851,1.1288,59,12,339,153,120,33,7.704219,0,ok,logs/seed_911752.log
911752,comp_drt,NHEFT+CompDRT,0,0.0,1,1,0,0.2145,0.1929,0.4074,150.8248999999999,3.8025,11,4,112,465,465,0,43.555899999999994,1.0981,36,7,324,109,46,63,855.3059814910021,21.5635,1,1,22,25,25,0,7.704219,0,ok,logs/seed_911752.log
185527,baseline,NHEFT,1,0.0,0,0,0,0.1908,0.1722,0.363,178.11460000000017,3.6663,9,4,126,475,475,0,52.77269999999999,1.0863,44,8,331,128,37,91,52.61395766423357,1.083,63,13,351,200,150,50,7.801378,0,ok,logs/seed_185527.log
185527,comp_drt,NHEFT+CompDRT,0,0.0,1,1,0,0.1908,0.1722,0.363,178.11460000000017,3.6663,9,4,126,475,475,0,52.77269999999999,1.0863,44,8,331,128,37,91,856.6363576642335,17.6329,1,1,22,24,24,0,7.801378,0,ok,logs/seed_185527.log
766339,baseline,NHEFT,1,0.0,0,0,0,0.2029,0.1955,0.3984,192.0116999999997,4.9922,7,3,97,450,450,0,49.890699999999995,1.2971,40,9,302,136,40,96,46.90523226684636,1.2195,58,13,324,176,103,73,6.10032,0,ok,logs/seed_766339.log
766339,comp_drt,NHEFT+CompDRT,0,0.0,1,1,0,0.2029,0.1955,0.3984,192.0116999999997,4.9922,7,3,97,450,450,0,49.890699999999995,1.2971,40,9,302,136,40,96,739.1585450134768,19.2178,1,1,22,27,27,0,6.10032,0,ok,logs/seed_766339.log
911829,baseline,NHEFT,1,0.0,0,0,0,0.1835,0.1779,0.3614,200.24090000000015,3.9621,7,2,96,473,473,0,50.84620000000001,1.0061,40,8,315,110,35,75,51.54160048154094,1.0198,52,11,328,157,99,58,8.539746,0,ok,logs/seed_911829.log
911829,comp_drt,NHEFT+CompDRT,0,0.0,1,1,0,0.1835,0.1779,0.3614,200.24090000000015,3.9621,7,2,96,473,473,0,50.84620000000001,1.0061,40,8,315,110,35,75,1340.9668602322192,26.5332,1,1,22,30,30,0,8.539746,0,ok,logs/seed_911829.log
184906,baseline,NHEFT,1,0.0,0,0,0,0.1956,0.1936,0.3892,111.16680000000004,2.593,10,4,128,446,446,0,43.51520000000001,1.015,42,10,302,114,40,74,43.22258498023715,1.0082,64,13,330,168,125,43,5.29817,0,ok,logs/seed_184906.log
184906,comp_drt,NHEFT+CompDRT,0,0.0,1,1,0,0.1956,0.1936,0.3892,111.16680000000004,2.593,10,4,128,446,446,0,43.51520000000001,1.015,42,10,302,114,40,74,1146.3827266619007,26.7393,1,1,22,29,29,0,5.29817,0,ok,logs/seed_184906.log
189090,baseline,NHEFT,1,0.0,0,0,0,0.1958,0.1535,0.3493,145.95210000000006,4.1062,10,3,117,448,448,0,38.519200000000005,1.0837,44,9,315,123,41,82,37.12168311741587,1.0444,53,13,321,146,113,33,7.075515,0,ok,logs/seed_189090.log
189090,comp_drt,NHEFT+CompDRT,0,0.0,1,1,0,0.1958,0.1535,0.3493,145.95210000000006,4.1062,10,3,117,448,448,0,38.519200000000005,1.0837,44,9,315,123,41,82,1191.9633681470136,33.5349,1,1,22,26,26,0,7.075515,0,ok,logs/seed_189090.log
355619,baseline,NHEFT,1,0.0,0,0,0,0.1618,0.1753,0.3371,281.71129999999977,6.1115,6,3,82,469,469,0,51.88089999999998,1.1255,47,13,319,136,40,96,53.638883657587556,1.1637,63,17,327,174,119,55,5.990486,0,ok,logs/seed_355619.log
355619,comp_drt,NHEFT+CompDRT,0,0.0,1,1,0,0.1618,0.1753,0.3371,281.71129999999977,6.1115,6,3,82,469,469,0,51.88089999999998,1.1255,47,13,319,136,40,96,1637.2480280455752,35.5189,1,1,22,28,28,0,5.990486,0,ok,logs/seed_355619.log
440123,baseline,NHEFT,1,0.0,0,0,0,0.1726,0.1924,0.365,229.73580000000084,4.9628,7,3,94,474,474,0,48.09820000000002,1.039,57,12,331,150,37,113,49.690172941883766,1.0734,55,13,339,180,123,57,7.248904,0,ok,logs/seed_440123.log
440123,comp_drt,NHEFT+CompDRT,0,0.0,1,1,0,0.1726,0.1924,0.365,229.73580000000084,4.9628,7,3,94,474,474,0,48.09820000000002,1.039,57,12,331,150,37,113,977.9036480620158,21.125,1,1,22,24,24,0,7.248904,0,ok,logs/seed_440123.log
65843,baseline,NHEFT,1,0.0,0,0,0,0.1969,0.1601,0.357,141.1707000000001,3.9788,10,3,106,426,426,0,39.129,1.1028,36,7,297,105,33,72,36.50182578796001,1.0288,61,11,317,154,104,50,4.649345,0,ok,logs/seed_65843.log
65843,comp_drt,NHEFT+CompDRT,0,0.0,1,1,0,0.1969,0.1601,0.357,141.1707000000001,3.9788,10,3,106,426,426,0,39.129,1.1028,36,7,297,105,33,72,750.6445216216212,21.1567,1,1,22,29,29,0,4.649345,0,ok,logs/seed_65843.log
356002,baseline,NHEFT,1,0.0,0,0,0,0.2047,0.1699,0.3746,91.1853,2.4124,11,3,170,454,454,0,43.55069999999999,1.1522,47,9,331,137,49,88,42.0729649122807,1.1131,52,12,337,171,144,27,7.831864,0,ok,logs/seed_356002.log
356002,comp_drt,NHEFT+CompDRT,0,0.0,1,1,0,0.2047,0.1699,0.3746,91.1853,2.4124,11,3,170,454,454,0,43.55069999999999,1.1522,47,9,331,137,49,88,680.3359287066245,17.9993,1,1,22,25,25,0,7.831864,0,ok,logs/seed_356002.log
546160,baseline,NHEFT,1,0.0,0,0,0,0.1974,0.176,0.3734,131.8691000000001,2.3511,12,4,138,469,469,0,56.369199999999985,1.005,38,10,310,134,51,83,56.36922589118197,1.005,55,13,321,193,153,40,5.94977,0,ok,logs/seed_546160.log
546160,comp_drt,NHEFT+CompDRT,0,0.0,1,1,0,0.1974,0.176,0.3734,131.8691000000001,2.3511,12,4,138,469,469,0,56.369199999999985,1.005,38,10,310,134,51,83,1391.4908708074527,24.8092,1,1,22,26,26,0,5.94977,0,ok,logs/seed_546160.log
466702,baseline,NHEFT,1,0.0,0,0,0,0.157,0.1276,0.2846,143.96220000000025,4.0375,11,4,124,469,469,0,45.903400000000005,1.2874,43,10,331,142,35,107,47.943180722891555,1.3446,57,12,334,178,135,43,7.335185,0,ok,logs/seed_466702.log
466702,comp_drt,NHEFT+CompDRT,0,0.0,1,1,0,0.157,0.1276,0.2846,143.96220000000025,4.0375,11,4,124,469,469,0,45.903400000000005,1.2874,43,10,331,142,35,107,1250.5569734939752,35.0722,1,1,22,26,26,0,7.335185,0,ok,logs/seed_466702.log
108594,baseline,NHEFT,1,0.0,0,0,0,0.1737,0.1671,0.3408,179.3081999999997,5.1955,8,4,110,450,450,0,42.594300000000004,1.2342,44,10,325,137,44,93,40.118466874027995,1.1624,58,13,340,171,116,55,6.617232,0,ok,logs/seed_108594.log
108594,comp_drt,NHEFT+CompDRT,0,0.0,1,1,0,0.1737,0.1671,0.3408,179.3081999999997,5.1955,8,4,110,450,450,0,42.594300000000004,1.2342,44,10,325,137,44,93,2123.221653846155,61.5205,1,1,22,26,26,0,6.617232,0,ok,logs/seed_108594.log
302326,baseline,NHEFT,1,0.0,0,0,0,0.1971,0.1788,0.3759,123.09649999999998,3.0399,10,3,137,473,473,0,42.4929,1.0494,40,10,330,135,35,100,41.32040217706821,1.0204,57,12,340,186,127,59,6.321259,0,ok,logs/seed_302326.log
302326,comp_drt,NHEFT+CompDRT,0,0.0,1,1,0,0.1971,0.1788,0.3759,123.09649999999998,3.0399,10,3,137,473,473,0,42.4929,1.0494,40,10,330,135,35,100,1059.22554959217,26.158,1,1,22,27,27,0,6.321259,0,ok,logs/seed_302326.log
830943,baseline,NHEFT,1,0.0,0,0,0,0.1994,0.1696,0.369,164.8051,4.6849,7,2,91,445,445,0,40.8347,1.1608,43,8,297,109,39,70,46.73442256473489,1.3285,45,11,314,122,78,44,5.977679,0,ok,logs/seed_830943.log
830943,comp_drt,NHEFT+CompDRT,0,0.0,1,1,0,0.1994,0.1696,0.369,164.8051,4.6849,7,2,91,445,445,0,40.8347,1.1608,43,8,297,109,39,70,1002.7008309494454,28.5039,1,1,22,27,27,0,5.977679,0,ok,logs/seed_830943.log
774892,baseline,NHEFT,1,0.0,0,0,0,0.1805,0.1482,0.3287,155.30600000000007,3.86,9,3,122,489,489,0,44.15629999999999,1.0975,45,10,339,131,36,95,42.146163526244955,1.0475,68,14,370,180,108,72,10.060694,0,ok,logs/seed_774892.log
774892,comp_drt,NHEFT+CompDRT,0,0.0,1,1,0,0.1805,0.1482,0.3287,155.30600000000007,3.86,9,3,122,489,489,0,44.15629999999999,1.0975,45,10,339,131,36,95,1051.4433481236213,26.1331,1,1,22,29,29,0,10.060694,0,ok,logs/seed_774892.log
317399,baseline,NHEFT,1,0.0,0,0,0,0.1958,0.1713,0.3671,117.08130000000008,3.2596,12,3,147,462,462,0,41.599999999999994,1.1582,43,12,319,142,49,93,38.143931434782615,1.062,61,13,334,185,140,45,6.318844,0,ok,logs/seed_317399.log
317399,comp_drt,NHEFT+CompDRT,0,0.0,1,1,0,0.1958,0.1713,0.3671,117.08130000000008,3.2596,12,3,147,462,462,0,41.599999999999994,1.1582,43,12,319,142,49,93,1013.6263487881976,28.2201,1,1,22,25,25,0,6.318844,0,ok,logs/seed_317399.log
179499,baseline,NHEFT,1,0.0,0,0,0,0.1896,0.171,0.3606,196.00469999999993,4.9518,9,4,105,463,463,0,45.819199999999995,1.1576,43,10,329,144,45,99,48.42809130434782,1.2235,61,14,333,197,140,57,5.845571,0,ok,logs/seed_179499.log
179499,comp_drt,NHEFT+CompDRT,0,0.0,1,1,0,0.1896,0.171,0.3606,196.00469999999993,4.9518,9,4,105,463,463,0,45.819199999999995,1.1576,43,10,329,144,45,99,1087.5569370820676,27.4756,1,1,22,29,29,0,5.845571,0,ok,logs/seed_179499.log
551935,baseline,NHEFT,1,0.0,0,0,0,0.2068,0.2008,0.4076,97.59100000000008,1.9273,13,3,176,464,464,0,52.8627,1.044,40,8,320,100,46,54,53.23296636636636,1.0513,53,10,338,165,128,37,7.371441,0,ok,logs/seed_551935.log
551935,comp_drt,NHEFT+CompDRT,0,0.0,1,1,0,0.2068,0.2008,0.4076,97.59100000000008,1.9273,13,3,176,464,464,0,52.8627,1.044,40,8,320,100,46,54,838.9138885885885,16.5675,1,1,22,28,28,0,7.371441,0,ok,logs/seed_551935.log
751687,baseline,NHEFT,1,0.0,0,0,0,0.1765,0.1361,0.3126,153.42980000000014,4.3765,10,5,99,435,435,0,44.88139999999999,1.2802,47,11,315,155,51,104,40.46042860451228,1.1541,57,12,327,186,125,61,6.211587,0,ok,logs/seed_751687.log
751687,comp_drt,NHEFT+CompDRT,0,0.0,1,1,0,0.1765,0.1361,0.3126,153.42980000000014,4.3765,10,5,99,435,435,0,44.88139999999999,1.2802,47,11,315,155,51,104,920.0716288135598,26.2443,1,1,22,28,28,0,6.211587,0,ok,logs/seed_751687.log
531148,baseline,NHEFT,1,0.0,0,0,0,0.181,0.1588,0.3398,177.7739999999999,3.8319,12,4,124,487,487,0,54.135299999999994,1.1669,55,12,340,143,41,102,50.77023448275862,1.0944,62,13,363,190,133,57,8.393781,0,ok,logs/seed_531148.log
531148,comp_drt,NHEFT+CompDRT,0,0.0,1,1,0,0.181,0.1588,0.3398,177.7739999999999,3.8319,12,4,124,487,487,0,54.135299999999994,1.1669,55,12,340,143,41,102,1684.263526750861,36.3043,1,1,22,25,25,0,8.393781,0,ok,logs/seed_531148.log
594138,baseline,NHEFT,1,0.0,0,0,0,0.2052,0.1887,0.3939,136.86999999999983,4.0178,9,3,120,429,429,0,37.818000000000005,1.1101,47,9,307,116,40,76,39.854607805708014,1.1699,55,10,313,162,114,48,5.312444,0,ok,logs/seed_594138.log
594138,comp_drt,NHEFT+CompDRT,0,0.0,1,1,0,0.2052,0.1887,0.3939,136.86999999999983,4.0178,9,3,120,429,429,0,37.818000000000005,1.1101,47,9,307,116,40,76,740.17542961222,21.7278,1,1,22,23,23,0,5.312444,0,ok,logs/seed_594138.log
702028,baseline,NHEFT,1,0.0,0,0,0,0.1989,0.1695,0.3684,134.83009999999985,3.472,12,4,139,466,466,0,45.126400000000004,1.162,52,13,323,156,45,111,42.33506830601094,1.0902,54,12,340,178,134,44,6.558398,0,ok,logs/seed_702028.log
702028,comp_drt,NHEFT+CompDRT,0,0.0,1,1,0,0.1989,0.1695,0.3684,134.83009999999985,3.472,12,4,139,466,466,0,45.126400000000004,1.162,52,13,323,156,45,111,1163.1933060606048,29.9533,1,1,22,26,26,0,6.558398,0,ok,logs/seed_702028.log
492022,baseline,NHEFT,1,0.0,0,0,0,0.1749,0.1624,0.3373,207.39050000000012,5.4353,8,3,92,469,469,0,45.52260000000001,1.1931,46,9,321,151,41,110,41.36271509028728,1.084,57,12,340,173,121,52,6.444761,0,ok,logs/seed_492022.log
492022,comp_drt,NHEFT+CompDRT,0,0.0,1,1,0,0.1749,0.1624,0.3373,207.39050000000012,5.4353,8,3,92,469,469,0,45.52260000000001,1.1931,46,9,321,151,41,110,1053.770172519084,27.6174,1,1,22,26,26,0,6.444761,0,ok,logs/seed_492022.log
231332,baseline,NHEFT,1,0.0,0,0,0,0.194,0.1821,0.3761,174.0115000000002,4.934,8,2,112,475,475,0,43.15100000000001,1.2235,49,10,324,127,43,84,40.6965534317103,1.1539,61,12,350,156,113,43,7.334317,0,ok,logs/seed_231332.log
231332,comp_drt,NHEFT+CompDRT,0,0.0,1,1,0,0.194,0.1821,0.3761,174.0115000000002,4.934,8,2,112,475,475,0,43.15100000000001,1.2235,49,10,324,127,43,84,2031.7666082595877,57.61,1,1,22,27,27,0,7.334317,0,ok,logs/seed_231332.log
147537,baseline,NHEFT,1,0.0,0,0,0,0.2039,0.1884,0.3923,163.1003,3.5742,8,2,120,487,487,0,47.143100000000004,1.0331,47,9,322,131,38,93,47.73188139534884,1.046,67,14,354,199,143,56,7.260251,0,ok,logs/seed_147537.log
147537,comp_drt,NHEFT+CompDRT,0,0.0,1,1,0,0.2039,0.1884,0.3923,163.1003,3.5742,8,2,120,487,487,0,47.143100000000004,1.0331,47,9,322,131,38,93,800.8683689466488,17.5504,1,1,22,26,26,0,7.260251,0,ok,logs/seed_147537.log
109654,baseline,NHEFT,1,0.0,0,0,0,0.1746,0.1912,0.3658,199.25240000000036,4.8798,9,4,95,471,471,0,49.828,1.2203,42,12,317,136,51,85,46.43824957983194,1.1373,55,14,336,174,132,42,7.055831,0,ok,logs/seed_109654.log
109654,comp_drt,NHEFT+CompDRT,0,0.0,1,1,0,0.1746,0.1912,0.3658,199.25240000000036,4.8798,9,4,95,471,471,0,49.828,1.2203,42,12,317,136,51,85,1429.5320383429673,35.0097,1,1,22,25,25,0,7.055831,0,ok,logs/seed_109654.log
357820,baseline,NHEFT,1,0.0,0,0,0,0.1603,0.1687,0.329,174.02630000000008,5.96,8,3,96,478,478,0,39.5239,1.3536,44,9,335,122,54,68,38.17654117647059,1.3075,58,13,344,168,127,41,6.07224,0,ok,logs/seed_357820.log
357820,comp_drt,NHEFT+CompDRT,0,0.0,1,1,0,0.1603,0.1687,0.329,174.02630000000008,5.96,8,3,96,478,478,0,39.5239,1.3536,44,9,335,122,54,68,1241.4250608938544,42.5163,1,1,22,31,31,0,6.07224,0,ok,logs/seed_357820.log
813854,baseline,NHEFT,1,0.0,0,0,0,0.1835,0.1712,0.3547,130.21360000000024,3.0047,11,3,138,461,461,0,46.6374,1.0762,48,9,319,142,48,94,44.39506381486675,1.0244,54,12,338,178,131,47,7.307624,0,ok,logs/seed_813854.log
813854,comp_drt,NHEFT+CompDRT,0,0.0,1,1,0,0.1835,0.1712,0.3547,130.21360000000024,3.0047,11,3,138,461,461,0,46.6374,1.0762,48,9,319,142,48,94,973.753067184801,22.4696,1,1,22,26,26,0,7.307624,0,ok,logs/seed_813854.log
840701,baseline,NHEFT,1,0.0,0,0,0,0.1789,0.1884,0.3673,134.78239999999954,3.097,16,4,143,489,489,0,51.364999999999995,1.1802,47,10,348,137,48,89,51.10177654609102,1.1742,56,13,352,169,131,38,7.908387,0,ok,logs/seed_840701.log
840701,comp_drt,NHEFT+CompDRT,0,0.0,1,1,0,0.1789,0.1884,0.3673,134.78239999999954,3.097,16,4,143,489,489,0,51.364999999999995,1.1802,47,10,348,137,48,89,1733.6814885057472,39.8356,1,1,22,26,26,0,7.908387,0,ok,logs/seed_840701.log
528112,baseline,NHEFT,1,0.0,0,0,0,0.2065,0.1926,0.3991,101.5271000000002,2.4207,9,2,138,446,446,0,42.2471,1.0073,48,8,308,116,48,68,42.13365449515906,1.0046,60,11,324,153,126,27,5.610688,0,ok,logs/seed_528112.log
528112,comp_drt,NHEFT+CompDRT,0,0.0,1,1,0,0.2065,0.1926,0.3991,101.5271000000002,2.4207,9,2,138,446,446,0,42.2471,1.0073,48,8,308,116,48,68,716.9959447401776,17.0953,1,1,22,25,25,0,5.610688,0,ok,logs/seed_528112.log
610245,baseline,NHEFT,1,0.0,0,0,0,0.2018,0.1967,0.3985,130.6510999999999,3.5716,14,4,135,456,456,0,42.9018,1.1728,54,12,321,148,44,104,38.12650126572188,1.0423,63,14,335,186,131,55,6.597404,0,ok,logs/seed_610245.log
610245,comp_drt,NHEFT+CompDRT,0,0.0,1,1,0,0.2018,0.1967,0.3985,130.6510999999999,3.5716,14,4,135,456,456,0,42.9018,1.1728,54,12,321,148,44,104,1253.8465164983156,34.2765,1,1,22,23,23,0,6.597404,0,ok,logs/seed_610245.log
540631,baseline,NHEFT,1,0.0,0,0,0,0.1887,0.157,0.3457,200.69209999999993,5.7403,7,2,87,498,498,0,44.0927,1.2612,42,9,325,127,46,81,40.78478835666913,1.1665,55,11,344,170,116,54,7.576988,0,ok,logs/seed_540631.log
540631,comp_drt,NHEFT+CompDRT,0,0.0,1,1,0,0.1887,0.157,0.3457,200.69209999999993,5.7403,7,2,87,498,498,0,44.0927,1.2612,42,9,325,127,46,81,728.2859936739668,20.8308,1,1,22,28,28,0,7.576988,0,ok,logs/seed_540631.log
670354,baseline,NHEFT,1,0.0,0,0,0,0.1907,0.1692,0.3599,177.79450000000037,4.4329,10,4,110,467,467,0,43.633900000000004,1.0879,47,10,320,127,32,95,41.54773566433568,1.0359,54,11,331,161,115,46,5.987541,0,ok,logs/seed_670354.log
670354,comp_drt,NHEFT+CompDRT,0,0.0,1,1,0,0.1907,0.1692,0.3599,177.79450000000037,4.4329,10,4,110,467,467,0,43.633900000000004,1.0879,47,10,320,127,32,95,1336.713900356505,33.328,1,1,22,26,26,0,5.987541,0,ok,logs/seed_670354.log
416284,baseline,NHEFT,1,0.0,0,0,0,0.1946,0.2009,0.3955,221.84709999999976,6.4867,6,2,81,473,473,0,48.83449999999999,1.4279,49,10,302,132,50,82,46.36223566334165,1.3556,63,14,342,182,131,51,5.995698,0,ok,logs/seed_416284.log
416284,comp_drt,NHEFT+CompDRT,0,0.0,1,1,0,0.1946,0.2009,0.3955,221.84709999999976,6.4867,6,2,81,473,473,0,48.83449999999999,1.4279,49,10,302,132,50,82,1368.4119625899282,40.0119,1,1,22,34,34,0,5.995698,0,ok,logs/seed_416284.log
853922,baseline,NHEFT,1,0.0,0,0,0,0.2009,0.2301,0.431,108.31180000000018,2.6071,14,4,149,464,464,0,41.73969999999999,1.0047,45,7,319,130,44,86,41.739713658881804,1.0047,63,13,334,174,125,49,6.607539,0,ok,logs/seed_853922.log
853922,comp_drt,NHEFT+CompDRT,0,0.0,1,1,0,0.2009,0.2301,0.431,108.31180000000018,2.6071,14,4,149,464,464,0,41.73969999999999,1.0047,45,7,319,130,44,86,712.7782130604294,17.1565,1,1,22,30,30,0,6.607539,0,ok,logs/seed_853922.log
703771,baseline,NHEFT,1,0.0,0,0,0,0.1967,0.2146,0.4113,103.49910000000011,2.8317,9,2,133,448,448,0,42.01389999999999,1.1495,46,11,306,127,37,90,36.753045729152305,1.0056,57,14,322,160,111,49,6.124347,0,ok,logs/seed_703771.log
703771,comp_drt,NHEFT+CompDRT,0,0.0,1,1,0,0.1967,0.2146,0.4113,103.49910000000011,2.8317,9,2,133,448,448,0,42.01389999999999,1.1495,46,11,306,127,37,90,712.6836028880866,19.499,1,1,22,24,24,0,6.124347,0,ok,logs/seed_703771.log
131782,baseline,NHEFT,1,0.0,0,0,0,0.1934,0.1865,0.3799,113.59529999999981,3.5638,9,2,136,451,451,0,39.35329999999999,1.2346,51,9,334,125,46,79,36.8331469114541,1.1556,59,11,334,143,100,43,6.435268,0,ok,logs/seed_131782.log
131782,comp_drt,NHEFT+CompDRT,0,0.0,1,1,0,0.1934,0.1865,0.3799,113.59529999999981,3.5638,9,2,136,451,451,0,39.35329999999999,1.2346,51,9,334,125,46,79,1239.0930893536126,38.8739,1,1,22,26,26,0,6.435268,0,ok,logs/seed_131782.log
793335,baseline,NHEFT,1,0.0,0,0,0,0.1974,0.2134,0.4108,217.45959999999988,6.1667,8,3,82,441,441,0,46.185399999999994,1.3097,43,9,281,118,44,74,45.13246508724831,1.2799,60,14,311,165,113,52,6.542138,0,ok,logs/seed_793335.log
793335,comp_drt,NHEFT+CompDRT,0,0.0,1,1,0,0.1974,0.2134,0.4108,217.45959999999988,6.1667,8,3,82,441,441,0,46.185399999999994,1.3097,43,9,281,118,44,74,1160.7640651006705,32.917,1,1,22,29,29,0,6.542138,0,ok,logs/seed_793335.log
829835,baseline,NHEFT,1,0.0,0,0,0,0.168,0.1546,0.3226,181.16030000000038,5.047,7,3,93,444,444,0,44.20830000000001,1.2316,39,9,292,121,50,71,42.96027906164839,1.1969,60,13,320,170,133,37,7.799212,0,ok,logs/seed_829835.log
829835,comp_drt,NHEFT+CompDRT,0,0.0,1,1,0,0.168,0.1546,0.3226,181.16030000000038,5.047,7,3,93,444,444,0,44.20830000000001,1.2316,39,9,292,121,50,71,1135.9818744279946,31.648,1,1,22,30,30,0,7.799212,0,ok,logs/seed_829835.log
517538,baseline,NHEFT,1,0.0,0,0,0,0.2006,0.1663,0.3669,98.28720000000001,2.4563,16,4,168,465,465,0,42.8459,1.0708,45,10,332,125,43,82,40.75215401069519,1.0184,66,14,346,188,146,42,7.270831,0,ok,logs/seed_517538.log
517538,comp_drt,NHEFT+CompDRT,0,0.0,1,1,0,0.2006,0.1663,0.3669,98.28720000000001,2.4563,16,4,168,465,465,0,42.8459,1.0708,45,10,332,125,43,82,860.4334668508287,21.5033,1,1,22,22,22,0,7.270831,0,ok,logs/seed_517538.log
432977,baseline,NHEFT,1,0.0,0,0,0,0.1909,0.1704,0.3613,157.01260000000016,3.4957,10,3,132,477,477,0,47.9874,1.0684,49,10,345,129,42,87,48.096744733420024,1.0708,67,13,355,181,130,51,6.643133,0,ok,logs/seed_432977.log
432977,comp_drt,NHEFT+CompDRT,0,0.0,1,1,0,0.1909,0.1704,0.3613,157.01260000000016,3.4957,10,3,132,477,477,0,47.9874,1.0684,49,10,345,129,42,87,1699.7224165644168,37.8422,1,1,22,26,26,0,6.643133,0,ok,logs/seed_432977.log
202788,baseline,NHEFT,1,0.0,0,0,0,0.1972,0.1818,0.379,127.56069999999977,3.2529,10,4,139,446,446,0,42.561800000000005,1.0853,45,8,330,119,42,77,40.89935221987315,1.043,58,12,342,175,113,62,7.306155,0,ok,logs/seed_202788.log
202788,comp_drt,NHEFT+CompDRT,0,0.0,1,1,0,0.1972,0.1818,0.379,127.56069999999977,3.2529,10,4,139,446,446,0,42.561800000000005,1.0853,45,8,330,119,42,77,1332.8154196408532,33.9874,1,1,22,25,25,0,7.306155,0,ok,logs/seed_202788.log
455331,baseline,NHEFT,1,0.0,0,0,0,0.2013,0.1705,0.3718,193.99719999999988,5.0719,10,4,106,448,448,0,48.02699999999999,1.2556,48,10,334,158,43,115,41.963576916230366,1.0971,55,13,328,191,147,44,5.814169,0,ok,logs/seed_455331.log
455331,comp_drt,NHEFT+CompDRT,0,0.0,1,1,0,0.2013,0.1705,0.3718,193.99719999999988,5.0719,10,4,106,448,448,0,48.02699999999999,1.2556,48,10,334,158,43,115,962.9554293193713,25.1755,1,1,22,27,27,0,5.814169,0,ok,logs/seed_455331.log
795054,baseline,NHEFT,1,0.0,0,0,0,0.2003,0.1782,0.3785,163.46280000000007,4.9979,8,4,91,429,429,0,42.2842,1.2928,41,9,297,122,40,82,38.68021951851851,1.1826,48,9,302,153,103,50,5.155929,0,ok,logs/seed_795054.log
795054,comp_drt,NHEFT+CompDRT,0,0.0,1,1,0,0.2003,0.1782,0.3785,163.46280000000007,4.9979,8,4,91,429,429,0,42.2842,1.2928,41,9,297,122,40,82,1081.9552571428571,33.0807,1,1,22,24,24,0,5.155929,0,ok,logs/seed_795054.log
612732,baseline,NHEFT,1,0.0,0,0,0,0.1933,0.1542,0.3475,148.49200000000016,4.6906,10,4,107,446,446,0,39.28770000000001,1.241,55,11,316,141,52,89,40.52671291810842,1.2802,61,14,333,169,112,57,6.349395,0,ok,logs/seed_612732.log
612732,comp_drt,NHEFT+CompDRT,0,0.0,1,1,0,0.1933,0.1542,0.3475,148.49200000000016,4.6906,10,4,107,446,446,0,39.28770000000001,1.241,55,11,316,141,52,89,1286.6243482446214,40.642,1,1,22,23,23,0,6.349395,0,ok,logs/seed_612732.log
753523,baseline,NHEFT,1,0.0,0,0,0,0.1822,0.1736,0.3558,203.3280999999998,5.2037,7,2,84,450,450,0,46.0682,1.179,41,8,309,112,35,77,51.85460854716981,1.3271,59,11,326,161,119,42,5.799498,0,ok,logs/seed_753523.log
753523,comp_drt,NHEFT+CompDRT,0,0.0,1,1,0,0.1822,0.1736,0.3558,203.3280999999998,5.2037,7,2,84,450,450,0,46.0682,1.179,41,8,309,112,35,77,800.7128190476192,20.4925,1,1,22,27,27,0,5.799498,0,ok,logs/seed_753523.log
239744,baseline,NHEFT,1,0.0,0,0,0,0.1882,0.1868,0.375,155.36719999999963,3.6099,11,4,127,470,470,0,49.11119999999999,1.1411,40,9,301,117,46,71,45.94919791409508,1.0676,56,12,332,180,131,49,6.490934,0,ok,logs/seed_239744.log
239744,comp_drt,NHEFT+CompDRT,0,0.0,1,1,0,0.1882,0.1868,0.375,155.36719999999963,3.6099,11,4,127,470,470,0,49.11119999999999,1.1411,40,9,301,117,46,71,1107.1850767123294,25.7247,1,1,22,29,29,0,6.490934,0,ok,logs/seed_239744.log
838648,baseline,NHEFT,1,0.0,0,0,0,0.1982,0.1787,0.3769,113.26839999999994,2.6963,14,4,158,455,455,0,42.73760000000001,1.0174,48,10,320,133,47,86,42.1483574984046,1.0033,60,13,325,181,128,53,6.604699,0,ok,logs/seed_838648.log
838648,comp_drt,NHEFT+CompDRT,0,0.0,1,1,0,0.1982,0.1787,0.3769,113.26839999999994,2.6963,14,4,158,455,455,0,42.73760000000001,1.0174,48,10,320,133,47,86,1111.2653153846147,26.4532,1,1,22,25,25,0,6.604699,0,ok,logs/seed_838648.log
115403,baseline,NHEFT,1,0.0,0,0,0,0.168,0.1488,0.3168,155.48619999999994,3.6831,9,2,136,456,456,0,48.10119999999999,1.1394,41,9,315,114,38,76,44.993840707964594,1.0658,55,14,325,164,118,46,6.209688,0,ok,logs/seed_115403.log
115403,comp_drt,NHEFT+CompDRT,0,0.0,1,1,0,0.168,0.1488,0.3168,155.48619999999994,3.6831,9,2,136,456,456,0,48.10119999999999,1.1394,41,9,315,114,38,76,1256.3426735849055,29.7599,1,1,22,21,21,0,6.209688,0,ok,logs/seed_115403.log
712189,baseline,NHEFT,1,0.0,0,0,0,0.2044,0.2155,0.4199,241.47420000000005,7.1789,6,2,80,461,461,0,47.539500000000004,1.4133,45,10,311,134,36,98,47.16976614132216,1.4023,62,13,344,199,127,72,6.789522,0,ok,logs/seed_712189.log
712189,comp_drt,NHEFT+CompDRT,0,0.0,1,1,0,0.2044,0.2155,0.4199,241.47420000000005,7.1789,6,2,80,461,461,0,47.539500000000004,1.4133,45,10,311,134,36,98,1208.2515056179766,35.9205,1,1,22,26,26,0,6.789522,0,ok,logs/seed_712189.log
873143,baseline,NHEFT,1,0.0,0,0,0,0.1802,0.1509,0.3311,127.15850000000029,4.4338,9,3,119,454,454,0,40.64439999999999,1.4172,39,9,310,113,52,61,39.34019423797528,1.3717,60,13,334,173,129,44,6.171286,0,ok,logs/seed_873143.log
873143,comp_drt,NHEFT+CompDRT,0,0.0,1,1,0,0.1802,0.1509,0.3311,127.15850000000029,4.4338,9,3,119,454,454,0,40.64439999999999,1.4172,39,9,310,113,52,61,2174.7997286821724,75.832,1,1,22,24,24,0,6.171286,0,ok,logs/seed_873143.log
877233,baseline,NHEFT,1,0.0,0,0,0,0.1776,0.1439,0.3215,156.0193000000001,4.2477,7,3,97,462,462,0,42.46430000000001,1.1561,40,8,298,120,41,79,37.90127267080746,1.0319,55,13,326,160,124,36,7.697893,0,ok,logs/seed_877233.log
877233,comp_drt,NHEFT+CompDRT,0,0.0,1,1,0,0.1776,0.1439,0.3215,156.0193000000001,4.2477,7,3,97,462,462,0,42.46430000000001,1.1561,40,8,298,120,41,79,798.4272422360248,21.7373,1,1,22,30,30,0,7.697893,0,ok,logs/seed_877233.log
663658,baseline,NHEFT,1,0.0,0,0,0,0.2008,0.2228,0.4236,216.51630000000003,5.6234,8,4,94,467,467,0,50.931999999999995,1.3228,52,11,334,146,38,108,49.554300000000005,1.287,55,12,344,180,129,51,5.884697,0,ok,logs/seed_663658.log
663658,comp_drt,NHEFT+CompDRT,0,0.0,1,1,0,0.2008,0.2228,0.4236,216.51630000000003,5.6234,8,4,94,467,467,0,50.931999999999995,1.3228,52,11,334,146,38,108,990.1689070821521,25.7167,1,1,22,23,23,0,5.884697,0,ok,logs/seed_663658.log
656054,baseline,NHEFT,1,0.0,0,0,0,0.1805,0.1269,0.3074,161.86999999999938,4.5946,9,2,120,493,493,0,39.3508,1.117,40,8,338,110,46,64,37.44688571428571,1.0629,56,13,349,166,123,43,8.109571,0,ok,logs/seed_656054.log
656054,comp_drt,NHEFT+CompDRT,0,0.0,1,1,0,0.1805,0.1269,0.3074,161.86999999999938,4.5946,9,2,120,493,493,0,39.3508,1.117,40,8,338,110,46,64,683.3868033573149,19.3976,1,1,22,27,27,0,8.109571,0,ok,logs/seed_656054.log
464471,baseline,NHEFT,1,0.0,0,0,0,0.1892,0.1979,0.3871,140.67579999999984,3.9057,9,2,120,441,441,0,39.9692,1.1097,47,9,306,121,57,64,42.22271447678993,1.1723,61,11,331,157,132,25,6.559635,0,ok,logs/seed_464471.log
464471,comp_drt,NHEFT+CompDRT,0,0.0,1,1,0,0.1892,0.1979,0.3871,140.67579999999984,3.9057,9,2,120,441,441,0,39.9692,1.1097,47,9,306,121,57,64,1158.2486975155289,32.1571,1,1,22,28,28,0,6.559635,0,ok,logs/seed_464471.log
586510,baseline,NHEFT,1,0.0,0,0,0,0.1863,0.1966,0.3829,182.19770000000008,5.6231,9,3,99,452,452,0,41.8118,1.2904,39,6,310,97,36,61,39.898499208443276,1.2314,57,11,317,138,92,46,6.834315,0,ok,logs/seed_586510.log
586510,comp_drt,NHEFT+CompDRT,0,0.0,1,1,0,0.1863,0.1966,0.3829,182.19770000000008,5.6231,9,3,99,452,452,0,41.8118,1.2904,39,6,310,97,36,61,672.5408221498373,20.7564,1,1,22,25,25,0,6.834315,0,ok,logs/seed_586510.log
50264,baseline,NHEFT,1,0.0,0,0,0,0.187,0.1826,0.3696,149.2935999999999,4.1074,8,3,111,438,438,0,44.543,1.2255,52,9,307,133,44,89,45.34498251366119,1.2475,58,11,319,159,110,49,6.503104,0,ok,logs/seed_50264.log
50264,comp_drt,NHEFT+CompDRT,0,0.0,1,1,0,0.187,0.1826,0.3696,149.2935999999999,4.1074,8,3,111,438,438,0,44.543,1.2255,52,9,307,133,44,89,1309.4329748538012,36.0252,1,1,22,29,29,0,6.503104,0,ok,logs/seed_50264.log
719048,baseline,NHEFT,1,0.0,0,0,0,0.2009,0.2208,0.4217,123.95440000000026,3.3442,10,3,143,473,473,0,42.667600000000014,1.1511,50,12,347,136,44,92,43.30676677316294,1.1684,67,13,363,192,135,57,8.076305,0,ok,logs/seed_719048.log
719048,comp_drt,NHEFT+CompDRT,0,0.0,1,1,0,0.2009,0.2208,0.4217,123.95440000000026,3.3442,10,3,143,473,473,0,42.667600000000014,1.1511,50,12,347,136,44,92,1472.4534801916927,39.7259,1,1,22,29,29,0,8.076305,0,ok,logs/seed_719048.log
677021,baseline,NHEFT,1,0.0,0,0,0,0.1844,0.1953,0.3797,113.20370000000004,3.0975,11,3,149,460,460,0,37.339800000000004,1.0217,43,9,341,129,44,85,37.60134996238244,1.0289,59,13,338,175,124,51,6.233184,0,ok,logs/seed_677021.log
677021,comp_drt,NHEFT+CompDRT,0,0.0,1,1,0,0.1844,0.1953,0.3797,113.20370000000004,3.0975,11,3,149,460,460,0,37.339800000000004,1.0217,43,9,341,129,44,85,1852.7518218390799,50.6959,1,1,22,25,25,0,6.233184,0,ok,logs/seed_677021.log
861718,baseline,NHEFT,1,0.0,0,0,0,0.2097,0.2045,0.4142,193.437900000001,6.5284,7,4,79,452,452,0,42.204899999999995,1.4244,42,9,309,116,37,79,38.473818655571634,1.2985,70,14,344,175,105,70,7.245907,0,ok,logs/seed_861718.log
861718,comp_drt,NHEFT+CompDRT,0,0.0,1,1,0,0.2097,0.2045,0.4142,193.437900000001,6.5284,7,4,79,452,452,0,42.204899999999995,1.4244,42,9,309,116,37,79,851.6000306188926,28.7411,1,1,22,25,25,0,7.245907,0,ok,logs/seed_861718.log
495401,baseline,NHEFT,1,0.0,0,0,0,0.189,0.1519,0.3409,176.75389999999993,5.1162,9,4,91,461,461,0,43.42960000000001,1.2571,46,10,320,128,45,83,39.495419548872185,1.1432,63,13,332,179,125,54,8.747963,0,ok,logs/seed_495401.log
495401,comp_drt,NHEFT+CompDRT,0,0.0,1,1,0,0.189,0.1519,0.3409,176.75389999999993,5.1162,9,4,91,461,461,0,43.42960000000001,1.2571,46,10,320,128,45,83,903.2073892725033,26.1438,1,1,22,27,27,0,8.747963,0,ok,logs/seed_495401.log
209510,baseline,NHEFT,1,0.0,0,0,0,0.1892,0.1737,0.3629,164.88729999999995,3.851,9,2,104,454,454,0,46.126900000000006,1.0773,39,7,308,103,50,53,46.78071330784187,1.0926,48,9,324,149,109,40,6.188414,0,ok,logs/seed_209510.log
209510,comp_drt,NHEFT+CompDRT,0,0.0,1,1,0,0.1892,0.1737,0.3629,164.88729999999995,3.851,9,2,104,454,454,0,46.126900000000006,1.0773,39,7,308,103,50,53,709.7890119453928,16.5775,1,1,22,27,27,0,6.188414,0,ok,logs/seed_209510.log
743312,baseline,NHEFT,1,0.0,0,0,0,0.1984,0.2141,0.4125,169.72390000000013,5.4599,9,3,95,435,435,0,41.8805,1.3473,39,9,294,112,41,71,37.05838031034483,1.1921,52,11,307,156,101,55,6.52678,0,ok,logs/seed_743312.log
743312,comp_drt,NHEFT+CompDRT,0,0.0,1,1,0,0.1984,0.2141,0.4125,169.72390000000013,5.4599,9,3,95,435,435,0,41.8805,1.3473,39,9,294,112,41,71,856.5177241379305,27.5535,1,1,22,25,25,0,6.52678,0,ok,logs/seed_743312.log
212694,baseline,NHEFT,1,0.0,0,0,0,0.179,0.1899,0.3689,223.5217000000004,7.4356,6,3,78,463,463,0,48.3109,1.6071,47,10,304,127,53,74,44.08348305128205,1.4665,64,15,333,196,143,53,6.921641,0,ok,logs/seed_212694.log
212694,comp_drt,NHEFT+CompDRT,0,0.0,1,1,0,0.179,0.1899,0.3689,223.5217000000004,7.4356,6,3,78,463,463,0,48.3109,1.6071,47,10,304,127,53,74,1288.4870904458596,42.8624,1,1,22,24,24,0,6.921641,0,ok,logs/seed_212694.log
224701,baseline,NHEFT,1,0.0,0,0,0,0.1844,0.1676,0.352,210.73870000000028,4.8421,8,3,92,436,436,0,48.6716,1.1183,35,8,298,101,35,66,44.85944052478134,1.0307,55,13,311,158,111,47,7.251661,0,ok,logs/seed_224701.log
224701,comp_drt,NHEFT+CompDRT,0,0.0,1,1,0,0.1844,0.1676,0.352,210.73870000000028,4.8421,8,3,92,436,436,0,48.6716,1.1183,35,8,298,101,35,66,1090.3476650145772,25.0526,1,1,22,24,24,0,7.251661,0,ok,logs/seed_224701.log
861434,baseline,NHEFT,1,0.0,0,0,0,0.1944,0.189,0.3834,136.15130000000016,3.7888,13,4,131,452,452,0,44.4227,1.2362,45,10,320,154,50,104,45.25479999999999,1.2593,55,13,325,189,137,52,7.95686,0,ok,logs/seed_861434.log
861434,comp_drt,NHEFT+CompDRT,0,0.0,1,1,0,0.1944,0.189,0.3834,136.15130000000016,3.7888,13,4,131,452,452,0,44.4227,1.2362,45,10,320,154,50,104,801.1582619502873,22.2945,1,1,22,24,24,0,7.95686,0,ok,logs/seed_861434.log
844102,baseline,NHEFT,1,0.0,0,0,0,0.1728,0.167,0.3398,164.8517,3.7407,8,3,107,453,453,0,46.871999999999986,1.0636,46,10,313,125,39,86,46.97953163097198,1.066,63,12,319,163,124,39,6.330602,0,ok,logs/seed_844102.log
844102,comp_drt,NHEFT+CompDRT,0,0.0,1,1,0,0.1728,0.167,0.3398,164.8517,3.7407,8,3,107,453,453,0,46.871999999999986,1.0636,46,10,313,125,39,86,1016.3979862068975,23.0636,1,1,22,30,30,0,6.330602,0,ok,logs/seed_844102.log
722064,baseline,NHEFT,1,0.0,0,0,0,0.1768,0.17,0.3468,191.47580000000005,5.8029,8,3,93,428,428,0,41.9398,1.271,41,9,296,102,40,62,39.09489504950495,1.1848,52,10,306,149,112,37,6.954096,0,ok,logs/seed_722064.log
722064,comp_drt,NHEFT+CompDRT,0,0.0,1,1,0,0.1768,0.17,0.3468,191.47580000000005,5.8029,8,3,93,428,428,0,41.9398,1.271,41,9,296,102,40,62,998.4910474903471,30.2604,1,1,22,27,27,0,6.954096,0,ok,logs/seed_722064.log
549862,baseline,NHEFT,1,0.0,0,0,0,0.2073,0.1729,0.3802,143.0666999999997,3.9401,9,4,109,441,441,0,40.391000000000005,1.1124,43,10,311,132,47,85,38.77649219830328,1.0679,52,11,325,162,115,47,6.534974,0,ok,logs/seed_549862.log
549862,comp_drt,NHEFT+CompDRT,0,0.0,1,1,0,0.2073,0.1729,0.3802,143.0666999999997,3.9401,9,4,109,441,441,0,40.391000000000005,1.1124,43,10,311,132,47,85,1036.169775927889,28.5364,1,1,22,26,26,0,6.534974,0,ok,logs/seed_549862.log
2010,baseline,NHEFT,1,0.0,0,0,0,0.1985,0.1557,0.3542,139.84749999999977,3.3408,10,4,134,475,475,0,44.5341,1.0639,40,10,328,137,39,98,44.989043478260875,1.0748,55,15,337,179,126,53,10.794575,0,ok,logs/seed_2010.log
2010,comp_drt,NHEFT+CompDRT,0,0.0,1,1,0,0.1985,0.1557,0.3542,139.84749999999977,3.3408,10,4,134,475,475,0,44.5341,1.0639,40,10,328,137,39,98,1216.5711521739133,29.0629,1,1,22,29,29,0,10.794575,0,ok,logs/seed_2010.log
796027,baseline,NHEFT,1,0.0,0,0,0,0.1851,0.1473,0.3324,175.94280000000003,4.7348,8,4,86,438,438,0,47.14489999999999,1.2687,39,9,296,117,42,75,42.52007996810395,1.1443,59,14,325,179,131,48,7.582141,0,ok,logs/seed_796027.log
796027,comp_drt,NHEFT+CompDRT,0,0.0,1,1,0,0.1851,0.1473,0.3324,175.94280000000003,4.7348,8,4,86,438,438,0,47.14489999999999,1.2687,39,9,296,117,42,75,1018.7183172739536,27.4148,1,1,22,25,25,0,7.582141,0,ok,logs/seed_796027.log
401997,baseline,NHEFT,1,0.0,0,0,0,0.1643,0.1583,0.3226,209.95380000000034,5.4926,7,3,85,460,460,0,48.9376,1.2803,40,10,286,124,42,82,55.79091530782029,1.4595,52,12,324,164,114,50,8.534821,0,ok,logs/seed_401997.log
401997,comp_drt,NHEFT+CompDRT,0,0.0,1,1,0,0.1643,0.1583,0.3226,209.95380000000034,5.4926,7,3,85,460,460,0,48.9376,1.2803,40,10,286,124,42,82,1220.8318978085356,31.9381,1,1,22,29,29,0,8.534821,0,ok,logs/seed_401997.log
35721,baseline,NHEFT,1,0.0,0,0,0,0.22,0.1721,0.3921,158.66580000000016,4.4326,8,3,110,435,435,0,39.608399999999996,1.1065,40,9,300,118,36,82,38.26470567789317,1.069,59,13,322,155,95,60,6.18159,0,ok,logs/seed_35721.log
35721,comp_drt,NHEFT+CompDRT,0,0.0,1,1,0,0.22,0.1721,0.3921,158.66580000000016,4.4326,8,3,110,435,435,0,39.608399999999996,1.1065,40,9,300,118,36,82,737.6641120184897,20.608,1,1,22,26,26,0,6.18159,0,ok,logs/seed_35721.log
724068,baseline,NHEFT,1,0.0,0,0,0,0.1914,0.191,0.3824,130.71839999999983,3.2649,10,3,142,503,503,0,43.4148,1.0844,45,10,357,133,42,91,46.430908219178086,1.1597,63,11,371,179,124,55,8.192525,0,ok,logs/seed_724068.log
724068,comp_drt,NHEFT+CompDRT,0,0.0,1,1,0,0.1914,0.191,0.3824,130.71839999999983,3.2649,10,3,142,503,503,0,43.4148,1.0844,45,10,357,133,42,91,1010.1409986301375,25.2299,1,1,22,30,30,0,8.192525,0,ok,logs/seed_724068.log
800182,baseline,NHEFT,1,0.0,0,0,0,0.1695,0.1758,0.3453,232.69989999999942,6.1085,6,2,83,456,456,0,50.3386,1.3214,47,10,302,142,38,104,44.11706245954693,1.1581,63,13,337,161,101,60,6.889449,0,ok,logs/seed_800182.log
800182,comp_drt,NHEFT+CompDRT,0,0.0,1,1,0,0.1695,0.1758,0.3453,232.69989999999942,6.1085,6,2,83,456,456,0,50.3386,1.3214,47,10,302,142,38,104,1005.7282048543685,26.4007,1,1,22,25,25,0,6.889449,0,ok,logs/seed_800182.log
937614,baseline,NHEFT,1,0.0,0,0,0,0.1673,0.1851,0.3524,153.0812000000002,4.0331,10,4,115,459,459,0,44.2475,1.1658,39,11,308,136,36,100,44.20926878200692,1.1648,55,14,316,178,125,53,6.209743,0,ok,logs/seed_937614.log
937614,comp_drt,NHEFT+CompDRT,0,0.0,1,1,0,0.1673,0.1851,0.3524,153.0812000000002,4.0331,10,4,115,459,459,0,44.2475,1.1658,39,11,308,136,36,100,1692.0389678200697,44.579,1,1,22,30,30,0,6.209743,0,ok,logs/seed_937614.log
722394,baseline,NHEFT,1,0.0,0,0,0,0.1779,0.2146,0.3925,142.55129999999986,3.7557,14,4,141,455,455,0,48.918899999999994,1.2888,44,10,305,129,54,75,46.17876175427224,1.2166,56,12,334,181,135,46,6.063973,0,ok,logs/seed_722394.log
722394,comp_drt,NHEFT+CompDRT,0,0.0,1,1,0,0.1779,0.2146,0.3925,142.55129999999986,3.7557,14,4,141,455,455,0,48.918899999999994,1.2888,44,10,305,129,54,75,1160.8643760456266,30.5843,1,1,22,24,24,0,6.063973,0,ok,logs/seed_722394.log
509760,baseline,NHEFT,1,0.0,0,0,0,0.1863,0.1706,0.3569,155.9343999999995,3.6731,9,4,110,479,479,0,48.26449999999999,1.1369,38,9,325,123,43,80,50.52360177619894,1.1901,58,13,332,163,116,47,8.323436,0,ok,logs/seed_509760.log
509760,comp_drt,NHEFT+CompDRT,0,0.0,1,1,0,0.1863,0.1706,0.3569,155.9343999999995,3.6731,9,4,110,479,479,0,48.26449999999999,1.1369,38,9,325,123,43,80,974.9266967001432,22.9649,1,1,22,27,27,0,8.323436,0,ok,logs/seed_509760.log
70327,baseline,NHEFT,1,0.0,0,0,0,0.1779,0.1566,0.3345,183.18859999999992,4.1516,8,2,112,453,453,0,48.387799999999984,1.0966,37,7,310,113,45,68,50.47296903910615,1.1439,53,13,321,152,116,36,7.841982,0,ok,logs/seed_70327.log
70327,comp_drt,NHEFT+CompDRT,0,0.0,1,1,0,0.1779,0.1566,0.3345,183.18859999999992,4.1516,8,2,112,453,453,0,48.387799999999984,1.0966,37,7,310,113,45,68,710.8829726256982,16.1108,1,1,22,25,25,0,7.841982,0,ok,logs/seed_70327.log
750147,baseline,NHEFT,1,0.0,0,0,0,0.2292,0.2069,0.4361,134.33909999999975,3.1919,10,3,126,457,457,0,50.1448,1.1914,40,7,315,114,41,73,43.95399434495758,1.0443,52,10,319,158,126,32,7.805997,0,ok,logs/seed_750147.log
750147,comp_drt,NHEFT+CompDRT,0,0.0,1,1,0,0.2292,0.2069,0.4361,134.33909999999975,3.1919,10,3,126,457,457,0,50.1448,1.1914,40,7,315,114,41,73,744.5343946745559,17.6899,1,1,22,27,27,0,7.805997,0,ok,logs/seed_750147.log
460446,baseline,NHEFT,1,0.0,0,0,0,0.196,0.2018,0.3978,153.3444999999999,2.9822,11,4,125,481,481,0,54.01210000000001,1.0504,41,11,325,150,44,106,55.23063307086615,1.0741,52,13,329,171,116,55,6.933041,0,ok,logs/seed_460446.log
460446,comp_drt,NHEFT+CompDRT,0,0.0,1,1,0,0.196,0.2018,0.3978,153.3444999999999,2.9822,11,4,125,481,481,0,54.01210000000001,1.0504,41,11,325,150,44,106,1063.3684487084877,20.6803,1,1,22,29,29,0,6.933041,0,ok,logs/seed_460446.log
748846,baseline,NHEFT,1,0.0,0,0,0,0.1791,0.1938,0.3729,241.30439999999953,7.6722,6,2,77,456,456,0,46.1322,1.4668,42,8,317,129,39,90,45.939530485762155,1.4606,53,13,327,179,119,60,7.161959,0,ok,logs/seed_748846.log
748846,comp_drt,NHEFT+CompDRT,0,0.0,1,1,0,0.1791,0.1938,0.3729,241.30439999999953,7.6722,6,2,77,456,456,0,46.1322,1.4668,42,8,317,129,39,90,1008.4598307692308,32.0638,1,1,22,26,26,0,7.161959,0,ok,logs/seed_748846.log
610796,baseline,NHEFT,1,0.0,0,0,0,0.1823,0.1866,0.3689,239.19549999999953,4.9888,6,2,89,485,485,0,51.604499999999994,1.0763,38,10,323,110,33,77,51.511654763440866,1.0744,64,14,358,167,107,60,9.309209,0,ok,logs/seed_610796.log
610796,comp_drt,NHEFT+CompDRT,0,0.0,1,1,0,0.1823,0.1866,0.3689,239.19549999999953,4.9888,6,2,89,485,485,0,51.604499999999994,1.0763,38,10,323,110,33,77,1343.1218699530502,28.0128,1,1,22,30,30,0,9.309209,0,ok,logs/seed_610796.log
372755,baseline,NHEFT,1,0.0,0,0,0,0.2029,0.1901,0.393,227.7933000000001,6.9907,7,3,89,452,452,0,43.20280000000001,1.3258,42,10,301,125,39,86,38.849113464696224,1.1922,67,14,331,175,123,52,9.992769,0,ok,logs/seed_372755.log
372755,comp_drt,NHEFT+CompDRT,0,0.0,1,1,0,0.2029,0.1901,0.393,227.7933000000001,6.9907,7,3,89,452,452,0,43.20280000000001,1.3258,42,10,301,125,39,86,987.6943074074079,30.3111,1,1,22,27,27,0,9.992769,0,ok,logs/seed_372755.log
324404,baseline,NHEFT,1,0.0,0,0,0,0.1871,0.1582,0.3453,201.6151000000001,6.5851,6,2,81,443,443,0,44.66180000000001,1.4587,46,10,284,122,42,80,37.742618938307025,1.2327,59,13,321,169,113,56,8.177943,0,ok,logs/seed_324404.log
324404,comp_drt,NHEFT+CompDRT,0,0.0,1,1,0,0.1871,0.1582,0.3453,201.6151000000001,6.5851,6,2,81,443,443,0,44.66180000000001,1.4587,46,10,284,122,42,80,881.6941408895266,28.7977,1,1,22,27,27,0,8.177943,0,ok,logs/seed_324404.log
138451,baseline,NHEFT,1,0.0,0,0,0,0.1896,0.1976,0.3872,218.49430000000032,4.76,9,4,88,445,445,0,52.99070000000002,1.1544,48,11,297,142,43,99,51.36230736942676,1.119,57,12,314,167,123,44,7.89604,0,ok,logs/seed_138451.log
138451,comp_drt,NHEFT+CompDRT,0,0.0,1,1,0,0.1896,0.1976,0.3872,218.49430000000032,4.76,9,4,88,445,445,0,52.99070000000002,1.1544,48,11,297,142,43,99,1073.9712713248646,23.3969,1,1,22,32,32,0,7.89604,0,ok,logs/seed_138451.log
117059,baseline,NHEFT,1,0.0,0,0,0,0.1936,0.1913,0.3849,243.07230000000007,7.1113,6,3,81,461,461,0,46.195100000000004,1.3515,45,10,309,125,41,84,41.86569544444444,1.2248,59,14,337,175,122,53,7.287259,0,ok,logs/seed_117059.log
117059,comp_drt,NHEFT+CompDRT,0,0.0,1,1,0,0.1936,0.1913,0.3849,243.07230000000007,7.1113,6,3,81,461,461,0,46.195100000000004,1.3515,45,10,309,125,41,84,1406.5146301564725,41.1491,1,1,22,29,29,0,7.287259,0,ok,logs/seed_117059.log
976782,baseline,NHEFT,1,0.0,0,0,0,0.1818,0.1704,0.3522,126.43410000000011,2.8113,14,5,149,456,456,0,48.3081,1.0742,38,9,314,131,44,87,50.37203484419263,1.1201,52,11,322,166,128,38,5.989775,0,ok,logs/seed_976782.log
976782,comp_drt,NHEFT+CompDRT,0,0.0,1,1,0,0.1818,0.1704,0.3522,126.43410000000011,2.8113,14,5,149,456,456,0,48.3081,1.0742,38,9,314,131,44,87,1171.4998090651557,26.049,1,1,22,27,27,0,5.989775,0,ok,logs/seed_976782.log
574644,baseline,NHEFT,1,0.0,0,0,0,0.2092,0.2083,0.4175,129.95929999999967,2.5805,15,4,142,449,449,0,54.137100000000004,1.0749,42,10,301,131,44,87,57.22881814483319,1.1363,56,12,322,181,134,47,5.88146,0,ok,logs/seed_574644.log
574644,comp_drt,NHEFT+CompDRT,0,0.0,1,1,0,0.2092,0.2083,0.4175,129.95929999999967,2.5805,15,4,142,449,449,0,54.137100000000004,1.0749,42,10,301,131,44,87,912.7305649006614,18.1232,1,1,22,27,27,0,5.88146,0,ok,logs/seed_574644.log
435308,baseline,NHEFT,1,0.0,0,0,0,0.2061,0.17,0.3761,180.32169999999982,4.1452,8,3,103,456,456,0,44.511,1.0232,43,11,304,113,35,78,45.79662517680339,1.0528,61,13,332,168,116,52,6.432558,0,ok,logs/seed_435308.log
435308,comp_drt,NHEFT+CompDRT,0,0.0,1,1,0,0.2061,0.17,0.3761,180.32169999999982,4.1452,8,3,103,456,456,0,44.511,1.0232,43,11,304,113,35,78,1055.9563251768034,24.2744,1,1,22,28,28,0,6.432558,0,ok,logs/seed_435308.log
635612,baseline,NHEFT,1,0.0,0,0,0,0.1796,0.1619,0.3415,141.9984000000001,3.2576,13,6,139,455,455,0,47.614,1.0923,49,11,321,143,45,98,45.75576729475102,1.0497,59,11,335,177,128,49,6.547763,0,ok,logs/seed_635612.log
635612,comp_drt,NHEFT+CompDRT,0,0.0,1,1,0,0.1796,0.1619,0.3415,141.9984000000001,3.2576,13,6,139,455,455,0,47.614,1.0923,49,11,321,143,45,98,864.0709199756396,19.8227,1,1,22,26,26,0,6.547763,0,ok,logs/seed_635612.log
289817,baseline,NHEFT,1,0.0,0,0,0,0.1765,0.1622,0.3387,217.91149999999962,6.2959,7,4,86,455,455,0,46.97850000000001,1.3573,46,10,326,132,44,88,44.33303370165746,1.2809,62,12,339,170,119,51,6.274349,0,ok,logs/seed_289817.log
289817,comp_drt,NHEFT+CompDRT,0,0.0,1,1,0,0.1765,0.1622,0.3387,217.91149999999962,6.2959,7,4,86,455,455,0,46.97850000000001,1.3573,46,10,326,132,44,88,1383.3869394812698,39.9691,1,1,22,27,27,0,6.274349,0,ok,logs/seed_289817.log
639065,baseline,NHEFT,1,0.0,0,0,0,0.2147,0.2016,0.4163,132.64399999999975,3.2449,11,4,140,469,469,0,47.2428,1.1557,48,10,323,137,44,93,51.778437204576036,1.2667,50,12,331,166,126,40,7.064701,0,ok,logs/seed_639065.log
639065,comp_drt,NHEFT+CompDRT,0,0.0,1,1,0,0.2147,0.2016,0.4163,132.64399999999975,3.2449,11,4,140,469,469,0,47.2428,1.1557,48,10,323,137,44,93,1761.3916579831941,43.0891,1,1,22,29,29,0,7.064701,0,ok,logs/seed_639065.log
650943,baseline,NHEFT,1,0.0,0,0,0,0.1895,0.1497,0.3392,186.02719999999937,4.7587,9,3,103,495,495,0,39.931899999999985,1.0215,40,8,328,108,46,62,40.711621393811534,1.0414,52,12,350,163,115,48,7.181237,0,ok,logs/seed_650943.log
650943,comp_drt,NHEFT+CompDRT,0,0.0,1,1,0,0.1895,0.1497,0.3392,186.02719999999937,4.7587,9,3,103,495,495,0,39.931899999999985,1.0215,40,8,328,108,46,62,1163.1014423328966,29.7527,1,1,22,26,26,0,7.181237,0,ok,logs/seed_650943.log
110055,baseline,NHEFT,1,0.0,0,0,0,0.1634,0.1427,0.3061,187.11480000000037,4.804,10,5,122,492,492,0,46.92,1.2046,41,9,337,133,46,87,43.71926412490922,1.1224,60,13,348,167,113,54,6.561843,0,ok,logs/seed_110055.log
110055,comp_drt,NHEFT+CompDRT,0,0.0,1,1,0,0.1634,0.1427,0.3061,187.11480000000037,4.804,10,5,122,492,492,0,46.92,1.2046,41,9,337,133,46,87,1033.1423431818175,26.5249,1,1,22,27,27,0,6.561843,0,ok,logs/seed_110055.log
117791,baseline,NHEFT,1,0.0,0,0,0,0.2034,0.1791,0.3825,158.44190000000012,4.2208,10,4,118,443,443,0,46.80299999999999,1.2468,48,9,317,129,38,91,46.04922215384616,1.2267,60,12,336,178,117,61,5.889233,0,ok,logs/seed_117791.log
117791,comp_drt,NHEFT+CompDRT,0,0.0,1,1,0,0.2034,0.1791,0.3825,158.44190000000012,4.2208,10,4,118,443,443,0,46.80299999999999,1.2468,48,9,317,129,38,91,847.8572387596898,22.5863,1,1,22,25,25,0,5.889233,0,ok,logs/seed_117791.log
124685,baseline,NHEFT,1,0.0,0,0,0,0.1798,0.162,0.3418,210.73170000000002,5.3667,6,2,95,456,456,0,48.32110000000001,1.2306,53,11,320,132,41,91,44.700835905044514,1.1384,71,15,353,174,112,62,6.481923,0,ok,logs/seed_124685.log
124685,comp_drt,NHEFT+CompDRT,0,0.0,1,1,0,0.1798,0.162,0.3418,210.73170000000002,5.3667,6,2,95,456,456,0,48.32110000000001,1.2306,53,11,320,132,41,91,1411.7512870912215,35.9529,1,1,22,26,26,0,6.481923,0,ok,logs/seed_124685.log
997328,baseline,NHEFT,1,0.0,0,0,0,0.1743,0.1671,0.3414,184.7039999999998,5.3181,8,2,98,472,472,0,43.0488,1.2395,44,9,332,127,43,84,39.82193521126761,1.1466,57,11,343,158,107,51,6.838589,0,ok,logs/seed_997328.log
997328,comp_drt,NHEFT+CompDRT,0,0.0,1,1,0,0.1743,0.1671,0.3414,184.7039999999998,5.3181,8,2,98,472,472,0,43.0488,1.2395,44,9,332,127,43,84,930.0488796296296,26.7785,1,1,22,27,27,0,6.838589,0,ok,logs/seed_997328.log
655714,baseline,NHEFT,1,0.0,0,0,0,0.2004,0.1984,0.3988,254.78989999999985,7.1757,4,1,69,466,466,0,45.212399999999995,1.2733,41,10,323,127,35,92,45.933495652173924,1.2936,53,11,342,179,122,57,5.887516,0,ok,logs/seed_655714.log
655714,comp_drt,NHEFT+CompDRT,0,0.0,1,1,0,0.2004,0.1984,0.3988,254.78989999999985,7.1757,4,1,69,466,466,0,45.212399999999995,1.2733,41,10,323,127,35,92,612.3502555360282,17.2457,1,1,22,26,26,0,5.887516,0,ok,logs/seed_655714.log
512136,baseline,NHEFT,1,0.0,0,0,0,0.191,0.1589,0.3499,167.68660000000008,4.2623,8,2,101,457,457,0,46.849199999999996,1.1908,42,10,318,121,41,80,42.73937249676962,1.0864,58,13,325,162,95,67,5.056726,0,ok,logs/seed_512136.log
512136,comp_drt,NHEFT+CompDRT,0,0.0,1,1,0,0.191,0.1589,0.3499,167.68660000000008,4.2623,8,2,101,457,457,0,46.849199999999996,1.1908,42,10,318,121,41,80,1210.495286586695,30.7688,1,1,22,29,29,0,5.056726,0,ok,logs/seed_512136.log
695034,baseline,NHEFT,1,0.0,0,0,0,0.1847,0.1763,0.361,120.8744,2.841,13,4,134,469,469,0,46.507600000000004,1.0931,49,8,337,130,54,76,45.07727709065355,1.0595,56,11,317,151,124,27,6.612141,0,ok,logs/seed_695034.log
695034,comp_drt,NHEFT+CompDRT,0,0.0,1,1,0,0.1847,0.1763,0.361,120.8744,2.841,13,4,134,469,469,0,46.507600000000004,1.0931,49,8,337,130,54,76,1007.1806444740338,23.6722,1,1,22,25,25,0,6.612141,0,ok,logs/seed_695034.log
539246,baseline,NHEFT,1,0.0,0,0,0,0.1674,0.1848,0.3522,225.28099999999995,6.3005,5,2,80,438,438,0,48.48440000000001,1.356,49,11,305,130,39,91,42.431928440147324,1.1867,44,10,306,125,72,53,5.789667,0,ok,logs/seed_539246.log
539246,comp_drt,NHEFT+CompDRT,0,0.0,1,1,0,0.1674,0.1848,0.3522,225.28099999999995,6.3005,5,2,80,438,438,0,48.48440000000001,1.356,49,11,305,130,39,91,1176.5794406998154,32.9056,1,1,22,21,21,0,5.789667,0,ok,logs/seed_539246.log
354388,baseline,NHEFT,1,0.0,0,0,0,0.1951,0.1712,0.3663,187.83389999999991,4.7772,11,4,103,476,476,0,44.494,1.1316,47,9,334,133,42,91,41.65718457223001,1.0595,61,14,359,186,132,54,6.033866,0,ok,logs/seed_354388.log
354388,comp_drt,NHEFT+CompDRT,0,0.0,1,1,0,0.1951,0.1712,0.3663,187.83389999999991,4.7772,11,4,103,476,476,0,44.494,1.1316,47,9,334,133,42,91,1265.9439826086973,32.1968,1,1,22,28,28,0,6.033866,0,ok,logs/seed_354388.log
282392,baseline,NHEFT,1,0.0,0,0,0,0.1824,0.201,0.3834,159.25460000000004,4.4695,12,4,121,461,461,0,42.3036,1.1872,47,10,344,140,44,96,39.49468454935622,1.1084,63,14,346,172,120,52,7.469826,0,ok,logs/seed_282392.log
282392,comp_drt,NHEFT+CompDRT,0,0.0,1,1,0,0.1824,0.201,0.3834,159.25460000000004,4.4695,12,4,121,461,461,0,42.3036,1.1872,47,10,344,140,44,96,2043.6713767295616,57.3554,1,1,22,25,25,0,7.469826,0,ok,logs/seed_282392.log
465345,baseline,NHEFT,1,0.0,0,0,0,0.1986,0.2074,0.406,139.28229999999994,3.9216,14,3,127,452,452,0,43.8309,1.2341,58,10,327,144,48,96,40.316636383954155,1.1351,69,12,348,178,119,59,6.58444,0,ok,logs/seed_465345.log
465345,comp_drt,NHEFT+CompDRT,0,0.0,1,1,0,0.1986,0.2074,0.406,139.28229999999994,3.9216,14,3,127,452,452,0,43.8309,1.2341,58,10,327,144,48,96,783.2414284768213,22.0526,1,1,22,25,25,0,6.58444,0,ok,logs/seed_465345.log
276209,baseline,NHEFT,1,0.0,0,0,0,0.1819,0.1485,0.3304,175.58739999999986,4.4756,9,3,103,428,428,0,44.864900000000006,1.1436,35,8,297,115,44,71,47.54333759942363,1.2119,55,12,301,154,115,39,6.292131,0,ok,logs/seed_276209.log
276209,comp_drt,NHEFT+CompDRT,0,0.0,1,1,0,0.1819,0.1485,0.3304,175.58739999999986,4.4756,9,3,103,428,428,0,44.864900000000006,1.1436,35,8,297,115,44,71,2061.266997728992,52.5407,1,1,22,31,31,0,6.292131,0,ok,logs/seed_276209.log
48268,baseline,NHEFT,1,0.0,0,0,0,0.1958,0.1938,0.3896,223.4792999999997,5.4601,6,2,78,471,471,0,43.48700000000001,1.0625,43,12,315,132,38,94,46.28070677966102,1.1308,63,14,341,194,111,83,7.979863,0,ok,logs/seed_48268.log
48268,comp_drt,NHEFT+CompDRT,0,0.0,1,1,0,0.1958,0.1938,0.3896,223.4792999999997,5.4601,6,2,78,471,471,0,43.48700000000001,1.0625,43,12,315,132,38,94,1100.2667423728801,26.8822,1,1,22,23,23,0,7.979863,0,ok,logs/seed_48268.log
312904,baseline,NHEFT,1,0.0,0,0,0,0.2182,0.2133,0.4315,184.73169999999962,4.7659,7,3,97,455,455,0,41.4727,1.07,49,9,307,126,42,84,48.599568683274015,1.2538,50,10,317,147,100,47,6.920486,0,ok,logs/seed_312904.log
312904,comp_drt,NHEFT+CompDRT,0,0.0,1,1,0,0.2182,0.2133,0.4315,184.73169999999962,4.7659,7,3,97,455,455,0,41.4727,1.07,49,9,307,126,42,84,690.7627372093029,17.8209,1,1,22,32,32,0,6.920486,0,ok,logs/seed_312904.log
95163,baseline,NHEFT,1,0.0,0,0,0,0.2041,0.2453,0.4494,137.93050000000002,3.6509,12,4,126,466,466,0,43.61220000000001,1.1544,40,8,303,112,43,69,39.97169058954041,1.058,58,12,324,165,124,41,7.53134,0,ok,logs/seed_95163.log
95163,comp_drt,NHEFT+CompDRT,0,0.0,1,1,0,0.2041,0.2453,0.4494,137.93050000000002,3.6509,12,4,126,466,466,0,43.61220000000001,1.1544,40,8,303,112,43,69,1205.8234621359222,31.9169,1,1,22,27,27,0,7.53134,0,ok,logs/seed_95163.log
739903,baseline,NHEFT,1,0.0,0,0,0,0.1847,0.1823,0.367,186.3856999999997,5.2493,8,2,93,459,459,0,41.25779999999999,1.162,51,10,322,146,49,97,38.61978021486123,1.0877,64,13,332,190,138,52,6.902506,0,ok,logs/seed_739903.log
739903,comp_drt,NHEFT+CompDRT,0,0.0,1,1,0,0.1847,0.1823,0.367,186.3856999999997,5.2493,8,2,93,459,459,0,41.25779999999999,1.162,51,10,322,146,49,97,830.6732000000004,23.3946,1,1,22,25,25,0,6.902506,0,ok,logs/seed_739903.log
527611,baseline,NHEFT,1,0.0,0,0,0,0.174,0.1521,0.3261,179.10000000000025,5.0411,7,2,95,446,446,0,43.7783,1.2322,45,9,308,117,42,75,37.78376875,1.0635,53,12,322,159,108,51,7.787171,0,ok,logs/seed_527611.log
527611,comp_drt,NHEFT+CompDRT,0,0.0,1,1,0,0.174,0.1521,0.3261,179.10000000000025,5.0411,7,2,95,446,446,0,43.7783,1.2322,45,9,308,117,42,75,794.7824135278516,22.3708,1,1,22,28,28,0,7.787171,0,ok,logs/seed_527611.log
591781,baseline,NHEFT,1,0.0,0,0,0,0.2034,0.1893,0.3927,123.01020000000003,2.9813,11,3,145,496,496,0,44.831199999999995,1.0865,42,9,338,117,53,64,42.91444165067179,1.0401,51,10,337,149,127,22,7.344037,0,ok,logs/seed_591781.log
591781,comp_drt,NHEFT+CompDRT,0,0.0,1,1,0,0.2034,0.1893,0.3927,123.01020000000003,2.9813,11,3,145,496,496,0,44.831199999999995,1.0865,42,9,338,117,53,64,1025.8955612862542,24.8637,1,1,22,26,26,0,7.344037,0,ok,logs/seed_591781.log
10602,baseline,NHEFT,1,0.0,0,0,0,0.1883,0.1937,0.382,108.64990000000014,3.3623,9,2,121,459,459,0,37.90729999999999,1.1731,47,10,312,125,40,85,34.85349597487437,1.0786,57,12,336,150,113,37,7.208562,0,ok,logs/seed_10602.log
10602,comp_drt,NHEFT+CompDRT,0,0.0,1,1,0,0.1883,0.1937,0.382,108.64990000000014,3.3623,9,2,121,459,459,0,37.90729999999999,1.1731,47,10,312,125,40,85,1340.9138857142862,41.4966,1,1,22,30,30,0,7.208562,0,ok,logs/seed_10602.log
91728,baseline,NHEFT,1,0.0,0,0,0,0.2149,0.1635,0.3784,224.7891999999997,5.9406,8,3,78,468,468,0,46.27770000000001,1.223,41,11,319,106,42,64,53.92560729483282,1.4251,59,12,335,172,127,45,7.292242,0,ok,logs/seed_91728.log
91728,comp_drt,NHEFT+CompDRT,0,0.0,1,1,0,0.2149,0.1635,0.3784,224.7891999999997,5.9406,8,3,78,468,468,0,46.27770000000001,1.223,41,11,319,106,42,64,922.1758056497173,24.3706,1,1,22,27,27,0,7.292242,0,ok,logs/seed_91728.log
777150,baseline,NHEFT,1,0.0,0,0,0,0.1865,0.1736,0.3601,179.4195999999998,4.8882,11,4,111,423,423,0,41.6253,1.1341,45,7,312,111,44,67,39.09125707649599,1.065,52,10,319,149,114,35,6.563659,0,ok,logs/seed_777150.log
777150,comp_drt,NHEFT+CompDRT,0,0.0,1,1,0,0.1865,0.1736,0.3601,179.4195999999998,4.8882,11,4,111,423,423,0,41.6253,1.1341,45,7,312,111,44,67,1158.3754334828118,31.5592,1,1,22,28,28,0,6.563659,0,ok,logs/seed_777150.log
761499,baseline,NHEFT,1,0.0,0,0,0,0.1842,0.1664,0.3506,113.87050000000012,2.7346,12,3,145,464,464,0,43.809900000000006,1.0521,42,9,322,130,48,82,44.009291699092095,1.0569,55,12,334,174,125,49,8.109275,0,ok,logs/seed_761499.log
761499,comp_drt,NHEFT+CompDRT,0,0.0,1,1,0,0.1842,0.1664,0.3506,113.87050000000012,2.7346,12,3,145,464,464,0,43.809900000000006,1.0521,42,9,322,130,48,82,933.110368965517,22.4085,1,1,22,31,31,0,8.109275,0,ok,logs/seed_761499.log
453482,baseline,NHEFT,1,0.0,0,0,0,0.194,0.2049,0.3989,214.16929999999974,6.3869,6,3,88,444,444,0,48.31269999999999,1.4408,37,8,305,111,48,63,45.8402199409158,1.367,50,10,314,149,119,30,6.414154,0,ok,logs/seed_453482.log
453482,comp_drt,NHEFT+CompDRT,0,0.0,1,1,0,0.194,0.2049,0.3989,214.16929999999974,6.3869,6,3,88,444,444,0,48.31269999999999,1.4408,37,8,305,111,48,63,740.3479348460289,22.0785,1,1,22,26,26,0,6.414154,0,ok,logs/seed_453482.log
562121,baseline,NHEFT,1,0.0,0,0,0,0.1811,0.1647,0.3458,185.14490000000006,4.8933,5,2,81,430,430,0,41.329499999999996,1.0923,39,11,284,124,47,77,39.95628572736295,1.056,50,12,295,146,110,36,6.4696,0,ok,logs/seed_562121.log
562121,comp_drt,NHEFT+CompDRT,0,0.0,1,1,0,0.1811,0.1647,0.3458,185.14490000000006,4.8933,5,2,81,430,430,0,41.329499999999996,1.0923,39,11,284,124,47,77,836.9081834454909,22.1191,1,1,22,29,29,0,6.4696,0,ok,logs/seed_562121.log
770979,baseline,NHEFT,1,0.0,0,0,0,0.1735,0.1642,0.3377,101.95800000000021,2.5472,10,3,146,442,442,0,44.011399999999995,1.0995,41,11,294,117,37,80,43.972583381088825,1.0985,61,15,316,159,128,31,6.258189,0,ok,logs/seed_770979.log
770979,comp_drt,NHEFT+CompDRT,0,0.0,1,1,0,0.1735,0.1642,0.3377,101.95800000000021,2.5472,10,3,146,442,442,0,44.011399999999995,1.0995,41,11,294,117,37,80,1011.8383742120342,25.2783,1,1,22,30,30,0,6.258189,0,ok,logs/seed_770979.log
703949,baseline,NHEFT,1,0.0,0,0,0,0.1845,0.186,0.3705,103.99710000000012,2.6987,11,3,144,458,458,0,41.533899999999996,1.0778,45,9,305,128,47,81,41.56176630874755,1.0785,56,12,320,165,124,41,7.152983,0,ok,logs/seed_703949.log
703949,comp_drt,NHEFT+CompDRT,0,0.0,1,1,0,0.1845,0.186,0.3705,103.99710000000012,2.6987,11,3,144,458,458,0,41.533899999999996,1.0778,45,9,305,128,47,81,1913.9150308724852,49.6656,1,1,22,31,31,0,7.152983,0,ok,logs/seed_703949.log
314686,baseline,NHEFT,1,0.0,0,0,0,0.1804,0.1284,0.3088,141.2317999999999,3.0715,9,3,112,460,460,0,52.9406,1.1513,42,8,311,126,35,91,46.66305956052345,1.0148,52,11,326,149,115,34,7.311708,0,ok,logs/seed_314686.log
314686,comp_drt,NHEFT+CompDRT,0,0.0,1,1,0,0.1804,0.1284,0.3088,141.2317999999999,3.0715,9,3,112,460,460,0,52.9406,1.1513,42,8,311,126,35,91,1498.697764013087,32.5931,1,1,22,25,25,0,7.311708,0,ok,logs/seed_314686.log
475760,baseline,NHEFT,1,0.0,0,0,0,0.1889,0.2081,0.397,236.53769999999994,6.5054,5,2,83,483,483,0,44.4235,1.2218,52,12,328,130,44,86,43.10596819242901,1.1855,56,12,350,187,132,55,8.476565,0,ok,logs/seed_475760.log
475760,comp_drt,NHEFT+CompDRT,0,0.0,1,1,0,0.1889,0.2081,0.397,236.53769999999994,6.5054,5,2,83,483,483,0,44.4235,1.2218,52,12,328,130,44,86,683.2954135646685,18.7923,1,1,22,31,31,0,8.476565,0,ok,logs/seed_475760.log
595079,baseline,NHEFT,1,0.0,0,0,0,0.1999,0.1795,0.3794,145.7347000000001,4.3216,7,2,110,426,426,0,38.86820000000001,1.1526,37,7,300,116,47,69,39.30316834006734,1.1655,49,11,309,163,118,45,4.251131,0,ok,logs/seed_595079.log
595079,comp_drt,NHEFT+CompDRT,0,0.0,1,1,0,0.1999,0.1795,0.3794,145.7347000000001,4.3216,7,2,110,426,426,0,38.86820000000001,1.1526,37,7,300,116,47,69,612.2253222222223,18.1548,1,1,22,25,25,0,4.251131,0,ok,logs/seed_595079.log
27243,baseline,NHEFT,1,0.0,0,0,0,0.1784,0.1758,0.3542,215.82469999999998,5.221,8,3,86,449,449,0,49.3388,1.1935,50,11,302,149,44,105,45.30476535947713,1.096,58,14,338,203,135,68,7.246557,0,ok,logs/seed_27243.log
27243,comp_drt,NHEFT+CompDRT,0,0.0,1,1,0,0.1784,0.1758,0.3542,215.82469999999998,5.221,8,3,86,449,449,0,49.3388,1.1935,50,11,302,149,44,105,1670.2727653594766,40.4054,1,1,22,28,28,0,7.246557,0,ok,logs/seed_27243.log
143022,baseline,NHEFT,1,0.0,0,0,0,0.1957,0.2216,0.4173,73.52419999999985,1.6274,16,4,203,429,429,0,45.93639999999999,1.0168,45,11,311,127,49,78,46.27135124378109,1.0242,56,14,311,163,133,30,6.439278,0,ok,logs/seed_143022.log
143022,comp_drt,NHEFT+CompDRT,0,0.0,1,1,0,0.1957,0.2216,0.4173,73.52419999999985,1.6274,16,4,203,429,429,0,45.93639999999999,1.0168,45,11,311,127,49,78,1150.306918343195,25.461,1,1,22,25,25,0,6.439278,0,ok,logs/seed_143022.log
958432,baseline,NHEFT,1,0.0,0,0,0,0.1813,0.1649,0.3462,180.17450000000017,3.8492,10,4,108,427,427,0,50.20990000000002,1.0727,45,11,307,144,48,96,51.54095530799475,1.1011,49,12,319,176,125,51,6.137657,0,ok,logs/seed_958432.log
958432,comp_drt,NHEFT+CompDRT,0,0.0,1,1,0,0.1813,0.1649,0.3462,180.17450000000017,3.8492,10,4,108,427,427,0,50.20990000000002,1.0727,45,11,307,144,48,96,1206.5487522788203,25.7764,1,1,22,29,29,0,6.137657,0,ok,logs/seed_958432.log
799339,baseline,NHEFT,1,0.0,0,0,0,0.2081,0.208,0.4161,113.69020000000015,3.2539,11,4,141,452,452,0,38.2365,1.0943,48,10,324,133,44,89,38.86377215189873,1.1123,52,10,332,158,118,40,7.011108,0,ok,logs/seed_799339.log
799339,comp_drt,NHEFT+CompDRT,0,0.0,1,1,0,0.2081,0.208,0.4161,113.69020000000015,3.2539,11,4,141,452,452,0,38.2365,1.0943,48,10,324,133,44,89,1050.7491688524588,30.0729,1,1,22,24,24,0,7.011108,0,ok,logs/seed_799339.log
953842,baseline,NHEFT,1,0.0,0,0,0,0.1818,0.1847,0.3665,130.7393000000001,3.5168,14,4,127,447,447,0,44.4924,1.1968,49,14,314,163,53,110,42.00175814285715,1.1298,61,15,331,199,149,50,7.074857,0,ok,logs/seed_953842.log
953842,comp_drt,NHEFT+CompDRT,0,0.0,1,1,0,0.1818,0.1847,0.3665,130.7393000000001,3.5168,14,4,127,447,447,0,44.4924,1.1968,49,14,314,163,53,110,1105.6529685589517,29.7415,1,1,22,28,28,0,7.074857,0,ok,logs/seed_953842.log
937400,baseline,NHEFT,1,0.0,0,0,0,0.2018,0.182,0.3838,122.94460000000004,3.4149,8,2,118,470,470,0,42.517500000000005,1.181,37,8,325,129,50,79,40.50482477876106,1.125,49,12,329,183,139,44,7.760917,0,ok,logs/seed_937400.log
937400,comp_drt,NHEFT+CompDRT,0,0.0,1,1,0,0.2018,0.182,0.3838,122.94460000000004,3.4149,8,2,118,470,470,0,42.517500000000005,1.181,37,8,325,129,50,79,613.5220990180037,17.041,1,1,22,30,30,0,7.760917,0,ok,logs/seed_937400.log
919932,baseline,NHEFT,1,0.0,0,0,0,0.1826,0.2035,0.3861,208.835,6.0056,6,2,83,450,450,0,45.4763,1.3078,49,11,314,154,43,111,42.91871538520619,1.2342,61,13,346,186,125,61,8.208409,0,ok,logs/seed_919932.log
919932,comp_drt,NHEFT+CompDRT,0,0.0,1,1,0,0.1826,0.2035,0.3861,208.835,6.0056,6,2,83,450,450,0,45.4763,1.3078,49,11,314,154,43,111,801.2841735080061,23.0431,1,1,22,24,24,0,8.208409,0,ok,logs/seed_919932.log
786261,baseline,NHEFT,1,0.0,0,0,0,0.1791,0.2204,0.3995,257.97360000000015,6.3394,6,3,77,442,442,0,50.1526,1.2324,49,9,315,135,34,101,46.0073,1.1306,70,12,328,176,124,52,8.155452,0,ok,logs/seed_786261.log
786261,comp_drt,NHEFT+CompDRT,0,0.0,1,1,0,0.1791,0.2204,0.3995,257.97360000000015,6.3394,6,3,77,442,442,0,50.1526,1.2324,49,9,315,135,34,101,758.2460000000003,18.6329,1,1,22,25,25,0,8.155452,0,ok,logs/seed_786261.log
266747,baseline,NHEFT,1,0.0,0,0,0,0.1825,0.161,0.3435,132.89410000000012,4.1853,8,2,113,450,450,0,37.7352,1.1884,38,9,314,106,46,60,37.31308987341772,1.1751,58,13,320,156,114,42,9.164204,0,ok,logs/seed_266747.log
266747,comp_drt,NHEFT+CompDRT,0,0.0,1,1,0,0.1825,0.161,0.3435,132.89410000000012,4.1853,8,2,113,450,450,0,37.7352,1.1884,38,9,314,106,46,60,1162.1812077826723,36.6008,1,1,22,31,31,0,9.164204,0,ok,logs/seed_266747.log
394465,baseline,NHEFT,1,0.0,0,0,0,0.1674,0.191,0.3584,199.2450999999998,4.8983,10,3,123,488,488,0,52.9774,1.3024,49,9,344,139,53,86,50.718502083333334,1.2469,56,11,352,180,142,38,7.818867,0,ok,logs/seed_394465.log
394465,comp_drt,NHEFT+CompDRT,0,0.0,1,1,0,0.1674,0.191,0.3584,199.2450999999998,4.8983,10,3,123,488,488,0,52.9774,1.3024,49,9,344,139,53,86,1076.9494323877068,26.4758,1,1,22,27,27,0,7.818867,0,ok,logs/seed_394465.log
725987,baseline,NHEFT,1,0.0,0,0,0,0.1755,0.1491,0.3246,142.0834000000001,2.5743,14,4,144,488,488,0,59.929099999999984,1.0858,42,9,314,129,52,77,60.111845161290304,1.0891,59,12,344,181,121,60,7.716244,0,ok,logs/seed_725987.log
725987,comp_drt,NHEFT+CompDRT,0,0.0,1,1,0,0.1755,0.1491,0.3246,142.0834000000001,2.5743,14,4,144,488,488,0,59.929099999999984,1.0858,42,9,314,129,52,77,1026.0983744525536,18.5912,1,1,22,31,31,0,7.716244,0,ok,logs/seed_725987.log
224478,baseline,NHEFT,1,0.0,0,0,0,0.1682,0.1773,0.3455,144.3415999999999,2.9631,11,3,131,489,489,0,50.225399999999986,1.0311,43,8,333,145,41,104,50.93644820143886,1.0457,59,12,351,181,118,63,7.701465,0,ok,logs/seed_224478.log
224478,comp_drt,NHEFT+CompDRT,0,0.0,1,1,0,0.1682,0.1773,0.3455,144.3415999999999,2.9631,11,3,131,489,489,0,50.225399999999986,1.0311,43,8,333,145,41,104,837.9227838671411,17.2014,1,1,22,29,29,0,7.701465,0,ok,logs/seed_224478.log
408636,baseline,NHEFT,1,0.0,0,0,0,0.1847,0.1739,0.3586,195.60309999999984,5.0757,7,3,97,460,460,0,47.235899999999994,1.2257,40,11,312,136,38,98,47.698901000000006,1.2377,57,14,325,172,118,54,6.726115,0,ok,logs/seed_408636.log
408636,comp_drt,NHEFT+CompDRT,0,0.0,1,1,0,0.1847,0.1739,0.3586,195.60309999999984,5.0757,7,3,97,460,460,0,47.235899999999994,1.2257,40,11,312,136,38,98,882.1230100946376,22.8903,1,1,22,24,24,0,6.726115,0,ok,logs/seed_408636.log
617269,baseline,NHEFT,1,0.0,0,0,0,0.2092,0.1686,0.3778,112.4565,3.2493,11,3,147,453,453,0,37.525400000000005,1.0842,41,9,327,121,57,64,37.64132199312715,1.0876,55,13,333,170,139,31,6.054571,0,ok,logs/seed_617269.log
617269,comp_drt,NHEFT+CompDRT,0,0.0,1,1,0,0.2092,0.1686,0.3778,112.4565,3.2493,11,3,147,453,453,0,37.525400000000005,1.0842,41,9,327,121,57,64,1064.746590205012,30.7644,1,1,22,29,29,0,6.054571,0,ok,logs/seed_617269.log
650122,baseline,NHEFT,1,0.0,0,0,0,0.186,0.1354,0.3214,158.52000000000032,4.1876,8,2,109,433,433,0,39.7548,1.0502,38,9,312,109,43,66,39.68877759574468,1.0485,60,14,315,152,113,39,6.558045,0,ok,logs/seed_650122.log
650122,comp_drt,NHEFT+CompDRT,0,0.0,1,1,0,0.186,0.1354,0.3214,158.52000000000032,4.1876,8,2,109,433,433,0,39.7548,1.0502,38,9,312,109,43,66,1181.6360614657215,31.2153,1,1,22,26,26,0,6.558045,0,ok,logs/seed_650122.log
522983,baseline,NHEFT,1,0.0,0,0,0,0.1995,0.2223,0.4218,243.44639999999964,5.4681,7,3,95,486,486,0,46.79699999999999,1.0511,42,9,326,114,39,75,48.074841107871734,1.0798,60,12,344,165,117,48,7.187674,0,ok,logs/seed_522983.log
522983,comp_drt,NHEFT+CompDRT,0,0.0,1,1,0,0.1995,0.2223,0.4218,243.44639999999964,5.4681,7,3,95,486,486,0,46.79699999999999,1.0511,42,9,326,114,39,75,1571.687580756014,35.3019,1,1,22,28,28,0,7.187674,0,ok,logs/seed_522983.log
239950,baseline,NHEFT,1,0.0,0,0,0,0.1722,0.1945,0.3667,134.42190000000022,3.6667,11,4,125,437,437,0,44.4919,1.2136,44,8,303,131,45,86,38.98289847328244,1.0634,55,11,323,173,121,52,6.107163,0,ok,logs/seed_239950.log
239950,comp_drt,NHEFT+CompDRT,0,0.0,1,1,0,0.1722,0.1945,0.3667,134.42190000000022,3.6667,11,4,125,437,437,0,44.4919,1.2136,44,8,303,131,45,86,813.937148364153,22.2025,1,1,22,28,28,0,6.107163,0,ok,logs/seed_239950.log
258973,baseline,NHEFT,1,0.0,0,0,0,0.1537,0.1404,0.2941,188.28189999999998,3.5182,8,3,116,479,479,0,56.8186,1.0617,37,7,328,110,41,69,54.973930049261085,1.0272,57,10,346,172,121,51,7.063357,0,ok,logs/seed_258973.log
258973,comp_drt,NHEFT+CompDRT,0,0.0,1,1,0,0.1537,0.1404,0.2941,188.28189999999998,3.5182,8,3,116,479,479,0,56.8186,1.0617,37,7,328,110,41,69,1328.7693300492601,24.829,1,1,22,29,29,0,7.063357,0,ok,logs/seed_258973.log
824466,baseline,NHEFT,1,0.0,0,0,0,0.1891,0.1859,0.375,143.04040000000018,4.4772,9,4,114,441,441,0,41.475899999999996,1.2982,47,11,317,154,41,113,40.22879971181556,1.2592,51,14,311,186,129,57,6.065972,0,ok,logs/seed_824466.log
824466,comp_drt,NHEFT+CompDRT,0,0.0,1,1,0,0.1891,0.1859,0.375,143.04040000000018,4.4772,9,4,114,441,441,0,41.475899999999996,1.2982,47,11,317,154,41,113,907.8520181818185,28.416,1,1,22,25,25,0,6.065972,0,ok,logs/seed_824466.log
682056,baseline,NHEFT,1,0.0,0,0,0,0.1717,0.1917,0.3634,149.66400000000021,2.8615,13,4,132,465,465,0,59.786400000000015,1.1431,44,10,304,118,50,68,53.73919147907822,1.0274,60,11,323,167,141,26,8.20055,0,ok,logs/seed_682056.log
682056,comp_drt,NHEFT+CompDRT,0,0.0,1,1,0,0.1717,0.1917,0.3634,149.66400000000021,2.8615,13,4,132,465,465,0,59.786400000000015,1.1431,44,10,304,118,50,68,1222.7159580573955,23.3773,1,1,22,30,30,0,8.20055,0,ok,logs/seed_682056.log
431617,baseline,NHEFT,1,0.0,0,0,0,0.1829,0.1465,0.3294,116.57140000000025,2.228,12,3,159,493,493,0,56.663,1.083,36,8,326,116,40,76,57.138224939467314,1.0921,51,10,341,169,129,40,8.585001,0,ok,logs/seed_431617.log
431617,comp_drt,NHEFT+CompDRT,0,0.0,1,1,0,0.1829,0.1465,0.3294,116.57140000000025,2.228,12,3,159,493,493,0,56.663,1.083,36,8,326,116,40,76,1200.3860871670702,22.9431,1,1,22,28,28,0,8.585001,0,ok,logs/seed_431617.log
777731,baseline,NHEFT,1,0.0,0,0,0,0.1893,0.2197,0.409,255.8973999999997,7.5258,6,3,79,468,468,0,44.531400000000005,1.3096,43,9,314,123,35,88,38.874370220607666,1.1433,52,12,327,150,100,50,7.446736,0,ok,logs/seed_777731.log
777731,comp_drt,NHEFT+CompDRT,0,0.0,1,1,0,0.1893,0.2197,0.409,255.8973999999997,7.5258,6,3,79,468,468,0,44.531400000000005,1.3096,43,9,314,123,35,88,688.9006231810488,20.2602,1,1,22,27,27,0,7.446736,0,ok,logs/seed_777731.log
65523,baseline,NHEFT,1,0.0,0,0,0,0.2006,0.1678,0.3684,164.66440000000011,4.8418,8,3,111,455,455,0,43.538199999999996,1.2802,44,10,322,130,47,83,40.7245544227886,1.1975,63,13,331,188,134,54,6.080936,0,ok,logs/seed_65523.log
65523,comp_drt,NHEFT+CompDRT,0,0.0,1,1,0,0.2006,0.1678,0.3684,164.66440000000011,4.8418,8,3,111,455,455,0,43.538199999999996,1.2802,44,10,322,130,47,83,1145.9419559870544,33.6957,1,1,22,25,25,0,6.080936,0,ok,logs/seed_65523.log
226267,baseline,NHEFT,1,0.0,0,0,0,0.1759,0.1835,0.3594,123.68600000000022,2.9033,13,4,136,475,475,0,47.874,1.1238,47,12,321,143,46,97,49.94636286078887,1.1724,62,13,338,191,141,50,8.582689,0,ok,logs/seed_226267.log
226267,comp_drt,NHEFT+CompDRT,0,0.0,1,1,0,0.1759,0.1835,0.3594,123.68600000000022,2.9033,13,4,136,475,475,0,47.874,1.1238,47,12,321,143,46,97,2255.3387985212557,52.9401,1,1,22,25,25,0,8.582689,0,ok,logs/seed_226267.log
20773,baseline,NHEFT,1,0.0,0,0,0,0.1872,0.1497,0.3369,130.5640999999998,3.0829,10,3,140,457,457,0,43.6074,1.0297,39,9,321,106,39,67,45.09114736842106,1.0647,58,14,337,161,126,35,6.51401,0,ok,logs/seed_20773.log
20773,comp_drt,NHEFT+CompDRT,0,0.0,1,1,0,0.1872,0.1497,0.3369,130.5640999999998,3.0829,10,3,140,457,457,0,43.6074,1.0297,39,9,321,106,39,67,1814.4491710706154,42.8433,1,1,22,28,28,0,6.51401,0,ok,logs/seed_20773.log
75919,baseline,NHEFT,1,0.0,0,0,0,0.1602,0.1979,0.3581,254.98520000000028,6.0822,9,3,91,464,464,0,49.4903,1.1805,58,11,325,159,36,123,44.68374563758389,1.0658,64,13,351,180,118,62,7.159465,0,ok,logs/seed_75919.log
75919,comp_drt,NHEFT+CompDRT,0,0.0,1,1,0,0.1602,0.1979,0.3581,254.98520000000028,6.0822,9,3,91,464,464,0,49.4903,1.1805,58,11,325,159,36,123,882.8917926174493,21.0596,1,1,22,28,28,0,7.159465,0,ok,logs/seed_75919.log
796262,baseline,NHEFT,1,0.0,0,0,0,0.1722,0.1863,0.3585,212.76950000000045,4.8806,12,4,109,477,477,0,52.3824,1.2016,38,8,325,97,46,51,53.20761273317112,1.2205,56,12,346,153,119,34,6.444571,0,ok,logs/seed_796262.log
796262,comp_drt,NHEFT+CompDRT,0,0.0,1,1,0,0.1722,0.1863,0.3585,212.76950000000045,4.8806,12,4,109,477,477,0,52.3824,1.2016,38,8,325,97,46,51,1186.1889061882807,27.2095,1,1,22,25,25,0,6.444571,0,ok,logs/seed_796262.log
557554,baseline,NHEFT,1,0.0,0,0,0,0.2055,0.1978,0.4033,211.2735999999998,5.8427,8,4,89,474,474,0,47.14029999999999,1.3036,48,10,322,128,39,89,46.56040896358544,1.2876,60,13,344,170,106,64,6.649502,0,ok,logs/seed_557554.log
557554,comp_drt,NHEFT+CompDRT,0,0.0,1,1,0,0.2055,0.1978,0.4033,211.2735999999998,5.8427,8,4,89,474,474,0,47.14029999999999,1.3036,48,10,322,128,39,89,962.0637856361153,26.6055,1,1,22,23,23,0,6.649502,0,ok,logs/seed_557554.log
818564,baseline,NHEFT,1,0.0,0,0,0,0.1881,0.1746,0.3627,115.89160000000021,2.7633,9,2,132,461,461,0,45.57040000000001,1.0866,35,6,312,94,33,61,50.55723180661577,1.2055,54,10,327,153,105,48,6.655947,0,ok,logs/seed_818564.log
818564,comp_drt,NHEFT+CompDRT,0,0.0,1,1,0,0.1881,0.1746,0.3627,115.89160000000021,2.7633,9,2,132,461,461,0,45.57040000000001,1.0866,35,6,312,94,33,61,833.1806848484844,19.8659,1,1,22,29,29,0,6.655947,0,ok,logs/seed_818564.log
5641,baseline,NHEFT,1,0.0,0,0,0,0.1882,0.1586,0.3468,141.91420000000008,3.8907,12,5,134,432,432,0,42.1661,1.156,42,11,301,138,48,90,40.01768202833705,1.0971,53,13,318,170,122,48,6.005044,0,ok,logs/seed_5641.log
5641,comp_drt,NHEFT+CompDRT,0,0.0,1,1,0,0.1882,0.1586,0.3468,141.91420000000008,3.8907,12,5,134,432,432,0,42.1661,1.156,42,11,301,138,48,90,940.3113352941174,25.7791,1,1,22,27,27,0,6.005044,0,ok,logs/seed_5641.log
80721,baseline,NHEFT,1,0.0,0,0,0,0.1928,0.1977,0.3905,138.62079999999978,2.6655,12,3,150,491,491,0,53.121900000000004,1.0215,39,10,336,119,51,68,53.121900000000004,1.0215,68,13,351,189,136,53,7.710031,0,ok,logs/seed_80721.log
80721,comp_drt,NHEFT+CompDRT,0,0.0,1,1,0,0.1928,0.1977,0.3905,138.62079999999978,2.6655,12,3,150,491,491,0,53.121900000000004,1.0215,39,10,336,119,51,68,1091.494963242375,20.9879,1,1,22,27,27,0,7.710031,0,ok,logs/seed_80721.log
14714,baseline,NHEFT,1,0.0,0,0,0,0.1808,0.1696,0.3504,199.56679999999986,4.0104,12,4,115,489,489,0,56.62449999999998,1.1379,47,11,338,145,44,101,52.695700140401144,1.059,63,14,347,184,118,66,7.284244,0,ok,logs/seed_14714.log
14714,comp_drt,NHEFT+CompDRT,0,0.0,1,1,0,0.1808,0.1696,0.3504,199.56679999999986,4.0104,12,4,115,489,489,0,56.62449999999998,1.1379,47,11,338,145,44,101,2367.914379844961,47.5848,1,1,22,27,27,0,7.284244,0,ok,logs/seed_14714.log
965327,baseline,NHEFT,1,0.0,0,0,0,0.1903,0.2088,0.3991,175.2081999999999,4.4532,13,4,107,449,449,0,46.410399999999996,1.1796,46,12,317,141,36,105,43.53690085496737,1.1066,60,15,323,194,116,78,6.940218,0,ok,logs/seed_965327.log
965327,comp_drt,NHEFT+CompDRT,0,0.0,1,1,0,0.1903,0.2088,0.3991,175.2081999999999,4.4532,13,4,107,449,449,0,46.410399999999996,1.1796,46,12,317,141,36,105,1679.595373294632,42.6893,1,1,22,29,29,0,6.940218,0,ok,logs/seed_965327.log
460722,baseline,NHEFT,1,0.0,0,0,0,0.185,0.1755,0.3605,187.81120000000016,5.1698,10,3,88,434,434,0,43.145,1.1876,40,9,294,118,37,81,41.52995614702155,1.1432,54,15,299,165,112,53,8.200021,0,ok,logs/seed_460722.log
460722,comp_drt,NHEFT+CompDRT,0,0.0,1,1,0,0.185,0.1755,0.3605,187.81120000000016,5.1698,10,3,88,434,434,0,43.145,1.1876,40,9,294,118,37,81,1258.3046411913815,34.6371,1,1,22,30,30,0,8.200021,0,ok,logs/seed_460722.log
724036,baseline,NHEFT,1,0.0,0,0,0,0.1817,0.1673,0.349,173.02439999999967,3.1057,9,2,114,448,448,0,56.31800000000001,1.0109,39,7,307,97,40,57,57.336544839857666,1.0292,53,10,317,140,100,40,6.54105,0,ok,logs/seed_724036.log
724036,comp_drt,NHEFT+CompDRT,0,0.0,1,1,0,0.1817,0.1673,0.349,173.02439999999967,3.1057,9,2,114,448,448,0,56.31800000000001,1.0109,39,7,307,97,40,57,1267.4066458072598,22.7496,1,1,22,32,32,0,6.54105,0,ok,logs/seed_724036.log
901968,baseline,NHEFT,1,0.0,0,0,0,0.2004,0.1717,0.3721,100.80599999999993,2.9217,11,4,147,461,461,0,41.84949999999999,1.2129,40,10,320,120,48,72,39.6533232247191,1.1493,51,12,327,159,126,33,8.394954,0,ok,logs/seed_901968.log
901968,comp_drt,NHEFT+CompDRT,0,0.0,1,1,0,0.2004,0.1717,0.3721,100.80599999999993,2.9217,11,4,147,461,461,0,41.84949999999999,1.2129,40,10,320,120,48,72,920.4424005917165,26.6776,1,1,22,24,24,0,8.394954,0,ok,logs/seed_901968.log
287728,baseline,NHEFT,1,0.0,0,0,0,0.1984,0.1765,0.3749,120.26230000000021,3.2773,12,4,129,477,477,0,41.9658,1.1436,49,9,337,132,49,83,39.49601119639905,1.0763,62,15,345,173,133,40,9.105123,0,ok,logs/seed_287728.log
287728,comp_drt,NHEFT+CompDRT,0,0.0,1,1,0,0.1984,0.1765,0.3749,120.26230000000021,3.2773,12,4,129,477,477,0,41.9658,1.1436,49,9,337,132,49,83,1570.0806687556747,42.787,1,1,22,29,29,0,9.105123,0,ok,logs/seed_287728.log
747287,baseline,NHEFT,1,0.0,0,0,0,0.193,0.1902,0.3832,265.6885000000007,7.9239,8,3,74,470,470,0,51.0438,1.5223,46,9,291,110,44,66,46.15647037738246,1.3766,63,13,329,150,104,46,7.179942,0,ok,logs/seed_747287.log
747287,comp_drt,NHEFT+CompDRT,0,0.0,1,1,0,0.193,0.1902,0.3832,265.6885000000007,7.9239,8,3,74,470,470,0,51.0438,1.5223,46,9,291,110,44,66,1371.804801905971,40.9129,1,1,22,27,27,0,7.179942,0,ok,logs/seed_747287.log
867108,baseline,NHEFT,1,0.0,0,0,0,0.1878,0.1935,0.3813,199.41549999999955,5.5939,8,2,84,454,454,0,46.60300000000001,1.3073,44,9,310,118,36,82,43.13252869440459,1.2099,60,12,324,147,96,51,9.207345,0,ok,logs/seed_867108.log
867108,comp_drt,NHEFT+CompDRT,0,0.0,1,1,0,0.1878,0.1935,0.3813,199.41549999999955,5.5939,8,2,84,454,454,0,46.60300000000001,1.3073,44,9,310,118,36,82,749.382028694404,21.0212,1,1,22,26,26,0,9.207345,0,ok,logs/seed_867108.log
196697,baseline,NHEFT,1,0.0,0,0,0,0.1934,0.2133,0.4067,111.15830000000001,2.7599,9,3,130,456,456,0,40.664300000000004,1.0096,44,11,320,146,39,107,42.79689862542954,1.0626,53,12,330,166,125,41,10.889905,0,ok,logs/seed_196697.log
196697,comp_drt,NHEFT+CompDRT,0,0.0,1,1,0,0.1934,0.2133,0.4067,111.15830000000001,2.7599,9,3,130,456,456,0,40.664300000000004,1.0096,44,11,320,146,39,107,1332.312440316207,33.0796,1,1,22,26,26,0,10.889905,0,ok,logs/seed_196697.log
635464,baseline,NHEFT,1,0.0,0,0,0,0.1802,0.2149,0.3951,255.21049999999977,4.8282,9,3,94,468,468,0,65.7342,1.2436,37,8,292,130,44,86,64.3425028526149,1.2173,56,12,336,166,114,52,7.308692,0,ok,logs/seed_635464.log
635464,comp_drt,NHEFT+CompDRT,0,0.0,1,1,0,0.1802,0.2149,0.3951,255.21049999999977,4.8282,9,3,94,468,468,0,65.7342,1.2436,37,8,292,130,44,86,907.6391573883162,17.1711,1,1,22,24,24,0,7.308692,0,ok,logs/seed_635464.log
389228,baseline,NHEFT,1,0.0,0,0,0,0.1945,0.1736,0.3681,198.99590000000035,4.0779,8,2,98,450,450,0,49.344100000000005,1.0112,42,7,305,113,47,66,50.18415201793722,1.0284,52,11,306,150,100,50,6.266445,0,ok,logs/seed_389228.log
389228,comp_drt,NHEFT+CompDRT,0,0.0,1,1,0,0.1945,0.1736,0.3681,198.99590000000035,4.0779,8,2,98,450,450,0,49.344100000000005,1.0112,42,7,305,113,47,66,922.3417701317716,18.9011,1,1,22,28,28,0,6.266445,0,ok,logs/seed_389228.log
813617,baseline,NHEFT,1,0.0,0,0,0,0.1899,0.1899,0.3798,104.42169999999984,2.8092,13,4,166,458,458,0,45.74829999999999,1.2307,47,10,321,136,50,86,42.74919643366621,1.1501,58,12,324,164,135,29,7.073784,0,ok,logs/seed_813617.log
813617,comp_drt,NHEFT+CompDRT,0,0.0,1,1,0,0.1899,0.1899,0.3798,104.42169999999984,2.8092,13,4,166,458,458,0,45.74829999999999,1.2307,47,10,321,136,50,86,1465.0521060941824,39.4134,1,1,22,24,24,0,7.073784,0,ok,logs/seed_813617.log
232555,baseline,NHEFT,1,0.0,0,0,0,0.1784,0.1989,0.3773,182.71239999999972,3.987,10,3,109,480,480,0,52.2647,1.1405,47,11,327,147,41,106,50.19961984732824,1.0954,63,14,348,166,127,39,8.569629,0,ok,logs/seed_232555.log
232555,comp_drt,NHEFT+CompDRT,0,0.0,1,1,0,0.1784,0.1989,0.3773,182.71239999999972,3.987,10,3,109,480,480,0,52.2647,1.1405,47,11,327,147,41,106,1485.3817284768204,32.4129,1,1,22,32,32,0,8.569629,0,ok,logs/seed_232555.log
932496,baseline,NHEFT,1,0.0,0,0,0,0.1938,0.2292,0.423,268.15550000000013,6.678,7,3,85,473,473,0,45.1426,1.1242,45,9,315,118,37,81,51.571244280442805,1.2843,65,14,348,195,121,74,8.811093,0,ok,logs/seed_932496.log
932496,comp_drt,NHEFT+CompDRT,0,0.0,1,1,0,0.1938,0.2292,0.423,268.15550000000013,6.678,7,3,85,473,473,0,45.1426,1.1242,45,9,315,118,37,81,994.4306442804427,24.7647,1,1,22,29,29,0,8.811093,0,ok,logs/seed_932496.log
544493,baseline,NHEFT,1,0.0,0,0,0,0.216,0.2109,0.4269,168.07920000000013,3.4444,11,3,115,466,466,0,52.261099999999985,1.071,33,6,296,93,38,55,53.88434753465347,1.1042,62,12,327,171,129,42,8.660948,0,ok,logs/seed_544493.log
544493,comp_drt,NHEFT+CompDRT,0,0.0,1,1,0,0.216,0.2109,0.4269,168.07920000000013,3.4444,11,3,115,466,466,0,52.261099999999985,1.071,33,6,296,93,38,55,912.5837240506338,18.7014,1,1,22,28,28,0,8.660948,0,ok,logs/seed_544493.log
174431,baseline,NHEFT,1,0.0,0,0,0,0.2068,0.2061,0.4129,182.9104999999998,5.1146,7,2,97,440,440,0,41.0781,1.1486,43,10,309,121,51,70,41.88611817529506,1.1712,57,13,330,170,132,38,7.145542,0,ok,logs/seed_174431.log
174431,comp_drt,NHEFT+CompDRT,0,0.0,1,1,0,0.2068,0.2061,0.4129,182.9104999999998,5.1146,7,2,97,440,440,0,41.0781,1.1486,43,10,309,121,51,70,819.9884829528157,22.9289,1,1,22,26,26,0,7.145542,0,ok,logs/seed_174431.log
715533,baseline,NHEFT,1,0.0,0,0,0,0.1831,0.1655,0.3486,185.0853999999999,4.6407,10,4,103,461,461,0,43.9243,1.1013,45,10,315,133,37,96,42.92214126778784,1.0762,56,14,332,177,113,64,6.980267,0,ok,logs/seed_715533.log
715533,comp_drt,NHEFT+CompDRT,0,0.0,1,1,0,0.1831,0.1655,0.3486,185.0853999999999,4.6407,10,4,103,461,461,0,43.9243,1.1013,45,10,315,133,37,96,1873.6799124191457,46.9795,1,1,22,28,28,0,6.980267,0,ok,logs/seed_715533.log
710115,baseline,NHEFT,1,0.0,0,0,0,0.1756,0.1761,0.3517,178.10650000000018,3.3741,9,3,105,435,435,0,53.486999999999995,1.0133,43,10,292,117,37,80,54.09341358024692,1.0248,63,14,310,167,120,47,7.075595,0,ok,logs/seed_710115.log
710115,comp_drt,NHEFT+CompDRT,0,0.0,1,1,0,0.1756,0.1761,0.3517,178.10650000000018,3.3741,9,3,105,435,435,0,53.486999999999995,1.0133,43,10,292,117,37,80,851.8087634980992,16.137,1,1,22,27,27,0,7.075595,0,ok,logs/seed_710115.log
69527,baseline,NHEFT,1,0.0,0,0,0,0.1974,0.1971,0.3945,215.6400000000006,5.9525,7,2,83,469,469,0,42.12729999999999,1.1629,49,10,311,136,36,100,40.56040638922156,1.1196,67,13,341,168,114,54,8.690976,0,ok,logs/seed_69527.log
69527,comp_drt,NHEFT+CompDRT,0,0.0,1,1,0,0.1974,0.1971,0.3945,215.6400000000006,5.9525,7,2,83,469,469,0,42.12729999999999,1.1629,49,10,311,136,36,100,1087.2141155354452,30.0115,1,1,22,26,26,0,8.690976,0,ok,logs/seed_69527.log
584456,baseline,NHEFT,1,0.0,0,0,0,0.1935,0.1706,0.3641,160.09769999999986,4.4366,10,6,112,459,459,0,40.7408,1.129,49,11,324,139,44,95,39.38038911917099,1.0913,57,12,326,173,124,49,7.784361,0,ok,logs/seed_584456.log
584456,comp_drt,NHEFT+CompDRT,0,0.0,1,1,0,0.1935,0.1706,0.3641,160.09769999999986,4.4366,10,6,112,459,459,0,40.7408,1.129,49,11,324,139,44,95,815.8651085561493,22.6092,1,1,22,27,27,0,7.784361,0,ok,logs/seed_584456.log
678197,baseline,NHEFT,1,0.0,0,0,0,0.1786,0.1774,0.356,122.77480000000001,3.2076,9,3,125,468,468,0,44.813900000000004,1.1708,44,11,313,120,43,77,47.293703409107785,1.2356,62,13,335,157,110,47,6.749244,0,ok,logs/seed_678197.log
678197,comp_drt,NHEFT+CompDRT,0,0.0,1,1,0,0.1786,0.1774,0.356,122.77480000000001,3.2076,9,3,125,468,468,0,44.813900000000004,1.1708,44,11,313,120,43,77,794.9492155258768,20.7689,1,1,22,24,24,0,6.749244,0,ok,logs/seed_678197.log
871381,baseline,NHEFT,1,0.0,0,0,0,0.1863,0.1698,0.3561,173.94440000000006,4.6652,7,3,97,438,438,0,47.55200000000001,1.2753,44,9,318,135,39,96,46.69872732919255,1.2525,60,13,320,163,113,50,5.994581,0,ok,logs/seed_871381.log
871381,comp_drt,NHEFT+CompDRT,0,0.0,1,1,0,0.1863,0.1698,0.3561,173.94440000000006,4.6652,7,3,97,438,438,0,47.55200000000001,1.2753,44,9,318,135,39,96,788.8392708333334,21.1567,1,1,22,28,28,0,5.994581,0,ok,logs/seed_871381.log
855755,baseline,NHEFT,1,0.0,0,0,0,0.1895,0.22,0.4095,258.98069999999973,6.6583,6,2,77,461,461,0,44.918200000000006,1.1548,51,11,309,141,40,101,46.10539301164725,1.1854,65,14,343,177,125,52,7.451352,0,ok,logs/seed_855755.log
855755,comp_drt,NHEFT+CompDRT,0,0.0,1,1,0,0.1895,0.22,0.4095,258.98069999999973,6.6583,6,2,77,461,461,0,44.918200000000006,1.1548,51,11,309,141,40,101,858.6478866793532,22.0757,1,1,22,29,29,0,7.451352,0,ok,logs/seed_855755.log
137836,baseline,NHEFT,1,0.0,0,0,0,0.1819,0.1765,0.3584,202.71690000000012,5.5064,8,3,97,442,442,0,49.1002,1.3337,36,9,292,109,41,68,47.26018420373251,1.2837,57,13,320,166,128,38,6.934334,0,ok,logs/seed_137836.log
137836,comp_drt,NHEFT+CompDRT,0,0.0,1,1,0,0.1819,0.1765,0.3584,202.71690000000012,5.5064,8,3,97,442,442,0,49.1002,1.3337,36,9,292,109,41,68,1044.7606922651923,28.3791,1,1,22,24,24,0,6.934334,0,ok,logs/seed_137836.log
560927,baseline,NHEFT,1,0.0,0,0,0,0.163,0.1869,0.3499,232.03890000000018,5.6743,6,2,79,450,450,0,46.3254,1.1328,37,9,300,110,34,76,42.183912771986975,1.0316,56,11,327,154,90,64,6.762448,0,ok,logs/seed_560927.log
560927,comp_drt,NHEFT+CompDRT,0,0.0,1,1,0,0.163,0.1869,0.3499,232.03890000000018,5.6743,6,2,79,450,450,0,46.3254,1.1328,37,9,300,110,34,76,1548.2645498371335,37.8613,1,1,22,29,29,0,6.762448,0,ok,logs/seed_560927.log
47925,baseline,NHEFT,1,0.0,0,0,0,0.1903,0.2105,0.4008,121.86589999999988,3.0862,11,4,122,419,419,0,43.5501,1.1029,46,12,287,129,40,89,40.598404156479226,1.0281,63,13,321,169,110,59,6.687663,0,ok,logs/seed_47925.log
47925,comp_drt,NHEFT+CompDRT,0,0.0,1,1,0,0.1903,0.2105,0.4008,121.86589999999988,3.0862,11,4,122,419,419,0,43.5501,1.1029,46,12,287,129,40,89,917.6002853432273,23.2379,1,1,22,27,27,0,6.687663,0,ok,logs/seed_47925.log
667073,baseline,NHEFT,1,0.0,0,0,0,0.1716,0.1452,0.3168,97.1205000000001,2.5068,11,4,157,431,431,0,43.200100000000006,1.1151,36,10,312,126,48,78,42.04959657705598,1.0854,49,11,315,174,138,36,6.311208,0,ok,logs/seed_667073.log
667073,comp_drt,NHEFT+CompDRT,0,0.0,1,1,0,0.1716,0.1452,0.3168,97.1205000000001,2.5068,11,4,157,431,431,0,43.200100000000006,1.1151,36,10,312,126,48,78,1033.3098444695256,26.6713,1,1,22,24,24,0,6.311208,0,ok,logs/seed_667073.log
153349,baseline,NHEFT,1,0.0,0,0,0,0.1907,0.1676,0.3583,141.96509999999995,2.9056,14,6,142,470,470,0,51.05340000000001,1.0449,53,11,348,155,37,118,49.492035171912825,1.0129,70,14,349,201,146,55,6.915677,0,ok,logs/seed_153349.log
153349,comp_drt,NHEFT+CompDRT,0,0.0,1,1,0,0.1907,0.1676,0.3583,141.96509999999995,2.9056,14,6,142,470,470,0,51.05340000000001,1.0449,53,11,348,155,37,118,844.1301432432429,17.2767,1,1,22,26,26,0,6.915677,0,ok,logs/seed_153349.log
263035,baseline,NHEFT,1,0.0,0,0,0,0.1755,0.1764,0.3519,171.1675,4.4191,8,2,126,474,474,0,45.204499999999996,1.1671,51,9,347,135,46,89,47.74966816390859,1.2328,62,10,363,166,128,38,6.828152,0,ok,logs/seed_263035.log
263035,comp_drt,NHEFT+CompDRT,0,0.0,1,1,0,0.1755,0.1764,0.3519,171.1675,4.4191,8,2,126,474,474,0,45.204499999999996,1.1671,51,9,347,135,46,89,811.2858857142863,20.9454,1,1,22,26,26,0,6.828152,0,ok,logs/seed_263035.log
782665,baseline,NHEFT,1,0.0,0,0,0,0.1683,0.1745,0.3428,147.81179999999983,3.022,13,5,145,452,452,0,53.638499999999986,1.0966,49,11,330,156,45,111,52.18367417442845,1.0669,61,12,325,182,132,50,5.941099,0,ok,logs/seed_782665.log
782665,comp_drt,NHEFT+CompDRT,0,0.0,1,1,0,0.1683,0.1745,0.3428,147.81179999999983,3.022,13,5,145,452,452,0,53.638499999999986,1.0966,49,11,330,156,45,111,885.505460797342,18.1041,1,1,22,24,24,0,5.941099,0,ok,logs/seed_782665.log
372049,baseline,NHEFT,1,0.0,0,0,0,0.1892,0.1511,0.3403,142.81169999999995,3.0403,11,3,136,483,483,0,50.6332,1.0779,52,11,320,162,49,113,47.2363828668363,1.0056,57,11,354,181,144,37,6.578836,0,ok,logs/seed_372049.log
372049,comp_drt,NHEFT+CompDRT,0,0.0,1,1,0,0.1892,0.1511,0.3403,142.81169999999995,3.0403,11,3,136,483,483,0,50.6332,1.0779,52,11,320,162,49,113,751.9894574171025,16.0091,1,1,22,28,28,0,6.578836,0,ok,logs/seed_372049.log
15262,baseline,NHEFT,1,0.0,0,0,0,0.2107,0.2414,0.4521,215.26950000000036,6.3428,8,4,66,449,449,0,47.7817,1.4079,50,12,302,142,38,104,36.98611038189177,1.0898,63,13,330,172,117,55,6.373153,0,ok,logs/seed_15262.log
15262,comp_drt,NHEFT+CompDRT,0,0.0,1,1,0,0.2107,0.2414,0.4521,215.26950000000036,6.3428,8,4,66,449,449,0,47.7817,1.4079,50,12,302,142,38,104,1106.0882520485582,32.5902,1,1,22,28,28,0,6.373153,0,ok,logs/seed_15262.log
745342,baseline,NHEFT,1,0.0,0,0,0,0.2057,0.1596,0.3653,177.37180000000018,4.4077,12,4,117,485,485,0,43.7115,1.0862,47,11,349,123,39,84,47.21468239534884,1.1733,66,15,355,189,132,57,7.043895,0,ok,logs/seed_745342.log
745342,comp_drt,NHEFT+CompDRT,0,0.0,1,1,0,0.2057,0.1596,0.3653,177.37180000000018,4.4077,12,4,117,485,485,0,43.7115,1.0862,47,11,349,123,39,84,1583.3120247524741,39.3453,1,1,22,29,29,0,7.043895,0,ok,logs/seed_745342.log
437809,baseline,NHEFT,1,0.0,0,0,0,0.2046,0.1761,0.3807,104.97419999999995,2.98,10,3,135,426,426,0,39.8071,1.13,45,8,298,118,47,71,37.43993575177306,1.0628,54,12,326,152,105,47,5.375137,0,ok,logs/seed_437809.log
437809,comp_drt,NHEFT+CompDRT,0,0.0,1,1,0,0.2046,0.1761,0.3807,104.97419999999995,2.98,10,3,135,426,426,0,39.8071,1.13,45,8,298,118,47,71,1327.0398352617078,37.6716,1,1,22,26,26,0,5.375137,0,ok,logs/seed_437809.log
987435,baseline,NHEFT,1,0.0,0,0,0,0.2102,0.1682,0.3784,226.5443999999999,7.5948,7,4,74,466,466,0,42.66309999999999,1.4303,49,11,304,147,43,104,39.36548750000001,1.3197,66,13,334,188,129,59,7.113573,0,ok,logs/seed_987435.log
987435,comp_drt,NHEFT+CompDRT,0,0.0,1,1,0,0.2102,0.1682,0.3784,226.5443999999999,7.5948,7,4,74,466,466,0,42.66309999999999,1.4303,49,11,304,147,43,104,824.8988172069824,27.6544,1,1,22,27,27,0,7.113573,0,ok,logs/seed_987435.log
146585,baseline,NHEFT,1,0.0,0,0,0,0.1835,0.1847,0.3682,254.42230000000046,5.8156,6,2,80,488,488,0,53.224999999999994,1.2166,45,9,319,119,34,85,53.368305757900885,1.2199,65,14,325,171,111,60,7.568733,0,ok,logs/seed_146585.log
146585,comp_drt,NHEFT+CompDRT,0,0.0,1,1,0,0.1835,0.1847,0.3682,254.42230000000046,5.8156,6,2,80,488,488,0,53.224999999999994,1.2166,45,9,319,119,34,85,1288.3769169934653,29.45,1,1,22,27,27,0,7.568733,0,ok,logs/seed_146585.log
368863,baseline,NHEFT,1,0.0,0,0,0,0.181,0.1735,0.3545,217.33439999999922,4.5097,7,2,99,473,473,0,49.234300000000005,1.0216,39,8,336,117,37,80,49.5655037037037,1.0285,58,12,337,167,105,62,7.852175,0,ok,logs/seed_368863.log
368863,comp_drt,NHEFT+CompDRT,0,0.0,1,1,0,0.181,0.1735,0.3545,217.33439999999922,4.5097,7,2,99,473,473,0,49.234300000000005,1.0216,39,8,336,117,37,80,868.6344172839503,18.024,1,1,22,25,25,0,7.852175,0,ok,logs/seed_368863.log
572806,baseline,NHEFT,1,0.0,0,0,0,0.1935,0.1902,0.3837,144.7935000000001,3.9924,14,4,131,475,475,0,42.18110000000001,1.1631,44,10,330,150,54,96,40.87718669379297,1.1271,52,13,343,194,133,61,6.787388,0,ok,logs/seed_572806.log
572806,comp_drt,NHEFT+CompDRT,0,0.0,1,1,0,0.1935,0.1902,0.3837,144.7935000000001,3.9924,14,4,131,475,475,0,42.18110000000001,1.1631,44,10,330,150,54,96,1309.0085295597482,36.0931,1,1,22,27,27,0,6.787388,0,ok,logs/seed_572806.log
198288,baseline,NHEFT,1,0.0,0,0,0,0.2023,0.184,0.3863,128.57059999999979,3.6517,14,3,142,474,474,0,39.9121,1.1336,47,9,330,119,48,71,38.259993103448274,1.0867,64,12,354,161,118,43,6.736746,0,ok,logs/seed_198288.log
198288,comp_drt,NHEFT+CompDRT,0,0.0,1,1,0,0.2023,0.184,0.3863,128.57059999999979,3.6517,14,3,142,474,474,0,39.9121,1.1336,47,9,330,119,48,71,1032.3334620309051,29.321,1,1,22,26,26,0,6.736746,0,ok,logs/seed_198288.log
110116,baseline,NHEFT,1,0.0,0,0,0,0.1789,0.1545,0.3334,170.9819000000003,3.8209,7,2,110,470,470,0,45.33589999999999,1.0131,42,10,312,105,38,67,45.45223425635105,1.0157,58,12,342,166,112,54,5.834647,0,ok,logs/seed_110116.log
110116,comp_drt,NHEFT+CompDRT,0,0.0,1,1,0,0.1789,0.1545,0.3334,170.9819000000003,3.8209,7,2,110,470,470,0,45.33589999999999,1.0131,42,10,312,105,38,67,1495.9698793969849,33.4302,1,1,22,29,29,0,5.834647,0,ok,logs/seed_110116.log
149047,baseline,NHEFT,1,0.0,0,0,0,0.2051,0.1762,0.3813,121.62609999999997,3.8887,8,2,123,484,484,0,39.260099999999994,1.2552,40,9,310,102,41,61,37.58438095238095,1.2017,57,14,337,149,120,29,7.417604,0,ok,logs/seed_149047.log
149047,comp_drt,NHEFT+CompDRT,0,0.0,1,1,0,0.2051,0.1762,0.3813,121.62609999999997,3.8887,8,2,123,484,484,0,39.260099999999994,1.2552,40,9,310,102,41,61,971.8285184419716,31.0716,1,1,22,26,26,0,7.417604,0,ok,logs/seed_149047.log
864824,baseline,NHEFT,1,0.0,0,0,0,0.178,0.201,0.379,217.89019999999974,6.2158,7,3,85,424,424,0,44.15130000000001,1.2595,47,12,298,144,34,110,47.30039810671258,1.3494,61,14,311,176,126,50,6.014091,0,ok,logs/seed_864824.log
864824,comp_drt,NHEFT+CompDRT,0,0.0,1,1,0,0.178,0.201,0.379,217.89019999999974,6.2158,7,3,85,424,424,0,44.15130000000001,1.2595,47,12,298,144,34,110,1337.3654635738824,38.1515,1,1,22,28,28,0,6.014091,0,ok,logs/seed_864824.log
801768,baseline,NHEFT,1,0.0,0,0,0,0.1911,0.1556,0.3467,162.90799999999984,4.5356,8,2,102,469,469,0,43.643600000000006,1.2151,41,10,319,121,45,76,40.757052380952395,1.1347,58,13,337,171,115,56,7.241882,0,ok,logs/seed_801768.log
801768,comp_drt,NHEFT+CompDRT,0,0.0,1,1,0,0.1911,0.1556,0.3467,162.90799999999984,4.5356,8,2,102,469,469,0,43.643600000000006,1.2151,41,10,319,121,45,76,1091.9336458874457,30.4007,1,1,22,26,26,0,7.241882,0,ok,logs/seed_801768.log
262875,baseline,NHEFT,1,0.0,0,0,0,0.1901,0.1608,0.3509,144.97850000000003,3.7467,11,3,124,476,476,0,48.94970000000001,1.265,46,10,320,136,46,90,45.9404441826215,1.1873,60,12,324,162,134,28,5.971737,0,ok,logs/seed_262875.log
262875,comp_drt,NHEFT+CompDRT,0,0.0,1,1,0,0.1901,0.1608,0.3509,144.97850000000003,3.7467,11,3,124,476,476,0,48.94970000000001,1.265,46,10,320,136,46,90,862.2799643469978,22.2843,1,1,22,26,26,0,5.971737,0,ok,logs/seed_262875.log
524794,baseline,NHEFT,1,0.0,0,0,0,0.1662,0.1432,0.3094,134.9141999999998,2.6724,12,3,148,488,488,0,52.9536,1.0489,47,10,331,131,35,96,52.95363852573018,1.0489,53,12,347,172,124,48,8.886721,0,ok,logs/seed_524794.log
524794,comp_drt,NHEFT+CompDRT,0,0.0,1,1,0,0.1662,0.1432,0.3094,134.9141999999998,2.6724,12,3,148,488,488,0,52.9536,1.0489,47,10,331,131,35,96,2366.2386247288496,46.871,1,1,22,29,29,0,8.886721,0,ok,logs/seed_524794.log
824487,baseline,NHEFT,1,0.0,0,0,0,0.1751,0.1958,0.3709,242.09089999999983,5.3618,8,3,92,466,466,0,61.08690000000001,1.3529,35,9,287,96,35,61,58.21765643564358,1.2894,57,12,332,168,112,56,6.17823,0,ok,logs/seed_824487.log
824487,comp_drt,NHEFT+CompDRT,0,0.0,1,1,0,0.1751,0.1958,0.3709,242.09089999999983,5.3618,8,3,92,466,466,0,61.08690000000001,1.3529,35,9,287,96,35,61,920.9016544464617,20.3959,1,1,22,31,31,0,6.17823,0,ok,logs/seed_824487.log
927335,baseline,NHEFT,1,0.0,0,0,0,0.186,0.1765,0.3625,141.02729999999988,3.0782,14,3,130,448,448,0,51.6988,1.1284,45,8,323,127,47,80,52.62459491525425,1.1486,55,11,316,154,113,41,6.960021,0,ok,logs/seed_927335.log
927335,comp_drt,NHEFT+CompDRT,0,0.0,1,1,0,0.186,0.1765,0.3625,141.02729999999988,3.0782,14,3,130,448,448,0,51.6988,1.1284,45,8,323,127,47,80,842.7401949152538,18.3945,1,1,22,26,26,0,6.960021,0,ok,logs/seed_927335.log
982015,baseline,NHEFT,1,0.0,0,0,0,0.1969,0.1754,0.3723,204.6386000000004,6.4437,7,3,86,448,448,0,42.062000000000005,1.3245,47,10,288,131,45,86,43.72792265717676,1.3769,58,12,318,152,110,42,6.004685,0,ok,logs/seed_982015.log
982015,comp_drt,NHEFT+CompDRT,0,0.0,1,1,0,0.1969,0.1754,0.3723,204.6386000000004,6.4437,7,3,86,448,448,0,42.062000000000005,1.3245,47,10,288,131,45,86,1233.0995861294589,38.828,1,1,22,27,27,0,6.004685,0,ok,logs/seed_982015.log
205178,baseline,NHEFT,1,0.0,0,0,0,0.1828,0.1839,0.3667,209.48129999999966,7.6622,7,2,81,472,472,0,40.934699999999985,1.4973,47,10,304,115,44,71,36.502629522431256,1.3352,62,12,321,154,114,40,6.321676,0,ok,logs/seed_205178.log
205178,comp_drt,NHEFT+CompDRT,0,0.0,1,1,0,0.1828,0.1839,0.3667,209.48129999999966,7.6622,7,2,81,472,472,0,40.934699999999985,1.4973,47,10,304,115,44,71,2233.7403213017733,81.7038,1,1,22,25,25,0,6.321676,0,ok,logs/seed_205178.log
888604,baseline,NHEFT,1,0.0,0,0,0,0.1832,0.195,0.3782,200.56699999999987,4.0844,10,5,117,477,477,0,51.629300000000015,1.0514,56,12,338,153,39,114,51.94027234314981,1.0577,66,13,339,188,127,61,7.718154,0,ok,logs/seed_888604.log
888604,comp_drt,NHEFT+CompDRT,0,0.0,1,1,0,0.1832,0.195,0.3782,200.56699999999987,4.0844,10,5,117,477,477,0,51.629300000000015,1.0514,56,12,338,153,39,114,804.2804521235524,16.3785,1,1,22,26,26,0,7.718154,0,ok,logs/seed_888604.log
546566,baseline,NHEFT,1,0.0,0,0,0,0.1996,0.1385,0.3381,142.28830000000028,2.9577,10,2,127,440,440,0,48.5345,1.0089,38,9,307,105,43,62,49.09764175824176,1.0206,51,12,308,143,100,43,5.564831,0,ok,logs/seed_546566.log
546566,comp_drt,NHEFT+CompDRT,0,0.0,1,1,0,0.1996,0.1385,0.3381,142.28830000000028,2.9577,10,2,127,440,440,0,48.5345,1.0089,38,9,307,105,43,62,996.2333714285719,20.7084,1,1,22,29,29,0,5.564831,0,ok,logs/seed_546566.log
939943,baseline,NHEFT,1,0.0,0,0,0,0.1998,0.1828,0.3826,210.24790000000013,6.0104,10,4,91,446,446,0,43.117799999999995,1.2326,39,9,319,133,50,83,41.40043856495917,1.1835,54,12,340,179,122,57,6.015309,0,ok,logs/seed_939943.log
939943,comp_drt,NHEFT+CompDRT,0,0.0,1,1,0,0.1998,0.1828,0.3826,210.24790000000013,6.0104,10,4,91,446,446,0,43.117799999999995,1.2326,39,9,319,133,50,83,687.2191526863089,19.6456,1,1,22,23,23,0,6.015309,0,ok,logs/seed_939943.log
461796,baseline,NHEFT,1,0.0,0,0,0,0.1891,0.2019,0.391,123.63350000000018,2.7736,10,3,138,463,463,0,44.90469999999999,1.0074,40,7,312,99,40,59,45.01055635359115,1.0098,56,12,331,155,118,37,6.913155,0,ok,logs/seed_461796.log
461796,comp_drt,NHEFT+CompDRT,0,0.0,1,1,0,0.1891,0.2019,0.391,123.63350000000018,2.7736,10,3,138,463,463,0,44.90469999999999,1.0074,40,7,312,99,40,59,803.4293316770195,18.0239,1,1,22,28,28,0,6.913155,0,ok,logs/seed_461796.log
683805,baseline,NHEFT,1,0.0,0,0,0,0.1941,0.1651,0.3592,211.44820000000004,5.2377,7,3,97,489,489,0,51.02859999999998,1.264,47,11,319,150,50,100,45.08441442383107,1.1168,57,13,360,189,134,55,7.300574,0,ok,logs/seed_683805.log
683805,comp_drt,NHEFT+CompDRT,0,0.0,1,1,0,0.1941,0.1651,0.3592,211.44820000000004,5.2377,7,3,97,489,489,0,51.02859999999998,1.264,47,11,319,150,50,100,1721.41320801964,42.6403,1,1,22,27,27,0,7.300574,0,ok,logs/seed_683805.log
273298,baseline,NHEFT,1,0.0,0,0,0,0.1711,0.1406,0.3117,134.39469999999994,3.3323,9,2,132,488,488,0,42.3641,1.0504,41,8,335,113,47,66,45.87597857142858,1.1375,54,12,344,164,127,37,6.927849,0,ok,logs/seed_273298.log
273298,comp_drt,NHEFT+CompDRT,0,0.0,1,1,0,0.1711,0.1406,0.3117,134.39469999999994,3.3323,9,2,132,488,488,0,42.3641,1.0504,41,8,335,113,47,66,1626.613894186046,40.3316,1,1,22,27,27,0,6.927849,0,ok,logs/seed_273298.log
870064,baseline,NHEFT,1,0.0,0,0,0,0.2204,0.2243,0.4447,165.8547999999998,4.6284,12,5,102,416,416,0,47.976099999999995,1.3388,45,12,304,159,54,105,43.58231659633028,1.2162,51,13,304,175,140,35,6.052804,0,ok,logs/seed_870064.log
870064,comp_drt,NHEFT+CompDRT,0,0.0,1,1,0,0.2204,0.2243,0.4447,165.8547999999998,4.6284,12,5,102,416,416,0,47.976099999999995,1.3388,45,12,304,159,54,105,1283.2463477064216,35.811,1,1,22,31,31,0,6.052804,0,ok,logs/seed_870064.log
739336,baseline,NHEFT,1,0.0,0,0,0,0.1704,0.1747,0.3451,196.8587000000004,4.2028,8,3,100,456,456,0,51.305800000000005,1.0953,45,11,306,149,41,108,54.521761154929585,1.164,55,12,315,176,128,48,5.328317,0,ok,logs/seed_739336.log
739336,comp_drt,NHEFT+CompDRT,0,0.0,1,1,0,0.1704,0.1747,0.3451,196.8587000000004,4.2028,8,3,100,456,456,0,51.305800000000005,1.0953,45,11,306,149,41,108,908.7556446909665,19.4014,1,1,22,30,30,0,5.328317,0,ok,logs/seed_739336.log
374908,baseline,NHEFT,1,0.0,0,0,0,0.1917,0.2144,0.4061,104.92209999999983,3.2097,11,3,136,452,452,0,39.95229999999999,1.2222,41,8,311,129,35,94,37.56897038591687,1.1493,54,12,327,148,99,49,6.157881,0,ok,logs/seed_374908.log
374908,comp_drt,NHEFT+CompDRT,0,0.0,1,1,0,0.1917,0.2144,0.4061,104.92209999999983,3.2097,11,3,136,452,452,0,39.95229999999999,1.2222,41,8,311,129,35,94,708.1289713493525,21.6625,1,1,22,27,27,0,6.157881,0,ok,logs/seed_374908.log
489107,baseline,NHEFT,1,0.0,0,0,0,0.1762,0.1615,0.3377,190.13200000000015,4.0081,9,3,105,472,472,0,48.3578,1.0194,47,9,346,150,44,106,48.55122592592595,1.0235,57,11,332,184,126,58,7.53345,0,ok,logs/seed_489107.log
489107,comp_drt,NHEFT+CompDRT,0,0.0,1,1,0,0.1762,0.1615,0.3377,190.13200000000015,4.0081,9,3,105,472,472,0,48.3578,1.0194,47,9,346,150,44,106,1214.6765021108188,25.6064,1,1,22,25,25,0,7.53345,0,ok,logs/seed_489107.log
676170,baseline,NHEFT,1,0.0,0,0,0,0.1783,0.1721,0.3504,127.09730000000012,2.8771,14,5,157,504,504,0,50.470600000000005,1.1425,45,13,347,151,44,107,48.939877207199295,1.1078,60,15,366,194,157,37,7.990046,0,ok,logs/seed_676170.log
676170,comp_drt,NHEFT+CompDRT,0,0.0,1,1,0,0.1783,0.1721,0.3504,127.09730000000012,2.8771,14,5,157,504,504,0,50.470600000000005,1.1425,45,13,347,151,44,107,1495.9553283236999,33.8636,1,1,22,27,27,0,7.990046,0,ok,logs/seed_676170.log
946643,baseline,NHEFT,1,0.0,0,0,0,0.2051,0.2245,0.4296,232.91550000000032,6.4381,5,2,81,447,447,0,45.2585,1.251,54,13,336,157,40,117,42.97784479950298,1.188,58,15,340,190,119,71,6.509933,0,ok,logs/seed_946643.log
946643,comp_drt,NHEFT+CompDRT,0,0.0,1,1,0,0.2051,0.2245,0.4296,232.91550000000032,6.4381,5,2,81,447,447,0,45.2585,1.251,54,13,336,157,40,117,914.9904338028163,25.2916,1,1,22,24,24,0,6.509933,0,ok,logs/seed_946643.log
245576,baseline,NHEFT,1,0.0,0,0,0,0.1893,0.2053,0.3946,187.27200000000056,5.4444,8,2,103,455,455,0,39.925200000000004,1.1607,46,8,314,123,40,83,36.84836624040921,1.0713,62,12,333,172,120,52,7.919953,0,ok,logs/seed_245576.log
245576,comp_drt,NHEFT+CompDRT,0,0.0,1,1,0,0.1893,0.2053,0.3946,187.27200000000056,5.4444,8,2,103,455,455,0,39.925200000000004,1.1607,46,8,314,123,40,83,882.0937662404086,25.6444,1,1,22,25,25,0,7.919953,0,ok,logs/seed_245576.log
61677,baseline,NHEFT,1,0.0,0,0,0,0.194,0.1771,0.3711,165.49070000000015,3.6342,8,2,118,454,454,0,50.104000000000006,1.1003,42,10,320,142,47,95,48.9983845626072,1.076,56,11,329,178,118,60,8.530926,0,ok,logs/seed_61677.log
61677,comp_drt,NHEFT+CompDRT,0,0.0,1,1,0,0.194,0.1771,0.3711,165.49070000000015,3.6342,8,2,118,454,454,0,50.104000000000006,1.1003,42,10,320,142,47,95,730.3114954707992,16.0377,1,1,22,26,26,0,8.530926,0,ok,logs/seed_61677.log
985204,baseline,NHEFT,1,0.0,0,0,0,0.1783,0.2102,0.3885,247.53740000000028,6.9459,4,1,80,468,468,0,46.73499999999999,1.3114,45,7,332,118,34,84,42.84255417476413,1.2022,65,13,347,181,114,67,8.529741,0,ok,logs/seed_985204.log
985204,comp_drt,NHEFT+CompDRT,0,0.0,1,1,0,0.1783,0.2102,0.3885,247.53740000000028,6.9459,4,1,80,468,468,0,46.73499999999999,1.3114,45,7,332,118,34,84,711.3119184668988,19.9594,1,1,22,28,28,0,8.529741,0,ok,logs/seed_985204.log
957734,baseline,NHEFT,1,0.0,0,0,0,0.2015,0.203,0.4045,84.60260000000014,2.7202,13,3,156,447,447,0,36.280199999999994,1.1665,54,12,320,131,41,90,39.686148642266815,1.276,58,13,335,164,119,45,7.397018,0,ok,logs/seed_957734.log
957734,comp_drt,NHEFT+CompDRT,0,0.0,1,1,0,0.2015,0.203,0.4045,84.60260000000014,2.7202,13,3,156,447,447,0,36.280199999999994,1.1665,54,12,320,131,41,90,1003.5651530106264,32.2678,1,1,22,26,26,0,7.397018,0,ok,logs/seed_957734.log
586973,baseline,NHEFT,1,0.0,0,0,0,0.1736,0.1562,0.3298,134.11630000000034,3.6264,10,3,135,477,477,0,41.483700000000006,1.1217,40,10,324,120,47,73,39.05791351491952,1.0561,55,12,337,164,122,42,9.270052,0,ok,logs/seed_586973.log
586973,comp_drt,NHEFT+CompDRT,0,0.0,1,1,0,0.1736,0.1562,0.3298,134.11630000000034,3.6264,10,3,135,477,477,0,41.483700000000006,1.1217,40,10,324,120,47,73,1055.892111214953,28.5505,1,1,22,23,23,0,9.270052,0,ok,logs/seed_586973.log
81222,baseline,NHEFT,1,0.0,0,0,0,0.1758,0.1802,0.356,242.5690999999996,7.5183,6,3,75,437,437,0,47.7952,1.4814,40,10,312,131,46,85,43.305711111111115,1.3422,50,12,319,163,108,55,5.561084,0,ok,logs/seed_81222.log
81222,comp_drt,NHEFT+CompDRT,0,0.0,1,1,0,0.1758,0.1802,0.356,242.5690999999996,7.5183,6,3,75,437,437,0,47.7952,1.4814,40,10,312,131,46,85,905.705964272211,28.0718,1,1,22,24,24,0,5.561084,0,ok,logs/seed_81222.log
985268,baseline,NHEFT,1,0.0,0,0,0,0.2032,0.2071,0.4103,153.8131000000001,4.1982,11,4,120,440,440,0,41.45909999999999,1.1316,50,12,316,162,43,119,40.436984254606365,1.1037,58,14,324,192,138,54,5.340591,0,ok,logs/seed_985268.log
985268,comp_drt,NHEFT+CompDRT,0,0.0,1,1,0,0.2032,0.2071,0.4103,153.8131000000001,4.1982,11,4,120,440,440,0,41.45909999999999,1.1316,50,12,316,162,43,119,928.8432162479071,25.3523,1,1,22,33,33,0,5.340591,0,ok,logs/seed_985268.log
240715,baseline,NHEFT,1,0.0,0,0,0,0.206,0.189,0.395,167.43580000000006,4.573,10,3,102,441,441,0,45.7024,1.2482,41,9,297,121,51,70,44.799782402002855,1.2236,50,12,312,149,107,42,7.143592,0,ok,logs/seed_240715.log
240715,comp_drt,NHEFT+CompDRT,0,0.0,1,1,0,0.206,0.189,0.395,167.43580000000006,4.573,10,3,102,441,441,0,45.7024,1.2482,41,9,297,121,51,70,802.4874247648903,21.9174,1,1,22,31,31,0,7.143592,0,ok,logs/seed_240715.log
336806,baseline,NHEFT,1,0.0,0,0,0,0.1944,0.213,0.4074,278.0597999999997,8.3092,7,4,65,470,470,0,49.50039999999999,1.4792,43,9,308,127,39,88,46.17099459145526,1.3797,56,12,349,167,111,56,7.666053,0,ok,logs/seed_336806.log
336806,comp_drt,NHEFT+CompDRT,0,0.0,1,1,0,0.1944,0.213,0.4074,278.0597999999997,8.3092,7,4,65,470,470,0,49.50039999999999,1.4792,43,9,308,127,39,88,844.0315999999995,25.2222,1,1,22,25,25,0,7.666053,0,ok,logs/seed_336806.log
431396,baseline,NHEFT,1,0.0,0,0,0,0.207,0.1798,0.3868,146.22560000000001,3.9556,10,3,121,445,445,0,41.424499999999995,1.1206,52,9,318,127,37,90,42.20374559067098,1.1417,65,14,317,160,119,41,6.282611,0,ok,logs/seed_431396.log
431396,comp_drt,NHEFT+CompDRT,0,0.0,1,1,0,0.207,0.1798,0.3868,146.22560000000001,3.9556,10,3,121,445,445,0,41.424499999999995,1.1206,52,9,318,127,37,90,2119.5705917603,57.3367,1,1,22,25,25,0,6.282611,0,ok,logs/seed_431396.log
850253,baseline,NHEFT,1,0.0,0,0,0,0.1939,0.1886,0.3825,135.21589999999978,3.8435,10,3,125,456,456,0,40.2365,1.1437,51,12,332,151,51,100,36.84619264892268,1.0474,55,12,331,170,128,42,6.102723,0,ok,logs/seed_850253.log
850253,comp_drt,NHEFT+CompDRT,0,0.0,1,1,0,0.1939,0.1886,0.3825,135.21589999999978,3.8435,10,3,125,456,456,0,40.2365,1.1437,51,12,332,151,51,100,1359.225216730037,38.6361,1,1,22,26,26,0,6.102723,0,ok,logs/seed_850253.log
342204,baseline,NHEFT,1,0.0,0,0,0,0.2026,0.1928,0.3954,239.86050000000088,8.0485,5,2,68,456,456,0,45.19310000000001,1.5164,50,11,292,139,37,102,37.019027190332324,1.2422,58,13,332,173,115,58,5.705902,0,ok,logs/seed_342204.log
342204,comp_drt,NHEFT+CompDRT,0,0.0,1,1,0,0.2026,0.1928,0.3954,239.86050000000088,8.0485,5,2,68,456,456,0,45.19310000000001,1.5164,50,11,292,139,37,102,1072.0843521031206,35.9736,1,1,22,28,28,0,5.705902,0,ok,logs/seed_342204.log
810991,baseline,NHEFT,1,0.0,0,0,0,0.1698,0.1406,0.3104,119.99070000000032,3.1683,9,3,109,459,459,0,43.9296,1.1599,35,8,304,110,41,69,44.379125637910086,1.1718,52,10,310,151,110,41,7.22889,0,ok,logs/seed_810991.log
810991,comp_drt,NHEFT+CompDRT,0,0.0,1,1,0,0.1698,0.1406,0.3104,119.99070000000032,3.1683,9,3,109,459,459,0,43.9296,1.1599,35,8,304,110,41,69,980.4258543209892,25.8875,1,1,22,26,26,0,7.22889,0,ok,logs/seed_810991.log
895124,baseline,NHEFT,1,0.0,0,0,0,0.174,0.1952,0.3692,169.42770000000039,4.8627,8,3,114,493,493,0,45.76649999999999,1.3135,43,10,335,119,35,84,45.41264791914569,1.3034,63,14,368,182,123,59,7.073115,0,ok,logs/seed_895124.log
895124,comp_drt,NHEFT+CompDRT,0,0.0,1,1,0,0.174,0.1952,0.3692,169.42770000000039,4.8627,8,3,114,493,493,0,45.76649999999999,1.3135,43,10,335,119,35,84,1038.9933462571996,29.82,1,1,22,22,22,0,7.073115,0,ok,logs/seed_895124.log
437866,baseline,NHEFT,1,0.0,0,0,0,0.2055,0.1952,0.4007,180.85129999999984,4.3214,6,3,83,434,434,0,49.28329999999999,1.1776,40,11,277,113,39,74,50.187064246880944,1.1992,62,14,313,150,106,44,7.033063,0,ok,logs/seed_437866.log
437866,comp_drt,NHEFT+CompDRT,0,0.0,1,1,0,0.2055,0.1952,0.4007,180.85129999999984,4.3214,6,3,83,434,434,0,49.28329999999999,1.1776,40,11,277,113,39,74,723.4792580152665,17.2876,1,1,22,25,25,0,7.033063,0,ok,logs/seed_437866.log
246441,baseline,NHEFT,1,0.0,0,0,0,0.1737,0.1345,0.3082,157.50969999999987,3.793,9,3,111,453,453,0,42.026599999999995,1.012,46,10,332,126,42,84,42.62288733045787,1.0264,62,15,340,174,124,50,7.768856,0,ok,logs/seed_246441.log
246441,comp_drt,NHEFT+CompDRT,0,0.0,1,1,0,0.1737,0.1345,0.3082,157.50969999999987,3.793,9,3,111,453,453,0,42.026599999999995,1.012,46,10,332,126,42,84,1043.3295304221258,25.1245,1,1,22,29,29,0,7.768856,0,ok,logs/seed_246441.log
834777,baseline,NHEFT,1,0.0,0,0,0,0.1935,0.2041,0.3976,208.06019999999975,5.4037,7,3,91,454,454,0,44.76459999999998,1.1626,51,11,308,140,34,106,45.8396470176991,1.1905,63,16,337,173,122,51,7.135757,0,ok,logs/seed_834777.log
834777,comp_drt,NHEFT+CompDRT,0,0.0,1,1,0,0.1935,0.2041,0.3976,208.06019999999975,5.4037,7,3,91,454,454,0,44.76459999999998,1.1626,51,11,308,140,34,106,962.5345890173406,24.9986,1,1,22,22,22,0,7.135757,0,ok,logs/seed_834777.log
159109,baseline,NHEFT,1,0.0,0,0,0,0.1764,0.1524,0.3288,250.93330000000003,6.4087,6,3,73,476,476,0,51.6931,1.3202,44,11,328,157,44,113,51.46132917294281,1.3143,63,13,344,174,130,44,6.940026,0,ok,logs/seed_159109.log
159109,comp_drt,NHEFT+CompDRT,0,0.0,1,1,0,0.1764,0.1524,0.3288,250.93330000000003,6.4087,6,3,73,476,476,0,51.6931,1.3202,44,11,328,157,44,113,1819.1482644351463,46.4603,1,1,22,25,25,0,6.940026,0,ok,logs/seed_159109.log
469145,baseline,NHEFT,1,0.0,0,0,0,0.188,0.1563,0.3443,180.29250000000016,5.3016,7,4,103,453,453,0,43.96469999999999,1.2928,41,9,306,145,44,101,42.421190608950845,1.2474,50,11,312,182,138,44,5.318028,0,ok,logs/seed_469145.log
469145,comp_drt,NHEFT+CompDRT,0,0.0,1,1,0,0.188,0.1563,0.3443,180.29250000000016,5.3016,7,4,103,453,453,0,43.96469999999999,1.2928,41,9,306,145,44,101,903.2550183486245,26.5609,1,1,22,24,24,0,5.318028,0,ok,logs/seed_469145.log
359039,baseline,NHEFT,1,0.0,0,0,0,0.1846,0.1506,0.3352,184.21169999999967,4.4993,7,3,104,467,467,0,43.8459,1.0709,38,8,308,102,36,66,43.48824809052333,1.0622,51,12,332,145,88,57,6.32286,0,ok,logs/seed_359039.log
359039,comp_drt,NHEFT+CompDRT,0,0.0,1,1,0,0.1846,0.1506,0.3352,184.21169999999967,4.4993,7,3,104,467,467,0,43.8459,1.0709,38,8,308,102,36,66,2227.656849829352,54.4102,1,1,22,29,29,0,6.32286,0,ok,logs/seed_359039.log
441554,baseline,NHEFT,1,0.0,0,0,0,0.2072,0.2115,0.4187,239.7750999999999,4.627,8,3,93,470,470,0,57.4539,1.1087,38,8,302,114,36,78,56.43476264656617,1.089,57,11,332,164,109,55,6.827999,0,ok,logs/seed_441554.log
441554,comp_drt,NHEFT+CompDRT,0,0.0,1,1,0,0.2072,0.2115,0.4187,239.7750999999999,4.627,8,3,93,470,470,0,57.4539,1.1087,38,8,302,114,36,78,1071.9495882747076,20.6855,1,1,22,26,26,0,6.827999,0,ok,logs/seed_441554.log
981230,baseline,NHEFT,1,0.0,0,0,0,0.1973,0.2017,0.399,229.22979999999995,6.2041,6,2,84,467,467,0,42.68530000000002,1.1553,43,10,311,125,41,84,38.98696250402864,1.0552,64,13,329,168,114,54,7.131003,0,ok,logs/seed_981230.log
981230,comp_drt,NHEFT+CompDRT,0,0.0,1,1,0,0.1973,0.2017,0.399,229.22979999999995,6.2041,6,2,84,467,467,0,42.68530000000002,1.1553,43,10,311,125,41,84,2233.7777919463056,60.4575,1,1,22,28,28,0,7.131003,0,ok,logs/seed_981230.log
386385,baseline,NHEFT,1,0.0,0,0,0,0.1964,0.208,0.4044,102.0014,2.6368,11,4,138,448,448,0,38.8674,1.0047,47,8,310,124,42,82,42.820179915134375,1.1069,58,10,311,171,128,43,5.956883,0,ok,logs/seed_386385.log
386385,comp_drt,NHEFT+CompDRT,0,0.0,1,1,0,0.1964,0.208,0.4044,102.0014,2.6368,11,4,138,448,448,0,38.8674,1.0047,47,8,310,124,42,82,764.2426540918159,19.756,1,1,22,22,22,0,5.956883,0,ok,logs/seed_386385.log
667900,baseline,NHEFT,1,0.0,0,0,0,0.1731,0.2036,0.3767,175.38389999999993,4.8967,9,3,105,475,475,0,45.363299999999995,1.2665,46,9,326,120,37,83,43.312266197183106,1.2093,55,13,330,156,107,49,6.844824,0,ok,logs/seed_667900.log
667900,comp_drt,NHEFT+CompDRT,0,0.0,1,1,0,0.1731,0.2036,0.3767,175.38389999999993,4.8967,9,3,105,475,475,0,45.363299999999995,1.2665,46,9,326,120,37,83,1195.0156943661968,33.3647,1,1,22,29,29,0,6.844824,0,ok,logs/seed_667900.log
361299,baseline,NHEFT,1,0.0,0,0,0,0.1902,0.216,0.4062,123.96619999999999,3.306,8,3,117,448,448,0,41.8927,1.1172,49,13,316,173,44,129,40.410578902229844,1.0777,62,14,333,194,152,42,7.906687,0,ok,logs/seed_361299.log
361299,comp_drt,NHEFT+CompDRT,0,0.0,1,1,0,0.1902,0.216,0.4062,123.96619999999999,3.306,8,3,117,448,448,0,41.8927,1.1172,49,13,316,173,44,129,923.8060052631562,24.6364,1,1,22,28,28,0,7.906687,0,ok,logs/seed_361299.log
270600,baseline,NHEFT,1,0.0,0,0,0,0.1882,0.1548,0.343,172.4317000000001,5.1021,6,2,88,444,444,0,44.3739,1.313,41,10,291,129,46,83,40.373833258064515,1.1946,62,13,319,162,112,50,6.50267,0,ok,logs/seed_270600.log
270600,comp_drt,NHEFT+CompDRT,0,0.0,1,1,0,0.1882,0.1548,0.343,172.4317000000001,5.1021,6,2,88,444,444,0,44.3739,1.313,41,10,291,129,46,83,793.615425336927,23.4825,1,1,22,31,31,0,6.50267,0,ok,logs/seed_270600.log
399493,baseline,NHEFT,1,0.0,0,0,0,0.1727,0.1577,0.3304,119.68969999999999,2.8494,11,3,134,459,459,0,47.894800000000004,1.1402,40,10,307,123,41,82,55.83389259259259,1.3292,55,12,318,166,127,39,7.589325,0,ok,logs/seed_399493.log
399493,comp_drt,NHEFT+CompDRT,0,0.0,1,1,0,0.1727,0.1577,0.3304,119.68969999999999,2.8494,11,3,134,459,459,0,47.894800000000004,1.1402,40,10,307,123,41,82,1324.4323997896943,31.5298,1,1,22,25,25,0,7.589325,0,ok,logs/seed_399493.log
344401,baseline,NHEFT,1,0.0,0,0,0,0.217,0.1837,0.4007,132.03830000000002,3.352,11,5,143,477,477,0,44.3005,1.1246,48,12,340,165,45,120,45.12077004407184,1.1455,68,14,352,194,150,44,6.710061,0,ok,logs/seed_344401.log
344401,comp_drt,NHEFT+CompDRT,0,0.0,1,1,0,0.217,0.1837,0.4007,132.03830000000002,3.352,11,5,143,477,477,0,44.3005,1.1246,48,12,340,165,45,120,1070.6243434202536,27.1795,1,1,22,29,29,0,6.710061,0,ok,logs/seed_344401.log
440653,baseline,NHEFT,1,0.0,0,0,0,0.1794,0.1523,0.3317,194.5917999999997,3.7803,10,4,117,496,496,0,56.413900000000005,1.096,43,9,348,141,39,102,53.38541262790698,1.0371,60,12,361,174,129,45,6.321493,0,ok,logs/seed_440653.log
440653,comp_drt,NHEFT+CompDRT,0,0.0,1,1,0,0.1794,0.1523,0.3317,194.5917999999997,3.7803,10,4,117,496,496,0,56.413900000000005,1.096,43,9,348,141,39,102,1110.8872767441862,21.5812,1,1,22,29,29,0,6.321493,0,ok,logs/seed_440653.log
422829,baseline,NHEFT,1,0.0,0,0,0,0.1669,0.2203,0.3872,286.5056000000001,7.073,8,3,84,459,459,0,53.19529999999999,1.3132,54,14,311,153,48,105,52.64254102564101,1.2996,58,15,343,188,129,59,6.584634,0,ok,logs/seed_422829.log
422829,comp_drt,NHEFT+CompDRT,0,0.0,1,1,0,0.1669,0.2203,0.3872,286.5056000000001,7.073,8,3,84,459,459,0,53.19529999999999,1.3132,54,14,311,153,48,105,1699.4813928286837,41.9556,1,1,22,26,26,0,6.584634,0,ok,logs/seed_422829.log
194493,baseline,NHEFT,1,0.0,0,0,0,0.1897,0.184,0.3737,227.0333999999994,5.0994,8,3,89,480,480,0,51.59339999999999,1.1588,42,7,324,125,37,88,49.80170553679946,1.1186,57,11,335,166,124,42,7.762974,0,ok,logs/seed_194493.log
194493,comp_drt,NHEFT+CompDRT,0,0.0,1,1,0,0.1897,0.184,0.3737,227.0333999999994,5.0994,8,3,89,480,480,0,51.59339999999999,1.1588,42,7,324,125,37,88,925.928871544715,20.7973,1,1,22,29,29,0,7.762974,0,ok,logs/seed_194493.log
79088,baseline,NHEFT,1,0.0,0,0,0,0.1763,0.1821,0.3584,161.7460000000003,3.4197,10,3,121,485,485,0,54.725500000000004,1.157,42,11,337,124,40,84,55.33102929936306,1.1698,56,13,349,170,120,50,6.198809,0,ok,logs/seed_79088.log
79088,comp_drt,NHEFT+CompDRT,0,0.0,1,1,0,0.1763,0.1821,0.3584,161.7460000000003,3.4197,10,3,121,485,485,0,54.725500000000004,1.157,42,11,337,124,40,84,1292.304393630574,27.3223,1,1,22,28,28,0,6.198809,0,ok,logs/seed_79088.log
144274,baseline,NHEFT,1,0.0,0,0,0,0.156,0.152,0.308,174.02050000000006,4.5214,10,3,107,486,486,0,50.2028,1.3044,46,10,330,143,48,95,46.91775026489106,1.219,55,12,337,167,134,33,7.115474,0,ok,logs/seed_144274.log
144274,comp_drt,NHEFT+CompDRT,0,0.0,1,1,0,0.156,0.152,0.308,174.02050000000006,4.5214,10,3,107,486,486,0,50.2028,1.3044,46,10,330,143,48,95,1338.9246361256555,34.7877,1,1,22,27,27,0,7.115474,0,ok,logs/seed_144274.log
568701,baseline,NHEFT,1,0.0,0,0,0,0.2139,0.2269,0.4408,219.85250000000016,7.6212,4,1,76,457,457,0,39.39639999999999,1.3657,39,8,317,107,34,73,39.17126809616952,1.3579,53,12,335,157,99,58,6.094866,0,ok,logs/seed_568701.log
568701,comp_drt,NHEFT+CompDRT,0,0.0,1,1,0,0.2139,0.2269,0.4408,219.85250000000016,7.6212,4,1,76,457,457,0,39.39639999999999,1.3657,39,8,317,107,34,73,549.0445300469478,19.0327,1,1,22,23,23,0,6.094866,0,ok,logs/seed_568701.log
643829,baseline,NHEFT,1,0.0,0,0,0,0.182,0.1803,0.3623,139.82499999999996,3.8399,14,4,128,480,480,0,42.42,1.1649,51,12,329,128,49,79,37.926798822638474,1.0416,60,12,347,168,125,43,6.71202,0,ok,logs/seed_643829.log
643829,comp_drt,NHEFT+CompDRT,0,0.0,1,1,0,0.182,0.1803,0.3623,139.82499999999996,3.8399,14,4,128,480,480,0,42.42,1.1649,51,12,329,128,49,79,2067.3406567901256,56.7739,1,1,22,27,27,0,6.71202,0,ok,logs/seed_643829.log
271983,baseline,NHEFT,1,0.0,0,0,0,0.1824,0.1621,0.3445,138.63379999999952,3.8264,8,2,118,466,466,0,42.3418,1.1687,44,10,318,140,43,97,44.31486666666666,1.2231,59,12,347,179,136,43,6.994023,0,ok,logs/seed_271983.log
271983,comp_drt,NHEFT+CompDRT,0,0.0,1,1,0,0.1824,0.1621,0.3445,138.63379999999952,3.8264,8,2,118,466,466,0,42.3418,1.1687,44,10,318,140,43,97,751.3508367816094,20.7377,1,1,22,27,27,0,6.994023,0,ok,logs/seed_271983.log
197314,baseline,NHEFT,1,0.0,0,0,0,0.1789,0.1594,0.3383,150.09770000000017,3.905,9,3,118,451,451,0,41.617799999999995,1.0828,43,9,323,120,48,72,42.07298316831684,1.0946,61,13,334,184,125,59,6.587653,0,ok,logs/seed_197314.log
197314,comp_drt,NHEFT+CompDRT,0,0.0,1,1,0,0.1789,0.1594,0.3383,150.09770000000017,3.905,9,3,118,451,451,0,41.617799999999995,1.0828,43,9,323,120,48,72,971.9010210526313,25.2856,1,1,22,27,27,0,6.587653,0,ok,logs/seed_197314.log
994686,baseline,NHEFT,1,0.0,0,0,0,0.2032,0.2334,0.4366,121.26149999999994,3.2757,13,4,147,478,478,0,43.62710000000001,1.1785,44,8,319,132,41,91,45.086413019891495,1.2179,57,12,334,176,132,44,7.47691,0,ok,logs/seed_994686.log
994686,comp_drt,NHEFT+CompDRT,0,0.0,1,1,0,0.2032,0.2334,0.4366,121.26149999999994,3.2757,13,4,147,478,478,0,43.62710000000001,1.1785,44,8,319,132,41,91,790.8747954792044,21.3644,1,1,22,22,22,0,7.47691,0,ok,logs/seed_994686.log
282842,baseline,NHEFT,1,0.0,0,0,0,0.1971,0.2094,0.4065,203.03759999999986,5.4,10,3,97,455,455,0,44.061699999999995,1.1719,42,9,309,135,48,87,50.460378590078335,1.342,52,11,309,164,110,54,5.6228,0,ok,logs/seed_282842.log
282842,comp_drt,NHEFT+CompDRT,0,0.0,1,1,0,0.1971,0.2094,0.4065,203.03759999999986,5.4,10,3,97,455,455,0,44.061699999999995,1.1719,42,9,309,135,48,87,925.7713831546706,24.6219,1,1,22,27,27,0,5.6228,0,ok,logs/seed_282842.log
137602,baseline,NHEFT,1,0.0,0,0,0,0.1916,0.1556,0.3472,106.28069999999992,2.2814,13,3,158,442,442,0,47.671200000000006,1.0233,46,9,312,124,45,79,47.75596645713161,1.0251,56,12,322,168,135,33,7.958943,0,ok,logs/seed_137602.log
137602,comp_drt,NHEFT+CompDRT,0,0.0,1,1,0,0.1916,0.1556,0.3472,106.28069999999992,2.2814,13,3,158,442,442,0,47.671200000000006,1.0233,46,9,312,124,45,79,1245.5486513089,26.7365,1,1,22,30,30,0,7.958943,0,ok,logs/seed_137602.log
472131,baseline,NHEFT,1,0.0,0,0,0,0.1774,0.1532,0.3306,183.5550999999998,4.3938,11,4,111,448,448,0,49.903,1.1946,45,9,327,129,37,92,49.42114988556115,1.183,57,13,310,171,129,42,6.791009,0,ok,logs/seed_472131.log
472131,comp_drt,NHEFT+CompDRT,0,0.0,1,1,0,0.1774,0.1532,0.3306,183.5550999999998,4.3938,11,4,111,448,448,0,49.903,1.1946,45,9,327,129,37,92,2066.8200474966175,49.4745,1,1,22,31,31,0,6.791009,0,ok,logs/seed_472131.log
327054,baseline,NHEFT,1,0.0,0,0,0,0.1982,0.1975,0.3957,188.88849999999974,4.9573,7,2,96,441,441,0,44.381099999999996,1.1648,40,8,305,112,42,70,47.78889027431421,1.2542,49,9,327,157,112,45,5.779315,0,ok,logs/seed_327054.log
327054,comp_drt,NHEFT+CompDRT,0,0.0,1,1,0,0.1982,0.1975,0.3957,188.88849999999974,4.9573,7,2,96,441,441,0,44.381099999999996,1.1648,40,8,305,112,42,70,752.3967326599322,19.7463,1,1,22,26,26,0,5.779315,0,ok,logs/seed_327054.log
416581,baseline,NHEFT,1,0.0,0,0,0,0.1854,0.1869,0.3723,124.35599999999981,3.0388,11,3,143,480,480,0,43.79990000000001,1.0703,43,9,324,123,44,79,49.00992687140115,1.1976,55,11,344,173,131,42,6.896831,0,ok,logs/seed_416581.log
416581,comp_drt,NHEFT+CompDRT,0,0.0,1,1,0,0.1854,0.1869,0.3723,124.35599999999981,3.0388,11,3,143,480,480,0,43.79990000000001,1.0703,43,9,324,123,44,79,1664.3594383838376,40.6707,1,1,22,26,26,0,6.896831,0,ok,logs/seed_416581.log
223716,baseline,NHEFT,1,0.0,0,0,0,0.1848,0.2173,0.4021,129.0050000000003,3.3578,14,4,161,511,511,0,46.9594,1.2223,50,13,341,170,43,127,46.20579313543598,1.2027,61,15,363,204,137,67,8.766394,0,ok,logs/seed_223716.log
223716,comp_drt,NHEFT+CompDRT,0,0.0,1,1,0,0.1848,0.2173,0.4021,129.0050000000003,3.3578,14,4,161,511,511,0,46.9594,1.2223,50,13,341,170,43,127,1884.178110331384,49.0424,1,1,22,27,27,0,8.766394,0,ok,logs/seed_223716.log
116436,baseline,NHEFT,1,0.0,0,0,0,0.1945,0.2037,0.3982,176.12350000000066,4.751,10,3,112,468,468,0,44.852799999999995,1.2099,45,11,341,151,49,102,42.15653902439024,1.1372,69,15,353,199,144,55,7.462493,0,ok,logs/seed_116436.log
116436,comp_drt,NHEFT+CompDRT,0,0.0,1,1,0,0.1945,0.2037,0.3982,176.12350000000066,4.751,10,3,112,468,468,0,44.852799999999995,1.2099,45,11,341,151,49,102,777.1847756097571,20.9648,1,1,22,24,24,0,7.462493,0,ok,logs/seed_116436.log
650936,baseline,NHEFT,1,0.0,0,0,0,0.1781,0.2328,0.4109,104.00830000000016,3.0882,8,2,122,447,447,0,43.15700000000001,1.2814,41,9,311,115,45,70,41.73063664356437,1.2391,53,13,315,166,133,33,6.11258,0,ok,logs/seed_650936.log
650936,comp_drt,NHEFT+CompDRT,0,0.0,1,1,0,0.1781,0.2328,0.4109,104.00830000000016,3.0882,8,2,122,447,447,0,43.15700000000001,1.2814,41,9,311,115,45,70,1346.7515050497332,39.9881,1,1,22,30,30,0,6.11258,0,ok,logs/seed_650936.log
516657,baseline,NHEFT,1,0.0,0,0,0,0.1893,0.1882,0.3775,127.1535999999997,3.1499,11,3,142,461,461,0,44.987899999999996,1.1145,44,13,313,139,38,101,49.93676801909309,1.2371,62,14,346,187,140,47,6.688186,0,ok,logs/seed_516657.log
516657,comp_drt,NHEFT+CompDRT,0,0.0,1,1,0,0.1893,0.1882,0.3775,127.1535999999997,3.1499,11,3,142,461,461,0,44.987899999999996,1.1145,44,13,313,139,38,101,1207.4032543307078,29.9102,1,1,22,25,25,0,6.688186,0,ok,logs/seed_516657.log
687865,baseline,NHEFT,1,0.0,0,0,0,0.178,0.2036,0.3816,234.49929999999927,6.911,7,3,77,456,456,0,45.56929999999999,1.343,48,13,306,143,51,92,49.18419352517986,1.4495,53,13,328,188,141,47,5.484881,0,ok,logs/seed_687865.log
687865,comp_drt,NHEFT+CompDRT,0,0.0,1,1,0,0.178,0.2036,0.3816,234.49929999999927,6.911,7,3,77,456,456,0,45.56929999999999,1.343,48,13,306,143,51,92,1516.6782494208499,44.6982,1,1,22,29,29,0,5.484881,0,ok,logs/seed_687865.log
715106,baseline,NHEFT,1,0.0,0,0,0,0.1912,0.1675,0.3587,107.26909999999994,2.4927,14,3,169,478,478,0,44.484899999999996,1.0337,40,9,322,95,50,45,44.683956316590574,1.0384,60,12,336,179,132,47,8.18807,0,ok,logs/seed_715106.log
715106,comp_drt,NHEFT+CompDRT,0,0.0,1,1,0,0.1912,0.1675,0.3587,107.26909999999994,2.4927,14,3,169,478,478,0,44.484899999999996,1.0337,40,9,322,95,50,45,911.3162472222224,21.1771,1,1,22,25,25,0,8.18807,0,ok,logs/seed_715106.log
293374,baseline,NHEFT,1,0.0,0,0,0,0.1907,0.1945,0.3852,161.06280000000012,4.1002,8,4,98,432,432,0,42.392799999999994,1.0792,41,10,308,121,41,80,44.47956675963718,1.1323,51,11,306,165,106,59,7.030719,0,ok,logs/seed_293374.log
293374,comp_drt,NHEFT+CompDRT,0,0.0,1,1,0,0.1907,0.1945,0.3852,161.06280000000012,4.1002,8,4,98,432,432,0,42.392799999999994,1.0792,41,10,308,121,41,80,974.8764509769088,24.8174,1,1,22,28,28,0,7.030719,0,ok,logs/seed_293374.log
658834,baseline,NHEFT,1,0.0,0,0,0,0.2047,0.2403,0.445,143.84969999999987,4.3045,10,3,114,440,440,0,40.5534,1.2135,47,10,307,147,41,106,41.564959616469245,1.2438,55,13,323,154,107,47,7.152764,0,ok,logs/seed_658834.log
658834,comp_drt,NHEFT+CompDRT,0,0.0,1,1,0,0.2047,0.2403,0.445,143.84969999999987,4.3045,10,3,114,440,440,0,40.5534,1.2135,47,10,307,147,41,106,785.0834968253953,23.4923,1,1,22,24,24,0,7.152764,0,ok,logs/seed_658834.log
23329,baseline,NHEFT,1,0.0,0,0,0,0.1929,0.1549,0.3478,122.06749999999975,3.9155,11,5,123,458,458,0,40.0003,1.2831,48,11,328,151,47,104,36.76306885364095,1.1792,58,15,340,186,129,57,6.068301,0,ok,logs/seed_23329.log
23329,comp_drt,NHEFT+CompDRT,0,0.0,1,1,0,0.1929,0.1549,0.3478,122.06749999999975,3.9155,11,5,123,458,458,0,40.0003,1.2831,48,11,328,151,47,104,1312.8091752327753,42.1106,1,1,22,27,27,0,6.068301,0,ok,logs/seed_23329.log
661707,baseline,NHEFT,1,0.0,0,0,0,0.2019,0.1754,0.3773,136.0095999999999,2.9212,12,3,130,466,466,0,51.1468,1.0985,46,11,320,149,40,109,52.3125320754717,1.1236,62,13,340,194,140,54,6.597973,0,ok,logs/seed_661707.log
661707,comp_drt,NHEFT+CompDRT,0,0.0,1,1,0,0.2019,0.1754,0.3773,136.0095999999999,2.9212,12,3,130,466,466,0,51.1468,1.0985,46,11,320,149,40,109,1103.6085701492543,23.7035,1,1,22,27,27,0,6.597973,0,ok,logs/seed_661707.log
579773,baseline,NHEFT,1,0.0,0,0,0,0.2021,0.216,0.4181,223.0400000000005,5.6306,7,2,82,435,435,0,41.5596,1.0492,40,10,316,116,35,81,40.750720066334985,1.0287,53,11,327,169,109,60,6.310873,0,ok,logs/seed_579773.log
579773,comp_drt,NHEFT+CompDRT,0,0.0,1,1,0,0.2021,0.216,0.4181,223.0400000000005,5.6306,7,2,82,435,435,0,41.5596,1.0492,40,10,316,116,35,81,1064.6747939759034,26.8776,1,1,22,29,29,0,6.310873,0,ok,logs/seed_579773.log
688431,baseline,NHEFT,1,0.0,0,0,0,0.1846,0.1694,0.354,277.77989999999994,6.1103,6,4,72,464,464,0,60.5484,1.3319,41,9,316,124,45,79,55.154878404512495,1.2132,52,11,303,148,102,46,8.131715,0,ok,logs/seed_688431.log
688431,comp_drt,NHEFT+CompDRT,0,0.0,1,1,0,0.1846,0.1694,0.354,277.77989999999994,6.1103,6,4,72,464,464,0,60.5484,1.3319,41,9,316,124,45,79,1120.1445559539059,24.6396,1,1,22,26,26,0,8.131715,0,ok,logs/seed_688431.log
735633,baseline,NHEFT,1,0.0,0,0,0,0.1882,0.1782,0.3664,212.03970000000015,4.8625,9,4,94,460,460,0,48.6821,1.1164,43,9,325,129,37,92,45.04766457990114,1.033,54,12,322,169,99,70,5.667292,0,ok,logs/seed_735633.log
735633,comp_drt,NHEFT+CompDRT,0,0.0,1,1,0,0.1882,0.1782,0.3664,212.03970000000015,4.8625,9,4,94,460,460,0,48.6821,1.1164,43,9,325,129,37,92,919.9488492433051,21.0962,1,1,22,27,27,0,5.667292,0,ok,logs/seed_735633.log
208263,baseline,NHEFT,1,0.0,0,0,0,0.1855,0.1704,0.3559,117.1944000000001,2.7559,13,5,147,455,455,0,49.67259999999999,1.1681,36,10,310,131,43,88,49.67259658703071,1.1681,62,15,323,191,131,60,6.134377,0,ok,logs/seed_208263.log
208263,comp_drt,NHEFT+CompDRT,0,0.0,1,1,0,0.1855,0.1704,0.3559,117.1944000000001,2.7559,13,5,147,455,455,0,49.67259999999999,1.1681,36,10,310,131,43,88,2173.681774969915,51.1154,1,1,22,28,28,0,6.134377,0,ok,logs/seed_208263.log
733953,baseline,NHEFT,1,0.0,0,0,0,0.1936,0.166,0.3596,175.52039999999948,4.3959,11,3,109,474,474,0,43.967499999999994,1.1012,52,12,341,139,40,99,42.20866574695863,1.0571,66,13,355,193,131,62,6.641247,0,ok,logs/seed_733953.log
733953,comp_drt,NHEFT+CompDRT,0,0.0,1,1,0,0.1936,0.166,0.3596,175.52039999999948,4.3959,11,3,109,474,474,0,43.967499999999994,1.1012,52,12,341,139,40,99,886.0004869362361,22.1898,1,1,22,23,23,0,6.641247,0,ok,logs/seed_733953.log
241442,baseline,NHEFT,1,0.0,0,0,0,0.1826,0.2132,0.3958,231.17239999999987,7.1241,7,3,87,451,451,0,46.4996,1.433,54,11,296,142,41,101,42.547460654288244,1.3112,60,14,334,168,115,53,7.606761,0,ok,logs/seed_241442.log
241442,comp_drt,NHEFT+CompDRT,0,0.0,1,1,0,0.1826,0.2132,0.3958,231.17239999999987,7.1241,7,3,87,451,451,0,46.4996,1.433,54,11,296,142,41,101,2177.60997639123,67.1081,1,1,22,26,26,0,7.606761,0,ok,logs/seed_241442.log
665452,baseline,NHEFT,1,0.0,0,0,0,0.1972,0.1697,0.3669,171.0552999999999,4.0058,9,5,115,458,458,0,44.325500000000005,1.038,45,10,310,132,43,89,49.20367586206897,1.1523,56,11,345,174,131,43,8.255508,0,ok,logs/seed_665452.log
665452,comp_drt,NHEFT+CompDRT,0,0.0,1,1,0,0.1972,0.1697,0.3669,171.0552999999999,4.0058,9,5,115,458,458,0,44.325500000000005,1.038,45,10,310,132,43,89,907.9252564273789,21.2619,1,1,22,29,29,0,8.255508,0,ok,logs/seed_665452.log
631051,baseline,NHEFT,1,0.0,0,0,0,0.1833,0.1764,0.3597,199.07069999999996,6.856,6,2,82,446,446,0,39.938,1.3755,40,9,326,115,37,78,37.178122033898305,1.2804,54,11,329,165,113,52,6.497166,0,ok,logs/seed_631051.log
631051,comp_drt,NHEFT+CompDRT,0,0.0,1,1,0,0.1833,0.1764,0.3597,199.07069999999996,6.856,6,2,82,446,446,0,39.938,1.3755,40,9,326,115,37,78,721.6906,24.8552,1,1,22,23,23,0,6.497166,0,ok,logs/seed_631051.log
497919,baseline,NHEFT,1,0.0,0,0,0,0.174,0.1734,0.3474,138.7365000000001,3.3633,11,3,138,464,464,0,47.787,1.1585,40,9,322,135,37,98,47.59844761904762,1.1539,52,12,335,163,113,50,7.010582,0,ok,logs/seed_497919.log
497919,comp_drt,NHEFT+CompDRT,0,0.0,1,1,0,0.174,0.1734,0.3474,138.7365000000001,3.3633,11,3,138,464,464,0,47.787,1.1585,40,9,322,135,37,98,1414.6061187919456,34.2933,1,1,22,26,26,0,7.010582,0,ok,logs/seed_497919.log
960027,baseline,NHEFT,1,0.0,0,0,0,0.2042,0.1819,0.3861,193.96009999999987,6.0487,6,2,77,424,424,0,41.32079999999999,1.2886,34,8,293,93,36,57,34.98543243478261,1.091,49,10,315,132,82,50,5.873039,0,ok,logs/seed_960027.log
960027,comp_drt,NHEFT+CompDRT,0,0.0,1,1,0,0.2042,0.1819,0.3861,193.96009999999987,6.0487,6,2,77,424,424,0,41.32079999999999,1.2886,34,8,293,93,36,57,798.6453925465835,24.9059,1,1,22,27,27,0,5.873039,0,ok,logs/seed_960027.log
305476,baseline,NHEFT,1,0.0,0,0,0,0.2147,0.2213,0.436,227.94810000000035,4.7819,7,3,79,480,480,0,49.3941,1.0362,54,11,310,151,39,112,49.06945023547881,1.0294,57,11,337,172,120,52,8.262953,0,ok,logs/seed_305476.log
305476,comp_drt,NHEFT+CompDRT,0,0.0,1,1,0,0.2147,0.2213,0.436,227.94810000000035,4.7819,7,3,79,480,480,0,49.3941,1.0362,54,11,310,151,39,112,840.3856579804554,17.6295,1,1,22,28,28,0,8.262953,0,ok,logs/seed_305476.log
365837,baseline,NHEFT,1,0.0,0,0,0,0.1763,0.1743,0.3506,202.51570000000044,4.9167,7,2,93,460,460,0,49.42870000000001,1.2,42,9,319,132,41,91,48.054426917753325,1.1667,59,12,330,191,133,58,8.237335,0,ok,logs/seed_365837.log
365837,comp_drt,NHEFT+CompDRT,0,0.0,1,1,0,0.1763,0.1743,0.3506,202.51570000000044,4.9167,7,2,93,460,460,0,49.42870000000001,1.2,42,9,319,132,41,91,936.9802629482057,22.748,1,1,22,31,31,0,8.237335,0,ok,logs/seed_365837.log
514986,baseline,NHEFT,1,0.0,0,0,0,0.1708,0.2199,0.3907,284.4867000000001,4.9789,8,3,89,452,452,0,59.175799999999995,1.0357,41,11,307,135,34,101,58.45495562065462,1.023,57,12,314,182,131,51,6.182669,0,ok,logs/seed_514986.log
514986,comp_drt,NHEFT+CompDRT,0,0.0,1,1,0,0.1708,0.2199,0.3907,284.4867000000001,4.9789,8,3,89,452,452,0,59.175799999999995,1.0357,41,11,307,135,34,101,1404.3652458167323,24.5784,1,1,22,31,31,0,6.182669,0,ok,logs/seed_514986.log
291361,baseline,NHEFT,1,0.0,0,0,0,0.2212,0.1765,0.3977,171.7974999999996,4.1556,10,3,117,458,458,0,45.507000000000005,1.1008,44,9,322,126,42,84,48.376235294117656,1.1702,50,10,326,160,127,33,6.69769,0,ok,logs/seed_291361.log
291361,comp_drt,NHEFT+CompDRT,0,0.0,1,1,0,0.2212,0.1765,0.3977,171.7974999999996,4.1556,10,3,117,458,458,0,45.507000000000005,1.1008,44,9,322,126,42,84,724.1338282776351,17.5161,1,1,22,26,26,0,6.69769,0,ok,logs/seed_291361.log
831040,baseline,NHEFT,1,0.0,0,0,0,0.1889,0.1628,0.3517,204.41469999999975,4.7363,12,4,94,450,450,0,47.70909999999999,1.1054,46,11,290,130,46,84,59.03225746549562,1.3678,49,14,309,152,105,47,6.650336,0,ok,logs/seed_831040.log
831040,comp_drt,NHEFT+CompDRT,0,0.0,1,1,0,0.1889,0.1628,0.3517,204.41469999999975,4.7363,12,4,94,450,450,0,47.70909999999999,1.1054,46,11,290,130,46,84,1575.053312965963,36.4941,1,1,22,29,29,0,6.650336,0,ok,logs/seed_831040.log
900613,baseline,NHEFT,1,0.0,0,0,0,0.1804,0.171,0.3514,122.94799999999977,3.1863,12,4,150,461,461,0,40.7277,1.0555,47,11,326,137,45,92,40.978320726783316,1.062,62,14,339,181,123,58,6.562868,0,ok,logs/seed_900613.log
900613,comp_drt,NHEFT+CompDRT,0,0.0,1,1,0,0.1804,0.171,0.3514,122.94799999999977,3.1863,12,4,150,461,461,0,40.7277,1.0555,47,11,326,137,45,92,899.6310563567362,23.315,1,1,22,25,25,0,6.562868,0,ok,logs/seed_900613.log
738426,baseline,NHEFT,1,0.0,0,0,0,0.1884,0.1931,0.3815,191.09349999999998,4.7609,9,4,114,485,485,0,48.215300000000006,1.2012,40,8,333,131,41,90,44.487788495575224,1.1084,61,12,353,184,136,48,7.003703,0,ok,logs/seed_738426.log
738426,comp_drt,NHEFT+CompDRT,0,0.0,1,1,0,0.1884,0.1931,0.3815,191.09349999999998,4.7609,9,4,114,485,485,0,48.215300000000006,1.2012,40,8,333,131,41,90,836.8036606440071,20.848,1,1,22,24,24,0,7.003703,0,ok,logs/seed_738426.log
924607,baseline,NHEFT,1,0.0,0,0,0,0.1951,0.2352,0.4303,127.71670000000034,3.2553,9,3,130,453,453,0,41.845400000000005,1.0666,41,10,313,128,41,87,41.84539915134371,1.0666,59,13,337,177,119,58,7.014703,0,ok,logs/seed_924607.log
924607,comp_drt,NHEFT+CompDRT,0,0.0,1,1,0,0.1951,0.2352,0.4303,127.71670000000034,3.2553,9,3,130,453,453,0,41.845400000000005,1.0666,41,10,313,128,41,87,678.1585991513441,17.285,1,1,22,27,27,0,7.014703,0,ok,logs/seed_924607.log
461861,baseline,NHEFT,1,0.0,0,0,0,0.1708,0.1827,0.3535,208.87509999999995,6.3411,6,3,84,446,446,0,44.2591,1.3436,41,8,286,92,41,51,42.79233671915475,1.2991,51,11,317,123,97,26,5.495726,0,ok,logs/seed_461861.log
461861,comp_drt,NHEFT+CompDRT,0,0.0,1,1,0,0.1708,0.1827,0.3535,208.87509999999995,6.3411,6,3,84,446,446,0,44.2591,1.3436,41,8,286,92,41,51,1079.412191397851,32.769,1,1,22,24,24,0,5.495726,0,ok,logs/seed_461861.log
854725,baseline,NHEFT,1,0.0,0,0,0,0.1939,0.1861,0.38,241.53629999999995,6.74,8,3,85,489,489,0,48.81170000000001,1.3621,48,11,329,159,45,114,41.466570990592665,1.1571,67,16,360,199,132,67,6.778695,0,ok,logs/seed_854725.log
854725,comp_drt,NHEFT+CompDRT,0,0.0,1,1,0,0.1939,0.1861,0.38,241.53629999999995,6.74,8,3,85,489,489,0,48.81170000000001,1.3621,48,11,329,159,45,114,2345.8113571428567,65.4593,1,1,22,27,27,0,6.778695,0,ok,logs/seed_854725.log
808927,baseline,NHEFT,1,0.0,0,0,0,0.1998,0.2406,0.4404,158.2971999999997,4.4793,8,3,100,484,484,0,44.0863,1.2475,45,8,316,126,49,77,37.977291836653386,1.0746,55,12,343,171,122,49,7.515073,0,ok,logs/seed_808927.log
808927,comp_drt,NHEFT+CompDRT,0,0.0,1,1,0,0.1998,0.2406,0.4404,158.2971999999997,4.4793,8,3,100,484,484,0,44.0863,1.2475,45,8,316,126,49,77,1593.2683501992021,45.0844,1,1,22,29,29,0,7.515073,0,ok,logs/seed_808927.log
826006,baseline,NHEFT,1,0.0,0,0,0,0.183,0.192,0.375,121.7118000000002,2.8187,11,3,150,445,445,0,49.06679999999999,1.1363,44,10,327,121,47,74,44.785646948660016,1.0372,63,14,316,186,139,47,6.232622,0,ok,logs/seed_826006.log
826006,comp_drt,NHEFT+CompDRT,0,0.0,1,1,0,0.183,0.192,0.375,121.7118000000002,2.8187,11,3,150,445,445,0,49.06679999999999,1.1363,44,10,327,121,47,74,958.597870919325,22.2,1,1,22,28,28,0,6.232622,0,ok,logs/seed_826006.log
522333,baseline,NHEFT,1,0.0,0,0,0,0.1871,0.2328,0.4199,206.29640000000012,5.5491,10,3,98,468,468,0,48.940500000000014,1.3164,47,10,319,131,43,88,47.60057222222223,1.2804,58,13,317,161,103,58,7.478953,0,ok,logs/seed_522333.log
522333,comp_drt,NHEFT+CompDRT,0,0.0,1,1,0,0.1871,0.2328,0.4199,206.29640000000012,5.5491,10,3,98,468,468,0,48.940500000000014,1.3164,47,10,319,131,43,88,1274.5239670498074,34.2829,1,1,22,28,28,0,7.478953,0,ok,logs/seed_522333.log
245912,baseline,NHEFT,1,0.0,0,0,0,0.2015,0.2221,0.4236,147.97940000000006,3.2363,10,2,122,466,466,0,52.5352,1.149,42,8,302,117,47,70,52.49478613138686,1.1481,51,11,329,164,120,44,8.121328,0,ok,logs/seed_245912.log
245912,comp_drt,NHEFT+CompDRT,0,0.0,1,1,0,0.2015,0.2221,0.4236,147.97940000000006,3.2363,10,2,122,466,466,0,52.5352,1.149,42,8,302,117,47,70,674.6979420880916,14.7558,1,1,22,28,28,0,8.121328,0,ok,logs/seed_245912.log
758389,baseline,NHEFT,1,0.0,0,0,0,0.1989,0.1904,0.3893,197.65230000000037,6.0417,7,4,93,451,451,0,43.068799999999996,1.3165,55,13,302,147,53,94,43.89608254326561,1.3418,57,13,325,158,118,40,6.510092,0,ok,logs/seed_758389.log
758389,comp_drt,NHEFT+CompDRT,0,0.0,1,1,0,0.1989,0.1904,0.3893,197.65230000000037,6.0417,7,4,93,451,451,0,43.068799999999996,1.3165,55,13,302,147,53,94,1384.9380269286755,42.3337,1,1,22,27,27,0,6.510092,0,ok,logs/seed_758389.log
631363,baseline,NHEFT,1,0.0,0,0,0,0.1906,0.1872,0.3778,218.04949999999963,5.8681,6,3,88,457,457,0,39.8693,1.073,45,8,322,122,34,88,38.359887417218545,1.0323,62,12,331,172,114,58,7.875664,0,ok,logs/seed_631363.log
631363,comp_drt,NHEFT+CompDRT,0,0.0,1,1,0,0.1906,0.1872,0.3778,218.04949999999963,5.8681,6,3,88,457,457,0,39.8693,1.073,45,8,322,122,34,88,825.2284304635767,22.2085,1,1,22,20,20,0,7.875664,0,ok,logs/seed_631363.log
766985,baseline,NHEFT,1,0.0,0,0,0,0.1934,0.1641,0.3575,168.65969999999996,4.3525,10,3,108,444,444,0,41.981,1.0834,46,10,310,137,43,94,43.48734547895612,1.1223,57,12,327,162,106,56,6.910039,0,ok,logs/seed_766985.log
766985,comp_drt,NHEFT+CompDRT,0,0.0,1,1,0,0.1934,0.1641,0.3575,168.65969999999996,4.3525,10,3,108,444,444,0,41.981,1.0834,46,10,310,137,43,94,1062.611123923445,27.4222,1,1,22,26,26,0,6.910039,0,ok,logs/seed_766985.log
582309,baseline,NHEFT,1,0.0,0,0,0,0.1957,0.1488,0.3445,121.54539999999996,3.7179,8,3,113,442,442,0,43.8203,1.3404,35,7,288,111,40,71,43.04456341397153,1.3167,50,11,306,139,101,38,4.908368,0,ok,logs/seed_582309.log
582309,comp_drt,NHEFT+CompDRT,0,0.0,1,1,0,0.1957,0.1488,0.3445,121.54539999999996,3.7179,8,3,113,442,442,0,43.8203,1.3404,35,7,288,111,40,71,837.2961205804751,25.6118,1,1,22,25,25,0,4.908368,0,ok,logs/seed_582309.log
846927,baseline,NHEFT,1,0.0,0,0,0,0.1828,0.1961,0.3789,239.95969999999997,6.8385,6,2,81,483,483,0,47.2958,1.3479,46,8,338,130,34,96,42.16978229317852,1.2018,66,12,376,184,93,91,7.743829,0,ok,logs/seed_846927.log
846927,comp_drt,NHEFT+CompDRT,0,0.0,1,1,0,0.1828,0.1961,0.3789,239.95969999999997,6.8385,6,2,81,483,483,0,47.2958,1.3479,46,8,338,130,34,96,1012.4461043541367,28.8531,1,1,22,22,22,0,7.743829,0,ok,logs/seed_846927.log
763059,baseline,NHEFT,1,0.0,0,0,0,0.2064,0.211,0.4174,231.29240000000033,5.5256,7,3,85,452,452,0,52.33699999999999,1.2503,49,10,304,131,38,93,51.95912558139535,1.2413,56,12,326,172,116,56,5.501983,0,ok,logs/seed_763059.log
763059,comp_drt,NHEFT+CompDRT,0,0.0,1,1,0,0.2064,0.211,0.4174,231.29240000000033,5.5256,7,3,85,452,452,0,52.33699999999999,1.2503,49,10,304,131,38,93,942.9218340288911,22.5263,1,1,22,28,28,0,5.501983,0,ok,logs/seed_763059.log
861602,baseline,NHEFT,1,0.0,0,0,0,0.2176,0.2007,0.4183,212.66930000000028,6.4485,9,5,94,488,488,0,43.30209999999999,1.313,48,9,344,149,36,113,42.54245120147874,1.29,57,12,351,190,138,52,6.823384,0,ok,logs/seed_861602.log
861602,comp_drt,NHEFT+CompDRT,0,0.0,1,1,0,0.2176,0.2007,0.4183,212.66930000000028,6.4485,9,5,94,488,488,0,43.30209999999999,1.313,48,9,344,149,36,113,716.2025574861368,21.7165,1,1,22,24,24,0,6.823384,0,ok,logs/seed_861602.log
631173,baseline,NHEFT,1,0.0,0,0,0,0.1938,0.1678,0.3616,170.0437000000004,4.1764,9,3,106,457,457,0,46.016,1.1302,51,11,324,135,43,92,49.862740281575896,1.2247,62,12,341,181,128,53,7.906517,0,ok,logs/seed_631173.log
631173,comp_drt,NHEFT+CompDRT,0,0.0,1,1,0,0.1938,0.1678,0.3616,170.0437000000004,4.1764,9,3,106,457,457,0,46.016,1.1302,51,11,324,135,43,92,1128.5987801024776,27.7191,1,1,22,27,27,0,7.906517,0,ok,logs/seed_631173.log
53408,baseline,NHEFT,1,0.0,0,0,0,0.1936,0.2038,0.3974,254.8335999999995,6.5221,5,2,63,453,453,0,52.36670000000001,1.3403,48,12,305,151,44,107,44.78286873449131,1.1462,52,12,312,165,134,31,8.557339,0,ok,logs/seed_53408.log
53408,comp_drt,NHEFT+CompDRT,0,0.0,1,1,0,0.1936,0.2038,0.3974,254.8335999999995,6.5221,5,2,63,453,453,0,52.36670000000001,1.3403,48,12,305,151,44,107,870.7693768772344,22.2862,1,1,22,32,32,0,8.557339,0,ok,logs/seed_53408.log
328439,baseline,NHEFT,1,0.0,0,0,0,0.1792,0.1689,0.3481,196.37099999999998,5.4808,8,2,99,464,464,0,45.86140000000001,1.28,44,10,314,116,47,69,43.598845230916474,1.2169,58,13,327,154,107,47,7.065229,0,ok,logs/seed_328439.log
328439,comp_drt,NHEFT+CompDRT,0,0.0,1,1,0,0.1792,0.1689,0.3481,196.37099999999998,5.4808,8,2,99,464,464,0,45.86140000000001,1.28,44,10,314,116,47,69,1123.0218486486485,31.3442,1,1,22,27,27,0,7.065229,0,ok,logs/seed_328439.log
1087,baseline,NHEFT,1,0.0,0,0,0,0.1779,0.1938,0.3717,220.61650000000023,5.1665,6,3,82,455,455,0,49.1921,1.152,54,13,305,149,43,106,47.309624454833596,1.1079,64,14,326,172,122,50,6.329975,0,ok,logs/seed_1087.log
1087,comp_drt,NHEFT+CompDRT,0,0.0,1,1,0,0.1779,0.1938,0.3717,220.61650000000023,5.1665,6,3,82,455,455,0,49.1921,1.152,54,13,305,149,43,106,987.7467280991733,23.1315,1,1,22,31,31,0,6.329975,0,ok,logs/seed_1087.log
577361,baseline,NHEFT,1,0.0,0,0,0,0.2042,0.2103,0.4145,201.28650000000022,4.8636,7,2,88,434,434,0,42.37289999999999,1.0238,50,12,311,138,48,90,42.70569855072463,1.0319,67,15,334,176,114,62,6.174946,0,ok,logs/seed_577361.log
577361,comp_drt,NHEFT+CompDRT,0,0.0,1,1,0,0.2042,0.2103,0.4145,201.28650000000022,4.8636,7,2,88,434,434,0,42.37289999999999,1.0238,50,12,311,138,48,90,642.0212449275363,15.513,1,1,22,33,33,0,6.174946,0,ok,logs/seed_577361.log
72146,baseline,NHEFT,1,0.0,0,0,0,0.1893,0.1884,0.3777,166.83559999999989,4.9939,11,4,117,446,446,0,42.370799999999996,1.2683,52,12,326,149,46,103,39.36205684870188,1.1782,62,15,345,181,137,44,6.980187,0,ok,logs/seed_72146.log
72146,comp_drt,NHEFT+CompDRT,0,0.0,1,1,0,0.1893,0.1884,0.3777,166.83559999999989,4.9939,11,4,117,446,446,0,42.370799999999996,1.2683,52,12,326,149,46,103,1121.3212779036826,33.5643,1,1,22,25,25,0,6.980187,0,ok,logs/seed_72146.log
479068,baseline,NHEFT,1,0.0,0,0,0,0.1582,0.1707,0.3289,210.76569999999978,6.6818,6,3,72,432,432,0,45.7704,1.451,47,12,294,150,34,116,38.32595292925616,1.215,59,14,311,176,112,64,5.247242,0,ok,logs/seed_479068.log
479068,comp_drt,NHEFT+CompDRT,0,0.0,1,1,0,0.1582,0.1707,0.3289,210.76569999999978,6.6818,6,3,72,432,432,0,45.7704,1.451,47,12,294,150,34,116,1679.1720674588669,53.2337,1,1,22,25,25,0,5.247242,0,ok,logs/seed_479068.log
267093,baseline,NHEFT,1,0.0,0,0,0,0.1481,0.1542,0.3023,226.6843,5.6343,7,2,89,473,473,0,54.05980000000001,1.3437,44,10,327,129,38,91,48.25743698630137,1.1995,59,14,342,169,118,51,6.242849,0,ok,logs/seed_267093.log
267093,comp_drt,NHEFT+CompDRT,0,0.0,1,1,0,0.1481,0.1542,0.3023,226.6843,5.6343,7,2,89,473,473,0,54.05980000000001,1.3437,44,10,327,129,38,91,1415.9399561954626,35.1938,1,1,22,25,25,0,6.242849,0,ok,logs/seed_267093.log
174052,baseline,NHEFT,1,0.0,0,0,0,0.1727,0.171,0.3437,206.61449999999954,5.5469,10,3,100,467,467,0,44.150099999999995,1.1853,45,11,336,122,42,80,39.66098625247853,1.0648,61,13,329,167,123,44,6.477022,0,ok,logs/seed_174052.log
174052,comp_drt,NHEFT+CompDRT,0,0.0,1,1,0,0.1727,0.171,0.3437,206.61449999999954,5.5469,10,3,100,467,467,0,44.150099999999995,1.1853,45,11,336,122,42,80,1203.3268639575977,32.305,1,1,22,25,25,0,6.477022,0,ok,logs/seed_174052.log
224195,baseline,NHEFT,1,0.0,0,0,0,0.1594,0.1471,0.3065,186.9389999999997,5.1873,7,3,92,438,438,0,41.35679999999999,1.1476,45,8,309,125,34,91,41.8462255259467,1.1612,57,12,328,171,103,68,5.757576,0,ok,logs/seed_224195.log
224195,comp_drt,NHEFT+CompDRT,0,0.0,1,1,0,0.1594,0.1471,0.3065,186.9389999999997,5.1873,7,3,92,438,438,0,41.35679999999999,1.1476,45,8,309,125,34,91,1053.6573597014929,29.2375,1,1,22,25,25,0,5.757576,0,ok,logs/seed_224195.log
203906,baseline,NHEFT,1,0.0,0,0,0,0.2,0.2104,0.4104,185.41379999999992,4.8751,10,4,91,433,433,0,50.56839999999999,1.3296,54,12,299,164,47,117,49.0650891640867,1.2901,56,13,323,194,154,40,6.300119,0,ok,logs/seed_203906.log
203906,comp_drt,NHEFT+CompDRT,0,0.0,1,1,0,0.2,0.2104,0.4104,185.41379999999992,4.8751,10,4,91,433,433,0,50.56839999999999,1.3296,54,12,299,164,47,117,807.6477325581396,21.2356,1,1,22,26,26,0,6.300119,0,ok,logs/seed_203906.log
223610,baseline,NHEFT,1,0.0,0,0,0,0.1765,0.201,0.3775,116.65049999999974,3.4547,12,4,140,453,453,0,39.5054,1.17,44,10,332,127,44,83,36.91036895580111,1.0931,50,10,337,165,122,43,5.270296,0,ok,logs/seed_223610.log
223610,comp_drt,NHEFT+CompDRT,0,0.0,1,1,0,0.1765,0.201,0.3775,116.65049999999974,3.4547,12,4,140,453,453,0,39.5054,1.17,44,10,332,127,44,83,1244.5367219152856,36.8577,1,1,22,25,25,0,5.270296,0,ok,logs/seed_223610.log
765827,baseline,NHEFT,1,0.0,0,0,0,0.1858,0.1969,0.3827,227.20260000000005,5.508,6,3,85,485,485,0,51.3127,1.2439,49,12,337,143,37,106,47.523737591194966,1.1521,64,13,353,192,125,67,6.164027,0,ok,logs/seed_765827.log
765827,comp_drt,NHEFT+CompDRT,0,0.0,1,1,0,0.1858,0.1969,0.3827,227.20260000000005,5.508,6,3,85,485,485,0,51.3127,1.2439,49,12,337,143,37,106,1387.5768576399396,33.6383,1,1,22,29,29,0,6.164027,0,ok,logs/seed_765827.log
597825,baseline,NHEFT,1,0.0,0,0,0,0.1942,0.1968,0.391,145.6950000000001,3.5095,13,3,130,439,439,0,47.2312,1.1377,44,8,315,111,43,68,46.7513762886598,1.1261,58,11,318,150,114,36,6.224503,0,ok,logs/seed_597825.log
597825,comp_drt,NHEFT+CompDRT,0,0.0,1,1,0,0.1942,0.1968,0.391,145.6950000000001,3.5095,13,3,130,439,439,0,47.2312,1.1377,44,8,315,111,43,68,677.9878089686099,16.3313,1,1,22,23,23,0,6.224503,0,ok,logs/seed_597825.log
743325,baseline,NHEFT,1,0.0,0,0,0,0.1892,0.2117,0.4009,238.85619999999938,8.0106,5,2,73,456,456,0,43.354099999999995,1.454,42,11,295,120,30,90,39.29610819964349,1.3179,60,13,328,160,109,51,6.355979,0,ok,logs/seed_743325.log
743325,comp_drt,NHEFT+CompDRT,0,0.0,1,1,0,0.1892,0.2117,0.4009,238.85619999999938,8.0106,5,2,73,456,456,0,43.354099999999995,1.454,42,11,295,120,30,90,1119.2677081996435,37.5373,1,1,22,30,30,0,6.355979,0,ok,logs/seed_743325.log
459404,baseline,NHEFT,1,0.0,0,0,0,0.1542,0.157,0.3112,232.30560000000057,5.5134,7,2,92,456,456,0,54.13080000000001,1.2847,44,10,330,141,35,106,48.467852883031306,1.1503,59,13,333,180,124,56,5.999514,0,ok,logs/seed_459404.log
459404,comp_drt,NHEFT+CompDRT,0,0.0,1,1,0,0.1542,0.157,0.3112,232.30560000000057,5.5134,7,2,92,456,456,0,54.13080000000001,1.2847,44,10,330,141,35,106,1235.111384916201,29.3132,1,1,22,23,23,0,5.999514,0,ok,logs/seed_459404.log
644891,baseline,NHEFT,1,0.0,0,0,0,0.1937,0.1951,0.3888,157.69540000000026,3.5809,10,3,118,469,469,0,53.2331,1.2088,45,11,301,129,45,84,52.06711458574609,1.1823,57,13,327,163,118,45,6.412021,0,ok,logs/seed_644891.log
644891,comp_drt,NHEFT+CompDRT,0,0.0,1,1,0,0.1937,0.1951,0.3888,157.69540000000026,3.5809,10,3,118,469,469,0,53.2331,1.2088,45,11,301,129,45,84,2236.765436893202,50.7919,1,1,22,30,30,0,6.412021,0,ok,logs/seed_644891.log
112316,baseline,NHEFT,1,0.0,0,0,0,0.1885,0.1707,0.3592,166.80550000000014,4.2721,9,3,126,472,472,0,47.492000000000004,1.2163,44,10,320,117,38,79,44.0558,1.1283,62,13,345,174,128,46,6.971923,0,ok,logs/seed_112316.log
112316,comp_drt,NHEFT+CompDRT,0,0.0,1,1,0,0.1885,0.1707,0.3592,166.80550000000014,4.2721,9,3,126,472,472,0,47.492000000000004,1.2163,44,10,320,117,38,79,804.1608086956519,20.5958,1,1,22,25,25,0,6.971923,0,ok,logs/seed_112316.log
708240,baseline,NHEFT,1,0.0,0,0,0,0.1832,0.1949,0.3781,116.44219999999986,2.7389,14,5,145,438,438,0,49.9113,1.174,38,10,295,140,43,97,46.74477742946708,1.0995,50,13,314,178,123,55,5.748775,0,ok,logs/seed_708240.log
708240,comp_drt,NHEFT+CompDRT,0,0.0,1,1,0,0.1832,0.1949,0.3781,116.44219999999986,2.7389,14,5,145,438,438,0,49.9113,1.174,38,10,295,140,43,97,861.8086880077366,20.2707,1,1,22,22,22,0,5.748775,0,ok,logs/seed_708240.log
988612,baseline,NHEFT,1,0.0,0,0,0,0.1899,0.1467,0.3366,139.47809999999967,3.9304,8,2,119,445,445,0,41.73660000000001,1.1761,43,9,312,126,47,79,45.07373962264151,1.2701,54,10,329,172,117,55,5.253378,0,ok,logs/seed_988612.log
988612,comp_drt,NHEFT+CompDRT,0,0.0,1,1,0,0.1899,0.1467,0.3366,139.47809999999967,3.9304,8,2,119,445,445,0,41.73660000000001,1.1761,43,9,312,126,47,79,972.6582071748878,27.4089,1,1,22,30,30,0,5.253378,0,ok,logs/seed_988612.log
737269,baseline,NHEFT,1,0.0,0,0,0,0.2023,0.2015,0.4038,117.8103,2.7813,13,4,158,450,450,0,47.883500000000005,1.1305,50,11,329,153,44,109,49.37975748613678,1.1658,65,13,332,198,139,59,6.130371,0,ok,logs/seed_737269.log
737269,comp_drt,NHEFT+CompDRT,0,0.0,1,1,0,0.2023,0.2015,0.4038,117.8103,2.7813,13,4,158,450,450,0,47.883500000000005,1.1305,50,11,329,153,44,109,925.0324220472446,21.8387,1,1,22,23,23,0,6.130371,0,ok,logs/seed_737269.log
670045,baseline,NHEFT,1,0.0,0,0,0,0.1926,0.1716,0.3642,183.60550000000038,5.035,6,2,94,431,431,0,41.2098,1.1301,36,8,306,111,41,70,41.18146820276497,1.1293,55,13,319,153,107,46,6.235756,0,ok,logs/seed_670045.log
670045,comp_drt,NHEFT+CompDRT,0,0.0,1,1,0,0.1926,0.1716,0.3642,183.60550000000038,5.035,6,2,94,431,431,0,41.2098,1.1301,36,8,306,111,41,70,834.0745382488489,22.8726,1,1,22,26,26,0,6.235756,0,ok,logs/seed_670045.log
697981,baseline,NHEFT,1,0.0,0,0,0,0.1742,0.1824,0.3566,120.91170000000004,3.6478,8,2,135,481,481,0,42.6409,1.2864,49,8,326,138,44,94,40.5369,1.223,62,11,346,178,127,51,7.017977,0,ok,logs/seed_697981.log
697981,comp_drt,NHEFT+CompDRT,0,0.0,1,1,0,0.1742,0.1824,0.3566,120.91170000000004,3.6478,8,2,135,481,481,0,42.6409,1.2864,49,8,326,138,44,94,690.841194770716,20.8421,1,1,22,26,26,0,7.017977,0,ok,logs/seed_697981.log
940926,baseline,NHEFT,1,0.0,0,0,0,0.2238,0.2228,0.4466,222.6226000000002,6.7177,10,4,89,464,464,0,44.909,1.3551,42,10,313,124,45,79,49.283301486988854,1.4871,61,12,344,183,131,52,6.018466,0,ok,logs/seed_940926.log
940926,comp_drt,NHEFT+CompDRT,0,0.0,1,1,0,0.2238,0.2228,0.4466,222.6226000000002,6.7177,10,4,89,464,464,0,44.909,1.3551,42,10,313,124,45,79,1540.168817098444,46.4748,1,1,22,26,26,0,6.018466,0,ok,logs/seed_940926.log
245466,baseline,NHEFT,1,0.0,0,0,0,0.2117,0.1982,0.4099,127.50440000000003,2.734,12,4,141,484,484,0,56.24799999999998,1.2061,45,9,325,142,44,98,49.087978535773715,1.0526,63,12,349,198,147,51,8.018262,0,ok,logs/seed_245466.log
245466,comp_drt,NHEFT+CompDRT,0,0.0,1,1,0,0.2117,0.1982,0.4099,127.50440000000003,2.734,12,4,141,484,484,0,56.24799999999998,1.2061,45,9,325,142,44,98,775.8959739403454,16.6369,1,1,22,29,29,0,8.018262,0,ok,logs/seed_245466.log
863385,baseline,NHEFT,1,0.0,0,0,0,0.1922,0.156,0.3482,225.95180000000073,5.2888,7,3,92,490,490,0,52.1333,1.2203,44,11,334,135,45,90,55.5420344841629,1.3001,59,14,337,175,131,44,6.103391,0,ok,logs/seed_863385.log
863385,comp_drt,NHEFT+CompDRT,0,0.0,1,1,0,0.1922,0.156,0.3482,225.95180000000073,5.2888,7,3,92,490,490,0,52.1333,1.2203,44,11,334,135,45,90,1144.536320140516,26.79,1,1,22,27,27,0,6.103391,0,ok,logs/seed_863385.log
502084,baseline,NHEFT,1,0.0,0,0,0,0.1876,0.2056,0.3932,126.18390000000015,2.8972,14,4,152,474,474,0,46.099399999999996,1.0585,50,11,352,148,50,98,44.17039465132025,1.0142,63,12,354,187,145,42,7.581128,0,ok,logs/seed_502084.log
502084,comp_drt,NHEFT+CompDRT,0,0.0,1,1,0,0.1876,0.2056,0.3932,126.18390000000015,2.8972,14,4,152,474,474,0,46.099399999999996,1.0585,50,11,352,148,50,98,880.4484385474866,20.2155,1,1,22,27,27,0,7.581128,0,ok,logs/seed_502084.log
268333,baseline,NHEFT,1,0.0,0,0,0,0.1979,0.153,0.3509,167.39820000000017,5.5755,6,2,99,467,467,0,42.793200000000006,1.4253,36,8,315,107,48,59,38.311209921933084,1.276,57,13,328,141,102,39,6.400219,0,ok,logs/seed_268333.log
268333,comp_drt,NHEFT+CompDRT,0,0.0,1,1,0,0.1979,0.153,0.3509,167.39820000000017,5.5755,6,2,99,467,467,0,42.793200000000006,1.4253,36,8,315,107,48,59,1426.1438181102365,47.5003,1,1,22,23,23,0,6.400219,0,ok,logs/seed_268333.log
889172,baseline,NHEFT,1,0.0,0,0,0,0.1832,0.1515,0.3347,110.12549999999993,2.833,13,4,151,445,445,0,39.9148,1.0268,42,9,318,116,52,64,40.130286161251504,1.0324,54,11,330,169,141,28,6.588751,0,ok,logs/seed_889172.log
889172,comp_drt,NHEFT+CompDRT,0,0.0,1,1,0,0.1832,0.1515,0.3347,110.12549999999993,2.833,13,4,151,445,445,0,39.9148,1.0268,42,9,318,116,52,64,915.639056919374,23.5553,1,1,22,29,29,0,6.588751,0,ok,logs/seed_889172.log
768859,baseline,NHEFT,1,0.0,0,0,0,0.1823,0.1932,0.3755,182.76449999999957,5.0746,10,4,101,454,454,0,42.853999999999985,1.1899,46,11,327,139,42,97,41.26290689655172,1.1457,65,15,342,183,144,39,5.551459,0,ok,logs/seed_768859.log
768859,comp_drt,NHEFT+CompDRT,0,0.0,1,1,0,0.1823,0.1932,0.3755,182.76449999999957,5.0746,10,4,101,454,454,0,42.853999999999985,1.1899,46,11,327,139,42,97,1369.712153846154,38.0313,1,1,22,25,25,0,5.551459,0,ok,logs/seed_768859.log
108511,baseline,NHEFT,1,0.0,0,0,0,0.1884,0.2047,0.3931,245.86149999999975,7.4721,6,3,76,485,485,0,41.394800000000004,1.2581,39,9,332,122,39,83,39.84216551165981,1.2109,56,11,365,185,125,60,7.801398,0,ok,logs/seed_108511.log
108511,comp_drt,NHEFT+CompDRT,0,0.0,1,1,0,0.1884,0.2047,0.3931,245.86149999999975,7.4721,6,3,76,485,485,0,41.394800000000004,1.2581,39,9,332,122,39,83,1042.6695216965752,31.6884,1,1,22,26,26,0,7.801398,0,ok,logs/seed_108511.log
828273,baseline,NHEFT,1,0.0,0,0,0,0.1833,0.1677,0.351,91.46530000000001,2.3481,13,3,175,453,453,0,40.0616,1.0284,41,9,319,121,44,77,40.17621719537275,1.0314,54,11,317,154,118,36,5.746536,0,ok,logs/seed_828273.log
828273,comp_drt,NHEFT+CompDRT,0,0.0,1,1,0,0.1833,0.1677,0.351,91.46530000000001,2.3481,13,3,175,453,453,0,40.0616,1.0284,41,9,319,121,44,77,1414.2734013262605,36.3067,1,1,22,22,22,0,5.746536,0,ok,logs/seed_828273.log
932667,baseline,NHEFT,1,0.0,0,0,0,0.1744,0.1606,0.335,179.25160000000005,5.7486,6,3,80,422,422,0,40.681099999999994,1.3046,37,11,299,142,35,107,37.82559072985782,1.2131,56,15,305,181,117,64,5.704153,0,ok,logs/seed_932667.log
932667,comp_drt,NHEFT+CompDRT,0,0.0,1,1,0,0.1744,0.1606,0.335,179.25160000000005,5.7486,6,3,80,422,422,0,40.681099999999994,1.3046,37,11,299,142,35,107,1135.7657887740024,36.4241,1,1,22,31,31,0,5.704153,0,ok,logs/seed_932667.log
245421,baseline,NHEFT,1,0.0,0,0,0,0.1808,0.1699,0.3507,244.3073000000004,6.748,6,3,67,445,445,0,46.183400000000006,1.2756,44,10,291,136,40,96,41.18056745886655,1.1374,59,14,317,168,103,65,5.616,0,ok,logs/seed_245421.log
245421,comp_drt,NHEFT+CompDRT,0,0.0,1,1,0,0.1808,0.1699,0.3507,244.3073000000004,6.748,6,3,67,445,445,0,46.183400000000006,1.2756,44,10,291,136,40,96,1241.4862526946104,34.2909,1,1,22,28,28,0,5.616,0,ok,logs/seed_245421.log
678641,baseline,NHEFT,1,0.0,0,0,0,0.2084,0.1774,0.3858,117.61620000000009,2.6726,15,3,157,460,460,0,48.91519999999999,1.1115,51,11,316,130,38,92,49.08137021276595,1.1153,69,14,340,182,114,68,8.312628,0,ok,logs/seed_678641.log
678641,comp_drt,NHEFT+CompDRT,0,0.0,1,1,0,0.2084,0.1774,0.3858,117.61620000000009,2.6726,15,3,157,460,460,0,48.91519999999999,1.1115,51,11,316,130,38,92,1347.6596195795012,30.6226,1,1,22,32,32,0,8.312628,0,ok,logs/seed_678641.log
935125,baseline,NHEFT,1,0.0,0,0,0,0.2023,0.2119,0.4142,228.51949999999988,5.3401,8,3,85,480,480,0,48.71339999999999,1.1384,46,11,329,136,41,95,45.34056419753087,1.0595,66,16,345,175,109,66,8.548462,0,ok,logs/seed_935125.log
935125,comp_drt,NHEFT+CompDRT,0,0.0,1,1,0,0.2023,0.2119,0.4142,228.51949999999988,5.3401,8,3,85,480,480,0,48.71339999999999,1.1384,46,11,329,136,41,95,1012.3841987654324,23.6578,1,1,22,27,27,0,8.548462,0,ok,logs/seed_935125.log
605287,baseline,NHEFT,1,0.0,0,0,0,0.1966,0.2118,0.4084,208.32089999999977,5.2723,7,4,95,447,447,0,48.81609999999998,1.2355,42,9,299,112,40,72,45.67290566037737,1.1559,53,9,329,158,112,46,7.614091,0,ok,logs/seed_605287.log
605287,comp_drt,NHEFT+CompDRT,0,0.0,1,1,0,0.1966,0.2118,0.4084,208.32089999999977,5.2723,7,4,95,447,447,0,48.81609999999998,1.2355,42,9,299,112,40,72,708.6243754716982,17.9342,1,1,22,28,28,0,7.614091,0,ok,logs/seed_605287.log
241117,baseline,NHEFT,1,0.0,0,0,0,0.2131,0.1636,0.3767,133.89549999999986,2.8686,15,5,134,477,477,0,51.93310000000001,1.1126,43,8,330,122,41,81,51.93309518213867,1.1126,57,13,348,155,113,42,8.990344,0,ok,logs/seed_241117.log
241117,comp_drt,NHEFT+CompDRT,0,0.0,1,1,0,0.2131,0.1636,0.3767,133.89549999999986,2.8686,15,5,134,477,477,0,51.93310000000001,1.1126,43,8,330,122,41,81,997.0060951821378,21.3597,1,1,22,29,29,0,8.990344,0,ok,logs/seed_241117.log
137693,baseline,NHEFT,1,0.0,0,0,0,0.1598,0.1834,0.3432,273.91989999999987,8.2516,5,2,73,503,503,0,53.1864,1.6022,45,12,337,147,35,112,45.773488121990376,1.3789,72,16,348,183,121,62,9.290278,0,ok,logs/seed_137693.log
137693,comp_drt,NHEFT+CompDRT,0,0.0,1,1,0,0.1598,0.1834,0.3432,273.91989999999987,8.2516,5,2,73,503,503,0,53.1864,1.6022,45,12,337,147,35,112,1819.1890225586687,54.8013,1,1,22,24,24,0,9.290278,0,ok,logs/seed_137693.log
519815,baseline,NHEFT,1,0.0,0,0,0,0.2012,0.1903,0.3915,109.65500000000004,2.818,11,4,137,472,472,0,45.59959999999999,1.1719,36,6,317,109,49,60,44.94133761755486,1.1549,48,9,325,149,126,23,7.365277,0,ok,logs/seed_519815.log
519815,comp_drt,NHEFT+CompDRT,0,0.0,1,1,0,0.2012,0.1903,0.3915,109.65500000000004,2.818,11,4,137,472,472,0,45.59959999999999,1.1719,36,6,317,109,49,60,862.6065981191225,22.1681,1,1,22,27,27,0,7.365277,0,ok,logs/seed_519815.log
825689,baseline,NHEFT,1,0.0,0,0,0,0.1907,0.1684,0.3591,179.05660000000003,4.272,7,2,99,461,461,0,43.2848,1.0327,48,12,321,157,42,115,46.04942509410289,1.0987,66,15,341,200,135,65,7.37752,0,ok,logs/seed_825689.log
825689,comp_drt,NHEFT+CompDRT,0,0.0,1,1,0,0.1907,0.1684,0.3591,179.05660000000003,4.272,7,2,99,461,461,0,43.2848,1.0327,48,12,321,157,42,115,1033.9465250941023,24.6681,1,1,22,28,28,0,7.37752,0,ok,logs/seed_825689.log
266300,baseline,NHEFT,1,0.0,0,0,0,0.2024,0.1771,0.3795,136.00210000000004,3.8156,9,3,122,473,473,0,39.30499999999999,1.1027,43,9,334,122,60,62,37.289837313432834,1.0462,53,11,333,161,123,38,8.33103,0,ok,logs/seed_266300.log
266300,comp_drt,NHEFT+CompDRT,0,0.0,1,1,0,0.2024,0.1771,0.3795,136.00210000000004,3.8156,9,3,122,473,473,0,39.30499999999999,1.1027,43,9,334,122,60,62,1164.1875358974362,32.6618,1,1,22,26,26,0,8.33103,0,ok,logs/seed_266300.log
353884,baseline,NHEFT,1,0.0,0,0,0,0.1925,0.2038,0.3963,255.53560000000022,5.6063,6,2,81,483,483,0,48.3473,1.0607,36,7,319,103,38,65,48.95180000000001,1.074,50,10,330,143,92,51,6.110321,0,ok,logs/seed_353884.log
353884,comp_drt,NHEFT+CompDRT,0,0.0,1,1,0,0.1925,0.2038,0.3963,255.53560000000022,5.6063,6,2,81,483,483,0,48.3473,1.0607,36,7,319,103,38,65,1015.3405272727266,22.276,1,1,22,31,31,0,6.110321,0,ok,logs/seed_353884.log
141574,baseline,NHEFT,1,0.0,0,0,0,0.187,0.1402,0.3272,160.81499999999986,3.495,10,3,123,485,485,0,50.36830000000001,1.0947,49,11,331,142,47,95,50.29809770114943,1.0931,62,13,353,192,135,57,7.46954,0,ok,logs/seed_141574.log
141574,comp_drt,NHEFT+CompDRT,0,0.0,1,1,0,0.187,0.1402,0.3272,160.81499999999986,3.495,10,3,123,485,485,0,50.36830000000001,1.0947,49,11,331,142,47,95,1618.1469275229358,35.1677,1,1,22,29,29,0,7.46954,0,ok,logs/seed_141574.log
211351,baseline,NHEFT,1,0.0,0,0,0,0.196,0.1852,0.3812,127.61749999999988,3.023,12,3,150,467,467,0,46.2588,1.0958,44,10,330,137,39,98,46.791973417721515,1.1084,56,11,333,163,122,41,6.411626,0,ok,logs/seed_211351.log
211351,comp_drt,NHEFT+CompDRT,0,0.0,1,1,0,0.196,0.1852,0.3812,127.61749999999988,3.023,12,3,150,467,467,0,46.2588,1.0958,44,10,330,137,39,98,803.7842405063298,19.0402,1,1,22,27,27,0,6.411626,0,ok,logs/seed_211351.log
64745,baseline,NHEFT,1,0.0,0,0,0,0.1614,0.1418,0.3032,190.2218000000002,3.8332,9,3,102,472,472,0,51.01310000000001,1.028,48,9,325,138,45,93,61.00968257867752,1.2294,52,10,352,175,127,48,7.967276,0,ok,logs/seed_64745.log
64745,comp_drt,NHEFT+CompDRT,0,0.0,1,1,0,0.1614,0.1418,0.3032,190.2218000000002,3.8332,9,3,102,472,472,0,51.01310000000001,1.028,48,9,325,138,45,93,879.1024806020071,17.7148,1,1,22,31,31,0,7.967276,0,ok,logs/seed_64745.log
827551,baseline,NHEFT,1,0.0,0,0,0,0.2028,0.2263,0.4291,151.99600000000004,3.4016,9,3,109,426,426,0,55.64030000000001,1.2452,41,10,270,128,52,76,52.13744791418355,1.1668,59,14,294,164,120,44,7.243913,0,ok,logs/seed_827551.log
827551,comp_drt,NHEFT+CompDRT,0,0.0,1,1,0,0.2028,0.2263,0.4291,151.99600000000004,3.4016,9,3,109,426,426,0,55.64030000000001,1.2452,41,10,270,128,52,76,819.2855842837276,18.3353,1,1,22,28,28,0,7.243913,0,ok,logs/seed_827551.log
236634,baseline,NHEFT,1,0.0,0,0,0,0.1925,0.1861,0.3786,175.53980000000016,4.9267,8,3,106,442,442,0,43.0075,1.207,40,11,303,108,43,65,43.527541085271324,1.2216,65,14,323,172,123,49,6.388074,0,ok,logs/seed_236634.log
236634,comp_drt,NHEFT+CompDRT,0,0.0,1,1,0,0.1925,0.1861,0.3786,175.53980000000016,4.9267,8,3,106,442,442,0,43.0075,1.207,40,11,303,108,43,65,2094.1975729584997,58.7753,1,1,22,30,30,0,6.388074,0,ok,logs/seed_236634.log
554061,baseline,NHEFT,1,0.0,0,0,0,0.1857,0.1787,0.3644,205.72640000000007,4.7352,6,2,86,450,450,0,45.80570000000001,1.0543,39,8,307,113,32,81,45.45291152631578,1.0462,57,12,319,155,96,59,6.547718,0,ok,logs/seed_554061.log
554061,comp_drt,NHEFT+CompDRT,0,0.0,1,1,0,0.1857,0.1787,0.3644,205.72640000000007,4.7352,6,2,86,450,450,0,45.80570000000001,1.0543,39,8,307,113,32,81,1544.6176868421035,35.5525,1,1,22,28,28,0,6.547718,0,ok,logs/seed_554061.log
473253,baseline,NHEFT,1,0.0,0,0,0,0.1686,0.1471,0.3157,181.39010000000016,4.6983,6,2,97,433,433,0,45.42660000000001,1.1766,37,10,290,120,37,83,43.59706532561852,1.1292,50,12,316,175,113,62,6.393607,0,ok,logs/seed_473253.log
473253,comp_drt,NHEFT+CompDRT,0,0.0,1,1,0,0.1686,0.1471,0.3157,181.39010000000016,4.6983,6,2,97,433,433,0,45.42660000000001,1.1766,37,10,290,120,37,83,1933.0486025974035,50.0687,1,1,22,27,27,0,6.393607,0,ok,logs/seed_473253.log
397414,baseline,NHEFT,1,0.0,0,0,0,0.1979,0.2372,0.4351,288.0671000000002,8.1245,6,3,71,484,484,0,48.81220000000001,1.3767,52,9,319,138,43,95,45.03556320377085,1.2702,60,11,359,166,111,55,8.19421,0,ok,logs/seed_397414.log
397414,comp_drt,NHEFT+CompDRT,0,0.0,1,1,0,0.1979,0.2372,0.4351,288.0671000000002,8.1245,6,3,71,484,484,0,48.81220000000001,1.3767,52,9,319,138,43,95,997.4143482889732,28.1306,1,1,22,27,27,0,8.19421,0,ok,logs/seed_397414.log
237902,baseline,NHEFT,1,0.0,0,0,0,0.189,0.1618,0.3508,119.58160000000002,3.2977,13,3,135,441,441,0,42.1595,1.1626,38,9,302,118,38,80,38.232487431694,1.0543,53,12,311,156,109,47,6.349376,0,ok,logs/seed_237902.log
237902,comp_drt,NHEFT+CompDRT,0,0.0,1,1,0,0.189,0.1618,0.3508,119.58160000000002,3.2977,13,3,135,441,441,0,42.1595,1.1626,38,9,302,118,38,80,1329.9788005270098,36.6772,1,1,22,28,28,0,6.349376,0,ok,logs/seed_237902.log
57519,baseline,NHEFT,1,0.0,0,0,0,0.1726,0.1592,0.3318,186.17510000000055,5.6922,7,2,92,450,450,0,40.2956,1.232,40,8,316,107,35,72,38.62402604373758,1.1809,60,12,329,157,109,48,7.478332,0,ok,logs/seed_57519.log
57519,comp_drt,NHEFT+CompDRT,0,0.0,1,1,0,0.1726,0.1592,0.3318,186.17510000000055,5.6922,7,2,92,450,450,0,40.2956,1.232,40,8,316,107,35,72,886.1444027662518,27.0933,1,1,22,26,26,0,7.478332,0,ok,logs/seed_57519.log
505780,baseline,NHEFT,1,0.0,0,0,0,0.2079,0.1709,0.3788,152.12459999999996,3.6286,9,4,109,425,425,0,42.684,1.0181,37,10,298,119,45,74,43.328214660581864,1.0335,50,12,316,171,120,51,6.926344,0,ok,logs/seed_505780.log
505780,comp_drt,NHEFT+CompDRT,0,0.0,1,1,0,0.2079,0.1709,0.3788,152.12459999999996,3.6286,9,4,109,425,425,0,42.684,1.0181,37,10,298,119,45,74,1537.1799914004905,36.6666,1,1,22,28,28,0,6.926344,0,ok,logs/seed_505780.log
353215,baseline,NHEFT,1,0.0,0,0,0,0.1521,0.1475,0.2996,200.32270000000042,4.9737,7,2,98,476,476,0,48.6083,1.2069,41,10,334,115,35,80,43.942129092626445,1.091,59,13,337,180,126,54,6.492348,0,ok,logs/seed_353215.log
353215,comp_drt,NHEFT+CompDRT,0,0.0,1,1,0,0.1521,0.1475,0.2996,200.32270000000042,4.9737,7,2,98,476,476,0,48.6083,1.2069,41,10,334,115,35,80,1320.8933654654652,32.7956,1,1,22,29,29,0,6.492348,0,ok,logs/seed_353215.log
60194,baseline,NHEFT,1,0.0,0,0,0,0.1939,0.1819,0.3758,200.90440000000024,6.588,9,3,88,477,477,0,43.8211,1.437,51,12,309,127,43,84,42.40151780821918,1.3904,59,13,325,160,122,38,8.180628,0,ok,logs/seed_60194.log
60194,comp_drt,NHEFT+CompDRT,0,0.0,1,1,0,0.1939,0.1819,0.3758,200.90440000000024,6.588,9,3,88,477,477,0,43.8211,1.437,51,12,309,127,43,84,2317.394235161532,75.9918,1,1,22,28,28,0,8.180628,0,ok,logs/seed_60194.log
21327,baseline,NHEFT,1,0.0,0,0,0,0.1895,0.1632,0.3527,161.3450999999999,3.3803,10,3,118,482,482,0,49.716499999999996,1.0416,41,9,301,122,40,82,49.41414647302904,1.0353,56,12,336,169,123,46,7.041511,0,ok,logs/seed_21327.log
21327,comp_drt,NHEFT+CompDRT,0,0.0,1,1,0,0.1895,0.1632,0.3527,161.3450999999999,3.3803,10,3,118,482,482,0,49.716499999999996,1.0416,41,9,301,122,40,82,1274.2016722891576,26.6958,1,1,22,29,29,0,7.041511,0,ok,logs/seed_21327.log
551141,baseline,NHEFT,1,0.0,0,0,0,0.1825,0.1454,0.3279,159.2632999999998,4.4585,7,3,106,425,425,0,44.974399999999996,1.2591,43,10,295,134,50,84,40.106351571867236,1.1228,53,11,306,174,130,44,5.623641,0,ok,logs/seed_551141.log
551141,comp_drt,NHEFT+CompDRT,0,0.0,1,1,0,0.1825,0.1454,0.3279,159.2632999999998,4.4585,7,3,106,425,425,0,44.974399999999996,1.2591,43,10,295,134,50,84,801.0740928741094,22.4259,1,1,22,24,24,0,5.623641,0,ok,logs/seed_551141.log
504483,baseline,NHEFT,1,0.0,0,0,0,0.1899,0.2076,0.3975,185.04539999999943,6.1597,8,3,92,450,450,0,38.43710000000001,1.2795,38,8,314,100,44,56,36.8134406039604,1.2254,55,13,324,163,118,45,6.703739,0,ok,logs/seed_504483.log
504483,comp_drt,NHEFT+CompDRT,0,0.0,1,1,0,0.1899,0.2076,0.3975,185.04539999999943,6.1597,8,3,92,450,450,0,38.43710000000001,1.2795,38,8,314,100,44,56,887.0748949622166,29.5286,1,1,22,26,26,0,6.703739,0,ok,logs/seed_504483.log
50984,baseline,NHEFT,1,0.0,0,0,0,0.1784,0.1662,0.3446,128.82999999999993,2.6926,13,3,157,469,469,0,50.0593,1.0463,51,10,333,138,41,97,50.51974935064934,1.0559,59,13,340,171,138,33,6.590403,0,ok,logs/seed_50984.log
50984,comp_drt,NHEFT+CompDRT,0,0.0,1,1,0,0.1784,0.1662,0.3446,128.82999999999993,2.6926,13,3,157,469,469,0,50.0593,1.0463,51,10,333,138,41,97,862.1538213017748,18.0192,1,1,22,25,25,0,6.590403,0,ok,logs/seed_50984.log
145299,baseline,NHEFT,1,0.0,0,0,0,0.197,0.1918,0.3888,190.22980000000015,4.9823,7,2,93,440,440,0,46.624700000000004,1.2211,53,13,300,140,40,100,41.25277936962751,1.0805,62,14,302,155,96,59,6.19021,0,ok,logs/seed_145299.log
145299,comp_drt,NHEFT+CompDRT,0,0.0,1,1,0,0.197,0.1918,0.3888,190.22980000000015,4.9823,7,2,93,440,440,0,46.624700000000004,1.2211,53,13,300,140,40,100,1345.7575703703708,35.2467,1,1,22,28,28,0,6.19021,0,ok,logs/seed_145299.log
933274,baseline,NHEFT,1,0.0,0,0,0,0.1803,0.1571,0.3374,208.7094000000002,4.3453,11,5,109,472,472,0,51.3311,1.0687,46,11,329,142,44,98,49.300888847583636,1.0264,59,13,334,189,134,55,7.18763,0,ok,logs/seed_933274.log
933274,comp_drt,NHEFT+CompDRT,0,0.0,1,1,0,0.1803,0.1571,0.3374,208.7094000000002,4.3453,11,5,109,472,472,0,51.3311,1.0687,46,11,329,142,44,98,1661.562881720429,34.5937,1,1,22,26,26,0,7.18763,0,ok,logs/seed_933274.log
321337,baseline,NHEFT,1,0.0,0,0,0,0.2154,0.2112,0.4266,133.31430000000023,4.7714,9,3,103,468,468,0,44.31700000000001,1.5861,41,9,306,129,35,94,40.35095229577465,1.4442,62,13,334,166,103,63,5.989755,0,ok,logs/seed_321337.log
321337,comp_drt,NHEFT+CompDRT,0,0.0,1,1,0,0.2154,0.2112,0.4266,133.31430000000023,4.7714,9,3,103,468,468,0,44.31700000000001,1.5861,41,9,306,129,35,94,921.7561089552238,32.99,1,1,22,24,24,0,5.989755,0,ok,logs/seed_321337.log
181404,baseline,NHEFT,1,0.0,0,0,0,0.1958,0.2125,0.4083,253.11909999999963,6.9818,5,2,79,483,483,0,47.0387,1.2975,48,11,325,138,34,104,54.11136260434058,1.4926,62,11,334,167,117,50,6.683667,0,ok,logs/seed_181404.log
181404,comp_drt,NHEFT+CompDRT,0,0.0,1,1,0,0.1958,0.2125,0.4083,253.11909999999963,6.9818,5,2,79,483,483,0,47.0387,1.2975,48,11,325,138,34,104,970.6422984974953,26.7734,1,1,22,27,27,0,6.683667,0,ok,logs/seed_181404.log
3899,baseline,NHEFT,1,0.0,0,0,0,0.1852,0.1855,0.3707,202.94479999999984,4.0543,8,4,96,444,444,0,52.55319999999999,1.0499,47,12,304,134,46,88,61.340447727272725,1.2254,52,14,311,158,129,29,5.952822,0,ok,logs/seed_3899.log
3899,comp_drt,NHEFT+CompDRT,0,0.0,1,1,0,0.1852,0.1855,0.3707,202.94479999999984,4.0543,8,4,96,444,444,0,52.55319999999999,1.0499,47,12,304,134,46,88,1078.0209628951734,21.5358,1,1,22,30,30,0,5.952822,0,ok,logs/seed_3899.log
494958,baseline,NHEFT,1,0.0,0,0,0,0.2147,0.2264,0.4411,220.7118999999998,5.5641,8,5,81,428,428,0,53.729800000000004,1.3545,38,10,290,118,40,78,41.07905074496482,1.0356,53,13,315,156,93,63,5.778743,0,ok,logs/seed_494958.log
494958,comp_drt,NHEFT+CompDRT,0,0.0,1,1,0,0.2147,0.2264,0.4411,220.7118999999998,5.5641,8,5,81,428,428,0,53.729800000000004,1.3545,38,10,290,118,40,78,799.9508063492065,20.1667,1,1,22,25,25,0,5.778743,0,ok,logs/seed_494958.log
970507,baseline,NHEFT,1,0.0,0,0,0,0.1656,0.1783,0.3439,140.18350000000004,3.7303,9,3,109,452,452,0,41.487100000000005,1.104,48,12,319,158,42,116,39.11133776683087,1.0408,60,14,339,207,140,67,7.106469,0,ok,logs/seed_970507.log
970507,comp_drt,NHEFT+CompDRT,0,0.0,1,1,0,0.1656,0.1783,0.3439,140.18350000000004,3.7303,9,3,109,452,452,0,41.487100000000005,1.104,48,12,319,158,42,116,947.8532917898195,25.2225,1,1,22,27,27,0,7.106469,0,ok,logs/seed_970507.log
705866,baseline,NHEFT,1,0.0,0,0,0,0.1872,0.1984,0.3856,191.96480000000042,4.5052,7,3,88,466,466,0,47.429700000000004,1.1131,48,11,324,147,41,106,44.10597943704776,1.0351,61,13,330,182,118,64,7.531943,0,ok,logs/seed_705866.log
705866,comp_drt,NHEFT+CompDRT,0,0.0,1,1,0,0.1872,0.1984,0.3856,191.96480000000042,4.5052,7,3,88,466,466,0,47.429700000000004,1.1131,48,11,324,147,41,106,891.7874801271864,20.9291,1,1,22,31,31,0,7.531943,0,ok,logs/seed_705866.log
296343,baseline,NHEFT,1,0.0,0,0,0,0.2067,0.1794,0.3861,226.13850000000005,6.7842,11,3,83,440,440,0,49.16409999999999,1.4749,42,9,312,116,46,70,45.69851219512195,1.371,56,13,313,156,111,45,6.115473,0,ok,logs/seed_296343.log
296343,comp_drt,NHEFT+CompDRT,0,0.0,1,1,0,0.2067,0.1794,0.3861,226.13850000000005,6.7842,11,3,83,440,440,0,49.16409999999999,1.4749,42,9,312,116,46,70,861.2799634146346,25.8387,1,1,22,27,27,0,6.115473,0,ok,logs/seed_296343.log
586398,baseline,NHEFT,1,0.0,0,0,0,0.1794,0.135,0.3144,122.24520000000011,3.0926,13,5,157,490,490,0,46.6372,1.1798,42,11,333,160,43,117,46.26499039615669,1.1704,53,13,344,200,154,46,6.374542,0,ok,logs/seed_586398.log
586398,comp_drt,NHEFT+CompDRT,0,0.0,1,1,0,0.1794,0.135,0.3144,122.24520000000011,3.0926,13,5,157,490,490,0,46.6372,1.1798,42,11,333,160,43,117,2331.289638629285,58.9779,1,1,22,24,24,0,6.374542,0,ok,logs/seed_586398.log
378648,baseline,NHEFT,1,0.0,0,0,0,0.1974,0.2138,0.4112,108.1056000000001,3.2951,13,3,129,446,446,0,41.3963,1.2618,44,9,310,135,59,76,38.22724790874525,1.1652,53,11,310,168,139,29,6.485655,0,ok,logs/seed_378648.log
378648,comp_drt,NHEFT+CompDRT,0,0.0,1,1,0,0.1974,0.2138,0.4112,108.1056000000001,3.2951,13,3,129,446,446,0,41.3963,1.2618,44,9,310,135,59,76,754.1011235011996,22.9854,1,1,22,27,27,0,6.485655,0,ok,logs/seed_378648.log
531966,baseline,NHEFT,1,0.0,0,0,0,0.1988,0.1748,0.3736,140.79930000000007,4.6856,8,3,108,433,433,0,37.0013,1.2313,43,11,319,134,53,81,34.403434042553194,1.1449,52,11,326,163,131,32,6.038615,0,ok,logs/seed_531966.log
531966,comp_drt,NHEFT+CompDRT,0,0.0,1,1,0,0.1988,0.1748,0.3736,140.79930000000007,4.6856,8,3,108,433,433,0,37.0013,1.2313,43,11,319,134,53,81,1174.9286781420776,39.0998,1,1,22,25,25,0,6.038615,0,ok,logs/seed_531966.log
596361,baseline,NHEFT,1,0.0,0,0,0,0.1792,0.1665,0.3457,117.80349999999967,3.1839,11,4,153,472,472,0,39.33669999999999,1.0632,44,11,327,135,49,86,38.62030016220599,1.0438,55,13,341,186,126,60,7.148385,0,ok,logs/seed_596361.log
596361,comp_drt,NHEFT+CompDRT,0,0.0,1,1,0,0.1792,0.1665,0.3457,117.80349999999967,3.1839,11,4,153,472,472,0,39.33669999999999,1.0632,44,11,327,135,49,86,2249.0774893617017,60.7864,1,1,22,27,27,0,7.148385,0,ok,logs/seed_596361.log
60220,baseline,NHEFT,1,0.0,0,0,0,0.1936,0.1564,0.35,167.16549999999978,4.6701,8,2,104,464,464,0,43.8209,1.2242,39,8,309,99,37,62,39.10886376811594,1.0926,53,11,322,149,95,54,6.878777,0,ok,logs/seed_60220.log
60220,comp_drt,NHEFT+CompDRT,0,0.0,1,1,0,0.1936,0.1564,0.35,167.16549999999978,4.6701,8,2,104,464,464,0,43.8209,1.2242,39,8,309,99,37,62,1330.3330913043485,37.1652,1,1,22,22,22,0,6.878777,0,ok,logs/seed_60220.log
189568,baseline,NHEFT,1,0.0,0,0,0,0.1854,0.2224,0.4078,157.28139999999988,3.7159,8,3,109,454,454,0,45.976400000000005,1.0862,43,9,319,123,35,88,45.97639411764707,1.0862,59,12,334,160,113,47,7.287545,0,ok,logs/seed_189568.log
189568,comp_drt,NHEFT+CompDRT,0,0.0,1,1,0,0.1854,0.2224,0.4078,157.28139999999988,3.7159,8,3,109,454,454,0,45.976400000000005,1.0862,43,9,319,123,35,88,720.4515852207286,17.0214,1,1,22,26,26,0,7.287545,0,ok,logs/seed_189568.log
151000,baseline,NHEFT,1,0.0,0,0,0,0.1771,0.1584,0.3355,134.25100000000012,2.8321,14,5,156,441,441,0,57.798899999999996,1.2193,40,10,304,117,46,71,57.59058233215547,1.2149,53,11,318,165,137,28,5.626967,0,ok,logs/seed_151000.log
151000,comp_drt,NHEFT+CompDRT,0,0.0,1,1,0,0.1771,0.1584,0.3355,134.25100000000012,2.8321,14,5,156,441,441,0,57.798899999999996,1.2193,40,10,304,117,46,71,1364.4778230769223,28.784,1,1,22,28,28,0,5.626967,0,ok,logs/seed_151000.log
72402,baseline,NHEFT,1,0.0,0,0,0,0.1803,0.2023,0.3826,94.58530000000012,2.2572,15,3,180,445,445,0,43.2622,1.0324,46,8,316,131,53,78,45.47252075308642,1.0851,52,10,319,155,121,34,6.001084,0,ok,logs/seed_72402.log
72402,comp_drt,NHEFT+CompDRT,0,0.0,1,1,0,0.1803,0.2023,0.3826,94.58530000000012,2.2572,15,3,180,445,445,0,43.2622,1.0324,46,8,316,131,53,78,827.2332660678643,19.741,1,1,22,26,26,0,6.001084,0,ok,logs/seed_72402.log
983055,baseline,NHEFT,1,0.0,0,0,0,0.1951,0.188,0.3831,101.12139999999978,2.753,11,3,165,465,465,0,41.5539,1.1313,43,9,326,129,40,89,41.486538009049774,1.1295,49,10,329,147,110,37,6.692095,0,ok,logs/seed_983055.log
983055,comp_drt,NHEFT+CompDRT,0,0.0,1,1,0,0.1951,0.188,0.3831,101.12139999999978,2.753,11,3,165,465,465,0,41.5539,1.1313,43,9,326,129,40,89,755.02462051282,20.5553,1,1,22,26,26,0,6.692095,0,ok,logs/seed_983055.log
538582,baseline,NHEFT,1,0.0,0,0,0,0.193,0.1711,0.3641,167.25390000000007,4.4542,12,3,108,444,444,0,46.333800000000004,1.2339,38,7,295,102,36,66,47.28738912333513,1.2593,51,10,316,140,102,38,6.26734,0,ok,logs/seed_538582.log
538582,comp_drt,NHEFT+CompDRT,0,0.0,1,1,0,0.193,0.1711,0.3641,167.25390000000007,4.4542,12,3,108,444,444,0,46.333800000000004,1.2339,38,7,295,102,36,66,2021.945362383613,53.8476,1,1,22,26,26,0,6.26734,0,ok,logs/seed_538582.log
934509,baseline,NHEFT,1,0.0,0,0,0,0.1954,0.1953,0.3907,170.75579999999943,4.2293,13,3,112,468,468,0,49.1302,1.2169,40,9,309,107,49,58,48.96864693140795,1.2129,57,12,333,152,110,42,7.00272,0,ok,logs/seed_934509.log
934509,comp_drt,NHEFT+CompDRT,0,0.0,1,1,0,0.1954,0.1953,0.3907,170.75579999999943,4.2293,13,3,112,468,468,0,49.1302,1.2169,40,9,309,107,49,58,1026.7322252032516,25.4302,1,1,22,31,31,0,7.00272,0,ok,logs/seed_934509.log
220410,baseline,NHEFT,1,0.0,0,0,0,0.1987,0.1482,0.3469,90.07709999999999,2.7668,11,2,163,450,450,0,37.38190000000001,1.1482,39,9,321,110,43,67,40.41918664752333,1.2415,51,11,323,157,124,33,5.946169,0,ok,logs/seed_220410.log
220410,comp_drt,NHEFT+CompDRT,0,0.0,1,1,0,0.1987,0.1482,0.3469,90.07709999999999,2.7668,11,2,163,450,450,0,37.38190000000001,1.1482,39,9,321,110,43,67,1139.4689470031549,34.9995,1,1,22,29,29,0,5.946169,0,ok,logs/seed_220410.log
755547,baseline,NHEFT,1,0.0,0,0,0,0.2225,0.2136,0.4361,234.7842999999995,5.6274,6,3,86,457,457,0,48.277699999999996,1.1571,43,11,301,124,43,81,43.57957497881997,1.0445,54,12,325,149,106,43,6.694826,0,ok,logs/seed_755547.log
755547,comp_drt,NHEFT+CompDRT,0,0.0,1,1,0,0.2225,0.2136,0.4361,234.7842999999995,5.6274,6,3,86,457,457,0,48.277699999999996,1.1571,43,11,301,124,43,81,1087.7859017182125,26.0722,1,1,22,26,26,0,6.694826,0,ok,logs/seed_755547.log
682666,baseline,NHEFT,1,0.0,0,0,0,0.158,0.1469,0.3049,191.80439999999965,5.3404,7,3,89,453,453,0,45.7971,1.2751,39,11,313,133,42,91,43.97811356783919,1.2245,62,14,331,187,122,65,6.644126,0,ok,logs/seed_682666.log
682666,comp_drt,NHEFT+CompDRT,0,0.0,1,1,0,0.158,0.1469,0.3049,191.80439999999965,5.3404,7,3,89,453,453,0,45.7971,1.2751,39,11,313,133,42,91,2175.7105678391945,60.5778,1,1,22,27,27,0,6.644126,0,ok,logs/seed_682666.log
707759,baseline,NHEFT,1,0.0,0,0,0,0.1787,0.1841,0.3628,143.86700000000002,3.4367,12,4,134,446,446,0,50.22610000000001,1.1998,43,10,310,121,47,74,45.999016731016724,1.0988,62,12,326,171,124,47,6.715442,0,ok,logs/seed_707759.log
707759,comp_drt,NHEFT+CompDRT,0,0.0,1,1,0,0.1787,0.1841,0.3628,143.86700000000002,3.4367,12,4,134,446,446,0,50.22610000000001,1.1998,43,10,310,121,47,74,2100.813807681753,50.185,1,1,22,27,27,0,6.715442,0,ok,logs/seed_707759.log
472298,baseline,NHEFT,1,0.0,0,0,0,0.1717,0.1613,0.333,125.1882,3.5135,10,3,130,465,465,0,40.4914,1.1364,40,9,312,125,47,78,38.99243488773747,1.0944,53,12,334,171,120,51,6.174328,0,ok,logs/seed_472298.log
472298,comp_drt,NHEFT+CompDRT,0,0.0,1,1,0,0.1717,0.1613,0.333,125.1882,3.5135,10,3,130,465,465,0,40.4914,1.1364,40,9,312,125,47,78,1332.6811246977547,37.403,1,1,22,30,30,0,6.174328,0,ok,logs/seed_472298.log
842827,baseline,NHEFT,1,0.0,0,0,0,0.2028,0.1833,0.3861,118.69390000000006,3.1405,10,3,131,465,465,0,40.311600000000006,1.0666,40,10,318,117,38,79,42.791273492286116,1.1322,64,13,339,177,109,68,6.672349,0,ok,logs/seed_842827.log
842827,comp_drt,NHEFT+CompDRT,0,0.0,1,1,0,0.2028,0.1833,0.3861,118.69390000000006,3.1405,10,3,131,465,465,0,40.311600000000006,1.0666,40,10,318,117,38,79,1153.4605462332306,30.5192,1,1,22,28,28,0,6.672349,0,ok,logs/seed_842827.log
598514,baseline,NHEFT,1,0.0,0,0,0,0.2214,0.1937,0.4151,118.9261999999998,2.918,16,4,139,467,467,0,44.9563,1.1031,34,8,323,118,44,74,48.44128318678354,1.1886,52,13,343,183,138,45,6.563262,0,ok,logs/seed_598514.log
598514,comp_drt,NHEFT+CompDRT,0,0.0,1,1,0,0.2214,0.1937,0.4151,118.9261999999998,2.918,16,4,139,467,467,0,44.9563,1.1031,34,8,323,118,44,74,1773.6899631970255,43.52,1,1,22,28,28,0,6.563262,0,ok,logs/seed_598514.log
985883,baseline,NHEFT,1,0.0,0,0,0,0.1747,0.1537,0.3284,136.00960000000012,3.4033,11,3,112,445,445,0,41.054199999999994,1.0273,43,8,319,102,37,65,40.72660038610038,1.0191,58,12,311,153,101,52,7.057009,0,ok,logs/seed_985883.log
985883,comp_drt,NHEFT+CompDRT,0,0.0,1,1,0,0.1747,0.1537,0.3284,136.00960000000012,3.4033,11,3,112,445,445,0,41.054199999999994,1.0273,43,8,319,102,37,65,1656.3277668757835,41.4458,1,1,22,27,27,0,7.057009,0,ok,logs/seed_985883.log
595328,baseline,NHEFT,1,0.0,0,0,0,0.1812,0.1854,0.3666,228.37869999999972,5.1704,8,3,99,473,473,0,46.59210000000001,1.0548,45,8,341,119,40,79,46.736568895958726,1.0581,58,11,360,159,118,41,7.012845,0,ok,logs/seed_595328.log
595328,comp_drt,NHEFT+CompDRT,0,0.0,1,1,0,0.1812,0.1854,0.3666,228.37869999999972,5.1704,8,3,99,473,473,0,46.59210000000001,1.0548,45,8,341,119,40,79,837.500722958398,18.9605,1,1,22,24,24,0,7.012845,0,ok,logs/seed_595328.log
238922,baseline,NHEFT,1,0.0,0,0,0,0.1904,0.1746,0.365,117.50809999999998,3.2177,10,3,151,468,468,0,42.1718,1.1548,49,9,321,128,54,74,46.227522489959846,1.2658,66,12,336,171,131,40,6.276506,0,ok,logs/seed_238922.log
238922,comp_drt,NHEFT+CompDRT,0,0.0,1,1,0,0.1904,0.1746,0.365,117.50809999999998,3.2177,10,3,151,468,468,0,42.1718,1.1548,49,9,321,128,54,74,1059.4422968036536,29.0106,1,1,22,26,26,0,6.276506,0,ok,logs/seed_238922.log
469556,baseline,NHEFT,1,0.0,0,0,0,0.1793,0.1701,0.3494,105.71250000000005,2.5352,11,4,149,457,457,0,49.43059999999999,1.1854,44,9,310,116,42,74,46.67357942461117,1.1193,62,12,319,178,128,50,6.581805,0,ok,logs/seed_469556.log
469556,comp_drt,NHEFT+CompDRT,0,0.0,1,1,0,0.1793,0.1701,0.3494,105.71250000000005,2.5352,11,4,149,457,457,0,49.43059999999999,1.1854,44,9,310,116,42,74,1239.294593974177,29.7209,1,1,22,28,28,0,6.581805,0,ok,logs/seed_469556.log
108225,baseline,NHEFT,1,0.0,0,0,0,0.1852,0.1828,0.368,101.75779999999996,2.2157,13,4,169,449,449,0,46.602599999999995,1.0147,43,10,321,114,51,63,46.84364487840824,1.02,55,13,324,154,129,25,5.959573,0,ok,logs/seed_108225.log
108225,comp_drt,NHEFT+CompDRT,0,0.0,1,1,0,0.1852,0.1828,0.368,101.75779999999996,2.2157,13,4,169,449,449,0,46.602599999999995,1.0147,43,10,321,114,51,63,1680.4024185185199,36.5893,1,1,22,28,28,0,5.959573,0,ok,logs/seed_108225.log
899644,baseline,NHEFT,1,0.0,0,0,0,0.1816,0.1986,0.3802,217.07099999999934,5.1184,6,3,84,460,460,0,46.58660000000001,1.0985,40,11,324,135,34,101,44.34489085457272,1.0456,58,15,325,172,110,62,6.106066,0,ok,logs/seed_899644.log
899644,comp_drt,NHEFT+CompDRT,0,0.0,1,1,0,0.1816,0.1986,0.3802,217.07099999999934,5.1184,6,3,84,460,460,0,46.58660000000001,1.0985,40,11,324,135,34,101,946.9166908545724,22.3276,1,1,22,27,27,0,6.106066,0,ok,logs/seed_899644.log
885107,baseline,NHEFT,1,0.0,0,0,0,0.2055,0.2301,0.4356,105.00949999999987,2.319,15,3,173,469,469,0,50.1243,1.1069,48,9,322,122,56,66,51.19468128654971,1.1305,51,11,326,144,112,32,9.646131,0,ok,logs/seed_885107.log
885107,comp_drt,NHEFT+CompDRT,0,0.0,1,1,0,0.2055,0.2301,0.4356,105.00949999999987,2.319,15,3,173,469,469,0,50.1243,1.1069,48,9,322,122,56,66,831.7143141263942,18.367,1,1,22,26,26,0,9.646131,0,ok,logs/seed_885107.log
624803,baseline,NHEFT,1,0.0,0,0,0,0.185,0.1565,0.3415,148.51590000000016,3.3382,10,3,136,459,459,0,48.702000000000005,1.0947,36,10,314,128,40,88,47.804169177403374,1.0745,56,13,332,182,123,59,7.008884,0,ok,logs/seed_624803.log
624803,comp_drt,NHEFT+CompDRT,0,0.0,1,1,0,0.185,0.1565,0.3415,148.51590000000016,3.3382,10,3,136,459,459,0,48.702000000000005,1.0947,36,10,314,128,40,88,2222.2180998509693,49.9483,1,1,22,26,26,0,7.008884,0,ok,logs/seed_624803.log
412384,baseline,NHEFT,1,0.0,0,0,0,0.1787,0.1837,0.3624,178.4589,5.1426,7,3,100,472,472,0,39.84309999999999,1.1482,38,10,325,115,35,80,35.94565913154534,1.0358,65,13,329,160,105,55,7.102486,0,ok,logs/seed_412384.log
412384,comp_drt,NHEFT+CompDRT,0,0.0,1,1,0,0.1787,0.1837,0.3624,178.4589,5.1426,7,3,100,472,472,0,39.84309999999999,1.1482,38,10,325,115,35,80,1123.795360818713,32.3844,1,1,22,29,29,0,7.102486,0,ok,logs/seed_412384.log
534437,baseline,NHEFT,1,0.0,0,0,0,0.1942,0.2105,0.4047,163.61239999999992,3.9155,10,3,118,451,451,0,47.6088,1.1393,41,11,307,127,36,91,43.396268327402126,1.0385,51,11,315,145,111,34,6.774156,0,ok,logs/seed_534437.log
534437,comp_drt,NHEFT+CompDRT,0,0.0,1,1,0,0.1942,0.2105,0.4047,163.61239999999992,3.9155,10,3,118,451,451,0,47.6088,1.1393,41,11,307,127,36,91,946.9649983302419,22.6623,1,1,22,28,28,0,6.774156,0,ok,logs/seed_534437.log
28388,baseline,NHEFT,1,0.0,0,0,0,0.1934,0.1944,0.3878,128.5416000000002,3.6096,14,4,142,442,442,0,44.533899999999996,1.2506,40,8,329,119,53,66,40.945619040062006,1.1498,49,9,325,158,116,42,6.155277,0,ok,logs/seed_28388.log
28388,comp_drt,NHEFT+CompDRT,0,0.0,1,1,0,0.1934,0.1944,0.3878,128.5416000000002,3.6096,14,4,142,442,442,0,44.533899999999996,1.2506,40,8,329,119,53,66,882.8762363636365,24.7923,1,1,22,27,27,0,6.155277,0,ok,logs/seed_28388.log
480416,baseline,NHEFT,1,0.0,0,0,0,0.1885,0.1864,0.3749,150.72809999999996,3.5267,10,3,127,455,455,0,46.2806,1.0829,38,9,318,124,37,87,47.41936852207293,1.1095,57,11,323,171,118,53,6.249926,0,ok,logs/seed_480416.log
480416,comp_drt,NHEFT+CompDRT,0,0.0,1,1,0,0.1885,0.1864,0.3749,150.72809999999996,3.5267,10,3,127,455,455,0,46.2806,1.0829,38,9,318,124,37,87,828.9554091937762,19.3959,1,1,22,26,26,0,6.249926,0,ok,logs/seed_480416.log
6523,baseline,NHEFT,1,0.0,0,0,0,0.1864,0.221,0.4074,195.89579999999998,4.325,9,4,99,452,452,0,50.241,1.1092,42,10,298,120,38,82,47.638501230017255,1.0518,57,12,312,170,117,53,6.594387,0,ok,logs/seed_6523.log
6523,comp_drt,NHEFT+CompDRT,0,0.0,1,1,0,0.1864,0.221,0.4074,195.89579999999998,4.325,9,4,99,452,452,0,50.241,1.1092,42,10,298,120,38,82,1155.476616535433,25.5109,1,1,22,29,29,0,6.594387,0,ok,logs/seed_6523.log
875492,baseline,NHEFT,1,0.0,0,0,0,0.1838,0.1744,0.3582,194.3348999999998,5.3817,7,2,101,457,457,0,43.0942,1.1934,45,8,314,112,38,74,41.48249522240527,1.1488,58,11,321,151,98,53,6.369682,0,ok,logs/seed_875492.log
875492,comp_drt,NHEFT+CompDRT,0,0.0,1,1,0,0.1838,0.1744,0.3582,194.3348999999998,5.3817,7,2,101,457,457,0,43.0942,1.1934,45,8,314,112,38,74,752.1840484918798,20.8304,1,1,22,22,22,0,6.369682,0,ok,logs/seed_875492.log
445144,baseline,NHEFT,1,0.0,0,0,0,0.202,0.178,0.38,154.81789999999998,4.0977,13,6,134,448,448,0,43.1643,1.1425,47,9,326,122,42,80,40.902818933723196,1.0826,57,12,337,175,118,57,7.369495,0,ok,logs/seed_445144.log
445144,comp_drt,NHEFT+CompDRT,0,0.0,1,1,0,0.202,0.178,0.38,154.81789999999998,4.0977,13,6,134,448,448,0,43.1643,1.1425,47,9,326,122,42,80,890.0264678311511,23.557,1,1,22,23,23,0,7.369495,0,ok,logs/seed_445144.log
178145,baseline,NHEFT,1,0.0,0,0,0,0.1721,0.2186,0.3907,210.9432,5.0309,8,3,97,486,486,0,51.23319999999999,1.2219,45,13,327,134,35,99,49.644712007277136,1.184,64,13,348,189,129,60,6.431437,0,ok,logs/seed_178145.log
178145,comp_drt,NHEFT+CompDRT,0,0.0,1,1,0,0.1721,0.2186,0.3907,210.9432,5.0309,8,3,97,486,486,0,51.23319999999999,1.2219,45,13,327,134,35,99,1136.4598812749002,27.1041,1,1,22,28,28,0,6.431437,0,ok,logs/seed_178145.log
496478,baseline,NHEFT,1,0.0,0,0,0,0.185,0.1782,0.3632,115.87269999999997,2.6469,13,4,152,448,448,0,48.515800000000006,1.1083,46,10,297,143,42,101,47.265758525083605,1.0797,54,12,325,181,129,52,6.408378,0,ok,logs/seed_496478.log
496478,comp_drt,NHEFT+CompDRT,0,0.0,1,1,0,0.185,0.1782,0.3632,115.87269999999997,2.6469,13,4,152,448,448,0,48.515800000000006,1.1083,46,10,297,143,42,101,831.7495704260651,18.9998,1,1,22,27,27,0,6.408378,0,ok,logs/seed_496478.log
239617,baseline,NHEFT,1,0.0,0,0,0,0.1862,0.1741,0.3603,170.17320000000015,4.9078,8,3,99,464,464,0,44.380199999999995,1.2799,34,9,318,104,45,59,37.96577965707434,1.0949,51,10,342,163,130,33,7.019742,0,ok,logs/seed_239617.log
239617,comp_drt,NHEFT+CompDRT,0,0.0,1,1,0,0.1862,0.1741,0.3603,170.17320000000015,4.9078,8,3,99,464,464,0,44.380199999999995,1.2799,34,9,318,104,45,59,1232.710209090909,35.5512,1,1,22,29,29,0,7.019742,0,ok,logs/seed_239617.log
473997,baseline,NHEFT,1,0.0,0,0,0,0.1779,0.1702,0.3481,135.03679999999974,3.4037,12,5,136,452,452,0,43.41780000000001,1.0944,46,11,329,129,44,85,41.102294307342426,1.036,65,14,331,184,127,57,7.490155,0,ok,logs/seed_473997.log
473997,comp_drt,NHEFT+CompDRT,0,0.0,1,1,0,0.1779,0.1702,0.3481,135.03679999999974,3.4037,12,5,136,452,452,0,43.41780000000001,1.0944,46,11,329,129,44,85,957.1336779944289,24.1255,1,1,22,29,29,0,7.490155,0,ok,logs/seed_473997.log
229225,baseline,NHEFT,1,0.0,0,0,0,0.2082,0.2398,0.448,110.34110000000008,2.3462,18,4,171,435,435,0,53.5155,1.1379,39,9,312,127,41,86,51.88666080760095,1.1033,52,12,318,161,122,39,5.988575,0,ok,logs/seed_229225.log
229225,comp_drt,NHEFT+CompDRT,0,0.0,1,1,0,0.2082,0.2398,0.448,110.34110000000008,2.3462,18,4,171,435,435,0,53.5155,1.1379,39,9,312,127,41,86,1211.6939913043482,25.7647,1,1,22,29,29,0,5.988575,0,ok,logs/seed_229225.log
254791,baseline,NHEFT,1,0.0,0,0,0,0.1827,0.2053,0.388,156.70749999999964,4.4514,7,3,108,482,482,0,43.543,1.2369,45,10,321,133,41,92,42.71317297231835,1.2133,57,12,361,171,123,48,7.041615,0,ok,logs/seed_254791.log
254791,comp_drt,NHEFT+CompDRT,0,0.0,1,1,0,0.1827,0.2053,0.388,156.70749999999964,4.4514,7,3,108,482,482,0,43.543,1.2369,45,10,321,133,41,92,1011.9213381322944,28.7444,1,1,22,26,26,0,7.041615,0,ok,logs/seed_254791.log
966201,baseline,NHEFT,1,0.0,0,0,0,0.2174,0.2585,0.4759,203.9058000000001,6.2927,11,4,94,449,449,0,43.1402,1.3313,45,9,294,118,49,69,41.60333829787234,1.2839,55,12,322,159,111,48,5.926276,0,ok,logs/seed_966201.log
966201,comp_drt,NHEFT+CompDRT,0,0.0,1,1,0,0.2174,0.2585,0.4759,203.9058000000001,6.2927,11,4,94,449,449,0,43.1402,1.3313,45,9,294,118,49,69,967.2696700193424,29.8508,1,1,22,30,30,0,5.926276,0,ok,logs/seed_966201.log
533361,baseline,NHEFT,1,0.0,0,0,0,0.1761,0.1775,0.3536,189.72969999999955,4.6273,9,3,102,472,472,0,48.641199999999984,1.1863,48,11,336,131,43,88,42.563100000000006,1.0381,63,15,341,168,110,58,6.459816,0,ok,logs/seed_533361.log
533361,comp_drt,NHEFT+CompDRT,0,0.0,1,1,0,0.1761,0.1775,0.3536,189.72969999999955,4.6273,9,3,102,472,472,0,48.641199999999984,1.1863,48,11,336,131,43,88,1251.162254973823,30.5145,1,1,22,25,25,0,6.459816,0,ok,logs/seed_533361.log
872306,baseline,NHEFT,1,0.0,0,0,0,0.1874,0.1433,0.3307,195.66780000000054,6.475,6,2,82,465,465,0,48.9461,1.6197,46,10,317,141,48,93,41.730411163670766,1.3809,61,14,335,174,119,55,5.744768,0,ok,logs/seed_872306.log
872306,comp_drt,NHEFT+CompDRT,0,0.0,1,1,0,0.1874,0.1433,0.3307,195.66780000000054,6.475,6,2,82,465,465,0,48.9461,1.6197,46,10,317,141,48,93,908.8897822931788,30.077,1,1,22,24,24,0,5.744768,0,ok,logs/seed_872306.log
444933,baseline,NHEFT,1,0.0,0,0,0,0.1967,0.2359,0.4326,121.01499999999976,2.4929,10,3,143,465,465,0,48.804500000000004,1.0054,39,9,322,123,51,72,49.049457650695516,1.0104,47,11,332,171,125,46,6.207192,0,ok,logs/seed_444933.log
444933,comp_drt,NHEFT+CompDRT,0,0.0,1,1,0,0.1967,0.2359,0.4326,121.01499999999976,2.4929,10,3,143,465,465,0,48.804500000000004,1.0054,39,9,322,123,51,72,1180.138993955095,24.3108,1,1,22,31,31,0,6.207192,0,ok,logs/seed_444933.log
456356,baseline,NHEFT,1,0.0,0,0,0,0.1778,0.2014,0.3792,146.2226000000006,3.5162,11,4,126,458,458,0,46.3382,1.1143,50,10,321,128,41,87,47.73711634877385,1.1479,60,12,344,161,115,46,6.651318,0,ok,logs/seed_456356.log
456356,comp_drt,NHEFT+CompDRT,0,0.0,1,1,0,0.1778,0.2014,0.3792,146.2226000000006,3.5162,11,4,126,458,458,0,46.3382,1.1143,50,10,321,128,41,87,1082.3667943661972,26.0273,1,1,22,24,24,0,6.651318,0,ok,logs/seed_456356.log
853702,baseline,NHEFT,1,0.0,0,0,0,0.1984,0.1916,0.39,239.13909999999987,6.5654,8,4,82,484,484,0,49.705000000000005,1.3646,49,11,308,145,51,94,50.23689104579631,1.3792,59,13,350,187,140,47,7.024092,0,ok,logs/seed_853702.log
853702,comp_drt,NHEFT+CompDRT,0,0.0,1,1,0,0.1984,0.1916,0.39,239.13909999999987,6.5654,8,4,82,484,484,0,49.705000000000005,1.3646,49,11,308,145,51,94,2303.4934465849406,63.2407,1,1,22,25,25,0,7.024092,0,ok,logs/seed_853702.log
176967,baseline,NHEFT,1,0.0,0,0,0,0.1678,0.1746,0.3424,164.98070000000007,4.3708,9,3,118,467,467,0,47.0824,1.2473,50,10,324,144,45,99,46.985855054054056,1.2448,61,13,342,175,130,45,6.945741,0,ok,logs/seed_176967.log
176967,comp_drt,NHEFT+CompDRT,0,0.0,1,1,0,0.1678,0.1746,0.3424,164.98070000000007,4.3708,9,3,118,467,467,0,47.0824,1.2473,50,10,324,144,45,99,2051.1711520729673,54.3408,1,1,22,26,26,0,6.945741,0,ok,logs/seed_176967.log
33347,baseline,NHEFT,1,0.0,0,0,0,0.1762,0.1737,0.3499,135.51010000000034,3.7236,11,3,124,432,432,0,45.85350000000001,1.26,41,8,296,132,49,83,43.66339927007298,1.1998,55,12,305,170,127,43,5.499641,0,ok,logs/seed_33347.log
33347,comp_drt,NHEFT+CompDRT,0,0.0,1,1,0,0.1762,0.1737,0.3499,135.51010000000034,3.7236,11,3,124,432,432,0,45.85350000000001,1.26,41,8,296,132,49,83,725.8369802919708,19.9449,1,1,22,24,24,0,5.499641,0,ok,logs/seed_33347.log
411283,baseline,NHEFT,1,0.0,0,0,0,0.1986,0.2063,0.4049,140.88560000000024,4.5856,12,3,126,467,467,0,41.42649999999999,1.3484,44,9,320,126,47,79,40.79185365853658,1.3277,58,12,327,166,117,49,6.017063,0,ok,logs/seed_411283.log
411283,comp_drt,NHEFT+CompDRT,0,0.0,1,1,0,0.1986,0.2063,0.4049,140.88560000000024,4.5856,12,3,126,467,467,0,41.42649999999999,1.3484,44,9,320,126,47,79,1408.0932583941599,45.8314,1,1,22,25,25,0,6.017063,0,ok,logs/seed_411283.log
81911,baseline,NHEFT,1,0.0,0,0,0,0.2049,0.2,0.4049,228.54449999999989,6.2693,6,2,84,477,477,0,44.60860000000001,1.2237,50,12,328,144,41,103,45.49633078101071,1.248,64,14,343,176,108,68,6.563311,0,ok,logs/seed_81911.log
81911,comp_drt,NHEFT+CompDRT,0,0.0,1,1,0,0.2049,0.2,0.4049,228.54449999999989,6.2693,6,2,84,477,477,0,44.60860000000001,1.2237,50,12,328,144,41,103,1192.6141704441038,32.7153,1,1,22,24,24,0,6.563311,0,ok,logs/seed_81911.log
956925,baseline,NHEFT,1,0.0,0,0,0,0.1731,0.141,0.3141,168.6825,3.8048,9,3,117,461,461,0,47.945899999999995,1.0815,40,10,317,122,48,74,46.76813365973072,1.0549,54,12,306,147,108,39,6.949189,0,ok,logs/seed_956925.log
956925,comp_drt,NHEFT+CompDRT,0,0.0,1,1,0,0.1731,0.141,0.3141,168.6825,3.8048,9,3,117,461,461,0,47.945899999999995,1.0815,40,10,317,122,48,74,1186.8924766217876,26.7716,1,1,22,29,29,0,6.949189,0,ok,logs/seed_956925.log
362804,baseline,NHEFT,1,0.0,0,0,0,0.1741,0.1842,0.3583,215.59509999999995,6.8927,6,3,84,433,433,0,46.02009999999999,1.4713,42,11,295,135,44,91,40.0786807166774,1.2813,58,13,313,173,124,49,6.149641,0,ok,logs/seed_362804.log
362804,comp_drt,NHEFT+CompDRT,0,0.0,1,1,0,0.1741,0.1842,0.3583,215.59509999999995,6.8927,6,3,84,433,433,0,46.02009999999999,1.4713,42,11,295,135,44,91,1056.7512000000004,33.7849,1,1,22,25,25,0,6.149641,0,ok,logs/seed_362804.log
728140,baseline,NHEFT,1,0.0,0,0,0,0.1941,0.2165,0.4106,101.16149999999986,2.6942,13,3,160,474,474,0,41.1322,1.0954,45,10,340,141,50,91,38.662701,1.0297,52,12,340,178,135,43,6.718304,0,ok,logs/seed_728140.log
728140,comp_drt,NHEFT+CompDRT,0,0.0,1,1,0,0.1941,0.2165,0.4106,101.16149999999986,2.6942,13,3,160,474,474,0,41.1322,1.0954,45,10,340,141,50,91,880.6123834914617,23.4527,1,1,22,27,27,0,6.718304,0,ok,logs/seed_728140.log
554565,baseline,NHEFT,1,0.0,0,0,0,0.2098,0.1863,0.3961,114.81000000000013,2.819,17,6,163,452,452,0,49.5434,1.2165,48,10,312,134,44,90,43.84244624908959,1.0765,62,15,344,180,137,43,7.513957,0,ok,logs/seed_554565.log
554565,comp_drt,NHEFT+CompDRT,0,0.0,1,1,0,0.2098,0.1863,0.3961,114.81000000000013,2.819,17,6,163,452,452,0,49.5434,1.2165,48,10,312,134,44,90,889.2905370370369,21.8351,1,1,22,22,22,0,7.513957,0,ok,logs/seed_554565.log
392733,baseline,NHEFT,1,0.0,0,0,0,0.1915,0.1952,0.3867,209.94749999999985,5.8542,5,2,77,486,486,0,40.020399999999995,1.1159,48,11,330,129,43,86,36.9644430697792,1.0307,56,10,353,144,101,43,7.110815,0,ok,logs/seed_392733.log
392733,comp_drt,NHEFT+CompDRT,0,0.0,1,1,0,0.1915,0.1952,0.3867,209.94749999999985,5.8542,5,2,77,486,486,0,40.020399999999995,1.1159,48,11,330,129,43,86,1969.3073581673302,54.9126,1,1,22,28,28,0,7.110815,0,ok,logs/seed_392733.log
769066,baseline,NHEFT,1,0.0,0,0,0,0.1955,0.1884,0.3839,125.4625000000001,3.3085,13,3,151,459,459,0,41.709,1.0999,45,10,336,134,54,80,42.6083966991748,1.1236,57,13,335,175,141,34,7.497589,0,ok,logs/seed_769066.log
769066,comp_drt,NHEFT+CompDRT,0,0.0,1,1,0,0.1955,0.1884,0.3839,125.4625000000001,3.3085,13,3,151,459,459,0,41.709,1.0999,45,10,336,134,54,80,1212.529309126468,31.9749,1,1,22,26,26,0,7.497589,0,ok,logs/seed_769066.log
925520,baseline,NHEFT,1,0.0,0,0,0,0.1706,0.1868,0.3574,166.94050000000013,4.1362,9,4,111,474,474,0,50.16500000000002,1.2429,43,11,313,144,55,89,43.71897931034482,1.0832,57,13,344,190,156,34,7.867448,0,ok,logs/seed_925520.log
925520,comp_drt,NHEFT+CompDRT,0,0.0,1,1,0,0.1706,0.1868,0.3574,166.94050000000013,4.1362,9,4,111,474,474,0,50.16500000000002,1.2429,43,11,313,144,55,89,1049.7004862068964,26.0076,1,1,22,25,25,0,7.867448,0,ok,logs/seed_925520.log
4410,baseline,NHEFT,1,0.0,0,0,0,0.193,0.1957,0.3887,155.30899999999968,4.2634,10,3,114,448,448,0,44.65619999999999,1.2259,45,9,309,127,41,86,45.505482018927445,1.2492,55,13,323,159,119,40,6.716074,0,ok,logs/seed_4410.log
4410,comp_drt,NHEFT+CompDRT,0,0.0,1,1,0,0.193,0.1957,0.3887,155.30899999999968,4.2634,10,3,114,448,448,0,44.65619999999999,1.2259,45,9,309,127,41,86,1650.1528577287077,45.2982,1,1,22,28,28,0,6.716074,0,ok,logs/seed_4410.log
729459,baseline,NHEFT,1,0.0,0,0,0,0.1847,0.1424,0.3271,100.13970000000006,2.4165,16,4,178,447,447,0,42.7772,1.0322,37,9,315,121,46,75,43.24718541300527,1.0436,53,13,323,176,133,43,6.517096,0,ok,logs/seed_729459.log
729459,comp_drt,NHEFT+CompDRT,0,0.0,1,1,0,0.1847,0.1424,0.3271,100.13970000000006,2.4165,16,4,178,447,447,0,42.7772,1.0322,37,9,315,121,46,75,953.8255536251714,23.0166,1,1,22,30,30,0,6.517096,0,ok,logs/seed_729459.log
179329,baseline,NHEFT,1,0.0,0,0,0,0.1892,0.1511,0.3403,169.45319999999987,5.4077,7,3,98,452,452,0,42.04019999999999,1.3416,42,9,276,124,51,73,39.44415670933456,1.2588,60,13,321,175,130,45,7.295234,0,ok,logs/seed_179329.log
179329,comp_drt,NHEFT+CompDRT,0,0.0,1,1,0,0.1892,0.1511,0.3403,169.45319999999987,5.4077,7,3,98,452,452,0,42.04019999999999,1.3416,42,9,276,124,51,73,1094.9509024691363,34.9427,1,1,22,25,25,0,7.295234,0,ok,logs/seed_179329.log
282114,baseline,NHEFT,1,0.0,0,0,0,0.1924,0.1447,0.3371,136.29590000000033,3.7795,10,3,114,438,438,0,42.0459,1.1659,38,8,325,109,42,67,41.235301,1.1435,57,13,323,159,123,36,5.862493,0,ok,logs/seed_282114.log
282114,comp_drt,NHEFT+CompDRT,0,0.0,1,1,0,0.1924,0.1447,0.3371,136.29590000000033,3.7795,10,3,114,438,438,0,42.0459,1.1659,38,8,325,109,42,67,1059.6541,29.3846,1,1,22,25,25,0,5.862493,0,ok,logs/seed_282114.log
583172,baseline,NHEFT,1,0.0,0,0,0,0.1976,0.1721,0.3697,186.60180000000037,4.8943,12,4,102,462,462,0,46.4388,1.218,50,12,334,145,53,92,39.60802572099601,1.0389,65,14,346,196,143,53,7.785877,0,ok,logs/seed_583172.log
583172,comp_drt,NHEFT+CompDRT,0,0.0,1,1,0,0.1976,0.1721,0.3697,186.60180000000037,4.8943,12,4,102,462,462,0,46.4388,1.218,50,12,334,145,53,92,1342.4669430656943,35.2113,1,1,22,27,27,0,7.785877,0,ok,logs/seed_583172.log
534010,baseline,NHEFT,1,0.0,0,0,0,0.1793,0.1953,0.3746,217.537700000001,5.8005,10,2,103,473,473,0,45.020599999999995,1.2004,50,12,327,159,43,116,46.414751710897896,1.2376,57,12,342,173,131,42,6.311108,0,ok,logs/seed_534010.log
534010,comp_drt,NHEFT+CompDRT,0,0.0,1,1,0,0.1793,0.1953,0.3746,217.537700000001,5.8005,10,2,103,473,473,0,45.020599999999995,1.2004,50,12,327,159,43,116,931.948233333334,24.8498,1,1,22,26,26,0,6.311108,0,ok,logs/seed_534010.log
824110,baseline,NHEFT,1,0.0,0,0,0,0.1566,0.1471,0.3037,109.92700000000016,2.8508,13,4,152,460,460,0,44.901799999999994,1.1645,42,9,324,130,43,87,46.21651463414635,1.1986,62,12,329,190,132,58,6.579871,0,ok,logs/seed_824110.log
824110,comp_drt,NHEFT+CompDRT,0,0.0,1,1,0,0.1566,0.1471,0.3037,109.92700000000016,2.8508,13,4,152,460,460,0,44.901799999999994,1.1645,42,9,324,130,43,87,1073.8006219512188,27.8473,1,1,22,26,26,0,6.579871,0,ok,logs/seed_824110.log
897704,baseline,NHEFT,1,0.0,0,0,0,0.1761,0.1865,0.3626,213.21390000000028,4.96,8,3,83,467,467,0,52.65569999999998,1.2249,46,11,302,133,44,89,48.07956902986044,1.1185,64,14,339,173,118,55,7.16541,0,ok,logs/seed_897704.log
897704,comp_drt,NHEFT+CompDRT,0,0.0,1,1,0,0.1761,0.1865,0.3626,213.21390000000028,4.96,8,3,83,467,467,0,52.65569999999998,1.2249,46,11,302,133,44,89,1767.3120883629197,41.1132,1,1,22,29,29,0,7.16541,0,ok,logs/seed_897704.log
226589,baseline,NHEFT,1,0.0,0,0,0,0.1874,0.1804,0.3678,105.12639999999998,2.626,15,4,145,455,455,0,43.34230000000001,1.0827,41,10,314,125,49,76,40.98533862179361,1.0238,58,14,320,178,131,47,6.968515,0,ok,logs/seed_226589.log
226589,comp_drt,NHEFT+CompDRT,0,0.0,1,1,0,0.1874,0.1804,0.3678,105.12639999999998,2.626,15,4,145,455,455,0,43.34230000000001,1.0827,41,10,314,125,49,76,1621.2337714025498,40.4976,1,1,22,29,29,0,6.968515,0,ok,logs/seed_226589.log
481886,baseline,NHEFT,1,0.0,0,0,0,0.1789,0.1857,0.3646,189.2964,5.8773,6,2,82,448,448,0,43.51349999999999,1.351,50,11,286,123,34,89,38.882924448979594,1.2072,62,12,321,139,90,49,5.757592,0,ok,logs/seed_481886.log
481886,comp_drt,NHEFT+CompDRT,0,0.0,1,1,0,0.1789,0.1857,0.3646,189.2964,5.8773,6,2,82,448,448,0,43.51349999999999,1.351,50,11,286,123,34,89,1246.106846849757,38.6894,1,1,22,24,24,0,5.757592,0,ok,logs/seed_481886.log
982251,baseline,NHEFT,1,0.0,0,0,0,0.1614,0.1773,0.3387,115.10300000000026,2.8097,11,3,142,436,436,0,43.319900000000004,1.0575,43,7,304,109,36,73,42.09121812778602,1.0275,62,11,316,146,104,42,6.193396,0,ok,logs/seed_982251.log
982251,comp_drt,NHEFT+CompDRT,0,0.0,1,1,0,0.1614,0.1773,0.3387,115.10300000000026,2.8097,11,3,142,436,436,0,43.319900000000004,1.0575,43,7,304,109,36,73,767.7430428571429,18.7411,1,1,22,27,27,0,6.193396,0,ok,logs/seed_982251.log
543181,baseline,NHEFT,1,0.0,0,0,0,0.1736,0.1636,0.3372,201.8692000000004,5.9447,7,2,83,477,477,0,43.67949999999999,1.2863,43,9,335,115,49,66,42.059796156345804,1.2386,59,13,327,159,115,44,8.296018,0,ok,logs/seed_543181.log
543181,comp_drt,NHEFT+CompDRT,0,0.0,1,1,0,0.1736,0.1636,0.3372,201.8692000000004,5.9447,7,2,83,477,477,0,43.67949999999999,1.2863,43,9,335,115,49,66,2269.93502266289,66.846,1,1,22,27,27,0,8.296018,0,ok,logs/seed_543181.log
397234,baseline,NHEFT,1,0.0,0,0,0,0.1798,0.1672,0.347,169.14599999999965,4.4672,7,2,108,488,488,0,45.296,1.1963,45,9,337,131,40,91,43.63734462242563,1.1525,62,14,344,169,107,62,7.892279,0,ok,logs/seed_397234.log
397234,comp_drt,NHEFT+CompDRT,0,0.0,1,1,0,0.1798,0.1672,0.347,169.14599999999965,4.4672,7,2,108,488,488,0,45.296,1.1963,45,9,337,131,40,91,942.457208114559,24.8907,1,1,22,26,26,0,7.892279,0,ok,logs/seed_397234.log
973889,baseline,NHEFT,1,0.0,0,0,0,0.1675,0.1526,0.3201,220.1338000000004,4.7598,10,3,103,475,475,0,51.227799999999995,1.1077,43,11,315,126,42,84,51.22776863270777,1.1077,71,16,336,189,126,63,7.998817,0,ok,logs/seed_973889.log
973889,comp_drt,NHEFT+CompDRT,0,0.0,1,1,0,0.1675,0.1526,0.3201,220.1338000000004,4.7598,10,3,103,475,475,0,51.227799999999995,1.1077,43,11,315,126,42,84,1043.3739686327096,22.5601,1,1,22,30,30,0,7.998817,0,ok,logs/seed_973889.log
110682,baseline,NHEFT,1,0.0,0,0,0,0.1754,0.1709,0.3463,142.6754999999999,2.3538,13,3,153,433,433,0,66.493,1.097,38,8,286,121,40,81,65.50758062827225,1.0807,57,11,310,179,126,53,5.842145,0,ok,logs/seed_110682.log
110682,comp_drt,NHEFT+CompDRT,0,0.0,1,1,0,0.1754,0.1709,0.3463,142.6754999999999,2.3538,13,3,153,433,433,0,66.493,1.097,38,8,286,121,40,81,964.3722509598603,15.9097,1,1,22,30,30,0,5.842145,0,ok,logs/seed_110682.log
663813,baseline,NHEFT,1,0.0,0,0,0,0.1679,0.1683,0.3362,196.4264000000002,5.0812,10,4,102,437,437,0,46.6226,1.206,33,7,293,98,46,52,44.84590417460317,1.1601,61,12,320,169,114,55,6.517156,0,ok,logs/seed_663813.log
663813,comp_drt,NHEFT+CompDRT,0,0.0,1,1,0,0.1679,0.1683,0.3362,196.4264000000002,5.0812,10,4,102,437,437,0,46.6226,1.206,33,7,293,98,46,52,1176.0484778220462,30.4222,1,1,22,26,26,0,6.517156,0,ok,logs/seed_663813.log
895348,baseline,NHEFT,1,0.0,0,0,0,0.1706,0.1705,0.3411,212.41400000000002,6.0355,6,2,81,440,440,0,48.9158,1.3899,45,9,308,127,42,85,42.43744321251819,1.2058,59,13,321,155,103,52,6.021591,0,ok,logs/seed_895348.log
895348,comp_drt,NHEFT+CompDRT,0,0.0,1,1,0,0.1706,0.1705,0.3411,212.41400000000002,6.0355,6,2,81,440,440,0,48.9158,1.3899,45,9,308,127,42,85,2109.393588235293,59.9362,1,1,22,24,24,0,6.021591,0,ok,logs/seed_895348.log
840905,baseline,NHEFT,1,0.0,0,0,0,0.2042,0.1913,0.3955,105.75299999999999,2.4965,14,5,155,451,451,0,46.70869999999999,1.1026,45,10,313,141,52,89,46.83561334545689,1.1056,56,12,327,185,142,43,5.870904,0,ok,logs/seed_840905.log
840905,comp_drt,NHEFT+CompDRT,0,0.0,1,1,0,0.2042,0.1913,0.3955,105.75299999999999,2.4965,14,5,155,451,451,0,46.70869999999999,1.1026,45,10,313,141,52,89,929.3703333333336,21.9392,1,1,22,25,25,0,5.870904,0,ok,logs/seed_840905.log
366120,baseline,NHEFT,1,0.0,0,0,0,0.1912,0.1945,0.3857,192.05800000000025,4.3962,9,3,104,453,453,0,48.5372,1.111,45,12,298,136,39,97,44.534464636363644,1.0194,61,13,316,183,127,56,5.652333,0,ok,logs/seed_366120.log
366120,comp_drt,NHEFT+CompDRT,0,0.0,1,1,0,0.1912,0.1945,0.3857,192.05800000000025,4.3962,9,3,104,453,453,0,48.5372,1.111,45,12,298,136,39,97,2175.7966363636338,49.8038,1,1,22,31,31,0,5.652333,0,ok,logs/seed_366120.log
873087,baseline,NHEFT,1,0.0,0,0,0,0.1863,0.1358,0.3221,79.47750000000008,2.0182,17,4,191,414,414,0,42.1359,1.07,40,12,293,139,37,102,42.070171625929866,1.0683,56,13,321,189,152,37,6.008976,0,ok,logs/seed_873087.log
873087,comp_drt,NHEFT+CompDRT,0,0.0,1,1,0,0.1863,0.1358,0.3221,79.47750000000008,2.0182,17,4,191,414,414,0,42.1359,1.07,40,12,293,139,37,102,918.6993634866162,23.3286,1,1,22,23,23,0,6.008976,0,ok,logs/seed_873087.log
333017,baseline,NHEFT,1,0.0,0,0,0,0.1845,0.187,0.3715,180.7584000000002,4.7373,8,2,97,420,420,0,41.1601,1.0787,40,8,299,103,38,65,43.17535714285714,1.1315,50,12,309,136,91,45,5.36136,0,ok,logs/seed_333017.log
333017,comp_drt,NHEFT+CompDRT,0,0.0,1,1,0,0.1845,0.187,0.3715,180.7584000000002,4.7373,8,2,97,420,420,0,41.1601,1.0787,40,8,299,103,38,65,955.9495848896435,25.0535,1,1,22,30,30,0,5.36136,0,ok,logs/seed_333017.log
479679,baseline,NHEFT,1,0.0,0,0,0,0.1977,0.1597,0.3574,146.47790000000015,4.6155,10,3,107,454,454,0,39.68549999999999,1.2505,43,9,319,128,36,92,37.443620205920205,1.1798,56,13,349,171,123,48,6.184588,0,ok,logs/seed_479679.log
479679,comp_drt,NHEFT+CompDRT,0,0.0,1,1,0,0.1977,0.1597,0.3574,146.47790000000015,4.6155,10,3,107,454,454,0,39.68549999999999,1.2505,43,9,319,128,36,92,1099.5800000000002,34.6473,1,1,22,28,28,0,6.184588,0,ok,logs/seed_479679.log
547920,baseline,NHEFT,1,0.0,0,0,0,0.1916,0.1664,0.358,180.00949999999997,4.7397,8,2,102,457,457,0,42.893,1.1294,40,6,314,104,39,65,39.67510301507537,1.0447,52,9,333,135,88,47,5.848038,0,ok,logs/seed_547920.log
547920,comp_drt,NHEFT+CompDRT,0,0.0,1,1,0,0.1916,0.1664,0.358,180.00949999999997,4.7397,8,2,102,457,457,0,42.893,1.1294,40,6,314,104,39,65,778.0135522431252,20.4852,1,1,22,28,28,0,5.848038,0,ok,logs/seed_547920.log
397055,baseline,NHEFT,1,0.0,0,0,0,0.2072,0.2107,0.4179,231.20980000000083,6.1549,6,2,85,472,472,0,45.4449,1.2098,41,11,330,148,36,112,46.12064500875657,1.2278,60,14,350,210,142,68,6.602539,0,ok,logs/seed_397055.log
397055,comp_drt,NHEFT+CompDRT,0,0.0,1,1,0,0.2072,0.2107,0.4179,231.20980000000083,6.1549,6,2,85,472,472,0,45.4449,1.2098,41,11,330,148,36,112,1246.9798182444065,33.1953,1,1,22,22,22,0,6.602539,0,ok,logs/seed_397055.log
255407,baseline,NHEFT,1,0.0,0,0,0,0.1926,0.1856,0.3782,188.67080000000036,4.6602,7,2,101,467,467,0,43.9662,1.086,45,11,332,155,46,109,47.036981164807926,1.1618,50,13,326,183,127,56,6.854024,0,ok,logs/seed_255407.log
255407,comp_drt,NHEFT+CompDRT,0,0.0,1,1,0,0.1926,0.1856,0.3782,188.67080000000036,4.6602,7,2,101,467,467,0,43.9662,1.086,45,11,332,155,46,109,1115.6941556616632,27.5578,1,1,22,29,29,0,6.854024,0,ok,logs/seed_255407.log
529276,baseline,NHEFT,1,0.0,0,0,0,0.1865,0.198,0.3845,227.20110000000065,6.3999,7,2,84,461,461,0,42.65450000000001,1.2015,43,9,320,122,46,76,41.97780809716599,1.1824,57,11,342,171,110,61,6.148658,0,ok,logs/seed_529276.log
529276,comp_drt,NHEFT+CompDRT,0,0.0,1,1,0,0.1865,0.198,0.3845,227.20110000000065,6.3999,7,2,84,461,461,0,42.65450000000001,1.2015,43,9,320,122,46,76,1107.0111925795047,31.1827,1,1,22,26,26,0,6.148658,0,ok,logs/seed_529276.log
772641,baseline,NHEFT,1,0.0,0,0,0,0.1903,0.1703,0.3606,139.83270000000016,3.6632,12,4,126,458,458,0,42.795399999999994,1.1211,45,8,328,133,40,93,41.453715769944345,1.086,71,13,354,195,133,62,6.962771,0,ok,logs/seed_772641.log
772641,comp_drt,NHEFT+CompDRT,0,0.0,1,1,0,0.1903,0.1703,0.3606,139.83270000000016,3.6632,12,4,126,458,458,0,42.795399999999994,1.1211,45,8,328,133,40,93,929.8146741641343,24.3586,1,1,22,26,26,0,6.962771,0,ok,logs/seed_772641.log
452290,baseline,NHEFT,1,0.0,0,0,0,0.1768,0.1437,0.3205,167.2373000000004,4.6977,8,2,103,452,452,0,45.514700000000005,1.2785,42,7,313,130,48,82,44.83157076090014,1.2593,50,11,309,151,108,43,5.722425,0,ok,logs/seed_452290.log
452290,comp_drt,NHEFT+CompDRT,0,0.0,1,1,0,0.1768,0.1437,0.3205,167.2373000000004,4.6977,8,2,103,452,452,0,45.514700000000005,1.2785,42,7,313,130,48,82,861.9449872773547,24.2123,1,1,22,28,28,0,5.722425,0,ok,logs/seed_452290.log
70730,baseline,NHEFT,1,0.0,0,0,0,0.1961,0.1987,0.3948,117.31229999999974,3.5453,9,3,134,475,475,0,42.99340000000001,1.2993,43,8,314,126,43,83,38.28389219359875,1.157,58,11,339,173,123,50,7.091289,0,ok,logs/seed_70730.log
70730,comp_drt,NHEFT+CompDRT,0,0.0,1,1,0,0.1961,0.1987,0.3948,117.31229999999974,3.5453,9,3,134,475,475,0,42.99340000000001,1.2993,43,8,314,126,43,83,822.5184342105259,24.8574,1,1,22,24,24,0,7.091289,0,ok,logs/seed_70730.log
29523,baseline,NHEFT,1,0.0,0,0,0,0.1952,0.2004,0.3956,177.5476,5.4219,9,3,105,440,440,0,46.4961,1.4199,45,11,305,161,53,108,42.085899141205836,1.2852,57,13,339,189,126,63,5.261926,0,ok,logs/seed_29523.log
29523,comp_drt,NHEFT+CompDRT,0,0.0,1,1,0,0.1952,0.2004,0.3956,177.5476,5.4219,9,3,105,440,440,0,46.4961,1.4199,45,11,305,161,53,108,1210.7539808917195,36.9737,1,1,22,25,25,0,5.261926,0,ok,logs/seed_29523.log
580005,baseline,NHEFT,1,0.0,0,0,0,0.1883,0.1438,0.3321,143.52910000000003,3.4928,10,3,126,466,466,0,47.31040000000001,1.1513,41,8,328,113,37,76,43.031099999999995,1.0472,63,14,338,147,110,37,7.786736,0,ok,logs/seed_580005.log
580005,comp_drt,NHEFT+CompDRT,0,0.0,1,1,0,0.1883,0.1438,0.3321,143.52910000000003,3.4928,10,3,126,466,466,0,47.31040000000001,1.1513,41,8,328,113,37,76,1233.1153171792162,30.0079,1,1,22,26,26,0,7.786736,0,ok,logs/seed_580005.log
273040,baseline,NHEFT,1,0.0,0,0,0,0.198,0.1708,0.3688,101.00409999999988,2.3706,16,4,174,451,451,0,45.7908,1.0747,40,8,312,118,43,75,45.99423682008368,1.0795,49,10,324,148,120,28,7.043406,0,ok,logs/seed_273040.log
273040,comp_drt,NHEFT+CompDRT,0,0.0,1,1,0,0.198,0.1708,0.3688,101.00409999999988,2.3706,16,4,174,451,451,0,45.7908,1.0747,40,8,312,118,43,75,983.5020559241707,23.0835,1,1,22,27,27,0,7.043406,0,ok,logs/seed_273040.log
333143,baseline,NHEFT,1,0.0,0,0,0,0.1893,0.1984,0.3877,115.27700000000021,2.2658,15,5,152,456,456,0,52.55820000000001,1.0331,37,8,287,119,48,71,52.37558704318937,1.0295,50,9,310,153,116,37,6.9269,0,ok,logs/seed_333143.log
333143,comp_drt,NHEFT+CompDRT,0,0.0,1,1,0,0.1893,0.1984,0.3877,115.27700000000021,2.2658,15,5,152,456,456,0,52.55820000000001,1.0331,37,8,287,119,48,71,1006.6825913043477,19.787,1,1,22,31,31,0,6.9269,0,ok,logs/seed_333143.log
6027,baseline,NHEFT,1,0.0,0,0,0,0.1642,0.1344,0.2986,159.06280000000015,3.6264,10,4,130,487,487,0,47.879799999999996,1.0916,42,10,351,142,42,100,47.23807665952891,1.077,61,14,356,198,141,57,5.453764,0,ok,logs/seed_6027.log
6027,comp_drt,NHEFT+CompDRT,0,0.0,1,1,0,0.1642,0.1344,0.2986,159.06280000000015,3.6264,10,4,130,487,487,0,47.879799999999996,1.0916,42,10,351,142,42,100,976.9111766595292,22.2723,1,1,22,30,30,0,5.453764,0,ok,logs/seed_6027.log
802904,baseline,NHEFT,1,0.0,0,0,0,0.1797,0.153,0.3327,171.9011000000003,4.1254,8,2,125,465,465,0,47.2017,1.1328,44,8,345,140,52,88,46.65822876956893,1.1197,66,14,354,194,141,53,7.365509,0,ok,logs/seed_802904.log
802904,comp_drt,NHEFT+CompDRT,0,0.0,1,1,0,0.1797,0.153,0.3327,171.9011000000003,4.1254,8,2,125,465,465,0,47.2017,1.1328,44,8,345,140,52,88,787.7416317073163,18.9046,1,1,22,23,23,0,7.365509,0,ok,logs/seed_802904.log
495402,baseline,NHEFT,1,0.0,0,0,0,0.178,0.174,0.352,123.85970000000016,2.7674,17,5,178,464,464,0,50.2462,1.1227,44,11,326,145,44,101,48.315965428109855,1.0795,62,13,337,191,131,60,4.18316,0,ok,logs/seed_495402.log
495402,comp_drt,NHEFT+CompDRT,0,0.0,1,1,0,0.178,0.174,0.352,123.85970000000016,2.7674,17,5,178,464,464,0,50.2462,1.1227,44,11,326,145,44,101,1229.3462283018882,27.4676,1,1,22,27,27,0,4.18316,0,ok,logs/seed_495402.log
385502,baseline,NHEFT,1,0.0,0,0,0,0.2305,0.2231,0.4536,154.1373000000002,4.0662,12,4,121,482,482,0,44.664199999999994,1.1783,47,10,327,136,43,93,40.216357219779965,1.0609,60,12,354,181,120,61,5.161377,0,ok,logs/seed_385502.log
385502,comp_drt,NHEFT+CompDRT,0,0.0,1,1,0,0.2305,0.2231,0.4536,154.1373000000002,4.0662,12,4,121,482,482,0,44.664199999999994,1.1783,47,10,327,136,43,93,898.8234291390725,23.7116,1,1,22,28,28,0,5.161377,0,ok,logs/seed_385502.log
847050,baseline,NHEFT,1,0.0,0,0,0,0.1741,0.182,0.3561,152.36199999999974,3.9431,9,3,111,440,440,0,47.18699999999999,1.2212,40,8,300,118,46,72,42.412666346153856,1.0976,57,12,315,162,118,44,4.040256,0,ok,logs/seed_847050.log
847050,comp_drt,NHEFT+CompDRT,0,0.0,1,1,0,0.1741,0.182,0.3561,152.36199999999974,3.9431,9,3,111,440,440,0,47.18699999999999,1.2212,40,8,300,118,46,72,1309.474945017181,33.8887,1,1,22,30,30,0,4.040256,0,ok,logs/seed_847050.log
386832,baseline,NHEFT,1,0.0,0,0,0,0.1798,0.2206,0.4004,133.30320000000034,3.7582,16,4,140,442,442,0,44.136500000000005,1.2443,45,10,314,131,47,84,43.90063033102387,1.2377,56,13,321,168,121,47,5.351407,0,ok,logs/seed_386832.log
386832,comp_drt,NHEFT+CompDRT,0,0.0,1,1,0,0.1798,0.2206,0.4004,133.30320000000034,3.7582,16,4,140,442,442,0,44.136500000000005,1.2443,45,10,314,131,47,84,845.8196403197157,23.846,1,1,22,23,23,0,5.351407,0,ok,logs/seed_386832.log
325099,baseline,NHEFT,1,0.0,0,0,0,0.2001,0.1847,0.3848,124.48010000000019,2.6826,10,3,126,451,451,0,46.64330000000001,1.0052,37,6,311,108,35,73,47.00400967741936,1.0129,61,13,323,163,113,50,4.560845,0,ok,logs/seed_325099.log
325099,comp_drt,NHEFT+CompDRT,0,0.0,1,1,0,0.2001,0.1847,0.3848,124.48010000000019,2.6826,10,3,126,451,451,0,46.64330000000001,1.0052,37,6,311,108,35,73,789.312673607038,17.0098,1,1,22,28,28,0,4.560845,0,ok,logs/seed_325099.log
23707,baseline,NHEFT,1,0.0,0,0,0,0.1684,0.2126,0.381,284.5335000000006,7.6191,6,2,71,472,472,0,49.460400000000014,1.3244,35,7,314,113,35,78,51.30104254473161,1.3737,66,12,363,185,118,67,4.575308,0,ok,logs/seed_23707.log
23707,comp_drt,NHEFT+CompDRT,0,0.0,1,1,0,0.1684,0.2126,0.381,284.5335000000006,7.6191,6,2,71,472,472,0,49.460400000000014,1.3244,35,7,314,113,35,78,958.39219582505,25.6633,1,1,22,29,29,0,4.575308,0,ok,logs/seed_23707.log
