seed,variant,variant_display_label,is_baseline_nheft,configured_tolerance,configured_comp_advantage,configured_drt_advantage,configured_irt_advantage,ccr_data,idr_image,nccr_total,heft_makespan,heft_slr,heft_vcpus,heft_hosts,heft_instances,heft_image_dl_total,heft_image_from_repo,heft_image_from_host,dheft_makespan,dheft_slr,dheft_vcpus,dheft_hosts,dheft_instances,dheft_image_dl_total,dheft_image_from_repo,dheft_image_from_host,nheft_makespan,nheft_slr,nheft_vcpus,nheft_hosts,nheft_instances,nheft_image_dl_total,nheft_image_from_repo,nheft_image_from_host,time_sec,return_code,status,log_file
741896,irt_only,GHEFT,0,0.0,0,0,1,0.692,0.6439,1.3359,,,,,,,,,,,,,,,,,61.74705799457994,1.8958,41,11,299,159,103,56,5.691771,0,ok,logs/seed_741896.log
430515,irt_only,GHEFT,0,0.0,0,0,1,0.6608,0.6782,1.339,,,,,,,,,,,,,,,,,52.992455282051274,1.3102,42,11,311,148,101,47,6.463473,0,ok,logs/seed_430515.log
888075,irt_only,GHEFT,0,0.0,0,0,1,0.6584,0.5961,1.2545,,,,,,,,,,,,,,,,,62.90223226696083,1.6162,45,12,326,180,125,55,8.654639,0,ok,logs/seed_888075.log
914983,irt_only,GHEFT,0,0.0,0,0,1,0.7495,0.774,1.5235,,,,,,,,,,,,,,,,,62.559920557195575,1.7515,37,9,303,145,98,47,7.584815,0,ok,logs/seed_914983.log
997971,irt_only,GHEFT,0,0.0,0,0,1,0.6644,0.5677,1.2321,,,,,,,,,,,,,,,,,60.18526384571099,2.0279,46,11,335,157,107,50,10.284964,0,ok,logs/seed_997971.log
747642,irt_only,GHEFT,0,0.0,0,0,1,0.5845,0.5294,1.1139,,,,,,,,,,,,,,,,,58.29059118918919,1.3179,40,11,308,144,89,55,8.041965,0,ok,logs/seed_747642.log
664527,irt_only,GHEFT,0,0.0,0,0,1,0.6531,0.7713,1.4244,,,,,,,,,,,,,,,,,57.40145817950351,1.3946,37,10,316,142,97,45,10.052394,0,ok,logs/seed_664527.log
760044,irt_only,GHEFT,0,0.0,0,0,1,0.5738,0.5483,1.1221,,,,,,,,,,,,,,,,,61.03844790159188,1.1576,43,11,298,135,93,42,8.588419,0,ok,logs/seed_760044.log
215549,irt_only,GHEFT,0,0.0,0,0,1,0.6468,0.6975,1.3443,,,,,,,,,,,,,,,,,51.010236326553525,1.4435,41,10,315,146,104,42,9.401881,0,ok,logs/seed_215549.log
370191,irt_only,GHEFT,0,0.0,0,0,1,0.6174,0.6576,1.275,,,,,,,,,,,,,,,,,54.88650100000001,1.5498,45,10,300,130,82,48,11.084437,0,ok,logs/seed_370191.log
296947,irt_only,GHEFT,0,0.0,0,0,1,0.5737,0.6884,1.2621,,,,,,,,,,,,,,,,,87.29541098169716,1.9077,45,11,303,159,99,60,10.147928,0,ok,logs/seed_296947.log
963598,irt_only,GHEFT,0,0.0,0,0,1,0.6777,0.6805,1.3582,,,,,,,,,,,,,,,,,73.42709986816084,1.9,45,12,321,166,115,51,10.437561,0,ok,logs/seed_963598.log
388451,irt_only,GHEFT,0,0.0,0,0,1,0.6356,0.6484,1.284,,,,,,,,,,,,,,,,,60.49095529225907,1.6065,40,10,306,137,97,40,7.6624,0,ok,logs/seed_388451.log
602873,irt_only,GHEFT,0,0.0,0,0,1,0.601,0.5884,1.1894,,,,,,,,,,,,,,,,,65.14750578034682,1.3204,39,10,310,154,116,38,9.681391,0,ok,logs/seed_602873.log
122745,irt_only,GHEFT,0,0.0,0,0,1,0.6445,0.5687,1.2132,,,,,,,,,,,,,,,,,58.158558432934925,1.6764,47,11,318,152,94,58,8.651193,0,ok,logs/seed_122745.log
484762,irt_only,GHEFT,0,0.0,0,0,1,0.6567,0.7279,1.3846,,,,,,,,,,,,,,,,,54.47471908873721,1.5484,41,10,303,157,112,45,8.373973,0,ok,logs/seed_484762.log
514215,irt_only,GHEFT,0,0.0,0,0,1,0.6978,0.6159,1.3137,,,,,,,,,,,,,,,,,55.65452762721895,1.4107,57,13,310,166,108,58,8.433059,0,ok,logs/seed_514215.log
601161,irt_only,GHEFT,0,0.0,0,0,1,0.5672,0.5792,1.1464,,,,,,,,,,,,,,,,,70.35989294973581,1.5742,43,13,308,161,108,53,7.630158,0,ok,logs/seed_601161.log
78435,irt_only,GHEFT,0,0.0,0,0,1,0.5932,0.5578,1.151,,,,,,,,,,,,,,,,,59.73945366795366,1.363,38,11,301,165,110,55,7.239801,0,ok,logs/seed_78435.log
480957,irt_only,GHEFT,0,0.0,0,0,1,0.6618,0.5908,1.2526,,,,,,,,,,,,,,,,,48.87851541647598,1.3909,41,11,299,159,112,47,7.776196,0,ok,logs/seed_480957.log
113260,irt_only,GHEFT,0,0.0,0,0,1,0.722,0.72,1.442,,,,,,,,,,,,,,,,,79.37798481084133,1.739,46,11,337,173,113,60,10.208677,0,ok,logs/seed_113260.log
846854,irt_only,GHEFT,0,0.0,0,0,1,0.6204,0.6495,1.2699,,,,,,,,,,,,,,,,,59.339379218472466,1.7181,42,9,262,136,93,43,6.933474,0,ok,logs/seed_846854.log
422970,irt_only,GHEFT,0,0.0,0,0,1,0.6237,0.7248,1.3485,,,,,,,,,,,,,,,,,58.98393773584906,1.5197,41,10,285,159,110,49,7.579768,0,ok,logs/seed_422970.log
762973,irt_only,GHEFT,0,0.0,0,0,1,0.7309,0.5625,1.2934,,,,,,,,,,,,,,,,,61.50859781287972,1.4941,41,10,307,141,102,39,6.536225,0,ok,logs/seed_762973.log
303068,irt_only,GHEFT,0,0.0,0,0,1,0.7534,0.8494,1.6028,,,,,,,,,,,,,,,,,57.302154523357096,1.6217,41,10,325,151,100,51,9.359546,0,ok,logs/seed_303068.log
701483,irt_only,GHEFT,0,0.0,0,0,1,0.7793,0.7973,1.5766,,,,,,,,,,,,,,,,,53.791855151624546,1.7321,44,12,295,161,105,56,6.39966,0,ok,logs/seed_701483.log
193272,irt_only,GHEFT,0,0.0,0,0,1,0.6616,0.7445,1.4061,,,,,,,,,,,,,,,,,72.09071578947366,1.5958,47,13,325,179,111,68,9.038563,0,ok,logs/seed_193272.log
609026,irt_only,GHEFT,0,0.0,0,0,1,0.6119,0.6161,1.228,,,,,,,,,,,,,,,,,65.54035563909774,1.8024,50,11,331,164,119,45,9.970459,0,ok,logs/seed_609026.log
385324,irt_only,GHEFT,0,0.0,0,0,1,0.6966,0.7859,1.4825,,,,,,,,,,,,,,,,,56.22816228956229,1.7707,37,11,308,133,102,31,9.26895,0,ok,logs/seed_385324.log
586699,irt_only,GHEFT,0,0.0,0,0,1,0.6383,0.6974,1.3357,,,,,,,,,,,,,,,,,60.439401480384895,1.5584,36,10,278,144,104,40,10.00877,0,ok,logs/seed_586699.log
127154,irt_only,GHEFT,0,0.0,0,0,1,0.7427,0.7497,1.4924,,,,,,,,,,,,,,,,,58.701375125208685,2.1,40,9,322,160,103,57,10.79202,0,ok,logs/seed_127154.log
140763,irt_only,GHEFT,0,0.0,0,0,1,0.6369,0.6307,1.2676,,,,,,,,,,,,,,,,,55.17330400994386,1.4479,50,13,317,166,108,58,8.675805,0,ok,logs/seed_140763.log
162375,irt_only,GHEFT,0,0.0,0,0,1,0.7203,0.777,1.4973,,,,,,,,,,,,,,,,,56.96993572976257,1.4089,42,10,304,129,82,47,7.660803,0,ok,logs/seed_162375.log
320372,irt_only,GHEFT,0,0.0,0,0,1,0.7314,0.885,1.6164,,,,,,,,,,,,,,,,,61.28028304319793,1.6226,39,9,307,144,102,42,7.348857,0,ok,logs/seed_320372.log
911752,irt_only,GHEFT,0,0.0,0,0,1,0.7671,0.7052,1.4723,,,,,,,,,,,,,,,,,54.68794454148472,1.3788,43,10,319,158,109,49,8.605766,0,ok,logs/seed_911752.log
185527,irt_only,GHEFT,0,0.0,0,0,1,0.6813,0.627,1.3083,,,,,,,,,,,,,,,,,62.94532635885167,1.2957,40,10,317,164,108,56,8.672484,0,ok,logs/seed_185527.log
766339,irt_only,GHEFT,0,0.0,0,0,1,0.7275,0.7021,1.4296,,,,,,,,,,,,,,,,,71.5121149467296,1.8621,43,10,295,144,91,53,7.589853,0,ok,logs/seed_766339.log
911829,irt_only,GHEFT,0,0.0,0,0,1,0.6569,0.6441,1.301,,,,,,,,,,,,,,,,,72.05326693442622,1.4257,46,10,316,164,111,53,12.117346,0,ok,logs/seed_911829.log
184906,irt_only,GHEFT,0,0.0,0,0,1,0.7011,0.7022,1.4033,,,,,,,,,,,,,,,,,61.22545059288537,1.4281,41,10,288,127,98,29,8.077161,0,ok,logs/seed_184906.log
189090,irt_only,GHEFT,0,0.0,0,0,1,0.6991,0.5708,1.2699,,,,,,,,,,,,,,,,,52.96022352941177,1.49,39,10,292,134,95,39,9.365838,0,ok,logs/seed_189090.log
355619,irt_only,GHEFT,0,0.0,0,0,1,0.5807,0.6355,1.2162,,,,,,,,,,,,,,,,,80.78087272074661,1.7525,52,11,323,158,118,40,8.217887,0,ok,logs/seed_355619.log
440123,irt_only,GHEFT,0,0.0,0,0,1,0.6162,0.6945,1.3107,,,,,,,,,,,,,,,,,62.43600901803605,1.3488,48,13,322,165,111,54,9.94602,0,ok,logs/seed_440123.log
65843,irt_only,GHEFT,0,0.0,0,0,1,0.7048,0.5955,1.3003,,,,,,,,,,,,,,,,,51.07703302142997,1.4396,44,8,296,139,95,44,7.442622,0,ok,logs/seed_65843.log
356002,irt_only,GHEFT,0,0.0,0,0,1,0.7326,0.6291,1.3617,,,,,,,,,,,,,,,,,50.852292381703485,1.3525,42,12,317,154,100,54,9.349305,0,ok,logs/seed_356002.log
546160,irt_only,GHEFT,0,0.0,0,0,1,0.7039,0.6434,1.3473,,,,,,,,,,,,,,,,,60.41627609990492,1.0772,39,11,296,156,107,49,8.726849,0,ok,logs/seed_546160.log
466702,irt_only,GHEFT,0,0.0,0,0,1,0.5601,0.4743,1.0344,,,,,,,,,,,,,,,,,59.41295339759035,1.6663,42,11,321,157,106,51,9.843815,0,ok,logs/seed_466702.log
108594,irt_only,GHEFT,0,0.0,0,0,1,0.6201,0.6063,1.2264,,,,,,,,,,,,,,,,,57.37909022082018,1.6626,48,12,324,145,98,47,10.239393,0,ok,logs/seed_108594.log
302326,irt_only,GHEFT,0,0.0,0,0,1,0.7051,0.6655,1.3706,,,,,,,,,,,,,,,,,51.51426261532056,1.2722,37,10,309,146,91,55,8.376596,0,ok,logs/seed_302326.log
830943,irt_only,GHEFT,0,0.0,0,0,1,0.7146,0.6083,1.3229,,,,,,,,,,,,,,,,,59.42146256787763,1.6932,53,10,294,151,87,64,8.732594,0,ok,logs/seed_830943.log
774892,irt_only,GHEFT,0,0.0,0,0,1,0.6454,0.5542,1.1996,,,,,,,,,,,,,,,,,63.408100000000005,1.576,52,12,329,166,118,48,11.039445,0,ok,logs/seed_774892.log
317399,irt_only,GHEFT,0,0.0,0,0,1,0.6996,0.6289,1.3285,,,,,,,,,,,,,,,,,49.0675347826087,1.3661,42,10,301,135,95,40,8.900006,0,ok,logs/seed_317399.log
179499,irt_only,GHEFT,0,0.0,0,0,1,0.6786,0.6123,1.2909,,,,,,,,,,,,,,,,,66.13300155096418,1.6708,40,10,309,165,111,54,7.588215,0,ok,logs/seed_179499.log
551935,irt_only,GHEFT,0,0.0,0,0,1,0.7385,0.7388,1.4773,,,,,,,,,,,,,,,,,62.670092569659445,1.2377,41,8,303,141,101,40,8.130193,0,ok,logs/seed_551935.log
751687,irt_only,GHEFT,0,0.0,0,0,1,0.6316,0.4991,1.1307,,,,,,,,,,,,,,,,,55.08759454094293,1.5844,47,11,294,141,100,41,8.920519,0,ok,logs/seed_751687.log
531148,irt_only,GHEFT,0,0.0,0,0,1,0.6463,0.5909,1.2372,,,,,,,,,,,,,,,,,82.94295556831229,1.7969,45,10,341,166,111,55,12.8206,0,ok,logs/seed_531148.log
594138,irt_only,GHEFT,0,0.0,0,0,1,0.7354,0.7049,1.4403,,,,,,,,,,,,,,,,,51.812856218905466,1.5054,43,11,293,136,82,54,10.054848,0,ok,logs/seed_594138.log
702028,irt_only,GHEFT,0,0.0,0,0,1,0.7108,0.6476,1.3584,,,,,,,,,,,,,,,,,68.81827782140606,1.7721,47,11,316,175,110,65,12.540228,0,ok,logs/seed_702028.log
492022,irt_only,GHEFT,0,0.0,0,0,1,0.625,0.5761,1.2011,,,,,,,,,,,,,,,,,59.21826488549618,1.5521,51,11,316,171,111,60,8.377656,0,ok,logs/seed_492022.log
231332,irt_only,GHEFT,0,0.0,0,0,1,0.695,0.6471,1.3421,,,,,,,,,,,,,,,,,55.441972144777885,1.572,42,10,327,145,102,43,9.724466,0,ok,logs/seed_231332.log
147537,irt_only,GHEFT,0,0.0,0,0,1,0.7294,0.6958,1.4252,,,,,,,,,,,,,,,,,59.787830612244896,1.313,40,9,310,158,113,45,8.990257,0,ok,logs/seed_147537.log
109654,irt_only,GHEFT,0,0.0,0,0,1,0.6238,0.6903,1.3141,,,,,,,,,,,,,,,,,68.09563086419753,1.67,44,11,314,169,120,49,10.000912,0,ok,logs/seed_109654.log
357820,irt_only,GHEFT,0,0.0,0,0,1,0.5732,0.619,1.1922,,,,,,,,,,,,,,,,,46.328944517954966,1.5867,42,10,326,129,92,37,7.469745,0,ok,logs/seed_357820.log
813854,irt_only,GHEFT,0,0.0,0,0,1,0.6563,0.6224,1.2787,,,,,,,,,,,,,,,,,56.435601,1.3152,41,11,298,150,112,38,8.543933,0,ok,logs/seed_813854.log
840701,irt_only,GHEFT,0,0.0,0,0,1,0.6386,0.6838,1.3224,,,,,,,,,,,,,,,,,60.44604561302681,1.3889,38,11,312,128,96,32,11.854606,0,ok,logs/seed_840701.log
528112,irt_only,GHEFT,0,0.0,0,0,1,0.7375,0.7051,1.4426,,,,,,,,,,,,,,,,,47.96850061977186,1.1437,46,10,303,131,90,41,9.050461,0,ok,logs/seed_528112.log
610245,irt_only,GHEFT,0,0.0,0,0,1,0.7202,0.7143,1.4345,,,,,,,,,,,,,,,,,48.850370286576165,1.3354,33,10,287,122,78,44,8.775475,0,ok,logs/seed_610245.log
540631,irt_only,GHEFT,0,0.0,0,0,1,0.6732,0.5797,1.2529,,,,,,,,,,,,,,,,,64.96242214111922,1.8759,36,9,312,147,110,37,10.395385,0,ok,logs/seed_540631.log
670354,irt_only,GHEFT,0,0.0,0,0,1,0.6808,0.6506,1.3314,,,,,,,,,,,,,,,,,71.39765167320262,1.7801,42,10,310,153,108,45,10.394526,0,ok,logs/seed_670354.log
416284,irt_only,GHEFT,0,0.0,0,0,1,0.6954,0.7113,1.4067,,,,,,,,,,,,,,,,,56.318426685785546,1.6467,48,12,320,162,113,49,12.314109,0,ok,logs/seed_416284.log
853922,irt_only,GHEFT,0,0.0,0,0,1,0.7196,0.8443,1.5639,,,,,,,,,,,,,,,,,51.55485199831496,1.2409,38,10,305,135,91,44,11.170043,0,ok,logs/seed_853922.log
703771,irt_only,GHEFT,0,0.0,0,0,1,0.7029,0.7847,1.4876,,,,,,,,,,,,,,,,,50.27065703971117,1.3754,33,9,285,135,87,48,11.088544,0,ok,logs/seed_703771.log
131782,irt_only,GHEFT,0,0.0,0,0,1,0.6911,0.6773,1.3684,,,,,,,,,,,,,,,,,59.97572620121707,1.895,36,9,288,108,79,29,8.531341,0,ok,logs/seed_131782.log
793335,irt_only,GHEFT,0,0.0,0,0,1,0.7037,0.7708,1.4745,,,,,,,,,,,,,,,,,58.55542395672334,1.6605,33,9,264,139,98,41,8.413016,0,ok,logs/seed_793335.log
829835,irt_only,GHEFT,0,0.0,0,0,1,0.6006,0.5628,1.1634,,,,,,,,,,,,,,,,,52.07618697194389,1.4508,42,10,292,144,107,37,9.837477,0,ok,logs/seed_829835.log
517538,irt_only,GHEFT,0,0.0,0,0,1,0.7171,0.6282,1.3453,,,,,,,,,,,,,,,,,49.52951718151816,1.2378,38,9,320,149,104,45,10.034362,0,ok,logs/seed_517538.log
432977,irt_only,GHEFT,0,0.0,0,0,1,0.6818,0.6425,1.3243,,,,,,,,,,,,,,,,,60.23332944785277,1.341,40,9,333,153,101,52,10.586233,0,ok,logs/seed_432977.log
202788,irt_only,GHEFT,0,0.0,0,0,1,0.7024,0.6425,1.3449,,,,,,,,,,,,,,,,,49.98934930716225,1.2931,40,11,291,137,77,60,9.009671,0,ok,logs/seed_202788.log
455331,irt_only,GHEFT,0,0.0,0,0,1,0.7197,0.6426,1.3623,,,,,,,,,,,,,,,,,56.32911832460733,1.4727,44,11,310,166,109,57,8.686305,0,ok,logs/seed_455331.log
795054,irt_only,GHEFT,0,0.0,0,0,1,0.7171,0.6543,1.3714,,,,,,,,,,,,,,,,,53.459857142857146,1.6345,39,10,270,132,82,50,6.504217,0,ok,logs/seed_795054.log
612732,irt_only,GHEFT,0,0.0,0,0,1,0.6914,0.564,1.2554,,,,,,,,,,,,,,,,,53.100985321100914,1.682,46,11,303,151,106,45,9.310974,0,ok,logs/seed_612732.log
753523,irt_only,GHEFT,0,0.0,0,0,1,0.651,0.6736,1.3246,,,,,,,,,,,,,,,,,66.69159768401774,1.7221,37,9,282,144,106,38,10.079477,0,ok,logs/seed_753523.log
239744,irt_only,GHEFT,0,0.0,0,0,1,0.6731,0.6911,1.3642,,,,,,,,,,,,,,,,,56.89004441378593,1.3218,36,11,292,149,96,53,10.989978,0,ok,logs/seed_239744.log
838648,irt_only,GHEFT,0,0.0,0,0,1,0.7082,0.6494,1.3576,,,,,,,,,,,,,,,,,61.23659604339503,1.4632,40,10,313,159,101,58,8.314516,0,ok,logs/seed_838648.log
115403,irt_only,GHEFT,0,0.0,0,0,1,0.5992,0.5397,1.1389,,,,,,,,,,,,,,,,,72.66836813512458,1.7229,44,11,297,168,106,62,7.29268,0,ok,logs/seed_115403.log
712189,irt_only,GHEFT,0,0.0,0,0,1,0.7293,0.7884,1.5177,,,,,,,,,,,,,,,,,63.685743159922914,1.8933,42,10,307,158,113,45,9.231783,0,ok,logs/seed_712189.log
873143,irt_only,GHEFT,0,0.0,0,0,1,0.6428,0.5776,1.2204,,,,,,,,,,,,,,,,,54.87102959556056,1.9431,44,12,312,144,95,49,7.836439,0,ok,logs/seed_873143.log
877233,irt_only,GHEFT,0,0.0,0,0,1,0.6358,0.526,1.1618,,,,,,,,,,,,,,,,,54.0668089552239,1.4764,49,12,308,155,108,47,12.09206,0,ok,logs/seed_877233.log
663658,irt_only,GHEFT,0,0.0,0,0,1,0.7178,0.7849,1.5027,,,,,,,,,,,,,,,,,60.67874203758657,1.5977,45,12,313,165,106,59,7.954965,0,ok,logs/seed_663658.log
656054,irt_only,GHEFT,0,0.0,0,0,1,0.6431,0.4874,1.1305,,,,,,,,,,,,,,,,,58.687081952380964,1.6658,54,12,322,155,105,50,9.97224,0,ok,logs/seed_656054.log
464471,irt_only,GHEFT,0,0.0,0,0,1,0.6754,0.7061,1.3815,,,,,,,,,,,,,,,,,57.03100693603934,1.5834,41,11,299,172,115,57,10.731804,0,ok,logs/seed_464471.log
586510,irt_only,GHEFT,0,0.0,0,0,1,0.6647,0.7123,1.377,,,,,,,,,,,,,,,,,45.53518444735467,1.4053,41,8,311,153,91,62,9.63108,0,ok,logs/seed_586510.log
50264,irt_only,GHEFT,0,0.0,0,0,1,0.6682,0.6551,1.3233,,,,,,,,,,,,,,,,,52.35897500391902,1.4405,45,11,297,141,85,56,9.034189,0,ok,logs/seed_50264.log
719048,irt_only,GHEFT,0,0.0,0,0,1,0.7196,0.7779,1.4975,,,,,,,,,,,,,,,,,48.84550285755277,1.3178,41,12,319,144,99,45,9.270547,0,ok,logs/seed_719048.log
677021,irt_only,GHEFT,0,0.0,0,0,1,0.6599,0.7138,1.3737,,,,,,,,,,,,,,,,,54.86968978280543,1.5014,35,11,299,140,101,39,10.148004,0,ok,logs/seed_677021.log
861718,irt_only,GHEFT,0,0.0,0,0,1,0.7498,0.7603,1.5101,,,,,,,,,,,,,,,,,63.05034131274131,2.1321,34,11,283,143,107,36,11.087873,0,ok,logs/seed_861718.log
495401,irt_only,GHEFT,0,0.0,0,0,1,0.6755,0.5506,1.2261,,,,,,,,,,,,,,,,,50.70119083927593,1.4676,53,12,326,162,109,53,11.697306,0,ok,logs/seed_495401.log
209510,irt_only,GHEFT,0,0.0,0,0,1,0.6786,0.6218,1.3004,,,,,,,,,,,,,,,,,65.69789258744589,1.5344,40,10,305,154,103,51,8.848976,0,ok,logs/seed_209510.log
743312,irt_only,GHEFT,0,0.0,0,0,1,0.7088,0.7515,1.4603,,,,,,,,,,,,,,,,,50.209088206896546,1.6152,37,10,279,135,85,50,7.346969,0,ok,logs/seed_743312.log
212694,irt_only,GHEFT,0,0.0,0,0,1,0.6381,0.6863,1.3244,,,,,,,,,,,,,,,,,60.72245029505915,2.02,41,11,300,134,90,44,7.790943,0,ok,logs/seed_212694.log
224701,irt_only,GHEFT,0,0.0,0,0,1,0.6572,0.6102,1.2674,,,,,,,,,,,,,,,,,70.75555930521091,1.6257,38,8,289,142,103,39,7.260732,0,ok,logs/seed_224701.log
861434,irt_only,GHEFT,0,0.0,0,0,1,0.6951,0.6996,1.3947,,,,,,,,,,,,,,,,,55.14415109560229,1.5345,39,10,283,135,105,30,9.072757,0,ok,logs/seed_861434.log
844102,irt_only,GHEFT,0,0.0,0,0,1,0.619,0.621,1.24,,,,,,,,,,,,,,,,,62.31452410640067,1.414,45,11,286,162,100,62,7.786304,0,ok,logs/seed_844102.log
722064,irt_only,GHEFT,0,0.0,0,0,1,0.6294,0.617,1.2464,,,,,,,,,,,,,,,,,48.56020198019802,1.4717,41,10,288,138,99,39,8.091849,0,ok,logs/seed_722064.log
549862,irt_only,GHEFT,0,0.0,0,0,1,0.7407,0.6306,1.3713,,,,,,,,,,,,,,,,,48.79669015544042,1.3439,39,9,304,167,97,70,8.547285,0,ok,logs/seed_549862.log
2010,irt_only,GHEFT,0,0.0,0,0,1,0.7076,0.5551,1.2627,,,,,,,,,,,,,,,,,51.2251347826087,1.2237,44,12,327,182,113,69,12.475168,0,ok,logs/seed_2010.log
796027,irt_only,GHEFT,0,0.0,0,0,1,0.66,0.5603,1.2203,,,,,,,,,,,,,,,,,72.38303994601888,1.9479,40,9,295,149,119,30,12.483035,0,ok,logs/seed_796027.log
401997,irt_only,GHEFT,0,0.0,0,0,1,0.5884,0.5741,1.1625,,,,,,,,,,,,,,,,,78.47564625144177,2.053,41,10,295,148,111,37,16.834726,0,ok,logs/seed_401997.log
35721,irt_only,GHEFT,0,0.0,0,0,1,0.7839,0.6473,1.4312,,,,,,,,,,,,,,,,,60.398646081447964,1.6873,45,10,312,170,111,59,16.968431,0,ok,logs/seed_35721.log
724068,irt_only,GHEFT,0,0.0,0,0,1,0.6836,0.6907,1.3743,,,,,,,,,,,,,,,,,59.691820607843134,1.4989,35,9,309,162,111,51,20.541753,0,ok,logs/seed_724068.log
800182,irt_only,GHEFT,0,0.0,0,0,1,0.6061,0.6424,1.2485,,,,,,,,,,,,,,,,,59.215992909385115,1.5574,41,10,315,152,93,59,17.269633,0,ok,logs/seed_800182.log
937614,irt_only,GHEFT,0,0.0,0,0,1,0.597,0.6812,1.2782,,,,,,,,,,,,,,,,,72.7103339100346,1.9201,39,9,295,148,103,45,15.071303,0,ok,logs/seed_937614.log
722394,irt_only,GHEFT,0,0.0,0,0,1,0.6382,0.7675,1.4057,,,,,,,,,,,,,,,,,62.547065069729996,1.6544,34,10,296,136,91,45,14.609135,0,ok,logs/seed_722394.log
509760,irt_only,GHEFT,0,0.0,0,0,1,0.6653,0.6495,1.3148,,,,,,,,,,,,,,,,,62.46563040935671,1.4714,40,10,314,145,99,46,21.050677,0,ok,logs/seed_509760.log
70327,irt_only,GHEFT,0,0.0,0,0,1,0.6371,0.5854,1.2225,,,,,,,,,,,,,,,,,64.3725017878611,1.4589,47,10,294,138,97,41,16.51655,0,ok,logs/seed_70327.log
750147,irt_only,GHEFT,0,0.0,0,0,1,0.8198,0.7474,1.5672,,,,,,,,,,,,,,,,,52.18971021753461,1.2436,47,10,306,151,106,45,17.501097,0,ok,logs/seed_750147.log
460446,irt_only,GHEFT,0,0.0,0,0,1,0.6986,0.7354,1.434,,,,,,,,,,,,,,,,,63.67779971283354,1.2384,40,11,316,164,109,55,18.688633,0,ok,logs/seed_460446.log
748846,irt_only,GHEFT,0,0.0,0,0,1,0.6413,0.7023,1.3436,,,,,,,,,,,,,,,,,63.74338803418803,2.0267,40,9,323,154,108,46,18.92783,0,ok,logs/seed_748846.log
610796,irt_only,GHEFT,0,0.0,0,0,1,0.6507,0.6709,1.3216,,,,,,,,,,,,,,,,,93.2963046594982,1.9458,50,11,323,183,121,62,23.497118,0,ok,logs/seed_610796.log
372755,irt_only,GHEFT,0,0.0,0,0,1,0.7257,0.706,1.4317,,,,,,,,,,,,,,,,,57.328452901223365,1.7839,43,12,306,169,110,59,19.243567,0,ok,logs/seed_372755.log
324404,irt_only,GHEFT,0,0.0,0,0,1,0.6695,0.5886,1.2581,,,,,,,,,,,,,,,,,56.91369111623018,1.8589,39,10,272,150,105,45,18.355298,0,ok,logs/seed_324404.log
138451,irt_only,GHEFT,0,0.0,0,0,1,0.6781,0.7147,1.3928,,,,,,,,,,,,,,,,,64.06527132486387,1.3957,36,11,298,153,114,39,18.861378,0,ok,logs/seed_138451.log
117059,irt_only,GHEFT,0,0.0,0,0,1,0.6906,0.6879,1.3785,,,,,,,,,,,,,,,,,59.459641967283076,1.7396,42,12,295,155,104,51,18.000173,0,ok,logs/seed_117059.log
976782,irt_only,GHEFT,0,0.0,0,0,1,0.6507,0.6343,1.285,,,,,,,,,,,,,,,,,58.384683286118985,1.2982,40,11,308,148,99,49,15.426977,0,ok,logs/seed_976782.log
574644,irt_only,GHEFT,0,0.0,0,0,1,0.7465,0.7518,1.4983,,,,,,,,,,,,,,,,,57.65867819298247,1.1463,36,10,302,137,96,41,16.597241,0,ok,logs/seed_574644.log
435308,irt_only,GHEFT,0,0.0,0,0,1,0.7369,0.6467,1.3836,,,,,,,,,,,,,,,,,69.06208470403352,1.5876,38,10,295,157,114,43,16.403351,0,ok,logs/seed_435308.log
635612,irt_only,GHEFT,0,0.0,0,0,1,0.6402,0.5776,1.2178,,,,,,,,,,,,,,,,,54.660466504263084,1.254,40,10,314,163,127,36,20.514881,0,ok,logs/seed_635612.log
289817,irt_only,GHEFT,0,0.0,0,0,1,0.6303,0.6106,1.2409,,,,,,,,,,,,,,,,,55.50033914447135,1.6035,43,12,299,156,111,45,19.389868,0,ok,logs/seed_289817.log
639065,irt_only,GHEFT,0,0.0,0,0,1,0.7653,0.7234,1.4887,,,,,,,,,,,,,,,,,66.34758653421369,1.6334,40,10,300,142,95,47,18.762323,0,ok,logs/seed_639065.log
650943,irt_only,GHEFT,0,0.0,0,0,1,0.6769,0.5603,1.2372,,,,,,,,,,,,,,,,,53.29618672199171,1.3673,44,11,321,162,114,48,20.905204,0,ok,logs/seed_650943.log
110055,irt_only,GHEFT,0,0.0,0,0,1,0.5827,0.5183,1.101,,,,,,,,,,,,,,,,,59.90460385852089,1.5512,52,13,332,179,120,59,20.559804,0,ok,logs/seed_110055.log
117791,irt_only,GHEFT,0,0.0,0,0,1,0.726,0.6616,1.3876,,,,,,,,,,,,,,,,,53.561493391722095,1.4268,42,9,297,153,107,46,19.7775,0,ok,logs/seed_117791.log
124685,irt_only,GHEFT,0,0.0,0,0,1,0.6426,0.6024,1.245,,,,,,,,,,,,,,,,,66.12518072669825,1.684,49,12,314,164,114,50,27.644496,0,ok,logs/seed_124685.log
997328,irt_only,GHEFT,0,0.0,0,0,1,0.6232,0.595,1.2182,,,,,,,,,,,,,,,,,69.48291427433628,2.0006,49,9,328,162,103,59,27.439314,0,ok,logs/seed_997328.log
655714,irt_only,GHEFT,0,0.0,0,0,1,0.7166,0.7168,1.4334,,,,,,,,,,,,,,,,,52.59140825712538,1.4855,45,9,309,154,99,55,31.804819,0,ok,logs/seed_655714.log
512136,irt_only,GHEFT,0,0.0,0,0,1,0.6802,0.5926,1.2728,,,,,,,,,,,,,,,,,74.22342008396944,1.8866,42,10,294,158,109,49,24.323252,0,ok,logs/seed_512136.log
695034,irt_only,GHEFT,0,0.0,0,0,1,0.6583,0.6267,1.285,,,,,,,,,,,,,,,,,54.69925792582663,1.2898,44,11,297,154,109,45,33.006406,0,ok,logs/seed_695034.log
539246,irt_only,GHEFT,0,0.0,0,0,1,0.5977,0.7023,1.3,,,,,,,,,,,,,,,,,77.80087421731123,2.1759,44,11,285,148,92,56,27.462478,0,ok,logs/seed_539246.log
354388,irt_only,GHEFT,0,0.0,0,0,1,0.6984,0.631,1.3294,,,,,,,,,,,,,,,,,55.739358657243834,1.4216,40,10,330,161,110,51,52.821797,0,ok,logs/seed_354388.log
282392,irt_only,GHEFT,0,0.0,0,0,1,0.6534,0.7308,1.3842,,,,,,,,,,,,,,,,,54.946237529001024,1.5421,36,11,307,132,90,42,51.114035,0,ok,logs/seed_282392.log
465345,irt_only,GHEFT,0,0.0,0,0,1,0.7103,0.7512,1.4615,,,,,,,,,,,,,,,,,59.73119837398374,1.6895,42,8,300,138,96,42,51.483511,0,ok,logs/seed_465345.log
276209,irt_only,GHEFT,0,0.0,0,0,1,0.6513,0.5533,1.2046,,,,,,,,,,,,,,,,,61.185691218773655,1.5596,42,11,283,136,99,37,26.980125,0,ok,logs/seed_276209.log
48268,irt_only,GHEFT,0,0.0,0,0,1,0.6981,0.7354,1.4335,,,,,,,,,,,,,,,,,67.54606610169492,1.6622,41,9,312,160,121,39,34.098628,0,ok,logs/seed_48268.log
312904,irt_only,GHEFT,0,0.0,0,0,1,0.7763,0.7685,1.5448,,,,,,,,,,,,,,,,,53.82994983720929,1.3888,40,10,292,144,86,58,34.737574,0,ok,logs/seed_312904.log
95163,irt_only,GHEFT,0,0.0,0,0,1,0.7314,0.8917,1.6231,,,,,,,,,,,,,,,,,55.54387387378643,1.4806,41,12,308,163,112,51,32.177635,0,ok,logs/seed_95163.log
739903,irt_only,GHEFT,0,0.0,0,0,1,0.6602,0.6872,1.3474,,,,,,,,,,,,,,,,,55.32770200000001,1.5582,42,10,302,139,100,39,28.249085,0,ok,logs/seed_739903.log
527611,irt_only,GHEFT,0,0.0,0,0,1,0.6223,0.5572,1.1795,,,,,,,,,,,,,,,,,58.632127000000004,1.6503,45,11,308,173,117,56,42.043928,0,ok,logs/seed_527611.log
591781,irt_only,GHEFT,0,0.0,0,0,1,0.7258,0.6798,1.4056,,,,,,,,,,,,,,,,,51.47745647969052,1.2476,45,9,324,146,107,39,34.381453,0,ok,logs/seed_591781.log
10602,irt_only,GHEFT,0,0.0,0,0,1,0.6763,0.6881,1.3644,,,,,,,,,,,,,,,,,54.6285443101549,1.6906,35,9,298,126,96,30,31.004533,0,ok,logs/seed_10602.log
91728,irt_only,GHEFT,0,0.0,0,0,1,0.768,0.5981,1.3661,,,,,,,,,,,,,,,,,58.804328293995866,1.557,43,10,311,161,119,42,41.544597,0,ok,logs/seed_91728.log
777150,irt_only,GHEFT,0,0.0,0,0,1,0.6683,0.6261,1.2944,,,,,,,,,,,,,,,,,50.10880505860579,1.3652,45,10,290,134,93,41,35.304971,0,ok,logs/seed_777150.log
761499,irt_only,GHEFT,0,0.0,0,0,1,0.6581,0.6044,1.2625,,,,,,,,,,,,,,,,,50.23179211969112,1.2063,37,10,306,131,101,30,35.1348,0,ok,logs/seed_761499.log
453482,irt_only,GHEFT,0,0.0,0,0,1,0.694,0.7551,1.4491,,,,,,,,,,,,,,,,,51.05216845842598,1.5343,34,9,286,127,91,36,62.671272,0,ok,logs/seed_453482.log
562121,irt_only,GHEFT,0,0.0,0,0,1,0.6473,0.6034,1.2507,,,,,,,,,,,,,,,,,57.80748305084746,1.5343,35,9,272,144,102,42,66.93518,0,ok,logs/seed_562121.log
770979,irt_only,GHEFT,0,0.0,0,0,1,0.62,0.6253,1.2453,,,,,,,,,,,,,,,,,68.32369695603158,1.7069,39,10,277,142,105,37,22.058908,0,ok,logs/seed_770979.log
703949,irt_only,GHEFT,0,0.0,0,0,1,0.6601,0.692,1.3521,,,,,,,,,,,,,,,,,66.44847019242253,1.7243,37,11,285,157,119,38,24.867477,0,ok,logs/seed_703949.log
314686,irt_only,GHEFT,0,0.0,0,0,1,0.6473,0.4907,1.138,,,,,,,,,,,,,,,,,77.1733453653217,1.6783,50,10,310,154,97,57,21.874278,0,ok,logs/seed_314686.log
475760,irt_only,GHEFT,0,0.0,0,0,1,0.6761,0.7528,1.4289,,,,,,,,,,,,,,,,,56.825968507886415,1.5661,41,8,324,133,87,46,30.485554,0,ok,logs/seed_475760.log
595079,irt_only,GHEFT,0,0.0,0,0,1,0.7114,0.6552,1.3666,,,,,,,,,,,,,,,,,51.34122014223229,1.5225,28,8,286,130,93,37,16.01219,0,ok,logs/seed_595079.log
27243,irt_only,GHEFT,0,0.0,0,0,1,0.6406,0.6502,1.2908,,,,,,,,,,,,,,,,,65.59146046511628,1.5958,41,12,298,149,99,50,21.032825,0,ok,logs/seed_27243.log
143022,irt_only,GHEFT,0,0.0,0,0,1,0.7025,0.843,1.5455,,,,,,,,,,,,,,,,,54.58432167717625,1.2082,38,11,288,152,107,45,27.928633,0,ok,logs/seed_143022.log
958432,irt_only,GHEFT,0,0.0,0,0,1,0.6479,0.594,1.2419,,,,,,,,,,,,,,,,,75.18718120300751,1.6063,45,11,285,159,111,48,21.873052,0,ok,logs/seed_958432.log
799339,irt_only,GHEFT,0,0.0,0,0,1,0.7408,0.7508,1.4916,,,,,,,,,,,,,,,,,50.619082818181816,1.4533,38,10,300,145,93,52,24.060811,0,ok,logs/seed_799339.log
953842,irt_only,GHEFT,0,0.0,0,0,1,0.6506,0.6555,1.3061,,,,,,,,,,,,,,,,,53.56956373864386,1.441,43,11,314,171,122,49,24.921216,0,ok,logs/seed_953842.log
937400,irt_only,GHEFT,0,0.0,0,0,1,0.7177,0.6498,1.3675,,,,,,,,,,,,,,,,,49.60389051833122,1.3829,39,10,297,139,101,38,23.791433,0,ok,logs/seed_937400.log
919932,irt_only,GHEFT,0,0.0,0,0,1,0.6552,0.728,1.3832,,,,,,,,,,,,,,,,,56.92445083388704,1.6422,34,9,302,155,106,49,24.116607,0,ok,logs/seed_919932.log
786261,irt_only,GHEFT,0,0.0,0,0,1,0.6399,0.8208,1.4607,,,,,,,,,,,,,,,,,73.36100100000002,1.8028,38,9,283,152,111,41,27.611269,0,ok,logs/seed_786261.log
266747,irt_only,GHEFT,0,0.0,0,0,1,0.6507,0.597,1.2477,,,,,,,,,,,,,,,,,48.892516271659325,1.5398,36,12,272,128,88,40,31.504298,0,ok,logs/seed_266747.log
394465,irt_only,GHEFT,0,0.0,0,0,1,0.5968,0.6842,1.281,,,,,,,,,,,,,,,,,57.50827304964539,1.4174,40,10,328,158,114,44,24.798348,0,ok,logs/seed_394465.log
725987,irt_only,GHEFT,0,0.0,0,0,1,0.627,0.5533,1.1803,,,,,,,,,,,,,,,,,66.38213807865169,1.2027,46,11,325,176,132,44,32.677395,0,ok,logs/seed_725987.log
224478,irt_only,GHEFT,0,0.0,0,0,1,0.5996,0.6472,1.2468,,,,,,,,,,,,,,,,,58.80277278911565,1.2083,38,9,312,149,99,50,23.469754,0,ok,logs/seed_224478.log
408636,irt_only,GHEFT,0,0.0,0,0,1,0.6606,0.6338,1.2944,,,,,,,,,,,,,,,,,61.017744817927166,1.5834,46,10,307,159,107,52,20.909465,0,ok,logs/seed_408636.log
617269,irt_only,GHEFT,0,0.0,0,0,1,0.7492,0.6137,1.3629,,,,,,,,,,,,,,,,,44.42866635773864,1.2866,48,11,323,147,110,37,18.261315,0,ok,logs/seed_617269.log
650122,irt_only,GHEFT,0,0.0,0,0,1,0.6653,0.508,1.1733,,,,,,,,,,,,,,,,,51.96495678670361,1.3728,43,11,299,179,137,42,20.25321,0,ok,logs/seed_650122.log
522983,irt_only,GHEFT,0,0.0,0,0,1,0.7146,0.8118,1.5264,,,,,,,,,,,,,,,,,61.23107709648332,1.3753,40,10,292,150,100,50,20.392664,0,ok,logs/seed_522983.log
239950,irt_only,GHEFT,0,0.0,0,0,1,0.616,0.6876,1.3036,,,,,,,,,,,,,,,,,68.44745553772069,1.8721,40,9,278,151,114,37,18.349923,0,ok,logs/seed_239950.log
258973,irt_only,GHEFT,0,0.0,0,0,1,0.5486,0.5025,1.0511,,,,,,,,,,,,,,,,,84.86486631073146,1.5912,45,9,325,175,121,54,20.998531,0,ok,logs/seed_258973.log
824466,irt_only,GHEFT,0,0.0,0,0,1,0.6773,0.6639,1.3412,,,,,,,,,,,,,,,,,53.94537061188223,1.6973,43,11,297,148,98,50,17.032993,0,ok,logs/seed_824466.log
682056,irt_only,GHEFT,0,0.0,0,0,1,0.6139,0.735,1.3489,,,,,,,,,,,,,,,,,67.61323156118999,1.2927,41,10,302,124,96,28,21.937826,0,ok,logs/seed_682056.log
431617,irt_only,GHEFT,0,0.0,0,0,1,0.6516,0.5526,1.2042,,,,,,,,,,,,,,,,,86.31027512847908,1.6497,39,10,323,155,111,44,22.582403,0,ok,logs/seed_431617.log
777731,irt_only,GHEFT,0,0.0,0,0,1,0.6745,0.7805,1.455,,,,,,,,,,,,,,,,,71.11776710071369,2.0915,39,9,307,155,107,48,20.80301,0,ok,logs/seed_777731.log
65523,irt_only,GHEFT,0,0.0,0,0,1,0.7158,0.6132,1.329,,,,,,,,,,,,,,,,,60.682189320388346,1.7843,40,11,302,141,100,41,17.354314,0,ok,logs/seed_65523.log
226267,irt_only,GHEFT,0,0.0,0,0,1,0.6293,0.6617,1.291,,,,,,,,,,,,,,,,,70.41672357772622,1.6529,37,10,309,126,89,37,27.113769,0,ok,logs/seed_226267.log
20773,irt_only,GHEFT,0,0.0,0,0,1,0.6698,0.5543,1.2241,,,,,,,,,,,,,,,,,56.33454615433688,1.3302,47,11,321,154,103,51,21.302579,0,ok,logs/seed_20773.log
75919,irt_only,GHEFT,0,0.0,0,0,1,0.5716,0.7017,1.2733,,,,,,,,,,,,,,,,,68.74536778523489,1.6398,47,11,327,164,108,56,23.421238,0,ok,logs/seed_75919.log
796262,irt_only,GHEFT,0,0.0,0,0,1,0.6156,0.6915,1.3071,,,,,,,,,,,,,,,,,67.33091877203276,1.5445,43,10,329,146,113,33,21.698962,0,ok,logs/seed_796262.log
557554,irt_only,GHEFT,0,0.0,0,0,1,0.7335,0.7173,1.4508,,,,,,,,,,,,,,,,,56.68241990915973,1.5675,40,9,315,152,100,52,22.409329,0,ok,logs/seed_557554.log
818564,irt_only,GHEFT,0,0.0,0,0,1,0.6712,0.6436,1.3148,,,,,,,,,,,,,,,,,65.71029847328245,1.5668,40,8,280,138,99,39,21.0142,0,ok,logs/seed_818564.log
5641,irt_only,GHEFT,0,0.0,0,0,1,0.6741,0.5713,1.2454,,,,,,,,,,,,,,,,,59.615701911589014,1.6344,45,13,301,134,94,40,17.558042,0,ok,logs/seed_5641.log
80721,irt_only,GHEFT,0,0.0,0,0,1,0.6914,0.7211,1.4125,,,,,,,,,,,,,,,,,64.90554247104248,1.248,37,10,309,147,98,49,23.040582,0,ok,logs/seed_80721.log
14714,irt_only,GHEFT,0,0.0,0,0,1,0.6433,0.6175,1.2608,,,,,,,,,,,,,,,,,61.2920552238806,1.2334,43,10,326,157,102,55,23.164058,0,ok,logs/seed_14714.log
965327,irt_only,GHEFT,0,0.0,0,0,1,0.6798,0.7517,1.4315,,,,,,,,,,,,,,,,,60.95143176214647,1.5492,41,13,300,170,109,61,19.465284,0,ok,logs/seed_965327.log
460722,irt_only,GHEFT,0,0.0,0,0,1,0.6592,0.6222,1.2814,,,,,,,,,,,,,,,,,68.6690632054379,1.8902,40,9,284,159,106,53,19.903638,0,ok,logs/seed_460722.log
724036,irt_only,GHEFT,0,0.0,0,0,1,0.6491,0.6079,1.257,,,,,,,,,,,,,,,,,98.54799440267335,1.7689,40,9,298,145,113,32,20.614936,0,ok,logs/seed_724036.log
901968,irt_only,GHEFT,0,0.0,0,0,1,0.7156,0.6522,1.3678,,,,,,,,,,,,,,,,,55.91086743044191,1.6205,39,10,295,146,103,43,22.701303,0,ok,logs/seed_901968.log
287728,irt_only,GHEFT,0,0.0,0,0,1,0.7099,0.6493,1.3592,,,,,,,,,,,,,,,,,51.08002495126705,1.392,44,11,314,146,91,55,27.160753,0,ok,logs/seed_287728.log
747287,irt_only,GHEFT,0,0.0,0,0,1,0.6918,0.6972,1.389,,,,,,,,,,,,,,,,,76.82824089950807,2.2913,45,10,337,155,108,47,20.746001,0,ok,logs/seed_747287.log
867108,irt_only,GHEFT,0,0.0,0,0,1,0.6696,0.7045,1.3741,,,,,,,,,,,,,,,,,69.11206440153475,1.9455,39,9,311,150,97,53,21.781562,0,ok,logs/seed_867108.log
196697,irt_only,GHEFT,0,0.0,0,0,1,0.6919,0.7863,1.4782,,,,,,,,,,,,,,,,,58.01838734449412,1.4405,34,9,277,133,88,45,16.991737,0,ok,logs/seed_196697.log
635464,irt_only,GHEFT,0,0.0,0,0,1,0.6431,0.7545,1.3976,,,,,,,,,,,,,,,,,66.77349239302696,1.2632,42,12,304,152,98,54,21.225937,0,ok,logs/seed_635464.log
389228,irt_only,GHEFT,0,0.0,0,0,1,0.6931,0.6362,1.3293,,,,,,,,,,,,,,,,,77.1717046852123,1.5814,45,9,297,159,104,55,18.75834,0,ok,logs/seed_389228.log
813617,irt_only,GHEFT,0,0.0,0,0,1,0.6773,0.683,1.3603,,,,,,,,,,,,,,,,,65.14814966355141,1.7526,36,10,300,133,102,31,20.603323,0,ok,logs/seed_813617.log
232555,irt_only,GHEFT,0,0.0,0,0,1,0.6378,0.7206,1.3584,,,,,,,,,,,,,,,,,59.96799434209594,1.3086,42,11,317,174,123,51,22.764952,0,ok,logs/seed_232555.log
932496,irt_only,GHEFT,0,0.0,0,0,1,0.6937,0.8294,1.5231,,,,,,,,,,,,,,,,,63.26179999999999,1.5836,39,11,318,162,110,52,24.094674,0,ok,logs/seed_932496.log
544493,irt_only,GHEFT,0,0.0,0,0,1,0.7713,0.7828,1.5541,,,,,,,,,,,,,,,,,68.16306738627603,1.4006,43,9,306,155,110,45,24.330644,0,ok,logs/seed_544493.log
174431,irt_only,GHEFT,0,0.0,0,0,1,0.7364,0.7385,1.4749,,,,,,,,,,,,,,,,,53.60036995163336,1.4988,43,10,303,157,103,54,22.697641,0,ok,logs/seed_174431.log
715533,irt_only,GHEFT,0,0.0,0,0,1,0.6549,0.5999,1.2548,,,,,,,,,,,,,,,,,59.55232419215156,1.4932,46,12,315,174,104,70,21.770854,0,ok,logs/seed_715533.log
710115,irt_only,GHEFT,0,0.0,0,0,1,0.6292,0.6555,1.2847,,,,,,,,,,,,,,,,,66.76262242857143,1.2648,43,9,290,155,108,47,21.507129,0,ok,logs/seed_710115.log
69527,irt_only,GHEFT,0,0.0,0,0,1,0.7055,0.7169,1.4224,,,,,,,,,,,,,,,,,58.51350221169036,1.6152,38,9,307,143,101,42,26.871231,0,ok,logs/seed_69527.log
584456,irt_only,GHEFT,0,0.0,0,0,1,0.6914,0.6229,1.3143,,,,,,,,,,,,,,,,,50.824767783831284,1.4085,41,8,308,150,112,38,23.490177,0,ok,logs/seed_584456.log
678197,irt_only,GHEFT,0,0.0,0,0,1,0.6378,0.6531,1.2909,,,,,,,,,,,,,,,,,55.40704517323194,1.4476,38,9,297,139,94,45,19.018792,0,ok,logs/seed_678197.log
871381,irt_only,GHEFT,0,0.0,0,0,1,0.6638,0.6058,1.2696,,,,,,,,,,,,,,,,,61.88020477252584,1.6867,40,12,300,167,105,62,17.947812,0,ok,logs/seed_871381.log
855755,irt_only,GHEFT,0,0.0,0,0,1,0.6783,0.7822,1.4605,,,,,,,,,,,,,,,,,62.49656658499166,1.6068,43,10,304,140,99,41,27.217797,0,ok,logs/seed_855755.log
137836,irt_only,GHEFT,0,0.0,0,0,1,0.6506,0.654,1.3046,,,,,,,,,,,,,,,,,63.82629389308091,1.7348,55,12,316,176,112,64,21.884277,0,ok,logs/seed_137836.log
560927,irt_only,GHEFT,0,0.0,0,0,1,0.5827,0.6703,1.253,,,,,,,,,,,,,,,,,72.75010325732897,1.779,45,11,288,162,97,65,20.590766,0,ok,logs/seed_560927.log
47925,irt_only,GHEFT,0,0.0,0,0,1,0.6787,0.7964,1.4751,,,,,,,,,,,,,,,,,51.20440007235622,1.2967,37,11,282,147,102,45,20.724062,0,ok,logs/seed_47925.log
667073,irt_only,GHEFT,0,0.0,0,0,1,0.6111,0.5233,1.1344,,,,,,,,,,,,,,,,,49.23830700985761,1.2763,38,10,291,132,91,41,18.386328,0,ok,logs/seed_667073.log
153349,irt_only,GHEFT,0,0.0,0,0,1,0.6816,0.6208,1.3024,,,,,,,,,,,,,,,,,61.55551297722634,1.2598,38,10,295,167,103,64,21.742295,0,ok,logs/seed_153349.log
263035,irt_only,GHEFT,0,0.0,0,0,1,0.626,0.6476,1.2736,,,,,,,,,,,,,,,,,57.35203453629375,1.4807,49,11,337,160,109,51,20.868164,0,ok,logs/seed_263035.log
782665,irt_only,GHEFT,0,0.0,0,0,1,0.6012,0.6586,1.2598,,,,,,,,,,,,,,,,,58.48831363289869,1.1958,48,11,318,169,109,60,22.340386,0,ok,logs/seed_782665.log
372049,irt_only,GHEFT,0,0.0,0,0,1,0.6756,0.5694,1.245,,,,,,,,,,,,,,,,,67.17770125313285,1.4301,44,12,330,180,128,52,21.025339,0,ok,logs/seed_372049.log
15262,irt_only,GHEFT,0,0.0,0,0,1,0.7519,0.8669,1.6188,,,,,,,,,,,,,,,,,56.90939874468086,1.6969,37,10,288,147,99,48,20.011742,0,ok,logs/seed_15262.log
745342,irt_only,GHEFT,0,0.0,0,0,1,0.7342,0.5916,1.3258,,,,,,,,,,,,,,,,,83.49276536633664,2.0748,49,12,339,174,119,55,22.409075,0,ok,logs/seed_745342.log
437809,irt_only,GHEFT,0,0.0,0,0,1,0.7288,0.6527,1.3815,,,,,,,,,,,,,,,,,52.83660550467483,1.4999,39,10,279,134,96,38,15.017025,0,ok,logs/seed_437809.log
987435,irt_only,GHEFT,0,0.0,0,0,1,0.7506,0.605,1.3556,,,,,,,,,,,,,,,,,52.22356961457649,1.7508,44,11,320,166,111,55,22.785658,0,ok,logs/seed_987435.log
146585,irt_only,GHEFT,0,0.0,0,0,1,0.655,0.6746,1.3296,,,,,,,,,,,,,,,,,79.93361536780773,1.8271,38,10,316,169,122,47,25.622577,0,ok,logs/seed_146585.log
368863,irt_only,GHEFT,0,0.0,0,0,1,0.6494,0.6405,1.2899,,,,,,,,,,,,,,,,,74.48557147114812,1.5456,42,12,309,173,110,63,28.25687,0,ok,logs/seed_368863.log
572806,irt_only,GHEFT,0,0.0,0,0,1,0.6915,0.6923,1.3838,,,,,,,,,,,,,,,,,46.50896100628931,1.2824,35,10,318,167,110,57,24.196454,0,ok,logs/seed_572806.log
198288,irt_only,GHEFT,0,0.0,0,0,1,0.7238,0.664,1.3878,,,,,,,,,,,,,,,,,57.884962605206084,1.6441,42,8,322,153,110,43,23.43412,0,ok,logs/seed_198288.log
110116,irt_only,GHEFT,0,0.0,0,0,1,0.6397,0.5562,1.1959,,,,,,,,,,,,,,,,,69.09860894354317,1.5448,40,9,308,134,103,31,19.60896,0,ok,logs/seed_110116.log
149047,irt_only,GHEFT,0,0.0,0,0,1,0.7324,0.6505,1.3829,,,,,,,,,,,,,,,,,47.660551458885955,1.5238,39,10,300,129,93,36,24.43859,0,ok,logs/seed_149047.log
864824,irt_only,GHEFT,0,0.0,0,0,1,0.6357,0.7383,1.374,,,,,,,,,,,,,,,,,57.84460799267846,1.6524,34,9,295,133,96,37,17.699973,0,ok,logs/seed_864824.log
801768,irt_only,GHEFT,0,0.0,0,0,1,0.6832,0.5556,1.2388,,,,,,,,,,,,,,,,,64.56008024503046,1.7974,39,10,305,127,85,42,22.947833,0,ok,logs/seed_801768.log
262875,irt_only,GHEFT,0,0.0,0,0,1,0.6789,0.607,1.2859,,,,,,,,,,,,,,,,,60.53410533841754,1.5644,42,10,307,140,111,29,18.70976,0,ok,logs/seed_262875.log
524794,irt_only,GHEFT,0,0.0,0,0,1,0.5939,0.5115,1.1054,,,,,,,,,,,,,,,,,67.3967429978308,1.335,42,11,315,154,99,55,29.284451,0,ok,logs/seed_524794.log
824487,irt_only,GHEFT,0,0.0,0,0,1,0.6249,0.7149,1.3398,,,,,,,,,,,,,,,,,68.57071551155116,1.5187,32,9,286,159,114,45,16.824646,0,ok,logs/seed_824487.log
927335,irt_only,GHEFT,0,0.0,0,0,1,0.6639,0.6413,1.3052,,,,,,,,,,,,,,,,,57.76013627796843,1.2607,50,10,294,140,105,35,22.742616,0,ok,logs/seed_927335.log
982015,irt_only,GHEFT,0,0.0,0,0,1,0.704,0.6508,1.3548,,,,,,,,,,,,,,,,,53.206497175141244,1.6754,43,9,301,136,97,39,19.475299,0,ok,logs/seed_982015.log
205178,irt_only,GHEFT,0,0.0,0,0,1,0.6541,0.6758,1.3299,,,,,,,,,,,,,,,,,58.74388679881656,2.1579,39,10,306,130,97,33,17.010097,0,ok,logs/seed_205178.log
888604,irt_only,GHEFT,0,0.0,0,0,1,0.6546,0.6943,1.3489,,,,,,,,,,,,,,,,,61.60977547723937,1.2546,39,9,311,136,88,48,22.91846,0,ok,logs/seed_888604.log
546566,irt_only,GHEFT,0,0.0,0,0,1,0.7113,0.5184,1.2297,,,,,,,,,,,,,,,,,65.61437142857143,1.3639,39,8,288,135,87,48,17.948826,0,ok,logs/seed_546566.log
939943,irt_only,GHEFT,0,0.0,0,0,1,0.713,0.6735,1.3865,,,,,,,,,,,,,,,,,47.781699059266224,1.3659,43,11,309,160,103,57,18.326984,0,ok,logs/seed_939943.log
461796,irt_only,GHEFT,0,0.0,0,0,1,0.6781,0.7298,1.4079,,,,,,,,,,,,,,,,,50.637425966850834,1.136,44,10,317,141,103,38,22.427751,0,ok,logs/seed_461796.log
683805,irt_only,GHEFT,0,0.0,0,0,1,0.6942,0.6096,1.3038,,,,,,,,,,,,,,,,,60.536980423868314,1.4995,50,14,338,195,107,88,24.445185,0,ok,logs/seed_683805.log
273298,irt_only,GHEFT,0,0.0,0,0,1,0.6098,0.5115,1.1213,,,,,,,,,,,,,,,,,53.335182850779525,1.3243,41,10,319,145,96,49,21.370516,0,ok,logs/seed_273298.log
870064,irt_only,GHEFT,0,0.0,0,0,1,0.7861,0.8094,1.5955,,,,,,,,,,,,,,,,,57.88839875387536,1.6155,41,10,295,151,115,36,16.989814,0,ok,logs/seed_870064.log
739336,irt_only,GHEFT,0,0.0,0,0,1,0.6085,0.6338,1.2423,,,,,,,,,,,,,,,,,64.49616476150628,1.3779,40,9,285,168,117,51,17.496223,0,ok,logs/seed_739336.log
374908,irt_only,GHEFT,0,0.0,0,0,1,0.6861,0.8059,1.492,,,,,,,,,,,,,,,,,56.00937352746526,1.7419,37,9,278,126,88,38,19.011406,0,ok,logs/seed_374908.log
489107,irt_only,GHEFT,0,0.0,0,0,1,0.6286,0.5897,1.2183,,,,,,,,,,,,,,,,,88.23144523809525,1.86,46,11,327,164,113,51,22.489227,0,ok,logs/seed_489107.log
676170,irt_only,GHEFT,0,0.0,0,0,1,0.6377,0.6377,1.2754,,,,,,,,,,,,,,,,,90.5905366981508,2.0507,42,11,326,168,115,53,25.229405,0,ok,logs/seed_676170.log
946643,irt_only,GHEFT,0,0.0,0,0,1,0.7328,0.8204,1.5532,,,,,,,,,,,,,,,,,60.854265215846844,1.6821,35,11,295,164,114,50,18.870921,0,ok,logs/seed_946643.log
245576,irt_only,GHEFT,0,0.0,0,0,1,0.6793,0.7314,1.4107,,,,,,,,,,,,,,,,,49.35408321415608,1.4348,46,10,322,163,94,69,21.525835,0,ok,logs/seed_245576.log
61677,irt_only,GHEFT,0,0.0,0,0,1,0.6913,0.6461,1.3374,,,,,,,,,,,,,,,,,74.48484319308702,1.6357,44,11,310,165,110,55,22.742168,0,ok,logs/seed_61677.log
985204,irt_only,GHEFT,0,0.0,0,0,1,0.6388,0.7686,1.4074,,,,,,,,,,,,,,,,,62.91816685432793,1.8077,41,10,320,146,105,41,21.900032,0,ok,logs/seed_985204.log
957734,irt_only,GHEFT,0,0.0,0,0,1,0.7207,0.7348,1.4555,,,,,,,,,,,,,,,,,45.519826335182614,1.4636,45,11,310,132,93,39,19.740189,0,ok,logs/seed_957734.log
586973,irt_only,GHEFT,0,0.0,0,0,1,0.6187,0.5781,1.1968,,,,,,,,,,,,,,,,,55.72439165738954,1.5067,47,10,308,142,89,53,20.900352,0,ok,logs/seed_586973.log
81222,irt_only,GHEFT,0,0.0,0,0,1,0.6275,0.6675,1.295,,,,,,,,,,,,,,,,,68.85409308261617,2.1341,33,9,305,142,101,41,15.149932,0,ok,logs/seed_81222.log
985268,irt_only,GHEFT,0,0.0,0,0,1,0.727,0.7726,1.4996,,,,,,,,,,,,,,,,,57.58786919131705,1.5749,34,10,294,152,104,48,17.190525,0,ok,logs/seed_985268.log
240715,irt_only,GHEFT,0,0.0,0,0,1,0.735,0.687,1.422,,,,,,,,,,,,,,,,,51.37912121419314,1.4033,39,11,296,142,104,38,19.803268,0,ok,logs/seed_240715.log
336806,irt_only,GHEFT,0,0.0,0,0,1,0.6959,0.787,1.4829,,,,,,,,,,,,,,,,,58.13907094474154,1.7591,41,8,323,133,92,41,23.890264,0,ok,logs/seed_336806.log
431396,irt_only,GHEFT,0,0.0,0,0,1,0.7394,0.6814,1.4208,,,,,,,,,,,,,,,,,50.81911204603185,1.3747,39,10,301,156,111,45,21.4846,0,ok,logs/seed_431396.log
850253,irt_only,GHEFT,0,0.0,0,0,1,0.6939,0.6986,1.3925,,,,,,,,,,,,,,,,,47.674505326470914,1.3552,38,11,307,116,85,31,18.987377,0,ok,logs/seed_850253.log
342204,irt_only,GHEFT,0,0.0,0,0,1,0.7231,0.7051,1.4282,,,,,,,,,,,,,,,,,55.56431108033241,1.8644,40,12,310,173,105,68,19.193739,0,ok,logs/seed_342204.log
810991,irt_only,GHEFT,0,0.0,0,0,1,0.6062,0.5296,1.1358,,,,,,,,,,,,,,,,,52.698144745406005,1.3961,37,11,281,151,91,60,20.935435,0,ok,logs/seed_810991.log
895124,irt_only,GHEFT,0,0.0,0,0,1,0.6219,0.7114,1.3333,,,,,,,,,,,,,,,,,59.26688708964452,1.701,45,10,330,145,89,56,22.962695,0,ok,logs/seed_895124.log
437866,irt_only,GHEFT,0,0.0,0,0,1,0.7367,0.7314,1.4681,,,,,,,,,,,,,,,,,59.50888309050781,1.422,46,12,275,159,102,57,21.693615,0,ok,logs/seed_437866.log
246441,irt_only,GHEFT,0,0.0,0,0,1,0.6213,0.4904,1.1117,,,,,,,,,,,,,,,,,58.888418181818174,1.4181,51,11,323,179,121,58,23.660894,0,ok,logs/seed_246441.log
834777,irt_only,GHEFT,0,0.0,0,0,1,0.6916,0.7643,1.4559,,,,,,,,,,,,,,,,,63.503831213872836,1.6493,44,11,308,153,101,52,21.505329,0,ok,logs/seed_834777.log
159109,irt_only,GHEFT,0,0.0,0,0,1,0.6324,0.5795,1.2119,,,,,,,,,,,,,,,,,63.950647887966795,1.6333,47,11,326,151,110,41,20.754095,0,ok,logs/seed_159109.log
469145,irt_only,GHEFT,0,0.0,0,0,1,0.6722,0.5827,1.2549,,,,,,,,,,,,,,,,,51.946939784946245,1.5291,40,10,290,161,106,55,14.600706,0,ok,logs/seed_469145.log
359039,irt_only,GHEFT,0,0.0,0,0,1,0.6588,0.573,1.2318,,,,,,,,,,,,,,,,,63.919820172910654,1.5612,39,10,289,147,95,52,16.089286,0,ok,logs/seed_359039.log
441554,irt_only,GHEFT,0,0.0,0,0,1,0.7401,0.7721,1.5122,,,,,,,,,,,,,,,,,80.34569798994977,1.5504,40,10,326,164,102,62,18.16553,0,ok,logs/seed_441554.log
981230,irt_only,GHEFT,0,0.0,0,0,1,0.7051,0.7245,1.4296,,,,,,,,,,,,,,,,,55.39845436241611,1.4994,44,10,311,159,111,48,25.231337,0,ok,logs/seed_981230.log
386385,irt_only,GHEFT,0,0.0,0,0,1,0.7033,0.772,1.4753,,,,,,,,,,,,,,,,,55.996978232243066,1.4475,34,8,276,120,87,33,18.967351,0,ok,logs/seed_386385.log
667900,irt_only,GHEFT,0,0.0,0,0,1,0.6199,0.7312,1.3511,,,,,,,,,,,,,,,,,62.79469487179487,1.7532,48,12,310,147,97,50,22.915912,0,ok,logs/seed_667900.log
361299,irt_only,GHEFT,0,0.0,0,0,1,0.6819,0.7805,1.4624,,,,,,,,,,,,,,,,,51.082592452830184,1.3623,42,10,295,141,99,42,20.384517,0,ok,logs/seed_361299.log
270600,irt_only,GHEFT,0,0.0,0,0,1,0.6729,0.57,1.2429,,,,,,,,,,,,,,,,,60.210653028430144,1.7816,49,12,292,159,111,48,16.454167,0,ok,logs/seed_270600.log
399493,irt_only,GHEFT,0,0.0,0,0,1,0.6173,0.5848,1.2021,,,,,,,,,,,,,,,,,57.54774293548386,1.37,35,10,283,124,89,35,20.833058,0,ok,logs/seed_399493.log
344401,irt_only,GHEFT,0,0.0,0,0,1,0.7753,0.6938,1.4691,,,,,,,,,,,,,,,,,54.55741319717204,1.385,45,11,316,180,134,46,22.956619,0,ok,logs/seed_344401.log
440653,irt_only,GHEFT,0,0.0,0,0,1,0.6396,0.5781,1.2177,,,,,,,,,,,,,,,,,74.20315813953486,1.4415,46,11,343,167,117,50,21.394319,0,ok,logs/seed_440653.log
422829,irt_only,GHEFT,0,0.0,0,0,1,0.5961,0.7834,1.3795,,,,,,,,,,,,,,,,,64.32614982354343,1.588,47,13,319,177,111,66,19.583917,0,ok,logs/seed_422829.log
194493,irt_only,GHEFT,0,0.0,0,0,1,0.6769,0.6858,1.3627,,,,,,,,,,,,,,,,,66.52803225806451,1.4943,43,10,323,156,107,49,22.284331,0,ok,logs/seed_194493.log
79088,irt_only,GHEFT,0,0.0,0,0,1,0.6293,0.6603,1.2896,,,,,,,,,,,,,,,,,71.6415281146497,1.5147,39,10,311,151,101,50,17.884577,0,ok,logs/seed_79088.log
144274,irt_only,GHEFT,0,0.0,0,0,1,0.5581,0.5519,1.11,,,,,,,,,,,,,,,,,64.5434492146597,1.677,40,10,320,151,106,45,21.261976,0,ok,logs/seed_144274.log
568701,irt_only,GHEFT,0,0.0,0,0,1,0.7626,0.8239,1.5865,,,,,,,,,,,,,,,,,47.602755074875205,1.6502,44,10,314,137,82,55,17.529854,0,ok,logs/seed_568701.log
643829,irt_only,GHEFT,0,0.0,0,0,1,0.6514,0.6463,1.2977,,,,,,,,,,,,,,,,,48.311580246913586,1.3346,40,9,329,153,105,48,15.237179,0,ok,logs/seed_643829.log
271983,irt_only,GHEFT,0,0.0,0,0,1,0.6527,0.5871,1.2398,,,,,,,,,,,,,,,,,60.01089516794341,1.6563,43,11,329,156,110,46,13.45283,0,ok,logs/seed_271983.log
197314,irt_only,GHEFT,0,0.0,0,0,1,0.6367,0.5834,1.2201,,,,,,,,,,,,,,,,,53.704129203539836,1.3972,44,11,318,147,97,50,8.560297,0,ok,logs/seed_197314.log
994686,irt_only,GHEFT,0,0.0,0,0,1,0.7269,0.8614,1.5883,,,,,,,,,,,,,,,,,52.81486900982615,1.4267,36,9,308,141,93,48,23.426425,0,ok,logs/seed_994686.log
282842,irt_only,GHEFT,0,0.0,0,0,1,0.7032,0.7706,1.4738,,,,,,,,,,,,,,,,,53.68667565084227,1.4279,33,9,300,154,109,45,16.220347,0,ok,logs/seed_282842.log
137602,irt_only,GHEFT,0,0.0,0,0,1,0.6817,0.6045,1.2862,,,,,,,,,,,,,,,,,51.59668125023617,1.11,40,10,305,149,109,40,25.608384,0,ok,logs/seed_137602.log
472131,irt_only,GHEFT,0,0.0,0,0,1,0.6333,0.5548,1.1881,,,,,,,,,,,,,,,,,62.68398998646821,1.5109,45,11,302,165,112,53,22.697328,0,ok,logs/seed_472131.log
327054,irt_only,GHEFT,0,0.0,0,0,1,0.7089,0.696,1.4049,,,,,,,,,,,,,,,,,64.952092743338,1.7046,45,10,278,142,89,53,19.398909,0,ok,logs/seed_327054.log
416581,irt_only,GHEFT,0,0.0,0,0,1,0.6643,0.6746,1.3389,,,,,,,,,,,,,,,,,59.81984384995832,1.4678,40,11,325,147,94,53,20.407741,0,ok,logs/seed_416581.log
223716,irt_only,GHEFT,0,0.0,0,0,1,0.6617,0.8153,1.477,,,,,,,,,,,,,,,,,53.62623001949317,1.3958,37,11,321,151,96,55,40.609686,0,ok,logs/seed_223716.log
116436,irt_only,GHEFT,0,0.0,0,0,1,0.6948,0.756,1.4508,,,,,,,,,,,,,,,,,53.52639565217392,1.4439,43,10,314,161,109,52,31.216042,0,ok,logs/seed_116436.log
650936,irt_only,GHEFT,0,0.0,0,0,1,0.6374,0.8258,1.4632,,,,,,,,,,,,,,,,,56.37140160132342,1.6757,40,10,277,119,89,30,22.556294,0,ok,logs/seed_650936.log
516657,irt_only,GHEFT,0,0.0,0,0,1,0.6756,0.6714,1.347,,,,,,,,,,,,,,,,,58.68163621741725,1.4537,39,9,312,155,111,44,24.130199,0,ok,logs/seed_516657.log
687865,irt_only,GHEFT,0,0.0,0,0,1,0.634,0.7543,1.3883,,,,,,,,,,,,,,,,,57.81454178018906,1.7039,34,11,282,141,106,35,24.456203,0,ok,logs/seed_687865.log
715106,irt_only,GHEFT,0,0.0,0,0,1,0.6837,0.6313,1.315,,,,,,,,,,,,,,,,,54.321397897958434,1.2676,38,10,289,126,96,30,30.216927,0,ok,logs/seed_715106.log
293374,irt_only,GHEFT,0,0.0,0,0,1,0.6823,0.6889,1.3712,,,,,,,,,,,,,,,,,49.38440429489293,1.2572,39,9,286,114,73,41,21.154942,0,ok,logs/seed_293374.log
658834,irt_only,GHEFT,0,0.0,0,0,1,0.7337,0.8722,1.6059,,,,,,,,,,,,,,,,,48.72909999999999,1.4581,41,10,294,145,99,46,26.876154,0,ok,logs/seed_658834.log
23329,irt_only,GHEFT,0,0.0,0,0,1,0.6886,0.5671,1.2557,,,,,,,,,,,,,,,,,47.56787802339181,1.5334,54,13,329,185,121,64,24.023927,0,ok,logs/seed_23329.log
661707,irt_only,GHEFT,0,0.0,0,0,1,0.7214,0.6576,1.379,,,,,,,,,,,,,,,,,64.55827709741189,1.3866,41,9,318,164,115,49,26.113178,0,ok,logs/seed_661707.log
579773,irt_only,GHEFT,0,0.0,0,0,1,0.7223,0.7828,1.5051,,,,,,,,,,,,,,,,,74.85774698795183,1.8898,44,10,305,156,104,52,34.911644,0,ok,logs/seed_579773.log
688431,irt_only,GHEFT,0,0.0,0,0,1,0.6599,0.615,1.2749,,,,,,,,,,,,,,,,,68.17153492063491,1.5065,46,9,315,154,97,57,35.642037,0,ok,logs/seed_688431.log
735633,irt_only,GHEFT,0,0.0,0,0,1,0.6714,0.6743,1.3457,,,,,,,,,,,,,,,,,77.24169631901842,1.7713,41,10,295,168,97,71,24.078739,0,ok,logs/seed_735633.log
208263,irt_only,GHEFT,0,0.0,0,0,1,0.6636,0.6198,1.2834,,,,,,,,,,,,,,,,,63.10126207159178,1.4839,41,12,302,152,97,55,27.647639,0,ok,logs/seed_208263.log
733953,irt_only,GHEFT,0,0.0,0,0,1,0.6909,0.6204,1.3113,,,,,,,,,,,,,,,,,58.185165940239045,1.4572,38,11,328,149,93,56,24.638236,0,ok,logs/seed_733953.log
241442,irt_only,GHEFT,0,0.0,0,0,1,0.6512,0.7742,1.4254,,,,,,,,,,,,,,,,,56.04159827062403,1.7271,39,11,296,145,98,47,32.912276,0,ok,logs/seed_241442.log
665452,irt_only,GHEFT,0,0.0,0,0,1,0.7027,0.6275,1.3302,,,,,,,,,,,,,,,,,55.04650426875104,1.2891,49,11,292,162,106,56,34.328439,0,ok,logs/seed_665452.log
631051,irt_only,GHEFT,0,0.0,0,0,1,0.6548,0.6707,1.3255,,,,,,,,,,,,,,,,,54.36820199999999,1.8844,40,10,303,163,109,54,30.492331,0,ok,logs/seed_631051.log
497919,irt_only,GHEFT,0,0.0,0,0,1,0.6206,0.6633,1.2839,,,,,,,,,,,,,,,,,60.92333557046981,1.4769,43,10,312,163,109,54,32.345953,0,ok,logs/seed_497919.log
960027,irt_only,GHEFT,0,0.0,0,0,1,0.7302,0.674,1.4042,,,,,,,,,,,,,,,,,58.634767953667954,1.8285,36,10,270,139,97,42,26.074196,0,ok,logs/seed_960027.log
305476,irt_only,GHEFT,0,0.0,0,0,1,0.7682,0.8189,1.5871,,,,,,,,,,,,,,,,,61.306219516690184,1.2928,46,10,316,166,101,65,33.346771,0,ok,logs/seed_305476.log
365837,irt_only,GHEFT,0,0.0,0,0,1,0.6301,0.6177,1.2478,,,,,,,,,,,,,,,,,57.73871891891893,1.4018,42,9,299,146,101,45,28.805729,0,ok,logs/seed_365837.log
514986,irt_only,GHEFT,0,0.0,0,0,1,0.6097,0.7893,1.399,,,,,,,,,,,,,,,,,71.51272517985612,1.2516,50,12,306,190,107,83,29.033752,0,ok,logs/seed_514986.log
291361,irt_only,GHEFT,0,0.0,0,0,1,0.7903,0.6569,1.4472,,,,,,,,,,,,,,,,,55.79302334432234,1.3833,32,9,300,140,91,49,27.012149,0,ok,logs/seed_291361.log
831040,irt_only,GHEFT,0,0.0,0,0,1,0.6753,0.5985,1.2738,,,,,,,,,,,,,,,,,56.510831234629876,1.3094,42,11,300,144,97,47,26.48156,0,ok,logs/seed_831040.log
900613,irt_only,GHEFT,0,0.0,0,0,1,0.6416,0.6375,1.2791,,,,,,,,,,,,,,,,,74.6334614800759,1.9342,39,9,296,138,95,43,27.180822,0,ok,logs/seed_900613.log
738426,irt_only,GHEFT,0,0.0,0,0,1,0.6742,0.7301,1.4043,,,,,,,,,,,,,,,,,60.606941144901604,1.51,39,9,319,143,105,38,27.985031,0,ok,logs/seed_738426.log
924607,irt_only,GHEFT,0,0.0,0,0,1,0.6954,0.8367,1.5321,,,,,,,,,,,,,,,,,55.24343512544804,1.4081,39,11,300,154,97,57,30.885836,0,ok,logs/seed_924607.log
461861,irt_only,GHEFT,0,0.0,0,0,1,0.61,0.6563,1.2663,,,,,,,,,,,,,,,,,55.83456858984431,1.695,41,10,279,117,80,37,24.937286,0,ok,logs/seed_461861.log
854725,irt_only,GHEFT,0,0.0,0,0,1,0.6917,0.692,1.3837,,,,,,,,,,,,,,,,,57.835928571428575,1.6139,39,13,315,151,102,49,28.04344,0,ok,logs/seed_854725.log
808927,irt_only,GHEFT,0,0.0,0,0,1,0.7141,0.9022,1.6163,,,,,,,,,,,,,,,,,54.41068299542129,1.5396,44,11,315,145,90,55,35.488851,0,ok,logs/seed_808927.log
826006,irt_only,GHEFT,0,0.0,0,0,1,0.6512,0.7137,1.3649,,,,,,,,,,,,,,,,,55.27056564980512,1.28,43,13,318,155,107,48,28.271899,0,ok,logs/seed_826006.log
522333,irt_only,GHEFT,0,0.0,0,0,1,0.6687,0.8402,1.5089,,,,,,,,,,,,,,,,,63.80110718556699,1.7162,39,9,303,138,98,40,31.083602,0,ok,logs/seed_522333.log
245912,irt_only,GHEFT,0,0.0,0,0,1,0.7186,0.7865,1.5051,,,,,,,,,,,,,,,,,57.72101092985318,1.2676,39,10,300,139,91,48,35.301951,0,ok,logs/seed_245912.log
758389,irt_only,GHEFT,0,0.0,0,0,1,0.7096,0.6953,1.4049,,,,,,,,,,,,,,,,,48.30972539682542,1.4767,41,11,299,149,108,41,27.544536,0,ok,logs/seed_758389.log
631363,irt_only,GHEFT,0,0.0,0,0,1,0.6808,0.701,1.3818,,,,,,,,,,,,,,,,,55.19253112582783,1.4896,52,12,321,188,121,67,32.736608,0,ok,logs/seed_631363.log
766985,irt_only,GHEFT,0,0.0,0,0,1,0.6905,0.5888,1.2793,,,,,,,,,,,,,,,,,49.86225771707528,1.2868,40,12,296,146,93,53,29.507395,0,ok,logs/seed_766985.log
582309,irt_only,GHEFT,0,0.0,0,0,1,0.6995,0.5604,1.2599,,,,,,,,,,,,,,,,,52.938418337031905,1.6193,42,10,286,141,93,48,20.931362,0,ok,logs/seed_582309.log
846927,irt_only,GHEFT,0,0.0,0,0,1,0.6529,0.7157,1.3686,,,,,,,,,,,,,,,,,73.0003993713355,2.0804,49,10,334,158,92,66,34.951586,0,ok,logs/seed_846927.log
763059,irt_only,GHEFT,0,0.0,0,0,1,0.7375,0.7784,1.5159,,,,,,,,,,,,,,,,,65.3226153150993,1.5606,44,10,296,134,87,47,22.434227,0,ok,logs/seed_763059.log
861602,irt_only,GHEFT,0,0.0,0,0,1,0.778,0.7503,1.5283,,,,,,,,,,,,,,,,,59.78623807945598,1.8128,36,11,304,165,114,51,30.432749,0,ok,logs/seed_861602.log
631173,irt_only,GHEFT,0,0.0,0,0,1,0.6919,0.6058,1.2977,,,,,,,,,,,,,,,,,56.2228830750894,1.3809,39,11,307,123,92,31,32.340061,0,ok,logs/seed_631173.log
53408,irt_only,GHEFT,0,0.0,0,0,1,0.6902,0.7069,1.3971,,,,,,,,,,,,,,,,,64.48261367605633,1.6536,42,9,298,145,103,42,31.199528,0,ok,logs/seed_53408.log
328439,irt_only,GHEFT,0,0.0,0,0,1,0.6396,0.6221,1.2617,,,,,,,,,,,,,,,,,65.6814007367716,1.8674,45,10,314,165,114,51,29.612358,0,ok,logs/seed_328439.log
1087,irt_only,GHEFT,0,0.0,0,0,1,0.6342,0.7057,1.3399,,,,,,,,,,,,,,,,,61.28261816222448,1.4351,48,11,304,148,100,48,26.647906,0,ok,logs/seed_1087.log
577361,irt_only,GHEFT,0,0.0,0,0,1,0.7306,0.7514,1.482,,,,,,,,,,,,,,,,,68.09541528571428,1.6527,45,11,291,165,101,64,25.501729,0,ok,logs/seed_577361.log
72146,irt_only,GHEFT,0,0.0,0,0,1,0.6777,0.6807,1.3584,,,,,,,,,,,,,,,,,53.820455240793194,1.6286,48,12,316,180,125,55,29.059244,0,ok,logs/seed_72146.log
479068,irt_only,GHEFT,0,0.0,0,0,1,0.5654,0.6364,1.2018,,,,,,,,,,,,,,,,,62.46362410756971,1.991,39,11,294,149,91,58,16.578849,0,ok,logs/seed_479068.log
267093,irt_only,GHEFT,0,0.0,0,0,1,0.5274,0.5856,1.113,,,,,,,,,,,,,,,,,70.73437370995563,1.7581,48,12,324,174,111,63,20.251218,0,ok,logs/seed_267093.log
174052,irt_only,GHEFT,0,0.0,0,0,1,0.6148,0.6333,1.2481,,,,,,,,,,,,,,,,,60.906528120063186,1.6351,46,11,328,158,102,56,19.641609,0,ok,logs/seed_174052.log
224195,irt_only,GHEFT,0,0.0,0,0,1,0.57,0.5372,1.1072,,,,,,,,,,,,,,,,,69.68054752714112,1.9335,51,11,292,174,109,65,23.635079,0,ok,logs/seed_224195.log
203906,irt_only,GHEFT,0,0.0,0,0,1,0.7146,0.7823,1.4969,,,,,,,,,,,,,,,,,57.24541287128713,1.5102,34,10,280,157,108,49,23.707324,0,ok,logs/seed_203906.log
223610,irt_only,GHEFT,0,0.0,0,0,1,0.6316,0.7464,1.378,,,,,,,,,,,,,,,,,62.942863615101295,1.8641,36,9,302,139,94,45,19.550399,0,ok,logs/seed_223610.log
765827,irt_only,GHEFT,0,0.0,0,0,1,0.6632,0.7137,1.3769,,,,,,,,,,,,,,,,,57.63449137670197,1.3972,40,10,338,159,105,54,22.98482,0,ok,logs/seed_765827.log
597825,irt_only,GHEFT,0,0.0,0,0,1,0.6946,0.7143,1.4089,,,,,,,,,,,,,,,,,64.69248872180451,1.5583,44,10,296,143,99,44,21.80993,0,ok,logs/seed_597825.log
743325,irt_only,GHEFT,0,0.0,0,0,1,0.6778,0.7854,1.4632,,,,,,,,,,,,,,,,,53.923508979462895,1.8085,46,10,317,143,95,48,23.174638,0,ok,logs/seed_743325.log
459404,irt_only,GHEFT,0,0.0,0,0,1,0.5513,0.5696,1.1209,,,,,,,,,,,,,,,,,63.352677528089885,1.5036,46,11,323,169,110,59,21.400067,0,ok,logs/seed_459404.log
644891,irt_only,GHEFT,0,0.0,0,0,1,0.6945,0.7149,1.4094,,,,,,,,,,,,,,,,,62.78945948229614,1.4258,37,10,302,124,88,36,24.378923,0,ok,logs/seed_644891.log
112316,irt_only,GHEFT,0,0.0,0,0,1,0.6734,0.6152,1.2886,,,,,,,,,,,,,,,,,54.676199924008074,1.4099,40,11,323,151,102,49,32.194087,0,ok,logs/seed_112316.log
708240,irt_only,GHEFT,0,0.0,0,0,1,0.6563,0.7074,1.3637,,,,,,,,,,,,,,,,,62.3653370627552,1.4669,36,10,279,165,106,59,22.103728,0,ok,logs/seed_708240.log
988612,irt_only,GHEFT,0,0.0,0,0,1,0.6782,0.5579,1.2361,,,,,,,,,,,,,,,,,56.24122286995516,1.5891,46,10,311,157,111,46,21.481728,0,ok,logs/seed_988612.log
737269,irt_only,GHEFT,0,0.0,0,0,1,0.7218,0.7265,1.4483,,,,,,,,,,,,,,,,,57.75475023547399,1.3635,40,10,328,178,109,69,27.546745,0,ok,logs/seed_737269.log
670045,irt_only,GHEFT,0,0.0,0,0,1,0.6873,0.6397,1.327,,,,,,,,,,,,,,,,,55.51022764976958,1.5222,38,10,284,156,108,48,27.802012,0,ok,logs/seed_670045.log
697981,irt_only,GHEFT,0,0.0,0,0,1,0.6231,0.6759,1.299,,,,,,,,,,,,,,,,,51.21372808716707,1.5451,39,11,308,154,106,48,29.656871,0,ok,logs/seed_697981.log
940926,irt_only,GHEFT,0,0.0,0,0,1,0.7989,0.8291,1.628,,,,,,,,,,,,,,,,,49.69310520446098,1.4995,36,9,317,145,98,47,25.898022,0,ok,logs/seed_940926.log
245466,irt_only,GHEFT,0,0.0,0,0,1,0.7563,0.7484,1.5047,,,,,,,,,,,,,,,,,59.6798046322361,1.2888,41,10,305,158,112,46,33.035857,0,ok,logs/seed_245466.log
863385,irt_only,GHEFT,0,0.0,0,0,1,0.6869,0.5833,1.2702,,,,,,,,,,,,,,,,,77.22729004524888,1.8076,41,10,317,149,104,45,24.838552,0,ok,logs/seed_863385.log
502084,irt_only,GHEFT,0,0.0,0,0,1,0.6699,0.775,1.4449,,,,,,,,,,,,,,,,,60.96645488640596,1.4001,43,9,319,169,117,52,31.018686,0,ok,logs/seed_502084.log
268333,irt_only,GHEFT,0,0.0,0,0,1,0.7069,0.5721,1.279,,,,,,,,,,,,,,,,,51.8543970886933,1.7271,40,11,291,123,83,40,24.0905,0,ok,logs/seed_268333.log
889172,irt_only,GHEFT,0,0.0,0,0,1,0.6558,0.5603,1.2161,,,,,,,,,,,,,,,,,49.19470985612236,1.2656,35,9,299,146,97,49,24.546814,0,ok,logs/seed_889172.log
768859,irt_only,GHEFT,0,0.0,0,0,1,0.6523,0.7338,1.3861,,,,,,,,,,,,,,,,,55.01102151282052,1.5274,48,12,297,151,108,43,22.135678,0,ok,logs/seed_768859.log
108511,irt_only,GHEFT,0,0.0,0,0,1,0.6745,0.7386,1.4131,,,,,,,,,,,,,,,,,58.703226837320564,1.7841,43,10,323,156,108,48,33.111777,0,ok,logs/seed_108511.log
828273,irt_only,GHEFT,0,0.0,0,0,1,0.6522,0.6105,1.2627,,,,,,,,,,,,,,,,,50.45190962199313,1.2952,38,10,310,120,88,32,22.744058,0,ok,logs/seed_828273.log
932667,irt_only,GHEFT,0,0.0,0,0,1,0.6271,0.6218,1.2489,,,,,,,,,,,,,,,,,74.26533723690615,2.3817,40,11,283,180,112,68,24.489768,0,ok,logs/seed_932667.log
245421,irt_only,GHEFT,0,0.0,0,0,1,0.6464,0.6235,1.2699,,,,,,,,,,,,,,,,,63.73928379584544,1.7605,50,12,300,180,124,56,25.870615,0,ok,logs/seed_245421.log
678641,irt_only,GHEFT,0,0.0,0,0,1,0.7423,0.6568,1.3991,,,,,,,,,,,,,,,,,79.92449479843951,1.8161,49,12,315,163,120,43,32.758821,0,ok,logs/seed_678641.log
935125,irt_only,GHEFT,0,0.0,0,0,1,0.7215,0.7693,1.4908,,,,,,,,,,,,,,,,,72.52801685393257,1.6949,46,11,323,180,120,60,30.856084,0,ok,logs/seed_935125.log
605287,irt_only,GHEFT,0,0.0,0,0,1,0.7038,0.7695,1.4733,,,,,,,,,,,,,,,,,60.65185596825397,1.5421,35,8,288,119,90,29,28.79181,0,ok,logs/seed_605287.log
241117,irt_only,GHEFT,0,0.0,0,0,1,0.7608,0.604,1.3648,,,,,,,,,,,,,,,,,61.83743842538189,1.3291,44,10,321,159,109,50,33.525684,0,ok,logs/seed_241117.log
137693,irt_only,GHEFT,0,0.0,0,0,1,0.5709,0.6687,1.2396,,,,,,,,,,,,,,,,,94.22424625283875,2.8384,45,10,336,173,126,47,33.750845,0,ok,logs/seed_137693.log
519815,irt_only,GHEFT,0,0.0,0,0,1,0.7174,0.7008,1.4182,,,,,,,,,,,,,,,,,62.17928045977012,1.6015,38,9,315,146,108,38,26.529503,0,ok,logs/seed_519815.log
825689,irt_only,GHEFT,0,0.0,0,0,1,0.6811,0.6107,1.2918,,,,,,,,,,,,,,,,,62.99288703351956,1.5079,47,13,327,176,120,56,31.186962,0,ok,logs/seed_825689.log
266300,irt_only,GHEFT,0,0.0,0,0,1,0.7238,0.6365,1.3603,,,,,,,,,,,,,,,,,47.87741818181819,1.3432,42,10,315,146,98,48,33.658887,0,ok,logs/seed_266300.log
353884,irt_only,GHEFT,0,0.0,0,0,1,0.6862,0.7438,1.43,,,,,,,,,,,,,,,,,92.02826790123459,2.0228,40,9,302,139,91,48,23.225902,0,ok,logs/seed_353884.log
141574,irt_only,GHEFT,0,0.0,0,0,1,0.6681,0.5181,1.1862,,,,,,,,,,,,,,,,,71.7604847073631,1.5596,53,12,336,167,113,54,33.331503,0,ok,logs/seed_141574.log
211351,irt_only,GHEFT,0,0.0,0,0,1,0.7015,0.6841,1.3856,,,,,,,,,,,,,,,,,53.83525611332227,1.2753,40,9,309,137,95,42,25.575488,0,ok,logs/seed_211351.log
64745,irt_only,GHEFT,0,0.0,0,0,1,0.5768,0.5272,1.104,,,,,,,,,,,,,,,,,74.53994993045896,1.5034,43,9,328,163,120,43,30.656453,0,ok,logs/seed_64745.log
827551,irt_only,GHEFT,0,0.0,0,0,1,0.7259,0.7952,1.5211,,,,,,,,,,,,,,,,,60.88851961057023,1.3654,38,9,275,148,115,33,30.043199,0,ok,logs/seed_827551.log
236634,irt_only,GHEFT,0,0.0,0,0,1,0.6872,0.6799,1.3671,,,,,,,,,,,,,,,,,55.340007271238804,1.5582,40,10,277,145,108,37,25.739174,0,ok,logs/seed_236634.log
554061,irt_only,GHEFT,0,0.0,0,0,1,0.6647,0.681,1.3457,,,,,,,,,,,,,,,,,108.77808684210527,2.5037,46,11,305,156,117,39,28.992185,0,ok,logs/seed_554061.log
473253,irt_only,GHEFT,0,0.0,0,0,1,0.6013,0.5349,1.1362,,,,,,,,,,,,,,,,,68.3009828410689,1.7691,40,12,280,151,94,57,30.030308,0,ok,logs/seed_473253.log
397414,irt_only,GHEFT,0,0.0,0,0,1,0.7089,0.8514,1.5603,,,,,,,,,,,,,,,,,62.30589757794676,1.7572,39,9,320,133,88,45,34.948362,0,ok,logs/seed_397414.log
237902,irt_only,GHEFT,0,0.0,0,0,1,0.6751,0.6013,1.2764,,,,,,,,,,,,,,,,,56.04882774416734,1.5457,43,11,290,147,111,36,23.796277,0,ok,logs/seed_237902.log
57519,irt_only,GHEFT,0,0.0,0,0,1,0.6157,0.5962,1.2119,,,,,,,,,,,,,,,,,68.91491490787271,2.107,44,11,306,162,116,46,32.245196,0,ok,logs/seed_57519.log
505780,irt_only,GHEFT,0,0.0,0,0,1,0.7441,0.6374,1.3815,,,,,,,,,,,,,,,,,51.38845510895609,1.2268,44,12,292,147,94,53,27.423571,0,ok,logs/seed_505780.log
353215,irt_only,GHEFT,0,0.0,0,0,1,0.545,0.56,1.105,,,,,,,,,,,,,,,,,69.45754619134674,1.7245,40,11,311,165,105,60,29.665802,0,ok,logs/seed_353215.log
60194,irt_only,GHEFT,0,0.0,0,0,1,0.6921,0.6709,1.363,,,,,,,,,,,,,,,,,61.73157599999999,2.0243,43,11,317,158,103,55,37.4438,0,ok,logs/seed_60194.log
21327,irt_only,GHEFT,0,0.0,0,0,1,0.6776,0.5909,1.2685,,,,,,,,,,,,,,,,,59.15500248962656,1.2394,44,12,308,163,105,58,30.722764,0,ok,logs/seed_21327.log
551141,irt_only,GHEFT,0,0.0,0,0,1,0.6511,0.5246,1.1757,,,,,,,,,,,,,,,,,52.6449595003785,1.4738,39,11,289,142,99,43,23.007964,0,ok,logs/seed_551141.log
504483,irt_only,GHEFT,0,0.0,0,0,1,0.6816,0.7362,1.4178,,,,,,,,,,,,,,,,,47.99615832854902,1.5977,44,11,302,135,93,42,31.377802,0,ok,logs/seed_504483.log
50984,irt_only,GHEFT,0,0.0,0,0,1,0.6353,0.6018,1.2371,,,,,,,,,,,,,,,,,56.31109172180452,1.1855,40,10,309,137,102,35,28.858819,0,ok,logs/seed_50984.log
145299,irt_only,GHEFT,0,0.0,0,0,1,0.7042,0.7034,1.4076,,,,,,,,,,,,,,,,,70.66902038900066,1.8509,41,9,287,139,101,38,25.122801,0,ok,logs/seed_145299.log
933274,irt_only,GHEFT,0,0.0,0,0,1,0.6453,0.5582,1.2035,,,,,,,,,,,,,,,,,66.9946494623656,1.3948,45,11,311,175,119,56,33.588507,0,ok,logs/seed_933274.log
321337,irt_only,GHEFT,0,0.0,0,0,1,0.7692,0.7806,1.5498,,,,,,,,,,,,,,,,,55.463221393034836,1.985,37,9,293,138,101,37,23.261236,0,ok,logs/seed_321337.log
181404,irt_only,GHEFT,0,0.0,0,0,1,0.6987,0.765,1.4637,,,,,,,,,,,,,,,,,64.94856259388455,1.8109,42,10,308,155,105,50,29.87381,0,ok,logs/seed_181404.log
3899,irt_only,GHEFT,0,0.0,0,0,1,0.6585,0.7045,1.363,,,,,,,,,,,,,,,,,67.0694319467554,1.3399,42,10,300,163,114,49,27.552501,0,ok,logs/seed_3899.log
494958,irt_only,GHEFT,0,0.0,0,0,1,0.767,0.8339,1.6009,,,,,,,,,,,,,,,,,57.59507314974182,1.452,39,9,292,143,103,40,24.744415,0,ok,logs/seed_494958.log
970507,irt_only,GHEFT,0,0.0,0,0,1,0.591,0.6457,1.2367,,,,,,,,,,,,,,,,,55.0532104448616,1.465,38,13,299,157,103,54,29.263501,0,ok,logs/seed_970507.log
705866,irt_only,GHEFT,0,0.0,0,0,1,0.6686,0.7246,1.3932,,,,,,,,,,,,,,,,,59.141577237623764,1.3987,38,11,309,158,115,43,31.637544,0,ok,logs/seed_705866.log
296343,irt_only,GHEFT,0,0.0,0,0,1,0.7369,0.6465,1.3834,,,,,,,,,,,,,,,,,58.408689531585225,1.7523,38,11,303,165,108,57,27.998617,0,ok,logs/seed_296343.log
586398,irt_only,GHEFT,0,0.0,0,0,1,0.6406,0.5012,1.1418,,,,,,,,,,,,,,,,,58.225562863488626,1.473,39,10,301,155,103,52,26.533951,0,ok,logs/seed_586398.log
378648,irt_only,GHEFT,0,0.0,0,0,1,0.708,0.7559,1.4639,,,,,,,,,,,,,,,,,56.57693770972129,1.7359,36,10,284,138,99,39,25.036363,0,ok,logs/seed_378648.log
531966,irt_only,GHEFT,0,0.0,0,0,1,0.7093,0.6469,1.3562,,,,,,,,,,,,,,,,,56.813456284153006,1.8907,37,9,290,153,108,45,25.396793,0,ok,logs/seed_531966.log
596361,irt_only,GHEFT,0,0.0,0,0,1,0.6404,0.6158,1.2562,,,,,,,,,,,,,,,,,53.094300999999994,1.435,41,11,307,145,87,58,30.836663,0,ok,logs/seed_596361.log
60220,irt_only,GHEFT,0,0.0,0,0,1,0.6938,0.5768,1.2706,,,,,,,,,,,,,,,,,53.58715507246376,1.4971,49,11,301,145,95,50,32.208252,0,ok,logs/seed_60220.log
189568,irt_only,GHEFT,0,0.0,0,0,1,0.6623,0.8042,1.4665,,,,,,,,,,,,,,,,,61.05338950574711,1.4424,39,9,287,150,103,47,33.777506,0,ok,logs/seed_189568.log
151000,irt_only,GHEFT,0,0.0,0,0,1,0.6324,0.5955,1.2279,,,,,,,,,,,,,,,,,75.65751428571427,1.596,40,10,312,169,121,48,17.990165,0,ok,logs/seed_151000.log
72402,irt_only,GHEFT,0,0.0,0,0,1,0.6447,0.7562,1.4009,,,,,,,,,,,,,,,,,51.44159820558882,1.2312,42,10,295,142,98,44,21.194445,0,ok,logs/seed_72402.log
983055,irt_only,GHEFT,0,0.0,0,0,1,0.6975,0.6887,1.3862,,,,,,,,,,,,,,,,,52.369087274509816,1.4257,37,9,310,139,90,49,26.862973,0,ok,logs/seed_983055.log
538582,irt_only,GHEFT,0,0.0,0,0,1,0.6897,0.6469,1.3366,,,,,,,,,,,,,,,,,59.69213862246897,1.5897,40,10,289,133,105,28,29.948398,0,ok,logs/seed_538582.log
934509,irt_only,GHEFT,0,0.0,0,0,1,0.6975,0.7258,1.4233,,,,,,,,,,,,,,,,,54.73162753766414,1.3556,36,10,308,133,99,34,34.183287,0,ok,logs/seed_934509.log
220410,irt_only,GHEFT,0,0.0,0,0,1,0.7103,0.5538,1.2641,,,,,,,,,,,,,,,,,56.70761975308641,1.7418,43,10,305,140,107,33,23.636582,0,ok,logs/seed_220410.log
755547,irt_only,GHEFT,0,0.0,0,0,1,0.8007,0.7778,1.5785,,,,,,,,,,,,,,,,,69.43188533734941,1.6642,37,9,291,131,92,39,27.750448,0,ok,logs/seed_755547.log
682666,irt_only,GHEFT,0,0.0,0,0,1,0.5658,0.5345,1.1003,,,,,,,,,,,,,,,,,70.11252010050252,1.9521,47,12,315,164,114,50,27.818692,0,ok,logs/seed_682666.log
707759,irt_only,GHEFT,0,0.0,0,0,1,0.6385,0.654,1.2925,,,,,,,,,,,,,,,,,59.85460900473935,1.4298,42,11,288,141,102,39,24.29273,0,ok,logs/seed_707759.log
472298,irt_only,GHEFT,0,0.0,0,0,1,0.6123,0.5978,1.2101,,,,,,,,,,,,,,,,,54.30920769230769,1.5242,37,12,280,135,99,36,28.47251,0,ok,logs/seed_472298.log
842827,irt_only,GHEFT,0,0.0,0,0,1,0.7256,0.6694,1.395,,,,,,,,,,,,,,,,,48.84958653817926,1.2925,37,10,298,167,106,61,31.956899,0,ok,logs/seed_842827.log
598514,irt_only,GHEFT,0,0.0,0,0,1,0.7882,0.7189,1.5071,,,,,,,,,,,,,,,,,47.319940693467345,1.1611,35,11,294,134,89,45,32.39102,0,ok,logs/seed_598514.log
985883,irt_only,GHEFT,0,0.0,0,0,1,0.6247,0.5576,1.1823,,,,,,,,,,,,,,,,,53.10320968509611,1.3288,53,12,297,147,107,40,35.515649,0,ok,logs/seed_985883.log
595328,irt_only,GHEFT,0,0.0,0,0,1,0.6456,0.6674,1.313,,,,,,,,,,,,,,,,,72.11918504983389,1.6327,51,10,335,139,96,43,35.082007,0,ok,logs/seed_595328.log
238922,irt_only,GHEFT,0,0.0,0,0,1,0.6804,0.6233,1.3037,,,,,,,,,,,,,,,,,61.48600868670173,1.6837,44,10,324,142,115,27,34.098583,0,ok,logs/seed_238922.log
469556,irt_only,GHEFT,0,0.0,0,0,1,0.6415,0.6382,1.2797,,,,,,,,,,,,,,,,,72.07883208395802,1.7319,36,9,300,123,84,39,30.144643,0,ok,logs/seed_469556.log
108225,irt_only,GHEFT,0,0.0,0,0,1,0.6591,0.6616,1.3207,,,,,,,,,,,,,,,,,51.704456809945285,1.1258,44,11,294,141,106,35,26.045904,0,ok,logs/seed_108225.log
899644,irt_only,GHEFT,0,0.0,0,0,1,0.6508,0.7148,1.3656,,,,,,,,,,,,,,,,,82.83898039215686,1.9533,43,10,315,182,111,71,30.874953,0,ok,logs/seed_899644.log
885107,irt_only,GHEFT,0,0.0,0,0,1,0.7347,0.8352,1.5699,,,,,,,,,,,,,,,,,58.74085006143473,1.2972,43,10,309,152,106,46,43.073121,0,ok,logs/seed_885107.log
624803,irt_only,GHEFT,0,0.0,0,0,1,0.6606,0.58,1.2406,,,,,,,,,,,,,,,,,60.55587734724292,1.3611,55,12,313,162,117,45,39.042449,0,ok,logs/seed_624803.log
412384,irt_only,GHEFT,0,0.0,0,0,1,0.6379,0.6791,1.317,,,,,,,,,,,,,,,,,62.79307839463601,1.8095,43,12,306,155,93,62,36.190011,0,ok,logs/seed_412384.log
534437,irt_only,GHEFT,0,0.0,0,0,1,0.6957,0.805,1.5007,,,,,,,,,,,,,,,,,58.481004267161396,1.3995,40,9,300,165,110,55,33.871867,0,ok,logs/seed_534437.log
28388,irt_only,GHEFT,0,0.0,0,0,1,0.6891,0.7113,1.4004,,,,,,,,,,,,,,,,,56.26830889480371,1.5801,37,9,293,147,104,43,29.66316,0,ok,logs/seed_28388.log
480416,irt_only,GHEFT,0,0.0,0,0,1,0.6712,0.6837,1.3549,,,,,,,,,,,,,,,,,58.68401345852894,1.3731,43,10,307,143,95,48,29.57533,0,ok,logs/seed_480416.log
6523,irt_only,GHEFT,0,0.0,0,0,1,0.6655,0.8163,1.4818,,,,,,,,,,,,,,,,,86.39628603937007,1.9075,43,10,286,164,118,46,32.506717,0,ok,logs/seed_6523.log
875492,irt_only,GHEFT,0,0.0,0,0,1,0.6558,0.6519,1.3077,,,,,,,,,,,,,,,,,59.89227310674053,1.6586,42,9,301,134,95,39,30.926807,0,ok,logs/seed_875492.log
445144,irt_only,GHEFT,0,0.0,0,0,1,0.7202,0.6597,1.3799,,,,,,,,,,,,,,,,,58.84904549878346,1.5657,44,10,303,137,87,50,33.359066,0,ok,logs/seed_445144.log
178145,irt_only,GHEFT,0,0.0,0,0,1,0.6158,0.8017,1.4175,,,,,,,,,,,,,,,,,61.06968007968126,1.4592,39,9,321,162,110,52,32.339609,0,ok,logs/seed_178145.log
496478,irt_only,GHEFT,0,0.0,0,0,1,0.6598,0.6588,1.3186,,,,,,,,,,,,,,,,,52.90713308270676,1.2086,38,11,293,147,100,47,31.377857,0,ok,logs/seed_496478.log
239617,irt_only,GHEFT,0,0.0,0,0,1,0.6625,0.6265,1.289,,,,,,,,,,,,,,,,,49.225318181818174,1.4501,35,10,293,131,93,38,30.774548,0,ok,logs/seed_239617.log
473997,irt_only,GHEFT,0,0.0,0,0,1,0.6329,0.6283,1.2612,,,,,,,,,,,,,,,,,49.76359124741558,1.2556,44,11,306,155,112,43,33.14137,0,ok,logs/seed_473997.log
229225,irt_only,GHEFT,0,0.0,0,0,1,0.7434,0.8629,1.6063,,,,,,,,,,,,,,,,,60.92551594202898,1.2955,40,10,296,153,102,51,26.148336,0,ok,logs/seed_229225.log
254791,irt_only,GHEFT,0,0.0,0,0,1,0.6515,0.7335,1.385,,,,,,,,,,,,,,,,,58.230700999999996,1.6541,42,11,309,150,99,51,31.950011,0,ok,logs/seed_254791.log
966201,irt_only,GHEFT,0,0.0,0,0,1,0.7745,0.9474,1.7219,,,,,,,,,,,,,,,,,53.94964394488189,1.6649,34,9,295,120,83,37,23.542915,0,ok,logs/seed_966201.log
533361,irt_only,GHEFT,0,0.0,0,0,1,0.6294,0.6571,1.2865,,,,,,,,,,,,,,,,,57.20549930843707,1.4058,40,10,307,128,86,42,23.956308,0,ok,logs/seed_533361.log
872306,irt_only,GHEFT,0,0.0,0,0,1,0.6673,0.5372,1.2045,,,,,,,,,,,,,,,,,59.38855856196784,2.0,48,10,323,168,117,51,23.155142,0,ok,logs/seed_872306.log
444933,irt_only,GHEFT,0,0.0,0,0,1,0.7031,0.8345,1.5376,,,,,,,,,,,,,,,,,63.15518203799655,1.301,37,10,320,145,102,43,32.861223,0,ok,logs/seed_444933.log
456356,irt_only,GHEFT,0,0.0,0,0,1,0.6354,0.7305,1.3659,,,,,,,,,,,,,,,,,59.337738532110095,1.4269,38,10,308,147,99,48,31.796495,0,ok,logs/seed_456356.log
853702,irt_only,GHEFT,0,0.0,0,0,1,0.7092,0.7183,1.4275,,,,,,,,,,,,,,,,,78.88691292328957,2.1735,38,11,304,145,107,38,29.561833,0,ok,logs/seed_853702.log
176967,irt_only,GHEFT,0,0.0,0,0,1,0.6004,0.6326,1.233,,,,,,,,,,,,,,,,,66.65431483622427,1.7658,43,11,316,145,98,47,29.65499,0,ok,logs/seed_176967.log
33347,irt_only,GHEFT,0,0.0,0,0,1,0.6286,0.6258,1.2544,,,,,,,,,,,,,,,,,54.550194233473974,1.499,38,9,285,135,95,40,21.712829,0,ok,logs/seed_33347.log
411283,irt_only,GHEFT,0,0.0,0,0,1,0.7098,0.7793,1.4891,,,,,,,,,,,,,,,,,56.87986788321168,1.8604,43,11,315,162,102,60,27.141816,0,ok,logs/seed_411283.log
81911,irt_only,GHEFT,0,0.0,0,0,1,0.7313,0.7212,1.4525,,,,,,,,,,,,,,,,,58.38244471669219,1.6015,47,11,321,158,107,51,25.54283,0,ok,logs/seed_81911.log
956925,irt_only,GHEFT,0,0.0,0,0,1,0.6205,0.5203,1.1408,,,,,,,,,,,,,,,,,73.45097030859006,1.6568,45,10,308,182,137,45,28.6196,0,ok,logs/seed_956925.log
362804,irt_only,GHEFT,0,0.0,0,0,1,0.6221,0.6868,1.3089,,,,,,,,,,,,,,,,,49.49281250000001,1.5881,37,8,298,146,101,45,22.209946,0,ok,logs/seed_362804.log
728140,irt_only,GHEFT,0,0.0,0,0,1,0.6919,0.8095,1.5014,,,,,,,,,,,,,,,,,51.0456916429312,1.3595,37,9,285,120,83,37,25.582787,0,ok,logs/seed_728140.log
554565,irt_only,GHEFT,0,0.0,0,0,1,0.7507,0.7096,1.4603,,,,,,,,,,,,,,,,,49.56719395774648,1.217,43,10,320,158,116,42,33.659325,0,ok,logs/seed_554565.log
392733,irt_only,GHEFT,0,0.0,0,0,1,0.6862,0.7155,1.4017,,,,,,,,,,,,,,,,,48.31100968213444,1.3471,44,12,320,143,81,62,29.023975,0,ok,logs/seed_392733.log
769066,irt_only,GHEFT,0,0.0,0,0,1,0.6983,0.6839,1.3822,,,,,,,,,,,,,,,,,50.69658315412187,1.3369,43,11,304,149,106,43,34.204376,0,ok,logs/seed_769066.log
925520,irt_only,GHEFT,0,0.0,0,0,1,0.6103,0.6869,1.2972,,,,,,,,,,,,,,,,,59.83984421482227,1.4826,41,11,313,162,118,44,28.774382,0,ok,logs/seed_925520.log
4410,irt_only,GHEFT,0,0.0,0,0,1,0.6908,0.7097,1.4005,,,,,,,,,,,,,,,,,55.13029598393574,1.5239,47,13,282,154,103,51,24.038772,0,ok,logs/seed_4410.log
729459,irt_only,GHEFT,0,0.0,0,0,1,0.6622,0.5342,1.1964,,,,,,,,,,,,,,,,,49.03946171617163,1.1834,46,11,307,146,104,42,24.073712,0,ok,logs/seed_729459.log
179329,irt_only,GHEFT,0,0.0,0,0,1,0.6751,0.5511,1.2262,,,,,,,,,,,,,,,,,48.98467358490566,1.5632,41,11,283,143,103,40,26.359294,0,ok,logs/seed_179329.log
282114,irt_only,GHEFT,0,0.0,0,0,1,0.6861,0.5401,1.2262,,,,,,,,,,,,,,,,,47.36613991102257,1.3168,41,11,316,144,99,45,22.996104,0,ok,logs/seed_282114.log
583172,irt_only,GHEFT,0,0.0,0,0,1,0.7054,0.6267,1.3321,,,,,,,,,,,,,,,,,51.16659859594384,1.342,42,12,306,135,101,34,28.387963,0,ok,logs/seed_583172.log
534010,irt_only,GHEFT,0,0.0,0,0,1,0.6395,0.7326,1.3721,,,,,,,,,,,,,,,,,56.01046766666666,1.4935,45,11,335,177,124,53,22.768798,0,ok,logs/seed_534010.log
824110,irt_only,GHEFT,0,0.0,0,0,1,0.5594,0.5469,1.1063,,,,,,,,,,,,,,,,,55.68960831707316,1.4442,41,9,294,125,89,36,22.79503,0,ok,logs/seed_824110.log
897704,irt_only,GHEFT,0,0.0,0,0,1,0.6286,0.6782,1.3068,,,,,,,,,,,,,,,,,74.05339982728844,1.7227,45,11,306,137,97,40,26.247535,0,ok,logs/seed_897704.log
226589,irt_only,GHEFT,0,0.0,0,0,1,0.668,0.6594,1.3274,,,,,,,,,,,,,,,,,49.71534834054834,1.2419,39,11,302,136,109,27,24.992439,0,ok,logs/seed_226589.log
481886,irt_only,GHEFT,0,0.0,0,0,1,0.6386,0.6692,1.3078,,,,,,,,,,,,,,,,,73.64112106149118,2.2864,42,9,292,133,84,49,22.361595,0,ok,logs/seed_481886.log
982251,irt_only,GHEFT,0,0.0,0,0,1,0.577,0.6333,1.2103,,,,,,,,,,,,,,,,,57.457953739898876,1.4026,35,11,273,119,91,28,20.74174,0,ok,logs/seed_982251.log
543181,irt_only,GHEFT,0,0.0,0,0,1,0.6225,0.6023,1.2248,,,,,,,,,,,,,,,,,56.905506456774994,1.6758,39,10,314,148,104,44,32.148742,0,ok,logs/seed_543181.log
397234,irt_only,GHEFT,0,0.0,0,0,1,0.6448,0.6241,1.2689,,,,,,,,,,,,,,,,,64.58925859986223,1.7058,49,12,333,179,120,59,37.309949,0,ok,logs/seed_397234.log
973889,irt_only,GHEFT,0,0.0,0,0,1,0.5993,0.565,1.1643,,,,,,,,,,,,,,,,,72.57455656836461,1.5727,47,11,325,140,102,38,31.697085,0,ok,logs/seed_973889.log
110682,irt_only,GHEFT,0,0.0,0,0,1,0.6271,0.6431,1.2702,,,,,,,,,,,,,,,,,77.54414426192119,1.2823,37,10,279,135,102,33,19.880592,0,ok,logs/seed_110682.log
663813,irt_only,GHEFT,0,0.0,0,0,1,0.5989,0.6043,1.2032,,,,,,,,,,,,,,,,,64.2827628242075,1.6629,39,9,286,143,112,31,23.873806,0,ok,logs/seed_663813.log
895348,irt_only,GHEFT,0,0.0,0,0,1,0.6088,0.619,1.2278,,,,,,,,,,,,,,,,,65.53157826844858,1.862,47,11,317,164,107,57,25.796683,0,ok,logs/seed_895348.log
840905,irt_only,GHEFT,0,0.0,0,0,1,0.7308,0.7252,1.456,,,,,,,,,,,,,,,,,65.10615443880687,1.5391,41,10,316,165,110,55,23.110463,0,ok,logs/seed_840905.log
366120,irt_only,GHEFT,0,0.0,0,0,1,0.6865,0.7124,1.3989,,,,,,,,,,,,,,,,,71.48532207792209,1.6394,42,12,288,163,101,62,21.803179,0,ok,logs/seed_366120.log
873087,irt_only,GHEFT,0,0.0,0,0,1,0.6636,0.5132,1.1768,,,,,,,,,,,,,,,,,45.0314039121986,1.1435,42,11,299,146,107,39,22.391721,0,ok,logs/seed_873087.log
333017,irt_only,GHEFT,0,0.0,0,0,1,0.6606,0.6866,1.3472,,,,,,,,,,,,,,,,,59.10035214006515,1.5489,35,9,268,137,102,35,21.303502,0,ok,logs/seed_333017.log
479679,irt_only,GHEFT,0,0.0,0,0,1,0.7081,0.5979,1.306,,,,,,,,,,,,,,,,,63.84082064285714,2.0116,45,12,291,166,107,59,22.061667,0,ok,logs/seed_479679.log
547920,irt_only,GHEFT,0,0.0,0,0,1,0.6848,0.5998,1.2846,,,,,,,,,,,,,,,,,69.31527149187592,1.8432,47,9,320,153,100,53,22.58052,0,ok,logs/seed_547920.log
397055,irt_only,GHEFT,0,0.0,0,0,1,0.7393,0.7939,1.5332,,,,,,,,,,,,,,,,,59.43432344656172,1.5822,49,11,327,147,92,55,24.670457,0,ok,logs/seed_397055.log
255407,irt_only,GHEFT,0,0.0,0,0,1,0.69,0.6712,1.3612,,,,,,,,,,,,,,,,,54.22272267657993,1.3393,41,12,303,137,96,41,24.963286,0,ok,logs/seed_255407.log
529276,irt_only,GHEFT,0,0.0,0,0,1,0.6646,0.7489,1.4135,,,,,,,,,,,,,,,,,55.99435789633144,1.5773,49,9,342,149,95,54,22.81542,0,ok,logs/seed_529276.log
772641,irt_only,GHEFT,0,0.0,0,0,1,0.6801,0.6307,1.3108,,,,,,,,,,,,,,,,,59.010065192949924,1.5459,45,13,307,170,116,54,26.730215,0,ok,logs/seed_772641.log
452290,irt_only,GHEFT,0,0.0,0,0,1,0.6321,0.5362,1.1683,,,,,,,,,,,,,,,,,64.25704475668074,1.805,40,10,296,144,99,45,23.470612,0,ok,logs/seed_452290.log
70730,irt_only,GHEFT,0,0.0,0,0,1,0.7021,0.7327,1.4348,,,,,,,,,,,,,,,,,55.6318753665689,1.6813,48,13,322,176,100,76,30.235791,0,ok,logs/seed_70730.log
29523,irt_only,GHEFT,0,0.0,0,0,1,0.6983,0.7204,1.4187,,,,,,,,,,,,,,,,,55.15806190151886,1.6844,34,11,281,133,89,44,20.779586,0,ok,logs/seed_29523.log
580005,irt_only,GHEFT,0,0.0,0,0,1,0.6733,0.5275,1.2008,,,,,,,,,,,,,,,,,59.587178456014364,1.4563,52,12,302,147,102,45,31.637914,0,ok,logs/seed_580005.log
273040,irt_only,GHEFT,0,0.0,0,0,1,0.7109,0.6022,1.3131,,,,,,,,,,,,,,,,,50.184503649930264,1.1779,37,9,299,155,106,49,24.175089,0,ok,logs/seed_273040.log
333143,irt_only,GHEFT,0,0.0,0,0,1,0.6767,0.7212,1.3979,,,,,,,,,,,,,,,,,67.38543363844394,1.3245,29,9,283,145,105,40,23.817304,0,ok,logs/seed_333143.log
6027,irt_only,GHEFT,0,0.0,0,0,1,0.5883,0.4908,1.0791,,,,,,,,,,,,,,,,,59.29302162740898,1.3518,48,11,344,169,115,54,25.300513,0,ok,logs/seed_6027.log
802904,irt_only,GHEFT,0,0.0,0,0,1,0.6432,0.5572,1.2004,,,,,,,,,,,,,,,,,58.24596208530806,1.405,47,11,315,160,118,42,32.088579,0,ok,logs/seed_802904.log
495402,irt_only,GHEFT,0,0.0,0,0,1,0.6371,0.6592,1.2963,,,,,,,,,,,,,,,,,60.29443457189015,1.3472,38,10,316,163,113,50,22.224537,0,ok,logs/seed_495402.log
385502,irt_only,GHEFT,0,0.0,0,0,1,0.8239,0.8213,1.6452,,,,,,,,,,,,,,,,,56.87170173583518,1.5003,37,9,318,136,91,45,26.517389,0,ok,logs/seed_385502.log
847050,irt_only,GHEFT,0,0.0,0,0,1,0.6189,0.6802,1.2991,,,,,,,,,,,,,,,,,55.923679578801014,1.4473,39,10,299,138,97,41,20.026,0,ok,logs/seed_847050.log
386832,irt_only,GHEFT,0,0.0,0,0,1,0.6416,0.7843,1.4259,,,,,,,,,,,,,,,,,50.183002309468826,1.4148,44,10,313,151,105,46,27.096101,0,ok,logs/seed_386832.log
325099,irt_only,GHEFT,0,0.0,0,0,1,0.7134,0.6888,1.4022,,,,,,,,,,,,,,,,,53.13402346041057,1.145,42,9,295,149,110,39,22.845109,0,ok,logs/seed_325099.log
23707,irt_only,GHEFT,0,0.0,0,0,1,0.6026,0.7773,1.3799,,,,,,,,,,,,,,,,,71.55397448969438,1.916,47,11,312,146,97,49,25.18684,0,ok,logs/seed_23707.log
779751,irt_only,GHEFT,0,0.0,0,0,1,0.5998,0.6154,1.2152,,,,,,,,,,,,,,,,,58.55673651037664,1.1486,31,8,282,125,96,29,20.939811,0,ok,logs/seed_779751.log
213180,irt_only,GHEFT,0,0.0,0,0,1,0.6963,0.6241,1.3204,,,,,,,,,,,,,,,,,57.98660693714864,1.2833,43,11,308,155,113,42,23.316582,0,ok,logs/seed_213180.log
903156,irt_only,GHEFT,0,0.0,0,0,1,0.6397,0.5507,1.1904,,,,,,,,,,,,,,,,,47.34183930348259,1.4892,40,10,322,138,99,39,24.267229,0,ok,logs/seed_903156.log
854656,irt_only,GHEFT,0,0.0,0,0,1,0.661,0.6769,1.3379,,,,,,,,,,,,,,,,,55.78668385650224,1.1761,37,11,291,154,110,44,23.331835,0,ok,logs/seed_854656.log
130554,irt_only,GHEFT,0,0.0,0,0,1,0.6019,0.5751,1.177,,,,,,,,,,,,,,,,,68.41830522535213,1.5972,51,12,291,166,119,47,28.21415,0,ok,logs/seed_130554.log
384884,irt_only,GHEFT,0,0.0,0,0,1,0.7225,0.6871,1.4096,,,,,,,,,,,,,,,,,58.08412917214192,1.5404,42,12,296,171,112,59,21.067874,0,ok,logs/seed_384884.log
433977,irt_only,GHEFT,0,0.0,0,0,1,0.6439,0.7221,1.366,,,,,,,,,,,,,,,,,73.02734518604652,1.8041,38,11,276,155,106,49,23.134973,0,ok,logs/seed_433977.log
37380,irt_only,GHEFT,0,0.0,0,0,1,0.6671,0.6555,1.3226,,,,,,,,,,,,,,,,,59.38606253846154,1.6443,37,10,321,159,109,50,28.296573,0,ok,logs/seed_37380.log
171794,irt_only,GHEFT,0,0.0,0,0,1,0.697,0.6486,1.3456,,,,,,,,,,,,,,,,,51.14366493374108,1.6503,44,10,309,148,108,40,26.968312,0,ok,logs/seed_171794.log
154379,irt_only,GHEFT,0,0.0,0,0,1,0.6262,0.4998,1.126,,,,,,,,,,,,,,,,,66.30393414634146,1.7718,43,11,301,146,96,50,26.063763,0,ok,logs/seed_154379.log
757152,irt_only,GHEFT,0,0.0,0,0,1,0.6079,0.6683,1.2762,,,,,,,,,,,,,,,,,54.850497969696974,1.5097,33,11,292,131,87,44,26.110458,0,ok,logs/seed_757152.log
624137,irt_only,GHEFT,0,0.0,0,0,1,0.6546,0.5271,1.1817,,,,,,,,,,,,,,,,,55.501081012658226,1.2162,39,8,346,154,95,59,27.920346,0,ok,logs/seed_624137.log
209074,irt_only,GHEFT,0,0.0,0,0,1,0.657,0.5452,1.2022,,,,,,,,,,,,,,,,,57.402699999999996,1.4554,42,11,295,129,93,36,25.821217,0,ok,logs/seed_209074.log
748006,irt_only,GHEFT,0,0.0,0,0,1,0.6511,0.6922,1.3433,,,,,,,,,,,,,,,,,62.5872922358852,1.1848,44,10,317,151,104,47,24.164829,0,ok,logs/seed_748006.log
930590,irt_only,GHEFT,0,0.0,0,0,1,0.6804,0.5819,1.2623,,,,,,,,,,,,,,,,,59.83794019292605,1.8136,54,12,325,167,120,47,27.003448,0,ok,logs/seed_930590.log
746597,irt_only,GHEFT,0,0.0,0,0,1,0.6859,0.5748,1.2607,,,,,,,,,,,,,,,,,51.44957657657658,1.4451,41,9,285,131,87,44,19.272966,0,ok,logs/seed_746597.log
421675,irt_only,GHEFT,0,0.0,0,0,1,0.6648,0.6719,1.3367,,,,,,,,,,,,,,,,,51.98744861082838,1.3788,45,11,318,143,103,40,26.935037,0,ok,logs/seed_421675.log
31076,irt_only,GHEFT,0,0.0,0,0,1,0.6712,0.7207,1.3919,,,,,,,,,,,,,,,,,58.07805437625396,1.2862,38,11,317,178,121,57,24.94986,0,ok,logs/seed_31076.log
466796,irt_only,GHEFT,0,0.0,0,0,1,0.5934,0.5327,1.1261,,,,,,,,,,,,,,,,,72.9588460081833,1.82,46,12,322,165,125,40,32.936096,0,ok,logs/seed_466796.log
711358,irt_only,GHEFT,0,0.0,0,0,1,0.6965,0.8578,1.5543,,,,,,,,,,,,,,,,,69.16496632653062,1.741,36,9,297,129,98,31,23.186493,0,ok,logs/seed_711358.log
185748,irt_only,GHEFT,0,0.0,0,0,1,0.7385,0.7189,1.4574,,,,,,,,,,,,,,,,,47.39248118575852,1.5955,47,10,306,148,111,37,25.21564,0,ok,logs/seed_185748.log
876677,irt_only,GHEFT,0,0.0,0,0,1,0.7358,0.6016,1.3374,,,,,,,,,,,,,,,,,63.87254559585494,1.4078,39,11,288,130,83,47,21.672655,0,ok,logs/seed_876677.log
223283,irt_only,GHEFT,0,0.0,0,0,1,0.6493,0.6634,1.3127,,,,,,,,,,,,,,,,,50.66198026755852,1.4857,44,12,291,154,106,48,22.309154,0,ok,logs/seed_223283.log
894739,irt_only,GHEFT,0,0.0,0,0,1,0.6418,0.6864,1.3282,,,,,,,,,,,,,,,,,50.60193548193679,1.3655,36,8,301,134,95,39,28.130747,0,ok,logs/seed_894739.log
108347,irt_only,GHEFT,0,0.0,0,0,1,0.6362,0.5867,1.2229,,,,,,,,,,,,,,,,,54.10853006535949,1.4165,32,9,304,141,89,52,22.509417,0,ok,logs/seed_108347.log
190486,irt_only,GHEFT,0,0.0,0,0,1,0.8386,0.7703,1.6089,,,,,,,,,,,,,,,,,48.26261063829786,1.6716,36,9,296,127,87,40,24.131219,0,ok,logs/seed_190486.log
168340,irt_only,GHEFT,0,0.0,0,0,1,0.6868,0.6575,1.3443,,,,,,,,,,,,,,,,,50.15363090821614,1.3567,36,10,275,128,94,34,21.569028,0,ok,logs/seed_168340.log
304561,irt_only,GHEFT,0,0.0,0,0,1,0.7215,0.7013,1.4228,,,,,,,,,,,,,,,,,51.160842725880556,1.5598,42,10,302,140,105,35,26.056394,0,ok,logs/seed_304561.log
574192,irt_only,GHEFT,0,0.0,0,0,1,0.5759,0.5444,1.1203,,,,,,,,,,,,,,,,,61.02284866180049,1.2605,50,12,310,143,105,38,29.232257,0,ok,logs/seed_574192.log
687972,irt_only,GHEFT,0,0.0,0,0,1,0.6326,0.5345,1.1671,,,,,,,,,,,,,,,,,60.409292064780345,1.5248,33,9,318,156,103,53,24.992578,0,ok,logs/seed_687972.log
731201,irt_only,GHEFT,0,0.0,0,0,1,0.6286,0.6358,1.2644,,,,,,,,,,,,,,,,,65.62964442315213,1.1414,47,10,303,157,117,40,26.066888,0,ok,logs/seed_731201.log
579731,irt_only,GHEFT,0,0.0,0,0,1,0.7373,0.6488,1.3861,,,,,,,,,,,,,,,,,57.099136205992515,1.4103,43,12,329,174,110,64,28.776514,0,ok,logs/seed_579731.log
451867,irt_only,GHEFT,0,0.0,0,0,1,0.668,0.7432,1.4112,,,,,,,,,,,,,,,,,59.82623300573301,1.5483,38,10,300,168,114,54,23.156207,0,ok,logs/seed_451867.log
406724,irt_only,GHEFT,0,0.0,0,0,1,0.601,0.6663,1.2673,,,,,,,,,,,,,,,,,74.60100656232578,1.6875,43,10,313,146,98,48,32.906448,0,ok,logs/seed_406724.log
793861,irt_only,GHEFT,0,0.0,0,0,1,0.7365,0.6867,1.4232,,,,,,,,,,,,,,,,,55.30428758716875,1.7738,48,12,312,176,111,65,27.642932,0,ok,logs/seed_793861.log
611415,irt_only,GHEFT,0,0.0,0,0,1,0.6465,0.6907,1.3372,,,,,,,,,,,,,,,,,62.68685202952028,1.2378,45,12,310,167,102,65,27.256768,0,ok,logs/seed_611415.log
521320,irt_only,GHEFT,0,0.0,0,0,1,0.6476,0.705,1.3526,,,,,,,,,,,,,,,,,72.33293305322128,1.5097,41,11,292,145,107,38,24.483778,0,ok,logs/seed_521320.log
8846,irt_only,GHEFT,0,0.0,0,0,1,0.6643,0.5682,1.2325,,,,,,,,,,,,,,,,,55.86047251461988,1.6408,44,10,321,150,82,68,28.336481,0,ok,logs/seed_8846.log
49614,irt_only,GHEFT,0,0.0,0,0,1,0.7394,0.7913,1.5307,,,,,,,,,,,,,,,,,63.49002507692306,1.9979,39,11,286,139,92,47,25.007556,0,ok,logs/seed_49614.log
659032,irt_only,GHEFT,0,0.0,0,0,1,0.6685,0.6186,1.2871,,,,,,,,,,,,,,,,,65.22687171383114,1.7777,39,12,264,123,86,37,21.207076,0,ok,logs/seed_659032.log
998482,irt_only,GHEFT,0,0.0,0,0,1,0.772,0.6187,1.3907,,,,,,,,,,,,,,,,,53.27859799842022,1.3964,43,10,305,143,105,38,27.601936,0,ok,logs/seed_998482.log
93047,irt_only,GHEFT,0,0.0,0,0,1,0.6581,0.6215,1.2796,,,,,,,,,,,,,,,,,51.55364404912977,1.4529,40,11,301,150,95,55,24.67979,0,ok,logs/seed_93047.log
80158,irt_only,GHEFT,0,0.0,0,0,1,0.6494,0.7579,1.4073,,,,,,,,,,,,,,,,,62.57663271719547,1.2941,39,10,323,144,109,35,27.891072,0,ok,logs/seed_80158.log
510654,irt_only,GHEFT,0,0.0,0,0,1,0.6844,0.7282,1.4126,,,,,,,,,,,,,,,,,83.81870880503146,1.6081,35,9,289,141,92,49,24.186133,0,ok,logs/seed_510654.log
530654,irt_only,GHEFT,0,0.0,0,0,1,0.6772,0.7341,1.4113,,,,,,,,,,,,,,,,,55.32844533965245,1.6495,34,10,312,156,110,46,28.070854,0,ok,logs/seed_530654.log
573179,irt_only,GHEFT,0,0.0,0,0,1,0.6438,0.578,1.2218,,,,,,,,,,,,,,,,,59.02754608076009,1.2814,35,10,297,134,100,34,25.38661,0,ok,logs/seed_573179.log
47016,irt_only,GHEFT,0,0.0,0,0,1,0.644,0.6676,1.3116,,,,,,,,,,,,,,,,,51.925141796162116,1.1483,36,10,305,130,89,41,26.06559,0,ok,logs/seed_47016.log
590729,irt_only,GHEFT,0,0.0,0,0,1,0.6491,0.7661,1.4152,,,,,,,,,,,,,,,,,85.3663703637977,2.2704,38,10,290,154,106,48,21.699341,0,ok,logs/seed_590729.log
383125,irt_only,GHEFT,0,0.0,0,0,1,0.8392,0.7063,1.5455,,,,,,,,,,,,,,,,,49.78303109128346,1.4467,33,9,296,111,74,37,21.926601,0,ok,logs/seed_383125.log
844140,irt_only,GHEFT,0,0.0,0,0,1,0.6731,0.743,1.4161,,,,,,,,,,,,,,,,,64.16356946148602,1.808,46,11,314,174,107,67,22.630002,0,ok,logs/seed_844140.log
909688,irt_only,GHEFT,0,0.0,0,0,1,0.6426,0.6749,1.3175,,,,,,,,,,,,,,,,,59.140499970706884,1.9018,36,10,292,168,122,46,21.193221,0,ok,logs/seed_909688.log
200398,irt_only,GHEFT,0,0.0,0,0,1,0.6859,0.7131,1.399,,,,,,,,,,,,,,,,,68.74901148959776,1.3837,41,11,298,165,104,61,22.669088,0,ok,logs/seed_200398.log
563666,irt_only,GHEFT,0,0.0,0,0,1,0.6712,0.6583,1.3295,,,,,,,,,,,,,,,,,86.68322190179268,1.7461,37,10,316,172,135,37,23.961925,0,ok,logs/seed_563666.log
982230,irt_only,GHEFT,0,0.0,0,0,1,0.6315,0.5774,1.2089,,,,,,,,,,,,,,,,,55.560601887248474,1.2274,40,9,317,156,96,60,27.990405,0,ok,logs/seed_982230.log
825585,irt_only,GHEFT,0,0.0,0,0,1,0.6743,0.5178,1.1921,,,,,,,,,,,,,,,,,55.5939774079254,1.0887,44,11,319,154,114,40,22.80251,0,ok,logs/seed_825585.log
178808,irt_only,GHEFT,0,0.0,0,0,1,0.6452,0.5886,1.2338,,,,,,,,,,,,,,,,,70.3998018638251,1.8253,36,11,300,159,107,52,21.347142,0,ok,logs/seed_178808.log
132464,irt_only,GHEFT,0,0.0,0,0,1,0.7186,0.6799,1.3985,,,,,,,,,,,,,,,,,57.04732590837282,1.4559,38,10,299,155,108,47,32.935142,0,ok,logs/seed_132464.log
242596,irt_only,GHEFT,0,0.0,0,0,1,0.6142,0.7281,1.3423,,,,,,,,,,,,,,,,,66.49535881004165,1.6636,43,10,310,153,108,45,26.344209,0,ok,logs/seed_242596.log
627641,irt_only,GHEFT,0,0.0,0,0,1,0.7109,0.7495,1.4604,,,,,,,,,,,,,,,,,52.51792290140413,1.6367,44,8,313,145,98,47,20.490871,0,ok,logs/seed_627641.log
233825,irt_only,GHEFT,0,0.0,0,0,1,0.7773,0.8922,1.6695,,,,,,,,,,,,,,,,,59.14164471844659,2.059,41,10,290,141,107,34,21.701125,0,ok,logs/seed_233825.log
104559,irt_only,GHEFT,0,0.0,0,0,1,0.7654,0.8137,1.5791,,,,,,,,,,,,,,,,,55.400866491325,1.9835,35,9,317,171,105,66,18.228979,0,ok,logs/seed_104559.log
420030,irt_only,GHEFT,0,0.0,0,0,1,0.7301,0.9394,1.6695,,,,,,,,,,,,,,,,,60.56323333333332,1.7424,34,10,284,156,101,55,18.715499,0,ok,logs/seed_420030.log
122728,irt_only,GHEFT,0,0.0,0,0,1,0.6882,0.6158,1.304,,,,,,,,,,,,,,,,,46.86776204118175,1.5299,47,10,312,162,117,45,20.186363,0,ok,logs/seed_122728.log
513240,irt_only,GHEFT,0,0.0,0,0,1,0.6531,0.6558,1.3089,,,,,,,,,,,,,,,,,55.838334333333336,1.4277,37,10,304,170,110,60,13.019525,0,ok,logs/seed_513240.log
762685,irt_only,GHEFT,0,0.0,0,0,1,0.6983,0.8784,1.5767,,,,,,,,,,,,,,,,,69.40448333333332,1.7827,33,8,290,141,92,49,13.180497,0,ok,logs/seed_762685.log
33644,irt_only,GHEFT,0,0.0,0,0,1,0.724,0.8587,1.5827,,,,,,,,,,,,,,,,,52.91049418380744,1.4976,38,10,305,139,95,44,13.670971,0,ok,logs/seed_33644.log
717433,irt_only,GHEFT,0,0.0,0,0,1,0.6557,0.6516,1.3073,,,,,,,,,,,,,,,,,59.202863735257225,1.4312,43,11,326,158,122,36,17.471643,0,ok,logs/seed_717433.log
223415,irt_only,GHEFT,0,0.0,0,0,1,0.6538,0.7596,1.4134,,,,,,,,,,,,,,,,,55.71517021276596,1.3231,34,9,291,140,99,41,13.225996,0,ok,logs/seed_223415.log
770297,irt_only,GHEFT,0,0.0,0,0,1,0.6969,0.738,1.4349,,,,,,,,,,,,,,,,,52.6609757884134,1.53,45,11,317,158,102,56,17.043421,0,ok,logs/seed_770297.log
53816,irt_only,GHEFT,0,0.0,0,0,1,0.6836,0.5899,1.2735,,,,,,,,,,,,,,,,,59.933527224783866,1.3016,36,8,319,149,104,45,13.087224,0,ok,logs/seed_53816.log
277504,irt_only,GHEFT,0,0.0,0,0,1,0.6641,0.7137,1.3778,,,,,,,,,,,,,,,,,48.486511475409834,1.4121,43,10,320,141,85,56,12.196275,0,ok,logs/seed_277504.log
348035,irt_only,GHEFT,0,0.0,0,0,1,0.7435,0.6564,1.3999,,,,,,,,,,,,,,,,,63.937422916666655,1.6894,41,10,304,120,93,27,18.427764,0,ok,logs/seed_348035.log
310372,irt_only,GHEFT,0,0.0,0,0,1,0.754,0.7199,1.4739,,,,,,,,,,,,,,,,,71.84472433873584,1.9793,40,11,285,160,109,51,28.181154,0,ok,logs/seed_310372.log
800807,irt_only,GHEFT,0,0.0,0,0,1,0.672,0.6949,1.3669,,,,,,,,,,,,,,,,,57.30537867435159,1.45,42,11,311,169,111,58,23.755519,0,ok,logs/seed_800807.log
263339,irt_only,GHEFT,0,0.0,0,0,1,0.6403,0.6138,1.2541,,,,,,,,,,,,,,,,,58.668353719008266,1.554,43,11,315,146,97,49,30.332098,0,ok,logs/seed_263339.log
573677,irt_only,GHEFT,0,0.0,0,0,1,0.5586,0.6206,1.1792,,,,,,,,,,,,,,,,,64.1304703304647,1.3612,52,15,323,203,105,98,22.184763,0,ok,logs/seed_573677.log
15182,irt_only,GHEFT,0,0.0,0,0,1,0.7042,0.5387,1.2429,,,,,,,,,,,,,,,,,66.3452644408602,1.2835,31,8,290,135,99,36,18.59969,0,ok,logs/seed_15182.log
775808,irt_only,GHEFT,0,0.0,0,0,1,0.6893,0.7119,1.4012,,,,,,,,,,,,,,,,,49.35573856243853,1.7664,42,11,306,142,103,39,26.510227,0,ok,logs/seed_775808.log
993850,irt_only,GHEFT,0,0.0,0,0,1,0.672,0.6192,1.2912,,,,,,,,,,,,,,,,,54.28671683409957,1.1963,41,10,314,147,96,51,22.192197,0,ok,logs/seed_993850.log
254088,irt_only,GHEFT,0,0.0,0,0,1,0.6442,0.637,1.2812,,,,,,,,,,,,,,,,,53.79994189930773,1.3822,35,9,288,132,98,34,22.701722,0,ok,logs/seed_254088.log
547104,irt_only,GHEFT,0,0.0,0,0,1,0.7075,0.8368,1.5443,,,,,,,,,,,,,,,,,59.17354735459043,1.3017,43,11,319,170,118,52,30.764786,0,ok,logs/seed_547104.log
906200,irt_only,GHEFT,0,0.0,0,0,1,0.7326,0.8554,1.588,,,,,,,,,,,,,,,,,66.02239092248062,1.6365,32,8,290,138,92,46,20.716749,0,ok,logs/seed_906200.log
539013,irt_only,GHEFT,0,0.0,0,0,1,0.7278,0.6188,1.3466,,,,,,,,,,,,,,,,,53.82546358457941,1.2439,46,9,306,148,106,42,23.874499,0,ok,logs/seed_539013.log
116455,irt_only,GHEFT,0,0.0,0,0,1,0.7082,0.8028,1.511,,,,,,,,,,,,,,,,,63.60960279898219,1.4925,38,11,285,161,125,36,23.70292,0,ok,logs/seed_116455.log
149887,irt_only,GHEFT,0,0.0,0,0,1,0.6371,0.5343,1.1714,,,,,,,,,,,,,,,,,61.5607381031614,1.5099,39,10,309,157,111,46,23.560079,0,ok,logs/seed_149887.log
581975,irt_only,GHEFT,0,0.0,0,0,1,0.6061,0.5298,1.1359,,,,,,,,,,,,,,,,,54.567747099767985,1.2671,39,10,314,153,108,45,27.084492,0,ok,logs/seed_581975.log
245300,irt_only,GHEFT,0,0.0,0,0,1,0.6146,0.5403,1.1549,,,,,,,,,,,,,,,,,61.34822905452037,1.5991,47,12,300,160,103,57,22.555081,0,ok,logs/seed_245300.log
749768,irt_only,GHEFT,0,0.0,0,0,1,0.7032,0.6884,1.3916,,,,,,,,,,,,,,,,,46.72877238239759,1.459,37,9,292,126,88,38,12.478949,0,ok,logs/seed_749768.log
984059,irt_only,GHEFT,0,0.0,0,0,1,0.7604,0.6934,1.4538,,,,,,,,,,,,,,,,,57.36358058748403,1.5531,39,9,282,145,98,47,12.35587,0,ok,logs/seed_984059.log
97410,irt_only,GHEFT,0,0.0,0,0,1,0.6418,0.5405,1.1823,,,,,,,,,,,,,,,,,59.324398431845594,1.7034,48,12,314,166,115,51,26.225411,0,ok,logs/seed_97410.log
956125,irt_only,GHEFT,0,0.0,0,0,1,0.6671,0.5876,1.2547,,,,,,,,,,,,,,,,,53.063847806354005,1.4569,34,9,286,118,86,32,19.383303,0,ok,logs/seed_956125.log
877091,irt_only,GHEFT,0,0.0,0,0,1,0.6031,0.4956,1.0987,,,,,,,,,,,,,,,,,62.93632660357518,1.368,40,9,307,140,102,38,22.786348,0,ok,logs/seed_877091.log
226651,irt_only,GHEFT,0,0.0,0,0,1,0.6927,0.6903,1.383,,,,,,,,,,,,,,,,,54.450562916006334,1.2595,41,10,311,174,124,50,26.838498,0,ok,logs/seed_226651.log
673466,irt_only,GHEFT,0,0.0,0,0,1,0.6639,0.5853,1.2492,,,,,,,,,,,,,,,,,52.781796108949415,1.4512,45,11,315,177,125,52,20.967216,0,ok,logs/seed_673466.log
905076,irt_only,GHEFT,0,0.0,0,0,1,0.681,0.6258,1.3068,,,,,,,,,,,,,,,,,55.10676123391812,1.3778,45,10,313,157,112,45,26.153116,0,ok,logs/seed_905076.log
156873,irt_only,GHEFT,0,0.0,0,0,1,0.5772,0.6107,1.1879,,,,,,,,,,,,,,,,,54.72294915724815,1.2468,34,9,298,136,89,47,24.750607,0,ok,logs/seed_156873.log
687203,irt_only,GHEFT,0,0.0,0,0,1,0.738,0.9873,1.7253,,,,,,,,,,,,,,,,,56.309631372549006,1.2699,42,9,309,153,103,50,24.486931,0,ok,logs/seed_687203.log
137164,irt_only,GHEFT,0,0.0,0,0,1,0.6354,0.8136,1.449,,,,,,,,,,,,,,,,,76.14830101419878,1.9487,41,10,313,149,95,54,28.133074,0,ok,logs/seed_137164.log
615585,irt_only,GHEFT,0,0.0,0,0,1,0.648,0.5684,1.2164,,,,,,,,,,,,,,,,,53.239936936440415,1.4075,44,12,312,145,98,47,21.436894,0,ok,logs/seed_615585.log
948603,irt_only,GHEFT,0,0.0,0,0,1,0.6542,0.544,1.1982,,,,,,,,,,,,,,,,,62.47585867870036,1.5687,47,12,301,171,108,63,20.18526,0,ok,logs/seed_948603.log
330246,irt_only,GHEFT,0,0.0,0,0,1,0.7442,0.6349,1.3791,,,,,,,,,,,,,,,,,52.69950211731843,1.4414,43,9,322,136,93,43,23.723397,0,ok,logs/seed_330246.log
231763,irt_only,GHEFT,0,0.0,0,0,1,0.675,0.617,1.292,,,,,,,,,,,,,,,,,56.112342066420666,1.3968,44,9,308,155,99,56,27.19288,0,ok,logs/seed_231763.log
254692,irt_only,GHEFT,0,0.0,0,0,1,0.6948,0.7228,1.4176,,,,,,,,,,,,,,,,,71.62376863084921,2.2496,38,11,295,161,109,52,23.150415,0,ok,logs/seed_254692.log
726098,irt_only,GHEFT,0,0.0,0,0,1,0.7224,0.6442,1.3666,,,,,,,,,,,,,,,,,57.77434708276799,1.9276,43,10,334,173,116,57,28.593509,0,ok,logs/seed_726098.log
165469,irt_only,GHEFT,0,0.0,0,0,1,0.7711,0.6314,1.4025,,,,,,,,,,,,,,,,,53.4608126984127,1.4982,38,11,301,146,111,35,19.146922,0,ok,logs/seed_165469.log
467321,irt_only,GHEFT,0,0.0,0,0,1,0.6297,0.8547,1.4844,,,,,,,,,,,,,,,,,48.716374007277295,1.4158,37,10,309,152,103,49,18.751579,0,ok,logs/seed_467321.log
729320,irt_only,GHEFT,0,0.0,0,0,1,0.6437,0.6851,1.3288,,,,,,,,,,,,,,,,,55.90638025034771,1.4237,42,10,293,120,89,31,26.559863,0,ok,logs/seed_729320.log
400221,irt_only,GHEFT,0,0.0,0,0,1,0.7389,0.6782,1.4171,,,,,,,,,,,,,,,,,63.668701000000006,1.6314,39,10,311,148,115,33,26.060307,0,ok,logs/seed_400221.log
456402,irt_only,GHEFT,0,0.0,0,0,1,0.6875,0.764,1.4515,,,,,,,,,,,,,,,,,53.27169834024896,1.2554,45,11,298,149,103,46,21.81714,0,ok,logs/seed_456402.log
91696,irt_only,GHEFT,0,0.0,0,0,1,0.6996,0.81,1.5096,,,,,,,,,,,,,,,,,56.11856107288428,1.5768,44,10,326,176,117,59,30.845778,0,ok,logs/seed_91696.log
868799,irt_only,GHEFT,0,0.0,0,0,1,0.7251,0.6166,1.3417,,,,,,,,,,,,,,,,,52.225903424708434,1.4335,41,11,290,160,116,44,21.913351,0,ok,logs/seed_868799.log
809171,irt_only,GHEFT,0,0.0,0,0,1,0.633,0.6053,1.2383,,,,,,,,,,,,,,,,,54.32080708661418,1.521,50,10,312,164,102,62,32.321544,0,ok,logs/seed_809171.log
509668,irt_only,GHEFT,0,0.0,0,0,1,0.5956,0.5646,1.1602,,,,,,,,,,,,,,,,,71.40658224948025,1.5229,42,11,311,161,109,52,25.29349,0,ok,logs/seed_509668.log
715759,irt_only,GHEFT,0,0.0,0,0,1,0.6703,0.8086,1.4789,,,,,,,,,,,,,,,,,70.36860185449359,2.0831,42,10,319,163,117,46,30.147244,0,ok,logs/seed_715759.log
34130,irt_only,GHEFT,0,0.0,0,0,1,0.6831,0.7561,1.4392,,,,,,,,,,,,,,,,,65.35823165345397,1.6982,44,10,301,167,111,56,27.567875,0,ok,logs/seed_34130.log
439635,irt_only,GHEFT,0,0.0,0,0,1,0.6615,0.6991,1.3606,,,,,,,,,,,,,,,,,62.62932403204048,2.0033,37,10,303,135,90,45,21.287348,0,ok,logs/seed_439635.log
353714,irt_only,GHEFT,0,0.0,0,0,1,0.7531,0.6447,1.3978,,,,,,,,,,,,,,,,,53.00599784946237,1.5027,38,10,317,151,103,48,25.388822,0,ok,logs/seed_353714.log
844934,irt_only,GHEFT,0,0.0,0,0,1,0.6662,0.7983,1.4645,,,,,,,,,,,,,,,,,58.26221774891775,1.4719,38,9,302,139,92,47,20.225844,0,ok,logs/seed_844934.log
960763,irt_only,GHEFT,0,0.0,0,0,1,0.7213,0.6617,1.383,,,,,,,,,,,,,,,,,72.27261228070175,2.1037,39,9,312,168,114,54,18.387852,0,ok,logs/seed_960763.log
659657,irt_only,GHEFT,0,0.0,0,0,1,0.6535,0.6561,1.3096,,,,,,,,,,,,,,,,,94.5115758942457,1.7229,39,10,279,155,105,50,17.392175,0,ok,logs/seed_659657.log
938087,irt_only,GHEFT,0,0.0,0,0,1,0.6731,0.7854,1.4585,,,,,,,,,,,,,,,,,67.38578392090395,1.8789,39,9,314,169,102,67,16.921715,0,ok,logs/seed_938087.log
430630,irt_only,GHEFT,0,0.0,0,0,1,0.7082,0.6581,1.3663,,,,,,,,,,,,,,,,,53.62802257434402,1.3276,41,10,309,156,118,38,12.288003,0,ok,logs/seed_430630.log
450588,irt_only,GHEFT,0,0.0,0,0,1,0.6839,0.6123,1.2962,,,,,,,,,,,,,,,,,58.419957839262196,1.7402,34,10,289,147,102,45,10.763887,0,ok,logs/seed_450588.log
324937,irt_only,GHEFT,0,0.0,0,0,1,0.5738,0.6006,1.1744,,,,,,,,,,,,,,,,,76.48488403908796,1.1134,39,11,297,154,112,42,13.3861,0,ok,logs/seed_324937.log
220568,irt_only,GHEFT,0,0.0,0,0,1,0.5952,0.5611,1.1563,,,,,,,,,,,,,,,,,62.728698165550824,1.2338,41,9,314,159,106,53,11.680379,0,ok,logs/seed_220568.log
143411,irt_only,GHEFT,0,0.0,0,0,1,0.6512,0.8178,1.469,,,,,,,,,,,,,,,,,66.03917183333333,1.3514,35,10,292,122,89,33,11.968767,0,ok,logs/seed_143411.log
578644,irt_only,GHEFT,0,0.0,0,0,1,0.6351,0.6189,1.254,,,,,,,,,,,,,,,,,58.33623363228699,1.4733,43,10,310,141,100,41,12.698591,0,ok,logs/seed_578644.log
411421,irt_only,GHEFT,0,0.0,0,0,1,0.6788,0.6701,1.3489,,,,,,,,,,,,,,,,,54.450944444444445,1.5053,38,10,307,154,97,57,10.83726,0,ok,logs/seed_411421.log
332843,irt_only,GHEFT,0,0.0,0,0,1,0.6557,0.5976,1.2533,,,,,,,,,,,,,,,,,56.72944411405836,1.2798,51,12,336,162,102,60,14.408327,0,ok,logs/seed_332843.log
2159,irt_only,GHEFT,0,0.0,0,0,1,0.6593,0.6225,1.2818,,,,,,,,,,,,,,,,,60.90261224489795,1.5818,43,10,309,159,107,52,9.409917,0,ok,logs/seed_2159.log
816107,irt_only,GHEFT,0,0.0,0,0,1,0.6634,0.7326,1.396,,,,,,,,,,,,,,,,,63.694986446886446,1.5368,38,10,301,124,82,42,10.365813,0,ok,logs/seed_816107.log
373934,irt_only,GHEFT,0,0.0,0,0,1,0.7363,0.6776,1.4139,,,,,,,,,,,,,,,,,62.473256274261594,1.7658,46,11,308,167,109,58,11.687989,0,ok,logs/seed_373934.log
824212,irt_only,GHEFT,0,0.0,0,0,1,0.7038,0.6631,1.3669,,,,,,,,,,,,,,,,,66.89353103007804,1.678,43,11,289,136,102,34,9.397874,0,ok,logs/seed_824212.log
549839,irt_only,GHEFT,0,0.0,0,0,1,0.6691,0.6027,1.2718,,,,,,,,,,,,,,,,,48.8564904039735,1.3591,39,10,276,119,81,38,10.021494,0,ok,logs/seed_549839.log
17250,irt_only,GHEFT,0,0.0,0,0,1,0.681,0.6273,1.3083,,,,,,,,,,,,,,,,,54.2454047337278,1.4761,39,10,301,141,96,45,10.951199,0,ok,logs/seed_17250.log
644403,irt_only,GHEFT,0,0.0,0,0,1,0.6408,0.5261,1.1669,,,,,,,,,,,,,,,,,56.04534152287582,1.1451,44,11,323,158,121,37,12.432112,0,ok,logs/seed_644403.log
891331,irt_only,GHEFT,0,0.0,0,0,1,0.7009,0.6718,1.3727,,,,,,,,,,,,,,,,,55.58140205011387,1.143,41,10,321,154,120,34,9.132325,0,ok,logs/seed_891331.log
541033,irt_only,GHEFT,0,0.0,0,0,1,0.6902,0.6618,1.352,,,,,,,,,,,,,,,,,55.37977558823528,1.303,44,11,314,149,98,51,27.621179,0,ok,logs/seed_541033.log
711521,irt_only,GHEFT,0,0.0,0,0,1,0.6623,0.5909,1.2532,,,,,,,,,,,,,,,,,57.58267367223367,1.4086,40,9,307,148,110,38,22.056777,0,ok,logs/seed_711521.log
725265,irt_only,GHEFT,0,0.0,0,0,1,0.6251,0.4844,1.1095,,,,,,,,,,,,,,,,,60.31019652294854,1.121,45,9,335,142,109,33,24.035788,0,ok,logs/seed_725265.log
793509,irt_only,GHEFT,0,0.0,0,0,1,0.6272,0.6515,1.2787,,,,,,,,,,,,,,,,,48.85693809523808,1.636,45,12,322,157,92,65,25.399516,0,ok,logs/seed_793509.log
417817,irt_only,GHEFT,0,0.0,0,0,1,0.6217,0.6962,1.3179,,,,,,,,,,,,,,,,,58.43872631555892,1.659,43,11,311,139,99,40,26.690822,0,ok,logs/seed_417817.log
603228,irt_only,GHEFT,0,0.0,0,0,1,0.7036,0.7207,1.4243,,,,,,,,,,,,,,,,,66.53386538028168,2.0689,42,10,308,134,97,37,26.275598,0,ok,logs/seed_603228.log
21177,irt_only,GHEFT,0,0.0,0,0,1,0.651,0.5893,1.2403,,,,,,,,,,,,,,,,,54.00161246290802,1.5227,36,10,311,146,108,38,24.523458,0,ok,logs/seed_21177.log
307954,irt_only,GHEFT,0,0.0,0,0,1,0.6418,0.731,1.3728,,,,,,,,,,,,,,,,,72.34676632996633,1.4209,39,9,292,132,92,40,25.423409,0,ok,logs/seed_307954.log
527286,irt_only,GHEFT,0,0.0,0,0,1,0.8058,0.7973,1.6031,,,,,,,,,,,,,,,,,55.114250636089245,1.3356,39,9,310,126,91,35,27.583244,0,ok,logs/seed_527286.log
199889,irt_only,GHEFT,0,0.0,0,0,1,0.651,0.6711,1.3221,,,,,,,,,,,,,,,,,57.445643935278035,1.5518,45,10,297,146,92,54,24.646307,0,ok,logs/seed_199889.log
364276,irt_only,GHEFT,0,0.0,0,0,1,0.6155,0.5686,1.1841,,,,,,,,,,,,,,,,,82.35160322580644,2.4897,47,10,316,148,113,35,27.769723,0,ok,logs/seed_364276.log
68246,irt_only,GHEFT,0,0.0,0,0,1,0.6401,0.5563,1.1964,,,,,,,,,,,,,,,,,59.626653297682694,1.7628,39,9,282,144,101,43,20.945583,0,ok,logs/seed_68246.log
238033,irt_only,GHEFT,0,0.0,0,0,1,0.5996,0.5727,1.1723,,,,,,,,,,,,,,,,,55.84387275891593,1.2619,39,11,291,172,128,44,21.821226,0,ok,logs/seed_238033.log
220944,irt_only,GHEFT,0,0.0,0,0,1,0.6384,0.5832,1.2216,,,,,,,,,,,,,,,,,68.69465886889462,1.7246,49,12,321,169,123,46,21.374857,0,ok,logs/seed_220944.log
891582,irt_only,GHEFT,0,0.0,0,0,1,0.6153,0.5178,1.1331,,,,,,,,,,,,,,,,,49.88461211111112,1.359,36,10,292,135,95,40,15.772641,0,ok,logs/seed_891582.log
782412,irt_only,GHEFT,0,0.0,0,0,1,0.7935,0.9488,1.7423,,,,,,,,,,,,,,,,,58.09828793009118,1.8537,43,10,319,177,111,66,27.232367,0,ok,logs/seed_782412.log
272720,irt_only,GHEFT,0,0.0,0,0,1,0.638,0.5458,1.1838,,,,,,,,,,,,,,,,,65.93863229475588,1.8062,43,10,328,149,94,55,22.844055,0,ok,logs/seed_272720.log
992708,irt_only,GHEFT,0,0.0,0,0,1,0.6272,0.6911,1.3183,,,,,,,,,,,,,,,,,68.41940144092219,1.9126,41,9,314,164,101,63,25.53435,0,ok,logs/seed_992708.log
30644,irt_only,GHEFT,0,0.0,0,0,1,0.7004,0.6656,1.366,,,,,,,,,,,,,,,,,50.75357264260768,1.4424,40,10,302,151,105,46,26.741116,0,ok,logs/seed_30644.log
921837,irt_only,GHEFT,0,0.0,0,0,1,0.7683,0.6983,1.4666,,,,,,,,,,,,,,,,,62.925606882352945,1.7074,43,12,289,156,110,46,23.009094,0,ok,logs/seed_921837.log
920979,irt_only,GHEFT,0,0.0,0,0,1,0.7354,0.6103,1.3457,,,,,,,,,,,,,,,,,62.850707904341,1.7737,44,11,316,165,123,42,23.140441,0,ok,logs/seed_920979.log
642755,irt_only,GHEFT,0,0.0,0,0,1,0.7167,0.6253,1.342,,,,,,,,,,,,,,,,,61.75727788161994,1.6775,49,10,331,166,113,53,25.011956,0,ok,logs/seed_642755.log
43741,irt_only,GHEFT,0,0.0,0,0,1,0.7331,0.6904,1.4235,,,,,,,,,,,,,,,,,46.42071659633028,1.3068,42,11,302,119,81,38,26.358397,0,ok,logs/seed_43741.log
254302,irt_only,GHEFT,0,0.0,0,0,1,0.7224,0.8877,1.6101,,,,,,,,,,,,,,,,,80.79744236760125,2.2234,33,8,293,129,90,39,25.106153,0,ok,logs/seed_254302.log
53196,irt_only,GHEFT,0,0.0,0,0,1,0.6927,0.6909,1.3836,,,,,,,,,,,,,,,,,53.680515691868756,1.4196,42,12,309,161,101,60,25.62255,0,ok,logs/seed_53196.log
601808,irt_only,GHEFT,0,0.0,0,0,1,0.6149,0.652,1.2669,,,,,,,,,,,,,,,,,53.0082926309195,1.2386,40,10,299,109,78,31,28.923794,0,ok,logs/seed_601808.log
832225,irt_only,GHEFT,0,0.0,0,0,1,0.7251,0.611,1.3361,,,,,,,,,,,,,,,,,52.66445031506849,1.488,49,11,319,158,112,46,25.655234,0,ok,logs/seed_832225.log
582446,irt_only,GHEFT,0,0.0,0,0,1,0.5762,0.5225,1.0987,,,,,,,,,,,,,,,,,65.87882978723405,1.6915,47,11,306,153,107,46,25.840881,0,ok,logs/seed_582446.log
538445,irt_only,GHEFT,0,0.0,0,0,1,0.6899,0.8109,1.5008,,,,,,,,,,,,,,,,,60.89712592592591,1.5938,43,11,304,161,112,49,29.756642,0,ok,logs/seed_538445.log
323662,irt_only,GHEFT,0,0.0,0,0,1,0.6862,0.8217,1.5079,,,,,,,,,,,,,,,,,73.47467334935304,2.2641,37,10,321,164,108,56,25.597837,0,ok,logs/seed_323662.log
361331,irt_only,GHEFT,0,0.0,0,0,1,0.6515,0.8148,1.4663,,,,,,,,,,,,,,,,,56.23680883242259,1.5201,33,10,292,130,93,37,22.127991,0,ok,logs/seed_361331.log
139576,irt_only,GHEFT,0,0.0,0,0,1,0.6855,0.7435,1.429,,,,,,,,,,,,,,,,,64.02112451317295,1.6396,33,8,287,127,91,36,15.84252,0,ok,logs/seed_139576.log
802985,irt_only,GHEFT,0,0.0,0,0,1,0.7252,0.8655,1.5907,,,,,,,,,,,,,,,,,59.70073944773175,1.3687,38,10,283,149,106,43,13.871307,0,ok,logs/seed_802985.log
801777,irt_only,GHEFT,0,0.0,0,0,1,0.6277,0.6809,1.3086,,,,,,,,,,,,,,,,,57.27102949640289,1.7732,44,10,311,138,107,31,19.101058,0,ok,logs/seed_801777.log
340074,irt_only,GHEFT,0,0.0,0,0,1,0.6421,0.5543,1.1964,,,,,,,,,,,,,,,,,57.836162674810936,1.4975,46,12,314,185,126,59,20.846174,0,ok,logs/seed_340074.log
850648,irt_only,GHEFT,0,0.0,0,0,1,0.6289,0.5108,1.1397,,,,,,,,,,,,,,,,,68.49955238734739,1.1476,42,10,304,148,106,42,15.709384,0,ok,logs/seed_850648.log
332271,irt_only,GHEFT,0,0.0,0,0,1,0.7019,0.7618,1.4637,,,,,,,,,,,,,,,,,65.61473785152056,1.9674,37,9,306,115,82,33,15.298518,0,ok,logs/seed_332271.log
389750,irt_only,GHEFT,0,0.0,0,0,1,0.703,0.654,1.357,,,,,,,,,,,,,,,,,60.816440959040975,1.6133,48,11,329,178,123,55,17.076588,0,ok,logs/seed_389750.log
798169,irt_only,GHEFT,0,0.0,0,0,1,0.7123,0.7482,1.4605,,,,,,,,,,,,,,,,,54.48243816283716,1.5125,35,8,302,137,95,42,15.49579,0,ok,logs/seed_798169.log
297853,irt_only,GHEFT,0,0.0,0,0,1,0.6463,0.5884,1.2347,,,,,,,,,,,,,,,,,54.9723850174216,1.2938,43,11,320,158,109,49,18.122754,0,ok,logs/seed_297853.log
579634,irt_only,GHEFT,0,0.0,0,0,1,0.7051,0.6753,1.3804,,,,,,,,,,,,,,,,,55.19378820689656,1.2657,43,13,300,144,89,55,18.815008,0,ok,logs/seed_579634.log
345486,irt_only,GHEFT,0,0.0,0,0,1,0.6945,0.7278,1.4223,,,,,,,,,,,,,,,,,49.19511942105264,1.7562,37,9,284,119,83,36,15.074423,0,ok,logs/seed_345486.log
345064,irt_only,GHEFT,0,0.0,0,0,1,0.6927,0.8635,1.5562,,,,,,,,,,,,,,,,,65.14598528864062,1.6371,37,8,292,148,95,53,12.854352,0,ok,logs/seed_345064.log
956254,irt_only,GHEFT,0,0.0,0,0,1,0.6894,0.5887,1.2781,,,,,,,,,,,,,,,,,46.68371688311689,1.2781,38,10,300,150,96,54,16.023242,0,ok,logs/seed_956254.log
84361,irt_only,GHEFT,0,0.0,0,0,1,0.6042,0.624,1.2282,,,,,,,,,,,,,,,,,59.98884555984555,1.2791,44,10,299,141,102,39,19.157975,0,ok,logs/seed_84361.log
496940,irt_only,GHEFT,0,0.0,0,0,1,0.5974,0.6374,1.2348,,,,,,,,,,,,,,,,,58.83319499845897,1.2789,39,11,304,148,109,39,15.356389,0,ok,logs/seed_496940.log
898042,irt_only,GHEFT,0,0.0,0,0,1,0.5677,0.535,1.1027,,,,,,,,,,,,,,,,,62.26244217647058,1.4859,38,10,303,141,101,40,12.787109,0,ok,logs/seed_898042.log
653358,irt_only,GHEFT,0,0.0,0,0,1,0.6275,0.6323,1.2598,,,,,,,,,,,,,,,,,63.710753098420405,1.4628,41,10,290,150,104,46,11.06073,0,ok,logs/seed_653358.log
400544,irt_only,GHEFT,0,0.0,0,0,1,0.6986,0.6954,1.394,,,,,,,,,,,,,,,,,56.17311299451523,1.295,38,10,280,151,118,33,12.975218,0,ok,logs/seed_400544.log
242184,irt_only,GHEFT,0,0.0,0,0,1,0.729,0.7169,1.4459,,,,,,,,,,,,,,,,,49.77080604451038,1.5591,29,8,303,143,101,42,16.585847,0,ok,logs/seed_242184.log
393637,irt_only,GHEFT,0,0.0,0,0,1,0.709,0.7805,1.4895,,,,,,,,,,,,,,,,,56.00073980597015,1.2731,38,10,296,126,86,40,18.130249,0,ok,logs/seed_393637.log
995508,irt_only,GHEFT,0,0.0,0,0,1,0.7083,0.6759,1.3842,,,,,,,,,,,,,,,,,59.601019896640814,1.567,41,10,305,144,98,46,20.717314,0,ok,logs/seed_995508.log
243653,irt_only,GHEFT,0,0.0,0,0,1,0.6764,0.8117,1.4881,,,,,,,,,,,,,,,,,66.03736304024983,1.9383,40,10,294,162,111,51,21.539048,0,ok,logs/seed_243653.log
343514,irt_only,GHEFT,0,0.0,0,0,1,0.6339,0.6725,1.3064,,,,,,,,,,,,,,,,,63.93979576854599,1.5317,35,10,312,172,124,48,17.996061,0,ok,logs/seed_343514.log
411929,irt_only,GHEFT,0,0.0,0,0,1,0.6492,0.7243,1.3735,,,,,,,,,,,,,,,,,63.088888227272726,1.6836,35,10,306,144,99,45,17.456615,0,ok,logs/seed_411929.log
668641,irt_only,GHEFT,0,0.0,0,0,1,0.6808,0.6227,1.3035,,,,,,,,,,,,,,,,,62.64148944543826,1.3328,39,11,299,143,102,41,19.648716,0,ok,logs/seed_668641.log
20187,irt_only,GHEFT,0,0.0,0,0,1,0.6963,0.8991,1.5954,,,,,,,,,,,,,,,,,60.65031622924902,1.7515,35,9,291,159,109,50,21.070692,0,ok,logs/seed_20187.log
658023,irt_only,GHEFT,0,0.0,0,0,1,0.6601,0.7073,1.3674,,,,,,,,,,,,,,,,,60.594547377248794,1.4387,43,9,284,153,105,48,15.917273,0,ok,logs/seed_658023.log
846287,irt_only,GHEFT,0,0.0,0,0,1,0.6979,0.7413,1.4392,,,,,,,,,,,,,,,,,55.99270847457627,1.9626,39,11,294,125,80,45,18.816421,0,ok,logs/seed_846287.log
347153,irt_only,GHEFT,0,0.0,0,0,1,0.6986,0.8458,1.5444,,,,,,,,,,,,,,,,,54.37148166351606,1.3986,40,9,320,165,110,55,21.239022,0,ok,logs/seed_347153.log
891181,irt_only,GHEFT,0,0.0,0,0,1,0.7171,0.6254,1.3425,,,,,,,,,,,,,,,,,57.6480977327888,1.4888,44,10,325,158,108,50,21.807303,0,ok,logs/seed_891181.log
937433,irt_only,GHEFT,0,0.0,0,0,1,0.5652,0.6021,1.1673,,,,,,,,,,,,,,,,,64.03511593714927,1.5526,46,12,293,157,109,48,16.802566,0,ok,logs/seed_937433.log
489777,irt_only,GHEFT,0,0.0,0,0,1,0.6621,0.643,1.3051,,,,,,,,,,,,,,,,,57.37446468159204,1.2358,35,10,285,142,106,36,12.131099,0,ok,logs/seed_489777.log
248415,irt_only,GHEFT,0,0.0,0,0,1,0.6276,0.6199,1.2475,,,,,,,,,,,,,,,,,53.76752748846408,1.3408,50,12,311,158,108,50,19.370944,0,ok,logs/seed_248415.log
552234,irt_only,GHEFT,0,0.0,0,0,1,0.6913,0.7636,1.4549,,,,,,,,,,,,,,,,,57.0806103534051,1.4531,34,9,283,135,89,46,19.610718,0,ok,logs/seed_552234.log
660822,irt_only,GHEFT,0,0.0,0,0,1,0.7376,0.5503,1.2879,,,,,,,,,,,,,,,,,53.851,1.4592,43,11,286,162,115,47,22.146725,0,ok,logs/seed_660822.log
899646,irt_only,GHEFT,0,0.0,0,0,1,0.6752,0.7428,1.418,,,,,,,,,,,,,,,,,69.66655456238362,1.703,42,11,293,152,109,43,23.477831,0,ok,logs/seed_899646.log
657048,irt_only,GHEFT,0,0.0,0,0,1,0.5917,0.7094,1.3011,,,,,,,,,,,,,,,,,68.25235839416058,1.594,42,10,301,147,104,43,21.457901,0,ok,logs/seed_657048.log
519203,irt_only,GHEFT,0,0.0,0,0,1,0.7147,0.7592,1.4739,,,,,,,,,,,,,,,,,63.3783157084988,1.5376,41,9,310,156,101,55,25.998647,0,ok,logs/seed_519203.log
198049,irt_only,GHEFT,0,0.0,0,0,1,0.5937,0.6093,1.203,,,,,,,,,,,,,,,,,54.56700791537395,1.5383,37,9,316,134,99,35,28.129733,0,ok,logs/seed_198049.log
690757,irt_only,GHEFT,0,0.0,0,0,1,0.6232,0.7207,1.3439,,,,,,,,,,,,,,,,,69.67804524236983,1.5385,36,10,325,152,106,46,28.327144,0,ok,logs/seed_690757.log
402947,irt_only,GHEFT,0,0.0,0,0,1,0.7074,0.7981,1.5055,,,,,,,,,,,,,,,,,58.86596605225746,1.902,48,12,318,164,102,62,25.04521,0,ok,logs/seed_402947.log
556081,irt_only,GHEFT,0,0.0,0,0,1,0.6839,0.809,1.4929,,,,,,,,,,,,,,,,,53.34560535785055,1.4187,45,10,315,143,96,47,27.490434,0,ok,logs/seed_556081.log
934188,irt_only,GHEFT,0,0.0,0,0,1,0.6382,0.6324,1.2706,,,,,,,,,,,,,,,,,64.86553831258644,1.4554,45,13,306,142,105,37,31.909847,0,ok,logs/seed_934188.log
123970,irt_only,GHEFT,0,0.0,0,0,1,0.7041,0.6379,1.342,,,,,,,,,,,,,,,,,61.17393063255153,1.5685,41,12,295,164,113,51,25.737486,0,ok,logs/seed_123970.log
518181,irt_only,GHEFT,0,0.0,0,0,1,0.7513,0.6452,1.3965,,,,,,,,,,,,,,,,,59.411793140845084,1.4743,46,11,301,139,94,45,23.129456,0,ok,logs/seed_518181.log
399989,irt_only,GHEFT,0,0.0,0,0,1,0.6256,0.6774,1.303,,,,,,,,,,,,,,,,,58.74357534246575,1.497,49,11,315,168,120,48,18.455679,0,ok,logs/seed_399989.log
901771,irt_only,GHEFT,0,0.0,0,0,1,0.7325,0.5869,1.3194,,,,,,,,,,,,,,,,,55.47484035087719,1.4676,41,10,324,179,111,68,20.891223,0,ok,logs/seed_901771.log
775491,irt_only,GHEFT,0,0.0,0,0,1,0.6986,0.6575,1.3561,,,,,,,,,,,,,,,,,63.13288926174496,1.737,52,12,319,134,99,35,14.635579,0,ok,logs/seed_775491.log
925874,irt_only,GHEFT,0,0.0,0,0,1,0.6042,0.6036,1.2078,,,,,,,,,,,,,,,,,52.09648002081163,1.2528,38,9,307,128,91,37,18.284505,0,ok,logs/seed_925874.log
298914,irt_only,GHEFT,0,0.0,0,0,1,0.7657,0.8351,1.6008,,,,,,,,,,,,,,,,,68.77425496183206,1.8728,43,10,309,156,114,42,18.807661,0,ok,logs/seed_298914.log
769242,irt_only,GHEFT,0,0.0,0,0,1,0.677,0.7698,1.4468,,,,,,,,,,,,,,,,,47.62961073410903,1.2256,46,11,314,137,85,52,15.862887,0,ok,logs/seed_769242.log
884462,irt_only,GHEFT,0,0.0,0,0,1,0.64,0.6556,1.2956,,,,,,,,,,,,,,,,,61.44746068515497,1.5091,39,9,300,154,96,58,15.000615,0,ok,logs/seed_884462.log
948968,irt_only,GHEFT,0,0.0,0,0,1,0.6941,0.8441,1.5382,,,,,,,,,,,,,,,,,66.76535267832202,1.6654,36,10,307,148,110,38,17.501634,0,ok,logs/seed_948968.log
237390,irt_only,GHEFT,0,0.0,0,0,1,0.6496,0.6453,1.2949,,,,,,,,,,,,,,,,,54.46821798687992,1.1705,41,11,300,146,98,48,16.590713,0,ok,logs/seed_237390.log
788501,irt_only,GHEFT,0,0.0,0,0,1,0.6315,0.6703,1.3018,,,,,,,,,,,,,,,,,51.940544065299925,1.4586,43,10,290,146,91,55,14.977664,0,ok,logs/seed_788501.log
841514,irt_only,GHEFT,0,0.0,0,0,1,0.6381,0.5491,1.1872,,,,,,,,,,,,,,,,,64.03055451080051,1.6401,39,10,287,129,94,35,16.38172,0,ok,logs/seed_841514.log
731954,irt_only,GHEFT,0,0.0,0,0,1,0.69,0.7523,1.4423,,,,,,,,,,,,,,,,,54.69644693200664,1.5429,41,11,317,150,106,44,17.728725,0,ok,logs/seed_731954.log
512900,irt_only,GHEFT,0,0.0,0,0,1,0.7555,0.5815,1.337,,,,,,,,,,,,,,,,,53.78698017429195,1.2848,49,10,314,149,107,42,17.722078,0,ok,logs/seed_512900.log
163797,irt_only,GHEFT,0,0.0,0,0,1,0.6365,0.5242,1.1607,,,,,,,,,,,,,,,,,44.55645584415585,1.3118,39,10,290,123,90,33,12.848989,0,ok,logs/seed_163797.log
411938,irt_only,GHEFT,0,0.0,0,0,1,0.7071,0.6171,1.3242,,,,,,,,,,,,,,,,,59.668073782483845,1.3926,37,12,299,131,92,39,15.822371,0,ok,logs/seed_411938.log
297875,irt_only,GHEFT,0,0.0,0,0,1,0.6637,0.6965,1.3602,,,,,,,,,,,,,,,,,63.8974851590106,1.627,48,12,336,174,117,57,19.804924,0,ok,logs/seed_297875.log
862431,irt_only,GHEFT,0,0.0,0,0,1,0.8013,0.7842,1.5855,,,,,,,,,,,,,,,,,51.01562035302349,1.6617,44,10,315,154,94,60,11.946492,0,ok,logs/seed_862431.log
944164,irt_only,GHEFT,0,0.0,0,0,1,0.7038,0.6753,1.3791,,,,,,,,,,,,,,,,,56.957413527281005,1.3491,49,14,328,183,120,63,8.772201,0,ok,logs/seed_944164.log
593633,irt_only,GHEFT,0,0.0,0,0,1,0.7626,0.6728,1.4354,,,,,,,,,,,,,,,,,50.49130901465715,1.4759,40,10,313,123,85,38,30.295153,0,ok,logs/seed_593633.log
49083,irt_only,GHEFT,0,0.0,0,0,1,0.7022,0.6964,1.3986,,,,,,,,,,,,,,,,,58.94970697539543,1.6538,35,8,306,137,92,45,21.802401,0,ok,logs/seed_49083.log
511497,irt_only,GHEFT,0,0.0,0,0,1,0.6504,0.5397,1.1901,,,,,,,,,,,,,,,,,49.263884371734235,1.6022,51,12,327,169,120,49,30.043361,0,ok,logs/seed_511497.log
332550,irt_only,GHEFT,0,0.0,0,0,1,0.6639,0.5829,1.2468,,,,,,,,,,,,,,,,,56.5511600886918,1.0824,36,9,284,129,93,36,21.830744,0,ok,logs/seed_332550.log
179506,irt_only,GHEFT,0,0.0,0,0,1,0.721,0.8457,1.5667,,,,,,,,,,,,,,,,,50.53217764341085,1.5966,37,9,294,130,91,39,21.963965,0,ok,logs/seed_179506.log
103680,irt_only,GHEFT,0,0.0,0,0,1,0.6507,0.6821,1.3328,,,,,,,,,,,,,,,,,64.53562882582582,1.5162,41,9,304,160,107,53,26.580813,0,ok,logs/seed_103680.log
109216,irt_only,GHEFT,0,0.0,0,0,1,0.5974,0.5993,1.1967,,,,,,,,,,,,,,,,,61.19843004484305,1.5541,45,12,300,149,100,49,25.556576,0,ok,logs/seed_109216.log
344612,irt_only,GHEFT,0,0.0,0,0,1,0.6456,0.6004,1.246,,,,,,,,,,,,,,,,,62.78922097378277,1.6725,44,9,306,140,103,37,26.963917,0,ok,logs/seed_344612.log
919045,irt_only,GHEFT,0,0.0,0,0,1,0.5893,0.5507,1.14,,,,,,,,,,,,,,,,,52.43458002735563,1.1422,44,10,297,147,106,41,23.225779,0,ok,logs/seed_919045.log
478565,irt_only,GHEFT,0,0.0,0,0,1,0.6761,0.6136,1.2897,,,,,,,,,,,,,,,,,54.73520200160128,1.48,40,10,277,121,81,40,22.967832,0,ok,logs/seed_478565.log
473670,irt_only,GHEFT,0,0.0,0,0,1,0.6188,0.6966,1.3154,,,,,,,,,,,,,,,,,53.324252732502394,1.5911,37,9,293,130,96,34,25.138533,0,ok,logs/seed_473670.log
175136,irt_only,GHEFT,0,0.0,0,0,1,0.6316,0.5701,1.2017,,,,,,,,,,,,,,,,,60.300399213146136,1.4602,53,13,327,172,114,58,31.535874,0,ok,logs/seed_175136.log
30661,irt_only,GHEFT,0,0.0,0,0,1,0.6303,0.5462,1.1765,,,,,,,,,,,,,,,,,63.07024342424242,1.6459,48,10,320,156,104,52,24.900401,0,ok,logs/seed_30661.log
461986,irt_only,GHEFT,0,0.0,0,0,1,0.6667,0.6107,1.2774,,,,,,,,,,,,,,,,,54.14444520547946,1.434,34,10,299,151,108,43,16.787239,0,ok,logs/seed_461986.log
806917,irt_only,GHEFT,0,0.0,0,0,1,0.6807,0.6118,1.2925,,,,,,,,,,,,,,,,,56.493302797202794,1.426,42,12,289,168,133,35,14.724889,0,ok,logs/seed_806917.log
251935,irt_only,GHEFT,0,0.0,0,0,1,0.6686,0.6278,1.2964,,,,,,,,,,,,,,,,,50.93285859897829,1.5287,39,11,276,134,100,34,11.782452,0,ok,logs/seed_251935.log
485053,irt_only,GHEFT,0,0.0,0,0,1,0.6541,0.5325,1.1866,,,,,,,,,,,,,,,,,48.00904600484262,1.3065,43,10,299,117,90,27,18.556282,0,ok,logs/seed_485053.log
766370,irt_only,GHEFT,0,0.0,0,0,1,0.6988,0.6495,1.3483,,,,,,,,,,,,,,,,,62.75842358591248,2.0255,34,9,288,136,98,38,14.237021,0,ok,logs/seed_766370.log
229231,irt_only,GHEFT,0,0.0,0,0,1,0.6821,0.508,1.1901,,,,,,,,,,,,,,,,,53.7438713962704,1.1436,41,10,327,149,109,40,15.491528,0,ok,logs/seed_229231.log
577471,irt_only,GHEFT,0,0.0,0,0,1,0.5974,0.5193,1.1167,,,,,,,,,,,,,,,,,57.90085329604366,1.556,50,14,297,166,121,45,14.91702,0,ok,logs/seed_577471.log
37962,irt_only,GHEFT,0,0.0,0,0,1,0.6786,0.7331,1.4117,,,,,,,,,,,,,,,,,65.1438458275862,1.3377,33,8,299,143,98,45,16.305607,0,ok,logs/seed_37962.log
944872,irt_only,GHEFT,0,0.0,0,0,1,0.6918,0.7057,1.3975,,,,,,,,,,,,,,,,,55.28912755391433,1.4501,47,10,327,163,108,55,19.059893,0,ok,logs/seed_944872.log
288361,irt_only,GHEFT,0,0.0,0,0,1,0.6661,0.564,1.2301,,,,,,,,,,,,,,,,,55.689468421052624,1.5154,33,11,265,131,90,41,13.34438,0,ok,logs/seed_288361.log
811804,irt_only,GHEFT,0,0.0,0,0,1,0.7697,0.8759,1.6456,,,,,,,,,,,,,,,,,58.08031818181818,1.5452,38,9,296,144,100,44,14.321058,0,ok,logs/seed_811804.log
150312,irt_only,GHEFT,0,0.0,0,0,1,0.6917,0.7342,1.4259,,,,,,,,,,,,,,,,,53.643035722265346,1.2965,40,10,301,149,101,48,14.457619,0,ok,logs/seed_150312.log
300144,irt_only,GHEFT,0,0.0,0,0,1,0.6573,0.6062,1.2635,,,,,,,,,,,,,,,,,62.17204758385094,1.4638,40,10,304,133,86,47,12.608199,0,ok,logs/seed_300144.log
321546,irt_only,GHEFT,0,0.0,0,0,1,0.6773,0.8454,1.5227,,,,,,,,,,,,,,,,,70.0815850255591,1.6736,43,11,301,153,102,51,17.955171,0,ok,logs/seed_321546.log
333826,irt_only,GHEFT,0,0.0,0,0,1,0.6301,0.7177,1.3478,,,,,,,,,,,,,,,,,61.05587604520796,1.5626,47,12,304,157,102,55,15.71323,0,ok,logs/seed_333826.log
601923,irt_only,GHEFT,0,0.0,0,0,1,0.7022,0.7707,1.4729,,,,,,,,,,,,,,,,,52.494691304347825,1.7161,39,10,294,143,102,41,15.914358,0,ok,logs/seed_601923.log
165547,irt_only,GHEFT,0,0.0,0,0,1,0.7005,0.6564,1.3569,,,,,,,,,,,,,,,,,61.66377899923838,1.507,39,10,313,166,108,58,18.326475,0,ok,logs/seed_165547.log
376387,irt_only,GHEFT,0,0.0,0,0,1,0.7379,0.6279,1.3658,,,,,,,,,,,,,,,,,67.68410240889439,1.7375,48,11,313,171,124,47,13.611053,0,ok,logs/seed_376387.log
667407,irt_only,GHEFT,0,0.0,0,0,1,0.6954,0.5928,1.2882,,,,,,,,,,,,,,,,,54.1412896999189,1.6143,45,12,305,152,99,53,22.023225,0,ok,logs/seed_667407.log
536326,irt_only,GHEFT,0,0.0,0,0,1,0.6209,0.5998,1.2207,,,,,,,,,,,,,,,,,58.3076136617704,1.6003,36,9,287,119,90,29,23.588822,0,ok,logs/seed_536326.log
48649,irt_only,GHEFT,0,0.0,0,0,1,0.7021,0.8107,1.5128,,,,,,,,,,,,,,,,,60.12757773964497,1.352,36,9,281,124,90,34,19.432811,0,ok,logs/seed_48649.log
138474,irt_only,GHEFT,0,0.0,0,0,1,0.6593,0.5295,1.1888,,,,,,,,,,,,,,,,,65.56046284074458,1.9395,43,11,301,143,98,45,24.682266,0,ok,logs/seed_138474.log
581410,irt_only,GHEFT,0,0.0,0,0,1,0.6476,0.4988,1.1464,,,,,,,,,,,,,,,,,48.1210927927928,1.2733,47,10,316,165,118,47,22.600956,0,ok,logs/seed_581410.log
462634,irt_only,GHEFT,0,0.0,0,0,1,0.6879,0.6915,1.3794,,,,,,,,,,,,,,,,,56.86771430842608,1.4536,38,10,317,176,119,57,27.65867,0,ok,logs/seed_462634.log
349227,irt_only,GHEFT,0,0.0,0,0,1,0.6729,0.6794,1.3523,,,,,,,,,,,,,,,,,57.943705164319226,1.5952,36,10,294,157,107,50,20.46388,0,ok,logs/seed_349227.log
453227,irt_only,GHEFT,0,0.0,0,0,1,0.6148,0.5313,1.1461,,,,,,,,,,,,,,,,,60.189198117386496,1.5182,44,10,299,163,118,45,25.80653,0,ok,logs/seed_453227.log
424389,irt_only,GHEFT,0,0.0,0,0,1,0.6596,0.5661,1.2257,,,,,,,,,,,,,,,,,57.05761262135922,1.3369,41,11,292,133,97,36,25.725801,0,ok,logs/seed_424389.log
706750,irt_only,GHEFT,0,0.0,0,0,1,0.5801,0.5929,1.173,,,,,,,,,,,,,,,,,61.85862469135803,1.2424,42,10,298,148,102,46,21.764318,0,ok,logs/seed_706750.log
70613,irt_only,GHEFT,0,0.0,0,0,1,0.7745,0.7213,1.4958,,,,,,,,,,,,,,,,,68.38388210023868,1.5942,44,12,320,167,125,42,23.551516,0,ok,logs/seed_70613.log
599838,irt_only,GHEFT,0,0.0,0,0,1,0.6717,0.7622,1.4339,,,,,,,,,,,,,,,,,71.81387921552724,2.0305,34,10,281,125,84,41,21.552855,0,ok,logs/seed_599838.log
275233,irt_only,GHEFT,0,0.0,0,0,1,0.7273,0.8372,1.5645,,,,,,,,,,,,,,,,,57.02057762337662,1.3118,35,11,290,127,84,43,24.412748,0,ok,logs/seed_275233.log
257926,irt_only,GHEFT,0,0.0,0,0,1,0.6981,0.7037,1.4018,,,,,,,,,,,,,,,,,56.59899543378995,1.3223,42,10,283,135,94,41,18.954132,0,ok,logs/seed_257926.log
65039,irt_only,GHEFT,0,0.0,0,0,1,0.61,0.5545,1.1645,,,,,,,,,,,,,,,,,51.740444155844145,1.5216,52,10,334,159,98,61,21.228874,0,ok,logs/seed_65039.log
354531,irt_only,GHEFT,0,0.0,0,0,1,0.6915,0.7894,1.4809,,,,,,,,,,,,,,,,,54.93903147123819,1.594,40,10,306,160,105,55,17.425106,0,ok,logs/seed_354531.log
941030,irt_only,GHEFT,0,0.0,0,0,1,0.7043,0.5887,1.293,,,,,,,,,,,,,,,,,56.37201331028668,1.4456,46,12,288,144,103,41,16.947375,0,ok,logs/seed_941030.log
624899,irt_only,GHEFT,0,0.0,0,0,1,0.644,0.62,1.264,,,,,,,,,,,,,,,,,63.023218918918914,1.6561,45,11,336,150,101,49,18.607782,0,ok,logs/seed_624899.log
899565,irt_only,GHEFT,0,0.0,0,0,1,0.6456,0.6648,1.3104,,,,,,,,,,,,,,,,,60.27175005589737,1.4498,38,10,296,165,121,44,16.216844,0,ok,logs/seed_899565.log
930280,irt_only,GHEFT,0,0.0,0,0,1,0.6867,0.6004,1.2871,,,,,,,,,,,,,,,,,61.38420410958906,1.3736,52,10,309,174,122,52,18.511069,0,ok,logs/seed_930280.log
405167,irt_only,GHEFT,0,0.0,0,0,1,0.7007,0.6326,1.3333,,,,,,,,,,,,,,,,,64.69922418879055,2.0412,35,9,280,141,98,43,17.585965,0,ok,logs/seed_405167.log
1448,irt_only,GHEFT,0,0.0,0,0,1,0.6406,0.5648,1.2054,,,,,,,,,,,,,,,,,53.05043493064313,1.2888,44,11,311,137,87,50,19.166033,0,ok,logs/seed_1448.log
507391,irt_only,GHEFT,0,0.0,0,0,1,0.6617,0.6834,1.3451,,,,,,,,,,,,,,,,,56.055611182108635,1.6108,38,9,307,152,115,37,15.955963,0,ok,logs/seed_507391.log
837291,irt_only,GHEFT,0,0.0,0,0,1,0.6576,0.6334,1.291,,,,,,,,,,,,,,,,,54.910422635973184,1.1307,42,12,300,161,117,44,18.811211,0,ok,logs/seed_837291.log
536078,irt_only,GHEFT,0,0.0,0,0,1,0.6981,0.7706,1.4687,,,,,,,,,,,,,,,,,56.70090693069305,1.7441,46,11,313,167,111,56,18.931466,0,ok,logs/seed_536078.log
381453,irt_only,GHEFT,0,0.0,0,0,1,0.5614,0.6632,1.2246,,,,,,,,,,,,,,,,,72.15620465009438,1.6784,44,9,319,180,123,57,19.698812,0,ok,logs/seed_381453.log
58349,irt_only,GHEFT,0,0.0,0,0,1,0.6494,0.5786,1.228,,,,,,,,,,,,,,,,,55.870908025761125,1.4021,44,9,321,138,102,36,23.530661,0,ok,logs/seed_58349.log
613460,irt_only,GHEFT,0,0.0,0,0,1,0.7316,0.8683,1.5999,,,,,,,,,,,,,,,,,58.39481335521235,1.6983,39,10,317,161,116,45,22.307541,0,ok,logs/seed_613460.log
581102,irt_only,GHEFT,0,0.0,0,0,1,0.6855,0.8166,1.5021,,,,,,,,,,,,,,,,,58.4071064935065,1.4115,40,11,322,143,84,59,22.501956,0,ok,logs/seed_581102.log
814302,irt_only,GHEFT,0,0.0,0,0,1,0.6588,0.5909,1.2497,,,,,,,,,,,,,,,,,48.41546621392192,1.4655,47,10,302,136,108,28,13.098213,0,ok,logs/seed_814302.log
453089,irt_only,GHEFT,0,0.0,0,0,1,0.6974,0.604,1.3014,,,,,,,,,,,,,,,,,50.524581903276136,1.3346,43,11,312,157,112,45,10.352264,0,ok,logs/seed_453089.log
583877,irt_only,GHEFT,0,0.0,0,0,1,0.6775,0.6788,1.3563,,,,,,,,,,,,,,,,,56.168567423014586,1.2877,44,9,302,159,121,38,23.815393,0,ok,logs/seed_583877.log
312977,irt_only,GHEFT,0,0.0,0,0,1,0.717,0.6058,1.3228,,,,,,,,,,,,,,,,,51.96243477218225,1.3679,38,10,309,143,98,45,24.336065,0,ok,logs/seed_312977.log
140256,irt_only,GHEFT,0,0.0,0,0,1,0.6488,0.5945,1.2433,,,,,,,,,,,,,,,,,61.753335170854264,1.2063,37,10,312,137,102,35,30.002334,0,ok,logs/seed_140256.log
547797,irt_only,GHEFT,0,0.0,0,0,1,0.7255,0.7431,1.4686,,,,,,,,,,,,,,,,,54.48106259317639,1.6827,39,9,303,143,93,50,25.417772,0,ok,logs/seed_547797.log
874895,irt_only,GHEFT,0,0.0,0,0,1,0.7035,0.7769,1.4804,,,,,,,,,,,,,,,,,49.256760283687946,1.4369,38,10,278,128,91,37,28.11569,0,ok,logs/seed_874895.log
450779,irt_only,GHEFT,0,0.0,0,0,1,0.6917,0.6835,1.3752,,,,,,,,,,,,,,,,,64.70529163292848,1.8644,39,9,287,144,96,48,29.687956,0,ok,logs/seed_450779.log
263459,irt_only,GHEFT,0,0.0,0,0,1,0.6737,0.6275,1.3012,,,,,,,,,,,,,,,,,51.91655535056747,1.4586,45,13,301,166,113,53,27.993584,0,ok,logs/seed_263459.log
164312,irt_only,GHEFT,0,0.0,0,0,1,0.705,0.8479,1.5529,,,,,,,,,,,,,,,,,56.50776666666666,1.7455,42,12,323,162,92,70,35.181655,0,ok,logs/seed_164312.log
595764,irt_only,GHEFT,0,0.0,0,0,1,0.5609,0.6937,1.2546,,,,,,,,,,,,,,,,,56.210187941580756,1.1176,37,9,320,132,99,33,28.192481,0,ok,logs/seed_595764.log
872208,irt_only,GHEFT,0,0.0,0,0,1,0.6336,0.5612,1.1948,,,,,,,,,,,,,,,,,56.02252037672284,1.284,37,10,310,150,106,44,30.272481,0,ok,logs/seed_872208.log
34237,irt_only,GHEFT,0,0.0,0,0,1,0.7236,0.5913,1.3149,,,,,,,,,,,,,,,,,51.659199999999984,1.5684,42,10,300,154,98,56,27.909683,0,ok,logs/seed_34237.log
203637,irt_only,GHEFT,0,0.0,0,0,1,0.5985,0.5224,1.1209,,,,,,,,,,,,,,,,,56.42797303877368,1.3837,40,9,289,122,86,36,26.282299,0,ok,logs/seed_203637.log
35021,irt_only,GHEFT,0,0.0,0,0,1,0.5998,0.7647,1.3645,,,,,,,,,,,,,,,,,59.870965426877476,1.7077,35,10,285,141,97,44,28.422953,0,ok,logs/seed_35021.log
128136,irt_only,GHEFT,0,0.0,0,0,1,0.6876,0.7184,1.406,,,,,,,,,,,,,,,,,72.21932754666338,1.8605,39,10,296,135,99,36,30.090186,0,ok,logs/seed_128136.log
897068,irt_only,GHEFT,0,0.0,0,0,1,0.7024,0.7367,1.4391,,,,,,,,,,,,,,,,,55.46798954203237,1.397,38,9,318,152,101,51,28.343443,0,ok,logs/seed_897068.log
145634,irt_only,GHEFT,0,0.0,0,0,1,0.6955,0.6784,1.3739,,,,,,,,,,,,,,,,,62.44112553191489,1.7648,40,11,298,165,111,54,25.433511,0,ok,logs/seed_145634.log
828280,irt_only,GHEFT,0,0.0,0,0,1,0.6842,0.6906,1.3748,,,,,,,,,,,,,,,,,55.20242476738308,1.3242,37,11,289,160,109,51,28.058423,0,ok,logs/seed_828280.log
808182,irt_only,GHEFT,0,0.0,0,0,1,0.7058,0.8111,1.5169,,,,,,,,,,,,,,,,,72.0900974169782,1.5445,36,8,292,146,106,40,22.068009,0,ok,logs/seed_808182.log
28303,irt_only,GHEFT,0,0.0,0,0,1,0.6523,0.6005,1.2528,,,,,,,,,,,,,,,,,72.51269999999998,1.5588,38,10,286,141,96,45,29.343574,0,ok,logs/seed_28303.log
695763,irt_only,GHEFT,0,0.0,0,0,1,0.6565,0.6421,1.2986,,,,,,,,,,,,,,,,,67.10246217175299,1.6881,35,11,306,157,117,40,23.844167,0,ok,logs/seed_695763.log
264497,irt_only,GHEFT,0,0.0,0,0,1,0.6677,0.6603,1.328,,,,,,,,,,,,,,,,,65.17256218623666,1.484,41,10,307,152,108,44,32.289084,0,ok,logs/seed_264497.log
765068,irt_only,GHEFT,0,0.0,0,0,1,0.7735,0.6484,1.4219,,,,,,,,,,,,,,,,,61.42947420024916,1.7391,44,12,295,142,98,44,26.607866,0,ok,logs/seed_765068.log
293386,irt_only,GHEFT,0,0.0,0,0,1,0.6372,0.6525,1.2897,,,,,,,,,,,,,,,,,56.35064958934169,1.1744,39,10,276,143,100,43,20.501729,0,ok,logs/seed_293386.log
585056,irt_only,GHEFT,0,0.0,0,0,1,0.6524,0.6181,1.2705,,,,,,,,,,,,,,,,,52.57527697767877,1.387,46,12,313,161,117,44,30.302571,0,ok,logs/seed_585056.log
16768,irt_only,GHEFT,0,0.0,0,0,1,0.6867,0.6311,1.3178,,,,,,,,,,,,,,,,,54.13247922832125,1.6025,45,11,309,151,100,51,31.334559,0,ok,logs/seed_16768.log
768880,irt_only,GHEFT,0,0.0,0,0,1,0.6389,0.6673,1.3062,,,,,,,,,,,,,,,,,65.5872275362319,1.6945,45,12,315,154,105,49,27.292578,0,ok,logs/seed_768880.log
146419,irt_only,GHEFT,0,0.0,0,0,1,0.72,0.702,1.422,,,,,,,,,,,,,,,,,54.860284522275506,1.4811,36,11,305,134,98,36,23.681776,0,ok,logs/seed_146419.log
769016,irt_only,GHEFT,0,0.0,0,0,1,0.6757,0.7864,1.4621,,,,,,,,,,,,,,,,,58.120120435185754,1.6171,33,9,288,135,93,42,24.50331,0,ok,logs/seed_769016.log
753173,irt_only,GHEFT,0,0.0,0,0,1,0.6413,0.5794,1.2207,,,,,,,,,,,,,,,,,50.10173298969073,1.7963,42,9,297,127,94,33,21.578911,0,ok,logs/seed_753173.log
414868,irt_only,GHEFT,0,0.0,0,0,1,0.7718,0.6706,1.4424,,,,,,,,,,,,,,,,,54.23331632270168,1.6426,38,9,292,147,103,44,25.348526,0,ok,logs/seed_414868.log
383978,irt_only,GHEFT,0,0.0,0,0,1,0.6825,0.7712,1.4537,,,,,,,,,,,,,,,,,63.13412962453532,1.8111,55,11,325,158,104,54,34.148372,0,ok,logs/seed_383978.log
596187,irt_only,GHEFT,0,0.0,0,0,1,0.7142,0.7068,1.421,,,,,,,,,,,,,,,,,56.61393809523809,1.2894,49,10,342,167,109,58,27.718925,0,ok,logs/seed_596187.log
217004,irt_only,GHEFT,0,0.0,0,0,1,0.7108,0.7902,1.501,,,,,,,,,,,,,,,,,71.60921768707483,1.6578,41,10,291,155,119,36,26.716279,0,ok,logs/seed_217004.log
306928,irt_only,GHEFT,0,0.0,0,0,1,0.6118,0.517,1.1288,,,,,,,,,,,,,,,,,54.536048696844986,1.6945,50,12,323,180,122,58,31.273109,0,ok,logs/seed_306928.log
699954,irt_only,GHEFT,0,0.0,0,0,1,0.7092,0.5316,1.2408,,,,,,,,,,,,,,,,,66.89476335540839,1.6856,41,10,302,141,106,35,27.900134,0,ok,logs/seed_699954.log
915360,irt_only,GHEFT,0,0.0,0,0,1,0.669,0.6328,1.3018,,,,,,,,,,,,,,,,,54.652996551724144,1.5522,46,12,296,145,93,52,29.917534,0,ok,logs/seed_915360.log
401920,irt_only,GHEFT,0,0.0,0,0,1,0.6581,0.686,1.3441,,,,,,,,,,,,,,,,,62.0628703989704,2.0824,35,11,299,130,89,41,21.88003,0,ok,logs/seed_401920.log
590032,irt_only,GHEFT,0,0.0,0,0,1,0.6677,0.7071,1.3748,,,,,,,,,,,,,,,,,52.008973779369626,1.3385,37,11,309,142,96,46,24.541621,0,ok,logs/seed_590032.log
592350,irt_only,GHEFT,0,0.0,0,0,1,0.8031,0.7467,1.5498,,,,,,,,,,,,,,,,,45.74862613784135,1.3872,42,12,315,153,104,49,22.807321,0,ok,logs/seed_592350.log
356544,irt_only,GHEFT,0,0.0,0,0,1,0.6553,0.6224,1.2777,,,,,,,,,,,,,,,,,58.784647504509906,1.1437,39,11,291,156,109,47,26.454968,0,ok,logs/seed_356544.log
882358,irt_only,GHEFT,0,0.0,0,0,1,0.663,0.6438,1.3068,,,,,,,,,,,,,,,,,55.74989765719581,1.2945,46,11,298,146,114,32,28.046586,0,ok,logs/seed_882358.log
659606,irt_only,GHEFT,0,0.0,0,0,1,0.604,0.6969,1.3009,,,,,,,,,,,,,,,,,61.91850246600958,1.3787,43,12,289,146,105,41,21.592827,0,ok,logs/seed_659606.log
136181,irt_only,GHEFT,0,0.0,0,0,1,0.6739,0.5383,1.2122,,,,,,,,,,,,,,,,,52.53436024096386,1.3462,50,13,321,156,109,47,26.073649,0,ok,logs/seed_136181.log
695310,irt_only,GHEFT,0,0.0,0,0,1,0.5607,0.4817,1.0424,,,,,,,,,,,,,,,,,71.39164498714655,1.3124,45,13,308,169,122,47,25.88777,0,ok,logs/seed_695310.log
313264,irt_only,GHEFT,0,0.0,0,0,1,0.6843,0.5388,1.2231,,,,,,,,,,,,,,,,,47.35477061132179,1.5493,44,10,291,116,79,37,24.256337,0,ok,logs/seed_313264.log
622633,irt_only,GHEFT,0,0.0,0,0,1,0.6614,0.7327,1.3941,,,,,,,,,,,,,,,,,57.714032374100725,1.2756,38,10,293,145,103,42,26.087765,0,ok,logs/seed_622633.log
153151,irt_only,GHEFT,0,0.0,0,0,1,0.5924,0.5043,1.0967,,,,,,,,,,,,,,,,,62.90338718518518,1.7457,47,10,310,147,108,39,22.449253,0,ok,logs/seed_153151.log
252872,irt_only,GHEFT,0,0.0,0,0,1,0.759,0.6556,1.4146,,,,,,,,,,,,,,,,,49.856643268041225,1.39,39,11,298,146,96,50,13.272932,0,ok,logs/seed_252872.log
886011,irt_only,GHEFT,0,0.0,0,0,1,0.6334,0.6726,1.306,,,,,,,,,,,,,,,,,65.51063353584448,1.5979,42,12,293,157,116,41,28.339926,0,ok,logs/seed_886011.log
88875,irt_only,GHEFT,0,0.0,0,0,1,0.5974,0.6057,1.2031,,,,,,,,,,,,,,,,,74.55796507332273,1.4544,39,9,274,151,113,38,24.409156,0,ok,logs/seed_88875.log
911968,irt_only,GHEFT,0,0.0,0,0,1,0.6612,0.7883,1.4495,,,,,,,,,,,,,,,,,56.98689047619047,1.9243,39,9,317,143,99,44,22.714407,0,ok,logs/seed_911968.log
334656,irt_only,GHEFT,0,0.0,0,0,1,0.6504,0.6899,1.3403,,,,,,,,,,,,,,,,,50.72723015326904,1.2466,35,10,289,112,84,28,25.373705,0,ok,logs/seed_334656.log
245478,irt_only,GHEFT,0,0.0,0,0,1,0.6646,0.6264,1.291,,,,,,,,,,,,,,,,,63.338940621823625,1.5693,42,11,292,154,103,51,24.000358,0,ok,logs/seed_245478.log
614692,irt_only,GHEFT,0,0.0,0,0,1,0.6941,0.6904,1.3845,,,,,,,,,,,,,,,,,58.34167191316146,1.2919,41,11,309,167,124,43,35.024175,0,ok,logs/seed_614692.log
583839,irt_only,GHEFT,0,0.0,0,0,1,0.6218,0.5653,1.1871,,,,,,,,,,,,,,,,,60.90019234449761,1.6295,45,11,319,161,96,65,22.936489,0,ok,logs/seed_583839.log
899827,irt_only,GHEFT,0,0.0,0,0,1,0.7222,0.5953,1.3175,,,,,,,,,,,,,,,,,53.957716789395086,1.7649,48,12,309,142,104,38,33.167947,0,ok,logs/seed_899827.log
759818,irt_only,GHEFT,0,0.0,0,0,1,0.6181,0.6401,1.2582,,,,,,,,,,,,,,,,,62.483229488852174,1.5391,42,12,295,160,123,37,28.163081,0,ok,logs/seed_759818.log
536406,irt_only,GHEFT,0,0.0,0,0,1,0.6761,0.7546,1.4307,,,,,,,,,,,,,,,,,53.26461836734694,1.4116,38,10,299,158,106,52,28.967489,0,ok,logs/seed_536406.log
875025,irt_only,GHEFT,0,0.0,0,0,1,0.6635,0.6953,1.3588,,,,,,,,,,,,,,,,,58.463200999999984,1.3448,42,10,298,154,93,61,19.490131,0,ok,logs/seed_875025.log
235459,irt_only,GHEFT,0,0.0,0,0,1,0.7006,0.6424,1.343,,,,,,,,,,,,,,,,,64.93891568402978,1.3762,39,10,311,140,97,43,26.405126,0,ok,logs/seed_235459.log
737985,irt_only,GHEFT,0,0.0,0,0,1,0.6194,0.5339,1.1533,,,,,,,,,,,,,,,,,63.658850456057,1.3032,46,13,306,161,102,59,24.768325,0,ok,logs/seed_737985.log
833397,irt_only,GHEFT,0,0.0,0,0,1,0.6448,0.6195,1.2643,,,,,,,,,,,,,,,,,55.64705636717649,1.7247,36,9,265,126,81,45,18.448174,0,ok,logs/seed_833397.log
722013,irt_only,GHEFT,0,0.0,0,0,1,0.6835,0.6501,1.3336,,,,,,,,,,,,,,,,,64.64384585144091,1.6836,44,10,278,139,101,38,14.600639,0,ok,logs/seed_722013.log
519052,irt_only,GHEFT,0,0.0,0,0,1,0.7557,0.5732,1.3289,,,,,,,,,,,,,,,,,46.71987219856887,1.4043,35,11,269,119,87,32,31.209144,0,ok,logs/seed_519052.log
953927,irt_only,GHEFT,0,0.0,0,0,1,0.6687,0.5681,1.2368,,,,,,,,,,,,,,,,,52.31989111583357,1.4223,45,10,288,140,112,28,25.559422,0,ok,logs/seed_953927.log
792837,irt_only,GHEFT,0,0.0,0,0,1,0.6107,0.6164,1.2271,,,,,,,,,,,,,,,,,67.73535680473373,1.39,39,10,280,123,83,40,21.513424,0,ok,logs/seed_792837.log
271444,irt_only,GHEFT,0,0.0,0,0,1,0.749,0.6263,1.3753,,,,,,,,,,,,,,,,,60.4806367897916,1.8447,45,11,318,153,102,51,27.158943,0,ok,logs/seed_271444.log
747106,irt_only,GHEFT,0,0.0,0,0,1,0.6947,0.6644,1.3591,,,,,,,,,,,,,,,,,63.667192827831876,1.5641,45,10,302,150,103,47,31.475849,0,ok,logs/seed_747106.log
509003,irt_only,GHEFT,0,0.0,0,0,1,0.6459,0.616,1.2619,,,,,,,,,,,,,,,,,54.70977860258671,1.6568,40,9,307,131,87,44,24.37143,0,ok,logs/seed_509003.log
41751,irt_only,GHEFT,0,0.0,0,0,1,0.7851,0.7975,1.5826,,,,,,,,,,,,,,,,,51.7105170642505,1.5919,36,11,284,152,103,49,24.438611,0,ok,logs/seed_41751.log
346747,irt_only,GHEFT,0,0.0,0,0,1,0.8261,0.8173,1.6434,,,,,,,,,,,,,,,,,54.371795975706625,1.565,44,10,313,154,116,38,24.778374,0,ok,logs/seed_346747.log
147208,irt_only,GHEFT,0,0.0,0,0,1,0.7123,0.6391,1.3514,,,,,,,,,,,,,,,,,51.95744184277261,1.4745,37,10,318,131,90,41,27.566746,0,ok,logs/seed_147208.log
810767,irt_only,GHEFT,0,0.0,0,0,1,0.7047,0.5893,1.294,,,,,,,,,,,,,,,,,61.2442426616856,1.8498,42,8,316,136,95,41,22.331779,0,ok,logs/seed_810767.log
475154,irt_only,GHEFT,0,0.0,0,0,1,0.7621,0.6824,1.4445,,,,,,,,,,,,,,,,,52.90146937394246,1.3938,45,11,323,153,104,49,23.852236,0,ok,logs/seed_475154.log
444114,irt_only,GHEFT,0,0.0,0,0,1,0.6981,0.7651,1.4632,,,,,,,,,,,,,,,,,52.75884660194174,1.3656,40,11,290,135,95,40,27.033657,0,ok,logs/seed_444114.log
21690,irt_only,GHEFT,0,0.0,0,0,1,0.689,0.5808,1.2698,,,,,,,,,,,,,,,,,79.46447181174439,1.7768,36,9,291,133,84,49,17.7642,0,ok,logs/seed_21690.log
904712,irt_only,GHEFT,0,0.0,0,0,1,0.7058,0.7589,1.4647,,,,,,,,,,,,,,,,,52.67651374278698,1.606,50,11,321,165,103,62,23.854549,0,ok,logs/seed_904712.log
724949,irt_only,GHEFT,0,0.0,0,0,1,0.6669,0.5961,1.263,,,,,,,,,,,,,,,,,52.61995929499467,1.2224,45,12,332,167,112,55,20.230652,0,ok,logs/seed_724949.log
104040,irt_only,GHEFT,0,0.0,0,0,1,0.6092,0.7334,1.3426,,,,,,,,,,,,,,,,,61.99598985017421,1.784,40,11,300,162,109,53,17.967945,0,ok,logs/seed_104040.log
468918,irt_only,GHEFT,0,0.0,0,0,1,0.7349,0.8723,1.6072,,,,,,,,,,,,,,,,,59.71471782438058,1.3275,31,8,285,123,87,36,11.555284,0,ok,logs/seed_468918.log
47836,irt_only,GHEFT,0,0.0,0,0,1,0.6794,0.571,1.2504,,,,,,,,,,,,,,,,,52.28023967039435,1.5078,38,9,315,145,100,45,9.963806,0,ok,logs/seed_47836.log
441476,irt_only,GHEFT,0,0.0,0,0,1,0.6193,0.5878,1.2071,,,,,,,,,,,,,,,,,55.33695161023946,1.6876,52,11,300,168,122,46,9.657103,0,ok,logs/seed_441476.log
551870,irt_only,GHEFT,0,0.0,0,0,1,0.6781,0.6704,1.3485,,,,,,,,,,,,,,,,,61.1217595431098,1.6381,48,12,313,157,115,42,11.026985,0,ok,logs/seed_551870.log
570939,irt_only,GHEFT,0,0.0,0,0,1,0.754,0.6622,1.4162,,,,,,,,,,,,,,,,,61.30410512979352,1.514,53,12,341,185,129,56,12.2494,0,ok,logs/seed_570939.log
110385,irt_only,GHEFT,0,0.0,0,0,1,0.6623,0.692,1.3543,,,,,,,,,,,,,,,,,56.49468787878788,1.4431,44,11,320,170,114,56,10.470224,0,ok,logs/seed_110385.log
465624,irt_only,GHEFT,0,0.0,0,0,1,0.5974,0.5065,1.1039,,,,,,,,,,,,,,,,,63.036130593002774,2.1506,42,11,284,151,90,61,7.842105,0,ok,logs/seed_465624.log
785434,irt_only,GHEFT,0,0.0,0,0,1,0.665,0.5615,1.2265,,,,,,,,,,,,,,,,,52.789448604215465,1.3702,48,11,308,152,101,51,9.538054,0,ok,logs/seed_785434.log
274202,irt_only,GHEFT,0,0.0,0,0,1,0.6544,0.6256,1.28,,,,,,,,,,,,,,,,,61.73394538401862,1.5467,52,12,310,164,108,56,9.720489,0,ok,logs/seed_274202.log
384098,irt_only,GHEFT,0,0.0,0,0,1,0.6582,0.7238,1.382,,,,,,,,,,,,,,,,,62.79424122346369,1.7111,35,11,288,133,92,41,8.228385,0,ok,logs/seed_384098.log
260865,irt_only,GHEFT,0,0.0,0,0,1,0.7863,0.9425,1.7288,,,,,,,,,,,,,,,,,53.43156325411335,1.5107,37,9,309,146,97,49,7.40167,0,ok,logs/seed_260865.log
857320,irt_only,GHEFT,0,0.0,0,0,1,0.738,0.63,1.368,,,,,,,,,,,,,,,,,63.778542914191426,2.0655,50,12,304,167,106,61,6.888911,0,ok,logs/seed_857320.log
307981,irt_only,GHEFT,0,0.0,0,0,1,0.6875,0.6505,1.338,,,,,,,,,,,,,,,,,66.86872552552552,1.7818,51,12,320,165,98,67,9.378036,0,ok,logs/seed_307981.log
977105,irt_only,GHEFT,0,0.0,0,0,1,0.6828,0.8295,1.5123,,,,,,,,,,,,,,,,,54.09687086172984,1.4941,38,8,331,132,88,44,9.860055,0,ok,logs/seed_977105.log
795094,irt_only,GHEFT,0,0.0,0,0,1,0.5769,0.568,1.1449,,,,,,,,,,,,,,,,,56.388046910290235,1.5011,43,11,320,154,97,57,7.686082,0,ok,logs/seed_795094.log
598248,irt_only,GHEFT,0,0.0,0,0,1,0.6548,0.5846,1.2394,,,,,,,,,,,,,,,,,54.49739705604567,1.1867,36,10,289,134,97,37,29.412988,0,ok,logs/seed_598248.log
617822,irt_only,GHEFT,0,0.0,0,0,1,0.5221,0.5361,1.0582,,,,,,,,,,,,,,,,,53.800361998810956,1.5859,46,10,316,164,109,55,22.338018,0,ok,logs/seed_617822.log
530710,irt_only,GHEFT,0,0.0,0,0,1,0.6144,0.6845,1.2989,,,,,,,,,,,,,,,,,58.79903122831366,1.2289,42,11,326,168,124,44,30.930292,0,ok,logs/seed_530710.log
181371,irt_only,GHEFT,0,0.0,0,0,1,0.6635,0.5496,1.2131,,,,,,,,,,,,,,,,,57.959423364485986,1.5264,45,10,314,152,96,56,25.909949,0,ok,logs/seed_181371.log
239698,irt_only,GHEFT,0,0.0,0,0,1,0.6682,0.5782,1.2464,,,,,,,,,,,,,,,,,54.222592000268946,1.2976,38,9,309,127,89,38,27.432855,0,ok,logs/seed_239698.log
945780,irt_only,GHEFT,0,0.0,0,0,1,0.6808,0.8046,1.4854,,,,,,,,,,,,,,,,,56.76214723440454,1.3567,39,10,305,147,85,62,21.330068,0,ok,logs/seed_945780.log
454302,irt_only,GHEFT,0,0.0,0,0,1,0.726,0.8412,1.5672,,,,,,,,,,,,,,,,,48.99623437500001,1.4335,34,8,292,133,90,43,22.587698,0,ok,logs/seed_454302.log
687120,irt_only,GHEFT,0,0.0,0,0,1,0.6227,0.5923,1.215,,,,,,,,,,,,,,,,,61.33017272098163,1.6684,44,12,262,141,92,49,24.403919,0,ok,logs/seed_687120.log
911463,irt_only,GHEFT,0,0.0,0,0,1,0.6883,0.5832,1.2715,,,,,,,,,,,,,,,,,47.356715084525355,1.2644,36,10,297,136,99,37,30.203203,0,ok,logs/seed_911463.log
979494,irt_only,GHEFT,0,0.0,0,0,1,0.6937,0.7205,1.4142,,,,,,,,,,,,,,,,,52.04992977099238,1.4298,44,11,313,150,96,54,28.433723,0,ok,logs/seed_979494.log
840574,irt_only,GHEFT,0,0.0,0,0,1,0.6521,0.7264,1.3785,,,,,,,,,,,,,,,,,55.59267667670426,1.3473,46,10,315,143,103,40,27.669868,0,ok,logs/seed_840574.log
877832,irt_only,GHEFT,0,0.0,0,0,1,0.7224,0.7769,1.4993,,,,,,,,,,,,,,,,,60.51252322222224,1.5,39,8,319,137,101,36,25.741892,0,ok,logs/seed_877832.log
845918,irt_only,GHEFT,0,0.0,0,0,1,0.7742,0.7094,1.4836,,,,,,,,,,,,,,,,,51.540499999999994,1.405,42,11,291,143,100,43,26.113548,0,ok,logs/seed_845918.log
336942,irt_only,GHEFT,0,0.0,0,0,1,0.7168,0.7381,1.4549,,,,,,,,,,,,,,,,,59.534470515950076,1.788,53,12,330,178,120,58,34.198647,0,ok,logs/seed_336942.log
100720,irt_only,GHEFT,0,0.0,0,0,1,0.6154,0.5862,1.2016,,,,,,,,,,,,,,,,,68.86147637091987,1.6174,44,12,328,166,119,47,30.89641,0,ok,logs/seed_100720.log
200909,irt_only,GHEFT,0,0.0,0,0,1,0.7273,0.7404,1.4677,,,,,,,,,,,,,,,,,48.71870685836964,1.5663,38,9,314,156,103,53,21.309489,0,ok,logs/seed_200909.log
442852,irt_only,GHEFT,0,0.0,0,0,1,0.6951,0.6029,1.298,,,,,,,,,,,,,,,,,54.87633636363636,1.7219,43,10,310,146,101,45,28.680117,0,ok,logs/seed_442852.log
841786,irt_only,GHEFT,0,0.0,0,0,1,0.6745,0.7071,1.3816,,,,,,,,,,,,,,,,,51.85179396615158,1.6024,46,11,315,144,97,47,30.405999,0,ok,logs/seed_841786.log
966897,irt_only,GHEFT,0,0.0,0,0,1,0.6772,0.6811,1.3583,,,,,,,,,,,,,,,,,51.521082831567256,1.3328,43,9,311,158,119,39,29.306488,0,ok,logs/seed_966897.log
669763,irt_only,GHEFT,0,0.0,0,0,1,0.6777,0.6857,1.3634,,,,,,,,,,,,,,,,,70.09704282380615,1.8175,45,10,304,164,105,59,32.611098,0,ok,logs/seed_669763.log
920861,irt_only,GHEFT,0,0.0,0,0,1,0.6724,0.6607,1.3331,,,,,,,,,,,,,,,,,59.81277922077923,1.6673,38,9,317,140,101,39,25.908883,0,ok,logs/seed_920861.log
584307,irt_only,GHEFT,0,0.0,0,0,1,0.6136,0.7712,1.3848,,,,,,,,,,,,,,,,,63.052150049429656,1.8777,41,9,326,158,95,63,31.285334,0,ok,logs/seed_584307.log
747314,irt_only,GHEFT,0,0.0,0,0,1,0.641,0.6805,1.3215,,,,,,,,,,,,,,,,,58.21405781466112,1.5421,44,10,322,135,90,45,30.250826,0,ok,logs/seed_747314.log
197715,irt_only,GHEFT,0,0.0,0,0,1,0.6637,0.6872,1.3509,,,,,,,,,,,,,,,,,56.23743833992095,1.463,37,9,311,130,86,44,26.278254,0,ok,logs/seed_197715.log
891603,irt_only,GHEFT,0,0.0,0,0,1,0.6262,0.587,1.2132,,,,,,,,,,,,,,,,,55.44590721347908,1.7653,48,11,313,169,118,51,29.985354,0,ok,logs/seed_891603.log
811812,irt_only,GHEFT,0,0.0,0,0,1,0.6702,0.6458,1.316,,,,,,,,,,,,,,,,,82.23926827371696,1.8691,45,11,317,182,121,61,31.729171,0,ok,logs/seed_811812.log
920333,irt_only,GHEFT,0,0.0,0,0,1,0.636,0.6783,1.3143,,,,,,,,,,,,,,,,,61.75075476344087,1.2312,34,9,288,148,107,41,22.612285,0,ok,logs/seed_920333.log
824191,irt_only,GHEFT,0,0.0,0,0,1,0.6856,0.7476,1.4332,,,,,,,,,,,,,,,,,68.61452222222222,1.6938,45,11,315,155,104,51,27.796495,0,ok,logs/seed_824191.log
674701,irt_only,GHEFT,0,0.0,0,0,1,0.5865,0.6264,1.2129,,,,,,,,,,,,,,,,,86.27194882608696,1.8886,48,10,309,156,97,59,26.966111,0,ok,logs/seed_674701.log
738670,irt_only,GHEFT,0,0.0,0,0,1,0.718,0.624,1.342,,,,,,,,,,,,,,,,,55.064241095890424,1.5261,48,11,337,171,117,54,33.454931,0,ok,logs/seed_738670.log
85247,irt_only,GHEFT,0,0.0,0,0,1,0.6133,0.5772,1.1905,,,,,,,,,,,,,,,,,79.72440370370371,1.8478,43,10,300,167,107,60,30.893967,0,ok,logs/seed_85247.log
857484,irt_only,GHEFT,0,0.0,0,0,1,0.5864,0.5814,1.1678,,,,,,,,,,,,,,,,,62.3676352104675,1.4505,37,11,305,141,95,46,32.215704,0,ok,logs/seed_857484.log
223082,irt_only,GHEFT,0,0.0,0,0,1,0.6171,0.6287,1.2458,,,,,,,,,,,,,,,,,57.222390379432696,1.568,41,11,301,150,99,51,26.147446,0,ok,logs/seed_223082.log
481168,irt_only,GHEFT,0,0.0,0,0,1,0.7364,0.9117,1.6481,,,,,,,,,,,,,,,,,56.68122741312742,1.6019,36,10,303,153,100,53,29.679815,0,ok,logs/seed_481168.log
435943,irt_only,GHEFT,0,0.0,0,0,1,0.6066,0.6703,1.2769,,,,,,,,,,,,,,,,,63.73657463184078,1.3207,43,10,310,154,104,50,33.816989,0,ok,logs/seed_435943.log
502778,irt_only,GHEFT,0,0.0,0,0,1,0.6801,0.7441,1.4242,,,,,,,,,,,,,,,,,64.86690151057402,1.4408,35,10,289,118,89,29,23.079999,0,ok,logs/seed_502778.log
324171,irt_only,GHEFT,0,0.0,0,0,1,0.5838,0.5677,1.1515,,,,,,,,,,,,,,,,,61.806792821273966,1.4738,47,11,323,155,113,42,30.336855,0,ok,logs/seed_324171.log
339100,irt_only,GHEFT,0,0.0,0,0,1,0.5811,0.4902,1.0713,,,,,,,,,,,,,,,,,55.59275443499392,1.1957,40,11,299,161,118,43,30.829812,0,ok,logs/seed_339100.log
33498,irt_only,GHEFT,0,0.0,0,0,1,0.8209,0.7431,1.564,,,,,,,,,,,,,,,,,43.63930153475937,1.0789,40,10,308,147,100,47,31.124179,0,ok,logs/seed_33498.log
658947,irt_only,GHEFT,0,0.0,0,0,1,0.6911,0.657,1.3481,,,,,,,,,,,,,,,,,52.62421466326791,1.3035,43,11,315,131,94,37,28.064363,0,ok,logs/seed_658947.log
14026,irt_only,GHEFT,0,0.0,0,0,1,0.6644,0.5907,1.2551,,,,,,,,,,,,,,,,,55.23639689703807,1.6181,38,10,285,134,101,33,29.812344,0,ok,logs/seed_14026.log
368769,irt_only,GHEFT,0,0.0,0,0,1,0.6977,0.8685,1.5662,,,,,,,,,,,,,,,,,50.608185615384606,1.3034,32,9,302,134,94,40,28.598732,0,ok,logs/seed_368769.log
863024,irt_only,GHEFT,0,0.0,0,0,1,0.6939,0.7718,1.4657,,,,,,,,,,,,,,,,,56.7429019174312,1.286,38,11,291,155,119,36,30.118498,0,ok,logs/seed_863024.log
343909,irt_only,GHEFT,0,0.0,0,0,1,0.6952,0.6529,1.3481,,,,,,,,,,,,,,,,,52.14060559363957,1.6273,49,10,303,147,98,49,27.493141,0,ok,logs/seed_343909.log
333507,irt_only,GHEFT,0,0.0,0,0,1,0.6563,0.7772,1.4335,,,,,,,,,,,,,,,,,64.384384375,1.5677,37,8,286,143,96,47,28.907063,0,ok,logs/seed_333507.log
661131,irt_only,GHEFT,0,0.0,0,0,1,0.7173,0.7076,1.4249,,,,,,,,,,,,,,,,,50.400031382316314,1.3135,36,8,308,142,99,43,26.787021,0,ok,logs/seed_661131.log
957275,irt_only,GHEFT,0,0.0,0,0,1,0.7266,0.7766,1.5032,,,,,,,,,,,,,,,,,48.24482990697675,1.1984,34,9,290,143,82,61,24.041906,0,ok,logs/seed_957275.log
999032,irt_only,GHEFT,0,0.0,0,0,1,0.7155,0.6605,1.376,,,,,,,,,,,,,,,,,56.04156937547027,1.3358,42,10,295,134,103,31,28.288898,0,ok,logs/seed_999032.log
106107,irt_only,GHEFT,0,0.0,0,0,1,0.7237,0.657,1.3807,,,,,,,,,,,,,,,,,68.5499909365559,1.9362,38,12,294,184,121,63,27.878025,0,ok,logs/seed_106107.log
892937,irt_only,GHEFT,0,0.0,0,0,1,0.6258,0.6254,1.2512,,,,,,,,,,,,,,,,,54.88134445507155,1.2101,37,10,277,133,99,34,21.679295,0,ok,logs/seed_892937.log
500359,irt_only,GHEFT,0,0.0,0,0,1,0.6806,0.7205,1.4011,,,,,,,,,,,,,,,,,54.023187553648086,1.4236,37,10,293,146,109,37,27.67102,0,ok,logs/seed_500359.log
709021,irt_only,GHEFT,0,0.0,0,0,1,0.6218,0.6383,1.2601,,,,,,,,,,,,,,,,,61.10629328063241,1.488,44,10,307,147,100,47,24.459464,0,ok,logs/seed_709021.log
616809,irt_only,GHEFT,0,0.0,0,0,1,0.6824,0.5654,1.2478,,,,,,,,,,,,,,,,,76.44155205479454,2.359,49,11,309,176,127,49,34.802668,0,ok,logs/seed_616809.log
964750,irt_only,GHEFT,0,0.0,0,0,1,0.6358,0.5796,1.2154,,,,,,,,,,,,,,,,,56.96594054512635,1.4838,48,11,325,169,105,64,26.724919,0,ok,logs/seed_964750.log
347599,irt_only,GHEFT,0,0.0,0,0,1,0.6646,0.5927,1.2573,,,,,,,,,,,,,,,,,62.70149476458959,1.6818,48,13,301,165,121,44,23.398668,0,ok,logs/seed_347599.log
561541,irt_only,GHEFT,0,0.0,0,0,1,0.6924,0.6356,1.328,,,,,,,,,,,,,,,,,60.01347906976745,1.7064,43,11,279,155,116,39,25.695652,0,ok,logs/seed_561541.log
35471,irt_only,GHEFT,0,0.0,0,0,1,0.6834,0.6006,1.284,,,,,,,,,,,,,,,,,55.607133029612754,1.3885,47,8,321,158,96,62,31.704792,0,ok,logs/seed_35471.log
530889,irt_only,GHEFT,0,0.0,0,0,1,0.6593,0.5839,1.2432,,,,,,,,,,,,,,,,,58.273320063545164,1.2973,46,14,320,171,103,68,35.00768,0,ok,logs/seed_530889.log
435171,irt_only,GHEFT,0,0.0,0,0,1,0.579,0.724,1.303,,,,,,,,,,,,,,,,,72.13435334983322,1.7789,31,9,260,131,95,36,24.452213,0,ok,logs/seed_435171.log
857091,irt_only,GHEFT,0,0.0,0,0,1,0.6587,0.6702,1.3289,,,,,,,,,,,,,,,,,70.43379107014681,1.8782,44,10,300,167,124,43,30.282869,0,ok,logs/seed_857091.log
266083,irt_only,GHEFT,0,0.0,0,0,1,0.6416,0.7218,1.3634,,,,,,,,,,,,,,,,,51.93401300252441,1.5576,35,8,309,131,94,37,29.381371,0,ok,logs/seed_266083.log
843150,irt_only,GHEFT,0,0.0,0,0,1,0.69,0.8205,1.5105,,,,,,,,,,,,,,,,,57.50736228407314,1.3879,36,9,276,130,96,34,22.779561,0,ok,logs/seed_843150.log
323855,irt_only,GHEFT,0,0.0,0,0,1,0.6689,0.8028,1.4717,,,,,,,,,,,,,,,,,60.12912733006307,1.5449,41,10,320,146,102,44,32.833872,0,ok,logs/seed_323855.log
759997,irt_only,GHEFT,0,0.0,0,0,1,0.6351,0.809,1.4441,,,,,,,,,,,,,,,,,70.2060524413619,1.7608,38,9,303,157,108,49,28.288904,0,ok,logs/seed_759997.log
233845,irt_only,GHEFT,0,0.0,0,0,1,0.669,0.6641,1.3331,,,,,,,,,,,,,,,,,57.021946787479415,1.198,47,12,319,172,108,64,26.803894,0,ok,logs/seed_233845.log
397130,irt_only,GHEFT,0,0.0,0,0,1,0.7189,0.8042,1.5231,,,,,,,,,,,,,,,,,62.335328010645384,1.557,47,10,303,155,108,47,27.419317,0,ok,logs/seed_397130.log
683545,irt_only,GHEFT,0,0.0,0,0,1,0.6621,0.7599,1.422,,,,,,,,,,,,,,,,,59.09874761904763,1.6846,40,10,320,157,113,44,30.925295,0,ok,logs/seed_683545.log
265770,irt_only,GHEFT,0,0.0,0,0,1,0.7418,0.5925,1.3343,,,,,,,,,,,,,,,,,52.07744985151429,1.3192,48,12,313,159,117,42,31.270244,0,ok,logs/seed_265770.log
820890,irt_only,GHEFT,0,0.0,0,0,1,0.6612,0.738,1.3992,,,,,,,,,,,,,,,,,60.82502346577275,1.871,34,9,305,127,100,27,26.49657,0,ok,logs/seed_820890.log
878022,irt_only,GHEFT,0,0.0,0,0,1,0.5895,0.7068,1.2963,,,,,,,,,,,,,,,,,73.5263432122371,1.7882,44,13,295,160,105,55,30.939288,0,ok,logs/seed_878022.log
160041,irt_only,GHEFT,0,0.0,0,0,1,0.7631,0.8278,1.5909,,,,,,,,,,,,,,,,,61.57338504672897,1.5726,42,9,313,149,99,50,35.078627,0,ok,logs/seed_160041.log
904461,irt_only,GHEFT,0,0.0,0,0,1,0.7506,0.8226,1.5732,,,,,,,,,,,,,,,,,49.38052012678288,1.2336,40,12,302,159,107,52,33.476987,0,ok,logs/seed_904461.log
641339,irt_only,GHEFT,0,0.0,0,0,1,0.7666,0.9473,1.7139,,,,,,,,,,,,,,,,,53.28813715117216,1.1185,34,9,313,153,106,47,26.897301,0,ok,logs/seed_641339.log
980412,irt_only,GHEFT,0,0.0,0,0,1,0.7139,0.6292,1.3431,,,,,,,,,,,,,,,,,54.58703157894737,1.5029,37,11,266,130,97,33,25.196025,0,ok,logs/seed_980412.log
509693,irt_only,GHEFT,0,0.0,0,0,1,0.7023,0.665,1.3673,,,,,,,,,,,,,,,,,73.68886066214762,1.7753,44,13,311,187,133,54,41.591163,0,ok,logs/seed_509693.log
89260,irt_only,GHEFT,0,0.0,0,0,1,0.6986,0.784,1.4826,,,,,,,,,,,,,,,,,61.45167360301551,1.6996,36,11,308,169,116,53,32.995583,0,ok,logs/seed_89260.log
49537,irt_only,GHEFT,0,0.0,0,0,1,0.724,0.762,1.486,,,,,,,,,,,,,,,,,54.65865913204509,1.8898,40,10,329,172,115,57,38.574706,0,ok,logs/seed_49537.log
632773,irt_only,GHEFT,0,0.0,0,0,1,0.7022,0.6335,1.3357,,,,,,,,,,,,,,,,,54.49612631444242,1.5001,40,11,288,149,106,43,27.799463,0,ok,logs/seed_632773.log
806015,irt_only,GHEFT,0,0.0,0,0,1,0.7084,0.6304,1.3388,,,,,,,,,,,,,,,,,45.04615273818455,1.2259,45,8,338,150,106,44,34.373389,0,ok,logs/seed_806015.log
77261,irt_only,GHEFT,0,0.0,0,0,1,0.6464,0.6308,1.2772,,,,,,,,,,,,,,,,,54.67298038058886,1.5593,42,11,296,146,93,53,26.494696,0,ok,logs/seed_77261.log
928757,irt_only,GHEFT,0,0.0,0,0,1,0.7217,0.6676,1.3893,,,,,,,,,,,,,,,,,67.14758590250331,1.6135,39,10,303,143,95,48,27.804341,0,ok,logs/seed_928757.log
101503,irt_only,GHEFT,0,0.0,0,0,1,0.7155,0.8107,1.5262,,,,,,,,,,,,,,,,,54.21214545454544,1.4509,36,10,286,147,103,44,30.647544,0,ok,logs/seed_101503.log
771006,irt_only,GHEFT,0,0.0,0,0,1,0.7838,0.7097,1.4935,,,,,,,,,,,,,,,,,61.39281691542289,1.6705,32,8,276,140,101,39,25.711646,0,ok,logs/seed_771006.log
980797,irt_only,GHEFT,0,0.0,0,0,1,0.7019,0.8598,1.5617,,,,,,,,,,,,,,,,,61.477687565370424,1.7464,40,12,271,149,100,49,30.004651,0,ok,logs/seed_980797.log
810307,irt_only,GHEFT,0,0.0,0,0,1,0.7779,0.7393,1.5172,,,,,,,,,,,,,,,,,56.60040392156863,1.8137,46,12,290,154,103,51,31.535287,0,ok,logs/seed_810307.log
601855,irt_only,GHEFT,0,0.0,0,0,1,0.6361,0.5811,1.2172,,,,,,,,,,,,,,,,,71.50294017472119,1.4627,46,12,296,175,112,63,25.150729,0,ok,logs/seed_601855.log
315131,irt_only,GHEFT,0,0.0,0,0,1,0.6158,0.6916,1.3074,,,,,,,,,,,,,,,,,78.30206462038664,1.7264,41,9,310,136,97,39,27.303526,0,ok,logs/seed_315131.log
857672,irt_only,GHEFT,0,0.0,0,0,1,0.6974,0.6253,1.3227,,,,,,,,,,,,,,,,,54.04387679083095,1.4339,41,11,294,175,120,55,23.836924,0,ok,logs/seed_857672.log
301408,irt_only,GHEFT,0,0.0,0,0,1,0.5836,0.6498,1.2334,,,,,,,,,,,,,,,,,59.737888324873104,1.5431,44,12,290,156,97,59,23.590098,0,ok,logs/seed_301408.log
477074,irt_only,GHEFT,0,0.0,0,0,1,0.6507,0.6667,1.3174,,,,,,,,,,,,,,,,,70.09748552579033,1.9106,39,10,312,121,89,32,26.114089,0,ok,logs/seed_477074.log
856925,irt_only,GHEFT,0,0.0,0,0,1,0.6521,0.6305,1.2826,,,,,,,,,,,,,,,,,77.6704,2.0703,42,10,280,124,86,38,26.454089,0,ok,logs/seed_856925.log
358293,irt_only,GHEFT,0,0.0,0,0,1,0.6169,0.5684,1.1853,,,,,,,,,,,,,,,,,57.48629679572765,1.635,50,11,315,149,111,38,30.380753,0,ok,logs/seed_358293.log
419060,irt_only,GHEFT,0,0.0,0,0,1,0.6535,0.6198,1.2733,,,,,,,,,,,,,,,,,51.78323773085846,1.2149,38,10,298,148,101,47,24.26909,0,ok,logs/seed_419060.log
279827,irt_only,GHEFT,0,0.0,0,0,1,0.647,0.6811,1.3281,,,,,,,,,,,,,,,,,49.01314495440578,1.2586,41,11,307,131,94,37,31.710405,0,ok,logs/seed_279827.log
492206,irt_only,GHEFT,0,0.0,0,0,1,0.6596,0.7714,1.431,,,,,,,,,,,,,,,,,54.39038497854079,1.5577,45,10,284,145,100,45,25.053958,0,ok,logs/seed_492206.log
899477,irt_only,GHEFT,0,0.0,0,0,1,0.7218,0.6538,1.3756,,,,,,,,,,,,,,,,,57.534488679245285,1.9706,39,10,305,158,105,53,29.600706,0,ok,logs/seed_899477.log
598216,irt_only,GHEFT,0,0.0,0,0,1,0.6686,0.8032,1.4718,,,,,,,,,,,,,,,,,60.61276391285912,1.5757,52,11,330,154,112,42,39.26295,0,ok,logs/seed_598216.log
792100,irt_only,GHEFT,0,0.0,0,0,1,0.6542,0.6323,1.2865,,,,,,,,,,,,,,,,,58.98177272727274,1.5319,37,9,287,151,108,43,29.550431,0,ok,logs/seed_792100.log
600819,irt_only,GHEFT,0,0.0,0,0,1,0.8135,0.7806,1.5941,,,,,,,,,,,,,,,,,52.611999483204144,1.3626,40,11,285,154,109,45,36.70856,0,ok,logs/seed_600819.log
141930,irt_only,GHEFT,0,0.0,0,0,1,0.7671,0.5844,1.3515,,,,,,,,,,,,,,,,,71.75786982248522,1.3173,43,10,317,152,113,39,33.637084,0,ok,logs/seed_141930.log
92175,irt_only,GHEFT,0,0.0,0,0,1,0.6449,0.5608,1.2057,,,,,,,,,,,,,,,,,48.887272327044016,1.5721,44,10,316,155,102,53,28.151406,0,ok,logs/seed_92175.log
814416,irt_only,GHEFT,0,0.0,0,0,1,0.637,0.5943,1.2313,,,,,,,,,,,,,,,,,74.93390722891567,1.3681,37,11,286,144,108,36,25.121343,0,ok,logs/seed_814416.log
219838,irt_only,GHEFT,0,0.0,0,0,1,0.7275,0.6783,1.4058,,,,,,,,,,,,,,,,,46.20810316550117,1.4651,44,11,300,139,101,38,26.126639,0,ok,logs/seed_219838.log
826599,irt_only,GHEFT,0,0.0,0,0,1,0.7216,0.7067,1.4283,,,,,,,,,,,,,,,,,52.933630687830686,1.5205,44,12,315,176,105,71,29.975725,0,ok,logs/seed_826599.log
872887,irt_only,GHEFT,0,0.0,0,0,1,0.6417,0.6469,1.2886,,,,,,,,,,,,,,,,,75.58975889473685,1.7652,45,12,316,158,105,53,30.47076,0,ok,logs/seed_872887.log
9276,irt_only,GHEFT,0,0.0,0,0,1,0.6574,0.6377,1.2951,,,,,,,,,,,,,,,,,60.432850216450205,1.7486,44,13,284,129,87,42,32.092205,0,ok,logs/seed_9276.log
476843,irt_only,GHEFT,0,0.0,0,0,1,0.615,0.6471,1.2621,,,,,,,,,,,,,,,,,63.38985143338955,1.3503,41,11,299,150,99,51,31.430635,0,ok,logs/seed_476843.log
669745,irt_only,GHEFT,0,0.0,0,0,1,0.7192,0.7729,1.4921,,,,,,,,,,,,,,,,,57.558805597579415,1.396,41,11,312,148,93,55,33.672008,0,ok,logs/seed_669745.log
348419,irt_only,GHEFT,0,0.0,0,0,1,0.627,0.6824,1.3094,,,,,,,,,,,,,,,,,63.834426525502565,1.5718,41,10,301,153,107,46,29.656592,0,ok,logs/seed_348419.log
459262,irt_only,GHEFT,0,0.0,0,0,1,0.6354,0.5257,1.1611,,,,,,,,,,,,,,,,,64.1636370044053,1.5004,52,11,336,170,118,52,37.887889,0,ok,logs/seed_459262.log
953735,irt_only,GHEFT,0,0.0,0,0,1,0.7409,0.7747,1.5156,,,,,,,,,,,,,,,,,69.99621453287197,1.6895,39,12,306,137,94,43,23.464106,0,ok,logs/seed_953735.log
438523,irt_only,GHEFT,0,0.0,0,0,1,0.6768,0.6774,1.3542,,,,,,,,,,,,,,,,,51.84443627980536,1.3442,37,8,295,134,86,48,27.556952,0,ok,logs/seed_438523.log
671488,irt_only,GHEFT,0,0.0,0,0,1,0.7793,0.7383,1.5176,,,,,,,,,,,,,,,,,50.77423415536376,1.4491,42,8,303,135,83,52,24.295568,0,ok,logs/seed_671488.log
959396,irt_only,GHEFT,0,0.0,0,0,1,0.6335,0.615,1.2485,,,,,,,,,,,,,,,,,56.4934520661157,1.4625,44,11,307,162,114,48,30.064726,0,ok,logs/seed_959396.log
127531,irt_only,GHEFT,0,0.0,0,0,1,0.7499,0.6768,1.4267,,,,,,,,,,,,,,,,,70.22731724137931,1.8579,43,9,301,145,100,45,27.402643,0,ok,logs/seed_127531.log
720158,irt_only,GHEFT,0,0.0,0,0,1,0.6087,0.5074,1.1161,,,,,,,,,,,,,,,,,49.60852966894199,1.3829,42,10,306,132,90,42,23.338546,0,ok,logs/seed_720158.log
616958,irt_only,GHEFT,0,0.0,0,0,1,0.7177,0.6337,1.3514,,,,,,,,,,,,,,,,,58.67390586288536,1.3836,51,10,334,171,116,55,31.440662,0,ok,logs/seed_616958.log
767920,irt_only,GHEFT,0,0.0,0,0,1,0.6593,0.5788,1.2381,,,,,,,,,,,,,,,,,44.43118991049634,1.2779,44,11,309,147,106,41,23.167948,0,ok,logs/seed_767920.log
286030,irt_only,GHEFT,0,0.0,0,0,1,0.5988,0.6391,1.2379,,,,,,,,,,,,,,,,,59.18873137254902,1.4031,43,11,287,134,93,41,22.877189,0,ok,logs/seed_286030.log
18671,irt_only,GHEFT,0,0.0,0,0,1,0.5573,0.5935,1.1508,,,,,,,,,,,,,,,,,56.30018748537028,1.2867,38,10,293,135,101,34,25.853659,0,ok,logs/seed_18671.log
348701,irt_only,GHEFT,0,0.0,0,0,1,0.6132,0.6126,1.2258,,,,,,,,,,,,,,,,,68.28889891219892,1.395,42,11,305,140,106,34,26.503889,0,ok,logs/seed_348701.log
630160,irt_only,GHEFT,0,0.0,0,0,1,0.6565,0.6168,1.2733,,,,,,,,,,,,,,,,,53.230701,1.6113,48,11,317,171,107,64,26.572864,0,ok,logs/seed_630160.log
534421,irt_only,GHEFT,0,0.0,0,0,1,0.5758,0.556,1.1318,,,,,,,,,,,,,,,,,51.42033247143716,1.457,42,10,311,153,102,51,28.09275,0,ok,logs/seed_534421.log
550498,irt_only,GHEFT,0,0.0,0,0,1,0.6176,0.7919,1.4095,,,,,,,,,,,,,,,,,59.123692156862724,1.1182,30,9,279,120,97,23,28.465021,0,ok,logs/seed_550498.log
440724,irt_only,GHEFT,0,0.0,0,0,1,0.6406,0.5895,1.2301,,,,,,,,,,,,,,,,,57.72622957142857,1.4461,41,9,307,137,102,35,25.069616,0,ok,logs/seed_440724.log
475946,irt_only,GHEFT,0,0.0,0,0,1,0.6736,0.7497,1.4233,,,,,,,,,,,,,,,,,71.43418746748682,1.8206,41,10,317,156,104,52,29.936762,0,ok,logs/seed_475946.log
522340,irt_only,GHEFT,0,0.0,0,0,1,0.786,0.681,1.467,,,,,,,,,,,,,,,,,52.15150176322418,1.5404,40,10,308,122,97,25,27.949308,0,ok,logs/seed_522340.log
514258,irt_only,GHEFT,0,0.0,0,0,1,0.6317,0.7265,1.3582,,,,,,,,,,,,,,,,,81.52687749429147,1.6101,34,9,306,146,102,44,32.004709,0,ok,logs/seed_514258.log
222457,irt_only,GHEFT,0,0.0,0,0,1,0.6645,0.7932,1.4577,,,,,,,,,,,,,,,,,62.73534050889463,1.6441,38,9,301,147,102,45,25.204114,0,ok,logs/seed_222457.log
769416,irt_only,GHEFT,0,0.0,0,0,1,0.6371,0.6549,1.292,,,,,,,,,,,,,,,,,56.90690598442367,1.7061,33,10,255,117,88,29,17.936257,0,ok,logs/seed_769416.log
429996,irt_only,GHEFT,0,0.0,0,0,1,0.6232,0.55,1.1732,,,,,,,,,,,,,,,,,68.30067710843375,1.5959,49,12,349,185,133,52,32.555026,0,ok,logs/seed_429996.log
657311,irt_only,GHEFT,0,0.0,0,0,1,0.603,0.602,1.205,,,,,,,,,,,,,,,,,60.99290414507772,1.2689,44,12,309,141,112,29,26.505015,0,ok,logs/seed_657311.log
402349,irt_only,GHEFT,0,0.0,0,0,1,0.7037,0.6116,1.3153,,,,,,,,,,,,,,,,,52.493474442897515,1.345,40,11,292,150,101,49,22.665902,0,ok,logs/seed_402349.log
434184,irt_only,GHEFT,0,0.0,0,0,1,0.6971,0.6454,1.3425,,,,,,,,,,,,,,,,,65.07935238095239,1.6312,53,13,307,169,109,60,23.902503,0,ok,logs/seed_434184.log
786598,irt_only,GHEFT,0,0.0,0,0,1,0.6422,0.5257,1.1679,,,,,,,,,,,,,,,,,63.155972417854464,1.711,46,12,315,140,94,46,29.828003,0,ok,logs/seed_786598.log
101351,irt_only,GHEFT,0,0.0,0,0,1,0.699,0.7174,1.4164,,,,,,,,,,,,,,,,,61.22217762938231,1.8446,44,10,326,166,111,55,23.871129,0,ok,logs/seed_101351.log
155305,irt_only,GHEFT,0,0.0,0,0,1,0.643,0.6568,1.2998,,,,,,,,,,,,,,,,,49.56721484109855,1.4346,41,9,320,146,105,41,24.643255,0,ok,logs/seed_155305.log
218988,irt_only,GHEFT,0,0.0,0,0,1,0.64,0.7063,1.3463,,,,,,,,,,,,,,,,,61.43777891156464,1.5221,32,9,305,154,105,49,29.175547,0,ok,logs/seed_218988.log
981581,irt_only,GHEFT,0,0.0,0,0,1,0.6383,0.66,1.2983,,,,,,,,,,,,,,,,,53.37614972239359,1.3349,43,10,297,158,118,40,34.366881,0,ok,logs/seed_981581.log
495855,irt_only,GHEFT,0,0.0,0,0,1,0.6615,0.6257,1.2872,,,,,,,,,,,,,,,,,58.954696072676754,1.6455,40,10,297,167,115,52,22.773226,0,ok,logs/seed_495855.log
708196,irt_only,GHEFT,0,0.0,0,0,1,0.6638,0.7501,1.4139,,,,,,,,,,,,,,,,,66.20490526315791,1.3513,38,10,286,150,98,52,35.370387,0,ok,logs/seed_708196.log
700191,irt_only,GHEFT,0,0.0,0,0,1,0.685,0.8801,1.5651,,,,,,,,,,,,,,,,,62.85570805596109,1.5044,37,10,290,147,104,43,33.624366,0,ok,logs/seed_700191.log
366645,irt_only,GHEFT,0,0.0,0,0,1,0.6376,0.5149,1.1525,,,,,,,,,,,,,,,,,65.23265158491863,1.1918,46,12,308,154,100,54,27.89598,0,ok,logs/seed_366645.log
664766,irt_only,GHEFT,0,0.0,0,0,1,0.6802,0.7365,1.4167,,,,,,,,,,,,,,,,,59.145761420289865,1.8597,36,9,311,140,89,51,30.714817,0,ok,logs/seed_664766.log
137324,irt_only,GHEFT,0,0.0,0,0,1,0.6275,0.6733,1.3008,,,,,,,,,,,,,,,,,57.01441760079051,1.4499,42,10,336,159,115,44,34.625447,0,ok,logs/seed_137324.log
93537,irt_only,GHEFT,0,0.0,0,0,1,0.6481,0.6388,1.2869,,,,,,,,,,,,,,,,,62.44724488275678,1.4682,39,10,300,147,109,38,30.016971,0,ok,logs/seed_93537.log
827786,irt_only,GHEFT,0,0.0,0,0,1,0.7127,0.769,1.4817,,,,,,,,,,,,,,,,,53.48323351642208,1.525,40,10,296,129,86,43,33.027297,0,ok,logs/seed_827786.log
343941,irt_only,GHEFT,0,0.0,0,0,1,0.7057,0.5932,1.2989,,,,,,,,,,,,,,,,,69.76901089986669,1.4772,38,10,291,141,104,37,29.938486,0,ok,logs/seed_343941.log
710910,irt_only,GHEFT,0,0.0,0,0,1,0.6834,0.7048,1.3882,,,,,,,,,,,,,,,,,53.559490515807,1.3196,44,11,306,156,106,50,29.974032,0,ok,logs/seed_710910.log
335281,irt_only,GHEFT,0,0.0,0,0,1,0.7101,0.5931,1.3032,,,,,,,,,,,,,,,,,47.794927950310566,1.4898,45,10,307,132,82,50,29.332112,0,ok,logs/seed_335281.log
385234,irt_only,GHEFT,0,0.0,0,0,1,0.6438,0.597,1.2408,,,,,,,,,,,,,,,,,57.699358784425456,1.5598,40,10,290,151,104,47,25.959863,0,ok,logs/seed_385234.log
566861,irt_only,GHEFT,0,0.0,0,0,1,0.621,0.5315,1.1525,,,,,,,,,,,,,,,,,68.66476122584943,1.9018,49,13,311,188,129,59,32.526564,0,ok,logs/seed_566861.log
794225,irt_only,GHEFT,0,0.0,0,0,1,0.61,0.5651,1.1751,,,,,,,,,,,,,,,,,53.53369896238652,1.3294,48,12,312,151,97,54,30.492744,0,ok,logs/seed_794225.log
509569,irt_only,GHEFT,0,0.0,0,0,1,0.6603,0.8813,1.5416,,,,,,,,,,,,,,,,,60.0473,1.2634,35,9,312,147,88,59,28.957353,0,ok,logs/seed_509569.log
949698,irt_only,GHEFT,0,0.0,0,0,1,0.7136,0.6293,1.3429,,,,,,,,,,,,,,,,,58.02883891625616,1.6334,45,12,308,156,107,49,27.560792,0,ok,logs/seed_949698.log
553382,irt_only,GHEFT,0,0.0,0,0,1,0.6633,0.7935,1.4568,,,,,,,,,,,,,,,,,60.20149137489326,1.444,42,10,299,145,94,51,23.207171,0,ok,logs/seed_553382.log
572482,irt_only,GHEFT,0,0.0,0,0,1,0.6804,0.5735,1.2539,,,,,,,,,,,,,,,,,51.74095261832061,1.3866,37,11,288,143,102,41,24.496531,0,ok,logs/seed_572482.log
389037,irt_only,GHEFT,0,0.0,0,0,1,0.7272,0.7054,1.4326,,,,,,,,,,,,,,,,,54.12372544556115,1.6673,38,11,281,125,85,40,23.870629,0,ok,logs/seed_389037.log
309802,irt_only,GHEFT,0,0.0,0,0,1,0.6344,0.7408,1.3752,,,,,,,,,,,,,,,,,64.86584566769706,1.9056,36,9,277,130,92,38,27.631393,0,ok,logs/seed_309802.log
704427,irt_only,GHEFT,0,0.0,0,0,1,0.6711,0.6022,1.2733,,,,,,,,,,,,,,,,,69.21545814285714,1.6966,45,11,322,160,117,43,36.226555,0,ok,logs/seed_704427.log
101580,irt_only,GHEFT,0,0.0,0,0,1,0.7663,0.8599,1.6262,,,,,,,,,,,,,,,,,54.91612630317555,1.5201,39,10,305,143,91,52,27.766454,0,ok,logs/seed_101580.log
341337,irt_only,GHEFT,0,0.0,0,0,1,0.6339,0.5142,1.1481,,,,,,,,,,,,,,,,,71.680829279577,1.5294,40,9,320,138,98,40,34.263542,0,ok,logs/seed_341337.log
392761,irt_only,GHEFT,0,0.0,0,0,1,0.6413,0.7776,1.4189,,,,,,,,,,,,,,,,,53.992055753196205,1.677,43,11,310,163,114,49,25.37754,0,ok,logs/seed_392761.log
481487,irt_only,GHEFT,0,0.0,0,0,1,0.7288,0.6881,1.4169,,,,,,,,,,,,,,,,,55.39158425655977,1.3782,52,12,337,174,123,51,30.489338,0,ok,logs/seed_481487.log
399403,irt_only,GHEFT,0,0.0,0,0,1,0.657,0.6319,1.2889,,,,,,,,,,,,,,,,,61.10450622875817,1.4692,39,11,315,173,128,45,36.450275,0,ok,logs/seed_399403.log
823258,irt_only,GHEFT,0,0.0,0,0,1,0.7282,0.5755,1.3037,,,,,,,,,,,,,,,,,57.01959437412094,1.6611,41,11,288,147,107,40,23.919778,0,ok,logs/seed_823258.log
213758,irt_only,GHEFT,0,0.0,0,0,1,0.6578,0.6793,1.3371,,,,,,,,,,,,,,,,,59.07087738246506,1.6953,51,10,336,146,105,41,32.395425,0,ok,logs/seed_213758.log
852462,irt_only,GHEFT,0,0.0,0,0,1,0.5789,0.6252,1.2041,,,,,,,,,,,,,,,,,62.78190000000001,1.3181,36,11,290,142,93,49,32.89894,0,ok,logs/seed_852462.log
98150,irt_only,GHEFT,0,0.0,0,0,1,0.7235,0.6405,1.364,,,,,,,,,,,,,,,,,46.35981623198611,1.2669,43,9,315,119,92,27,27.100535,0,ok,logs/seed_98150.log
290105,irt_only,GHEFT,0,0.0,0,0,1,0.6752,0.699,1.3742,,,,,,,,,,,,,,,,,59.87065027932961,2.1136,43,12,303,171,113,58,25.126257,0,ok,logs/seed_290105.log
411034,irt_only,GHEFT,0,0.0,0,0,1,0.7267,0.6603,1.387,,,,,,,,,,,,,,,,,76.39025470737913,2.0063,46,13,299,170,111,59,25.054364,0,ok,logs/seed_411034.log
269026,irt_only,GHEFT,0,0.0,0,0,1,0.7468,0.6431,1.3899,,,,,,,,,,,,,,,,,53.36080392156861,1.4137,46,12,309,163,118,45,36.744174,0,ok,logs/seed_269026.log
69100,irt_only,GHEFT,0,0.0,0,0,1,0.5996,0.5464,1.146,,,,,,,,,,,,,,,,,62.7100478703939,2.0256,40,11,314,170,115,55,32.864944,0,ok,logs/seed_69100.log
433242,irt_only,GHEFT,0,0.0,0,0,1,0.6119,0.6932,1.3051,,,,,,,,,,,,,,,,,74.09252174983838,1.8096,39,10,297,161,109,52,23.580361,0,ok,logs/seed_433242.log
931676,irt_only,GHEFT,0,0.0,0,0,1,0.6144,0.6072,1.2216,,,,,,,,,,,,,,,,,56.792758353418805,1.3915,46,11,322,168,106,62,32.889882,0,ok,logs/seed_931676.log
281692,irt_only,GHEFT,0,0.0,0,0,1,0.6499,0.6313,1.2812,,,,,,,,,,,,,,,,,59.46203228120517,1.609,41,10,318,149,97,52,32.227136,0,ok,logs/seed_281692.log
904446,irt_only,GHEFT,0,0.0,0,0,1,0.6061,0.8099,1.416,,,,,,,,,,,,,,,,,59.40355436893203,1.7764,39,8,301,150,102,48,29.296972,0,ok,logs/seed_904446.log
831666,irt_only,GHEFT,0,0.0,0,0,1,0.6679,0.5764,1.2443,,,,,,,,,,,,,,,,,45.399174913693905,1.1885,43,10,315,130,99,31,26.637065,0,ok,logs/seed_831666.log
83588,irt_only,GHEFT,0,0.0,0,0,1,0.72,0.6462,1.3662,,,,,,,,,,,,,,,,,61.93099945115258,1.4793,35,10,295,162,113,49,29.000522,0,ok,logs/seed_83588.log
326878,irt_only,GHEFT,0,0.0,0,0,1,0.6814,0.7014,1.3828,,,,,,,,,,,,,,,,,55.57139999999999,1.515,44,9,299,150,106,44,34.850058,0,ok,logs/seed_326878.log
928118,irt_only,GHEFT,0,0.0,0,0,1,0.751,0.7196,1.4706,,,,,,,,,,,,,,,,,54.66105957307249,1.3325,43,10,308,153,110,43,33.64648,0,ok,logs/seed_928118.log
890764,irt_only,GHEFT,0,0.0,0,0,1,0.6236,0.6609,1.2845,,,,,,,,,,,,,,,,,84.54099549330085,1.9261,44,10,328,171,116,55,30.988706,0,ok,logs/seed_890764.log
355815,irt_only,GHEFT,0,0.0,0,0,1,0.7036,0.8742,1.5778,,,,,,,,,,,,,,,,,74.81294114376489,1.8216,37,8,306,136,99,37,33.941868,0,ok,logs/seed_355815.log
368407,irt_only,GHEFT,0,0.0,0,0,1,0.7501,0.7739,1.524,,,,,,,,,,,,,,,,,60.645192105263156,2.1001,42,11,322,184,111,73,72.647,0,ok,logs/seed_368407.log
874310,irt_only,GHEFT,0,0.0,0,0,1,0.6167,0.5898,1.2065,,,,,,,,,,,,,,,,,58.080630658838864,1.2237,43,9,327,146,98,48,34.171448,0,ok,logs/seed_874310.log
971526,irt_only,GHEFT,0,0.0,0,0,1,0.7281,0.6691,1.3972,,,,,,,,,,,,,,,,,63.82489360269361,1.5678,37,10,311,157,111,46,39.101092,0,ok,logs/seed_971526.log
563565,irt_only,GHEFT,0,0.0,0,0,1,0.6022,0.566,1.1682,,,,,,,,,,,,,,,,,73.5585494169691,1.504,38,9,301,162,118,44,78.371488,0,ok,logs/seed_563565.log
943133,irt_only,GHEFT,0,0.0,0,0,1,0.7058,0.6711,1.3769,,,,,,,,,,,,,,,,,56.62830979120878,1.4107,41,10,314,174,101,73,74.934537,0,ok,logs/seed_943133.log
455182,irt_only,GHEFT,0,0.0,0,0,1,0.7404,0.9308,1.6712,,,,,,,,,,,,,,,,,53.123899130841124,1.3254,38,9,306,159,104,55,33.17462,0,ok,logs/seed_455182.log
719709,irt_only,GHEFT,0,0.0,0,0,1,0.6661,0.6018,1.2679,,,,,,,,,,,,,,,,,66.27257784729066,1.2495,44,11,317,177,131,46,28.533277,0,ok,logs/seed_719709.log
720998,irt_only,GHEFT,0,0.0,0,0,1,0.6756,0.5638,1.2394,,,,,,,,,,,,,,,,,63.32957190620033,1.472,56,13,321,161,96,65,32.895533,0,ok,logs/seed_720998.log
747524,irt_only,GHEFT,0,0.0,0,0,1,0.7385,0.8479,1.5864,,,,,,,,,,,,,,,,,58.824306291406685,1.4903,39,11,306,162,100,62,32.125115,0,ok,logs/seed_747524.log
252772,irt_only,GHEFT,0,0.0,0,0,1,0.6385,0.596,1.2345,,,,,,,,,,,,,,,,,57.914235616438354,1.5574,46,10,325,183,139,44,35.244104,0,ok,logs/seed_252772.log
175281,irt_only,GHEFT,0,0.0,0,0,1,0.6667,0.6286,1.2953,,,,,,,,,,,,,,,,,54.964731145149536,1.3888,40,9,313,140,99,41,103.455638,0,ok,logs/seed_175281.log
72567,irt_only,GHEFT,0,0.0,0,0,1,0.7333,0.6819,1.4152,,,,,,,,,,,,,,,,,50.0821167532777,1.5711,41,9,280,123,76,47,128.011411,0,ok,logs/seed_72567.log
937978,irt_only,GHEFT,0,0.0,0,0,1,0.6782,0.6426,1.3208,,,,,,,,,,,,,,,,,59.15380777297964,1.2683,42,11,281,143,103,40,80.07905,0,ok,logs/seed_937978.log
543059,irt_only,GHEFT,0,0.0,0,0,1,0.7379,0.8874,1.6253,,,,,,,,,,,,,,,,,61.86437253045187,1.5603,38,9,286,149,110,39,31.51378,0,ok,logs/seed_543059.log
48503,irt_only,GHEFT,0,0.0,0,0,1,0.678,0.5764,1.2544,,,,,,,,,,,,,,,,,54.788287732342006,1.5296,44,10,296,163,110,53,33.003007,0,ok,logs/seed_48503.log
738560,irt_only,GHEFT,0,0.0,0,0,1,0.6789,0.581,1.2599,,,,,,,,,,,,,,,,,72.10220314875134,1.5548,39,10,301,158,108,50,49.15903,0,ok,logs/seed_738560.log
975608,irt_only,GHEFT,0,0.0,0,0,1,0.682,0.5958,1.2778,,,,,,,,,,,,,,,,,54.84577521160822,1.1968,47,13,323,169,105,64,30.534111,0,ok,logs/seed_975608.log
683245,irt_only,GHEFT,0,0.0,0,0,1,0.6705,0.6688,1.3393,,,,,,,,,,,,,,,,,60.03060489014884,1.6274,37,10,279,136,96,40,27.20357,0,ok,logs/seed_683245.log
781133,irt_only,GHEFT,0,0.0,0,0,1,0.6724,0.6949,1.3673,,,,,,,,,,,,,,,,,54.48546139931011,1.2438,41,11,316,137,94,43,27.166895,0,ok,logs/seed_781133.log
43408,irt_only,GHEFT,0,0.0,0,0,1,0.7356,0.7532,1.4888,,,,,,,,,,,,,,,,,56.87754285714287,1.5515,41,10,304,156,107,49,30.060335,0,ok,logs/seed_43408.log
226631,irt_only,GHEFT,0,0.0,0,0,1,0.6448,0.6882,1.333,,,,,,,,,,,,,,,,,53.749409157509156,1.2163,38,10,282,141,99,42,28.271083,0,ok,logs/seed_226631.log
181152,irt_only,GHEFT,0,0.0,0,0,1,0.724,0.8127,1.5367,,,,,,,,,,,,,,,,,57.4046713884993,1.7972,36,11,279,136,95,41,32.61753,0,ok,logs/seed_181152.log
429823,irt_only,GHEFT,0,0.0,0,0,1,0.6725,0.6728,1.3453,,,,,,,,,,,,,,,,,61.99967954647098,1.7805,50,12,315,178,106,72,46.050825,0,ok,logs/seed_429823.log
404672,irt_only,GHEFT,0,0.0,0,0,1,0.5639,0.5442,1.1081,,,,,,,,,,,,,,,,,49.1659269493844,1.2504,39,9,305,116,79,37,33.496997,0,ok,logs/seed_404672.log
877698,irt_only,GHEFT,0,0.0,0,0,1,0.6682,0.4893,1.1575,,,,,,,,,,,,,,,,,55.56555121459228,1.5947,54,12,312,147,101,46,28.19011,0,ok,logs/seed_877698.log
958202,irt_only,GHEFT,0,0.0,0,0,1,0.6522,0.8056,1.4578,,,,,,,,,,,,,,,,,52.89193712183155,1.3388,40,10,313,139,103,36,24.417836,0,ok,logs/seed_958202.log
544591,irt_only,GHEFT,0,0.0,0,0,1,0.6637,0.6308,1.2945,,,,,,,,,,,,,,,,,44.25758554913294,1.2143,35,10,295,126,97,29,31.742014,0,ok,logs/seed_544591.log
539008,irt_only,GHEFT,0,0.0,0,0,1,0.6265,0.7081,1.3346,,,,,,,,,,,,,,,,,60.65410450696378,1.2283,38,9,306,144,110,34,24.335373,0,ok,logs/seed_539008.log
183645,irt_only,GHEFT,0,0.0,0,0,1,0.7709,0.7496,1.5205,,,,,,,,,,,,,,,,,58.01440100000001,1.5198,41,10,307,147,100,47,25.190221,0,ok,logs/seed_183645.log
701092,irt_only,GHEFT,0,0.0,0,0,1,0.7335,0.7001,1.4336,,,,,,,,,,,,,,,,,58.358890291262156,1.5023,50,11,311,164,118,46,19.832264,0,ok,logs/seed_701092.log
529935,irt_only,GHEFT,0,0.0,0,0,1,0.7101,0.6904,1.4005,,,,,,,,,,,,,,,,,50.35528624590163,1.3973,38,10,307,140,96,44,18.582492,0,ok,logs/seed_529935.log
159302,irt_only,GHEFT,0,0.0,0,0,1,0.6177,0.5602,1.1779,,,,,,,,,,,,,,,,,59.00083129770992,1.5852,37,10,318,140,102,38,29.851167,0,ok,logs/seed_159302.log
946627,irt_only,GHEFT,0,0.0,0,0,1,0.6701,0.652,1.3221,,,,,,,,,,,,,,,,,54.30815451895043,1.3665,51,11,314,152,102,50,30.805094,0,ok,logs/seed_946627.log
367625,irt_only,GHEFT,0,0.0,0,0,1,0.6704,0.6279,1.2983,,,,,,,,,,,,,,,,,65.5766343510672,1.9907,41,10,300,153,116,37,20.753419,0,ok,logs/seed_367625.log
177782,irt_only,GHEFT,0,0.0,0,0,1,0.7539,0.7151,1.469,,,,,,,,,,,,,,,,,57.80957750611246,1.5563,36,11,303,150,107,43,18.056753,0,ok,logs/seed_177782.log
302988,irt_only,GHEFT,0,0.0,0,0,1,0.6957,0.8179,1.5136,,,,,,,,,,,,,,,,,50.88786981720432,1.8727,38,11,273,153,100,53,23.255735,0,ok,logs/seed_302988.log
192553,irt_only,GHEFT,0,0.0,0,0,1,0.7485,0.626,1.3745,,,,,,,,,,,,,,,,,46.165575675675676,1.4311,44,11,321,168,113,55,18.764474,0,ok,logs/seed_192553.log
835851,irt_only,GHEFT,0,0.0,0,0,1,0.682,0.824,1.506,,,,,,,,,,,,,,,,,64.40750689655174,1.7737,47,10,309,160,106,54,19.739095,0,ok,logs/seed_835851.log
598671,irt_only,GHEFT,0,0.0,0,0,1,0.7846,0.6775,1.4621,,,,,,,,,,,,,,,,,48.235397321070245,1.3588,41,12,316,176,113,63,21.707499,0,ok,logs/seed_598671.log
517206,irt_only,GHEFT,0,0.0,0,0,1,0.5911,0.8005,1.3916,,,,,,,,,,,,,,,,,71.59665736007827,1.5616,40,9,310,163,111,52,24.68693,0,ok,logs/seed_517206.log
10492,irt_only,GHEFT,0,0.0,0,0,1,0.6679,0.6537,1.3216,,,,,,,,,,,,,,,,,61.67072253610239,1.2841,41,9,299,147,106,41,23.361431,0,ok,logs/seed_10492.log
120821,irt_only,GHEFT,0,0.0,0,0,1,0.6667,0.7247,1.3914,,,,,,,,,,,,,,,,,55.226148249968475,1.4737,46,10,319,159,105,54,26.137324,0,ok,logs/seed_120821.log
41152,irt_only,GHEFT,0,0.0,0,0,1,0.7125,0.7506,1.4631,,,,,,,,,,,,,,,,,67.5451662065859,1.7553,46,13,324,185,108,77,25.014888,0,ok,logs/seed_41152.log
642504,irt_only,GHEFT,0,0.0,0,0,1,0.7347,0.7177,1.4524,,,,,,,,,,,,,,,,,50.17369813837563,1.6233,41,10,299,149,102,47,16.985631,0,ok,logs/seed_642504.log
362252,irt_only,GHEFT,0,0.0,0,0,1,0.673,0.7108,1.3838,,,,,,,,,,,,,,,,,56.06365880933852,1.6886,44,12,305,149,107,42,22.504455,0,ok,logs/seed_362252.log
129046,irt_only,GHEFT,0,0.0,0,0,1,0.6289,0.6649,1.2938,,,,,,,,,,,,,,,,,55.04948788355625,1.392,36,11,316,147,103,44,20.632925,0,ok,logs/seed_129046.log
302190,irt_only,GHEFT,0,0.0,0,0,1,0.7223,0.6678,1.3901,,,,,,,,,,,,,,,,,47.84653100199615,1.528,38,10,290,134,93,41,25.381313,0,ok,logs/seed_302190.log
757010,irt_only,GHEFT,0,0.0,0,0,1,0.667,0.6817,1.3487,,,,,,,,,,,,,,,,,58.58134726790865,1.218,44,12,277,148,110,38,22.640069,0,ok,logs/seed_757010.log
104638,irt_only,GHEFT,0,0.0,0,0,1,0.7646,0.7851,1.5497,,,,,,,,,,,,,,,,,51.7986653988604,1.414,41,9,315,144,94,50,22.410744,0,ok,logs/seed_104638.log
843408,irt_only,GHEFT,0,0.0,0,0,1,0.7578,0.6735,1.4313,,,,,,,,,,,,,,,,,62.419566127856015,1.2695,38,9,304,145,99,46,16.091849,0,ok,logs/seed_843408.log
508994,irt_only,GHEFT,0,0.0,0,0,1,0.6272,0.6304,1.2576,,,,,,,,,,,,,,,,,64.17134915025906,2.0485,42,10,309,160,113,47,20.8519,0,ok,logs/seed_508994.log
604086,irt_only,GHEFT,0,0.0,0,0,1,0.6643,0.6766,1.3409,,,,,,,,,,,,,,,,,65.13212805507746,2.1349,43,12,304,177,117,60,21.254084,0,ok,logs/seed_604086.log
756232,irt_only,GHEFT,0,0.0,0,0,1,0.7314,0.7281,1.4595,,,,,,,,,,,,,,,,,52.600547564885495,1.4215,43,11,300,160,116,44,19.336212,0,ok,logs/seed_756232.log
752351,irt_only,GHEFT,0,0.0,0,0,1,0.5923,0.5071,1.0994,,,,,,,,,,,,,,,,,60.546696729537366,1.379,45,12,308,151,103,48,19.734175,0,ok,logs/seed_752351.log
532132,irt_only,GHEFT,0,0.0,0,0,1,0.7023,0.7214,1.4237,,,,,,,,,,,,,,,,,55.629420307589875,1.755,39,10,293,145,92,53,19.978672,0,ok,logs/seed_532132.log
715672,irt_only,GHEFT,0,0.0,0,0,1,0.6942,0.7482,1.4424,,,,,,,,,,,,,,,,,60.36520000000001,1.6215,41,11,288,149,85,64,17.497277,0,ok,logs/seed_715672.log
244053,irt_only,GHEFT,0,0.0,0,0,1,0.6845,0.8411,1.5256,,,,,,,,,,,,,,,,,69.69833029936306,2.0349,36,9,278,154,102,52,16.339064,0,ok,logs/seed_244053.log
360248,irt_only,GHEFT,0,0.0,0,0,1,0.6271,0.6872,1.3143,,,,,,,,,,,,,,,,,59.4663199754498,1.4177,39,11,298,155,117,38,19.111596,0,ok,logs/seed_360248.log
320801,irt_only,GHEFT,0,0.0,0,0,1,0.759,0.9247,1.6837,,,,,,,,,,,,,,,,,47.99905473917335,1.5461,38,10,302,144,100,44,23.780193,0,ok,logs/seed_320801.log
469418,irt_only,GHEFT,0,0.0,0,0,1,0.7243,0.7823,1.5066,,,,,,,,,,,,,,,,,53.43935294585448,1.7979,41,11,280,148,86,62,18.865559,0,ok,logs/seed_469418.log
622181,irt_only,GHEFT,0,0.0,0,0,1,0.5758,0.5362,1.112,,,,,,,,,,,,,,,,,67.51436605504587,1.7922,46,10,333,148,109,39,28.594616,0,ok,logs/seed_622181.log
264411,irt_only,GHEFT,0,0.0,0,0,1,0.6464,0.6147,1.2611,,,,,,,,,,,,,,,,,73.4163,1.9649,42,9,322,161,108,53,29.675466,0,ok,logs/seed_264411.log
311857,irt_only,GHEFT,0,0.0,0,0,1,0.7386,0.6489,1.3875,,,,,,,,,,,,,,,,,61.81599117081111,1.3062,38,10,300,147,93,54,19.103622,0,ok,logs/seed_311857.log
252607,irt_only,GHEFT,0,0.0,0,0,1,0.6561,0.712,1.3681,,,,,,,,,,,,,,,,,87.00530170940172,1.7859,48,11,308,142,101,41,27.401677,0,ok,logs/seed_252607.log
420553,irt_only,GHEFT,0,0.0,0,0,1,0.749,0.6663,1.4153,,,,,,,,,,,,,,,,,54.56422580424367,1.3974,38,10,317,163,116,47,20.813429,0,ok,logs/seed_420553.log
802672,irt_only,GHEFT,0,0.0,0,0,1,0.6995,0.6913,1.3908,,,,,,,,,,,,,,,,,58.256864828614,1.1773,41,10,304,125,83,42,22.529906,0,ok,logs/seed_802672.log
26302,irt_only,GHEFT,0,0.0,0,0,1,0.682,0.7332,1.4152,,,,,,,,,,,,,,,,,60.62995918762089,1.1482,35,10,277,119,87,32,26.751984,0,ok,logs/seed_26302.log
42701,irt_only,GHEFT,0,0.0,0,0,1,0.6849,0.7165,1.4014,,,,,,,,,,,,,,,,,55.24082134346102,1.6441,43,10,321,176,121,55,23.336973,0,ok,logs/seed_42701.log
694217,irt_only,GHEFT,0,0.0,0,0,1,0.6115,0.6438,1.2553,,,,,,,,,,,,,,,,,53.08727697195616,1.699,42,11,317,153,107,46,21.581148,0,ok,logs/seed_694217.log
730247,irt_only,GHEFT,0,0.0,0,0,1,0.6406,0.5535,1.1941,,,,,,,,,,,,,,,,,55.76802475247524,1.6259,42,11,314,151,113,38,22.567919,0,ok,logs/seed_730247.log
41076,irt_only,GHEFT,0,0.0,0,0,1,0.7082,0.7205,1.4287,,,,,,,,,,,,,,,,,60.697616907041684,1.5864,44,10,293,142,100,42,24.989347,0,ok,logs/seed_41076.log
502796,irt_only,GHEFT,0,0.0,0,0,1,0.5927,0.5966,1.1893,,,,,,,,,,,,,,,,,56.189787193254745,1.5115,39,11,298,153,104,49,22.649281,0,ok,logs/seed_502796.log
709473,irt_only,GHEFT,0,0.0,0,0,1,0.6381,0.5701,1.2082,,,,,,,,,,,,,,,,,54.28794759109237,1.5776,46,11,332,150,113,37,25.755433,0,ok,logs/seed_709473.log
26140,irt_only,GHEFT,0,0.0,0,0,1,0.7332,0.6758,1.409,,,,,,,,,,,,,,,,,56.9097735632184,1.5477,35,10,320,166,110,56,19.969813,0,ok,logs/seed_26140.log
540656,irt_only,GHEFT,0,0.0,0,0,1,0.7611,0.6896,1.4507,,,,,,,,,,,,,,,,,51.793722695035456,1.2937,38,9,309,148,105,43,17.583939,0,ok,logs/seed_540656.log
343393,irt_only,GHEFT,0,0.0,0,0,1,0.6779,0.6439,1.3218,,,,,,,,,,,,,,,,,57.202278740157475,1.4165,41,11,304,139,101,38,17.806362,0,ok,logs/seed_343393.log
412975,irt_only,GHEFT,0,0.0,0,0,1,0.6368,0.5459,1.1827,,,,,,,,,,,,,,,,,56.230459894736825,1.3184,46,10,332,144,94,50,23.521767,0,ok,logs/seed_412975.log
497025,irt_only,GHEFT,0,0.0,0,0,1,0.6431,0.6248,1.2679,,,,,,,,,,,,,,,,,64.25181704538088,1.5838,41,10,306,139,98,41,17.455226,0,ok,logs/seed_497025.log
646790,irt_only,GHEFT,0,0.0,0,0,1,0.7918,0.789,1.5808,,,,,,,,,,,,,,,,,51.597051412286135,1.7644,45,11,304,157,94,63,20.60448,0,ok,logs/seed_646790.log
115672,irt_only,GHEFT,0,0.0,0,0,1,0.8045,0.7872,1.5917,,,,,,,,,,,,,,,,,46.74477309302326,1.4828,35,9,303,141,95,46,21.79132,0,ok,logs/seed_115672.log
517217,irt_only,GHEFT,0,0.0,0,0,1,0.6504,0.8192,1.4696,,,,,,,,,,,,,,,,,54.95557138136154,1.4538,34,10,288,145,100,45,21.835501,0,ok,logs/seed_517217.log
289065,irt_only,GHEFT,0,0.0,0,0,1,0.7191,0.6123,1.3314,,,,,,,,,,,,,,,,,65.36252650918634,1.6983,44,11,300,150,107,43,17.931656,0,ok,logs/seed_289065.log
104127,irt_only,GHEFT,0,0.0,0,0,1,0.6761,0.8295,1.5056,,,,,,,,,,,,,,,,,62.09315,1.7059,42,10,309,160,109,51,19.436619,0,ok,logs/seed_104127.log
371163,irt_only,GHEFT,0,0.0,0,0,1,0.6517,0.6379,1.2896,,,,,,,,,,,,,,,,,49.018863400148476,1.3847,47,10,295,153,112,41,19.651699,0,ok,logs/seed_371163.log
883139,irt_only,GHEFT,0,0.0,0,0,1,0.5879,0.7308,1.3187,,,,,,,,,,,,,,,,,66.08849260368115,1.3594,42,10,296,165,124,41,20.481751,0,ok,logs/seed_883139.log
342132,irt_only,GHEFT,0,0.0,0,0,1,0.6246,0.5402,1.1648,,,,,,,,,,,,,,,,,69.43459999999999,2.0376,46,10,321,163,122,41,18.696281,0,ok,logs/seed_342132.log
704990,irt_only,GHEFT,0,0.0,0,0,1,0.642,0.6251,1.2671,,,,,,,,,,,,,,,,,61.810898487140705,1.4421,46,11,329,191,137,54,30.127585,0,ok,logs/seed_704990.log
424860,irt_only,GHEFT,0,0.0,0,0,1,0.7145,0.768,1.4825,,,,,,,,,,,,,,,,,56.91133451306346,1.4281,38,10,309,151,95,56,27.052017,0,ok,logs/seed_424860.log
217443,irt_only,GHEFT,0,0.0,0,0,1,0.6724,0.8774,1.5498,,,,,,,,,,,,,,,,,66.32517142857144,1.6027,41,10,309,149,90,59,19.204587,0,ok,logs/seed_217443.log
851006,irt_only,GHEFT,0,0.0,0,0,1,0.5964,0.6132,1.2096,,,,,,,,,,,,,,,,,72.51058235294117,1.4775,40,9,303,156,110,46,16.774063,0,ok,logs/seed_851006.log
100338,irt_only,GHEFT,0,0.0,0,0,1,0.6919,0.6774,1.3693,,,,,,,,,,,,,,,,,56.03175661375661,1.5337,48,12,323,163,112,51,21.888441,0,ok,logs/seed_100338.log
163602,irt_only,GHEFT,0,0.0,0,0,1,0.6625,0.7429,1.4054,,,,,,,,,,,,,,,,,70.75459056444816,1.8168,42,12,317,174,119,55,21.5948,0,ok,logs/seed_163602.log
994002,irt_only,GHEFT,0,0.0,0,0,1,0.6897,0.6219,1.3116,,,,,,,,,,,,,,,,,73.55711959706363,1.7436,45,11,303,154,102,52,16.488218,0,ok,logs/seed_994002.log
483462,irt_only,GHEFT,0,0.0,0,0,1,0.6449,0.553,1.1979,,,,,,,,,,,,,,,,,52.83860859608439,1.2457,45,14,313,138,101,37,18.444142,0,ok,logs/seed_483462.log
525884,irt_only,GHEFT,0,0.0,0,0,1,0.6918,0.7335,1.4253,,,,,,,,,,,,,,,,,63.208629200721646,1.7101,43,11,313,162,118,44,26.358702,0,ok,logs/seed_525884.log
142307,irt_only,GHEFT,0,0.0,0,0,1,0.6663,0.5938,1.2601,,,,,,,,,,,,,,,,,49.048956163727965,1.4431,46,11,319,150,92,58,20.252664,0,ok,logs/seed_142307.log
624690,irt_only,GHEFT,0,0.0,0,0,1,0.6758,0.6009,1.2767,,,,,,,,,,,,,,,,,63.368944902439026,1.4122,56,14,343,178,105,73,26.407716,0,ok,logs/seed_624690.log
864874,irt_only,GHEFT,0,0.0,0,0,1,0.7057,0.6175,1.3232,,,,,,,,,,,,,,,,,52.6342347826087,1.44,41,10,304,151,106,45,21.939308,0,ok,logs/seed_864874.log
679889,irt_only,GHEFT,0,0.0,0,0,1,0.5892,0.5619,1.1511,,,,,,,,,,,,,,,,,56.09433585705632,1.3833,44,12,309,141,103,38,18.79248,0,ok,logs/seed_679889.log
963564,irt_only,GHEFT,0,0.0,0,0,1,0.6691,0.6015,1.2706,,,,,,,,,,,,,,,,,51.36767586496264,1.291,44,10,306,138,90,48,18.983119,0,ok,logs/seed_963564.log
485084,irt_only,GHEFT,0,0.0,0,0,1,0.7486,0.714,1.4626,,,,,,,,,,,,,,,,,63.1294678227848,1.9491,41,10,294,147,109,38,16.451417,0,ok,logs/seed_485084.log
281639,irt_only,GHEFT,0,0.0,0,0,1,0.6756,0.6536,1.3292,,,,,,,,,,,,,,,,,48.75494594031921,1.3166,41,12,300,154,104,50,20.268913,0,ok,logs/seed_281639.log
362714,irt_only,GHEFT,0,0.0,0,0,1,0.6248,0.6981,1.3229,,,,,,,,,,,,,,,,,57.68834801730354,1.5551,43,11,308,132,93,39,18.242756,0,ok,logs/seed_362714.log
551581,irt_only,GHEFT,0,0.0,0,0,1,0.7173,0.7433,1.4606,,,,,,,,,,,,,,,,,53.43653023433874,1.4103,40,11,309,157,112,45,18.926827,0,ok,logs/seed_551581.log
349348,irt_only,GHEFT,0,0.0,0,0,1,0.6899,0.5839,1.2738,,,,,,,,,,,,,,,,,65.58139692532943,1.1669,38,11,300,159,114,45,17.523269,0,ok,logs/seed_349348.log
376087,irt_only,GHEFT,0,0.0,0,0,1,0.6949,0.594,1.2889,,,,,,,,,,,,,,,,,64.36201326860842,1.4644,48,12,331,163,103,60,21.238766,0,ok,logs/seed_376087.log
924562,irt_only,GHEFT,0,0.0,0,0,1,0.6845,0.8589,1.5434,,,,,,,,,,,,,,,,,57.90149999999999,1.6377,43,11,317,161,105,56,24.430723,0,ok,logs/seed_924562.log
1642,irt_only,GHEFT,0,0.0,0,0,1,0.6853,0.6035,1.2888,,,,,,,,,,,,,,,,,64.3231180327869,1.2138,43,9,288,148,103,45,16.052099,0,ok,logs/seed_1642.log
724193,irt_only,GHEFT,0,0.0,0,0,1,0.7015,0.6082,1.3097,,,,,,,,,,,,,,,,,58.24908853399458,1.6753,48,11,315,136,101,35,20.295704,0,ok,logs/seed_724193.log
939156,irt_only,GHEFT,0,0.0,0,0,1,0.6739,0.5855,1.2594,,,,,,,,,,,,,,,,,55.84703937946681,1.5297,44,11,305,146,91,55,9.855064,0,ok,logs/seed_939156.log
236458,irt_only,GHEFT,0,0.0,0,0,1,0.6174,0.5171,1.1345,,,,,,,,,,,,,,,,,61.19300914196241,1.3604,47,11,332,160,124,36,16.996964,0,ok,logs/seed_236458.log
703305,irt_only,GHEFT,0,0.0,0,0,1,0.6211,0.7844,1.4055,,,,,,,,,,,,,,,,,57.82003095994914,1.386,38,10,313,153,110,43,18.782477,0,ok,logs/seed_703305.log
955021,irt_only,GHEFT,0,0.0,0,0,1,0.6331,0.7857,1.4188,,,,,,,,,,,,,,,,,62.178903000000005,1.5794,41,10,301,150,99,51,13.489054,0,ok,logs/seed_955021.log
771327,irt_only,GHEFT,0,0.0,0,0,1,0.7376,0.7831,1.5207,,,,,,,,,,,,,,,,,69.21719773330082,1.5236,44,11,300,169,108,61,13.231106,0,ok,logs/seed_771327.log
152800,irt_only,GHEFT,0,0.0,0,0,1,0.7454,0.8081,1.5535,,,,,,,,,,,,,,,,,58.13121753371869,1.5463,39,10,298,157,114,43,20.54893,0,ok,logs/seed_152800.log
359783,irt_only,GHEFT,0,0.0,0,0,1,0.7423,0.6435,1.3858,,,,,,,,,,,,,,,,,58.717253262518966,1.5275,45,10,317,168,115,53,19.372051,0,ok,logs/seed_359783.log
812871,irt_only,GHEFT,0,0.0,0,0,1,0.7241,0.7598,1.4839,,,,,,,,,,,,,,,,,55.0402,1.2889,38,11,299,157,108,49,20.810699,0,ok,logs/seed_812871.log
502458,irt_only,GHEFT,0,0.0,0,0,1,0.708,0.7363,1.4443,,,,,,,,,,,,,,,,,63.79523307240704,1.8628,40,9,329,157,100,57,18.412803,0,ok,logs/seed_502458.log
969372,irt_only,GHEFT,0,0.0,0,0,1,0.6029,0.7276,1.3305,,,,,,,,,,,,,,,,,63.59532623248606,1.724,35,11,291,158,115,43,21.481541,0,ok,logs/seed_969372.log
488676,irt_only,GHEFT,0,0.0,0,0,1,0.7461,0.5554,1.3015,,,,,,,,,,,,,,,,,48.62421061538462,1.3401,40,11,314,152,113,39,19.051402,0,ok,logs/seed_488676.log
109992,irt_only,GHEFT,0,0.0,0,0,1,0.7637,0.6606,1.4243,,,,,,,,,,,,,,,,,55.288611958043724,1.8014,35,9,275,129,97,32,18.581015,0,ok,logs/seed_109992.log
461354,irt_only,GHEFT,0,0.0,0,0,1,0.6533,0.5388,1.1921,,,,,,,,,,,,,,,,,62.5496,1.4584,42,10,302,144,100,44,17.458294,0,ok,logs/seed_461354.log
24818,irt_only,GHEFT,0,0.0,0,0,1,0.6544,0.6205,1.2749,,,,,,,,,,,,,,,,,53.60837023076924,1.5471,42,12,291,143,91,52,17.736932,0,ok,logs/seed_24818.log
105885,irt_only,GHEFT,0,0.0,0,0,1,0.7009,0.6888,1.3897,,,,,,,,,,,,,,,,,60.37097959183673,1.8061,51,11,327,167,118,49,21.865463,0,ok,logs/seed_105885.log
165347,irt_only,GHEFT,0,0.0,0,0,1,0.5483,0.5436,1.0919,,,,,,,,,,,,,,,,,57.922740243991996,1.3638,47,11,318,159,120,39,17.51378,0,ok,logs/seed_165347.log
780065,irt_only,GHEFT,0,0.0,0,0,1,0.7385,0.8679,1.6064,,,,,,,,,,,,,,,,,52.92258705688376,1.3595,46,12,341,176,108,68,23.002545,0,ok,logs/seed_780065.log
473614,irt_only,GHEFT,0,0.0,0,0,1,0.6706,0.7874,1.458,,,,,,,,,,,,,,,,,58.44410190114068,1.7574,44,11,323,149,108,41,18.368279,0,ok,logs/seed_473614.log
69796,irt_only,GHEFT,0,0.0,0,0,1,0.5914,0.7372,1.3286,,,,,,,,,,,,,,,,,53.93105491651205,1.3364,48,10,308,132,97,35,14.588122,0,ok,logs/seed_69796.log
181597,irt_only,GHEFT,0,0.0,0,0,1,0.6933,0.6234,1.3167,,,,,,,,,,,,,,,,,48.99596744868035,1.5602,40,10,311,149,104,45,13.757869,0,ok,logs/seed_181597.log
55316,irt_only,GHEFT,0,0.0,0,0,1,0.6628,0.6507,1.3135,,,,,,,,,,,,,,,,,58.300466818873666,1.2865,48,11,314,174,124,50,11.662044,0,ok,logs/seed_55316.log
435633,irt_only,GHEFT,0,0.0,0,0,1,0.629,0.6244,1.2534,,,,,,,,,,,,,,,,,60.37290434756132,1.2798,46,13,328,170,116,54,23.087562,0,ok,logs/seed_435633.log
887668,irt_only,GHEFT,0,0.0,0,0,1,0.6644,0.5423,1.2067,,,,,,,,,,,,,,,,,50.440052315789465,1.3569,34,9,289,115,79,36,14.248719,0,ok,logs/seed_887668.log
933960,irt_only,GHEFT,0,0.0,0,0,1,0.687,0.8041,1.4911,,,,,,,,,,,,,,,,,59.268098273291926,1.5601,41,10,295,143,108,35,20.108962,0,ok,logs/seed_933960.log
529550,irt_only,GHEFT,0,0.0,0,0,1,0.6796,0.6034,1.283,,,,,,,,,,,,,,,,,62.22023857566766,1.522,46,13,335,173,113,60,16.748004,0,ok,logs/seed_529550.log
735489,irt_only,GHEFT,0,0.0,0,0,1,0.6732,0.7598,1.433,,,,,,,,,,,,,,,,,63.55504189566839,2.0787,48,13,332,171,114,57,25.644981,0,ok,logs/seed_735489.log
802611,irt_only,GHEFT,0,0.0,0,0,1,0.6316,0.5814,1.213,,,,,,,,,,,,,,,,,65.68028347910592,1.5113,40,10,290,136,96,40,17.734768,0,ok,logs/seed_802611.log
525482,irt_only,GHEFT,0,0.0,0,0,1,0.606,0.7437,1.3497,,,,,,,,,,,,,,,,,58.341089667326116,1.4217,43,10,326,160,107,53,22.531126,0,ok,logs/seed_525482.log
523591,irt_only,GHEFT,0,0.0,0,0,1,0.6244,0.649,1.2734,,,,,,,,,,,,,,,,,81.7380070756901,1.6681,40,9,320,154,109,45,19.719432,0,ok,logs/seed_523591.log
412993,irt_only,GHEFT,0,0.0,0,0,1,0.6596,0.6096,1.2692,,,,,,,,,,,,,,,,,64.19859014778326,1.8855,44,11,300,159,114,45,20.002561,0,ok,logs/seed_412993.log
463614,irt_only,GHEFT,0,0.0,0,0,1,0.6225,0.7351,1.3576,,,,,,,,,,,,,,,,,64.84425508982036,1.3691,42,10,299,155,111,44,17.136803,0,ok,logs/seed_463614.log
637493,irt_only,GHEFT,0,0.0,0,0,1,0.7091,0.7243,1.4334,,,,,,,,,,,,,,,,,57.68119276218611,1.5492,38,10,285,158,100,58,14.783213,0,ok,logs/seed_637493.log
990693,irt_only,GHEFT,0,0.0,0,0,1,0.6542,0.6457,1.2999,,,,,,,,,,,,,,,,,51.547912626995654,1.4059,38,11,301,140,94,46,20.392985,0,ok,logs/seed_990693.log
50605,irt_only,GHEFT,0,0.0,0,0,1,0.6751,0.6464,1.3215,,,,,,,,,,,,,,,,,55.935879311070856,1.2119,37,11,294,136,97,39,22.827575,0,ok,logs/seed_50605.log
198813,irt_only,GHEFT,0,0.0,0,0,1,0.7715,0.7706,1.5421,,,,,,,,,,,,,,,,,71.48242948636653,1.7386,40,9,293,146,99,47,20.745632,0,ok,logs/seed_198813.log
385020,irt_only,GHEFT,0,0.0,0,0,1,0.6341,0.6178,1.2519,,,,,,,,,,,,,,,,,77.87381479289942,1.3847,41,10,317,156,94,62,18.15458,0,ok,logs/seed_385020.log
771793,irt_only,GHEFT,0,0.0,0,0,1,0.6179,0.6425,1.2604,,,,,,,,,,,,,,,,,75.90946821311476,2.2452,38,10,296,145,103,42,18.37559,0,ok,logs/seed_771793.log
936864,irt_only,GHEFT,0,0.0,0,0,1,0.5963,0.5538,1.1501,,,,,,,,,,,,,,,,,66.67327530167597,2.0395,36,9,307,141,103,38,20.448926,0,ok,logs/seed_936864.log
966220,irt_only,GHEFT,0,0.0,0,0,1,0.6736,0.7357,1.4093,,,,,,,,,,,,,,,,,54.931642551246526,1.9928,34,8,253,124,87,37,11.488566,0,ok,logs/seed_966220.log
764069,irt_only,GHEFT,0,0.0,0,0,1,0.6881,0.8236,1.5117,,,,,,,,,,,,,,,,,52.3519909090909,1.4921,37,10,301,144,104,40,21.119924,0,ok,logs/seed_764069.log
45162,irt_only,GHEFT,0,0.0,0,0,1,0.6816,0.8202,1.5018,,,,,,,,,,,,,,,,,60.15701264559068,1.2301,34,10,304,154,96,58,19.078557,0,ok,logs/seed_45162.log
386688,irt_only,GHEFT,0,0.0,0,0,1,0.6268,0.6079,1.2347,,,,,,,,,,,,,,,,,83.2128995609756,2.073,53,12,321,174,114,60,21.262887,0,ok,logs/seed_386688.log
911121,irt_only,GHEFT,0,0.0,0,0,1,0.7484,0.7043,1.4527,,,,,,,,,,,,,,,,,62.691739429928745,1.7596,37,11,305,130,91,39,16.188591,0,ok,logs/seed_911121.log
926403,irt_only,GHEFT,0,0.0,0,0,1,0.6866,0.6973,1.3839,,,,,,,,,,,,,,,,,50.531485458934945,1.4075,38,10,319,153,98,55,15.424146,0,ok,logs/seed_926403.log
452911,irt_only,GHEFT,0,0.0,0,0,1,0.7314,0.748,1.4794,,,,,,,,,,,,,,,,,56.13998209982789,1.4902,40,9,292,155,113,42,20.317485,0,ok,logs/seed_452911.log
810123,irt_only,GHEFT,0,0.0,0,0,1,0.6627,0.7862,1.4489,,,,,,,,,,,,,,,,,63.25488237651821,1.7445,37,11,314,148,97,51,20.980248,0,ok,logs/seed_810123.log
64740,irt_only,GHEFT,0,0.0,0,0,1,0.7013,0.7896,1.4909,,,,,,,,,,,,,,,,,72.291129455081,2.1809,38,10,307,160,108,52,17.635813,0,ok,logs/seed_64740.log
937717,irt_only,GHEFT,0,0.0,0,0,1,0.7409,0.6335,1.3744,,,,,,,,,,,,,,,,,57.76559462186788,1.4264,36,10,302,158,118,40,17.931449,0,ok,logs/seed_937717.log
118891,irt_only,GHEFT,0,0.0,0,0,1,0.6764,0.5957,1.2721,,,,,,,,,,,,,,,,,88.83337569919205,2.0711,38,10,301,153,121,32,20.107547,0,ok,logs/seed_118891.log
553366,irt_only,GHEFT,0,0.0,0,0,1,0.7059,0.5527,1.2586,,,,,,,,,,,,,,,,,62.28457887874838,1.7923,41,10,300,143,99,44,19.133848,0,ok,logs/seed_553366.log
742414,irt_only,GHEFT,0,0.0,0,0,1,0.6166,0.7762,1.3928,,,,,,,,,,,,,,,,,59.80919433962264,1.5723,43,9,316,158,95,63,16.678328,0,ok,logs/seed_742414.log
710013,irt_only,GHEFT,0,0.0,0,0,1,0.679,0.7146,1.3936,,,,,,,,,,,,,,,,,60.88028023663747,1.4647,42,10,301,145,103,42,19.57683,0,ok,logs/seed_710013.log
759523,irt_only,GHEFT,0,0.0,0,0,1,0.6729,0.6936,1.3665,,,,,,,,,,,,,,,,,73.26099583680269,1.4896,41,10,302,139,95,44,18.900645,0,ok,logs/seed_759523.log
712622,irt_only,GHEFT,0,0.0,0,0,1,0.6926,0.7112,1.4038,,,,,,,,,,,,,,,,,54.09722067039107,1.3226,36,10,289,113,79,34,9.081317,0,ok,logs/seed_712622.log
427212,irt_only,GHEFT,0,0.0,0,0,1,0.6924,0.8112,1.5036,,,,,,,,,,,,,,,,,61.689940759995615,1.6993,42,12,311,164,96,68,17.170212,0,ok,logs/seed_427212.log
905211,irt_only,GHEFT,0,0.0,0,0,1,0.7132,0.613,1.3262,,,,,,,,,,,,,,,,,57.48140764488287,1.2023,45,12,288,147,101,46,15.151366,0,ok,logs/seed_905211.log
489366,irt_only,GHEFT,0,0.0,0,0,1,0.7309,0.8571,1.588,,,,,,,,,,,,,,,,,53.50288760907503,1.5804,38,11,298,158,109,49,14.764266,0,ok,logs/seed_489366.log
253395,irt_only,GHEFT,0,0.0,0,0,1,0.7394,0.6039,1.3433,,,,,,,,,,,,,,,,,65.49941248459383,1.5772,38,10,317,165,117,48,12.629159,0,ok,logs/seed_253395.log
312505,irt_only,GHEFT,0,0.0,0,0,1,0.6742,0.6885,1.3627,,,,,,,,,,,,,,,,,63.420173713391726,1.4983,40,10,300,158,113,45,16.257721,0,ok,logs/seed_312505.log
545465,irt_only,GHEFT,0,0.0,0,0,1,0.731,0.8001,1.5311,,,,,,,,,,,,,,,,,63.501480712423984,1.3458,39,10,278,157,117,40,13.200886,0,ok,logs/seed_545465.log
567819,irt_only,GHEFT,0,0.0,0,0,1,0.6513,0.6377,1.289,,,,,,,,,,,,,,,,,57.74609317406142,2.0182,44,10,294,145,99,46,11.16941,0,ok,logs/seed_567819.log
924675,irt_only,GHEFT,0,0.0,0,0,1,0.6014,0.615,1.2164,,,,,,,,,,,,,,,,,68.10886740508575,1.5327,45,9,307,143,107,36,15.844789,0,ok,logs/seed_924675.log
931173,irt_only,GHEFT,0,0.0,0,0,1,0.6467,0.6534,1.3001,,,,,,,,,,,,,,,,,70.54494566623545,1.2734,42,10,338,176,119,57,17.447466,0,ok,logs/seed_931173.log
279170,irt_only,GHEFT,0,0.0,0,0,1,0.6124,0.5905,1.2029,,,,,,,,,,,,,,,,,57.60255039493952,1.2291,35,11,293,132,104,28,17.098952,0,ok,logs/seed_279170.log
994520,irt_only,GHEFT,0,0.0,0,0,1,0.5653,0.5179,1.0832,,,,,,,,,,,,,,,,,63.072439967373576,1.4685,57,13,315,169,103,66,19.431298,0,ok,logs/seed_994520.log
145376,irt_only,GHEFT,0,0.0,0,0,1,0.707,0.6711,1.3781,,,,,,,,,,,,,,,,,53.6665,1.2799,50,12,332,171,102,69,22.366403,0,ok,logs/seed_145376.log
406364,irt_only,GHEFT,0,0.0,0,0,1,0.6142,0.6656,1.2798,,,,,,,,,,,,,,,,,61.87097816646562,1.4266,37,8,300,142,102,40,17.169362,0,ok,logs/seed_406364.log
250377,irt_only,GHEFT,0,0.0,0,0,1,0.6559,0.6659,1.3218,,,,,,,,,,,,,,,,,55.717478787878775,1.7553,45,12,304,143,89,54,17.772129,0,ok,logs/seed_250377.log
446841,irt_only,GHEFT,0,0.0,0,0,1,0.6045,0.765,1.3695,,,,,,,,,,,,,,,,,63.78448774269423,1.7638,43,10,318,182,115,67,20.102734,0,ok,logs/seed_446841.log
707398,irt_only,GHEFT,0,0.0,0,0,1,0.6639,0.683,1.3469,,,,,,,,,,,,,,,,,61.20675755166933,1.474,42,10,321,143,100,43,21.11041,0,ok,logs/seed_707398.log
343108,irt_only,GHEFT,0,0.0,0,0,1,0.6463,0.6537,1.3,,,,,,,,,,,,,,,,,55.36965244755244,1.5303,40,10,291,138,102,36,19.203403,0,ok,logs/seed_343108.log
745842,irt_only,GHEFT,0,0.0,0,0,1,0.6648,0.812,1.4768,,,,,,,,,,,,,,,,,62.413546153846156,1.8527,36,9,270,160,108,52,19.860612,0,ok,logs/seed_745842.log
664943,irt_only,GHEFT,0,0.0,0,0,1,0.6907,0.6386,1.3293,,,,,,,,,,,,,,,,,45.531969847365204,1.3899,45,12,312,152,108,44,17.434518,0,ok,logs/seed_664943.log
679192,irt_only,GHEFT,0,0.0,0,0,1,0.7108,0.7476,1.4584,,,,,,,,,,,,,,,,,56.44862689450221,1.4265,42,10,296,165,121,44,18.692838,0,ok,logs/seed_679192.log
398887,irt_only,GHEFT,0,0.0,0,0,1,0.6252,0.614,1.2392,,,,,,,,,,,,,,,,,56.35206147308783,1.4045,45,11,332,139,93,46,20.86338,0,ok,logs/seed_398887.log
830308,irt_only,GHEFT,0,0.0,0,0,1,0.6863,0.6838,1.3701,,,,,,,,,,,,,,,,,61.83960122164048,1.4656,47,11,303,148,98,50,16.814717,0,ok,logs/seed_830308.log
664904,irt_only,GHEFT,0,0.0,0,0,1,0.6293,0.6637,1.293,,,,,,,,,,,,,,,,,58.67729725526074,1.9129,34,10,294,151,101,50,15.73654,0,ok,logs/seed_664904.log
529590,irt_only,GHEFT,0,0.0,0,0,1,0.6942,0.9221,1.6163,,,,,,,,,,,,,,,,,61.585095454713496,1.4749,38,10,306,146,95,51,12.258583,0,ok,logs/seed_529590.log
897949,irt_only,GHEFT,0,0.0,0,0,1,0.6713,0.6566,1.3279,,,,,,,,,,,,,,,,,64.73337371090449,1.6445,46,13,324,158,103,55,19.369535,0,ok,logs/seed_897949.log
487896,irt_only,GHEFT,0,0.0,0,0,1,0.6994,0.7136,1.413,,,,,,,,,,,,,,,,,59.82743986010363,1.3243,47,12,311,157,118,39,18.546912,0,ok,logs/seed_487896.log
969832,irt_only,GHEFT,0,0.0,0,0,1,0.6669,0.5432,1.2101,,,,,,,,,,,,,,,,,43.99233078324226,1.377,40,12,299,132,87,45,16.13976,0,ok,logs/seed_969832.log
774939,irt_only,GHEFT,0,0.0,0,0,1,0.7318,0.7751,1.5069,,,,,,,,,,,,,,,,,72.12176180014174,2.0471,39,10,299,140,99,41,19.39299,0,ok,logs/seed_774939.log
634733,irt_only,GHEFT,0,0.0,0,0,1,0.5749,0.6206,1.1955,,,,,,,,,,,,,,,,,69.04468722754491,1.5157,49,11,311,155,95,60,19.267824,0,ok,logs/seed_634733.log
172408,irt_only,GHEFT,0,0.0,0,0,1,0.595,0.7383,1.3333,,,,,,,,,,,,,,,,,81.06049901207882,1.7566,44,10,312,181,121,60,20.624034,0,ok,logs/seed_172408.log
124353,irt_only,GHEFT,0,0.0,0,0,1,0.7457,0.8552,1.6009,,,,,,,,,,,,,,,,,66.07652207168462,1.8346,44,10,320,152,109,43,21.729815,0,ok,logs/seed_124353.log
704921,irt_only,GHEFT,0,0.0,0,0,1,0.7032,0.7223,1.4255,,,,,,,,,,,,,,,,,49.83900529447854,1.5956,38,11,311,143,100,43,19.625969,0,ok,logs/seed_704921.log
140623,irt_only,GHEFT,0,0.0,0,0,1,0.7356,0.6313,1.3669,,,,,,,,,,,,,,,,,49.54738456375839,1.2521,36,8,301,134,97,37,16.477505,0,ok,logs/seed_140623.log
965901,irt_only,GHEFT,0,0.0,0,0,1,0.6213,0.7612,1.3825,,,,,,,,,,,,,,,,,57.84336325384102,1.5738,44,10,297,152,110,42,20.156458,0,ok,logs/seed_965901.log
678805,irt_only,GHEFT,0,0.0,0,0,1,0.7706,0.7426,1.5132,,,,,,,,,,,,,,,,,57.87038605844611,1.735,44,12,325,178,128,50,24.364382,0,ok,logs/seed_678805.log
888860,irt_only,GHEFT,0,0.0,0,0,1,0.7742,0.6589,1.4331,,,,,,,,,,,,,,,,,55.91195387149918,1.2968,31,9,283,118,84,34,16.524076,0,ok,logs/seed_888860.log
193042,irt_only,GHEFT,0,0.0,0,0,1,0.7036,0.8826,1.5862,,,,,,,,,,,,,,,,,61.23502283908047,1.5914,37,9,297,127,83,44,19.227806,0,ok,logs/seed_193042.log
606306,irt_only,GHEFT,0,0.0,0,0,1,0.6838,0.7153,1.3991,,,,,,,,,,,,,,,,,60.46609566627345,1.709,43,9,287,141,100,41,21.358123,0,ok,logs/seed_606306.log
353318,irt_only,GHEFT,0,0.0,0,0,1,0.6877,0.6455,1.3332,,,,,,,,,,,,,,,,,59.23417478020379,1.4171,48,11,342,166,115,51,22.007664,0,ok,logs/seed_353318.log
397237,irt_only,GHEFT,0,0.0,0,0,1,0.7322,0.6564,1.3886,,,,,,,,,,,,,,,,,52.066904072398195,1.6373,35,11,285,138,89,49,14.361871,0,ok,logs/seed_397237.log
244510,irt_only,GHEFT,0,0.0,0,0,1,0.6165,0.6506,1.2671,,,,,,,,,,,,,,,,,67.2060304347826,1.5586,37,10,305,136,89,47,19.607442,0,ok,logs/seed_244510.log
580072,irt_only,GHEFT,0,0.0,0,0,1,0.6118,0.5399,1.1517,,,,,,,,,,,,,,,,,67.80419613291355,2.1171,40,10,303,153,105,48,19.550041,0,ok,logs/seed_580072.log
839381,irt_only,GHEFT,0,0.0,0,0,1,0.6864,0.7598,1.4462,,,,,,,,,,,,,,,,,69.27969036891766,1.5964,36,10,294,139,88,51,26.517316,0,ok,logs/seed_839381.log
949213,irt_only,GHEFT,0,0.0,0,0,1,0.746,0.7175,1.4635,,,,,,,,,,,,,,,,,54.356038936146305,1.3249,31,8,289,155,102,53,18.786692,0,ok,logs/seed_949213.log
956973,irt_only,GHEFT,0,0.0,0,0,1,0.624,0.6093,1.2333,,,,,,,,,,,,,,,,,62.0754940232558,1.3231,42,11,307,167,118,49,16.257744,0,ok,logs/seed_956973.log
643831,irt_only,GHEFT,0,0.0,0,0,1,0.6738,0.6136,1.2874,,,,,,,,,,,,,,,,,56.607794257178526,1.3759,47,11,301,166,119,47,20.179432,0,ok,logs/seed_643831.log
602801,irt_only,GHEFT,0,0.0,0,0,1,0.6532,0.7997,1.4529,,,,,,,,,,,,,,,,,67.06751637764933,2.126,34,10,288,142,92,50,19.391079,0,ok,logs/seed_602801.log
857566,irt_only,GHEFT,0,0.0,0,0,1,0.6049,0.5527,1.1576,,,,,,,,,,,,,,,,,56.911545128646225,1.5535,39,10,312,156,109,47,16.608947,0,ok,logs/seed_857566.log
857840,irt_only,GHEFT,0,0.0,0,0,1,0.6966,0.681,1.3776,,,,,,,,,,,,,,,,,51.30880628930818,1.4324,47,12,332,160,99,61,21.967034,0,ok,logs/seed_857840.log
788394,irt_only,GHEFT,0,0.0,0,0,1,0.6159,0.7648,1.3807,,,,,,,,,,,,,,,,,56.89771370791749,1.6063,44,12,306,165,104,61,22.616084,0,ok,logs/seed_788394.log
956037,irt_only,GHEFT,0,0.0,0,0,1,0.6833,0.5746,1.2579,,,,,,,,,,,,,,,,,53.122836688683606,1.3279,42,10,306,163,112,51,20.31428,0,ok,logs/seed_956037.log
352927,irt_only,GHEFT,0,0.0,0,0,1,0.7451,0.7956,1.5407,,,,,,,,,,,,,,,,,55.74380626702997,1.5412,32,10,290,151,101,50,18.972185,0,ok,logs/seed_352927.log
836556,irt_only,GHEFT,0,0.0,0,0,1,0.6773,0.6104,1.2877,,,,,,,,,,,,,,,,,51.932035548944334,1.1909,45,10,320,147,103,44,21.683061,0,ok,logs/seed_836556.log
478809,irt_only,GHEFT,0,0.0,0,0,1,0.6392,0.5836,1.2228,,,,,,,,,,,,,,,,,49.38487470645447,1.4314,50,12,303,149,98,51,19.045976,0,ok,logs/seed_478809.log
321614,irt_only,GHEFT,0,0.0,0,0,1,0.5978,0.5853,1.1831,,,,,,,,,,,,,,,,,51.98496470588235,1.6288,41,11,303,164,104,60,17.234856,0,ok,logs/seed_321614.log
838657,irt_only,GHEFT,0,0.0,0,0,1,0.6492,0.7296,1.3788,,,,,,,,,,,,,,,,,65.9473641152627,1.5938,34,10,272,150,112,38,18.525337,0,ok,logs/seed_838657.log
833785,irt_only,GHEFT,0,0.0,0,0,1,0.5525,0.5102,1.0627,,,,,,,,,,,,,,,,,64.92231364456437,1.5175,40,11,304,149,99,50,19.996494,0,ok,logs/seed_833785.log
506833,irt_only,GHEFT,0,0.0,0,0,1,0.6172,0.5536,1.1708,,,,,,,,,,,,,,,,,74.53326666666666,1.4956,42,11,317,138,102,36,27.070219,0,ok,logs/seed_506833.log
108389,irt_only,GHEFT,0,0.0,0,0,1,0.7227,0.6916,1.4143,,,,,,,,,,,,,,,,,61.927784870967756,1.9183,37,9,296,132,82,50,17.703632,0,ok,logs/seed_108389.log
345871,irt_only,GHEFT,0,0.0,0,0,1,0.5647,0.6747,1.2394,,,,,,,,,,,,,,,,,66.57251272796935,1.5754,39,10,309,170,120,50,27.376752,0,ok,logs/seed_345871.log
340242,irt_only,GHEFT,0,0.0,0,0,1,0.6723,0.6302,1.3025,,,,,,,,,,,,,,,,,58.612458135335956,1.3547,37,9,300,162,111,51,21.530826,0,ok,logs/seed_340242.log
542308,irt_only,GHEFT,0,0.0,0,0,1,0.645,0.7044,1.3494,,,,,,,,,,,,,,,,,65.23506721311475,1.5737,37,10,309,164,115,49,23.377617,0,ok,logs/seed_542308.log
203875,irt_only,GHEFT,0,0.0,0,0,1,0.6541,0.6167,1.2708,,,,,,,,,,,,,,,,,56.176903538663176,1.6006,44,11,306,150,101,49,20.996765,0,ok,logs/seed_203875.log
353268,irt_only,GHEFT,0,0.0,0,0,1,0.6012,0.6583,1.2595,,,,,,,,,,,,,,,,,58.655504113614114,1.4892,45,11,326,170,111,59,21.312095,0,ok,logs/seed_353268.log
467050,irt_only,GHEFT,0,0.0,0,0,1,0.6594,0.7649,1.4243,,,,,,,,,,,,,,,,,68.42772341616774,1.8041,46,11,318,175,105,70,21.606262,0,ok,logs/seed_467050.log
652960,irt_only,GHEFT,0,0.0,0,0,1,0.6319,0.6134,1.2453,,,,,,,,,,,,,,,,,53.548431202674124,1.3517,38,10,321,133,89,44,19.813901,0,ok,logs/seed_652960.log
97302,irt_only,GHEFT,0,0.0,0,0,1,0.5939,0.5448,1.1387,,,,,,,,,,,,,,,,,48.7825652329749,1.1779,44,10,298,123,97,26,13.116243,0,ok,logs/seed_97302.log
976548,irt_only,GHEFT,0,0.0,0,0,1,0.7253,0.7405,1.4658,,,,,,,,,,,,,,,,,51.909843243243245,1.4497,43,10,293,143,94,49,9.51986,0,ok,logs/seed_976548.log
64317,irt_only,GHEFT,0,0.0,0,0,1,0.6751,0.5805,1.2556,,,,,,,,,,,,,,,,,54.038542125065135,1.3627,42,11,292,145,97,48,17.267548,0,ok,logs/seed_64317.log
795969,irt_only,GHEFT,0,0.0,0,0,1,0.6012,0.5185,1.1197,,,,,,,,,,,,,,,,,52.51110457354758,1.4269,42,11,317,129,95,34,18.055663,0,ok,logs/seed_795969.log
661815,irt_only,GHEFT,0,0.0,0,0,1,0.6262,0.6151,1.2413,,,,,,,,,,,,,,,,,61.76910033438349,1.9562,40,11,319,172,123,49,18.959855,0,ok,logs/seed_661815.log
74484,irt_only,GHEFT,0,0.0,0,0,1,0.6607,0.6049,1.2656,,,,,,,,,,,,,,,,,60.75154571773221,1.1458,44,11,288,159,106,53,18.427147,0,ok,logs/seed_74484.log
86122,irt_only,GHEFT,0,0.0,0,0,1,0.6862,0.6465,1.3327,,,,,,,,,,,,,,,,,79.16359153857353,2.3364,44,10,292,146,98,48,18.234346,0,ok,logs/seed_86122.log
361076,irt_only,GHEFT,0,0.0,0,0,1,0.6208,0.6069,1.2277,,,,,,,,,,,,,,,,,53.65019283232276,1.4387,45,10,318,151,97,54,18.87405,0,ok,logs/seed_361076.log
577910,irt_only,GHEFT,0,0.0,0,0,1,0.7175,0.727,1.4445,,,,,,,,,,,,,,,,,44.76089999999999,1.6703,34,9,280,106,76,30,16.042207,0,ok,logs/seed_577910.log
353010,irt_only,GHEFT,0,0.0,0,0,1,0.6893,0.5635,1.2528,,,,,,,,,,,,,,,,,45.39127958656331,1.3873,48,12,317,163,100,63,16.222726,0,ok,logs/seed_353010.log
970637,irt_only,GHEFT,0,0.0,0,0,1,0.6317,0.5494,1.1811,,,,,,,,,,,,,,,,,52.64371716579223,1.5192,39,10,312,158,112,46,16.75059,0,ok,logs/seed_970637.log
595007,irt_only,GHEFT,0,0.0,0,0,1,0.6174,0.5447,1.1621,,,,,,,,,,,,,,,,,47.28322051282052,1.1667,38,9,289,140,102,38,19.847335,0,ok,logs/seed_595007.log
657766,irt_only,GHEFT,0,0.0,0,0,1,0.6541,0.7419,1.396,,,,,,,,,,,,,,,,,65.80342912933754,1.4292,39,11,312,151,106,45,25.425457,0,ok,logs/seed_657766.log
496172,irt_only,GHEFT,0,0.0,0,0,1,0.6925,0.8088,1.5013,,,,,,,,,,,,,,,,,59.025059922179,1.588,47,10,310,158,105,53,21.382947,0,ok,logs/seed_496172.log
199762,irt_only,GHEFT,0,0.0,0,0,1,0.6668,0.8254,1.4922,,,,,,,,,,,,,,,,,67.9742153153153,1.6672,32,9,294,131,86,45,17.178977,0,ok,logs/seed_199762.log
870033,irt_only,GHEFT,0,0.0,0,0,1,0.6216,0.4948,1.1164,,,,,,,,,,,,,,,,,61.928099348298325,1.3681,39,10,331,163,110,53,15.669871,0,ok,logs/seed_870033.log
805412,irt_only,GHEFT,0,0.0,0,0,1,0.6682,0.6201,1.2883,,,,,,,,,,,,,,,,,60.815136443148695,1.2414,42,10,297,127,91,36,22.105127,0,ok,logs/seed_805412.log
114785,irt_only,GHEFT,0,0.0,0,0,1,0.6911,0.7461,1.4372,,,,,,,,,,,,,,,,,51.39836552901025,1.3925,41,10,307,145,106,39,16.609358,0,ok,logs/seed_114785.log
410342,irt_only,GHEFT,0,0.0,0,0,1,0.7432,0.7179,1.4611,,,,,,,,,,,,,,,,,61.18848139534883,1.5851,46,12,302,181,125,56,19.879596,0,ok,logs/seed_410342.log
880653,irt_only,GHEFT,0,0.0,0,0,1,0.688,0.6721,1.3601,,,,,,,,,,,,,,,,,64.00655389221555,1.4943,40,9,318,161,119,42,23.115177,0,ok,logs/seed_880653.log
135819,irt_only,GHEFT,0,0.0,0,0,1,0.6649,0.6928,1.3577,,,,,,,,,,,,,,,,,47.647517417910464,1.3266,36,10,292,130,91,39,19.759034,0,ok,logs/seed_135819.log
751830,irt_only,GHEFT,0,0.0,0,0,1,0.6439,0.6741,1.318,,,,,,,,,,,,,,,,,55.03756176470589,1.3066,34,10,296,135,97,38,19.206078,0,ok,logs/seed_751830.log
589417,irt_only,GHEFT,0,0.0,0,0,1,0.7672,0.758,1.5252,,,,,,,,,,,,,,,,,54.80598540647118,1.3667,40,11,309,157,106,51,19.978452,0,ok,logs/seed_589417.log
325641,irt_only,GHEFT,0,0.0,0,0,1,0.6771,0.5757,1.2528,,,,,,,,,,,,,,,,,60.02463947202191,1.4157,48,11,302,158,112,46,19.604922,0,ok,logs/seed_325641.log
386458,irt_only,GHEFT,0,0.0,0,0,1,0.7285,0.7493,1.4778,,,,,,,,,,,,,,,,,70.22582518337407,1.7966,41,8,303,143,101,42,18.580687,0,ok,logs/seed_386458.log
635890,irt_only,GHEFT,0,0.0,0,0,1,0.6189,0.6709,1.2898,,,,,,,,,,,,,,,,,57.96867275747509,1.8075,41,10,309,136,95,41,17.053957,0,ok,logs/seed_635890.log
321530,irt_only,GHEFT,0,0.0,0,0,1,0.6688,0.7384,1.4072,,,,,,,,,,,,,,,,,64.0336781512605,1.7543,39,11,302,174,125,49,20.363342,0,ok,logs/seed_321530.log
831017,irt_only,GHEFT,0,0.0,0,0,1,0.657,0.7201,1.3771,,,,,,,,,,,,,,,,,53.62227979111454,1.6675,40,11,295,155,106,49,18.41134,0,ok,logs/seed_831017.log
656820,irt_only,GHEFT,0,0.0,0,0,1,0.683,0.6389,1.3219,,,,,,,,,,,,,,,,,60.498866666666665,1.5336,42,10,313,160,114,46,22.120208,0,ok,logs/seed_656820.log
52829,irt_only,GHEFT,0,0.0,0,0,1,0.5751,0.5335,1.1086,,,,,,,,,,,,,,,,,56.1215719851552,1.5962,46,11,313,167,112,55,22.604771,0,ok,logs/seed_52829.log
121524,irt_only,GHEFT,0,0.0,0,0,1,0.7046,0.6172,1.3218,,,,,,,,,,,,,,,,,55.521761797752816,1.3938,46,11,300,136,98,38,23.908271,0,ok,logs/seed_121524.log
237123,irt_only,GHEFT,0,0.0,0,0,1,0.71,0.8008,1.5108,,,,,,,,,,,,,,,,,56.186029421746476,1.8473,43,11,299,163,102,61,17.191181,0,ok,logs/seed_237123.log
669751,irt_only,GHEFT,0,0.0,0,0,1,0.6376,0.6303,1.2679,,,,,,,,,,,,,,,,,55.2201,1.6023,44,8,317,148,101,47,19.827295,0,ok,logs/seed_669751.log
113454,irt_only,GHEFT,0,0.0,0,0,1,0.6618,0.627,1.2888,,,,,,,,,,,,,,,,,52.59789962756051,1.3212,39,10,278,134,98,36,23.019116,0,ok,logs/seed_113454.log
438348,irt_only,GHEFT,0,0.0,0,0,1,0.6981,0.9103,1.6084,,,,,,,,,,,,,,,,,59.66174733106427,1.7177,41,10,326,144,105,39,22.87281,0,ok,logs/seed_438348.log
899876,irt_only,GHEFT,0,0.0,0,0,1,0.6262,0.5723,1.1985,,,,,,,,,,,,,,,,,91.58091424435439,2.0989,48,12,326,186,117,69,15.748728,0,ok,logs/seed_899876.log
450238,irt_only,GHEFT,0,0.0,0,0,1,0.6232,0.648,1.2712,,,,,,,,,,,,,,,,,59.68465779012345,1.6134,39,12,298,151,94,57,21.809214,0,ok,logs/seed_450238.log
652597,irt_only,GHEFT,0,0.0,0,0,1,0.7072,0.9026,1.6098,,,,,,,,,,,,,,,,,56.77897113592234,1.5234,30,9,310,151,99,52,21.726022,0,ok,logs/seed_652597.log
54061,irt_only,GHEFT,0,0.0,0,0,1,0.7634,0.6404,1.4038,,,,,,,,,,,,,,,,,52.46907070063695,1.4246,37,10,308,151,94,57,20.868674,0,ok,logs/seed_54061.log
254848,irt_only,GHEFT,0,0.0,0,0,1,0.7083,0.628,1.3363,,,,,,,,,,,,,,,,,57.709108780776816,1.4721,45,11,289,152,96,56,22.043132,0,ok,logs/seed_254848.log
1391,irt_only,GHEFT,0,0.0,0,0,1,0.6506,0.6973,1.3479,,,,,,,,,,,,,,,,,52.017685443309446,1.6448,38,9,294,146,103,43,21.43445,0,ok,logs/seed_1391.log
978211,irt_only,GHEFT,0,0.0,0,0,1,0.6711,0.5891,1.2602,,,,,,,,,,,,,,,,,67.12261420373028,1.6841,50,11,304,156,96,60,29.428924,0,ok,logs/seed_978211.log
687522,irt_only,GHEFT,0,0.0,0,0,1,0.659,0.6707,1.3297,,,,,,,,,,,,,,,,,66.00825406661502,1.7661,45,11,311,152,99,53,28.009937,0,ok,logs/seed_687522.log
642133,irt_only,GHEFT,0,0.0,0,0,1,0.6835,0.6894,1.3729,,,,,,,,,,,,,,,,,49.10372210552764,1.3803,47,10,325,139,103,36,29.6014,0,ok,logs/seed_642133.log
214700,irt_only,GHEFT,0,0.0,0,0,1,0.5738,0.6906,1.2644,,,,,,,,,,,,,,,,,58.52557586900853,1.2421,36,8,295,147,115,32,19.639405,0,ok,logs/seed_214700.log
888370,irt_only,GHEFT,0,0.0,0,0,1,0.6599,0.6224,1.2823,,,,,,,,,,,,,,,,,64.32650498293029,1.6787,51,11,320,174,117,57,24.195512,0,ok,logs/seed_888370.log
483636,irt_only,GHEFT,0,0.0,0,0,1,0.5916,0.5046,1.0962,,,,,,,,,,,,,,,,,52.59745633802818,1.4161,46,11,312,143,100,43,21.318627,0,ok,logs/seed_483636.log
678341,irt_only,GHEFT,0,0.0,0,0,1,0.6643,0.525,1.1893,,,,,,,,,,,,,,,,,62.18729735049205,1.4548,46,10,332,146,101,45,21.562124,0,ok,logs/seed_678341.log
53458,irt_only,GHEFT,0,0.0,0,0,1,0.6141,0.745,1.3591,,,,,,,,,,,,,,,,,57.89114378283713,1.5322,42,9,283,140,100,40,20.306398,0,ok,logs/seed_53458.log
235293,irt_only,GHEFT,0,0.0,0,0,1,0.73,0.7048,1.4348,,,,,,,,,,,,,,,,,53.92101562082776,1.3896,32,8,284,128,90,38,17.405452,0,ok,logs/seed_235293.log
652153,irt_only,GHEFT,0,0.0,0,0,1,0.7388,0.7221,1.4609,,,,,,,,,,,,,,,,,59.46317188851913,1.3924,41,10,306,158,104,54,20.303274,0,ok,logs/seed_652153.log
265987,irt_only,GHEFT,0,0.0,0,0,1,0.6476,0.7573,1.4049,,,,,,,,,,,,,,,,,55.22793481608211,1.7327,43,10,327,162,116,46,25.516866,0,ok,logs/seed_265987.log
876344,irt_only,GHEFT,0,0.0,0,0,1,0.6303,0.717,1.3473,,,,,,,,,,,,,,,,,57.642478260869574,1.467,33,9,296,149,101,48,20.442242,0,ok,logs/seed_876344.log
641296,irt_only,GHEFT,0,0.0,0,0,1,0.6804,0.7318,1.4122,,,,,,,,,,,,,,,,,62.552760171165225,1.5143,40,11,282,145,91,54,19.217517,0,ok,logs/seed_641296.log
595834,irt_only,GHEFT,0,0.0,0,0,1,0.6935,0.5383,1.2318,,,,,,,,,,,,,,,,,56.83367703927493,1.3676,51,11,321,142,101,41,20.178244,0,ok,logs/seed_595834.log
738391,irt_only,GHEFT,0,0.0,0,0,1,0.7006,0.6587,1.3593,,,,,,,,,,,,,,,,,58.235621907563036,1.3032,42,11,299,140,98,42,19.329125,0,ok,logs/seed_738391.log
928512,irt_only,GHEFT,0,0.0,0,0,1,0.6626,0.5963,1.2589,,,,,,,,,,,,,,,,,62.17421797752809,1.4581,45,10,322,155,99,56,28.991488,0,ok,logs/seed_928512.log
181217,irt_only,GHEFT,0,0.0,0,0,1,0.6306,0.6944,1.325,,,,,,,,,,,,,,,,,63.19022386361061,1.4525,38,10,287,153,91,62,16.28871,0,ok,logs/seed_181217.log
93772,irt_only,GHEFT,0,0.0,0,0,1,0.6202,0.8582,1.4784,,,,,,,,,,,,,,,,,57.995948507331384,1.1778,29,8,287,122,83,39,25.728004,0,ok,logs/seed_93772.log
348523,irt_only,GHEFT,0,0.0,0,0,1,0.5826,0.6358,1.2184,,,,,,,,,,,,,,,,,83.60600354609929,1.8886,44,10,288,146,109,37,22.787477,0,ok,logs/seed_348523.log
466445,irt_only,GHEFT,0,0.0,0,0,1,0.6926,0.7866,1.4792,,,,,,,,,,,,,,,,,62.842200999999996,1.7478,42,11,317,176,107,69,26.229545,0,ok,logs/seed_466445.log
520238,irt_only,GHEFT,0,0.0,0,0,1,0.6804,0.7812,1.4616,,,,,,,,,,,,,,,,,63.90326512968301,1.5612,35,11,294,135,90,45,21.06054,0,ok,logs/seed_520238.log
512606,irt_only,GHEFT,0,0.0,0,0,1,0.7562,0.6888,1.445,,,,,,,,,,,,,,,,,50.70488224238496,1.2824,35,10,285,119,74,45,17.697079,0,ok,logs/seed_512606.log
732043,irt_only,GHEFT,0,0.0,0,0,1,0.7386,0.6865,1.4251,,,,,,,,,,,,,,,,,49.816050649350636,1.5552,40,11,315,158,118,40,22.27781,0,ok,logs/seed_732043.log
912078,irt_only,GHEFT,0,0.0,0,0,1,0.6309,0.7053,1.3362,,,,,,,,,,,,,,,,,58.15942592592592,1.6774,50,11,317,156,101,55,21.154044,0,ok,logs/seed_912078.log
770623,irt_only,GHEFT,0,0.0,0,0,1,0.7132,0.708,1.4212,,,,,,,,,,,,,,,,,59.16600753886854,1.4705,39,11,304,141,100,41,21.554412,0,ok,logs/seed_770623.log
274449,irt_only,GHEFT,0,0.0,0,0,1,0.6519,0.5982,1.2501,,,,,,,,,,,,,,,,,61.04814508268059,1.6788,45,12,293,150,102,48,18.581006,0,ok,logs/seed_274449.log
657848,irt_only,GHEFT,0,0.0,0,0,1,0.6433,0.6114,1.2547,,,,,,,,,,,,,,,,,47.42910527009222,1.3453,44,11,301,131,95,36,19.346259,0,ok,logs/seed_657848.log
807691,irt_only,GHEFT,0,0.0,0,0,1,0.6871,0.8714,1.5585,,,,,,,,,,,,,,,,,63.88425388793631,1.5292,33,9,282,154,106,48,18.972227,0,ok,logs/seed_807691.log
351419,irt_only,GHEFT,0,0.0,0,0,1,0.6877,0.7206,1.4083,,,,,,,,,,,,,,,,,47.28198315467074,1.2629,39,10,309,145,95,50,20.36751,0,ok,logs/seed_351419.log
726609,irt_only,GHEFT,0,0.0,0,0,1,0.7288,0.6934,1.4222,,,,,,,,,,,,,,,,,52.76122034139403,1.3462,35,10,290,137,97,40,21.366705,0,ok,logs/seed_726609.log
560070,irt_only,GHEFT,0,0.0,0,0,1,0.6937,0.7838,1.4775,,,,,,,,,,,,,,,,,65.08772406060778,1.5398,38,10,303,153,110,43,26.370493,0,ok,logs/seed_560070.log
342707,irt_only,GHEFT,0,0.0,0,0,1,0.6768,0.601,1.2778,,,,,,,,,,,,,,,,,54.82043675612603,1.2423,40,9,304,146,101,45,26.048827,0,ok,logs/seed_342707.log
56666,irt_only,GHEFT,0,0.0,0,0,1,0.6821,0.7575,1.4396,,,,,,,,,,,,,,,,,55.5449012987013,1.5687,36,10,273,131,89,42,19.500779,0,ok,logs/seed_56666.log
285209,irt_only,GHEFT,0,0.0,0,0,1,0.7095,0.6952,1.4047,,,,,,,,,,,,,,,,,56.9745132940431,1.4901,38,10,298,146,112,34,22.051811,0,ok,logs/seed_285209.log
886960,irt_only,GHEFT,0,0.0,0,0,1,0.6227,0.5312,1.1539,,,,,,,,,,,,,,,,,61.47567368421053,1.5597,47,11,322,169,127,42,25.679948,0,ok,logs/seed_886960.log
621730,irt_only,GHEFT,0,0.0,0,0,1,0.649,0.8085,1.4575,,,,,,,,,,,,,,,,,52.038833558139544,1.4757,35,10,282,146,98,48,16.611146,0,ok,logs/seed_621730.log
904473,irt_only,GHEFT,0,0.0,0,0,1,0.7391,0.6851,1.4242,,,,,,,,,,,,,,,,,59.43008541064638,1.2148,42,10,295,141,105,36,25.186575,0,ok,logs/seed_904473.log
653339,irt_only,GHEFT,0,0.0,0,0,1,0.634,0.6847,1.3187,,,,,,,,,,,,,,,,,64.71209150863214,1.708,43,12,288,159,111,48,18.588193,0,ok,logs/seed_653339.log
168058,irt_only,GHEFT,0,0.0,0,0,1,0.7454,0.5322,1.2776,,,,,,,,,,,,,,,,,47.79080303878621,1.4263,54,10,304,131,94,37,20.689567,0,ok,logs/seed_168058.log
442021,irt_only,GHEFT,0,0.0,0,0,1,0.6884,0.5768,1.2652,,,,,,,,,,,,,,,,,60.84908276795581,1.4954,43,11,312,162,104,58,24.787098,0,ok,logs/seed_442021.log
583293,irt_only,GHEFT,0,0.0,0,0,1,0.7822,0.7,1.4822,,,,,,,,,,,,,,,,,55.10988512446873,1.477,43,9,332,145,96,49,21.39368,0,ok,logs/seed_583293.log
889618,irt_only,GHEFT,0,0.0,0,0,1,0.6061,0.5649,1.171,,,,,,,,,,,,,,,,,55.63129641854847,1.355,33,10,322,139,104,35,22.801331,0,ok,logs/seed_889618.log
366067,irt_only,GHEFT,0,0.0,0,0,1,0.5921,0.5485,1.1406,,,,,,,,,,,,,,,,,58.483213458528944,1.3894,35,8,286,140,104,36,18.490718,0,ok,logs/seed_366067.log
814962,irt_only,GHEFT,0,0.0,0,0,1,0.6906,0.6052,1.2958,,,,,,,,,,,,,,,,,54.9776264048324,1.5772,36,10,293,141,100,41,22.863731,0,ok,logs/seed_814962.log
272538,irt_only,GHEFT,0,0.0,0,0,1,0.643,0.6327,1.2757,,,,,,,,,,,,,,,,,66.6522914992272,1.7575,42,10,290,152,109,43,21.962527,0,ok,logs/seed_272538.log
997364,irt_only,GHEFT,0,0.0,0,0,1,0.7234,0.6581,1.3815,,,,,,,,,,,,,,,,,54.09371010248902,1.5382,45,11,323,157,99,58,23.27353,0,ok,logs/seed_997364.log
829067,irt_only,GHEFT,0,0.0,0,0,1,0.7096,0.6494,1.359,,,,,,,,,,,,,,,,,57.95063507625271,1.5221,45,12,306,161,107,54,25.71392,0,ok,logs/seed_829067.log
823366,irt_only,GHEFT,0,0.0,0,0,1,0.6579,0.6715,1.3294,,,,,,,,,,,,,,,,,74.60177399702823,2.2989,41,11,313,154,98,56,20.333955,0,ok,logs/seed_823366.log
492603,irt_only,GHEFT,0,0.0,0,0,1,0.6878,0.6708,1.3586,,,,,,,,,,,,,,,,,57.56588705035971,1.4521,53,12,312,168,103,65,21.326883,0,ok,logs/seed_492603.log
767656,irt_only,GHEFT,0,0.0,0,0,1,0.6562,0.6119,1.2681,,,,,,,,,,,,,,,,,49.068313635379056,1.3056,49,13,322,145,93,52,23.62143,0,ok,logs/seed_767656.log
729327,irt_only,GHEFT,0,0.0,0,0,1,0.7389,0.6435,1.3824,,,,,,,,,,,,,,,,,58.43238540145986,1.4073,40,10,305,162,107,55,21.195035,0,ok,logs/seed_729327.log
666140,irt_only,GHEFT,0,0.0,0,0,1,0.7445,0.7248,1.4693,,,,,,,,,,,,,,,,,58.9082012939002,1.6613,42,10,303,154,106,48,20.838607,0,ok,logs/seed_666140.log
931213,irt_only,GHEFT,0,0.0,0,0,1,0.7194,0.8567,1.5761,,,,,,,,,,,,,,,,,83.12815933991054,1.7951,47,10,322,168,125,43,22.7856,0,ok,logs/seed_931213.log
479086,irt_only,GHEFT,0,0.0,0,0,1,0.6865,0.6383,1.3248,,,,,,,,,,,,,,,,,56.072540526031894,2.1856,40,11,292,145,106,39,18.029075,0,ok,logs/seed_479086.log
648286,irt_only,GHEFT,0,0.0,0,0,1,0.672,0.7005,1.3725,,,,,,,,,,,,,,,,,75.9887279057302,1.5974,41,12,291,144,102,42,22.177179,0,ok,logs/seed_648286.log
578832,irt_only,GHEFT,0,0.0,0,0,1,0.675,0.6567,1.3317,,,,,,,,,,,,,,,,,55.24746711590296,1.3351,39,12,311,163,109,54,21.954641,0,ok,logs/seed_578832.log
781836,irt_only,GHEFT,0,0.0,0,0,1,0.673,0.8012,1.4742,,,,,,,,,,,,,,,,,62.99554086599666,1.968,38,10,290,139,99,40,21.01354,0,ok,logs/seed_781836.log
659171,irt_only,GHEFT,0,0.0,0,0,1,0.6863,0.5573,1.2436,,,,,,,,,,,,,,,,,47.41075017301037,1.499,41,11,310,132,83,49,22.046447,0,ok,logs/seed_659171.log
667338,irt_only,GHEFT,0,0.0,0,0,1,0.6829,0.5488,1.2317,,,,,,,,,,,,,,,,,50.6946361581921,1.5326,40,9,308,132,101,31,23.901038,0,ok,logs/seed_667338.log
967649,irt_only,GHEFT,0,0.0,0,0,1,0.7393,0.6866,1.4259,,,,,,,,,,,,,,,,,62.385835407905795,2.1327,39,9,283,149,96,53,22.760078,0,ok,logs/seed_967649.log
413495,irt_only,GHEFT,0,0.0,0,0,1,0.6594,0.5932,1.2526,,,,,,,,,,,,,,,,,64.64845018234867,1.4421,43,10,327,167,107,60,22.8871,0,ok,logs/seed_413495.log
46799,irt_only,GHEFT,0,0.0,0,0,1,0.6787,0.6658,1.3445,,,,,,,,,,,,,,,,,79.21458334749362,1.5848,44,10,317,174,119,55,25.16129,0,ok,logs/seed_46799.log
213320,irt_only,GHEFT,0,0.0,0,0,1,0.7117,0.5381,1.2498,,,,,,,,,,,,,,,,,86.10530977353993,2.2134,54,14,322,170,109,61,23.203245,0,ok,logs/seed_213320.log
84966,irt_only,GHEFT,0,0.0,0,0,1,0.7439,0.8062,1.5501,,,,,,,,,,,,,,,,,53.596358968253966,1.9404,38,11,300,138,86,52,18.707463,0,ok,logs/seed_84966.log
372841,irt_only,GHEFT,0,0.0,0,0,1,0.6558,0.5365,1.1923,,,,,,,,,,,,,,,,,48.98936052202284,1.4233,50,10,327,141,108,33,28.159171,0,ok,logs/seed_372841.log
491732,irt_only,GHEFT,0,0.0,0,0,1,0.7281,0.7186,1.4467,,,,,,,,,,,,,,,,,57.62313315881326,1.7569,43,11,297,151,114,37,20.680055,0,ok,logs/seed_491732.log
770980,irt_only,GHEFT,0,0.0,0,0,1,0.6985,0.6792,1.3777,,,,,,,,,,,,,,,,,48.57796708511673,1.4598,40,10,313,150,101,49,20.306365,0,ok,logs/seed_770980.log
811224,irt_only,GHEFT,0,0.0,0,0,1,0.6376,0.7387,1.3763,,,,,,,,,,,,,,,,,60.20454912794613,1.4832,40,10,322,159,108,51,22.027227,0,ok,logs/seed_811224.log
498974,irt_only,GHEFT,0,0.0,0,0,1,0.6599,0.6798,1.3397,,,,,,,,,,,,,,,,,57.64445914396887,1.3589,40,11,313,161,112,49,23.106988,0,ok,logs/seed_498974.log
200046,irt_only,GHEFT,0,0.0,0,0,1,0.7605,0.7145,1.475,,,,,,,,,,,,,,,,,60.09717039714471,1.8453,39,9,305,160,108,52,22.500348,0,ok,logs/seed_200046.log
326276,irt_only,GHEFT,0,0.0,0,0,1,0.7529,0.6897,1.4426,,,,,,,,,,,,,,,,,54.8439462315667,1.5274,45,11,308,137,94,43,22.065032,0,ok,logs/seed_326276.log
640113,irt_only,GHEFT,0,0.0,0,0,1,0.6374,0.6873,1.3247,,,,,,,,,,,,,,,,,59.67636766666668,1.5025,47,11,321,162,120,42,23.534936,0,ok,logs/seed_640113.log
695200,irt_only,GHEFT,0,0.0,0,0,1,0.6263,0.6397,1.266,,,,,,,,,,,,,,,,,61.247295292508916,1.3025,39,11,295,130,85,45,20.364331,0,ok,logs/seed_695200.log
774075,irt_only,GHEFT,0,0.0,0,0,1,0.714,0.8718,1.5858,,,,,,,,,,,,,,,,,56.85200950570343,1.6779,43,10,305,153,103,50,18.716224,0,ok,logs/seed_774075.log
389892,irt_only,GHEFT,0,0.0,0,0,1,0.6793,0.573,1.2523,,,,,,,,,,,,,,,,,52.53778319132456,1.217,55,12,329,127,94,33,22.808596,0,ok,logs/seed_389892.log
955718,irt_only,GHEFT,0,0.0,0,0,1,0.755,0.8295,1.5845,,,,,,,,,,,,,,,,,65.47895309932785,1.6348,46,10,308,160,110,50,23.570989,0,ok,logs/seed_955718.log
522004,irt_only,GHEFT,0,0.0,0,0,1,0.7479,0.5759,1.3238,,,,,,,,,,,,,,,,,63.66555967878077,1.5883,37,11,285,161,105,56,20.627449,0,ok,logs/seed_522004.log
385731,irt_only,GHEFT,0,0.0,0,0,1,0.699,0.5727,1.2717,,,,,,,,,,,,,,,,,55.895893975903604,1.7062,42,9,299,135,96,39,17.022129,0,ok,logs/seed_385731.log
726289,irt_only,GHEFT,0,0.0,0,0,1,0.6852,0.6468,1.332,,,,,,,,,,,,,,,,,52.195060239208075,1.5174,41,10,327,163,113,50,23.992067,0,ok,logs/seed_726289.log
840325,irt_only,GHEFT,0,0.0,0,0,1,0.6353,0.6652,1.3005,,,,,,,,,,,,,,,,,72.6566968641115,1.521,47,11,310,170,125,45,23.210097,0,ok,logs/seed_840325.log
754746,irt_only,GHEFT,0,0.0,0,0,1,0.6287,0.5908,1.2195,,,,,,,,,,,,,,,,,50.523823690931586,1.5953,38,11,292,136,103,33,19.277135,0,ok,logs/seed_754746.log
717000,irt_only,GHEFT,0,0.0,0,0,1,0.6614,0.56,1.2214,,,,,,,,,,,,,,,,,77.05775739810426,1.3874,41,9,308,162,124,38,20.701389,0,ok,logs/seed_717000.log
70922,irt_only,GHEFT,0,0.0,0,0,1,0.6384,0.6703,1.3087,,,,,,,,,,,,,,,,,58.756826693790494,1.2343,47,12,327,175,119,56,21.057075,0,ok,logs/seed_70922.log
108172,irt_only,GHEFT,0,0.0,0,0,1,0.6831,0.7037,1.3868,,,,,,,,,,,,,,,,,57.080916314594326,1.426,40,11,310,165,102,63,23.081082,0,ok,logs/seed_108172.log
486905,irt_only,GHEFT,0,0.0,0,0,1,0.6453,0.7324,1.3777,,,,,,,,,,,,,,,,,72.1851572645241,1.2737,34,9,295,134,99,35,22.032708,0,ok,logs/seed_486905.log
268061,irt_only,GHEFT,0,0.0,0,0,1,0.5903,0.4499,1.0402,,,,,,,,,,,,,,,,,59.928240706955535,1.2318,45,11,305,148,108,40,21.196982,0,ok,logs/seed_268061.log
692334,irt_only,GHEFT,0,0.0,0,0,1,0.6836,0.6355,1.3191,,,,,,,,,,,,,,,,,59.12321122994652,1.1908,38,9,296,147,102,45,21.759253,0,ok,logs/seed_692334.log
719918,irt_only,GHEFT,0,0.0,0,0,1,0.7662,0.8406,1.6068,,,,,,,,,,,,,,,,,49.73406754966888,1.3779,38,10,287,137,90,47,18.198456,0,ok,logs/seed_719918.log
946535,irt_only,GHEFT,0,0.0,0,0,1,0.6892,0.7226,1.4118,,,,,,,,,,,,,,,,,53.584829243240236,1.4113,39,9,309,137,90,47,19.840411,0,ok,logs/seed_946535.log
453449,irt_only,GHEFT,0,0.0,0,0,1,0.7284,0.8519,1.5803,,,,,,,,,,,,,,,,,54.98349023569023,1.6011,38,11,321,166,114,52,26.931752,0,ok,logs/seed_453449.log
623966,irt_only,GHEFT,0,0.0,0,0,1,0.6815,0.7379,1.4194,,,,,,,,,,,,,,,,,57.985429963898916,1.708,31,9,297,148,103,45,20.769803,0,ok,logs/seed_623966.log
185535,irt_only,GHEFT,0,0.0,0,0,1,0.6705,0.6895,1.36,,,,,,,,,,,,,,,,,64.13992413793102,1.1925,38,11,305,167,125,42,20.048365,0,ok,logs/seed_185535.log
482729,irt_only,GHEFT,0,0.0,0,0,1,0.6678,0.7022,1.37,,,,,,,,,,,,,,,,,68.61135881395349,1.8972,41,11,297,158,112,46,19.65218,0,ok,logs/seed_482729.log
2208,irt_only,GHEFT,0,0.0,0,0,1,0.6463,0.5405,1.1868,,,,,,,,,,,,,,,,,54.748665111801245,1.3382,42,10,327,146,98,48,22.372914,0,ok,logs/seed_2208.log
226101,irt_only,GHEFT,0,0.0,0,0,1,0.6964,0.7299,1.4263,,,,,,,,,,,,,,,,,49.61249553376206,1.4325,46,11,313,143,105,38,23.922542,0,ok,logs/seed_226101.log
750848,irt_only,GHEFT,0,0.0,0,0,1,0.6083,0.5083,1.1166,,,,,,,,,,,,,,,,,55.60681463414634,1.4554,47,11,309,167,122,45,21.921103,0,ok,logs/seed_750848.log
430115,irt_only,GHEFT,0,0.0,0,0,1,0.6505,0.5909,1.2414,,,,,,,,,,,,,,,,,55.76149624060151,1.5232,42,10,321,171,130,41,19.250724,0,ok,logs/seed_430115.log
360828,irt_only,GHEFT,0,0.0,0,0,1,0.6584,0.7002,1.3586,,,,,,,,,,,,,,,,,59.97326363636365,1.5388,43,9,317,146,100,46,18.689098,0,ok,logs/seed_360828.log
686023,irt_only,GHEFT,0,0.0,0,0,1,0.7179,0.6835,1.4014,,,,,,,,,,,,,,,,,58.97784755614266,1.7734,39,10,291,142,108,34,16.823764,0,ok,logs/seed_686023.log
910767,irt_only,GHEFT,0,0.0,0,0,1,0.7349,0.7081,1.443,,,,,,,,,,,,,,,,,58.62202689295039,1.4786,45,11,289,138,106,32,8.808171,0,ok,logs/seed_910767.log
867129,irt_only,GHEFT,0,0.0,0,0,1,0.6351,0.624,1.2591,,,,,,,,,,,,,,,,,56.56999506423259,1.53,38,10,294,149,116,33,8.020289,0,ok,logs/seed_867129.log
594299,irt_only,GHEFT,0,0.0,0,0,1,0.7247,0.8285,1.5532,,,,,,,,,,,,,,,,,77.53829085545723,2.0092,39,10,312,169,112,57,8.518116,0,ok,logs/seed_594299.log
141316,irt_only,GHEFT,0,0.0,0,0,1,0.718,0.539,1.257,,,,,,,,,,,,,,,,,47.7374681492109,1.4728,43,10,291,133,98,35,7.082086,0,ok,logs/seed_141316.log
200207,irt_only,GHEFT,0,0.0,0,0,1,0.6449,0.6687,1.3136,,,,,,,,,,,,,,,,,57.2871688855326,1.5705,43,11,342,158,103,55,9.180022,0,ok,logs/seed_200207.log
575011,irt_only,GHEFT,0,0.0,0,0,1,0.6774,0.8306,1.508,,,,,,,,,,,,,,,,,68.8257303030303,1.2811,37,9,290,145,104,41,7.240961,0,ok,logs/seed_575011.log
765419,irt_only,GHEFT,0,0.0,0,0,1,0.6369,0.6024,1.2393,,,,,,,,,,,,,,,,,53.21292445141066,1.1806,42,10,320,147,94,53,7.188605,0,ok,logs/seed_765419.log
676245,irt_only,GHEFT,0,0.0,0,0,1,0.5908,0.5371,1.1279,,,,,,,,,,,,,,,,,72.46074385714284,1.661,49,11,287,165,119,46,6.934621,0,ok,logs/seed_676245.log
743656,irt_only,GHEFT,0,0.0,0,0,1,0.6826,0.7166,1.3992,,,,,,,,,,,,,,,,,56.759333525298224,1.4422,41,12,301,156,117,39,8.802887,0,ok,logs/seed_743656.log
469800,irt_only,GHEFT,0,0.0,0,0,1,0.665,0.6308,1.2958,,,,,,,,,,,,,,,,,63.114297986577185,1.3481,35,10,282,132,87,45,8.060694,0,ok,logs/seed_469800.log
384437,irt_only,GHEFT,0,0.0,0,0,1,0.6509,0.6122,1.2631,,,,,,,,,,,,,,,,,75.55522448979592,1.3157,43,10,306,137,98,39,8.050166,0,ok,logs/seed_384437.log
692498,irt_only,GHEFT,0,0.0,0,0,1,0.6742,0.5967,1.2709,,,,,,,,,,,,,,,,,55.63394011026879,1.4562,45,11,297,146,98,48,8.28864,0,ok,logs/seed_692498.log
385750,irt_only,GHEFT,0,0.0,0,0,1,0.6693,0.7927,1.462,,,,,,,,,,,,,,,,,62.326920970537266,1.6017,42,10,333,170,113,57,10.881844,0,ok,logs/seed_385750.log
966044,irt_only,GHEFT,0,0.0,0,0,1,0.7196,0.6701,1.3897,,,,,,,,,,,,,,,,,57.29232625327186,1.3663,41,10,292,156,108,48,6.683607,0,ok,logs/seed_966044.log
231504,irt_only,GHEFT,0,0.0,0,0,1,0.6255,0.5558,1.1813,,,,,,,,,,,,,,,,,57.95647593930025,1.6077,48,13,292,170,98,72,6.558514,0,ok,logs/seed_231504.log
758710,irt_only,GHEFT,0,0.0,0,0,1,0.6543,0.7806,1.4349,,,,,,,,,,,,,,,,,58.91414588563458,1.8065,40,11,312,165,119,46,23.258041,0,ok,logs/seed_758710.log
855896,irt_only,GHEFT,0,0.0,0,0,1,0.664,0.7616,1.4256,,,,,,,,,,,,,,,,,61.50919999999999,1.4951,33,9,304,144,101,43,23.657499,0,ok,logs/seed_855896.log
165859,irt_only,GHEFT,0,0.0,0,0,1,0.5515,0.5711,1.1226,,,,,,,,,,,,,,,,,63.17289459659512,1.5497,44,11,312,159,101,58,21.098185,0,ok,logs/seed_165859.log
804367,irt_only,GHEFT,0,0.0,0,0,1,0.7205,0.6435,1.364,,,,,,,,,,,,,,,,,49.51406431941147,1.6442,39,10,289,126,90,36,17.379538,0,ok,logs/seed_804367.log
317518,irt_only,GHEFT,0,0.0,0,0,1,0.6861,0.7399,1.426,,,,,,,,,,,,,,,,,60.53130477253039,1.3818,41,12,316,179,128,51,24.224077,0,ok,logs/seed_317518.log
461209,irt_only,GHEFT,0,0.0,0,0,1,0.6559,0.7466,1.4025,,,,,,,,,,,,,,,,,58.29211729877238,1.4341,40,10,314,157,92,65,22.25191,0,ok,logs/seed_461209.log
882850,irt_only,GHEFT,0,0.0,0,0,1,0.6605,0.815,1.4755,,,,,,,,,,,,,,,,,75.88287497733454,2.0457,37,11,307,139,107,32,23.975157,0,ok,logs/seed_882850.log
64681,irt_only,GHEFT,0,0.0,0,0,1,0.7261,0.962,1.6881,,,,,,,,,,,,,,,,,62.64069276244666,1.7286,30,8,281,125,90,35,18.516943,0,ok,logs/seed_64681.log
173770,irt_only,GHEFT,0,0.0,0,0,1,0.6049,0.5726,1.1775,,,,,,,,,,,,,,,,,65.2008157750343,1.4363,48,10,334,167,122,45,25.132226,0,ok,logs/seed_173770.log
258441,irt_only,GHEFT,0,0.0,0,0,1,0.7009,0.6775,1.3784,,,,,,,,,,,,,,,,,47.74852892127921,1.308,36,9,304,141,92,49,23.986967,0,ok,logs/seed_258441.log
324860,irt_only,GHEFT,0,0.0,0,0,1,0.6678,0.6186,1.2864,,,,,,,,,,,,,,,,,63.376649931600554,1.7749,41,11,320,137,103,34,24.114572,0,ok,logs/seed_324860.log
107009,irt_only,GHEFT,0,0.0,0,0,1,0.7684,0.6293,1.3977,,,,,,,,,,,,,,,,,71.69872406947891,1.6274,39,12,304,152,106,46,24.774685,0,ok,logs/seed_107009.log
161981,irt_only,GHEFT,0,0.0,0,0,1,0.618,0.5824,1.2004,,,,,,,,,,,,,,,,,47.00036540677966,1.352,41,12,274,141,96,45,17.2975,0,ok,logs/seed_161981.log
290380,irt_only,GHEFT,0,0.0,0,0,1,0.6809,0.7297,1.4106,,,,,,,,,,,,,,,,,71.31651218206159,1.5901,33,9,284,149,107,42,12.501069,0,ok,logs/seed_290380.log
976250,irt_only,GHEFT,0,0.0,0,0,1,0.6405,0.6529,1.2934,,,,,,,,,,,,,,,,,69.32137306931354,1.6034,38,8,303,153,108,45,13.270456,0,ok,logs/seed_976250.log
254077,irt_only,GHEFT,0,0.0,0,0,1,0.6662,0.8428,1.509,,,,,,,,,,,,,,,,,63.231019294990716,1.7382,42,10,321,162,92,70,11.207083,0,ok,logs/seed_254077.log
539967,irt_only,GHEFT,0,0.0,0,0,1,0.6573,0.5785,1.2358,,,,,,,,,,,,,,,,,59.791273410404635,1.6444,48,13,289,151,110,41,9.943431,0,ok,logs/seed_539967.log
599304,irt_only,GHEFT,0,0.0,0,0,1,0.7084,0.6579,1.3663,,,,,,,,,,,,,,,,,59.74827454711011,1.6643,40,9,303,152,106,46,11.313524,0,ok,logs/seed_599304.log
287821,irt_only,GHEFT,0,0.0,0,0,1,0.6672,0.6558,1.323,,,,,,,,,,,,,,,,,54.427080597014935,1.5689,45,8,323,136,89,47,12.683079,0,ok,logs/seed_287821.log
48051,irt_only,GHEFT,0,0.0,0,0,1,0.7697,0.6915,1.4612,,,,,,,,,,,,,,,,,48.54737358121331,1.2574,38,9,305,113,82,31,11.48376,0,ok,logs/seed_48051.log
860327,irt_only,GHEFT,0,0.0,0,0,1,0.5945,0.527,1.1215,,,,,,,,,,,,,,,,,54.52635647607935,1.3554,43,11,304,143,98,45,9.669988,0,ok,logs/seed_860327.log
591119,irt_only,GHEFT,0,0.0,0,0,1,0.5915,0.5009,1.0924,,,,,,,,,,,,,,,,,58.172235634743885,1.5284,46,11,301,132,87,45,8.127073,0,ok,logs/seed_591119.log
611764,irt_only,GHEFT,0,0.0,0,0,1,0.6552,0.608,1.2632,,,,,,,,,,,,,,,,,64.12337529698519,1.5368,43,11,308,162,119,43,10.549693,0,ok,logs/seed_611764.log
806683,irt_only,GHEFT,0,0.0,0,0,1,0.6359,0.6706,1.3065,,,,,,,,,,,,,,,,,63.40787456143079,1.3607,37,9,301,133,88,45,11.489231,0,ok,logs/seed_806683.log
848855,irt_only,GHEFT,0,0.0,0,0,1,0.6321,0.5599,1.192,,,,,,,,,,,,,,,,,53.50077508826016,1.6118,37,11,298,146,95,51,10.604441,0,ok,logs/seed_848855.log
384264,irt_only,GHEFT,0,0.0,0,0,1,0.6419,0.6034,1.2453,,,,,,,,,,,,,,,,,60.214025418604656,1.5619,45,12,336,181,123,58,9.417531,0,ok,logs/seed_384264.log
505769,irt_only,GHEFT,0,0.0,0,0,1,0.7012,0.6283,1.3295,,,,,,,,,,,,,,,,,48.16379823922282,1.2781,37,10,285,140,103,37,17.84988,0,ok,logs/seed_505769.log
221230,irt_only,GHEFT,0,0.0,0,0,1,0.7453,0.7616,1.5069,,,,,,,,,,,,,,,,,67.27646691140806,1.7791,38,10,303,162,112,50,18.566336,0,ok,logs/seed_221230.log
940154,irt_only,GHEFT,0,0.0,0,0,1,0.7042,0.7866,1.4908,,,,,,,,,,,,,,,,,43.79975519125682,1.2006,37,10,299,116,82,34,22.133825,0,ok,logs/seed_940154.log
587707,irt_only,GHEFT,0,0.0,0,0,1,0.6955,0.8461,1.5416,,,,,,,,,,,,,,,,,56.11509072164949,1.4342,34,8,298,118,82,36,22.652787,0,ok,logs/seed_587707.log
595985,irt_only,GHEFT,0,0.0,0,0,1,0.7288,0.7729,1.5017,,,,,,,,,,,,,,,,,70.44893767560664,2.4338,45,11,327,179,116,63,18.833815,0,ok,logs/seed_595985.log
54898,irt_only,GHEFT,0,0.0,0,0,1,0.62,0.6273,1.2473,,,,,,,,,,,,,,,,,50.19352751489499,1.2715,39,11,301,139,104,35,21.042987,0,ok,logs/seed_54898.log
351193,irt_only,GHEFT,0,0.0,0,0,1,0.7419,0.843,1.5849,,,,,,,,,,,,,,,,,72.25595845158814,1.4979,36,10,296,163,108,55,15.561642,0,ok,logs/seed_351193.log
538951,irt_only,GHEFT,0,0.0,0,0,1,0.6897,0.6904,1.3801,,,,,,,,,,,,,,,,,59.5547493372781,1.5324,41,12,282,141,105,36,22.646373,0,ok,logs/seed_538951.log
503015,irt_only,GHEFT,0,0.0,0,0,1,0.6804,0.7292,1.4096,,,,,,,,,,,,,,,,,60.91473590357698,1.5939,41,9,294,142,87,55,18.813759,0,ok,logs/seed_503015.log
953174,irt_only,GHEFT,0,0.0,0,0,1,0.7244,0.7343,1.4587,,,,,,,,,,,,,,,,,57.579672485732694,1.6487,41,12,317,173,116,57,20.372755,0,ok,logs/seed_953174.log
742910,irt_only,GHEFT,0,0.0,0,0,1,0.6587,0.6147,1.2734,,,,,,,,,,,,,,,,,56.122642613625075,1.3199,39,9,296,134,99,35,20.934311,0,ok,logs/seed_742910.log
61747,irt_only,GHEFT,0,0.0,0,0,1,0.6607,0.7005,1.3612,,,,,,,,,,,,,,,,,65.06714745762712,1.8613,43,11,312,151,99,52,24.070926,0,ok,logs/seed_61747.log
580612,irt_only,GHEFT,0,0.0,0,0,1,0.6725,0.7231,1.3956,,,,,,,,,,,,,,,,,55.05940168233405,1.4274,37,10,291,145,102,43,18.26057,0,ok,logs/seed_580612.log
615914,irt_only,GHEFT,0,0.0,0,0,1,0.6501,0.6434,1.2935,,,,,,,,,,,,,,,,,60.096282864792514,1.914,39,10,302,137,96,41,22.083275,0,ok,logs/seed_615914.log
8172,irt_only,GHEFT,0,0.0,0,0,1,0.6368,0.7354,1.3722,,,,,,,,,,,,,,,,,62.38328895612707,1.4982,36,11,288,153,108,45,15.93651,0,ok,logs/seed_8172.log
590147,irt_only,GHEFT,0,0.0,0,0,1,0.6593,0.6422,1.3015,,,,,,,,,,,,,,,,,54.14476739130434,1.5573,40,10,295,145,107,38,11.366697,0,ok,logs/seed_590147.log
773450,irt_only,GHEFT,0,0.0,0,0,1,0.713,0.6939,1.4069,,,,,,,,,,,,,,,,,74.3715424068768,1.677,41,12,298,157,113,44,12.840361,0,ok,logs/seed_773450.log
447391,irt_only,GHEFT,0,0.0,0,0,1,0.7494,0.5701,1.3195,,,,,,,,,,,,,,,,,47.45271377881169,1.3884,45,14,316,147,94,53,14.450898,0,ok,logs/seed_447391.log
234698,irt_only,GHEFT,0,0.0,0,0,1,0.6287,0.6066,1.2353,,,,,,,,,,,,,,,,,61.56197937837836,1.5784,49,13,322,169,99,70,15.304196,0,ok,logs/seed_234698.log
339985,irt_only,GHEFT,0,0.0,0,0,1,0.719,0.5863,1.3053,,,,,,,,,,,,,,,,,57.07728374917153,1.4791,42,13,303,135,96,39,12.385104,0,ok,logs/seed_339985.log
121191,irt_only,GHEFT,0,0.0,0,0,1,0.6767,0.7208,1.3975,,,,,,,,,,,,,,,,,54.32368051261641,1.3823,47,12,325,168,118,50,11.888055,0,ok,logs/seed_121191.log
67314,irt_only,GHEFT,0,0.0,0,0,1,0.6654,0.7241,1.3895,,,,,,,,,,,,,,,,,57.4991771609409,1.3276,37,9,288,138,96,42,12.099496,0,ok,logs/seed_67314.log
49664,irt_only,GHEFT,0,0.0,0,0,1,0.741,0.705,1.446,,,,,,,,,,,,,,,,,58.25213093799823,1.7954,44,13,309,168,108,60,13.509514,0,ok,logs/seed_49664.log
216188,irt_only,GHEFT,0,0.0,0,0,1,0.6651,0.6698,1.3349,,,,,,,,,,,,,,,,,61.91950155239326,1.5012,33,10,312,153,104,49,10.654054,0,ok,logs/seed_216188.log
594597,irt_only,GHEFT,0,0.0,0,0,1,0.6832,0.6202,1.3034,,,,,,,,,,,,,,,,,46.434703544529256,1.6409,38,9,295,132,93,39,11.278883,0,ok,logs/seed_594597.log
838544,irt_only,GHEFT,0,0.0,0,0,1,0.672,0.7754,1.4474,,,,,,,,,,,,,,,,,84.61828917204302,2.2464,36,9,302,148,95,53,12.223609,0,ok,logs/seed_838544.log
667390,irt_only,GHEFT,0,0.0,0,0,1,0.5952,0.7529,1.3481,,,,,,,,,,,,,,,,,64.73741810794297,1.3208,43,11,306,173,132,41,11.986719,0,ok,logs/seed_667390.log
584425,irt_only,GHEFT,0,0.0,0,0,1,0.6208,0.6038,1.2246,,,,,,,,,,,,,,,,,57.03808387096774,1.1724,41,10,285,122,92,30,12.544721,0,ok,logs/seed_584425.log
838220,irt_only,GHEFT,0,0.0,0,0,1,0.6178,0.5874,1.2052,,,,,,,,,,,,,,,,,67.16369521988527,1.9025,49,11,300,159,98,61,11.418625,0,ok,logs/seed_838220.log
441512,irt_only,GHEFT,0,0.0,0,0,1,0.6219,0.4927,1.1146,,,,,,,,,,,,,,,,,52.52437621247114,1.6225,38,9,288,119,83,36,8.457651,0,ok,logs/seed_441512.log
350535,irt_only,GHEFT,0,0.0,0,0,1,0.7325,0.7057,1.4382,,,,,,,,,,,,,,,,,59.481505545454546,1.5293,49,11,326,181,119,62,26.007201,0,ok,logs/seed_350535.log
298630,irt_only,GHEFT,0,0.0,0,0,1,0.6902,0.8132,1.5034,,,,,,,,,,,,,,,,,51.58330428151985,1.4749,35,9,289,137,87,50,17.043865,0,ok,logs/seed_298630.log
381642,irt_only,GHEFT,0,0.0,0,0,1,0.5648,0.6322,1.197,,,,,,,,,,,,,,,,,74.07770574282146,2.445,44,11,295,168,119,49,21.754619,0,ok,logs/seed_381642.log
831919,irt_only,GHEFT,0,0.0,0,0,1,0.6564,0.7964,1.4528,,,,,,,,,,,,,,,,,60.8576827169345,1.6654,35,9,315,117,79,38,20.25028,0,ok,logs/seed_831919.log
177577,irt_only,GHEFT,0,0.0,0,0,1,0.618,0.7297,1.3477,,,,,,,,,,,,,,,,,50.41402433165709,1.5116,38,11,292,136,100,36,17.600171,0,ok,logs/seed_177577.log
484873,irt_only,GHEFT,0,0.0,0,0,1,0.7454,0.6934,1.4388,,,,,,,,,,,,,,,,,51.8758604197901,1.6834,34,11,278,152,108,44,19.573571,0,ok,logs/seed_484873.log
861791,irt_only,GHEFT,0,0.0,0,0,1,0.7853,0.8458,1.6311,,,,,,,,,,,,,,,,,52.800742372881345,1.5155,37,9,299,126,85,41,18.921525,0,ok,logs/seed_861791.log
147598,irt_only,GHEFT,0,0.0,0,0,1,0.5694,0.7241,1.2935,,,,,,,,,,,,,,,,,65.02543407214064,1.5792,36,9,279,143,98,45,18.512862,0,ok,logs/seed_147598.log
509060,irt_only,GHEFT,0,0.0,0,0,1,0.6647,0.6515,1.3162,,,,,,,,,,,,,,,,,72.17104829362525,1.6148,41,10,284,146,110,36,22.407528,0,ok,logs/seed_509060.log
734809,irt_only,GHEFT,0,0.0,0,0,1,0.6252,0.5947,1.2199,,,,,,,,,,,,,,,,,56.37608009604519,1.7242,40,11,303,164,121,43,18.225035,0,ok,logs/seed_734809.log
209596,irt_only,GHEFT,0,0.0,0,0,1,0.6384,0.7998,1.4382,,,,,,,,,,,,,,,,,67.31538451242831,1.5869,43,10,322,167,111,56,22.444104,0,ok,logs/seed_209596.log
128530,irt_only,GHEFT,0,0.0,0,0,1,0.6697,0.5882,1.2579,,,,,,,,,,,,,,,,,58.79479608639426,1.3312,48,11,303,160,122,38,19.583273,0,ok,logs/seed_128530.log
839126,irt_only,GHEFT,0,0.0,0,0,1,0.7045,0.8014,1.5059,,,,,,,,,,,,,,,,,76.577802,2.5497,49,13,332,165,99,66,24.883664,0,ok,logs/seed_839126.log
735954,irt_only,GHEFT,0,0.0,0,0,1,0.6785,0.6258,1.3043,,,,,,,,,,,,,,,,,58.48848035617504,1.5831,49,13,325,167,105,62,19.443949,0,ok,logs/seed_735954.log
254875,irt_only,GHEFT,0,0.0,0,0,1,0.6698,0.7958,1.4656,,,,,,,,,,,,,,,,,71.42259753945864,1.7912,36,9,301,148,100,48,12.893911,0,ok,logs/seed_254875.log
334605,irt_only,GHEFT,0,0.0,0,0,1,0.6755,0.7425,1.418,,,,,,,,,,,,,,,,,59.90150344827585,1.735,37,10,297,157,109,48,10.371649,0,ok,logs/seed_334605.log
616765,irt_only,GHEFT,0,0.0,0,0,1,0.6908,0.6696,1.3604,,,,,,,,,,,,,,,,,56.134704484331344,1.4149,40,10,313,172,127,45,8.639721,0,ok,logs/seed_616765.log
249505,irt_only,GHEFT,0,0.0,0,0,1,0.6038,0.5491,1.1529,,,,,,,,,,,,,,,,,54.58405490196078,1.3261,60,12,309,148,91,57,9.987805,0,ok,logs/seed_249505.log
917778,irt_only,GHEFT,0,0.0,0,0,1,0.6529,0.653,1.3059,,,,,,,,,,,,,,,,,54.03301927906976,1.2136,37,10,288,130,95,35,8.489951,0,ok,logs/seed_917778.log
514894,irt_only,GHEFT,0,0.0,0,0,1,0.7547,0.8797,1.6344,,,,,,,,,,,,,,,,,51.973650180505416,1.6198,43,11,310,148,84,64,8.824859,0,ok,logs/seed_514894.log
722280,irt_only,GHEFT,0,0.0,0,0,1,0.6668,0.5757,1.2425,,,,,,,,,,,,,,,,,60.08800933713471,1.638,40,10,296,138,102,36,7.372219,0,ok,logs/seed_722280.log
859753,irt_only,GHEFT,0,0.0,0,0,1,0.7313,0.7818,1.5131,,,,,,,,,,,,,,,,,64.33359176996653,1.8521,47,13,314,170,108,62,9.692775,0,ok,logs/seed_859753.log
380340,irt_only,GHEFT,0,0.0,0,0,1,0.6979,0.6625,1.3604,,,,,,,,,,,,,,,,,47.60474174188616,1.2902,50,13,318,154,81,73,9.19279,0,ok,logs/seed_380340.log
832161,irt_only,GHEFT,0,0.0,0,0,1,0.7304,0.5609,1.2913,,,,,,,,,,,,,,,,,54.17671609322974,1.4169,46,11,300,156,104,52,8.984767,0,ok,logs/seed_832161.log
336794,irt_only,GHEFT,0,0.0,0,0,1,0.6792,0.7152,1.3944,,,,,,,,,,,,,,,,,63.21677344480605,1.6475,32,9,287,126,92,34,9.275546,0,ok,logs/seed_336794.log
924503,irt_only,GHEFT,0,0.0,0,0,1,0.7388,0.7758,1.5146,,,,,,,,,,,,,,,,,55.77165259967187,1.2561,39,10,304,147,101,46,9.091223,0,ok,logs/seed_924503.log
393523,irt_only,GHEFT,0,0.0,0,0,1,0.6344,0.6857,1.3201,,,,,,,,,,,,,,,,,64.6305,1.7675,42,11,301,153,107,46,7.983524,0,ok,logs/seed_393523.log
310465,irt_only,GHEFT,0,0.0,0,0,1,0.6871,0.6894,1.3765,,,,,,,,,,,,,,,,,54.69526790391458,1.1579,41,10,297,139,100,39,11.73019,0,ok,logs/seed_310465.log
433513,irt_only,GHEFT,0,0.0,0,0,1,0.6161,0.693,1.3091,,,,,,,,,,,,,,,,,58.23435365853658,1.8575,40,11,301,148,103,45,22.339922,0,ok,logs/seed_433513.log
13460,irt_only,GHEFT,0,0.0,0,0,1,0.6562,0.6172,1.2734,,,,,,,,,,,,,,,,,58.1005461928934,1.3827,48,12,321,170,126,44,24.683208,0,ok,logs/seed_13460.log
349575,irt_only,GHEFT,0,0.0,0,0,1,0.679,0.7613,1.4403,,,,,,,,,,,,,,,,,56.65286404494382,1.6805,46,12,307,158,102,56,19.765102,0,ok,logs/seed_349575.log
593063,irt_only,GHEFT,0,0.0,0,0,1,0.6466,0.7446,1.3912,,,,,,,,,,,,,,,,,73.95711918181817,1.3496,34,8,269,140,97,43,18.024239,0,ok,logs/seed_593063.log
433182,irt_only,GHEFT,0,0.0,0,0,1,0.668,0.7386,1.4066,,,,,,,,,,,,,,,,,58.542164851952776,1.532,43,10,294,165,111,54,17.385829,0,ok,logs/seed_433182.log
780580,irt_only,GHEFT,0,0.0,0,0,1,0.6923,0.5915,1.2838,,,,,,,,,,,,,,,,,62.561523252496436,1.5368,44,10,303,140,99,41,22.499868,0,ok,logs/seed_780580.log
152838,irt_only,GHEFT,0,0.0,0,0,1,0.6706,0.9207,1.5913,,,,,,,,,,,,,,,,,69.4583870979417,1.5867,45,10,337,182,114,68,20.175306,0,ok,logs/seed_152838.log
222996,irt_only,GHEFT,0,0.0,0,0,1,0.676,0.6317,1.3077,,,,,,,,,,,,,,,,,57.19686655183948,1.4282,40,10,287,140,103,37,17.351479,0,ok,logs/seed_222996.log
298744,irt_only,GHEFT,0,0.0,0,0,1,0.5854,0.5475,1.1329,,,,,,,,,,,,,,,,,63.33852030178328,1.36,57,14,332,183,102,81,19.784823,0,ok,logs/seed_298744.log
762917,irt_only,GHEFT,0,0.0,0,0,1,0.6267,0.7624,1.3891,,,,,,,,,,,,,,,,,54.20068169452619,1.4197,43,11,308,141,93,48,24.830986,0,ok,logs/seed_762917.log
457149,irt_only,GHEFT,0,0.0,0,0,1,0.7646,0.7351,1.4997,,,,,,,,,,,,,,,,,50.01965332389252,1.6969,35,11,271,128,95,33,17.227607,0,ok,logs/seed_457149.log
540167,irt_only,GHEFT,0,0.0,0,0,1,0.7622,0.6997,1.4619,,,,,,,,,,,,,,,,,48.36906963094483,1.408,34,10,274,122,83,39,21.106564,0,ok,logs/seed_540167.log
956256,irt_only,GHEFT,0,0.0,0,0,1,0.6933,0.6928,1.3861,,,,,,,,,,,,,,,,,57.58280676691729,1.3812,40,9,297,127,84,43,19.172045,0,ok,logs/seed_956256.log
809026,irt_only,GHEFT,0,0.0,0,0,1,0.7215,0.7118,1.4333,,,,,,,,,,,,,,,,,55.275363708394714,1.276,39,9,304,141,100,41,18.970252,0,ok,logs/seed_809026.log
625059,irt_only,GHEFT,0,0.0,0,0,1,0.6507,0.5684,1.2191,,,,,,,,,,,,,,,,,54.91279276726474,1.3116,47,12,322,158,117,41,27.000072,0,ok,logs/seed_625059.log
451924,irt_only,GHEFT,0,0.0,0,0,1,0.732,0.843,1.575,,,,,,,,,,,,,,,,,55.64673553008596,1.506,35,10,284,152,105,47,19.082832,0,ok,logs/seed_451924.log
861621,irt_only,GHEFT,0,0.0,0,0,1,0.707,0.8194,1.5264,,,,,,,,,,,,,,,,,63.12136252377934,1.464,35,10,314,154,114,40,23.091818,0,ok,logs/seed_861621.log
986736,irt_only,GHEFT,0,0.0,0,0,1,0.6201,0.5258,1.1459,,,,,,,,,,,,,,,,,61.490272340425534,1.3941,52,14,306,185,117,68,19.109882,0,ok,logs/seed_986736.log
831918,irt_only,GHEFT,0,0.0,0,0,1,0.6415,0.6184,1.2599,,,,,,,,,,,,,,,,,70.23139323220535,2.1697,42,11,312,155,107,48,22.074906,0,ok,logs/seed_831918.log
126553,irt_only,GHEFT,0,0.0,0,0,1,0.6279,0.5709,1.1988,,,,,,,,,,,,,,,,,50.92197627829003,1.4133,40,10,281,139,96,43,17.737941,0,ok,logs/seed_126553.log
916292,irt_only,GHEFT,0,0.0,0,0,1,0.709,0.8299,1.5389,,,,,,,,,,,,,,,,,53.402563538461536,1.7556,48,12,329,169,119,50,24.554842,0,ok,logs/seed_916292.log
478518,irt_only,GHEFT,0,0.0,0,0,1,0.6805,0.6938,1.3743,,,,,,,,,,,,,,,,,52.2108911812413,1.3231,43,11,309,133,93,40,24.447761,0,ok,logs/seed_478518.log
368587,irt_only,GHEFT,0,0.0,0,0,1,0.7201,0.613,1.3331,,,,,,,,,,,,,,,,,49.165920819521915,1.3755,43,12,299,155,110,45,18.408198,0,ok,logs/seed_368587.log
494163,irt_only,GHEFT,0,0.0,0,0,1,0.664,0.7223,1.3863,,,,,,,,,,,,,,,,,58.3337993006993,1.3171,39,10,300,157,101,56,22.611985,0,ok,logs/seed_494163.log
250163,irt_only,GHEFT,0,0.0,0,0,1,0.6604,0.6137,1.2741,,,,,,,,,,,,,,,,,56.89558579823702,1.3481,39,10,297,130,95,35,20.9123,0,ok,logs/seed_250163.log
674657,irt_only,GHEFT,0,0.0,0,0,1,0.7158,0.6878,1.4036,,,,,,,,,,,,,,,,,53.61683051299134,1.7955,45,10,315,146,104,42,19.92643,0,ok,logs/seed_674657.log
798908,irt_only,GHEFT,0,0.0,0,0,1,0.588,0.5764,1.1644,,,,,,,,,,,,,,,,,58.01619867001019,1.5047,47,10,328,157,107,50,28.60366,0,ok,logs/seed_798908.log
740163,irt_only,GHEFT,0,0.0,0,0,1,0.6483,0.5314,1.1797,,,,,,,,,,,,,,,,,60.403513458755434,1.5396,44,12,299,129,94,35,21.611457,0,ok,logs/seed_740163.log
926974,irt_only,GHEFT,0,0.0,0,0,1,0.692,0.5905,1.2825,,,,,,,,,,,,,,,,,57.97240834621329,1.4006,45,11,299,162,110,52,22.520614,0,ok,logs/seed_926974.log
107136,irt_only,GHEFT,0,0.0,0,0,1,0.7246,0.7183,1.4429,,,,,,,,,,,,,,,,,65.94494418604651,1.8561,50,12,291,151,95,56,17.143791,0,ok,logs/seed_107136.log
196168,irt_only,GHEFT,0,0.0,0,0,1,0.5763,0.7205,1.2968,,,,,,,,,,,,,,,,,57.72427699115044,1.6127,37,9,297,122,86,36,19.172614,0,ok,logs/seed_196168.log
760873,irt_only,GHEFT,0,0.0,0,0,1,0.6542,0.776,1.4302,,,,,,,,,,,,,,,,,63.814744639718796,1.3749,42,10,320,152,107,45,27.723819,0,ok,logs/seed_760873.log
151030,irt_only,GHEFT,0,0.0,0,0,1,0.6634,0.7005,1.3639,,,,,,,,,,,,,,,,,45.846103081261525,1.4337,33,9,295,136,96,40,16.940113,0,ok,logs/seed_151030.log
645995,irt_only,GHEFT,0,0.0,0,0,1,0.5932,0.5942,1.1874,,,,,,,,,,,,,,,,,74.79229016595015,1.6817,48,12,322,166,117,49,15.413684,0,ok,logs/seed_645995.log
60607,irt_only,GHEFT,0,0.0,0,0,1,0.7456,0.734,1.4796,,,,,,,,,,,,,,,,,66.59432857142858,1.754,38,12,301,167,112,55,15.08428,0,ok,logs/seed_60607.log
50707,irt_only,GHEFT,0,0.0,0,0,1,0.733,0.8569,1.5899,,,,,,,,,,,,,,,,,63.707100593562906,1.6073,37,10,285,158,110,48,19.171228,0,ok,logs/seed_50707.log
568053,irt_only,GHEFT,0,0.0,0,0,1,0.6601,0.5438,1.2039,,,,,,,,,,,,,,,,,56.816296385542174,1.3976,36,10,281,161,120,41,18.503301,0,ok,logs/seed_568053.log
891927,irt_only,GHEFT,0,0.0,0,0,1,0.6214,0.6362,1.2576,,,,,,,,,,,,,,,,,68.96030116398276,1.6134,40,10,294,150,104,46,17.518882,0,ok,logs/seed_891927.log
141617,irt_only,GHEFT,0,0.0,0,0,1,0.5898,0.6053,1.1951,,,,,,,,,,,,,,,,,53.409546368715084,1.3363,45,11,308,163,103,60,19.632715,0,ok,logs/seed_141617.log
580680,irt_only,GHEFT,0,0.0,0,0,1,0.5901,0.7855,1.3756,,,,,,,,,,,,,,,,,75.59558735632183,1.9872,43,9,315,148,98,50,22.136325,0,ok,logs/seed_580680.log
784503,irt_only,GHEFT,0,0.0,0,0,1,0.6788,0.7966,1.4754,,,,,,,,,,,,,,,,,63.14836950355502,1.706,40,10,323,141,106,35,21.151401,0,ok,logs/seed_784503.log
224085,irt_only,GHEFT,0,0.0,0,0,1,0.6716,0.7075,1.3791,,,,,,,,,,,,,,,,,50.093853457541194,1.8271,40,8,298,118,78,40,15.883323,0,ok,logs/seed_224085.log
328255,irt_only,GHEFT,0,0.0,0,0,1,0.6328,0.7146,1.3474,,,,,,,,,,,,,,,,,67.85995197934595,1.2891,40,9,284,132,88,44,16.330988,0,ok,logs/seed_328255.log
949566,irt_only,GHEFT,0,0.0,0,0,1,0.7631,0.7835,1.5466,,,,,,,,,,,,,,,,,55.13847841935484,1.8664,33,9,274,121,81,40,16.234044,0,ok,logs/seed_949566.log
439895,irt_only,GHEFT,0,0.0,0,0,1,0.7399,0.6339,1.3738,,,,,,,,,,,,,,,,,53.47732687267905,1.2373,46,9,322,143,94,49,18.700316,0,ok,logs/seed_439895.log
504485,irt_only,GHEFT,0,0.0,0,0,1,0.595,0.5131,1.1081,,,,,,,,,,,,,,,,,49.54980155172414,1.691,38,10,282,131,89,42,18.481185,0,ok,logs/seed_504485.log
761223,irt_only,GHEFT,0,0.0,0,0,1,0.642,0.7264,1.3684,,,,,,,,,,,,,,,,,58.87446856756757,1.1311,47,11,328,177,116,61,21.272634,0,ok,logs/seed_761223.log
34506,irt_only,GHEFT,0,0.0,0,0,1,0.6701,0.7319,1.402,,,,,,,,,,,,,,,,,65.00534720547945,1.3537,39,10,315,177,109,68,19.07644,0,ok,logs/seed_34506.log
842256,irt_only,GHEFT,0,0.0,0,0,1,0.6721,0.6338,1.3059,,,,,,,,,,,,,,,,,51.337703139393554,1.3037,44,10,297,140,110,30,16.799874,0,ok,logs/seed_842256.log
264456,irt_only,GHEFT,0,0.0,0,0,1,0.7014,0.6342,1.3356,,,,,,,,,,,,,,,,,61.93006374899385,1.6832,41,11,295,140,99,41,14.702061,0,ok,logs/seed_264456.log
899949,irt_only,GHEFT,0,0.0,0,0,1,0.6987,0.7297,1.4284,,,,,,,,,,,,,,,,,50.695887928104575,1.5243,40,11,312,169,105,64,11.094213,0,ok,logs/seed_899949.log
333717,irt_only,GHEFT,0,0.0,0,0,1,0.7182,0.6643,1.3825,,,,,,,,,,,,,,,,,51.51942303698896,1.7163,42,11,302,142,95,47,9.041702,0,ok,logs/seed_333717.log
332163,irt_only,GHEFT,0,0.0,0,0,1,0.7117,0.6354,1.3471,,,,,,,,,,,,,,,,,56.014078832116795,1.1487,35,8,284,138,102,36,8.849331,0,ok,logs/seed_332163.log
509204,irt_only,GHEFT,0,0.0,0,0,1,0.5641,0.5906,1.1547,,,,,,,,,,,,,,,,,58.81725547652916,1.5236,34,9,276,126,92,34,7.419708,0,ok,logs/seed_509204.log
749756,irt_only,GHEFT,0,0.0,0,0,1,0.6363,0.7417,1.378,,,,,,,,,,,,,,,,,60.180873291925465,1.612,38,9,304,145,106,39,9.183411,0,ok,logs/seed_749756.log
139867,irt_only,GHEFT,0,0.0,0,0,1,0.635,0.6929,1.3279,,,,,,,,,,,,,,,,,56.46007129114677,1.3568,43,12,313,152,104,48,10.381489,0,ok,logs/seed_139867.log
571927,irt_only,GHEFT,0,0.0,0,0,1,0.6763,0.578,1.2543,,,,,,,,,,,,,,,,,51.34089000825764,1.3828,43,11,316,139,101,38,9.992787,0,ok,logs/seed_571927.log
27872,irt_only,GHEFT,0,0.0,0,0,1,0.6791,0.8667,1.5458,,,,,,,,,,,,,,,,,53.31585571558556,1.5851,33,10,298,139,90,49,8.649753,0,ok,logs/seed_27872.log
570279,irt_only,GHEFT,0,0.0,0,0,1,0.721,0.6536,1.3746,,,,,,,,,,,,,,,,,59.20100805070508,1.5961,41,12,301,172,109,63,9.299988,0,ok,logs/seed_570279.log
245986,irt_only,GHEFT,0,0.0,0,0,1,0.6402,0.6147,1.2549,,,,,,,,,,,,,,,,,68.46619696969698,1.6342,44,10,305,138,101,37,10.797726,0,ok,logs/seed_245986.log
444289,irt_only,GHEFT,0,0.0,0,0,1,0.6342,0.6972,1.3314,,,,,,,,,,,,,,,,,53.51202153589315,1.2615,44,10,331,147,105,42,11.773181,0,ok,logs/seed_444289.log
470037,irt_only,GHEFT,0,0.0,0,0,1,0.5787,0.5824,1.1611,,,,,,,,,,,,,,,,,55.69126814449918,1.2115,36,10,292,126,93,33,9.137501,0,ok,logs/seed_470037.log
139891,irt_only,GHEFT,0,0.0,0,0,1,0.7505,0.7849,1.5354,,,,,,,,,,,,,,,,,58.90857632467533,1.5915,43,11,301,151,103,48,9.729935,0,ok,logs/seed_139891.log
42632,irt_only,GHEFT,0,0.0,0,0,1,0.6665,0.6877,1.3542,,,,,,,,,,,,,,,,,62.90096361239287,1.5696,38,10,307,144,106,38,8.221631,0,ok,logs/seed_42632.log
895786,irt_only,GHEFT,0,0.0,0,0,1,0.7352,0.5776,1.3128,,,,,,,,,,,,,,,,,45.90425508684862,1.3902,38,10,310,133,95,38,8.640876,0,ok,logs/seed_895786.log
970436,irt_only,GHEFT,0,0.0,0,0,1,0.6677,0.6024,1.2701,,,,,,,,,,,,,,,,,66.43691211111113,1.6936,42,12,297,162,118,44,24.572863,0,ok,logs/seed_970436.log
379750,irt_only,GHEFT,0,0.0,0,0,1,0.7361,0.7148,1.4509,,,,,,,,,,,,,,,,,55.06699999999999,1.6213,40,12,326,179,108,71,22.147503,0,ok,logs/seed_379750.log
653227,irt_only,GHEFT,0,0.0,0,0,1,0.6477,0.633,1.2807,,,,,,,,,,,,,,,,,55.146118181818196,1.4218,42,10,321,149,102,47,27.272055,0,ok,logs/seed_653227.log
799540,irt_only,GHEFT,0,0.0,0,0,1,0.7028,0.593,1.2958,,,,,,,,,,,,,,,,,56.75786789113355,1.3369,47,12,323,183,125,58,22.053373,0,ok,logs/seed_799540.log
514750,irt_only,GHEFT,0,0.0,0,0,1,0.6751,0.8039,1.479,,,,,,,,,,,,,,,,,72.12557852998067,1.7406,40,10,302,156,118,38,21.04494,0,ok,logs/seed_514750.log
206242,irt_only,GHEFT,0,0.0,0,0,1,0.6405,0.7151,1.3556,,,,,,,,,,,,,,,,,67.13550106951872,1.6326,44,10,325,145,94,51,24.801169,0,ok,logs/seed_206242.log
622844,irt_only,GHEFT,0,0.0,0,0,1,0.6564,0.6503,1.3067,,,,,,,,,,,,,,,,,74.5526017053624,1.8168,38,10,277,144,112,32,21.158821,0,ok,logs/seed_622844.log
366108,irt_only,GHEFT,0,0.0,0,0,1,0.6157,0.5772,1.1929,,,,,,,,,,,,,,,,,56.65525576786978,1.4198,49,12,302,133,93,40,25.854393,0,ok,logs/seed_366108.log
968837,irt_only,GHEFT,0,0.0,0,0,1,0.6123,0.6585,1.2708,,,,,,,,,,,,,,,,,74.37028303799654,1.7129,46,12,311,150,109,41,24.586923,0,ok,logs/seed_968837.log
981812,irt_only,GHEFT,0,0.0,0,0,1,0.7214,0.5742,1.2956,,,,,,,,,,,,,,,,,46.51762487562189,1.1841,42,11,292,160,116,44,15.086764,0,ok,logs/seed_981812.log
569345,irt_only,GHEFT,0,0.0,0,0,1,0.601,0.5623,1.1633,,,,,,,,,,,,,,,,,56.18990547195624,1.5269,45,11,308,151,98,53,25.761614,0,ok,logs/seed_569345.log
861379,irt_only,GHEFT,0,0.0,0,0,1,0.7316,0.7339,1.4655,,,,,,,,,,,,,,,,,70.2371227729404,1.5836,51,12,348,187,113,74,24.854581,0,ok,logs/seed_861379.log
339822,irt_only,GHEFT,0,0.0,0,0,1,0.6738,0.6671,1.3409,,,,,,,,,,,,,,,,,61.55285320030348,1.5928,47,11,304,141,103,38,20.301486,0,ok,logs/seed_339822.log
123042,irt_only,GHEFT,0,0.0,0,0,1,0.6724,0.7712,1.4436,,,,,,,,,,,,,,,,,60.65112104761905,1.6465,44,10,343,169,127,42,13.648707,0,ok,logs/seed_123042.log
596168,irt_only,GHEFT,0,0.0,0,0,1,0.7776,0.8414,1.619,,,,,,,,,,,,,,,,,66.1071118597285,1.7836,35,8,291,135,98,37,6.546145,0,ok,logs/seed_596168.log
486023,irt_only,GHEFT,0,0.0,0,0,1,0.6845,0.7283,1.4128,,,,,,,,,,,,,,,,,53.470185066740214,1.4972,43,11,318,160,110,50,10.498346,0,ok,logs/seed_486023.log
192534,irt_only,GHEFT,0,0.0,0,0,1,0.741,0.5965,1.3375,,,,,,,,,,,,,,,,,46.75929679865206,1.7,45,10,305,127,91,36,8.387338,0,ok,logs/seed_192534.log
658744,irt_only,GHEFT,0,0.0,0,0,1,0.6888,0.6055,1.2943,,,,,,,,,,,,,,,,,68.26190200250312,2.0811,48,11,329,163,104,59,8.044267,0,ok,logs/seed_658744.log
643336,irt_only,GHEFT,0,0.0,0,0,1,0.6533,0.7591,1.4124,,,,,,,,,,,,,,,,,63.016842670859546,1.7118,38,8,285,121,81,40,7.80784,0,ok,logs/seed_643336.log
320706,irt_only,GHEFT,0,0.0,0,0,1,0.6191,0.6964,1.3155,,,,,,,,,,,,,,,,,62.546620244328096,1.5854,39,11,311,129,98,31,8.302875,0,ok,logs/seed_320706.log
314687,irt_only,GHEFT,0,0.0,0,0,1,0.7223,0.9003,1.6226,,,,,,,,,,,,,,,,,51.45279732313575,1.3004,32,9,296,138,91,47,7.37157,0,ok,logs/seed_314687.log
713744,irt_only,GHEFT,0,0.0,0,0,1,0.6841,0.7225,1.4066,,,,,,,,,,,,,,,,,59.83178151147098,1.3011,35,11,293,155,105,50,7.533081,0,ok,logs/seed_713744.log
753976,irt_only,GHEFT,0,0.0,0,0,1,0.6336,0.6262,1.2598,,,,,,,,,,,,,,,,,62.63373286816721,1.4155,45,10,293,166,114,52,6.822603,0,ok,logs/seed_753976.log
497232,irt_only,GHEFT,0,0.0,0,0,1,0.5868,0.5395,1.1263,,,,,,,,,,,,,,,,,58.83115694347523,1.3657,43,11,310,168,117,51,7.694453,0,ok,logs/seed_497232.log
49920,irt_only,GHEFT,0,0.0,0,0,1,0.7376,0.601,1.3386,,,,,,,,,,,,,,,,,54.27436977408639,1.6096,45,12,321,168,110,58,8.703943,0,ok,logs/seed_49920.log
356886,irt_only,GHEFT,0,0.0,0,0,1,0.6683,0.653,1.3213,,,,,,,,,,,,,,,,,70.92869490445858,1.4275,41,13,291,148,97,51,9.336263,0,ok,logs/seed_356886.log
312086,irt_only,GHEFT,0,0.0,0,0,1,0.7465,0.7881,1.5346,,,,,,,,,,,,,,,,,64.30850902311708,1.4882,37,9,303,153,105,48,9.590603,0,ok,logs/seed_312086.log
476905,irt_only,GHEFT,0,0.0,0,0,1,0.6083,0.5655,1.1738,,,,,,,,,,,,,,,,,80.56830769230768,1.6947,36,10,289,149,109,40,8.30428,0,ok,logs/seed_476905.log
719484,irt_only,GHEFT,0,0.0,0,0,1,0.6889,0.6325,1.3214,,,,,,,,,,,,,,,,,57.56828212877792,1.4983,43,10,320,148,86,62,8.373447,0,ok,logs/seed_719484.log
249083,irt_only,GHEFT,0,0.0,0,0,1,0.6385,0.842,1.4805,,,,,,,,,,,,,,,,,62.0466802284173,1.2643,34,10,279,153,100,53,7.620589,0,ok,logs/seed_249083.log
937244,irt_only,GHEFT,0,0.0,0,0,1,0.6396,0.6376,1.2772,,,,,,,,,,,,,,,,,58.61624199216709,1.4602,45,11,300,151,96,55,10.373379,0,ok,logs/seed_937244.log
384033,irt_only,GHEFT,0,0.0,0,0,1,0.6978,0.7253,1.4231,,,,,,,,,,,,,,,,,55.57477810413886,1.8194,39,11,279,154,112,42,9.512307,0,ok,logs/seed_384033.log
961144,irt_only,GHEFT,0,0.0,0,0,1,0.6602,0.5611,1.2213,,,,,,,,,,,,,,,,,57.07029943589745,1.3472,46,10,345,159,121,38,12.423616,0,ok,logs/seed_961144.log
210154,irt_only,GHEFT,0,0.0,0,0,1,0.7129,0.6628,1.3757,,,,,,,,,,,,,,,,,71.87210777626191,1.6161,46,10,321,143,98,45,10.445432,0,ok,logs/seed_210154.log
851207,irt_only,GHEFT,0,0.0,0,0,1,0.713,0.7735,1.4865,,,,,,,,,,,,,,,,,58.22531577357089,1.5653,46,10,321,136,85,51,12.382147,0,ok,logs/seed_851207.log
212767,irt_only,GHEFT,0,0.0,0,0,1,0.7314,0.8568,1.5882,,,,,,,,,,,,,,,,,65.73806804974346,1.565,45,11,335,159,100,59,14.361705,0,ok,logs/seed_212767.log
678022,irt_only,GHEFT,0,0.0,0,0,1,0.6999,0.6414,1.3413,,,,,,,,,,,,,,,,,55.369140107671605,1.3771,45,10,314,142,105,37,10.429059,0,ok,logs/seed_678022.log
455592,irt_only,GHEFT,0,0.0,0,0,1,0.5896,0.56,1.1496,,,,,,,,,,,,,,,,,53.158433887043195,1.7178,47,12,332,193,138,55,9.637423,0,ok,logs/seed_455592.log
722649,irt_only,GHEFT,0,0.0,0,0,1,0.6669,0.7263,1.3932,,,,,,,,,,,,,,,,,65.38639102233806,1.146,41,9,294,148,113,35,11.897349,0,ok,logs/seed_722649.log
903504,irt_only,GHEFT,0,0.0,0,0,1,0.6429,0.6305,1.2734,,,,,,,,,,,,,,,,,77.74936428748069,1.5683,42,11,310,177,104,73,8.304265,0,ok,logs/seed_903504.log
505056,irt_only,GHEFT,0,0.0,0,0,1,0.6314,0.5861,1.2175,,,,,,,,,,,,,,,,,62.04676524581004,1.5094,50,11,358,173,106,67,14.529308,0,ok,logs/seed_505056.log
688540,irt_only,GHEFT,0,0.0,0,0,1,0.6864,0.5758,1.2622,,,,,,,,,,,,,,,,,57.40569592326138,1.6556,49,12,330,150,106,44,10.469571,0,ok,logs/seed_688540.log
946226,irt_only,GHEFT,0,0.0,0,0,1,0.6678,0.5591,1.2269,,,,,,,,,,,,,,,,,49.08368468282416,1.4179,42,11,281,152,103,49,9.038713,0,ok,logs/seed_946226.log
661374,irt_only,GHEFT,0,0.0,0,0,1,0.7512,0.6159,1.3671,,,,,,,,,,,,,,,,,57.1956719592134,1.389,42,9,304,133,97,36,8.964079,0,ok,logs/seed_661374.log
242135,irt_only,GHEFT,0,0.0,0,0,1,0.7357,0.7409,1.4766,,,,,,,,,,,,,,,,,54.425682242990675,1.4272,50,13,329,172,112,60,7.516899,0,ok,logs/seed_242135.log
688344,irt_only,GHEFT,0,0.0,0,0,1,0.6799,0.6857,1.3656,,,,,,,,,,,,,,,,,56.470528239621274,1.4346,42,10,322,152,107,45,21.535496,0,ok,logs/seed_688344.log
676678,irt_only,GHEFT,0,0.0,0,0,1,0.6691,0.7241,1.3932,,,,,,,,,,,,,,,,,57.42765884476534,1.3345,43,11,333,176,115,61,28.721047,0,ok,logs/seed_676678.log
792505,irt_only,GHEFT,0,0.0,0,0,1,0.7273,0.6144,1.3417,,,,,,,,,,,,,,,,,51.19925031289111,1.5753,40,12,298,139,94,45,19.216295,0,ok,logs/seed_792505.log
119891,irt_only,GHEFT,0,0.0,0,0,1,0.7194,0.6394,1.3588,,,,,,,,,,,,,,,,,57.392176916230355,1.5764,39,10,332,167,119,48,23.714972,0,ok,logs/seed_119891.log
929476,irt_only,GHEFT,0,0.0,0,0,1,0.7398,0.8107,1.5505,,,,,,,,,,,,,,,,,51.471027888446216,1.6923,38,11,321,165,111,54,24.804141,0,ok,logs/seed_929476.log
547221,irt_only,GHEFT,0,0.0,0,0,1,0.697,0.767,1.464,,,,,,,,,,,,,,,,,59.45201113296763,1.4916,40,10,299,161,120,41,19.042624,0,ok,logs/seed_547221.log
706430,irt_only,GHEFT,0,0.0,0,0,1,0.6642,0.6996,1.3638,,,,,,,,,,,,,,,,,54.28327814838165,1.3983,42,11,298,140,87,53,19.908441,0,ok,logs/seed_706430.log
637356,irt_only,GHEFT,0,0.0,0,0,1,0.5624,0.5315,1.0939,,,,,,,,,,,,,,,,,66.8176126614987,1.4397,42,10,298,144,114,30,21.617658,0,ok,logs/seed_637356.log
120701,irt_only,GHEFT,0,0.0,0,0,1,0.673,0.7756,1.4486,,,,,,,,,,,,,,,,,58.5195227765043,1.4494,43,10,310,162,114,48,22.351237,0,ok,logs/seed_120701.log
758600,irt_only,GHEFT,0,0.0,0,0,1,0.7641,0.7588,1.5229,,,,,,,,,,,,,,,,,52.42007662082515,1.5395,47,11,310,166,121,45,20.318475,0,ok,logs/seed_758600.log
201383,irt_only,GHEFT,0,0.0,0,0,1,0.5905,0.6522,1.2427,,,,,,,,,,,,,,,,,92.84322319541616,2.3349,48,10,310,159,122,37,26.66601,0,ok,logs/seed_201383.log
18464,irt_only,GHEFT,0,0.0,0,0,1,0.8029,0.877,1.6799,,,,,,,,,,,,,,,,,66.96064115444015,1.8841,39,9,295,139,92,47,19.090446,0,ok,logs/seed_18464.log
291280,irt_only,GHEFT,0,0.0,0,0,1,0.5574,0.5508,1.1082,,,,,,,,,,,,,,,,,61.363714814814806,1.2242,38,9,326,131,91,40,16.395352,0,ok,logs/seed_291280.log
869924,irt_only,GHEFT,0,0.0,0,0,1,0.6735,0.5738,1.2473,,,,,,,,,,,,,,,,,64.31695250651231,1.4179,43,11,307,167,114,53,12.402043,0,ok,logs/seed_869924.log
159410,irt_only,GHEFT,0,0.0,0,0,1,0.7502,0.6206,1.3708,,,,,,,,,,,,,,,,,50.831437098560365,1.6304,49,12,312,153,111,42,11.254456,0,ok,logs/seed_159410.log
742494,irt_only,GHEFT,0,0.0,0,0,1,0.7575,0.6837,1.4412,,,,,,,,,,,,,,,,,58.81438738170347,1.317,49,12,324,169,117,52,21.583812,0,ok,logs/seed_742494.log
597622,irt_only,GHEFT,0,0.0,0,0,1,0.6815,0.6915,1.373,,,,,,,,,,,,,,,,,62.996399999999994,1.4632,42,10,328,175,128,47,16.44558,0,ok,logs/seed_597622.log
678698,irt_only,GHEFT,0,0.0,0,0,1,0.7511,0.8743,1.6254,,,,,,,,,,,,,,,,,73.1008500417014,1.8374,41,10,298,151,118,33,19.743289,0,ok,logs/seed_678698.log
456139,irt_only,GHEFT,0,0.0,0,0,1,0.7171,0.6605,1.3776,,,,,,,,,,,,,,,,,52.100616080149855,1.4921,40,11,305,156,107,49,15.182363,0,ok,logs/seed_456139.log
992767,irt_only,GHEFT,0,0.0,0,0,1,0.6218,0.678,1.2998,,,,,,,,,,,,,,,,,56.41579390536278,1.3801,41,12,321,167,120,47,16.941807,0,ok,logs/seed_992767.log
944808,irt_only,GHEFT,0,0.0,0,0,1,0.645,0.7154,1.3604,,,,,,,,,,,,,,,,,77.0916974471189,1.8213,42,9,318,160,110,50,16.385076,0,ok,logs/seed_944808.log
815988,irt_only,GHEFT,0,0.0,0,0,1,0.7146,0.6803,1.3949,,,,,,,,,,,,,,,,,57.200393243767316,1.4839,38,10,300,151,103,48,11.245335,0,ok,logs/seed_815988.log
957888,irt_only,GHEFT,0,0.0,0,0,1,0.7002,0.565,1.2652,,,,,,,,,,,,,,,,,47.29972245564822,1.4832,45,10,303,148,110,38,15.551143,0,ok,logs/seed_957888.log
894642,irt_only,GHEFT,0,0.0,0,0,1,0.6158,0.7352,1.351,,,,,,,,,,,,,,,,,60.8432,1.4916,41,12,297,159,119,40,17.569899,0,ok,logs/seed_894642.log
19043,irt_only,GHEFT,0,0.0,0,0,1,0.6214,0.7247,1.3461,,,,,,,,,,,,,,,,,72.62339279740364,1.456,46,10,310,145,111,34,16.977649,0,ok,logs/seed_19043.log
333312,irt_only,GHEFT,0,0.0,0,0,1,0.6209,0.5902,1.2111,,,,,,,,,,,,,,,,,56.406300540146,1.2387,42,9,304,156,102,54,18.549803,0,ok,logs/seed_333312.log
652708,irt_only,GHEFT,0,0.0,0,0,1,0.7303,0.8897,1.62,,,,,,,,,,,,,,,,,71.12711703853957,1.6667,43,10,303,159,115,44,18.306933,0,ok,logs/seed_652708.log
484858,irt_only,GHEFT,0,0.0,0,0,1,0.5906,0.5482,1.1388,,,,,,,,,,,,,,,,,126.05081714452898,2.3838,45,10,315,161,126,35,13.64613,0,ok,logs/seed_484858.log
260711,irt_only,GHEFT,0,0.0,0,0,1,0.6658,0.682,1.3478,,,,,,,,,,,,,,,,,54.39567486821706,1.4154,43,10,339,167,96,71,16.002217,0,ok,logs/seed_260711.log
260575,irt_only,GHEFT,0,0.0,0,0,1,0.6391,0.7005,1.3396,,,,,,,,,,,,,,,,,61.97724233128834,1.6404,44,12,308,168,104,64,8.665192,0,ok,logs/seed_260575.log
814681,irt_only,GHEFT,0,0.0,0,0,1,0.7019,0.8493,1.5512,,,,,,,,,,,,,,,,,56.84241211111111,1.7651,39,12,303,162,102,60,11.416007,0,ok,logs/seed_814681.log
593980,irt_only,GHEFT,0,0.0,0,0,1,0.6288,0.5472,1.176,,,,,,,,,,,,,,,,,64.03964909560725,1.3226,44,9,304,150,113,37,23.084162,0,ok,logs/seed_593980.log
784003,irt_only,GHEFT,0,0.0,0,0,1,0.6955,0.6056,1.3011,,,,,,,,,,,,,,,,,60.56412478565862,1.6192,47,10,326,151,108,43,29.98572,0,ok,logs/seed_784003.log
782732,irt_only,GHEFT,0,0.0,0,0,1,0.6215,0.5465,1.168,,,,,,,,,,,,,,,,,78.85510159151194,2.1811,43,11,300,160,103,57,22.453208,0,ok,logs/seed_782732.log
498415,irt_only,GHEFT,0,0.0,0,0,1,0.7287,0.7667,1.4954,,,,,,,,,,,,,,,,,54.82793523679594,1.6065,40,12,297,153,102,51,24.196823,0,ok,logs/seed_498415.log
433902,irt_only,GHEFT,0,0.0,0,0,1,0.7245,0.7532,1.4777,,,,,,,,,,,,,,,,,53.960706811989105,1.418,45,9,314,170,117,53,21.567653,0,ok,logs/seed_433902.log
673000,irt_only,GHEFT,0,0.0,0,0,1,0.5827,0.6162,1.1989,,,,,,,,,,,,,,,,,63.2274,1.3743,42,10,304,157,111,46,23.004605,0,ok,logs/seed_673000.log
797543,irt_only,GHEFT,0,0.0,0,0,1,0.6844,0.7145,1.3989,,,,,,,,,,,,,,,,,49.88446910729057,1.3957,43,12,313,151,96,55,18.621872,0,ok,logs/seed_797543.log
466915,irt_only,GHEFT,0,0.0,0,0,1,0.6695,0.661,1.3305,,,,,,,,,,,,,,,,,60.60860232896651,1.5346,43,11,302,143,81,62,15.445677,0,ok,logs/seed_466915.log
252114,irt_only,GHEFT,0,0.0,0,0,1,0.7258,0.6649,1.3907,,,,,,,,,,,,,,,,,78.25015111695137,2.0656,41,11,278,158,103,55,17.602541,0,ok,logs/seed_252114.log
898797,irt_only,GHEFT,0,0.0,0,0,1,0.6588,0.6787,1.3375,,,,,,,,,,,,,,,,,69.15912974711354,1.7608,38,9,304,127,95,32,22.430876,0,ok,logs/seed_898797.log
160378,irt_only,GHEFT,0,0.0,0,0,1,0.5936,0.64,1.2336,,,,,,,,,,,,,,,,,66.17674121682849,1.6658,38,10,291,158,107,51,19.380858,0,ok,logs/seed_160378.log
627275,irt_only,GHEFT,0,0.0,0,0,1,0.6343,0.6358,1.2701,,,,,,,,,,,,,,,,,65.1766519873226,1.49,41,11,295,154,98,56,19.214517,0,ok,logs/seed_627275.log
338928,irt_only,GHEFT,0,0.0,0,0,1,0.5918,0.5565,1.1483,,,,,,,,,,,,,,,,,71.19591634980988,1.3661,45,9,313,153,100,53,22.415212,0,ok,logs/seed_338928.log
509757,irt_only,GHEFT,0,0.0,0,0,1,0.6822,0.6617,1.3439,,,,,,,,,,,,,,,,,68.33425276532137,1.6882,41,9,307,150,113,37,19.098231,0,ok,logs/seed_509757.log
919077,irt_only,GHEFT,0,0.0,0,0,1,0.5932,0.4845,1.0777,,,,,,,,,,,,,,,,,73.03280161812299,1.0876,42,10,292,163,117,46,13.257977,0,ok,logs/seed_919077.log
347640,irt_only,GHEFT,0,0.0,0,0,1,0.6836,0.6654,1.349,,,,,,,,,,,,,,,,,53.19906185180432,1.3177,35,11,282,175,128,47,12.842782,0,ok,logs/seed_347640.log
322288,irt_only,GHEFT,0,0.0,0,0,1,0.592,0.6682,1.2602,,,,,,,,,,,,,,,,,65.25540767634254,1.7099,37,10,307,147,102,45,16.953277,0,ok,logs/seed_322288.log
727120,irt_only,GHEFT,0,0.0,0,0,1,0.6732,0.8588,1.532,,,,,,,,,,,,,,,,,52.26255038167939,1.4715,46,12,307,170,108,62,17.620167,0,ok,logs/seed_727120.log
427897,irt_only,GHEFT,0,0.0,0,0,1,0.7072,0.7255,1.4327,,,,,,,,,,,,,,,,,70.40018211508553,2.1039,54,13,327,200,120,80,21.627071,0,ok,logs/seed_427897.log
734330,irt_only,GHEFT,0,0.0,0,0,1,0.6395,0.5612,1.2007,,,,,,,,,,,,,,,,,60.23662326621924,1.4037,49,11,313,149,104,45,15.545125,0,ok,logs/seed_734330.log
858654,irt_only,GHEFT,0,0.0,0,0,1,0.5862,0.5702,1.1564,,,,,,,,,,,,,,,,,53.9512614678899,1.5364,44,10,326,153,106,47,21.083527,0,ok,logs/seed_858654.log
958351,irt_only,GHEFT,0,0.0,0,0,1,0.6444,0.8559,1.5003,,,,,,,,,,,,,,,,,67.67504252239834,2.1916,42,11,299,134,101,33,17.361922,0,ok,logs/seed_958351.log
40504,irt_only,GHEFT,0,0.0,0,0,1,0.687,0.7776,1.4646,,,,,,,,,,,,,,,,,57.32073473754588,1.564,39,10,299,141,105,36,20.373709,0,ok,logs/seed_40504.log
330355,irt_only,GHEFT,0,0.0,0,0,1,0.7205,0.6533,1.3738,,,,,,,,,,,,,,,,,56.49596096256684,1.541,41,10,286,141,104,37,18.383014,0,ok,logs/seed_330355.log
497350,irt_only,GHEFT,0,0.0,0,0,1,0.652,0.7307,1.3827,,,,,,,,,,,,,,,,,61.66917303821044,1.6356,41,10,306,156,105,51,20.258306,0,ok,logs/seed_497350.log
884312,irt_only,GHEFT,0,0.0,0,0,1,0.7246,0.6491,1.3737,,,,,,,,,,,,,,,,,55.298813478819,1.5592,39,10,265,112,87,25,17.552328,0,ok,logs/seed_884312.log
157239,irt_only,GHEFT,0,0.0,0,0,1,0.6277,0.5623,1.19,,,,,,,,,,,,,,,,,59.09919381124984,1.4999,47,12,328,166,125,41,24.69469,0,ok,logs/seed_157239.log
800522,irt_only,GHEFT,0,0.0,0,0,1,0.6707,0.5647,1.2354,,,,,,,,,,,,,,,,,68.70412445679011,1.5465,39,10,324,165,123,42,22.126475,0,ok,logs/seed_800522.log
659473,irt_only,GHEFT,0,0.0,0,0,1,0.7387,0.6533,1.392,,,,,,,,,,,,,,,,,64.81449412196915,1.1351,42,9,310,140,83,57,22.864851,0,ok,logs/seed_659473.log
246166,irt_only,GHEFT,0,0.0,0,0,1,0.718,0.6396,1.3576,,,,,,,,,,,,,,,,,53.32615063476349,1.5125,52,13,290,167,88,79,21.223984,0,ok,logs/seed_246166.log
91598,irt_only,GHEFT,0,0.0,0,0,1,0.693,0.6908,1.3838,,,,,,,,,,,,,,,,,61.997782818181825,1.7098,40,10,301,140,96,44,21.444132,0,ok,logs/seed_91598.log
197720,irt_only,GHEFT,0,0.0,0,0,1,0.7328,0.7977,1.5305,,,,,,,,,,,,,,,,,62.958921423651006,1.4903,42,10,330,151,108,43,21.553117,0,ok,logs/seed_197720.log
209503,irt_only,GHEFT,0,0.0,0,0,1,0.6852,0.6715,1.3567,,,,,,,,,,,,,,,,,63.998622570532916,1.4142,41,9,311,142,94,48,23.429601,0,ok,logs/seed_209503.log
722755,irt_only,GHEFT,0,0.0,0,0,1,0.7508,0.7184,1.4692,,,,,,,,,,,,,,,,,57.62210777777777,1.6631,40,11,319,152,108,44,20.429137,0,ok,logs/seed_722755.log
161572,irt_only,GHEFT,0,0.0,0,0,1,0.6548,0.6538,1.3086,,,,,,,,,,,,,,,,,65.70987077409163,1.7652,37,9,284,153,115,38,15.494131,0,ok,logs/seed_161572.log
134796,irt_only,GHEFT,0,0.0,0,0,1,0.6877,0.7295,1.4172,,,,,,,,,,,,,,,,,55.691013793103444,1.6859,33,10,270,126,88,38,15.017353,0,ok,logs/seed_134796.log
183408,irt_only,GHEFT,0,0.0,0,0,1,0.5716,0.5794,1.151,,,,,,,,,,,,,,,,,65.9677113402062,1.7444,41,11,296,135,88,47,22.115622,0,ok,logs/seed_183408.log
591958,irt_only,GHEFT,0,0.0,0,0,1,0.6698,0.6737,1.3435,,,,,,,,,,,,,,,,,55.03851034482759,1.788,42,9,307,140,105,35,23.952384,0,ok,logs/seed_591958.log
767374,irt_only,GHEFT,0,0.0,0,0,1,0.7037,0.7851,1.4888,,,,,,,,,,,,,,,,,55.00689016988416,1.575,42,12,304,151,104,47,22.683369,0,ok,logs/seed_767374.log
718905,irt_only,GHEFT,0,0.0,0,0,1,0.7374,0.7132,1.4506,,,,,,,,,,,,,,,,,56.04254187733024,1.3238,43,11,316,150,105,45,22.239743,0,ok,logs/seed_718905.log
459821,irt_only,GHEFT,0,0.0,0,0,1,0.6376,0.5956,1.2332,,,,,,,,,,,,,,,,,65.88144079057591,1.6907,43,10,322,155,105,50,26.151118,0,ok,logs/seed_459821.log
520213,irt_only,GHEFT,0,0.0,0,0,1,0.7326,0.7311,1.4637,,,,,,,,,,,,,,,,,64.06603094440725,1.6491,41,10,290,147,104,43,20.603846,0,ok,logs/seed_520213.log
779780,irt_only,GHEFT,0,0.0,0,0,1,0.6244,0.5343,1.1587,,,,,,,,,,,,,,,,,64.99618867924528,1.4045,51,12,320,165,108,57,23.006832,0,ok,logs/seed_779780.log
213946,irt_only,GHEFT,0,0.0,0,0,1,0.6521,0.5639,1.216,,,,,,,,,,,,,,,,,50.782,1.3668,40,12,302,157,103,54,25.120233,0,ok,logs/seed_213946.log
169838,irt_only,GHEFT,0,0.0,0,0,1,0.763,0.7599,1.5229,,,,,,,,,,,,,,,,,51.75391537455306,1.4012,38,10,321,170,122,48,20.400252,0,ok,logs/seed_169838.log
877886,irt_only,GHEFT,0,0.0,0,0,1,0.6875,0.6558,1.3433,,,,,,,,,,,,,,,,,71.27603259423505,1.4152,37,9,307,147,102,45,28.263059,0,ok,logs/seed_877886.log
851849,irt_only,GHEFT,0,0.0,0,0,1,0.705,0.7416,1.4466,,,,,,,,,,,,,,,,,51.0158300854346,1.6634,32,9,312,145,90,55,20.609712,0,ok,logs/seed_851849.log
979912,irt_only,GHEFT,0,0.0,0,0,1,0.6977,0.7982,1.4959,,,,,,,,,,,,,,,,,63.788052146983865,1.8238,48,10,332,159,112,47,24.222864,0,ok,logs/seed_979912.log
694168,irt_only,GHEFT,0,0.0,0,0,1,0.6437,0.5185,1.1622,,,,,,,,,,,,,,,,,49.498657894736844,1.2677,46,11,328,149,106,43,22.175449,0,ok,logs/seed_694168.log
866262,irt_only,GHEFT,0,0.0,0,0,1,0.6296,0.5943,1.2239,,,,,,,,,,,,,,,,,51.36838086501687,1.6457,39,10,300,141,97,44,16.342603,0,ok,logs/seed_866262.log
208768,irt_only,GHEFT,0,0.0,0,0,1,0.605,0.6308,1.2358,,,,,,,,,,,,,,,,,64.49701445219303,1.3187,49,13,322,152,108,44,23.210155,0,ok,logs/seed_208768.log
23792,irt_only,GHEFT,0,0.0,0,0,1,0.6496,0.5784,1.228,,,,,,,,,,,,,,,,,55.78620900140647,1.4651,45,11,335,168,104,64,23.537838,0,ok,logs/seed_23792.log
517603,irt_only,GHEFT,0,0.0,0,0,1,0.5933,0.5137,1.107,,,,,,,,,,,,,,,,,64.25970366915264,1.2806,42,10,295,149,111,38,22.965036,0,ok,logs/seed_517603.log
438614,irt_only,GHEFT,0,0.0,0,0,1,0.7014,0.7515,1.4529,,,,,,,,,,,,,,,,,68.18196115029116,1.6474,34,10,273,131,93,38,20.151451,0,ok,logs/seed_438614.log
358432,irt_only,GHEFT,0,0.0,0,0,1,0.5772,0.5765,1.1537,,,,,,,,,,,,,,,,,51.02379067475361,1.6373,42,11,308,165,104,61,17.104454,0,ok,logs/seed_358432.log
726885,irt_only,GHEFT,0,0.0,0,0,1,0.6763,0.7173,1.3936,,,,,,,,,,,,,,,,,62.2368506646972,1.4979,47,11,301,165,115,50,19.396783,0,ok,logs/seed_726885.log
985503,irt_only,GHEFT,0,0.0,0,0,1,0.6372,0.6001,1.2373,,,,,,,,,,,,,,,,,74.54339801699714,1.8712,42,10,305,159,108,51,22.584331,0,ok,logs/seed_985503.log
100872,irt_only,GHEFT,0,0.0,0,0,1,0.682,0.58,1.262,,,,,,,,,,,,,,,,,52.57016124464832,1.4601,49,11,321,139,105,34,25.85185,0,ok,logs/seed_100872.log
571275,irt_only,GHEFT,0,0.0,0,0,1,0.6803,0.7598,1.4401,,,,,,,,,,,,,,,,,56.424606961429916,1.562,43,13,301,162,99,63,21.445161,0,ok,logs/seed_571275.log
304516,irt_only,GHEFT,0,0.0,0,0,1,0.6567,0.5555,1.2122,,,,,,,,,,,,,,,,,59.605571812080534,1.5258,47,12,301,152,106,46,21.461789,0,ok,logs/seed_304516.log
986627,irt_only,GHEFT,0,0.0,0,0,1,0.7418,0.6151,1.3569,,,,,,,,,,,,,,,,,50.56150168823071,1.299,43,10,311,150,102,48,21.167051,0,ok,logs/seed_986627.log
770441,irt_only,GHEFT,0,0.0,0,0,1,0.6347,0.6774,1.3121,,,,,,,,,,,,,,,,,54.579086746987954,1.2368,43,13,312,187,135,52,24.070068,0,ok,logs/seed_770441.log
153406,irt_only,GHEFT,0,0.0,0,0,1,0.67,0.7153,1.3853,,,,,,,,,,,,,,,,,55.24380693827162,1.5385,44,10,311,146,97,49,21.71235,0,ok,logs/seed_153406.log
912001,irt_only,GHEFT,0,0.0,0,0,1,0.6093,0.6019,1.2112,,,,,,,,,,,,,,,,,61.75309278350517,1.4414,51,11,314,158,98,60,21.249327,0,ok,logs/seed_912001.log
888595,irt_only,GHEFT,0,0.0,0,0,1,0.6554,0.6016,1.257,,,,,,,,,,,,,,,,,64.15220769230768,1.8588,36,10,311,160,109,51,20.552887,0,ok,logs/seed_888595.log
446012,irt_only,GHEFT,0,0.0,0,0,1,0.7025,0.7303,1.4328,,,,,,,,,,,,,,,,,65.45391687763714,1.8784,39,9,284,139,94,45,17.224339,0,ok,logs/seed_446012.log
93464,irt_only,GHEFT,0,0.0,0,0,1,0.6699,0.6269,1.2968,,,,,,,,,,,,,,,,,56.8184983738657,1.7427,45,13,309,152,93,59,21.803352,0,ok,logs/seed_93464.log
936641,irt_only,GHEFT,0,0.0,0,0,1,0.7111,0.7423,1.4534,,,,,,,,,,,,,,,,,47.657532862644416,1.1971,48,10,336,160,103,57,25.765547,0,ok,logs/seed_936641.log
739948,irt_only,GHEFT,0,0.0,0,0,1,0.5698,0.5065,1.0763,,,,,,,,,,,,,,,,,63.92306900796525,1.8901,45,11,309,160,103,57,22.641245,0,ok,logs/seed_739948.log
62927,irt_only,GHEFT,0,0.0,0,0,1,0.7439,0.6482,1.3921,,,,,,,,,,,,,,,,,55.254895473231485,1.4764,50,9,310,152,94,58,24.314279,0,ok,logs/seed_62927.log
648277,irt_only,GHEFT,0,0.0,0,0,1,0.718,0.8681,1.5861,,,,,,,,,,,,,,,,,62.14485461689588,1.5687,32,9,296,145,105,40,18.376631,0,ok,logs/seed_648277.log
297455,irt_only,GHEFT,0,0.0,0,0,1,0.6559,0.6505,1.3064,,,,,,,,,,,,,,,,,62.72868677248678,1.4304,41,12,325,167,102,65,27.751847,0,ok,logs/seed_297455.log
928299,irt_only,GHEFT,0,0.0,0,0,1,0.6862,0.7316,1.4178,,,,,,,,,,,,,,,,,55.64306561085975,1.6297,38,9,302,142,87,55,19.438178,0,ok,logs/seed_928299.log
296307,irt_only,GHEFT,0,0.0,0,0,1,0.7008,0.7663,1.4671,,,,,,,,,,,,,,,,,57.57028841201716,1.6533,37,10,307,151,103,48,23.762387,0,ok,logs/seed_296307.log
732766,irt_only,GHEFT,0,0.0,0,0,1,0.7245,0.672,1.3965,,,,,,,,,,,,,,,,,56.5800304117647,1.2689,35,9,300,128,98,30,18.264695,0,ok,logs/seed_732766.log
399011,irt_only,GHEFT,0,0.0,0,0,1,0.6763,0.804,1.4803,,,,,,,,,,,,,,,,,51.90779940591967,1.7228,43,11,302,157,107,50,19.419529,0,ok,logs/seed_399011.log
148624,irt_only,GHEFT,0,0.0,0,0,1,0.6811,0.7766,1.4577,,,,,,,,,,,,,,,,,57.41234938271605,1.5361,38,10,267,140,108,32,20.638782,0,ok,logs/seed_148624.log
409113,irt_only,GHEFT,0,0.0,0,0,1,0.6189,0.6266,1.2455,,,,,,,,,,,,,,,,,62.241852597937026,1.2441,36,11,298,134,86,48,20.509124,0,ok,logs/seed_409113.log
459727,irt_only,GHEFT,0,0.0,0,0,1,0.7081,0.8098,1.5179,,,,,,,,,,,,,,,,,56.25135304460966,1.4436,47,12,330,157,98,59,25.934504,0,ok,logs/seed_459727.log
144132,irt_only,GHEFT,0,0.0,0,0,1,0.6218,0.6254,1.2472,,,,,,,,,,,,,,,,,59.16292437538087,1.306,43,12,324,155,108,47,24.513688,0,ok,logs/seed_144132.log
749046,irt_only,GHEFT,0,0.0,0,0,1,0.6141,0.5794,1.1935,,,,,,,,,,,,,,,,,62.55884500326584,1.6792,40,9,300,137,89,48,17.019662,0,ok,logs/seed_749046.log
324901,irt_only,GHEFT,0,0.0,0,0,1,0.6118,0.5949,1.2067,,,,,,,,,,,,,,,,,57.80968291457286,1.5876,37,9,319,140,96,44,20.964869,0,ok,logs/seed_324901.log
786867,irt_only,GHEFT,0,0.0,0,0,1,0.6008,0.546,1.1468,,,,,,,,,,,,,,,,,56.02653795761079,1.376,45,12,313,131,98,33,21.308476,0,ok,logs/seed_786867.log
760274,irt_only,GHEFT,0,0.0,0,0,1,0.6965,0.7326,1.4291,,,,,,,,,,,,,,,,,62.985713835026885,1.5108,44,11,303,168,111,57,21.547751,0,ok,logs/seed_760274.log
828516,irt_only,GHEFT,0,0.0,0,0,1,0.6399,0.5445,1.1844,,,,,,,,,,,,,,,,,47.77774646464646,1.1949,41,12,283,163,110,53,16.228906,0,ok,logs/seed_828516.log
583657,irt_only,GHEFT,0,0.0,0,0,1,0.6779,0.7275,1.4054,,,,,,,,,,,,,,,,,56.23409867441861,1.1987,44,9,319,149,106,43,29.699933,0,ok,logs/seed_583657.log
678530,irt_only,GHEFT,0,0.0,0,0,1,0.622,0.6419,1.2639,,,,,,,,,,,,,,,,,59.53299235776918,1.5803,42,11,299,149,106,43,22.331068,0,ok,logs/seed_678530.log
834347,irt_only,GHEFT,0,0.0,0,0,1,0.6511,0.6707,1.3218,,,,,,,,,,,,,,,,,55.77307042253521,1.4049,42,9,291,133,93,40,18.273313,0,ok,logs/seed_834347.log
751299,irt_only,GHEFT,0,0.0,0,0,1,0.6377,0.5561,1.1938,,,,,,,,,,,,,,,,,52.41106170212766,1.4863,46,11,307,139,102,37,19.881707,0,ok,logs/seed_751299.log
47272,irt_only,GHEFT,0,0.0,0,0,1,0.6887,0.6585,1.3472,,,,,,,,,,,,,,,,,70.14910273224044,1.8739,52,12,302,151,102,49,20.875145,0,ok,logs/seed_47272.log
302457,irt_only,GHEFT,0,0.0,0,0,1,0.6379,0.5732,1.2111,,,,,,,,,,,,,,,,,54.81578095238096,1.5258,46,10,324,167,106,61,21.788598,0,ok,logs/seed_302457.log
506952,irt_only,GHEFT,0,0.0,0,0,1,0.7436,0.6324,1.376,,,,,,,,,,,,,,,,,56.98605667189953,1.9629,44,11,297,159,113,46,17.676171,0,ok,logs/seed_506952.log
153133,irt_only,GHEFT,0,0.0,0,0,1,0.6807,0.6918,1.3725,,,,,,,,,,,,,,,,,51.18417836606374,1.3846,43,9,320,147,106,41,21.961036,0,ok,logs/seed_153133.log
470911,irt_only,GHEFT,0,0.0,0,0,1,0.7478,0.6609,1.4087,,,,,,,,,,,,,,,,,68.35029978118162,1.8778,38,9,317,140,97,43,25.463875,0,ok,logs/seed_470911.log
261338,irt_only,GHEFT,0,0.0,0,0,1,0.6639,0.5994,1.2633,,,,,,,,,,,,,,,,,58.075001722900204,1.4738,38,11,298,158,114,44,23.741703,0,ok,logs/seed_261338.log
669829,irt_only,GHEFT,0,0.0,0,0,1,0.6586,0.6528,1.3114,,,,,,,,,,,,,,,,,53.49816156971514,1.3093,37,9,284,137,109,28,21.712984,0,ok,logs/seed_669829.log
681823,irt_only,GHEFT,0,0.0,0,0,1,0.6777,0.5791,1.2568,,,,,,,,,,,,,,,,,52.108515384615366,1.426,40,10,301,147,104,43,19.359256,0,ok,logs/seed_681823.log
829532,irt_only,GHEFT,0,0.0,0,0,1,0.6633,0.563,1.2263,,,,,,,,,,,,,,,,,45.578199999999995,1.5368,40,10,300,128,92,36,19.388379,0,ok,logs/seed_829532.log
100374,irt_only,GHEFT,0,0.0,0,0,1,0.6038,0.5822,1.186,,,,,,,,,,,,,,,,,71.67595405651775,1.8082,47,13,323,192,134,58,24.212628,0,ok,logs/seed_100374.log
332803,irt_only,GHEFT,0,0.0,0,0,1,0.6613,0.7085,1.3698,,,,,,,,,,,,,,,,,66.19819097888674,1.5377,48,12,319,153,100,53,18.412247,0,ok,logs/seed_332803.log
857688,irt_only,GHEFT,0,0.0,0,0,1,0.6614,0.6053,1.2667,,,,,,,,,,,,,,,,,67.98007845279679,1.4666,39,10,292,137,97,40,21.943791,0,ok,logs/seed_857688.log
992778,irt_only,GHEFT,0,0.0,0,0,1,0.6774,0.8601,1.5375,,,,,,,,,,,,,,,,,57.59976570588236,1.6566,40,11,294,149,106,43,23.241707,0,ok,logs/seed_992778.log
553562,irt_only,GHEFT,0,0.0,0,0,1,0.705,0.6888,1.3938,,,,,,,,,,,,,,,,,54.74212284592144,1.5691,45,12,310,163,91,72,20.392421,0,ok,logs/seed_553562.log
536653,irt_only,GHEFT,0,0.0,0,0,1,0.6694,0.7118,1.3812,,,,,,,,,,,,,,,,,83.82374836842108,1.8165,44,10,312,165,112,53,25.763442,0,ok,logs/seed_536653.log
934999,irt_only,GHEFT,0,0.0,0,0,1,0.6802,0.5954,1.2756,,,,,,,,,,,,,,,,,52.800975671185334,1.5286,37,9,308,148,108,40,20.245123,0,ok,logs/seed_934999.log
560912,irt_only,GHEFT,0,0.0,0,0,1,0.7366,0.797,1.5336,,,,,,,,,,,,,,,,,58.00740373898682,1.3001,40,10,294,149,104,45,20.407367,0,ok,logs/seed_560912.log
474714,irt_only,GHEFT,0,0.0,0,0,1,0.7243,0.8171,1.5414,,,,,,,,,,,,,,,,,58.03309229788684,1.4831,38,9,317,161,100,61,17.516237,0,ok,logs/seed_474714.log
221092,irt_only,GHEFT,0,0.0,0,0,1,0.5986,0.5514,1.15,,,,,,,,,,,,,,,,,51.268269405099154,1.7813,36,10,289,133,95,38,18.645385,0,ok,logs/seed_221092.log
509580,irt_only,GHEFT,0,0.0,0,0,1,0.7252,0.6802,1.4054,,,,,,,,,,,,,,,,,53.307092567870605,1.4365,42,11,304,158,110,48,20.62332,0,ok,logs/seed_509580.log
57053,irt_only,GHEFT,0,0.0,0,0,1,0.6684,0.8074,1.4758,,,,,,,,,,,,,,,,,54.13500404809719,1.7238,44,12,311,149,99,50,17.816533,0,ok,logs/seed_57053.log
928433,irt_only,GHEFT,0,0.0,0,0,1,0.6424,0.6643,1.3067,,,,,,,,,,,,,,,,,57.0179137694859,1.1399,49,12,313,149,103,46,22.166235,0,ok,logs/seed_928433.log
881017,irt_only,GHEFT,0,0.0,0,0,1,0.7008,0.6483,1.3491,,,,,,,,,,,,,,,,,60.69379597824111,1.3977,43,10,313,154,109,45,19.196906,0,ok,logs/seed_881017.log
892380,irt_only,GHEFT,0,0.0,0,0,1,0.6833,0.6793,1.3626,,,,,,,,,,,,,,,,,51.590966526675786,1.3952,41,12,314,150,89,61,23.575915,0,ok,logs/seed_892380.log
758824,irt_only,GHEFT,0,0.0,0,0,1,0.6396,0.5986,1.2382,,,,,,,,,,,,,,,,,59.28348888888889,1.5491,50,10,321,167,114,53,19.782943,0,ok,logs/seed_758824.log
551160,irt_only,GHEFT,0,0.0,0,0,1,0.7407,0.6911,1.4318,,,,,,,,,,,,,,,,,57.147254324287644,1.5321,47,11,301,135,77,58,20.748391,0,ok,logs/seed_551160.log
833352,irt_only,GHEFT,0,0.0,0,0,1,0.6456,0.566,1.2116,,,,,,,,,,,,,,,,,60.35017300337458,1.7373,42,10,307,150,104,46,23.650814,0,ok,logs/seed_833352.log
841142,irt_only,GHEFT,0,0.0,0,0,1,0.7516,0.7312,1.4828,,,,,,,,,,,,,,,,,67.6742101488498,2.1586,44,12,314,165,107,58,23.363747,0,ok,logs/seed_841142.log
484796,irt_only,GHEFT,0,0.0,0,0,1,0.6803,0.662,1.3423,,,,,,,,,,,,,,,,,49.610805952043314,1.2134,48,12,296,151,104,47,21.950423,0,ok,logs/seed_484796.log
648201,irt_only,GHEFT,0,0.0,0,0,1,0.6538,0.587,1.2408,,,,,,,,,,,,,,,,,63.29643808368708,1.3293,45,10,310,160,110,50,17.524587,0,ok,logs/seed_648201.log
414611,irt_only,GHEFT,0,0.0,0,0,1,0.699,0.731,1.43,,,,,,,,,,,,,,,,,57.76767030015799,1.6472,43,12,307,182,111,71,22.850507,0,ok,logs/seed_414611.log
675510,irt_only,GHEFT,0,0.0,0,0,1,0.6417,0.6589,1.3006,,,,,,,,,,,,,,,,,64.9847983408748,1.2807,34,10,294,134,99,35,18.050535,0,ok,logs/seed_675510.log
648624,irt_only,GHEFT,0,0.0,0,0,1,0.6481,0.678,1.3261,,,,,,,,,,,,,,,,,63.270322222222234,1.524,31,9,293,149,98,51,20.543047,0,ok,logs/seed_648624.log
759693,irt_only,GHEFT,0,0.0,0,0,1,0.7106,0.566,1.2766,,,,,,,,,,,,,,,,,56.977505902383655,1.223,59,14,317,178,116,62,24.926706,0,ok,logs/seed_759693.log
774549,irt_only,GHEFT,0,0.0,0,0,1,0.6519,0.818,1.4699,,,,,,,,,,,,,,,,,76.29792155028106,1.8861,34,9,310,160,105,55,21.641854,0,ok,logs/seed_774549.log
358234,irt_only,GHEFT,0,0.0,0,0,1,0.6077,0.7474,1.3551,,,,,,,,,,,,,,,,,65.94231416361416,1.6585,43,11,316,152,111,41,25.180339,0,ok,logs/seed_358234.log
601465,irt_only,GHEFT,0,0.0,0,0,1,0.7865,0.6572,1.4437,,,,,,,,,,,,,,,,,46.41486573616474,1.438,39,10,294,134,92,42,20.047001,0,ok,logs/seed_601465.log
896564,irt_only,GHEFT,0,0.0,0,0,1,0.7262,0.5945,1.3207,,,,,,,,,,,,,,,,,54.24470856423175,1.6871,38,10,300,144,102,42,18.552696,0,ok,logs/seed_896564.log
706427,irt_only,GHEFT,0,0.0,0,0,1,0.6409,0.5529,1.1938,,,,,,,,,,,,,,,,,56.59476581481481,1.6403,36,9,328,140,93,47,20.50274,0,ok,logs/seed_706427.log
677732,irt_only,GHEFT,0,0.0,0,0,1,0.7648,0.7586,1.5234,,,,,,,,,,,,,,,,,85.36348413424867,2.7602,41,9,313,156,101,55,22.307342,0,ok,logs/seed_677732.log
809910,irt_only,GHEFT,0,0.0,0,0,1,0.6446,0.7571,1.4017,,,,,,,,,,,,,,,,,58.72238052998066,1.478,44,11,311,177,121,56,24.547099,0,ok,logs/seed_809910.log
309949,irt_only,GHEFT,0,0.0,0,0,1,0.64,0.6646,1.3046,,,,,,,,,,,,,,,,,58.856737362637375,1.9335,50,12,314,166,97,69,20.141141,0,ok,logs/seed_309949.log
966961,irt_only,GHEFT,0,0.0,0,0,1,0.7662,0.8333,1.5995,,,,,,,,,,,,,,,,,58.70361376323388,1.7682,37,10,292,159,94,65,21.802543,0,ok,logs/seed_966961.log
502603,irt_only,GHEFT,0,0.0,0,0,1,0.6567,0.5654,1.2221,,,,,,,,,,,,,,,,,56.126200349941854,1.1767,42,9,301,142,110,32,18.250334,0,ok,logs/seed_502603.log
896043,irt_only,GHEFT,0,0.0,0,0,1,0.5618,0.5251,1.0869,,,,,,,,,,,,,,,,,59.52277092287918,1.8101,38,9,306,138,93,45,22.20349,0,ok,logs/seed_896043.log
470910,irt_only,GHEFT,0,0.0,0,0,1,0.6183,0.6413,1.2596,,,,,,,,,,,,,,,,,54.60803853054496,1.5112,38,8,293,144,90,54,18.29532,0,ok,logs/seed_470910.log
371373,irt_only,GHEFT,0,0.0,0,0,1,0.7039,0.5358,1.2397,,,,,,,,,,,,,,,,,69.62851290322581,1.7649,41,9,305,144,101,43,20.076763,0,ok,logs/seed_371373.log
463349,irt_only,GHEFT,0,0.0,0,0,1,0.6142,0.6087,1.2229,,,,,,,,,,,,,,,,,62.908754625550664,1.7986,35,9,298,155,108,47,20.312844,0,ok,logs/seed_463349.log
736327,irt_only,GHEFT,0,0.0,0,0,1,0.6052,0.6521,1.2573,,,,,,,,,,,,,,,,,64.00225639097744,1.4451,35,8,303,134,95,39,22.411113,0,ok,logs/seed_736327.log
839398,irt_only,GHEFT,0,0.0,0,0,1,0.6374,0.6096,1.247,,,,,,,,,,,,,,,,,72.37919923371646,1.7301,43,10,300,135,102,33,19.72024,0,ok,logs/seed_839398.log
966086,irt_only,GHEFT,0,0.0,0,0,1,0.7252,0.714,1.4392,,,,,,,,,,,,,,,,,70.88232702523422,1.9428,49,12,284,154,103,51,20.203382,0,ok,logs/seed_966086.log
690129,irt_only,GHEFT,0,0.0,0,0,1,0.7425,0.635,1.3775,,,,,,,,,,,,,,,,,70.1979867768595,1.5215,49,11,325,160,112,48,17.167171,0,ok,logs/seed_690129.log
268750,irt_only,GHEFT,0,0.0,0,0,1,0.7071,0.7689,1.476,,,,,,,,,,,,,,,,,55.07900928935906,1.7431,39,10,300,144,88,56,18.18404,0,ok,logs/seed_268750.log
918021,irt_only,GHEFT,0,0.0,0,0,1,0.7138,0.6834,1.3972,,,,,,,,,,,,,,,,,50.96586638176638,1.5266,41,10,303,124,81,43,20.844979,0,ok,logs/seed_918021.log
611051,irt_only,GHEFT,0,0.0,0,0,1,0.6771,0.6502,1.3273,,,,,,,,,,,,,,,,,58.30525875110818,1.4518,44,11,313,142,103,39,20.676661,0,ok,logs/seed_611051.log
728198,irt_only,GHEFT,0,0.0,0,0,1,0.7128,0.5877,1.3005,,,,,,,,,,,,,,,,,59.40496396181385,1.4086,42,10,321,156,117,39,22.892538,0,ok,logs/seed_728198.log
658673,irt_only,GHEFT,0,0.0,0,0,1,0.7735,0.9528,1.7263,,,,,,,,,,,,,,,,,59.54043113385828,1.4484,33,8,290,131,91,40,19.636561,0,ok,logs/seed_658673.log
357871,irt_only,GHEFT,0,0.0,0,0,1,0.7014,0.6441,1.3455,,,,,,,,,,,,,,,,,55.413347416612176,1.664,38,9,304,139,100,39,22.288851,0,ok,logs/seed_357871.log
152055,irt_only,GHEFT,0,0.0,0,0,1,0.6704,0.6187,1.2891,,,,,,,,,,,,,,,,,52.97888771428571,1.4507,42,9,318,164,104,60,17.953907,0,ok,logs/seed_152055.log
262601,irt_only,GHEFT,0,0.0,0,0,1,0.6249,0.6546,1.2795,,,,,,,,,,,,,,,,,65.52635280151948,1.8469,36,9,310,148,96,52,18.392046,0,ok,logs/seed_262601.log
629872,irt_only,GHEFT,0,0.0,0,0,1,0.7764,0.7255,1.5019,,,,,,,,,,,,,,,,,56.24507493734337,1.3424,41,10,304,146,111,35,21.936657,0,ok,logs/seed_629872.log
471208,irt_only,GHEFT,0,0.0,0,0,1,0.7171,0.6541,1.3712,,,,,,,,,,,,,,,,,52.51302345248474,1.106,44,12,305,140,102,38,21.487664,0,ok,logs/seed_471208.log
255275,irt_only,GHEFT,0,0.0,0,0,1,0.7063,0.6572,1.3635,,,,,,,,,,,,,,,,,70.9923,2.2829,41,10,319,155,103,52,22.298377,0,ok,logs/seed_255275.log
730423,irt_only,GHEFT,0,0.0,0,0,1,0.639,0.8175,1.4565,,,,,,,,,,,,,,,,,74.156221875,1.9303,37,10,290,163,108,55,18.312047,0,ok,logs/seed_730423.log
143984,irt_only,GHEFT,0,0.0,0,0,1,0.6241,0.7347,1.3588,,,,,,,,,,,,,,,,,73.59739150090417,1.6562,39,10,311,157,107,50,19.106874,0,ok,logs/seed_143984.log
395892,irt_only,GHEFT,0,0.0,0,0,1,0.6825,0.7125,1.395,,,,,,,,,,,,,,,,,55.10588282763072,1.7412,44,10,290,139,102,37,21.832099,0,ok,logs/seed_395892.log
773877,irt_only,GHEFT,0,0.0,0,0,1,0.5668,0.7149,1.2817,,,,,,,,,,,,,,,,,65.69175009784738,2.008,35,10,292,140,105,35,23.196687,0,ok,logs/seed_773877.log
880174,irt_only,GHEFT,0,0.0,0,0,1,0.6977,0.7385,1.4362,,,,,,,,,,,,,,,,,62.79300886767169,1.6374,40,10,302,168,121,47,21.927515,0,ok,logs/seed_880174.log
237837,irt_only,GHEFT,0,0.0,0,0,1,0.6998,0.6185,1.3183,,,,,,,,,,,,,,,,,54.78536666666666,1.2275,46,13,318,159,108,51,24.458809,0,ok,logs/seed_237837.log
835442,irt_only,GHEFT,0,0.0,0,0,1,0.6939,0.7458,1.4397,,,,,,,,,,,,,,,,,56.01023541734418,1.4896,38,10,289,144,107,37,19.578222,0,ok,logs/seed_835442.log
453398,irt_only,GHEFT,0,0.0,0,0,1,0.6962,0.8218,1.518,,,,,,,,,,,,,,,,,59.440775522292995,1.8783,34,10,297,145,101,44,21.630713,0,ok,logs/seed_453398.log
540634,irt_only,GHEFT,0,0.0,0,0,1,0.6799,0.6507,1.3306,,,,,,,,,,,,,,,,,49.012716966401946,1.2378,40,11,306,149,108,41,24.111918,0,ok,logs/seed_540634.log
574410,irt_only,GHEFT,0,0.0,0,0,1,0.7318,0.6681,1.3999,,,,,,,,,,,,,,,,,53.81427233706964,1.2614,43,11,301,150,98,52,15.221886,0,ok,logs/seed_574410.log
445140,irt_only,GHEFT,0,0.0,0,0,1,0.7002,0.621,1.3212,,,,,,,,,,,,,,,,,45.97524623655915,1.4813,39,10,292,119,85,34,21.717745,0,ok,logs/seed_445140.log
264094,irt_only,GHEFT,0,0.0,0,0,1,0.5985,0.7252,1.3237,,,,,,,,,,,,,,,,,77.82996728110598,1.6326,40,10,301,152,99,53,23.023858,0,ok,logs/seed_264094.log
534582,irt_only,GHEFT,0,0.0,0,0,1,0.6028,0.6125,1.2153,,,,,,,,,,,,,,,,,61.603609355756376,1.5335,36,9,283,130,93,37,15.325299,0,ok,logs/seed_534582.log
26052,irt_only,GHEFT,0,0.0,0,0,1,0.6669,0.516,1.1829,,,,,,,,,,,,,,,,,73.22146507936506,1.7139,43,10,306,145,100,45,19.185435,0,ok,logs/seed_26052.log
734749,irt_only,GHEFT,0,0.0,0,0,1,0.6998,0.6329,1.3327,,,,,,,,,,,,,,,,,56.88192753726046,1.2829,41,10,300,138,99,39,20.510481,0,ok,logs/seed_734749.log
141813,irt_only,GHEFT,0,0.0,0,0,1,0.6304,0.6172,1.2476,,,,,,,,,,,,,,,,,50.895398701298696,1.5072,32,10,281,126,91,35,19.716215,0,ok,logs/seed_141813.log
253057,irt_only,GHEFT,0,0.0,0,0,1,0.753,0.8657,1.6187,,,,,,,,,,,,,,,,,57.9683925669061,1.6323,37,10,309,152,107,45,18.1425,0,ok,logs/seed_253057.log
862373,irt_only,GHEFT,0,0.0,0,0,1,0.6572,0.5967,1.2539,,,,,,,,,,,,,,,,,61.59370931677018,1.4556,43,11,319,165,99,66,18.558229,0,ok,logs/seed_862373.log
947420,irt_only,GHEFT,0,0.0,0,0,1,0.6181,0.538,1.1561,,,,,,,,,,,,,,,,,58.430196076352054,1.4046,36,9,299,139,95,44,20.97424,0,ok,logs/seed_947420.log
808853,irt_only,GHEFT,0,0.0,0,0,1,0.645,0.7872,1.4322,,,,,,,,,,,,,,,,,60.11065441696114,1.2646,39,9,310,158,104,54,16.265732,0,ok,logs/seed_808853.log
771950,irt_only,GHEFT,0,0.0,0,0,1,0.7289,0.8044,1.5333,,,,,,,,,,,,,,,,,60.089764042933815,1.6134,36,9,302,141,97,44,19.253339,0,ok,logs/seed_771950.log
198309,irt_only,GHEFT,0,0.0,0,0,1,0.6794,0.6753,1.3547,,,,,,,,,,,,,,,,,60.819532699920835,1.5178,43,10,311,154,107,47,19.473524,0,ok,logs/seed_198309.log
178238,irt_only,GHEFT,0,0.0,0,0,1,0.7474,0.7439,1.4913,,,,,,,,,,,,,,,,,54.97316279069767,1.6804,42,10,321,146,92,54,19.462532,0,ok,logs/seed_178238.log
478635,irt_only,GHEFT,0,0.0,0,0,1,0.7461,0.6403,1.3864,,,,,,,,,,,,,,,,,51.484703038309114,1.7151,51,12,314,168,113,55,22.18286,0,ok,logs/seed_478635.log
665430,irt_only,GHEFT,0,0.0,0,0,1,0.6225,0.5804,1.2029,,,,,,,,,,,,,,,,,70.70920673443456,1.2223,39,12,289,136,96,40,15.69506,0,ok,logs/seed_665430.log
841802,irt_only,GHEFT,0,0.0,0,0,1,0.6087,0.6632,1.2719,,,,,,,,,,,,,,,,,69.4223234489796,1.6269,38,11,287,158,101,57,15.924009,0,ok,logs/seed_841802.log
825694,irt_only,GHEFT,0,0.0,0,0,1,0.6762,0.5553,1.2315,,,,,,,,,,,,,,,,,61.7702719359606,1.3016,40,10,301,155,122,33,23.208914,0,ok,logs/seed_825694.log
407219,irt_only,GHEFT,0,0.0,0,0,1,0.6489,0.6932,1.3421,,,,,,,,,,,,,,,,,93.88187679908675,1.9515,42,13,279,164,111,53,19.583011,0,ok,logs/seed_407219.log
290466,irt_only,GHEFT,0,0.0,0,0,1,0.6962,0.687,1.3832,,,,,,,,,,,,,,,,,62.965485763648914,1.9902,38,11,306,162,122,40,21.249257,0,ok,logs/seed_290466.log
797644,irt_only,GHEFT,0,0.0,0,0,1,0.688,0.5663,1.2543,,,,,,,,,,,,,,,,,64.6304317097681,1.5443,41,11,297,150,117,33,14.130608,0,ok,logs/seed_797644.log
9862,irt_only,GHEFT,0,0.0,0,0,1,0.6498,0.6957,1.3455,,,,,,,,,,,,,,,,,51.16004727402708,1.3295,43,10,317,158,91,67,16.895544,0,ok,logs/seed_9862.log
435679,irt_only,GHEFT,0,0.0,0,0,1,0.6724,0.6638,1.3362,,,,,,,,,,,,,,,,,75.85712596685084,1.891,46,12,313,184,121,63,22.9959,0,ok,logs/seed_435679.log
743887,irt_only,GHEFT,0,0.0,0,0,1,0.5952,0.5677,1.1629,,,,,,,,,,,,,,,,,53.06568728323701,1.2514,46,12,320,147,100,47,21.064973,0,ok,logs/seed_743887.log
807745,irt_only,GHEFT,0,0.0,0,0,1,0.7177,0.6932,1.4109,,,,,,,,,,,,,,,,,55.530651000000006,1.2162,47,12,314,162,98,64,20.354075,0,ok,logs/seed_807745.log
893649,irt_only,GHEFT,0,0.0,0,0,1,0.6883,0.5612,1.2495,,,,,,,,,,,,,,,,,58.8850511627907,1.2445,41,12,283,148,94,54,12.34176,0,ok,logs/seed_893649.log
654989,irt_only,GHEFT,0,0.0,0,0,1,0.7386,0.5972,1.3358,,,,,,,,,,,,,,,,,54.21876544916851,1.4557,40,9,311,143,103,40,19.843106,0,ok,logs/seed_654989.log
685027,irt_only,GHEFT,0,0.0,0,0,1,0.6433,0.8282,1.4715,,,,,,,,,,,,,,,,,56.17394900849859,1.7595,34,11,301,158,104,54,19.279129,0,ok,logs/seed_685027.log
967091,irt_only,GHEFT,0,0.0,0,0,1,0.7271,0.7037,1.4308,,,,,,,,,,,,,,,,,52.36701143878463,1.6666,37,11,283,125,80,45,16.001094,0,ok,logs/seed_967091.log
541087,irt_only,GHEFT,0,0.0,0,0,1,0.6259,0.5733,1.1992,,,,,,,,,,,,,,,,,67.55737338935575,1.5238,47,10,313,157,125,32,19.173682,0,ok,logs/seed_541087.log
20393,irt_only,GHEFT,0,0.0,0,0,1,0.69,0.7266,1.4166,,,,,,,,,,,,,,,,,53.20235025373135,1.4068,39,10,285,118,85,33,14.590084,0,ok,logs/seed_20393.log
418812,irt_only,GHEFT,0,0.0,0,0,1,0.6883,0.6629,1.3512,,,,,,,,,,,,,,,,,75.32530971148876,1.95,49,11,312,170,117,53,18.241414,0,ok,logs/seed_418812.log
437790,irt_only,GHEFT,0,0.0,0,0,1,0.8258,0.7892,1.615,,,,,,,,,,,,,,,,,81.57723877551022,2.1176,42,12,312,180,130,50,20.888765,0,ok,logs/seed_437790.log
855359,irt_only,GHEFT,0,0.0,0,0,1,0.7055,0.7388,1.4443,,,,,,,,,,,,,,,,,54.38330258349937,1.4131,41,11,303,159,100,59,16.381416,0,ok,logs/seed_855359.log
510703,irt_only,GHEFT,0,0.0,0,0,1,0.7099,0.7882,1.4981,,,,,,,,,,,,,,,,,57.4237174437366,1.4204,35,11,315,159,102,57,20.726018,0,ok,logs/seed_510703.log
949250,irt_only,GHEFT,0,0.0,0,0,1,0.6969,0.8025,1.4994,,,,,,,,,,,,,,,,,58.408589276729586,1.7847,47,12,285,145,99,46,17.630457,0,ok,logs/seed_949250.log
123134,irt_only,GHEFT,0,0.0,0,0,1,0.6464,0.7272,1.3736,,,,,,,,,,,,,,,,,56.349868613138675,1.6933,48,14,323,175,115,60,22.0258,0,ok,logs/seed_123134.log
90939,irt_only,GHEFT,0,0.0,0,0,1,0.6394,0.695,1.3344,,,,,,,,,,,,,,,,,76.02297047086992,1.9282,44,11,322,155,112,43,17.019817,0,ok,logs/seed_90939.log
309305,irt_only,GHEFT,0,0.0,0,0,1,0.638,0.694,1.332,,,,,,,,,,,,,,,,,54.4671711863354,1.4633,46,11,326,162,109,53,18.775617,0,ok,logs/seed_309305.log
329467,irt_only,GHEFT,0,0.0,0,0,1,0.6722,0.6512,1.3234,,,,,,,,,,,,,,,,,57.05289957369254,1.84,45,11,303,160,113,47,18.629824,0,ok,logs/seed_329467.log
357848,irt_only,GHEFT,0,0.0,0,0,1,0.6679,0.6178,1.2857,,,,,,,,,,,,,,,,,57.221691743119266,1.7933,42,9,300,149,102,47,17.846985,0,ok,logs/seed_357848.log
575107,irt_only,GHEFT,0,0.0,0,0,1,0.6638,0.581,1.2448,,,,,,,,,,,,,,,,,56.46619071233545,1.5935,42,12,308,151,109,42,20.590971,0,ok,logs/seed_575107.log
672485,irt_only,GHEFT,0,0.0,0,0,1,0.6702,0.6394,1.3096,,,,,,,,,,,,,,,,,50.97187796610169,1.5605,41,9,304,146,102,44,17.114104,0,ok,logs/seed_672485.log
454637,irt_only,GHEFT,0,0.0,0,0,1,0.5587,0.5295,1.0882,,,,,,,,,,,,,,,,,79.79039316770186,1.5457,44,9,325,158,110,48,19.48788,0,ok,logs/seed_454637.log
178460,irt_only,GHEFT,0,0.0,0,0,1,0.6334,0.545,1.1784,,,,,,,,,,,,,,,,,58.27045383818769,1.1855,45,11,352,174,102,72,21.558844,0,ok,logs/seed_178460.log
69629,irt_only,GHEFT,0,0.0,0,0,1,0.7068,0.6832,1.39,,,,,,,,,,,,,,,,,57.24974576271189,1.2662,36,9,307,143,100,43,22.265414,0,ok,logs/seed_69629.log
406305,irt_only,GHEFT,0,0.0,0,0,1,0.728,0.623,1.351,,,,,,,,,,,,,,,,,59.868462670761666,1.6103,38,9,294,148,93,55,17.938495,0,ok,logs/seed_406305.log
310214,irt_only,GHEFT,0,0.0,0,0,1,0.6932,0.7244,1.4176,,,,,,,,,,,,,,,,,55.64761132075471,1.7203,35,9,276,155,107,48,16.783603,0,ok,logs/seed_310214.log
494212,irt_only,GHEFT,0,0.0,0,0,1,0.6051,0.6912,1.2963,,,,,,,,,,,,,,,,,55.39212071830985,1.2049,36,9,310,134,94,40,18.638797,0,ok,logs/seed_494212.log
413922,irt_only,GHEFT,0,0.0,0,0,1,0.6787,0.6227,1.3014,,,,,,,,,,,,,,,,,57.77752783825864,1.7016,45,11,301,127,102,25,19.25034,0,ok,logs/seed_413922.log
342318,irt_only,GHEFT,0,0.0,0,0,1,0.6395,0.526,1.1655,,,,,,,,,,,,,,,,,77.21252954279015,1.7914,48,12,322,172,114,58,22.302051,0,ok,logs/seed_342318.log
98584,irt_only,GHEFT,0,0.0,0,0,1,0.6164,0.6319,1.2483,,,,,,,,,,,,,,,,,55.820029239766086,1.5538,33,8,296,149,100,49,18.861839,0,ok,logs/seed_98584.log
300148,irt_only,GHEFT,0,0.0,0,0,1,0.6874,0.7109,1.3983,,,,,,,,,,,,,,,,,57.703163264150945,1.272,32,10,259,111,82,29,14.31899,0,ok,logs/seed_300148.log
126455,irt_only,GHEFT,0,0.0,0,0,1,0.6573,0.6273,1.2846,,,,,,,,,,,,,,,,,52.42549755671902,1.7042,39,8,313,135,87,48,21.656299,0,ok,logs/seed_126455.log
565222,irt_only,GHEFT,0,0.0,0,0,1,0.6788,0.6399,1.3187,,,,,,,,,,,,,,,,,69.91101891891893,1.3645,43,12,303,170,106,64,16.288666,0,ok,logs/seed_565222.log
239697,irt_only,GHEFT,0,0.0,0,0,1,0.6623,0.7269,1.3892,,,,,,,,,,,,,,,,,54.782593596059115,1.2913,43,10,317,155,111,44,20.54253,0,ok,logs/seed_239697.log
919700,irt_only,GHEFT,0,0.0,0,0,1,0.7339,0.7178,1.4517,,,,,,,,,,,,,,,,,54.76036644981862,1.4943,45,10,316,142,92,50,20.060316,0,ok,logs/seed_919700.log
924776,irt_only,GHEFT,0,0.0,0,0,1,0.6333,0.47,1.1033,,,,,,,,,,,,,,,,,45.68538988764045,1.2637,41,10,286,141,103,38,17.693936,0,ok,logs/seed_924776.log
960470,irt_only,GHEFT,0,0.0,0,0,1,0.6577,0.5206,1.1783,,,,,,,,,,,,,,,,,98.21212067714629,2.2528,51,10,301,164,116,48,20.563398,0,ok,logs/seed_960470.log
8986,irt_only,GHEFT,0,0.0,0,0,1,0.6671,0.8609,1.528,,,,,,,,,,,,,,,,,68.24081923615717,2.056,32,10,304,168,104,64,20.637383,0,ok,logs/seed_8986.log
837970,irt_only,GHEFT,0,0.0,0,0,1,0.6399,0.6982,1.3381,,,,,,,,,,,,,,,,,56.818331488314875,1.5719,48,12,319,157,115,42,21.623298,0,ok,logs/seed_837970.log
445997,irt_only,GHEFT,0,0.0,0,0,1,0.6322,0.6352,1.2674,,,,,,,,,,,,,,,,,58.979615384615386,1.4691,36,9,295,133,91,42,17.797259,0,ok,logs/seed_445997.log
415494,irt_only,GHEFT,0,0.0,0,0,1,0.616,0.6869,1.3029,,,,,,,,,,,,,,,,,64.70550372617193,1.4598,43,9,305,122,90,32,17.669838,0,ok,logs/seed_415494.log
129849,irt_only,GHEFT,0,0.0,0,0,1,0.7451,0.6375,1.3826,,,,,,,,,,,,,,,,,46.65311435079727,1.4866,46,13,313,127,95,32,17.952959,0,ok,logs/seed_129849.log
708068,irt_only,GHEFT,0,0.0,0,0,1,0.6341,0.7198,1.3539,,,,,,,,,,,,,,,,,74.47083325116967,1.8232,42,10,301,148,95,53,17.156385,0,ok,logs/seed_708068.log
238574,irt_only,GHEFT,0,0.0,0,0,1,0.672,0.6372,1.3092,,,,,,,,,,,,,,,,,61.37418199233716,1.2479,38,9,307,143,97,46,19.659301,0,ok,logs/seed_238574.log
556369,irt_only,GHEFT,0,0.0,0,0,1,0.6231,0.6833,1.3064,,,,,,,,,,,,,,,,,68.5814180327869,2.0555,42,11,313,160,105,55,23.946032,0,ok,logs/seed_556369.log
100974,irt_only,GHEFT,0,0.0,0,0,1,0.6967,0.7306,1.4273,,,,,,,,,,,,,,,,,47.35895638524034,1.7134,37,9,303,150,105,45,19.035119,0,ok,logs/seed_100974.log
539817,irt_only,GHEFT,0,0.0,0,0,1,0.6951,0.7684,1.4635,,,,,,,,,,,,,,,,,51.36687250470809,1.3238,42,10,286,147,112,35,18.87862,0,ok,logs/seed_539817.log
877980,irt_only,GHEFT,0,0.0,0,0,1,0.6995,0.6299,1.3294,,,,,,,,,,,,,,,,,50.0355847856155,1.4025,39,9,299,147,104,43,21.180134,0,ok,logs/seed_877980.log
104840,irt_only,GHEFT,0,0.0,0,0,1,0.689,0.6137,1.3027,,,,,,,,,,,,,,,,,71.67659882608694,1.3913,42,11,314,161,119,42,20.468852,0,ok,logs/seed_104840.log
17893,irt_only,GHEFT,0,0.0,0,0,1,0.6512,0.5866,1.2378,,,,,,,,,,,,,,,,,62.36328236300418,1.478,44,13,303,167,110,57,22.472451,0,ok,logs/seed_17893.log
915164,irt_only,GHEFT,0,0.0,0,0,1,0.6588,0.6472,1.306,,,,,,,,,,,,,,,,,61.1676477400508,1.9249,48,12,328,168,109,59,22.98071,0,ok,logs/seed_915164.log
423820,irt_only,GHEFT,0,0.0,0,0,1,0.7729,0.9629,1.7358,,,,,,,,,,,,,,,,,71.44321164790667,1.4722,46,10,305,159,98,61,16.775234,0,ok,logs/seed_423820.log
27065,irt_only,GHEFT,0,0.0,0,0,1,0.617,0.6586,1.2756,,,,,,,,,,,,,,,,,65.9234640441684,1.7448,53,12,324,176,110,66,19.964331,0,ok,logs/seed_27065.log
437214,irt_only,GHEFT,0,0.0,0,0,1,0.6427,0.783,1.4257,,,,,,,,,,,,,,,,,56.746352049571016,1.5501,44,11,316,158,102,56,20.724863,0,ok,logs/seed_437214.log
832443,irt_only,GHEFT,0,0.0,0,0,1,0.6369,0.557,1.1939,,,,,,,,,,,,,,,,,69.24228493723852,1.2726,48,12,337,186,124,62,19.344296,0,ok,logs/seed_832443.log
193554,irt_only,GHEFT,0,0.0,0,0,1,0.7339,0.5912,1.3251,,,,,,,,,,,,,,,,,52.12065447263017,1.4304,48,11,306,177,128,49,18.00133,0,ok,logs/seed_193554.log
312935,irt_only,GHEFT,0,0.0,0,0,1,0.6528,0.7872,1.44,,,,,,,,,,,,,,,,,54.21748126086957,1.8936,32,9,303,136,90,46,16.617145,0,ok,logs/seed_312935.log
518996,irt_only,GHEFT,0,0.0,0,0,1,0.6065,0.6359,1.2424,,,,,,,,,,,,,,,,,70.86897163486796,1.183,43,10,302,137,92,45,14.93216,0,ok,logs/seed_518996.log
94901,irt_only,GHEFT,0,0.0,0,0,1,0.7006,0.658,1.3586,,,,,,,,,,,,,,,,,53.23867826086955,1.2136,35,10,284,117,85,32,18.063395,0,ok,logs/seed_94901.log
960816,irt_only,GHEFT,0,0.0,0,0,1,0.6695,0.6357,1.3052,,,,,,,,,,,,,,,,,66.5229820199778,1.456,42,11,314,182,121,61,15.643509,0,ok,logs/seed_960816.log
171234,irt_only,GHEFT,0,0.0,0,0,1,0.6891,0.7284,1.4175,,,,,,,,,,,,,,,,,56.86368889916743,1.5358,42,10,294,137,105,32,20.172245,0,ok,logs/seed_171234.log
448214,irt_only,GHEFT,0,0.0,0,0,1,0.7374,0.7623,1.4997,,,,,,,,,,,,,,,,,63.38338267261977,1.5758,46,11,325,168,112,56,20.784368,0,ok,logs/seed_448214.log
752309,irt_only,GHEFT,0,0.0,0,0,1,0.6892,0.7878,1.477,,,,,,,,,,,,,,,,,71.27943333333334,1.7776,35,9,289,130,92,38,16.104786,0,ok,logs/seed_752309.log
398469,irt_only,GHEFT,0,0.0,0,0,1,0.6426,0.8229,1.4655,,,,,,,,,,,,,,,,,54.929822134387344,1.4075,39,10,308,134,86,48,16.647769,0,ok,logs/seed_398469.log
345867,irt_only,GHEFT,0,0.0,0,0,1,0.6464,0.5137,1.1601,,,,,,,,,,,,,,,,,52.04314689535581,1.2932,41,9,311,138,100,38,18.419555,0,ok,logs/seed_345867.log
434909,irt_only,GHEFT,0,0.0,0,0,1,0.7085,0.6271,1.3356,,,,,,,,,,,,,,,,,55.134382352941174,1.0788,43,12,304,135,92,43,14.724227,0,ok,logs/seed_434909.log
618745,irt_only,GHEFT,0,0.0,0,0,1,0.6319,0.6733,1.3052,,,,,,,,,,,,,,,,,57.921964539020834,1.5542,48,13,316,175,116,59,19.386829,0,ok,logs/seed_618745.log
86680,irt_only,GHEFT,0,0.0,0,0,1,0.6837,0.8286,1.5123,,,,,,,,,,,,,,,,,55.76288010887958,1.4772,38,10,283,152,97,55,19.335047,0,ok,logs/seed_86680.log
406773,irt_only,GHEFT,0,0.0,0,0,1,0.7332,0.7568,1.49,,,,,,,,,,,,,,,,,55.73725733558179,1.3757,36,10,305,137,93,44,16.742293,0,ok,logs/seed_406773.log
953452,irt_only,GHEFT,0,0.0,0,0,1,0.7198,0.5628,1.2826,,,,,,,,,,,,,,,,,48.26300909090909,1.3772,49,13,300,146,110,36,16.477945,0,ok,logs/seed_953452.log
869272,irt_only,GHEFT,0,0.0,0,0,1,0.7495,0.6984,1.4479,,,,,,,,,,,,,,,,,52.61021358024691,1.2538,44,11,299,159,94,65,15.408352,0,ok,logs/seed_869272.log
215885,irt_only,GHEFT,0,0.0,0,0,1,0.639,0.5641,1.2031,,,,,,,,,,,,,,,,,60.181303845297194,1.4991,40,11,305,145,111,34,17.027526,0,ok,logs/seed_215885.log
996183,irt_only,GHEFT,0,0.0,0,0,1,0.7178,0.6991,1.4169,,,,,,,,,,,,,,,,,51.68692334118487,1.3447,38,11,283,135,97,38,15.941199,0,ok,logs/seed_996183.log
310239,irt_only,GHEFT,0,0.0,0,0,1,0.7178,0.7095,1.4273,,,,,,,,,,,,,,,,,58.61618260869565,1.504,41,12,306,162,113,49,16.895847,0,ok,logs/seed_310239.log
819226,irt_only,GHEFT,0,0.0,0,0,1,0.7176,0.8709,1.5885,,,,,,,,,,,,,,,,,57.74709446640316,1.6282,53,12,335,170,105,65,20.304624,0,ok,logs/seed_819226.log
253184,irt_only,GHEFT,0,0.0,0,0,1,0.7212,0.8552,1.5764,,,,,,,,,,,,,,,,,68.61310318337033,1.8455,41,10,294,150,112,38,18.106851,0,ok,logs/seed_253184.log
832005,irt_only,GHEFT,0,0.0,0,0,1,0.5306,0.5296,1.0602,,,,,,,,,,,,,,,,,72.64736028753182,1.6727,40,9,310,138,108,30,19.231303,0,ok,logs/seed_832005.log
623964,irt_only,GHEFT,0,0.0,0,0,1,0.6256,0.6368,1.2624,,,,,,,,,,,,,,,,,54.379055668358724,1.5912,37,10,284,143,90,53,16.361706,0,ok,logs/seed_623964.log
57627,irt_only,GHEFT,0,0.0,0,0,1,0.6058,0.5608,1.1666,,,,,,,,,,,,,,,,,79.24418028909331,1.5989,43,10,317,154,109,45,17.516798,0,ok,logs/seed_57627.log
185144,irt_only,GHEFT,0,0.0,0,0,1,0.6426,0.5806,1.2232,,,,,,,,,,,,,,,,,50.946858169934636,1.4986,38,10,271,118,75,43,14.636602,0,ok,logs/seed_185144.log
642703,irt_only,GHEFT,0,0.0,0,0,1,0.6514,0.8322,1.4836,,,,,,,,,,,,,,,,,62.63598209179834,1.6532,40,12,293,160,101,59,17.452281,0,ok,logs/seed_642703.log
904483,irt_only,GHEFT,0,0.0,0,0,1,0.6207,0.6499,1.2706,,,,,,,,,,,,,,,,,55.137194723825225,1.5035,46,12,318,164,110,54,22.750958,0,ok,logs/seed_904483.log
90576,irt_only,GHEFT,0,0.0,0,0,1,0.6949,0.6769,1.3718,,,,,,,,,,,,,,,,,67.37089444851658,1.8,45,13,306,181,108,73,19.340949,0,ok,logs/seed_90576.log
613945,irt_only,GHEFT,0,0.0,0,0,1,0.7324,0.8116,1.544,,,,,,,,,,,,,,,,,58.10541506849315,1.6374,49,11,321,171,118,53,21.084839,0,ok,logs/seed_613945.log
703583,irt_only,GHEFT,0,0.0,0,0,1,0.6822,0.7719,1.4541,,,,,,,,,,,,,,,,,56.63070664025696,2.018,36,10,293,143,100,43,18.373528,0,ok,logs/seed_703583.log
666965,irt_only,GHEFT,0,0.0,0,0,1,0.6473,0.6598,1.3071,,,,,,,,,,,,,,,,,57.597466201265156,1.5727,45,11,315,147,99,48,20.579157,0,ok,logs/seed_666965.log
78867,irt_only,GHEFT,0,0.0,0,0,1,0.6729,0.5699,1.2428,,,,,,,,,,,,,,,,,51.16618141777699,1.262,53,13,315,179,118,61,21.268472,0,ok,logs/seed_78867.log
249211,irt_only,GHEFT,0,0.0,0,0,1,0.6957,0.7685,1.4642,,,,,,,,,,,,,,,,,61.085070467278086,1.4521,46,10,340,175,124,51,22.711303,0,ok,logs/seed_249211.log
993304,irt_only,GHEFT,0,0.0,0,0,1,0.736,0.7929,1.5289,,,,,,,,,,,,,,,,,54.637809825647714,1.5676,46,10,328,173,120,53,23.558988,0,ok,logs/seed_993304.log
677640,irt_only,GHEFT,0,0.0,0,0,1,0.6798,0.5321,1.2119,,,,,,,,,,,,,,,,,53.46530622875816,1.5631,43,10,326,165,119,46,22.313414,0,ok,logs/seed_677640.log
807304,irt_only,GHEFT,0,0.0,0,0,1,0.6312,0.7232,1.3544,,,,,,,,,,,,,,,,,65.58149141518129,2.0065,49,12,319,156,100,56,17.103582,0,ok,logs/seed_807304.log
901569,irt_only,GHEFT,0,0.0,0,0,1,0.6245,0.7512,1.3757,,,,,,,,,,,,,,,,,59.84364661351424,1.3787,41,11,318,153,100,53,19.491119,0,ok,logs/seed_901569.log
578684,irt_only,GHEFT,0,0.0,0,0,1,0.6402,0.7538,1.394,,,,,,,,,,,,,,,,,59.13695958453063,1.4929,45,11,318,151,107,44,17.293339,0,ok,logs/seed_578684.log
40789,irt_only,GHEFT,0,0.0,0,0,1,0.6411,0.7979,1.439,,,,,,,,,,,,,,,,,61.24438486055778,1.7185,41,10,307,151,105,46,17.721814,0,ok,logs/seed_40789.log
514538,irt_only,GHEFT,0,0.0,0,0,1,0.5782,0.6903,1.2685,,,,,,,,,,,,,,,,,70.64324600870823,1.7628,32,9,272,128,93,35,16.209322,0,ok,logs/seed_514538.log
578723,irt_only,GHEFT,0,0.0,0,0,1,0.6651,0.7569,1.422,,,,,,,,,,,,,,,,,63.50977747058823,1.6907,42,11,287,150,97,53,16.896143,0,ok,logs/seed_578723.log
628956,irt_only,GHEFT,0,0.0,0,0,1,0.7395,0.7292,1.4687,,,,,,,,,,,,,,,,,58.130844023255804,1.3908,43,9,304,151,102,49,16.035646,0,ok,logs/seed_628956.log
780144,irt_only,GHEFT,0,0.0,0,0,1,0.7101,0.6459,1.356,,,,,,,,,,,,,,,,,53.352541473397,1.4632,42,13,297,155,90,65,16.844616,0,ok,logs/seed_780144.log
334837,irt_only,GHEFT,0,0.0,0,0,1,0.654,0.5942,1.2482,,,,,,,,,,,,,,,,,53.20258245363766,1.3933,45,9,295,154,112,42,17.923197,0,ok,logs/seed_334837.log
891279,irt_only,GHEFT,0,0.0,0,0,1,0.6321,0.7314,1.3635,,,,,,,,,,,,,,,,,68.53668178574755,1.9955,38,8,312,132,90,42,17.674386,0,ok,logs/seed_891279.log
345873,irt_only,GHEFT,0,0.0,0,0,1,0.7422,0.7102,1.4524,,,,,,,,,,,,,,,,,53.582080624664876,1.4276,33,9,296,125,88,37,15.330442,0,ok,logs/seed_345873.log
623016,irt_only,GHEFT,0,0.0,0,0,1,0.7834,0.9313,1.7147,,,,,,,,,,,,,,,,,67.30228960363873,2.1967,38,11,295,174,115,59,18.820356,0,ok,logs/seed_623016.log
956557,irt_only,GHEFT,0,0.0,0,0,1,0.6789,0.6316,1.3105,,,,,,,,,,,,,,,,,49.431839254901966,1.4318,45,12,324,165,123,42,17.526928,0,ok,logs/seed_956557.log
911304,irt_only,GHEFT,0,0.0,0,0,1,0.6102,0.6237,1.2339,,,,,,,,,,,,,,,,,71.61914305822138,1.7006,39,12,303,174,123,51,16.253748,0,ok,logs/seed_911304.log
468687,irt_only,GHEFT,0,0.0,0,0,1,0.6556,0.6314,1.287,,,,,,,,,,,,,,,,,63.28261551270815,1.9921,45,11,315,175,118,57,18.850637,0,ok,logs/seed_468687.log
312412,irt_only,GHEFT,0,0.0,0,0,1,0.6756,0.5818,1.2574,,,,,,,,,,,,,,,,,90.05082423491606,1.6004,36,8,286,146,110,36,17.232959,0,ok,logs/seed_312412.log
111575,irt_only,GHEFT,0,0.0,0,0,1,0.6113,0.6877,1.299,,,,,,,,,,,,,,,,,60.92467699910152,1.5547,45,10,311,153,104,49,20.284182,0,ok,logs/seed_111575.log
974625,irt_only,GHEFT,0,0.0,0,0,1,0.7554,0.6744,1.4298,,,,,,,,,,,,,,,,,42.76573583061889,1.3766,41,11,298,124,87,37,17.587721,0,ok,logs/seed_974625.log
281753,irt_only,GHEFT,0,0.0,0,0,1,0.6689,0.7776,1.4465,,,,,,,,,,,,,,,,,62.610813607944735,1.4521,42,9,314,151,102,49,20.641201,0,ok,logs/seed_281753.log
844027,irt_only,GHEFT,0,0.0,0,0,1,0.6739,0.6161,1.29,,,,,,,,,,,,,,,,,62.36391799604743,1.5186,40,11,306,149,106,43,19.906791,0,ok,logs/seed_844027.log
631749,irt_only,GHEFT,0,0.0,0,0,1,0.6451,0.6111,1.2562,,,,,,,,,,,,,,,,,61.92613372177712,1.3855,39,11,307,155,114,41,16.62052,0,ok,logs/seed_631749.log
126909,irt_only,GHEFT,0,0.0,0,0,1,0.6873,0.5822,1.2695,,,,,,,,,,,,,,,,,50.23354464896074,1.4061,44,10,303,153,102,51,16.909989,0,ok,logs/seed_126909.log
347245,irt_only,GHEFT,0,0.0,0,0,1,0.651,0.7837,1.4347,,,,,,,,,,,,,,,,,61.74635996805899,1.5585,41,10,316,158,112,46,19.510911,0,ok,logs/seed_347245.log
932428,irt_only,GHEFT,0,0.0,0,0,1,0.7382,0.6695,1.4077,,,,,,,,,,,,,,,,,52.86958518518519,1.4842,45,10,324,158,115,43,19.250925,0,ok,logs/seed_932428.log
543938,irt_only,GHEFT,0,0.0,0,0,1,0.6884,0.7358,1.4242,,,,,,,,,,,,,,,,,69.40590499168054,1.8111,42,11,297,161,118,43,15.397637,0,ok,logs/seed_543938.log
83676,irt_only,GHEFT,0,0.0,0,0,1,0.7281,0.6494,1.3775,,,,,,,,,,,,,,,,,51.47441876629018,1.3137,36,10,274,151,111,40,18.39094,0,ok,logs/seed_83676.log
150986,irt_only,GHEFT,0,0.0,0,0,1,0.6015,0.6473,1.2488,,,,,,,,,,,,,,,,,91.96247892720307,2.4477,43,11,279,143,103,40,18.199229,0,ok,logs/seed_150986.log
661946,irt_only,GHEFT,0,0.0,0,0,1,0.5657,0.5679,1.1336,,,,,,,,,,,,,,,,,66.18735246286161,1.4629,51,13,298,136,94,42,16.683388,0,ok,logs/seed_661946.log
328690,irt_only,GHEFT,0,0.0,0,0,1,0.6048,0.5836,1.1884,,,,,,,,,,,,,,,,,61.28633817277486,1.7093,44,10,296,146,108,38,19.244911,0,ok,logs/seed_328690.log
333147,irt_only,GHEFT,0,0.0,0,0,1,0.6504,0.5334,1.1838,,,,,,,,,,,,,,,,,50.16880087744989,1.3426,40,10,311,147,108,39,17.192167,0,ok,logs/seed_333147.log
880442,irt_only,GHEFT,0,0.0,0,0,1,0.6702,0.7416,1.4118,,,,,,,,,,,,,,,,,58.00457503136763,1.6225,34,10,305,154,105,49,13.603611,0,ok,logs/seed_880442.log
790811,irt_only,GHEFT,0,0.0,0,0,1,0.6734,0.5458,1.2192,,,,,,,,,,,,,,,,,47.45750952380953,1.4738,47,12,326,167,120,47,22.687803,0,ok,logs/seed_790811.log
894789,irt_only,GHEFT,0,0.0,0,0,1,0.7746,0.6013,1.3759,,,,,,,,,,,,,,,,,60.30897989723828,1.6052,46,11,298,165,122,43,16.506282,0,ok,logs/seed_894789.log
774609,irt_only,GHEFT,0,0.0,0,0,1,0.6634,0.5561,1.2195,,,,,,,,,,,,,,,,,51.844298540146006,1.6402,46,12,316,149,107,42,18.980194,0,ok,logs/seed_774609.log
938046,irt_only,GHEFT,0,0.0,0,0,1,0.6742,0.706,1.3802,,,,,,,,,,,,,,,,,61.368964766310405,1.3365,37,10,305,152,101,51,16.968488,0,ok,logs/seed_938046.log
679612,irt_only,GHEFT,0,0.0,0,0,1,0.6571,0.7517,1.4088,,,,,,,,,,,,,,,,,54.75761872477805,1.4274,46,12,299,156,89,67,15.9074,0,ok,logs/seed_679612.log
718594,irt_only,GHEFT,0,0.0,0,0,1,0.7322,0.6784,1.4106,,,,,,,,,,,,,,,,,54.18392331147542,1.3529,40,11,265,134,98,36,13.9931,0,ok,logs/seed_718594.log
453524,irt_only,GHEFT,0,0.0,0,0,1,0.5362,0.7532,1.2894,,,,,,,,,,,,,,,,,60.34117392069633,1.8484,42,10,291,145,91,54,18.677828,0,ok,logs/seed_453524.log
690475,irt_only,GHEFT,0,0.0,0,0,1,0.6945,0.8324,1.5269,,,,,,,,,,,,,,,,,55.90442989733841,1.6625,38,9,293,134,94,40,16.518298,0,ok,logs/seed_690475.log
276650,irt_only,GHEFT,0,0.0,0,0,1,0.6788,0.7494,1.4282,,,,,,,,,,,,,,,,,58.36636423357664,1.4348,40,10,297,149,110,39,19.343212,0,ok,logs/seed_276650.log
117981,irt_only,GHEFT,0,0.0,0,0,1,0.7119,0.8727,1.5846,,,,,,,,,,,,,,,,,59.8943427652733,1.8435,41,11,305,167,99,68,19.492073,0,ok,logs/seed_117981.log
120348,irt_only,GHEFT,0,0.0,0,0,1,0.6972,0.7628,1.46,,,,,,,,,,,,,,,,,58.445628549831355,1.5627,38,10,288,145,96,49,17.989841,0,ok,logs/seed_120348.log
554439,irt_only,GHEFT,0,0.0,0,0,1,0.6521,0.6272,1.2793,,,,,,,,,,,,,,,,,62.18376911594204,1.3923,35,9,314,144,110,34,17.321133,0,ok,logs/seed_554439.log
686198,irt_only,GHEFT,0,0.0,0,0,1,0.6228,0.8064,1.4292,,,,,,,,,,,,,,,,,65.2945854507686,1.8373,43,11,313,163,107,56,21.870564,0,ok,logs/seed_686198.log
823177,irt_only,GHEFT,0,0.0,0,0,1,0.6399,0.7969,1.4368,,,,,,,,,,,,,,,,,57.07966793893131,1.54,40,10,311,159,110,49,18.776282,0,ok,logs/seed_823177.log
687817,irt_only,GHEFT,0,0.0,0,0,1,0.6759,0.6926,1.3685,,,,,,,,,,,,,,,,,60.37354598486262,1.6968,31,8,304,160,123,37,20.000148,0,ok,logs/seed_687817.log
430187,irt_only,GHEFT,0,0.0,0,0,1,0.6583,0.5803,1.2386,,,,,,,,,,,,,,,,,51.48124413407822,1.1344,40,9,304,151,118,33,15.067361,0,ok,logs/seed_430187.log
782746,irt_only,GHEFT,0,0.0,0,0,1,0.6676,0.6795,1.3471,,,,,,,,,,,,,,,,,52.23868253968254,1.4633,43,10,302,127,84,43,15.538344,0,ok,logs/seed_782746.log
