seed,variant,variant_display_label,is_baseline_nheft,configured_tolerance,configured_comp_advantage,configured_drt_advantage,configured_irt_advantage,ccr_data,idr_image,nccr_total,heft_makespan,heft_slr,heft_vcpus,heft_hosts,heft_instances,heft_image_dl_total,heft_image_from_repo,heft_image_from_host,dheft_makespan,dheft_slr,dheft_vcpus,dheft_hosts,dheft_instances,dheft_image_dl_total,dheft_image_from_repo,dheft_image_from_host,nheft_makespan,nheft_slr,nheft_vcpus,nheft_hosts,nheft_instances,nheft_image_dl_total,nheft_image_from_repo,nheft_image_from_host,time_sec,return_code,status,log_file
741896,irt_only,GHEFT,0,0.0,0,0,1,1.9697,2.2016,4.1713,,,,,,,,,,,,,,,,,84.42316848426813,2.5921,37,10,291,151,78,73,4.152207,0,ok,logs/seed_741896.log
430515,irt_only,GHEFT,0,0.0,0,0,1,1.8799,2.3094,4.1893,,,,,,,,,,,,,,,,,85.62097509092513,2.1365,26,9,270,125,69,56,3.693925,0,ok,logs/seed_430515.log
888075,irt_only,GHEFT,0,0.0,0,0,1,1.8728,2.0417,3.9145,,,,,,,,,,,,,,,,,99.13548943747107,2.5471,37,11,296,168,92,76,4.290633,0,ok,logs/seed_888075.log
914983,irt_only,GHEFT,0,0.0,0,0,1,2.1329,2.6384,4.7713,,,,,,,,,,,,,,,,,112.83630098869463,3.1738,25,8,246,126,71,55,3.505585,0,ok,logs/seed_914983.log
997971,irt_only,GHEFT,0,0.0,0,0,1,1.8898,1.9385,3.8283,,,,,,,,,,,,,,,,,80.30541887287023,2.7228,39,11,289,146,87,59,4.634161,0,ok,logs/seed_997971.log
747642,irt_only,GHEFT,0,0.0,0,0,1,1.6621,1.8169,3.479,,,,,,,,,,,,,,,,,89.07277186886886,2.0139,29,9,273,137,84,53,3.866219,0,ok,logs/seed_747642.log
664527,irt_only,GHEFT,0,0.0,0,0,1,1.8581,2.6265,4.4846,,,,,,,,,,,,,,,,,95.94268732943469,2.3333,33,10,289,163,87,76,5.99149,0,ok,logs/seed_664527.log
760044,irt_only,GHEFT,0,0.0,0,0,1,1.6326,1.8644,3.497,,,,,,,,,,,,,,,,,118.55387147405115,2.2506,31,10,274,151,89,62,4.700656,0,ok,logs/seed_760044.log
215549,irt_only,GHEFT,0,0.0,0,0,1,1.84,2.3831,4.2231,,,,,,,,,,,,,,,,,108.02150940574833,3.0847,38,10,276,139,77,62,4.714766,0,ok,logs/seed_215549.log
370191,irt_only,GHEFT,0,0.0,0,0,1,1.7572,2.2288,3.986,,,,,,,,,,,,,,,,,109.98467842242702,3.1057,32,9,279,133,80,53,5.148773,0,ok,logs/seed_370191.log
296947,irt_only,GHEFT,0,0.0,0,0,1,1.6323,2.3435,3.9758,,,,,,,,,,,,,,,,,117.38771408691308,2.5888,32,9,284,145,85,60,4.467337,0,ok,logs/seed_296947.log
963598,irt_only,GHEFT,0,0.0,0,0,1,1.9275,2.3058,4.2333,,,,,,,,,,,,,,,,,101.20553381232493,2.6361,30,10,259,147,89,58,4.77839,0,ok,logs/seed_963598.log
388451,irt_only,GHEFT,0,0.0,0,0,1,1.808,2.2269,4.0349,,,,,,,,,,,,,,,,,97.73879918413597,2.6055,28,9,275,111,72,39,4.597201,0,ok,logs/seed_388451.log
602873,irt_only,GHEFT,0,0.0,0,0,1,1.7101,1.9932,3.7033,,,,,,,,,,,,,,,,,114.1713976317922,2.3602,29,9,267,153,91,62,6.25489,0,ok,logs/seed_602873.log
122745,irt_only,GHEFT,0,0.0,0,0,1,1.8325,1.9367,3.7692,,,,,,,,,,,,,,,,,96.40771507702524,2.779,32,11,273,151,81,70,5.27335,0,ok,logs/seed_122745.log
484762,irt_only,GHEFT,0,0.0,0,0,1,1.8685,2.4817,4.3502,,,,,,,,,,,,,,,,,94.09962825597269,2.6795,32,9,262,150,84,66,4.501433,0,ok,logs/seed_484762.log
514215,irt_only,GHEFT,0,0.0,0,0,1,1.9853,2.118,4.1033,,,,,,,,,,,,,,,,,94.12462891634326,2.3945,33,9,281,138,88,50,4.590466,0,ok,logs/seed_514215.log
601161,irt_only,GHEFT,0,0.0,0,0,1,1.6136,1.9682,3.5818,,,,,,,,,,,,,,,,,112.06202791421843,2.5526,33,8,260,123,77,46,4.159667,0,ok,logs/seed_601161.log
78435,irt_only,GHEFT,0,0.0,0,0,1,1.6876,1.906,3.5936,,,,,,,,,,,,,,,,,97.8045992518881,2.2456,29,10,263,146,87,59,4.13057,0,ok,logs/seed_78435.log
480957,irt_only,GHEFT,0,0.0,0,0,1,1.8824,2.0203,3.9027,,,,,,,,,,,,,,,,,91.96164413099042,2.6169,26,9,254,132,76,56,4.198132,0,ok,logs/seed_480957.log
113260,irt_only,GHEFT,0,0.0,0,0,1,2.0537,2.4353,4.489,,,,,,,,,,,,,,,,,92.20385253473344,2.02,37,10,298,145,91,54,6.575257,0,ok,logs/seed_113260.log
846854,irt_only,GHEFT,0,0.0,0,0,1,1.7648,2.2405,4.0053,,,,,,,,,,,,,,,,,96.82586789995393,2.8132,25,8,236,126,77,49,4.102941,0,ok,logs/seed_846854.log
422970,irt_only,GHEFT,0,0.0,0,0,1,1.7747,2.463,4.2377,,,,,,,,,,,,,,,,,114.23857360686425,2.9432,30,10,257,151,87,64,4.886742,0,ok,logs/seed_422970.log
762973,irt_only,GHEFT,0,0.0,0,0,1,2.0796,1.9319,4.0115,,,,,,,,,,,,,,,,,98.55014213246436,2.3939,29,9,263,134,83,51,3.959984,0,ok,logs/seed_762973.log
303068,irt_only,GHEFT,0,0.0,0,0,1,2.1436,2.8997,5.0433,,,,,,,,,,,,,,,,,113.12702857142855,3.2181,29,9,286,164,92,72,5.452897,0,ok,logs/seed_303068.log
701483,irt_only,GHEFT,0,0.0,0,0,1,2.2172,2.7389,4.9561,,,,,,,,,,,,,,,,,109.9811928058564,3.5555,28,9,257,144,85,59,3.605475,0,ok,logs/seed_701483.log
193272,irt_only,GHEFT,0,0.0,0,0,1,1.8816,2.5284,4.41,,,,,,,,,,,,,,,,,120.04235688190059,2.6573,26,9,270,131,87,44,5.26308,0,ok,logs/seed_193272.log
609026,irt_only,GHEFT,0,0.0,0,0,1,1.7401,2.0957,3.8358,,,,,,,,,,,,,,,,,113.68615100434258,3.1264,33,12,269,155,88,67,5.651328,0,ok,logs/seed_609026.log
385324,irt_only,GHEFT,0,0.0,0,0,1,1.9812,2.6722,4.6534,,,,,,,,,,,,,,,,,106.62330035754167,3.3638,34,11,259,130,79,51,4.492452,0,ok,logs/seed_385324.log
586699,irt_only,GHEFT,0,0.0,0,0,1,1.8165,2.3866,4.2031,,,,,,,,,,,,,,,,,107.43999193178892,2.7976,27,9,246,152,82,70,4.343644,0,ok,logs/seed_586699.log
127154,irt_only,GHEFT,0,0.0,0,0,1,2.1126,2.5466,4.6592,,,,,,,,,,,,,,,,,103.59300094451002,3.7571,27,9,301,164,87,77,4.335153,0,ok,logs/seed_127154.log
140763,irt_only,GHEFT,0,0.0,0,0,1,1.8115,2.1516,3.9631,,,,,,,,,,,,,,,,,94.51470872797528,2.4973,31,10,262,138,77,61,4.158483,0,ok,logs/seed_140763.log
162375,irt_only,GHEFT,0,0.0,0,0,1,2.0497,2.6423,4.692,,,,,,,,,,,,,,,,,94.1312283902439,2.3279,28,9,246,125,70,55,4.072345,0,ok,logs/seed_162375.log
320372,irt_only,GHEFT,0,0.0,0,0,1,2.0809,3.0464,5.1273,,,,,,,,,,,,,,,,,112.57617885493234,3.069,28,8,277,140,80,60,4.051027,0,ok,logs/seed_320372.log
911752,irt_only,GHEFT,0,0.0,0,0,1,2.1824,2.402,4.5844,,,,,,,,,,,,,,,,,94.7990515094614,2.39,33,10,279,148,83,65,4.737283,0,ok,logs/seed_911752.log
185527,irt_only,GHEFT,0,0.0,0,0,1,1.9379,2.1339,4.0718,,,,,,,,,,,,,,,,,118.82610359254471,2.4566,28,9,271,149,89,60,4.813706,0,ok,logs/seed_185527.log
766339,irt_only,GHEFT,0,0.0,0,0,1,2.0706,2.382,4.4526,,,,,,,,,,,,,,,,,121.6019201611815,3.292,34,11,254,160,84,76,4.335291,0,ok,logs/seed_766339.log
911829,irt_only,GHEFT,0,0.0,0,0,1,1.8691,2.1891,4.0582,,,,,,,,,,,,,,,,,134.4270487755359,2.6599,30,9,275,153,90,63,5.60289,0,ok,logs/seed_911829.log
184906,irt_only,GHEFT,0,0.0,0,0,1,1.9953,2.3876,4.3829,,,,,,,,,,,,,,,,,100.31800889699161,2.3399,34,10,254,122,71,51,3.834106,0,ok,logs/seed_184906.log
189090,irt_only,GHEFT,0,0.0,0,0,1,1.9885,1.9522,3.9407,,,,,,,,,,,,,,,,,103.1000696156202,2.9101,29,10,266,142,88,54,4.379995,0,ok,logs/seed_189090.log
355619,irt_only,GHEFT,0,0.0,0,0,1,1.6529,2.1606,3.8135,,,,,,,,,,,,,,,,,103.1281591400107,2.2637,34,10,286,139,90,49,4.308613,0,ok,logs/seed_355619.log
440123,irt_only,GHEFT,0,0.0,0,0,1,1.7526,2.359,4.1116,,,,,,,,,,,,,,,,,122.55783172276821,2.6475,27,10,262,148,86,62,4.639827,0,ok,logs/seed_440123.log
65843,irt_only,GHEFT,0,0.0,0,0,1,2.0054,2.0371,4.0425,,,,,,,,,,,,,,,,,111.38389754601226,3.2326,32,8,246,140,81,59,3.255272,0,ok,logs/seed_65843.log
356002,irt_only,GHEFT,0,0.0,0,0,1,2.0846,2.1499,4.2345,,,,,,,,,,,,,,,,,81.91852890954581,2.1787,31,10,264,132,84,48,4.625396,0,ok,logs/seed_356002.log
546160,irt_only,GHEFT,0,0.0,0,0,1,2.0019,2.192,4.1939,,,,,,,,,,,,,,,,,97.79615846359583,1.7501,25,9,249,143,81,62,4.324461,0,ok,logs/seed_546160.log
466702,irt_only,GHEFT,0,0.0,0,0,1,1.5932,1.622,3.2152,,,,,,,,,,,,,,,,,92.02347114163985,2.5808,30,9,269,135,72,63,4.970443,0,ok,logs/seed_466702.log
108594,irt_only,GHEFT,0,0.0,0,0,1,1.7636,2.0615,3.8251,,,,,,,,,,,,,,,,,87.7147343333333,2.5508,38,11,288,142,78,64,4.850386,0,ok,logs/seed_108594.log
302326,irt_only,GHEFT,0,0.0,0,0,1,2.0063,2.2765,4.2828,,,,,,,,,,,,,,,,,96.28301723625557,2.3777,31,9,278,147,82,65,4.491551,0,ok,logs/seed_302326.log
830943,irt_only,GHEFT,0,0.0,0,0,1,2.0337,2.0631,4.0968,,,,,,,,,,,,,,,,,101.49044837207015,2.892,31,8,251,132,85,47,3.936569,0,ok,logs/seed_830943.log
774892,irt_only,GHEFT,0,0.0,0,0,1,1.8363,1.8973,3.7336,,,,,,,,,,,,,,,,,97.12544690990107,2.414,34,11,281,131,73,58,5.274332,0,ok,logs/seed_774892.log
317399,irt_only,GHEFT,0,0.0,0,0,1,1.9903,2.1443,4.1346,,,,,,,,,,,,,,,,,93.4057445999297,2.6148,24,10,249,133,80,53,4.101763,0,ok,logs/seed_317399.log
179499,irt_only,GHEFT,0,0.0,0,0,1,1.9311,2.0756,4.0067,,,,,,,,,,,,,,,,,97.30874999999999,2.4584,25,9,254,145,91,54,3.988297,0,ok,logs/seed_179499.log
551935,irt_only,GHEFT,0,0.0,0,0,1,2.1008,2.521,4.6218,,,,,,,,,,,,,,,,,106.95094498406111,2.1149,32,8,274,133,84,49,4.787743,0,ok,logs/seed_551935.log
751687,irt_only,GHEFT,0,0.0,0,0,1,1.7973,1.7012,3.4985,,,,,,,,,,,,,,,,,83.70482162090192,2.4229,34,10,249,125,71,54,4.192596,0,ok,logs/seed_751687.log
531148,irt_only,GHEFT,0,0.0,0,0,1,1.8384,2.0212,3.8596,,,,,,,,,,,,,,,,,100.14006617241377,2.1695,26,9,275,141,78,63,5.392256,0,ok,logs/seed_531148.log
594138,irt_only,GHEFT,0,0.0,0,0,1,2.0927,2.4133,4.506,,,,,,,,,,,,,,,,,105.45952655934195,3.064,24,8,240,138,75,63,3.989238,0,ok,logs/seed_594138.log
702028,irt_only,GHEFT,0,0.0,0,0,1,2.0222,2.2286,4.2508,,,,,,,,,,,,,,,,,108.91733352894481,2.8352,30,9,284,143,73,70,4.726379,0,ok,logs/seed_702028.log
492022,irt_only,GHEFT,0,0.0,0,0,1,1.7781,1.9488,3.7269,,,,,,,,,,,,,,,,,94.93996712328764,2.5132,37,10,289,145,88,57,4.328217,0,ok,logs/seed_492022.log
231332,irt_only,GHEFT,0,0.0,0,0,1,1.9779,2.1896,4.1675,,,,,,,,,,,,,,,,,100.56515742428462,2.8515,26,9,251,136,77,59,5.207423,0,ok,logs/seed_231332.log
147537,irt_only,GHEFT,0,0.0,0,0,1,2.0755,2.376,4.4515,,,,,,,,,,,,,,,,,111.39339187912807,2.4464,29,9,248,130,73,57,4.941874,0,ok,logs/seed_147537.log
109654,irt_only,GHEFT,0,0.0,0,0,1,1.7745,2.3446,4.1191,,,,,,,,,,,,,,,,,137.77537278427172,3.3788,29,10,258,148,85,63,5.770316,0,ok,logs/seed_109654.log
357820,irt_only,GHEFT,0,0.0,0,0,1,1.6308,2.1103,3.7411,,,,,,,,,,,,,,,,,85.5497482454323,2.9507,33,10,280,127,76,51,4.591884,0,ok,logs/seed_357820.log
813854,irt_only,GHEFT,0,0.0,0,0,1,1.8672,2.1173,3.9845,,,,,,,,,,,,,,,,,110.06055450179356,2.5866,26,9,233,112,72,40,4.670873,0,ok,logs/seed_813854.log
840701,irt_only,GHEFT,0,0.0,0,0,1,1.8165,2.3258,4.1423,,,,,,,,,,,,,,,,,126.27705851047047,2.9621,33,11,293,158,94,64,5.625636,0,ok,logs/seed_840701.log
528112,irt_only,GHEFT,0,0.0,0,0,1,2.0978,2.4026,4.5004,,,,,,,,,,,,,,,,,110.18308548945593,2.6484,26,9,226,117,75,42,4.324532,0,ok,logs/seed_528112.log
610245,irt_only,GHEFT,0,0.0,0,0,1,2.0486,2.4296,4.4782,,,,,,,,,,,,,,,,,108.62743787379652,2.9696,24,9,237,131,79,52,4.370373,0,ok,logs/seed_610245.log
540631,irt_only,GHEFT,0,0.0,0,0,1,1.9148,1.9791,3.8939,,,,,,,,,,,,,,,,,105.57359679375847,3.0951,23,8,238,140,78,62,5.205347,0,ok,logs/seed_540631.log
670354,irt_only,GHEFT,0,0.0,0,0,1,1.9364,2.2417,4.1781,,,,,,,,,,,,,,,,,104.36610530190985,2.6632,29,8,276,134,83,51,4.364256,0,ok,logs/seed_670354.log
416284,irt_only,GHEFT,0,0.0,0,0,1,1.9783,2.405,4.3833,,,,,,,,,,,,,,,,,101.5567818318353,2.9958,33,11,277,170,94,76,4.793995,0,ok,logs/seed_416284.log
853922,irt_only,GHEFT,0,0.0,0,0,1,2.048,2.8787,4.9267,,,,,,,,,,,,,,,,,109.96873241330502,2.654,25,8,254,121,70,51,4.352524,0,ok,logs/seed_853922.log
703771,irt_only,GHEFT,0,0.0,0,0,1,1.9999,2.6735,4.6734,,,,,,,,,,,,,,,,,93.27364007220217,2.5683,25,8,247,130,70,60,4.259703,0,ok,logs/seed_703771.log
131782,irt_only,GHEFT,0,0.0,0,0,1,1.9659,2.3033,4.2692,,,,,,,,,,,,,,,,,112.49431757093423,3.5544,26,9,239,110,69,41,4.280552,0,ok,logs/seed_131782.log
793335,irt_only,GHEFT,0,0.0,0,0,1,2.0011,2.6188,4.6199,,,,,,,,,,,,,,,,,105.10693289112481,2.9806,21,8,222,123,76,47,4.585819,0,ok,logs/seed_793335.log
829835,irt_only,GHEFT,0,0.0,0,0,1,1.7086,1.9155,3.6241,,,,,,,,,,,,,,,,,90.511207247191,2.5297,31,10,257,131,80,51,6.121115,0,ok,logs/seed_829835.log
517538,irt_only,GHEFT,0,0.0,0,0,1,2.0401,2.1563,4.1964,,,,,,,,,,,,,,,,,95.56283580662983,2.4532,29,9,277,122,74,48,5.354186,0,ok,logs/seed_517538.log
432977,irt_only,GHEFT,0,0.0,0,0,1,1.9394,2.2042,4.1436,,,,,,,,,,,,,,,,,95.30984158446121,2.122,27,9,277,136,80,56,4.793017,0,ok,logs/seed_432977.log
202788,irt_only,GHEFT,0,0.0,0,0,1,1.9974,2.1712,4.1686,,,,,,,,,,,,,,,,,95.98766555786737,2.483,28,9,246,120,75,45,4.755798,0,ok,logs/seed_202788.log
455331,irt_only,GHEFT,0,0.0,0,0,1,2.0478,2.2044,4.2522,,,,,,,,,,,,,,,,,101.98692434393983,2.6979,25,9,244,151,88,63,3.893167,0,ok,logs/seed_455331.log
795054,irt_only,GHEFT,0,0.0,0,0,1,2.0406,2.2314,4.272,,,,,,,,,,,,,,,,,108.617803,3.3613,26,8,248,137,80,57,3.585169,0,ok,logs/seed_795054.log
612732,irt_only,GHEFT,0,0.0,0,0,1,1.9673,1.9214,3.8887,,,,,,,,,,,,,,,,,94.73471993363847,3.0285,26,9,244,126,77,49,4.366983,0,ok,logs/seed_612732.log
753523,irt_only,GHEFT,0,0.0,0,0,1,1.8519,2.3263,4.1782,,,,,,,,,,,,,,,,,108.44255807236581,2.8002,28,8,250,121,73,48,3.880042,0,ok,logs/seed_753523.log
239744,irt_only,GHEFT,0,0.0,0,0,1,1.9149,2.3609,4.2758,,,,,,,,,,,,,,,,,122.12579777296435,2.8375,28,10,270,153,86,67,4.616672,0,ok,logs/seed_239744.log
838648,irt_only,GHEFT,0,0.0,0,0,1,2.0148,2.2093,4.2241,,,,,,,,,,,,,,,,,102.15382703701341,2.5715,27,9,265,142,83,59,4.2715,0,ok,logs/seed_838648.log
115403,irt_only,GHEFT,0,0.0,0,0,1,1.7041,1.8349,3.539,,,,,,,,,,,,,,,,,95.53176983069363,2.2649,33,11,276,155,85,70,4.315211,0,ok,logs/seed_115403.log
712189,irt_only,GHEFT,0,0.0,0,0,1,2.0745,2.6863,4.7608,,,,,,,,,,,,,,,,,110.45961751081411,3.2989,33,10,274,152,91,61,4.747996,0,ok,logs/seed_712189.log
873143,irt_only,GHEFT,0,0.0,0,0,1,1.828,1.9885,3.8165,,,,,,,,,,,,,,,,,81.13724136775033,2.8732,33,10,263,123,73,50,4.167293,0,ok,logs/seed_873143.log
877233,irt_only,GHEFT,0,0.0,0,0,1,1.8092,1.7915,3.6007,,,,,,,,,,,,,,,,,89.06819212087545,2.4409,31,11,274,150,91,59,5.321055,0,ok,logs/seed_877233.log
663658,irt_only,GHEFT,0,0.0,0,0,1,2.042,2.6507,4.6927,,,,,,,,,,,,,,,,,112.81157615842838,2.9703,22,8,255,132,78,54,3.965877,0,ok,logs/seed_663658.log
656054,irt_only,GHEFT,0,0.0,0,0,1,1.8286,1.6793,3.5079,,,,,,,,,,,,,,,,,80.63854090074962,2.2978,31,10,290,142,86,56,5.800786,0,ok,logs/seed_656054.log
464471,irt_only,GHEFT,0,0.0,0,0,1,1.9212,2.3915,4.3127,,,,,,,,,,,,,,,,,107.37891200936626,3.0255,31,11,253,142,82,60,4.894155,0,ok,logs/seed_464471.log
586510,irt_only,GHEFT,0,0.0,0,0,1,1.8906,2.4212,4.3118,,,,,,,,,,,,,,,,,90.79067985921293,2.802,25,8,238,137,83,54,5.117892,0,ok,logs/seed_586510.log
50264,irt_only,GHEFT,0,0.0,0,0,1,1.9009,2.2223,4.1232,,,,,,,,,,,,,,,,,90.06061293640454,2.6055,28,9,262,126,82,44,4.309685,0,ok,logs/seed_50264.log
719048,irt_only,GHEFT,0,0.0,0,0,1,2.048,2.6273,4.6753,,,,,,,,,,,,,,,,,115.38739190095845,3.1131,38,11,291,171,91,80,5.396012,0,ok,logs/seed_719048.log
677021,irt_only,GHEFT,0,0.0,0,0,1,1.8777,2.4319,4.3096,,,,,,,,,,,,,,,,,121.91825962068965,3.3761,23,9,236,146,79,67,4.198596,0,ok,logs/seed_677021.log
861718,irt_only,GHEFT,0,0.0,0,0,1,2.1333,2.6,4.7333,,,,,,,,,,,,,,,,,106.9120000062161,3.6153,29,9,252,142,81,61,4.888839,0,ok,logs/seed_861718.log
495401,irt_only,GHEFT,0,0.0,0,0,1,1.9218,1.8717,3.7935,,,,,,,,,,,,,,,,,89.42539539506413,2.5885,32,10,269,135,84,51,5.529419,0,ok,logs/seed_495401.log
209510,irt_only,GHEFT,0,0.0,0,0,1,1.9313,2.1081,4.0394,,,,,,,,,,,,,,,,,119.216798443686,2.7888,25,9,236,133,82,51,3.931373,0,ok,logs/seed_209510.log
743312,irt_only,GHEFT,0,0.0,0,0,1,2.0164,2.535,4.5514,,,,,,,,,,,,,,,,,98.64139596333607,3.21,25,9,235,141,73,68,4.186046,0,ok,logs/seed_743312.log
212694,irt_only,GHEFT,0,0.0,0,0,1,1.8147,2.3318,4.1465,,,,,,,,,,,,,,,,,110.91573294886778,3.6897,29,10,281,115,68,47,4.603402,0,ok,logs/seed_212694.log
224701,irt_only,GHEFT,0,0.0,0,0,1,1.8689,2.0771,3.946,,,,,,,,,,,,,,,,,107.81642620064206,2.4773,23,8,264,142,87,55,3.744009,0,ok,logs/seed_224701.log
861434,irt_only,GHEFT,0,0.0,0,0,1,1.9774,2.3897,4.3671,,,,,,,,,,,,,,,,,95.6609569029171,2.662,26,9,226,137,81,56,4.829661,0,ok,logs/seed_861434.log
844102,irt_only,GHEFT,0,0.0,0,0,1,1.7615,2.124,3.8855,,,,,,,,,,,,,,,,,121.45162768703415,2.7559,23,9,242,139,88,51,4.114252,0,ok,logs/seed_844102.log
722064,irt_only,GHEFT,0,0.0,0,0,1,1.7897,2.0983,3.888,,,,,,,,,,,,,,,,,88.30058692265735,2.6941,32,9,267,138,89,49,4.904884,0,ok,logs/seed_722064.log
549862,irt_only,GHEFT,0,0.0,0,0,1,2.1073,2.1469,4.2542,,,,,,,,,,,,,,,,,91.70617437037035,2.5387,25,8,228,137,75,62,3.986311,0,ok,logs/seed_549862.log
2010,irt_only,GHEFT,0,0.0,0,0,1,2.0122,1.8799,3.8921,,,,,,,,,,,,,,,,,84.56197230695675,2.0407,29,10,272,141,79,62,4.801528,0,ok,logs/seed_2010.log
796027,irt_only,GHEFT,0,0.0,0,0,1,1.8769,1.9259,3.8028,,,,,,,,,,,,,,,,,96.84525514417616,2.6062,34,9,258,144,91,53,4.207615,0,ok,logs/seed_796027.log
401997,irt_only,GHEFT,0,0.0,0,0,1,1.6744,1.952,3.6264,,,,,,,,,,,,,,,,,104.33153257894737,2.7459,32,10,283,170,103,67,5.121357,0,ok,logs/seed_401997.log
35721,irt_only,GHEFT,0,0.0,0,0,1,2.2293,2.2196,4.4489,,,,,,,,,,,,,,,,,92.12046879418516,2.5736,30,8,260,133,85,48,4.441076,0,ok,logs/seed_35721.log
724068,irt_only,GHEFT,0,0.0,0,0,1,1.9445,2.347,4.2915,,,,,,,,,,,,,,,,,94.94010971506351,2.384,24,8,273,140,87,53,5.010792,0,ok,logs/seed_724068.log
800182,irt_only,GHEFT,0,0.0,0,0,1,1.7246,2.1882,3.9128,,,,,,,,,,,,,,,,,108.2012846734694,2.8457,29,8,272,134,78,56,4.470853,0,ok,logs/seed_800182.log
937614,irt_only,GHEFT,0,0.0,0,0,1,1.698,2.3235,4.0215,,,,,,,,,,,,,,,,,112.7014105960699,2.9761,32,9,266,154,81,73,4.252769,0,ok,logs/seed_937614.log
722394,irt_only,GHEFT,0,0.0,0,0,1,1.8166,2.6006,4.4172,,,,,,,,,,,,,,,,,135.50531324651692,3.5842,26,9,255,144,85,59,3.902407,0,ok,logs/seed_722394.log
509760,irt_only,GHEFT,0,0.0,0,0,1,1.8923,2.2331,4.1254,,,,,,,,,,,,,,,,,118.69099740017788,2.8116,26,8,241,108,66,42,5.033898,0,ok,logs/seed_509760.log
70327,irt_only,GHEFT,0,0.0,0,0,1,1.813,2.0046,3.8176,,,,,,,,,,,,,,,,,101.38994219653182,2.3275,31,8,263,144,84,60,4.256121,0,ok,logs/seed_70327.log
750147,irt_only,GHEFT,0,0.0,0,0,1,2.3326,2.539,4.8716,,,,,,,,,,,,,,,,,121.85934440682519,2.934,29,10,254,139,80,59,4.600602,0,ok,logs/seed_750147.log
460446,irt_only,GHEFT,0,0.0,0,0,1,1.9866,2.5034,4.49,,,,,,,,,,,,,,,,,103.25177365636239,2.008,27,9,266,151,88,63,4.355166,0,ok,logs/seed_460446.log
748846,irt_only,GHEFT,0,0.0,0,0,1,1.8249,2.3877,4.2126,,,,,,,,,,,,,,,,,128.49257456501942,4.0854,25,9,242,131,80,51,4.098093,0,ok,logs/seed_748846.log
610796,irt_only,GHEFT,0,0.0,0,0,1,1.8508,2.2767,4.1275,,,,,,,,,,,,,,,,,111.91890550731843,2.3498,36,11,285,168,85,83,5.419945,0,ok,logs/seed_610796.log
372755,irt_only,GHEFT,0,0.0,0,0,1,2.0648,2.414,4.4788,,,,,,,,,,,,,,,,,104.29954236123183,3.2454,30,11,267,160,78,82,5.197475,0,ok,logs/seed_372755.log
324404,irt_only,GHEFT,0,0.0,0,0,1,1.9049,2.0137,3.9186,,,,,,,,,,,,,,,,,85.20782744316254,2.8446,28,10,252,122,74,48,4.511466,0,ok,logs/seed_324404.log
138451,irt_only,GHEFT,0,0.0,0,0,1,1.9294,2.4285,4.3579,,,,,,,,,,,,,,,,,95.88849204611166,2.089,33,10,258,148,85,63,5.040921,0,ok,logs/seed_138451.log
117059,irt_only,GHEFT,0,0.0,0,0,1,1.9642,2.3349,4.2991,,,,,,,,,,,,,,,,,88.85401963215006,2.7767,32,10,271,150,88,62,4.687443,0,ok,logs/seed_117059.log
976782,irt_only,GHEFT,0,0.0,0,0,1,1.8515,2.1702,4.0217,,,,,,,,,,,,,,,,,116.53794429905359,2.6094,30,8,260,125,76,49,4.14414,0,ok,logs/seed_976782.log
574644,irt_only,GHEFT,0,0.0,0,0,1,2.1233,2.5537,4.677,,,,,,,,,,,,,,,,,98.25609440397352,1.9719,29,11,265,134,82,52,4.131098,0,ok,logs/seed_574644.log
435308,irt_only,GHEFT,0,0.0,0,0,1,2.0966,2.2232,4.3198,,,,,,,,,,,,,,,,,101.79485734715682,2.3401,29,10,280,161,94,67,4.277766,0,ok,logs/seed_435308.log
635612,irt_only,GHEFT,0,0.0,0,0,1,1.8206,1.9562,3.7768,,,,,,,,,,,,,,,,,96.82717509369932,2.4077,27,10,277,169,99,70,5.043853,0,ok,logs/seed_635612.log
289817,irt_only,GHEFT,0,0.0,0,0,1,1.793,2.0941,3.8871,,,,,,,,,,,,,,,,,102.2400949894388,2.9827,31,11,282,159,93,66,4.996188,0,ok,logs/seed_289817.log
639065,irt_only,GHEFT,0,0.0,0,0,1,2.1763,2.4537,4.63,,,,,,,,,,,,,,,,,98.27785543313556,2.4982,26,9,264,128,79,49,4.940872,0,ok,logs/seed_639065.log
650943,irt_only,GHEFT,0,0.0,0,0,1,1.9256,1.9192,3.8448,,,,,,,,,,,,,,,,,88.77114936173001,2.299,32,10,304,165,95,70,6.232109,0,ok,logs/seed_650943.log
110055,irt_only,GHEFT,0,0.0,0,0,1,1.6571,1.7633,3.4204,,,,,,,,,,,,,,,,,104.93093434276672,2.7172,27,10,270,148,91,57,5.264474,0,ok,logs/seed_110055.log
117791,irt_only,GHEFT,0,0.0,0,0,1,2.0651,2.2594,4.3245,,,,,,,,,,,,,,,,,94.35594055944055,2.6189,32,8,267,138,81,57,4.874654,0,ok,logs/seed_117791.log
124685,irt_only,GHEFT,0,0.0,0,0,1,1.8281,2.0604,3.8885,,,,,,,,,,,,,,,,,116.57593228023995,2.9688,36,10,260,133,86,47,4.547429,0,ok,logs/seed_124685.log
997328,irt_only,GHEFT,0,0.0,0,0,1,1.7729,2.0146,3.7875,,,,,,,,,,,,,,,,,87.87127604949673,2.53,29,8,287,129,80,49,4.597165,0,ok,logs/seed_997328.log
655714,irt_only,GHEFT,0,0.0,0,0,1,2.0388,2.4358,4.4746,,,,,,,,,,,,,,,,,104.36883769756248,2.9481,24,8,271,147,86,61,4.470465,0,ok,logs/seed_655714.log
512136,irt_only,GHEFT,0,0.0,0,0,1,1.9341,2.028,3.9621,,,,,,,,,,,,,,,,,96.83033655710574,2.499,29,9,270,136,85,51,3.49139,0,ok,logs/seed_512136.log
695034,irt_only,GHEFT,0,0.0,0,0,1,1.8722,2.1211,3.9933,,,,,,,,,,,,,,,,,105.83473372574848,2.4955,29,10,253,123,73,50,4.485969,0,ok,logs/seed_695034.log
539246,irt_only,GHEFT,0,0.0,0,0,1,1.7002,2.414,4.1142,,,,,,,,,,,,,,,,,139.05612770349913,3.889,25,9,254,125,72,53,4.494357,0,ok,logs/seed_539246.log
354388,irt_only,GHEFT,0,0.0,0,0,1,1.9873,2.1536,4.1409,,,,,,,,,,,,,,,,,112.63551218292291,2.8728,36,10,295,156,89,67,4.582435,0,ok,logs/seed_354388.log
282392,irt_only,GHEFT,0,0.0,0,0,1,1.8597,2.4866,4.3463,,,,,,,,,,,,,,,,,139.32756507320997,3.9602,24,10,227,146,86,60,4.559129,0,ok,logs/seed_282392.log
465345,irt_only,GHEFT,0,0.0,0,0,1,2.0209,2.5536,4.5745,,,,,,,,,,,,,,,,,109.92776608425717,3.1571,33,9,270,130,79,51,4.784698,0,ok,logs/seed_465345.log
276209,irt_only,GHEFT,0,0.0,0,0,1,1.8532,1.8933,3.7465,,,,,,,,,,,,,,,,,91.36455350963723,2.3476,31,10,241,141,88,53,4.623552,0,ok,logs/seed_276209.log
48268,irt_only,GHEFT,0,0.0,0,0,1,1.9855,2.5266,4.5121,,,,,,,,,,,,,,,,,99.29896187467362,2.4436,32,10,267,150,83,67,5.289118,0,ok,logs/seed_48268.log
312904,irt_only,GHEFT,0,0.0,0,0,1,2.2072,2.6094,4.8166,,,,,,,,,,,,,,,,,88.6948531627907,2.2922,29,8,262,139,77,62,5.059288,0,ok,logs/seed_312904.log
95163,irt_only,GHEFT,0,0.0,0,0,1,2.0817,3.0338,5.1155,,,,,,,,,,,,,,,,,119.11190526184744,3.197,27,9,283,152,83,69,5.988617,0,ok,logs/seed_95163.log
739903,irt_only,GHEFT,0,0.0,0,0,1,1.8781,2.3578,4.2359,,,,,,,,,,,,,,,,,120.32409082387477,3.4317,30,10,247,130,85,45,4.198905,0,ok,logs/seed_739903.log
527611,irt_only,GHEFT,0,0.0,0,0,1,1.7706,1.8988,3.6694,,,,,,,,,,,,,,,,,84.38146928074227,2.3751,29,11,268,154,86,68,5.642908,0,ok,logs/seed_527611.log
591781,irt_only,GHEFT,0,0.0,0,0,1,2.0642,2.3063,4.3705,,,,,,,,,,,,,,,,,88.12550009798117,2.16,27,10,257,148,84,64,4.996461,0,ok,logs/seed_591781.log
10602,irt_only,GHEFT,0,0.0,0,0,1,1.9253,2.3285,4.2538,,,,,,,,,,,,,,,,,110.34761528571427,3.4149,26,9,244,129,83,46,4.778853,0,ok,logs/seed_10602.log
91728,irt_only,GHEFT,0,0.0,0,0,1,2.1851,2.0374,4.2225,,,,,,,,,,,,,,,,,95.29012539512289,2.523,28,10,262,149,86,63,5.186589,0,ok,logs/seed_91728.log
777150,irt_only,GHEFT,0,0.0,0,0,1,1.902,2.1259,4.0279,,,,,,,,,,,,,,,,,86.08799390875414,2.3454,35,10,262,155,83,72,4.696903,0,ok,logs/seed_777150.log
761499,irt_only,GHEFT,0,0.0,0,0,1,1.8721,2.0555,3.9276,,,,,,,,,,,,,,,,,86.35255914465664,2.0737,30,10,265,140,87,53,5.343505,0,ok,logs/seed_761499.log
453482,irt_only,GHEFT,0,0.0,0,0,1,1.9746,2.5775,4.5521,,,,,,,,,,,,,,,,,107.07923695234024,3.2319,27,9,240,127,83,44,3.850071,0,ok,logs/seed_453482.log
562121,irt_only,GHEFT,0,0.0,0,0,1,1.8416,2.0565,3.8981,,,,,,,,,,,,,,,,,94.7320250538358,2.5351,32,11,243,141,86,55,4.352816,0,ok,logs/seed_562121.log
770979,irt_only,GHEFT,0,0.0,0,0,1,1.7638,2.1505,3.9143,,,,,,,,,,,,,,,,,113.0592574427264,2.8463,23,10,252,156,93,63,3.815817,0,ok,logs/seed_770979.log
703949,irt_only,GHEFT,0,0.0,0,0,1,1.8781,2.3666,4.2447,,,,,,,,,,,,,,,,,100.45648558619575,2.6068,29,11,251,144,88,56,4.143513,0,ok,logs/seed_703949.log
314686,irt_only,GHEFT,0,0.0,0,0,1,1.8427,1.6883,3.531,,,,,,,,,,,,,,,,,120.36474067796613,2.6176,33,9,266,158,94,64,4.59642,0,ok,logs/seed_314686.log
475760,irt_only,GHEFT,0,0.0,0,0,1,1.9238,2.5584,4.4822,,,,,,,,,,,,,,,,,110.5797546753628,3.1292,26,8,279,151,86,65,5.681775,0,ok,logs/seed_475760.log
595079,irt_only,GHEFT,0,0.0,0,0,1,2.0229,2.2313,4.2542,,,,,,,,,,,,,,,,,97.83552031691656,2.93,26,8,248,155,86,69,3.346851,0,ok,logs/seed_595079.log
27243,irt_only,GHEFT,0,0.0,0,0,1,1.8237,2.2214,4.0451,,,,,,,,,,,,,,,,,103.15782556260095,2.5323,34,10,267,145,75,70,4.563514,0,ok,logs/seed_27243.log
143022,irt_only,GHEFT,0,0.0,0,0,1,1.9996,2.898,4.8976,,,,,,,,,,,,,,,,,100.69107997885973,2.2335,31,11,259,139,79,60,4.32836,0,ok,logs/seed_143022.log
958432,irt_only,GHEFT,0,0.0,0,0,1,1.8434,2.0163,3.8597,,,,,,,,,,,,,,,,,102.57597438016526,2.1914,28,9,259,138,76,62,3.945982,0,ok,logs/seed_958432.log
799339,irt_only,GHEFT,0,0.0,0,0,1,2.1065,2.55,4.6565,,,,,,,,,,,,,,,,,107.07921575841169,3.0879,30,10,258,138,77,61,4.400981,0,ok,logs/seed_799339.log
953842,irt_only,GHEFT,0,0.0,0,0,1,1.8513,2.2175,4.0688,,,,,,,,,,,,,,,,,111.41307029134443,2.997,28,10,246,130,74,56,4.29068,0,ok,logs/seed_953842.log
937400,irt_only,GHEFT,0,0.0,0,0,1,2.0402,2.201,4.2412,,,,,,,,,,,,,,,,,93.14751207593268,2.6108,37,10,279,127,79,48,4.465454,0,ok,logs/seed_937400.log
919932,irt_only,GHEFT,0,0.0,0,0,1,1.8649,2.4672,4.3321,,,,,,,,,,,,,,,,,98.63725511809629,2.8455,26,8,255,155,82,73,4.618808,0,ok,logs/seed_919932.log
786261,irt_only,GHEFT,0,0.0,0,0,1,1.8205,2.8087,4.6292,,,,,,,,,,,,,,,,,112.81651399026174,2.8075,26,9,257,153,91,62,4.600034,0,ok,logs/seed_786261.log
266747,irt_only,GHEFT,0,0.0,0,0,1,1.8505,2.0407,3.8912,,,,,,,,,,,,,,,,,98.2727242922173,3.0949,33,11,257,146,79,67,5.248647,0,ok,logs/seed_266747.log
394465,irt_only,GHEFT,0,0.0,0,0,1,1.6973,2.3195,4.0168,,,,,,,,,,,,,,,,,107.69918726567298,2.6544,38,10,290,160,87,73,5.10955,0,ok,logs/seed_394465.log
725987,irt_only,GHEFT,0,0.0,0,0,1,1.7835,1.8912,3.6747,,,,,,,,,,,,,,,,,91.8104417096774,1.6634,31,10,273,157,92,65,5.69536,0,ok,logs/seed_725987.log
224478,irt_only,GHEFT,0,0.0,0,0,1,1.7052,2.2042,3.9094,,,,,,,,,,,,,,,,,137.51030340136055,2.8363,23,8,264,126,77,49,5.043224,0,ok,logs/seed_224478.log
408636,irt_only,GHEFT,0,0.0,0,0,1,1.8795,2.1578,4.0373,,,,,,,,,,,,,,,,,106.85908907905686,2.7729,28,9,273,144,89,55,4.690363,0,ok,logs/seed_408636.log
617269,irt_only,GHEFT,0,0.0,0,0,1,2.1321,2.0884,4.2205,,,,,,,,,,,,,,,,,77.75486660306359,2.2516,33,11,273,122,73,49,4.096819,0,ok,logs/seed_617269.log
650122,irt_only,GHEFT,0,0.0,0,0,1,1.8928,1.741,3.6338,,,,,,,,,,,,,,,,,80.3566921033788,2.1228,32,11,250,142,85,57,4.602912,0,ok,logs/seed_650122.log
522983,irt_only,GHEFT,0,0.0,0,0,1,2.0335,2.7644,4.7979,,,,,,,,,,,,,,,,,123.45854378073804,2.773,33,9,283,128,79,49,4.595402,0,ok,logs/seed_522983.log
239950,irt_only,GHEFT,0,0.0,0,0,1,1.7526,2.324,4.0766,,,,,,,,,,,,,,,,,104.63718769489658,2.8618,28,9,238,145,86,59,3.973853,0,ok,logs/seed_239950.log
258973,irt_only,GHEFT,0,0.0,0,0,1,1.5604,1.7037,3.2641,,,,,,,,,,,,,,,,,113.31741385221676,2.1318,29,8,272,139,90,49,4.633166,0,ok,logs/seed_258973.log
824466,irt_only,GHEFT,0,0.0,0,0,1,1.9272,2.2495,4.1767,,,,,,,,,,,,,,,,,96.06155818960683,3.0223,27,9,245,131,75,56,3.782518,0,ok,logs/seed_824466.log
682056,irt_only,GHEFT,0,0.0,0,0,1,1.7465,2.531,4.2775,,,,,,,,,,,,,,,,,112.44049707843136,2.1873,27,10,265,139,78,61,4.785945,0,ok,logs/seed_682056.log
431617,irt_only,GHEFT,0,0.0,0,0,1,1.8531,1.896,3.7491,,,,,,,,,,,,,,,,,100.84564781628906,1.9275,30,9,277,142,90,52,4.786144,0,ok,logs/seed_431617.log
777731,irt_only,GHEFT,0,0.0,0,0,1,1.918,2.641,4.559,,,,,,,,,,,,,,,,,94.49090265798222,2.8286,30,9,283,150,81,69,4.960878,0,ok,logs/seed_777731.log
65523,irt_only,GHEFT,0,0.0,0,0,1,2.0358,2.0887,4.1245,,,,,,,,,,,,,,,,,107.6107236803301,3.1642,29,10,250,140,85,55,4.307503,0,ok,logs/seed_65523.log
226267,irt_only,GHEFT,0,0.0,0,0,1,1.7906,2.2475,4.0381,,,,,,,,,,,,,,,,,97.37700131617576,2.2858,32,10,271,139,80,59,6.30919,0,ok,logs/seed_226267.log
20773,irt_only,GHEFT,0,0.0,0,0,1,1.906,1.8936,3.7996,,,,,,,,,,,,,,,,,83.67843935688089,1.9758,30,10,268,152,84,68,5.101759,0,ok,logs/seed_20773.log
75919,irt_only,GHEFT,0,0.0,0,0,1,1.6258,2.3737,3.9995,,,,,,,,,,,,,,,,,96.48217565427406,2.3014,33,10,301,160,95,65,5.218096,0,ok,logs/seed_75919.log
796262,irt_only,GHEFT,0,0.0,0,0,1,1.7516,2.3636,4.1152,,,,,,,,,,,,,,,,,125.79296199440078,2.9051,29,10,267,147,83,64,4.710592,0,ok,logs/seed_796262.log
557554,irt_only,GHEFT,0,0.0,0,0,1,2.0864,2.4385,4.5249,,,,,,,,,,,,,,,,,97.8249902393321,2.7053,30,9,282,158,85,73,4.850778,0,ok,logs/seed_557554.log
818564,irt_only,GHEFT,0,0.0,0,0,1,1.9091,2.1966,4.1057,,,,,,,,,,,,,,,,,101.19764054790771,2.4299,27,8,251,110,69,41,5.320199,0,ok,logs/seed_818564.log
5641,irt_only,GHEFT,0,0.0,0,0,1,1.9185,1.9392,3.8577,,,,,,,,,,,,,,,,,78.90052261785287,2.1631,31,10,272,138,84,54,5.023147,0,ok,logs/seed_5641.log
80721,irt_only,GHEFT,0,0.0,0,0,1,1.9679,2.4555,4.4234,,,,,,,,,,,,,,,,,123.63481824879618,2.395,35,10,280,155,85,70,5.893897,0,ok,logs/seed_80721.log
14714,irt_only,GHEFT,0,0.0,0,0,1,1.829,2.1016,3.9306,,,,,,,,,,,,,,,,,99.80174641057287,2.0083,27,9,280,137,73,64,5.276787,0,ok,logs/seed_14714.log
965327,irt_only,GHEFT,0,0.0,0,0,1,1.9337,2.5515,4.4852,,,,,,,,,,,,,,,,,103.89213078489117,2.6695,30,10,254,143,85,58,3.997963,0,ok,logs/seed_965327.log
460722,irt_only,GHEFT,0,0.0,0,0,1,1.8746,2.104,3.9786,,,,,,,,,,,,,,,,,106.0541487422941,2.9193,34,10,273,155,88,67,4.916385,0,ok,logs/seed_460722.log
724036,irt_only,GHEFT,0,0.0,0,0,1,1.8465,2.0678,3.9143,,,,,,,,,,,,,,,,,133.43990577066936,2.3952,29,9,228,139,80,59,4.257793,0,ok,logs/seed_724036.log
901968,irt_only,GHEFT,0,0.0,0,0,1,2.0355,2.2416,4.2771,,,,,,,,,,,,,,,,,94.07560877361874,2.8116,31,11,261,130,77,53,4.789021,0,ok,logs/seed_901968.log
287728,irt_only,GHEFT,0,0.0,0,0,1,2.0199,2.2152,4.2351,,,,,,,,,,,,,,,,,92.45466529135516,2.5561,28,10,253,130,78,52,5.383619,0,ok,logs/seed_287728.log
747287,irt_only,GHEFT,0,0.0,0,0,1,1.9687,2.3766,4.3453,,,,,,,,,,,,,,,,,94.03466365919937,2.8198,31,10,283,134,74,60,4.429361,0,ok,logs/seed_747287.log
867108,irt_only,GHEFT,0,0.0,0,0,1,1.9041,2.3978,4.3019,,,,,,,,,,,,,,,,,120.10200889526543,3.3809,29,9,253,143,84,59,4.927781,0,ok,logs/seed_867108.log
196697,irt_only,GHEFT,0,0.0,0,0,1,1.9686,2.6834,4.652,,,,,,,,,,,,,,,,,99.32575781200009,2.4661,24,8,250,131,76,55,3.945201,0,ok,logs/seed_196697.log
635464,irt_only,GHEFT,0,0.0,0,0,1,1.8292,2.5458,4.375,,,,,,,,,,,,,,,,,128.14526653369717,2.4243,30,9,280,143,78,65,4.786088,0,ok,logs/seed_635464.log
389228,irt_only,GHEFT,0,0.0,0,0,1,1.9711,2.1684,4.1395,,,,,,,,,,,,,,,,,118.40598427274226,2.4557,27,9,250,148,80,68,3.790405,0,ok,logs/seed_389228.log
813617,irt_only,GHEFT,0,0.0,0,0,1,1.9265,2.3176,4.2441,,,,,,,,,,,,,,,,,111.99666169371173,3.013,29,10,243,117,75,42,4.153244,0,ok,logs/seed_813617.log
232555,irt_only,GHEFT,0,0.0,0,0,1,1.8145,2.4496,4.2641,,,,,,,,,,,,,,,,,113.74299438233228,2.4912,29,10,282,163,95,68,5.302073,0,ok,logs/seed_232555.log
932496,irt_only,GHEFT,0,0.0,0,0,1,1.974,2.8187,4.7927,,,,,,,,,,,,,,,,,98.41879285434005,2.4637,32,9,275,171,90,81,5.070867,0,ok,logs/seed_932496.log
544493,irt_only,GHEFT,0,0.0,0,0,1,2.1942,2.6759,4.8701,,,,,,,,,,,,,,,,,102.70443311392405,2.1103,26,9,260,132,82,50,5.228448,0,ok,logs/seed_544493.log
174431,irt_only,GHEFT,0,0.0,0,0,1,2.0938,2.5041,4.5979,,,,,,,,,,,,,,,,,115.004050899812,3.2158,28,10,233,139,82,57,4.752141,0,ok,logs/seed_174431.log
715533,irt_only,GHEFT,0,0.0,0,0,1,1.8631,2.04,3.9031,,,,,,,,,,,,,,,,,86.23318085405651,2.1622,31,11,283,171,85,86,5.137237,0,ok,logs/seed_715533.log
710115,irt_only,GHEFT,0,0.0,0,0,1,1.7906,2.2425,4.0331,,,,,,,,,,,,,,,,,101.68147485191534,1.9263,28,8,250,137,84,53,5.219152,0,ok,logs/seed_710115.log
69527,irt_only,GHEFT,0,0.0,0,0,1,2.0072,2.4398,4.447,,,,,,,,,,,,,,,,,91.89072041046745,2.5366,36,10,277,143,78,65,6.840222,0,ok,logs/seed_69527.log
584456,irt_only,GHEFT,0,0.0,0,0,1,1.9668,2.1214,4.0882,,,,,,,,,,,,,,,,,100.49487024793387,2.7907,26,8,256,124,77,47,5.083472,0,ok,logs/seed_584456.log
678197,irt_only,GHEFT,0,0.0,0,0,1,1.8143,2.2284,4.0427,,,,,,,,,,,,,,,,,102.2005662777778,2.6701,30,9,263,155,89,66,4.382502,0,ok,logs/seed_678197.log
871381,irt_only,GHEFT,0,0.0,0,0,1,1.8877,2.0517,3.9394,,,,,,,,,,,,,,,,,93.40955295070613,2.5545,31,9,266,148,80,68,4.140814,0,ok,logs/seed_871381.log
855755,irt_only,GHEFT,0,0.0,0,0,1,1.9301,2.647,4.5771,,,,,,,,,,,,,,,,,100.0933789800115,2.5734,31,10,259,125,73,52,5.493503,0,ok,logs/seed_855755.log
137836,irt_only,GHEFT,0,0.0,0,0,1,1.851,2.2348,4.0858,,,,,,,,,,,,,,,,,109.94441216356272,2.9945,31,11,267,156,81,75,4.609675,0,ok,logs/seed_137836.log
560927,irt_only,GHEFT,0,0.0,0,0,1,1.6577,2.2735,3.9312,,,,,,,,,,,,,,,,,138.34117533326125,3.383,27,9,265,132,86,46,4.598669,0,ok,logs/seed_560927.log
47925,irt_only,GHEFT,0,0.0,0,0,1,1.9303,2.7347,4.665,,,,,,,,,,,,,,,,,103.8057298620511,2.6442,33,10,265,142,76,66,4.786039,0,ok,logs/seed_47925.log
667073,irt_only,GHEFT,0,0.0,0,0,1,1.7377,1.7764,3.5141,,,,,,,,,,,,,,,,,86.77536485628414,2.2847,25,9,232,124,69,55,3.790815,0,ok,logs/seed_667073.log
153349,irt_only,GHEFT,0,0.0,0,0,1,1.9392,2.1211,4.0603,,,,,,,,,,,,,,,,,93.99513347169689,1.9325,25,8,287,148,90,58,4.526723,0,ok,logs/seed_153349.log
263035,irt_only,GHEFT,0,0.0,0,0,1,1.7804,2.2079,3.9883,,,,,,,,,,,,,,,,,110.28434980851061,2.8473,32,9,265,146,87,59,4.523615,0,ok,logs/seed_263035.log
782665,irt_only,GHEFT,0,0.0,0,0,1,1.7103,2.2603,3.9706,,,,,,,,,,,,,,,,,122.93085249169434,2.5133,35,10,264,152,90,62,4.378224,0,ok,logs/seed_782665.log
372049,irt_only,GHEFT,0,0.0,0,0,1,1.9219,1.9532,3.8751,,,,,,,,,,,,,,,,,104.96433378880408,2.2698,23,9,272,168,98,70,4.518102,0,ok,logs/seed_372049.log
15262,irt_only,GHEFT,0,0.0,0,0,1,2.1387,2.9408,5.0795,,,,,,,,,,,,,,,,,108.57326893458556,3.2442,23,8,266,134,80,54,4.59747,0,ok,logs/seed_15262.log
745342,irt_only,GHEFT,0,0.0,0,0,1,2.0883,2.0219,4.1102,,,,,,,,,,,,,,,,,91.34177624752473,2.2958,33,11,286,159,82,77,4.938273,0,ok,logs/seed_745342.log
437809,irt_only,GHEFT,0,0.0,0,0,1,2.0723,2.231,4.3033,,,,,,,,,,,,,,,,,93.66012617180122,2.6687,30,10,270,118,68,50,3.71135,0,ok,logs/seed_437809.log
987435,irt_only,GHEFT,0,0.0,0,0,1,2.1352,2.0529,4.1881,,,,,,,,,,,,,,,,,91.87974912643679,3.0802,28,9,277,136,79,57,5.244371,0,ok,logs/seed_987435.log
146585,irt_only,GHEFT,0,0.0,0,0,1,1.8631,2.2977,4.1608,,,,,,,,,,,,,,,,,114.76279028844758,2.6325,27,9,277,141,78,63,5.929052,0,ok,logs/seed_146585.log
368863,irt_only,GHEFT,0,0.0,0,0,1,1.8483,2.1871,4.0354,,,,,,,,,,,,,,,,,106.48704896961063,2.2652,32,10,280,131,78,53,6.034194,0,ok,logs/seed_368863.log
572806,irt_only,GHEFT,0,0.0,0,0,1,1.9674,2.3558,4.3232,,,,,,,,,,,,,,,,,103.500395853056,2.8538,36,11,279,181,88,93,5.988657,0,ok,logs/seed_572806.log
198288,irt_only,GHEFT,0,0.0,0,0,1,2.0593,2.255,4.3143,,,,,,,,,,,,,,,,,114.23413809327549,3.2787,26,8,249,130,74,56,4.816343,0,ok,logs/seed_198288.log
110116,irt_only,GHEFT,0,0.0,0,0,1,1.82,1.8882,3.7082,,,,,,,,,,,,,,,,,102.97723954123262,2.3189,29,9,285,135,85,50,4.554022,0,ok,logs/seed_110116.log
149047,irt_only,GHEFT,0,0.0,0,0,1,2.0832,2.221,4.3042,,,,,,,,,,,,,,,,,88.17326411149826,2.8191,34,10,282,121,67,54,5.302616,0,ok,logs/seed_149047.log
864824,irt_only,GHEFT,0,0.0,0,0,1,1.8084,2.5182,4.3266,,,,,,,,,,,,,,,,,103.62760719607493,2.9602,27,10,249,154,82,72,4.171718,0,ok,logs/seed_864824.log
801768,irt_only,GHEFT,0,0.0,0,0,1,1.9436,1.8827,3.8263,,,,,,,,,,,,,,,,,101.83554312267655,2.8352,38,12,287,164,91,73,5.753396,0,ok,logs/seed_801768.log
262875,irt_only,GHEFT,0,0.0,0,0,1,1.9312,2.0829,4.0141,,,,,,,,,,,,,,,,,85.36681189643105,2.2098,30,10,260,116,71,45,5.532286,0,ok,logs/seed_262875.log
524794,irt_only,GHEFT,0,0.0,0,0,1,1.6896,1.733,3.4226,,,,,,,,,,,,,,,,,114.97594267782425,2.2855,26,9,253,138,84,54,8.244925,0,ok,logs/seed_524794.log
824487,irt_only,GHEFT,0,0.0,0,0,1,1.7775,2.4349,4.2124,,,,,,,,,,,,,,,,,114.15725106418782,2.5283,26,9,267,118,72,46,4.574717,0,ok,logs/seed_824487.log
927335,irt_only,GHEFT,0,0.0,0,0,1,1.8885,2.1813,4.0698,,,,,,,,,,,,,,,,,103.19779478531073,2.2525,36,12,272,155,83,72,5.317114,0,ok,logs/seed_927335.log
982015,irt_only,GHEFT,0,0.0,0,0,1,2.0032,2.2244,4.2276,,,,,,,,,,,,,,,,,83.43522955169676,2.6272,28,10,246,108,71,37,4.425356,0,ok,logs/seed_982015.log
205178,irt_only,GHEFT,0,0.0,0,0,1,1.861,2.3048,4.1658,,,,,,,,,,,,,,,,,91.63831437520938,3.3742,34,9,286,132,80,52,4.459936,0,ok,logs/seed_205178.log
888604,irt_only,GHEFT,0,0.0,0,0,1,1.8622,2.3511,4.2133,,,,,,,,,,,,,,,,,120.12997625329817,2.4668,28,8,274,143,84,59,5.518416,0,ok,logs/seed_888604.log
546566,irt_only,GHEFT,0,0.0,0,0,1,2.0225,1.776,3.7985,,,,,,,,,,,,,,,,,104.1987648769575,2.166,30,8,259,127,76,51,4.074651,0,ok,logs/seed_546566.log
939943,irt_only,GHEFT,0,0.0,0,0,1,2.0278,2.2984,4.3262,,,,,,,,,,,,,,,,,103.81059504590682,2.9676,26,9,248,134,82,52,4.264761,0,ok,logs/seed_939943.log
461796,irt_only,GHEFT,0,0.0,0,0,1,1.9298,2.4797,4.4095,,,,,,,,,,,,,,,,,78.48450761377751,1.7657,35,10,291,134,76,58,5.013279,0,ok,logs/seed_461796.log
683805,irt_only,GHEFT,0,0.0,0,0,1,1.9752,2.0812,4.0564,,,,,,,,,,,,,,,,,129.82720218166935,3.2201,28,9,277,152,83,69,5.468824,0,ok,logs/seed_683805.log
273298,irt_only,GHEFT,0,0.0,0,0,1,1.7341,1.741,3.4751,,,,,,,,,,,,,,,,,83.8419401461479,2.0947,33,10,303,150,84,66,6.036262,0,ok,logs/seed_273298.log
870064,irt_only,GHEFT,0,0.0,0,0,1,2.2359,2.7488,4.9847,,,,,,,,,,,,,,,,,104.17889358160238,2.948,24,9,225,137,81,56,4.039653,0,ok,logs/seed_870064.log
739336,irt_only,GHEFT,0,0.0,0,0,1,1.7308,2.1556,3.8864,,,,,,,,,,,,,,,,,102.8011128340307,2.1962,27,9,258,141,87,54,4.071432,0,ok,logs/seed_739336.log
374908,irt_only,GHEFT,0,0.0,0,0,1,1.9521,2.7635,4.7156,,,,,,,,,,,,,,,,,95.38316038795972,2.9946,30,8,254,125,69,56,4.777254,0,ok,logs/seed_374908.log
489107,irt_only,GHEFT,0,0.0,0,0,1,1.7879,2.0083,3.7962,,,,,,,,,,,,,,,,,107.26461821571021,2.2612,32,9,282,154,90,64,4.998984,0,ok,logs/seed_489107.log
676170,irt_only,GHEFT,0,0.0,0,0,1,1.8145,2.1794,3.9939,,,,,,,,,,,,,,,,,103.26175243875792,2.3375,31,10,273,124,78,46,4.955447,0,ok,logs/seed_676170.log
946643,irt_only,GHEFT,0,0.0,0,0,1,2.0849,2.7944,4.8793,,,,,,,,,,,,,,,,,98.67936142296071,2.7276,30,9,278,152,84,68,4.720862,0,ok,logs/seed_946643.log
245576,irt_only,GHEFT,0,0.0,0,0,1,1.9339,2.4764,4.4103,,,,,,,,,,,,,,,,,96.31202287477315,2.9978,29,10,278,161,84,77,4.603078,0,ok,logs/seed_245576.log
61677,irt_only,GHEFT,0,0.0,0,0,1,1.9659,2.1997,4.1656,,,,,,,,,,,,,,,,,102.63800137783073,2.2632,30,9,248,131,81,50,5.231848,0,ok,logs/seed_61677.log
985204,irt_only,GHEFT,0,0.0,0,0,1,1.8179,2.6179,4.4358,,,,,,,,,,,,,,,,,106.50446574040771,3.1212,29,9,273,139,84,55,4.872764,0,ok,logs/seed_985204.log
957734,irt_only,GHEFT,0,0.0,0,0,1,2.0505,2.4972,4.5477,,,,,,,,,,,,,,,,,105.01723493661088,3.3766,23,10,245,154,94,60,4.834683,0,ok,logs/seed_957734.log
586973,irt_only,GHEFT,0,0.0,0,0,1,1.7594,1.9747,3.7341,,,,,,,,,,,,,,,,,88.26376640350875,2.3866,25,9,244,114,65,49,5.372449,0,ok,logs/seed_586973.log
81222,irt_only,GHEFT,0,0.0,0,0,1,1.7849,2.2808,4.0657,,,,,,,,,,,,,,,,,97.01194162652959,3.0068,29,9,262,131,80,51,3.903856,0,ok,logs/seed_81222.log
985268,irt_only,GHEFT,0,0.0,0,0,1,2.0686,2.6443,4.7129,,,,,,,,,,,,,,,,,101.70096417032046,2.8465,25,8,249,141,82,59,4.01814,0,ok,logs/seed_985268.log
240715,irt_only,GHEFT,0,0.0,0,0,1,2.0906,2.3378,4.4284,,,,,,,,,,,,,,,,,89.04993550898418,2.4494,26,10,245,135,80,55,4.823979,0,ok,logs/seed_240715.log
336806,irt_only,GHEFT,0,0.0,0,0,1,1.9802,2.6877,4.6679,,,,,,,,,,,,,,,,,120.54268081112177,3.6472,28,9,278,150,89,61,5.762787,0,ok,logs/seed_336806.log
431396,irt_only,GHEFT,0,0.0,0,0,1,2.1033,2.3405,4.4438,,,,,,,,,,,,,,,,,100.47475352166524,2.718,25,9,263,140,86,54,5.516635,0,ok,logs/seed_431396.log
850253,irt_only,GHEFT,0,0.0,0,0,1,1.9743,2.3867,4.361,,,,,,,,,,,,,,,,,106.1512020890596,3.0416,29,10,239,129,75,54,5.257336,0,ok,logs/seed_850253.log
342204,irt_only,GHEFT,0,0.0,0,0,1,2.0568,2.4024,4.4592,,,,,,,,,,,,,,,,,102.08652175932211,3.4255,24,8,251,149,94,55,6.05785,0,ok,logs/seed_342204.log
810991,irt_only,GHEFT,0,0.0,0,0,1,1.7242,1.817,3.5412,,,,,,,,,,,,,,,,,89.42652689413448,2.3792,30,9,258,131,78,53,6.29739,0,ok,logs/seed_810991.log
895124,irt_only,GHEFT,0,0.0,0,0,1,1.7691,2.4218,4.1909,,,,,,,,,,,,,,,,,112.51313883450852,3.2292,22,8,251,147,84,63,5.433117,0,ok,logs/seed_895124.log
437866,irt_only,GHEFT,0,0.0,0,0,1,2.0967,2.5047,4.6014,,,,,,,,,,,,,,,,,93.14091181136038,2.2748,31,10,256,132,84,48,5.302465,0,ok,logs/seed_437866.log
246441,irt_only,GHEFT,0,0.0,0,0,1,1.7676,1.6693,3.4369,,,,,,,,,,,,,,,,,85.20443390842735,2.0743,33,10,283,155,90,65,5.639875,0,ok,logs/seed_246441.log
834777,irt_only,GHEFT,0,0.0,0,0,1,1.9676,2.6183,4.5859,,,,,,,,,,,,,,,,,118.24883795976722,3.0859,28,10,267,161,93,68,5.35364,0,ok,logs/seed_834777.log
159109,irt_only,GHEFT,0,0.0,0,0,1,1.7998,1.9917,3.7915,,,,,,,,,,,,,,,,,105.63019348826292,2.6978,35,10,282,143,83,60,5.034651,0,ok,logs/seed_159109.log
469145,irt_only,GHEFT,0,0.0,0,0,1,1.9126,1.9939,3.9065,,,,,,,,,,,,,,,,,93.33571638677381,2.7654,24,8,256,136,84,52,3.948197,0,ok,logs/seed_469145.log
359039,irt_only,GHEFT,0,0.0,0,0,1,1.8739,1.9699,3.8438,,,,,,,,,,,,,,,,,114.47432797768761,2.8098,27,9,254,157,94,63,5.060711,0,ok,logs/seed_359039.log
441554,irt_only,GHEFT,0,0.0,0,0,1,2.1051,2.6291,4.7342,,,,,,,,,,,,,,,,,106.57848772222223,2.0567,29,8,269,120,75,45,5.268636,0,ok,logs/seed_441554.log
981230,irt_only,GHEFT,0,0.0,0,0,1,2.0059,2.4579,4.4638,,,,,,,,,,,,,,,,,90.98983354362419,2.4855,31,10,283,154,87,67,5.707211,0,ok,logs/seed_981230.log
386385,irt_only,GHEFT,0,0.0,0,0,1,2.0014,2.6388,4.6402,,,,,,,,,,,,,,,,,107.20262617816206,2.7712,24,8,227,118,73,45,4.11508,0,ok,logs/seed_386385.log
667900,irt_only,GHEFT,0,0.0,0,0,1,1.7639,2.4807,4.2446,,,,,,,,,,,,,,,,,96.35321986185157,2.7426,27,10,254,122,80,42,5.421695,0,ok,logs/seed_667900.log
361299,irt_only,GHEFT,0,0.0,0,0,1,1.9407,2.6516,4.5923,,,,,,,,,,,,,,,,,93.91232342723296,2.5439,27,10,264,163,90,73,4.961669,0,ok,logs/seed_361299.log
270600,irt_only,GHEFT,0,0.0,0,0,1,1.9144,1.9455,3.8599,,,,,,,,,,,,,,,,,90.01012898638086,2.693,31,10,281,163,96,67,3.946244,0,ok,logs/seed_270600.log
399493,irt_only,GHEFT,0,0.0,0,0,1,1.7561,1.9989,3.755,,,,,,,,,,,,,,,,,96.55672519919078,2.2987,23,9,251,114,72,42,4.946114,0,ok,logs/seed_399493.log
344401,irt_only,GHEFT,0,0.0,0,0,1,2.2055,2.3814,4.5869,,,,,,,,,,,,,,,,,100.26705771356531,2.5872,29,10,264,161,96,65,5.582284,0,ok,logs/seed_344401.log
440653,irt_only,GHEFT,0,0.0,0,0,1,1.8191,1.9867,3.8058,,,,,,,,,,,,,,,,,105.7994375045807,2.0554,30,9,291,139,78,61,4.901829,0,ok,logs/seed_440653.log
422829,irt_only,GHEFT,0,0.0,0,0,1,1.6958,2.6517,4.3475,,,,,,,,,,,,,,,,,128.30322957922965,3.2015,32,11,283,179,93,86,4.800519,0,ok,logs/seed_422829.log
194493,irt_only,GHEFT,0,0.0,0,0,1,1.9253,2.3468,4.2721,,,,,,,,,,,,,,,,,126.60677311343686,2.8437,37,10,286,159,89,70,5.789665,0,ok,logs/seed_194493.log
79088,irt_only,GHEFT,0,0.0,0,0,1,1.7903,2.2448,4.0351,,,,,,,,,,,,,,,,,104.84161246496814,2.2166,24,8,269,134,89,45,3.89732,0,ok,logs/seed_79088.log
144274,irt_only,GHEFT,0,0.0,0,0,1,1.5882,1.8773,3.4655,,,,,,,,,,,,,,,,,93.626651777693,2.4414,33,10,267,130,76,54,4.958918,0,ok,logs/seed_144274.log
568701,irt_only,GHEFT,0,0.0,0,0,1,2.1688,2.8025,4.9713,,,,,,,,,,,,,,,,,96.41363192488262,3.3486,31,9,263,154,88,66,4.555738,0,ok,logs/seed_568701.log
643829,irt_only,GHEFT,0,0.0,0,0,1,1.8534,2.1914,4.0448,,,,,,,,,,,,,,,,,88.57131758024693,2.4468,30,9,274,127,71,56,4.701245,0,ok,logs/seed_643829.log
271983,irt_only,GHEFT,0,0.0,0,0,1,1.8574,1.9958,3.8532,,,,,,,,,,,,,,,,,113.78122446912444,3.1404,28,10,270,154,99,55,5.087121,0,ok,logs/seed_271983.log
197314,irt_only,GHEFT,0,0.0,0,0,1,1.8104,1.9879,3.7983,,,,,,,,,,,,,,,,,87.29102580701755,2.2919,31,11,282,149,85,64,4.937507,0,ok,logs/seed_197314.log
994686,irt_only,GHEFT,0,0.0,0,0,1,2.0683,2.9413,5.0096,,,,,,,,,,,,,,,,,127.94974667631101,3.4564,25,9,272,132,72,60,5.222922,0,ok,logs/seed_994686.log
282842,irt_only,GHEFT,0,0.0,0,0,1,2.0002,2.6295,4.6297,,,,,,,,,,,,,,,,,129.95337136932574,3.4563,26,8,254,157,89,68,4.235445,0,ok,logs/seed_282842.log
137602,irt_only,GHEFT,0,0.0,0,0,1,1.9382,2.0879,4.0261,,,,,,,,,,,,,,,,,89.64734578970274,1.9403,31,10,269,159,96,63,5.940383,0,ok,logs/seed_137602.log
472131,irt_only,GHEFT,0,0.0,0,0,1,1.8013,1.8859,3.6872,,,,,,,,,,,,,,,,,100.93270064664313,2.4329,33,11,284,158,98,60,4.908272,0,ok,logs/seed_472131.log
327054,irt_only,GHEFT,0,0.0,0,0,1,2.0167,2.3506,4.3673,,,,,,,,,,,,,,,,,110.15441448333769,2.9239,29,9,264,144,85,59,4.219403,0,ok,logs/seed_327054.log
416581,irt_only,GHEFT,0,0.0,0,0,1,1.8904,2.2913,4.1817,,,,,,,,,,,,,,,,,105.29621048430492,2.6204,27,9,277,131,72,59,4.507051,0,ok,logs/seed_416581.log
223716,irt_only,GHEFT,0,0.0,0,0,1,1.8827,2.7941,4.6768,,,,,,,,,,,,,,,,,102.10816732748539,2.6577,32,12,304,184,90,94,6.923367,0,ok,logs/seed_223716.log
116436,irt_only,GHEFT,0,0.0,0,0,1,1.9765,2.584,4.5605,,,,,,,,,,,,,,,,,101.56757220362017,2.8407,29,10,276,153,95,58,5.472476,0,ok,logs/seed_116436.log
650936,irt_only,GHEFT,0,0.0,0,0,1,1.8137,2.7939,4.6076,,,,,,,,,,,,,,,,,119.11889748547361,3.541,28,10,268,142,82,60,4.27356,0,ok,logs/seed_650936.log
516657,irt_only,GHEFT,0,0.0,0,0,1,1.9217,2.2737,4.1954,,,,,,,,,,,,,,,,,177.26436408360476,4.3913,27,8,241,115,73,42,4.061928,0,ok,logs/seed_516657.log
687865,irt_only,GHEFT,0,0.0,0,0,1,1.8028,2.5782,4.381,,,,,,,,,,,,,,,,,116.09088269498069,3.5715,32,12,269,174,94,80,4.008017,0,ok,logs/seed_687865.log
715106,irt_only,GHEFT,0,0.0,0,0,1,1.9452,2.1656,4.1108,,,,,,,,,,,,,,,,,91.61585689256196,2.1611,33,10,260,141,86,55,5.473781,0,ok,logs/seed_715106.log
293374,irt_only,GHEFT,0,0.0,0,0,1,1.9414,2.3295,4.2709,,,,,,,,,,,,,,,,,118.26390685487526,3.0262,27,8,234,106,67,39,4.514995,0,ok,logs/seed_293374.log
658834,irt_only,GHEFT,0,0.0,0,0,1,2.0881,2.9664,5.0545,,,,,,,,,,,,,,,,,95.71113950793652,2.864,33,10,258,156,87,69,4.92212,0,ok,logs/seed_658834.log
23329,irt_only,GHEFT,0,0.0,0,0,1,1.9587,1.933,3.8917,,,,,,,,,,,,,,,,,100.0375567257095,3.2249,29,11,254,156,88,68,4.15888,0,ok,logs/seed_23329.log
661707,irt_only,GHEFT,0,0.0,0,0,1,2.0522,2.2529,4.3051,,,,,,,,,,,,,,,,,108.84790849253731,2.3952,26,9,267,149,83,66,4.535038,0,ok,logs/seed_661707.log
579773,irt_only,GHEFT,0,0.0,0,0,1,2.055,2.6614,4.7164,,,,,,,,,,,,,,,,,99.31370282249574,2.5072,36,10,288,165,96,69,5.095742,0,ok,logs/seed_579773.log
688431,irt_only,GHEFT,0,0.0,0,0,1,1.8773,2.0918,3.9691,,,,,,,,,,,,,,,,,109.32976641950185,2.4541,34,11,280,148,77,71,5.253813,0,ok,logs/seed_688431.log
735633,irt_only,GHEFT,0,0.0,0,0,1,1.9098,2.3154,4.2252,,,,,,,,,,,,,,,,,112.32480525732902,2.5888,29,8,288,146,89,57,4.46049,0,ok,logs/seed_735633.log
208263,irt_only,GHEFT,0,0.0,0,0,1,1.8884,2.1088,3.9972,,,,,,,,,,,,,,,,,106.7359765169032,2.5439,33,13,268,176,92,84,4.865842,0,ok,logs/seed_208263.log
733953,irt_only,GHEFT,0,0.0,0,0,1,1.9651,2.1248,4.0899,,,,,,,,,,,,,,,,,89.04832226808061,2.2302,28,9,272,119,71,48,4.249835,0,ok,logs/seed_733953.log
241442,irt_only,GHEFT,0,0.0,0,0,1,1.8519,2.6334,4.4853,,,,,,,,,,,,,,,,,93.294551753253,2.9004,26,10,253,139,84,55,4.773958,0,ok,logs/seed_241442.log
665452,irt_only,GHEFT,0,0.0,0,0,1,1.998,2.1428,4.1408,,,,,,,,,,,,,,,,,89.47035468485147,2.2924,33,10,276,148,86,62,5.333058,0,ok,logs/seed_665452.log
631051,irt_only,GHEFT,0,0.0,0,0,1,1.8628,2.3052,4.168,,,,,,,,,,,,,,,,,96.88498571334213,3.3581,31,9,265,146,84,62,4.612152,0,ok,logs/seed_631051.log
497919,irt_only,GHEFT,0,0.0,0,0,1,1.7652,2.2831,4.0483,,,,,,,,,,,,,,,,,106.96619379499536,2.6049,32,9,265,145,80,65,4.780138,0,ok,logs/seed_497919.log
960027,irt_only,GHEFT,0,0.0,0,0,1,2.0774,2.3035,4.3809,,,,,,,,,,,,,,,,,103.02303758423749,3.2487,33,10,262,148,89,59,4.419485,0,ok,logs/seed_960027.log
305476,irt_only,GHEFT,0,0.0,0,0,1,2.1859,2.7978,4.9837,,,,,,,,,,,,,,,,,99.26533236156351,2.1026,28,9,275,166,86,80,5.954061,0,ok,logs/seed_305476.log
365837,irt_only,GHEFT,0,0.0,0,0,1,1.7926,2.0892,3.8818,,,,,,,,,,,,,,,,,99.10626018790563,2.4061,27,8,264,138,86,52,5.709323,0,ok,logs/seed_365837.log
514986,irt_only,GHEFT,0,0.0,0,0,1,1.7342,2.6778,4.412,,,,,,,,,,,,,,,,,147.5698583419885,2.5827,34,9,284,145,80,65,4.697054,0,ok,logs/seed_514986.log
291361,irt_only,GHEFT,0,0.0,0,0,1,2.2484,2.2474,4.4958,,,,,,,,,,,,,,,,,111.58065108183305,2.7814,25,8,246,141,93,48,4.544575,0,ok,logs/seed_291361.log
831040,irt_only,GHEFT,0,0.0,0,0,1,1.9214,2.0413,3.9627,,,,,,,,,,,,,,,,,108.85728449849515,2.5222,28,9,237,148,89,59,4.31982,0,ok,logs/seed_831040.log
900613,irt_only,GHEFT,0,0.0,0,0,1,1.824,2.1819,4.0059,,,,,,,,,,,,,,,,,112.58730617457306,2.9559,24,8,267,135,83,52,4.495383,0,ok,logs/seed_900613.log
738426,irt_only,GHEFT,0,0.0,0,0,1,1.9184,2.5067,4.4251,,,,,,,,,,,,,,,,,107.35085369946333,2.6745,31,9,284,133,78,55,5.45866,0,ok,logs/seed_738426.log
924607,irt_only,GHEFT,0,0.0,0,0,1,1.9777,2.8321,4.8098,,,,,,,,,,,,,,,,,117.61740527570993,3.0234,30,10,250,143,85,58,5.122257,0,ok,logs/seed_924607.log
461861,irt_only,GHEFT,0,0.0,0,0,1,1.7351,2.2264,3.9615,,,,,,,,,,,,,,,,,105.06311658375667,3.3761,26,8,250,115,65,50,4.386095,0,ok,logs/seed_461861.log
854725,irt_only,GHEFT,0,0.0,0,0,1,1.9673,2.3667,4.334,,,,,,,,,,,,,,,,,106.46926922157434,2.971,39,11,288,177,100,77,4.762477,0,ok,logs/seed_854725.log
808927,irt_only,GHEFT,0,0.0,0,0,1,2.0317,3.0911,5.1228,,,,,,,,,,,,,,,,,106.50412783796155,3.0137,31,10,260,139,78,61,5.718295,0,ok,logs/seed_808927.log
826006,irt_only,GHEFT,0,0.0,0,0,1,1.8516,2.4406,4.2922,,,,,,,,,,,,,,,,,106.72902711347523,2.4717,26,10,242,128,81,47,4.43005,0,ok,logs/seed_826006.log
522333,irt_only,GHEFT,0,0.0,0,0,1,1.9026,2.8538,4.7564,,,,,,,,,,,,,,,,,117.98809603516814,3.2042,27,8,266,161,88,73,5.683664,0,ok,logs/seed_522333.log
245912,irt_only,GHEFT,0,0.0,0,0,1,2.0437,2.6592,4.7029,,,,,,,,,,,,,,,,,112.52078743882545,2.471,33,9,263,156,92,64,6.353186,0,ok,logs/seed_245912.log
758389,irt_only,GHEFT,0,0.0,0,0,1,2.0183,2.3684,4.3867,,,,,,,,,,,,,,,,,85.44229925327511,2.624,31,10,241,126,79,47,4.907113,0,ok,logs/seed_758389.log
631363,irt_only,GHEFT,0,0.0,0,0,1,1.9368,2.4014,4.3382,,,,,,,,,,,,,,,,,97.44500828401277,2.63,30,11,261,171,98,73,5.341718,0,ok,logs/seed_631363.log
766985,irt_only,GHEFT,0,0.0,0,0,1,1.9642,1.9972,3.9614,,,,,,,,,,,,,,,,,86.76551230264135,2.2391,26,10,258,132,73,59,5.282789,0,ok,logs/seed_766985.log
582309,irt_only,GHEFT,0,0.0,0,0,1,1.9899,1.9224,3.9123,,,,,,,,,,,,,,,,,97.70293845075045,2.9886,28,8,224,130,80,50,3.616624,0,ok,logs/seed_582309.log
846927,irt_only,GHEFT,0,0.0,0,0,1,1.8573,2.4371,4.2944,,,,,,,,,,,,,,,,,136.95100475285096,3.9175,29,9,292,165,96,69,5.74902,0,ok,logs/seed_846927.log
763059,irt_only,GHEFT,0,0.0,0,0,1,2.0979,2.6571,4.755,,,,,,,,,,,,,,,,,119.40553648664944,2.8526,28,10,265,164,85,79,3.907536,0,ok,logs/seed_763059.log
861602,irt_only,GHEFT,0,0.0,0,0,1,2.2136,2.5694,4.783,,,,,,,,,,,,,,,,,94.15141949928264,2.8863,30,9,272,124,75,49,4.848052,0,ok,logs/seed_861602.log
631173,irt_only,GHEFT,0,0.0,0,0,1,1.9681,2.0574,4.0255,,,,,,,,,,,,,,,,,95.81133754345305,2.3532,32,10,284,159,86,73,5.924878,0,ok,logs/seed_631173.log
53408,irt_only,GHEFT,0,0.0,0,0,1,1.9628,2.378,4.3408,,,,,,,,,,,,,,,,,99.24723366004964,2.5558,26,10,259,129,75,54,5.380549,0,ok,logs/seed_53408.log
328439,irt_only,GHEFT,0,0.0,0,0,1,1.8191,2.1234,3.9425,,,,,,,,,,,,,,,,,123.90103148173951,3.5463,33,9,259,131,83,48,4.755127,0,ok,logs/seed_328439.log
1087,irt_only,GHEFT,0,0.0,0,0,1,1.8035,2.4019,4.2054,,,,,,,,,,,,,,,,,98.86031345842868,2.3792,35,9,269,140,85,55,4.592572,0,ok,logs/seed_1087.log
577361,irt_only,GHEFT,0,0.0,0,0,1,2.0788,2.546,4.6248,,,,,,,,,,,,,,,,,101.9914683188406,2.4931,29,9,260,156,86,70,4.456761,0,ok,logs/seed_577361.log
72146,irt_only,GHEFT,0,0.0,0,0,1,1.9283,2.3127,4.241,,,,,,,,,,,,,,,,,92.04820368133727,2.7853,35,10,269,131,75,56,5.371705,0,ok,logs/seed_72146.log
479068,irt_only,GHEFT,0,0.0,0,0,1,1.6084,2.1783,3.7867,,,,,,,,,,,,,,,,,104.55862219561243,3.4054,28,9,239,147,86,61,4.600942,0,ok,logs/seed_479068.log
267093,irt_only,GHEFT,0,0.0,0,0,1,1.4996,2.0122,3.5118,,,,,,,,,,,,,,,,,112.02506461587092,2.7844,37,11,283,161,90,71,5.602771,0,ok,logs/seed_267093.log
174052,irt_only,GHEFT,0,0.0,0,0,1,1.7482,2.1637,3.9119,,,,,,,,,,,,,,,,,88.51444738832899,2.3974,35,11,292,147,82,65,5.172842,0,ok,logs/seed_174052.log
224195,irt_only,GHEFT,0,0.0,0,0,1,1.6217,1.8299,3.4516,,,,,,,,,,,,,,,,,104.02062707550485,2.8864,33,9,261,133,87,46,4.602327,0,ok,logs/seed_224195.log
203906,irt_only,GHEFT,0,0.0,0,0,1,2.0329,2.6754,4.7083,,,,,,,,,,,,,,,,,113.07586280797078,2.9989,26,9,247,164,97,67,4.425392,0,ok,logs/seed_203906.log
223610,irt_only,GHEFT,0,0.0,0,0,1,1.7972,2.552,4.3492,,,,,,,,,,,,,,,,,97.08626676583957,2.8753,28,9,260,135,78,57,4.082216,0,ok,logs/seed_223610.log
765827,irt_only,GHEFT,0,0.0,0,0,1,1.8864,2.4263,4.3127,,,,,,,,,,,,,,,,,86.86042924391947,2.1221,31,9,290,142,77,65,4.671674,0,ok,logs/seed_765827.log
597825,irt_only,GHEFT,0,0.0,0,0,1,1.9762,2.4293,4.4055,,,,,,,,,,,,,,,,,96.22782641073768,2.3179,32,9,260,135,83,52,5.26441,0,ok,logs/seed_597825.log
743325,irt_only,GHEFT,0,0.0,0,0,1,1.9288,2.6847,4.6135,,,,,,,,,,,,,,,,,105.17331672902336,3.5272,29,9,265,160,88,72,5.398031,0,ok,logs/seed_743325.log
459404,irt_only,GHEFT,0,0.0,0,0,1,1.5684,1.9371,3.5055,,,,,,,,,,,,,,,,,123.50154251497007,2.9311,33,9,279,168,98,70,5.247312,0,ok,logs/seed_459404.log
644891,irt_only,GHEFT,0,0.0,0,0,1,1.9766,2.4371,4.4137,,,,,,,,,,,,,,,,,100.67865385130776,2.2862,33,10,264,145,80,65,5.782904,0,ok,logs/seed_644891.log
112316,irt_only,GHEFT,0,0.0,0,0,1,1.9157,2.0889,4.0046,,,,,,,,,,,,,,,,,101.46330658756766,2.6163,29,9,273,154,91,63,5.357542,0,ok,logs/seed_112316.log
708240,irt_only,GHEFT,0,0.0,0,0,1,1.8679,2.4062,4.2741,,,,,,,,,,,,,,,,,126.4853432400747,2.9751,25,8,242,118,71,47,3.870118,0,ok,logs/seed_708240.log
988612,irt_only,GHEFT,0,0.0,0,0,1,1.9293,1.9179,3.8472,,,,,,,,,,,,,,,,,101.76080952065678,2.8752,29,9,256,148,90,58,4.173732,0,ok,logs/seed_988612.log
737269,irt_only,GHEFT,0,0.0,0,0,1,2.0531,2.4675,4.5206,,,,,,,,,,,,,,,,,125.55391206526969,2.9946,23,8,248,138,83,55,4.412693,0,ok,logs/seed_737269.log
670045,irt_only,GHEFT,0,0.0,0,0,1,1.955,2.1892,4.1442,,,,,,,,,,,,,,,,,95.05667647169813,2.6067,29,10,246,154,81,73,4.931174,0,ok,logs/seed_670045.log
697981,irt_only,GHEFT,0,0.0,0,0,1,1.7728,2.31,4.0828,,,,,,,,,,,,,,,,,110.40866391752576,3.3518,40,10,286,154,83,71,5.192762,0,ok,logs/seed_697981.log
940926,irt_only,GHEFT,0,0.0,0,0,1,2.2726,2.8358,5.1084,,,,,,,,,,,,,,,,,109.54883682309126,3.3173,25,9,240,142,81,61,4.368432,0,ok,logs/seed_940926.log
245466,irt_only,GHEFT,0,0.0,0,0,1,2.1516,2.5685,4.7201,,,,,,,,,,,,,,,,,88.70335503767659,1.9156,26,10,297,146,85,61,6.405223,0,ok,logs/seed_245466.log
863385,irt_only,GHEFT,0,0.0,0,0,1,1.954,1.9974,3.9514,,,,,,,,,,,,,,,,,112.23483021077284,2.6387,33,10,282,131,81,50,4.771844,0,ok,logs/seed_863385.log
502084,irt_only,GHEFT,0,0.0,0,0,1,1.9055,2.6587,4.5642,,,,,,,,,,,,,,,,,109.59724409428343,2.517,29,9,281,177,94,83,6.184361,0,ok,logs/seed_502084.log
268333,irt_only,GHEFT,0,0.0,0,0,1,2.0109,1.9594,3.9703,,,,,,,,,,,,,,,,,87.62101536899121,2.9832,34,9,273,129,80,49,5.411463,0,ok,logs/seed_268333.log
889172,irt_only,GHEFT,0,0.0,0,0,1,1.8662,1.9138,3.78,,,,,,,,,,,,,,,,,111.8176322045728,3.0163,33,9,266,137,78,59,4.969719,0,ok,logs/seed_889172.log
768859,irt_only,GHEFT,0,0.0,0,0,1,1.8559,2.522,4.3779,,,,,,,,,,,,,,,,,116.77220769230767,3.5681,29,11,254,174,99,75,4.25294,0,ok,logs/seed_768859.log
108511,irt_only,GHEFT,0,0.0,0,0,1,1.9192,2.5089,4.4281,,,,,,,,,,,,,,,,,99.92605603915175,3.0626,35,10,279,140,79,61,5.993245,0,ok,logs/seed_108511.log
828273,irt_only,GHEFT,0,0.0,0,0,1,1.8542,2.0778,3.932,,,,,,,,,,,,,,,,,94.82005283649443,2.4342,29,9,265,133,80,53,4.224994,0,ok,logs/seed_828273.log
932667,irt_only,GHEFT,0,0.0,0,0,1,1.7855,2.1457,3.9312,,,,,,,,,,,,,,,,,90.89872112529703,2.9354,28,10,269,180,98,82,4.786226,0,ok,logs/seed_932667.log
245421,irt_only,GHEFT,0,0.0,0,0,1,1.8391,2.1258,3.9649,,,,,,,,,,,,,,,,,111.89456326126125,3.0906,31,11,265,153,103,50,4.841979,0,ok,logs/seed_245421.log
678641,irt_only,GHEFT,0,0.0,0,0,1,2.1109,2.2444,4.3553,,,,,,,,,,,,,,,,,108.88022235939643,2.4961,34,11,280,134,85,49,5.627189,0,ok,logs/seed_678641.log
935125,irt_only,GHEFT,0,0.0,0,0,1,2.052,2.6162,4.6682,,,,,,,,,,,,,,,,,106.66903042405329,2.5621,29,10,273,145,89,56,5.488275,0,ok,logs/seed_935125.log
605287,irt_only,GHEFT,0,0.0,0,0,1,2.0027,2.6176,4.6203,,,,,,,,,,,,,,,,,113.99245392592594,2.8983,25,8,230,123,85,38,4.776352,0,ok,logs/seed_605287.log
241117,irt_only,GHEFT,0,0.0,0,0,1,2.1641,2.0623,4.2264,,,,,,,,,,,,,,,,,89.35206925663715,1.9206,30,10,265,153,81,72,5.329179,0,ok,logs/seed_241117.log
137693,irt_only,GHEFT,0,0.0,0,0,1,1.6241,2.2768,3.9009,,,,,,,,,,,,,,,,,115.92557747833065,3.5052,37,10,289,157,94,63,6.074747,0,ok,logs/seed_137693.log
519815,irt_only,GHEFT,0,0.0,0,0,1,2.0405,2.3912,4.4317,,,,,,,,,,,,,,,,,128.60406462068968,3.3742,25,9,258,155,90,65,4.370317,0,ok,logs/seed_519815.log
825689,irt_only,GHEFT,0,0.0,0,0,1,1.9376,2.0766,4.0142,,,,,,,,,,,,,,,,,96.20983942561173,2.3083,31,10,278,163,86,77,5.101681,0,ok,logs/seed_825689.log
266300,irt_only,GHEFT,0,0.0,0,0,1,2.0593,2.1598,4.2191,,,,,,,,,,,,,,,,,90.59704772786989,2.5417,31,10,275,139,79,60,5.095689,0,ok,logs/seed_266300.log
353884,irt_only,GHEFT,0,0.0,0,0,1,1.9513,2.5328,4.4841,,,,,,,,,,,,,,,,,129.96397491304347,2.8566,24,8,271,150,91,59,4.584865,0,ok,logs/seed_353884.log
141574,irt_only,GHEFT,0,0.0,0,0,1,1.9007,1.7694,3.6701,,,,,,,,,,,,,,,,,90.95612440672782,1.9896,35,9,298,122,74,48,5.089775,0,ok,logs/seed_141574.log
211351,irt_only,GHEFT,0,0.0,0,0,1,1.9961,2.3362,4.3323,,,,,,,,,,,,,,,,,108.77620256274183,2.6018,25,8,270,129,76,53,4.88053,0,ok,logs/seed_211351.log
64745,irt_only,GHEFT,0,0.0,0,0,1,1.641,1.8028,3.4438,,,,,,,,,,,,,,,,,143.69761598301736,2.918,30,9,250,161,94,67,5.11819,0,ok,logs/seed_64745.log
827551,irt_only,GHEFT,0,0.0,0,0,1,2.0658,2.6836,4.7494,,,,,,,,,,,,,,,,,102.81532553129348,2.3055,26,9,233,140,85,55,4.845264,0,ok,logs/seed_827551.log
236634,irt_only,GHEFT,0,0.0,0,0,1,1.9546,2.316,4.2706,,,,,,,,,,,,,,,,,115.551104598903,3.2535,27,10,238,149,89,60,4.384309,0,ok,logs/seed_236634.log
554061,irt_only,GHEFT,0,0.0,0,0,1,1.8914,2.3419,4.2333,,,,,,,,,,,,,,,,,106.82081289050471,2.4779,30,9,264,146,82,64,4.853022,0,ok,logs/seed_554061.log
473253,irt_only,GHEFT,0,0.0,0,0,1,1.71,1.8197,3.5297,,,,,,,,,,,,,,,,,93.86844585714286,2.4472,25,9,240,144,84,60,4.434859,0,ok,logs/seed_473253.log
397414,irt_only,GHEFT,0,0.0,0,0,1,2.0175,2.8881,4.9056,,,,,,,,,,,,,,,,,111.62581825095056,3.1482,33,9,293,150,83,67,6.221159,0,ok,logs/seed_397414.log
237902,irt_only,GHEFT,0,0.0,0,0,1,1.9204,2.0559,3.9763,,,,,,,,,,,,,,,,,114.95730009220097,3.1702,32,10,256,140,91,49,5.233239,0,ok,logs/seed_237902.log
57519,irt_only,GHEFT,0,0.0,0,0,1,1.7513,2.0419,3.7932,,,,,,,,,,,,,,,,,90.82132707250264,2.7768,35,10,271,150,93,57,6.178911,0,ok,logs/seed_57519.log
505780,irt_only,GHEFT,0,0.0,0,0,1,2.1174,2.1813,4.2987,,,,,,,,,,,,,,,,,88.17142659016393,2.1049,32,11,258,139,88,51,4.608777,0,ok,logs/seed_505780.log
353215,irt_only,GHEFT,0,0.0,0,0,1,1.551,1.9238,3.4748,,,,,,,,,,,,,,,,,114.55901882714494,2.8566,26,9,269,158,97,61,4.662845,0,ok,logs/seed_353215.log
60194,irt_only,GHEFT,0,0.0,0,0,1,1.9687,2.2905,4.2592,,,,,,,,,,,,,,,,,112.9523512820513,3.7329,33,10,278,137,83,54,6.178268,0,ok,logs/seed_60194.log
21327,irt_only,GHEFT,0,0.0,0,0,1,1.9278,2.0087,3.9365,,,,,,,,,,,,,,,,,106.7610137295531,2.2368,25,8,254,138,86,52,4.876929,0,ok,logs/seed_21327.log
551141,irt_only,GHEFT,0,0.0,0,0,1,1.8519,1.7814,3.6333,,,,,,,,,,,,,,,,,90.02089036445072,2.544,30,10,246,121,76,45,3.670211,0,ok,logs/seed_551141.log
504483,irt_only,GHEFT,0,0.0,0,0,1,1.9402,2.4895,4.4297,,,,,,,,,,,,,,,,,94.2741853481474,3.1444,28,10,263,109,62,47,4.477986,0,ok,logs/seed_504483.log
50984,irt_only,GHEFT,0,0.0,0,0,1,1.8066,2.0458,3.8524,,,,,,,,,,,,,,,,,101.20910348488333,2.1307,33,10,291,148,90,58,4.609956,0,ok,logs/seed_50984.log
145299,irt_only,GHEFT,0,0.0,0,0,1,2.0036,2.3982,4.4018,,,,,,,,,,,,,,,,,109.71581061760678,2.8907,30,9,254,135,83,52,4.92085,0,ok,logs/seed_145299.log
933274,irt_only,GHEFT,0,0.0,0,0,1,1.8362,1.8887,3.7249,,,,,,,,,,,,,,,,,94.77073956260433,1.9731,30,10,280,156,84,72,5.922718,0,ok,logs/seed_933274.log
321337,irt_only,GHEFT,0,0.0,0,0,1,2.188,2.6661,4.8541,,,,,,,,,,,,,,,,,106.70006360455636,3.8407,27,9,254,142,75,67,4.140591,0,ok,logs/seed_321337.log
181404,irt_only,GHEFT,0,0.0,0,0,1,1.9874,2.5969,4.5843,,,,,,,,,,,,,,,,,106.0871966280643,2.958,28,8,275,139,83,56,4.763052,0,ok,logs/seed_181404.log
3899,irt_only,GHEFT,0,0.0,0,0,1,1.8721,2.4212,4.2933,,,,,,,,,,,,,,,,,112.36427222105338,2.2447,29,9,262,162,96,66,4.584175,0,ok,logs/seed_3899.log
494958,irt_only,GHEFT,0,0.0,0,0,1,2.1818,2.8458,5.0276,,,,,,,,,,,,,,,,,107.32653464396742,2.7057,32,10,243,131,78,53,4.154328,0,ok,logs/seed_494958.log
970507,irt_only,GHEFT,0,0.0,0,0,1,1.681,2.1947,3.8757,,,,,,,,,,,,,,,,,99.842417797279,2.675,34,11,288,166,93,73,5.308437,0,ok,logs/seed_970507.log
705866,irt_only,GHEFT,0,0.0,0,0,1,1.902,2.4676,4.3696,,,,,,,,,,,,,,,,,104.72699673618325,2.4967,30,9,259,140,86,54,5.32191,0,ok,logs/seed_705866.log
296343,irt_only,GHEFT,0,0.0,0,0,1,2.0958,2.1949,4.2907,,,,,,,,,,,,,,,,,102.68248042669846,3.0805,28,10,246,151,93,58,4.520963,0,ok,logs/seed_296343.log
586398,irt_only,GHEFT,0,0.0,0,0,1,1.8224,1.7138,3.5362,,,,,,,,,,,,,,,,,84.37663891635917,2.1413,24,9,255,131,74,57,4.26517,0,ok,logs/seed_586398.log
378648,irt_only,GHEFT,0,0.0,0,0,1,2.0153,2.555,4.5703,,,,,,,,,,,,,,,,,96.38753198187314,3.0096,31,10,251,138,80,58,4.140987,0,ok,logs/seed_378648.log
531966,irt_only,GHEFT,0,0.0,0,0,1,2.0172,2.21,4.2272,,,,,,,,,,,,,,,,,97.0120944893617,3.2284,23,9,242,128,76,52,3.739853,0,ok,logs/seed_531966.log
596361,irt_only,GHEFT,0,0.0,0,0,1,1.8216,2.1035,3.9251,,,,,,,,,,,,,,,,,94.6302,2.5822,32,10,275,142,86,56,4.627818,0,ok,logs/seed_596361.log
60220,irt_only,GHEFT,0,0.0,0,0,1,1.9747,1.9688,3.9435,,,,,,,,,,,,,,,,,91.89674837681159,2.5673,32,9,271,153,84,69,4.674563,0,ok,logs/seed_60220.log
189568,irt_only,GHEFT,0,0.0,0,0,1,1.884,2.7326,4.6166,,,,,,,,,,,,,,,,,101.41755295324947,2.3961,25,9,251,140,81,59,5.334871,0,ok,logs/seed_189568.log
151000,irt_only,GHEFT,0,0.0,0,0,1,1.799,2.0417,3.8407,,,,,,,,,,,,,,,,,99.8448912966252,2.1063,27,9,254,146,87,59,3.349252,0,ok,logs/seed_151000.log
72402,irt_only,GHEFT,0,0.0,0,0,1,1.8342,2.5888,4.423,,,,,,,,,,,,,,,,,100.75572256287428,2.4115,28,10,261,156,91,65,3.689191,0,ok,logs/seed_72402.log
983055,irt_only,GHEFT,0,0.0,0,0,1,1.9846,2.3474,4.332,,,,,,,,,,,,,,,,,87.46913529411763,2.4171,32,8,266,137,78,59,4.36793,0,ok,logs/seed_983055.log
538582,irt_only,GHEFT,0,0.0,0,0,1,1.962,2.2209,4.1829,,,,,,,,,,,,,,,,,87.68462129112352,2.3478,30,10,257,128,84,44,4.302664,0,ok,logs/seed_538582.log
934509,irt_only,GHEFT,0,0.0,0,0,1,1.9841,2.4821,4.4662,,,,,,,,,,,,,,,,,115.2611603495935,2.8677,33,10,265,136,80,56,5.086487,0,ok,logs/seed_934509.log
220410,irt_only,GHEFT,0,0.0,0,0,1,2.0208,1.8965,3.9173,,,,,,,,,,,,,,,,,89.39952227204782,2.7718,29,10,249,129,76,53,4.074814,0,ok,logs/seed_220410.log
755547,irt_only,GHEFT,0,0.0,0,0,1,2.2799,2.6472,4.9271,,,,,,,,,,,,,,,,,134.79186964491993,3.2554,26,9,241,123,88,35,4.540385,0,ok,logs/seed_755547.log
682666,irt_only,GHEFT,0,0.0,0,0,1,1.6101,1.8188,3.4289,,,,,,,,,,,,,,,,,100.74815928643216,2.8188,37,10,286,135,80,55,5.015039,0,ok,logs/seed_682666.log
707759,irt_only,GHEFT,0,0.0,0,0,1,1.8163,2.2132,4.0295,,,,,,,,,,,,,,,,,129.65936229226614,3.0973,28,11,237,130,83,47,4.254806,0,ok,logs/seed_707759.log
472298,irt_only,GHEFT,0,0.0,0,0,1,1.7414,2.0426,3.784,,,,,,,,,,,,,,,,,100.26258781801123,2.814,31,10,253,139,92,47,4.420415,0,ok,logs/seed_472298.log
842827,irt_only,GHEFT,0,0.0,0,0,1,2.0645,2.2799,4.3444,,,,,,,,,,,,,,,,,93.95397571620227,2.4915,30,11,252,144,89,55,5.48977,0,ok,logs/seed_842827.log
598514,irt_only,GHEFT,0,0.0,0,0,1,2.2412,2.4572,4.6984,,,,,,,,,,,,,,,,,118.42252525586693,2.9148,32,11,266,160,88,72,4.984032,0,ok,logs/seed_598514.log
985883,irt_only,GHEFT,0,0.0,0,0,1,1.7771,1.8963,3.6734,,,,,,,,,,,,,,,,,95.08537914157013,2.3988,31,11,249,125,82,43,4.721738,0,ok,logs/seed_985883.log
595328,irt_only,GHEFT,0,0.0,0,0,1,1.836,2.2653,4.1013,,,,,,,,,,,,,,,,,103.50578150385208,2.3624,32,9,299,146,83,63,5.08988,0,ok,logs/seed_595328.log
238922,irt_only,GHEFT,0,0.0,0,0,1,1.9356,2.1113,4.0469,,,,,,,,,,,,,,,,,116.56354813807286,3.1918,32,10,272,162,89,73,5.05245,0,ok,logs/seed_238922.log
469556,irt_only,GHEFT,0,0.0,0,0,1,1.8253,2.1867,4.012,,,,,,,,,,,,,,,,,109.3407054601063,2.6273,31,9,242,103,68,35,4.108618,0,ok,logs/seed_469556.log
108225,irt_only,GHEFT,0,0.0,0,0,1,1.8741,2.2489,4.123,,,,,,,,,,,,,,,,,85.08774258588205,1.8664,32,11,258,149,87,62,4.181264,0,ok,logs/seed_108225.log
899644,irt_only,GHEFT,0,0.0,0,0,1,1.852,2.4261,4.2781,,,,,,,,,,,,,,,,,106.22123523238382,2.519,29,8,273,125,85,40,4.32401,0,ok,logs/seed_899644.log
885107,irt_only,GHEFT,0,0.0,0,0,1,2.0903,2.8399,4.9302,,,,,,,,,,,,,,,,,114.68816464912283,2.5585,31,10,259,145,85,60,6.484889,0,ok,logs/seed_885107.log
624803,irt_only,GHEFT,0,0.0,0,0,1,1.879,1.9823,3.8613,,,,,,,,,,,,,,,,,90.2125097928465,2.0277,34,11,280,166,93,73,5.453733,0,ok,logs/seed_624803.log
412384,irt_only,GHEFT,0,0.0,0,0,1,1.8144,2.3195,4.1339,,,,,,,,,,,,,,,,,124.3696252222222,3.584,26,8,270,159,93,66,4.88946,0,ok,logs/seed_412384.log
534437,irt_only,GHEFT,0,0.0,0,0,1,1.9797,2.7703,4.75,,,,,,,,,,,,,,,,,93.8525476400742,2.2553,30,9,272,149,81,68,5.137445,0,ok,logs/seed_534437.log
28388,irt_only,GHEFT,0,0.0,0,0,1,1.9594,2.4236,4.383,,,,,,,,,,,,,,,,,104.94433828031919,2.9558,25,8,244,141,84,57,4.450927,0,ok,logs/seed_28388.log
480416,irt_only,GHEFT,0,0.0,0,0,1,1.9087,2.3311,4.2398,,,,,,,,,,,,,,,,,101.31232600128874,2.3846,28,8,267,152,85,67,4.344629,0,ok,logs/seed_480416.log
6523,irt_only,GHEFT,0,0.0,0,0,1,1.8929,2.7874,4.6803,,,,,,,,,,,,,,,,,110.93957209302326,2.4494,31,9,269,128,75,53,4.872209,0,ok,logs/seed_6523.log
875492,irt_only,GHEFT,0,0.0,0,0,1,1.8651,2.2325,4.0976,,,,,,,,,,,,,,,,,97.69698235866393,2.7055,28,10,268,127,79,48,4.482417,0,ok,logs/seed_875492.log
445144,irt_only,GHEFT,0,0.0,0,0,1,2.0483,2.2546,4.3029,,,,,,,,,,,,,,,,,97.61554939172747,2.6198,28,9,262,129,73,56,4.760636,0,ok,logs/seed_445144.log
178145,irt_only,GHEFT,0,0.0,0,0,1,1.7521,2.7333,4.4854,,,,,,,,,,,,,,,,,115.15498169721116,2.7581,32,10,281,173,105,68,4.965011,0,ok,logs/seed_178145.log
496478,irt_only,GHEFT,0,0.0,0,0,1,1.8765,2.2509,4.1274,,,,,,,,,,,,,,,,,109.7882454399358,2.5079,23,9,223,107,73,34,4.185756,0,ok,logs/seed_496478.log
239617,irt_only,GHEFT,0,0.0,0,0,1,1.8838,2.1264,4.0102,,,,,,,,,,,,,,,,,83.16923987399464,2.5086,31,9,269,122,79,43,4.830842,0,ok,logs/seed_239617.log
473997,irt_only,GHEFT,0,0.0,0,0,1,1.7995,2.1454,3.9449,,,,,,,,,,,,,,,,,85.58187505730655,2.168,27,9,275,146,87,59,5.328355,0,ok,logs/seed_473997.log
229225,irt_only,GHEFT,0,0.0,0,0,1,2.1144,2.9281,5.0425,,,,,,,,,,,,,,,,,99.48670155072465,2.1154,28,9,271,126,72,54,4.359561,0,ok,logs/seed_229225.log
254791,irt_only,GHEFT,0,0.0,0,0,1,1.8529,2.4859,4.3388,,,,,,,,,,,,,,,,,97.45918286555485,2.8528,33,10,294,132,69,63,5.975015,0,ok,logs/seed_254791.log
966201,irt_only,GHEFT,0,0.0,0,0,1,2.2023,3.2294,5.4317,,,,,,,,,,,,,,,,,100.93883359730607,3.1151,23,9,238,146,82,64,4.334977,0,ok,logs/seed_966201.log
533361,irt_only,GHEFT,0,0.0,0,0,1,1.7905,2.2445,4.035,,,,,,,,,,,,,,,,,105.64728361668843,2.5963,32,10,263,148,85,63,4.518466,0,ok,logs/seed_533361.log
872306,irt_only,GHEFT,0,0.0,0,0,1,1.8976,1.8409,3.7385,,,,,,,,,,,,,,,,,100.60127859162353,3.4991,29,9,271,161,91,70,4.303558,0,ok,logs/seed_872306.log
444933,irt_only,GHEFT,0,0.0,0,0,1,2.0005,2.821,4.8215,,,,,,,,,,,,,,,,,99.15905319277105,2.057,26,8,250,142,82,60,4.104675,0,ok,logs/seed_444933.log
456356,irt_only,GHEFT,0,0.0,0,0,1,1.8075,2.4837,4.2912,,,,,,,,,,,,,,,,,82.04375177111717,1.9729,28,9,262,105,64,41,4.772906,0,ok,logs/seed_456356.log
853702,irt_only,GHEFT,0,0.0,0,0,1,2.0178,2.4618,4.4796,,,,,,,,,,,,,,,,,118.98176664658376,3.2937,31,11,266,172,96,76,5.213871,0,ok,logs/seed_853702.log
176967,irt_only,GHEFT,0,0.0,0,0,1,1.7082,2.1504,3.8586,,,,,,,,,,,,,,,,,88.04302047991348,2.3325,32,10,267,136,84,52,5.027853,0,ok,logs/seed_176967.log
33347,irt_only,GHEFT,0,0.0,0,0,1,1.7878,2.1246,3.9124,,,,,,,,,,,,,,,,,101.322503189781,2.7842,31,9,247,141,82,59,3.996554,0,ok,logs/seed_33347.log
411283,irt_only,GHEFT,0,0.0,0,0,1,2.0195,2.675,4.6945,,,,,,,,,,,,,,,,,94.06821743893893,3.0768,36,11,273,144,69,75,4.702,0,ok,logs/seed_411283.log
81911,irt_only,GHEFT,0,0.0,0,0,1,2.0802,2.4489,4.5291,,,,,,,,,,,,,,,,,90.73982679938743,2.5045,32,9,284,140,74,66,4.64784,0,ok,logs/seed_81911.log
956925,irt_only,GHEFT,0,0.0,0,0,1,1.766,1.7761,3.5421,,,,,,,,,,,,,,,,,93.07801963093154,2.1071,28,9,277,139,87,52,4.571149,0,ok,logs/seed_956925.log
362804,irt_only,GHEFT,0,0.0,0,0,1,1.7699,2.3504,4.1203,,,,,,,,,,,,,,,,,104.28680694736842,3.3463,19,8,227,120,70,50,3.803915,0,ok,logs/seed_362804.log
728140,irt_only,GHEFT,0,0.0,0,0,1,1.9675,2.7719,4.7394,,,,,,,,,,,,,,,,,98.9808577874763,2.6361,27,9,247,140,77,63,4.627733,0,ok,logs/seed_728140.log
554565,irt_only,GHEFT,0,0.0,0,0,1,2.136,2.4402,4.5762,,,,,,,,,,,,,,,,,105.31572898695879,2.635,25,10,242,144,86,58,5.069542,0,ok,logs/seed_554565.log
392733,irt_only,GHEFT,0,0.0,0,0,1,1.953,2.4391,4.3921,,,,,,,,,,,,,,,,,126.51088292420563,3.58,28,10,261,153,82,71,5.049013,0,ok,logs/seed_392733.log
769066,irt_only,GHEFT,0,0.0,0,0,1,1.9864,2.3259,4.3123,,,,,,,,,,,,,,,,,122.52815938501074,3.2311,26,11,263,154,83,71,5.733418,0,ok,logs/seed_769066.log
925520,irt_only,GHEFT,0,0.0,0,0,1,1.7366,2.3434,4.08,,,,,,,,,,,,,,,,,101.79472204794536,2.5221,32,10,274,159,90,69,5.537373,0,ok,logs/seed_925520.log
4410,irt_only,GHEFT,0,0.0,0,0,1,1.9657,2.4136,4.3793,,,,,,,,,,,,,,,,,93.71788501533348,2.6481,28,10,244,125,77,48,4.157992,0,ok,logs/seed_4410.log
729459,irt_only,GHEFT,0,0.0,0,0,1,1.8847,1.8303,3.715,,,,,,,,,,,,,,,,,109.06640625241494,2.6319,33,10,273,141,81,60,4.862251,0,ok,logs/seed_729459.log
179329,irt_only,GHEFT,0,0.0,0,0,1,1.92,1.8762,3.7962,,,,,,,,,,,,,,,,,118.20379201036658,3.7722,27,10,243,131,87,44,5.972418,0,ok,logs/seed_179329.log
282114,irt_only,GHEFT,0,0.0,0,0,1,1.9515,1.8485,3.8,,,,,,,,,,,,,,,,,92.84362010669976,2.5977,31,10,261,156,85,71,4.572184,0,ok,logs/seed_282114.log
583172,irt_only,GHEFT,0,0.0,0,0,1,2.0064,2.1331,4.1395,,,,,,,,,,,,,,,,,96.73704196178811,2.5373,31,11,272,162,96,66,5.411787,0,ok,logs/seed_583172.log
534010,irt_only,GHEFT,0,0.0,0,0,1,1.8188,2.5106,4.3294,,,,,,,,,,,,,,,,,95.4595428450704,2.5772,31,10,284,160,98,62,4.34261,0,ok,logs/seed_534010.log
824110,irt_only,GHEFT,0,0.0,0,0,1,1.5914,1.8703,3.4617,,,,,,,,,,,,,,,,,91.59239277600085,2.3753,27,9,248,113,72,41,4.019877,0,ok,logs/seed_824110.log
897704,irt_only,GHEFT,0,0.0,0,0,1,1.788,2.308,4.096,,,,,,,,,,,,,,,,,109.66979722442508,2.5605,29,10,272,161,95,66,4.597572,0,ok,logs/seed_897704.log
226589,irt_only,GHEFT,0,0.0,0,0,1,1.8997,2.2462,4.1459,,,,,,,,,,,,,,,,,80.41119132382569,2.0303,33,11,278,155,92,63,5.031367,0,ok,logs/seed_226589.log
481886,irt_only,GHEFT,0,0.0,0,0,1,1.8165,2.272,4.0885,,,,,,,,,,,,,,,,,95.7685175212276,2.9734,30,9,251,144,84,60,4.355109,0,ok,logs/seed_481886.log
982251,irt_only,GHEFT,0,0.0,0,0,1,1.6417,2.1452,3.7869,,,,,,,,,,,,,,,,,97.62678929120382,2.3831,29,10,268,125,85,40,4.319913,0,ok,logs/seed_982251.log
543181,irt_only,GHEFT,0,0.0,0,0,1,1.7717,2.0551,3.8268,,,,,,,,,,,,,,,,,94.13090119375507,2.7868,34,10,267,141,88,53,5.361177,0,ok,logs/seed_543181.log
397234,irt_only,GHEFT,0,0.0,0,0,1,1.8353,2.1363,3.9716,,,,,,,,,,,,,,,,,99.25732883895134,2.6418,35,11,282,158,81,77,6.073717,0,ok,logs/seed_397234.log
973889,irt_only,GHEFT,0,0.0,0,0,1,1.7053,1.9304,3.6357,,,,,,,,,,,,,,,,,113.71016613226453,2.4641,31,9,271,146,91,55,5.294428,0,ok,logs/seed_973889.log
110682,irt_only,GHEFT,0,0.0,0,0,1,1.7841,2.2059,3.99,,,,,,,,,,,,,,,,,122.61682774937722,2.0618,32,10,255,131,84,47,3.697597,0,ok,logs/seed_110682.log
663813,irt_only,GHEFT,0,0.0,0,0,1,1.7034,2.0506,3.754,,,,,,,,,,,,,,,,,108.20454463745021,2.799,29,9,263,142,87,55,4.206798,0,ok,logs/seed_663813.log
895348,irt_only,GHEFT,0,0.0,0,0,1,1.7315,2.1052,3.8367,,,,,,,,,,,,,,,,,110.14834272090438,3.1297,32,10,270,149,84,65,4.566615,0,ok,logs/seed_895348.log
840905,irt_only,GHEFT,0,0.0,0,0,1,2.0795,2.491,4.5705,,,,,,,,,,,,,,,,,102.70919442042101,2.4281,28,10,251,141,81,60,4.047978,0,ok,logs/seed_840905.log
366120,irt_only,GHEFT,0,0.0,0,0,1,1.9542,2.428,4.3822,,,,,,,,,,,,,,,,,106.70040813889369,2.447,27,9,254,146,90,56,4.266013,0,ok,logs/seed_366120.log
873087,irt_only,GHEFT,0,0.0,0,0,1,1.8871,1.7614,3.6485,,,,,,,,,,,,,,,,,92.0182837628199,2.3855,32,10,264,155,89,66,4.369997,0,ok,logs/seed_873087.log
333017,irt_only,GHEFT,0,0.0,0,0,1,1.8798,2.3415,4.2213,,,,,,,,,,,,,,,,,92.93625763381367,2.4698,24,8,253,122,72,50,3.987846,0,ok,logs/seed_333017.log
479679,irt_only,GHEFT,0,0.0,0,0,1,2.015,2.0483,4.0633,,,,,,,,,,,,,,,,,85.297601,2.7137,29,10,257,137,85,52,3.965776,0,ok,logs/seed_479679.log
547920,irt_only,GHEFT,0,0.0,0,0,1,1.9483,2.0367,3.985,,,,,,,,,,,,,,,,,94.80997754269171,2.5211,35,10,277,142,82,60,4.083864,0,ok,logs/seed_547920.log
397055,irt_only,GHEFT,0,0.0,0,0,1,2.1028,2.7232,4.826,,,,,,,,,,,,,,,,,127.36621537727083,3.4215,36,10,281,148,75,73,4.23648,0,ok,logs/seed_397055.log
255407,irt_only,GHEFT,0,0.0,0,0,1,1.9637,2.281,4.2447,,,,,,,,,,,,,,,,,118.22863648702588,2.9203,29,9,248,137,84,53,4.554923,0,ok,logs/seed_255407.log
529276,irt_only,GHEFT,0,0.0,0,0,1,1.8898,2.5715,4.4613,,,,,,,,,,,,,,,,,119.92162795009979,3.4125,28,8,272,147,82,65,4.343463,0,ok,logs/seed_529276.log
772641,irt_only,GHEFT,0,0.0,0,0,1,1.9348,2.1552,4.09,,,,,,,,,,,,,,,,,94.61689766440347,2.4787,31,10,281,147,98,49,5.324939,0,ok,logs/seed_772641.log
452290,irt_only,GHEFT,0,0.0,0,0,1,1.7984,1.8349,3.6333,,,,,,,,,,,,,,,,,93.66280962201695,2.631,28,10,247,148,86,62,4.689058,0,ok,logs/seed_452290.log
70730,irt_only,GHEFT,0,0.0,0,0,1,1.9978,2.5014,4.4992,,,,,,,,,,,,,,,,,97.03901573604124,2.9392,28,10,268,158,92,66,5.666876,0,ok,logs/seed_70730.log
29523,irt_only,GHEFT,0,0.0,0,0,1,1.9869,2.4446,4.4315,,,,,,,,,,,,,,,,,91.57250299999997,2.7964,28,10,254,149,81,68,4.028995,0,ok,logs/seed_29523.log
580005,irt_only,GHEFT,0,0.0,0,0,1,1.9157,1.7985,3.7142,,,,,,,,,,,,,,,,,91.90033778705637,2.2698,33,11,280,140,86,54,5.808402,0,ok,logs/seed_580005.log
273040,irt_only,GHEFT,0,0.0,0,0,1,2.0237,2.0337,4.0574,,,,,,,,,,,,,,,,,87.63949453299308,2.082,28,9,266,122,79,43,4.626909,0,ok,logs/seed_273040.log
333143,irt_only,GHEFT,0,0.0,0,0,1,1.9252,2.4535,4.3787,,,,,,,,,,,,,,,,,117.43624302967368,2.3218,31,9,257,145,96,49,4.379282,0,ok,logs/seed_333143.log
6027,irt_only,GHEFT,0,0.0,0,0,1,1.6742,1.6717,3.3459,,,,,,,,,,,,,,,,,89.08369612449755,2.0393,35,10,287,171,98,73,4.407375,0,ok,logs/seed_6027.log
802904,irt_only,GHEFT,0,0.0,0,0,1,1.8302,1.8967,3.7269,,,,,,,,,,,,,,,,,121.77351389639897,2.9373,34,10,263,151,91,60,5.664996,0,ok,logs/seed_802904.log
495402,irt_only,GHEFT,0,0.0,0,0,1,1.8128,2.2639,4.0767,,,,,,,,,,,,,,,,,109.30014382898793,2.4547,28,9,264,136,78,58,4.115406,0,ok,logs/seed_495402.log
385502,irt_only,GHEFT,0,0.0,0,0,1,2.3439,2.8022,5.1461,,,,,,,,,,,,,,,,,158.02487928254894,4.1788,27,8,240,111,71,40,4.407327,0,ok,logs/seed_385502.log
847050,irt_only,GHEFT,0,0.0,0,0,1,1.7596,2.3288,4.0884,,,,,,,,,,,,,,,,,94.04026849116609,2.4337,30,10,264,142,83,59,3.855787,0,ok,logs/seed_847050.log
386832,irt_only,GHEFT,0,0.0,0,0,1,1.8249,2.654,4.4789,,,,,,,,,,,,,,,,,101.7508934326712,2.9247,31,10,261,137,79,58,5.019357,0,ok,logs/seed_386832.log
325099,irt_only,GHEFT,0,0.0,0,0,1,2.0288,2.3575,4.3863,,,,,,,,,,,,,,,,,81.17336003315644,1.7591,28,9,251,129,77,52,4.078533,0,ok,logs/seed_325099.log
23707,irt_only,GHEFT,0,0.0,0,0,1,1.7145,2.6481,4.3626,,,,,,,,,,,,,,,,,122.88564593041752,3.3114,32,8,286,146,84,62,4.64353,0,ok,logs/seed_23707.log
779751,irt_only,GHEFT,0,0.0,0,0,1,1.7065,2.1051,3.8116,,,,,,,,,,,,,,,,,117.07709382617882,2.3326,28,9,269,141,80,61,3.988323,0,ok,logs/seed_779751.log
213180,irt_only,GHEFT,0,0.0,0,0,1,1.981,2.1156,4.0966,,,,,,,,,,,,,,,,,101.44275958255925,2.245,29,10,251,140,89,51,4.055645,0,ok,logs/seed_213180.log
903156,irt_only,GHEFT,0,0.0,0,0,1,1.8199,1.865,3.6849,,,,,,,,,,,,,,,,,89.27791361528772,2.8083,30,11,254,133,76,57,4.445371,0,ok,logs/seed_903156.log
854656,irt_only,GHEFT,0,0.0,0,0,1,1.8789,2.2988,4.1777,,,,,,,,,,,,,,,,,85.73160595157623,1.8121,23,10,244,114,73,41,4.396156,0,ok,logs/seed_854656.log
130554,irt_only,GHEFT,0,0.0,0,0,1,1.7122,1.9629,3.6751,,,,,,,,,,,,,,,,,99.26191326760564,2.3247,30,10,266,166,90,76,5.233216,0,ok,logs/seed_130554.log
384884,irt_only,GHEFT,0,0.0,0,0,1,2.0557,2.3284,4.3841,,,,,,,,,,,,,,,,,103.54989184708093,2.7462,25,8,238,141,94,47,3.65635,0,ok,logs/seed_384884.log
433977,irt_only,GHEFT,0,0.0,0,0,1,1.8324,2.4442,4.2766,,,,,,,,,,,,,,,,,112.34813417826031,2.7754,34,10,285,149,88,61,4.519545,0,ok,logs/seed_433977.log
37380,irt_only,GHEFT,0,0.0,0,0,1,1.8975,2.2381,4.1356,,,,,,,,,,,,,,,,,97.42560503449116,2.8533,24,9,281,138,83,55,5.080517,0,ok,logs/seed_37380.log
171794,irt_only,GHEFT,0,0.0,0,0,1,1.9825,2.1982,4.1807,,,,,,,,,,,,,,,,,88.31971533435271,2.8796,27,9,252,139,91,48,4.616375,0,ok,logs/seed_171794.log
154379,irt_only,GHEFT,0,0.0,0,0,1,1.7818,1.7035,3.4853,,,,,,,,,,,,,,,,,101.98905985144427,2.7253,31,9,257,147,76,71,4.531657,0,ok,logs/seed_154379.log
757152,irt_only,GHEFT,0,0.0,0,0,1,1.7293,2.2697,3.999,,,,,,,,,,,,,,,,,109.77611815151516,3.0215,29,9,248,139,79,60,5.080681,0,ok,logs/seed_757152.log
624137,irt_only,GHEFT,0,0.0,0,0,1,1.8625,1.8046,3.6671,,,,,,,,,,,,,,,,,93.75921684343461,2.0744,32,8,283,142,84,58,4.796383,0,ok,logs/seed_624137.log
209074,irt_only,GHEFT,0,0.0,0,0,1,1.8684,1.856,3.7244,,,,,,,,,,,,,,,,,88.01960657797379,2.2457,30,10,258,131,76,55,4.824084,0,ok,logs/seed_209074.log
748006,irt_only,GHEFT,0,0.0,0,0,1,1.8521,2.357,4.2091,,,,,,,,,,,,,,,,,107.59300503144652,2.0367,28,9,274,151,86,65,5.212242,0,ok,logs/seed_748006.log
930590,irt_only,GHEFT,0,0.0,0,0,1,1.9351,1.9808,3.9159,,,,,,,,,,,,,,,,,73.42608716579959,2.2255,33,12,288,155,86,69,5.032332,0,ok,logs/seed_930590.log
746597,irt_only,GHEFT,0,0.0,0,0,1,1.9521,1.961,3.9131,,,,,,,,,,,,,,,,,109.5743517505942,3.0968,35,10,272,130,74,56,4.02137,0,ok,logs/seed_746597.log
421675,irt_only,GHEFT,0,0.0,0,0,1,1.8918,2.293,4.1848,,,,,,,,,,,,,,,,,99.02118950000002,2.6262,29,10,269,128,75,53,4.569679,0,ok,logs/seed_421675.log
31076,irt_only,GHEFT,0,0.0,0,0,1,1.9096,2.474,4.3836,,,,,,,,,,,,,,,,,117.0094370081037,2.5913,29,10,278,174,95,79,4.55982,0,ok,logs/seed_31076.log
466796,irt_only,GHEFT,0,0.0,0,0,1,1.6876,1.8181,3.5057,,,,,,,,,,,,,,,,,124.83899748196771,3.1289,35,11,276,161,100,61,5.641109,0,ok,logs/seed_466796.log
711358,irt_only,GHEFT,0,0.0,0,0,1,1.9819,2.9251,4.907,,,,,,,,,,,,,,,,,98.93155272170688,2.4902,30,10,255,138,81,57,3.908653,0,ok,logs/seed_711358.log
185748,irt_only,GHEFT,0,0.0,0,0,1,2.0997,2.4239,4.5236,,,,,,,,,,,,,,,,,93.12865964335664,3.1352,29,10,259,157,82,75,4.520676,0,ok,logs/seed_185748.log
876677,irt_only,GHEFT,0,0.0,0,0,1,2.0931,2.0471,4.1402,,,,,,,,,,,,,,,,,105.36842346707037,2.3223,31,9,240,130,86,44,3.888066,0,ok,logs/seed_876677.log
223283,irt_only,GHEFT,0,0.0,0,0,1,1.8472,2.2468,4.094,,,,,,,,,,,,,,,,,97.73247295555788,2.8787,24,10,241,138,85,53,4.041889,0,ok,logs/seed_223283.log
894739,irt_only,GHEFT,0,0.0,0,0,1,1.8267,2.3313,4.158,,,,,,,,,,,,,,,,,87.23663860371518,2.3541,28,8,274,115,70,45,4.866829,0,ok,logs/seed_894739.log
108347,irt_only,GHEFT,0,0.0,0,0,1,1.8101,1.9871,3.7972,,,,,,,,,,,,,,,,,106.17095554330709,2.7894,29,9,280,142,86,56,4.393691,0,ok,logs/seed_108347.log
190486,irt_only,GHEFT,0,0.0,0,0,1,2.3864,2.6087,4.9951,,,,,,,,,,,,,,,,,95.75328208955223,3.4051,30,9,242,134,81,53,4.440414,0,ok,logs/seed_190486.log
168340,irt_only,GHEFT,0,0.0,0,0,1,1.9544,2.2557,4.2101,,,,,,,,,,,,,,,,,116.29550779225094,3.1459,28,9,243,143,85,58,4.509781,0,ok,logs/seed_168340.log
304561,irt_only,GHEFT,0,0.0,0,0,1,2.0525,2.3904,4.4429,,,,,,,,,,,,,,,,,96.04708962035761,2.9594,29,10,265,139,87,52,5.115328,0,ok,logs/seed_304561.log
574192,irt_only,GHEFT,0,0.0,0,0,1,1.6379,1.857,3.4949,,,,,,,,,,,,,,,,,91.46332861805452,1.8893,34,11,284,144,92,52,5.46115,0,ok,logs/seed_574192.log
687972,irt_only,GHEFT,0,0.0,0,0,1,1.7991,1.8207,3.6198,,,,,,,,,,,,,,,,,82.29772148178488,2.0773,23,8,265,128,68,60,4.814303,0,ok,logs/seed_687972.log
731201,irt_only,GHEFT,0,0.0,0,0,1,1.7878,2.1639,3.9517,,,,,,,,,,,,,,,,,89.57117553366174,1.5633,25,8,243,113,71,42,4.280148,0,ok,logs/seed_731201.log
579731,irt_only,GHEFT,0,0.0,0,0,1,2.0984,2.2069,4.3053,,,,,,,,,,,,,,,,,106.87555997791861,2.6482,24,9,267,137,77,60,4.851217,0,ok,logs/seed_579731.log
451867,irt_only,GHEFT,0,0.0,0,0,1,1.8997,2.5109,4.4106,,,,,,,,,,,,,,,,,112.65676652283878,2.9155,27,9,239,140,77,63,4.221357,0,ok,logs/seed_451867.log
406724,irt_only,GHEFT,0,0.0,0,0,1,1.7098,2.2635,3.9733,,,,,,,,,,,,,,,,,110.5486843911631,2.5193,33,10,290,160,91,69,6.290067,0,ok,logs/seed_406724.log
793861,irt_only,GHEFT,0,0.0,0,0,1,2.0953,2.3357,4.431,,,,,,,,,,,,,,,,,102.61850463436927,3.377,29,9,271,156,89,67,4.634908,0,ok,logs/seed_793861.log
611415,irt_only,GHEFT,0,0.0,0,0,1,1.8385,2.3566,4.1951,,,,,,,,,,,,,,,,,112.93447386490146,2.2342,29,9,264,145,91,54,4.894893,0,ok,logs/seed_611415.log
521320,irt_only,GHEFT,0,0.0,0,0,1,1.8417,2.3821,4.2238,,,,,,,,,,,,,,,,,103.51007434093081,2.1605,32,10,272,165,97,68,4.961354,0,ok,logs/seed_521320.log
8846,irt_only,GHEFT,0,0.0,0,0,1,1.8901,1.9339,3.824,,,,,,,,,,,,,,,,,136.1958321728395,4.0265,27,8,259,132,76,56,4.786817,0,ok,logs/seed_8846.log
49614,irt_only,GHEFT,0,0.0,0,0,1,2.1034,2.7118,4.8152,,,,,,,,,,,,,,,,,121.6373180940171,3.8277,31,9,260,141,90,51,4.857512,0,ok,logs/seed_49614.log
659032,irt_only,GHEFT,0,0.0,0,0,1,1.902,2.1142,4.0162,,,,,,,,,,,,,,,,,124.7024572424413,3.4368,32,10,233,114,74,40,3.925047,0,ok,logs/seed_659032.log
998482,irt_only,GHEFT,0,0.0,0,0,1,2.196,2.124,4.32,,,,,,,,,,,,,,,,,113.29146749724677,2.9692,33,10,265,142,83,59,4.762193,0,ok,logs/seed_998482.log
93047,irt_only,GHEFT,0,0.0,0,0,1,1.8712,2.1106,3.9818,,,,,,,,,,,,,,,,,111.38072695923535,3.1923,30,9,272,137,75,62,4.576908,0,ok,logs/seed_93047.log
80158,irt_only,GHEFT,0,0.0,0,0,1,1.8466,2.615,4.4616,,,,,,,,,,,,,,,,,114.0926436874023,2.3595,34,10,311,165,91,74,5.674156,0,ok,logs/seed_80158.log
510654,irt_only,GHEFT,0,0.0,0,0,1,1.9473,2.4743,4.4216,,,,,,,,,,,,,,,,,111.41010637044471,2.1374,27,9,267,144,80,64,4.373331,0,ok,logs/seed_510654.log
530654,irt_only,GHEFT,0,0.0,0,0,1,1.9264,2.5024,4.4288,,,,,,,,,,,,,,,,,97.08400472589793,2.9257,26,9,271,157,83,74,5.061254,0,ok,logs/seed_530654.log
573179,irt_only,GHEFT,0,0.0,0,0,1,1.8321,1.9533,3.7854,,,,,,,,,,,,,,,,,85.89691872025723,1.8726,29,10,247,121,73,48,5.379987,0,ok,logs/seed_573179.log
47016,irt_only,GHEFT,0,0.0,0,0,1,1.833,2.2761,4.1091,,,,,,,,,,,,,,,,,118.50105524602269,2.6607,33,9,278,109,70,39,4.759945,0,ok,logs/seed_47016.log
590729,irt_only,GHEFT,0,0.0,0,0,1,1.8469,2.6194,4.4663,,,,,,,,,,,,,,,,,117.99166086956521,3.1382,27,9,250,137,85,52,3.898747,0,ok,logs/seed_590729.log
383125,irt_only,GHEFT,0,0.0,0,0,1,2.3878,2.4101,4.7979,,,,,,,,,,,,,,,,,88.92257678994532,2.591,29,9,249,121,72,49,4.054528,0,ok,logs/seed_383125.log
844140,irt_only,GHEFT,0,0.0,0,0,1,1.9144,2.5103,4.4247,,,,,,,,,,,,,,,,,110.24015805405406,3.1322,28,9,269,138,83,55,3.912284,0,ok,logs/seed_844140.log
909688,irt_only,GHEFT,0,0.0,0,0,1,1.8282,2.3013,4.1295,,,,,,,,,,,,,,,,,116.34689933841577,3.8087,30,9,263,156,93,63,4.556237,0,ok,logs/seed_909688.log
200398,irt_only,GHEFT,0,0.0,0,0,1,1.951,2.4566,4.4076,,,,,,,,,,,,,,,,,108.08110556410257,2.2022,33,11,277,148,72,76,4.639257,0,ok,logs/seed_200398.log
563666,irt_only,GHEFT,0,0.0,0,0,1,1.9091,2.2399,4.149,,,,,,,,,,,,,,,,,102.7341913971631,2.0694,30,10,259,155,91,64,4.170923,0,ok,logs/seed_563666.log
982230,irt_only,GHEFT,0,0.0,0,0,1,1.7968,1.9658,3.7626,,,,,,,,,,,,,,,,,88.38649820279721,1.9668,26,8,261,118,69,49,5.010901,0,ok,logs/seed_982230.log
825585,irt_only,GHEFT,0,0.0,0,0,1,1.9177,1.7695,3.6872,,,,,,,,,,,,,,,,,100.78179270323106,1.9736,30,10,272,145,84,61,4.067803,0,ok,logs/seed_825585.log
178808,irt_only,GHEFT,0,0.0,0,0,1,1.835,2.0106,3.8456,,,,,,,,,,,,,,,,,99.42333764781488,2.5778,36,10,276,149,87,62,4.055702,0,ok,logs/seed_178808.log
132464,irt_only,GHEFT,0,0.0,0,0,1,2.0442,2.2995,4.3437,,,,,,,,,,,,,,,,,98.01584956446993,2.5643,30,10,258,126,75,51,6.150526,0,ok,logs/seed_132464.log
242596,irt_only,GHEFT,0,0.0,0,0,1,1.7469,2.5001,4.247,,,,,,,,,,,,,,,,,110.1641285435739,2.7561,31,9,270,151,92,59,5.570021,0,ok,logs/seed_242596.log
627641,irt_only,GHEFT,0,0.0,0,0,1,2.0223,2.5476,4.5699,,,,,,,,,,,,,,,,,107.85526366304425,3.3613,24,8,263,135,79,56,3.737023,0,ok,logs/seed_627641.log
233825,irt_only,GHEFT,0,0.0,0,0,1,2.211,3.063,5.274,,,,,,,,,,,,,,,,,97.39857932475958,3.4329,34,10,258,133,82,51,4.087646,0,ok,logs/seed_233825.log
104559,irt_only,GHEFT,0,0.0,0,0,1,2.1763,2.7646,4.9409,,,,,,,,,,,,,,,,,104.01311011928337,3.724,28,9,272,143,76,67,3.649048,0,ok,logs/seed_104559.log
420030,irt_only,GHEFT,0,0.0,0,0,1,2.0773,3.1848,5.2621,,,,,,,,,,,,,,,,,100.84095773426141,2.9012,24,8,250,145,79,66,4.060071,0,ok,logs/seed_420030.log
122728,irt_only,GHEFT,0,0.0,0,0,1,1.9579,2.1025,4.0604,,,,,,,,,,,,,,,,,88.67085379366658,2.8944,28,10,250,130,75,55,4.867883,0,ok,logs/seed_122728.log
513240,irt_only,GHEFT,0,0.0,0,0,1,1.8588,2.2323,4.0911,,,,,,,,,,,,,,,,,92.4802744908969,2.4013,24,8,251,134,77,57,4.062212,0,ok,logs/seed_513240.log
762685,irt_only,GHEFT,0,0.0,0,0,1,1.9868,3.0077,4.9945,,,,,,,,,,,,,,,,,110.08018372938145,2.8275,23,8,237,144,81,63,4.1369,0,ok,logs/seed_762685.log
33644,irt_only,GHEFT,0,0.0,0,0,1,2.0598,2.9178,4.9776,,,,,,,,,,,,,,,,,92.36166642936273,2.6467,32,11,259,143,79,64,4.473547,0,ok,logs/seed_33644.log
717433,irt_only,GHEFT,0,0.0,0,0,1,1.8653,2.2131,4.0784,,,,,,,,,,,,,,,,,93.67507265009291,2.2646,29,10,274,151,89,62,5.543911,0,ok,logs/seed_717433.log
223415,irt_only,GHEFT,0,0.0,0,0,1,1.8601,2.5837,4.4438,,,,,,,,,,,,,,,,,153.38297372727268,3.6576,23,9,223,138,83,55,3.948432,0,ok,logs/seed_223415.log
770297,irt_only,GHEFT,0,0.0,0,0,1,1.9828,2.4954,4.4782,,,,,,,,,,,,,,,,,97.70707314073434,2.8502,28,10,274,161,95,66,5.128045,0,ok,logs/seed_770297.log
53816,irt_only,GHEFT,0,0.0,0,0,1,1.9446,2.0234,3.968,,,,,,,,,,,,,,,,,96.1528343733072,2.1158,34,8,277,139,74,65,4.39539,0,ok,logs/seed_53816.log
277504,irt_only,GHEFT,0,0.0,0,0,1,1.8894,2.4198,4.3092,,,,,,,,,,,,,,,,,96.94756334229251,2.8235,25,9,282,132,77,55,4.015115,0,ok,logs/seed_277504.log
348035,irt_only,GHEFT,0,0.0,0,0,1,2.1149,2.2393,4.3542,,,,,,,,,,,,,,,,,71.30212291666665,1.884,34,10,287,125,78,47,4.636531,0,ok,logs/seed_348035.log
310372,irt_only,GHEFT,0,0.0,0,0,1,2.1442,2.444,4.5882,,,,,,,,,,,,,,,,,111.53888741558443,3.087,31,10,253,153,88,65,4.979203,0,ok,logs/seed_310372.log
800807,irt_only,GHEFT,0,0.0,0,0,1,1.9122,2.3675,4.2797,,,,,,,,,,,,,,,,,116.51786402922275,2.9482,31,9,280,149,84,65,5.550171,0,ok,logs/seed_800807.log
263339,irt_only,GHEFT,0,0.0,0,0,1,1.822,2.0757,3.8977,,,,,,,,,,,,,,,,,80.10733397622334,2.1647,33,10,271,136,79,57,5.772434,0,ok,logs/seed_263339.log
573677,irt_only,GHEFT,0,0.0,0,0,1,1.5893,2.1032,3.6925,,,,,,,,,,,,,,,,,112.94294316867469,2.3973,35,11,282,182,99,83,4.421526,0,ok,logs/seed_573677.log
15182,irt_only,GHEFT,0,0.0,0,0,1,2.0033,1.8491,3.8524,,,,,,,,,,,,,,,,,133.39446064573443,2.5961,27,9,253,153,91,62,3.905894,0,ok,logs/seed_15182.log
775808,irt_only,GHEFT,0,0.0,0,0,1,1.9615,2.4277,4.3892,,,,,,,,,,,,,,,,,91.54255844644273,3.2762,33,11,258,141,89,52,4.850006,0,ok,logs/seed_775808.log
993850,irt_only,GHEFT,0,0.0,0,0,1,1.9116,2.1158,4.0274,,,,,,,,,,,,,,,,,106.54607050228732,2.3656,28,8,247,129,76,53,4.148178,0,ok,logs/seed_993850.log
254088,irt_only,GHEFT,0,0.0,0,0,1,1.8317,2.1737,4.0054,,,,,,,,,,,,,,,,,86.03421264946508,2.2234,25,9,223,113,73,40,4.200303,0,ok,logs/seed_254088.log
547104,irt_only,GHEFT,0,0.0,0,0,1,2.012,2.8406,4.8526,,,,,,,,,,,,,,,,,121.95828500540851,2.6828,30,11,264,147,86,61,5.30667,0,ok,logs/seed_547104.log
906200,irt_only,GHEFT,0,0.0,0,0,1,2.0845,2.9298,5.0143,,,,,,,,,,,,,,,,,117.39206424031006,2.9198,23,8,261,112,71,41,3.87233,0,ok,logs/seed_906200.log
539013,irt_only,GHEFT,0,0.0,0,0,1,2.0693,2.1212,4.1905,,,,,,,,,,,,,,,,,92.96051428599094,2.165,30,10,260,159,97,62,4.259755,0,ok,logs/seed_539013.log
116455,irt_only,GHEFT,0,0.0,0,0,1,2.0141,2.735,4.7491,,,,,,,,,,,,,,,,,123.07602966236054,2.919,28,10,238,143,90,53,4.418864,0,ok,logs/seed_116455.log
149887,irt_only,GHEFT,0,0.0,0,0,1,1.8125,1.8331,3.6456,,,,,,,,,,,,,,,,,88.93187678072547,2.1812,29,9,263,133,84,49,4.321564,0,ok,logs/seed_149887.log
581975,irt_only,GHEFT,0,0.0,0,0,1,1.7238,1.8179,3.5417,,,,,,,,,,,,,,,,,96.54718142224114,2.2563,29,10,267,149,89,60,5.27084,0,ok,logs/seed_581975.log
245300,irt_only,GHEFT,0,0.0,0,0,1,1.7487,1.867,3.6157,,,,,,,,,,,,,,,,,103.18499272809665,2.6897,32,10,257,154,89,65,4.445285,0,ok,logs/seed_245300.log
749768,irt_only,GHEFT,0,0.0,0,0,1,2.0011,2.3431,4.3442,,,,,,,,,,,,,,,,,89.04343863837123,2.7803,29,9,263,133,78,55,3.238263,0,ok,logs/seed_749768.log
984059,irt_only,GHEFT,0,0.0,0,0,1,2.1634,2.3613,4.5247,,,,,,,,,,,,,,,,,95.03788147649301,2.5732,30,9,275,144,86,58,3.856374,0,ok,logs/seed_984059.log
97410,irt_only,GHEFT,0,0.0,0,0,1,1.8261,1.8462,3.6723,,,,,,,,,,,,,,,,,87.96911828468035,2.5259,32,10,281,166,99,67,5.195721,0,ok,logs/seed_97410.log
956125,irt_only,GHEFT,0,0.0,0,0,1,1.8985,2.0065,3.905,,,,,,,,,,,,,,,,,97.76539252662506,2.705,28,9,248,144,88,56,4.681038,0,ok,logs/seed_956125.log
877091,irt_only,GHEFT,0,0.0,0,0,1,1.7156,1.6844,3.4,,,,,,,,,,,,,,,,,106.45990781553253,2.345,26,8,274,150,87,63,5.070246,0,ok,logs/seed_877091.log
226651,irt_only,GHEFT,0,0.0,0,0,1,1.9709,2.3545,4.3254,,,,,,,,,,,,,,,,,94.69751317685731,2.2277,35,11,275,154,86,68,4.578664,0,ok,logs/seed_226651.log
673466,irt_only,GHEFT,0,0.0,0,0,1,1.889,2.0083,3.8973,,,,,,,,,,,,,,,,,82.10817184574894,2.2576,32,11,272,133,82,51,3.715433,0,ok,logs/seed_673466.log
905076,irt_only,GHEFT,0,0.0,0,0,1,1.937,2.1342,4.0712,,,,,,,,,,,,,,,,,87.6924259508197,2.2054,33,10,283,169,99,70,4.912332,0,ok,logs/seed_905076.log
156873,irt_only,GHEFT,0,0.0,0,0,1,1.6426,2.0942,3.7368,,,,,,,,,,,,,,,,,99.23716291152132,2.261,29,9,268,146,84,62,4.720757,0,ok,logs/seed_156873.log
687203,irt_only,GHEFT,0,0.0,0,0,1,2.0999,3.3416,5.4415,,,,,,,,,,,,,,,,,119.60770161486023,2.6974,27,8,254,135,77,58,4.332741,0,ok,logs/seed_687203.log
137164,irt_only,GHEFT,0,0.0,0,0,1,1.808,2.7743,4.5823,,,,,,,,,,,,,,,,,123.26059733858268,3.1544,27,10,257,157,80,77,4.722545,0,ok,logs/seed_137164.log
615585,irt_only,GHEFT,0,0.0,0,0,1,1.8433,1.9245,3.7678,,,,,,,,,,,,,,,,,100.74049344040245,2.6632,34,11,300,144,88,56,4.190204,0,ok,logs/seed_615585.log
948603,irt_only,GHEFT,0,0.0,0,0,1,1.8614,1.8645,3.7259,,,,,,,,,,,,,,,,,86.94403217093596,2.1961,28,10,266,121,73,48,3.753043,0,ok,logs/seed_948603.log
330246,irt_only,GHEFT,0,0.0,0,0,1,2.1168,2.1908,4.3076,,,,,,,,,,,,,,,,,109.17734431210191,3.0113,28,8,242,147,88,59,4.286488,0,ok,logs/seed_330246.log
231763,irt_only,GHEFT,0,0.0,0,0,1,1.9208,2.1037,4.0245,,,,,,,,,,,,,,,,,109.6881019118541,2.754,23,8,246,138,89,49,4.45225,0,ok,logs/seed_231763.log
254692,irt_only,GHEFT,0,0.0,0,0,1,1.9761,2.4556,4.4317,,,,,,,,,,,,,,,,,104.81688052373158,3.3149,30,10,254,157,98,59,4.33485,0,ok,logs/seed_254692.log
726098,irt_only,GHEFT,0,0.0,0,0,1,2.0543,2.1885,4.2428,,,,,,,,,,,,,,,,,95.17193130699086,3.1754,30,8,274,137,78,59,4.844342,0,ok,logs/seed_726098.log
165469,irt_only,GHEFT,0,0.0,0,0,1,2.1931,2.1611,4.3542,,,,,,,,,,,,,,,,,86.30081172330645,2.4185,25,11,266,150,89,61,4.059529,0,ok,logs/seed_165469.log
467321,irt_only,GHEFT,0,0.0,0,0,1,1.791,2.9019,4.6929,,,,,,,,,,,,,,,,,98.95852542417022,2.876,26,10,229,138,80,58,4.06187,0,ok,logs/seed_467321.log
729320,irt_only,GHEFT,0,0.0,0,0,1,1.8306,2.3128,4.1434,,,,,,,,,,,,,,,,,99.07089225579013,2.5228,31,9,264,127,76,51,4.681455,0,ok,logs/seed_729320.log
400221,irt_only,GHEFT,0,0.0,0,0,1,2.1006,2.3131,4.4137,,,,,,,,,,,,,,,,,100.24778275406237,2.5687,27,9,256,144,82,62,4.932331,0,ok,logs/seed_400221.log
456402,irt_only,GHEFT,0,0.0,0,0,1,1.9558,2.5993,4.5551,,,,,,,,,,,,,,,,,98.84053070451009,2.3293,29,8,248,117,71,46,3.75418,0,ok,logs/seed_456402.log
91696,irt_only,GHEFT,0,0.0,0,0,1,1.9892,2.7597,4.7489,,,,,,,,,,,,,,,,,100.67875003722442,2.8288,34,10,287,158,88,70,5.916846,0,ok,logs/seed_91696.log
868799,irt_only,GHEFT,0,0.0,0,0,1,2.0629,2.1197,4.1826,,,,,,,,,,,,,,,,,98.7682723866469,2.7109,27,10,260,123,79,44,4.017651,0,ok,logs/seed_868799.log
809171,irt_only,GHEFT,0,0.0,0,0,1,1.8005,2.0784,3.8789,,,,,,,,,,,,,,,,,96.28018840579708,2.6959,33,10,271,141,91,50,6.315158,0,ok,logs/seed_809171.log
509668,irt_only,GHEFT,0,0.0,0,0,1,1.6951,1.9246,3.6197,,,,,,,,,,,,,,,,,108.08461441441438,2.3052,30,10,269,147,90,57,4.666964,0,ok,logs/seed_509668.log
715759,irt_only,GHEFT,0,0.0,0,0,1,1.9062,2.7487,4.6549,,,,,,,,,,,,,,,,,109.10757130306953,3.2412,31,10,278,172,88,84,6.01978,0,ok,logs/seed_715759.log
34130,irt_only,GHEFT,0,0.0,0,0,1,1.9433,2.5714,4.5147,,,,,,,,,,,,,,,,,99.42063434668295,2.5832,34,10,281,152,88,64,5.328442,0,ok,logs/seed_34130.log
439635,irt_only,GHEFT,0,0.0,0,0,1,1.8811,2.3922,4.2733,,,,,,,,,,,,,,,,,101.41510100000002,3.2439,27,9,266,158,83,75,4.050454,0,ok,logs/seed_439635.log
353714,irt_only,GHEFT,0,0.0,0,0,1,2.1422,2.1994,4.3416,,,,,,,,,,,,,,,,,77.6443013245033,2.2012,25,9,259,110,68,42,4.549569,0,ok,logs/seed_353714.log
844934,irt_only,GHEFT,0,0.0,0,0,1,1.895,2.7001,4.5951,,,,,,,,,,,,,,,,,105.76617944360902,2.672,28,9,246,134,77,57,4.304302,0,ok,logs/seed_844934.log
960763,irt_only,GHEFT,0,0.0,0,0,1,2.0519,2.2732,4.3251,,,,,,,,,,,,,,,,,85.198900820059,2.48,29,9,265,153,83,70,4.067517,0,ok,logs/seed_960763.log
659657,irt_only,GHEFT,0,0.0,0,0,1,1.8595,2.2403,4.0998,,,,,,,,,,,,,,,,,118.92664817518246,2.1679,29,9,241,142,79,63,4.118388,0,ok,logs/seed_659657.log
938087,irt_only,GHEFT,0,0.0,0,0,1,1.9151,2.6827,4.5978,,,,,,,,,,,,,,,,,119.84594108818013,3.3416,28,8,278,130,77,53,4.401258,0,ok,logs/seed_938087.log
430630,irt_only,GHEFT,0,0.0,0,0,1,2.016,2.2489,4.2649,,,,,,,,,,,,,,,,,98.07774564532544,2.4871,25,10,251,164,99,65,4.588084,0,ok,logs/seed_430630.log
450588,irt_only,GHEFT,0,0.0,0,0,1,1.9448,2.0965,4.0413,,,,,,,,,,,,,,,,,115.35261267741937,3.4361,27,8,274,123,72,51,4.376169,0,ok,logs/seed_450588.log
324937,irt_only,GHEFT,0,0.0,0,0,1,1.6323,2.0629,3.6952,,,,,,,,,,,,,,,,,150.67300467426708,2.1933,25,11,248,140,88,52,4.919541,0,ok,logs/seed_324937.log
220568,irt_only,GHEFT,0,0.0,0,0,1,1.6927,1.9021,3.5948,,,,,,,,,,,,,,,,,116.08189305598685,2.2833,29,10,274,155,95,60,4.914894,0,ok,logs/seed_220568.log
143411,irt_only,GHEFT,0,0.0,0,0,1,1.8528,2.7758,4.6286,,,,,,,,,,,,,,,,,105.93557501449276,2.1679,23,9,251,128,84,44,4.050342,0,ok,logs/seed_143411.log
578644,irt_only,GHEFT,0,0.0,0,0,1,1.807,2.0932,3.9002,,,,,,,,,,,,,,,,,108.93830908946748,2.7722,32,9,275,148,87,61,5.254048,0,ok,logs/seed_578644.log
411421,irt_only,GHEFT,0,0.0,0,0,1,1.9316,2.2814,4.213,,,,,,,,,,,,,,,,,110.6894133046045,3.074,33,10,273,143,77,66,4.55018,0,ok,logs/seed_411421.log
332843,irt_only,GHEFT,0,0.0,0,0,1,1.8658,2.0385,3.9043,,,,,,,,,,,,,,,,,93.60723289124671,2.1221,28,10,278,149,91,58,5.36536,0,ok,logs/seed_332843.log
2159,irt_only,GHEFT,0,0.0,0,0,1,1.8764,2.1388,4.0152,,,,,,,,,,,,,,,,,103.06150851724225,2.7713,26,8,260,134,86,48,3.631851,0,ok,logs/seed_2159.log
816107,irt_only,GHEFT,0,0.0,0,0,1,1.8873,2.5025,4.3898,,,,,,,,,,,,,,,,,128.3882374818586,3.0978,20,8,223,133,81,52,4.203904,0,ok,logs/seed_816107.log
373934,irt_only,GHEFT,0,0.0,0,0,1,2.095,2.3086,4.4036,,,,,,,,,,,,,,,,,109.434965536213,3.1318,32,10,274,181,106,75,4.795332,0,ok,logs/seed_373934.log
824212,irt_only,GHEFT,0,0.0,0,0,1,2.002,2.2519,4.2539,,,,,,,,,,,,,,,,,98.212915936866,2.4886,30,10,235,124,80,44,3.735741,0,ok,logs/seed_824212.log
549839,irt_only,GHEFT,0,0.0,0,0,1,1.9035,2.041,3.9445,,,,,,,,,,,,,,,,,121.69615552571803,3.4045,23,8,229,132,80,52,4.02565,0,ok,logs/seed_549839.log
17250,irt_only,GHEFT,0,0.0,0,0,1,1.9374,2.1489,4.0863,,,,,,,,,,,,,,,,,100.62057646447704,2.7381,28,9,264,144,93,51,4.651312,0,ok,logs/seed_17250.log
644403,irt_only,GHEFT,0,0.0,0,0,1,1.8238,1.8,3.6238,,,,,,,,,,,,,,,,,102.16526843057552,2.1105,34,11,293,168,94,74,5.45737,0,ok,logs/seed_644403.log
891331,irt_only,GHEFT,0,0.0,0,0,1,1.9938,2.2747,4.2685,,,,,,,,,,,,,,,,,89.61392675159237,1.8429,35,11,266,133,82,51,4.351879,0,ok,logs/seed_891331.log
541033,irt_only,GHEFT,0,0.0,0,0,1,1.9634,2.2729,4.2363,,,,,,,,,,,,,,,,,108.99033084014368,2.5826,35,10,262,145,87,58,4.899749,0,ok,logs/seed_541033.log
711521,irt_only,GHEFT,0,0.0,0,0,1,1.8845,2.0146,3.8991,,,,,,,,,,,,,,,,,111.92631904761903,2.7379,31,8,273,131,74,57,4.375222,0,ok,logs/seed_711521.log
725265,irt_only,GHEFT,0,0.0,0,0,1,1.7782,1.6669,3.4451,,,,,,,,,,,,,,,,,81.96314952581663,1.5235,33,9,305,152,93,59,4.382546,0,ok,logs/seed_725265.log
793509,irt_only,GHEFT,0,0.0,0,0,1,1.7842,2.2211,4.0053,,,,,,,,,,,,,,,,,97.84447163819556,3.3172,30,10,273,136,80,56,4.34776,0,ok,logs/seed_793509.log
417817,irt_only,GHEFT,0,0.0,0,0,1,1.7686,2.3672,4.1358,,,,,,,,,,,,,,,,,107.64418676963349,3.1048,34,11,281,145,86,59,4.834021,0,ok,logs/seed_417817.log
603228,irt_only,GHEFT,0,0.0,0,0,1,2.0016,2.4633,4.4649,,,,,,,,,,,,,,,,,101.6567699412484,3.1785,31,8,253,135,81,54,4.648726,0,ok,logs/seed_603228.log
21177,irt_only,GHEFT,0,0.0,0,0,1,1.8525,2.0203,3.8728,,,,,,,,,,,,,,,,,86.83350841839764,2.4484,28,10,256,136,79,57,4.749398,0,ok,logs/seed_21177.log
307954,irt_only,GHEFT,0,0.0,0,0,1,1.8265,2.4674,4.2939,,,,,,,,,,,,,,,,,105.5554739011739,2.0731,28,9,255,138,84,54,4.720869,0,ok,logs/seed_307954.log
527286,irt_only,GHEFT,0,0.0,0,0,1,2.2928,2.7162,5.009,,,,,,,,,,,,,,,,,83.59853250074296,2.0259,29,9,269,112,67,45,4.436687,0,ok,logs/seed_527286.log
199889,irt_only,GHEFT,0,0.0,0,0,1,1.8515,2.2863,4.1378,,,,,,,,,,,,,,,,,83.4930786116483,2.2627,32,9,265,148,86,62,4.650058,0,ok,logs/seed_199889.log
364276,irt_only,GHEFT,0,0.0,0,0,1,1.7512,1.9509,3.7021,,,,,,,,,,,,,,,,,85.99061806040619,2.5997,36,10,289,130,80,50,5.11007,0,ok,logs/seed_364276.log
68246,irt_only,GHEFT,0,0.0,0,0,1,1.8209,1.9087,3.7296,,,,,,,,,,,,,,,,,85.65369449431952,2.5323,23,8,232,101,63,38,3.442684,0,ok,logs/seed_68246.log
238033,irt_only,GHEFT,0,0.0,0,0,1,1.706,1.9406,3.6466,,,,,,,,,,,,,,,,,85.21475130674847,1.9256,26,9,266,146,83,63,4.054892,0,ok,logs/seed_238033.log
220944,irt_only,GHEFT,0,0.0,0,0,1,1.816,2.0006,3.8166,,,,,,,,,,,,,,,,,94.24708289203085,2.3661,37,12,308,169,98,71,5.263271,0,ok,logs/seed_220944.log
891582,irt_only,GHEFT,0,0.0,0,0,1,1.7506,1.7619,3.5125,,,,,,,,,,,,,,,,,106.08158115981875,2.8899,29,10,258,136,79,57,4.580438,0,ok,logs/seed_891582.log
782412,irt_only,GHEFT,0,0.0,0,0,1,2.2575,3.2141,5.4716,,,,,,,,,,,,,,,,,97.883966174859,3.1453,33,10,271,170,94,76,4.617841,0,ok,logs/seed_782412.log
272720,irt_only,GHEFT,0,0.0,0,0,1,1.8152,1.8751,3.6903,,,,,,,,,,,,,,,,,93.2904416999352,2.5554,30,9,288,150,89,61,4.185012,0,ok,logs/seed_272720.log
992708,irt_only,GHEFT,0,0.0,0,0,1,1.7834,2.3748,4.1582,,,,,,,,,,,,,,,,,92.24248356778557,2.5786,35,10,290,171,90,81,4.83572,0,ok,logs/seed_992708.log
30644,irt_only,GHEFT,0,0.0,0,0,1,1.9928,2.2728,4.2656,,,,,,,,,,,,,,,,,82.44244360186264,2.3429,36,9,277,134,78,56,4.761274,0,ok,logs/seed_30644.log
921837,irt_only,GHEFT,0,0.0,0,0,1,2.1852,2.3873,4.5725,,,,,,,,,,,,,,,,,109.460504,2.9811,29,11,265,169,96,73,4.424503,0,ok,logs/seed_921837.log
920979,irt_only,GHEFT,0,0.0,0,0,1,2.0927,2.0758,4.1685,,,,,,,,,,,,,,,,,94.53452058333333,2.6679,35,11,287,163,92,71,4.063225,0,ok,logs/seed_920979.log
642755,irt_only,GHEFT,0,0.0,0,0,1,2.0393,2.1415,4.1808,,,,,,,,,,,,,,,,,97.69069561127003,2.6656,30,9,270,123,74,49,4.368542,0,ok,logs/seed_642755.log
43741,irt_only,GHEFT,0,0.0,0,0,1,2.0855,2.3351,4.4206,,,,,,,,,,,,,,,,,83.51440368807333,2.3509,28,10,244,106,63,43,4.957668,0,ok,logs/seed_43741.log
254302,irt_only,GHEFT,0,0.0,0,0,1,2.0553,3.038,5.0933,,,,,,,,,,,,,,,,,106.509304187251,2.9496,26,8,255,136,74,62,4.721305,0,ok,logs/seed_254302.log
53196,irt_only,GHEFT,0,0.0,0,0,1,1.9705,2.3549,4.3254,,,,,,,,,,,,,,,,,115.473080465141,3.0879,22,8,242,123,85,38,4.14241,0,ok,logs/seed_53196.log
601808,irt_only,GHEFT,0,0.0,0,0,1,1.7498,2.2308,3.9806,,,,,,,,,,,,,,,,,92.20147595142956,2.1698,27,9,261,121,73,48,4.892498,0,ok,logs/seed_601808.log
832225,irt_only,GHEFT,0,0.0,0,0,1,2.0631,2.0827,4.1458,,,,,,,,,,,,,,,,,96.0619285795159,2.7742,27,10,274,139,83,56,4.376486,0,ok,logs/seed_832225.log
582446,irt_only,GHEFT,0,0.0,0,0,1,1.6383,1.8028,3.4411,,,,,,,,,,,,,,,,,106.1988872174579,2.7372,35,9,297,144,91,53,4.530871,0,ok,logs/seed_582446.log
538445,irt_only,GHEFT,0,0.0,0,0,1,1.962,2.7711,4.7331,,,,,,,,,,,,,,,,,100.42425340961113,2.6282,30,10,246,137,80,57,5.521409,0,ok,logs/seed_538445.log
323662,irt_only,GHEFT,0,0.0,0,0,1,1.9525,2.8016,4.7541,,,,,,,,,,,,,,,,,106.11675434380778,3.27,28,9,283,142,79,63,4.440362,0,ok,logs/seed_323662.log
361331,irt_only,GHEFT,0,0.0,0,0,1,1.8533,2.7558,4.6091,,,,,,,,,,,,,,,,,103.52742037141851,2.7984,27,9,262,129,76,53,4.321047,0,ok,logs/seed_361331.log
139576,irt_only,GHEFT,0,0.0,0,0,1,1.9502,2.5183,4.4685,,,,,,,,,,,,,,,,,120.78707866455802,3.1309,29,8,268,133,82,51,3.749429,0,ok,logs/seed_139576.log
802985,irt_only,GHEFT,0,0.0,0,0,1,2.0632,2.9576,5.0208,,,,,,,,,,,,,,,,,93.1578437938701,2.1358,25,10,264,167,90,77,4.985444,0,ok,logs/seed_802985.log
801777,irt_only,GHEFT,0,0.0,0,0,1,1.7858,2.3316,4.1174,,,,,,,,,,,,,,,,,100.46077877777778,3.1358,32,10,253,150,86,64,4.645198,0,ok,logs/seed_801777.log
340074,irt_only,GHEFT,0,0.0,0,0,1,1.8271,1.8858,3.7129,,,,,,,,,,,,,,,,,84.91595880522458,2.2043,33,10,305,160,102,58,5.961718,0,ok,logs/seed_340074.log
850648,irt_only,GHEFT,0,0.0,0,0,1,1.7893,1.746,3.5353,,,,,,,,,,,,,,,,,99.63868938035134,1.6693,31,9,274,118,72,46,4.047589,0,ok,logs/seed_850648.log
332271,irt_only,GHEFT,0,0.0,0,0,1,1.9964,2.5878,4.5842,,,,,,,,,,,,,,,,,106.98243377099234,3.2077,33,9,271,153,89,64,4.594134,0,ok,logs/seed_332271.log
389750,irt_only,GHEFT,0,0.0,0,0,1,1.9991,2.2163,4.2154,,,,,,,,,,,,,,,,,95.10977218514601,2.549,31,11,257,146,87,59,4.275878,0,ok,logs/seed_389750.log
798169,irt_only,GHEFT,0,0.0,0,0,1,2.0271,2.5612,4.5883,,,,,,,,,,,,,,,,,92.16464641285569,2.5586,24,8,254,111,68,43,3.859176,0,ok,logs/seed_798169.log
297853,irt_only,GHEFT,0,0.0,0,0,1,1.8386,2.038,3.8766,,,,,,,,,,,,,,,,,99.88642853025938,2.3509,33,10,266,152,89,63,5.291697,0,ok,logs/seed_297853.log
579634,irt_only,GHEFT,0,0.0,0,0,1,2.0053,2.2953,4.3006,,,,,,,,,,,,,,,,,120.6512877514934,2.8505,31,10,253,130,80,50,4.595295,0,ok,logs/seed_579634.log
345486,irt_only,GHEFT,0,0.0,0,0,1,1.9743,2.4779,4.4522,,,,,,,,,,,,,,,,,109.02464341908714,3.9285,27,9,255,143,77,66,4.168011,0,ok,logs/seed_345486.log
345064,irt_only,GHEFT,0,0.0,0,0,1,1.971,2.9304,4.9014,,,,,,,,,,,,,,,,,115.1025152167919,2.8925,29,8,264,142,88,54,4.08439,0,ok,logs/seed_345064.log
956254,irt_only,GHEFT,0,0.0,0,0,1,1.9609,1.9881,3.949,,,,,,,,,,,,,,,,,74.09590095398826,2.0579,24,9,274,135,74,61,4.61182,0,ok,logs/seed_956254.log
84361,irt_only,GHEFT,0,0.0,0,0,1,1.7188,2.1105,3.8293,,,,,,,,,,,,,,,,,109.90099035549724,2.3433,29,9,257,134,84,50,4.87224,0,ok,logs/seed_84361.log
496940,irt_only,GHEFT,0,0.0,0,0,1,1.6999,2.1807,3.8806,,,,,,,,,,,,,,,,,105.16472089694335,2.286,26,8,266,131,77,54,4.419079,0,ok,logs/seed_496940.log
898042,irt_only,GHEFT,0,0.0,0,0,1,1.6148,1.8278,3.4426,,,,,,,,,,,,,,,,,105.80975885120552,2.5252,31,10,273,132,78,54,4.198977,0,ok,logs/seed_898042.log
653358,irt_only,GHEFT,0,0.0,0,0,1,1.7858,2.1412,3.927,,,,,,,,,,,,,,,,,104.82882933484167,2.4069,30,10,244,147,93,54,4.795165,0,ok,logs/seed_653358.log
400544,irt_only,GHEFT,0,0.0,0,0,1,1.9872,2.3758,4.363,,,,,,,,,,,,,,,,,105.52903454627062,2.4749,29,10,229,146,87,59,3.904634,0,ok,logs/seed_400544.log
242184,irt_only,GHEFT,0,0.0,0,0,1,2.074,2.4603,4.5343,,,,,,,,,,,,,,,,,99.60962741241973,3.1204,26,9,251,142,78,64,4.212092,0,ok,logs/seed_242184.log
393637,irt_only,GHEFT,0,0.0,0,0,1,2.0167,2.6667,4.6834,,,,,,,,,,,,,,,,,101.22955298039217,2.3014,27,9,262,136,72,64,4.499107,0,ok,logs/seed_393637.log
995508,irt_only,GHEFT,0,0.0,0,0,1,2.0144,2.2941,4.3085,,,,,,,,,,,,,,,,,119.34893880597014,3.1379,22,8,234,140,82,58,4.896323,0,ok,logs/seed_995508.log
243653,irt_only,GHEFT,0,0.0,0,0,1,1.9247,2.7614,4.6861,,,,,,,,,,,,,,,,,100.24639923259694,2.9423,33,10,281,154,89,65,5.288224,0,ok,logs/seed_243653.log
343514,irt_only,GHEFT,0,0.0,0,0,1,1.8043,2.2969,4.1012,,,,,,,,,,,,,,,,,100.12767001862271,2.3986,22,8,252,142,75,67,4.22965,0,ok,logs/seed_343514.log
411929,irt_only,GHEFT,0,0.0,0,0,1,1.8478,2.4631,4.3109,,,,,,,,,,,,,,,,,103.76671131707313,2.791,27,8,256,132,78,54,4.239195,0,ok,logs/seed_411929.log
668641,irt_only,GHEFT,0,0.0,0,0,1,1.936,2.1232,4.0592,,,,,,,,,,,,,,,,,106.90581758877046,2.2747,36,10,264,135,83,52,4.641418,0,ok,logs/seed_668641.log
20187,irt_only,GHEFT,0,0.0,0,0,1,1.9807,3.0507,5.0314,,,,,,,,,,,,,,,,,117.73837001801733,3.4005,24,9,255,154,84,70,5.274896,0,ok,logs/seed_20187.log
658023,irt_only,GHEFT,0,0.0,0,0,1,1.8793,2.4073,4.2866,,,,,,,,,,,,,,,,,110.04808827258323,2.6332,26,8,260,115,69,46,3.928015,0,ok,logs/seed_658023.log
846287,irt_only,GHEFT,0,0.0,0,0,1,1.9841,2.5258,4.5099,,,,,,,,,,,,,,,,,101.12394760415985,3.5446,30,9,262,141,77,64,4.3935,0,ok,logs/seed_846287.log
347153,irt_only,GHEFT,0,0.0,0,0,1,1.9873,2.8907,4.878,,,,,,,,,,,,,,,,,110.91563379679103,2.8531,27,9,275,162,90,72,5.030521,0,ok,logs/seed_347153.log
891181,irt_only,GHEFT,0,0.0,0,0,1,2.0406,2.1258,4.1664,,,,,,,,,,,,,,,,,98.15801911791063,2.5507,27,10,259,140,83,57,5.119152,0,ok,logs/seed_891181.log
937433,irt_only,GHEFT,0,0.0,0,0,1,1.6087,2.0414,3.6501,,,,,,,,,,,,,,,,,93.56893551196802,2.2687,30,10,265,148,91,57,4.22134,0,ok,logs/seed_937433.log
489777,irt_only,GHEFT,0,0.0,0,0,1,1.8836,2.1997,4.0833,,,,,,,,,,,,,,,,,118.42206410750845,2.5616,29,9,254,152,87,65,4.759207,0,ok,logs/seed_489777.log
248415,irt_only,GHEFT,0,0.0,0,0,1,1.7846,2.1215,3.9061,,,,,,,,,,,,,,,,,95.2091781599737,2.4384,30,10,252,130,80,50,4.862179,0,ok,logs/seed_248415.log
552234,irt_only,GHEFT,0,0.0,0,0,1,1.9665,2.6055,4.572,,,,,,,,,,,,,,,,,85.0861012509198,2.18,29,10,261,127,73,54,3.682846,0,ok,logs/seed_552234.log
660822,irt_only,GHEFT,0,0.0,0,0,1,2.0991,1.8905,3.9896,,,,,,,,,,,,,,,,,74.94209573871277,2.0307,27,10,239,121,68,53,4.107149,0,ok,logs/seed_660822.log
899646,irt_only,GHEFT,0,0.0,0,0,1,1.9202,2.5369,4.4571,,,,,,,,,,,,,,,,,110.58020686221994,2.7247,32,10,288,158,96,62,4.785998,0,ok,logs/seed_899646.log
657048,irt_only,GHEFT,0,0.0,0,0,1,1.6829,2.4152,4.0981,,,,,,,,,,,,,,,,,113.76230783941607,2.663,37,11,281,145,84,61,4.482888,0,ok,logs/seed_657048.log
519203,irt_only,GHEFT,0,0.0,0,0,1,2.033,2.5946,4.6276,,,,,,,,,,,,,,,,,104.42528938607495,2.5778,28,8,266,146,79,67,4.636043,0,ok,logs/seed_519203.log
198049,irt_only,GHEFT,0,0.0,0,0,1,1.6883,2.0828,3.7711,,,,,,,,,,,,,,,,,101.68830548538013,2.8667,31,10,287,126,79,47,5.255114,0,ok,logs/seed_198049.log
690757,irt_only,GHEFT,0,0.0,0,0,1,1.7724,2.4368,4.2092,,,,,,,,,,,,,,,,,120.26893418647165,2.695,29,10,276,163,98,65,5.482694,0,ok,logs/seed_690757.log
402947,irt_only,GHEFT,0,0.0,0,0,1,2.0123,2.7056,4.7179,,,,,,,,,,,,,,,,,126.18599314619078,4.1496,27,9,247,133,85,48,4.289969,0,ok,logs/seed_402947.log
556081,irt_only,GHEFT,0,0.0,0,0,1,1.9456,2.7396,4.6852,,,,,,,,,,,,,,,,,104.01481843426437,2.7663,31,10,268,132,79,53,4.662974,0,ok,logs/seed_556081.log
934188,irt_only,GHEFT,0,0.0,0,0,1,1.8153,2.1537,3.969,,,,,,,,,,,,,,,,,130.84955462644194,2.9359,29,10,267,156,95,61,5.885304,0,ok,logs/seed_934188.log
123970,irt_only,GHEFT,0,0.0,0,0,1,2.003,2.1873,4.1903,,,,,,,,,,,,,,,,,99.82761525641024,2.5595,27,12,247,135,85,50,4.424892,0,ok,logs/seed_123970.log
518181,irt_only,GHEFT,0,0.0,0,0,1,2.1372,2.211,4.3482,,,,,,,,,,,,,,,,,130.3369786229686,3.2342,32,9,269,141,81,60,4.858358,0,ok,logs/seed_518181.log
399989,irt_only,GHEFT,0,0.0,0,0,1,1.7799,2.3177,4.0976,,,,,,,,,,,,,,,,,111.04489826027398,2.8423,29,10,270,150,95,55,4.218441,0,ok,logs/seed_399989.log
901771,irt_only,GHEFT,0,0.0,0,0,1,2.0839,1.9934,4.0773,,,,,,,,,,,,,,,,,87.12449418070445,2.3049,30,9,275,148,84,64,4.763163,0,ok,logs/seed_901771.log
775491,irt_only,GHEFT,0,0.0,0,0,1,1.9879,2.2445,4.2324,,,,,,,,,,,,,,,,,106.44066663636363,2.9514,32,10,265,153,91,62,4.996991,0,ok,logs/seed_775491.log
925874,irt_only,GHEFT,0,0.0,0,0,1,1.7183,2.0632,3.7815,,,,,,,,,,,,,,,,,96.91910247643979,2.3417,29,8,273,117,76,41,4.456714,0,ok,logs/seed_925874.log
298914,irt_only,GHEFT,0,0.0,0,0,1,2.1782,2.8513,5.0295,,,,,,,,,,,,,,,,,110.85607147970478,3.0188,37,11,291,161,80,81,5.449951,0,ok,logs/seed_298914.log
769242,irt_only,GHEFT,0,0.0,0,0,1,1.9255,2.6381,4.5636,,,,,,,,,,,,,,,,,99.55201378610603,2.5617,31,10,280,142,81,61,4.64734,0,ok,logs/seed_769242.log
884462,irt_only,GHEFT,0,0.0,0,0,1,1.822,2.242,4.064,,,,,,,,,,,,,,,,,93.81574794493962,2.4152,25,8,277,144,78,66,4.344086,0,ok,logs/seed_884462.log
948968,irt_only,GHEFT,0,0.0,0,0,1,1.9747,2.8705,4.8452,,,,,,,,,,,,,,,,,113.41267933097754,2.829,35,10,281,163,88,75,5.132333,0,ok,logs/seed_948968.log
237390,irt_only,GHEFT,0,0.0,0,0,1,1.8483,2.1956,4.0439,,,,,,,,,,,,,,,,,95.51177234120736,2.063,28,9,268,139,81,58,4.67417,0,ok,logs/seed_237390.log
788501,irt_only,GHEFT,0,0.0,0,0,1,1.7959,2.2692,4.0651,,,,,,,,,,,,,,,,,101.34718201418438,2.8571,28,8,248,139,81,58,4.171301,0,ok,logs/seed_788501.log
841514,irt_only,GHEFT,0,0.0,0,0,1,1.8147,1.8749,3.6896,,,,,,,,,,,,,,,,,91.18887697065878,2.4171,28,9,262,120,81,39,4.526616,0,ok,logs/seed_841514.log
731954,irt_only,GHEFT,0,0.0,0,0,1,1.9631,2.5642,4.5273,,,,,,,,,,,,,,,,,103.88111990547262,2.9304,33,9,282,141,76,65,5.152718,0,ok,logs/seed_731954.log
512900,irt_only,GHEFT,0,0.0,0,0,1,2.1485,1.973,4.1215,,,,,,,,,,,,,,,,,87.74414862707678,2.1283,26,9,277,140,91,49,4.874825,0,ok,logs/seed_512900.log
163797,irt_only,GHEFT,0,0.0,0,0,1,1.8099,1.7909,3.6008,,,,,,,,,,,,,,,,,92.55782018381002,2.7455,35,11,268,152,83,69,3.977014,0,ok,logs/seed_163797.log
411938,irt_only,GHEFT,0,0.0,0,0,1,2.0115,2.0942,4.1057,,,,,,,,,,,,,,,,,85.18368624821004,2.0062,26,11,245,120,72,48,4.418445,0,ok,logs/seed_411938.log
297875,irt_only,GHEFT,0,0.0,0,0,1,1.8882,2.3729,4.2611,,,,,,,,,,,,,,,,,132.03005294696632,3.3618,35,10,309,161,97,64,6.223055,0,ok,logs/seed_297875.log
862431,irt_only,GHEFT,0,0.0,0,0,1,2.2793,2.6651,4.9444,,,,,,,,,,,,,,,,,103.96732757957923,3.3866,28,10,260,161,93,68,4.404258,0,ok,logs/seed_862431.log
944164,irt_only,GHEFT,0,0.0,0,0,1,2.0028,2.2881,4.2909,,,,,,,,,,,,,,,,,88.20878372340427,2.0971,23,9,271,146,84,62,4.254495,0,ok,logs/seed_944164.log
593633,irt_only,GHEFT,0,0.0,0,0,1,2.1691,2.3117,4.4808,,,,,,,,,,,,,,,,,92.62597414992193,2.7177,31,10,257,125,78,47,5.009273,0,ok,logs/seed_593633.log
49083,irt_only,GHEFT,0,0.0,0,0,1,1.9982,2.3823,4.3805,,,,,,,,,,,,,,,,,104.91865899999998,2.9461,24,8,248,131,78,53,3.712904,0,ok,logs/seed_49083.log
511497,irt_only,GHEFT,0,0.0,0,0,1,1.8502,1.8464,3.6966,,,,,,,,,,,,,,,,,80.93480186418111,2.6514,35,11,270,154,90,64,4.796664,0,ok,logs/seed_511497.log
332550,irt_only,GHEFT,0,0.0,0,0,1,1.8888,1.9807,3.8695,,,,,,,,,,,,,,,,,108.38964276960472,2.1097,24,9,255,129,78,51,4.287661,0,ok,logs/seed_332550.log
179506,irt_only,GHEFT,0,0.0,0,0,1,2.0519,2.8854,4.9373,,,,,,,,,,,,,,,,,105.10444223488548,3.3208,33,9,265,145,86,59,4.151846,0,ok,logs/seed_179506.log
103680,irt_only,GHEFT,0,0.0,0,0,1,1.8519,2.3141,4.166,,,,,,,,,,,,,,,,,96.14850754289017,2.259,27,8,279,147,82,65,4.689639,0,ok,logs/seed_103680.log
109216,irt_only,GHEFT,0,0.0,0,0,1,1.6994,2.0426,3.742,,,,,,,,,,,,,,,,,94.50565460076517,2.3999,33,10,267,128,80,48,5.110553,0,ok,logs/seed_109216.log
344612,irt_only,GHEFT,0,0.0,0,0,1,1.8356,2.0405,3.8761,,,,,,,,,,,,,,,,,109.74151094420931,2.9607,29,10,266,131,79,52,4.722399,0,ok,logs/seed_344612.log
919045,irt_only,GHEFT,0,0.0,0,0,1,1.6771,1.8719,3.549,,,,,,,,,,,,,,,,,91.61033797231097,2.0131,26,9,252,131,79,52,4.476711,0,ok,logs/seed_919045.log
478565,irt_only,GHEFT,0,0.0,0,0,1,1.9241,2.0941,4.0182,,,,,,,,,,,,,,,,,90.79592364307285,2.4551,31,10,250,137,76,61,4.700331,0,ok,logs/seed_478565.log
473670,irt_only,GHEFT,0,0.0,0,0,1,1.761,2.3656,4.1266,,,,,,,,,,,,,,,,,102.42452926074436,3.1162,34,9,280,152,84,68,4.911137,0,ok,logs/seed_473670.log
175136,irt_only,GHEFT,0,0.0,0,0,1,1.7968,1.9401,3.7369,,,,,,,,,,,,,,,,,91.76082041763341,2.222,34,10,279,146,76,70,5.061,0,ok,logs/seed_175136.log
30661,irt_only,GHEFT,0,0.0,0,0,1,1.7931,1.862,3.6551,,,,,,,,,,,,,,,,,99.82240724148396,2.605,32,10,277,143,82,61,4.817372,0,ok,logs/seed_30661.log
461986,irt_only,GHEFT,0,0.0,0,0,1,1.897,2.086,3.983,,,,,,,,,,,,,,,,,80.93953759343198,2.1437,30,10,263,126,74,52,3.953416,0,ok,logs/seed_461986.log
806917,irt_only,GHEFT,0,0.0,0,0,1,1.9365,2.0958,4.0323,,,,,,,,,,,,,,,,,87.66236616216214,2.2128,30,11,253,139,78,61,3.884377,0,ok,logs/seed_806917.log
251935,irt_only,GHEFT,0,0.0,0,0,1,1.9029,2.1426,4.0455,,,,,,,,,,,,,,,,,94.53708592057761,2.8375,26,9,234,150,89,61,3.422994,0,ok,logs/seed_251935.log
485053,irt_only,GHEFT,0,0.0,0,0,1,1.8611,1.8129,3.674,,,,,,,,,,,,,,,,,78.37769751916164,2.1428,28,9,254,101,62,39,4.614155,0,ok,logs/seed_485053.log
766370,irt_only,GHEFT,0,0.0,0,0,1,1.9882,2.2049,4.1931,,,,,,,,,,,,,,,,,96.59769946543913,3.1176,26,9,255,123,75,48,3.538238,0,ok,logs/seed_766370.log
229231,irt_only,GHEFT,0,0.0,0,0,1,1.9404,1.7349,3.6753,,,,,,,,,,,,,,,,,108.72122093583724,2.3135,28,9,268,155,96,59,4.385032,0,ok,logs/seed_229231.log
577471,irt_only,GHEFT,0,0.0,0,0,1,1.6989,1.7755,3.4744,,,,,,,,,,,,,,,,,92.5009254843517,2.4858,31,10,283,143,88,55,4.294649,0,ok,logs/seed_577471.log
37962,irt_only,GHEFT,0,0.0,0,0,1,1.9304,2.4942,4.4246,,,,,,,,,,,,,,,,,104.96420989655171,2.1554,33,9,264,139,77,62,4.864769,0,ok,logs/seed_37962.log
944872,irt_only,GHEFT,0,0.0,0,0,1,1.9686,2.4122,4.3808,,,,,,,,,,,,,,,,,125.96277343605854,3.3334,28,8,273,161,85,76,5.420215,0,ok,logs/seed_944872.log
288361,irt_only,GHEFT,0,0.0,0,0,1,1.8945,1.9207,3.8152,,,,,,,,,,,,,,,,,106.34127564009577,2.9383,33,10,260,120,78,42,3.833996,0,ok,logs/seed_288361.log
811804,irt_only,GHEFT,0,0.0,0,0,1,2.1895,2.9796,5.1691,,,,,,,,,,,,,,,,,120.49122632432433,3.2056,29,8,263,137,78,59,4.127564,0,ok,logs/seed_811804.log
150312,irt_only,GHEFT,0,0.0,0,0,1,1.9681,2.5036,4.4717,,,,,,,,,,,,,,,,,97.09751307837972,2.3468,25,8,268,137,84,53,4.127782,0,ok,logs/seed_150312.log
300144,irt_only,GHEFT,0,0.0,0,0,1,1.8701,2.0545,3.9246,,,,,,,,,,,,,,,,,92.61646099719121,2.1883,27,9,243,122,76,46,3.804147,0,ok,logs/seed_300144.log
321546,irt_only,GHEFT,0,0.0,0,0,1,1.927,2.8735,4.8005,,,,,,,,,,,,,,,,,115.68505058433445,2.7626,32,10,263,146,85,61,5.033484,0,ok,logs/seed_321546.log
333826,irt_only,GHEFT,0,0.0,0,0,1,1.793,2.4579,4.2509,,,,,,,,,,,,,,,,,87.42788227848101,2.2574,34,10,276,153,80,73,4.806305,0,ok,logs/seed_333826.log
601923,irt_only,GHEFT,0,0.0,0,0,1,1.9979,2.6081,4.606,,,,,,,,,,,,,,,,,97.83019729408149,3.2537,37,10,282,149,80,69,4.927508,0,ok,logs/seed_601923.log
165547,irt_only,GHEFT,0,0.0,0,0,1,1.9933,2.2293,4.2226,,,,,,,,,,,,,,,,,104.35383380687477,2.5503,27,9,265,123,75,48,5.393996,0,ok,logs/seed_165547.log
376387,irt_only,GHEFT,0,0.0,0,0,1,2.0996,2.1304,4.23,,,,,,,,,,,,,,,,,85.02576980482203,2.1827,30,10,267,167,96,71,5.178265,0,ok,logs/seed_376387.log
667407,irt_only,GHEFT,0,0.0,0,0,1,1.9784,2.0238,4.0022,,,,,,,,,,,,,,,,,84.73767087951806,2.5649,29,10,275,151,82,69,4.093797,0,ok,logs/seed_667407.log
536326,irt_only,GHEFT,0,0.0,0,0,1,1.7662,2.0424,3.8086,,,,,,,,,,,,,,,,,112.33846715329221,3.092,29,9,234,123,76,47,4.291862,0,ok,logs/seed_536326.log
48649,irt_only,GHEFT,0,0.0,0,0,1,1.9973,2.7908,4.7881,,,,,,,,,,,,,,,,,96.36032674173116,2.1789,29,8,247,127,75,52,3.675648,0,ok,logs/seed_48649.log
138474,irt_only,GHEFT,0,0.0,0,0,1,1.8761,1.809,3.6851,,,,,,,,,,,,,,,,,130.7835629306012,3.8795,32,10,258,145,81,64,4.544564,0,ok,logs/seed_138474.log
581410,irt_only,GHEFT,0,0.0,0,0,1,1.8422,1.7023,3.5445,,,,,,,,,,,,,,,,,74.94282989554057,2.0335,27,10,268,131,76,55,3.834589,0,ok,logs/seed_581410.log
462634,irt_only,GHEFT,0,0.0,0,0,1,1.9563,2.3681,4.3244,,,,,,,,,,,,,,,,,87.89511771249416,2.2467,31,9,284,153,84,69,5.115998,0,ok,logs/seed_462634.log
349227,irt_only,GHEFT,0,0.0,0,0,1,1.9139,2.3088,4.2227,,,,,,,,,,,,,,,,,110.49617122710421,3.0597,27,10,263,154,90,64,4.08297,0,ok,logs/seed_349227.log
453227,irt_only,GHEFT,0,0.0,0,0,1,1.7495,1.8097,3.5592,,,,,,,,,,,,,,,,,119.97628624943398,3.0263,25,9,262,140,89,51,4.728842,0,ok,logs/seed_453227.log
424389,irt_only,GHEFT,0,0.0,0,0,1,1.8767,1.9413,3.818,,,,,,,,,,,,,,,,,110.07181080160214,2.6258,31,11,237,136,79,57,4.849592,0,ok,logs/seed_424389.log
706750,irt_only,GHEFT,0,0.0,0,0,1,1.6508,2.0185,3.6693,,,,,,,,,,,,,,,,,118.75149472487367,2.3852,27,9,258,131,74,57,4.109515,0,ok,logs/seed_706750.log
70613,irt_only,GHEFT,0,0.0,0,0,1,2.2034,2.4662,4.6696,,,,,,,,,,,,,,,,,99.5028644136604,2.3196,28,10,272,162,88,74,4.158844,0,ok,logs/seed_70613.log
599838,irt_only,GHEFT,0,0.0,0,0,1,1.9106,2.5883,4.4989,,,,,,,,,,,,,,,,,106.37063320383015,3.082,27,9,262,140,78,62,4.022241,0,ok,logs/seed_599838.log
275233,irt_only,GHEFT,0,0.0,0,0,1,2.0684,2.851,4.9194,,,,,,,,,,,,,,,,,113.30046454121307,2.6065,33,11,279,176,92,84,4.899049,0,ok,logs/seed_275233.log
257926,irt_only,GHEFT,0,0.0,0,0,1,1.9849,2.4004,4.3853,,,,,,,,,,,,,,,,,97.99868730310118,2.313,27,9,250,149,82,67,3.958743,0,ok,logs/seed_257926.log
65039,irt_only,GHEFT,0,0.0,0,0,1,1.7347,1.8784,3.6131,,,,,,,,,,,,,,,,,96.72240389337543,2.848,27,9,276,133,82,51,4.449593,0,ok,logs/seed_65039.log
354531,irt_only,GHEFT,0,0.0,0,0,1,1.9677,2.6738,4.6415,,,,,,,,,,,,,,,,,137.47574078494623,4.0128,23,8,234,136,84,52,4.092719,0,ok,logs/seed_354531.log
941030,irt_only,GHEFT,0,0.0,0,0,1,2.0034,2.0138,4.0172,,,,,,,,,,,,,,,,,94.55561107165452,2.4352,30,10,270,140,87,53,4.154442,0,ok,logs/seed_941030.log
624899,irt_only,GHEFT,0,0.0,0,0,1,1.8322,2.1027,3.9349,,,,,,,,,,,,,,,,,94.102264351532,2.4936,37,10,298,162,96,66,4.560539,0,ok,logs/seed_624899.log
899565,irt_only,GHEFT,0,0.0,0,0,1,1.8362,2.2637,4.0999,,,,,,,,,,,,,,,,,114.49435714285713,2.7541,27,10,245,142,86,56,3.909727,0,ok,logs/seed_899565.log
930280,irt_only,GHEFT,0,0.0,0,0,1,1.953,2.044,3.997,,,,,,,,,,,,,,,,,92.75015805479453,2.0754,29,9,250,128,78,50,4.401703,0,ok,logs/seed_930280.log
405167,irt_only,GHEFT,0,0.0,0,0,1,1.9942,2.1688,4.163,,,,,,,,,,,,,,,,,79.42826997247707,2.5059,22,8,247,109,63,46,3.8481,0,ok,logs/seed_405167.log
1448,irt_only,GHEFT,0,0.0,0,0,1,1.8222,1.9091,3.7313,,,,,,,,,,,,,,,,,87.1731098373967,2.1178,32,9,276,124,80,44,4.784042,0,ok,logs/seed_1448.log
507391,irt_only,GHEFT,0,0.0,0,0,1,1.8825,2.3115,4.194,,,,,,,,,,,,,,,,,91.85146288538685,2.6651,31,9,265,137,83,54,3.747112,0,ok,logs/seed_507391.log
837291,irt_only,GHEFT,0,0.0,0,0,1,1.8718,2.1719,4.0437,,,,,,,,,,,,,,,,,101.33148362061354,2.1031,28,10,260,142,86,56,4.376548,0,ok,logs/seed_837291.log
536078,irt_only,GHEFT,0,0.0,0,0,1,1.9868,2.6258,4.6126,,,,,,,,,,,,,,,,,98.28206670755716,3.0231,26,9,264,147,83,64,4.311388,0,ok,logs/seed_536078.log
381453,irt_only,GHEFT,0,0.0,0,0,1,1.5967,2.2567,3.8534,,,,,,,,,,,,,,,,,127.68876606182386,2.9804,27,8,252,139,88,51,4.83465,0,ok,logs/seed_381453.log
58349,irt_only,GHEFT,0,0.0,0,0,1,1.8473,1.9746,3.8219,,,,,,,,,,,,,,,,,102.06857487205056,2.5614,33,9,297,134,79,55,5.784045,0,ok,logs/seed_58349.log
613460,irt_only,GHEFT,0,0.0,0,0,1,2.0813,2.9609,5.0422,,,,,,,,,,,,,,,,,101.27314782608697,2.9453,30,11,282,158,84,74,5.254844,0,ok,logs/seed_613460.log
581102,irt_only,GHEFT,0,0.0,0,0,1,1.9499,2.7751,4.725,,,,,,,,,,,,,,,,,104.42514519030526,2.5459,29,10,248,121,71,50,5.389378,0,ok,logs/seed_581102.log
814302,irt_only,GHEFT,0,0.0,0,0,1,1.8749,2.0271,3.902,,,,,,,,,,,,,,,,,110.2612520240942,3.3375,29,10,252,126,81,45,4.008126,0,ok,logs/seed_814302.log
453089,irt_only,GHEFT,0,0.0,0,0,1,1.9843,2.0641,4.0484,,,,,,,,,,,,,,,,,93.0056903780091,2.4842,36,10,279,143,78,65,4.078323,0,ok,logs/seed_453089.log
583877,irt_only,GHEFT,0,0.0,0,0,1,1.9287,2.331,4.2597,,,,,,,,,,,,,,,,,93.41943934402616,2.1417,24,8,268,135,80,55,4.438152,0,ok,logs/seed_583877.log
312977,irt_only,GHEFT,0,0.0,0,0,1,2.0395,2.0598,4.0993,,,,,,,,,,,,,,,,,88.26208490804598,2.3235,23,8,255,144,83,61,4.355372,0,ok,logs/seed_312977.log
140256,irt_only,GHEFT,0,0.0,0,0,1,1.8458,2.0476,3.8934,,,,,,,,,,,,,,,,,125.22308933826936,2.4461,31,9,271,139,87,52,5.011018,0,ok,logs/seed_140256.log
547797,irt_only,GHEFT,0,0.0,0,0,1,2.0642,2.5336,4.5978,,,,,,,,,,,,,,,,,110.189235591195,3.4032,26,9,235,123,71,52,4.079808,0,ok,logs/seed_547797.log
874895,irt_only,GHEFT,0,0.0,0,0,1,2.0016,2.6412,4.6428,,,,,,,,,,,,,,,,,104.76884757361867,3.0563,30,9,261,129,79,50,4.344088,0,ok,logs/seed_874895.log
450779,irt_only,GHEFT,0,0.0,0,0,1,1.9679,2.3286,4.2965,,,,,,,,,,,,,,,,,95.5825396811594,2.7673,24,8,244,130,79,51,4.874352,0,ok,logs/seed_450779.log
263459,irt_only,GHEFT,0,0.0,0,0,1,1.9164,2.1411,4.0575,,,,,,,,,,,,,,,,,99.91105574626866,2.8279,31,11,258,148,86,62,4.406621,0,ok,logs/seed_263459.log
164312,irt_only,GHEFT,0,0.0,0,0,1,2.006,2.8881,4.8941,,,,,,,,,,,,,,,,,97.89027620077974,3.1112,34,10,276,146,79,67,6.454356,0,ok,logs/seed_164312.log
595764,irt_only,GHEFT,0,0.0,0,0,1,1.5946,2.3543,3.9489,,,,,,,,,,,,,,,,,119.77783379334177,2.3814,32,9,290,135,82,53,5.013802,0,ok,logs/seed_595764.log
872208,irt_only,GHEFT,0,0.0,0,0,1,1.8027,1.9107,3.7134,,,,,,,,,,,,,,,,,110.70328579190128,2.5373,33,10,256,131,78,53,4.878541,0,ok,logs/seed_872208.log
34237,irt_only,GHEFT,0,0.0,0,0,1,2.059,2.0087,4.0677,,,,,,,,,,,,,,,,,79.33669965258217,2.4086,27,9,244,131,71,60,4.187685,0,ok,logs/seed_34237.log
203637,irt_only,GHEFT,0,0.0,0,0,1,1.7027,1.7644,3.4671,,,,,,,,,,,,,,,,,95.68741459227465,2.3671,26,10,228,121,70,51,4.469149,0,ok,logs/seed_203637.log
35021,irt_only,GHEFT,0,0.0,0,0,1,1.7057,2.6206,4.3263,,,,,,,,,,,,,,,,,111.83796469114824,3.19,30,9,258,141,75,66,4.409772,0,ok,logs/seed_35021.log
128136,irt_only,GHEFT,0,0.0,0,0,1,1.9558,2.4473,4.4031,,,,,,,,,,,,,,,,,103.74438772251307,2.6897,29,10,250,114,71,43,4.390696,0,ok,logs/seed_128136.log
897068,irt_only,GHEFT,0,0.0,0,0,1,1.9987,2.5141,4.5128,,,,,,,,,,,,,,,,,103.67957160493829,2.6113,25,8,258,144,80,64,4.085171,0,ok,logs/seed_897068.log
145634,irt_only,GHEFT,0,0.0,0,0,1,1.9785,2.3382,4.3167,,,,,,,,,,,,,,,,,101.0724323624456,2.8566,31,9,265,137,89,48,4.095201,0,ok,logs/seed_145634.log
828280,irt_only,GHEFT,0,0.0,0,0,1,1.9454,2.3253,4.2707,,,,,,,,,,,,,,,,,109.82417992460225,2.6812,33,13,258,155,80,75,4.473284,0,ok,logs/seed_828280.log
808182,irt_only,GHEFT,0,0.0,0,0,1,2.0081,2.7618,4.7699,,,,,,,,,,,,,,,,,118.50312928635682,2.5388,27,8,264,150,86,64,4.180802,0,ok,logs/seed_808182.log
28303,irt_only,GHEFT,0,0.0,0,0,1,1.8546,2.0274,3.882,,,,,,,,,,,,,,,,,118.77642678804,2.5617,29,9,251,122,74,48,5.324111,0,ok,logs/seed_28303.log
695763,irt_only,GHEFT,0,0.0,0,0,1,1.8672,2.1903,4.0575,,,,,,,,,,,,,,,,,109.978471411985,2.7667,26,10,242,159,97,62,3.805122,0,ok,logs/seed_695763.log
264497,irt_only,GHEFT,0,0.0,0,0,1,1.8996,2.2411,4.1407,,,,,,,,,,,,,,,,,100.68829886229084,2.302,32,10,270,148,88,60,6.093302,0,ok,logs/seed_264497.log
765068,irt_only,GHEFT,0,0.0,0,0,1,2.2007,2.2072,4.4079,,,,,,,,,,,,,,,,,91.76584714407528,2.598,28,10,281,162,89,73,4.564247,0,ok,logs/seed_765068.log
293386,irt_only,GHEFT,0,0.0,0,0,1,1.813,2.2302,4.0432,,,,,,,,,,,,,,,,,113.44148421647547,2.3785,32,10,271,164,98,66,3.801867,0,ok,logs/seed_293386.log
585056,irt_only,GHEFT,0,0.0,0,0,1,1.8552,2.1167,3.9719,,,,,,,,,,,,,,,,,91.50668310140216,2.414,30,10,275,171,93,78,5.26038,0,ok,logs/seed_585056.log
16768,irt_only,GHEFT,0,0.0,0,0,1,1.9537,2.1518,4.1055,,,,,,,,,,,,,,,,,89.18538544773948,2.6402,28,9,258,118,70,48,4.776863,0,ok,logs/seed_16768.log
768880,irt_only,GHEFT,0,0.0,0,0,1,1.8177,2.2668,4.0845,,,,,,,,,,,,,,,,,126.62980516685546,3.2716,35,11,276,164,88,76,4.876598,0,ok,logs/seed_768880.log
146419,irt_only,GHEFT,0,0.0,0,0,1,2.0478,2.405,4.4528,,,,,,,,,,,,,,,,,105.41595175162901,2.8461,28,10,273,137,84,53,4.240142,0,ok,logs/seed_146419.log
769016,irt_only,GHEFT,0,0.0,0,0,1,1.9224,2.6644,4.5868,,,,,,,,,,,,,,,,,91.08155533317284,2.5342,19,8,244,109,68,41,4.129396,0,ok,logs/seed_769016.log
753173,irt_only,GHEFT,0,0.0,0,0,1,1.8236,1.9879,3.8115,,,,,,,,,,,,,,,,,81.40506131252491,2.9185,25,9,270,132,74,58,3.592943,0,ok,logs/seed_753173.log
414868,irt_only,GHEFT,0,0.0,0,0,1,2.195,2.2808,4.4758,,,,,,,,,,,,,,,,,92.15035909090909,2.791,30,8,247,131,79,52,4.154371,0,ok,logs/seed_414868.log
383978,irt_only,GHEFT,0,0.0,0,0,1,1.9414,2.6308,4.5722,,,,,,,,,,,,,,,,,106.57090333378513,3.072,36,11,292,149,80,69,4.718464,0,ok,logs/seed_383978.log
596187,irt_only,GHEFT,0,0.0,0,0,1,2.0316,2.4229,4.4545,,,,,,,,,,,,,,,,,112.31918715596329,2.5581,29,9,266,157,92,65,4.292761,0,ok,logs/seed_596187.log
217004,irt_only,GHEFT,0,0.0,0,0,1,2.0221,2.7133,4.7354,,,,,,,,,,,,,,,,,102.59057702584755,2.3797,33,10,288,174,101,73,4.799901,0,ok,logs/seed_217004.log
306928,irt_only,GHEFT,0,0.0,0,0,1,1.7399,1.7612,3.5011,,,,,,,,,,,,,,,,,80.97539467025533,2.5358,32,9,287,134,87,47,4.760249,0,ok,logs/seed_306928.log
699954,irt_only,GHEFT,0,0.0,0,0,1,2.0175,1.812,3.8295,,,,,,,,,,,,,,,,,84.46436612307394,2.1372,32,10,265,133,82,51,4.92115,0,ok,logs/seed_699954.log
915360,irt_only,GHEFT,0,0.0,0,0,1,1.9032,2.1635,4.0667,,,,,,,,,,,,,,,,,89.2861033555167,2.5518,31,11,292,136,80,56,5.534126,0,ok,logs/seed_915360.log
401920,irt_only,GHEFT,0,0.0,0,0,1,1.8715,2.3451,4.2166,,,,,,,,,,,,,,,,,101.14567747058824,3.3937,28,9,258,139,74,65,3.856838,0,ok,logs/seed_401920.log
590032,irt_only,GHEFT,0,0.0,0,0,1,1.8984,2.4152,4.3136,,,,,,,,,,,,,,,,,105.59409957720632,2.8964,33,10,298,135,76,59,4.668781,0,ok,logs/seed_590032.log
592350,irt_only,GHEFT,0,0.0,0,0,1,2.2857,2.5553,4.841,,,,,,,,,,,,,,,,,80.09527315436239,2.4287,33,11,267,139,81,58,4.171761,0,ok,logs/seed_592350.log
356544,irt_only,GHEFT,0,0.0,0,0,1,1.8631,2.1235,3.9866,,,,,,,,,,,,,,,,,103.0172079402247,2.0043,25,10,238,145,85,60,4.336056,0,ok,logs/seed_356544.log
882358,irt_only,GHEFT,0,0.0,0,0,1,1.8862,2.2021,4.0883,,,,,,,,,,,,,,,,,99.45370854890923,2.3239,32,11,256,173,104,69,4.664832,0,ok,logs/seed_882358.log
659606,irt_only,GHEFT,0,0.0,0,0,1,1.7184,2.3743,4.0927,,,,,,,,,,,,,,,,,131.04327121276594,2.9282,28,9,246,144,89,55,3.699748,0,ok,logs/seed_659606.log
136181,irt_only,GHEFT,0,0.0,0,0,1,1.9165,1.8459,3.7624,,,,,,,,,,,,,,,,,98.32905527140662,2.6239,32,9,259,151,89,62,4.369664,0,ok,logs/seed_136181.log
695310,irt_only,GHEFT,0,0.0,0,0,1,1.5955,1.6548,3.2503,,,,,,,,,,,,,,,,,108.81750725034196,2.0152,29,10,260,156,99,57,4.539145,0,ok,logs/seed_695310.log
313264,irt_only,GHEFT,0,0.0,0,0,1,1.9463,1.8434,3.7897,,,,,,,,,,,,,,,,,92.22409050279329,3.0172,31,10,265,146,75,71,5.384319,0,ok,logs/seed_313264.log
622633,irt_only,GHEFT,0,0.0,0,0,1,1.8801,2.4769,4.357,,,,,,,,,,,,,,,,,105.61399582771423,2.3752,29,9,238,140,86,54,4.672247,0,ok,logs/seed_622633.log
153151,irt_only,GHEFT,0,0.0,0,0,1,1.6854,1.7194,3.4048,,,,,,,,,,,,,,,,,109.9490463241943,3.0815,35,10,252,146,90,56,5.298217,0,ok,logs/seed_153151.log
252872,irt_only,GHEFT,0,0.0,0,0,1,2.1583,2.2475,4.4058,,,,,,,,,,,,,,,,,95.83602957142855,2.672,28,10,252,121,78,43,5.033375,0,ok,logs/seed_252872.log
886011,irt_only,GHEFT,0,0.0,0,0,1,1.8025,2.2836,4.0861,,,,,,,,,,,,,,,,,79.2266089225067,1.9324,31,11,270,130,72,58,4.811185,0,ok,logs/seed_886011.log
88875,irt_only,GHEFT,0,0.0,0,0,1,1.7,2.0668,3.7668,,,,,,,,,,,,,,,,,122.72626312931577,2.394,28,9,266,141,86,55,4.27221,0,ok,logs/seed_88875.log
911968,irt_only,GHEFT,0,0.0,0,0,1,1.881,2.7009,4.5819,,,,,,,,,,,,,,,,,118.81974814650097,4.0122,29,8,284,137,78,59,4.343741,0,ok,logs/seed_911968.log
334656,irt_only,GHEFT,0,0.0,0,0,1,1.8496,2.3569,4.2065,,,,,,,,,,,,,,,,,111.03181103847317,2.7286,27,10,248,122,70,52,4.363944,0,ok,logs/seed_334656.log
245478,irt_only,GHEFT,0,0.0,0,0,1,1.8899,2.1621,4.052,,,,,,,,,,,,,,,,,91.13098283721716,2.2748,26,11,256,136,80,56,4.411302,0,ok,logs/seed_245478.log
614692,irt_only,GHEFT,0,0.0,0,0,1,1.9756,2.3572,4.3328,,,,,,,,,,,,,,,,,143.25712042401196,3.1722,31,10,267,150,86,64,5.901469,0,ok,logs/seed_614692.log
583839,irt_only,GHEFT,0,0.0,0,0,1,1.7694,1.9343,3.7037,,,,,,,,,,,,,,,,,94.15333399048264,2.6222,31,10,263,137,71,66,3.866839,0,ok,logs/seed_583839.log
899827,irt_only,GHEFT,0,0.0,0,0,1,2.0543,2.0456,4.0999,,,,,,,,,,,,,,,,,87.21733314032443,2.8686,34,10,306,142,83,59,5.639127,0,ok,logs/seed_899827.log
759818,irt_only,GHEFT,0,0.0,0,0,1,1.7576,2.1869,3.9445,,,,,,,,,,,,,,,,,107.01028101565255,2.6501,26,11,239,145,95,50,4.713798,0,ok,logs/seed_759818.log
536406,irt_only,GHEFT,0,0.0,0,0,1,1.9231,2.5969,4.52,,,,,,,,,,,,,,,,,101.60844530807985,2.7156,26,9,262,144,86,58,4.642477,0,ok,logs/seed_536406.log
875025,irt_only,GHEFT,0,0.0,0,0,1,1.8877,2.391,4.2787,,,,,,,,,,,,,,,,,107.18205273949579,2.4655,27,8,246,115,69,46,3.652965,0,ok,logs/seed_875025.log
235459,irt_only,GHEFT,0,0.0,0,0,1,1.993,2.1728,4.1658,,,,,,,,,,,,,,,,,91.05723086269742,1.9297,26,9,270,140,84,56,5.08797,0,ok,logs/seed_235459.log
737985,irt_only,GHEFT,0,0.0,0,0,1,1.7617,1.8137,3.5754,,,,,,,,,,,,,,,,,108.24066605693952,2.2347,33,9,269,142,85,57,4.428954,0,ok,logs/seed_737985.log
833397,irt_only,GHEFT,0,0.0,0,0,1,1.8344,2.1191,3.9535,,,,,,,,,,,,,,,,,103.666663377433,3.2448,27,10,236,131,74,57,4.508385,0,ok,logs/seed_833397.log
722013,irt_only,GHEFT,0,0.0,0,0,1,1.9447,2.2329,4.1776,,,,,,,,,,,,,,,,,93.56579094035212,2.4368,22,9,222,135,84,51,4.452017,0,ok,logs/seed_722013.log
519052,irt_only,GHEFT,0,0.0,0,0,1,2.1503,1.9672,4.1175,,,,,,,,,,,,,,,,,86.70973821382826,2.6189,28,10,226,130,75,55,4.260548,0,ok,logs/seed_519052.log
953927,irt_only,GHEFT,0,0.0,0,0,1,1.9018,1.9483,3.8501,,,,,,,,,,,,,,,,,93.30287158081704,2.5365,27,10,250,153,91,62,4.503245,0,ok,logs/seed_953927.log
792837,irt_only,GHEFT,0,0.0,0,0,1,1.7376,2.1015,3.8391,,,,,,,,,,,,,,,,,105.16245782237472,2.1684,30,9,258,121,78,43,3.983281,0,ok,logs/seed_792837.log
271444,irt_only,GHEFT,0,0.0,0,0,1,2.1301,2.1351,4.2652,,,,,,,,,,,,,,,,,88.43806003405145,2.7225,33,10,283,146,81,65,4.917273,0,ok,logs/seed_271444.log
747106,irt_only,GHEFT,0,0.0,0,0,1,1.9757,2.2628,4.2385,,,,,,,,,,,,,,,,,90.54802727875558,2.2245,31,10,257,135,78,57,5.113231,0,ok,logs/seed_747106.log
509003,irt_only,GHEFT,0,0.0,0,0,1,1.8382,2.104,3.9422,,,,,,,,,,,,,,,,,99.97455978431249,3.0688,26,8,264,132,74,58,4.414978,0,ok,logs/seed_509003.log
41751,irt_only,GHEFT,0,0.0,0,0,1,2.2331,2.7056,4.9387,,,,,,,,,,,,,,,,,109.541097083962,3.3721,27,10,246,152,89,63,4.116922,0,ok,logs/seed_41751.log
346747,irt_only,GHEFT,0,0.0,0,0,1,2.3509,2.7631,5.114,,,,,,,,,,,,,,,,,85.78539005660738,2.4691,27,9,286,147,86,61,4.416956,0,ok,logs/seed_346747.log
147208,irt_only,GHEFT,0,0.0,0,0,1,2.0261,2.1967,4.2228,,,,,,,,,,,,,,,,,88.97648483816015,2.525,31,11,281,155,88,67,4.975282,0,ok,logs/seed_147208.log
810767,irt_only,GHEFT,0,0.0,0,0,1,2.0041,2.0024,4.0065,,,,,,,,,,,,,,,,,81.13193589743591,2.4563,31,8,290,115,63,52,3.999029,0,ok,logs/seed_810767.log
475154,irt_only,GHEFT,0,0.0,0,0,1,2.1675,2.3103,4.4778,,,,,,,,,,,,,,,,,95.59000489294402,2.5185,31,9,257,141,84,57,3.911547,0,ok,logs/seed_475154.log
444114,irt_only,GHEFT,0,0.0,0,0,1,1.9859,2.5896,4.5755,,,,,,,,,,,,,,,,,108.19811550258358,2.8005,25,10,232,113,72,41,4.396137,0,ok,logs/seed_444114.log
21690,irt_only,GHEFT,0,0.0,0,0,1,1.9602,1.9817,3.9419,,,,,,,,,,,,,,,,,105.22291192343121,2.3527,31,8,264,127,76,51,3.437752,0,ok,logs/seed_21690.log
904712,irt_only,GHEFT,0,0.0,0,0,1,2.0077,2.5797,4.5874,,,,,,,,,,,,,,,,,111.95023526688634,3.4266,33,10,282,167,99,68,4.462601,0,ok,logs/seed_904712.log
724949,irt_only,GHEFT,0,0.0,0,0,1,1.8973,2.0357,3.933,,,,,,,,,,,,,,,,,98.17498835771146,2.2924,26,8,259,147,80,67,4.239169,0,ok,logs/seed_724949.log
104040,irt_only,GHEFT,0,0.0,0,0,1,1.7332,2.4959,4.2291,,,,,,,,,,,,,,,,,92.04547553956833,2.6537,34,10,277,165,88,77,4.778818,0,ok,logs/seed_104040.log
468918,irt_only,GHEFT,0,0.0,0,0,1,2.0897,2.961,5.0507,,,,,,,,,,,,,,,,,115.59533661344535,2.5698,23,8,238,108,72,36,4.60626,0,ok,logs/seed_468918.log
47836,irt_only,GHEFT,0,0.0,0,0,1,1.9326,1.9673,3.8999,,,,,,,,,,,,,,,,,102.86678829204918,2.9667,30,10,263,133,80,53,4.650553,0,ok,logs/seed_47836.log
441476,irt_only,GHEFT,0,0.0,0,0,1,1.7618,2.0011,3.7629,,,,,,,,,,,,,,,,,83.93533763657436,2.5614,30,11,265,124,72,52,4.407738,0,ok,logs/seed_441476.log
551870,irt_only,GHEFT,0,0.0,0,0,1,1.929,2.2923,4.2213,,,,,,,,,,,,,,,,,96.32529609790181,2.5985,37,12,298,172,92,80,5.117009,0,ok,logs/seed_551870.log
570939,irt_only,GHEFT,0,0.0,0,0,1,2.1464,2.2625,4.4089,,,,,,,,,,,,,,,,,104.41458708157097,2.5787,33,10,287,156,92,64,5.056579,0,ok,logs/seed_570939.log
110385,irt_only,GHEFT,0,0.0,0,0,1,1.8848,2.3442,4.229,,,,,,,,,,,,,,,,,106.89072927272726,2.7446,32,10,285,145,75,70,5.011336,0,ok,logs/seed_110385.log
465624,irt_only,GHEFT,0,0.0,0,0,1,1.6994,1.7262,3.4256,,,,,,,,,,,,,,,,,95.35339974160206,3.2767,34,9,277,146,93,53,3.784702,0,ok,logs/seed_465624.log
785434,irt_only,GHEFT,0,0.0,0,0,1,1.8925,1.9078,3.8003,,,,,,,,,,,,,,,,,86.20792116241904,2.3827,35,10,276,136,88,48,4.258695,0,ok,logs/seed_785434.log
274202,irt_only,GHEFT,0,0.0,0,0,1,1.8621,2.1199,3.982,,,,,,,,,,,,,,,,,88.15091405119603,2.2085,33,10,280,130,77,53,4.431607,0,ok,logs/seed_274202.log
384098,irt_only,GHEFT,0,0.0,0,0,1,1.8729,2.4549,4.3278,,,,,,,,,,,,,,,,,105.0399703941686,2.8623,29,10,233,128,81,47,3.718143,0,ok,logs/seed_384098.log
260865,irt_only,GHEFT,0,0.0,0,0,1,2.2369,3.21,5.4469,,,,,,,,,,,,,,,,,111.94136632744382,3.2297,26,8,253,147,80,67,3.67856,0,ok,logs/seed_260865.log
857320,irt_only,GHEFT,0,0.0,0,0,1,2.099,2.1649,4.2639,,,,,,,,,,,,,,,,,92.7108526456241,3.0025,33,10,245,155,81,74,3.568695,0,ok,logs/seed_857320.log
307981,irt_only,GHEFT,0,0.0,0,0,1,1.9559,2.212,4.1679,,,,,,,,,,,,,,,,,96.71563176923077,2.5912,24,8,258,125,77,48,4.733253,0,ok,logs/seed_307981.log
977105,irt_only,GHEFT,0,0.0,0,0,1,1.943,2.8182,4.7612,,,,,,,,,,,,,,,,,113.70259509049909,3.1403,29,8,265,132,80,52,4.818362,0,ok,logs/seed_977105.log
795094,irt_only,GHEFT,0,0.0,0,0,1,1.6417,1.9351,3.5768,,,,,,,,,,,,,,,,,103.9197375,2.773,28,9,271,155,87,68,4.624718,0,ok,logs/seed_795094.log
598248,irt_only,GHEFT,0,0.0,0,0,1,1.8632,1.9888,3.852,,,,,,,,,,,,,,,,,101.18630434770414,2.2111,25,9,244,128,75,53,4.627258,0,ok,logs/seed_598248.log
617822,irt_only,GHEFT,0,0.0,0,0,1,1.4855,1.823,3.3085,,,,,,,,,,,,,,,,,94.93906949085981,2.8298,30,8,266,129,77,52,3.906565,0,ok,logs/seed_617822.log
530710,irt_only,GHEFT,0,0.0,0,0,1,1.7484,2.3289,4.0773,,,,,,,,,,,,,,,,,100.22800844475788,2.1051,29,10,279,158,91,67,5.761209,0,ok,logs/seed_530710.log
181371,irt_only,GHEFT,0,0.0,0,0,1,1.8873,1.8697,3.757,,,,,,,,,,,,,,,,,95.88297032339108,2.5251,36,11,277,137,76,61,4.675988,0,ok,logs/seed_181371.log
239698,irt_only,GHEFT,0,0.0,0,0,1,1.9007,1.9558,3.8565,,,,,,,,,,,,,,,,,93.33797693381173,2.2384,22,9,250,135,84,51,5.350625,0,ok,logs/seed_239698.log
945780,irt_only,GHEFT,0,0.0,0,0,1,1.9369,2.751,4.6879,,,,,,,,,,,,,,,,,99.88644491115313,2.4066,34,9,286,154,85,69,4.212927,0,ok,logs/seed_945780.log
454302,irt_only,GHEFT,0,0.0,0,0,1,2.066,2.8821,4.9481,,,,,,,,,,,,,,,,,105.90641749999998,3.0986,25,8,245,133,76,57,4.159105,0,ok,logs/seed_454302.log
687120,irt_only,GHEFT,0,0.0,0,0,1,1.7719,2.0506,3.8225,,,,,,,,,,,,,,,,,109.41991065874369,3.0007,33,9,251,152,83,69,4.839435,0,ok,logs/seed_687120.log
911463,irt_only,GHEFT,0,0.0,0,0,1,1.9582,1.9917,3.9499,,,,,,,,,,,,,,,,,95.57525364096662,2.5518,29,11,263,141,83,58,5.300385,0,ok,logs/seed_911463.log
979494,irt_only,GHEFT,0,0.0,0,0,1,1.9735,2.4569,4.4304,,,,,,,,,,,,,,,,,121.00980105308005,3.3241,31,10,271,138,88,50,4.502317,0,ok,logs/seed_979494.log
840574,irt_only,GHEFT,0,0.0,0,0,1,1.8554,2.478,4.3334,,,,,,,,,,,,,,,,,104.31137027857855,2.5574,30,10,257,134,74,60,4.296487,0,ok,logs/seed_840574.log
877832,irt_only,GHEFT,0,0.0,0,0,1,2.055,2.65,4.705,,,,,,,,,,,,,,,,,121.91841551857588,3.0222,32,8,278,140,78,62,4.751384,0,ok,logs/seed_877832.log
845918,irt_only,GHEFT,0,0.0,0,0,1,2.2026,2.4133,4.6159,,,,,,,,,,,,,,,,,95.1437202964856,2.6007,25,10,244,139,85,54,4.551293,0,ok,logs/seed_845918.log
336942,irt_only,GHEFT,0,0.0,0,0,1,2.0393,2.5146,4.5539,,,,,,,,,,,,,,,,,92.74818568314149,2.8843,40,11,305,173,93,80,5.834786,0,ok,logs/seed_336942.log
100720,irt_only,GHEFT,0,0.0,0,0,1,1.7506,2.0062,3.7568,,,,,,,,,,,,,,,,,100.19355658283595,2.3532,25,9,274,145,87,58,5.190292,0,ok,logs/seed_100720.log
200909,irt_only,GHEFT,0,0.0,0,0,1,2.0688,2.5318,4.6006,,,,,,,,,,,,,,,,,99.46552347525679,3.2496,25,9,258,148,80,68,3.471376,0,ok,logs/seed_200909.log
442852,irt_only,GHEFT,0,0.0,0,0,1,1.9772,2.0681,4.0453,,,,,,,,,,,,,,,,,86.51665256804476,2.7289,30,10,261,121,71,50,4.566457,0,ok,logs/seed_442852.log
841786,irt_only,GHEFT,0,0.0,0,0,1,1.919,2.4082,4.3272,,,,,,,,,,,,,,,,,93.24603745223823,2.8816,38,10,266,157,87,70,5.014507,0,ok,logs/seed_841786.log
966897,irt_only,GHEFT,0,0.0,0,0,1,1.926,2.3043,4.2303,,,,,,,,,,,,,,,,,96.22636605410565,2.4894,26,9,250,125,83,42,4.089042,0,ok,logs/seed_966897.log
669763,irt_only,GHEFT,0,0.0,0,0,1,1.9281,2.3347,4.2628,,,,,,,,,,,,,,,,,100.09212663372064,2.5952,25,8,265,132,78,54,5.296516,0,ok,logs/seed_669763.log
920861,irt_only,GHEFT,0,0.0,0,0,1,1.9129,2.2559,4.1688,,,,,,,,,,,,,,,,,78.63384310526317,2.192,28,10,271,124,75,49,4.534194,0,ok,logs/seed_920861.log
584307,irt_only,GHEFT,0,0.0,0,0,1,1.7461,2.6398,4.3859,,,,,,,,,,,,,,,,,104.5167025728899,3.1126,31,9,287,162,74,88,4.522937,0,ok,logs/seed_584307.log
747314,irt_only,GHEFT,0,0.0,0,0,1,1.8238,2.3169,4.1407,,,,,,,,,,,,,,,,,107.5083997863894,2.8876,28,9,265,146,86,60,4.947625,0,ok,logs/seed_747314.log
197715,irt_only,GHEFT,0,0.0,0,0,1,1.8879,2.343,4.2309,,,,,,,,,,,,,,,,,98.19365072036474,2.5618,30,9,272,129,75,54,4.328589,0,ok,logs/seed_197715.log
891603,irt_only,GHEFT,0,0.0,0,0,1,1.7806,1.9847,3.7653,,,,,,,,,,,,,,,,,85.63481059602648,2.751,35,10,271,151,91,60,5.027692,0,ok,logs/seed_891603.log
811812,irt_only,GHEFT,0,0.0,0,0,1,1.9062,2.2112,4.1174,,,,,,,,,,,,,,,,,101.76316506707727,2.3128,34,10,292,165,90,75,5.286066,0,ok,logs/seed_811812.log
920333,irt_only,GHEFT,0,0.0,0,0,1,1.8087,2.3224,4.1311,,,,,,,,,,,,,,,,,101.45466444086023,2.0228,22,9,235,133,83,50,3.940019,0,ok,logs/seed_920333.log
824191,irt_only,GHEFT,0,0.0,0,0,1,1.9511,2.5539,4.505,,,,,,,,,,,,,,,,,102.17240775438594,2.5221,31,10,281,144,89,55,4.811716,0,ok,logs/seed_824191.log
674701,irt_only,GHEFT,0,0.0,0,0,1,1.6686,2.1314,3.8,,,,,,,,,,,,,,,,,112.67230111995356,2.4665,25,9,246,142,83,59,4.510273,0,ok,logs/seed_674701.log
738670,irt_only,GHEFT,0,0.0,0,0,1,2.0414,2.1105,4.1519,,,,,,,,,,,,,,,,,97.177298630137,2.6932,31,10,282,162,94,68,4.92225,0,ok,logs/seed_738670.log
85247,irt_only,GHEFT,0,0.0,0,0,1,1.745,1.9651,3.7101,,,,,,,,,,,,,,,,,106.44562484690553,2.4671,32,10,283,161,87,74,5.067279,0,ok,logs/seed_85247.log
857484,irt_only,GHEFT,0,0.0,0,0,1,1.6681,1.9669,3.635,,,,,,,,,,,,,,,,,92.307998219806,2.1978,36,10,280,119,70,49,4.547776,0,ok,logs/seed_857484.log
223082,irt_only,GHEFT,0,0.0,0,0,1,1.7557,2.1393,3.895,,,,,,,,,,,,,,,,,86.64477649012731,2.4035,28,9,264,138,80,58,4.449048,0,ok,logs/seed_223082.log
481168,irt_only,GHEFT,0,0.0,0,0,1,2.095,3.0814,5.1764,,,,,,,,,,,,,,,,,100.55662695598234,2.8419,34,10,272,153,78,75,5.020471,0,ok,logs/seed_481168.log
435943,irt_only,GHEFT,0,0.0,0,0,1,1.726,2.2795,4.0055,,,,,,,,,,,,,,,,,107.68274676616913,2.2453,29,9,269,137,80,57,5.036827,0,ok,logs/seed_435943.log
502778,irt_only,GHEFT,0,0.0,0,0,1,1.9337,2.5412,4.4749,,,,,,,,,,,,,,,,,109.72540369720957,2.4446,33,10,264,134,77,57,3.782775,0,ok,logs/seed_502778.log
324171,irt_only,GHEFT,0,0.0,0,0,1,1.6607,1.9365,3.5972,,,,,,,,,,,,,,,,,94.64813410499535,2.2568,32,10,270,144,89,55,4.805105,0,ok,logs/seed_324171.log
339100,irt_only,GHEFT,0,0.0,0,0,1,1.6535,1.6789,3.3324,,,,,,,,,,,,,,,,,78.18000423280425,1.6815,30,10,273,124,75,49,4.817182,0,ok,logs/seed_339100.log
33498,irt_only,GHEFT,0,0.0,0,0,1,2.3346,2.5263,4.8609,,,,,,,,,,,,,,,,,110.81980093232225,2.7398,31,10,266,151,91,60,4.829781,0,ok,logs/seed_33498.log
658947,irt_only,GHEFT,0,0.0,0,0,1,1.9657,2.2318,4.1975,,,,,,,,,,,,,,,,,115.70767645187604,2.866,30,11,256,139,79,60,4.579354,0,ok,logs/seed_658947.log
14026,irt_only,GHEFT,0,0.0,0,0,1,1.8909,2.0069,3.8978,,,,,,,,,,,,,,,,,96.753074712558,2.8343,25,8,260,134,78,56,4.624207,0,ok,logs/seed_14026.log
368769,irt_only,GHEFT,0,0.0,0,0,1,1.9851,2.9722,4.9573,,,,,,,,,,,,,,,,,109.1557750955593,2.818,29,10,258,150,81,69,4.816839,0,ok,logs/seed_368769.log
863024,irt_only,GHEFT,0,0.0,0,0,1,1.9736,2.6472,4.6208,,,,,,,,,,,,,,,,,103.3195061637262,2.3417,23,11,249,142,89,53,4.7857,0,ok,logs/seed_863024.log
343909,irt_only,GHEFT,0,0.0,0,0,1,1.9778,2.2207,4.1985,,,,,,,,,,,,,,,,,91.2277222634561,2.9183,32,10,272,135,82,53,4.48013,0,ok,logs/seed_343909.log
333507,irt_only,GHEFT,0,0.0,0,0,1,1.8669,2.6593,4.5262,,,,,,,,,,,,,,,,,117.03502659252274,2.8496,26,8,228,144,88,56,4.393866,0,ok,logs/seed_333507.log
661131,irt_only,GHEFT,0,0.0,0,0,1,2.041,2.4079,4.4489,,,,,,,,,,,,,,,,,88.3490649026066,2.3147,29,8,251,124,72,52,4.162721,0,ok,logs/seed_661131.log
957275,irt_only,GHEFT,0,0.0,0,0,1,2.0677,2.6213,4.689,,,,,,,,,,,,,,,,,105.51628362015505,2.6209,24,8,238,138,82,56,4.185215,0,ok,logs/seed_957275.log
999032,irt_only,GHEFT,0,0.0,0,0,1,2.0352,2.254,4.2892,,,,,,,,,,,,,,,,,85.70433187305022,2.0428,29,10,264,136,81,55,4.888151,0,ok,logs/seed_999032.log
106107,irt_only,GHEFT,0,0.0,0,0,1,2.0585,2.2661,4.3246,,,,,,,,,,,,,,,,,92.24834155828708,2.6449,26,10,248,135,86,49,4.480554,0,ok,logs/seed_106107.log
892937,irt_only,GHEFT,0,0.0,0,0,1,1.7798,2.143,3.9228,,,,,,,,,,,,,,,,,92.68027846508335,2.0661,27,10,240,125,73,52,3.564665,0,ok,logs/seed_892937.log
500359,irt_only,GHEFT,0,0.0,0,0,1,1.936,2.4338,4.3698,,,,,,,,,,,,,,,,,114.40088321096064,3.0147,30,10,259,144,89,55,4.684893,0,ok,logs/seed_500359.log
709021,irt_only,GHEFT,0,0.0,0,0,1,1.7689,2.1645,3.9334,,,,,,,,,,,,,,,,,118.60939236344849,2.9013,35,11,277,159,88,71,4.38585,0,ok,logs/seed_709021.log
616809,irt_only,GHEFT,0,0.0,0,0,1,1.9418,1.9362,3.878,,,,,,,,,,,,,,,,,101.3007443656958,3.1261,32,11,262,138,88,50,5.301947,0,ok,logs/seed_616809.log
964750,irt_only,GHEFT,0,0.0,0,0,1,1.8088,1.9693,3.7781,,,,,,,,,,,,,,,,,100.29974668854571,2.625,30,8,279,147,82,65,4.627254,0,ok,logs/seed_964750.log
347599,irt_only,GHEFT,0,0.0,0,0,1,1.8911,2.0249,3.916,,,,,,,,,,,,,,,,,95.05691090053928,2.5583,28,10,266,132,90,42,4.033314,0,ok,logs/seed_347599.log
561541,irt_only,GHEFT,0,0.0,0,0,1,1.9696,2.1724,4.142,,,,,,,,,,,,,,,,,117.33947240948817,3.3792,28,9,249,143,87,56,4.46356,0,ok,logs/seed_561541.log
35471,irt_only,GHEFT,0,0.0,0,0,1,1.9436,2.0532,3.9968,,,,,,,,,,,,,,,,,115.17545755555555,2.886,31,8,253,109,67,42,4.846368,0,ok,logs/seed_35471.log
530889,irt_only,GHEFT,0,0.0,0,0,1,1.876,1.9892,3.8652,,,,,,,,,,,,,,,,,98.21229030952196,2.1864,30,9,269,151,82,69,5.446261,0,ok,logs/seed_530889.log
435171,irt_only,GHEFT,0,0.0,0,0,1,1.6467,2.4661,4.1128,,,,,,,,,,,,,,,,,108.79095262023007,2.6829,25,9,229,124,84,40,3.989949,0,ok,logs/seed_435171.log
857091,irt_only,GHEFT,0,0.0,0,0,1,1.8739,2.2802,4.1541,,,,,,,,,,,,,,,,,92.95572222838501,2.5146,32,10,272,135,78,57,4.339585,0,ok,logs/seed_857091.log
266083,irt_only,GHEFT,0,0.0,0,0,1,1.8247,2.4761,4.3008,,,,,,,,,,,,,,,,,107.77038794623657,3.4235,34,10,285,149,78,71,4.941901,0,ok,logs/seed_266083.log
843150,irt_only,GHEFT,0,0.0,0,0,1,1.963,2.7811,4.7441,,,,,,,,,,,,,,,,,97.88162037984495,2.3698,29,9,257,157,94,63,4.082,0,ok,logs/seed_843150.log
323855,irt_only,GHEFT,0,0.0,0,0,1,1.9025,2.6974,4.5999,,,,,,,,,,,,,,,,,96.51206343106456,2.4796,31,10,270,132,79,53,5.372388,0,ok,logs/seed_323855.log
759997,irt_only,GHEFT,0,0.0,0,0,1,1.8064,2.7488,4.5552,,,,,,,,,,,,,,,,,119.94765457744356,3.0182,29,9,268,152,84,68,4.52343,0,ok,logs/seed_759997.log
233845,irt_only,GHEFT,0,0.0,0,0,1,1.9031,2.2686,4.1717,,,,,,,,,,,,,,,,,89.61428053024028,1.8844,26,10,255,126,76,50,4.180656,0,ok,logs/seed_233845.log
397130,irt_only,GHEFT,0,0.0,0,0,1,2.0451,2.7229,4.768,,,,,,,,,,,,,,,,,102.70098629127195,2.5652,28,10,241,111,69,42,4.160593,0,ok,logs/seed_397130.log
683545,irt_only,GHEFT,0,0.0,0,0,1,1.8841,2.6075,4.4916,,,,,,,,,,,,,,,,,112.12983135658914,3.1963,27,10,269,170,95,75,4.919499,0,ok,logs/seed_683545.log
265770,irt_only,GHEFT,0,0.0,0,0,1,2.11,2.0006,4.1106,,,,,,,,,,,,,,,,,115.95610363998033,3.0179,33,10,265,150,85,65,4.580972,0,ok,logs/seed_265770.log
820890,irt_only,GHEFT,0,0.0,0,0,1,1.8816,2.5006,4.3822,,,,,,,,,,,,,,,,,116.1194751803365,3.5719,23,9,245,138,84,54,3.843426,0,ok,logs/seed_820890.log
878022,irt_only,GHEFT,0,0.0,0,0,1,1.6765,2.4108,4.0873,,,,,,,,,,,,,,,,,105.00303912047427,2.5538,30,11,248,144,88,56,4.45525,0,ok,logs/seed_878022.log
160041,irt_only,GHEFT,0,0.0,0,0,1,2.1714,2.8425,5.0139,,,,,,,,,,,,,,,,,122.52711152517806,3.1306,27,9,255,151,80,71,5.350457,0,ok,logs/seed_160041.log
904461,irt_only,GHEFT,0,0.0,0,0,1,2.1356,2.7934,4.929,,,,,,,,,,,,,,,,,98.63646494039733,2.4641,28,11,260,136,85,51,4.597112,0,ok,logs/seed_904461.log
641339,irt_only,GHEFT,0,0.0,0,0,1,2.1808,3.2266,5.4074,,,,,,,,,,,,,,,,,98.7924890259481,2.0737,37,11,284,140,68,72,4.119517,0,ok,logs/seed_641339.log
980412,irt_only,GHEFT,0,0.0,0,0,1,2.0306,2.1446,4.1752,,,,,,,,,,,,,,,,,96.14619598245613,2.6673,32,10,252,132,78,54,3.718915,0,ok,logs/seed_980412.log
509693,irt_only,GHEFT,0,0.0,0,0,1,1.9987,2.2777,4.2764,,,,,,,,,,,,,,,,,108.57278581012663,2.635,27,10,265,169,96,73,4.879133,0,ok,logs/seed_509693.log
89260,irt_only,GHEFT,0,0.0,0,0,1,1.987,2.6574,4.6444,,,,,,,,,,,,,,,,,97.6372448094435,2.7004,28,10,272,163,94,69,5.029937,0,ok,logs/seed_89260.log
49537,irt_only,GHEFT,0,0.0,0,0,1,2.0601,2.6099,4.67,,,,,,,,,,,,,,,,,101.57624289267928,3.5119,25,8,264,139,82,57,4.132122,0,ok,logs/seed_49537.log
632773,irt_only,GHEFT,0,0.0,0,0,1,1.9975,2.1573,4.1548,,,,,,,,,,,,,,,,,93.8370781589404,2.6318,28,11,242,137,76,61,4.247622,0,ok,logs/seed_632773.log
806015,irt_only,GHEFT,0,0.0,0,0,1,2.0149,2.1605,4.1754,,,,,,,,,,,,,,,,,82.66225736025442,2.2497,31,8,290,142,81,61,4.880321,0,ok,logs/seed_806015.log
77261,irt_only,GHEFT,0,0.0,0,0,1,1.839,2.152,3.991,,,,,,,,,,,,,,,,,105.47445844229676,3.0082,27,9,265,142,90,52,4.070916,0,ok,logs/seed_77261.log
928757,irt_only,GHEFT,0,0.0,0,0,1,2.0518,2.2689,4.3207,,,,,,,,,,,,,,,,,117.92858451447292,2.8337,24,9,242,146,82,64,3.954623,0,ok,logs/seed_928757.log
101503,irt_only,GHEFT,0,0.0,0,0,1,2.0352,2.7828,4.818,,,,,,,,,,,,,,,,,109.46387095420145,2.9297,27,10,254,181,98,83,4.63807,0,ok,logs/seed_101503.log
771006,irt_only,GHEFT,0,0.0,0,0,1,2.2303,2.4522,4.6825,,,,,,,,,,,,,,,,,81.52421142888744,2.2255,24,8,261,118,68,50,3.684641,0,ok,logs/seed_771006.log
980797,irt_only,GHEFT,0,0.0,0,0,1,1.9967,2.9183,4.915,,,,,,,,,,,,,,,,,90.88192976827096,2.6087,27,10,260,142,82,60,4.762632,0,ok,logs/seed_980797.log
810307,irt_only,GHEFT,0,0.0,0,0,1,2.2124,2.5066,4.719,,,,,,,,,,,,,,,,,131.27618241004853,4.2065,25,11,236,142,84,58,4.310776,0,ok,logs/seed_810307.log
601855,irt_only,GHEFT,0,0.0,0,0,1,1.8091,1.9804,3.7895,,,,,,,,,,,,,,,,,96.88813812575897,1.9819,31,8,254,129,82,47,4.007959,0,ok,logs/seed_601855.log
315131,irt_only,GHEFT,0,0.0,0,0,1,1.7518,2.3565,4.1083,,,,,,,,,,,,,,,,,111.42676060606055,2.4568,31,9,275,148,85,63,4.718727,0,ok,logs/seed_315131.log
857672,irt_only,GHEFT,0,0.0,0,0,1,1.9832,2.1306,4.1138,,,,,,,,,,,,,,,,,90.85138280802295,2.4219,34,11,287,172,94,78,4.263062,0,ok,logs/seed_857672.log
301408,irt_only,GHEFT,0,0.0,0,0,1,1.6605,2.2159,3.8764,,,,,,,,,,,,,,,,,104.74867372758035,2.7057,34,11,249,163,91,72,4.120066,0,ok,logs/seed_301408.log
477074,irt_only,GHEFT,0,0.0,0,0,1,1.8514,2.2723,4.1237,,,,,,,,,,,,,,,,,143.72005317947134,3.9173,23,9,236,121,75,46,3.930151,0,ok,logs/seed_477074.log
856925,irt_only,GHEFT,0,0.0,0,0,1,1.8549,2.1419,3.9968,,,,,,,,,,,,,,,,,89.50918166511222,2.3858,28,9,224,104,59,45,3.747964,0,ok,logs/seed_856925.log
358293,irt_only,GHEFT,0,0.0,0,0,1,1.7556,1.9402,3.6958,,,,,,,,,,,,,,,,,99.81117256277052,2.8388,32,10,279,165,102,63,5.277117,0,ok,logs/seed_358293.log
419060,irt_only,GHEFT,0,0.0,0,0,1,1.8587,2.1039,3.9626,,,,,,,,,,,,,,,,,94.80089822641506,2.2241,26,8,252,112,71,41,3.939218,0,ok,logs/seed_419060.log
279827,irt_only,GHEFT,0,0.0,0,0,1,1.8407,2.33,4.1707,,,,,,,,,,,,,,,,,111.618760176039,2.8662,35,11,274,143,78,65,4.314846,0,ok,logs/seed_279827.log
492206,irt_only,GHEFT,0,0.0,0,0,1,1.8772,2.6375,4.5147,,,,,,,,,,,,,,,,,119.30968532309613,3.4326,29,9,255,146,86,60,3.997742,0,ok,logs/seed_492206.log
899477,irt_only,GHEFT,0,0.0,0,0,1,2.0529,2.2226,4.2755,,,,,,,,,,,,,,,,,85.82010272979386,2.9423,29,9,279,129,75,54,4.524451,0,ok,logs/seed_899477.log
598216,irt_only,GHEFT,0,0.0,0,0,1,1.9018,2.7283,4.6301,,,,,,,,,,,,,,,,,107.99254583471603,2.8074,34,10,290,161,92,69,6.201503,0,ok,logs/seed_598216.log
792100,irt_only,GHEFT,0,0.0,0,0,1,1.8609,2.1508,4.0117,,,,,,,,,,,,,,,,,99.92920754545455,2.6509,30,9,240,129,79,50,4.326953,0,ok,logs/seed_792100.log
600819,irt_only,GHEFT,0,0.0,0,0,1,2.3135,2.6665,4.98,,,,,,,,,,,,,,,,,107.5151806937517,2.8088,25,10,239,133,77,56,4.820445,0,ok,logs/seed_600819.log
141930,irt_only,GHEFT,0,0.0,0,0,1,2.1822,1.9849,4.1671,,,,,,,,,,,,,,,,,90.17314870036847,1.6692,26,9,279,151,80,71,4.677576,0,ok,logs/seed_141930.log
92175,irt_only,GHEFT,0,0.0,0,0,1,1.8353,1.9097,3.745,,,,,,,,,,,,,,,,,111.22279874213837,3.5767,29,10,268,134,81,53,4.330616,0,ok,logs/seed_92175.log
814416,irt_only,GHEFT,0,0.0,0,0,1,1.812,2.0436,3.8556,,,,,,,,,,,,,,,,,107.37106946987952,1.9704,29,10,259,148,87,61,4.574132,0,ok,logs/seed_814416.log
219838,irt_only,GHEFT,0,0.0,0,0,1,2.0699,2.3047,4.3746,,,,,,,,,,,,,,,,,109.97825645002007,3.5407,28,10,256,136,82,54,4.116818,0,ok,logs/seed_219838.log
826599,irt_only,GHEFT,0,0.0,0,0,1,2.053,2.4127,4.4657,,,,,,,,,,,,,,,,,88.90850181989848,2.5946,28,9,277,141,82,59,4.60193,0,ok,logs/seed_826599.log
872887,irt_only,GHEFT,0,0.0,0,0,1,1.8248,2.2361,4.0609,,,,,,,,,,,,,,,,,116.87045560521304,2.7291,35,12,255,153,80,73,4.726186,0,ok,logs/seed_872887.log
9276,irt_only,GHEFT,0,0.0,0,0,1,1.8709,2.1824,4.0533,,,,,,,,,,,,,,,,,98.59812704271482,2.8529,37,11,274,163,97,66,5.465329,0,ok,logs/seed_9276.log
476843,irt_only,GHEFT,0,0.0,0,0,1,1.7499,2.1962,3.9461,,,,,,,,,,,,,,,,,136.93481861237785,2.9574,33,10,260,140,84,56,5.233682,0,ok,logs/seed_476843.log
669745,irt_only,GHEFT,0,0.0,0,0,1,2.0458,2.6186,4.6644,,,,,,,,,,,,,,,,,93.80743149210413,2.294,25,9,259,120,70,50,4.769159,0,ok,logs/seed_669745.log
348419,irt_only,GHEFT,0,0.0,0,0,1,1.7847,2.3175,4.1022,,,,,,,,,,,,,,,,,88.08360005737228,2.1689,28,9,249,114,74,40,4.800586,0,ok,logs/seed_348419.log
459262,irt_only,GHEFT,0,0.0,0,0,1,1.8076,1.7886,3.5962,,,,,,,,,,,,,,,,,97.5752832599119,2.2854,34,10,282,158,97,61,5.427384,0,ok,logs/seed_459262.log
953735,irt_only,GHEFT,0,0.0,0,0,1,2.1077,2.6187,4.7264,,,,,,,,,,,,,,,,,102.81446798679868,2.5391,28,8,270,116,69,47,3.796446,0,ok,logs/seed_953735.log
438523,irt_only,GHEFT,0,0.0,0,0,1,1.925,2.301,4.226,,,,,,,,,,,,,,,,,121.37072247686612,3.1467,24,8,242,148,89,59,4.337747,0,ok,logs/seed_438523.log
671488,irt_only,GHEFT,0,0.0,0,0,1,2.2178,2.5101,4.7279,,,,,,,,,,,,,,,,,122.19537645090648,3.4949,27,8,234,141,84,57,3.537033,0,ok,logs/seed_671488.log
959396,irt_only,GHEFT,0,0.0,0,0,1,1.8015,2.0916,3.8931,,,,,,,,,,,,,,,,,107.77825127416308,2.7902,28,10,251,125,75,50,5.246014,0,ok,logs/seed_959396.log
127531,irt_only,GHEFT,0,0.0,0,0,1,2.1333,2.3013,4.4346,,,,,,,,,,,,,,,,,105.91403915779259,2.802,28,9,263,161,103,58,4.940457,0,ok,logs/seed_127531.log
720158,irt_only,GHEFT,0,0.0,0,0,1,1.7315,1.7393,3.4708,,,,,,,,,,,,,,,,,91.6757259417596,2.5676,25,9,259,127,72,55,4.285952,0,ok,logs/seed_720158.log
616958,irt_only,GHEFT,0,0.0,0,0,1,2.0417,2.1614,4.2031,,,,,,,,,,,,,,,,,107.42588107110264,2.5502,34,9,291,143,83,60,5.723861,0,ok,logs/seed_616958.log
767920,irt_only,GHEFT,0,0.0,0,0,1,1.8757,1.9755,3.8512,,,,,,,,,,,,,,,,,95.30796072633166,2.7413,30,11,254,143,83,60,3.889873,0,ok,logs/seed_767920.log
286030,irt_only,GHEFT,0,0.0,0,0,1,1.7027,2.1681,3.8708,,,,,,,,,,,,,,,,,105.66206960784314,2.5146,24,9,252,153,99,54,3.747626,0,ok,logs/seed_286030.log
18671,irt_only,GHEFT,0,0.0,0,0,1,1.5861,2.0284,3.6145,,,,,,,,,,,,,,,,,119.33887435897437,2.7275,31,10,256,132,81,51,4.63074,0,ok,logs/seed_18671.log
348701,irt_only,GHEFT,0,0.0,0,0,1,1.7449,2.0868,3.8317,,,,,,,,,,,,,,,,,119.71601991338983,2.4535,29,10,256,124,79,45,4.651546,0,ok,logs/seed_348701.log
630160,irt_only,GHEFT,0,0.0,0,0,1,1.8681,2.0928,3.9609,,,,,,,,,,,,,,,,,99.84557576601316,3.0223,30,9,278,144,88,56,4.768459,0,ok,logs/seed_630160.log
534421,irt_only,GHEFT,0,0.0,0,0,1,1.6381,1.8813,3.5194,,,,,,,,,,,,,,,,,94.06251196345515,2.6752,27,10,258,143,82,61,4.762583,0,ok,logs/seed_534421.log
550498,irt_only,GHEFT,0,0.0,0,0,1,1.7569,2.7093,4.4662,,,,,,,,,,,,,,,,,101.91441554723708,1.9275,25,9,259,130,80,50,4.804175,0,ok,logs/seed_550498.log
440724,irt_only,GHEFT,0,0.0,0,0,1,1.8229,2.0088,3.8317,,,,,,,,,,,,,,,,,88.5561193730008,2.2184,36,10,280,129,80,49,4.232569,0,ok,logs/seed_440724.log
475946,irt_only,GHEFT,0,0.0,0,0,1,1.9165,2.562,4.4785,,,,,,,,,,,,,,,,,109.28170642543135,2.7851,36,9,267,159,87,72,5.154669,0,ok,logs/seed_475946.log
522340,irt_only,GHEFT,0,0.0,0,0,1,2.2362,2.3206,4.5568,,,,,,,,,,,,,,,,,82.16581612055604,2.4269,31,10,263,125,79,46,4.509014,0,ok,logs/seed_522340.log
514258,irt_only,GHEFT,0,0.0,0,0,1,1.7969,2.4683,4.2652,,,,,,,,,,,,,,,,,107.1756546866117,2.1166,24,9,249,130,79,51,5.233366,0,ok,logs/seed_514258.log
222457,irt_only,GHEFT,0,0.0,0,0,1,1.89,2.7045,4.5945,,,,,,,,,,,,,,,,,105.45654036725148,2.7637,22,9,252,135,81,54,4.179811,0,ok,logs/seed_222457.log
769416,irt_only,GHEFT,0,0.0,0,0,1,1.811,2.2334,4.0444,,,,,,,,,,,,,,,,,125.93689884946235,3.8293,25,10,193,117,81,36,3.122861,0,ok,logs/seed_769416.log
429996,irt_only,GHEFT,0,0.0,0,0,1,1.7727,1.8802,3.6529,,,,,,,,,,,,,,,,,87.40343769756939,2.0527,37,10,309,154,87,67,5.880948,0,ok,logs/seed_429996.log
657311,irt_only,GHEFT,0,0.0,0,0,1,1.7152,2.0542,3.7694,,,,,,,,,,,,,,,,,104.10469547808748,2.1833,33,10,278,143,87,56,4.845231,0,ok,logs/seed_657311.log
402349,irt_only,GHEFT,0,0.0,0,0,1,2.0022,2.0769,4.0791,,,,,,,,,,,,,,,,,98.14398029966279,2.5146,26,9,243,153,83,70,4.3721,0,ok,logs/seed_402349.log
434184,irt_only,GHEFT,0,0.0,0,0,1,1.9844,2.2139,4.1983,,,,,,,,,,,,,,,,,107.74594059111793,2.7266,38,10,270,169,98,71,4.55624,0,ok,logs/seed_434184.log
786598,irt_only,GHEFT,0,0.0,0,0,1,1.8264,1.8117,3.6381,,,,,,,,,,,,,,,,,93.8647258403576,2.5429,28,9,269,145,84,61,4.708142,0,ok,logs/seed_786598.log
101351,irt_only,GHEFT,0,0.0,0,0,1,1.9886,2.4552,4.4438,,,,,,,,,,,,,,,,,124.37551003514368,3.7473,26,8,252,130,81,49,4.05896,0,ok,logs/seed_101351.log
155305,irt_only,GHEFT,0,0.0,0,0,1,1.8292,2.227,4.0562,,,,,,,,,,,,,,,,,85.01947223219629,2.4607,29,10,272,153,87,66,4.194291,0,ok,logs/seed_155305.log
218988,irt_only,GHEFT,0,0.0,0,0,1,1.8216,2.4089,4.2305,,,,,,,,,,,,,,,,,125.00585776925513,3.1469,22,9,231,128,78,50,4.263082,0,ok,logs/seed_218988.log
981581,irt_only,GHEFT,0,0.0,0,0,1,1.8157,2.2683,4.084,,,,,,,,,,,,,,,,,83.85482313695249,2.0972,30,10,275,132,76,56,4.739631,0,ok,logs/seed_981581.log
495855,irt_only,GHEFT,0,0.0,0,0,1,1.8828,2.1296,4.0124,,,,,,,,,,,,,,,,,102.66374810996562,2.8655,26,8,229,138,83,55,3.575556,0,ok,logs/seed_495855.log
708196,irt_only,GHEFT,0,0.0,0,0,1,1.8889,2.5594,4.4483,,,,,,,,,,,,,,,,,123.45228099052596,2.5198,23,9,232,130,73,57,4.491783,0,ok,logs/seed_708196.log
700191,irt_only,GHEFT,0,0.0,0,0,1,1.9484,2.9862,4.9346,,,,,,,,,,,,,,,,,114.5004467756014,2.758,32,9,279,161,89,72,4.948683,0,ok,logs/seed_700191.log
366645,irt_only,GHEFT,0,0.0,0,0,1,1.8142,1.7571,3.5713,,,,,,,,,,,,,,,,,95.1854544742431,1.739,28,10,280,142,84,58,4.499546,0,ok,logs/seed_366645.log
664766,irt_only,GHEFT,0,0.0,0,0,1,1.9353,2.5168,4.4521,,,,,,,,,,,,,,,,,95.91285233218588,3.0157,27,9,253,123,72,51,4.199685,0,ok,logs/seed_664766.log
137324,irt_only,GHEFT,0,0.0,0,0,1,1.7849,2.2864,4.0713,,,,,,,,,,,,,,,,,87.78155928853755,2.2322,30,10,297,135,83,52,4.83013,0,ok,logs/seed_137324.log
93537,irt_only,GHEFT,0,0.0,0,0,1,1.8429,2.183,4.0259,,,,,,,,,,,,,,,,,97.27172140197654,2.2926,27,10,268,155,89,66,4.035591,0,ok,logs/seed_93537.log
827786,irt_only,GHEFT,0,0.0,0,0,1,2.0274,2.6202,4.6476,,,,,,,,,,,,,,,,,89.01900650160772,2.5383,25,9,256,123,69,54,6.050507,0,ok,logs/seed_827786.log
343941,irt_only,GHEFT,0,0.0,0,0,1,2.0077,2.0329,4.0406,,,,,,,,,,,,,,,,,91.12575150985049,1.9302,34,12,279,164,88,76,5.518758,0,ok,logs/seed_343941.log
710910,irt_only,GHEFT,0,0.0,0,0,1,1.9446,2.4051,4.3497,,,,,,,,,,,,,,,,,101.0280512283105,2.4891,31,11,267,179,96,83,4.670803,0,ok,logs/seed_710910.log
335281,irt_only,GHEFT,0,0.0,0,0,1,2.0205,2.0081,4.0286,,,,,,,,,,,,,,,,,82.9774686651772,2.5864,26,9,264,110,65,45,4.615539,0,ok,logs/seed_335281.log
385234,irt_only,GHEFT,0,0.0,0,0,1,1.8314,2.0355,3.8669,,,,,,,,,,,,,,,,,101.87537116713683,2.7598,33,9,273,142,77,65,4.202623,0,ok,logs/seed_385234.log
566861,irt_only,GHEFT,0,0.0,0,0,1,1.7659,1.814,3.5799,,,,,,,,,,,,,,,,,95.54183102915452,2.7007,36,10,280,159,94,65,4.758352,0,ok,logs/seed_566861.log
794225,irt_only,GHEFT,0,0.0,0,0,1,1.7361,1.9224,3.6585,,,,,,,,,,,,,,,,,104.58328411336923,2.5971,31,9,272,116,71,45,3.977182,0,ok,logs/seed_794225.log
509569,irt_only,GHEFT,0,0.0,0,0,1,1.879,2.9927,4.8717,,,,,,,,,,,,,,,,,120.10868087548639,2.5272,21,8,239,114,70,44,4.500713,0,ok,logs/seed_509569.log
949698,irt_only,GHEFT,0,0.0,0,0,1,2.0296,2.1552,4.1848,,,,,,,,,,,,,,,,,93.73724768245125,2.6385,31,10,270,137,84,53,4.227538,0,ok,logs/seed_949698.log
553382,irt_only,GHEFT,0,0.0,0,0,1,1.8862,2.6994,4.5856,,,,,,,,,,,,,,,,,141.53674406229547,3.418,25,8,255,122,72,50,3.98849,0,ok,logs/seed_553382.log
572482,irt_only,GHEFT,0,0.0,0,0,1,1.9352,1.9566,3.8918,,,,,,,,,,,,,,,,,88.04308021531847,2.3595,31,10,245,131,83,48,4.338283,0,ok,logs/seed_572482.log
389037,irt_only,GHEFT,0,0.0,0,0,1,2.0693,2.4035,4.4728,,,,,,,,,,,,,,,,,115.71649821904407,3.5735,30,10,239,124,71,53,4.230206,0,ok,logs/seed_389037.log
309802,irt_only,GHEFT,0,0.0,0,0,1,1.8044,2.5387,4.3431,,,,,,,,,,,,,,,,,112.35462635932495,3.3728,25,8,255,135,79,56,4.274336,0,ok,logs/seed_309802.log
704427,irt_only,GHEFT,0,0.0,0,0,1,1.9095,2.0629,3.9724,,,,,,,,,,,,,,,,,97.51876857600816,2.3904,31,11,286,164,87,77,5.416959,0,ok,logs/seed_704427.log
101580,irt_only,GHEFT,0,0.0,0,0,1,2.1801,2.9512,5.1313,,,,,,,,,,,,,,,,,97.84333345590991,2.7084,25,9,271,142,81,61,4.767994,0,ok,logs/seed_101580.log
341337,irt_only,GHEFT,0,0.0,0,0,1,1.803,1.7458,3.5488,,,,,,,,,,,,,,,,,86.79972648015364,1.852,30,9,309,126,81,45,5.110063,0,ok,logs/seed_341337.log
392761,irt_only,GHEFT,0,0.0,0,0,1,1.8249,2.638,4.4629,,,,,,,,,,,,,,,,,101.69803407068471,3.1709,31,10,259,170,94,76,3.873541,0,ok,logs/seed_392761.log
481487,irt_only,GHEFT,0,0.0,0,0,1,2.0741,2.3468,4.4209,,,,,,,,,,,,,,,,,91.23459179790994,2.2964,36,10,295,168,93,75,4.536282,0,ok,logs/seed_481487.log
399403,irt_only,GHEFT,0,0.0,0,0,1,1.8694,2.153,4.0224,,,,,,,,,,,,,,,,,91.34756896090795,2.1964,31,11,287,161,96,65,5.960143,0,ok,logs/seed_399403.log
823258,irt_only,GHEFT,0,0.0,0,0,1,2.0714,1.9707,4.0421,,,,,,,,,,,,,,,,,87.34675036817102,2.639,34,11,254,135,83,52,4.214507,0,ok,logs/seed_823258.log
213758,irt_only,GHEFT,0,0.0,0,0,1,1.8704,2.3055,4.1759,,,,,,,,,,,,,,,,,108.3454209327333,3.1094,36,11,295,160,79,81,5.429522,0,ok,logs/seed_213758.log
852462,irt_only,GHEFT,0,0.0,0,0,1,1.6465,2.1353,3.7818,,,,,,,,,,,,,,,,,107.3860477122678,2.2545,25,9,245,132,74,58,4.475792,0,ok,logs/seed_852462.log
98150,irt_only,GHEFT,0,0.0,0,0,1,2.0579,2.1808,4.2387,,,,,,,,,,,,,,,,,80.98119605222124,2.2259,29,8,265,116,70,46,4.235711,0,ok,logs/seed_98150.log
290105,irt_only,GHEFT,0,0.0,0,0,1,1.9205,2.3739,4.2944,,,,,,,,,,,,,,,,,95.38028685030362,3.3791,28,10,253,148,79,69,3.884785,0,ok,logs/seed_290105.log
411034,irt_only,GHEFT,0,0.0,0,0,1,2.0669,2.2444,4.3113,,,,,,,,,,,,,,,,,108.83673644303796,2.8584,26,10,247,148,80,68,3.598396,0,ok,logs/seed_411034.log
269026,irt_only,GHEFT,0,0.0,0,0,1,2.1245,2.2077,4.3322,,,,,,,,,,,,,,,,,92.54011205769305,2.4517,33,10,283,177,100,77,5.743841,0,ok,logs/seed_269026.log
69100,irt_only,GHEFT,0,0.0,0,0,1,1.7067,1.852,3.5587,,,,,,,,,,,,,,,,,98.44712256262561,3.1989,34,11,285,171,84,87,4.801821,0,ok,logs/seed_69100.log
433242,irt_only,GHEFT,0,0.0,0,0,1,1.7408,2.3602,4.101,,,,,,,,,,,,,,,,,105.1077079600007,2.5913,28,8,263,136,83,53,3.643284,0,ok,logs/seed_433242.log
931676,irt_only,GHEFT,0,0.0,0,0,1,1.7477,2.0753,3.823,,,,,,,,,,,,,,,,,101.9628804147875,2.4982,36,10,277,153,89,64,4.960776,0,ok,logs/seed_931676.log
281692,irt_only,GHEFT,0,0.0,0,0,1,1.8484,2.1578,4.0062,,,,,,,,,,,,,,,,,97.94876800143471,2.6505,34,10,289,142,80,62,4.822341,0,ok,logs/seed_281692.log
904446,irt_only,GHEFT,0,0.0,0,0,1,1.7245,2.7709,4.4954,,,,,,,,,,,,,,,,,113.77522899166759,3.4022,38,9,279,135,72,63,4.50789,0,ok,logs/seed_904446.log
831666,irt_only,GHEFT,0,0.0,0,0,1,1.9,1.9623,3.8623,,,,,,,,,,,,,,,,,88.11261838461537,2.3067,30,10,256,127,77,50,4.036053,0,ok,logs/seed_831666.log
83588,irt_only,GHEFT,0,0.0,0,0,1,2.0487,2.2189,4.2676,,,,,,,,,,,,,,,,,82.99946660682225,1.9977,25,9,255,134,76,58,3.904513,0,ok,logs/seed_83588.log
326878,irt_only,GHEFT,0,0.0,0,0,1,1.9394,2.4105,4.3499,,,,,,,,,,,,,,,,,110.434301,3.2596,32,10,257,160,83,77,5.325788,0,ok,logs/seed_326878.log
928118,irt_only,GHEFT,0,0.0,0,0,1,2.1369,2.4636,4.6005,,,,,,,,,,,,,,,,,97.26773816957525,2.3711,30,9,259,136,83,53,5.091637,0,ok,logs/seed_928118.log
890764,irt_only,GHEFT,0,0.0,0,0,1,1.7752,2.2271,4.0023,,,,,,,,,,,,,,,,,101.45192916828836,2.3245,37,10,305,168,89,79,4.915341,0,ok,logs/seed_890764.log
355815,irt_only,GHEFT,0,0.0,0,0,1,2.0008,2.9711,4.9719,,,,,,,,,,,,,,,,,110.53038812586452,2.7423,25,8,259,138,75,63,5.140566,0,ok,logs/seed_355815.log
368407,irt_only,GHEFT,0,0.0,0,0,1,2.1338,2.6367,4.7705,,,,,,,,,,,,,,,,,92.51706635947713,3.2038,29,9,276,155,77,78,4.652817,0,ok,logs/seed_368407.log
874310,irt_only,GHEFT,0,0.0,0,0,1,1.7541,2.0212,3.7753,,,,,,,,,,,,,,,,,100.83619283677974,2.1245,33,9,272,154,80,74,4.715362,0,ok,logs/seed_874310.log
971526,irt_only,GHEFT,0,0.0,0,0,1,2.0714,2.2981,4.3695,,,,,,,,,,,,,,,,,103.27845963284,2.5535,26,10,259,122,75,47,4.809831,0,ok,logs/seed_971526.log
563565,irt_only,GHEFT,0,0.0,0,0,1,1.7142,1.9272,3.6414,,,,,,,,,,,,,,,,,131.5066869892016,2.6888,27,8,252,147,94,53,4.208867,0,ok,logs/seed_563565.log
943133,irt_only,GHEFT,0,0.0,0,0,1,2.0071,2.2837,4.2908,,,,,,,,,,,,,,,,,101.85819074733098,2.542,32,9,275,153,81,72,4.130568,0,ok,logs/seed_943133.log
455182,irt_only,GHEFT,0,0.0,0,0,1,2.1071,3.1498,5.2569,,,,,,,,,,,,,,,,,105.90896131932372,2.6569,27,9,255,165,90,75,4.285101,0,ok,logs/seed_455182.log
719709,irt_only,GHEFT,0,0.0,0,0,1,1.8953,2.0567,3.952,,,,,,,,,,,,,,,,,94.11180140889697,1.7744,34,10,270,155,95,60,4.535307,0,ok,logs/seed_719709.log
720998,irt_only,GHEFT,0,0.0,0,0,1,1.9223,1.9302,3.8525,,,,,,,,,,,,,,,,,103.50899125802212,2.4058,35,9,277,141,80,61,4.456723,0,ok,logs/seed_720998.log
747524,irt_only,GHEFT,0,0.0,0,0,1,2.1003,2.8832,4.9835,,,,,,,,,,,,,,,,,103.75580057885473,2.6286,33,10,292,166,88,78,4.404958,0,ok,logs/seed_747524.log
252772,irt_only,GHEFT,0,0.0,0,0,1,1.8162,2.0245,3.8407,,,,,,,,,,,,,,,,,98.10167448559672,2.663,35,10,278,148,83,65,5.463196,0,ok,logs/seed_252772.log
175281,irt_only,GHEFT,0,0.0,0,0,1,1.8966,2.1349,4.0315,,,,,,,,,,,,,,,,,71.96782272518841,1.8184,31,9,283,122,68,54,4.959208,0,ok,logs/seed_175281.log
72567,irt_only,GHEFT,0,0.0,0,0,1,2.0855,2.3331,4.4186,,,,,,,,,,,,,,,,,103.70905639741521,3.3373,23,8,231,116,64,52,4.718099,0,ok,logs/seed_72567.log
937978,irt_only,GHEFT,0,0.0,0,0,1,1.9304,2.1924,4.1228,,,,,,,,,,,,,,,,,92.84354028062167,1.9907,30,10,262,146,86,60,4.366375,0,ok,logs/seed_937978.log
543059,irt_only,GHEFT,0,0.0,0,0,1,2.0994,3.0438,5.1432,,,,,,,,,,,,,,,,,107.08030557339715,2.7006,27,9,256,129,70,59,4.429232,0,ok,logs/seed_543059.log
48503,irt_only,GHEFT,0,0.0,0,0,1,1.9291,1.971,3.9001,,,,,,,,,,,,,,,,,101.50751851771653,2.8339,24,8,245,143,86,57,3.810583,0,ok,logs/seed_48503.log
738560,irt_only,GHEFT,0,0.0,0,0,1,1.9314,1.99,3.9214,,,,,,,,,,,,,,,,,110.02989948446611,2.3727,27,10,267,136,82,54,4.56009,0,ok,logs/seed_738560.log
975608,irt_only,GHEFT,0,0.0,0,0,1,1.9397,2.0419,3.9816,,,,,,,,,,,,,,,,,146.3036039020556,3.1976,32,10,243,110,67,43,3.784715,0,ok,logs/seed_975608.log
683245,irt_only,GHEFT,0,0.0,0,0,1,1.9076,2.276,4.1836,,,,,,,,,,,,,,,,,116.79362731578948,3.1983,25,8,239,126,79,47,4.226768,0,ok,logs/seed_683245.log
781133,irt_only,GHEFT,0,0.0,0,0,1,1.9139,2.3668,4.2807,,,,,,,,,,,,,,,,,108.59995585350428,2.4791,29,11,253,130,73,57,4.194123,0,ok,logs/seed_781133.log
43408,irt_only,GHEFT,0,0.0,0,0,1,2.0933,2.5661,4.6594,,,,,,,,,,,,,,,,,96.98309756243549,2.6635,30,10,266,154,85,69,5.059253,0,ok,logs/seed_43408.log
226631,irt_only,GHEFT,0,0.0,0,0,1,1.8341,2.3517,4.1858,,,,,,,,,,,,,,,,,127.20458787394959,2.9147,31,10,251,153,89,64,4.712872,0,ok,logs/seed_226631.log
181152,irt_only,GHEFT,0,0.0,0,0,1,2.0603,2.7606,4.8209,,,,,,,,,,,,,,,,,91.90756917562723,2.9199,34,12,258,146,78,68,4.473216,0,ok,logs/seed_181152.log
429823,irt_only,GHEFT,0,0.0,0,0,1,1.9141,2.2837,4.1978,,,,,,,,,,,,,,,,,119.91929000309435,3.4608,32,9,266,146,84,62,4.892718,0,ok,logs/seed_429823.log
404672,irt_only,GHEFT,0,0.0,0,0,1,1.6041,1.861,3.4651,,,,,,,,,,,,,,,,,89.79870100000001,2.2837,27,8,266,110,70,40,4.255929,0,ok,logs/seed_404672.log
877698,irt_only,GHEFT,0,0.0,0,0,1,1.901,1.6866,3.5876,,,,,,,,,,,,,,,,,94.9686115624947,2.7256,33,10,281,138,81,57,5.381352,0,ok,logs/seed_877698.log
958202,irt_only,GHEFT,0,0.0,0,0,1,1.8551,2.7361,4.5912,,,,,,,,,,,,,,,,,124.7895216497088,3.1587,28,10,245,151,87,64,4.595378,0,ok,logs/seed_958202.log
544591,irt_only,GHEFT,0,0.0,0,0,1,1.8879,2.1656,4.0535,,,,,,,,,,,,,,,,,83.28934518521888,2.2853,28,10,248,119,71,48,4.886216,0,ok,logs/seed_544591.log
539008,irt_only,GHEFT,0,0.0,0,0,1,1.782,2.3907,4.1727,,,,,,,,,,,,,,,,,97.63055401679766,1.9771,26,8,271,139,84,55,4.694627,0,ok,logs/seed_539008.log
183645,irt_only,GHEFT,0,0.0,0,0,1,2.1925,2.5456,4.7381,,,,,,,,,,,,,,,,,109.57197108054821,2.8933,30,9,290,144,87,57,4.517409,0,ok,logs/seed_183645.log
701092,irt_only,GHEFT,0,0.0,0,0,1,2.087,2.4103,4.4973,,,,,,,,,,,,,,,,,108.70439621751176,2.8439,34,10,282,164,91,73,4.694998,0,ok,logs/seed_701092.log
529935,irt_only,GHEFT,0,0.0,0,0,1,2.0202,2.3495,4.3697,,,,,,,,,,,,,,,,,102.32968500782394,2.8396,27,10,254,137,76,61,3.644182,0,ok,logs/seed_529935.log
159302,irt_only,GHEFT,0,0.0,0,0,1,1.7576,1.8985,3.6561,,,,,,,,,,,,,,,,,100.40051403621749,2.6975,30,10,260,136,75,61,5.110375,0,ok,logs/seed_159302.log
946627,irt_only,GHEFT,0,0.0,0,0,1,1.9047,2.2288,4.1335,,,,,,,,,,,,,,,,,106.15351384501545,2.671,27,11,260,145,78,67,6.177546,0,ok,logs/seed_946627.log
367625,irt_only,GHEFT,0,0.0,0,0,1,1.9071,2.1537,4.0608,,,,,,,,,,,,,,,,,92.76843038485616,2.8845,33,11,272,133,81,52,4.479138,0,ok,logs/seed_367625.log
177782,irt_only,GHEFT,0,0.0,0,0,1,2.1453,2.4442,4.5895,,,,,,,,,,,,,,,,,104.55891106820546,2.8466,31,10,263,140,85,55,4.076766,0,ok,logs/seed_177782.log
302988,irt_only,GHEFT,0,0.0,0,0,1,1.9793,2.7865,4.7658,,,,,,,,,,,,,,,,,106.81133017032072,3.9306,22,8,227,134,86,48,4.172956,0,ok,logs/seed_302988.log
192553,irt_only,GHEFT,0,0.0,0,0,1,2.1304,2.1413,4.2717,,,,,,,,,,,,,,,,,85.60698089892975,2.6881,24,8,259,134,80,54,4.216946,0,ok,logs/seed_192553.log
835851,irt_only,GHEFT,0,0.0,0,0,1,1.9395,2.7961,4.7356,,,,,,,,,,,,,,,,,109.30544711633578,3.0101,29,9,279,137,73,64,4.279085,0,ok,logs/seed_835851.log
598671,irt_only,GHEFT,0,0.0,0,0,1,2.2306,2.3055,4.5361,,,,,,,,,,,,,,,,,88.70059800997507,2.4988,26,9,279,142,82,60,4.500499,0,ok,logs/seed_598671.log
517206,irt_only,GHEFT,0,0.0,0,0,1,1.6812,2.7181,4.3993,,,,,,,,,,,,,,,,,112.83138073538184,2.4826,29,10,279,164,95,69,5.056799,0,ok,logs/seed_517206.log
10492,irt_only,GHEFT,0,0.0,0,0,1,1.9003,2.241,4.1413,,,,,,,,,,,,,,,,,107.79710828731595,2.2446,26,9,251,165,98,67,4.586583,0,ok,logs/seed_10492.log
120821,irt_only,GHEFT,0,0.0,0,0,1,1.8977,2.4732,4.3709,,,,,,,,,,,,,,,,,98.36661120572796,2.6544,26,9,257,124,76,48,5.112351,0,ok,logs/seed_120821.log
41152,irt_only,GHEFT,0,0.0,0,0,1,2.027,2.5462,4.5732,,,,,,,,,,,,,,,,,115.89658013038321,3.0492,30,11,260,144,86,58,5.232357,0,ok,logs/seed_41152.log
642504,irt_only,GHEFT,0,0.0,0,0,1,2.0903,2.4502,4.5405,,,,,,,,,,,,,,,,,109.08545594342495,3.5294,31,10,257,135,78,57,4.360675,0,ok,logs/seed_642504.log
362252,irt_only,GHEFT,0,0.0,0,0,1,1.9151,2.4159,4.331,,,,,,,,,,,,,,,,,81.68376036575877,2.4602,32,11,277,137,78,59,4.789134,0,ok,logs/seed_362252.log
129046,irt_only,GHEFT,0,0.0,0,0,1,1.7892,2.2764,4.0656,,,,,,,,,,,,,,,,,108.23882013925767,2.737,31,12,290,163,88,75,4.613499,0,ok,logs/seed_129046.log
302190,irt_only,GHEFT,0,0.0,0,0,1,2.0542,2.2562,4.3104,,,,,,,,,,,,,,,,,84.34572419704669,2.7002,29,11,261,134,74,60,5.075314,0,ok,logs/seed_302190.log
757010,irt_only,GHEFT,0,0.0,0,0,1,1.8971,2.3169,4.214,,,,,,,,,,,,,,,,,106.39839176236049,2.2183,33,11,248,154,93,61,5.186083,0,ok,logs/seed_757010.log
104638,irt_only,GHEFT,0,0.0,0,0,1,2.1752,2.6651,4.8403,,,,,,,,,,,,,,,,,109.15911675761876,2.9948,26,9,246,126,74,52,4.84819,0,ok,logs/seed_104638.log
843408,irt_only,GHEFT,0,0.0,0,0,1,2.155,2.3033,4.4583,,,,,,,,,,,,,,,,,105.21208126385665,2.1608,28,8,244,137,80,57,3.852889,0,ok,logs/seed_843408.log
508994,irt_only,GHEFT,0,0.0,0,0,1,1.7837,2.1438,3.9275,,,,,,,,,,,,,,,,,93.16420719161675,3.0198,35,11,278,167,88,79,4.97402,0,ok,logs/seed_508994.log
604086,irt_only,GHEFT,0,0.0,0,0,1,1.8897,2.3143,4.204,,,,,,,,,,,,,,,,,108.02446707116293,3.5572,26,9,279,142,88,54,4.903539,0,ok,logs/seed_604086.log
756232,irt_only,GHEFT,0,0.0,0,0,1,2.0808,2.4867,4.5675,,,,,,,,,,,,,,,,,100.81802234015605,2.7245,28,10,252,143,87,56,4.524524,0,ok,logs/seed_756232.log
752351,irt_only,GHEFT,0,0.0,0,0,1,1.686,1.7331,3.4191,,,,,,,,,,,,,,,,,92.74089435212754,2.1123,36,10,283,143,91,52,4.782601,0,ok,logs/seed_752351.log
532132,irt_only,GHEFT,0,0.0,0,0,1,1.9984,2.4461,4.4445,,,,,,,,,,,,,,,,,97.87713541952596,3.0879,31,9,253,114,68,46,4.604966,0,ok,logs/seed_532132.log
715672,irt_only,GHEFT,0,0.0,0,0,1,1.9753,2.5821,4.5574,,,,,,,,,,,,,,,,,112.17727885818967,3.0543,27,9,255,141,81,60,4.260142,0,ok,logs/seed_715672.log
244053,irt_only,GHEFT,0,0.0,0,0,1,1.9468,2.841,4.7878,,,,,,,,,,,,,,,,,90.13625066197183,2.6317,21,8,249,138,76,62,4.109925,0,ok,logs/seed_244053.log
360248,irt_only,GHEFT,0,0.0,0,0,1,1.7851,2.3469,4.132,,,,,,,,,,,,,,,,,106.45495226935007,2.5692,35,12,268,165,84,81,4.380305,0,ok,logs/seed_360248.log
320801,irt_only,GHEFT,0,0.0,0,0,1,2.1597,3.1356,5.2953,,,,,,,,,,,,,,,,,105.4058647146639,3.46,27,10,275,161,87,74,5.931123,0,ok,logs/seed_320801.log
469418,irt_only,GHEFT,0,0.0,0,0,1,2.0596,2.6563,4.7159,,,,,,,,,,,,,,,,,104.66977219841485,3.5214,33,9,263,160,88,72,4.333178,0,ok,logs/seed_469418.log
622181,irt_only,GHEFT,0,0.0,0,0,1,1.6384,1.8321,3.4705,,,,,,,,,,,,,,,,,93.02582050311544,2.5005,36,10,303,168,93,75,5.043507,0,ok,logs/seed_622181.log
264411,irt_only,GHEFT,0,0.0,0,0,1,1.8397,2.0985,3.9382,,,,,,,,,,,,,,,,,108.69469325007798,2.979,28,8,256,132,79,53,5.589272,0,ok,logs/seed_264411.log
311857,irt_only,GHEFT,0,0.0,0,0,1,2.102,2.2151,4.3171,,,,,,,,,,,,,,,,,90.56384392509857,1.9321,25,9,258,128,69,59,4.240963,0,ok,logs/seed_311857.log
252607,irt_only,GHEFT,0,0.0,0,0,1,1.8664,2.4149,4.2813,,,,,,,,,,,,,,,,,123.79057832678018,2.541,31,9,272,150,85,65,6.016354,0,ok,logs/seed_252607.log
420553,irt_only,GHEFT,0,0.0,0,0,1,2.1318,2.2769,4.4087,,,,,,,,,,,,,,,,,81.15819343438491,2.0785,30,10,293,144,81,63,4.721255,0,ok,logs/seed_420553.log
802672,irt_only,GHEFT,0,0.0,0,0,1,1.9905,2.3353,4.3258,,,,,,,,,,,,,,,,,96.61829132279983,1.9525,33,10,271,126,71,55,5.322872,0,ok,logs/seed_802672.log
26302,irt_only,GHEFT,0,0.0,0,0,1,1.9396,2.5131,4.4527,,,,,,,,,,,,,,,,,119.49421534481209,2.2663,35,10,257,161,93,68,4.96471,0,ok,logs/seed_26302.log
42701,irt_only,GHEFT,0,0.0,0,0,1,1.9476,2.455,4.4026,,,,,,,,,,,,,,,,,102.00646077132755,3.0915,27,9,281,163,88,75,4.436795,0,ok,logs/seed_42701.log
694217,irt_only,GHEFT,0,0.0,0,0,1,1.7396,2.1887,3.9283,,,,,,,,,,,,,,,,,101.8829619384531,3.2607,31,10,277,152,87,65,4.59844,0,ok,logs/seed_694217.log
730247,irt_only,GHEFT,0,0.0,0,0,1,1.8228,1.8869,3.7097,,,,,,,,,,,,,,,,,90.38734120486554,2.6624,30,11,276,134,84,50,5.102923,0,ok,logs/seed_730247.log
41076,irt_only,GHEFT,0,0.0,0,0,1,2.0142,2.4591,4.4733,,,,,,,,,,,,,,,,,99.72127285566647,2.6114,31,10,263,120,71,49,4.832447,0,ok,logs/seed_41076.log
502796,irt_only,GHEFT,0,0.0,0,0,1,1.6869,2.0272,3.7141,,,,,,,,,,,,,,,,,104.58076137708444,2.8132,32,10,275,165,106,59,5.396437,0,ok,logs/seed_502796.log
709473,irt_only,GHEFT,0,0.0,0,0,1,1.8153,1.9379,3.7532,,,,,,,,,,,,,,,,,92.26681125470701,2.6836,38,10,296,141,84,57,5.267146,0,ok,logs/seed_709473.log
26140,irt_only,GHEFT,0,0.0,0,0,1,2.0857,2.3063,4.392,,,,,,,,,,,,,,,,,97.14726871300451,2.6585,31,9,283,146,83,63,4.513727,0,ok,logs/seed_26140.log
540656,irt_only,GHEFT,0,0.0,0,0,1,2.1655,2.3446,4.5101,,,,,,,,,,,,,,,,,83.3050190033971,2.0879,27,9,280,169,86,83,4.196138,0,ok,logs/seed_540656.log
343393,irt_only,GHEFT,0,0.0,0,0,1,1.9288,2.191,4.1198,,,,,,,,,,,,,,,,,108.18536444499134,2.679,35,11,281,159,95,64,4.412876,0,ok,logs/seed_343393.log
412975,irt_only,GHEFT,0,0.0,0,0,1,1.8115,1.8472,3.6587,,,,,,,,,,,,,,,,,93.59683057973733,2.243,34,9,293,142,87,55,5.749367,0,ok,logs/seed_412975.log
497025,irt_only,GHEFT,0,0.0,0,0,1,1.8286,2.1376,3.9662,,,,,,,,,,,,,,,,,112.06534291811047,2.7909,25,9,256,121,75,46,4.315057,0,ok,logs/seed_497025.log
646790,irt_only,GHEFT,0,0.0,0,0,1,2.2532,2.6981,4.9513,,,,,,,,,,,,,,,,,104.86877656026937,3.586,27,10,262,152,80,72,4.618027,0,ok,logs/seed_646790.log
115672,irt_only,GHEFT,0,0.0,0,0,1,2.2885,2.6863,4.9748,,,,,,,,,,,,,,,,,87.2586308933505,2.7906,25,9,259,137,76,61,4.491639,0,ok,logs/seed_115672.log
517217,irt_only,GHEFT,0,0.0,0,0,1,1.8505,2.7787,4.6292,,,,,,,,,,,,,,,,,113.90812607232687,3.0756,27,10,257,152,89,63,5.352711,0,ok,logs/seed_517217.log
289065,irt_only,GHEFT,0,0.0,0,0,1,2.0451,2.1023,4.1474,,,,,,,,,,,,,,,,,97.04585740308875,2.5215,32,9,251,140,91,49,4.706149,0,ok,logs/seed_289065.log
104127,irt_only,GHEFT,0,0.0,0,0,1,1.9227,2.8337,4.7564,,,,,,,,,,,,,,,,,97.40468760440342,2.676,37,10,288,140,76,64,5.050756,0,ok,logs/seed_104127.log
371163,irt_only,GHEFT,0,0.0,0,0,1,1.8544,2.1784,4.0328,,,,,,,,,,,,,,,,,91.52328456879023,2.6192,34,10,261,146,87,59,4.716925,0,ok,logs/seed_371163.log
883139,irt_only,GHEFT,0,0.0,0,0,1,1.6718,2.4779,4.1497,,,,,,,,,,,,,,,,,109.01768959460343,2.2425,24,10,257,151,87,64,5.107836,0,ok,logs/seed_883139.log
342132,irt_only,GHEFT,0,0.0,0,0,1,1.7766,1.8447,3.6213,,,,,,,,,,,,,,,,,92.91702476230925,2.7268,35,11,289,183,99,84,4.377951,0,ok,logs/seed_342132.log
704990,irt_only,GHEFT,0,0.0,0,0,1,1.8258,2.1244,3.9502,,,,,,,,,,,,,,,,,117.79758144522968,2.7482,26,10,277,168,103,65,5.514931,0,ok,logs/seed_704990.log
424860,irt_only,GHEFT,0,0.0,0,0,1,2.0329,2.5952,4.6281,,,,,,,,,,,,,,,,,91.38143331211852,2.324,27,10,256,126,74,52,5.289677,0,ok,logs/seed_424860.log
217443,irt_only,GHEFT,0,0.0,0,0,1,1.9128,2.9791,4.8919,,,,,,,,,,,,,,,,,109.16827066666666,2.6379,25,8,246,138,69,69,4.245921,0,ok,logs/seed_217443.log
851006,irt_only,GHEFT,0,0.0,0,0,1,1.6962,2.1015,3.7977,,,,,,,,,,,,,,,,,109.66618923616807,2.2347,28,8,259,132,79,53,3.673288,0,ok,logs/seed_851006.log
100338,irt_only,GHEFT,0,0.0,0,0,1,1.9682,2.3142,4.2824,,,,,,,,,,,,,,,,,97.86956747394333,2.7333,38,11,283,152,92,60,4.044594,0,ok,logs/seed_100338.log
163602,irt_only,GHEFT,0,0.0,0,0,1,1.8858,2.54,4.4258,,,,,,,,,,,,,,,,,106.1275990642736,2.7251,38,13,300,184,93,91,5.439769,0,ok,logs/seed_163602.log
994002,irt_only,GHEFT,0,0.0,0,0,1,1.9617,2.1217,4.0834,,,,,,,,,,,,,,,,,95.42233055249964,2.2781,30,10,270,141,86,55,4.359237,0,ok,logs/seed_994002.log
483462,irt_only,GHEFT,0,0.0,0,0,1,1.835,1.8783,3.7133,,,,,,,,,,,,,,,,,87.02491058615708,2.0517,37,11,278,131,80,51,4.536204,0,ok,logs/seed_483462.log
525884,irt_only,GHEFT,0,0.0,0,0,1,1.9678,2.49,4.4578,,,,,,,,,,,,,,,,,118.09267353642382,3.1949,28,10,278,155,88,67,5.15412,0,ok,logs/seed_525884.log
142307,irt_only,GHEFT,0,0.0,0,0,1,1.896,2.028,3.924,,,,,,,,,,,,,,,,,79.20312296938421,2.3303,32,9,264,116,75,41,4.641233,0,ok,logs/seed_142307.log
624690,irt_only,GHEFT,0,0.0,0,0,1,1.9223,2.0332,3.9555,,,,,,,,,,,,,,,,,96.3558617834395,2.16,30,9,278,147,80,67,6.139865,0,ok,logs/seed_624690.log
864874,irt_only,GHEFT,0,0.0,0,0,1,2.0072,2.0988,4.106,,,,,,,,,,,,,,,,,88.70558672458048,2.4722,30,10,250,137,77,60,4.864045,0,ok,logs/seed_864874.log
679889,irt_only,GHEFT,0,0.0,0,0,1,1.6763,1.9186,3.5949,,,,,,,,,,,,,,,,,98.35835476593279,2.4255,34,11,275,145,89,56,4.744848,0,ok,logs/seed_679889.log
963564,irt_only,GHEFT,0,0.0,0,0,1,1.9041,2.043,3.9471,,,,,,,,,,,,,,,,,102.8534117274168,2.5919,29,9,255,131,78,53,4.705428,0,ok,logs/seed_963564.log
485084,irt_only,GHEFT,0,0.0,0,0,1,2.1302,2.4497,4.5799,,,,,,,,,,,,,,,,,102.61339436461824,3.1682,28,9,241,131,75,56,3.642538,0,ok,logs/seed_485084.log
281639,irt_only,GHEFT,0,0.0,0,0,1,1.922,2.2158,4.1378,,,,,,,,,,,,,,,,,84.50280819690154,2.282,31,11,273,154,81,73,4.963858,0,ok,logs/seed_281639.log
362714,irt_only,GHEFT,0,0.0,0,0,1,1.7776,2.3565,4.1341,,,,,,,,,,,,,,,,,97.24369537045953,2.746,33,10,281,130,76,54,4.288087,0,ok,logs/seed_362714.log
551581,irt_only,GHEFT,0,0.0,0,0,1,2.0409,2.5286,4.5695,,,,,,,,,,,,,,,,,109.7408644510946,2.8963,31,10,288,160,85,75,4.554569,0,ok,logs/seed_551581.log
349348,irt_only,GHEFT,0,0.0,0,0,1,1.9622,1.9789,3.9411,,,,,,,,,,,,,,,,,97.43667242646669,1.7413,28,11,275,165,85,80,4.511606,0,ok,logs/seed_349348.log
376087,irt_only,GHEFT,0,0.0,0,0,1,1.9771,2.0241,4.0012,,,,,,,,,,,,,,,,,98.39376809768439,2.2387,32,10,272,149,85,64,5.062953,0,ok,logs/seed_376087.log
924562,irt_only,GHEFT,0,0.0,0,0,1,1.9474,2.9158,4.8632,,,,,,,,,,,,,,,,,105.9274616012661,3.068,30,10,269,161,91,70,5.546399,0,ok,logs/seed_924562.log
1642,irt_only,GHEFT,0,0.0,0,0,1,1.95,2.058,4.008,,,,,,,,,,,,,,,,,87.43885794932933,1.6542,28,8,261,141,77,64,4.454419,0,ok,logs/seed_1642.log
724193,irt_only,GHEFT,0,0.0,0,0,1,1.9965,2.064,4.0605,,,,,,,,,,,,,,,,,108.79933379405666,3.1292,31,11,263,173,98,75,6.305668,0,ok,logs/seed_724193.log
939156,irt_only,GHEFT,0,0.0,0,0,1,1.9172,1.9956,3.9128,,,,,,,,,,,,,,,,,82.2842783692868,2.2712,31,10,284,129,67,62,5.03812,0,ok,logs/seed_939156.log
236458,irt_only,GHEFT,0,0.0,0,0,1,1.7565,1.7631,3.5196,,,,,,,,,,,,,,,,,96.15603668093127,2.1377,34,10,274,141,82,59,4.556225,0,ok,logs/seed_236458.log
703305,irt_only,GHEFT,0,0.0,0,0,1,1.7671,2.6483,4.4154,,,,,,,,,,,,,,,,,125.73121482318273,3.0139,40,13,282,188,89,99,5.527421,0,ok,logs/seed_703305.log
955021,irt_only,GHEFT,0,0.0,0,0,1,1.8013,2.6834,4.4847,,,,,,,,,,,,,,,,,103.2567520352859,2.6439,27,9,255,148,83,65,3.949593,0,ok,logs/seed_955021.log
771327,irt_only,GHEFT,0,0.0,0,0,1,2.0984,2.6927,4.7911,,,,,,,,,,,,,,,,,98.37420126602821,2.1755,31,8,268,148,88,60,3.550139,0,ok,logs/seed_771327.log
152800,irt_only,GHEFT,0,0.0,0,0,1,2.1201,2.7524,4.8725,,,,,,,,,,,,,,,,,87.01926974951832,2.3148,27,9,283,141,85,56,4.479563,0,ok,logs/seed_152800.log
359783,irt_only,GHEFT,0,0.0,0,0,1,2.1118,2.1839,4.2957,,,,,,,,,,,,,,,,,82.96662130027805,2.1635,30,10,274,113,64,49,4.536557,0,ok,logs/seed_359783.log
812871,irt_only,GHEFT,0,0.0,0,0,1,2.0595,2.586,4.6455,,,,,,,,,,,,,,,,,122.27694931977821,2.8712,26,10,261,156,92,64,5.236943,0,ok,logs/seed_812871.log
502458,irt_only,GHEFT,0,0.0,0,0,1,2.0142,2.5171,4.5313,,,,,,,,,,,,,,,,,91.84933947808634,2.7302,31,9,271,137,75,62,4.657715,0,ok,logs/seed_502458.log
969372,irt_only,GHEFT,0,0.0,0,0,1,1.7159,2.4887,4.2046,,,,,,,,,,,,,,,,,99.13156142276038,2.6874,25,10,260,127,83,44,5.252834,0,ok,logs/seed_969372.log
488676,irt_only,GHEFT,0,0.0,0,0,1,2.1234,1.9105,4.0339,,,,,,,,,,,,,,,,,85.08935375751948,2.364,28,9,273,147,83,64,4.494515,0,ok,logs/seed_488676.log
109992,irt_only,GHEFT,0,0.0,0,0,1,2.1729,2.2492,4.4221,,,,,,,,,,,,,,,,,97.7866485097006,3.186,28,9,254,123,73,50,4.766361,0,ok,logs/seed_109992.log
461354,irt_only,GHEFT,0,0.0,0,0,1,1.8591,1.8425,3.7016,,,,,,,,,,,,,,,,,105.62211973884877,2.4626,33,10,274,150,84,66,4.18318,0,ok,logs/seed_461354.log
24818,irt_only,GHEFT,0,0.0,0,0,1,1.8618,2.1031,3.9649,,,,,,,,,,,,,,,,,98.10157654007254,2.8744,32,10,247,113,69,44,4.108112,0,ok,logs/seed_24818.log
105885,irt_only,GHEFT,0,0.0,0,0,1,1.994,2.3328,4.3268,,,,,,,,,,,,,,,,,103.47462986206895,3.1081,30,10,263,140,85,55,4.761858,0,ok,logs/seed_105885.log
165347,irt_only,GHEFT,0,0.0,0,0,1,1.5603,1.8679,3.4282,,,,,,,,,,,,,,,,,101.72828240913734,2.4179,30,10,248,128,85,43,4.013048,0,ok,logs/seed_165347.log
780065,irt_only,GHEFT,0,0.0,0,0,1,2.1002,2.9849,5.0851,,,,,,,,,,,,,,,,,103.6288241566308,2.7055,33,10,281,147,76,71,4.87143,0,ok,logs/seed_780065.log
473614,irt_only,GHEFT,0,0.0,0,0,1,1.9067,2.6678,4.5745,,,,,,,,,,,,,,,,,103.16263304150404,3.123,35,11,274,168,93,75,4.620797,0,ok,logs/seed_473614.log
69796,irt_only,GHEFT,0,0.0,0,0,1,1.6823,2.5149,4.1972,,,,,,,,,,,,,,,,,125.88471196605747,3.1396,31,9,286,157,91,66,4.202708,0,ok,logs/seed_69796.log
181597,irt_only,GHEFT,0,0.0,0,0,1,1.9723,2.1222,4.0945,,,,,,,,,,,,,,,,,98.88944094067746,3.149,31,10,269,150,84,66,4.974816,0,ok,logs/seed_181597.log
55316,irt_only,GHEFT,0,0.0,0,0,1,1.886,2.2157,4.1017,,,,,,,,,,,,,,,,,100.94216323125752,2.2274,35,10,280,152,95,57,4.5206,0,ok,logs/seed_55316.log
435633,irt_only,GHEFT,0,0.0,0,0,1,1.7892,2.1242,3.9134,,,,,,,,,,,,,,,,,98.59628564264537,2.09,32,11,268,155,89,66,5.180803,0,ok,logs/seed_435633.log
887668,irt_only,GHEFT,0,0.0,0,0,1,1.8894,1.8551,3.7445,,,,,,,,,,,,,,,,,101.09523724696355,2.7273,27,9,279,154,89,65,4.004623,0,ok,logs/seed_887668.log
933960,irt_only,GHEFT,0,0.0,0,0,1,1.9537,2.7383,4.692,,,,,,,,,,,,,,,,,111.28704075889328,2.9429,26,10,252,126,75,51,4.624381,0,ok,logs/seed_933960.log
529550,irt_only,GHEFT,0,0.0,0,0,1,1.9337,2.0717,4.0054,,,,,,,,,,,,,,,,,121.05753433333332,2.9991,32,11,264,152,92,60,3.941322,0,ok,logs/seed_529550.log
735489,irt_only,GHEFT,0,0.0,0,0,1,1.9145,2.5907,4.5052,,,,,,,,,,,,,,,,,115.45566816519802,3.8158,33,11,281,174,96,78,6.117065,0,ok,logs/seed_735489.log
802611,irt_only,GHEFT,0,0.0,0,0,1,1.7964,1.9813,3.7777,,,,,,,,,,,,,,,,,101.50684875163398,2.3357,33,9,261,131,76,55,4.190037,0,ok,logs/seed_802611.log
525482,irt_only,GHEFT,0,0.0,0,0,1,1.7241,2.5297,4.2538,,,,,,,,,,,,,,,,,103.56780548465893,2.5322,32,10,272,143,79,64,5.359115,0,ok,logs/seed_525482.log
523591,irt_only,GHEFT,0,0.0,0,0,1,1.7768,2.2086,3.9854,,,,,,,,,,,,,,,,,110.8861685244797,2.2998,33,9,285,152,86,66,4.836593,0,ok,logs/seed_523591.log
412993,irt_only,GHEFT,0,0.0,0,0,1,1.8756,2.0673,3.9429,,,,,,,,,,,,,,,,,90.59087448543082,2.6607,34,10,265,158,90,68,5.099111,0,ok,logs/seed_412993.log
463614,irt_only,GHEFT,0,0.0,0,0,1,1.7716,2.5069,4.2785,,,,,,,,,,,,,,,,,114.74516579069768,2.4227,37,11,276,172,88,84,4.452219,0,ok,logs/seed_463614.log
637493,irt_only,GHEFT,0,0.0,0,0,1,2.0176,2.477,4.4946,,,,,,,,,,,,,,,,,127.66398270049918,3.4287,24,9,231,144,88,56,3.733498,0,ok,logs/seed_637493.log
990693,irt_only,GHEFT,0,0.0,0,0,1,1.86,2.1982,4.0582,,,,,,,,,,,,,,,,,95.77985458658272,2.6122,29,10,256,154,89,65,5.147647,0,ok,logs/seed_990693.log
50605,irt_only,GHEFT,0,0.0,0,0,1,1.9202,2.2012,4.1214,,,,,,,,,,,,,,,,,121.3236441937357,2.6285,30,10,274,133,80,53,5.618752,0,ok,logs/seed_50605.log
198813,irt_only,GHEFT,0,0.0,0,0,1,2.1949,2.6188,4.8137,,,,,,,,,,,,,,,,,102.84825198813394,2.5235,30,8,247,132,79,53,4.973361,0,ok,logs/seed_198813.log
385020,irt_only,GHEFT,0,0.0,0,0,1,1.8036,2.1173,3.9209,,,,,,,,,,,,,,,,,109.08358282828281,1.9397,26,8,267,137,85,52,4.995163,0,ok,logs/seed_385020.log
771793,irt_only,GHEFT,0,0.0,0,0,1,1.7568,2.2087,3.9655,,,,,,,,,,,,,,,,,91.18920172131145,2.7282,34,10,284,165,94,71,4.790763,0,ok,logs/seed_771793.log
936864,irt_only,GHEFT,0,0.0,0,0,1,1.6961,1.8804,3.5765,,,,,,,,,,,,,,,,,95.3393,2.935,27,8,277,136,81,55,5.078893,0,ok,logs/seed_936864.log
966220,irt_only,GHEFT,0,0.0,0,0,1,1.9161,2.5242,4.4403,,,,,,,,,,,,,,,,,95.73404449201598,3.473,21,8,235,151,83,68,3.045183,0,ok,logs/seed_966220.log
764069,irt_only,GHEFT,0,0.0,0,0,1,1.9571,2.7986,4.7557,,,,,,,,,,,,,,,,,108.69337674909758,3.1794,34,9,264,156,92,64,5.26387,0,ok,logs/seed_764069.log
45162,irt_only,GHEFT,0,0.0,0,0,1,1.9396,2.7969,4.7365,,,,,,,,,,,,,,,,,94.98332946089855,1.9423,24,8,261,122,71,51,4.96825,0,ok,logs/seed_45162.log
386688,irt_only,GHEFT,0,0.0,0,0,1,1.7837,2.0634,3.8471,,,,,,,,,,,,,,,,,109.39754905531258,2.7478,32,9,317,157,95,62,5.643822,0,ok,logs/seed_386688.log
911121,irt_only,GHEFT,0,0.0,0,0,1,2.1284,2.4089,4.5373,,,,,,,,,,,,,,,,,96.63131686460807,2.7554,26,9,265,127,74,53,4.047315,0,ok,logs/seed_911121.log
926403,irt_only,GHEFT,0,0.0,0,0,1,1.9534,2.3726,4.326,,,,,,,,,,,,,,,,,98.5136181445428,2.7441,31,11,279,165,88,77,3.928953,0,ok,logs/seed_926403.log
452911,irt_only,GHEFT,0,0.0,0,0,1,2.0799,2.5528,4.6327,,,,,,,,,,,,,,,,,91.68959364161849,2.4744,28,10,240,120,79,41,4.574398,0,ok,logs/seed_452911.log
810123,irt_only,GHEFT,0,0.0,0,0,1,1.885,2.6907,4.5757,,,,,,,,,,,,,,,,,108.61275015384614,2.9955,31,11,277,160,87,73,5.640598,0,ok,logs/seed_810123.log
64740,irt_only,GHEFT,0,0.0,0,0,1,1.9957,2.6869,4.6826,,,,,,,,,,,,,,,,,98.87681522585903,2.9966,30,9,256,139,78,61,4.386616,0,ok,logs/seed_64740.log
937717,irt_only,GHEFT,0,0.0,0,0,1,2.1079,2.1778,4.2857,,,,,,,,,,,,,,,,,89.72555101313749,2.2339,22,8,249,136,78,58,4.406393,0,ok,logs/seed_937717.log
118891,irt_only,GHEFT,0,0.0,0,0,1,1.9244,2.0349,3.9593,,,,,,,,,,,,,,,,,95.18329368317877,2.2334,23,10,228,121,73,48,4.807513,0,ok,logs/seed_118891.log
553366,irt_only,GHEFT,0,0.0,0,0,1,2.0096,1.887,3.8966,,,,,,,,,,,,,,,,,81.89731249136786,2.3567,33,10,252,119,74,45,4.553135,0,ok,logs/seed_553366.log
742414,irt_only,GHEFT,0,0.0,0,0,1,1.7536,2.6315,4.3851,,,,,,,,,,,,,,,,,114.08268202694465,3.0159,25,8,251,146,88,58,3.569441,0,ok,logs/seed_742414.log
710013,irt_only,GHEFT,0,0.0,0,0,1,1.9315,2.4215,4.353,,,,,,,,,,,,,,,,,99.40291267333582,2.3915,27,10,279,151,92,59,5.382932,0,ok,logs/seed_710013.log
759523,irt_only,GHEFT,0,0.0,0,0,1,1.9138,2.3571,4.2709,,,,,,,,,,,,,,,,,107.03229114129519,2.1909,28,10,281,174,97,77,6.457063,0,ok,logs/seed_759523.log
712622,irt_only,GHEFT,0,0.0,0,0,1,1.9707,2.4266,4.3973,,,,,,,,,,,,,,,,,99.71976631439894,2.5035,24,8,248,105,67,38,4.005815,0,ok,logs/seed_712622.log
427212,irt_only,GHEFT,0,0.0,0,0,1,1.9694,2.7664,4.7358,,,,,,,,,,,,,,,,,115.99599803286134,3.1952,31,10,278,153,87,66,5.316838,0,ok,logs/seed_427212.log
905211,irt_only,GHEFT,0,0.0,0,0,1,2.029,2.0941,4.1231,,,,,,,,,,,,,,,,,87.28288490378463,1.832,33,10,272,143,93,50,4.950953,0,ok,logs/seed_905211.log
489366,irt_only,GHEFT,0,0.0,0,0,1,2.0797,2.9144,4.9941,,,,,,,,,,,,,,,,,100.67620234904012,2.9739,30,10,250,146,78,68,4.630568,0,ok,logs/seed_489366.log
253395,irt_only,GHEFT,0,0.0,0,0,1,2.1038,2.0666,4.1704,,,,,,,,,,,,,,,,,105.6502178161637,2.5441,30,9,266,146,88,58,4.245945,0,ok,logs/seed_253395.log
312505,irt_only,GHEFT,0,0.0,0,0,1,1.9176,2.3405,4.2581,,,,,,,,,,,,,,,,,103.83020200125158,2.453,36,10,287,152,85,67,5.711644,0,ok,logs/seed_312505.log
545465,irt_only,GHEFT,0,0.0,0,0,1,2.0785,2.7328,4.8113,,,,,,,,,,,,,,,,,97.85936936555358,2.0739,26,10,260,131,78,53,4.503561,0,ok,logs/seed_545465.log
567819,irt_only,GHEFT,0,0.0,0,0,1,1.8529,2.1673,4.0202,,,,,,,,,,,,,,,,,96.92223287012987,3.3874,31,9,269,128,78,50,3.793806,0,ok,logs/seed_567819.log
924675,irt_only,GHEFT,0,0.0,0,0,1,1.711,2.096,3.807,,,,,,,,,,,,,,,,,109.8473036388789,2.4803,30,9,277,126,78,48,5.383295,0,ok,logs/seed_924675.log
931173,irt_only,GHEFT,0,0.0,0,0,1,1.8386,2.2328,4.0714,,,,,,,,,,,,,,,,,107.41674347070015,1.939,33,9,300,161,91,70,6.070378,0,ok,logs/seed_931173.log
279170,irt_only,GHEFT,0,0.0,0,0,1,1.7433,2.0248,3.7681,,,,,,,,,,,,,,,,,101.76329615585647,2.186,27,10,267,135,82,53,4.442162,0,ok,logs/seed_279170.log
994520,irt_only,GHEFT,0,0.0,0,0,1,1.6082,1.7757,3.3839,,,,,,,,,,,,,,,,,124.55699668793842,2.9001,31,8,285,140,81,59,4.584442,0,ok,logs/seed_994520.log
145376,irt_only,GHEFT,0,0.0,0,0,1,2.0113,2.2846,4.2959,,,,,,,,,,,,,,,,,90.74684631096636,2.1828,31,10,272,141,80,61,5.616637,0,ok,logs/seed_145376.log
406364,irt_only,GHEFT,0,0.0,0,0,1,1.7478,2.2586,4.0064,,,,,,,,,,,,,,,,,116.13943955364786,2.6779,23,8,231,154,87,67,3.847702,0,ok,logs/seed_406364.log
250377,irt_only,GHEFT,0,0.0,0,0,1,1.8662,2.2609,4.1271,,,,,,,,,,,,,,,,,90.55948977070572,2.8737,32,10,278,136,77,59,4.476381,0,ok,logs/seed_250377.log
446841,irt_only,GHEFT,0,0.0,0,0,1,1.72,2.622,4.342,,,,,,,,,,,,,,,,,99.4036218708206,2.7621,30,9,283,156,79,77,5.132881,0,ok,logs/seed_446841.log
707398,irt_only,GHEFT,0,0.0,0,0,1,1.8895,2.3181,4.2076,,,,,,,,,,,,,,,,,105.77936380886769,2.5644,27,9,270,129,73,56,5.182129,0,ok,logs/seed_707398.log
343108,irt_only,GHEFT,0,0.0,0,0,1,1.8388,2.2615,4.1003,,,,,,,,,,,,,,,,,92.86279999999998,2.5666,35,10,259,140,80,60,4.869001,0,ok,logs/seed_343108.log
745842,irt_only,GHEFT,0,0.0,0,0,1,1.8914,2.7893,4.6807,,,,,,,,,,,,,,,,,102.73837969877182,3.0496,28,10,250,143,79,64,4.418756,0,ok,logs/seed_745842.log
664943,irt_only,GHEFT,0,0.0,0,0,1,1.9651,2.1871,4.1522,,,,,,,,,,,,,,,,,90.02009656652359,2.7559,31,11,259,159,88,71,4.369017,0,ok,logs/seed_664943.log
679192,irt_only,GHEFT,0,0.0,0,0,1,2.0225,2.5437,4.5662,,,,,,,,,,,,,,,,,99.07957909885226,2.5038,30,9,247,141,81,60,4.71581,0,ok,logs/seed_679192.log
398887,irt_only,GHEFT,0,0.0,0,0,1,1.7779,2.1094,3.8873,,,,,,,,,,,,,,,,,97.86749249307937,2.4515,30,9,277,133,77,56,5.206077,0,ok,logs/seed_398887.log
830308,irt_only,GHEFT,0,0.0,0,0,1,1.9528,2.3218,4.2746,,,,,,,,,,,,,,,,,105.408523031467,2.4981,32,10,266,153,87,66,4.558053,0,ok,logs/seed_830308.log
664904,irt_only,GHEFT,0,0.0,0,0,1,1.79,2.2657,4.0557,,,,,,,,,,,,,,,,,111.79238376471885,3.6445,27,9,254,135,76,59,4.657786,0,ok,logs/seed_664904.log
529590,irt_only,GHEFT,0,0.0,0,0,1,1.9753,3.1074,5.0827,,,,,,,,,,,,,,,,,138.90156881635647,3.3524,26,9,250,144,87,57,5.409062,0,ok,logs/seed_529590.log
897949,irt_only,GHEFT,0,0.0,0,0,1,1.9107,2.2543,4.165,,,,,,,,,,,,,,,,,118.93329098716306,3.1182,28,9,251,155,92,63,4.481471,0,ok,logs/seed_897949.log
487896,irt_only,GHEFT,0,0.0,0,0,1,1.9894,2.4214,4.4108,,,,,,,,,,,,,,,,,102.70551649089168,2.2887,27,10,259,157,89,68,4.749628,0,ok,logs/seed_487896.log
969832,irt_only,GHEFT,0,0.0,0,0,1,1.8973,1.8727,3.77,,,,,,,,,,,,,,,,,106.88070749929726,3.3735,24,9,236,132,80,52,3.797392,0,ok,logs/seed_969832.log
774939,irt_only,GHEFT,0,0.0,0,0,1,2.0808,2.6348,4.7156,,,,,,,,,,,,,,,,,104.07963610272176,2.9794,29,10,283,156,85,71,5.280541,0,ok,logs/seed_774939.log
634733,irt_only,GHEFT,0,0.0,0,0,1,1.6352,2.0992,3.7344,,,,,,,,,,,,,,,,,107.10735059501472,2.3762,31,9,254,126,72,54,5.012283,0,ok,logs/seed_634733.log
172408,irt_only,GHEFT,0,0.0,0,0,1,1.6934,2.5307,4.2241,,,,,,,,,,,,,,,,,121.3251547217024,2.6604,29,9,246,143,86,57,4.730278,0,ok,logs/seed_172408.log
124353,irt_only,GHEFT,0,0.0,0,0,1,2.1211,2.8992,5.0203,,,,,,,,,,,,,,,,,119.29794823655912,3.3123,26,8,281,143,84,59,5.209784,0,ok,logs/seed_124353.log
704921,irt_only,GHEFT,0,0.0,0,0,1,2.0008,2.453,4.4538,,,,,,,,,,,,,,,,,112.19709483876736,3.6761,28,10,256,156,92,64,5.124792,0,ok,logs/seed_704921.log
140623,irt_only,GHEFT,0,0.0,0,0,1,2.0929,2.1424,4.2353,,,,,,,,,,,,,,,,,75.34661564147629,1.9431,30,9,258,131,70,61,3.82811,0,ok,logs/seed_140623.log
965901,irt_only,GHEFT,0,0.0,0,0,1,1.7674,2.593,4.3604,,,,,,,,,,,,,,,,,121.0391140007968,3.2932,34,10,289,153,87,66,4.850606,0,ok,logs/seed_965901.log
678805,irt_only,GHEFT,0,0.0,0,0,1,2.1917,2.5321,4.7238,,,,,,,,,,,,,,,,,105.51341647284535,3.3262,29,10,290,169,94,75,5.839619,0,ok,logs/seed_678805.log
888860,irt_only,GHEFT,0,0.0,0,0,1,2.2025,2.2552,4.4577,,,,,,,,,,,,,,,,,101.9012905716429,2.3634,19,8,227,122,76,46,3.978882,0,ok,logs/seed_888860.log
193042,irt_only,GHEFT,0,0.0,0,0,1,2.0002,2.9989,4.9991,,,,,,,,,,,,,,,,,120.36618976200135,3.1281,30,8,268,125,73,52,4.447187,0,ok,logs/seed_193042.log
606306,irt_only,GHEFT,0,0.0,0,0,1,1.9454,2.4527,4.3981,,,,,,,,,,,,,,,,,105.56440585217857,2.9837,28,9,260,141,81,60,4.677276,0,ok,logs/seed_606306.log
353318,irt_only,GHEFT,0,0.0,0,0,1,1.9558,2.1959,4.1517,,,,,,,,,,,,,,,,,96.8008162459971,2.3385,31,9,265,148,86,62,4.580263,0,ok,logs/seed_353318.log
397237,irt_only,GHEFT,0,0.0,0,0,1,2.0833,2.2486,4.3319,,,,,,,,,,,,,,,,,119.84562458521869,3.7966,27,10,240,130,82,48,3.72781,0,ok,logs/seed_397237.log
244510,irt_only,GHEFT,0,0.0,0,0,1,1.7539,2.228,3.9819,,,,,,,,,,,,,,,,,124.68984801926251,2.9035,27,9,259,134,80,54,4.789398,0,ok,logs/seed_244510.log
580072,irt_only,GHEFT,0,0.0,0,0,1,1.7412,1.8385,3.5797,,,,,,,,,,,,,,,,,102.712557400507,3.207,30,9,280,145,81,64,4.782621,0,ok,logs/seed_580072.log
839381,irt_only,GHEFT,0,0.0,0,0,1,1.9525,2.5956,4.5481,,,,,,,,,,,,,,,,,138.1940064076014,3.2145,25,9,238,124,75,49,5.143097,0,ok,logs/seed_839381.log
949213,irt_only,GHEFT,0,0.0,0,0,1,2.1222,2.4447,4.5669,,,,,,,,,,,,,,,,,96.80347998960139,2.3644,28,10,245,153,82,71,4.286908,0,ok,logs/seed_949213.log
956973,irt_only,GHEFT,0,0.0,0,0,1,1.7744,2.0677,3.8421,,,,,,,,,,,,,,,,,102.6166248548865,2.1871,26,9,252,136,81,55,4.071046,0,ok,logs/seed_956973.log
643831,irt_only,GHEFT,0,0.0,0,0,1,1.9165,2.0961,4.0126,,,,,,,,,,,,,,,,,95.96955582822086,2.3879,31,10,254,148,95,53,4.239627,0,ok,logs/seed_643831.log
602801,irt_only,GHEFT,0,0.0,0,0,1,1.8587,2.7399,4.5986,,,,,,,,,,,,,,,,,115.50146637740337,3.6613,25,9,237,129,83,46,4.007818,0,ok,logs/seed_602801.log
857566,irt_only,GHEFT,0,0.0,0,0,1,1.7212,1.8873,3.6085,,,,,,,,,,,,,,,,,93.30988600551018,2.5471,31,10,268,117,68,49,3.610707,0,ok,logs/seed_857566.log
857840,irt_only,GHEFT,0,0.0,0,0,1,1.9817,2.3176,4.2993,,,,,,,,,,,,,,,,,89.63549353708866,2.5023,31,10,272,151,82,69,4.853891,0,ok,logs/seed_857840.log
788394,irt_only,GHEFT,0,0.0,0,0,1,1.7522,2.5881,4.3403,,,,,,,,,,,,,,,,,118.931605,3.3576,33,11,269,167,94,73,4.906215,0,ok,logs/seed_788394.log
956037,irt_only,GHEFT,0,0.0,0,0,1,1.9436,1.962,3.9056,,,,,,,,,,,,,,,,,92.48082743348523,2.3117,32,8,261,135,74,61,4.366733,0,ok,logs/seed_956037.log
352927,irt_only,GHEFT,0,0.0,0,0,1,2.1196,2.7025,4.8221,,,,,,,,,,,,,,,,,99.05937378335952,2.7388,24,9,253,144,80,64,3.907432,0,ok,logs/seed_352927.log
836556,irt_only,GHEFT,0,0.0,0,0,1,1.9264,2.0753,4.0017,,,,,,,,,,,,,,,,,99.21553213381408,2.283,29,10,270,136,80,56,4.709796,0,ok,logs/seed_836556.log
478809,irt_only,GHEFT,0,0.0,0,0,1,1.8188,1.9959,3.8147,,,,,,,,,,,,,,,,,90.69913664727328,2.6431,34,10,279,134,81,53,4.122714,0,ok,logs/seed_478809.log
321614,irt_only,GHEFT,0,0.0,0,0,1,1.7003,2.0008,3.7011,,,,,,,,,,,,,,,,,89.35384418936877,2.7996,27,9,256,136,82,54,3.710019,0,ok,logs/seed_321614.log
838657,irt_only,GHEFT,0,0.0,0,0,1,1.8462,2.4706,4.3168,,,,,,,,,,,,,,,,,94.81408696947787,2.2915,31,10,237,135,86,49,3.906033,0,ok,logs/seed_838657.log
833785,irt_only,GHEFT,0,0.0,0,0,1,1.5714,1.7254,3.2968,,,,,,,,,,,,,,,,,88.83161205711265,2.0763,33,10,275,133,76,57,4.629992,0,ok,logs/seed_833785.log
506833,irt_only,GHEFT,0,0.0,0,0,1,1.7555,1.9019,3.6574,,,,,,,,,,,,,,,,,130.5450442393573,2.6429,30,10,240,111,75,36,5.317462,0,ok,logs/seed_506833.log
108389,irt_only,GHEFT,0,0.0,0,0,1,2.0573,2.3593,4.4166,,,,,,,,,,,,,,,,,90.4603919620793,2.8022,26,8,250,101,63,38,3.468747,0,ok,logs/seed_108389.log
345871,irt_only,GHEFT,0,0.0,0,0,1,1.6068,2.2997,3.9065,,,,,,,,,,,,,,,,,119.3152671550591,2.8457,35,10,296,163,95,68,6.140517,0,ok,logs/seed_345871.log
340242,irt_only,GHEFT,0,0.0,0,0,1,1.9123,2.1538,4.0661,,,,,,,,,,,,,,,,,119.19506105913467,2.7549,25,9,258,142,76,66,4.8732,0,ok,logs/seed_340242.log
542308,irt_only,GHEFT,0,0.0,0,0,1,1.8359,2.3908,4.2267,,,,,,,,,,,,,,,,,121.25499327166278,2.9489,22,9,219,139,87,52,4.727913,0,ok,logs/seed_542308.log
203875,irt_only,GHEFT,0,0.0,0,0,1,1.8601,2.1162,3.9763,,,,,,,,,,,,,,,,,117.62124791602665,3.4149,38,11,284,159,97,62,4.765623,0,ok,logs/seed_203875.log
353268,irt_only,GHEFT,0,0.0,0,0,1,1.7108,2.241,3.9518,,,,,,,,,,,,,,,,,84.41974448105437,2.158,31,9,301,154,84,70,4.777886,0,ok,logs/seed_353268.log
467050,irt_only,GHEFT,0,0.0,0,0,1,1.8766,2.6222,4.4988,,,,,,,,,,,,,,,,,109.92322847778058,2.904,33,9,276,150,88,62,4.559414,0,ok,logs/seed_467050.log
652960,irt_only,GHEFT,0,0.0,0,0,1,1.7978,2.0936,3.8914,,,,,,,,,,,,,,,,,138.297925627332,3.4911,28,10,253,126,77,49,4.307957,0,ok,logs/seed_652960.log
97302,irt_only,GHEFT,0,0.0,0,0,1,1.6901,1.8605,3.5506,,,,,,,,,,,,,,,,,85.12716570038911,2.0554,30,10,260,125,74,51,3.667897,0,ok,logs/seed_97302.log
976548,irt_only,GHEFT,0,0.0,0,0,1,2.0638,2.5306,4.5944,,,,,,,,,,,,,,,,,96.12635878975122,2.6952,27,9,234,136,79,57,3.763896,0,ok,logs/seed_976548.log
64317,irt_only,GHEFT,0,0.0,0,0,1,1.9203,1.9851,3.9054,,,,,,,,,,,,,,,,,102.7974279624329,2.5922,27,10,252,123,80,43,3.92331,0,ok,logs/seed_64317.log
795969,irt_only,GHEFT,0,0.0,0,0,1,1.7103,1.7658,3.4761,,,,,,,,,,,,,,,,,100.24410686376096,2.7379,29,9,309,150,90,60,4.891587,0,ok,logs/seed_795969.log
661815,irt_only,GHEFT,0,0.0,0,0,1,1.7809,2.1035,3.8844,,,,,,,,,,,,,,,,,97.12563243652913,3.076,29,9,260,143,81,62,4.691965,0,ok,logs/seed_661815.log
74484,irt_only,GHEFT,0,0.0,0,0,1,1.8798,2.0659,3.9457,,,,,,,,,,,,,,,,,108.32516906142453,2.043,27,10,264,139,89,50,4.851189,0,ok,logs/seed_74484.log
86122,irt_only,GHEFT,0,0.0,0,0,1,1.9523,2.2046,4.1569,,,,,,,,,,,,,,,,,106.08307756959498,3.1309,34,9,255,138,76,62,4.886659,0,ok,logs/seed_86122.log
361076,irt_only,GHEFT,0,0.0,0,0,1,1.7668,2.0622,3.829,,,,,,,,,,,,,,,,,107.68697356637168,2.8878,32,9,298,160,86,74,5.558162,0,ok,logs/seed_361076.log
577910,irt_only,GHEFT,0,0.0,0,0,1,2.0413,2.4712,4.5125,,,,,,,,,,,,,,,,,95.10873589788122,3.5491,25,9,228,124,75,49,4.502355,0,ok,logs/seed_577910.log
353010,irt_only,GHEFT,0,0.0,0,0,1,1.9609,1.9321,3.893,,,,,,,,,,,,,,,,,99.88734127156685,3.0829,29,11,244,131,70,61,3.931239,0,ok,logs/seed_353010.log
970637,irt_only,GHEFT,0,0.0,0,0,1,1.7979,1.8731,3.671,,,,,,,,,,,,,,,,,102.22925532098765,2.9911,28,9,275,138,81,57,3.665486,0,ok,logs/seed_970637.log
595007,irt_only,GHEFT,0,0.0,0,0,1,1.7558,1.8627,3.6185,,,,,,,,,,,,,,,,,86.27734614774114,2.1452,31,9,237,121,80,41,4.04593,0,ok,logs/seed_595007.log
657766,irt_only,GHEFT,0,0.0,0,0,1,1.8616,2.5283,4.3899,,,,,,,,,,,,,,,,,104.67763605669765,2.2735,33,9,281,125,86,39,5.25568,0,ok,logs/seed_657766.log
496172,irt_only,GHEFT,0,0.0,0,0,1,1.9698,2.7539,4.7237,,,,,,,,,,,,,,,,,101.49255530903822,2.7513,32,11,290,139,75,64,4.348465,0,ok,logs/seed_496172.log
199762,irt_only,GHEFT,0,0.0,0,0,1,1.8975,2.8113,4.7088,,,,,,,,,,,,,,,,,129.1551416193078,3.1677,30,9,268,138,84,54,4.091102,0,ok,logs/seed_199762.log
870033,irt_only,GHEFT,0,0.0,0,0,1,1.7679,1.6812,3.4491,,,,,,,,,,,,,,,,,94.71214927436854,2.1012,31,9,282,138,81,57,3.543665,0,ok,logs/seed_870033.log
805412,irt_only,GHEFT,0,0.0,0,0,1,1.9012,2.0975,3.9987,,,,,,,,,,,,,,,,,99.69126993678158,2.0349,32,10,257,144,86,58,4.79832,0,ok,logs/seed_805412.log
114785,irt_only,GHEFT,0,0.0,0,0,1,1.9662,2.5361,4.5023,,,,,,,,,,,,,,,,,92.57005088346884,2.5079,26,10,255,127,76,51,3.623101,0,ok,logs/seed_114785.log
410342,irt_only,GHEFT,0,0.0,0,0,1,2.1149,2.4496,4.5645,,,,,,,,,,,,,,,,,107.5834391423923,2.8098,29,10,255,149,93,56,4.533765,0,ok,logs/seed_410342.log
880653,irt_only,GHEFT,0,0.0,0,0,1,1.958,2.3016,4.2596,,,,,,,,,,,,,,,,,107.9774947317013,2.5209,28,8,251,149,91,58,4.592013,0,ok,logs/seed_880653.log
135819,irt_only,GHEFT,0,0.0,0,0,1,1.8906,2.3806,4.2712,,,,,,,,,,,,,,,,,86.33726816417911,2.4202,29,9,267,137,81,56,4.505993,0,ok,logs/seed_135819.log
751830,irt_only,GHEFT,0,0.0,0,0,1,1.8326,2.2917,4.1243,,,,,,,,,,,,,,,,,103.40094851673435,2.4548,24,10,238,110,67,43,4.21773,0,ok,logs/seed_751830.log
589417,irt_only,GHEFT,0,0.0,0,0,1,2.1818,2.5969,4.7787,,,,,,,,,,,,,,,,,100.03296585468735,2.4946,27,10,253,138,82,56,4.981042,0,ok,logs/seed_589417.log
325641,irt_only,GHEFT,0,0.0,0,0,1,1.9269,1.9778,3.9047,,,,,,,,,,,,,,,,,101.5214477635403,2.4034,30,10,273,160,94,66,4.091023,0,ok,logs/seed_325641.log
386458,irt_only,GHEFT,0,0.0,0,0,1,2.0716,2.5699,4.6415,,,,,,,,,,,,,,,,,106.87949701533219,2.7343,22,9,249,127,75,52,3.624732,0,ok,logs/seed_386458.log
635890,irt_only,GHEFT,0,0.0,0,0,1,1.7615,2.2785,4.04,,,,,,,,,,,,,,,,,119.09702936655592,3.7293,30,9,275,135,81,54,4.054095,0,ok,logs/seed_635890.log
321530,irt_only,GHEFT,0,0.0,0,0,1,1.9029,2.4986,4.4015,,,,,,,,,,,,,,,,,113.4652619517145,3.1134,41,13,276,161,89,72,4.885142,0,ok,logs/seed_321530.log
831017,irt_only,GHEFT,0,0.0,0,0,1,1.8691,2.467,4.3361,,,,,,,,,,,,,,,,,96.32954852109489,2.9956,33,10,264,148,80,68,4.249685,0,ok,logs/seed_831017.log
656820,irt_only,GHEFT,0,0.0,0,0,1,1.9431,2.1824,4.1255,,,,,,,,,,,,,,,,,103.43247545827009,2.622,31,10,290,155,96,59,4.607577,0,ok,logs/seed_656820.log
52829,irt_only,GHEFT,0,0.0,0,0,1,1.6372,1.8314,3.4686,,,,,,,,,,,,,,,,,93.36595859987929,2.6555,40,10,289,142,87,55,4.674724,0,ok,logs/seed_52829.log
121524,irt_only,GHEFT,0,0.0,0,0,1,2.0037,2.1272,4.1309,,,,,,,,,,,,,,,,,87.51899229804373,2.2074,32,10,278,135,79,56,5.205777,0,ok,logs/seed_121524.log
237123,irt_only,GHEFT,0,0.0,0,0,1,2.0193,2.7368,4.7561,,,,,,,,,,,,,,,,,109.60050486960711,3.6035,32,11,230,145,69,76,3.592168,0,ok,logs/seed_237123.log
669751,irt_only,GHEFT,0,0.0,0,0,1,1.8139,2.1447,3.9586,,,,,,,,,,,,,,,,,107.2759715035461,3.1276,31,9,295,137,77,60,4.739575,0,ok,logs/seed_669751.log
113454,irt_only,GHEFT,0,0.0,0,0,1,1.8819,2.141,4.0229,,,,,,,,,,,,,,,,,101.39309121234709,2.574,32,10,262,144,85,59,4.585214,0,ok,logs/seed_113454.log
438348,irt_only,GHEFT,0,0.0,0,0,1,1.9854,3.0903,5.0757,,,,,,,,,,,,,,,,,92.52850368771519,2.6829,33,10,293,144,79,65,5.653044,0,ok,logs/seed_438348.log
899876,irt_only,GHEFT,0,0.0,0,0,1,1.782,1.9582,3.7402,,,,,,,,,,,,,,,,,95.14571381600433,2.1806,33,11,281,128,80,48,3.959397,0,ok,logs/seed_899876.log
450238,irt_only,GHEFT,0,0.0,0,0,1,1.7738,2.2192,3.993,,,,,,,,,,,,,,,,,110.24041901995642,2.9959,28,9,278,141,82,59,5.465843,0,ok,logs/seed_450238.log
652597,irt_only,GHEFT,0,0.0,0,0,1,2.0123,3.0918,5.1041,,,,,,,,,,,,,,,,,93.6128582524272,2.5117,27,10,257,133,74,59,3.989139,0,ok,logs/seed_652597.log
54061,irt_only,GHEFT,0,0.0,0,0,1,2.1714,2.1828,4.3542,,,,,,,,,,,,,,,,,91.14740358297836,2.4748,30,9,268,147,80,67,4.3997,0,ok,logs/seed_54061.log
254848,irt_only,GHEFT,0,0.0,0,0,1,2.0145,2.1381,4.1526,,,,,,,,,,,,,,,,,93.7078991354467,2.3904,30,10,248,151,91,60,4.708762,0,ok,logs/seed_254848.log
1391,irt_only,GHEFT,0,0.0,0,0,1,1.8506,2.3713,4.2219,,,,,,,,,,,,,,,,,103.41383394822958,3.2699,26,9,260,125,73,52,4.240465,0,ok,logs/seed_1391.log
978211,irt_only,GHEFT,0,0.0,0,0,1,1.9095,1.998,3.9075,,,,,,,,,,,,,,,,,112.91095648683925,2.8329,32,10,264,141,80,61,5.107962,0,ok,logs/seed_978211.log
687522,irt_only,GHEFT,0,0.0,0,0,1,1.8753,2.2711,4.1464,,,,,,,,,,,,,,,,,100.15871553745394,2.6798,31,10,272,156,90,66,5.277385,0,ok,logs/seed_687522.log
642133,irt_only,GHEFT,0,0.0,0,0,1,1.9448,2.3576,4.3024,,,,,,,,,,,,,,,,,101.80368175839538,2.9441,37,10,280,138,84,54,5.95451,0,ok,logs/seed_642133.log
214700,irt_only,GHEFT,0,0.0,0,0,1,1.6325,2.336,3.9685,,,,,,,,,,,,,,,,,104.09018847079425,2.2141,23,8,250,111,72,39,3.794447,0,ok,logs/seed_214700.log
888370,irt_only,GHEFT,0,0.0,0,0,1,1.8776,2.1285,4.0061,,,,,,,,,,,,,,,,,119.89961446503287,3.129,30,9,281,140,86,54,4.347459,0,ok,logs/seed_888370.log
483636,irt_only,GHEFT,0,0.0,0,0,1,1.6826,1.7229,3.4055,,,,,,,,,,,,,,,,,92.92480075953279,2.5019,31,10,268,130,81,49,4.251672,0,ok,logs/seed_483636.log
678341,irt_only,GHEFT,0,0.0,0,0,1,1.8901,1.7979,3.688,,,,,,,,,,,,,,,,,85.90440702698767,2.0096,32,8,278,141,75,66,4.41865,0,ok,logs/seed_678341.log
53458,irt_only,GHEFT,0,0.0,0,0,1,1.747,2.5423,4.2893,,,,,,,,,,,,,,,,,92.44835440583113,2.4521,30,8,248,124,76,48,4.102594,0,ok,logs/seed_53458.log
235293,irt_only,GHEFT,0,0.0,0,0,1,2.0768,2.4098,4.4866,,,,,,,,,,,,,,,,,86.56414662808548,2.2436,24,8,243,122,73,49,3.344112,0,ok,logs/seed_235293.log
652153,irt_only,GHEFT,0,0.0,0,0,1,2.1017,2.481,4.5827,,,,,,,,,,,,,,,,,106.40217696203993,2.5195,27,9,270,138,78,60,4.55462,0,ok,logs/seed_652153.log
265987,irt_only,GHEFT,0,0.0,0,0,1,1.8417,2.5732,4.4149,,,,,,,,,,,,,,,,,100.05540955066327,3.139,33,11,281,155,85,70,5.152746,0,ok,logs/seed_265987.log
876344,irt_only,GHEFT,0,0.0,0,0,1,1.7939,2.4397,4.2336,,,,,,,,,,,,,,,,,127.45514485765123,3.259,23,8,217,140,88,52,4.17716,0,ok,logs/seed_876344.log
641296,irt_only,GHEFT,0,0.0,0,0,1,1.9367,2.4998,4.4365,,,,,,,,,,,,,,,,,107.99194483212639,2.6142,32,12,252,152,84,68,4.005041,0,ok,logs/seed_641296.log
595834,irt_only,GHEFT,0,0.0,0,0,1,1.9728,1.8456,3.8184,,,,,,,,,,,,,,,,,85.01547629483663,2.0458,30,9,278,126,75,51,3.880406,0,ok,logs/seed_595834.log
738391,irt_only,GHEFT,0,0.0,0,0,1,1.9921,2.2107,4.2028,,,,,,,,,,,,,,,,,105.51071786554623,2.3786,27,9,245,128,67,61,3.758167,0,ok,logs/seed_738391.log
928512,irt_only,GHEFT,0,0.0,0,0,1,1.8843,2.0247,3.909,,,,,,,,,,,,,,,,,102.66761884072015,2.4077,35,9,297,149,85,64,6.116661,0,ok,logs/seed_928512.log
181217,irt_only,GHEFT,0,0.0,0,0,1,1.7943,2.3794,4.1737,,,,,,,,,,,,,,,,,129.28075569437388,2.9717,27,9,267,135,84,51,3.720674,0,ok,logs/seed_181217.log
93772,irt_only,GHEFT,0,0.0,0,0,1,1.765,2.9105,4.6755,,,,,,,,,,,,,,,,,127.64573159657323,2.5922,28,8,256,134,76,58,6.211951,0,ok,logs/seed_93772.log
348523,irt_only,GHEFT,0,0.0,0,0,1,1.6573,2.191,3.8483,,,,,,,,,,,,,,,,,122.92273030342895,2.8089,29,10,250,143,82,61,4.820029,0,ok,logs/seed_348523.log
466445,irt_only,GHEFT,0,0.0,0,0,1,1.9705,2.6711,4.6416,,,,,,,,,,,,,,,,,107.98394832416932,3.0034,31,10,276,174,92,82,5.502337,0,ok,logs/seed_466445.log
520238,irt_only,GHEFT,0,0.0,0,0,1,1.9358,2.6592,4.595,,,,,,,,,,,,,,,,,110.077974089701,2.6893,30,10,262,149,86,63,4.639821,0,ok,logs/seed_520238.log
512606,irt_only,GHEFT,0,0.0,0,0,1,2.1507,2.3533,4.504,,,,,,,,,,,,,,,,,106.81376866027342,2.7014,30,9,243,152,86,66,3.83946,0,ok,logs/seed_512606.log
732043,irt_only,GHEFT,0,0.0,0,0,1,2.1012,2.3358,4.437,,,,,,,,,,,,,,,,,86.67535814285715,2.7059,30,11,248,162,102,60,4.551103,0,ok,logs/seed_732043.log
912078,irt_only,GHEFT,0,0.0,0,0,1,1.7937,2.4069,4.2006,,,,,,,,,,,,,,,,,89.73398888888889,2.588,31,8,274,128,75,53,4.331361,0,ok,logs/seed_912078.log
770623,irt_only,GHEFT,0,0.0,0,0,1,2.029,2.4327,4.4617,,,,,,,,,,,,,,,,,113.6971386758784,2.8258,34,10,273,131,79,52,4.795181,0,ok,logs/seed_770623.log
274449,irt_only,GHEFT,0,0.0,0,0,1,1.855,2.0416,3.8966,,,,,,,,,,,,,,,,,87.41202352194648,2.4038,31,10,255,117,71,46,3.753839,0,ok,logs/seed_274449.log
657848,irt_only,GHEFT,0,0.0,0,0,1,1.83,2.0783,3.9083,,,,,,,,,,,,,,,,,93.60770236495388,2.6855,34,11,283,138,73,65,4.468699,0,ok,logs/seed_657848.log
807691,irt_only,GHEFT,0,0.0,0,0,1,1.9543,2.9847,4.939,,,,,,,,,,,,,,,,,98.2401238118812,2.3515,31,9,270,149,81,68,4.377133,0,ok,logs/seed_807691.log
351419,irt_only,GHEFT,0,0.0,0,0,1,1.9563,2.4646,4.4209,,,,,,,,,,,,,,,,,104.85894168460935,2.84,26,9,256,145,86,59,4.209836,0,ok,logs/seed_351419.log
726609,irt_only,GHEFT,0,0.0,0,0,1,2.0733,2.3557,4.429,,,,,,,,,,,,,,,,,108.66565052510305,2.8018,30,10,252,154,91,63,4.505747,0,ok,logs/seed_726609.log
560070,irt_only,GHEFT,0,0.0,0,0,1,1.9749,2.666,4.6409,,,,,,,,,,,,,,,,,116.436154991453,2.7986,29,10,271,170,81,89,5.066231,0,ok,logs/seed_560070.log
342707,irt_only,GHEFT,0,0.0,0,0,1,1.9255,2.0421,3.9676,,,,,,,,,,,,,,,,,93.77317461647361,2.1251,27,8,259,133,83,50,5.182307,0,ok,logs/seed_342707.log
56666,irt_only,GHEFT,0,0.0,0,0,1,1.9401,2.5687,4.5088,,,,,,,,,,,,,,,,,96.33078323850086,2.7461,24,9,244,150,85,65,4.355676,0,ok,logs/seed_56666.log
285209,irt_only,GHEFT,0,0.0,0,0,1,2.0173,2.3774,4.3947,,,,,,,,,,,,,,,,,104.62541218637995,2.7363,28,10,256,153,87,66,4.680095,0,ok,logs/seed_285209.log
886960,irt_only,GHEFT,0,0.0,0,0,1,1.7709,1.8145,3.5854,,,,,,,,,,,,,,,,,90.15251127238396,2.2982,32,11,301,151,81,70,5.238095,0,ok,logs/seed_886960.log
621730,irt_only,GHEFT,0,0.0,0,0,1,1.8464,2.7717,4.6181,,,,,,,,,,,,,,,,,113.26789679933272,3.2297,33,11,266,174,83,91,3.789512,0,ok,logs/seed_621730.log
904473,irt_only,GHEFT,0,0.0,0,0,1,2.1032,2.3647,4.4679,,,,,,,,,,,,,,,,,104.44070586384439,2.1348,32,10,279,173,94,79,5.231716,0,ok,logs/seed_904473.log
653339,irt_only,GHEFT,0,0.0,0,0,1,1.8035,2.335,4.1385,,,,,,,,,,,,,,,,,92.51079201301691,2.4417,27,11,256,153,99,54,3.890119,0,ok,logs/seed_653339.log
168058,irt_only,GHEFT,0,0.0,0,0,1,2.119,1.8142,3.9332,,,,,,,,,,,,,,,,,81.05888135522916,2.4381,33,10,258,159,94,65,4.585776,0,ok,logs/seed_168058.log
442021,irt_only,GHEFT,0,0.0,0,0,1,1.9583,1.9533,3.9116,,,,,,,,,,,,,,,,,102.01152391255289,2.5188,34,10,273,140,77,63,4.912293,0,ok,logs/seed_442021.log
583293,irt_only,GHEFT,0,0.0,0,0,1,2.2241,2.3962,4.6203,,,,,,,,,,,,,,,,,92.08829856357387,2.4808,27,9,254,143,88,55,4.188399,0,ok,logs/seed_583293.log
889618,irt_only,GHEFT,0,0.0,0,0,1,1.7246,1.9157,3.6403,,,,,,,,,,,,,,,,,104.46513343680297,2.5578,26,10,261,135,74,61,4.94259,0,ok,logs/seed_889618.log
366067,irt_only,GHEFT,0,0.0,0,0,1,1.6842,1.8812,3.5654,,,,,,,,,,,,,,,,,107.57779610465288,2.5558,30,8,237,132,80,52,3.819645,0,ok,logs/seed_366067.log
814962,irt_only,GHEFT,0,0.0,0,0,1,1.9644,2.0869,4.0513,,,,,,,,,,,,,,,,,112.20460879888685,3.2189,26,9,258,135,79,56,4.696303,0,ok,logs/seed_814962.log
272538,irt_only,GHEFT,0,0.0,0,0,1,1.8297,2.1489,3.9786,,,,,,,,,,,,,,,,,98.66110712620043,2.6016,30,10,273,160,95,65,4.372234,0,ok,logs/seed_272538.log
997364,irt_only,GHEFT,0,0.0,0,0,1,2.0575,2.236,4.2935,,,,,,,,,,,,,,,,,98.48395800962763,2.8281,33,11,302,158,80,78,5.214219,0,ok,logs/seed_997364.log
829067,irt_only,GHEFT,0,0.0,0,0,1,2.0184,2.2185,4.2369,,,,,,,,,,,,,,,,,83.82257039203354,2.2017,39,11,281,145,85,60,5.508999,0,ok,logs/seed_829067.log
823366,irt_only,GHEFT,0,0.0,0,0,1,1.8718,2.2841,4.1559,,,,,,,,,,,,,,,,,128.10779463969047,3.9548,30,10,250,146,78,68,3.928808,0,ok,logs/seed_823366.log
492603,irt_only,GHEFT,0,0.0,0,0,1,1.9561,2.2783,4.2344,,,,,,,,,,,,,,,,,90.25460287769783,2.2767,34,9,289,145,87,58,4.831492,0,ok,logs/seed_492603.log
767656,irt_only,GHEFT,0,0.0,0,0,1,1.8669,2.108,3.9749,,,,,,,,,,,,,,,,,96.21649019582664,2.5601,36,11,282,136,79,57,5.029049,0,ok,logs/seed_767656.log
729327,irt_only,GHEFT,0,0.0,0,0,1,2.1018,2.1946,4.2964,,,,,,,,,,,,,,,,,98.42561610861424,2.3954,22,8,248,145,82,63,4.239662,0,ok,logs/seed_729327.log
666140,irt_only,GHEFT,0,0.0,0,0,1,2.1175,2.4487,4.5662,,,,,,,,,,,,,,,,,85.66477921518987,2.4159,33,9,273,112,70,42,4.190242,0,ok,logs/seed_666140.log
931213,irt_only,GHEFT,0,0.0,0,0,1,2.046,2.9178,4.9638,,,,,,,,,,,,,,,,,114.13631942302663,2.4877,32,9,283,164,94,70,4.854193,0,ok,logs/seed_931213.log
479086,irt_only,GHEFT,0,0.0,0,0,1,1.9519,2.1752,4.1271,,,,,,,,,,,,,,,,,108.20980012962161,4.2179,26,10,235,136,79,57,3.792698,0,ok,logs/seed_479086.log
648286,irt_only,GHEFT,0,0.0,0,0,1,1.9117,2.3939,4.3056,,,,,,,,,,,,,,,,,102.92443714754098,2.1685,29,10,271,157,94,63,5.709815,0,ok,logs/seed_648286.log
578832,irt_only,GHEFT,0,0.0,0,0,1,1.9206,2.2373,4.1579,,,,,,,,,,,,,,,,,105.7263897431857,2.5549,34,11,277,159,94,65,5.084273,0,ok,logs/seed_578832.log
781836,irt_only,GHEFT,0,0.0,0,0,1,1.9146,2.7409,4.6555,,,,,,,,,,,,,,,,,160.1793047004646,5.004,22,10,209,118,72,46,3.945379,0,ok,logs/seed_781836.log
659171,irt_only,GHEFT,0,0.0,0,0,1,1.9514,1.9094,3.8608,,,,,,,,,,,,,,,,,79.96523279584777,2.5423,33,11,272,143,82,61,4.125555,0,ok,logs/seed_659171.log
667338,irt_only,GHEFT,0,0.0,0,0,1,1.9425,1.8721,3.8146,,,,,,,,,,,,,,,,,76.70416744186048,2.3482,27,9,261,127,81,46,4.626797,0,ok,logs/seed_667338.log
967649,irt_only,GHEFT,0,0.0,0,0,1,2.1029,2.3528,4.4557,,,,,,,,,,,,,,,,,109.76038343102681,3.7741,27,9,248,136,73,63,4.95375,0,ok,logs/seed_967649.log
413495,irt_only,GHEFT,0,0.0,0,0,1,1.8759,2.0171,3.893,,,,,,,,,,,,,,,,,106.44586298132968,2.3946,29,9,283,159,89,70,4.798879,0,ok,logs/seed_413495.log
46799,irt_only,GHEFT,0,0.0,0,0,1,1.9305,2.2875,4.218,,,,,,,,,,,,,,,,,97.31122012266685,1.9492,32,10,283,141,86,55,5.558694,0,ok,logs/seed_46799.log
213320,irt_only,GHEFT,0,0.0,0,0,1,2.0243,1.8404,3.8647,,,,,,,,,,,,,,,,,90.09571970675466,2.3491,33,11,262,144,90,54,4.649913,0,ok,logs/seed_213320.log
84966,irt_only,GHEFT,0,0.0,0,0,1,2.1157,2.7604,4.8761,,,,,,,,,,,,,,,,,96.72726078835977,3.5291,30,9,243,131,75,56,3.917363,0,ok,logs/seed_84966.log
372841,irt_only,GHEFT,0,0.0,0,0,1,1.8666,1.8377,3.7043,,,,,,,,,,,,,,,,,98.09427219876684,2.8499,29,10,265,130,82,48,5.131925,0,ok,logs/seed_372841.log
491732,irt_only,GHEFT,0,0.0,0,0,1,2.0705,2.4501,4.5206,,,,,,,,,,,,,,,,,91.91302937581978,2.8131,32,10,255,170,93,77,4.60902,0,ok,logs/seed_491732.log
770980,irt_only,GHEFT,0,0.0,0,0,1,1.9873,2.3055,4.2928,,,,,,,,,,,,,,,,,102.51617140570112,3.0855,23,9,241,138,81,57,4.286721,0,ok,logs/seed_770980.log
811224,irt_only,GHEFT,0,0.0,0,0,1,1.8143,2.5186,4.3329,,,,,,,,,,,,,,,,,105.73112820631847,2.6245,29,10,274,159,88,71,4.628242,0,ok,logs/seed_811224.log
498974,irt_only,GHEFT,0,0.0,0,0,1,1.8772,2.3048,4.182,,,,,,,,,,,,,,,,,92.52928768468468,2.189,30,11,276,153,89,64,4.576156,0,ok,logs/seed_498974.log
200046,irt_only,GHEFT,0,0.0,0,0,1,2.1637,2.4543,4.618,,,,,,,,,,,,,,,,,96.41055165125496,2.9603,25,9,242,124,77,47,4.198581,0,ok,logs/seed_200046.log
326276,irt_only,GHEFT,0,0.0,0,0,1,2.1411,2.3445,4.4856,,,,,,,,,,,,,,,,,96.20266164312055,2.6792,26,8,275,137,81,56,4.860816,0,ok,logs/seed_326276.log
640113,irt_only,GHEFT,0,0.0,0,0,1,1.8139,2.3517,4.1656,,,,,,,,,,,,,,,,,112.64040872295881,2.8435,30,9,258,156,96,60,4.6274,0,ok,logs/seed_640113.log
695200,irt_only,GHEFT,0,0.0,0,0,1,1.7815,2.1715,3.953,,,,,,,,,,,,,,,,,115.6855226006192,2.4729,28,10,265,136,80,56,4.319382,0,ok,logs/seed_695200.log
774075,irt_only,GHEFT,0,0.0,0,0,1,2.0313,2.9731,5.0044,,,,,,,,,,,,,,,,,112.77007754735006,3.3578,21,9,246,143,88,55,3.88761,0,ok,logs/seed_774075.log
389892,irt_only,GHEFT,0,0.0,0,0,1,1.9326,1.9672,3.8998,,,,,,,,,,,,,,,,,89.2245,2.0668,35,11,283,131,76,55,5.001916,0,ok,logs/seed_389892.log
955718,irt_only,GHEFT,0,0.0,0,0,1,2.1476,2.823,4.9706,,,,,,,,,,,,,,,,,109.29861038370464,2.7289,30,9,252,135,78,57,4.627108,0,ok,logs/seed_955718.log
522004,irt_only,GHEFT,0,0.0,0,0,1,2.1282,1.9746,4.1028,,,,,,,,,,,,,,,,,106.59219422298693,2.668,35,11,259,161,98,63,4.859123,0,ok,logs/seed_522004.log
385731,irt_only,GHEFT,0,0.0,0,0,1,1.989,1.968,3.957,,,,,,,,,,,,,,,,,96.17556134347275,2.9357,26,9,260,149,88,61,3.788981,0,ok,logs/seed_385731.log
726289,irt_only,GHEFT,0,0.0,0,0,1,1.9487,2.197,4.1457,,,,,,,,,,,,,,,,,92.26240381090625,2.6822,32,10,289,164,93,71,5.320981,0,ok,logs/seed_726289.log
840325,irt_only,GHEFT,0,0.0,0,0,1,1.8074,2.2634,4.0708,,,,,,,,,,,,,,,,,103.90327674587496,2.2133,28,9,262,143,84,59,4.685152,0,ok,logs/seed_840325.log
754746,irt_only,GHEFT,0,0.0,0,0,1,1.7886,2.0196,3.8082,,,,,,,,,,,,,,,,,83.0676814914041,2.6229,27,10,259,137,84,53,4.169973,0,ok,logs/seed_754746.log
717000,irt_only,GHEFT,0,0.0,0,0,1,1.8823,1.9054,3.7877,,,,,,,,,,,,,,,,,105.01401271369076,1.8919,29,9,259,143,89,54,4.289463,0,ok,logs/seed_717000.log
70922,irt_only,GHEFT,0,0.0,0,0,1,1.8162,2.2735,4.0897,,,,,,,,,,,,,,,,,111.69107832997078,2.3462,27,10,280,156,86,70,4.264251,0,ok,logs/seed_70922.log
108172,irt_only,GHEFT,0,0.0,0,0,1,1.9432,2.3987,4.3419,,,,,,,,,,,,,,,,,107.08661881884177,2.7004,34,10,261,157,92,65,5.243804,0,ok,logs/seed_108172.log
486905,irt_only,GHEFT,0,0.0,0,0,1,1.8357,2.4813,4.317,,,,,,,,,,,,,,,,,104.78491641655863,1.849,26,8,262,117,76,41,4.390599,0,ok,logs/seed_486905.log
268061,irt_only,GHEFT,0,0.0,0,0,1,1.6793,1.5351,3.2144,,,,,,,,,,,,,,,,,99.18061162523757,2.0386,34,12,262,142,85,57,4.392873,0,ok,logs/seed_268061.log
692334,irt_only,GHEFT,0,0.0,0,0,1,1.9435,2.1535,4.097,,,,,,,,,,,,,,,,,102.11389168007697,2.0659,23,8,246,129,84,45,4.713752,0,ok,logs/seed_692334.log
719918,irt_only,GHEFT,0,0.0,0,0,1,2.1798,2.8529,5.0327,,,,,,,,,,,,,,,,,104.51635762913908,2.8957,28,9,243,119,76,43,3.695946,0,ok,logs/seed_719918.log
946535,irt_only,GHEFT,0,0.0,0,0,1,1.9603,2.4584,4.4187,,,,,,,,,,,,,,,,,84.55723966063779,2.227,33,9,269,148,75,73,4.375677,0,ok,logs/seed_946535.log
453449,irt_only,GHEFT,0,0.0,0,0,1,2.0725,2.8989,4.9714,,,,,,,,,,,,,,,,,103.4512742426748,3.0857,27,11,296,172,96,76,5.828532,0,ok,logs/seed_453449.log
623966,irt_only,GHEFT,0,0.0,0,0,1,1.9384,2.5339,4.4723,,,,,,,,,,,,,,,,,102.58628915500174,3.0449,24,8,257,138,78,60,4.297024,0,ok,logs/seed_623966.log
185535,irt_only,GHEFT,0,0.0,0,0,1,1.9078,2.355,4.2628,,,,,,,,,,,,,,,,,102.46267899341319,1.9361,24,10,252,158,94,64,4.004599,0,ok,logs/seed_185535.log
482729,irt_only,GHEFT,0,0.0,0,0,1,1.8995,2.4134,4.3129,,,,,,,,,,,,,,,,,113.12913402972556,3.142,26,9,253,130,83,47,4.134205,0,ok,logs/seed_482729.log
2208,irt_only,GHEFT,0,0.0,0,0,1,1.8387,1.8368,3.6755,,,,,,,,,,,,,,,,,90.90729449470496,2.222,29,9,266,147,84,63,4.819823,0,ok,logs/seed_2208.log
226101,irt_only,GHEFT,0,0.0,0,0,1,1.9805,2.4778,4.4583,,,,,,,,,,,,,,,,,94.71209791630041,2.7689,29,11,254,135,77,58,4.899221,0,ok,logs/seed_226101.log
750848,irt_only,GHEFT,0,0.0,0,0,1,1.7303,1.7336,3.4639,,,,,,,,,,,,,,,,,91.49874068997464,2.3947,33,10,284,136,76,60,4.608092,0,ok,logs/seed_750848.log
430115,irt_only,GHEFT,0,0.0,0,0,1,1.8504,2.0312,3.8816,,,,,,,,,,,,,,,,,117.26527512499017,3.2157,34,10,282,140,85,55,4.063023,0,ok,logs/seed_430115.log
360828,irt_only,GHEFT,0,0.0,0,0,1,1.8729,2.3603,4.2332,,,,,,,,,,,,,,,,,106.21408047058824,2.7339,27,8,278,117,72,45,4.572328,0,ok,logs/seed_360828.log
686023,irt_only,GHEFT,0,0.0,0,0,1,2.0424,2.3193,4.3617,,,,,,,,,,,,,,,,,101.49801404773521,3.0686,31,10,269,143,81,62,5.048574,0,ok,logs/seed_686023.log
910767,irt_only,GHEFT,0,0.0,0,0,1,2.0921,2.4101,4.5022,,,,,,,,,,,,,,,,,92.5486285822454,2.3555,30,10,238,118,81,37,4.305391,0,ok,logs/seed_910767.log
867129,irt_only,GHEFT,0,0.0,0,0,1,1.8075,2.1392,3.9467,,,,,,,,,,,,,,,,,103.80654129321162,2.8182,29,10,263,159,93,66,4.357652,0,ok,logs/seed_867129.log
594299,irt_only,GHEFT,0,0.0,0,0,1,2.0612,2.8292,4.8904,,,,,,,,,,,,,,,,,105.89603100357778,2.744,30,10,286,148,83,65,4.864985,0,ok,logs/seed_594299.log
141316,irt_only,GHEFT,0,0.0,0,0,1,2.0428,1.8401,3.8829,,,,,,,,,,,,,,,,,80.961127,2.5295,28,11,250,151,91,60,3.722733,0,ok,logs/seed_141316.log
200207,irt_only,GHEFT,0,0.0,0,0,1,1.8343,2.2804,4.1147,,,,,,,,,,,,,,,,,112.75878987798892,3.0913,29,9,283,152,77,75,5.094128,0,ok,logs/seed_200207.log
575011,irt_only,GHEFT,0,0.0,0,0,1,1.9278,2.8253,4.7531,,,,,,,,,,,,,,,,,145.81268757297744,2.7141,31,8,264,140,82,58,4.252382,0,ok,logs/seed_575011.log
765419,irt_only,GHEFT,0,0.0,0,0,1,1.8115,2.07,3.8815,,,,,,,,,,,,,,,,,95.74151095522387,2.1242,29,8,287,132,76,56,4.155177,0,ok,logs/seed_765419.log
676245,irt_only,GHEFT,0,0.0,0,0,1,1.6812,1.8256,3.5068,,,,,,,,,,,,,,,,,101.19854799764613,2.3324,39,11,270,163,105,58,3.748296,0,ok,logs/seed_676245.log
743656,irt_only,GHEFT,0,0.0,0,0,1,1.9422,2.4384,4.3806,,,,,,,,,,,,,,,,,104.7701084118288,2.6621,29,11,251,125,73,52,4.59346,0,ok,logs/seed_743656.log
469800,irt_only,GHEFT,0,0.0,0,0,1,1.8918,2.1546,4.0464,,,,,,,,,,,,,,,,,96.50228053497743,2.0729,31,10,264,124,68,56,4.363213,0,ok,logs/seed_469800.log
384437,irt_only,GHEFT,0,0.0,0,0,1,1.8515,2.0858,3.9373,,,,,,,,,,,,,,,,,116.8945142409072,2.0356,30,9,253,140,82,58,4.086782,0,ok,logs/seed_384437.log
692498,irt_only,GHEFT,0,0.0,0,0,1,1.9177,2.0377,3.9554,,,,,,,,,,,,,,,,,85.77059104066161,2.2512,28,10,256,148,80,68,4.355754,0,ok,logs/seed_692498.log
385750,irt_only,GHEFT,0,0.0,0,0,1,1.9053,2.6986,4.6039,,,,,,,,,,,,,,,,,98.44805603934786,2.5299,30,9,276,160,83,77,5.6127,0,ok,logs/seed_385750.log
966044,irt_only,GHEFT,0,0.0,0,0,1,2.0472,2.2857,4.3329,,,,,,,,,,,,,,,,,90.51237747058822,2.1812,28,9,257,126,79,47,3.916451,0,ok,logs/seed_966044.log
231504,irt_only,GHEFT,0,0.0,0,0,1,1.7791,1.8973,3.6764,,,,,,,,,,,,,,,,,97.23571021744628,2.7869,35,10,254,151,79,72,4.308967,0,ok,logs/seed_231504.log
758710,irt_only,GHEFT,0,0.0,0,0,1,1.8615,2.6875,4.549,,,,,,,,,,,,,,,,,105.35208648597514,3.2305,36,10,291,165,83,82,4.877838,0,ok,logs/seed_758710.log
855896,irt_only,GHEFT,0,0.0,0,0,1,1.8886,2.5629,4.4515,,,,,,,,,,,,,,,,,123.52827395011678,3.0407,20,9,244,137,84,53,4.250585,0,ok,logs/seed_855896.log
165859,irt_only,GHEFT,0,0.0,0,0,1,1.5696,1.9566,3.5262,,,,,,,,,,,,,,,,,99.41397538940812,2.4387,30,10,266,137,72,65,4.33366,0,ok,logs/seed_165859.log
804367,irt_only,GHEFT,0,0.0,0,0,1,2.0503,2.1879,4.2382,,,,,,,,,,,,,,,,,84.23295765862707,2.8095,29,10,259,120,66,54,3.577497,0,ok,logs/seed_804367.log
317518,irt_only,GHEFT,0,0.0,0,0,1,1.9523,2.5203,4.4726,,,,,,,,,,,,,,,,,104.48301232883317,2.3851,32,10,280,144,81,63,4.88226,0,ok,logs/seed_317518.log
461209,irt_only,GHEFT,0,0.0,0,0,1,1.8662,2.5573,4.4235,,,,,,,,,,,,,,,,,129.08767683643123,3.1758,28,9,252,128,81,47,4.601807,0,ok,logs/seed_461209.log
882850,irt_only,GHEFT,0,0.0,0,0,1,1.8794,2.7866,4.666,,,,,,,,,,,,,,,,,101.05256418746816,2.7481,30,11,274,137,83,54,5.370913,0,ok,logs/seed_882850.log
64681,irt_only,GHEFT,0,0.0,0,0,1,2.0659,3.2623,5.3282,,,,,,,,,,,,,,,,,108.46156638198555,3.0237,24,8,218,131,79,52,3.835129,0,ok,logs/seed_64681.log
173770,irt_only,GHEFT,0,0.0,0,0,1,1.7212,1.9547,3.6759,,,,,,,,,,,,,,,,,108.17654123182442,2.3982,33,10,303,169,91,78,5.659268,0,ok,logs/seed_173770.log
258441,irt_only,GHEFT,0,0.0,0,0,1,1.9935,2.3146,4.3081,,,,,,,,,,,,,,,,,107.97179769495693,2.9618,26,8,253,130,78,52,4.998688,0,ok,logs/seed_258441.log
324860,irt_only,GHEFT,0,0.0,0,0,1,1.8997,2.1131,4.0128,,,,,,,,,,,,,,,,,109.82338135675738,3.0803,28,10,282,154,88,66,5.695309,0,ok,logs/seed_324860.log
107009,irt_only,GHEFT,0,0.0,0,0,1,2.1865,2.1484,4.3349,,,,,,,,,,,,,,,,,93.44815095192085,2.121,29,11,265,151,88,63,5.011455,0,ok,logs/seed_107009.log
161981,irt_only,GHEFT,0,0.0,0,0,1,1.7583,1.9855,3.7438,,,,,,,,,,,,,,,,,93.01302689075631,2.6756,32,10,271,163,95,68,4.945765,0,ok,logs/seed_161981.log
290380,irt_only,GHEFT,0,0.0,0,0,1,1.9374,2.4831,4.4205,,,,,,,,,,,,,,,,,99.57914727177959,2.2203,22,9,257,140,79,61,3.950469,0,ok,logs/seed_290380.log
976250,irt_only,GHEFT,0,0.0,0,0,1,1.8224,2.2274,4.0498,,,,,,,,,,,,,,,,,118.6001080974684,2.7433,23,8,235,144,86,58,4.660561,0,ok,logs/seed_976250.log
254077,irt_only,GHEFT,0,0.0,0,0,1,1.8962,2.8898,4.786,,,,,,,,,,,,,,,,,95.31500213252093,2.6202,29,9,265,155,87,68,4.750176,0,ok,logs/seed_254077.log
539967,irt_only,GHEFT,0,0.0,0,0,1,1.8702,1.9971,3.8673,,,,,,,,,,,,,,,,,90.63607481879367,2.5007,32,9,253,131,86,45,4.427213,0,ok,logs/seed_539967.log
599304,irt_only,GHEFT,0,0.0,0,0,1,2.0157,2.2391,4.2548,,,,,,,,,,,,,,,,,98.11210477271206,2.733,26,9,245,142,76,66,4.588565,0,ok,logs/seed_599304.log
287821,irt_only,GHEFT,0,0.0,0,0,1,1.8984,2.224,4.1224,,,,,,,,,,,,,,,,,103.08280239314757,2.9877,28,8,283,143,74,69,5.485024,0,ok,logs/seed_287821.log
48051,irt_only,GHEFT,0,0.0,0,0,1,2.1903,2.3431,4.5334,,,,,,,,,,,,,,,,,102.6294226862745,2.6582,27,9,250,116,71,45,4.333789,0,ok,logs/seed_48051.log
860327,irt_only,GHEFT,0,0.0,0,0,1,1.6914,1.796,3.4874,,,,,,,,,,,,,,,,,99.72567441860465,2.4789,38,10,277,142,86,56,4.453389,0,ok,logs/seed_860327.log
591119,irt_only,GHEFT,0,0.0,0,0,1,1.6832,1.7157,3.3989,,,,,,,,,,,,,,,,,122.59650907141801,3.2211,26,9,233,114,71,43,3.41476,0,ok,logs/seed_591119.log
611764,irt_only,GHEFT,0,0.0,0,0,1,1.8644,2.0803,3.9447,,,,,,,,,,,,,,,,,95.21281580769973,2.2819,35,9,291,151,83,68,4.749832,0,ok,logs/seed_611764.log
806683,irt_only,GHEFT,0,0.0,0,0,1,1.8094,2.2718,4.0812,,,,,,,,,,,,,,,,,121.17313888024884,2.6002,39,10,269,143,80,63,4.965917,0,ok,logs/seed_806683.log
848855,irt_only,GHEFT,0,0.0,0,0,1,1.7981,1.913,3.7111,,,,,,,,,,,,,,,,,87.65714378074867,2.6454,28,9,265,130,77,53,4.819402,0,ok,logs/seed_848855.log
384264,irt_only,GHEFT,0,0.0,0,0,1,1.8265,2.0771,3.9036,,,,,,,,,,,,,,,,,100.7655483622351,2.6174,36,13,305,178,94,84,4.154089,0,ok,logs/seed_384264.log
505769,irt_only,GHEFT,0,0.0,0,0,1,1.9948,2.1267,4.1215,,,,,,,,,,,,,,,,,78.71308675862069,2.0888,27,10,242,127,77,50,4.737062,0,ok,logs/seed_505769.log
221230,irt_only,GHEFT,0,0.0,0,0,1,2.1201,2.6163,4.7364,,,,,,,,,,,,,,,,,93.76054470860927,2.4876,27,9,262,138,81,57,3.705097,0,ok,logs/seed_221230.log
940154,irt_only,GHEFT,0,0.0,0,0,1,2.0032,2.6643,4.6675,,,,,,,,,,,,,,,,,87.37737266666667,2.3952,29,10,264,128,75,53,4.768855,0,ok,logs/seed_940154.log
587707,irt_only,GHEFT,0,0.0,0,0,1,1.9781,2.8646,4.8427,,,,,,,,,,,,,,,,,110.42590734979574,2.8392,29,8,250,122,72,50,4.916998,0,ok,logs/seed_587707.log
595985,irt_only,GHEFT,0,0.0,0,0,1,2.0729,2.6484,4.7213,,,,,,,,,,,,,,,,,93.59396998313659,3.2649,27,9,279,137,81,56,4.073202,0,ok,logs/seed_595985.log
54898,irt_only,GHEFT,0,0.0,0,0,1,1.7638,2.1507,3.9145,,,,,,,,,,,,,,,,,110.37465674711179,2.8064,26,11,245,152,88,64,4.463701,0,ok,logs/seed_54898.log
351193,irt_only,GHEFT,0,0.0,0,0,1,2.1108,2.8755,4.9863,,,,,,,,,,,,,,,,,101.98755016636196,2.1143,27,10,258,154,80,74,3.33201,0,ok,logs/seed_351193.log
538951,irt_only,GHEFT,0,0.0,0,0,1,1.9618,2.3429,4.3047,,,,,,,,,,,,,,,,,95.62647052947194,2.4649,29,10,260,145,86,59,5.048013,0,ok,logs/seed_538951.log
503015,irt_only,GHEFT,0,0.0,0,0,1,1.9358,2.4849,4.4207,,,,,,,,,,,,,,,,,115.96705391078613,3.0345,30,9,244,130,83,47,4.189351,0,ok,logs/seed_503015.log
953174,irt_only,GHEFT,0,0.0,0,0,1,2.0609,2.4727,4.5336,,,,,,,,,,,,,,,,,103.1932650810723,2.9548,30,10,267,143,80,63,4.457129,0,ok,logs/seed_953174.log
742910,irt_only,GHEFT,0,0.0,0,0,1,1.8735,2.0869,3.9604,,,,,,,,,,,,,,,,,88.1832780574621,2.0739,26,8,261,122,71,51,4.472957,0,ok,logs/seed_742910.log
61747,irt_only,GHEFT,0,0.0,0,0,1,1.8794,2.3971,4.2765,,,,,,,,,,,,,,,,,103.27413733217992,2.9999,35,12,285,175,93,82,5.369012,0,ok,logs/seed_61747.log
580612,irt_only,GHEFT,0,0.0,0,0,1,1.9133,2.4758,4.3891,,,,,,,,,,,,,,,,,97.79976750012823,2.5355,23,9,227,121,67,54,3.837126,0,ok,logs/seed_580612.log
615914,irt_only,GHEFT,0,0.0,0,0,1,1.8496,2.1915,4.0411,,,,,,,,,,,,,,,,,99.02569370571688,3.1538,33,10,266,140,81,59,4.992892,0,ok,logs/seed_615914.log
8172,irt_only,GHEFT,0,0.0,0,0,1,1.8118,2.5243,4.3361,,,,,,,,,,,,,,,,,119.8620945572264,2.8787,25,10,259,154,95,59,4.318566,0,ok,logs/seed_8172.log
590147,irt_only,GHEFT,0,0.0,0,0,1,1.875,2.2,4.075,,,,,,,,,,,,,,,,,96.96312244294529,2.8682,25,10,244,130,78,52,3.657513,0,ok,logs/seed_590147.log
773450,irt_only,GHEFT,0,0.0,0,0,1,2.0286,2.3551,4.3837,,,,,,,,,,,,,,,,,103.85344623251291,2.3562,27,10,261,157,95,62,4.358118,0,ok,logs/seed_773450.log
447391,irt_only,GHEFT,0,0.0,0,0,1,2.1311,1.9451,4.0762,,,,,,,,,,,,,,,,,80.56507013754998,2.3572,41,11,292,152,93,59,4.859454,0,ok,logs/seed_447391.log
234698,irt_only,GHEFT,0,0.0,0,0,1,1.789,2.0697,3.8587,,,,,,,,,,,,,,,,,105.66366630323759,2.7216,29,9,256,132,85,47,5.377229,0,ok,logs/seed_234698.log
339985,irt_only,GHEFT,0,0.0,0,0,1,2.0454,1.9945,4.0399,,,,,,,,,,,,,,,,,88.13055803402646,2.2839,34,10,262,126,69,57,4.353764,0,ok,logs/seed_339985.log
121191,irt_only,GHEFT,0,0.0,0,0,1,1.9253,2.4573,4.3826,,,,,,,,,,,,,,,,,120.56576338418861,3.068,32,9,293,152,86,66,4.247436,0,ok,logs/seed_121191.log
67314,irt_only,GHEFT,0,0.0,0,0,1,1.8919,2.4736,4.3655,,,,,,,,,,,,,,,,,116.94709916805326,2.7003,26,9,258,141,80,61,4.502933,0,ok,logs/seed_67314.log
49664,irt_only,GHEFT,0,0.0,0,0,1,2.1074,2.4016,4.509,,,,,,,,,,,,,,,,,100.52534500974315,3.1622,32,9,258,125,74,51,4.410755,0,ok,logs/seed_49664.log
216188,irt_only,GHEFT,0,0.0,0,0,1,1.8928,2.2852,4.178,,,,,,,,,,,,,,,,,116.6792,2.8288,26,10,261,142,92,50,3.900421,0,ok,logs/seed_216188.log
594597,irt_only,GHEFT,0,0.0,0,0,1,1.9443,2.105,4.0493,,,,,,,,,,,,,,,,,90.99560549109414,3.2347,28,9,251,140,85,55,4.346706,0,ok,logs/seed_594597.log
838544,irt_only,GHEFT,0,0.0,0,0,1,1.9123,2.6577,4.57,,,,,,,,,,,,,,,,,112.04549007854138,2.9745,24,8,246,138,81,57,4.18295,0,ok,logs/seed_838544.log
667390,irt_only,GHEFT,0,0.0,0,0,1,1.6942,2.5678,4.262,,,,,,,,,,,,,,,,,100.98768368504493,2.0603,29,10,257,115,75,40,4.077613,0,ok,logs/seed_667390.log
584425,irt_only,GHEFT,0,0.0,0,0,1,1.7661,2.0478,3.8139,,,,,,,,,,,,,,,,,107.03084256669021,2.2189,31,9,253,133,87,46,4.669992,0,ok,logs/seed_584425.log
838220,irt_only,GHEFT,0,0.0,0,0,1,1.7582,2.0126,3.7708,,,,,,,,,,,,,,,,,105.79757084126986,2.9968,28,8,265,147,93,54,4.462253,0,ok,logs/seed_838220.log
441512,irt_only,GHEFT,0,0.0,0,0,1,1.769,1.6783,3.4473,,,,,,,,,,,,,,,,,86.322846627566,2.7434,29,8,245,115,73,42,3.509699,0,ok,logs/seed_441512.log
350535,irt_only,GHEFT,0,0.0,0,0,1,2.0824,2.401,4.4834,,,,,,,,,,,,,,,,,91.1973288769647,2.3676,31,10,290,159,90,69,4.792935,0,ok,logs/seed_350535.log
298630,irt_only,GHEFT,0,0.0,0,0,1,1.9636,2.7436,4.7072,,,,,,,,,,,,,,,,,98.02425047925972,2.8734,24,8,252,137,82,55,3.646201,0,ok,logs/seed_298630.log
381642,irt_only,GHEFT,0,0.0,0,0,1,1.6069,2.1459,3.7528,,,,,,,,,,,,,,,,,100.6275032743942,3.3402,29,10,277,146,90,56,4.851361,0,ok,logs/seed_381642.log
831919,irt_only,GHEFT,0,0.0,0,0,1,1.867,2.7108,4.5778,,,,,,,,,,,,,,,,,109.26924261302683,3.0013,28,9,272,124,76,48,4.821473,0,ok,logs/seed_831919.log
177577,irt_only,GHEFT,0,0.0,0,0,1,1.7581,2.4914,4.2495,,,,,,,,,,,,,,,,,98.09384900798226,2.9413,25,10,243,146,88,58,3.739683,0,ok,logs/seed_177577.log
484873,irt_only,GHEFT,0,0.0,0,0,1,2.1204,2.3799,4.5003,,,,,,,,,,,,,,,,,89.13500734782609,2.9105,23,10,233,129,79,50,4.035382,0,ok,logs/seed_484873.log
861791,irt_only,GHEFT,0,0.0,0,0,1,2.2344,2.8916,5.126,,,,,,,,,,,,,,,,,96.18452372170583,2.78,29,9,269,137,74,63,4.513695,0,ok,logs/seed_861791.log
147598,irt_only,GHEFT,0,0.0,0,0,1,1.6199,2.4642,4.0841,,,,,,,,,,,,,,,,,147.08242039176122,3.5719,22,8,235,137,78,59,4.085406,0,ok,logs/seed_147598.log
509060,irt_only,GHEFT,0,0.0,0,0,1,1.8915,2.2292,4.1207,,,,,,,,,,,,,,,,,100.10276560122202,2.2516,33,10,264,126,80,46,4.58457,0,ok,logs/seed_509060.log
734809,irt_only,GHEFT,0,0.0,0,0,1,1.7784,2.0258,3.8042,,,,,,,,,,,,,,,,,102.23020765155353,3.1266,27,9,261,152,82,70,3.838318,0,ok,logs/seed_734809.log
209596,irt_only,GHEFT,0,0.0,0,0,1,1.8159,2.7304,4.5463,,,,,,,,,,,,,,,,,126.91841713383552,3.063,35,9,278,139,80,59,5.19498,0,ok,logs/seed_209596.log
128530,irt_only,GHEFT,0,0.0,0,0,1,1.9062,1.9926,3.8988,,,,,,,,,,,,,,,,,91.92010673836307,2.097,29,11,268,164,92,72,4.50985,0,ok,logs/seed_128530.log
839126,irt_only,GHEFT,0,0.0,0,0,1,2.0054,2.7267,4.7321,,,,,,,,,,,,,,,,,130.0110002703192,4.3422,34,9,288,158,96,62,5.373766,0,ok,logs/seed_839126.log
735954,irt_only,GHEFT,0,0.0,0,0,1,1.9304,2.1417,4.0721,,,,,,,,,,,,,,,,,115.0105923225522,3.1129,35,11,284,157,89,68,4.377004,0,ok,logs/seed_735954.log
254875,irt_only,GHEFT,0,0.0,0,0,1,1.9048,2.7371,4.6419,,,,,,,,,,,,,,,,,107.96811464099079,2.765,32,9,288,141,80,61,4.404189,0,ok,logs/seed_254875.log
334605,irt_only,GHEFT,0,0.0,0,0,1,1.9215,2.551,4.4725,,,,,,,,,,,,,,,,,107.54809412466845,3.115,32,10,286,144,85,59,4.381801,0,ok,logs/seed_334605.log
616765,irt_only,GHEFT,0,0.0,0,0,1,1.9656,2.2767,4.2423,,,,,,,,,,,,,,,,,90.18654280836014,2.2732,29,9,273,139,81,58,3.804828,0,ok,logs/seed_616765.log
249505,irt_only,GHEFT,0,0.0,0,0,1,1.7181,1.8736,3.5917,,,,,,,,,,,,,,,,,104.0661485084306,2.5803,32,9,271,125,77,48,5.032889,0,ok,logs/seed_249505.log
917778,irt_only,GHEFT,0,0.0,0,0,1,1.8572,2.2212,4.0784,,,,,,,,,,,,,,,,,92.71498213993506,2.095,28,10,247,135,86,49,4.025787,0,ok,logs/seed_917778.log
514894,irt_only,GHEFT,0,0.0,0,0,1,2.1477,3.0065,5.1542,,,,,,,,,,,,,,,,,102.69497328519857,3.2495,31,8,277,151,78,73,4.402922,0,ok,logs/seed_514894.log
722280,irt_only,GHEFT,0,0.0,0,0,1,1.8973,1.9634,3.8607,,,,,,,,,,,,,,,,,94.04338654970758,2.5908,32,9,263,130,77,53,3.342476,0,ok,logs/seed_722280.log
859753,irt_only,GHEFT,0,0.0,0,0,1,2.0801,2.65,4.7301,,,,,,,,,,,,,,,,,97.83900184303182,2.8167,30,10,282,145,83,62,5.128025,0,ok,logs/seed_859753.log
380340,irt_only,GHEFT,0,0.0,0,0,1,1.9861,2.2388,4.2249,,,,,,,,,,,,,,,,,91.33867310327881,2.4756,32,9,290,140,83,57,4.232092,0,ok,logs/seed_380340.log
832161,irt_only,GHEFT,0,0.0,0,0,1,2.0776,1.9147,3.9923,,,,,,,,,,,,,,,,,87.56385405405405,2.2901,29,9,273,144,91,53,4.221034,0,ok,logs/seed_832161.log
336794,irt_only,GHEFT,0,0.0,0,0,1,1.9328,2.442,4.3748,,,,,,,,,,,,,,,,,104.02858649517687,2.7111,24,9,255,147,89,58,5.100426,0,ok,logs/seed_336794.log
924503,irt_only,GHEFT,0,0.0,0,0,1,2.1026,2.6542,4.7568,,,,,,,,,,,,,,,,,111.94528208516522,2.5299,30,9,268,141,81,60,4.923311,0,ok,logs/seed_924503.log
393523,irt_only,GHEFT,0,0.0,0,0,1,1.8045,2.3364,4.1409,,,,,,,,,,,,,,,,,108.74725742574257,2.9999,30,10,261,141,85,56,3.926949,0,ok,logs/seed_393523.log
310465,irt_only,GHEFT,0,0.0,0,0,1,1.9543,2.3365,4.2908,,,,,,,,,,,,,,,,,78.59122550098877,1.6637,26,10,250,119,72,47,4.705338,0,ok,logs/seed_310465.log
433513,irt_only,GHEFT,0,0.0,0,0,1,1.7526,2.3521,4.1047,,,,,,,,,,,,,,,,,104.2398758807588,3.3249,28,9,270,136,79,57,5.168304,0,ok,logs/seed_433513.log
13460,irt_only,GHEFT,0,0.0,0,0,1,1.8672,2.0972,3.9644,,,,,,,,,,,,,,,,,99.49410956188717,2.4215,31,10,290,144,87,57,5.476812,0,ok,logs/seed_13460.log
349575,irt_only,GHEFT,0,0.0,0,0,1,1.9313,2.579,4.5103,,,,,,,,,,,,,,,,,97.9747736113074,2.9386,28,9,260,150,95,55,4.103805,0,ok,logs/seed_349575.log
593063,irt_only,GHEFT,0,0.0,0,0,1,1.8393,2.5497,4.389,,,,,,,,,,,,,,,,,123.78638219536144,2.2711,22,8,243,139,81,58,3.84965,0,ok,logs/seed_593063.log
433182,irt_only,GHEFT,0,0.0,0,0,1,1.9001,2.5246,4.4247,,,,,,,,,,,,,,,,,107.44604195903828,2.8118,29,10,258,144,79,65,3.765351,0,ok,logs/seed_433182.log
780580,irt_only,GHEFT,0,0.0,0,0,1,1.9697,2.0145,3.9842,,,,,,,,,,,,,,,,,106.13534437193431,2.6206,32,10,277,136,79,57,5.285333,0,ok,logs/seed_780580.log
152838,irt_only,GHEFT,0,0.0,0,0,1,1.9071,3.1086,5.0157,,,,,,,,,,,,,,,,,115.36481027655512,2.6354,27,10,264,150,88,62,4.339753,0,ok,logs/seed_152838.log
222996,irt_only,GHEFT,0,0.0,0,0,1,1.9225,2.1689,4.0914,,,,,,,,,,,,,,,,,98.0007154992526,2.4591,26,10,256,136,78,58,4.173833,0,ok,logs/seed_222996.log
298744,irt_only,GHEFT,0,0.0,0,0,1,1.6651,1.868,3.5331,,,,,,,,,,,,,,,,,118.76659680112279,2.5502,34,11,272,157,101,56,4.020848,0,ok,logs/seed_298744.log
762917,irt_only,GHEFT,0,0.0,0,0,1,1.7833,2.6009,4.3842,,,,,,,,,,,,,,,,,99.50289010638298,2.6062,34,10,284,143,87,56,5.194772,0,ok,logs/seed_762917.log
457149,irt_only,GHEFT,0,0.0,0,0,1,2.1749,2.5156,4.6905,,,,,,,,,,,,,,,,,81.58096136095965,2.7677,29,11,243,132,82,50,3.876358,0,ok,logs/seed_457149.log
540167,irt_only,GHEFT,0,0.0,0,0,1,2.168,2.3977,4.5657,,,,,,,,,,,,,,,,,104.27425934518135,3.1076,23,8,221,107,63,44,4.078635,0,ok,logs/seed_540167.log
956256,irt_only,GHEFT,0,0.0,0,0,1,1.9723,2.3518,4.3241,,,,,,,,,,,,,,,,,111.29140370867431,2.6694,23,8,228,134,86,48,4.037102,0,ok,logs/seed_956256.log
809026,irt_only,GHEFT,0,0.0,0,0,1,2.0516,2.4321,4.4837,,,,,,,,,,,,,,,,,130.79762511957912,3.0193,23,8,248,124,80,44,4.424655,0,ok,logs/seed_809026.log
625059,irt_only,GHEFT,0,0.0,0,0,1,1.8513,1.9204,3.7717,,,,,,,,,,,,,,,,,87.75193259206007,2.096,30,11,273,142,84,58,5.692796,0,ok,logs/seed_625059.log
451924,irt_only,GHEFT,0,0.0,0,0,1,2.0824,2.8638,4.9462,,,,,,,,,,,,,,,,,97.9600993020502,2.7014,33,10,262,154,83,71,4.563836,0,ok,logs/seed_451924.log
861621,irt_only,GHEFT,0,0.0,0,0,1,2.0113,2.7816,4.7929,,,,,,,,,,,,,,,,,104.42374080909967,2.4532,33,11,281,157,85,72,5.186849,0,ok,logs/seed_861621.log
986736,irt_only,GHEFT,0,0.0,0,0,1,1.764,1.794,3.558,,,,,,,,,,,,,,,,,96.69099305987115,2.1922,33,10,267,145,80,65,4.760951,0,ok,logs/seed_986736.log
831918,irt_only,GHEFT,0,0.0,0,0,1,1.8263,2.1175,3.9438,,,,,,,,,,,,,,,,,106.30072352584273,3.2841,32,9,269,141,92,49,5.415059,0,ok,logs/seed_831918.log
126553,irt_only,GHEFT,0,0.0,0,0,1,1.7862,1.9418,3.728,,,,,,,,,,,,,,,,,102.17915846144739,2.836,30,10,248,135,84,51,4.245518,0,ok,logs/seed_126553.log
916292,irt_only,GHEFT,0,0.0,0,0,1,2.0166,2.8243,4.8409,,,,,,,,,,,,,,,,,97.33128761538461,3.1997,32,11,274,123,73,50,4.754725,0,ok,logs/seed_916292.log
478518,irt_only,GHEFT,0,0.0,0,0,1,1.9365,2.3645,4.301,,,,,,,,,,,,,,,,,109.80153178145787,2.7827,32,10,263,159,93,66,5.448608,0,ok,logs/seed_478518.log
368587,irt_only,GHEFT,0,0.0,0,0,1,2.0489,2.077,4.1259,,,,,,,,,,,,,,,,,81.3397240347683,2.2756,29,10,269,127,72,55,3.878138,0,ok,logs/seed_368587.log
494163,irt_only,GHEFT,0,0.0,0,0,1,1.8902,2.4604,4.3506,,,,,,,,,,,,,,,,,108.98020158242443,2.4607,23,9,258,154,90,64,5.242689,0,ok,logs/seed_494163.log
250163,irt_only,GHEFT,0,0.0,0,0,1,1.8794,2.095,3.9744,,,,,,,,,,,,,,,,,96.40752850207214,2.3272,31,10,252,142,89,53,4.360847,0,ok,logs/seed_250163.log
674657,irt_only,GHEFT,0,0.0,0,0,1,2.036,2.3449,4.3809,,,,,,,,,,,,,,,,,118.8234999812428,4.0058,33,10,268,166,87,79,4.386957,0,ok,logs/seed_674657.log
798908,irt_only,GHEFT,0,0.0,0,0,1,1.6729,1.9632,3.6361,,,,,,,,,,,,,,,,,126.53384963750976,3.2818,27,8,267,145,95,50,5.561514,0,ok,logs/seed_798908.log
740163,irt_only,GHEFT,0,0.0,0,0,1,1.8441,1.8198,3.6639,,,,,,,,,,,,,,,,,98.33749199915648,2.5785,36,9,286,126,76,50,4.621234,0,ok,logs/seed_740163.log
926974,irt_only,GHEFT,0,0.0,0,0,1,1.9683,2.0103,3.9786,,,,,,,,,,,,,,,,,104.34048307240735,2.5209,33,10,299,146,86,60,4.848282,0,ok,logs/seed_926974.log
107136,irt_only,GHEFT,0,0.0,0,0,1,2.0602,2.461,4.5212,,,,,,,,,,,,,,,,,131.64433929967856,3.7052,36,11,264,147,93,54,4.19329,0,ok,logs/seed_107136.log
196168,irt_only,GHEFT,0,0.0,0,0,1,1.6402,2.4697,4.1099,,,,,,,,,,,,,,,,,101.71101725658225,2.8617,31,8,263,135,81,54,4.281078,0,ok,logs/seed_196168.log
760873,irt_only,GHEFT,0,0.0,0,0,1,1.8607,2.6453,4.506,,,,,,,,,,,,,,,,,112.81891865785201,2.4306,30,10,283,143,87,56,6.621508,0,ok,logs/seed_760873.log
151030,irt_only,GHEFT,0,0.0,0,0,1,1.8875,2.3709,4.2584,,,,,,,,,,,,,,,,,108.59431340896624,3.3959,26,9,253,139,85,54,4.438671,0,ok,logs/seed_151030.log
645995,irt_only,GHEFT,0,0.0,0,0,1,1.6877,2.0247,3.7124,,,,,,,,,,,,,,,,,131.84194371318756,2.9813,26,10,274,139,84,55,4.512715,0,ok,logs/seed_645995.log
60607,irt_only,GHEFT,0,0.0,0,0,1,2.1212,2.507,4.6282,,,,,,,,,,,,,,,,,100.51474286176982,2.6475,30,10,258,162,97,65,4.66091,0,ok,logs/seed_60607.log
50707,irt_only,GHEFT,0,0.0,0,0,1,2.0863,2.8997,4.986,,,,,,,,,,,,,,,,,103.33881977046484,2.6072,27,10,249,140,77,63,4.371169,0,ok,logs/seed_50707.log
568053,irt_only,GHEFT,0,0.0,0,0,1,1.8776,1.8597,3.7373,,,,,,,,,,,,,,,,,109.44456789961346,2.6921,24,9,236,152,82,70,4.229749,0,ok,logs/seed_568053.log
891927,irt_only,GHEFT,0,0.0,0,0,1,1.7678,2.1523,3.9201,,,,,,,,,,,,,,,,,132.97969620545197,3.1386,26,8,259,151,82,69,3.824323,0,ok,logs/seed_891927.log
141617,irt_only,GHEFT,0,0.0,0,0,1,1.6783,2.0612,3.7395,,,,,,,,,,,,,,,,,90.14275603289148,2.2673,36,11,282,150,81,69,4.573048,0,ok,logs/seed_141617.log
580680,irt_only,GHEFT,0,0.0,0,0,1,1.679,2.6611,4.3401,,,,,,,,,,,,,,,,,103.66733383431902,2.7781,32,8,287,123,76,47,4.813031,0,ok,logs/seed_580680.log
784503,irt_only,GHEFT,0,0.0,0,0,1,1.9315,2.7326,4.6641,,,,,,,,,,,,,,,,,118.27318649666285,3.1952,31,10,277,158,81,77,4.959017,0,ok,logs/seed_784503.log
224085,irt_only,GHEFT,0,0.0,0,0,1,1.9105,2.4167,4.3272,,,,,,,,,,,,,,,,,107.99272941509436,3.9389,32,8,240,113,69,44,3.840404,0,ok,logs/seed_224085.log
328255,irt_only,GHEFT,0,0.0,0,0,1,1.8004,2.4392,4.2396,,,,,,,,,,,,,,,,,121.96676437177283,2.3367,32,9,270,136,91,45,4.368079,0,ok,logs/seed_328255.log
949566,irt_only,GHEFT,0,0.0,0,0,1,2.1708,2.6698,4.8406,,,,,,,,,,,,,,,,,101.0338212161172,3.4652,21,8,223,119,72,47,3.580653,0,ok,logs/seed_949566.log
439895,irt_only,GHEFT,0,0.0,0,0,1,2.1047,2.1447,4.2494,,,,,,,,,,,,,,,,,89.12932341900937,2.0622,27,9,277,133,80,53,4.057476,0,ok,logs/seed_439895.log
504485,irt_only,GHEFT,0,0.0,0,0,1,1.692,1.7564,3.4484,,,,,,,,,,,,,,,,,92.01991439432325,3.1405,28,9,252,151,87,64,4.369853,0,ok,logs/seed_504485.log
761223,irt_only,GHEFT,0,0.0,0,0,1,1.8261,2.4575,4.2836,,,,,,,,,,,,,,,,,108.24614276672744,2.0796,32,10,280,177,101,76,5.17206,0,ok,logs/seed_761223.log
34506,irt_only,GHEFT,0,0.0,0,0,1,1.9072,2.4947,4.4019,,,,,,,,,,,,,,,,,101.82570478498515,2.1316,31,10,299,169,91,78,4.797611,0,ok,logs/seed_34506.log
842256,irt_only,GHEFT,0,0.0,0,0,1,1.9123,2.1637,4.076,,,,,,,,,,,,,,,,,76.15048198705793,1.9338,34,10,253,114,70,44,4.264711,0,ok,logs/seed_842256.log
264456,irt_only,GHEFT,0,0.0,0,0,1,1.9957,2.1663,4.162,,,,,,,,,,,,,,,,,100.25172149277016,2.7247,28,9,264,134,75,59,4.957666,0,ok,logs/seed_264456.log
899949,irt_only,GHEFT,0,0.0,0,0,1,1.9881,2.4843,4.4724,,,,,,,,,,,,,,,,,107.51581520610682,3.2328,29,10,261,140,82,58,4.852762,0,ok,logs/seed_899949.log
333717,irt_only,GHEFT,0,0.0,0,0,1,2.042,2.2619,4.3039,,,,,,,,,,,,,,,,,94.81730329168701,3.1903,31,11,278,168,92,76,4.758652,0,ok,logs/seed_333717.log
332163,irt_only,GHEFT,0,0.0,0,0,1,2.0247,2.158,4.1827,,,,,,,,,,,,,,,,,96.53425167037864,2.0052,23,8,237,124,79,45,4.342451,0,ok,logs/seed_332163.log
509204,irt_only,GHEFT,0,0.0,0,0,1,1.6047,2.01,3.6147,,,,,,,,,,,,,,,,,96.39338035897437,2.502,22,8,248,116,73,43,3.601285,0,ok,logs/seed_509204.log
749756,irt_only,GHEFT,0,0.0,0,0,1,1.8108,2.5197,4.3305,,,,,,,,,,,,,,,,,94.1374410465879,2.5215,27,9,263,126,77,49,4.670663,0,ok,logs/seed_749756.log
139867,irt_only,GHEFT,0,0.0,0,0,1,1.8066,2.3577,4.1643,,,,,,,,,,,,,,,,,99.48495738095238,2.4234,32,11,270,150,85,65,5.305413,0,ok,logs/seed_139867.log
571927,irt_only,GHEFT,0,0.0,0,0,1,1.9233,1.9722,3.8955,,,,,,,,,,,,,,,,,93.10823600322904,2.5245,32,10,269,141,85,56,4.870963,0,ok,logs/seed_571927.log
27872,irt_only,GHEFT,0,0.0,0,0,1,1.9324,2.9421,4.8745,,,,,,,,,,,,,,,,,99.20134893236077,2.9843,26,9,265,147,81,66,4.481972,0,ok,logs/seed_27872.log
570279,irt_only,GHEFT,0,0.0,0,0,1,2.0509,2.2213,4.2722,,,,,,,,,,,,,,,,,106.50247560237732,2.8714,32,10,258,138,82,56,4.899835,0,ok,logs/seed_570279.log
245986,irt_only,GHEFT,0,0.0,0,0,1,1.8209,2.0961,3.917,,,,,,,,,,,,,,,,,102.66947488318287,2.4506,30,10,259,153,89,64,5.382057,0,ok,logs/seed_245986.log
444289,irt_only,GHEFT,0,0.0,0,0,1,1.8041,2.3783,4.1824,,,,,,,,,,,,,,,,,93.00628825490196,2.1943,36,11,305,179,92,87,5.819932,0,ok,logs/seed_444289.log
470037,irt_only,GHEFT,0,0.0,0,0,1,1.6467,1.9791,3.6258,,,,,,,,,,,,,,,,,103.20502778535742,2.2693,33,10,256,123,77,46,4.384131,0,ok,logs/seed_470037.log
139891,irt_only,GHEFT,0,0.0,0,0,1,2.1357,2.6748,4.8105,,,,,,,,,,,,,,,,,116.68221507752544,3.1524,35,10,262,157,84,73,5.414639,0,ok,logs/seed_139891.log
42632,irt_only,GHEFT,0,0.0,0,0,1,1.8956,2.3467,4.2423,,,,,,,,,,,,,,,,,87.28487244287915,2.178,31,10,285,139,78,61,5.878553,0,ok,logs/seed_42632.log
895786,irt_only,GHEFT,0,0.0,0,0,1,2.091,1.9905,4.0815,,,,,,,,,,,,,,,,,88.2925565881383,2.674,29,9,250,147,93,54,5.035441,0,ok,logs/seed_895786.log
970436,irt_only,GHEFT,0,0.0,0,0,1,1.8994,2.0474,3.9468,,,,,,,,,,,,,,,,,93.02955608898462,2.3715,30,11,259,151,89,62,5.016072,0,ok,logs/seed_970436.log
379750,irt_only,GHEFT,0,0.0,0,0,1,2.0942,2.4395,4.5337,,,,,,,,,,,,,,,,,108.99813898058251,3.2092,28,9,277,130,82,48,4.420896,0,ok,logs/seed_379750.log
653227,irt_only,GHEFT,0,0.0,0,0,1,1.8431,2.1375,3.9806,,,,,,,,,,,,,,,,,83.71082566343537,2.1583,28,10,264,112,67,45,5.290428,0,ok,logs/seed_653227.log
799540,irt_only,GHEFT,0,0.0,0,0,1,1.9989,2.0154,4.0143,,,,,,,,,,,,,,,,,93.15498752783836,2.1942,32,10,288,166,92,74,4.608863,0,ok,logs/seed_799540.log
514750,irt_only,GHEFT,0,0.0,0,0,1,1.9206,2.7446,4.6652,,,,,,,,,,,,,,,,,95.64891117548774,2.3082,33,9,301,154,90,64,5.155884,0,ok,logs/seed_514750.log
206242,irt_only,GHEFT,0,0.0,0,0,1,1.8222,2.4291,4.2513,,,,,,,,,,,,,,,,,105.56178849348524,2.5671,27,8,260,130,79,51,5.621492,0,ok,logs/seed_206242.log
622844,irt_only,GHEFT,0,0.0,0,0,1,1.8678,2.1962,4.064,,,,,,,,,,,,,,,,,102.0460802827267,2.5045,28,10,242,144,94,50,4.424384,0,ok,logs/seed_622844.log
366108,irt_only,GHEFT,0,0.0,0,0,1,1.7511,1.9582,3.7093,,,,,,,,,,,,,,,,,96.17571812658228,2.4198,33,10,272,143,88,55,5.55835,0,ok,logs/seed_366108.log
968837,irt_only,GHEFT,0,0.0,0,0,1,1.7426,2.2535,3.9961,,,,,,,,,,,,,,,,,118.23800376091124,2.7232,34,10,287,154,94,60,5.877678,0,ok,logs/seed_968837.log
981812,irt_only,GHEFT,0,0.0,0,0,1,2.0519,1.97,4.0219,,,,,,,,,,,,,,,,,99.83195234474019,2.5476,26,10,231,128,80,48,3.225514,0,ok,logs/seed_981812.log
569345,irt_only,GHEFT,0,0.0,0,0,1,1.7102,1.924,3.6342,,,,,,,,,,,,,,,,,88.17496346911956,2.4171,28,10,275,136,81,55,5.799151,0,ok,logs/seed_569345.log
861379,irt_only,GHEFT,0,0.0,0,0,1,2.082,2.4785,4.5605,,,,,,,,,,,,,,,,,109.95154373445807,2.5007,27,9,280,163,91,72,5.281245,0,ok,logs/seed_861379.log
339822,irt_only,GHEFT,0,0.0,0,0,1,1.9166,2.2593,4.1759,,,,,,,,,,,,,,,,,91.65918341321046,2.3719,28,9,257,130,79,51,5.388673,0,ok,logs/seed_339822.log
123042,irt_only,GHEFT,0,0.0,0,0,1,1.9127,2.6407,4.5534,,,,,,,,,,,,,,,,,99.5133820542741,2.7015,35,11,305,167,86,81,5.443863,0,ok,logs/seed_123042.log
596168,irt_only,GHEFT,0,0.0,0,0,1,2.2119,2.868,5.0799,,,,,,,,,,,,,,,,,101.7242756268657,2.7807,27,8,263,139,78,61,4.280718,0,ok,logs/seed_596168.log
486023,irt_only,GHEFT,0,0.0,0,0,1,1.9472,2.4799,4.4271,,,,,,,,,,,,,,,,,94.51877315689383,2.6611,30,10,269,140,84,56,5.017326,0,ok,logs/seed_486023.log
192534,irt_only,GHEFT,0,0.0,0,0,1,2.1079,2.036,4.1439,,,,,,,,,,,,,,,,,89.92535989104935,3.3446,33,10,264,149,81,68,4.260257,0,ok,logs/seed_192534.log
658744,irt_only,GHEFT,0,0.0,0,0,1,1.9593,2.0473,4.0066,,,,,,,,,,,,,,,,,89.49549999999999,2.7284,36,11,292,149,75,74,4.35922,0,ok,logs/seed_658744.log
643336,irt_only,GHEFT,0,0.0,0,0,1,1.8577,2.6063,4.464,,,,,,,,,,,,,,,,,133.08925265646207,3.6248,26,9,266,117,72,45,4.370026,0,ok,logs/seed_643336.log
320706,irt_only,GHEFT,0,0.0,0,0,1,1.7608,2.3817,4.1425,,,,,,,,,,,,,,,,,135.9406297277037,3.4457,29,10,261,128,80,48,4.728783,0,ok,logs/seed_320706.log
314687,irt_only,GHEFT,0,0.0,0,0,1,2.0546,3.0553,5.1099,,,,,,,,,,,,,,,,,107.8713794489948,2.7264,32,9,277,145,74,71,4.065406,0,ok,logs/seed_314687.log
713744,irt_only,GHEFT,0,0.0,0,0,1,1.9462,2.4556,4.4018,,,,,,,,,,,,,,,,,122.54999278135045,2.6693,32,11,268,155,89,66,4.821537,0,ok,logs/seed_713744.log
753976,irt_only,GHEFT,0,0.0,0,0,1,1.8027,2.1261,3.9288,,,,,,,,,,,,,,,,,96.06129640604769,2.1709,28,8,272,143,85,58,3.749444,0,ok,logs/seed_753976.log
497232,irt_only,GHEFT,0,0.0,0,0,1,1.6691,1.8355,3.5046,,,,,,,,,,,,,,,,,101.1399380362704,2.3583,29,10,265,144,90,54,4.385144,0,ok,logs/seed_497232.log
49920,irt_only,GHEFT,0,0.0,0,0,1,2.0993,2.0414,4.1407,,,,,,,,,,,,,,,,,101.88364189727781,3.0608,36,10,287,137,87,50,5.148481,0,ok,logs/seed_49920.log
356886,irt_only,GHEFT,0,0.0,0,0,1,1.9017,2.219,4.1207,,,,,,,,,,,,,,,,,105.53908810327181,2.124,30,10,229,127,82,45,4.832164,0,ok,logs/seed_356886.log
312086,irt_only,GHEFT,0,0.0,0,0,1,2.1236,2.676,4.7996,,,,,,,,,,,,,,,,,102.05517170327553,2.3789,30,9,255,148,85,63,5.037586,0,ok,logs/seed_312086.log
476905,irt_only,GHEFT,0,0.0,0,0,1,1.7293,1.9228,3.6521,,,,,,,,,,,,,,,,,94.32129801397348,2.0057,27,10,255,158,101,57,5.030146,0,ok,logs/seed_476905.log
719484,irt_only,GHEFT,0,0.0,0,0,1,1.9597,2.1433,4.103,,,,,,,,,,,,,,,,,99.62175622831127,2.5928,29,9,270,136,71,65,5.234155,0,ok,logs/seed_719484.log
249083,irt_only,GHEFT,0,0.0,0,0,1,1.8159,2.8517,4.6676,,,,,,,,,,,,,,,,,111.09928665471227,2.2754,31,10,250,130,73,57,5.551927,0,ok,logs/seed_249083.log
937244,irt_only,GHEFT,0,0.0,0,0,1,1.8192,2.1679,3.9871,,,,,,,,,,,,,,,,,108.01785318354148,2.6909,34,10,246,123,75,48,4.598314,0,ok,logs/seed_937244.log
384033,irt_only,GHEFT,0,0.0,0,0,1,1.985,2.4739,4.4589,,,,,,,,,,,,,,,,,117.94489791525423,3.8659,25,9,221,118,77,41,3.718521,0,ok,logs/seed_384033.log
961144,irt_only,GHEFT,0,0.0,0,0,1,1.8792,1.918,3.7972,,,,,,,,,,,,,,,,,88.98927609535403,2.1008,35,10,303,154,95,59,5.774662,0,ok,logs/seed_961144.log
210154,irt_only,GHEFT,0,0.0,0,0,1,2.0274,2.2532,4.2806,,,,,,,,,,,,,,,,,128.11888273908562,2.8809,30,9,283,176,102,74,4.832595,0,ok,logs/seed_210154.log
851207,irt_only,GHEFT,0,0.0,0,0,1,2.0291,2.6203,4.6494,,,,,,,,,,,,,,,,,106.12284452554746,2.853,29,9,254,145,79,66,5.061447,0,ok,logs/seed_851207.log
212767,irt_only,GHEFT,0,0.0,0,0,1,2.0809,2.9215,5.0024,,,,,,,,,,,,,,,,,112.94305563483627,2.6908,38,11,316,181,95,86,6.380363,0,ok,logs/seed_212767.log
678022,irt_only,GHEFT,0,0.0,0,0,1,1.9918,2.1922,4.184,,,,,,,,,,,,,,,,,97.50793854713942,2.4251,35,10,289,152,82,70,5.066211,0,ok,logs/seed_678022.log
455592,irt_only,GHEFT,0,0.0,0,0,1,1.678,1.9242,3.6022,,,,,,,,,,,,,,,,,105.45331215226942,3.4597,32,10,295,168,93,75,4.254863,0,ok,logs/seed_455592.log
722649,irt_only,GHEFT,0,0.0,0,0,1,1.8964,2.4727,4.3691,,,,,,,,,,,,,,,,,105.86597493096569,1.8554,31,9,285,134,80,54,5.157384,0,ok,logs/seed_722649.log
903504,irt_only,GHEFT,0,0.0,0,0,1,1.8302,2.1583,3.9885,,,,,,,,,,,,,,,,,110.92773362193363,2.2436,26,9,271,155,86,69,4.059415,0,ok,logs/seed_903504.log
505056,irt_only,GHEFT,0,0.0,0,0,1,1.797,1.973,3.77,,,,,,,,,,,,,,,,,98.88564615991694,2.4056,36,10,306,151,81,70,6.941555,0,ok,logs/seed_505056.log
688540,irt_only,GHEFT,0,0.0,0,0,1,1.9528,1.9648,3.9176,,,,,,,,,,,,,,,,,109.72599263646805,3.1645,30,10,262,142,89,53,4.777744,0,ok,logs/seed_688540.log
946226,irt_only,GHEFT,0,0.0,0,0,1,1.9005,1.8975,3.798,,,,,,,,,,,,,,,,,95.56711397849314,2.7704,31,11,252,146,91,55,4.496655,0,ok,logs/seed_946226.log
661374,irt_only,GHEFT,0,0.0,0,0,1,2.1367,2.098,4.2347,,,,,,,,,,,,,,,,,81.13209303139014,1.9967,28,9,260,123,75,48,4.781833,0,ok,logs/seed_661374.log
242135,irt_only,GHEFT,0,0.0,0,0,1,2.0932,2.5142,4.6074,,,,,,,,,,,,,,,,,131.0222260293756,3.4525,29,11,263,171,96,75,4.870925,0,ok,logs/seed_242135.log
688344,irt_only,GHEFT,0,0.0,0,0,1,1.9337,2.3612,4.2949,,,,,,,,,,,,,,,,,105.43430678542752,2.6869,26,9,263,136,77,59,4.47556,0,ok,logs/seed_688344.log
676678,irt_only,GHEFT,0,0.0,0,0,1,1.9035,2.4881,4.3916,,,,,,,,,,,,,,,,,101.37303357142859,2.3868,37,11,302,166,88,78,5.782616,0,ok,logs/seed_676678.log
792505,irt_only,GHEFT,0,0.0,0,0,1,2.0695,2.0922,4.1617,,,,,,,,,,,,,,,,,103.35955900464036,3.1802,33,11,262,133,75,58,4.174762,0,ok,logs/seed_792505.log
119891,irt_only,GHEFT,0,0.0,0,0,1,2.0473,2.1729,4.2202,,,,,,,,,,,,,,,,,114.24181270151126,3.1547,32,10,263,140,85,55,5.55923,0,ok,logs/seed_119891.log
929476,irt_only,GHEFT,0,0.0,0,0,1,2.1039,2.7525,4.8564,,,,,,,,,,,,,,,,,100.84168116105957,3.3452,29,10,296,171,92,79,5.861461,0,ok,logs/seed_929476.log
547221,irt_only,GHEFT,0,0.0,0,0,1,1.9822,2.6299,4.6121,,,,,,,,,,,,,,,,,111.91356816996361,2.8079,29,10,267,151,92,59,4.456466,0,ok,logs/seed_547221.log
706430,irt_only,GHEFT,0,0.0,0,0,1,1.8892,2.3737,4.2629,,,,,,,,,,,,,,,,,100.16638044552383,2.5802,26,8,244,116,73,43,4.342132,0,ok,logs/seed_706430.log
637356,irt_only,GHEFT,0,0.0,0,0,1,1.5998,1.8129,3.4127,,,,,,,,,,,,,,,,,131.18972668310045,2.8266,29,10,250,139,91,48,4.420201,0,ok,logs/seed_637356.log
120701,irt_only,GHEFT,0,0.0,0,0,1,1.9144,2.6275,4.5419,,,,,,,,,,,,,,,,,106.93366050885874,2.6943,28,9,275,133,84,49,4.824917,0,ok,logs/seed_120701.log
758600,irt_only,GHEFT,0,0.0,0,0,1,2.1749,2.5745,4.7494,,,,,,,,,,,,,,,,,95.83430934483344,2.8312,27,10,249,163,86,77,4.023356,0,ok,logs/seed_758600.log
201383,irt_only,GHEFT,0,0.0,0,0,1,1.6807,2.2282,3.9089,,,,,,,,,,,,,,,,,103.71323301593496,2.6083,32,10,285,132,84,48,5.498158,0,ok,logs/seed_201383.log
18464,irt_only,GHEFT,0,0.0,0,0,1,2.2834,2.9854,5.2688,,,,,,,,,,,,,,,,,97.26120383579597,2.7697,31,9,262,132,80,52,4.14801,0,ok,logs/seed_18464.log
291280,irt_only,GHEFT,0,0.0,0,0,1,1.5853,1.8729,3.4582,,,,,,,,,,,,,,,,,102.6965496190476,2.055,30,9,274,133,81,52,4.296415,0,ok,logs/seed_291280.log
869924,irt_only,GHEFT,0,0.0,0,0,1,1.9166,1.9536,3.8702,,,,,,,,,,,,,,,,,104.10708342858483,2.295,34,9,270,145,84,61,3.646126,0,ok,logs/seed_869924.log
159410,irt_only,GHEFT,0,0.0,0,0,1,2.1336,2.1234,4.257,,,,,,,,,,,,,,,,,83.59765608011446,2.7398,35,11,279,145,84,61,4.444784,0,ok,logs/seed_159410.log
742494,irt_only,GHEFT,0,0.0,0,0,1,2.1553,2.3052,4.4605,,,,,,,,,,,,,,,,,105.60148698776135,2.3646,37,10,301,146,89,57,5.37002,0,ok,logs/seed_742494.log
597622,irt_only,GHEFT,0,0.0,0,0,1,1.9397,2.3444,4.2841,,,,,,,,,,,,,,,,,99.66998500290275,2.3293,33,11,300,172,93,79,4.4975,0,ok,logs/seed_597622.log
678698,irt_only,GHEFT,0,0.0,0,0,1,2.1357,2.976,5.1117,,,,,,,,,,,,,,,,,160.0369683267327,4.0225,28,10,244,164,95,69,5.00366,0,ok,logs/seed_678698.log
456139,irt_only,GHEFT,0,0.0,0,0,1,2.0402,2.2705,4.3107,,,,,,,,,,,,,,,,,108.16066061066854,3.1066,30,9,256,122,77,45,4.095838,0,ok,logs/seed_456139.log
992767,irt_only,GHEFT,0,0.0,0,0,1,1.7692,2.3085,4.0777,,,,,,,,,,,,,,,,,96.09647982541061,2.3508,34,10,277,165,101,64,4.714824,0,ok,logs/seed_992767.log
944808,irt_only,GHEFT,0,0.0,0,0,1,1.836,2.4649,4.3009,,,,,,,,,,,,,,,,,114.50303376310173,2.7051,26,8,266,150,93,57,4.631165,0,ok,logs/seed_944808.log
815988,irt_only,GHEFT,0,0.0,0,0,1,2.0332,2.3096,4.3428,,,,,,,,,,,,,,,,,92.38412900192768,2.4331,26,8,257,114,63,51,3.20605,0,ok,logs/seed_815988.log
957888,irt_only,GHEFT,0,0.0,0,0,1,1.9924,1.9202,3.9126,,,,,,,,,,,,,,,,,79.85508289715233,2.504,27,10,260,164,88,76,3.904182,0,ok,logs/seed_957888.log
894642,irt_only,GHEFT,0,0.0,0,0,1,1.7521,2.5012,4.2533,,,,,,,,,,,,,,,,,114.70365822891166,2.838,33,11,269,164,86,78,5.25453,0,ok,logs/seed_894642.log
19043,irt_only,GHEFT,0,0.0,0,0,1,1.7676,2.4586,4.2262,,,,,,,,,,,,,,,,,127.48668181180814,2.5748,28,10,249,170,89,81,4.571479,0,ok,logs/seed_19043.log
333312,irt_only,GHEFT,0,0.0,0,0,1,1.7666,2.0155,3.7821,,,,,,,,,,,,,,,,,96.03901636017082,2.109,28,8,256,146,90,56,4.864999,0,ok,logs/seed_333312.log
652708,irt_only,GHEFT,0,0.0,0,0,1,2.0776,3.0139,5.0915,,,,,,,,,,,,,,,,,96.50357055650161,2.3077,30,10,273,165,82,83,5.000833,0,ok,logs/seed_652708.log
484858,irt_only,GHEFT,0,0.0,0,0,1,1.6798,1.8721,3.5519,,,,,,,,,,,,,,,,,118.46555798712697,2.2732,30,10,286,166,105,61,4.6778,0,ok,logs/seed_484858.log
260711,irt_only,GHEFT,0,0.0,0,0,1,1.8938,2.3291,4.2229,,,,,,,,,,,,,,,,,109.42602475102599,2.8761,29,9,287,151,81,70,5.595461,0,ok,logs/seed_260711.log
260575,irt_only,GHEFT,0,0.0,0,0,1,1.8177,2.3985,4.2162,,,,,,,,,,,,,,,,,101.34856700942588,2.6824,31,9,280,141,84,57,4.700579,0,ok,logs/seed_260575.log
814681,irt_only,GHEFT,0,0.0,0,0,1,1.9972,2.8844,4.8816,,,,,,,,,,,,,,,,,114.6422696548566,3.5599,30,9,265,149,86,63,3.857245,0,ok,logs/seed_814681.log
593980,irt_only,GHEFT,0,0.0,0,0,1,1.7891,1.8693,3.6584,,,,,,,,,,,,,,,,,93.10336902601989,1.9311,34,10,275,165,99,66,6.00503,0,ok,logs/seed_593980.log
784003,irt_only,GHEFT,0,0.0,0,0,1,1.9787,2.0672,4.0459,,,,,,,,,,,,,,,,,85.39804615586691,2.2876,36,11,276,148,74,74,6.319137,0,ok,logs/seed_784003.log
782732,irt_only,GHEFT,0,0.0,0,0,1,1.7684,1.8768,3.6452,,,,,,,,,,,,,,,,,95.5836860891622,2.6438,33,12,260,157,83,74,4.662638,0,ok,logs/seed_782732.log
498415,irt_only,GHEFT,0,0.0,0,0,1,2.0729,2.6026,4.6755,,,,,,,,,,,,,,,,,108.68115480216805,3.1843,26,9,229,139,83,56,4.779952,0,ok,logs/seed_498415.log
433902,irt_only,GHEFT,0,0.0,0,0,1,2.0617,2.5609,4.6226,,,,,,,,,,,,,,,,,114.94042276667284,3.0454,26,8,244,126,78,48,4.651452,0,ok,logs/seed_433902.log
673000,irt_only,GHEFT,0,0.0,0,0,1,1.6573,2.092,3.7493,,,,,,,,,,,,,,,,,107.14967746046375,2.329,30,10,267,161,91,70,5.59289,0,ok,logs/seed_673000.log
797543,irt_only,GHEFT,0,0.0,0,0,1,1.9472,2.4279,4.3751,,,,,,,,,,,,,,,,,117.68297083625733,3.2926,27,10,265,154,92,62,3.875988,0,ok,logs/seed_797543.log
466915,irt_only,GHEFT,0,0.0,0,0,1,1.905,2.261,4.166,,,,,,,,,,,,,,,,,93.77117135573125,2.4027,27,8,254,134,76,58,3.643462,0,ok,logs/seed_466915.log
252114,irt_only,GHEFT,0,0.0,0,0,1,2.0646,2.2697,4.3343,,,,,,,,,,,,,,,,,90.90483596226416,2.4152,31,10,286,140,88,52,4.110912,0,ok,logs/seed_252114.log
898797,irt_only,GHEFT,0,0.0,0,0,1,1.874,2.3101,4.1841,,,,,,,,,,,,,,,,,115.9774857849298,3.0103,37,10,279,162,91,71,4.926477,0,ok,logs/seed_898797.log
160378,irt_only,GHEFT,0,0.0,0,0,1,1.6891,2.1843,3.8734,,,,,,,,,,,,,,,,,85.32951964983063,2.1479,23,8,258,126,75,51,3.922954,0,ok,logs/seed_160378.log
627275,irt_only,GHEFT,0,0.0,0,0,1,1.8038,2.1837,3.9875,,,,,,,,,,,,,,,,,103.89383553536754,2.3752,28,9,271,154,90,64,4.004259,0,ok,logs/seed_627275.log
338928,irt_only,GHEFT,0,0.0,0,0,1,1.684,1.8961,3.5801,,,,,,,,,,,,,,,,,97.9008772423181,1.8786,27,8,260,121,75,46,4.84054,0,ok,logs/seed_338928.log
509757,irt_only,GHEFT,0,0.0,0,0,1,1.9404,2.247,4.1874,,,,,,,,,,,,,,,,,104.19054191031388,2.5741,32,9,269,146,95,51,4.511167,0,ok,logs/seed_509757.log
919077,irt_only,GHEFT,0,0.0,0,0,1,1.6878,1.6521,3.3399,,,,,,,,,,,,,,,,,98.55742717582417,1.4677,28,9,273,150,82,68,3.849557,0,ok,logs/seed_919077.log
347640,irt_only,GHEFT,0,0.0,0,0,1,1.9446,2.2726,4.2172,,,,,,,,,,,,,,,,,95.23426875420918,2.3589,27,11,246,162,93,69,3.472615,0,ok,logs/seed_347640.log
322288,irt_only,GHEFT,0,0.0,0,0,1,1.684,2.2869,3.9709,,,,,,,,,,,,,,,,,109.86092222392719,2.8787,34,10,278,163,85,78,4.994814,0,ok,logs/seed_322288.log
727120,irt_only,GHEFT,0,0.0,0,0,1,1.9153,2.9147,4.83,,,,,,,,,,,,,,,,,115.7006137602017,3.2577,30,10,261,159,82,77,4.660878,0,ok,logs/seed_727120.log
427897,irt_only,GHEFT,0,0.0,0,0,1,2.012,2.4793,4.4913,,,,,,,,,,,,,,,,,97.92350540299556,2.9265,39,11,302,167,97,70,5.811944,0,ok,logs/seed_427897.log
734330,irt_only,GHEFT,0,0.0,0,0,1,1.819,1.9163,3.7353,,,,,,,,,,,,,,,,,102.23145761871011,2.4546,33,10,296,162,103,59,4.045997,0,ok,logs/seed_734330.log
858654,irt_only,GHEFT,0,0.0,0,0,1,1.6676,1.946,3.6136,,,,,,,,,,,,,,,,,102.8049301567124,2.9533,31,11,284,169,97,72,5.536186,0,ok,logs/seed_858654.log
958351,irt_only,GHEFT,0,0.0,0,0,1,1.8334,2.8991,4.7325,,,,,,,,,,,,,,,,,97.54303804473302,3.1637,37,12,279,144,83,61,5.805817,0,ok,logs/seed_958351.log
40504,irt_only,GHEFT,0,0.0,0,0,1,1.9536,2.6479,4.6015,,,,,,,,,,,,,,,,,127.0760801208791,3.4952,30,10,270,156,94,62,4.792597,0,ok,logs/seed_40504.log
330355,irt_only,GHEFT,0,0.0,0,0,1,2.05,2.2262,4.2762,,,,,,,,,,,,,,,,,110.63985980405867,3.0413,24,10,226,112,74,38,4.007112,0,ok,logs/seed_330355.log
497350,irt_only,GHEFT,0,0.0,0,0,1,1.8555,2.4925,4.348,,,,,,,,,,,,,,,,,99.35046794011662,2.635,27,9,239,148,88,60,4.22047,0,ok,logs/seed_497350.log
884312,irt_only,GHEFT,0,0.0,0,0,1,2.0604,2.2274,4.2878,,,,,,,,,,,,,,,,,121.04491715095679,3.413,22,10,226,131,82,49,3.669243,0,ok,logs/seed_884312.log
157239,irt_only,GHEFT,0,0.0,0,0,1,1.786,1.9016,3.6876,,,,,,,,,,,,,,,,,98.70732148714957,2.5268,33,11,304,164,97,67,5.561334,0,ok,logs/seed_157239.log
800522,irt_only,GHEFT,0,0.0,0,0,1,1.9083,1.9162,3.8245,,,,,,,,,,,,,,,,,106.00403110521142,2.4303,34,9,275,166,101,65,5.157735,0,ok,logs/seed_800522.log
659473,irt_only,GHEFT,0,0.0,0,0,1,2.1014,2.2223,4.3237,,,,,,,,,,,,,,,,,110.57190458341427,1.9421,29,8,254,138,79,59,4.874373,0,ok,logs/seed_659473.log
246166,irt_only,GHEFT,0,0.0,0,0,1,2.0428,2.1944,4.2372,,,,,,,,,,,,,,,,,106.81829386212486,3.0414,24,9,233,142,79,63,4.156092,0,ok,logs/seed_246166.log
91598,irt_only,GHEFT,0,0.0,0,0,1,1.9712,2.3363,4.3075,,,,,,,,,,,,,,,,,103.32092690613935,2.8577,35,9,271,143,89,54,4.919954,0,ok,logs/seed_91598.log
197720,irt_only,GHEFT,0,0.0,0,0,1,2.0844,2.691,4.7754,,,,,,,,,,,,,,,,,112.32657013220621,2.6589,29,9,283,142,84,58,4.991299,0,ok,logs/seed_197720.log
209503,irt_only,GHEFT,0,0.0,0,0,1,1.9502,2.2844,4.2346,,,,,,,,,,,,,,,,,94.93764706632214,2.1057,31,8,282,152,81,71,4.805631,0,ok,logs/seed_209503.log
722755,irt_only,GHEFT,0,0.0,0,0,1,2.1359,2.458,4.5939,,,,,,,,,,,,,,,,,112.14002179536358,3.3068,29,10,253,143,85,58,4.386124,0,ok,logs/seed_722755.log
161572,irt_only,GHEFT,0,0.0,0,0,1,1.8625,2.2476,4.1101,,,,,,,,,,,,,,,,,105.45595456920806,2.8329,28,8,257,137,80,57,3.588417,0,ok,logs/seed_161572.log
134796,irt_only,GHEFT,0,0.0,0,0,1,1.9572,2.4723,4.4295,,,,,,,,,,,,,,,,,87.266057731053,2.6417,25,9,233,104,68,36,3.272142,0,ok,logs/seed_134796.log
183408,irt_only,GHEFT,0,0.0,0,0,1,1.6257,1.9864,3.6121,,,,,,,,,,,,,,,,,113.08204383085746,3.0162,28,9,266,137,83,54,5.274637,0,ok,logs/seed_183408.log
591958,irt_only,GHEFT,0,0.0,0,0,1,1.906,2.2987,4.2047,,,,,,,,,,,,,,,,,92.51314033161393,3.1892,32,10,282,139,81,58,5.256284,0,ok,logs/seed_591958.log
767374,irt_only,GHEFT,0,0.0,0,0,1,2.0022,2.6662,4.6684,,,,,,,,,,,,,,,,,101.71357497254733,2.9852,32,11,261,133,77,56,4.466955,0,ok,logs/seed_767374.log
718905,irt_only,GHEFT,0,0.0,0,0,1,2.0983,2.4323,4.5306,,,,,,,,,,,,,,,,,104.32886972299016,2.5005,33,12,269,155,86,69,4.617788,0,ok,logs/seed_718905.log
459821,irt_only,GHEFT,0,0.0,0,0,1,1.8133,2.0257,3.839,,,,,,,,,,,,,,,,,101.89562788104088,2.6238,28,9,270,142,80,62,5.228262,0,ok,logs/seed_459821.log
520213,irt_only,GHEFT,0,0.0,0,0,1,2.0858,2.5018,4.5876,,,,,,,,,,,,,,,,,85.05647966956005,2.1894,23,8,249,103,70,33,4.379235,0,ok,logs/seed_520213.log
779780,irt_only,GHEFT,0,0.0,0,0,1,1.7758,1.8134,3.5892,,,,,,,,,,,,,,,,,123.46980221261511,2.7292,29,9,261,137,80,57,4.582868,0,ok,logs/seed_779780.log
213946,irt_only,GHEFT,0,0.0,0,0,1,1.8543,1.9194,3.7737,,,,,,,,,,,,,,,,,115.54212936202607,3.1098,34,10,253,131,78,53,5.440825,0,ok,logs/seed_213946.log
169838,irt_only,GHEFT,0,0.0,0,0,1,2.1696,2.5923,4.7619,,,,,,,,,,,,,,,,,95.3217142919334,2.5807,32,10,267,162,92,70,4.598272,0,ok,logs/seed_169838.log
877886,irt_only,GHEFT,0,0.0,0,0,1,1.9557,2.2292,4.1849,,,,,,,,,,,,,,,,,103.72251694660893,2.066,28,9,260,127,79,48,5.424807,0,ok,logs/seed_877886.log
851849,irt_only,GHEFT,0,0.0,0,0,1,2.0067,2.5306,4.5373,,,,,,,,,,,,,,,,,90.72834915397762,2.9583,24,9,249,148,83,65,4.436936,0,ok,logs/seed_851849.log
979912,irt_only,GHEFT,0,0.0,0,0,1,1.9852,2.7224,4.7076,,,,,,,,,,,,,,,,,115.4573312804774,3.3011,32,10,278,155,84,71,4.967946,0,ok,logs/seed_979912.log
694168,irt_only,GHEFT,0,0.0,0,0,1,1.8307,1.7722,3.6029,,,,,,,,,,,,,,,,,95.9136712998713,2.4611,35,10,291,146,89,57,4.918672,0,ok,logs/seed_694168.log
866262,irt_only,GHEFT,0,0.0,0,0,1,1.7907,2.0165,3.8072,,,,,,,,,,,,,,,,,84.66209834151677,2.7123,30,9,244,131,79,52,3.570807,0,ok,logs/seed_866262.log
208768,irt_only,GHEFT,0,0.0,0,0,1,1.7216,2.1604,3.882,,,,,,,,,,,,,,,,,103.0696542396694,2.1195,35,11,295,137,77,60,5.384786,0,ok,logs/seed_208768.log
23792,irt_only,GHEFT,0,0.0,0,0,1,1.8486,1.9864,3.835,,,,,,,,,,,,,,,,,107.26012958459422,2.8466,31,8,287,131,76,55,5.029121,0,ok,logs/seed_23792.log
517603,irt_only,GHEFT,0,0.0,0,0,1,1.6879,1.7553,3.4432,,,,,,,,,,,,,,,,,97.09897719473551,1.9392,32,10,263,137,76,61,4.97626,0,ok,logs/seed_517603.log
438614,irt_only,GHEFT,0,0.0,0,0,1,1.9951,2.579,4.5741,,,,,,,,,,,,,,,,,109.26506683161158,2.6872,26,8,261,152,87,65,4.901713,0,ok,logs/seed_438614.log
358432,irt_only,GHEFT,0,0.0,0,0,1,1.6428,1.9674,3.6102,,,,,,,,,,,,,,,,,90.32024441435564,2.8983,25,8,250,132,75,57,3.978358,0,ok,logs/seed_358432.log
726885,irt_only,GHEFT,0,0.0,0,0,1,1.9235,2.4433,4.3668,,,,,,,,,,,,,,,,,109.21214180059569,2.6285,28,9,269,144,85,59,4.121955,0,ok,logs/seed_726885.log
985503,irt_only,GHEFT,0,0.0,0,0,1,1.8123,2.0412,3.8535,,,,,,,,,,,,,,,,,119.32845572146401,3.0012,29,10,262,130,77,53,4.926966,0,ok,logs/seed_985503.log
100872,irt_only,GHEFT,0,0.0,0,0,1,1.9408,1.9758,3.9166,,,,,,,,,,,,,,,,,86.79774444384411,2.445,32,11,280,136,81,55,5.249733,0,ok,logs/seed_100872.log
571275,irt_only,GHEFT,0,0.0,0,0,1,1.9341,2.5852,4.5193,,,,,,,,,,,,,,,,,107.5342623740967,2.9908,29,10,250,161,93,68,4.660173,0,ok,logs/seed_571275.log
304516,irt_only,GHEFT,0,0.0,0,0,1,1.8675,1.9142,3.7817,,,,,,,,,,,,,,,,,83.92773593070041,2.155,29,9,259,129,82,47,4.164966,0,ok,logs/seed_304516.log
986627,irt_only,GHEFT,0,0.0,0,0,1,2.1107,2.1068,4.2175,,,,,,,,,,,,,,,,,99.36675887067496,2.5528,25,8,270,141,85,56,4.236654,0,ok,logs/seed_986627.log
770441,irt_only,GHEFT,0,0.0,0,0,1,1.8055,2.3022,4.1077,,,,,,,,,,,,,,,,,94.9478245314778,2.1516,31,11,294,170,97,73,5.079148,0,ok,logs/seed_770441.log
153406,irt_only,GHEFT,0,0.0,0,0,1,1.9074,2.43,4.3374,,,,,,,,,,,,,,,,,101.10322751282051,2.845,33,8,275,131,77,54,4.729099,0,ok,logs/seed_153406.log
912001,irt_only,GHEFT,0,0.0,0,0,1,1.7335,2.0679,3.8014,,,,,,,,,,,,,,,,,122.08599497250857,2.8496,26,9,239,145,99,46,4.274143,0,ok,logs/seed_912001.log
888595,irt_only,GHEFT,0,0.0,0,0,1,1.8644,2.0496,3.914,,,,,,,,,,,,,,,,,99.88434938709678,2.8942,24,8,272,132,80,52,4.196215,0,ok,logs/seed_888595.log
446012,irt_only,GHEFT,0,0.0,0,0,1,1.999,2.4955,4.4945,,,,,,,,,,,,,,,,,91.1997624560901,2.6173,29,9,245,130,77,53,3.641149,0,ok,logs/seed_446012.log
93464,irt_only,GHEFT,0,0.0,0,0,1,1.9051,2.1295,4.0346,,,,,,,,,,,,,,,,,112.71364385032813,3.4883,25,10,248,139,81,58,4.502409,0,ok,logs/seed_93464.log
936641,irt_only,GHEFT,0,0.0,0,0,1,2.0233,2.5426,4.5659,,,,,,,,,,,,,,,,,104.4505935064935,2.6236,31,9,287,145,73,72,5.508092,0,ok,logs/seed_936641.log
739948,irt_only,GHEFT,0,0.0,0,0,1,1.6205,1.7244,3.3449,,,,,,,,,,,,,,,,,86.74287226449559,2.5873,31,9,274,138,79,59,5.046581,0,ok,logs/seed_739948.log
62927,irt_only,GHEFT,0,0.0,0,0,1,2.1173,2.2138,4.3311,,,,,,,,,,,,,,,,,82.61281791907513,2.2196,26,9,250,146,75,71,4.858342,0,ok,logs/seed_62927.log
648277,irt_only,GHEFT,0,0.0,0,0,1,2.0429,2.9759,5.0188,,,,,,,,,,,,,,,,,105.34947297064951,2.6937,26,9,223,115,69,46,3.81246,0,ok,logs/seed_648277.log
297455,irt_only,GHEFT,0,0.0,0,0,1,1.8656,2.2063,4.0719,,,,,,,,,,,,,,,,,115.23299877127485,2.6276,24,9,266,136,88,48,5.863917,0,ok,logs/seed_297455.log
928299,irt_only,GHEFT,0,0.0,0,0,1,1.9523,2.4903,4.4426,,,,,,,,,,,,,,,,,106.32774183363888,3.1141,25,8,257,148,92,56,4.196557,0,ok,logs/seed_928299.log
296307,irt_only,GHEFT,0,0.0,0,0,1,1.9935,2.6207,4.6142,,,,,,,,,,,,,,,,,135.30482662562397,3.8856,31,9,260,153,81,72,5.653376,0,ok,logs/seed_296307.log
732766,irt_only,GHEFT,0,0.0,0,0,1,2.0603,2.2985,4.3588,,,,,,,,,,,,,,,,,122.5395600193686,2.7916,27,9,270,149,89,60,4.469555,0,ok,logs/seed_732766.log
399011,irt_only,GHEFT,0,0.0,0,0,1,1.9243,2.738,4.6623,,,,,,,,,,,,,,,,,114.52913313068626,3.8011,33,10,260,153,85,68,4.293669,0,ok,logs/seed_399011.log
148624,irt_only,GHEFT,0,0.0,0,0,1,1.9372,2.6538,4.591,,,,,,,,,,,,,,,,,89.95995525114155,2.407,32,10,255,136,77,59,4.92991,0,ok,logs/seed_148624.log
409113,irt_only,GHEFT,0,0.0,0,0,1,1.7602,2.1378,3.898,,,,,,,,,,,,,,,,,94.08138684848485,1.9016,26,8,263,137,79,58,4.2823,0,ok,logs/seed_409113.log
459727,irt_only,GHEFT,0,0.0,0,0,1,2.0145,2.7752,4.7897,,,,,,,,,,,,,,,,,106.81117883643122,2.7478,36,11,296,161,90,71,6.00441,0,ok,logs/seed_459727.log
144132,irt_only,GHEFT,0,0.0,0,0,1,1.7694,2.1558,3.9252,,,,,,,,,,,,,,,,,88.88437710986531,1.982,37,10,287,140,78,62,5.478492,0,ok,logs/seed_144132.log
749046,irt_only,GHEFT,0,0.0,0,0,1,1.7468,1.9793,3.7261,,,,,,,,,,,,,,,,,104.00386432510186,2.7917,31,9,256,134,69,65,3.761203,0,ok,logs/seed_749046.log
324901,irt_only,GHEFT,0,0.0,0,0,1,1.7412,2.0367,3.7779,,,,,,,,,,,,,,,,,93.69354088755506,2.6012,27,8,263,131,83,48,4.771386,0,ok,logs/seed_324901.log
786867,irt_only,GHEFT,0,0.0,0,0,1,1.7091,1.8483,3.5574,,,,,,,,,,,,,,,,,88.05117473363774,2.1626,35,11,281,119,69,50,4.878688,0,ok,logs/seed_786867.log
760274,irt_only,GHEFT,0,0.0,0,0,1,1.9815,2.4839,4.4654,,,,,,,,,,,,,,,,,97.2046738028399,2.3396,30,10,271,160,93,67,4.453562,0,ok,logs/seed_760274.log
828516,irt_only,GHEFT,0,0.0,0,0,1,1.8201,1.8735,3.6936,,,,,,,,,,,,,,,,,81.51170559607529,2.0386,28,11,237,147,81,66,3.546279,0,ok,logs/seed_828516.log
583657,irt_only,GHEFT,0,0.0,0,0,1,1.9277,2.4852,4.4129,,,,,,,,,,,,,,,,,97.7565481262961,2.0875,30,9,279,145,83,62,5.930504,0,ok,logs/seed_583657.log
678530,irt_only,GHEFT,0,0.0,0,0,1,1.7694,2.1665,3.9359,,,,,,,,,,,,,,,,,101.08294261406483,2.6832,36,10,280,146,89,57,4.995046,0,ok,logs/seed_678530.log
834347,irt_only,GHEFT,0,0.0,0,0,1,1.8523,2.2872,4.1395,,,,,,,,,,,,,,,,,101.76937614638582,2.5635,28,8,264,155,94,61,4.302084,0,ok,logs/seed_834347.log
751299,irt_only,GHEFT,0,0.0,0,0,1,1.8144,1.8937,3.7081,,,,,,,,,,,,,,,,,89.95254178611206,2.5733,33,10,285,140,81,59,4.5044,0,ok,logs/seed_751299.log
47272,irt_only,GHEFT,0,0.0,0,0,1,1.9591,2.2728,4.2319,,,,,,,,,,,,,,,,,88.68868208919856,2.3691,33,9,284,124,79,45,4.474569,0,ok,logs/seed_47272.log
302457,irt_only,GHEFT,0,0.0,0,0,1,1.8143,1.948,3.7623,,,,,,,,,,,,,,,,,87.53819762486,2.4641,29,9,270,132,79,53,4.3843,0,ok,logs/seed_302457.log
506952,irt_only,GHEFT,0,0.0,0,0,1,2.1149,2.1661,4.281,,,,,,,,,,,,,,,,,85.93521794252871,2.9876,32,11,255,135,80,55,3.916565,0,ok,logs/seed_506952.log
153133,irt_only,GHEFT,0,0.0,0,0,1,1.9373,2.3682,4.3055,,,,,,,,,,,,,,,,,96.13697013633477,2.6535,29,9,266,138,80,58,4.301851,0,ok,logs/seed_153133.log
470911,irt_only,GHEFT,0,0.0,0,0,1,2.1271,2.2376,4.3647,,,,,,,,,,,,,,,,,80.03434681899859,2.22,33,10,284,137,83,54,5.605203,0,ok,logs/seed_470911.log
261338,irt_only,GHEFT,0,0.0,0,0,1,1.8881,2.0316,3.9197,,,,,,,,,,,,,,,,,91.71820552153112,2.3419,27,10,264,148,79,69,4.950402,0,ok,logs/seed_261338.log
669829,irt_only,GHEFT,0,0.0,0,0,1,1.8744,2.2334,4.1078,,,,,,,,,,,,,,,,,104.35242391235063,2.5597,28,10,249,133,78,55,4.353098,0,ok,logs/seed_669829.log
681823,irt_only,GHEFT,0,0.0,0,0,1,1.9282,1.9885,3.9167,,,,,,,,,,,,,,,,,80.59438818806088,2.2056,30,11,246,127,72,55,3.873792,0,ok,logs/seed_681823.log
829532,irt_only,GHEFT,0,0.0,0,0,1,1.8877,1.9141,3.8018,,,,,,,,,,,,,,,,,86.39371610297484,2.913,30,10,258,151,82,69,4.056546,0,ok,logs/seed_829532.log
100374,irt_only,GHEFT,0,0.0,0,0,1,1.7163,1.9932,3.7095,,,,,,,,,,,,,,,,,100.77610199999998,2.5424,29,10,289,150,86,64,4.984912,0,ok,logs/seed_100374.log
332803,irt_only,GHEFT,0,0.0,0,0,1,1.8814,2.4078,4.2892,,,,,,,,,,,,,,,,,133.8801927141533,3.1482,29,10,253,153,83,70,4.041613,0,ok,logs/seed_332803.log
857688,irt_only,GHEFT,0,0.0,0,0,1,1.8812,2.0662,3.9474,,,,,,,,,,,,,,,,,97.85650936236934,2.1111,34,10,277,150,85,65,4.828164,0,ok,logs/seed_857688.log
992778,irt_only,GHEFT,0,0.0,0,0,1,1.927,2.9247,4.8517,,,,,,,,,,,,,,,,,100.88011765281402,2.9014,29,10,259,142,87,55,5.399771,0,ok,logs/seed_992778.log
553562,irt_only,GHEFT,0,0.0,0,0,1,2.0052,2.3479,4.3531,,,,,,,,,,,,,,,,,101.11767673716012,2.8984,28,10,255,135,67,68,4.357002,0,ok,logs/seed_553562.log
536653,irt_only,GHEFT,0,0.0,0,0,1,1.9034,2.4126,4.316,,,,,,,,,,,,,,,,,103.85631633742331,2.2506,25,8,287,136,78,58,5.161773,0,ok,logs/seed_536653.log
934999,irt_only,GHEFT,0,0.0,0,0,1,1.9354,2.0413,3.9767,,,,,,,,,,,,,,,,,97.19327380384088,2.8138,27,8,263,139,81,58,3.867473,0,ok,logs/seed_934999.log
560912,irt_only,GHEFT,0,0.0,0,0,1,2.0956,2.746,4.8416,,,,,,,,,,,,,,,,,115.51483466995683,2.6308,31,10,260,155,86,69,4.744058,0,ok,logs/seed_560912.log
474714,irt_only,GHEFT,0,0.0,0,0,1,2.0605,2.8111,4.8716,,,,,,,,,,,,,,,,,102.09627148584002,2.6219,26,8,252,149,76,73,3.730817,0,ok,logs/seed_474714.log
221092,irt_only,GHEFT,0,0.0,0,0,1,1.7022,1.8685,3.5707,,,,,,,,,,,,,,,,,98.7224590606919,3.4857,30,8,251,120,76,44,3.860778,0,ok,logs/seed_221092.log
509580,irt_only,GHEFT,0,0.0,0,0,1,2.0636,2.3255,4.3891,,,,,,,,,,,,,,,,,97.03549744095213,2.6149,27,10,239,124,77,47,4.098042,0,ok,logs/seed_509580.log
57053,irt_only,GHEFT,0,0.0,0,0,1,1.9013,2.7373,4.6386,,,,,,,,,,,,,,,,,99.6116558387097,3.1719,34,10,269,158,86,72,4.158431,0,ok,logs/seed_57053.log
928433,irt_only,GHEFT,0,0.0,0,0,1,1.8273,2.2765,4.1038,,,,,,,,,,,,,,,,,93.56208358794223,1.8968,31,10,254,138,79,59,4.670127,0,ok,logs/seed_928433.log
881017,irt_only,GHEFT,0,0.0,0,0,1,1.9938,2.2011,4.1949,,,,,,,,,,,,,,,,,101.1992386985066,2.3717,30,10,268,153,89,64,4.210826,0,ok,logs/seed_881017.log
892380,irt_only,GHEFT,0,0.0,0,0,1,1.944,2.2975,4.2415,,,,,,,,,,,,,,,,,97.86002994356006,2.6464,25,9,263,137,76,61,4.933494,0,ok,logs/seed_892380.log
758824,irt_only,GHEFT,0,0.0,0,0,1,1.8197,2.045,3.8647,,,,,,,,,,,,,,,,,99.22794739154487,2.6108,33,10,280,138,81,57,3.840717,0,ok,logs/seed_758824.log
551160,irt_only,GHEFT,0,0.0,0,0,1,2.1073,2.3553,4.4626,,,,,,,,,,,,,,,,,109.57289349112425,2.9376,25,8,258,125,74,51,4.191104,0,ok,logs/seed_551160.log
833352,irt_only,GHEFT,0,0.0,0,0,1,1.8361,1.9249,3.761,,,,,,,,,,,,,,,,,99.42872985895114,2.8709,31,8,277,143,77,66,5.118701,0,ok,logs/seed_833352.log
841142,irt_only,GHEFT,0,0.0,0,0,1,2.1383,2.4863,4.6246,,,,,,,,,,,,,,,,,101.67653303938859,3.3056,35,10,301,158,87,71,5.327666,0,ok,logs/seed_841142.log
484796,irt_only,GHEFT,0,0.0,0,0,1,1.9348,2.269,4.2038,,,,,,,,,,,,,,,,,111.84479630769232,2.7356,28,11,249,145,85,60,4.569779,0,ok,logs/seed_484796.log
648201,irt_only,GHEFT,0,0.0,0,0,1,1.8602,2.0003,3.8605,,,,,,,,,,,,,,,,,94.96197121276596,2.0119,29,9,274,123,76,47,3.678808,0,ok,logs/seed_648201.log
414611,irt_only,GHEFT,0,0.0,0,0,1,1.9882,2.4854,4.4736,,,,,,,,,,,,,,,,,91.60274482607723,2.612,32,11,272,160,84,76,5.025362,0,ok,logs/seed_414611.log
675510,irt_only,GHEFT,0,0.0,0,0,1,1.8257,2.2416,4.0673,,,,,,,,,,,,,,,,,118.6028677269261,2.3374,29,8,268,134,76,58,4.051475,0,ok,logs/seed_675510.log
648624,irt_only,GHEFT,0,0.0,0,0,1,1.8447,2.3296,4.1743,,,,,,,,,,,,,,,,,96.62118043716572,2.3274,23,9,264,135,77,58,4.556795,0,ok,logs/seed_648624.log
759693,irt_only,GHEFT,0,0.0,0,0,1,2.0211,1.9311,3.9522,,,,,,,,,,,,,,,,,90.0922930357359,1.9862,35,11,286,151,93,58,5.284327,0,ok,logs/seed_759693.log
774549,irt_only,GHEFT,0,0.0,0,0,1,1.8543,2.7995,4.6538,,,,,,,,,,,,,,,,,129.60102436279928,3.2866,27,10,261,163,87,76,4.919149,0,ok,logs/seed_774549.log
358234,irt_only,GHEFT,0,0.0,0,0,1,1.7289,2.5469,4.2758,,,,,,,,,,,,,,,,,107.77850141052252,2.7106,34,10,294,160,92,68,5.649227,0,ok,logs/seed_358234.log
601465,irt_only,GHEFT,0,0.0,0,0,1,2.2377,2.2478,4.4855,,,,,,,,,,,,,,,,,97.26904370771756,3.0136,27,9,253,141,82,59,4.357382,0,ok,logs/seed_601465.log
896564,irt_only,GHEFT,0,0.0,0,0,1,2.0659,2.0421,4.108,,,,,,,,,,,,,,,,,92.03573424181357,2.8624,24,8,236,127,79,48,3.721889,0,ok,logs/seed_896564.log
706427,irt_only,GHEFT,0,0.0,0,0,1,1.8228,1.8823,3.7051,,,,,,,,,,,,,,,,,103.25425222222223,2.9927,32,9,271,130,81,49,4.236658,0,ok,logs/seed_706427.log
677732,irt_only,GHEFT,0,0.0,0,0,1,2.1762,2.5953,4.7715,,,,,,,,,,,,,,,,,97.85799531168833,3.1642,26,9,261,134,76,58,4.668655,0,ok,logs/seed_677732.log
809910,irt_only,GHEFT,0,0.0,0,0,1,1.8334,2.582,4.4154,,,,,,,,,,,,,,,,,107.23476149989254,2.7231,33,10,293,164,100,64,5.274905,0,ok,logs/seed_809910.log
309949,irt_only,GHEFT,0,0.0,0,0,1,1.8202,2.2752,4.0954,,,,,,,,,,,,,,,,,114.4615490842491,3.8153,27,9,258,145,81,64,4.257666,0,ok,logs/seed_309949.log
966961,irt_only,GHEFT,0,0.0,0,0,1,2.1788,2.8348,5.0136,,,,,,,,,,,,,,,,,116.22124300011073,3.5972,24,8,233,134,82,52,4.232268,0,ok,logs/seed_966961.log
502603,irt_only,GHEFT,0,0.0,0,0,1,1.867,1.9483,3.8153,,,,,,,,,,,,,,,,,95.08612371657755,1.9934,31,8,262,124,71,53,3.914662,0,ok,logs/seed_502603.log
896043,irt_only,GHEFT,0,0.0,0,0,1,1.5983,1.7888,3.3871,,,,,,,,,,,,,,,,,89.17433991430882,2.7118,28,10,257,109,69,40,4.704914,0,ok,logs/seed_896043.log
470910,irt_only,GHEFT,0,0.0,0,0,1,1.7599,2.1931,3.953,,,,,,,,,,,,,,,,,114.76953980475386,3.176,27,8,241,134,82,52,3.998789,0,ok,logs/seed_470910.log
371373,irt_only,GHEFT,0,0.0,0,0,1,2.0026,1.8399,3.8425,,,,,,,,,,,,,,,,,81.50892205781585,2.0706,31,9,284,132,79,53,4.050175,0,ok,logs/seed_371373.log
463349,irt_only,GHEFT,0,0.0,0,0,1,1.7477,2.0911,3.8388,,,,,,,,,,,,,,,,,103.57862393853034,2.9671,21,8,247,132,75,57,4.225377,0,ok,logs/seed_463349.log
736327,irt_only,GHEFT,0,0.0,0,0,1,1.7217,2.2239,3.9456,,,,,,,,,,,,,,,,,121.55606553979906,2.7615,28,8,284,134,83,51,4.704485,0,ok,logs/seed_736327.log
839398,irt_only,GHEFT,0,0.0,0,0,1,1.8137,2.0793,3.893,,,,,,,,,,,,,,,,,103.06707805709911,2.4636,28,8,254,106,65,41,3.9761,0,ok,logs/seed_839398.log
966086,irt_only,GHEFT,0,0.0,0,0,1,2.0622,2.4169,4.4791,,,,,,,,,,,,,,,,,97.04780817460315,2.6993,33,10,263,131,78,53,4.168223,0,ok,logs/seed_966086.log
690129,irt_only,GHEFT,0,0.0,0,0,1,2.1129,2.1691,4.282,,,,,,,,,,,,,,,,,81.37928012375959,1.7679,39,10,283,153,85,68,3.532833,0,ok,logs/seed_690129.log
268750,irt_only,GHEFT,0,0.0,0,0,1,2.0118,2.614,4.6258,,,,,,,,,,,,,,,,,103.66411736366419,3.3185,23,9,248,141,82,59,4.251276,0,ok,logs/seed_268750.log
918021,irt_only,GHEFT,0,0.0,0,0,1,2.0305,2.334,4.3645,,,,,,,,,,,,,,,,,106.92550509831864,3.2251,31,9,272,125,75,50,4.421237,0,ok,logs/seed_918021.log
611051,irt_only,GHEFT,0,0.0,0,0,1,1.9265,2.2377,4.1642,,,,,,,,,,,,,,,,,126.51642887676512,3.1715,29,8,252,129,84,45,4.139795,0,ok,logs/seed_611051.log
728198,irt_only,GHEFT,0,0.0,0,0,1,2.0275,2.0208,4.0483,,,,,,,,,,,,,,,,,94.44690914873875,2.2488,28,10,267,135,83,52,4.702768,0,ok,logs/seed_728198.log
658673,irt_only,GHEFT,0,0.0,0,0,1,2.2008,3.2585,5.4593,,,,,,,,,,,,,,,,,103.92598286146156,2.5281,21,8,231,150,86,64,4.154842,0,ok,logs/seed_658673.log
357871,irt_only,GHEFT,0,0.0,0,0,1,1.9946,2.179,4.1736,,,,,,,,,,,,,,,,,94.6272365301757,2.8892,28,9,253,128,85,43,4.296098,0,ok,logs/seed_357871.log
152055,irt_only,GHEFT,0,0.0,0,0,1,1.9075,2.1054,4.0129,,,,,,,,,,,,,,,,,84.58607437248136,2.3163,26,8,268,125,78,47,3.886254,0,ok,logs/seed_152055.log
262601,irt_only,GHEFT,0,0.0,0,0,1,1.7783,2.2455,4.0238,,,,,,,,,,,,,,,,,104.71360499706115,3.0209,27,9,265,146,90,56,3.831468,0,ok,logs/seed_262601.log
629872,irt_only,GHEFT,0,0.0,0,0,1,2.209,2.4531,4.6621,,,,,,,,,,,,,,,,,82.45466436087486,1.9888,32,10,278,134,78,56,4.614777,0,ok,logs/seed_629872.log
471208,irt_only,GHEFT,0,0.0,0,0,1,2.0404,2.2308,4.2712,,,,,,,,,,,,,,,,,100.62624668085105,2.1192,26,11,255,158,94,64,4.649863,0,ok,logs/seed_471208.log
255275,irt_only,GHEFT,0,0.0,0,0,1,2.0093,2.2384,4.2477,,,,,,,,,,,,,,,,,89.96282021271075,2.893,32,9,271,154,92,62,5.003984,0,ok,logs/seed_255275.log
730423,irt_only,GHEFT,0,0.0,0,0,1,1.8185,2.798,4.6165,,,,,,,,,,,,,,,,,104.05540585682488,2.7086,28,9,252,148,77,71,4.440319,0,ok,logs/seed_730423.log
143984,irt_only,GHEFT,0,0.0,0,0,1,1.7755,2.4992,4.2747,,,,,,,,,,,,,,,,,103.46708227848104,2.3284,28,9,263,145,80,65,4.207833,0,ok,logs/seed_143984.log
395892,irt_only,GHEFT,0,0.0,0,0,1,1.9418,2.4218,4.3636,,,,,,,,,,,,,,,,,97.12633038663927,3.084,36,10,259,141,88,53,4.990428,0,ok,logs/seed_395892.log
773877,irt_only,GHEFT,0,0.0,0,0,1,1.6124,2.4214,4.0338,,,,,,,,,,,,,,,,,118.6181808379522,3.6538,32,10,255,132,80,52,5.145377,0,ok,logs/seed_773877.log
880174,irt_only,GHEFT,0,0.0,0,0,1,1.985,2.5341,4.5191,,,,,,,,,,,,,,,,,97.35242020193886,2.565,25,10,265,162,92,70,4.492977,0,ok,logs/seed_880174.log
237837,irt_only,GHEFT,0,0.0,0,0,1,1.9907,2.1147,4.1054,,,,,,,,,,,,,,,,,101.33069159276019,2.2705,30,11,271,149,91,58,5.569684,0,ok,logs/seed_237837.log
835442,irt_only,GHEFT,0,0.0,0,0,1,1.973,2.5409,4.5139,,,,,,,,,,,,,,,,,111.4006385,2.9817,25,9,251,138,87,51,4.642408,0,ok,logs/seed_835442.log
453398,irt_only,GHEFT,0,0.0,0,0,1,1.981,2.7872,4.7682,,,,,,,,,,,,,,,,,124.03386945562129,3.9193,23,9,229,136,88,48,4.363295,0,ok,logs/seed_453398.log
540634,irt_only,GHEFT,0,0.0,0,0,1,1.9346,2.2339,4.1685,,,,,,,,,,,,,,,,,100.3720706169346,2.617,29,10,259,139,82,57,4.88989,0,ok,logs/seed_540634.log
574410,irt_only,GHEFT,0,0.0,0,0,1,2.0818,2.2979,4.3797,,,,,,,,,,,,,,,,,101.65782590711706,2.3947,34,10,270,149,84,65,3.620869,0,ok,logs/seed_574410.log
445140,irt_only,GHEFT,0,0.0,0,0,1,1.9918,2.119,4.1108,,,,,,,,,,,,,,,,,78.40366636527908,2.5261,37,10,286,156,91,65,5.282962,0,ok,logs/seed_445140.log
264094,irt_only,GHEFT,0,0.0,0,0,1,1.7024,2.4695,4.1719,,,,,,,,,,,,,,,,,120.30761953676544,2.5736,26,9,262,142,86,56,5.099989,0,ok,logs/seed_264094.log
534582,irt_only,GHEFT,0,0.0,0,0,1,1.7148,2.0898,3.8046,,,,,,,,,,,,,,,,,100.020828271853,2.4898,29,8,254,130,75,55,3.602709,0,ok,logs/seed_534582.log
26052,irt_only,GHEFT,0,0.0,0,0,1,1.8982,1.7657,3.6639,,,,,,,,,,,,,,,,,104.13994066103092,2.4376,34,9,260,144,87,57,4.329345,0,ok,logs/seed_26052.log
734749,irt_only,GHEFT,0,0.0,0,0,1,1.9899,2.1612,4.1511,,,,,,,,,,,,,,,,,106.18320162713621,2.4003,31,10,246,144,87,57,4.806661,0,ok,logs/seed_734749.log
141813,irt_only,GHEFT,0,0.0,0,0,1,1.7939,2.0971,3.891,,,,,,,,,,,,,,,,,89.59314975324675,2.6531,25,9,245,125,77,48,4.389379,0,ok,logs/seed_141813.log
253057,irt_only,GHEFT,0,0.0,0,0,1,2.1411,2.9374,5.0785,,,,,,,,,,,,,,,,,122.0917554605405,3.5397,26,9,256,148,81,67,3.868276,0,ok,logs/seed_253057.log
862373,irt_only,GHEFT,0,0.0,0,0,1,1.8693,2.0405,3.9098,,,,,,,,,,,,,,,,,102.49759897703771,2.4223,34,9,275,158,88,70,3.846115,0,ok,logs/seed_862373.log
947420,irt_only,GHEFT,0,0.0,0,0,1,1.7584,1.8435,3.6019,,,,,,,,,,,,,,,,,107.1869049805612,2.5767,32,10,259,138,79,59,4.798369,0,ok,logs/seed_947420.log
808853,irt_only,GHEFT,0,0.0,0,0,1,1.835,2.6978,4.5328,,,,,,,,,,,,,,,,,112.8275662337662,2.4313,28,8,281,144,87,57,3.932772,0,ok,logs/seed_808853.log
771950,irt_only,GHEFT,0,0.0,0,0,1,2.074,2.7357,4.8097,,,,,,,,,,,,,,,,,98.58148360062472,2.6958,26,8,260,136,79,57,3.975406,0,ok,logs/seed_771950.log
198309,irt_only,GHEFT,0,0.0,0,0,1,1.9323,2.3075,4.2398,,,,,,,,,,,,,,,,,94.12147273574355,2.3488,28,9,281,163,91,72,4.349204,0,ok,logs/seed_198309.log
178238,irt_only,GHEFT,0,0.0,0,0,1,2.1262,2.5314,4.6576,,,,,,,,,,,,,,,,,100.20740312403105,3.1285,37,10,286,137,74,63,4.672378,0,ok,logs/seed_178238.log
478635,irt_only,GHEFT,0,0.0,0,0,1,2.1231,2.1845,4.3076,,,,,,,,,,,,,,,,,82.44114543707713,2.7464,32,10,272,140,82,58,4.688342,0,ok,logs/seed_478635.log
665430,irt_only,GHEFT,0,0.0,0,0,1,1.7704,1.9952,3.7656,,,,,,,,,,,,,,,,,107.58433935044827,1.8645,30,8,267,137,85,52,3.577083,0,ok,logs/seed_665430.log
841802,irt_only,GHEFT,0,0.0,0,0,1,1.7323,2.2567,3.989,,,,,,,,,,,,,,,,,97.11527901425465,2.283,25,8,241,105,67,38,3.53562,0,ok,logs/seed_841802.log
825694,irt_only,GHEFT,0,0.0,0,0,1,1.9241,1.8864,3.8105,,,,,,,,,,,,,,,,,86.3497242677824,1.8195,29,9,257,125,70,55,4.764274,0,ok,logs/seed_825694.log
407219,irt_only,GHEFT,0,0.0,0,0,1,1.8458,2.3601,4.2059,,,,,,,,,,,,,,,,,111.68139764671294,2.3215,34,11,259,149,87,62,4.767382,0,ok,logs/seed_407219.log
290466,irt_only,GHEFT,0,0.0,0,0,1,1.9803,2.3246,4.3049,,,,,,,,,,,,,,,,,130.6753066454807,4.1304,30,10,254,148,84,64,4.895206,0,ok,logs/seed_290466.log
797644,irt_only,GHEFT,0,0.0,0,0,1,1.9576,1.9472,3.9048,,,,,,,,,,,,,,,,,89.65773231530775,2.1423,26,9,259,164,98,66,3.983214,0,ok,logs/seed_797644.log
9862,irt_only,GHEFT,0,0.0,0,0,1,1.8482,2.3932,4.2414,,,,,,,,,,,,,,,,,93.63924367796609,2.4676,28,9,245,125,78,47,3.960564,0,ok,logs/seed_9862.log
435679,irt_only,GHEFT,0,0.0,0,0,1,1.9129,2.2508,4.1637,,,,,,,,,,,,,,,,,100.53418198240882,2.5194,29,10,267,134,82,52,5.521924,0,ok,logs/seed_435679.log
743887,irt_only,GHEFT,0,0.0,0,0,1,1.6929,1.9326,3.6255,,,,,,,,,,,,,,,,,108.28424200316987,2.5886,26,10,251,138,84,54,4.970191,0,ok,logs/seed_743887.log
807745,irt_only,GHEFT,0,0.0,0,0,1,2.0413,2.3836,4.4249,,,,,,,,,,,,,,,,,110.54350674437967,2.459,33,10,293,150,88,62,5.463295,0,ok,logs/seed_807745.log
893649,irt_only,GHEFT,0,0.0,0,0,1,1.9588,1.9336,3.8924,,,,,,,,,,,,,,,,,94.14664537380801,1.9897,21,8,239,129,77,52,3.201895,0,ok,logs/seed_893649.log
654989,irt_only,GHEFT,0,0.0,0,0,1,2.1022,2.0329,4.1351,,,,,,,,,,,,,,,,,97.39855817930966,2.6301,32,10,258,141,79,62,5.093773,0,ok,logs/seed_654989.log
685027,irt_only,GHEFT,0,0.0,0,0,1,1.829,2.816,4.645,,,,,,,,,,,,,,,,,85.51735767422096,2.6872,27,10,262,133,80,53,4.589773,0,ok,logs/seed_685027.log
967091,irt_only,GHEFT,0,0.0,0,0,1,2.0685,2.3741,4.4426,,,,,,,,,,,,,,,,,94.79283200707715,3.0588,28,10,272,142,79,63,3.907627,0,ok,logs/seed_967091.log
541087,irt_only,GHEFT,0,0.0,0,0,1,1.7807,1.9796,3.7603,,,,,,,,,,,,,,,,,97.47832080538302,2.1987,32,10,277,141,90,51,4.894776,0,ok,logs/seed_541087.log
20393,irt_only,GHEFT,0,0.0,0,0,1,1.9631,2.4698,4.4329,,,,,,,,,,,,,,,,,110.92469153915987,2.9496,34,10,253,98,64,34,3.751304,0,ok,logs/seed_20393.log
418812,irt_only,GHEFT,0,0.0,0,0,1,1.9579,2.2582,4.2161,,,,,,,,,,,,,,,,,100.15490000000001,2.5928,33,10,279,142,79,63,4.611382,0,ok,logs/seed_418812.log
437790,irt_only,GHEFT,0,0.0,0,0,1,2.3499,2.6932,5.0431,,,,,,,,,,,,,,,,,102.66352312479742,2.7031,34,11,262,154,86,68,4.869847,0,ok,logs/seed_437790.log
855359,irt_only,GHEFT,0,0.0,0,0,1,2.0071,2.5323,4.5394,,,,,,,,,,,,,,,,,91.69069664336301,2.4053,31,8,269,143,79,64,3.946431,0,ok,logs/seed_855359.log
510703,irt_only,GHEFT,0,0.0,0,0,1,2.0186,2.7101,4.7287,,,,,,,,,,,,,,,,,99.86650115870032,2.5083,24,9,249,128,78,50,4.521922,0,ok,logs/seed_510703.log
949250,irt_only,GHEFT,0,0.0,0,0,1,1.9834,2.7431,4.7265,,,,,,,,,,,,,,,,,107.14962149685532,3.3758,31,11,273,150,77,73,4.443065,0,ok,logs/seed_949250.log
123134,irt_only,GHEFT,0,0.0,0,0,1,1.8397,2.4901,4.3298,,,,,,,,,,,,,,,,,102.60790197170822,3.1288,39,11,293,158,86,72,5.222058,0,ok,logs/seed_123134.log
90939,irt_only,GHEFT,0,0.0,0,0,1,1.8196,2.4025,4.2221,,,,,,,,,,,,,,,,,106.07810742859408,2.6905,30,10,282,154,91,63,3.871101,0,ok,logs/seed_90939.log
309305,irt_only,GHEFT,0,0.0,0,0,1,1.815,2.3684,4.1834,,,,,,,,,,,,,,,,,100.22537220882886,2.696,27,9,258,129,82,47,3.944152,0,ok,logs/seed_309305.log
329467,irt_only,GHEFT,0,0.0,0,0,1,1.9121,2.2211,4.1332,,,,,,,,,,,,,,,,,100.45294494132818,3.2396,27,9,251,144,83,61,4.277618,0,ok,logs/seed_329467.log
357848,irt_only,GHEFT,0,0.0,0,0,1,1.9005,2.1046,4.0051,,,,,,,,,,,,,,,,,125.14975412758471,3.9221,23,8,238,112,69,43,3.695989,0,ok,logs/seed_357848.log
575107,irt_only,GHEFT,0,0.0,0,0,1,1.889,1.9816,3.8706,,,,,,,,,,,,,,,,,92.78458442648761,2.653,34,11,280,148,84,64,5.341324,0,ok,logs/seed_575107.log
672485,irt_only,GHEFT,0,0.0,0,0,1,1.9073,2.1829,4.0902,,,,,,,,,,,,,,,,,86.05072116763579,2.662,28,9,267,137,84,53,4.035297,0,ok,logs/seed_672485.log
454637,irt_only,GHEFT,0,0.0,0,0,1,1.5903,1.7948,3.3851,,,,,,,,,,,,,,,,,92.80127580721745,1.7977,31,9,294,151,83,68,4.464663,0,ok,logs/seed_454637.log
178460,irt_only,GHEFT,0,0.0,0,0,1,1.8024,1.8476,3.65,,,,,,,,,,,,,,,,,95.74236979438058,1.9581,33,9,285,141,77,64,4.830217,0,ok,logs/seed_178460.log
69629,irt_only,GHEFT,0,0.0,0,0,1,2.011,2.3444,4.3554,,,,,,,,,,,,,,,,,152.81003667767243,3.3798,25,9,266,130,76,54,4.636974,0,ok,logs/seed_69629.log
406305,irt_only,GHEFT,0,0.0,0,0,1,2.0716,2.1374,4.209,,,,,,,,,,,,,,,,,103.44359289189187,2.8096,28,9,277,153,90,63,4.173885,0,ok,logs/seed_406305.log
310214,irt_only,GHEFT,0,0.0,0,0,1,1.9722,2.472,4.4442,,,,,,,,,,,,,,,,,110.72438954516639,3.4231,28,9,255,164,90,74,3.904476,0,ok,logs/seed_310214.log
494212,irt_only,GHEFT,0,0.0,0,0,1,1.7225,2.3477,4.0702,,,,,,,,,,,,,,,,,96.18213345987982,2.0922,27,9,266,130,73,57,4.195575,0,ok,logs/seed_494212.log
413922,irt_only,GHEFT,0,0.0,0,0,1,1.9306,2.1188,4.0494,,,,,,,,,,,,,,,,,111.8731877027388,3.3138,34,11,266,120,75,45,4.714746,0,ok,logs/seed_413922.log
342318,irt_only,GHEFT,0,0.0,0,0,1,1.8197,1.7916,3.6113,,,,,,,,,,,,,,,,,86.2026511974684,2.0162,37,11,285,144,85,59,4.699615,0,ok,logs/seed_342318.log
98584,irt_only,GHEFT,0,0.0,0,0,1,1.7537,2.1508,3.9045,,,,,,,,,,,,,,,,,92.01648330130782,2.5613,31,8,292,150,78,72,4.597165,0,ok,logs/seed_98584.log
300148,irt_only,GHEFT,0,0.0,0,0,1,1.9549,2.4169,4.3718,,,,,,,,,,,,,,,,,101.95169802011232,2.2475,25,8,219,115,71,44,3.188594,0,ok,logs/seed_300148.log
126455,irt_only,GHEFT,0,0.0,0,0,1,1.8695,2.13,3.9995,,,,,,,,,,,,,,,,,93.95513924161074,3.0542,27,8,252,132,71,61,4.614112,0,ok,logs/seed_126455.log
565222,irt_only,GHEFT,0,0.0,0,0,1,1.9314,2.1878,4.1192,,,,,,,,,,,,,,,,,104.32027134700313,2.0361,29,10,282,141,92,49,3.80403,0,ok,logs/seed_565222.log
239697,irt_only,GHEFT,0,0.0,0,0,1,1.8848,2.4741,4.3589,,,,,,,,,,,,,,,,,102.8568700567399,2.4245,36,10,282,156,82,74,4.693538,0,ok,logs/seed_239697.log
919700,irt_only,GHEFT,0,0.0,0,0,1,2.0878,2.4262,4.514,,,,,,,,,,,,,,,,,92.07687952348192,2.5126,37,11,271,166,96,70,5.084524,0,ok,logs/seed_919700.log
924776,irt_only,GHEFT,0,0.0,0,0,1,1.801,1.6107,3.4117,,,,,,,,,,,,,,,,,77.91145613461882,2.1673,28,10,237,135,81,54,3.888622,0,ok,logs/seed_924776.log
960470,irt_only,GHEFT,0,0.0,0,0,1,1.8703,1.7861,3.6564,,,,,,,,,,,,,,,,,94.91954102418379,2.1772,30,9,267,138,85,53,4.491767,0,ok,logs/seed_960470.log
8986,irt_only,GHEFT,0,0.0,0,0,1,1.8977,2.9326,4.8303,,,,,,,,,,,,,,,,,96.72458945028359,3.0206,25,8,264,135,75,60,4.804077,0,ok,logs/seed_8986.log
837970,irt_only,GHEFT,0,0.0,0,0,1,1.8203,2.3688,4.1891,,,,,,,,,,,,,,,,,106.35866621710576,2.9425,29,11,272,151,91,60,4.678347,0,ok,logs/seed_837970.log
445997,irt_only,GHEFT,0,0.0,0,0,1,1.7985,2.1436,3.9421,,,,,,,,,,,,,,,,,108.17098956701034,2.7036,24,9,231,111,64,47,3.878238,0,ok,logs/seed_445997.log
415494,irt_only,GHEFT,0,0.0,0,0,1,1.753,2.334,4.087,,,,,,,,,,,,,,,,,117.78605417277198,2.6573,29,8,273,143,86,57,3.854785,0,ok,logs/seed_415494.log
129849,irt_only,GHEFT,0,0.0,0,0,1,2.1206,2.1715,4.2921,,,,,,,,,,,,,,,,,87.74105020634923,2.8455,31,10,238,135,82,53,3.63083,0,ok,logs/seed_129849.log
708068,irt_only,GHEFT,0,0.0,0,0,1,1.8042,2.4557,4.2599,,,,,,,,,,,,,,,,,115.59813877298312,2.8301,26,9,259,132,83,49,4.12306,0,ok,logs/seed_708068.log
238574,irt_only,GHEFT,0,0.0,0,0,1,1.9131,2.1696,4.0827,,,,,,,,,,,,,,,,,115.64867703081232,2.3679,32,9,297,146,87,59,4.95483,0,ok,logs/seed_238574.log
556369,irt_only,GHEFT,0,0.0,0,0,1,1.7726,2.3234,4.096,,,,,,,,,,,,,,,,,105.84727038997639,3.3972,34,10,270,148,93,55,5.428569,0,ok,logs/seed_556369.log
100974,irt_only,GHEFT,0,0.0,0,0,1,1.9821,2.4935,4.4756,,,,,,,,,,,,,,,,,100.25256332637774,3.6271,29,10,276,127,79,48,4.234151,0,ok,logs/seed_100974.log
539817,irt_only,GHEFT,0,0.0,0,0,1,1.9775,2.609,4.5865,,,,,,,,,,,,,,,,,77.08665053763441,1.9866,31,10,231,108,69,39,4.14344,0,ok,logs/seed_539817.log
877980,irt_only,GHEFT,0,0.0,0,0,1,1.9892,2.1384,4.1276,,,,,,,,,,,,,,,,,82.03817444819163,2.3188,28,10,269,134,76,58,4.302281,0,ok,logs/seed_877980.log
104840,irt_only,GHEFT,0,0.0,0,0,1,1.9598,2.094,4.0538,,,,,,,,,,,,,,,,,118.85934230434782,2.3152,34,10,278,151,92,59,4.564097,0,ok,logs/seed_104840.log
17893,irt_only,GHEFT,0,0.0,0,0,1,1.8529,2.0051,3.858,,,,,,,,,,,,,,,,,101.45697609472221,2.4255,31,10,263,150,91,59,5.663106,0,ok,logs/seed_17893.log
915164,irt_only,GHEFT,0,0.0,0,0,1,1.8739,2.2085,4.0824,,,,,,,,,,,,,,,,,95.55193561345962,3.0836,32,9,280,121,75,46,5.183551,0,ok,logs/seed_915164.log
423820,irt_only,GHEFT,0,0.0,0,0,1,2.2,3.2877,5.4877,,,,,,,,,,,,,,,,,106.93923626292198,2.2037,31,10,284,141,82,59,4.011628,0,ok,logs/seed_423820.log
27065,irt_only,GHEFT,0,0.0,0,0,1,1.7549,2.2274,3.9823,,,,,,,,,,,,,,,,,110.25367403946623,2.9387,36,12,287,165,86,79,4.842124,0,ok,logs/seed_27065.log
437214,irt_only,GHEFT,0,0.0,0,0,1,1.8279,2.6641,4.492,,,,,,,,,,,,,,,,,108.61712410716089,2.9671,28,10,292,171,95,76,5.440036,0,ok,logs/seed_437214.log
832443,irt_only,GHEFT,0,0.0,0,0,1,1.8128,1.9092,3.722,,,,,,,,,,,,,,,,,89.93824945024468,1.6866,31,10,297,148,89,59,4.504445,0,ok,logs/seed_832443.log
193554,irt_only,GHEFT,0,0.0,0,0,1,2.0886,2.0275,4.1161,,,,,,,,,,,,,,,,,90.26467329694142,2.4772,34,10,290,172,100,72,4.780035,0,ok,logs/seed_193554.log
312935,irt_only,GHEFT,0,0.0,0,0,1,1.857,2.6761,4.5331,,,,,,,,,,,,,,,,,120.74627527898548,4.227,25,8,251,129,78,51,4.148707,0,ok,logs/seed_312935.log
518996,irt_only,GHEFT,0,0.0,0,0,1,1.725,2.1695,3.8945,,,,,,,,,,,,,,,,,109.15883933428692,1.8372,25,8,269,134,79,55,3.964332,0,ok,logs/seed_518996.log
94901,irt_only,GHEFT,0,0.0,0,0,1,1.992,2.2462,4.2382,,,,,,,,,,,,,,,,,86.76078229099303,1.9851,29,10,257,125,71,54,4.582048,0,ok,logs/seed_94901.log
960816,irt_only,GHEFT,0,0.0,0,0,1,1.9043,2.1664,4.0707,,,,,,,,,,,,,,,,,97.55604195150939,2.1438,27,9,277,160,93,67,3.613225,0,ok,logs/seed_960816.log
171234,irt_only,GHEFT,0,0.0,0,0,1,1.9606,2.4941,4.4547,,,,,,,,,,,,,,,,,101.09462786872588,2.7304,31,10,260,151,82,69,5.070094,0,ok,logs/seed_171234.log
448214,irt_only,GHEFT,0,0.0,0,0,1,2.0982,2.5811,4.6793,,,,,,,,,,,,,,,,,98.10766547308782,2.439,34,11,287,188,90,98,5.032527,0,ok,logs/seed_448214.log
752309,irt_only,GHEFT,0,0.0,0,0,1,1.9602,2.678,4.6382,,,,,,,,,,,,,,,,,95.6835744897652,2.3958,30,10,263,126,74,52,4.172869,0,ok,logs/seed_752309.log
398469,irt_only,GHEFT,0,0.0,0,0,1,1.8281,2.7975,4.6256,,,,,,,,,,,,,,,,,104.25392442697716,2.6714,32,10,256,153,78,75,3.941513,0,ok,logs/seed_398469.log
345867,irt_only,GHEFT,0,0.0,0,0,1,1.8393,1.7617,3.601,,,,,,,,,,,,,,,,,79.18435833333334,1.9676,24,8,248,124,74,50,3.942948,0,ok,logs/seed_345867.log
434909,irt_only,GHEFT,0,0.0,0,0,1,2.0159,2.1308,4.1467,,,,,,,,,,,,,,,,,97.97315694117647,1.9171,27,10,239,126,76,50,3.848657,0,ok,logs/seed_434909.log
618745,irt_only,GHEFT,0,0.0,0,0,1,1.7978,2.2855,4.0833,,,,,,,,,,,,,,,,,91.09417024877251,2.4677,33,11,279,148,84,64,4.442681,0,ok,logs/seed_618745.log
86680,irt_only,GHEFT,0,0.0,0,0,1,1.9452,2.8194,4.7646,,,,,,,,,,,,,,,,,126.02086412970652,3.3384,32,10,251,147,75,72,4.481746,0,ok,logs/seed_86680.log
406773,irt_only,GHEFT,0,0.0,0,0,1,2.0861,2.5692,4.6553,,,,,,,,,,,,,,,,,114.86217234618047,2.8587,25,9,267,146,91,55,4.254821,0,ok,logs/seed_406773.log
953452,irt_only,GHEFT,0,0.0,0,0,1,2.0473,1.9191,3.9664,,,,,,,,,,,,,,,,,79.55659295460443,2.2701,31,10,277,147,89,58,4.295915,0,ok,logs/seed_953452.log
869272,irt_only,GHEFT,0,0.0,0,0,1,2.1325,2.3938,4.5263,,,,,,,,,,,,,,,,,111.37570989429577,2.6542,29,9,247,152,82,70,3.677946,0,ok,logs/seed_869272.log
215885,irt_only,GHEFT,0,0.0,0,0,1,1.8178,1.9234,3.7412,,,,,,,,,,,,,,,,,101.1109876709062,2.5373,27,10,246,140,89,51,3.901228,0,ok,logs/seed_215885.log
996183,irt_only,GHEFT,0,0.0,0,0,1,2.0417,2.3707,4.4124,,,,,,,,,,,,,,,,,102.67832419309599,2.7052,26,10,251,173,101,72,4.00285,0,ok,logs/seed_996183.log
310239,irt_only,GHEFT,0,0.0,0,0,1,2.0417,2.4052,4.4469,,,,,,,,,,,,,,,,,97.77442980134362,2.5087,31,10,263,136,87,49,3.997587,0,ok,logs/seed_310239.log
819226,irt_only,GHEFT,0,0.0,0,0,1,2.0419,2.9576,4.9995,,,,,,,,,,,,,,,,,114.97476977470356,3.2417,35,10,284,151,83,68,4.500593,0,ok,logs/seed_819226.log
253184,irt_only,GHEFT,0,0.0,0,0,1,2.0512,2.8985,4.9497,,,,,,,,,,,,,,,,,99.80471808237701,2.6844,25,9,263,131,79,52,4.13216,0,ok,logs/seed_253184.log
832005,irt_only,GHEFT,0,0.0,0,0,1,1.5097,1.8051,3.3148,,,,,,,,,,,,,,,,,100.2085437124682,2.3306,31,9,271,124,72,52,4.346772,0,ok,logs/seed_832005.log
623964,irt_only,GHEFT,0,0.0,0,0,1,1.7805,2.1672,3.9477,,,,,,,,,,,,,,,,,107.85812122182848,3.1561,25,9,266,134,78,56,3.915395,0,ok,logs/seed_623964.log
57627,irt_only,GHEFT,0,0.0,0,0,1,1.7231,1.9186,3.6417,,,,,,,,,,,,,,,,,104.76946265035721,2.1249,28,10,283,166,98,68,4.582884,0,ok,logs/seed_57627.log
185144,irt_only,GHEFT,0,0.0,0,0,1,1.8286,1.9804,3.809,,,,,,,,,,,,,,,,,85.38328216088061,2.5208,27,9,254,136,73,63,3.601994,0,ok,logs/seed_185144.log
642703,irt_only,GHEFT,0,0.0,0,0,1,1.8532,2.8583,4.7115,,,,,,,,,,,,,,,,,115.38941639688716,3.0456,24,8,258,129,76,53,4.082174,0,ok,logs/seed_642703.log
904483,irt_only,GHEFT,0,0.0,0,0,1,1.7657,2.2083,3.974,,,,,,,,,,,,,,,,,100.91967104900816,2.7678,32,10,292,152,84,68,5.862851,0,ok,logs/seed_904483.log
90576,irt_only,GHEFT,0,0.0,0,0,1,1.9777,2.2992,4.2769,,,,,,,,,,,,,,,,,117.62783038542956,3.1427,32,10,288,128,85,43,4.971824,0,ok,logs/seed_90576.log
613945,irt_only,GHEFT,0,0.0,0,0,1,2.0847,2.7467,4.8314,,,,,,,,,,,,,,,,,103.65888967123284,2.9595,32,11,261,152,78,74,5.051971,0,ok,logs/seed_613945.log
703583,irt_only,GHEFT,0,0.0,0,0,1,1.9409,2.6273,4.5682,,,,,,,,,,,,,,,,,109.7032806898544,3.9092,32,10,288,161,94,67,4.747992,0,ok,logs/seed_703583.log
666965,irt_only,GHEFT,0,0.0,0,0,1,1.841,2.2573,4.0983,,,,,,,,,,,,,,,,,144.30250417184808,3.9401,25,8,227,124,77,47,4.314785,0,ok,logs/seed_666965.log
78867,irt_only,GHEFT,0,0.0,0,0,1,1.9138,1.97,3.8838,,,,,,,,,,,,,,,,,112.7034699300699,2.7992,31,10,262,162,91,71,4.56658,0,ok,logs/seed_78867.log
249211,irt_only,GHEFT,0,0.0,0,0,1,1.9787,2.6235,4.6022,,,,,,,,,,,,,,,,,121.41872489889434,2.9314,31,10,295,163,93,70,4.848117,0,ok,logs/seed_249211.log
993304,irt_only,GHEFT,0,0.0,0,0,1,2.0932,2.695,4.7882,,,,,,,,,,,,,,,,,88.94012569337981,2.6613,31,10,294,162,83,79,5.577713,0,ok,logs/seed_993304.log
677640,irt_only,GHEFT,0,0.0,0,0,1,1.9329,1.8257,3.7586,,,,,,,,,,,,,,,,,84.93924569990801,2.4909,31,9,269,149,85,64,4.903105,0,ok,logs/seed_677640.log
807304,irt_only,GHEFT,0,0.0,0,0,1,1.7958,2.4741,4.2699,,,,,,,,,,,,,,,,,106.01997765368606,3.2437,37,10,279,153,85,68,4.22718,0,ok,logs/seed_807304.log
901569,irt_only,GHEFT,0,0.0,0,0,1,1.7762,2.5605,4.3367,,,,,,,,,,,,,,,,,112.93068610563384,2.6017,34,10,265,156,83,73,4.580224,0,ok,logs/seed_901569.log
578684,irt_only,GHEFT,0,0.0,0,0,1,1.8204,2.5636,4.384,,,,,,,,,,,,,,,,,114.44244736090225,2.8891,25,10,266,149,82,67,4.404658,0,ok,logs/seed_578684.log
40789,irt_only,GHEFT,0,0.0,0,0,1,1.8237,2.7088,4.5325,,,,,,,,,,,,,,,,,105.58263153553808,2.9744,32,11,266,148,82,66,4.557305,0,ok,logs/seed_40789.log
514538,irt_only,GHEFT,0,0.0,0,0,1,1.6454,2.3384,3.9838,,,,,,,,,,,,,,,,,121.72258080137418,3.0552,27,9,236,122,71,51,4.033839,0,ok,logs/seed_514538.log
578723,irt_only,GHEFT,0,0.0,0,0,1,1.8923,2.5771,4.4694,,,,,,,,,,,,,,,,,107.89294722607092,2.8723,25,9,257,143,81,62,4.25053,0,ok,logs/seed_578723.log
628956,irt_only,GHEFT,0,0.0,0,0,1,2.1039,2.4973,4.6012,,,,,,,,,,,,,,,,,100.40407592125513,2.4022,30,9,256,157,93,64,3.995816,0,ok,logs/seed_628956.log
780144,irt_only,GHEFT,0,0.0,0,0,1,2.0204,2.2119,4.2323,,,,,,,,,,,,,,,,,98.89863204290273,2.7124,27,8,261,148,81,67,4.218446,0,ok,logs/seed_780144.log
334837,irt_only,GHEFT,0,0.0,0,0,1,1.8596,2.0327,3.8923,,,,,,,,,,,,,,,,,84.6281476083151,2.2163,34,9,271,150,90,60,4.333182,0,ok,logs/seed_334837.log
891279,irt_only,GHEFT,0,0.0,0,0,1,1.7986,2.5029,4.3015,,,,,,,,,,,,,,,,,96.57336132203389,2.8349,33,10,277,147,75,72,4.257448,0,ok,logs/seed_891279.log
345873,irt_only,GHEFT,0,0.0,0,0,1,2.1124,2.4342,4.5466,,,,,,,,,,,,,,,,,96.77138424962854,2.6193,30,10,266,160,90,70,4.003607,0,ok,logs/seed_345873.log
623016,irt_only,GHEFT,0,0.0,0,0,1,2.2286,3.1734,5.402,,,,,,,,,,,,,,,,,102.91568639578217,3.4943,34,10,268,150,82,68,4.661043,0,ok,logs/seed_623016.log
956557,irt_only,GHEFT,0,0.0,0,0,1,1.9307,2.1594,4.0901,,,,,,,,,,,,,,,,,94.00609409183026,2.8188,29,11,263,155,91,64,4.370371,0,ok,logs/seed_956557.log
911304,irt_only,GHEFT,0,0.0,0,0,1,1.7351,2.1319,3.867,,,,,,,,,,,,,,,,,79.0695428368513,1.8775,28,10,271,128,80,48,4.297965,0,ok,logs/seed_911304.log
468687,irt_only,GHEFT,0,0.0,0,0,1,1.8653,2.1367,4.002,,,,,,,,,,,,,,,,,91.33212837722908,2.8792,33,11,289,154,89,65,4.532945,0,ok,logs/seed_468687.log
312412,irt_only,GHEFT,0,0.0,0,0,1,1.9213,1.9888,3.9101,,,,,,,,,,,,,,,,,91.7477527182127,1.6354,26,8,245,129,78,51,3.819926,0,ok,logs/seed_312412.log
111575,irt_only,GHEFT,0,0.0,0,0,1,1.7396,2.3342,4.0738,,,,,,,,,,,,,,,,,109.80323985767147,2.8019,32,10,263,140,82,58,5.167069,0,ok,logs/seed_111575.log
974625,irt_only,GHEFT,0,0.0,0,0,1,2.1491,2.3095,4.4586,,,,,,,,,,,,,,,,,99.80290888276396,3.2126,33,11,256,143,76,67,4.716949,0,ok,logs/seed_974625.log
281753,irt_only,GHEFT,0,0.0,0,0,1,1.9026,2.6343,4.5369,,,,,,,,,,,,,,,,,99.69487294337122,2.3175,28,9,248,140,80,60,4.509601,0,ok,logs/seed_281753.log
844027,irt_only,GHEFT,0,0.0,0,0,1,1.917,2.115,4.032,,,,,,,,,,,,,,,,,117.98401016086888,2.9044,36,11,279,158,99,59,4.578874,0,ok,logs/seed_844027.log
631749,irt_only,GHEFT,0,0.0,0,0,1,1.8353,2.094,3.9293,,,,,,,,,,,,,,,,,104.5642808669373,2.3395,35,10,276,145,86,59,4.092132,0,ok,logs/seed_631749.log
126909,irt_only,GHEFT,0,0.0,0,0,1,1.9553,1.9727,3.928,,,,,,,,,,,,,,,,,90.97812375919334,2.5687,30,9,274,148,85,63,4.177532,0,ok,logs/seed_126909.log
347245,irt_only,GHEFT,0,0.0,0,0,1,1.8529,2.6587,4.5116,,,,,,,,,,,,,,,,,105.76805162406013,2.6697,28,10,285,160,83,77,4.884443,0,ok,logs/seed_347245.log
932428,irt_only,GHEFT,0,0.0,0,0,1,2.1004,2.2898,4.3902,,,,,,,,,,,,,,,,,87.45053579134671,2.455,33,10,291,146,88,58,4.899692,0,ok,logs/seed_932428.log
543938,irt_only,GHEFT,0,0.0,0,0,1,1.9577,2.4909,4.4486,,,,,,,,,,,,,,,,,122.11990168051118,3.1867,25,9,217,156,91,65,3.681691,0,ok,logs/seed_543938.log
83676,irt_only,GHEFT,0,0.0,0,0,1,2.0714,2.223,4.2944,,,,,,,,,,,,,,,,,90.90817001861642,2.3637,26,9,238,121,68,53,4.459836,0,ok,logs/seed_83676.log
150986,irt_only,GHEFT,0,0.0,0,0,1,1.7119,2.2166,3.9285,,,,,,,,,,,,,,,,,114.65191858256637,3.0656,32,10,263,160,93,67,4.645771,0,ok,logs/seed_150986.log
661946,irt_only,GHEFT,0,0.0,0,0,1,1.6099,1.9489,3.5588,,,,,,,,,,,,,,,,,122.762615282392,2.7287,36,9,256,145,87,58,4.352418,0,ok,logs/seed_661946.log
328690,irt_only,GHEFT,0,0.0,0,0,1,1.7204,1.9921,3.7125,,,,,,,,,,,,,,,,,93.1335163088414,2.6055,30,10,267,134,86,48,4.486782,0,ok,logs/seed_328690.log
333147,irt_only,GHEFT,0,0.0,0,0,1,1.8501,1.8234,3.6735,,,,,,,,,,,,,,,,,84.5209776838546,2.2619,28,10,278,145,86,59,4.137036,0,ok,logs/seed_333147.log
880442,irt_only,GHEFT,0,0.0,0,0,1,1.9064,2.5064,4.4128,,,,,,,,,,,,,,,,,108.18060968465393,3.026,26,9,252,131,79,52,3.244524,0,ok,logs/seed_880442.log
790811,irt_only,GHEFT,0,0.0,0,0,1,1.9159,1.8553,3.7712,,,,,,,,,,,,,,,,,79.20509440559438,2.4825,33,11,301,149,90,59,5.423261,0,ok,logs/seed_790811.log
894789,irt_only,GHEFT,0,0.0,0,0,1,2.2044,2.0379,4.2423,,,,,,,,,,,,,,,,,85.18297727354715,2.2673,32,10,261,149,88,61,3.811176,0,ok,logs/seed_894789.log
774609,irt_only,GHEFT,0,0.0,0,0,1,1.8864,1.8977,3.7841,,,,,,,,,,,,,,,,,98.02193788372092,3.1011,33,10,273,174,102,72,4.669479,0,ok,logs/seed_774609.log
938046,irt_only,GHEFT,0,0.0,0,0,1,1.9181,2.4138,4.3319,,,,,,,,,,,,,,,,,96.80120888292292,2.1816,28,10,271,147,80,67,4.273091,0,ok,logs/seed_938046.log
679612,irt_only,GHEFT,0,0.0,0,0,1,1.8693,2.5501,4.4194,,,,,,,,,,,,,,,,,114.68428175460123,2.9896,24,9,265,157,89,68,3.972708,0,ok,logs/seed_679612.log
718594,irt_only,GHEFT,0,0.0,0,0,1,2.0834,2.3211,4.4045,,,,,,,,,,,,,,,,,96.85781857961724,2.425,30,10,233,151,94,57,3.264228,0,ok,logs/seed_718594.log
453524,irt_only,GHEFT,0,0.0,0,0,1,1.5255,2.5447,4.0702,,,,,,,,,,,,,,,,,115.81381940927437,3.5477,28,8,258,120,66,54,4.554938,0,ok,logs/seed_453524.log
690475,irt_only,GHEFT,0,0.0,0,0,1,1.9751,2.8441,4.8192,,,,,,,,,,,,,,,,,125.49783163633457,3.7321,30,9,269,157,94,63,4.56776,0,ok,logs/seed_690475.log
276650,irt_only,GHEFT,0,0.0,0,0,1,1.9316,2.5734,4.505,,,,,,,,,,,,,,,,,107.82256285401462,2.6507,34,10,283,165,89,76,4.774273,0,ok,logs/seed_276650.log
117981,irt_only,GHEFT,0,0.0,0,0,1,2.0236,2.9778,5.0014,,,,,,,,,,,,,,,,,108.8819819919379,3.3513,25,9,255,155,92,63,4.520838,0,ok,logs/seed_117981.log
120348,irt_only,GHEFT,0,0.0,0,0,1,1.9836,2.6066,4.5902,,,,,,,,,,,,,,,,,105.50370185036782,2.8209,30,10,268,151,97,54,4.483853,0,ok,logs/seed_120348.log
554439,irt_only,GHEFT,0,0.0,0,0,1,1.8553,2.1354,3.9907,,,,,,,,,,,,,,,,,107.433495521564,2.4112,31,9,280,140,86,54,4.207711,0,ok,logs/seed_554439.log
686198,irt_only,GHEFT,0,0.0,0,0,1,1.7713,2.7248,4.4961,,,,,,,,,,,,,,,,,131.0755810218978,3.6883,31,10,285,166,89,77,5.164505,0,ok,logs/seed_686198.log
823177,irt_only,GHEFT,0,0.0,0,0,1,1.8203,2.7255,4.5458,,,,,,,,,,,,,,,,,108.66112023897803,2.9566,29,10,274,139,83,56,4.521549,0,ok,logs/seed_823177.log
687817,irt_only,GHEFT,0,0.0,0,0,1,1.9228,2.3679,4.2907,,,,,,,,,,,,,,,,,93.45298865248226,2.6265,25,8,263,123,74,49,4.605178,0,ok,logs/seed_687817.log
430187,irt_only,GHEFT,0,0.0,0,0,1,1.8728,1.9933,3.8661,,,,,,,,,,,,,,,,,93.50359853410437,2.0605,29,9,266,150,86,64,3.639263,0,ok,logs/seed_430187.log
782746,irt_only,GHEFT,0,0.0,0,0,1,1.8995,2.3247,4.2242,,,,,,,,,,,,,,,,,95.54895894216165,2.6765,29,9,266,138,86,52,4.178831,0,ok,logs/seed_782746.log
