seed,variant,variant_display_label,is_baseline_nheft,configured_tolerance,configured_comp_advantage,configured_drt_advantage,configured_irt_advantage,ccr_data,idr_image,nccr_total,heft_makespan,heft_slr,heft_vcpus,heft_hosts,heft_instances,heft_image_dl_total,heft_image_from_repo,heft_image_from_host,dheft_makespan,dheft_slr,dheft_vcpus,dheft_hosts,dheft_instances,dheft_image_dl_total,dheft_image_from_repo,dheft_image_from_host,nheft_makespan,nheft_slr,nheft_vcpus,nheft_hosts,nheft_instances,nheft_image_dl_total,nheft_image_from_repo,nheft_image_from_host,time_sec,return_code,status,log_file
741896,irt_only,GHEFT,0,0.0,0,0,1,0.2313,0.1386,0.3699,,,,,,,,,,,,,,,,,50.3880674796748,1.5471,44,11,311,163,126,37,23.4071,0,ok,logs/seed_741896.log
430515,irt_only,GHEFT,0,0.0,0,0,1,0.2218,0.1487,0.3705,,,,,,,,,,,,,,,,,43.82711178365707,1.0836,42,10,324,150,126,24,25.87539,0,ok,logs/seed_430515.log
888075,irt_only,GHEFT,0,0.0,0,0,1,0.2213,0.1274,0.3487,,,,,,,,,,,,,,,,,50.82123259790402,1.3058,50,12,336,185,144,41,32.468261,0,ok,logs/seed_888075.log
914983,irt_only,GHEFT,0,0.0,0,0,1,0.2511,0.1688,0.4199,,,,,,,,,,,,,,,,,49.95688333333334,1.3987,47,12,301,156,118,38,25.775195,0,ok,logs/seed_914983.log
997971,irt_only,GHEFT,0,0.0,0,0,1,0.2234,0.123,0.3464,,,,,,,,,,,,,,,,,43.722332323722156,1.4732,52,11,342,176,133,43,37.436108,0,ok,logs/seed_997971.log
747642,irt_only,GHEFT,0,0.0,0,0,1,0.1969,0.1122,0.3091,,,,,,,,,,,,,,,,,45.808015622940005,1.0357,46,13,323,166,123,43,30.180272,0,ok,logs/seed_747642.log
664527,irt_only,GHEFT,0,0.0,0,0,1,0.2192,0.1691,0.3883,,,,,,,,,,,,,,,,,60.85672851686823,1.4786,43,10,331,149,119,30,52.83104,0,ok,logs/seed_664527.log
760044,irt_only,GHEFT,0,0.0,0,0,1,0.1924,0.1209,0.3133,,,,,,,,,,,,,,,,,55.30836350364964,1.0489,40,10,329,154,127,27,35.217545,0,ok,logs/seed_760044.log
215549,irt_only,GHEFT,0,0.0,0,0,1,0.2172,0.1507,0.3679,,,,,,,,,,,,,,,,,46.54359411469534,1.3171,44,9,327,146,118,28,62.553723,0,ok,logs/seed_215549.log
370191,irt_only,GHEFT,0,0.0,0,0,1,0.2068,0.147,0.3538,,,,,,,,,,,,,,,,,49.48241560283689,1.3973,52,10,326,139,107,32,35.527727,0,ok,logs/seed_370191.log
296947,irt_only,GHEFT,0,0.0,0,0,1,0.1926,0.151,0.3436,,,,,,,,,,,,,,,,,51.013771328671325,1.1148,48,11,334,154,109,45,32.646704,0,ok,logs/seed_296947.log
963598,irt_only,GHEFT,0,0.0,0,0,1,0.2282,0.1524,0.3806,,,,,,,,,,,,,,,,,46.9229644693474,1.2142,52,12,329,181,141,40,36.019031,0,ok,logs/seed_963598.log
388451,irt_only,GHEFT,0,0.0,0,0,1,0.2137,0.1369,0.3506,,,,,,,,,,,,,,,,,51.030355524079326,1.3553,46,11,344,160,123,37,26.821609,0,ok,logs/seed_388451.log
602873,irt_only,GHEFT,0,0.0,0,0,1,0.2015,0.1319,0.3334,,,,,,,,,,,,,,,,,56.29014021024967,1.1409,42,10,323,141,104,37,40.61148,0,ok,logs/seed_602873.log
122745,irt_only,GHEFT,0,0.0,0,0,1,0.2173,0.1247,0.342,,,,,,,,,,,,,,,,,41.16126018158236,1.1865,55,12,343,160,114,46,34.153764,0,ok,logs/seed_122745.log
484762,irt_only,GHEFT,0,0.0,0,0,1,0.2203,0.1587,0.379,,,,,,,,,,,,,,,,,44.82190341296928,1.274,43,10,310,158,128,30,29.205866,0,ok,logs/seed_484762.log
514215,irt_only,GHEFT,0,0.0,0,0,1,0.2342,0.1293,0.3635,,,,,,,,,,,,,,,,,51.85081515151515,1.3143,44,10,322,173,138,35,31.685348,0,ok,logs/seed_514215.log
601161,irt_only,GHEFT,0,0.0,0,0,1,0.1905,0.128,0.3185,,,,,,,,,,,,,,,,,55.15242460267005,1.2294,50,13,321,180,140,40,33.824753,0,ok,logs/seed_601161.log
78435,irt_only,GHEFT,0,0.0,0,0,1,0.1993,0.1204,0.3197,,,,,,,,,,,,,,,,,52.42938217054264,1.1963,51,13,324,187,144,43,26.764198,0,ok,logs/seed_78435.log
480957,irt_only,GHEFT,0,0.0,0,0,1,0.2225,0.1271,0.3496,,,,,,,,,,,,,,,,,42.815679968701104,1.2184,40,11,316,150,119,31,50.81491,0,ok,logs/seed_480957.log
113260,irt_only,GHEFT,0,0.0,0,0,1,0.2427,0.1626,0.4053,,,,,,,,,,,,,,,,,65.8627363071711,1.4429,47,12,320,169,114,55,126.060373,0,ok,logs/seed_113260.log
846854,irt_only,GHEFT,0,0.0,0,0,1,0.2086,0.1345,0.3431,,,,,,,,,,,,,,,,,43.36107831715209,1.2555,44,10,289,144,115,29,23.091775,0,ok,logs/seed_846854.log
422970,irt_only,GHEFT,0,0.0,0,0,1,0.2091,0.1604,0.3695,,,,,,,,,,,,,,,,,48.42872020529802,1.2433,52,11,316,140,110,30,27.046307,0,ok,logs/seed_422970.log
762973,irt_only,GHEFT,0,0.0,0,0,1,0.2451,0.1187,0.3638,,,,,,,,,,,,,,,,,43.80003416149069,1.064,45,10,324,168,140,28,23.623381,0,ok,logs/seed_762973.log
303068,irt_only,GHEFT,0,0.0,0,0,1,0.2526,0.1842,0.4368,,,,,,,,,,,,,,,,,44.02465714285715,1.2459,46,12,326,157,123,34,29.420297,0,ok,logs/seed_303068.log
701483,irt_only,GHEFT,0,0.0,0,0,1,0.2615,0.1683,0.4298,,,,,,,,,,,,,,,,,40.21263658310121,1.2949,45,13,313,170,136,34,17.176577,0,ok,logs/seed_701483.log
193272,irt_only,GHEFT,0,0.0,0,0,1,0.2225,0.1651,0.3876,,,,,,,,,,,,,,,,,55.4364407854985,1.2271,53,14,322,155,129,26,26.798608,0,ok,logs/seed_193272.log
609026,irt_only,GHEFT,0,0.0,0,0,1,0.2061,0.1358,0.3419,,,,,,,,,,,,,,,,,43.59619015691868,1.1989,57,12,343,176,141,35,36.858784,0,ok,logs/seed_609026.log
385324,irt_only,GHEFT,0,0.0,0,0,1,0.2345,0.1735,0.408,,,,,,,,,,,,,,,,,38.9289063973064,1.1955,45,10,319,144,124,20,25.137618,0,ok,logs/seed_385324.log
586699,irt_only,GHEFT,0,0.0,0,0,1,0.214,0.1498,0.3638,,,,,,,,,,,,,,,,,42.80685225225225,1.0985,49,10,303,164,132,32,23.890851,0,ok,logs/seed_586699.log
127154,irt_only,GHEFT,0,0.0,0,0,1,0.2497,0.1661,0.4158,,,,,,,,,,,,,,,,,40.019279290836664,1.4317,60,12,374,184,126,58,28.705196,0,ok,logs/seed_127154.log
140763,irt_only,GHEFT,0,0.0,0,0,1,0.2143,0.1372,0.3515,,,,,,,,,,,,,,,,,47.8720821192053,1.2495,50,11,336,174,138,36,25.469277,0,ok,logs/seed_140763.log
162375,irt_only,GHEFT,0,0.0,0,0,1,0.2415,0.1713,0.4128,,,,,,,,,,,,,,,,,45.00239965156794,1.1129,55,11,316,149,112,37,30.357118,0,ok,logs/seed_162375.log
320372,irt_only,GHEFT,0,0.0,0,0,1,0.2455,0.1851,0.4306,,,,,,,,,,,,,,,,,48.9364708645337,1.2958,51,11,320,173,122,51,24.333566,0,ok,logs/seed_320372.log
911752,irt_only,GHEFT,0,0.0,0,0,1,0.2574,0.1543,0.4117,,,,,,,,,,,,,,,,,52.800353813196224,1.3312,43,12,321,154,134,20,27.658709,0,ok,logs/seed_911752.log
185527,irt_only,GHEFT,0,0.0,0,0,1,0.229,0.1378,0.3668,,,,,,,,,,,,,,,,,56.64702826908542,1.166,43,9,328,154,121,33,27.957894,0,ok,logs/seed_185527.log
766339,irt_only,GHEFT,0,0.0,0,0,1,0.2435,0.1564,0.3999,,,,,,,,,,,,,,,,,56.5689528155054,1.4708,49,10,318,143,102,41,20.105159,0,ok,logs/seed_766339.log
911829,irt_only,GHEFT,0,0.0,0,0,1,0.2202,0.1424,0.3626,,,,,,,,,,,,,,,,,51.626720385232744,1.0215,48,11,337,157,106,51,25.86142,0,ok,logs/seed_911829.log
184906,irt_only,GHEFT,0,0.0,0,0,1,0.2347,0.1548,0.3895,,,,,,,,,,,,,,,,,48.35736132952109,1.1279,45,12,307,144,117,27,18.853959,0,ok,logs/seed_184906.log
189090,irt_only,GHEFT,0,0.0,0,0,1,0.235,0.1228,0.3578,,,,,,,,,,,,,,,,,38.26678518079096,1.0766,48,12,325,156,120,36,20.844923,0,ok,logs/seed_189090.log
355619,irt_only,GHEFT,0,0.0,0,0,1,0.1942,0.1403,0.3345,,,,,,,,,,,,,,,,,75.48304829097285,1.6376,47,13,325,175,145,30,19.681051,0,ok,logs/seed_355619.log
440123,irt_only,GHEFT,0,0.0,0,0,1,0.2072,0.154,0.3612,,,,,,,,,,,,,,,,,59.29256434108529,1.2809,48,12,337,183,128,55,22.013498,0,ok,logs/seed_440123.log
65843,irt_only,GHEFT,0,0.0,0,0,1,0.2363,0.1281,0.3644,,,,,,,,,,,,,,,,,37.1701982972973,1.0476,42,10,283,118,96,22,13.67419,0,ok,logs/seed_65843.log
356002,irt_only,GHEFT,0,0.0,0,0,1,0.2457,0.1359,0.3816,,,,,,,,,,,,,,,,,41.38008296529968,1.0948,44,10,317,141,120,21,20.861938,0,ok,logs/seed_356002.log
546160,irt_only,GHEFT,0,0.0,0,0,1,0.2369,0.1408,0.3777,,,,,,,,,,,,,,,,,56.4763409937888,1.0069,53,13,309,187,145,42,20.893778,0,ok,logs/seed_546160.log
466702,irt_only,GHEFT,0,0.0,0,0,1,0.1884,0.102,0.2904,,,,,,,,,,,,,,,,,41.79276867469879,1.1721,42,10,341,158,114,44,25.596532,0,ok,logs/seed_466702.log
108594,irt_only,GHEFT,0,0.0,0,0,1,0.2085,0.1338,0.3423,,,,,,,,,,,,,,,,,44.51933076923077,1.29,51,12,320,161,123,38,21.951723,0,ok,logs/seed_108594.log
302326,irt_only,GHEFT,0,0.0,0,0,1,0.2365,0.143,0.3795,,,,,,,,,,,,,,,,,41.678292017416545,1.0293,49,10,332,168,120,48,21.611799,0,ok,logs/seed_302326.log
830943,irt_only,GHEFT,0,0.0,0,0,1,0.2394,0.1357,0.3751,,,,,,,,,,,,,,,,,38.66227003699137,1.0991,42,10,299,117,87,30,18.371259,0,ok,logs/seed_830943.log
774892,irt_only,GHEFT,0,0.0,0,0,1,0.2166,0.1186,0.3352,,,,,,,,,,,,,,,,,44.24034713686535,1.0996,56,11,353,163,117,46,25.867206,0,ok,logs/seed_774892.log
317399,irt_only,GHEFT,0,0.0,0,0,1,0.235,0.137,0.372,,,,,,,,,,,,,,,,,39.026821652421646,1.0865,50,12,349,182,138,44,22.36988,0,ok,logs/seed_317399.log
179499,irt_only,GHEFT,0,0.0,0,0,1,0.2275,0.1367,0.3642,,,,,,,,,,,,,,,,,43.19208528267476,1.0912,54,14,332,174,134,40,18.689414,0,ok,logs/seed_179499.log
551935,irt_only,GHEFT,0,0.0,0,0,1,0.2482,0.1607,0.4089,,,,,,,,,,,,,,,,,59.91223712737127,1.1832,49,9,325,154,129,25,23.235676,0,ok,logs/seed_551935.log
751687,irt_only,GHEFT,0,0.0,0,0,1,0.2118,0.1089,0.3207,,,,,,,,,,,,,,,,,47.88105242203052,1.3658,49,11,304,181,137,44,19.63921,0,ok,logs/seed_751687.log
531148,irt_only,GHEFT,0,0.0,0,0,1,0.2172,0.127,0.3442,,,,,,,,,,,,,,,,,52.30972018181817,1.1275,65,14,349,192,141,51,24.785498,0,ok,logs/seed_531148.log
594138,irt_only,GHEFT,0,0.0,0,0,1,0.2463,0.1509,0.3972,,,,,,,,,,,,,,,,,36.3010128440367,1.0656,50,10,306,154,120,34,17.638771,0,ok,logs/seed_594138.log
702028,irt_only,GHEFT,0,0.0,0,0,1,0.2386,0.1357,0.3743,,,,,,,,,,,,,,,,,45.122370418470425,1.1619,47,13,324,183,146,37,22.003389,0,ok,logs/seed_702028.log
492022,irt_only,GHEFT,0,0.0,0,0,1,0.2099,0.1299,0.3398,,,,,,,,,,,,,,,,,52.14975789473684,1.3668,56,12,338,189,132,57,20.856686,0,ok,logs/seed_492022.log
231332,irt_only,GHEFT,0,0.0,0,0,1,0.2329,0.1457,0.3786,,,,,,,,,,,,,,,,,41.27105702686109,1.1702,54,13,338,152,112,40,24.217925,0,ok,logs/seed_231332.log
147537,irt_only,GHEFT,0,0.0,0,0,1,0.2447,0.1506,0.3953,,,,,,,,,,,,,,,,,49.84098590971273,1.0922,57,14,337,177,147,30,25.046296,0,ok,logs/seed_147537.log
109654,irt_only,GHEFT,0,0.0,0,0,1,0.2096,0.153,0.3626,,,,,,,,,,,,,,,,,46.7003318077198,1.1437,48,12,325,162,132,30,25.843624,0,ok,logs/seed_109654.log
357820,irt_only,GHEFT,0,0.0,0,0,1,0.1925,0.135,0.3275,,,,,,,,,,,,,,,,,37.01523564356436,1.2677,39,9,328,142,119,23,21.404785,0,ok,logs/seed_357820.log
813854,irt_only,GHEFT,0,0.0,0,0,1,0.2202,0.1371,0.3573,,,,,,,,,,,,,,,,,45.199961185006046,1.043,44,10,315,153,129,24,22.67875,0,ok,logs/seed_813854.log
840701,irt_only,GHEFT,0,0.0,0,0,1,0.2148,0.1507,0.3655,,,,,,,,,,,,,,,,,51.68828235294117,1.1877,49,11,360,168,137,31,26.941669,0,ok,logs/seed_840701.log
528112,irt_only,GHEFT,0,0.0,0,0,1,0.2479,0.1541,0.402,,,,,,,,,,,,,,,,,42.16462697095436,1.0053,53,11,322,154,125,29,19.828365,0,ok,logs/seed_528112.log
610245,irt_only,GHEFT,0,0.0,0,0,1,0.2422,0.1574,0.3996,,,,,,,,,,,,,,,,,48.446342260442265,1.3244,57,14,332,175,129,46,21.121069,0,ok,logs/seed_610245.log
540631,irt_only,GHEFT,0,0.0,0,0,1,0.2265,0.1257,0.3522,,,,,,,,,,,,,,,,,47.271153131908626,1.3521,43,10,323,157,122,35,22.90276,0,ok,logs/seed_540631.log
670354,irt_only,GHEFT,0,0.0,0,0,1,0.2289,0.1353,0.3642,,,,,,,,,,,,,,,,,45.21700260513644,1.1274,49,12,324,164,135,29,19.774191,0,ok,logs/seed_670354.log
416284,irt_only,GHEFT,0,0.0,0,0,1,0.2335,0.1608,0.3943,,,,,,,,,,,,,,,,,42.5780881091618,1.245,55,13,324,173,134,39,21.447526,0,ok,logs/seed_416284.log
853922,irt_only,GHEFT,0,0.0,0,0,1,0.2411,0.184,0.4251,,,,,,,,,,,,,,,,,41.927010058740265,1.0092,49,10,317,154,118,36,20.184805,0,ok,logs/seed_853922.log
703771,irt_only,GHEFT,0,0.0,0,0,1,0.236,0.1717,0.4077,,,,,,,,,,,,,,,,,40.542317328519864,1.1092,56,13,320,167,126,41,20.951398,0,ok,logs/seed_703771.log
131782,irt_only,GHEFT,0,0.0,0,0,1,0.2321,0.1493,0.3814,,,,,,,,,,,,,,,,,39.43968336882128,1.2373,52,11,316,140,102,38,20.881029,0,ok,logs/seed_131782.log
793335,irt_only,GHEFT,0,0.0,0,0,1,0.2369,0.1706,0.4075,,,,,,,,,,,,,,,,,38.75897667567567,1.0991,50,12,304,164,122,42,20.661865,0,ok,logs/seed_793335.log
829835,irt_only,GHEFT,0,0.0,0,0,1,0.2016,0.1237,0.3253,,,,,,,,,,,,,,,,,44.54712139973083,1.2411,49,11,315,152,128,24,25.214645,0,ok,logs/seed_829835.log
517538,irt_only,GHEFT,0,0.0,0,0,1,0.2408,0.133,0.3738,,,,,,,,,,,,,,,,,49.293536898395736,1.2319,56,13,333,182,146,36,25.493475,0,ok,logs/seed_517538.log
432977,irt_only,GHEFT,0,0.0,0,0,1,0.2291,0.1364,0.3655,,,,,,,,,,,,,,,,,48.9428755926251,1.0897,50,12,334,168,129,39,23.85074,0,ok,logs/seed_432977.log
202788,irt_only,GHEFT,0,0.0,0,0,1,0.2367,0.1455,0.3822,,,,,,,,,,,,,,,,,42.952180246913585,1.0953,46,10,309,150,113,37,22.648435,0,ok,logs/seed_202788.log
455331,irt_only,GHEFT,0,0.0,0,0,1,0.2415,0.1365,0.378,,,,,,,,,,,,,,,,,43.72606175972927,1.1432,49,11,325,173,140,33,20.281597,0,ok,logs/seed_455331.log
795054,irt_only,GHEFT,0,0.0,0,0,1,0.2404,0.1426,0.383,,,,,,,,,,,,,,,,,43.72211707317073,1.3368,46,9,303,148,109,39,17.582489,0,ok,logs/seed_795054.log
612732,irt_only,GHEFT,0,0.0,0,0,1,0.232,0.1234,0.3554,,,,,,,,,,,,,,,,,38.594295969773306,1.2225,49,12,306,136,104,32,19.62184,0,ok,logs/seed_612732.log
753523,irt_only,GHEFT,0,0.0,0,0,1,0.2187,0.1388,0.3575,,,,,,,,,,,,,,,,,53.813815902964954,1.3772,42,10,312,139,109,30,19.571725,0,ok,logs/seed_753523.log
239744,irt_only,GHEFT,0,0.0,0,0,1,0.2258,0.1495,0.3753,,,,,,,,,,,,,,,,,62.65401896813354,1.4557,51,11,336,170,146,24,23.167739,0,ok,logs/seed_239744.log
838648,irt_only,GHEFT,0,0.0,0,0,1,0.2378,0.143,0.3808,,,,,,,,,,,,,,,,,44.86590760869565,1.068,48,12,319,171,139,32,19.738855,0,ok,logs/seed_838648.log
115403,irt_only,GHEFT,0,0.0,0,0,1,0.2016,0.1191,0.3207,,,,,,,,,,,,,,,,,45.50099380530973,1.0778,43,11,309,150,107,43,19.526942,0,ok,logs/seed_115403.log
712189,irt_only,GHEFT,0,0.0,0,0,1,0.2453,0.1724,0.4177,,,,,,,,,,,,,,,,,46.12079406099519,1.3711,58,13,337,190,139,51,23.105874,0,ok,logs/seed_712189.log
873143,irt_only,GHEFT,0,0.0,0,0,1,0.2163,0.1208,0.3371,,,,,,,,,,,,,,,,,40.72471951219512,1.42,45,11,313,156,129,27,21.424489,0,ok,logs/seed_873143.log
877233,irt_only,GHEFT,0,0.0,0,0,1,0.2131,0.1151,0.3282,,,,,,,,,,,,,,,,,39.6887516050605,1.0837,47,12,321,156,115,41,25.96113,0,ok,logs/seed_877233.log
663658,irt_only,GHEFT,0,0.0,0,0,1,0.241,0.1782,0.4192,,,,,,,,,,,,,,,,,56.052601186943605,1.4558,57,11,335,183,140,43,19.276882,0,ok,logs/seed_663658.log
656054,irt_only,GHEFT,0,0.0,0,0,1,0.2167,0.1015,0.3182,,,,,,,,,,,,,,,,,37.28450911270983,1.0583,47,11,354,146,110,36,26.285278,0,ok,logs/seed_656054.log
464471,irt_only,GHEFT,0,0.0,0,0,1,0.2271,0.1583,0.3854,,,,,,,,,,,,,,,,,40.401294059405934,1.1217,51,10,325,141,110,31,22.50026,0,ok,logs/seed_464471.log
586510,irt_only,GHEFT,0,0.0,0,0,1,0.2236,0.1574,0.381,,,,,,,,,,,,,,,,,41.10409478827361,1.2686,47,10,324,132,104,28,21.575995,0,ok,logs/seed_586510.log
50264,irt_only,GHEFT,0,0.0,0,0,1,0.2244,0.146,0.3704,,,,,,,,,,,,,,,,,41.253498630136995,1.135,55,11,319,164,116,48,22.30341,0,ok,logs/seed_50264.log
719048,irt_only,GHEFT,0,0.0,0,0,1,0.2412,0.1766,0.4178,,,,,,,,,,,,,,,,,46.66220026924403,1.2589,55,11,342,160,121,39,26.478499,0,ok,logs/seed_719048.log
677021,irt_only,GHEFT,0,0.0,0,0,1,0.2214,0.1563,0.3777,,,,,,,,,,,,,,,,,37.24697399829497,1.0192,50,12,323,151,122,29,19.794438,0,ok,logs/seed_677021.log
861718,irt_only,GHEFT,0,0.0,0,0,1,0.2516,0.1636,0.4152,,,,,,,,,,,,,,,,,41.42736020260492,1.3982,61,13,338,175,129,46,23.285455,0,ok,logs/seed_861718.log
495401,irt_only,GHEFT,0,0.0,0,0,1,0.2268,0.1215,0.3483,,,,,,,,,,,,,,,,,40.11200421836228,1.1611,51,11,334,160,124,36,25.72783,0,ok,logs/seed_495401.log
209510,irt_only,GHEFT,0,0.0,0,0,1,0.2271,0.1389,0.366,,,,,,,,,,,,,,,,,53.39203708759955,1.247,42,8,312,130,106,24,20.342126,0,ok,logs/seed_209510.log
743312,irt_only,GHEFT,0,0.0,0,0,1,0.2381,0.1712,0.4093,,,,,,,,,,,,,,,,,38.395901362862006,1.2352,46,11,291,146,100,46,19.634023,0,ok,logs/seed_743312.log
212694,irt_only,GHEFT,0,0.0,0,0,1,0.2149,0.152,0.3669,,,,,,,,,,,,,,,,,46.27046153846154,1.5392,46,13,321,170,127,43,21.950475,0,ok,logs/seed_212694.log
224701,irt_only,GHEFT,0,0.0,0,0,1,0.2213,0.134,0.3553,,,,,,,,,,,,,,,,,53.53449737609329,1.23,41,11,303,166,122,44,19.681971,0,ok,logs/seed_224701.log
861434,irt_only,GHEFT,0,0.0,0,0,1,0.2334,0.1513,0.3847,,,,,,,,,,,,,,,,,45.352236902485664,1.2621,47,11,307,170,135,35,23.330498,0,ok,logs/seed_861434.log
844102,irt_only,GHEFT,0,0.0,0,0,1,0.2074,0.1336,0.341,,,,,,,,,,,,,,,,,49.98828374384235,1.1343,48,11,324,160,121,39,20.486408,0,ok,logs/seed_844102.log
722064,irt_only,GHEFT,0,0.0,0,0,1,0.2121,0.1361,0.3482,,,,,,,,,,,,,,,,,40.4393353925354,1.2256,45,9,303,162,122,40,23.052993,0,ok,logs/seed_722064.log
549862,irt_only,GHEFT,0,0.0,0,0,1,0.2488,0.1384,0.3872,,,,,,,,,,,,,,,,,38.69889812778317,1.0658,43,11,325,170,130,40,19.057956,0,ok,logs/seed_549862.log
2010,irt_only,GHEFT,0,0.0,0,0,1,0.2383,0.1246,0.3629,,,,,,,,,,,,,,,,,44.116269565217394,1.0539,47,12,346,183,139,44,23.440682,0,ok,logs/seed_2010.log
796027,irt_only,GHEFT,0,0.0,0,0,1,0.2221,0.1179,0.34,,,,,,,,,,,,,,,,,54.27562273656231,1.4606,37,9,291,152,123,29,18.468508,0,ok,logs/seed_796027.log
401997,irt_only,GHEFT,0,0.0,0,0,1,0.1971,0.1267,0.3238,,,,,,,,,,,,,,,,,46.96203451327433,1.2286,48,12,313,163,127,36,23.631241,0,ok,logs/seed_401997.log
35721,irt_only,GHEFT,0,0.0,0,0,1,0.264,0.1376,0.4016,,,,,,,,,,,,,,,,,44.531435746606334,1.2441,51,11,321,156,117,39,19.685804,0,ok,logs/seed_35721.log
724068,irt_only,GHEFT,0,0.0,0,0,1,0.2297,0.1528,0.3825,,,,,,,,,,,,,,,,,42.86064146023468,1.0705,51,11,360,172,131,41,26.967625,0,ok,logs/seed_724068.log
800182,irt_only,GHEFT,0,0.0,0,0,1,0.2034,0.1406,0.344,,,,,,,,,,,,,,,,,54.62252750809062,1.4339,53,11,318,165,120,45,21.733641,0,ok,logs/seed_800182.log
937614,irt_only,GHEFT,0,0.0,0,0,1,0.2007,0.1481,0.3488,,,,,,,,,,,,,,,,,45.35065294117647,1.1948,40,11,305,163,126,37,20.712673,0,ok,logs/seed_937614.log
722394,irt_only,GHEFT,0,0.0,0,0,1,0.2135,0.1717,0.3852,,,,,,,,,,,,,,,,,49.57130085931559,1.306,46,11,318,173,136,37,19.023792,0,ok,logs/seed_722394.log
509760,irt_only,GHEFT,0,0.0,0,0,1,0.2236,0.1365,0.3601,,,,,,,,,,,,,,,,,52.7348280353201,1.2422,49,11,338,174,130,44,25.1502,0,ok,logs/seed_509760.log
70327,irt_only,GHEFT,0,0.0,0,0,1,0.2134,0.1252,0.3386,,,,,,,,,,,,,,,,,54.80919329608938,1.2421,42,10,309,145,114,31,21.664074,0,ok,logs/seed_70327.log
750147,irt_only,GHEFT,0,0.0,0,0,1,0.2751,0.1656,0.4407,,,,,,,,,,,,,,,,,46.90458397737983,1.1177,51,9,320,149,126,23,21.816162,0,ok,logs/seed_750147.log
460446,irt_only,GHEFT,0,0.0,0,0,1,0.2352,0.1614,0.3966,,,,,,,,,,,,,,,,,55.030238500635335,1.0702,46,11,333,182,149,33,21.394835,0,ok,logs/seed_460446.log
748846,irt_only,GHEFT,0,0.0,0,0,1,0.215,0.1551,0.3701,,,,,,,,,,,,,,,,,46.35244538498212,1.4738,42,9,306,146,120,26,20.390432,0,ok,logs/seed_748846.log
610796,irt_only,GHEFT,0,0.0,0,0,1,0.2188,0.1493,0.3681,,,,,,,,,,,,,,,,,52.656528951486685,1.0982,49,11,341,163,118,45,26.581489,0,ok,logs/seed_610796.log
372755,irt_only,GHEFT,0,0.0,0,0,1,0.2435,0.1521,0.3956,,,,,,,,,,,,,,,,,46.730501,1.4341,47,11,300,160,132,28,21.402137,0,ok,logs/seed_372755.log
324404,irt_only,GHEFT,0,0.0,0,0,1,0.2245,0.1266,0.3511,,,,,,,,,,,,,,,,,46.05263271162124,1.5042,43,9,295,146,116,30,20.842903,0,ok,logs/seed_324404.log
138451,irt_only,GHEFT,0,0.0,0,0,1,0.2276,0.1582,0.3858,,,,,,,,,,,,,,,,,73.65342484076433,1.6046,45,11,296,170,138,32,23.416664,0,ok,logs/seed_138451.log
117059,irt_only,GHEFT,0,0.0,0,0,1,0.2323,0.1531,0.3854,,,,,,,,,,,,,,,,,42.3536412517781,1.2391,42,11,310,154,120,34,20.960538,0,ok,logs/seed_117059.log
976782,irt_only,GHEFT,0,0.0,0,0,1,0.2182,0.1363,0.3545,,,,,,,,,,,,,,,,,53.32710396600565,1.1858,51,11,326,173,139,34,19.802873,0,ok,logs/seed_976782.log
574644,irt_only,GHEFT,0,0.0,0,0,1,0.251,0.1666,0.4176,,,,,,,,,,,,,,,,,57.2975799837266,1.1377,50,13,315,183,147,36,20.485069,0,ok,logs/seed_574644.log
435308,irt_only,GHEFT,0,0.0,0,0,1,0.2473,0.136,0.3833,,,,,,,,,,,,,,,,,47.58051644562333,1.0938,44,10,323,153,113,40,19.361656,0,ok,logs/seed_435308.log
635612,irt_only,GHEFT,0,0.0,0,0,1,0.2156,0.1295,0.3451,,,,,,,,,,,,,,,,,49.982726796589525,1.1467,46,10,323,177,146,31,24.393026,0,ok,logs/seed_635612.log
289817,irt_only,GHEFT,0,0.0,0,0,1,0.2119,0.1297,0.3416,,,,,,,,,,,,,,,,,44.24507521613834,1.2783,45,10,318,148,119,29,21.872496,0,ok,logs/seed_289817.log
639065,irt_only,GHEFT,0,0.0,0,0,1,0.2577,0.1613,0.419,,,,,,,,,,,,,,,,,51.577834453781506,1.2618,50,11,324,157,125,32,24.902663,0,ok,logs/seed_639065.log
650943,irt_only,GHEFT,0,0.0,0,0,1,0.2274,0.1198,0.3472,,,,,,,,,,,,,,,,,42.66111598951506,1.0913,46,11,321,157,124,33,24.518158,0,ok,logs/seed_650943.log
110055,irt_only,GHEFT,0,0.0,0,0,1,0.1961,0.1142,0.3103,,,,,,,,,,,,,,,,,47.36290487804879,1.216,48,11,344,176,119,57,21.948921,0,ok,logs/seed_110055.log
117791,irt_only,GHEFT,0,0.0,0,0,1,0.2441,0.1433,0.3874,,,,,,,,,,,,,,,,,43.36700944250364,1.1553,53,10,327,167,122,45,20.025536,0,ok,logs/seed_117791.log
124685,irt_only,GHEFT,0,0.0,0,0,1,0.2158,0.1297,0.3455,,,,,,,,,,,,,,,,,51.47156833046473,1.3108,50,15,316,160,125,35,20.011015,0,ok,logs/seed_124685.log
997328,irt_only,GHEFT,0,0.0,0,0,1,0.2092,0.1337,0.3429,,,,,,,,,,,,,,,,,47.46615048543689,1.3667,53,11,343,178,117,61,20.830113,0,ok,logs/seed_997328.log
655714,irt_only,GHEFT,0,0.0,0,0,1,0.2405,0.1587,0.3992,,,,,,,,,,,,,,,,,52.36442755585646,1.4791,38,8,319,143,109,34,17.967001,0,ok,logs/seed_655714.log
512136,irt_only,GHEFT,0,0.0,0,0,1,0.2292,0.1272,0.3564,,,,,,,,,,,,,,,,,43.95334671528841,1.1172,48,13,323,148,110,38,13.549578,0,ok,logs/seed_512136.log
695034,irt_only,GHEFT,0,0.0,0,0,1,0.2216,0.141,0.3626,,,,,,,,,,,,,,,,,46.59195246728973,1.0986,49,10,316,167,144,23,14.556547,0,ok,logs/seed_695034.log
539246,irt_only,GHEFT,0,0.0,0,0,1,0.201,0.1478,0.3488,,,,,,,,,,,,,,,,,47.78143591160221,1.3363,38,9,288,134,89,45,6.407128,0,ok,logs/seed_539246.log
354388,irt_only,GHEFT,0,0.0,0,0,1,0.2342,0.137,0.3712,,,,,,,,,,,,,,,,,43.404474492286106,1.107,54,14,350,193,140,53,22.923301,0,ok,logs/seed_354388.log
282392,irt_only,GHEFT,0,0.0,0,0,1,0.2189,0.1608,0.3797,,,,,,,,,,,,,,,,,39.810647639484976,1.1173,51,13,334,158,119,39,25.004949,0,ok,logs/seed_282392.log
465345,irt_only,GHEFT,0,0.0,0,0,1,0.2383,0.1659,0.4042,,,,,,,,,,,,,,,,,41.58540938852097,1.1709,46,10,327,155,123,32,20.179822,0,ok,logs/seed_465345.log
276209,irt_only,GHEFT,0,0.0,0,0,1,0.2183,0.1188,0.3371,,,,,,,,,,,,,,,,,58.79604958364874,1.4987,40,9,298,145,124,21,18.39162,0,ok,logs/seed_276209.log
48268,irt_only,GHEFT,0,0.0,0,0,1,0.235,0.1551,0.3901,,,,,,,,,,,,,,,,,49.39585084745763,1.2069,52,12,328,186,134,52,23.783862,0,ok,logs/seed_48268.log
312904,irt_only,GHEFT,0,0.0,0,0,1,0.2619,0.1707,0.4326,,,,,,,,,,,,,,,,,42.11068861209964,1.0864,44,8,296,149,116,33,21.144076,0,ok,logs/seed_312904.log
95163,irt_only,GHEFT,0,0.0,0,0,1,0.2449,0.1962,0.4411,,,,,,,,,,,,,,,,,46.19093300970873,1.2226,48,11,324,169,135,34,24.195502,0,ok,logs/seed_95163.log
739903,irt_only,GHEFT,0,0.0,0,0,1,0.2217,0.1458,0.3675,,,,,,,,,,,,,,,,,48.464100000000016,1.3649,46,11,311,157,135,22,19.302568,0,ok,logs/seed_739903.log
527611,irt_only,GHEFT,0,0.0,0,0,1,0.2089,0.1217,0.3306,,,,,,,,,,,,,,,,,43.14800557029178,1.2145,46,11,314,160,124,36,24.184823,0,ok,logs/seed_527611.log
591781,irt_only,GHEFT,0,0.0,0,0,1,0.2441,0.1515,0.3956,,,,,,,,,,,,,,,,,43.04567332053742,1.0433,49,10,345,157,128,29,24.781315,0,ok,logs/seed_591781.log
10602,irt_only,GHEFT,0,0.0,0,0,1,0.226,0.1549,0.3809,,,,,,,,,,,,,,,,,35.7488,1.1063,46,11,318,146,125,21,21.282955,0,ok,logs/seed_10602.log
91728,irt_only,GHEFT,0,0.0,0,0,1,0.2579,0.1308,0.3887,,,,,,,,,,,,,,,,,57.5392682034976,1.5206,47,10,312,153,122,31,22.078912,0,ok,logs/seed_91728.log
777150,irt_only,GHEFT,0,0.0,0,0,1,0.2238,0.1389,0.3627,,,,,,,,,,,,,,,,,42.498921683287165,1.1579,50,9,314,139,111,28,15.404044,0,ok,logs/seed_777150.log
761499,irt_only,GHEFT,0,0.0,0,0,1,0.2211,0.1332,0.3543,,,,,,,,,,,,,,,,,44.26369156939041,1.063,42,10,328,161,132,29,16.156835,0,ok,logs/seed_761499.log
453482,irt_only,GHEFT,0,0.0,0,0,1,0.2328,0.1638,0.3966,,,,,,,,,,,,,,,,,45.84715949056605,1.3672,43,10,297,146,119,27,7.257983,0,ok,logs/seed_453482.log
562121,irt_only,GHEFT,0,0.0,0,0,1,0.2173,0.1318,0.3491,,,,,,,,,,,,,,,,,44.49471755450874,1.176,41,9,289,149,126,23,19.625668,0,ok,logs/seed_562121.log
770979,irt_only,GHEFT,0,0.0,0,0,1,0.2083,0.1313,0.3396,,,,,,,,,,,,,,,,,49.166081098546044,1.2283,44,12,302,156,132,24,18.518234,0,ok,logs/seed_770979.log
703949,irt_only,GHEFT,0,0.0,0,0,1,0.2214,0.1488,0.3702,,,,,,,,,,,,,,,,,41.26514715384615,1.0708,45,12,318,153,128,25,19.831157,0,ok,logs/seed_703949.log
314686,irt_only,GHEFT,0,0.0,0,0,1,0.2165,0.1027,0.3192,,,,,,,,,,,,,,,,,49.23677121046893,1.0708,49,10,312,149,113,36,20.624712,0,ok,logs/seed_314686.log
475760,irt_only,GHEFT,0,0.0,0,0,1,0.2267,0.1664,0.3931,,,,,,,,,,,,,,,,,43.04435746687696,1.1838,55,12,347,173,130,43,29.24932,0,ok,logs/seed_475760.log
595079,irt_only,GHEFT,0,0.0,0,0,1,0.2398,0.1436,0.3834,,,,,,,,,,,,,,,,,41.97939494949495,1.2448,48,11,311,169,127,42,15.154878,0,ok,logs/seed_595079.log
27243,irt_only,GHEFT,0,0.0,0,0,1,0.2142,0.1406,0.3548,,,,,,,,,,,,,,,,,46.1522522875817,1.1187,52,12,321,180,128,52,28.508785,0,ok,logs/seed_27243.log
143022,irt_only,GHEFT,0,0.0,0,0,1,0.2349,0.1772,0.4121,,,,,,,,,,,,,,,,,46.31120348258706,1.0251,47,12,297,149,122,27,29.236894,0,ok,logs/seed_143022.log
958432,irt_only,GHEFT,0,0.0,0,0,1,0.2175,0.1319,0.3494,,,,,,,,,,,,,,,,,57.0808780160858,1.2195,44,12,312,175,133,42,23.147212,0,ok,logs/seed_958432.log
799339,irt_only,GHEFT,0,0.0,0,0,1,0.2497,0.1664,0.4161,,,,,,,,,,,,,,,,,37.18002724224644,1.0641,48,10,328,172,125,47,27.437625,0,ok,logs/seed_799339.log
953842,irt_only,GHEFT,0,0.0,0,0,1,0.2182,0.1477,0.3659,,,,,,,,,,,,,,,,,46.139408733624464,1.2411,48,13,318,174,151,23,29.558021,0,ok,logs/seed_953842.log
937400,irt_only,GHEFT,0,0.0,0,0,1,0.2422,0.1455,0.3877,,,,,,,,,,,,,,,,,44.17753733047823,1.2316,45,10,330,168,140,28,28.733238,0,ok,logs/seed_937400.log
919932,irt_only,GHEFT,0,0.0,0,0,1,0.2192,0.1628,0.382,,,,,,,,,,,,,,,,,48.936877740863785,1.4073,51,11,333,168,137,31,28.199327,0,ok,logs/seed_919932.log
786261,irt_only,GHEFT,0,0.0,0,0,1,0.2149,0.1763,0.3912,,,,,,,,,,,,,,,,,61.28475315315315,1.506,48,10,310,166,135,31,26.289571,0,ok,logs/seed_786261.log
266747,irt_only,GHEFT,0,0.0,0,0,1,0.219,0.1288,0.3478,,,,,,,,,,,,,,,,,37.282485462555066,1.1741,51,12,307,156,125,31,29.633612,0,ok,logs/seed_266747.log
394465,irt_only,GHEFT,0,0.0,0,0,1,0.2009,0.1528,0.3537,,,,,,,,,,,,,,,,,58.37972411347517,1.4352,45,11,332,147,128,19,28.362103,0,ok,logs/seed_394465.log
725987,irt_only,GHEFT,0,0.0,0,0,1,0.2106,0.1193,0.3299,,,,,,,,,,,,,,,,,60.52171612903224,1.0966,51,12,342,191,157,34,43.114357,0,ok,logs/seed_725987.log
224478,irt_only,GHEFT,0,0.0,0,0,1,0.2019,0.1418,0.3437,,,,,,,,,,,,,,,,,55.030098561151085,1.1297,51,11,335,172,127,45,35.063561,0,ok,logs/seed_224478.log
408636,irt_only,GHEFT,0,0.0,0,0,1,0.2216,0.1392,0.3608,,,,,,,,,,,,,,,,,50.73779999999999,1.3166,43,10,315,156,120,36,26.878821,0,ok,logs/seed_408636.log
617269,irt_only,GHEFT,0,0.0,0,0,1,0.2511,0.1349,0.386,,,,,,,,,,,,,,,,,38.569150341685656,1.1144,47,11,318,161,133,28,27.942564,0,ok,logs/seed_617269.log
650122,irt_only,GHEFT,0,0.0,0,0,1,0.2233,0.1083,0.3316,,,,,,,,,,,,,,,,,44.67758574686431,1.1802,43,12,302,138,116,22,27.670366,0,ok,logs/seed_650122.log
522983,irt_only,GHEFT,0,0.0,0,0,1,0.2395,0.1779,0.4174,,,,,,,,,,,,,,,,,48.26195189003438,1.084,53,11,346,155,108,47,31.387214,0,ok,logs/seed_522983.log
239950,irt_only,GHEFT,0,0.0,0,0,1,0.2067,0.1556,0.3623,,,,,,,,,,,,,,,,,44.94972413273002,1.2261,41,9,310,148,124,24,30.432097,0,ok,logs/seed_239950.log
258973,irt_only,GHEFT,0,0.0,0,0,1,0.1844,0.1123,0.2967,,,,,,,,,,,,,,,,,58.66393071895425,1.0962,47,9,331,149,107,42,33.926365,0,ok,logs/seed_258973.log
824466,irt_only,GHEFT,0,0.0,0,0,1,0.227,0.1487,0.3757,,,,,,,,,,,,,,,,,42.699637454100355,1.3365,47,13,305,185,135,50,26.992118,0,ok,logs/seed_824466.log
682056,irt_only,GHEFT,0,0.0,0,0,1,0.2061,0.1533,0.3594,,,,,,,,,,,,,,,,,60.451487858719645,1.1558,46,11,318,144,122,22,37.088372,0,ok,logs/seed_682056.log
431617,irt_only,GHEFT,0,0.0,0,0,1,0.2195,0.1172,0.3367,,,,,,,,,,,,,,,,,54.08432421307507,1.0337,41,10,335,176,140,36,29.341742,0,ok,logs/seed_431617.log
777731,irt_only,GHEFT,0,0.0,0,0,1,0.2271,0.1758,0.4029,,,,,,,,,,,,,,,,,48.910253575957725,1.4384,49,11,318,151,100,51,30.174384,0,ok,logs/seed_777731.log
65523,irt_only,GHEFT,0,0.0,0,0,1,0.2408,0.1343,0.3751,,,,,,,,,,,,,,,,,42.463784789644016,1.2486,53,13,325,174,143,31,25.813693,0,ok,logs/seed_65523.log
226267,irt_only,GHEFT,0,0.0,0,0,1,0.2112,0.1467,0.3579,,,,,,,,,,,,,,,,,52.343708819538676,1.2287,50,13,325,167,132,35,37.959537,0,ok,logs/seed_226267.log
20773,irt_only,GHEFT,0,0.0,0,0,1,0.2247,0.1197,0.3444,,,,,,,,,,,,,,,,,44.178249392712544,1.0432,53,12,331,177,138,39,31.173674,0,ok,logs/seed_20773.log
75919,irt_only,GHEFT,0,0.0,0,0,1,0.1923,0.1583,0.3506,,,,,,,,,,,,,,,,,48.155884162062605,1.1487,63,13,332,187,130,57,31.389435,0,ok,logs/seed_75919.log
796262,irt_only,GHEFT,0,0.0,0,0,1,0.2066,0.1491,0.3557,,,,,,,,,,,,,,,,,57.026814495720856,1.3081,47,11,331,144,124,20,30.37799,0,ok,logs/seed_796262.log
557554,irt_only,GHEFT,0,0.0,0,0,1,0.2466,0.1583,0.4049,,,,,,,,,,,,,,,,,47.84186210670314,1.323,44,8,324,159,119,40,30.023746,0,ok,logs/seed_557554.log
818564,irt_only,GHEFT,0,0.0,0,0,1,0.2257,0.1397,0.3654,,,,,,,,,,,,,,,,,45.83740101010101,1.0929,41,8,312,143,112,31,30.744722,0,ok,logs/seed_818564.log
5641,irt_only,GHEFT,0,0.0,0,0,1,0.2259,0.1268,0.3527,,,,,,,,,,,,,,,,,42.60375882352941,1.168,46,13,299,164,129,35,27.128147,0,ok,logs/seed_5641.log
80721,irt_only,GHEFT,0,0.0,0,0,1,0.2314,0.1581,0.3895,,,,,,,,,,,,,,,,,53.0799,1.0207,57,13,340,185,148,37,36.188756,0,ok,logs/seed_80721.log
14714,irt_only,GHEFT,0,0.0,0,0,1,0.217,0.1356,0.3526,,,,,,,,,,,,,,,,,50.414942678129286,1.0145,52,13,334,167,117,50,35.815034,0,ok,logs/seed_14714.log
965327,irt_only,GHEFT,0,0.0,0,0,1,0.2284,0.167,0.3954,,,,,,,,,,,,,,,,,47.153790137781,1.1985,45,13,311,158,122,36,26.731912,0,ok,logs/seed_965327.log
460722,irt_only,GHEFT,0,0.0,0,0,1,0.2221,0.1404,0.3625,,,,,,,,,,,,,,,,,42.437774011299425,1.1682,40,13,294,143,112,31,26.094284,0,ok,logs/seed_460722.log
724036,irt_only,GHEFT,0,0.0,0,0,1,0.218,0.1339,0.3519,,,,,,,,,,,,,,,,,61.33716758448061,1.101,45,10,307,138,99,39,26.285208,0,ok,logs/seed_724036.log
901968,irt_only,GHEFT,0,0.0,0,0,1,0.2405,0.1373,0.3778,,,,,,,,,,,,,,,,,42.263584451718486,1.2249,43,10,318,158,134,24,30.317647,0,ok,logs/seed_901968.log
287728,irt_only,GHEFT,0,0.0,0,0,1,0.2381,0.1412,0.3793,,,,,,,,,,,,,,,,,40.47442579712697,1.103,50,12,335,157,123,34,38.970377,0,ok,logs/seed_287728.log
747287,irt_only,GHEFT,0,0.0,0,0,1,0.2317,0.1522,0.3839,,,,,,,,,,,,,,,,,44.35082270767005,1.3227,52,12,331,150,119,31,28.573029,0,ok,logs/seed_747287.log
867108,irt_only,GHEFT,0,0.0,0,0,1,0.2254,0.1548,0.3802,,,,,,,,,,,,,,,,,45.59902907083716,1.2836,52,10,308,145,119,26,33.966495,0,ok,logs/seed_867108.log
196697,irt_only,GHEFT,0,0.0,0,0,1,0.2322,0.1707,0.4029,,,,,,,,,,,,,,,,,42.915906185567,1.0655,47,11,320,157,117,40,27.59499,0,ok,logs/seed_196697.log
635464,irt_only,GHEFT,0,0.0,0,0,1,0.2163,0.1719,0.3882,,,,,,,,,,,,,,,,,64.68020584192439,1.2236,52,11,313,166,135,31,29.644365,0,ok,logs/seed_635464.log
389228,irt_only,GHEFT,0,0.0,0,0,1,0.2334,0.139,0.3724,,,,,,,,,,,,,,,,,52.304481614349775,1.0719,45,10,303,142,106,36,25.467258,0,ok,logs/seed_389228.log
813617,irt_only,GHEFT,0,0.0,0,0,1,0.2278,0.152,0.3798,,,,,,,,,,,,,,,,,49.25375180055402,1.325,45,10,318,149,121,28,26.904911,0,ok,logs/seed_813617.log
232555,irt_only,GHEFT,0,0.0,0,0,1,0.2141,0.1591,0.3732,,,,,,,,,,,,,,,,,53.24624122137404,1.1619,51,12,348,183,144,39,34.163302,0,ok,logs/seed_232555.log
932496,irt_only,GHEFT,0,0.0,0,0,1,0.2326,0.1833,0.4159,,,,,,,,,,,,,,,,,49.18795454545455,1.2249,46,12,312,158,122,36,30.009338,0,ok,logs/seed_932496.log
544493,irt_only,GHEFT,0,0.0,0,0,1,0.2592,0.1686,0.4278,,,,,,,,,,,,,,,,,70.05003924050632,1.4355,46,10,320,156,131,25,28.034942,0,ok,logs/seed_544493.log
174431,irt_only,GHEFT,0,0.0,0,0,1,0.2482,0.1649,0.4131,,,,,,,,,,,,,,,,,47.158966362252656,1.3187,48,12,315,145,114,31,23.70217,0,ok,logs/seed_174431.log
715533,irt_only,GHEFT,0,0.0,0,0,1,0.2198,0.1324,0.3522,,,,,,,,,,,,,,,,,47.201773738680465,1.1835,47,13,320,165,121,44,16.306481,0,ok,logs/seed_715533.log
710115,irt_only,GHEFT,0,0.0,0,0,1,0.2108,0.1411,0.3519,,,,,,,,,,,,,,,,,54.95896045627377,1.0412,47,10,295,154,127,27,28.888658,0,ok,logs/seed_710115.log
69527,irt_only,GHEFT,0,0.0,0,0,1,0.2369,0.1577,0.3946,,,,,,,,,,,,,,,,,45.45978325791854,1.2549,61,13,339,173,132,41,40.811142,0,ok,logs/seed_69527.log
584456,irt_only,GHEFT,0,0.0,0,0,1,0.2323,0.1365,0.3688,,,,,,,,,,,,,,,,,39.70415454545454,1.1003,48,9,320,168,134,34,30.675681,0,ok,logs/seed_584456.log
678197,irt_only,GHEFT,0,0.0,0,0,1,0.2143,0.1419,0.3562,,,,,,,,,,,,,,,,,44.93710185758514,1.174,46,12,300,145,116,29,27.643635,0,ok,logs/seed_678197.log
871381,irt_only,GHEFT,0,0.0,0,0,1,0.2235,0.1358,0.3593,,,,,,,,,,,,,,,,,49.97789337231969,1.3404,48,11,310,163,125,38,25.263563,0,ok,logs/seed_871381.log
855755,irt_only,GHEFT,0,0.0,0,0,1,0.2275,0.1761,0.4036,,,,,,,,,,,,,,,,,51.96444162797337,1.336,52,13,326,159,119,40,33.935078,0,ok,logs/seed_855755.log
137836,irt_only,GHEFT,0,0.0,0,0,1,0.2183,0.1412,0.3595,,,,,,,,,,,,,,,,,54.031027589207994,1.4686,48,11,298,143,123,20,28.915397,0,ok,logs/seed_137836.log
560927,irt_only,GHEFT,0,0.0,0,0,1,0.1956,0.1495,0.3451,,,,,,,,,,,,,,,,,52.585918241042336,1.2859,42,10,305,144,102,42,26.765133,0,ok,logs/seed_560927.log
47925,irt_only,GHEFT,0,0.0,0,0,1,0.2284,0.1683,0.3967,,,,,,,,,,,,,,,,,46.146507977736555,1.1686,47,12,303,158,132,26,26.783506,0,ok,logs/seed_47925.log
667073,irt_only,GHEFT,0,0.0,0,0,1,0.2059,0.1162,0.3221,,,,,,,,,,,,,,,,,41.45947291196388,1.0701,41,11,299,154,128,26,21.983652,0,ok,logs/seed_667073.log
153349,irt_only,GHEFT,0,0.0,0,0,1,0.2288,0.1341,0.3629,,,,,,,,,,,,,,,,,49.49027000726392,1.0129,52,14,336,207,161,46,27.032795,0,ok,logs/seed_153349.log
263035,irt_only,GHEFT,0,0.0,0,0,1,0.2106,0.1412,0.3518,,,,,,,,,,,,,,,,,46.83236467218282,1.2091,50,11,346,169,129,40,26.702861,0,ok,logs/seed_263035.log
782665,irt_only,GHEFT,0,0.0,0,0,1,0.202,0.1396,0.3416,,,,,,,,,,,,,,,,,56.035609991532596,1.1456,45,11,315,177,144,33,23.831932,0,ok,logs/seed_782665.log
372049,irt_only,GHEFT,0,0.0,0,0,1,0.227,0.1208,0.3478,,,,,,,,,,,,,,,,,50.087958506361325,1.0663,54,11,335,185,149,36,25.57916,0,ok,logs/seed_372049.log
15262,irt_only,GHEFT,0,0.0,0,0,1,0.2529,0.1932,0.4461,,,,,,,,,,,,,,,,,40.20543717021277,1.1846,51,12,314,161,125,36,26.879208,0,ok,logs/seed_15262.log
745342,irt_only,GHEFT,0,0.0,0,0,1,0.2468,0.1276,0.3744,,,,,,,,,,,,,,,,,45.1575198019802,1.1222,56,12,348,164,119,45,30.279253,0,ok,logs/seed_745342.log
437809,irt_only,GHEFT,0,0.0,0,0,1,0.2455,0.1407,0.3862,,,,,,,,,,,,,,,,,42.573331602708805,1.2086,42,10,304,148,121,27,23.772042,0,ok,logs/seed_437809.log
987435,irt_only,GHEFT,0,0.0,0,0,1,0.2522,0.1347,0.3869,,,,,,,,,,,,,,,,,43.31764009163803,1.4522,52,12,324,172,134,38,28.742395,0,ok,logs/seed_987435.log
146585,irt_only,GHEFT,0,0.0,0,0,1,0.2203,0.1479,0.3682,,,,,,,,,,,,,,,,,55.51549546467589,1.269,48,10,339,158,121,37,32.983418,0,ok,logs/seed_146585.log
368863,irt_only,GHEFT,0,0.0,0,0,1,0.2173,0.1389,0.3562,,,,,,,,,,,,,,,,,54.63495432098766,1.1337,54,11,319,160,111,49,35.257927,0,ok,logs/seed_368863.log
572806,irt_only,GHEFT,0,0.0,0,0,1,0.2322,0.1522,0.3844,,,,,,,,,,,,,,,,,46.24569127182045,1.2751,47,13,328,184,149,35,34.582601,0,ok,logs/seed_572806.log
198288,irt_only,GHEFT,0,0.0,0,0,1,0.2428,0.1472,0.39,,,,,,,,,,,,,,,,,40.2873641025641,1.1443,56,12,334,167,132,35,31.763463,0,ok,logs/seed_198288.log
110116,irt_only,GHEFT,0,0.0,0,0,1,0.2147,0.1236,0.3383,,,,,,,,,,,,,,,,,47.13095665819861,1.0537,42,11,309,125,91,34,25.51745,0,ok,logs/seed_110116.log
149047,irt_only,GHEFT,0,0.0,0,0,1,0.2462,0.141,0.3872,,,,,,,,,,,,,,,,,43.01157403035414,1.3752,44,11,315,136,114,22,30.890014,0,ok,logs/seed_149047.log
864824,irt_only,GHEFT,0,0.0,0,0,1,0.2137,0.1608,0.3745,,,,,,,,,,,,,,,,,42.654807216494845,1.2185,56,13,309,160,118,42,31.077896,0,ok,logs/seed_864824.log
801768,irt_only,GHEFT,0,0.0,0,0,1,0.2293,0.1244,0.3537,,,,,,,,,,,,,,,,,43.74963877551021,1.218,44,10,317,140,107,33,30.886356,0,ok,logs/seed_801768.log
262875,irt_only,GHEFT,0,0.0,0,0,1,0.2281,0.1287,0.3568,,,,,,,,,,,,,,,,,45.561240982195855,1.1775,47,12,327,157,133,24,29.656672,0,ok,logs/seed_262875.log
524794,irt_only,GHEFT,0,0.0,0,0,1,0.1994,0.1146,0.314,,,,,,,,,,,,,,,,,52.579234273318875,1.0415,38,8,309,134,109,25,37.006809,0,ok,logs/seed_524794.log
824487,irt_only,GHEFT,0,0.0,0,0,1,0.2102,0.1567,0.3669,,,,,,,,,,,,,,,,,53.518647242774556,1.1853,48,10,318,148,122,26,24.633066,0,ok,logs/seed_824487.log
927335,irt_only,GHEFT,0,0.0,0,0,1,0.2233,0.1412,0.3645,,,,,,,,,,,,,,,,,53.97388704581358,1.1781,36,10,304,146,126,20,29.744508,0,ok,logs/seed_927335.log
982015,irt_only,GHEFT,0,0.0,0,0,1,0.2363,0.1404,0.3767,,,,,,,,,,,,,,,,,43.12790621468927,1.358,41,11,295,144,122,22,26.470633,0,ok,logs/seed_982015.log
205178,irt_only,GHEFT,0,0.0,0,0,1,0.2194,0.1472,0.3666,,,,,,,,,,,,,,,,,44.158579656160455,1.6203,45,9,310,147,111,36,26.347614,0,ok,logs/seed_205178.log
888604,irt_only,GHEFT,0,0.0,0,0,1,0.2198,0.156,0.3758,,,,,,,,,,,,,,,,,52.0133457106274,1.0592,55,11,344,171,129,42,35.613387,0,ok,logs/seed_888604.log
546566,irt_only,GHEFT,0,0.0,0,0,1,0.2396,0.1108,0.3504,,,,,,,,,,,,,,,,,49.194793406593405,1.0226,39,9,299,148,117,31,24.474816,0,ok,logs/seed_546566.log
939943,irt_only,GHEFT,0,0.0,0,0,1,0.2398,0.1464,0.3862,,,,,,,,,,,,,,,,,40.81603904045154,1.1668,50,11,314,172,133,39,25.819492,0,ok,logs/seed_939943.log
461796,irt_only,GHEFT,0,0.0,0,0,1,0.227,0.1615,0.3885,,,,,,,,,,,,,,,,,45.059323204419876,1.0108,53,11,322,148,125,23,33.655135,0,ok,logs/seed_461796.log
683805,irt_only,GHEFT,0,0.0,0,0,1,0.2329,0.1322,0.3651,,,,,,,,,,,,,,,,,49.131901,1.217,46,13,334,180,131,49,32.896467,0,ok,logs/seed_683805.log
273298,irt_only,GHEFT,0,0.0,0,0,1,0.2053,0.1124,0.3177,,,,,,,,,,,,,,,,,45.379166390041505,1.1268,46,12,350,152,118,34,32.92806,0,ok,logs/seed_273298.log
870064,irt_only,GHEFT,0,0.0,0,0,1,0.2645,0.1794,0.4439,,,,,,,,,,,,,,,,,40.83866513761468,1.1397,46,12,300,168,146,22,26.689453,0,ok,logs/seed_870064.log
739336,irt_only,GHEFT,0,0.0,0,0,1,0.2045,0.1398,0.3443,,,,,,,,,,,,,,,,,54.24753565768621,1.1582,42,10,300,174,137,37,24.774522,0,ok,logs/seed_739336.log
374908,irt_only,GHEFT,0,0.0,0,0,1,0.2301,0.1715,0.4016,,,,,,,,,,,,,,,,,37.85510905730129,1.158,45,11,315,148,114,34,28.679681,0,ok,logs/seed_374908.log
489107,irt_only,GHEFT,0,0.0,0,0,1,0.2115,0.1291,0.3406,,,,,,,,,,,,,,,,,50.029415535444954,1.0547,51,11,333,169,119,50,34.927292,0,ok,logs/seed_489107.log
676170,irt_only,GHEFT,0,0.0,0,0,1,0.214,0.1377,0.3517,,,,,,,,,,,,,,,,,47.864258381502886,1.0835,55,13,351,182,150,32,38.073048,0,ok,logs/seed_676170.log
946643,irt_only,GHEFT,0,0.0,0,0,1,0.2461,0.1797,0.4258,,,,,,,,,,,,,,,,,50.833081524926676,1.4051,55,14,331,193,130,63,27.126138,0,ok,logs/seed_946643.log
245576,irt_only,GHEFT,0,0.0,0,0,1,0.2271,0.1642,0.3913,,,,,,,,,,,,,,,,,44.113421483375966,1.2825,51,11,336,158,114,44,32.493998,0,ok,logs/seed_245576.log
61677,irt_only,GHEFT,0,0.0,0,0,1,0.2328,0.1417,0.3745,,,,,,,,,,,,,,,,,48.91400608862207,1.0742,49,11,332,167,134,33,28.523918,0,ok,logs/seed_61677.log
985204,irt_only,GHEFT,0,0.0,0,0,1,0.214,0.1682,0.3822,,,,,,,,,,,,,,,,,48.140363687543996,1.3559,55,11,345,178,127,51,32.698833,0,ok,logs/seed_985204.log
957734,irt_only,GHEFT,0,0.0,0,0,1,0.2419,0.1624,0.4043,,,,,,,,,,,,,,,,,35.95555632183908,1.1561,50,10,330,163,126,37,30.134608,0,ok,logs/seed_957734.log
586973,irt_only,GHEFT,0,0.0,0,0,1,0.2083,0.1251,0.3334,,,,,,,,,,,,,,,,,45.46617643979057,1.2294,42,9,308,146,116,30,30.841086,0,ok,logs/seed_586973.log
81222,irt_only,GHEFT,0,0.0,0,0,1,0.2109,0.1442,0.3551,,,,,,,,,,,,,,,,,43.388973153779325,1.3448,49,11,312,173,132,41,25.753667,0,ok,logs/seed_81222.log
985268,irt_only,GHEFT,0,0.0,0,0,1,0.2439,0.1656,0.4095,,,,,,,,,,,,,,,,,41.43976317216117,1.1311,47,12,323,180,133,47,25.511491,0,ok,logs/seed_985268.log
240715,irt_only,GHEFT,0,0.0,0,0,1,0.2472,0.1511,0.3983,,,,,,,,,,,,,,,,,45.43203981191222,1.2408,51,13,323,148,116,32,32.463169,0,ok,logs/seed_240715.log
336806,irt_only,GHEFT,0,0.0,0,0,1,0.2333,0.1705,0.4038,,,,,,,,,,,,,,,,,49.10686923076922,1.4675,61,11,349,195,143,52,36.848916,0,ok,logs/seed_336806.log
431396,irt_only,GHEFT,0,0.0,0,0,1,0.2485,0.1437,0.3922,,,,,,,,,,,,,,,,,45.54512240184757,1.232,51,12,326,173,130,43,32.669525,0,ok,logs/seed_431396.log
850253,irt_only,GHEFT,0,0.0,0,0,1,0.2327,0.1509,0.3836,,,,,,,,,,,,,,,,,41.79031493212671,1.1879,56,13,323,185,147,38,33.0233,0,ok,logs/seed_850253.log
342204,irt_only,GHEFT,0,0.0,0,0,1,0.2432,0.1541,0.3973,,,,,,,,,,,,,,,,,43.63551087613294,1.4642,53,13,328,181,130,51,31.960063,0,ok,logs/seed_342204.log
810991,irt_only,GHEFT,0,0.0,0,0,1,0.2038,0.1124,0.3162,,,,,,,,,,,,,,,,,46.444371352369394,1.2263,40,10,304,153,129,24,30.168572,0,ok,logs/seed_810991.log
895124,irt_only,GHEFT,0,0.0,0,0,1,0.2088,0.1562,0.365,,,,,,,,,,,,,,,,,46.64058160848287,1.3386,60,11,347,181,141,40,28.664702,0,ok,logs/seed_895124.log
437866,irt_only,GHEFT,0,0.0,0,0,1,0.2466,0.1563,0.4029,,,,,,,,,,,,,,,,,48.83334520436987,1.1669,47,10,303,137,104,33,32.500984,0,ok,logs/seed_437866.log
246441,irt_only,GHEFT,0,0.0,0,0,1,0.2084,0.1077,0.3161,,,,,,,,,,,,,,,,,43.24511950509462,1.0414,50,12,319,170,131,39,39.414063,0,ok,logs/seed_246441.log
834777,irt_only,GHEFT,0,0.0,0,0,1,0.2322,0.1632,0.3954,,,,,,,,,,,,,,,,,46.92858761061947,1.2188,51,15,326,182,148,34,33.666678,0,ok,logs/seed_834777.log
159109,irt_only,GHEFT,0,0.0,0,0,1,0.2117,0.1219,0.3336,,,,,,,,,,,,,,,,,58.63732942817295,1.4976,53,11,342,167,137,30,29.120526,0,ok,logs/seed_159109.log
469145,irt_only,GHEFT,0,0.0,0,0,1,0.2256,0.125,0.3506,,,,,,,,,,,,,,,,,44.30990335731415,1.3043,44,10,308,173,138,35,20.164483,0,ok,logs/seed_469145.log
359039,irt_only,GHEFT,0,0.0,0,0,1,0.2215,0.1204,0.3419,,,,,,,,,,,,,,,,,45.819713121212125,1.1191,42,9,321,147,113,34,24.145998,0,ok,logs/seed_359039.log
441554,irt_only,GHEFT,0,0.0,0,0,1,0.2487,0.1692,0.4179,,,,,,,,,,,,,,,,,59.02028559463986,1.1389,50,10,310,150,108,42,31.874886,0,ok,logs/seed_441554.log
981230,irt_only,GHEFT,0,0.0,0,0,1,0.2368,0.1614,0.3982,,,,,,,,,,,,,,,,,43.79016778523491,1.1852,51,11,315,172,137,35,32.773991,0,ok,logs/seed_981230.log
386385,irt_only,GHEFT,0,0.0,0,0,1,0.2357,0.1664,0.4021,,,,,,,,,,,,,,,,,43.1098025704561,1.1144,49,9,309,164,136,28,30.050699,0,ok,logs/seed_386385.log
667900,irt_only,GHEFT,0,0.0,0,0,1,0.2078,0.1628,0.3706,,,,,,,,,,,,,,,,,45.52079743589743,1.2709,47,12,320,157,114,43,38.197611,0,ok,logs/seed_667900.log
361299,irt_only,GHEFT,0,0.0,0,0,1,0.2282,0.1728,0.401,,,,,,,,,,,,,,,,,38.77182878821879,1.034,55,13,335,181,150,31,38.654861,0,ok,logs/seed_361299.log
270600,irt_only,GHEFT,0,0.0,0,0,1,0.2259,0.1237,0.3496,,,,,,,,,,,,,,,,,43.25880323450134,1.28,53,12,316,165,130,35,28.653539,0,ok,logs/seed_270600.log
399493,irt_only,GHEFT,0,0.0,0,0,1,0.2073,0.1262,0.3335,,,,,,,,,,,,,,,,,45.688731482551134,1.0877,43,12,316,141,110,31,36.413283,0,ok,logs/seed_399493.log
344401,irt_only,GHEFT,0,0.0,0,0,1,0.2604,0.147,0.4074,,,,,,,,,,,,,,,,,45.009893450576115,1.1426,54,13,342,206,168,38,39.125243,0,ok,logs/seed_344401.log
440653,irt_only,GHEFT,0,0.0,0,0,1,0.2153,0.1218,0.3371,,,,,,,,,,,,,,,,,64.6705069767442,1.2564,55,11,355,199,149,50,34.674097,0,ok,logs/seed_440653.log
422829,irt_only,GHEFT,0,0.0,0,0,1,0.2003,0.1763,0.3766,,,,,,,,,,,,,,,,,52.737012033195,1.3019,47,12,320,174,131,43,32.196668,0,ok,logs/seed_422829.log
194493,irt_only,GHEFT,0,0.0,0,0,1,0.2276,0.1472,0.3748,,,,,,,,,,,,,,,,,55.113414517218104,1.2379,52,10,333,179,148,31,45.690819,0,ok,logs/seed_194493.log
79088,irt_only,GHEFT,0,0.0,0,0,1,0.2115,0.1457,0.3572,,,,,,,,,,,,,,,,,49.85551337579618,1.0541,51,12,341,159,120,39,29.516928,0,ok,logs/seed_79088.log
144274,irt_only,GHEFT,0,0.0,0,0,1,0.1872,0.1215,0.3087,,,,,,,,,,,,,,,,,51.81927801047121,1.3464,45,11,338,164,140,24,36.846425,0,ok,logs/seed_144274.log
568701,irt_only,GHEFT,0,0.0,0,0,1,0.2567,0.1816,0.4383,,,,,,,,,,,,,,,,,41.20701971830986,1.4284,45,11,323,150,102,48,31.683413,0,ok,logs/seed_568701.log
643829,irt_only,GHEFT,0,0.0,0,0,1,0.2184,0.1443,0.3627,,,,,,,,,,,,,,,,,43.07482969786293,1.1829,58,12,353,165,133,32,34.129536,0,ok,logs/seed_643829.log
271983,irt_only,GHEFT,0,0.0,0,0,1,0.2189,0.1296,0.3485,,,,,,,,,,,,,,,,,46.333603448275866,1.2788,52,12,320,164,129,35,31.78095,0,ok,logs/seed_271983.log
197314,irt_only,GHEFT,0,0.0,0,0,1,0.2147,0.1276,0.3423,,,,,,,,,,,,,,,,,48.154107111756176,1.2528,46,12,316,156,119,37,33.757339,0,ok,logs/seed_197314.log
994686,irt_only,GHEFT,0,0.0,0,0,1,0.2439,0.1868,0.4307,,,,,,,,,,,,,,,,,43.356611344827584,1.1712,56,11,330,185,132,53,36.258869,0,ok,logs/seed_994686.log
282842,irt_only,GHEFT,0,0.0,0,0,1,0.2365,0.1675,0.404,,,,,,,,,,,,,,,,,45.21592777777777,1.2026,42,10,306,150,111,39,26.123659,0,ok,logs/seed_282842.log
137602,irt_only,GHEFT,0,0.0,0,0,1,0.2299,0.1244,0.3543,,,,,,,,,,,,,,,,,48.64294188481676,1.0442,55,12,306,171,146,25,40.139332,0,ok,logs/seed_137602.log
472131,irt_only,GHEFT,0,0.0,0,0,1,0.2129,0.1227,0.3356,,,,,,,,,,,,,,,,,53.26761799729363,1.2751,48,11,306,167,134,33,30.327797,0,ok,logs/seed_472131.log
327054,irt_only,GHEFT,0,0.0,0,0,1,0.2379,0.1581,0.396,,,,,,,,,,,,,,,,,42.64834091520861,1.1193,46,8,312,147,122,25,26.844196,0,ok,logs/seed_327054.log
416581,irt_only,GHEFT,0,0.0,0,0,1,0.2224,0.1496,0.372,,,,,,,,,,,,,,,,,48.62107949790796,1.1881,45,9,342,153,119,34,29.251274,0,ok,logs/seed_416581.log
223716,irt_only,GHEFT,0,0.0,0,0,1,0.2218,0.1739,0.3957,,,,,,,,,,,,,,,,,48.71875830994153,1.2681,42,12,327,166,135,31,38.805992,0,ok,logs/seed_223716.log
116436,irt_only,GHEFT,0,0.0,0,0,1,0.2334,0.163,0.3964,,,,,,,,,,,,,,,,,43.1433195338866,1.1638,51,13,348,180,142,38,29.803974,0,ok,logs/seed_116436.log
650936,irt_only,GHEFT,0,0.0,0,0,1,0.2138,0.1861,0.3999,,,,,,,,,,,,,,,,,45.374259368836285,1.3473,36,9,291,130,113,17,23.407998,0,ok,logs/seed_650936.log
516657,irt_only,GHEFT,0,0.0,0,0,1,0.2271,0.1506,0.3777,,,,,,,,,,,,,,,,,48.9135905511811,1.2117,50,12,323,184,145,39,34.647049,0,ok,logs/seed_516657.log
687865,irt_only,GHEFT,0,0.0,0,0,1,0.2136,0.1629,0.3765,,,,,,,,,,,,,,,,,43.337607335907336,1.2772,46,12,310,178,143,35,25.36226,0,ok,logs/seed_687865.log
715106,irt_only,GHEFT,0,0.0,0,0,1,0.2295,0.1339,0.3634,,,,,,,,,,,,,,,,,50.301430092451234,1.1689,43,8,322,151,126,25,33.432911,0,ok,logs/seed_715106.log
293374,irt_only,GHEFT,0,0.0,0,0,1,0.2289,0.1555,0.3844,,,,,,,,,,,,,,,,,40.178297513321496,1.0228,49,11,306,152,108,44,25.918823,0,ok,logs/seed_293374.log
658834,irt_only,GHEFT,0,0.0,0,0,1,0.2458,0.1923,0.4381,,,,,,,,,,,,,,,,,42.39722222222223,1.2687,46,12,305,150,125,25,26.994741,0,ok,logs/seed_658834.log
23329,irt_only,GHEFT,0,0.0,0,0,1,0.2316,0.1239,0.3555,,,,,,,,,,,,,,,,,40.07890461215933,1.2856,47,13,337,187,138,49,25.36219,0,ok,logs/seed_23329.log
661707,irt_only,GHEFT,0,0.0,0,0,1,0.2423,0.1403,0.3826,,,,,,,,,,,,,,,,,50.01729890109888,1.0743,45,11,328,169,135,34,25.639554,0,ok,logs/seed_661707.log
579773,irt_only,GHEFT,0,0.0,0,0,1,0.2425,0.1728,0.4153,,,,,,,,,,,,,,,,,48.97449518072288,1.2364,51,12,297,177,125,52,25.631716,0,ok,logs/seed_579773.log
688431,irt_only,GHEFT,0,0.0,0,0,1,0.2216,0.1355,0.3571,,,,,,,,,,,,,,,,,61.62397259923176,1.3618,45,10,311,153,124,29,29.932078,0,ok,logs/seed_688431.log
735633,irt_only,GHEFT,0,0.0,0,0,1,0.2259,0.1426,0.3685,,,,,,,,,,,,,,,,,55.21591101164145,1.2662,40,10,319,171,131,40,24.586487,0,ok,logs/seed_735633.log
208263,irt_only,GHEFT,0,0.0,0,0,1,0.2226,0.1364,0.359,,,,,,,,,,,,,,,,,53.24001997593261,1.252,44,13,302,174,143,31,26.648946,0,ok,logs/seed_208263.log
733953,irt_only,GHEFT,0,0.0,0,0,1,0.2324,0.1327,0.3651,,,,,,,,,,,,,,,,,46.414924639191284,1.1625,55,13,345,199,142,57,26.840182,0,ok,logs/seed_733953.log
241442,irt_only,GHEFT,0,0.0,0,0,1,0.2191,0.1706,0.3897,,,,,,,,,,,,,,,,,44.14660639345712,1.3605,48,11,313,150,114,36,32.004276,0,ok,logs/seed_241442.log
665452,irt_only,GHEFT,0,0.0,0,0,1,0.2367,0.1358,0.3725,,,,,,,,,,,,,,,,,52.21539655172415,1.2228,47,9,315,158,129,29,32.411543,0,ok,logs/seed_665452.log
631051,irt_only,GHEFT,0,0.0,0,0,1,0.2199,0.1412,0.3611,,,,,,,,,,,,,,,,,38.77311431261771,1.3354,50,10,337,168,132,36,26.144037,0,ok,logs/seed_631051.log
497919,irt_only,GHEFT,0,0.0,0,0,1,0.2088,0.1387,0.3475,,,,,,,,,,,,,,,,,47.7865087114094,1.1585,49,11,330,177,132,45,27.803392,0,ok,logs/seed_497919.log
960027,irt_only,GHEFT,0,0.0,0,0,1,0.2451,0.1454,0.3905,,,,,,,,,,,,,,,,,40.59721690683229,1.266,39,9,284,135,104,31,20.967395,0,ok,logs/seed_960027.log
305476,irt_only,GHEFT,0,0.0,0,0,1,0.2576,0.177,0.4346,,,,,,,,,,,,,,,,,51.85518320251178,1.0878,49,11,314,165,129,36,31.364308,0,ok,logs/seed_305476.log
365837,irt_only,GHEFT,0,0.0,0,0,1,0.2116,0.1394,0.351,,,,,,,,,,,,,,,,,59.599875675675676,1.447,46,10,314,166,122,44,27.712709,0,ok,logs/seed_365837.log
514986,irt_only,GHEFT,0,0.0,0,0,1,0.2051,0.1759,0.381,,,,,,,,,,,,,,,,,66.18651582733813,1.1584,49,12,320,184,135,49,22.469057,0,ok,logs/seed_514986.log
291361,irt_only,GHEFT,0,0.0,0,0,1,0.2654,0.1411,0.4065,,,,,,,,,,,,,,,,,48.32329411764707,1.1788,45,10,317,163,135,28,26.155965,0,ok,logs/seed_291361.log
831040,irt_only,GHEFT,0,0.0,0,0,1,0.2267,0.1303,0.357,,,,,,,,,,,,,,,,,66.19845867098866,1.5338,38,12,301,150,120,30,24.697716,0,ok,logs/seed_831040.log
900613,irt_only,GHEFT,0,0.0,0,0,1,0.2164,0.1368,0.3532,,,,,,,,,,,,,,,,,46.26232815533982,1.1989,43,11,315,153,122,31,23.257989,0,ok,logs/seed_900613.log
738426,irt_only,GHEFT,0,0.0,0,0,1,0.2261,0.1545,0.3806,,,,,,,,,,,,,,,,,49.184051,1.2254,48,11,336,168,136,32,29.152059,0,ok,logs/seed_738426.log
924607,irt_only,GHEFT,0,0.0,0,0,1,0.2341,0.1881,0.4222,,,,,,,,,,,,,,,,,42.98428076379067,1.0956,48,11,315,171,135,36,28.886936,0,ok,logs/seed_924607.log
461861,irt_only,GHEFT,0,0.0,0,0,1,0.205,0.1462,0.3512,,,,,,,,,,,,,,,,,40.86150476190476,1.2405,39,8,304,116,91,25,26.822937,0,ok,logs/seed_461861.log
854725,irt_only,GHEFT,0,0.0,0,0,1,0.2327,0.1488,0.3815,,,,,,,,,,,,,,,,,40.667836483870964,1.1348,55,14,357,190,134,56,30.329972,0,ok,logs/seed_854725.log
808927,irt_only,GHEFT,0,0.0,0,0,1,0.2397,0.1925,0.4322,,,,,,,,,,,,,,,,,40.59187866405637,1.1486,44,10,332,149,126,23,35.636833,0,ok,logs/seed_808927.log
826006,irt_only,GHEFT,0,0.0,0,0,1,0.2196,0.1536,0.3732,,,,,,,,,,,,,,,,,49.40893900709219,1.1443,58,12,319,181,136,45,25.374376,0,ok,logs/seed_826006.log
522333,irt_only,GHEFT,0,0.0,0,0,1,0.2246,0.1862,0.4108,,,,,,,,,,,,,,,,,47.37100000000001,1.2742,42,11,311,142,109,33,29.001141,0,ok,logs/seed_522333.log
245912,irt_only,GHEFT,0,0.0,0,0,1,0.2418,0.1776,0.4194,,,,,,,,,,,,,,,,,53.16954730831973,1.1628,46,9,326,159,131,28,30.830372,0,ok,logs/seed_245912.log
758389,irt_only,GHEFT,0,0.0,0,0,1,0.2387,0.1523,0.391,,,,,,,,,,,,,,,,,40.848053391799546,1.2486,50,11,321,146,114,32,26.723619,0,ok,logs/seed_758389.log
631363,irt_only,GHEFT,0,0.0,0,0,1,0.2287,0.1498,0.3785,,,,,,,,,,,,,,,,,49.24990331125829,1.3254,48,12,330,163,124,39,27.851705,0,ok,logs/seed_631363.log
766985,irt_only,GHEFT,0,0.0,0,0,1,0.2321,0.1313,0.3634,,,,,,,,,,,,,,,,,45.0246355608592,1.1619,51,12,322,168,130,38,29.109015,0,ok,logs/seed_766985.log
582309,irt_only,GHEFT,0,0.0,0,0,1,0.2349,0.119,0.3539,,,,,,,,,,,,,,,,,43.171413617097066,1.3206,39,9,296,126,101,25,19.941058,0,ok,logs/seed_582309.log
846927,irt_only,GHEFT,0,0.0,0,0,1,0.2194,0.1569,0.3763,,,,,,,,,,,,,,,,,51.17103825503356,1.4583,50,12,340,160,112,48,30.708911,0,ok,logs/seed_846927.log
763059,irt_only,GHEFT,0,0.0,0,0,1,0.2477,0.1688,0.4165,,,,,,,,,,,,,,,,,57.72608726333907,1.3791,48,9,320,160,124,36,21.556316,0,ok,logs/seed_763059.log
861602,irt_only,GHEFT,0,0.0,0,0,1,0.2611,0.1606,0.4217,,,,,,,,,,,,,,,,,37.190114874815904,1.1277,57,12,350,181,135,46,27.395486,0,ok,logs/seed_861602.log
631173,irt_only,GHEFT,0,0.0,0,0,1,0.2325,0.1343,0.3668,,,,,,,,,,,,,,,,,45.291044820224705,1.1124,47,10,308,164,133,31,29.535588,0,ok,logs/seed_631173.log
53408,irt_only,GHEFT,0,0.0,0,0,1,0.2324,0.1631,0.3955,,,,,,,,,,,,,,,,,52.284076779436674,1.3407,44,10,305,157,128,29,32.458684,0,ok,logs/seed_53408.log
328439,irt_only,GHEFT,0,0.0,0,0,1,0.2151,0.1351,0.3502,,,,,,,,,,,,,,,,,46.612389189189194,1.301,47,10,317,145,114,31,26.434749,0,ok,logs/seed_328439.log
1087,irt_only,GHEFT,0,0.0,0,0,1,0.2135,0.1551,0.3686,,,,,,,,,,,,,,,,,49.02155884469097,1.148,52,13,312,165,123,42,23.332675,0,ok,logs/seed_1087.log
577361,irt_only,GHEFT,0,0.0,0,0,1,0.2451,0.1682,0.4133,,,,,,,,,,,,,,,,,44.842251724637684,1.0835,59,14,317,161,128,33,22.972697,0,ok,logs/seed_577361.log
72146,irt_only,GHEFT,0,0.0,0,0,1,0.2272,0.1507,0.3779,,,,,,,,,,,,,,,,,42.766820679886685,1.2801,59,14,339,180,139,41,28.862863,0,ok,logs/seed_72146.log
479068,irt_only,GHEFT,0,0.0,0,0,1,0.1898,0.1365,0.3263,,,,,,,,,,,,,,,,,40.87467148080439,1.2958,50,13,292,175,131,44,21.435452,0,ok,logs/seed_479068.log
267093,irt_only,GHEFT,0,0.0,0,0,1,0.1778,0.1234,0.3012,,,,,,,,,,,,,,,,,52.0821,1.2945,44,11,318,155,130,25,25.05903,0,ok,logs/seed_267093.log
174052,irt_only,GHEFT,0,0.0,0,0,1,0.2073,0.1368,0.3441,,,,,,,,,,,,,,,,,40.130129681978794,1.0774,58,12,334,161,126,35,27.224247,0,ok,logs/seed_174052.log
224195,irt_only,GHEFT,0,0.0,0,0,1,0.1913,0.1176,0.3089,,,,,,,,,,,,,,,,,44.52922521109771,1.2356,42,10,304,155,110,45,23.249901,0,ok,logs/seed_224195.log
203906,irt_only,GHEFT,0,0.0,0,0,1,0.2401,0.1683,0.4084,,,,,,,,,,,,,,,,,53.254658614564825,1.4002,45,11,305,183,147,36,24.767129,0,ok,logs/seed_203906.log
223610,irt_only,GHEFT,0,0.0,0,0,1,0.2118,0.1608,0.3726,,,,,,,,,,,,,,,,,39.111839226519336,1.1583,40,9,310,145,112,33,21.527699,0,ok,logs/seed_223610.log
765827,irt_only,GHEFT,0,0.0,0,0,1,0.2229,0.1574,0.3803,,,,,,,,,,,,,,,,,50.20416611195159,1.2171,61,13,349,196,142,54,26.71142,0,ok,logs/seed_765827.log
597825,irt_only,GHEFT,0,0.0,0,0,1,0.2331,0.1574,0.3905,,,,,,,,,,,,,,,,,46.736583458646614,1.1258,41,8,312,139,113,26,25.239097,0,ok,logs/seed_597825.log
743325,irt_only,GHEFT,0,0.0,0,0,1,0.2271,0.1694,0.3965,,,,,,,,,,,,,,,,,47.23861911966988,1.5843,43,12,321,140,113,27,26.951909,0,ok,logs/seed_743325.log
459404,irt_only,GHEFT,0,0.0,0,0,1,0.185,0.1255,0.3105,,,,,,,,,,,,,,,,,59.23736927374302,1.4059,47,12,332,185,129,56,23.001186,0,ok,logs/seed_459404.log
644891,irt_only,GHEFT,0,0.0,0,0,1,0.2324,0.1561,0.3885,,,,,,,,,,,,,,,,,48.787641747572806,1.1079,52,11,316,167,136,31,25.934115,0,ok,logs/seed_644891.log
112316,irt_only,GHEFT,0,0.0,0,0,1,0.2263,0.1365,0.3628,,,,,,,,,,,,,,,,,44.830000000000005,1.1482,56,12,334,166,142,24,28.873127,0,ok,logs/seed_112316.log
708240,irt_only,GHEFT,0,0.0,0,0,1,0.2198,0.1559,0.3757,,,,,,,,,,,,,,,,,47.155893467336675,1.1092,49,12,324,179,130,49,22.986868,0,ok,logs/seed_708240.log
988612,irt_only,GHEFT,0,0.0,0,0,1,0.2279,0.1174,0.3453,,,,,,,,,,,,,,,,,46.46407313182201,1.3093,49,11,324,175,132,43,20.759179,0,ok,logs/seed_988612.log
737269,irt_only,GHEFT,0,0.0,0,0,1,0.2427,0.1612,0.4039,,,,,,,,,,,,,,,,,47.83460703363915,1.1293,48,11,325,190,134,56,25.445695,0,ok,logs/seed_737269.log
670045,irt_only,GHEFT,0,0.0,0,0,1,0.2311,0.1373,0.3684,,,,,,,,,,,,,,,,,50.07710292825768,1.3733,39,10,304,158,124,34,27.851565,0,ok,logs/seed_670045.log
697981,irt_only,GHEFT,0,0.0,0,0,1,0.2091,0.146,0.3551,,,,,,,,,,,,,,,,,40.2661323024055,1.2148,51,11,324,167,132,35,28.59045,0,ok,logs/seed_697981.log
940926,irt_only,GHEFT,0,0.0,0,0,1,0.2686,0.1782,0.4468,,,,,,,,,,,,,,,,,46.80171554404144,1.4122,47,10,322,148,119,29,26.497428,0,ok,logs/seed_940926.log
245466,irt_only,GHEFT,0,0.0,0,0,1,0.2541,0.1585,0.4126,,,,,,,,,,,,,,,,,51.20605117739404,1.098,53,10,321,155,127,28,33.239983,0,ok,logs/seed_245466.log
863385,irt_only,GHEFT,0,0.0,0,0,1,0.2307,0.1248,0.3555,,,,,,,,,,,,,,,,,51.660807728337225,1.2092,44,11,319,162,121,41,24.454345,0,ok,logs/seed_863385.log
502084,irt_only,GHEFT,0,0.0,0,0,1,0.2251,0.1645,0.3896,,,,,,,,,,,,,,,,,46.15126261355695,1.0597,53,10,342,179,151,28,30.71046,0,ok,logs/seed_502084.log
268333,irt_only,GHEFT,0,0.0,0,0,1,0.2375,0.1224,0.3599,,,,,,,,,,,,,,,,,39.28404175960347,1.3084,40,9,312,135,111,24,25.256411,0,ok,logs/seed_268333.log
889172,irt_only,GHEFT,0,0.0,0,0,1,0.2199,0.1212,0.3411,,,,,,,,,,,,,,,,,41.013962695547534,1.0551,50,10,310,165,133,32,25.778692,0,ok,logs/seed_889172.log
768859,irt_only,GHEFT,0,0.0,0,0,1,0.2188,0.1545,0.3733,,,,,,,,,,,,,,,,,50.076665517241395,1.3904,46,12,330,167,140,27,25.248024,0,ok,logs/seed_768859.log
108511,irt_only,GHEFT,0,0.0,0,0,1,0.2261,0.1637,0.3898,,,,,,,,,,,,,,,,,45.04737325102881,1.3691,48,10,346,169,125,44,35.520637,0,ok,logs/seed_108511.log
828273,irt_only,GHEFT,0,0.0,0,0,1,0.22,0.1341,0.3541,,,,,,,,,,,,,,,,,40.50462629169392,1.0398,43,10,310,150,127,23,23.213773,0,ok,logs/seed_828273.log
932667,irt_only,GHEFT,0,0.0,0,0,1,0.2094,0.1285,0.3379,,,,,,,,,,,,,,,,,37.18813101920236,1.1926,47,15,292,171,129,42,26.626338,0,ok,logs/seed_932667.log
245421,irt_only,GHEFT,0,0.0,0,0,1,0.217,0.1358,0.3528,,,,,,,,,,,,,,,,,44.82492335329342,1.2381,45,12,295,156,114,42,24.474368,0,ok,logs/seed_245421.log
678641,irt_only,GHEFT,0,0.0,0,0,1,0.2501,0.1418,0.3919,,,,,,,,,,,,,,,,,48.90894625492773,1.1113,58,15,336,184,131,53,31.80614,0,ok,logs/seed_678641.log
935125,irt_only,GHEFT,0,0.0,0,0,1,0.2428,0.1696,0.4124,,,,,,,,,,,,,,,,,61.44925393258428,1.436,50,12,331,174,128,46,31.010573,0,ok,logs/seed_935125.log
605287,irt_only,GHEFT,0,0.0,0,0,1,0.2359,0.1695,0.4054,,,,,,,,,,,,,,,,,47.40209811320753,1.2052,47,9,296,137,107,30,29.720031,0,ok,logs/seed_605287.log
241117,irt_only,GHEFT,0,0.0,0,0,1,0.2557,0.1308,0.3865,,,,,,,,,,,,,,,,,62.9396411280846,1.3484,52,11,320,156,123,33,31.50813,0,ok,logs/seed_241117.log
137693,irt_only,GHEFT,0,0.0,0,0,1,0.1918,0.1467,0.3385,,,,,,,,,,,,,,,,,45.76198671428571,1.3785,58,16,345,196,137,59,33.909974,0,ok,logs/seed_137693.log
519815,irt_only,GHEFT,0,0.0,0,0,1,0.2414,0.1521,0.3935,,,,,,,,,,,,,,,,,48.29754817374517,1.2412,47,8,322,148,130,18,25.259269,0,ok,logs/seed_519815.log
825689,irt_only,GHEFT,0,0.0,0,0,1,0.2289,0.1348,0.3637,,,,,,,,,,,,,,,,,46.758971016311165,1.1156,51,15,321,181,133,48,27.49994,0,ok,logs/seed_825689.log
266300,irt_only,GHEFT,0,0.0,0,0,1,0.2429,0.1418,0.3847,,,,,,,,,,,,,,,,,40.90792853598014,1.1477,49,10,340,169,143,26,29.939439,0,ok,logs/seed_266300.log
353884,irt_only,GHEFT,0,0.0,0,0,1,0.2311,0.1631,0.3942,,,,,,,,,,,,,,,,,68.19901634241245,1.499,35,7,301,118,87,31,22.935352,0,ok,logs/seed_353884.log
141574,irt_only,GHEFT,0,0.0,0,0,1,0.2245,0.1122,0.3367,,,,,,,,,,,,,,,,,51.01504912643679,1.1087,52,13,340,182,123,59,28.523113,0,ok,logs/seed_141574.log
211351,irt_only,GHEFT,0,0.0,0,0,1,0.2352,0.1481,0.3833,,,,,,,,,,,,,,,,,46.84763924050632,1.1097,50,10,330,180,139,41,24.383958,0,ok,logs/seed_211351.log
64745,irt_only,GHEFT,0,0.0,0,0,1,0.1937,0.1135,0.3072,,,,,,,,,,,,,,,,,55.781695339622644,1.1241,49,9,330,170,130,40,28.488351,0,ok,logs/seed_64745.log
827551,irt_only,GHEFT,0,0.0,0,0,1,0.2434,0.1811,0.4245,,,,,,,,,,,,,,,,,62.78855589988081,1.408,40,9,290,148,128,20,28.207022,0,ok,logs/seed_827551.log
236634,irt_only,GHEFT,0,0.0,0,0,1,0.2311,0.1488,0.3799,,,,,,,,,,,,,,,,,45.68832101258652,1.2823,48,12,312,178,145,33,25.236816,0,ok,logs/seed_236634.log
554061,irt_only,GHEFT,0,0.0,0,0,1,0.2229,0.143,0.3659,,,,,,,,,,,,,,,,,49.700760526315776,1.144,39,9,299,147,114,33,25.688326,0,ok,logs/seed_554061.log
473253,irt_only,GHEFT,0,0.0,0,0,1,0.2023,0.1177,0.32,,,,,,,,,,,,,,,,,51.57826233766232,1.336,44,11,295,167,131,36,25.403017,0,ok,logs/seed_473253.log
397414,irt_only,GHEFT,0,0.0,0,0,1,0.2375,0.1897,0.4272,,,,,,,,,,,,,,,,,52.172869014084505,1.4715,59,11,353,169,128,41,32.371409,0,ok,logs/seed_397414.log
237902,irt_only,GHEFT,0,0.0,0,0,1,0.2267,0.1294,0.3561,,,,,,,,,,,,,,,,,41.502402376599626,1.1445,44,12,317,152,127,25,25.362991,0,ok,logs/seed_237902.log
57519,irt_only,GHEFT,0,0.0,0,0,1,0.2071,0.1273,0.3344,,,,,,,,,,,,,,,,,48.72541492109039,1.4898,43,9,314,129,99,30,30.157918,0,ok,logs/seed_57519.log
505780,irt_only,GHEFT,0,0.0,0,0,1,0.2495,0.1368,0.3863,,,,,,,,,,,,,,,,,44.839638820638825,1.0696,45,12,304,161,123,38,26.565022,0,ok,logs/seed_505780.log
353215,irt_only,GHEFT,0,0.0,0,0,1,0.1825,0.118,0.3005,,,,,,,,,,,,,,,,,49.05251981981982,1.2179,55,12,333,173,123,50,24.588683,0,ok,logs/seed_353215.log
60194,irt_only,GHEFT,0,0.0,0,0,1,0.2327,0.1455,0.3782,,,,,,,,,,,,,,,,,45.12115714285714,1.4796,54,12,327,168,129,39,32.847064,0,ok,logs/seed_60194.log
21327,irt_only,GHEFT,0,0.0,0,0,1,0.2274,0.1305,0.3579,,,,,,,,,,,,,,,,,50.382907053941906,1.0556,49,10,314,163,126,37,28.113081,0,ok,logs/seed_21327.log
551141,irt_only,GHEFT,0,0.0,0,0,1,0.2191,0.1164,0.3355,,,,,,,,,,,,,,,,,46.181699999999985,1.2928,41,9,285,142,121,21,19.966198,0,ok,logs/seed_551141.log
504483,irt_only,GHEFT,0,0.0,0,0,1,0.228,0.1661,0.3941,,,,,,,,,,,,,,,,,39.588473584905664,1.3178,49,10,314,150,120,30,27.597215,0,ok,logs/seed_504483.log
50984,irt_only,GHEFT,0,0.0,0,0,1,0.2141,0.133,0.3471,,,,,,,,,,,,,,,,,50.608291735537186,1.0577,54,12,331,168,148,20,25.921608,0,ok,logs/seed_50984.log
145299,irt_only,GHEFT,0,0.0,0,0,1,0.2364,0.1535,0.3899,,,,,,,,,,,,,,,,,46.552196296296295,1.2192,46,11,307,147,104,43,24.617756,0,ok,logs/seed_145299.log
933274,irt_only,GHEFT,0,0.0,0,0,1,0.2164,0.1257,0.3421,,,,,,,,,,,,,,,,,59.14444301075268,1.2314,52,13,332,189,144,45,29.12933,0,ok,logs/seed_933274.log
321337,irt_only,GHEFT,0,0.0,0,0,1,0.2585,0.1689,0.4274,,,,,,,,,,,,,,,,,40.166150295774656,1.4376,50,11,316,164,123,41,22.903221,0,ok,logs/seed_321337.log
181404,irt_only,GHEFT,0,0.0,0,0,1,0.235,0.17,0.405,,,,,,,,,,,,,,,,,54.172836842105255,1.4943,51,11,326,168,126,42,25.672621,0,ok,logs/seed_181404.log
3899,irt_only,GHEFT,0,0.0,0,0,1,0.2222,0.1482,0.3704,,,,,,,,,,,,,,,,,56.45174309484193,1.1277,44,10,311,177,150,27,24.615061,0,ok,logs/seed_3899.log
494958,irt_only,GHEFT,0,0.0,0,0,1,0.2577,0.1811,0.4388,,,,,,,,,,,,,,,,,46.28535387263338,1.1668,53,11,318,170,118,52,23.553222,0,ok,logs/seed_494958.log
970507,irt_only,GHEFT,0,0.0,0,0,1,0.1988,0.1427,0.3415,,,,,,,,,,,,,,,,,42.7689302134647,1.1381,50,14,323,190,150,40,28.805293,0,ok,logs/seed_970507.log
705866,irt_only,GHEFT,0,0.0,0,0,1,0.2247,0.1587,0.3834,,,,,,,,,,,,,,,,,50.99898155802862,1.1969,47,12,306,157,118,39,29.344519,0,ok,logs/seed_705866.log
296343,irt_only,GHEFT,0,0.0,0,0,1,0.2481,0.1434,0.3915,,,,,,,,,,,,,,,,,48.17564444444446,1.4453,46,11,326,170,128,42,25.967495,0,ok,logs/seed_296343.log
586398,irt_only,GHEFT,0,0.0,0,0,1,0.2153,0.108,0.3233,,,,,,,,,,,,,,,,,44.966784723726995,1.1376,47,13,346,184,147,37,23.846734,0,ok,logs/seed_586398.log
378648,irt_only,GHEFT,0,0.0,0,0,1,0.2369,0.171,0.4079,,,,,,,,,,,,,,,,,40.85026289308177,1.2451,49,11,305,162,138,24,21.439887,0,ok,logs/seed_378648.log
531966,irt_only,GHEFT,0,0.0,0,0,1,0.2386,0.1398,0.3784,,,,,,,,,,,,,,,,,35.82621665995525,1.1922,52,12,318,167,136,31,21.252906,0,ok,logs/seed_531966.log
596361,irt_only,GHEFT,0,0.0,0,0,1,0.2151,0.1332,0.3483,,,,,,,,,,,,,,,,,40.9903,1.1079,49,12,334,182,143,39,21.867732,0,ok,logs/seed_596361.log
60220,irt_only,GHEFT,0,0.0,0,0,1,0.2324,0.1251,0.3575,,,,,,,,,,,,,,,,,44.49209178743962,1.243,42,9,309,136,102,34,14.505148,0,ok,logs/seed_60220.log
189568,irt_only,GHEFT,0,0.0,0,0,1,0.2225,0.1779,0.4004,,,,,,,,,,,,,,,,,46.42279511764706,1.0968,56,13,324,188,139,49,31.756385,0,ok,logs/seed_189568.log
151000,irt_only,GHEFT,0,0.0,0,0,1,0.2125,0.1267,0.3392,,,,,,,,,,,,,,,,,60.48606808009423,1.276,42,10,312,152,125,27,17.705681,0,ok,logs/seed_151000.log
72402,irt_only,GHEFT,0,0.0,0,0,1,0.2165,0.1619,0.3784,,,,,,,,,,,,,,,,,42.82517037037038,1.025,50,10,321,157,127,30,21.890898,0,ok,logs/seed_72402.log
983055,irt_only,GHEFT,0,0.0,0,0,1,0.2341,0.1503,0.3844,,,,,,,,,,,,,,,,,41.120282608695646,1.1195,43,8,321,162,133,29,23.200464,0,ok,logs/seed_983055.log
538582,irt_only,GHEFT,0,0.0,0,0,1,0.2316,0.1368,0.3684,,,,,,,,,,,,,,,,,53.767525760397255,1.4319,47,10,300,144,111,33,22.648008,0,ok,logs/seed_538582.log
934509,irt_only,GHEFT,0,0.0,0,0,1,0.2344,0.1563,0.3907,,,,,,,,,,,,,,,,,51.11576016260162,1.266,51,11,321,153,125,28,29.144257,0,ok,logs/seed_934509.log
220410,irt_only,GHEFT,0,0.0,0,0,1,0.2385,0.1186,0.3571,,,,,,,,,,,,,,,,,41.15515205047319,1.2641,45,9,316,153,131,22,23.18717,0,ok,logs/seed_220410.log
755547,irt_only,GHEFT,0,0.0,0,0,1,0.2671,0.1708,0.4379,,,,,,,,,,,,,,,,,43.29015970149254,1.0376,45,12,310,144,105,39,23.744028,0,ok,logs/seed_755547.log
682666,irt_only,GHEFT,0,0.0,0,0,1,0.1897,0.1176,0.3073,,,,,,,,,,,,,,,,,43.61220055172414,1.2143,46,14,310,164,121,43,25.054978,0,ok,logs/seed_682666.log
707759,irt_only,GHEFT,0,0.0,0,0,1,0.2145,0.1472,0.3617,,,,,,,,,,,,,,,,,48.66994170616114,1.1626,46,10,315,148,129,19,24.279439,0,ok,logs/seed_707759.log
472298,irt_only,GHEFT,0,0.0,0,0,1,0.206,0.129,0.335,,,,,,,,,,,,,,,,,45.444797959183674,1.2755,45,11,319,164,134,30,24.150896,0,ok,logs/seed_472298.log
842827,irt_only,GHEFT,0,0.0,0,0,1,0.2434,0.1468,0.3902,,,,,,,,,,,,,,,,,42.07175025799794,1.1132,49,11,316,163,135,28,27.865575,0,ok,logs/seed_842827.log
598514,irt_only,GHEFT,0,0.0,0,0,1,0.2658,0.1551,0.4209,,,,,,,,,,,,,,,,,45.010496110210696,1.1044,51,13,320,165,131,34,24.821573,0,ok,logs/seed_598514.log
985883,irt_only,GHEFT,0,0.0,0,0,1,0.2097,0.123,0.3327,,,,,,,,,,,,,,,,,43.70643161856963,1.0937,44,11,298,140,110,30,27.157502,0,ok,logs/seed_985883.log
595328,irt_only,GHEFT,0,0.0,0,0,1,0.2175,0.1483,0.3658,,,,,,,,,,,,,,,,,53.2617076923077,1.2058,48,9,348,151,122,29,23.678555,0,ok,logs/seed_595328.log
238922,irt_only,GHEFT,0,0.0,0,0,1,0.2286,0.1397,0.3683,,,,,,,,,,,,,,,,,40.80916397821188,1.1175,48,10,333,146,114,32,17.997668,0,ok,logs/seed_238922.log
469556,irt_only,GHEFT,0,0.0,0,0,1,0.2152,0.1361,0.3513,,,,,,,,,,,,,,,,,50.728412621359226,1.2189,49,10,305,152,127,25,15.468082,0,ok,logs/seed_469556.log
108225,irt_only,GHEFT,0,0.0,0,0,1,0.2223,0.1463,0.3686,,,,,,,,,,,,,,,,,48.70027590272661,1.0604,47,12,314,150,136,14,8.515919,0,ok,logs/seed_108225.log
899644,irt_only,GHEFT,0,0.0,0,0,1,0.218,0.1589,0.3769,,,,,,,,,,,,,,,,,47.420832833583205,1.1181,50,13,338,181,115,66,25.555953,0,ok,logs/seed_899644.log
885107,irt_only,GHEFT,0,0.0,0,0,1,0.2467,0.1841,0.4308,,,,,,,,,,,,,,,,,51.875149228944245,1.1456,53,11,320,171,135,36,36.919878,0,ok,logs/seed_885107.log
624803,irt_only,GHEFT,0,0.0,0,0,1,0.2221,0.1251,0.3472,,,,,,,,,,,,,,,,,48.44668137108793,1.0889,45,13,322,165,128,37,28.775711,0,ok,logs/seed_624803.log
412384,irt_only,GHEFT,0,0.0,0,0,1,0.2145,0.147,0.3615,,,,,,,,,,,,,,,,,38.27461056910569,1.103,45,10,320,153,113,40,26.788539,0,ok,logs/seed_412384.log
534437,irt_only,GHEFT,0,0.0,0,0,1,0.2331,0.1685,0.4016,,,,,,,,,,,,,,,,,45.633384901253805,1.0921,47,10,315,159,118,41,27.470088,0,ok,logs/seed_534437.log
28388,irt_only,GHEFT,0,0.0,0,0,1,0.2322,0.1555,0.3877,,,,,,,,,,,,,,,,,45.340409090909084,1.2732,38,8,312,151,126,25,23.887789,0,ok,logs/seed_28388.log
480416,irt_only,GHEFT,0,0.0,0,0,1,0.2262,0.1491,0.3753,,,,,,,,,,,,,,,,,47.23281131541725,1.1052,48,12,316,170,129,41,22.551834,0,ok,logs/seed_480416.log
6523,irt_only,GHEFT,0,0.0,0,0,1,0.2238,0.1767,0.4005,,,,,,,,,,,,,,,,,61.37058815411157,1.355,50,10,317,179,134,45,27.258642,0,ok,logs/seed_6523.log
875492,irt_only,GHEFT,0,0.0,0,0,1,0.2206,0.1396,0.3602,,,,,,,,,,,,,,,,,47.64381115537848,1.3194,44,11,325,162,124,38,24.68103,0,ok,logs/seed_875492.log
445144,irt_only,GHEFT,0,0.0,0,0,1,0.2425,0.1425,0.385,,,,,,,,,,,,,,,,,39.0965260115607,1.0348,47,11,313,153,108,45,28.624671,0,ok,logs/seed_445144.log
178145,irt_only,GHEFT,0,0.0,0,0,1,0.2066,0.1748,0.3814,,,,,,,,,,,,,,,,,52.45197888446214,1.251,55,15,340,176,119,57,27.655204,0,ok,logs/seed_178145.log
496478,irt_only,GHEFT,0,0.0,0,0,1,0.222,0.1425,0.3645,,,,,,,,,,,,,,,,,47.76698127090301,1.0912,48,11,304,170,130,40,23.17478,0,ok,logs/seed_496478.log
239617,irt_only,GHEFT,0,0.0,0,0,1,0.2234,0.1394,0.3628,,,,,,,,,,,,,,,,,39.628665027322405,1.1429,45,10,328,154,126,28,23.148991,0,ok,logs/seed_239617.log
473997,irt_only,GHEFT,0,0.0,0,0,1,0.2135,0.1362,0.3497,,,,,,,,,,,,,,,,,43.18703974151858,1.0897,54,13,329,178,145,33,18.683069,0,ok,logs/seed_473997.log
229225,irt_only,GHEFT,0,0.0,0,0,1,0.2499,0.1919,0.4418,,,,,,,,,,,,,,,,,52.72206040100251,1.121,48,10,312,179,135,44,5.971659,0,ok,logs/seed_229225.log
254791,irt_only,GHEFT,0,0.0,0,0,1,0.2193,0.1641,0.3834,,,,,,,,,,,,,,,,,40.83927516778523,1.1601,50,10,331,165,131,34,31.847693,0,ok,logs/seed_254791.log
966201,irt_only,GHEFT,0,0.0,0,0,1,0.261,0.2069,0.4679,,,,,,,,,,,,,,,,,38.26613655705996,1.1809,44,10,315,141,114,27,21.668846,0,ok,logs/seed_966201.log
533361,irt_only,GHEFT,0,0.0,0,0,1,0.2114,0.1419,0.3533,,,,,,,,,,,,,,,,,43.933278184991266,1.0715,53,13,329,170,135,35,26.201605,0,ok,logs/seed_533361.log
872306,irt_only,GHEFT,0,0.0,0,0,1,0.2249,0.1146,0.3395,,,,,,,,,,,,,,,,,46.990940438871476,1.555,47,13,320,163,127,36,21.448589,0,ok,logs/seed_872306.log
444933,irt_only,GHEFT,0,0.0,0,0,1,0.236,0.1888,0.4248,,,,,,,,,,,,,,,,,49.92900967184802,1.0285,47,11,322,168,132,36,24.066359,0,ok,logs/seed_444933.log
456356,irt_only,GHEFT,0,0.0,0,0,1,0.2134,0.1611,0.3745,,,,,,,,,,,,,,,,,62.879771830985916,1.512,58,12,344,193,145,48,26.413423,0,ok,logs/seed_456356.log
853702,irt_only,GHEFT,0,0.0,0,0,1,0.238,0.1532,0.3912,,,,,,,,,,,,,,,,,50.226279425837326,1.3789,51,12,335,183,145,38,27.040815,0,ok,logs/seed_853702.log
176967,irt_only,GHEFT,0,0.0,0,0,1,0.2014,0.1398,0.3412,,,,,,,,,,,,,,,,,45.65190165126417,1.2094,48,11,331,152,118,34,26.519281,0,ok,logs/seed_176967.log
33347,irt_only,GHEFT,0,0.0,0,0,1,0.2115,0.139,0.3505,,,,,,,,,,,,,,,,,47.544894977168944,1.3065,45,10,313,158,128,30,21.438907,0,ok,logs/seed_33347.log
411283,irt_only,GHEFT,0,0.0,0,0,1,0.2383,0.165,0.4033,,,,,,,,,,,,,,,,,38.75356204379562,1.2614,49,10,323,155,122,33,27.545297,0,ok,logs/seed_411283.log
81911,irt_only,GHEFT,0,0.0,0,0,1,0.2459,0.16,0.4059,,,,,,,,,,,,,,,,,43.47292907423581,1.1925,53,13,350,162,111,51,25.991001,0,ok,logs/seed_81911.log
956925,irt_only,GHEFT,0,0.0,0,0,1,0.2078,0.1128,0.3206,,,,,,,,,,,,,,,,,55.45462129742962,1.2508,45,11,321,176,141,35,26.388178,0,ok,logs/seed_956925.log
362804,irt_only,GHEFT,0,0.0,0,0,1,0.2089,0.1475,0.3564,,,,,,,,,,,,,,,,,42.75143864363404,1.3668,46,13,292,171,139,32,19.058868,0,ok,logs/seed_362804.log
728140,irt_only,GHEFT,0,0.0,0,0,1,0.233,0.1732,0.4062,,,,,,,,,,,,,,,,,39.042308216494845,1.0398,39,9,324,150,125,25,22.332584,0,ok,logs/seed_728140.log
554565,irt_only,GHEFT,0,0.0,0,0,1,0.2518,0.149,0.4008,,,,,,,,,,,,,,,,,44.69731966496723,1.0975,54,13,338,171,136,35,20.197367,0,ok,logs/seed_554565.log
392733,irt_only,GHEFT,0,0.0,0,0,1,0.2298,0.1562,0.386,,,,,,,,,,,,,,,,,37.43602951289398,1.0439,45,10,335,154,119,35,10.102972,0,ok,logs/seed_392733.log
769066,irt_only,GHEFT,0,0.0,0,0,1,0.2347,0.1507,0.3854,,,,,,,,,,,,,,,,,43.71089734513275,1.1527,56,14,318,179,145,34,33.63342,0,ok,logs/seed_769066.log
925520,irt_only,GHEFT,0,0.0,0,0,1,0.2048,0.1494,0.3542,,,,,,,,,,,,,,,,,48.068756574923555,1.191,45,9,323,161,135,26,29.735417,0,ok,logs/seed_925520.log
4410,irt_only,GHEFT,0,0.0,0,0,1,0.2316,0.1565,0.3881,,,,,,,,,,,,,,,,,49.764257097791806,1.3661,57,12,320,161,119,42,23.27087,0,ok,logs/seed_4410.log
729459,irt_only,GHEFT,0,0.0,0,0,1,0.2217,0.1139,0.3356,,,,,,,,,,,,,,,,,44.235899824253075,1.0674,47,11,313,176,129,47,26.046632,0,ok,logs/seed_729459.log
179329,irt_only,GHEFT,0,0.0,0,0,1,0.2271,0.1209,0.348,,,,,,,,,,,,,,,,,39.69326231003039,1.2667,49,12,313,155,123,32,29.929931,0,ok,logs/seed_179329.log
282114,irt_only,GHEFT,0,0.0,0,0,1,0.2309,0.1158,0.3467,,,,,,,,,,,,,,,,,42.30145208581645,1.176,42,11,298,147,117,30,21.992576,0,ok,logs/seed_282114.log
583172,irt_only,GHEFT,0,0.0,0,0,1,0.2371,0.1377,0.3748,,,,,,,,,,,,,,,,,41.48052155059133,1.088,52,12,334,169,128,41,29.71125,0,ok,logs/seed_583172.log
534010,irt_only,GHEFT,0,0.0,0,0,1,0.2152,0.1562,0.3714,,,,,,,,,,,,,,,,,50.50813333333333,1.3468,57,12,345,179,147,32,25.410946,0,ok,logs/seed_534010.log
824110,irt_only,GHEFT,0,0.0,0,0,1,0.188,0.1177,0.3057,,,,,,,,,,,,,,,,,47.0372457106274,1.2198,45,11,316,166,132,34,24.816002,0,ok,logs/seed_824110.log
897704,irt_only,GHEFT,0,0.0,0,0,1,0.2114,0.1492,0.3606,,,,,,,,,,,,,,,,,52.22173531786216,1.2148,43,10,330,157,127,30,25.925194,0,ok,logs/seed_897704.log
226589,irt_only,GHEFT,0,0.0,0,0,1,0.2249,0.1443,0.3692,,,,,,,,,,,,,,,,,43.129450645390065,1.0774,46,13,318,175,145,30,25.77446,0,ok,logs/seed_226589.log
481886,irt_only,GHEFT,0,0.0,0,0,1,0.2147,0.1486,0.3633,,,,,,,,,,,,,,,,,39.837254061224485,1.2369,55,11,304,134,94,40,22.406934,0,ok,logs/seed_481886.log
982251,irt_only,GHEFT,0,0.0,0,0,1,0.1936,0.1419,0.3355,,,,,,,,,,,,,,,,,49.34859930795849,1.2046,48,11,304,158,123,35,19.168604,0,ok,logs/seed_982251.log
543181,irt_only,GHEFT,0,0.0,0,0,1,0.2083,0.1309,0.3392,,,,,,,,,,,,,,,,,44.33367984733293,1.3056,48,12,308,157,122,35,19.706418,0,ok,logs/seed_543181.log
397234,irt_only,GHEFT,0,0.0,0,0,1,0.2158,0.1337,0.3495,,,,,,,,,,,,,,,,,48.98574966442953,1.2937,54,12,350,158,110,48,12.261519,0,ok,logs/seed_397234.log
973889,irt_only,GHEFT,0,0.0,0,0,1,0.2011,0.122,0.3231,,,,,,,,,,,,,,,,,66.12675871313671,1.4298,50,12,329,157,120,37,30.471805,0,ok,logs/seed_973889.log
110682,irt_only,GHEFT,0,0.0,0,0,1,0.2105,0.1366,0.3471,,,,,,,,,,,,,,,,,69.92904573438872,1.1563,49,11,308,174,135,39,21.879801,0,ok,logs/seed_110682.log
663813,irt_only,GHEFT,0,0.0,0,0,1,0.2015,0.1347,0.3362,,,,,,,,,,,,,,,,,55.27916622073578,1.43,46,11,306,149,117,32,24.753206,0,ok,logs/seed_663813.log
895348,irt_only,GHEFT,0,0.0,0,0,1,0.2047,0.1364,0.3411,,,,,,,,,,,,,,,,,46.89848752037618,1.3326,52,13,317,175,126,49,25.974241,0,ok,logs/seed_895348.log
840905,irt_only,GHEFT,0,0.0,0,0,1,0.245,0.1531,0.3981,,,,,,,,,,,,,,,,,46.797432735426,1.1063,50,12,304,175,143,32,23.773028,0,ok,logs/seed_840905.log
366120,irt_only,GHEFT,0,0.0,0,0,1,0.2295,0.1556,0.3851,,,,,,,,,,,,,,,,,66.43628961038962,1.5207,50,11,305,164,125,39,23.00636,0,ok,logs/seed_366120.log
873087,irt_only,GHEFT,0,0.0,0,0,1,0.2236,0.1086,0.3322,,,,,,,,,,,,,,,,,42.25534229543039,1.073,46,12,297,171,149,22,22.956014,0,ok,logs/seed_873087.log
333017,irt_only,GHEFT,0,0.0,0,0,1,0.2214,0.1496,0.371,,,,,,,,,,,,,,,,,43.61450000000001,1.143,41,9,300,125,97,28,18.608311,0,ok,logs/seed_333017.log
479679,irt_only,GHEFT,0,0.0,0,0,1,0.2372,0.1278,0.365,,,,,,,,,,,,,,,,,39.93038314285714,1.2582,46,11,316,161,119,42,23.302669,0,ok,logs/seed_479679.log
547920,irt_only,GHEFT,0,0.0,0,0,1,0.23,0.133,0.363,,,,,,,,,,,,,,,,,48.27128040201005,1.271,45,9,320,144,99,45,24.055145,0,ok,logs/seed_547920.log
397055,irt_only,GHEFT,0,0.0,0,0,1,0.2487,0.1686,0.4173,,,,,,,,,,,,,,,,,49.654659569179785,1.3218,55,13,341,182,136,46,27.512915,0,ok,logs/seed_397055.log
255407,irt_only,GHEFT,0,0.0,0,0,1,0.2311,0.1484,0.3795,,,,,,,,,,,,,,,,,49.98091514324694,1.2345,47,12,322,184,145,39,25.924771,0,ok,logs/seed_255407.log
529276,irt_only,GHEFT,0,0.0,0,0,1,0.2239,0.1583,0.3822,,,,,,,,,,,,,,,,,41.07597125506072,1.157,55,11,330,151,109,42,24.534918,0,ok,logs/seed_529276.log
772641,irt_only,GHEFT,0,0.0,0,0,1,0.2284,0.1362,0.3646,,,,,,,,,,,,,,,,,41.81053929128016,1.0953,51,11,333,174,131,43,27.116818,0,ok,logs/seed_772641.log
452290,irt_only,GHEFT,0,0.0,0,0,1,0.2122,0.115,0.3272,,,,,,,,,,,,,,,,,48.44063536895674,1.3607,45,11,313,147,118,29,23.704366,0,ok,logs/seed_452290.log
70730,irt_only,GHEFT,0,0.0,0,0,1,0.2354,0.159,0.3944,,,,,,,,,,,,,,,,,42.43370476190476,1.2824,45,10,316,155,128,27,26.144692,0,ok,logs/seed_70730.log
29523,irt_only,GHEFT,0,0.0,0,0,1,0.2342,0.1603,0.3945,,,,,,,,,,,,,,,,,46.05734777070062,1.4065,44,11,309,170,134,36,18.950927,0,ok,logs/seed_29523.log
580005,irt_only,GHEFT,0,0.0,0,0,1,0.226,0.115,0.341,,,,,,,,,,,,,,,,,43.40692428042327,1.0563,50,12,323,149,120,29,21.665194,0,ok,logs/seed_580005.log
273040,irt_only,GHEFT,0,0.0,0,0,1,0.2376,0.1366,0.3742,,,,,,,,,,,,,,,,,46.24947692307692,1.0855,41,9,307,144,123,21,14.761144,0,ok,logs/seed_273040.log
333143,irt_only,GHEFT,0,0.0,0,0,1,0.2272,0.1588,0.386,,,,,,,,,,,,,,,,,63.21551304347825,1.2425,36,8,284,133,114,19,12.842578,0,ok,logs/seed_333143.log
6027,irt_only,GHEFT,0,0.0,0,0,1,0.1971,0.1076,0.3047,,,,,,,,,,,,,,,,,47.40043940042826,1.0807,50,14,351,191,149,42,14.639229,0,ok,logs/seed_6027.log
802904,irt_only,GHEFT,0,0.0,0,0,1,0.2156,0.1223,0.3379,,,,,,,,,,,,,,,,,49.8765902626132,1.2031,53,12,339,179,138,41,18.335001,0,ok,logs/seed_802904.log
495402,irt_only,GHEFT,0,0.0,0,0,1,0.2136,0.1392,0.3528,,,,,,,,,,,,,,,,,49.611660377358476,1.1085,50,12,325,179,139,40,14.134809,0,ok,logs/seed_495402.log
385502,irt_only,GHEFT,0,0.0,0,0,1,0.2766,0.1784,0.455,,,,,,,,,,,,,,,,,41.9597490956211,1.1069,56,12,336,189,137,52,15.059227,0,ok,logs/seed_385502.log
847050,irt_only,GHEFT,0,0.0,0,0,1,0.2089,0.1456,0.3545,,,,,,,,,,,,,,,,,50.15494329896908,1.298,45,10,305,150,121,29,12.26602,0,ok,logs/seed_847050.log
386832,irt_only,GHEFT,0,0.0,0,0,1,0.2158,0.1764,0.3922,,,,,,,,,,,,,,,,,43.63044511162432,1.2301,50,12,316,164,127,37,15.641498,0,ok,logs/seed_386832.log
325099,irt_only,GHEFT,0,0.0,0,0,1,0.2402,0.1478,0.388,,,,,,,,,,,,,,,,,47.207560997067446,1.0173,45,9,306,150,129,21,13.47172,0,ok,logs/seed_325099.log
23707,irt_only,GHEFT,0,0.0,0,0,1,0.2021,0.17,0.3721,,,,,,,,,,,,,,,,,47.47170687822546,1.2712,58,11,344,170,106,64,15.190651,0,ok,logs/seed_23707.log
779751,irt_only,GHEFT,0,0.0,0,0,1,0.2013,0.1322,0.3335,,,,,,,,,,,,,,,,,51.10702551883167,1.0025,48,10,308,159,130,29,12.797602,0,ok,logs/seed_779751.log
213180,irt_only,GHEFT,0,0.0,0,0,1,0.2337,0.1396,0.3733,,,,,,,,,,,,,,,,,51.37965988324873,1.137,43,11,327,155,120,35,13.516093,0,ok,logs/seed_213180.log
903156,irt_only,GHEFT,0,0.0,0,0,1,0.2147,0.1236,0.3383,,,,,,,,,,,,,,,,,40.96653730454207,1.2886,42,9,305,149,116,33,12.633147,0,ok,logs/seed_903156.log
854656,irt_only,GHEFT,0,0.0,0,0,1,0.2233,0.1503,0.3736,,,,,,,,,,,,,,,,,52.996631543624154,1.1173,50,13,328,152,118,34,10.132752,0,ok,logs/seed_854656.log
130554,irt_only,GHEFT,0,0.0,0,0,1,0.2022,0.1248,0.327,,,,,,,,,,,,,,,,,45.31741508450704,1.0579,48,12,311,163,116,47,8.678818,0,ok,logs/seed_130554.log
384884,irt_only,GHEFT,0,0.0,0,0,1,0.2424,0.1538,0.3962,,,,,,,,,,,,,,,,,56.75118904109589,1.5051,52,13,305,181,143,38,17.411484,0,ok,logs/seed_384884.log
433977,irt_only,GHEFT,0,0.0,0,0,1,0.2157,0.1624,0.3781,,,,,,,,,,,,,,,,,46.40682164549483,1.1464,57,14,312,172,128,44,18.458758,0,ok,logs/seed_433977.log
37380,irt_only,GHEFT,0,0.0,0,0,1,0.2243,0.1421,0.3664,,,,,,,,,,,,,,,,,43.6715030075188,1.2092,53,14,340,195,152,43,22.094048,0,ok,logs/seed_37380.log
171794,irt_only,GHEFT,0,0.0,0,0,1,0.2344,0.145,0.3794,,,,,,,,,,,,,,,,,46.199368501529044,1.4908,60,12,338,157,107,50,22.416264,0,ok,logs/seed_171794.log
154379,irt_only,GHEFT,0,0.0,0,0,1,0.2099,0.1091,0.319,,,,,,,,,,,,,,,,,40.91975675675676,1.0934,46,11,329,170,116,54,21.506639,0,ok,logs/seed_154379.log
757152,irt_only,GHEFT,0,0.0,0,0,1,0.2043,0.1482,0.3525,,,,,,,,,,,,,,,,,47.509903030303036,1.3077,43,11,306,154,121,33,21.473443,0,ok,logs/seed_757152.log
624137,irt_only,GHEFT,0,0.0,0,0,1,0.2197,0.1129,0.3326,,,,,,,,,,,,,,,,,50.49681841196778,1.1066,45,9,344,152,123,29,21.647983,0,ok,logs/seed_624137.log
209074,irt_only,GHEFT,0,0.0,0,0,1,0.2212,0.1196,0.3408,,,,,,,,,,,,,,,,,46.39928120028922,1.1764,47,11,304,157,124,33,22.031759,0,ok,logs/seed_209074.log
748006,irt_only,GHEFT,0,0.0,0,0,1,0.2189,0.1518,0.3707,,,,,,,,,,,,,,,,,59.544033862433864,1.1215,48,12,316,157,131,26,21.50076,0,ok,logs/seed_748006.log
930590,irt_only,GHEFT,0,0.0,0,0,1,0.229,0.1277,0.3567,,,,,,,,,,,,,,,,,37.97543944265809,1.151,54,14,332,174,130,44,22.85122,0,ok,logs/seed_930590.log
746597,irt_only,GHEFT,0,0.0,0,0,1,0.2296,0.125,0.3546,,,,,,,,,,,,,,,,,47.39677272727273,1.3313,42,9,302,146,124,22,16.624807,0,ok,logs/seed_746597.log
421675,irt_only,GHEFT,0,0.0,0,0,1,0.2228,0.1459,0.3687,,,,,,,,,,,,,,,,,52.149579976993685,1.3831,59,12,349,186,151,35,21.249489,0,ok,logs/seed_421675.log
31076,irt_only,GHEFT,0,0.0,0,0,1,0.2253,0.1526,0.3779,,,,,,,,,,,,,,,,,47.747773459715646,1.0531,50,13,336,202,149,53,16.097071,0,ok,logs/seed_31076.log
466796,irt_only,GHEFT,0,0.0,0,0,1,0.1997,0.1156,0.3153,,,,,,,,,,,,,,,,,55.27331619937694,1.3764,51,12,333,150,118,32,10.825459,0,ok,logs/seed_466796.log
711358,irt_only,GHEFT,0,0.0,0,0,1,0.2335,0.1869,0.4204,,,,,,,,,,,,,,,,,46.700004220577355,1.1755,47,10,305,148,126,22,6.607562,0,ok,logs/seed_711358.log
185748,irt_only,GHEFT,0,0.0,0,0,1,0.249,0.1642,0.4132,,,,,,,,,,,,,,,,,34.36886469377749,1.157,47,9,321,142,125,17,25.430635,0,ok,logs/seed_185748.log
876677,irt_only,GHEFT,0,0.0,0,0,1,0.2472,0.1323,0.3795,,,,,,,,,,,,,,,,,45.80001437908498,1.005,46,11,322,162,131,31,22.092062,0,ok,logs/seed_876677.log
223283,irt_only,GHEFT,0,0.0,0,0,1,0.2181,0.1489,0.367,,,,,,,,,,,,,,,,,43.187288182831665,1.2665,50,13,315,192,155,37,23.583388,0,ok,logs/seed_223283.log
894739,irt_only,GHEFT,0,0.0,0,0,1,0.2148,0.1522,0.367,,,,,,,,,,,,,,,,,44.385376470588234,1.1977,48,9,308,131,117,14,28.354924,0,ok,logs/seed_894739.log
108347,irt_only,GHEFT,0,0.0,0,0,1,0.2134,0.1316,0.345,,,,,,,,,,,,,,,,,40.43429548822109,1.0585,41,9,309,143,124,19,24.894537,0,ok,logs/seed_108347.log
190486,irt_only,GHEFT,0,0.0,0,0,1,0.281,0.1729,0.4539,,,,,,,,,,,,,,,,,40.91400895522387,1.4171,46,10,339,168,133,35,25.908033,0,ok,logs/seed_190486.log
168340,irt_only,GHEFT,0,0.0,0,0,1,0.2301,0.1395,0.3696,,,,,,,,,,,,,,,,,38.41389156180607,1.0391,45,11,302,153,125,28,23.623767,0,ok,logs/seed_168340.log
304561,irt_only,GHEFT,0,0.0,0,0,1,0.2423,0.1531,0.3954,,,,,,,,,,,,,,,,,40.73864686064319,1.242,50,11,314,158,125,33,26.591298,0,ok,logs/seed_304561.log
574192,irt_only,GHEFT,0,0.0,0,0,1,0.1939,0.1185,0.3124,,,,,,,,,,,,,,,,,57.2554400530504,1.1827,49,12,342,160,132,28,28.982797,0,ok,logs/seed_574192.log
687972,irt_only,GHEFT,0,0.0,0,0,1,0.2128,0.1171,0.3299,,,,,,,,,,,,,,,,,44.271911898017,1.1175,46,11,330,177,130,47,25.700079,0,ok,logs/seed_687972.log
731201,irt_only,GHEFT,0,0.0,0,0,1,0.2115,0.1398,0.3513,,,,,,,,,,,,,,,,,58.64771274787535,1.0199,42,11,320,136,115,21,25.313209,0,ok,logs/seed_731201.log
579731,irt_only,GHEFT,0,0.0,0,0,1,0.2468,0.1427,0.3895,,,,,,,,,,,,,,,,,46.43313767885533,1.1468,51,11,339,173,134,39,27.157335,0,ok,logs/seed_579731.log
451867,irt_only,GHEFT,0,0.0,0,0,1,0.2251,0.1684,0.3935,,,,,,,,,,,,,,,,,45.88619636913767,1.1875,53,14,323,208,135,73,19.876373,0,ok,logs/seed_451867.log
406724,irt_only,GHEFT,0,0.0,0,0,1,0.2017,0.1476,0.3493,,,,,,,,,,,,,,,,,59.25953777916122,1.3405,53,10,334,166,127,39,26.406573,0,ok,logs/seed_406724.log
793861,irt_only,GHEFT,0,0.0,0,0,1,0.2472,0.1513,0.3985,,,,,,,,,,,,,,,,,44.4187480494767,1.4247,48,12,327,171,117,54,15.779521,0,ok,logs/seed_793861.log
611415,irt_only,GHEFT,0,0.0,0,0,1,0.2177,0.1501,0.3678,,,,,,,,,,,,,,,,,58.334437837837854,1.1519,45,10,317,166,138,28,6.475975,0,ok,logs/seed_611415.log
521320,irt_only,GHEFT,0,0.0,0,0,1,0.2181,0.1597,0.3778,,,,,,,,,,,,,,,,,72.26031089689857,1.5082,43,11,299,146,115,31,27.250992,0,ok,logs/seed_521320.log
8846,irt_only,GHEFT,0,0.0,0,0,1,0.2228,0.1248,0.3476,,,,,,,,,,,,,,,,,45.161379138322005,1.3266,38,8,318,145,108,37,27.241238,0,ok,logs/seed_8846.log
49614,irt_only,GHEFT,0,0.0,0,0,1,0.2483,0.1687,0.417,,,,,,,,,,,,,,,,,47.01130618813429,1.4629,47,10,314,157,115,42,28.53814,0,ok,logs/seed_49614.log
659032,irt_only,GHEFT,0,0.0,0,0,1,0.2243,0.1335,0.3578,,,,,,,,,,,,,,,,,39.11036081873112,1.0659,50,15,302,151,119,32,22.965579,0,ok,logs/seed_659032.log
998482,irt_only,GHEFT,0,0.0,0,0,1,0.2593,0.1308,0.3901,,,,,,,,,,,,,,,,,40.15060524344569,1.0417,43,9,318,148,124,24,24.789388,0,ok,logs/seed_998482.log
93047,irt_only,GHEFT,0,0.0,0,0,1,0.2218,0.1378,0.3596,,,,,,,,,,,,,,,,,44.17338539325843,1.2449,48,12,334,171,127,44,24.752416,0,ok,logs/seed_93047.log
80158,irt_only,GHEFT,0,0.0,0,0,1,0.2188,0.1566,0.3754,,,,,,,,,,,,,,,,,56.102348936170216,1.1127,46,11,338,162,133,29,28.45932,0,ok,logs/seed_80158.log
510654,irt_only,GHEFT,0,0.0,0,0,1,0.2295,0.1612,0.3907,,,,,,,,,,,,,,,,,68.32526430260047,1.3108,41,12,314,150,121,29,24.346951,0,ok,logs/seed_510654.log
530654,irt_only,GHEFT,0,0.0,0,0,1,0.2277,0.1601,0.3878,,,,,,,,,,,,,,,,,50.63472669826226,1.5095,42,10,322,170,130,40,28.567407,0,ok,logs/seed_530654.log
573179,irt_only,GHEFT,0,0.0,0,0,1,0.2158,0.1308,0.3466,,,,,,,,,,,,,,,,,48.57541448931115,1.0545,46,11,316,152,121,31,28.127623,0,ok,logs/seed_573179.log
47016,irt_only,GHEFT,0,0.0,0,0,1,0.2156,0.1456,0.3612,,,,,,,,,,,,,,,,,46.217294940978064,1.0221,43,11,329,157,129,28,27.543405,0,ok,logs/seed_47016.log
590729,irt_only,GHEFT,0,0.0,0,0,1,0.2176,0.1651,0.3827,,,,,,,,,,,,,,,,,52.06195217391304,1.3847,44,10,297,151,110,41,20.52281,0,ok,logs/seed_590729.log
383125,irt_only,GHEFT,0,0.0,0,0,1,0.2816,0.1534,0.435,,,,,,,,,,,,,,,,,36.7927933182333,1.066,50,10,317,154,125,29,21.344108,0,ok,logs/seed_383125.log
844140,irt_only,GHEFT,0,0.0,0,0,1,0.2265,0.1684,0.3949,,,,,,,,,,,,,,,,,47.7665985645933,1.346,57,14,320,184,138,46,17.209956,0,ok,logs/seed_844140.log
909688,irt_only,GHEFT,0,0.0,0,0,1,0.2157,0.1472,0.3629,,,,,,,,,,,,,,,,,49.773522950819675,1.6006,51,11,311,159,126,33,15.244874,0,ok,logs/seed_909688.log
200398,irt_only,GHEFT,0,0.0,0,0,1,0.2306,0.1485,0.3791,,,,,,,,,,,,,,,,,52.57953033873343,1.0583,44,12,325,175,137,38,12.316257,0,ok,logs/seed_200398.log
563666,irt_only,GHEFT,0,0.0,0,0,1,0.2256,0.1448,0.3704,,,,,,,,,,,,,,,,,62.125832346063916,1.2514,53,14,320,167,134,33,24.081225,0,ok,logs/seed_563666.log
982230,irt_only,GHEFT,0,0.0,0,0,1,0.2119,0.1267,0.3386,,,,,,,,,,,,,,,,,50.205861272004555,1.1091,47,10,337,157,117,40,30.814668,0,ok,logs/seed_982230.log
825585,irt_only,GHEFT,0,0.0,0,0,1,0.2269,0.1118,0.3387,,,,,,,,,,,,,,,,,52.53654100719424,1.0278,57,10,346,169,145,24,24.739461,0,ok,logs/seed_825585.log
178808,irt_only,GHEFT,0,0.0,0,0,1,0.217,0.1273,0.3443,,,,,,,,,,,,,,,,,60.23109174550129,1.5616,48,11,302,136,101,35,21.036025,0,ok,logs/seed_178808.log
132464,irt_only,GHEFT,0,0.0,0,0,1,0.2414,0.1533,0.3947,,,,,,,,,,,,,,,,,45.486562542955326,1.1609,48,12,309,158,128,30,32.534167,0,ok,logs/seed_132464.log
242596,irt_only,GHEFT,0,0.0,0,0,1,0.2065,0.1538,0.3603,,,,,,,,,,,,,,,,,57.18696044260028,1.4307,43,11,295,153,120,33,26.170281,0,ok,logs/seed_242596.log
627641,irt_only,GHEFT,0,0.0,0,0,1,0.2389,0.1656,0.4045,,,,,,,,,,,,,,,,,39.036260471976405,1.2142,54,12,322,169,123,46,22.128736,0,ok,logs/seed_627641.log
233825,irt_only,GHEFT,0,0.0,0,0,1,0.2614,0.1887,0.4501,,,,,,,,,,,,,,,,,42.37533203883495,1.4721,46,11,292,133,104,29,21.816094,0,ok,logs/seed_233825.log
104559,irt_only,GHEFT,0,0.0,0,0,1,0.258,0.1802,0.4382,,,,,,,,,,,,,,,,,41.587931061602,1.489,44,11,310,162,114,48,18.220112,0,ok,logs/seed_104559.log
420030,irt_only,GHEFT,0,0.0,0,0,1,0.2449,0.2098,0.4547,,,,,,,,,,,,,,,,,45.07914181002244,1.2897,50,12,321,169,119,50,22.169295,0,ok,logs/seed_420030.log
122728,irt_only,GHEFT,0,0.0,0,0,1,0.2312,0.1335,0.3647,,,,,,,,,,,,,,,,,36.99062226322263,1.203,44,12,324,179,131,48,28.720254,0,ok,logs/seed_122728.log
513240,irt_only,GHEFT,0,0.0,0,0,1,0.2188,0.144,0.3628,,,,,,,,,,,,,,,,,46.2799826091954,1.1833,48,11,320,161,125,36,22.016825,0,ok,logs/seed_513240.log
762685,irt_only,GHEFT,0,0.0,0,0,1,0.2343,0.188,0.4223,,,,,,,,,,,,,,,,,52.22455753424658,1.3414,49,9,315,174,139,35,23.963657,0,ok,logs/seed_762685.log
33644,irt_only,GHEFT,0,0.0,0,0,1,0.2429,0.1901,0.433,,,,,,,,,,,,,,,,,41.499985557986875,1.1724,42,11,308,139,107,32,20.346639,0,ok,logs/seed_33644.log
717433,irt_only,GHEFT,0,0.0,0,0,1,0.2203,0.1444,0.3647,,,,,,,,,,,,,,,,,43.2302,1.0451,61,13,349,190,149,41,22.013886,0,ok,logs/seed_717433.log
223415,irt_only,GHEFT,0,0.0,0,0,1,0.2194,0.1673,0.3867,,,,,,,,,,,,,,,,,48.16473120567377,1.1438,45,11,310,147,120,27,9.961629,0,ok,logs/seed_223415.log
770297,irt_only,GHEFT,0,0.0,0,0,1,0.234,0.1667,0.4007,,,,,,,,,,,,,,,,,46.15138287919463,1.3408,56,13,339,184,137,47,32.501259,0,ok,logs/seed_770297.log
53816,irt_only,GHEFT,0,0.0,0,0,1,0.2297,0.1253,0.355,,,,,,,,,,,,,,,,,49.882494524495684,1.0833,49,11,328,169,139,30,22.518966,0,ok,logs/seed_53816.log
277504,irt_only,GHEFT,0,0.0,0,0,1,0.2229,0.1594,0.3823,,,,,,,,,,,,,,,,,40.17559321789322,1.1679,44,10,320,141,114,27,21.214747,0,ok,logs/seed_277504.log
348035,irt_only,GHEFT,0,0.0,0,0,1,0.2499,0.1428,0.3927,,,,,,,,,,,,,,,,,41.935987499999996,1.105,57,11,321,182,151,31,28.789793,0,ok,logs/seed_348035.log
310372,irt_only,GHEFT,0,0.0,0,0,1,0.2539,0.1599,0.4138,,,,,,,,,,,,,,,,,46.102900000000005,1.2701,50,13,310,161,129,32,38.322797,0,ok,logs/seed_310372.log
800807,irt_only,GHEFT,0,0.0,0,0,1,0.2253,0.1519,0.3772,,,,,,,,,,,,,,,,,49.103646922390716,1.2359,47,12,346,188,137,51,33.203244,0,ok,logs/seed_800807.log
263339,irt_only,GHEFT,0,0.0,0,0,1,0.2147,0.1385,0.3532,,,,,,,,,,,,,,,,,39.864863616792256,1.0559,44,10,339,156,125,31,35.163342,0,ok,logs/seed_263339.log
573677,irt_only,GHEFT,0,0.0,0,0,1,0.1876,0.139,0.3266,,,,,,,,,,,,,,,,,56.811609876543216,1.2058,46,13,310,173,131,42,25.53512,0,ok,logs/seed_573677.log
15182,irt_only,GHEFT,0,0.0,0,0,1,0.2366,0.1139,0.3505,,,,,,,,,,,,,,,,,52.18511891891892,1.0096,46,10,309,152,117,35,24.029465,0,ok,logs/seed_15182.log
775808,irt_only,GHEFT,0,0.0,0,0,1,0.2311,0.155,0.3861,,,,,,,,,,,,,,,,,37.145055414012745,1.3294,49,12,307,159,124,35,34.055112,0,ok,logs/seed_775808.log
993850,irt_only,GHEFT,0,0.0,0,0,1,0.2258,0.1336,0.3594,,,,,,,,,,,,,,,,,48.30138177399758,1.0644,45,9,328,161,125,36,27.832265,0,ok,logs/seed_993850.log
254088,irt_only,GHEFT,0,0.0,0,0,1,0.2171,0.1385,0.3556,,,,,,,,,,,,,,,,,40.71934838137193,1.0461,51,11,306,170,129,41,29.656181,0,ok,logs/seed_254088.log
547104,irt_only,GHEFT,0,0.0,0,0,1,0.2382,0.1859,0.4241,,,,,,,,,,,,,,,,,45.55940472787245,1.0022,51,10,332,172,140,32,35.750973,0,ok,logs/seed_547104.log
906200,irt_only,GHEFT,0,0.0,0,0,1,0.2459,0.1829,0.4288,,,,,,,,,,,,,,,,,47.911312403100794,1.1876,48,10,323,177,132,45,28.341106,0,ok,logs/seed_906200.log
539013,irt_only,GHEFT,0,0.0,0,0,1,0.2454,0.1318,0.3772,,,,,,,,,,,,,,,,,44.889278217821776,1.0312,48,11,316,160,125,35,26.43176,0,ok,logs/seed_539013.log
116455,irt_only,GHEFT,0,0.0,0,0,1,0.2383,0.1758,0.4141,,,,,,,,,,,,,,,,,68.60914431630972,1.6098,44,10,301,150,124,26,29.537394,0,ok,logs/seed_116455.log
149887,irt_only,GHEFT,0,0.0,0,0,1,0.214,0.1133,0.3273,,,,,,,,,,,,,,,,,43.27970641988951,1.0615,41,10,313,160,136,24,27.188354,0,ok,logs/seed_149887.log
581975,irt_only,GHEFT,0,0.0,0,0,1,0.2041,0.1123,0.3164,,,,,,,,,,,,,,,,,43.77588095238096,1.0165,50,11,328,159,126,33,30.742649,0,ok,logs/seed_581975.log
245300,irt_only,GHEFT,0,0.0,0,0,1,0.2062,0.1109,0.3171,,,,,,,,,,,,,,,,,42.95500811808119,1.1197,54,13,310,167,132,35,28.540701,0,ok,logs/seed_245300.log
749768,irt_only,GHEFT,0,0.0,0,0,1,0.2356,0.1512,0.3868,,,,,,,,,,,,,,,,,38.540322718187866,1.1727,47,9,303,137,108,29,18.993736,0,ok,logs/seed_749768.log
984059,irt_only,GHEFT,0,0.0,0,0,1,0.2551,0.152,0.4071,,,,,,,,,,,,,,,,,37.5674376321839,1.0172,45,9,299,144,126,18,23.98601,0,ok,logs/seed_984059.log
97410,irt_only,GHEFT,0,0.0,0,0,1,0.2152,0.117,0.3322,,,,,,,,,,,,,,,,,43.97673307392998,1.2627,43,9,331,157,124,33,30.666491,0,ok,logs/seed_97410.log
956125,irt_only,GHEFT,0,0.0,0,0,1,0.2234,0.1272,0.3506,,,,,,,,,,,,,,,,,41.598392510611745,1.1421,51,11,322,164,135,29,31.088163,0,ok,logs/seed_956125.log
877091,irt_only,GHEFT,0,0.0,0,0,1,0.2028,0.1097,0.3125,,,,,,,,,,,,,,,,,53.817675394321775,1.1698,48,9,335,168,135,33,30.064143,0,ok,logs/seed_877091.log
226651,irt_only,GHEFT,0,0.0,0,0,1,0.2323,0.1502,0.3825,,,,,,,,,,,,,,,,,50.18669986850756,1.1525,55,11,312,174,137,37,27.90493,0,ok,logs/seed_226651.log
673466,irt_only,GHEFT,0,0.0,0,0,1,0.2226,0.1242,0.3468,,,,,,,,,,,,,,,,,42.151251743375184,1.1589,46,11,318,148,121,27,22.138656,0,ok,logs/seed_673466.log
905076,irt_only,GHEFT,0,0.0,0,0,1,0.2291,0.1362,0.3653,,,,,,,,,,,,,,,,,44.363790804597706,1.1092,53,10,326,180,147,33,28.462551,0,ok,logs/seed_905076.log
156873,irt_only,GHEFT,0,0.0,0,0,1,0.1934,0.1298,0.3232,,,,,,,,,,,,,,,,,55.51645345345347,1.2649,42,10,340,182,145,37,28.446756,0,ok,logs/seed_156873.log
687203,irt_only,GHEFT,0,0.0,0,0,1,0.2475,0.2221,0.4696,,,,,,,,,,,,,,,,,51.078589366692725,1.1519,49,11,317,164,119,45,33.520759,0,ok,logs/seed_687203.log
137164,irt_only,GHEFT,0,0.0,0,0,1,0.213,0.1773,0.3903,,,,,,,,,,,,,,,,,51.86822622401074,1.3274,49,11,320,169,123,46,31.693676,0,ok,logs/seed_137164.log
615585,irt_only,GHEFT,0,0.0,0,0,1,0.2178,0.1277,0.3455,,,,,,,,,,,,,,,,,44.01712523744911,1.1636,55,13,335,172,131,41,26.035175,0,ok,logs/seed_615585.log
948603,irt_only,GHEFT,0,0.0,0,0,1,0.2195,0.1158,0.3353,,,,,,,,,,,,,,,,,45.52461877256317,1.1431,53,14,335,193,153,40,23.669841,0,ok,logs/seed_948603.log
330246,irt_only,GHEFT,0,0.0,0,0,1,0.2503,0.1312,0.3815,,,,,,,,,,,,,,,,,47.638990027959,1.303,46,9,322,165,140,25,26.81312,0,ok,logs/seed_330246.log
231763,irt_only,GHEFT,0,0.0,0,0,1,0.2264,0.1345,0.3609,,,,,,,,,,,,,,,,,49.42794871794873,1.2278,50,10,332,171,128,43,27.717746,0,ok,logs/seed_231763.log
254692,irt_only,GHEFT,0,0.0,0,0,1,0.2337,0.16,0.3937,,,,,,,,,,,,,,,,,43.223645499181664,1.3309,44,14,318,158,121,37,25.652279,0,ok,logs/seed_254692.log
726098,irt_only,GHEFT,0,0.0,0,0,1,0.2434,0.1426,0.386,,,,,,,,,,,,,,,,,39.72022618724559,1.3253,59,11,340,166,122,44,29.386573,0,ok,logs/seed_726098.log
165469,irt_only,GHEFT,0,0.0,0,0,1,0.2596,0.1353,0.3949,,,,,,,,,,,,,,,,,43.511512321660184,1.2194,45,13,318,161,131,30,22.319706,0,ok,logs/seed_165469.log
467321,irt_only,GHEFT,0,0.0,0,0,1,0.2118,0.1899,0.4017,,,,,,,,,,,,,,,,,38.79030201082754,1.1273,54,12,315,156,123,33,24.598784,0,ok,logs/seed_467321.log
729320,irt_only,GHEFT,0,0.0,0,0,1,0.2167,0.1557,0.3724,,,,,,,,,,,,,,,,,46.14930691244239,1.1752,46,11,311,136,111,25,28.513496,0,ok,logs/seed_729320.log
400221,irt_only,GHEFT,0,0.0,0,0,1,0.2496,0.1476,0.3972,,,,,,,,,,,,,,,,,45.14119942279943,1.1567,53,11,326,135,103,32,29.782442,0,ok,logs/seed_400221.log
456402,irt_only,GHEFT,0,0.0,0,0,1,0.2311,0.1682,0.3993,,,,,,,,,,,,,,,,,48.42063084370677,1.1411,60,12,322,172,132,40,23.760833,0,ok,logs/seed_456402.log
91696,irt_only,GHEFT,0,0.0,0,0,1,0.236,0.1772,0.4132,,,,,,,,,,,,,,,,,52.88376796116505,1.4859,53,12,338,190,158,32,34.62516,0,ok,logs/seed_91696.log
868799,irt_only,GHEFT,0,0.0,0,0,1,0.2435,0.1296,0.3731,,,,,,,,,,,,,,,,,45.98412248995983,1.2621,48,12,317,157,127,30,26.473319,0,ok,logs/seed_868799.log
809171,irt_only,GHEFT,0,0.0,0,0,1,0.2128,0.1279,0.3407,,,,,,,,,,,,,,,,,49.44697520564042,1.3845,50,11,329,180,140,40,34.719455,0,ok,logs/seed_809171.log
509668,irt_only,GHEFT,0,0.0,0,0,1,0.1995,0.1233,0.3228,,,,,,,,,,,,,,,,,63.15338009768009,1.3469,49,11,325,164,129,35,18.641956,0,ok,logs/seed_509668.log
715759,irt_only,GHEFT,0,0.0,0,0,1,0.2256,0.1786,0.4042,,,,,,,,,,,,,,,,,44.1788531069827,1.3078,61,14,331,185,125,60,12.683806,0,ok,logs/seed_715759.log
34130,irt_only,GHEFT,0,0.0,0,0,1,0.2294,0.1666,0.396,,,,,,,,,,,,,,,,,42.833934991423675,1.113,59,13,337,173,122,51,6.06915,0,ok,logs/seed_34130.log
439635,irt_only,GHEFT,0,0.0,0,0,1,0.2227,0.15,0.3727,,,,,,,,,,,,,,,,,51.972824601098075,1.6624,42,10,320,158,133,25,25.238662,0,ok,logs/seed_439635.log
353714,irt_only,GHEFT,0,0.0,0,0,1,0.2532,0.1402,0.3934,,,,,,,,,,,,,,,,,37.66151372031663,1.0677,46,13,337,168,135,33,27.949306,0,ok,logs/seed_353714.log
844934,irt_only,GHEFT,0,0.0,0,0,1,0.2241,0.1802,0.4043,,,,,,,,,,,,,,,,,41.94053190921228,1.0595,51,11,326,176,129,47,27.862237,0,ok,logs/seed_844934.log
960763,irt_only,GHEFT,0,0.0,0,0,1,0.2422,0.1397,0.3819,,,,,,,,,,,,,,,,,43.388158112094395,1.2543,49,10,324,144,102,42,25.166709,0,ok,logs/seed_960763.log
659657,irt_only,GHEFT,0,0.0,0,0,1,0.2191,0.1421,0.3612,,,,,,,,,,,,,,,,,57.18803185595568,1.0404,41,11,286,139,96,43,21.242627,0,ok,logs/seed_659657.log
938087,irt_only,GHEFT,0,0.0,0,0,1,0.2258,0.1699,0.3957,,,,,,,,,,,,,,,,,43.63156660412757,1.2138,45,9,327,152,106,46,27.071654,0,ok,logs/seed_938087.log
430630,irt_only,GHEFT,0,0.0,0,0,1,0.2369,0.1422,0.3791,,,,,,,,,,,,,,,,,43.510655379549405,1.0772,49,11,326,160,139,21,30.717369,0,ok,logs/seed_430630.log
450588,irt_only,GHEFT,0,0.0,0,0,1,0.2304,0.1311,0.3615,,,,,,,,,,,,,,,,,42.73220553359683,1.2729,47,10,305,141,109,32,26.282305,0,ok,logs/seed_450588.log
324937,irt_only,GHEFT,0,0.0,0,0,1,0.1927,0.1268,0.3195,,,,,,,,,,,,,,,,,75.72865416958655,1.1024,42,12,310,152,128,24,31.014386,0,ok,logs/seed_324937.log
220568,irt_only,GHEFT,0,0.0,0,0,1,0.2005,0.1253,0.3258,,,,,,,,,,,,,,,,,52.06516642335765,1.0241,45,12,321,177,150,27,29.213628,0,ok,logs/seed_220568.log
143411,irt_only,GHEFT,0,0.0,0,0,1,0.2186,0.1818,0.4004,,,,,,,,,,,,,,,,,55.0011,1.1256,47,11,310,142,118,24,26.065775,0,ok,logs/seed_143411.log
578644,irt_only,GHEFT,0,0.0,0,0,1,0.213,0.1397,0.3527,,,,,,,,,,,,,,,,,53.6061972067039,1.3538,49,11,325,154,116,38,29.435089,0,ok,logs/seed_578644.log
411421,irt_only,GHEFT,0,0.0,0,0,1,0.2275,0.147,0.3745,,,,,,,,,,,,,,,,,50.8387694214876,1.4055,54,11,334,152,121,31,24.572254,0,ok,logs/seed_411421.log
332843,irt_only,GHEFT,0,0.0,0,0,1,0.2199,0.1301,0.35,,,,,,,,,,,,,,,,,54.09550079575597,1.2204,48,11,329,175,133,42,21.529161,0,ok,logs/seed_332843.log
2159,irt_only,GHEFT,0,0.0,0,0,1,0.2206,0.1312,0.3518,,,,,,,,,,,,,,,,,41.09256309912536,1.0673,47,11,310,167,125,42,8.758364,0,ok,logs/seed_2159.log
816107,irt_only,GHEFT,0,0.0,0,0,1,0.2227,0.1583,0.381,,,,,,,,,,,,,,,,,48.20350821917808,1.1631,46,12,315,171,133,38,33.91957,0,ok,logs/seed_816107.log
373934,irt_only,GHEFT,0,0.0,0,0,1,0.2471,0.1483,0.3954,,,,,,,,,,,,,,,,,57.60694414414413,1.6283,47,12,318,184,148,36,29.230605,0,ok,logs/seed_373934.log
824212,irt_only,GHEFT,0,0.0,0,0,1,0.2365,0.147,0.3835,,,,,,,,,,,,,,,,,47.14273570520965,1.1826,52,12,287,159,130,29,20.240976,0,ok,logs/seed_824212.log
549839,irt_only,GHEFT,0,0.0,0,0,1,0.2248,0.1353,0.3601,,,,,,,,,,,,,,,,,42.80551258278146,1.1908,45,9,318,143,105,38,23.768651,0,ok,logs/seed_549839.log
17250,irt_only,GHEFT,0,0.0,0,0,1,0.2287,0.1341,0.3628,,,,,,,,,,,,,,,,,45.29335740514077,1.2158,44,9,324,137,108,29,27.932194,0,ok,logs/seed_17250.log
644403,irt_only,GHEFT,0,0.0,0,0,1,0.2146,0.113,0.3276,,,,,,,,,,,,,,,,,52.036116871832014,1.0632,52,12,320,167,139,28,30.809791,0,ok,logs/seed_644403.log
891331,irt_only,GHEFT,0,0.0,0,0,1,0.2354,0.1508,0.3862,,,,,,,,,,,,,,,,,48.84375457192776,1.0044,41,10,312,165,141,24,26.940421,0,ok,logs/seed_891331.log
541033,irt_only,GHEFT,0,0.0,0,0,1,0.2318,0.1398,0.3716,,,,,,,,,,,,,,,,,47.68692162386081,1.1128,51,11,321,180,139,41,29.614309,0,ok,logs/seed_541033.log
711521,irt_only,GHEFT,0,0.0,0,0,1,0.2221,0.1289,0.351,,,,,,,,,,,,,,,,,53.39226931683168,1.3061,45,9,312,142,110,32,24.761449,0,ok,logs/seed_711521.log
725265,irt_only,GHEFT,0,0.0,0,0,1,0.21,0.1014,0.3114,,,,,,,,,,,,,,,,,57.817795246179976,1.0715,49,9,357,167,135,32,27.249752,0,ok,logs/seed_725265.log
793509,irt_only,GHEFT,0,0.0,0,0,1,0.2108,0.1421,0.3529,,,,,,,,,,,,,,,,,40.09959318885449,1.3428,54,13,332,172,136,36,28.261188,0,ok,logs/seed_793509.log
417817,irt_only,GHEFT,0,0.0,0,0,1,0.2087,0.1537,0.3624,,,,,,,,,,,,,,,,,48.41150174520071,1.3743,51,12,326,165,128,37,26.398775,0,ok,logs/seed_417817.log
603228,irt_only,GHEFT,0,0.0,0,0,1,0.2363,0.1556,0.3919,,,,,,,,,,,,,,,,,40.35463448281016,1.2531,40,11,306,141,100,41,23.715838,0,ok,logs/seed_603228.log
21177,irt_only,GHEFT,0,0.0,0,0,1,0.2182,0.1255,0.3437,,,,,,,,,,,,,,,,,44.416776923076924,1.2524,54,13,315,177,151,26,21.782367,0,ok,logs/seed_21177.log
307954,irt_only,GHEFT,0,0.0,0,0,1,0.215,0.1661,0.3811,,,,,,,,,,,,,,,,,53.81021245791245,1.0569,51,9,311,154,127,27,18.466415,0,ok,logs/seed_307954.log
527286,irt_only,GHEFT,0,0.0,0,0,1,0.2701,0.1745,0.4446,,,,,,,,,,,,,,,,,46.36841456166418,1.1237,54,11,319,169,134,35,8.701837,0,ok,logs/seed_527286.log
199889,irt_only,GHEFT,0,0.0,0,0,1,0.2191,0.1469,0.366,,,,,,,,,,,,,,,,,38.79636467817896,1.048,59,12,317,175,128,47,12.663712,0,ok,logs/seed_199889.log
364276,irt_only,GHEFT,0,0.0,0,0,1,0.2067,0.1206,0.3273,,,,,,,,,,,,,,,,,51.98565695097381,1.5717,40,10,303,133,102,31,13.820098,0,ok,logs/seed_364276.log
68246,irt_only,GHEFT,0,0.0,0,0,1,0.2151,0.118,0.3331,,,,,,,,,,,,,,,,,41.627525,1.2307,45,11,295,164,134,30,9.900544,0,ok,logs/seed_68246.log
238033,irt_only,GHEFT,0,0.0,0,0,1,0.2011,0.1283,0.3294,,,,,,,,,,,,,,,,,48.73202246117086,1.1012,37,10,301,150,122,28,11.218638,0,ok,logs/seed_238033.log
220944,irt_only,GHEFT,0,0.0,0,0,1,0.2146,0.1239,0.3385,,,,,,,,,,,,,,,,,59.05912827763497,1.4827,52,14,335,191,158,33,14.174928,0,ok,logs/seed_220944.log
891582,irt_only,GHEFT,0,0.0,0,0,1,0.2064,0.1138,0.3202,,,,,,,,,,,,,,,,,39.02353474865973,1.0631,43,11,315,155,132,23,12.101421,0,ok,logs/seed_891582.log
782412,irt_only,GHEFT,0,0.0,0,0,1,0.2665,0.2126,0.4791,,,,,,,,,,,,,,,,,46.08970983078163,1.4705,43,10,301,166,142,24,12.420367,0,ok,logs/seed_782412.log
272720,irt_only,GHEFT,0,0.0,0,0,1,0.2139,0.1151,0.329,,,,,,,,,,,,,,,,,42.91842827272727,1.1298,46,10,319,165,120,45,11.072844,0,ok,logs/seed_272720.log
992708,irt_only,GHEFT,0,0.0,0,0,1,0.2112,0.1456,0.3568,,,,,,,,,,,,,,,,,42.979407810107205,1.2015,44,12,320,167,130,37,11.750054,0,ok,logs/seed_992708.log
30644,irt_only,GHEFT,0,0.0,0,0,1,0.2349,0.1441,0.379,,,,,,,,,,,,,,,,,46.24256495726496,1.3083,52,11,324,182,132,50,12.296,0,ok,logs/seed_30644.log
921837,irt_only,GHEFT,0,0.0,0,0,1,0.2585,0.1504,0.4089,,,,,,,,,,,,,,,,,56.41153138731952,1.5307,52,13,318,176,134,42,11.344305,0,ok,logs/seed_921837.log
920979,irt_only,GHEFT,0,0.0,0,0,1,0.2464,0.1346,0.381,,,,,,,,,,,,,,,,,47.138653719008275,1.3303,42,10,316,167,133,34,11.222959,0,ok,logs/seed_920979.log
642755,irt_only,GHEFT,0,0.0,0,0,1,0.2402,0.1337,0.3739,,,,,,,,,,,,,,,,,43.68002779616149,1.1643,48,12,335,174,132,42,12.806625,0,ok,logs/seed_642755.log
43741,irt_only,GHEFT,0,0.0,0,0,1,0.2465,0.1558,0.4023,,,,,,,,,,,,,,,,,41.529291894737064,1.1655,47,11,294,135,108,27,9.459078,0,ok,logs/seed_43741.log
254302,irt_only,GHEFT,0,0.0,0,0,1,0.2424,0.1905,0.4329,,,,,,,,,,,,,,,,,43.02671509433963,1.184,45,11,329,151,103,48,10.447592,0,ok,logs/seed_254302.log
53196,irt_only,GHEFT,0,0.0,0,0,1,0.2326,0.1509,0.3835,,,,,,,,,,,,,,,,,52.777324434389136,1.3958,49,12,318,182,148,34,27.252278,0,ok,logs/seed_53196.log
601808,irt_only,GHEFT,0,0.0,0,0,1,0.206,0.14,0.346,,,,,,,,,,,,,,,,,43.025359259259254,1.0053,46,11,305,140,114,26,30.758237,0,ok,logs/seed_601808.log
832225,irt_only,GHEFT,0,0.0,0,0,1,0.2433,0.1335,0.3768,,,,,,,,,,,,,,,,,49.795731506849336,1.407,52,10,321,164,137,27,25.489549,0,ok,logs/seed_832225.log
582446,irt_only,GHEFT,0,0.0,0,0,1,0.1942,0.108,0.3022,,,,,,,,,,,,,,,,,46.52640060790273,1.1874,47,11,331,164,126,38,29.386434,0,ok,logs/seed_582446.log
538445,irt_only,GHEFT,0,0.0,0,0,1,0.2323,0.1751,0.4074,,,,,,,,,,,,,,,,,43.23498518518518,1.1206,49,9,323,158,119,39,29.533633,0,ok,logs/seed_538445.log
323662,irt_only,GHEFT,0,0.0,0,0,1,0.23,0.1793,0.4093,,,,,,,,,,,,,,,,,42.173684099084106,1.2996,57,16,362,193,130,63,27.393957,0,ok,logs/seed_323662.log
361331,irt_only,GHEFT,0,0.0,0,0,1,0.2188,0.1838,0.4026,,,,,,,,,,,,,,,,,44.63233970856103,1.2064,47,11,316,165,122,43,29.106128,0,ok,logs/seed_361331.log
139576,irt_only,GHEFT,0,0.0,0,0,1,0.2302,0.1666,0.3968,,,,,,,,,,,,,,,,,49.21502382588774,1.2604,46,11,312,147,111,36,22.851409,0,ok,logs/seed_139576.log
802985,irt_only,GHEFT,0,0.0,0,0,1,0.2434,0.1868,0.4302,,,,,,,,,,,,,,,,,48.8108996309963,1.1191,46,12,307,163,134,29,27.849603,0,ok,logs/seed_802985.log
801777,irt_only,GHEFT,0,0.0,0,0,1,0.2107,0.1457,0.3564,,,,,,,,,,,,,,,,,47.38696091644204,1.4672,47,11,317,153,131,22,32.629998,0,ok,logs/seed_801777.log
340074,irt_only,GHEFT,0,0.0,0,0,1,0.2154,0.122,0.3374,,,,,,,,,,,,,,,,,43.60345625971961,1.129,58,12,338,181,131,50,37.016372,0,ok,logs/seed_340074.log
850648,irt_only,GHEFT,0,0.0,0,0,1,0.2113,0.1102,0.3215,,,,,,,,,,,,,,,,,74.64868179800223,1.2506,44,8,320,151,119,32,26.19865,0,ok,logs/seed_850648.log
332271,irt_only,GHEFT,0,0.0,0,0,1,0.236,0.1687,0.4047,,,,,,,,,,,,,,,,,43.86136641221374,1.3151,57,14,345,195,136,59,28.038989,0,ok,logs/seed_332271.log
389750,irt_only,GHEFT,0,0.0,0,0,1,0.2369,0.1463,0.3832,,,,,,,,,,,,,,,,,51.96073042973287,1.3752,54,13,330,164,125,39,27.43326,0,ok,logs/seed_389750.log
798169,irt_only,GHEFT,0,0.0,0,0,1,0.2388,0.1603,0.3991,,,,,,,,,,,,,,,,,47.40757826086956,1.3138,46,10,309,155,116,39,24.752504,0,ok,logs/seed_798169.log
297853,irt_only,GHEFT,0,0.0,0,0,1,0.2171,0.1195,0.3366,,,,,,,,,,,,,,,,,44.067299999999996,1.0332,45,10,350,167,131,36,32.256915,0,ok,logs/seed_297853.log
579634,irt_only,GHEFT,0,0.0,0,0,1,0.2374,0.1492,0.3866,,,,,,,,,,,,,,,,,48.96354805194805,1.1228,51,12,316,176,135,41,32.03285,0,ok,logs/seed_579634.log
345486,irt_only,GHEFT,0,0.0,0,0,1,0.2346,0.1597,0.3943,,,,,,,,,,,,,,,,,37.80825956917978,1.3497,42,10,313,147,114,33,29.004236,0,ok,logs/seed_345486.log
345064,irt_only,GHEFT,0,0.0,0,0,1,0.2322,0.192,0.4242,,,,,,,,,,,,,,,,,48.365834636871504,1.2085,44,10,300,135,88,47,20.81715,0,ok,logs/seed_345064.log
956254,irt_only,GHEFT,0,0.0,0,0,1,0.2318,0.1336,0.3654,,,,,,,,,,,,,,,,,39.97234584980236,1.0944,41,9,317,150,120,30,26.874245,0,ok,logs/seed_956254.log
84361,irt_only,GHEFT,0,0.0,0,0,1,0.203,0.1407,0.3437,,,,,,,,,,,,,,,,,56.86945984555984,1.2087,48,12,303,167,135,32,32.097157,0,ok,logs/seed_84361.log
496940,irt_only,GHEFT,0,0.0,0,0,1,0.2003,0.1371,0.3374,,,,,,,,,,,,,,,,,50.96048912199037,1.0959,49,13,323,158,124,34,28.059201,0,ok,logs/seed_496940.log
898042,irt_only,GHEFT,0,0.0,0,0,1,0.1909,0.1156,0.3065,,,,,,,,,,,,,,,,,47.8584,1.1422,46,10,327,157,128,29,28.948603,0,ok,logs/seed_898042.log
653358,irt_only,GHEFT,0,0.0,0,0,1,0.2103,0.1418,0.3521,,,,,,,,,,,,,,,,,64.67842575132588,1.4576,50,11,320,167,140,27,31.999999,0,ok,logs/seed_653358.log
400544,irt_only,GHEFT,0,0.0,0,0,1,0.2347,0.1504,0.3851,,,,,,,,,,,,,,,,,53.10552596324837,1.2204,48,12,290,173,140,33,25.611831,0,ok,logs/seed_400544.log
242184,irt_only,GHEFT,0,0.0,0,0,1,0.2447,0.1519,0.3966,,,,,,,,,,,,,,,,,40.15610052305246,1.2529,46,12,340,180,151,29,26.863383,0,ok,logs/seed_242184.log
393637,irt_only,GHEFT,0,0.0,0,0,1,0.2384,0.1687,0.4071,,,,,,,,,,,,,,,,,47.603959368836286,1.0822,50,11,321,147,109,38,30.404061,0,ok,logs/seed_393637.log
995508,irt_only,GHEFT,0,0.0,0,0,1,0.2385,0.1503,0.3888,,,,,,,,,,,,,,,,,41.02317304048235,1.0786,53,12,324,170,128,42,31.141576,0,ok,logs/seed_995508.log
243653,irt_only,GHEFT,0,0.0,0,0,1,0.2269,0.1788,0.4057,,,,,,,,,,,,,,,,,43.67347041741534,1.2819,49,12,327,167,133,34,32.277893,0,ok,logs/seed_243653.log
343514,irt_only,GHEFT,0,0.0,0,0,1,0.2121,0.1455,0.3576,,,,,,,,,,,,,,,,,46.03406992481202,1.1027,41,11,328,178,127,51,26.455437,0,ok,logs/seed_343514.log
411929,irt_only,GHEFT,0,0.0,0,0,1,0.2172,0.1597,0.3769,,,,,,,,,,,,,,,,,43.13227967479675,1.151,41,9,314,165,123,42,28.706531,0,ok,logs/seed_411929.log
668641,irt_only,GHEFT,0,0.0,0,0,1,0.2292,0.1358,0.365,,,,,,,,,,,,,,,,,50.83091098901099,1.0815,41,8,321,128,101,27,29.052417,0,ok,logs/seed_668641.log
20187,irt_only,GHEFT,0,0.0,0,0,1,0.2341,0.2002,0.4343,,,,,,,,,,,,,,,,,43.771102371541495,1.2641,48,10,335,182,143,39,32.226273,0,ok,logs/seed_20187.log
658023,irt_only,GHEFT,0,0.0,0,0,1,0.2206,0.1554,0.376,,,,,,,,,,,,,,,,,46.74043977812996,1.1097,54,10,326,173,135,38,25.537578,0,ok,logs/seed_658023.log
846287,irt_only,GHEFT,0,0.0,0,0,1,0.2355,0.1621,0.3976,,,,,,,,,,,,,,,,,38.70482881355933,1.3567,49,12,315,155,114,41,27.95154,0,ok,logs/seed_846287.log
347153,irt_only,GHEFT,0,0.0,0,0,1,0.2347,0.1826,0.4173,,,,,,,,,,,,,,,,,45.12709706482133,1.1608,57,13,321,177,136,41,31.451308,0,ok,logs/seed_347153.log
891181,irt_only,GHEFT,0,0.0,0,0,1,0.2404,0.1383,0.3787,,,,,,,,,,,,,,,,,46.45805056179775,1.1998,45,11,318,146,117,29,34.222873,0,ok,logs/seed_891181.log
937433,irt_only,GHEFT,0,0.0,0,0,1,0.1892,0.1345,0.3237,,,,,,,,,,,,,,,,,56.333028843995514,1.3658,49,12,312,153,115,38,27.611832,0,ok,logs/seed_937433.log
489777,irt_only,GHEFT,0,0.0,0,0,1,0.2223,0.1382,0.3605,,,,,,,,,,,,,,,,,48.111607088992976,1.0363,47,10,312,146,114,32,27.646826,0,ok,logs/seed_489777.log
248415,irt_only,GHEFT,0,0.0,0,0,1,0.2114,0.133,0.3444,,,,,,,,,,,,,,,,,61.11839551746869,1.5241,51,11,311,158,130,28,29.278113,0,ok,logs/seed_248415.log
552234,irt_only,GHEFT,0,0.0,0,0,1,0.2323,0.1658,0.3981,,,,,,,,,,,,,,,,,52.8322065404475,1.3449,44,11,293,170,128,42,23.541345,0,ok,logs/seed_552234.log
660822,irt_only,GHEFT,0,0.0,0,0,1,0.2471,0.1161,0.3632,,,,,,,,,,,,,,,,,40.74105902469137,1.104,50,13,313,163,132,31,25.882317,0,ok,logs/seed_660822.log
899646,irt_only,GHEFT,0,0.0,0,0,1,0.2273,0.1608,0.3881,,,,,,,,,,,,,,,,,55.42861668653159,1.355,49,11,316,160,123,37,26.11,0,ok,logs/seed_899646.log
657048,irt_only,GHEFT,0,0.0,0,0,1,0.1989,0.1557,0.3546,,,,,,,,,,,,,,,,,48.82695899419729,1.1403,46,11,321,161,125,36,26.593492,0,ok,logs/seed_657048.log
519203,irt_only,GHEFT,0,0.0,0,0,1,0.2403,0.1639,0.4042,,,,,,,,,,,,,,,,,51.05532169817316,1.2387,58,12,318,193,139,54,28.675871,0,ok,logs/seed_519203.log
198049,irt_only,GHEFT,0,0.0,0,0,1,0.1999,0.1314,0.3313,,,,,,,,,,,,,,,,,43.31530865064319,1.2211,48,11,328,149,126,23,33.928087,0,ok,logs/seed_198049.log
690757,irt_only,GHEFT,0,0.0,0,0,1,0.2099,0.1628,0.3727,,,,,,,,,,,,,,,,,72.52442662632376,1.6013,45,12,313,153,121,32,35.239353,0,ok,logs/seed_690757.log
402947,irt_only,GHEFT,0,0.0,0,0,1,0.2377,0.1783,0.416,,,,,,,,,,,,,,,,,38.4142095106383,1.2412,54,12,324,175,117,58,29.535062,0,ok,logs/seed_402947.log
556081,irt_only,GHEFT,0,0.0,0,0,1,0.2295,0.1816,0.4111,,,,,,,,,,,,,,,,,49.060876486860316,1.2808,49,13,318,159,122,37,31.877329,0,ok,logs/seed_556081.log
934188,irt_only,GHEFT,0,0.0,0,0,1,0.2145,0.1386,0.3531,,,,,,,,,,,,,,,,,45.16656293222683,1.0134,50,11,314,153,129,24,34.71691,0,ok,logs/seed_934188.log
123970,irt_only,GHEFT,0,0.0,0,0,1,0.2365,0.1358,0.3723,,,,,,,,,,,,,,,,,43.986071794871805,1.1278,46,11,307,162,126,36,31.493068,0,ok,logs/seed_123970.log
518181,irt_only,GHEFT,0,0.0,0,0,1,0.2525,0.1376,0.3901,,,,,,,,,,,,,,,,,46.34803837811486,1.1501,45,9,316,138,105,33,30.054102,0,ok,logs/seed_518181.log
399989,irt_only,GHEFT,0,0.0,0,0,1,0.2101,0.1456,0.3557,,,,,,,,,,,,,,,,,58.64089023746703,1.4944,44,8,309,138,120,18,25.728855,0,ok,logs/seed_399989.log
901771,irt_only,GHEFT,0,0.0,0,0,1,0.2459,0.1301,0.376,,,,,,,,,,,,,,,,,45.448228070175446,1.2023,46,11,323,162,128,34,31.241131,0,ok,logs/seed_901771.log
775491,irt_only,GHEFT,0,0.0,0,0,1,0.2343,0.1426,0.3769,,,,,,,,,,,,,,,,,44.73700469798658,1.2254,40,11,309,141,106,35,29.015817,0,ok,logs/seed_775491.log
925874,irt_only,GHEFT,0,0.0,0,0,1,0.2033,0.1301,0.3334,,,,,,,,,,,,,,,,,44.39406576811594,1.0676,52,11,337,168,133,35,32.973075,0,ok,logs/seed_925874.log
298914,irt_only,GHEFT,0,0.0,0,0,1,0.2572,0.181,0.4382,,,,,,,,,,,,,,,,,44.743833210332106,1.2136,50,13,335,178,143,35,32.433849,0,ok,logs/seed_298914.log
769242,irt_only,GHEFT,0,0.0,0,0,1,0.2278,0.1641,0.3919,,,,,,,,,,,,,,,,,42.233592451726174,1.0843,48,9,326,132,112,20,34.767775,0,ok,logs/seed_769242.log
884462,irt_only,GHEFT,0,0.0,0,0,1,0.2137,0.1411,0.3548,,,,,,,,,,,,,,,,,50.24592846003898,1.234,45,10,318,163,124,39,27.211045,0,ok,logs/seed_884462.log
948968,irt_only,GHEFT,0,0.0,0,0,1,0.2331,0.1862,0.4193,,,,,,,,,,,,,,,,,56.797794941634244,1.4168,50,12,329,173,133,40,30.281266,0,ok,logs/seed_948968.log
237390,irt_only,GHEFT,0,0.0,0,0,1,0.2178,0.1421,0.3599,,,,,,,,,,,,,,,,,51.32187427821521,1.095,51,12,325,172,139,33,28.640793,0,ok,logs/seed_237390.log
788501,irt_only,GHEFT,0,0.0,0,0,1,0.2125,0.1506,0.3631,,,,,,,,,,,,,,,,,40.2420585086042,1.1301,38,9,302,139,99,40,27.411132,0,ok,logs/seed_788501.log
841514,irt_only,GHEFT,0,0.0,0,0,1,0.2147,0.1188,0.3335,,,,,,,,,,,,,,,,,56.958070607028766,1.4589,36,9,292,138,108,30,27.207836,0,ok,logs/seed_841514.log
731954,irt_only,GHEFT,0,0.0,0,0,1,0.2316,0.1644,0.396,,,,,,,,,,,,,,,,,38.11924347826088,1.0735,48,10,323,154,125,29,31.765019,0,ok,logs/seed_731954.log
512900,irt_only,GHEFT,0,0.0,0,0,1,0.2544,0.1294,0.3838,,,,,,,,,,,,,,,,,43.38254596585599,1.0362,51,12,318,158,131,27,32.01713,0,ok,logs/seed_512900.log
163797,irt_only,GHEFT,0,0.0,0,0,1,0.2144,0.1132,0.3276,,,,,,,,,,,,,,,,,41.09200512765957,1.2098,47,10,322,154,133,21,26.266432,0,ok,logs/seed_163797.log
411938,irt_only,GHEFT,0,0.0,0,0,1,0.2376,0.1373,0.3749,,,,,,,,,,,,,,,,,48.53018197879859,1.1326,42,11,326,160,125,35,30.546522,0,ok,logs/seed_411938.log
297875,irt_only,GHEFT,0,0.0,0,0,1,0.2228,0.1523,0.3751,,,,,,,,,,,,,,,,,54.06914416961129,1.3767,55,15,348,200,146,54,43.198308,0,ok,logs/seed_297875.log
862431,irt_only,GHEFT,0,0.0,0,0,1,0.2692,0.1734,0.4426,,,,,,,,,,,,,,,,,35.633449413298564,1.1607,48,12,326,156,99,57,31.352409,0,ok,logs/seed_862431.log
944164,irt_only,GHEFT,0,0.0,0,0,1,0.2359,0.1512,0.3871,,,,,,,,,,,,,,,,,47.60935576679341,1.1277,51,13,340,186,146,40,29.899305,0,ok,logs/seed_944164.log
593633,irt_only,GHEFT,0,0.0,0,0,1,0.2565,0.1419,0.3984,,,,,,,,,,,,,,,,,37.72636563039724,1.1028,49,10,345,162,126,36,35.143743,0,ok,logs/seed_593633.log
49083,irt_only,GHEFT,0,0.0,0,0,1,0.2354,0.1497,0.3851,,,,,,,,,,,,,,,,,42.38769022945966,1.1836,49,10,321,151,124,27,31.333453,0,ok,logs/seed_49083.log
511497,irt_only,GHEFT,0,0.0,0,0,1,0.2185,0.1158,0.3343,,,,,,,,,,,,,,,,,39.723811668548755,1.2919,51,12,337,182,147,35,38.254613,0,ok,logs/seed_511497.log
332550,irt_only,GHEFT,0,0.0,0,0,1,0.2229,0.1289,0.3518,,,,,,,,,,,,,,,,,53.5796611521418,1.0255,45,11,305,159,132,27,39.593628,0,ok,logs/seed_332550.log
179506,irt_only,GHEFT,0,0.0,0,0,1,0.2415,0.184,0.4255,,,,,,,,,,,,,,,,,37.648720930232564,1.1895,48,11,296,148,121,27,31.643747,0,ok,logs/seed_179506.log
103680,irt_only,GHEFT,0,0.0,0,0,1,0.218,0.1518,0.3698,,,,,,,,,,,,,,,,,47.27162582582583,1.1106,55,11,329,179,129,50,34.500816,0,ok,logs/seed_103680.log
109216,irt_only,GHEFT,0,0.0,0,0,1,0.2007,0.1309,0.3316,,,,,,,,,,,,,,,,,45.05055,1.144,47,10,323,157,117,40,37.022018,0,ok,logs/seed_109216.log
344612,irt_only,GHEFT,0,0.0,0,0,1,0.2177,0.1327,0.3504,,,,,,,,,,,,,,,,,41.26766258503402,1.0992,50,12,331,163,132,31,34.253395,0,ok,logs/seed_344612.log
919045,irt_only,GHEFT,0,0.0,0,0,1,0.1973,0.1217,0.319,,,,,,,,,,,,,,,,,46.85302832800853,1.0206,55,12,310,183,142,41,27.61159,0,ok,logs/seed_919045.log
478565,irt_only,GHEFT,0,0.0,0,0,1,0.2266,0.1332,0.3598,,,,,,,,,,,,,,,,,48.63217007299271,1.315,43,9,296,131,103,28,29.037281,0,ok,logs/seed_478565.log
473670,irt_only,GHEFT,0,0.0,0,0,1,0.2072,0.1545,0.3617,,,,,,,,,,,,,,,,,43.421018416801296,1.2956,42,9,321,148,126,22,33.957466,0,ok,logs/seed_473670.log
175136,irt_only,GHEFT,0,0.0,0,0,1,0.2121,0.1253,0.3374,,,,,,,,,,,,,,,,,46.53076542923434,1.1267,57,13,350,178,126,52,36.20902,0,ok,logs/seed_175136.log
30661,irt_only,GHEFT,0,0.0,0,0,1,0.2117,0.1191,0.3308,,,,,,,,,,,,,,,,,52.50833636363635,1.3703,50,11,316,157,120,37,30.878427,0,ok,logs/seed_30661.log
461986,irt_only,GHEFT,0,0.0,0,0,1,0.2238,0.1322,0.356,,,,,,,,,,,,,,,,,46.12869471032747,1.2217,43,11,330,154,128,26,25.676247,0,ok,logs/seed_461986.log
806917,irt_only,GHEFT,0,0.0,0,0,1,0.2284,0.1307,0.3591,,,,,,,,,,,,,,,,,47.46104995104896,1.1919,60,14,328,194,139,55,30.423255,0,ok,logs/seed_806917.log
251935,irt_only,GHEFT,0,0.0,0,0,1,0.2239,0.1364,0.3603,,,,,,,,,,,,,,,,,42.400385312899104,1.2726,45,11,297,155,127,28,22.801187,0,ok,logs/seed_251935.log
485053,irt_only,GHEFT,0,0.0,0,0,1,0.2196,0.1169,0.3365,,,,,,,,,,,,,,,,,38.086862125903,1.0318,46,9,309,128,105,23,29.204193,0,ok,logs/seed_485053.log
766370,irt_only,GHEFT,0,0.0,0,0,1,0.2346,0.1442,0.3788,,,,,,,,,,,,,,,,,36.34648800151592,1.173,49,11,309,157,123,34,24.078215,0,ok,logs/seed_766370.log
229231,irt_only,GHEFT,0,0.0,0,0,1,0.229,0.11,0.339,,,,,,,,,,,,,,,,,48.06670129449837,1.0212,47,12,338,161,127,34,35.033813,0,ok,logs/seed_229231.log
577471,irt_only,GHEFT,0,0.0,0,0,1,0.2013,0.1118,0.3131,,,,,,,,,,,,,,,,,48.371892223738065,1.2917,52,11,323,189,150,39,29.641998,0,ok,logs/seed_577471.log
37962,irt_only,GHEFT,0,0.0,0,0,1,0.228,0.1612,0.3892,,,,,,,,,,,,,,,,,59.676871093176814,1.2255,47,10,330,159,125,34,31.349064,0,ok,logs/seed_37962.log
944872,irt_only,GHEFT,0,0.0,0,0,1,0.232,0.1522,0.3842,,,,,,,,,,,,,,,,,47.91871581481481,1.2568,45,11,332,157,127,30,37.461168,0,ok,logs/seed_944872.log
288361,irt_only,GHEFT,0,0.0,0,0,1,0.2241,0.1237,0.3478,,,,,,,,,,,,,,,,,42.80997230273753,1.1649,41,8,292,137,119,18,26.82841,0,ok,logs/seed_288361.log
811804,irt_only,GHEFT,0,0.0,0,0,1,0.2588,0.1929,0.4517,,,,,,,,,,,,,,,,,52.20455766567755,1.3889,46,11,321,170,133,37,33.203113,0,ok,logs/seed_811804.log
150312,irt_only,GHEFT,0,0.0,0,0,1,0.232,0.16,0.392,,,,,,,,,,,,,,,,,45.144743504531725,1.0911,47,8,326,146,121,25,29.294085,0,ok,logs/seed_150312.log
300144,irt_only,GHEFT,0,0.0,0,0,1,0.2206,0.1356,0.3562,,,,,,,,,,,,,,,,,49.71048400954654,1.1704,43,12,311,162,130,32,28.387475,0,ok,logs/seed_300144.log
321546,irt_only,GHEFT,0,0.0,0,0,1,0.2274,0.1869,0.4143,,,,,,,,,,,,,,,,,44.7567752632613,1.0688,46,10,320,157,106,51,32.812495,0,ok,logs/seed_321546.log
333826,irt_only,GHEFT,0,0.0,0,0,1,0.2112,0.1535,0.3647,,,,,,,,,,,,,,,,,51.16050542495479,1.3093,56,11,317,162,114,48,26.835786,0,ok,logs/seed_333826.log
601923,irt_only,GHEFT,0,0.0,0,0,1,0.2358,0.1734,0.4092,,,,,,,,,,,,,,,,,43.64293003802281,1.4201,45,10,315,167,129,38,32.33536,0,ok,logs/seed_601923.log
165547,irt_only,GHEFT,0,0.0,0,0,1,0.2348,0.1455,0.3803,,,,,,,,,,,,,,,,,44.07476923076924,1.0771,51,13,325,168,129,39,33.695235,0,ok,logs/seed_165547.log
376387,irt_only,GHEFT,0,0.0,0,0,1,0.2476,0.1398,0.3874,,,,,,,,,,,,,,,,,42.652083311772316,1.0949,50,11,311,167,138,29,32.076198,0,ok,logs/seed_376387.log
667407,irt_only,GHEFT,0,0.0,0,0,1,0.2337,0.1286,0.3623,,,,,,,,,,,,,,,,,41.12153249714938,1.2261,46,13,319,170,134,36,28.523693,0,ok,logs/seed_667407.log
536326,irt_only,GHEFT,0,0.0,0,0,1,0.2088,0.1315,0.3403,,,,,,,,,,,,,,,,,39.71448095566397,1.09,49,11,317,156,127,29,30.475798,0,ok,logs/seed_536326.log
48649,irt_only,GHEFT,0,0.0,0,0,1,0.236,0.1694,0.4054,,,,,,,,,,,,,,,,,45.85026104203671,1.031,48,12,298,150,114,36,24.494046,0,ok,logs/seed_48649.log
138474,irt_only,GHEFT,0,0.0,0,0,1,0.2212,0.1144,0.3356,,,,,,,,,,,,,,,,,47.761055555555565,1.4129,46,11,313,152,120,32,30.843694,0,ok,logs/seed_138474.log
581410,irt_only,GHEFT,0,0.0,0,0,1,0.2175,0.1084,0.3259,,,,,,,,,,,,,,,,,45.86269531665779,1.2135,53,11,325,156,125,31,26.119981,0,ok,logs/seed_581410.log
462634,irt_only,GHEFT,0,0.0,0,0,1,0.2314,0.1479,0.3793,,,,,,,,,,,,,,,,,56.729054848966626,1.4501,39,10,319,168,139,29,32.635322,0,ok,logs/seed_462634.log
349227,irt_only,GHEFT,0,0.0,0,0,1,0.2262,0.1502,0.3764,,,,,,,,,,,,,,,,,46.904388122605354,1.2912,53,13,331,187,149,38,27.815345,0,ok,logs/seed_349227.log
453227,irt_only,GHEFT,0,0.0,0,0,1,0.2062,0.1163,0.3225,,,,,,,,,,,,,,,,,51.26678409090909,1.2932,32,8,302,135,109,26,31.59793,0,ok,logs/seed_453227.log
424389,irt_only,GHEFT,0,0.0,0,0,1,0.2214,0.1204,0.3418,,,,,,,,,,,,,,,,,44.99042427184466,1.0541,48,10,306,138,114,24,30.263732,0,ok,logs/seed_424389.log
706750,irt_only,GHEFT,0,0.0,0,0,1,0.1944,0.1301,0.3245,,,,,,,,,,,,,,,,,53.84844907355419,1.0816,49,12,310,181,146,35,26.271156,0,ok,logs/seed_706750.log
70613,irt_only,GHEFT,0,0.0,0,0,1,0.2601,0.1554,0.4155,,,,,,,,,,,,,,,,,71.59920206841687,1.6691,44,12,319,166,146,20,22.487689,0,ok,logs/seed_70613.log
599838,irt_only,GHEFT,0,0.0,0,0,1,0.2259,0.1691,0.395,,,,,,,,,,,,,,,,,46.902836690647476,1.3262,51,10,326,159,109,50,26.362095,0,ok,logs/seed_599838.log
275233,irt_only,GHEFT,0,0.0,0,0,1,0.245,0.1834,0.4284,,,,,,,,,,,,,,,,,49.753828197457,1.1446,43,11,318,174,150,24,28.883321,0,ok,logs/seed_275233.log
257926,irt_only,GHEFT,0,0.0,0,0,1,0.2353,0.153,0.3883,,,,,,,,,,,,,,,,,56.19695229357798,1.3129,52,11,307,166,136,30,24.998695,0,ok,logs/seed_257926.log
65039,irt_only,GHEFT,0,0.0,0,0,1,0.2055,0.1243,0.3298,,,,,,,,,,,,,,,,,55.02887037037037,1.6183,50,10,342,163,129,34,27.653519,0,ok,logs/seed_65039.log
354531,irt_only,GHEFT,0,0.0,0,0,1,0.2319,0.1771,0.409,,,,,,,,,,,,,,,,,39.770567513611624,1.15,50,11,321,174,124,50,28.406772,0,ok,logs/seed_354531.log
941030,irt_only,GHEFT,0,0.0,0,0,1,0.2366,0.1266,0.3632,,,,,,,,,,,,,,,,,46.63029270248596,1.1958,53,12,307,170,140,30,25.653777,0,ok,logs/seed_941030.log
624899,irt_only,GHEFT,0,0.0,0,0,1,0.2162,0.1382,0.3544,,,,,,,,,,,,,,,,,58.20913755334281,1.5296,50,10,330,166,139,27,24.93787,0,ok,logs/seed_624899.log
899565,irt_only,GHEFT,0,0.0,0,0,1,0.2172,0.1458,0.363,,,,,,,,,,,,,,,,,57.89917495642068,1.3912,46,12,311,168,142,26,25.06712,0,ok,logs/seed_899565.log
930280,irt_only,GHEFT,0,0.0,0,0,1,0.2311,0.1318,0.3629,,,,,,,,,,,,,,,,,51.59081095890412,1.1544,47,9,336,156,116,40,26.332392,0,ok,logs/seed_930280.log
405167,irt_only,GHEFT,0,0.0,0,0,1,0.2347,0.1345,0.3692,,,,,,,,,,,,,,,,,37.43821266846361,1.1811,48,11,320,164,124,40,24.785018,0,ok,logs/seed_405167.log
1448,irt_only,GHEFT,0,0.0,0,0,1,0.2153,0.1277,0.343,,,,,,,,,,,,,,,,,42.27824892812107,1.0271,45,10,320,145,121,24,25.524381,0,ok,logs/seed_1448.log
507391,irt_only,GHEFT,0,0.0,0,0,1,0.2222,0.1541,0.3763,,,,,,,,,,,,,,,,,43.10542480620155,1.2386,51,12,311,175,144,31,23.359768,0,ok,logs/seed_507391.log
837291,irt_only,GHEFT,0,0.0,0,0,1,0.22,0.1348,0.3548,,,,,,,,,,,,,,,,,49.58063970707892,1.0209,46,14,320,172,145,27,29.13118,0,ok,logs/seed_837291.log
536078,irt_only,GHEFT,0,0.0,0,0,1,0.234,0.1686,0.4026,,,,,,,,,,,,,,,,,43.7836997271487,1.3468,49,12,324,178,143,35,28.469262,0,ok,logs/seed_536078.log
381453,irt_only,GHEFT,0,0.0,0,0,1,0.1889,0.1458,0.3347,,,,,,,,,,,,,,,,,59.66587684078037,1.3879,52,11,319,179,137,42,28.69168,0,ok,logs/seed_381453.log
58349,irt_only,GHEFT,0,0.0,0,0,1,0.2183,0.1257,0.344,,,,,,,,,,,,,,,,,50.633572773536905,1.2707,43,9,335,136,110,26,34.000254,0,ok,logs/seed_58349.log
613460,irt_only,GHEFT,0,0.0,0,0,1,0.2457,0.1893,0.435,,,,,,,,,,,,,,,,,45.20925163204748,1.3148,51,13,339,172,145,27,33.224052,0,ok,logs/seed_613460.log
581102,irt_only,GHEFT,0,0.0,0,0,1,0.2303,0.1807,0.411,,,,,,,,,,,,,,,,,44.75667054263566,1.0816,46,10,321,153,112,41,34.014975,0,ok,logs/seed_581102.log
814302,irt_only,GHEFT,0,0.0,0,0,1,0.2207,0.1254,0.3461,,,,,,,,,,,,,,,,,44.276938470728794,1.3402,54,12,328,171,144,27,27.812645,0,ok,logs/seed_814302.log
453089,irt_only,GHEFT,0,0.0,0,0,1,0.2339,0.1304,0.3643,,,,,,,,,,,,,,,,,44.24913002915453,1.1688,55,12,322,181,144,37,29.470683,0,ok,logs/seed_453089.log
583877,irt_only,GHEFT,0,0.0,0,0,1,0.2265,0.1434,0.3699,,,,,,,,,,,,,,,,,46.61052090761751,1.0686,54,11,338,189,147,42,29.650102,0,ok,logs/seed_583877.log
312977,irt_only,GHEFT,0,0.0,0,0,1,0.2409,0.1336,0.3745,,,,,,,,,,,,,,,,,48.24474652278177,1.2701,45,11,339,170,139,31,30.826249,0,ok,logs/seed_312977.log
140256,irt_only,GHEFT,0,0.0,0,0,1,0.2179,0.1239,0.3418,,,,,,,,,,,,,,,,,54.50837774418605,1.0639,48,12,310,157,134,23,38.1642,0,ok,logs/seed_140256.log
547797,irt_only,GHEFT,0,0.0,0,0,1,0.2435,0.162,0.4055,,,,,,,,,,,,,,,,,39.91422106472493,1.2328,48,10,323,150,122,28,34.373189,0,ok,logs/seed_547797.log
874895,irt_only,GHEFT,0,0.0,0,0,1,0.2362,0.1715,0.4077,,,,,,,,,,,,,,,,,41.65459361702127,1.2151,48,12,333,172,132,40,28.898985,0,ok,logs/seed_874895.log
450779,irt_only,GHEFT,0,0.0,0,0,1,0.2323,0.1495,0.3818,,,,,,,,,,,,,,,,,42.76901984057972,1.2142,43,10,303,141,102,39,34.323434,0,ok,logs/seed_450779.log
263459,irt_only,GHEFT,0,0.0,0,0,1,0.2265,0.1364,0.3629,,,,,,,,,,,,,,,,,44.21221292517007,1.2421,46,12,315,171,145,26,33.663234,0,ok,logs/seed_263459.log
164312,irt_only,GHEFT,0,0.0,0,0,1,0.2365,0.1857,0.4222,,,,,,,,,,,,,,,,,44.86935925925927,1.3519,48,10,325,171,102,69,42.393371,0,ok,logs/seed_164312.log
595764,irt_only,GHEFT,0,0.0,0,0,1,0.1892,0.1543,0.3435,,,,,,,,,,,,,,,,,50.83599335328985,1.0107,49,11,324,156,122,34,30.865828,0,ok,logs/seed_595764.log
872208,irt_only,GHEFT,0,0.0,0,0,1,0.2127,0.1231,0.3358,,,,,,,,,,,,,,,,,43.86134104134762,1.0053,45,10,322,156,137,19,34.7294,0,ok,logs/seed_872208.log
34237,irt_only,GHEFT,0,0.0,0,0,1,0.2425,0.1309,0.3734,,,,,,,,,,,,,,,,,37.06182933507171,1.112,46,11,316,163,136,27,27.432254,0,ok,logs/seed_34237.log
203637,irt_only,GHEFT,0,0.0,0,0,1,0.2009,0.1185,0.3194,,,,,,,,,,,,,,,,,47.7500663378545,1.1709,47,10,315,141,114,27,31.238344,0,ok,logs/seed_203637.log
35021,irt_only,GHEFT,0,0.0,0,0,1,0.2021,0.163,0.3651,,,,,,,,,,,,,,,,,43.73336808803302,1.2474,42,11,316,152,117,35,31.012529,0,ok,logs/seed_35021.log
128136,irt_only,GHEFT,0,0.0,0,0,1,0.231,0.1572,0.3882,,,,,,,,,,,,,,,,,50.47196335078534,1.3003,45,11,301,151,126,25,32.970609,0,ok,logs/seed_128136.log
897068,irt_only,GHEFT,0,0.0,0,0,1,0.2355,0.16,0.3955,,,,,,,,,,,,,,,,,43.0654963190184,1.0846,52,12,322,171,129,42,28.175601,0,ok,logs/seed_897068.log
145634,irt_only,GHEFT,0,0.0,0,0,1,0.2335,0.1411,0.3746,,,,,,,,,,,,,,,,,52.556720055517005,1.4782,43,9,296,165,126,39,25.935443,0,ok,logs/seed_145634.log
828280,irt_only,GHEFT,0,0.0,0,0,1,0.2306,0.1588,0.3894,,,,,,,,,,,,,,,,,50.37340000000001,1.2084,45,11,311,166,135,31,27.268509,0,ok,logs/seed_828280.log
808182,irt_only,GHEFT,0,0.0,0,0,1,0.2368,0.178,0.4148,,,,,,,,,,,,,,,,,52.35338309859156,1.1216,45,9,330,165,131,34,25.225781,0,ok,logs/seed_808182.log
28303,irt_only,GHEFT,0,0.0,0,0,1,0.2201,0.1364,0.3565,,,,,,,,,,,,,,,,,59.814520280082995,1.2842,43,11,301,168,135,33,33.359054,0,ok,logs/seed_28303.log
695763,irt_only,GHEFT,0,0.0,0,0,1,0.2208,0.1398,0.3606,,,,,,,,,,,,,,,,,47.51897553308364,1.1954,45,14,311,181,149,32,25.913986,0,ok,logs/seed_695763.log
264497,irt_only,GHEFT,0,0.0,0,0,1,0.2244,0.1466,0.371,,,,,,,,,,,,,,,,,53.71628348745045,1.2232,54,13,331,169,134,35,41.756129,0,ok,logs/seed_264497.log
765068,irt_only,GHEFT,0,0.0,0,0,1,0.2597,0.1424,0.4021,,,,,,,,,,,,,,,,,48.173588151658755,1.357,44,13,319,159,117,42,29.240392,0,ok,logs/seed_765068.log
293386,irt_only,GHEFT,0,0.0,0,0,1,0.2138,0.1406,0.3544,,,,,,,,,,,,,,,,,53.36069504388714,1.1121,48,12,297,159,135,24,26.215937,0,ok,logs/seed_293386.log
585056,irt_only,GHEFT,0,0.0,0,0,1,0.2198,0.1322,0.352,,,,,,,,,,,,,,,,,44.200977913730256,1.1661,56,14,322,176,133,43,35.160908,0,ok,logs/seed_585056.log
16768,irt_only,GHEFT,0,0.0,0,0,1,0.2303,0.1376,0.3679,,,,,,,,,,,,,,,,,41.26666021756022,1.1994,52,12,336,154,116,38,34.163462,0,ok,logs/seed_16768.log
768880,irt_only,GHEFT,0,0.0,0,0,1,0.2143,0.1479,0.3622,,,,,,,,,,,,,,,,,47.224668888519126,1.2155,50,13,330,169,123,46,32.075354,0,ok,logs/seed_768880.log
146419,irt_only,GHEFT,0,0.0,0,0,1,0.2421,0.1499,0.392,,,,,,,,,,,,,,,,,42.24866732223902,1.1406,48,12,340,186,158,28,25.396284,0,ok,logs/seed_146419.log
769016,irt_only,GHEFT,0,0.0,0,0,1,0.2269,0.1762,0.4031,,,,,,,,,,,,,,,,,40.724434246575335,1.1331,48,11,325,173,134,39,27.779187,0,ok,logs/seed_769016.log
753173,irt_only,GHEFT,0,0.0,0,0,1,0.216,0.1229,0.3389,,,,,,,,,,,,,,,,,38.42156126126126,1.3775,46,10,304,151,119,32,29.008142,0,ok,logs/seed_753173.log
414868,irt_only,GHEFT,0,0.0,0,0,1,0.2597,0.1479,0.4076,,,,,,,,,,,,,,,,,41.92409615384615,1.2698,42,8,306,142,116,26,26.972117,0,ok,logs/seed_414868.log
383978,irt_only,GHEFT,0,0.0,0,0,1,0.2294,0.1677,0.3971,,,,,,,,,,,,,,,,,44.83846568686262,1.281,52,13,338,184,141,43,31.76247,0,ok,logs/seed_383978.log
596187,irt_only,GHEFT,0,0.0,0,0,1,0.24,0.1505,0.3905,,,,,,,,,,,,,,,,,50.03004452652787,1.1225,49,11,343,181,139,42,32.247742,0,ok,logs/seed_596187.log
217004,irt_only,GHEFT,0,0.0,0,0,1,0.2387,0.1671,0.4058,,,,,,,,,,,,,,,,,50.0410282051282,1.1585,43,9,296,162,132,30,28.567188,0,ok,logs/seed_217004.log
306928,irt_only,GHEFT,0,0.0,0,0,1,0.206,0.1132,0.3192,,,,,,,,,,,,,,,,,44.724540953412784,1.3896,51,10,336,159,127,32,37.41558,0,ok,logs/seed_306928.log
699954,irt_only,GHEFT,0,0.0,0,0,1,0.2384,0.1161,0.3545,,,,,,,,,,,,,,,,,45.87852128174123,1.156,40,9,298,132,102,30,30.024594,0,ok,logs/seed_699954.log
915360,irt_only,GHEFT,0,0.0,0,0,1,0.2246,0.1364,0.361,,,,,,,,,,,,,,,,,43.7348184804928,1.2421,50,10,330,148,124,24,38.77516,0,ok,logs/seed_915360.log
401920,irt_only,GHEFT,0,0.0,0,0,1,0.2217,0.1477,0.3694,,,,,,,,,,,,,,,,,40.73824777183601,1.3643,52,12,330,148,103,45,28.297181,0,ok,logs/seed_401920.log
590032,irt_only,GHEFT,0,0.0,0,0,1,0.2253,0.153,0.3783,,,,,,,,,,,,,,,,,45.78180372250422,1.1782,46,12,345,185,155,30,32.551685,0,ok,logs/seed_590032.log
592350,irt_only,GHEFT,0,0.0,0,0,1,0.2689,0.1602,0.4291,,,,,,,,,,,,,,,,,42.969902314250916,1.3029,44,13,330,176,152,24,29.055481,0,ok,logs/seed_592350.log
356544,irt_only,GHEFT,0,0.0,0,0,1,0.2209,0.1353,0.3562,,,,,,,,,,,,,,,,,55.510056622369206,1.08,48,12,306,162,130,32,29.731557,0,ok,logs/seed_356544.log
882358,irt_only,GHEFT,0,0.0,0,0,1,0.2227,0.1385,0.3612,,,,,,,,,,,,,,,,,51.71095000000001,1.2007,53,13,301,174,140,34,32.262069,0,ok,logs/seed_882358.log
659606,irt_only,GHEFT,0,0.0,0,0,1,0.2028,0.1524,0.3552,,,,,,,,,,,,,,,,,51.74209925980756,1.1521,54,10,312,161,112,49,26.848075,0,ok,logs/seed_659606.log
136181,irt_only,GHEFT,0,0.0,0,0,1,0.2268,0.1145,0.3413,,,,,,,,,,,,,,,,,46.16996024096386,1.1832,52,11,336,153,124,29,31.785362,0,ok,logs/seed_136181.log
695310,irt_only,GHEFT,0,0.0,0,0,1,0.1879,0.1017,0.2896,,,,,,,,,,,,,,,,,63.14976066838047,1.1609,50,11,327,171,140,31,53.772588,0,ok,logs/seed_695310.log
313264,irt_only,GHEFT,0,0.0,0,0,1,0.23,0.1157,0.3457,,,,,,,,,,,,,,,,,35.01502158894645,1.1456,43,9,304,138,109,29,32.345001,0,ok,logs/seed_313264.log
622633,irt_only,GHEFT,0,0.0,0,0,1,0.2233,0.1657,0.389,,,,,,,,,,,,,,,,,54.635972727272716,1.2057,41,10,294,157,118,39,53.21471,0,ok,logs/seed_622633.log
153151,irt_only,GHEFT,0,0.0,0,0,1,0.1988,0.11,0.3088,,,,,,,,,,,,,,,,,45.83568320126784,1.272,50,12,327,150,108,42,61.319719,0,ok,logs/seed_153151.log
252872,irt_only,GHEFT,0,0.0,0,0,1,0.2557,0.1396,0.3953,,,,,,,,,,,,,,,,,39.44201030927834,1.0997,56,13,319,166,121,45,31.539254,0,ok,logs/seed_252872.log
886011,irt_only,GHEFT,0,0.0,0,0,1,0.2123,0.1495,0.3618,,,,,,,,,,,,,,,,,52.941791373025524,1.2913,54,14,307,161,117,44,40.012522,0,ok,logs/seed_886011.log
88875,irt_only,GHEFT,0,0.0,0,0,1,0.2003,0.1316,0.3319,,,,,,,,,,,,,,,,,61.902401337792625,1.2075,37,9,286,152,120,32,43.702589,0,ok,logs/seed_88875.log
911968,irt_only,GHEFT,0,0.0,0,0,1,0.222,0.1681,0.3901,,,,,,,,,,,,,,,,,46.876794736842115,1.5829,44,10,330,161,129,32,30.70009,0,ok,logs/seed_911968.log
334656,irt_only,GHEFT,0,0.0,0,0,1,0.2191,0.1491,0.3682,,,,,,,,,,,,,,,,,43.55430681458003,1.0703,50,14,312,168,130,38,29.569559,0,ok,logs/seed_334656.log
245478,irt_only,GHEFT,0,0.0,0,0,1,0.2239,0.1294,0.3533,,,,,,,,,,,,,,,,,45.457616134316126,1.1263,43,10,320,158,126,32,31.827753,0,ok,logs/seed_245478.log
614692,irt_only,GHEFT,0,0.0,0,0,1,0.2322,0.1497,0.3819,,,,,,,,,,,,,,,,,48.38693222836095,1.0505,53,14,325,172,147,25,43.627649,0,ok,logs/seed_614692.log
583839,irt_only,GHEFT,0,0.0,0,0,1,0.2085,0.1213,0.3298,,,,,,,,,,,,,,,,,42.133036928229664,1.1274,48,11,324,161,126,35,76.360015,0,ok,logs/seed_583839.log
899827,irt_only,GHEFT,0,0.0,0,0,1,0.2426,0.1254,0.368,,,,,,,,,,,,,,,,,48.51856057692308,1.587,53,12,314,178,141,37,34.368131,0,ok,logs/seed_899827.log
759818,irt_only,GHEFT,0,0.0,0,0,1,0.2084,0.1384,0.3468,,,,,,,,,,,,,,,,,48.11456053639847,1.1851,39,9,310,146,123,23,104.422352,0,ok,logs/seed_759818.log
536406,irt_only,GHEFT,0,0.0,0,0,1,0.2272,0.158,0.3852,,,,,,,,,,,,,,,,,42.145737503448764,1.117,45,10,327,180,149,31,28.243237,0,ok,logs/seed_536406.log
875025,irt_only,GHEFT,0,0.0,0,0,1,0.2228,0.1461,0.3689,,,,,,,,,,,,,,,,,46.56100000000001,1.071,44,10,304,155,121,34,22.567038,0,ok,logs/seed_875025.log
235459,irt_only,GHEFT,0,0.0,0,0,1,0.2354,0.1448,0.3802,,,,,,,,,,,,,,,,,51.69802965186075,1.0956,45,11,316,165,140,25,34.304414,0,ok,logs/seed_235459.log
737985,irt_only,GHEFT,0,0.0,0,0,1,0.2082,0.1183,0.3265,,,,,,,,,,,,,,,,,51.00920570071259,1.0443,44,13,313,169,122,47,35.558937,0,ok,logs/seed_737985.log
833397,irt_only,GHEFT,0,0.0,0,0,1,0.2164,0.1332,0.3496,,,,,,,,,,,,,,,,,43.84049882270607,1.3587,47,10,284,132,114,18,31.577783,0,ok,logs/seed_833397.log
722013,irt_only,GHEFT,0,0.0,0,0,1,0.2293,0.1372,0.3665,,,,,,,,,,,,,,,,,47.5573621399177,1.2386,51,13,295,162,133,29,60.263338,0,ok,logs/seed_722013.log
519052,irt_only,GHEFT,0,0.0,0,0,1,0.2534,0.1214,0.3748,,,,,,,,,,,,,,,,,41.97190538116592,1.2616,45,10,301,166,136,30,42.594868,0,ok,logs/seed_519052.log
953927,irt_only,GHEFT,0,0.0,0,0,1,0.2251,0.1208,0.3459,,,,,,,,,,,,,,,,,43.89281457286432,1.1932,58,13,305,175,135,40,28.431335,0,ok,logs/seed_953927.log
792837,irt_only,GHEFT,0,0.0,0,0,1,0.2049,0.1344,0.3393,,,,,,,,,,,,,,,,,51.86400754716982,1.0643,47,9,290,140,111,29,26.718401,0,ok,logs/seed_792837.log
271444,irt_only,GHEFT,0,0.0,0,0,1,0.2521,0.1367,0.3888,,,,,,,,,,,,,,,,,43.63452424242425,1.3308,43,11,324,154,123,31,29.463335,0,ok,logs/seed_271444.log
747106,irt_only,GHEFT,0,0.0,0,0,1,0.2339,0.1456,0.3795,,,,,,,,,,,,,,,,,49.74912285368802,1.2222,56,12,329,172,124,48,35.427305,0,ok,logs/seed_747106.log
509003,irt_only,GHEFT,0,0.0,0,0,1,0.2164,0.1333,0.3497,,,,,,,,,,,,,,,,,45.10184476534295,1.3658,47,8,333,148,121,27,35.248507,0,ok,logs/seed_509003.log
41751,irt_only,GHEFT,0,0.0,0,0,1,0.2641,0.1777,0.4418,,,,,,,,,,,,,,,,,40.60659999999999,1.25,51,12,334,175,141,34,30.544326,0,ok,logs/seed_41751.log
346747,irt_only,GHEFT,0,0.0,0,0,1,0.2768,0.1848,0.4616,,,,,,,,,,,,,,,,,45.39466364414029,1.3066,49,11,318,160,122,38,44.10924,0,ok,logs/seed_346747.log
147208,irt_only,GHEFT,0,0.0,0,0,1,0.2394,0.1345,0.3739,,,,,,,,,,,,,,,,,41.887819148936174,1.1887,44,9,333,144,110,34,26.912397,0,ok,logs/seed_147208.log
810767,irt_only,GHEFT,0,0.0,0,0,1,0.2373,0.1304,0.3677,,,,,,,,,,,,,,,,,40.281899487836114,1.2135,50,10,324,148,115,33,24.310443,0,ok,logs/seed_810767.log
475154,irt_only,GHEFT,0,0.0,0,0,1,0.2563,0.1534,0.4097,,,,,,,,,,,,,,,,,50.253022613803225,1.324,50,12,345,172,121,51,27.623883,0,ok,logs/seed_475154.log
444114,irt_only,GHEFT,0,0.0,0,0,1,0.2347,0.1721,0.4068,,,,,,,,,,,,,,,,,46.063461538461546,1.1923,55,13,341,169,143,26,24.910525,0,ok,logs/seed_444114.log
21690,irt_only,GHEFT,0,0.0,0,0,1,0.2313,0.1263,0.3576,,,,,,,,,,,,,,,,,46.04726149870801,1.0296,41,9,298,140,120,20,27.005341,0,ok,logs/seed_21690.log
904712,irt_only,GHEFT,0,0.0,0,0,1,0.2372,0.1676,0.4048,,,,,,,,,,,,,,,,,47.711581225554106,1.4547,46,7,326,147,117,30,21.150493,0,ok,logs/seed_904712.log
724949,irt_only,GHEFT,0,0.0,0,0,1,0.2239,0.1291,0.353,,,,,,,,,,,,,,,,,44.13075729094679,1.0252,56,12,349,194,152,42,23.768386,0,ok,logs/seed_724949.log
104040,irt_only,GHEFT,0,0.0,0,0,1,0.2045,0.1611,0.3656,,,,,,,,,,,,,,,,,42.36039380575541,1.219,46,11,319,148,105,43,26.094086,0,ok,logs/seed_104040.log
468918,irt_only,GHEFT,0,0.0,0,0,1,0.2476,0.1939,0.4415,,,,,,,,,,,,,,,,,45.39657462686567,1.0092,52,11,317,145,120,25,28.154046,0,ok,logs/seed_468918.log
47836,irt_only,GHEFT,0,0.0,0,0,1,0.2284,0.1188,0.3472,,,,,,,,,,,,,,,,,41.626795928753175,1.2005,50,12,313,169,134,35,22.973929,0,ok,logs/seed_47836.log
441476,irt_only,GHEFT,0,0.0,0,0,1,0.208,0.1292,0.3372,,,,,,,,,,,,,,,,,47.36818332133262,1.4248,48,14,314,169,130,39,20.758889,0,ok,logs/seed_441476.log
551870,irt_only,GHEFT,0,0.0,0,0,1,0.2278,0.1444,0.3722,,,,,,,,,,,,,,,,,46.707199932515344,1.2461,54,14,334,189,139,50,26.525112,0,ok,logs/seed_551870.log
570939,irt_only,GHEFT,0,0.0,0,0,1,0.252,0.1431,0.3951,,,,,,,,,,,,,,,,,41.82916102719033,1.0284,53,13,357,177,145,32,24.161864,0,ok,logs/seed_570939.log
110385,irt_only,GHEFT,0,0.0,0,0,1,0.2218,0.1551,0.3769,,,,,,,,,,,,,,,,,44.80655151515152,1.1445,56,13,350,189,149,40,25.678164,0,ok,logs/seed_110385.log
465624,irt_only,GHEFT,0,0.0,0,0,1,0.2008,0.1107,0.3115,,,,,,,,,,,,,,,,,39.64264821634062,1.3504,41,10,300,150,105,45,18.501622,0,ok,logs/seed_465624.log
785434,irt_only,GHEFT,0,0.0,0,0,1,0.2229,0.1242,0.3471,,,,,,,,,,,,,,,,,42.247685459940655,1.0966,52,10,319,157,124,33,24.762429,0,ok,logs/seed_785434.log
274202,irt_only,GHEFT,0,0.0,0,0,1,0.2196,0.1401,0.3597,,,,,,,,,,,,,,,,,42.60166038781164,1.0673,57,12,313,145,113,32,20.501907,0,ok,logs/seed_274202.log
384098,irt_only,GHEFT,0,0.0,0,0,1,0.2207,0.1613,0.382,,,,,,,,,,,,,,,,,40.512502,1.1039,43,10,319,158,129,29,20.54729,0,ok,logs/seed_384098.log
260865,irt_only,GHEFT,0,0.0,0,0,1,0.2641,0.2065,0.4706,,,,,,,,,,,,,,,,,42.54815140997831,1.203,50,12,333,181,137,44,18.450751,0,ok,logs/seed_260865.log
857320,irt_only,GHEFT,0,0.0,0,0,1,0.2482,0.1328,0.381,,,,,,,,,,,,,,,,,42.39480932568149,1.3621,43,11,311,137,99,38,14.062575,0,ok,logs/seed_857320.log
307981,irt_only,GHEFT,0,0.0,0,0,1,0.2307,0.1437,0.3744,,,,,,,,,,,,,,,,,41.89480026857654,1.1164,51,13,335,179,132,47,24.290608,0,ok,logs/seed_307981.log
977105,irt_only,GHEFT,0,0.0,0,0,1,0.2289,0.1837,0.4126,,,,,,,,,,,,,,,,,39.80169292944195,1.0993,47,8,351,136,107,29,26.185336,0,ok,logs/seed_977105.log
795094,irt_only,GHEFT,0,0.0,0,0,1,0.1934,0.1243,0.3177,,,,,,,,,,,,,,,,,43.793400000000005,1.1658,46,10,338,154,120,34,25.717983,0,ok,logs/seed_795094.log
598248,irt_only,GHEFT,0,0.0,0,0,1,0.2196,0.1286,0.3482,,,,,,,,,,,,,,,,,47.099398214285706,1.0256,41,10,315,149,128,21,22.749708,0,ok,logs/seed_598248.log
617822,irt_only,GHEFT,0,0.0,0,0,1,0.1753,0.1182,0.2935,,,,,,,,,,,,,,,,,43.386820457604294,1.2747,49,12,323,176,136,40,18.574214,0,ok,logs/seed_617822.log
530710,irt_only,GHEFT,0,0.0,0,0,1,0.2059,0.1506,0.3565,,,,,,,,,,,,,,,,,50.91974886028221,1.0615,53,12,335,180,129,51,23.30353,0,ok,logs/seed_530710.log
181371,irt_only,GHEFT,0,0.0,0,0,1,0.2231,0.121,0.3441,,,,,,,,,,,,,,,,,49.98984672897196,1.3165,42,9,326,132,96,36,18.49805,0,ok,logs/seed_181371.log
239698,irt_only,GHEFT,0,0.0,0,0,1,0.2245,0.1303,0.3548,,,,,,,,,,,,,,,,,44.130517061974,1.0561,46,8,332,137,115,22,23.404099,0,ok,logs/seed_239698.log
945780,irt_only,GHEFT,0,0.0,0,0,1,0.2284,0.1732,0.4016,,,,,,,,,,,,,,,,,47.24863081285444,1.1293,43,9,327,153,110,43,17.322724,0,ok,logs/seed_945780.log
454302,irt_only,GHEFT,0,0.0,0,0,1,0.2434,0.1795,0.4229,,,,,,,,,,,,,,,,,43.5325875,1.2737,42,9,311,143,117,26,18.770681,0,ok,logs/seed_454302.log
687120,irt_only,GHEFT,0,0.0,0,0,1,0.2087,0.1206,0.3293,,,,,,,,,,,,,,,,,48.42852392153497,1.3174,47,12,308,155,124,31,19.910222,0,ok,logs/seed_687120.log
911463,irt_only,GHEFT,0,0.0,0,0,1,0.2311,0.1263,0.3574,,,,,,,,,,,,,,,,,42.05967840317465,1.1193,53,14,320,182,144,38,23.126541,0,ok,logs/seed_911463.log
979494,irt_only,GHEFT,0,0.0,0,0,1,0.233,0.157,0.39,,,,,,,,,,,,,,,,,41.62142695419847,1.1433,41,9,326,139,106,33,18.546291,0,ok,logs/seed_979494.log
840574,irt_only,GHEFT,0,0.0,0,0,1,0.2188,0.1581,0.3769,,,,,,,,,,,,,,,,,48.040427210884346,1.1643,55,13,328,177,140,37,21.721781,0,ok,logs/seed_840574.log
877832,irt_only,GHEFT,0,0.0,0,0,1,0.2427,0.169,0.4117,,,,,,,,,,,,,,,,,44.51837619047619,1.1035,50,10,324,147,99,48,22.020711,0,ok,logs/seed_877832.log
845918,irt_only,GHEFT,0,0.0,0,0,1,0.2599,0.1563,0.4162,,,,,,,,,,,,,,,,,41.688181272084805,1.1357,50,9,315,154,131,23,23.193183,0,ok,logs/seed_845918.log
336942,irt_only,GHEFT,0,0.0,0,0,1,0.2406,0.1615,0.4021,,,,,,,,,,,,,,,,,52.28478358208956,1.5703,58,15,338,196,130,66,30.870959,0,ok,logs/seed_336942.log
100720,irt_only,GHEFT,0,0.0,0,0,1,0.2067,0.1259,0.3326,,,,,,,,,,,,,,,,,51.21173628319405,1.1982,50,13,339,184,154,30,25.706981,0,ok,logs/seed_100720.log
200909,irt_only,GHEFT,0,0.0,0,0,1,0.2444,0.1595,0.4039,,,,,,,,,,,,,,,,,36.94810157480315,1.1845,49,12,315,172,141,31,17.408006,0,ok,logs/seed_200909.log
442852,irt_only,GHEFT,0,0.0,0,0,1,0.2338,0.128,0.3618,,,,,,,,,,,,,,,,,42.388444768856445,1.3301,35,9,299,110,94,16,21.052205,0,ok,logs/seed_442852.log
841786,irt_only,GHEFT,0,0.0,0,0,1,0.2265,0.1551,0.3816,,,,,,,,,,,,,,,,,45.218489551140536,1.3974,49,11,338,188,136,52,24.358603,0,ok,logs/seed_841786.log
966897,irt_only,GHEFT,0,0.0,0,0,1,0.228,0.1535,0.3815,,,,,,,,,,,,,,,,,47.416374344023325,1.2267,52,11,311,172,140,32,19.662787,0,ok,logs/seed_966897.log
669763,irt_only,GHEFT,0,0.0,0,0,1,0.2275,0.1504,0.3779,,,,,,,,,,,,,,,,,53.422415384615384,1.3851,45,11,324,157,127,30,32.431137,0,ok,logs/seed_669763.log
920861,irt_only,GHEFT,0,0.0,0,0,1,0.2258,0.1433,0.3691,,,,,,,,,,,,,,,,,43.51353684210527,1.213,46,11,314,157,125,32,20.625794,0,ok,logs/seed_920861.log
584307,irt_only,GHEFT,0,0.0,0,0,1,0.2055,0.1654,0.3709,,,,,,,,,,,,,,,,,48.085437288135594,1.432,49,11,346,167,130,37,19.803264,0,ok,logs/seed_584307.log
747314,irt_only,GHEFT,0,0.0,0,0,1,0.2152,0.1493,0.3645,,,,,,,,,,,,,,,,,48.9406345781466,1.2949,42,11,307,121,93,28,24.125323,0,ok,logs/seed_747314.log
197715,irt_only,GHEFT,0,0.0,0,0,1,0.2231,0.1498,0.3729,,,,,,,,,,,,,,,,,43.67102215088283,1.1361,46,10,312,145,121,24,20.842593,0,ok,logs/seed_197715.log
891603,irt_only,GHEFT,0,0.0,0,0,1,0.2109,0.1325,0.3434,,,,,,,,,,,,,,,,,45.41515714285715,1.4478,49,13,325,191,145,46,22.262835,0,ok,logs/seed_891603.log
811812,irt_only,GHEFT,0,0.0,0,0,1,0.2255,0.1383,0.3638,,,,,,,,,,,,,,,,,58.291857819225264,1.3248,51,12,335,172,119,53,27.821446,0,ok,logs/seed_811812.log
920333,irt_only,GHEFT,0,0.0,0,0,1,0.2141,0.1453,0.3594,,,,,,,,,,,,,,,,,50.32875597897504,1.0035,50,11,326,184,146,38,18.34773,0,ok,logs/seed_920333.log
824191,irt_only,GHEFT,0,0.0,0,0,1,0.2297,0.1616,0.3913,,,,,,,,,,,,,,,,,52.618933333333324,1.2989,52,12,328,150,105,45,21.221419,0,ok,logs/seed_824191.log
674701,irt_only,GHEFT,0,0.0,0,0,1,0.1968,0.1377,0.3345,,,,,,,,,,,,,,,,,50.185470860927154,1.0986,44,11,311,154,114,40,19.7918,0,ok,logs/seed_674701.log
738670,irt_only,GHEFT,0,0.0,0,0,1,0.242,0.1408,0.3828,,,,,,,,,,,,,,,,,46.70159163498099,1.2943,46,12,329,163,128,35,20.798909,0,ok,logs/seed_738670.log
85247,irt_only,GHEFT,0,0.0,0,0,1,0.2058,0.1266,0.3324,,,,,,,,,,,,,,,,,56.01047777777779,1.2981,46,11,319,151,112,39,21.921567,0,ok,logs/seed_85247.log
857484,irt_only,GHEFT,0,0.0,0,0,1,0.197,0.1311,0.3281,,,,,,,,,,,,,,,,,48.414778082191766,1.126,48,9,317,147,118,29,25.355591,0,ok,logs/seed_857484.log
223082,irt_only,GHEFT,0,0.0,0,0,1,0.2073,0.1382,0.3455,,,,,,,,,,,,,,,,,41.72740108991826,1.1434,55,12,343,183,128,55,20.636724,0,ok,logs/seed_223082.log
481168,irt_only,GHEFT,0,0.0,0,0,1,0.2474,0.2062,0.4536,,,,,,,,,,,,,,,,,46.62025637065638,1.3176,46,10,320,140,117,23,21.406168,0,ok,logs/seed_481168.log
435943,irt_only,GHEFT,0,0.0,0,0,1,0.2034,0.1478,0.3512,,,,,,,,,,,,,,,,,54.69189855072464,1.1333,55,13,338,178,149,29,22.695209,0,ok,logs/seed_435943.log
502778,irt_only,GHEFT,0,0.0,0,0,1,0.2294,0.1611,0.3905,,,,,,,,,,,,,,,,,60.33655847750863,1.3402,37,11,286,137,116,21,15.30765,0,ok,logs/seed_502778.log
324171,irt_only,GHEFT,0,0.0,0,0,1,0.1961,0.1236,0.3197,,,,,,,,,,,,,,,,,54.95862575107297,1.3105,50,11,310,162,137,25,19.88167,0,ok,logs/seed_324171.log
339100,irt_only,GHEFT,0,0.0,0,0,1,0.1948,0.1049,0.2997,,,,,,,,,,,,,,,,,49.443862697448346,1.0634,50,11,324,187,149,38,21.855711,0,ok,logs/seed_339100.log
33498,irt_only,GHEFT,0,0.0,0,0,1,0.2765,0.1642,0.4407,,,,,,,,,,,,,,,,,41.58992980324544,1.0282,52,11,327,173,138,35,26.715087,0,ok,logs/seed_33498.log
658947,irt_only,GHEFT,0,0.0,0,0,1,0.2325,0.1456,0.3781,,,,,,,,,,,,,,,,,47.23895925925926,1.1701,46,11,313,175,142,33,26.387113,0,ok,logs/seed_658947.log
14026,irt_only,GHEFT,0,0.0,0,0,1,0.2226,0.1308,0.3534,,,,,,,,,,,,,,,,,43.30954382470121,1.2687,41,10,296,168,139,29,19.109892,0,ok,logs/seed_14026.log
368769,irt_only,GHEFT,0,0.0,0,0,1,0.2342,0.1865,0.4207,,,,,,,,,,,,,,,,,40.45854873524452,1.042,52,13,340,177,147,30,22.79938,0,ok,logs/seed_368769.log
863024,irt_only,GHEFT,0,0.0,0,0,1,0.2334,0.1638,0.3972,,,,,,,,,,,,,,,,,49.69889357798166,1.1264,47,13,311,174,136,38,24.34683,0,ok,logs/seed_863024.log
343909,irt_only,GHEFT,0,0.0,0,0,1,0.2335,0.1437,0.3772,,,,,,,,,,,,,,,,,39.91402014134276,1.2423,47,10,311,164,118,46,21.18291,0,ok,logs/seed_343909.log
333507,irt_only,GHEFT,0,0.0,0,0,1,0.2205,0.1669,0.3874,,,,,,,,,,,,,,,,,48.019965625000005,1.1692,51,13,305,175,114,61,19.487133,0,ok,logs/seed_333507.log
661131,irt_only,GHEFT,0,0.0,0,0,1,0.2405,0.1556,0.3961,,,,,,,,,,,,,,,,,44.61103412204234,1.1627,45,9,320,149,108,41,20.569681,0,ok,logs/seed_661131.log
957275,irt_only,GHEFT,0,0.0,0,0,1,0.2435,0.1769,0.4204,,,,,,,,,,,,,,,,,47.10757819905213,1.1701,53,11,311,165,123,42,20.253534,0,ok,logs/seed_957275.log
999032,irt_only,GHEFT,0,0.0,0,0,1,0.2404,0.1435,0.3839,,,,,,,,,,,,,,,,,42.976423651452286,1.0244,50,10,310,146,130,16,23.910266,0,ok,logs/seed_999032.log
106107,irt_only,GHEFT,0,0.0,0,0,1,0.2432,0.136,0.3792,,,,,,,,,,,,,,,,,42.649752,1.2046,57,15,313,187,145,42,21.050799,0,ok,logs/seed_106107.log
892937,irt_only,GHEFT,0,0.0,0,0,1,0.2107,0.1334,0.3441,,,,,,,,,,,,,,,,,53.17121279251172,1.1724,43,10,300,146,115,31,17.029262,0,ok,logs/seed_892937.log
500359,irt_only,GHEFT,0,0.0,0,0,1,0.2287,0.1634,0.3921,,,,,,,,,,,,,,,,,45.83218455598456,1.2078,53,12,323,160,114,46,20.527514,0,ok,logs/seed_500359.log
709021,irt_only,GHEFT,0,0.0,0,0,1,0.209,0.1424,0.3514,,,,,,,,,,,,,,,,,60.57942766798418,1.4752,46,9,322,160,135,25,17.35997,0,ok,logs/seed_709021.log
616809,irt_only,GHEFT,0,0.0,0,0,1,0.2288,0.1209,0.3497,,,,,,,,,,,,,,,,,40.48185365637993,1.2493,55,14,332,181,139,42,23.076061,0,ok,logs/seed_616809.log
964750,irt_only,GHEFT,0,0.0,0,0,1,0.2134,0.1284,0.3418,,,,,,,,,,,,,,,,,44.86999999999999,1.1687,45,11,329,169,127,42,20.230817,0,ok,logs/seed_964750.log
347599,irt_only,GHEFT,0,0.0,0,0,1,0.2229,0.128,0.3509,,,,,,,,,,,,,,,,,43.143152830188676,1.1572,50,12,314,175,139,36,18.123929,0,ok,logs/seed_347599.log
561541,irt_only,GHEFT,0,0.0,0,0,1,0.2326,0.1372,0.3698,,,,,,,,,,,,,,,,,48.41561448189763,1.3766,40,10,294,147,115,32,19.234338,0,ok,logs/seed_561541.log
35471,irt_only,GHEFT,0,0.0,0,0,1,0.23,0.1295,0.3595,,,,,,,,,,,,,,,,,50.3336638554217,1.2452,54,11,337,161,125,36,22.921823,0,ok,logs/seed_35471.log
530889,irt_only,GHEFT,0,0.0,0,0,1,0.221,0.1277,0.3487,,,,,,,,,,,,,,,,,54.23232673942701,1.2073,51,10,329,155,114,41,23.753712,0,ok,logs/seed_530889.log
435171,irt_only,GHEFT,0,0.0,0,0,1,0.1947,0.1585,0.3532,,,,,,,,,,,,,,,,,43.558590066225165,1.0742,46,10,300,154,122,32,19.087482,0,ok,logs/seed_435171.log
857091,irt_only,GHEFT,0,0.0,0,0,1,0.2212,0.1475,0.3687,,,,,,,,,,,,,,,,,43.36830801468188,1.1564,51,12,315,148,105,43,16.003035,0,ok,logs/seed_857091.log
266083,irt_only,GHEFT,0,0.0,0,0,1,0.216,0.1533,0.3693,,,,,,,,,,,,,,,,,36.87813050696606,1.1061,50,10,338,150,127,23,16.887108,0,ok,logs/seed_266083.log
843150,irt_only,GHEFT,0,0.0,0,0,1,0.2316,0.1835,0.4151,,,,,,,,,,,,,,,,,43.20697751937985,1.0428,52,12,307,163,133,30,9.084741,0,ok,logs/seed_843150.log
323855,irt_only,GHEFT,0,0.0,0,0,1,0.2251,0.186,0.4111,,,,,,,,,,,,,,,,,41.32647960199005,1.0618,55,12,330,166,132,34,7.816314,0,ok,logs/seed_323855.log
759997,irt_only,GHEFT,0,0.0,0,0,1,0.2138,0.179,0.3928,,,,,,,,,,,,,,,,,59.278140449438204,1.4867,45,9,306,154,116,38,22.107482,0,ok,logs/seed_759997.log
233845,irt_only,GHEFT,0,0.0,0,0,1,0.2247,0.1437,0.3684,,,,,,,,,,,,,,,,,47.996206219552604,1.0084,38,9,319,147,121,26,19.361772,0,ok,logs/seed_233845.log
397130,irt_only,GHEFT,0,0.0,0,0,1,0.2415,0.1807,0.4222,,,,,,,,,,,,,,,,,47.13170086180401,1.1772,46,11,306,148,121,27,17.735498,0,ok,logs/seed_397130.log
683545,irt_only,GHEFT,0,0.0,0,0,1,0.222,0.1611,0.3831,,,,,,,,,,,,,,,,,48.791993138500644,1.383,47,12,326,165,125,40,21.997254,0,ok,logs/seed_683545.log
265770,irt_only,GHEFT,0,0.0,0,0,1,0.2495,0.1347,0.3842,,,,,,,,,,,,,,,,,43.52418937395955,1.1025,54,12,313,172,131,41,20.974044,0,ok,logs/seed_265770.log
820890,irt_only,GHEFT,0,0.0,0,0,1,0.2216,0.1653,0.3869,,,,,,,,,,,,,,,,,43.70751034482759,1.3445,47,9,305,155,129,26,17.75161,0,ok,logs/seed_820890.log
878022,irt_only,GHEFT,0,0.0,0,0,1,0.1984,0.1539,0.3523,,,,,,,,,,,,,,,,,45.75038946411804,1.1127,53,14,332,188,134,54,21.665379,0,ok,logs/seed_878022.log
160041,irt_only,GHEFT,0,0.0,0,0,1,0.2558,0.175,0.4308,,,,,,,,,,,,,,,,,44.16951328413285,1.1281,51,10,331,168,140,28,23.910188,0,ok,logs/seed_160041.log
904461,irt_only,GHEFT,0,0.0,0,0,1,0.2519,0.1824,0.4343,,,,,,,,,,,,,,,,,48.06096298062737,1.2006,57,13,330,184,139,45,22.82678,0,ok,logs/seed_904461.log
641339,irt_only,GHEFT,0,0.0,0,0,1,0.2577,0.2075,0.4652,,,,,,,,,,,,,,,,,48.23791869476546,1.0125,49,11,334,179,147,32,18.556337,0,ok,logs/seed_641339.log
980412,irt_only,GHEFT,0,0.0,0,0,1,0.24,0.1374,0.3774,,,,,,,,,,,,,,,,,41.160615436241606,1.1332,45,10,293,150,113,37,17.569021,0,ok,logs/seed_980412.log
509693,irt_only,GHEFT,0,0.0,0,0,1,0.2353,0.1422,0.3775,,,,,,,,,,,,,,,,,63.45138333333335,1.5287,42,11,286,150,120,30,18.354466,0,ok,logs/seed_509693.log
89260,irt_only,GHEFT,0,0.0,0,0,1,0.2349,0.1753,0.4102,,,,,,,,,,,,,,,,,51.888417437961095,1.4351,51,14,341,178,130,48,18.640889,0,ok,logs/seed_89260.log
49537,irt_only,GHEFT,0,0.0,0,0,1,0.2429,0.163,0.4059,,,,,,,,,,,,,,,,,44.819702124834,1.5354,55,12,336,183,142,41,13.054767,0,ok,logs/seed_49537.log
632773,irt_only,GHEFT,0,0.0,0,0,1,0.2359,0.139,0.3749,,,,,,,,,,,,,,,,,42.2901523178808,1.1641,40,11,287,151,122,29,11.156721,0,ok,logs/seed_632773.log
806015,irt_only,GHEFT,0,0.0,0,0,1,0.2382,0.1345,0.3727,,,,,,,,,,,,,,,,,46.390046153846164,1.2625,52,9,345,167,135,32,15.290105,0,ok,logs/seed_806015.log
77261,irt_only,GHEFT,0,0.0,0,0,1,0.2171,0.1372,0.3543,,,,,,,,,,,,,,,,,41.49816020196551,1.1836,47,12,325,172,126,46,17.48497,0,ok,logs/seed_77261.log
928757,irt_only,GHEFT,0,0.0,0,0,1,0.2434,0.1477,0.3911,,,,,,,,,,,,,,,,,45.259899999999995,1.0876,48,12,339,174,132,42,17.816008,0,ok,logs/seed_928757.log
101503,irt_only,GHEFT,0,0.0,0,0,1,0.2405,0.1716,0.4121,,,,,,,,,,,,,,,,,43.602518733509235,1.167,55,13,325,204,153,51,21.609835,0,ok,logs/seed_101503.log
771006,irt_only,GHEFT,0,0.0,0,0,1,0.2629,0.1458,0.4087,,,,,,,,,,,,,,,,,47.737662996941886,1.2929,44,10,318,171,141,30,18.018414,0,ok,logs/seed_771006.log
980797,irt_only,GHEFT,0,0.0,0,0,1,0.2359,0.1912,0.4271,,,,,,,,,,,,,,,,,43.72096595365419,1.242,48,13,292,153,107,46,20.08777,0,ok,logs/seed_980797.log
810307,irt_only,GHEFT,0,0.0,0,0,1,0.2617,0.1651,0.4268,,,,,,,,,,,,,,,,,44.689060197499636,1.4157,51,15,310,179,144,35,19.030362,0,ok,logs/seed_810307.log
601855,irt_only,GHEFT,0,0.0,0,0,1,0.214,0.127,0.341,,,,,,,,,,,,,,,,,67.79310813008131,1.3868,45,12,289,174,134,40,16.347466,0,ok,logs/seed_601855.log
315131,irt_only,GHEFT,0,0.0,0,0,1,0.2068,0.1512,0.358,,,,,,,,,,,,,,,,,53.68997593470247,1.1826,44,9,312,168,124,44,20.959556,0,ok,logs/seed_315131.log
857672,irt_only,GHEFT,0,0.0,0,0,1,0.2349,0.1366,0.3715,,,,,,,,,,,,,,,,,42.42700298507462,1.1256,47,12,315,168,130,38,17.169885,0,ok,logs/seed_857672.log
301408,irt_only,GHEFT,0,0.0,0,0,1,0.1958,0.1416,0.3374,,,,,,,,,,,,,,,,,45.195545854483925,1.1674,44,13,305,177,125,52,16.150718,0,ok,logs/seed_301408.log
477074,irt_only,GHEFT,0,0.0,0,0,1,0.2184,0.1457,0.3641,,,,,,,,,,,,,,,,,50.113855717255724,1.3659,43,10,337,156,128,28,18.236236,0,ok,logs/seed_477074.log
856925,irt_only,GHEFT,0,0.0,0,0,1,0.2192,0.1397,0.3589,,,,,,,,,,,,,,,,,40.80080065359476,1.0875,44,9,280,134,100,34,18.308948,0,ok,logs/seed_856925.log
358293,irt_only,GHEFT,0,0.0,0,0,1,0.2067,0.1233,0.33,,,,,,,,,,,,,,,,,39.61532662721893,1.1267,53,13,341,166,115,51,21.50013,0,ok,logs/seed_358293.log
419060,irt_only,GHEFT,0,0.0,0,0,1,0.22,0.1377,0.3577,,,,,,,,,,,,,,,,,45.1819152757081,1.06,43,10,317,168,126,42,19.132471,0,ok,logs/seed_419060.log
279827,irt_only,GHEFT,0,0.0,0,0,1,0.2172,0.1464,0.3636,,,,,,,,,,,,,,,,,45.08651824817518,1.1578,43,9,326,156,135,21,18.477867,0,ok,logs/seed_279827.log
492206,irt_only,GHEFT,0,0.0,0,0,1,0.2209,0.1662,0.3871,,,,,,,,,,,,,,,,,44.66135882352942,1.2791,45,11,318,160,123,37,17.831697,0,ok,logs/seed_492206.log
899477,irt_only,GHEFT,0,0.0,0,0,1,0.243,0.1444,0.3874,,,,,,,,,,,,,,,,,40.930400000000006,1.397,51,9,331,158,126,32,19.136719,0,ok,logs/seed_899477.log
598216,irt_only,GHEFT,0,0.0,0,0,1,0.2248,0.178,0.4028,,,,,,,,,,,,,,,,,48.76923588372093,1.2678,55,13,328,178,133,45,26.389739,0,ok,logs/seed_598216.log
792100,irt_only,GHEFT,0,0.0,0,0,1,0.2198,0.1392,0.359,,,,,,,,,,,,,,,,,46.57024545454545,1.2095,46,10,310,161,138,23,19.463792,0,ok,logs/seed_792100.log
600819,irt_only,GHEFT,0,0.0,0,0,1,0.2738,0.1689,0.4427,,,,,,,,,,,,,,,,,38.94474860250173,1.0086,43,11,312,154,132,22,22.995193,0,ok,logs/seed_600819.log
141930,irt_only,GHEFT,0,0.0,0,0,1,0.2578,0.1295,0.3873,,,,,,,,,,,,,,,,,59.161229357798156,1.0861,49,13,352,190,142,48,20.575001,0,ok,logs/seed_141930.log
92175,irt_only,GHEFT,0,0.0,0,0,1,0.216,0.1229,0.3389,,,,,,,,,,,,,,,,,51.78369119496855,1.6653,46,12,320,157,128,29,17.488738,0,ok,logs/seed_92175.log
814416,irt_only,GHEFT,0,0.0,0,0,1,0.2142,0.1248,0.339,,,,,,,,,,,,,,,,,55.352899999999984,1.0106,49,11,311,154,121,33,18.84018,0,ok,logs/seed_814416.log
219838,irt_only,GHEFT,0,0.0,0,0,1,0.2443,0.1501,0.3944,,,,,,,,,,,,,,,,,40.567756302521005,1.2863,44,12,312,151,122,29,17.297091,0,ok,logs/seed_219838.log
826599,irt_only,GHEFT,0,0.0,0,0,1,0.2421,0.1533,0.3954,,,,,,,,,,,,,,,,,51.896877290836656,1.4907,46,12,338,172,127,45,18.502419,0,ok,logs/seed_826599.log
872887,irt_only,GHEFT,0,0.0,0,0,1,0.216,0.1326,0.3486,,,,,,,,,,,,,,,,,53.13139999999999,1.2407,51,12,316,166,132,34,20.552,0,ok,logs/seed_872887.log
9276,irt_only,GHEFT,0,0.0,0,0,1,0.2202,0.1368,0.357,,,,,,,,,,,,,,,,,39.75409726443769,1.1503,48,10,320,146,122,24,23.651034,0,ok,logs/seed_9276.log
476843,irt_only,GHEFT,0,0.0,0,0,1,0.2064,0.1438,0.3502,,,,,,,,,,,,,,,,,49.858577997179125,1.0621,54,13,328,175,134,41,23.648341,0,ok,logs/seed_476843.log
669745,irt_only,GHEFT,0,0.0,0,0,1,0.2416,0.1731,0.4147,,,,,,,,,,,,,,,,,49.93282919818457,1.2111,47,10,319,153,122,31,23.157179,0,ok,logs/seed_669745.log
348419,irt_only,GHEFT,0,0.0,0,0,1,0.2099,0.1513,0.3612,,,,,,,,,,,,,,,,,49.25454429223744,1.2128,48,11,326,164,133,31,18.8128,0,ok,logs/seed_348419.log
459262,irt_only,GHEFT,0,0.0,0,0,1,0.2135,0.1157,0.3292,,,,,,,,,,,,,,,,,56.26928414096916,1.3082,53,11,345,177,144,33,16.290072,0,ok,logs/seed_459262.log
953735,irt_only,GHEFT,0,0.0,0,0,1,0.249,0.1752,0.4242,,,,,,,,,,,,,,,,,47.91215384615384,1.1564,45,10,331,148,122,26,7.826724,0,ok,logs/seed_953735.log
438523,irt_only,GHEFT,0,0.0,0,0,1,0.2277,0.1501,0.3778,,,,,,,,,,,,,,,,,42.356485201488276,1.0982,49,10,329,171,132,39,6.036383,0,ok,logs/seed_438523.log
671488,irt_only,GHEFT,0,0.0,0,0,1,0.2612,0.1629,0.4241,,,,,,,,,,,,,,,,,40.996501324503306,1.166,45,10,312,146,113,33,15.394063,0,ok,logs/seed_671488.log
959396,irt_only,GHEFT,0,0.0,0,0,1,0.2134,0.1357,0.3491,,,,,,,,,,,,,,,,,45.55112035483871,1.1792,50,12,318,174,133,41,20.361175,0,ok,logs/seed_959396.log
127531,irt_only,GHEFT,0,0.0,0,0,1,0.252,0.1493,0.4013,,,,,,,,,,,,,,,,,42.47788073859522,1.1238,41,10,307,149,122,27,18.976907,0,ok,logs/seed_127531.log
720158,irt_only,GHEFT,0,0.0,0,0,1,0.2047,0.1081,0.3128,,,,,,,,,,,,,,,,,39.91365750078505,1.1126,41,9,321,138,105,33,18.165127,0,ok,logs/seed_720158.log
616958,irt_only,GHEFT,0,0.0,0,0,1,0.2412,0.1379,0.3791,,,,,,,,,,,,,,,,,44.79045381552424,1.0526,52,12,343,167,118,49,21.542868,0,ok,logs/seed_616958.log
767920,irt_only,GHEFT,0,0.0,0,0,1,0.2213,0.1257,0.347,,,,,,,,,,,,,,,,,40.45411200828156,1.1551,43,11,329,177,153,24,17.063362,0,ok,logs/seed_767920.log
286030,irt_only,GHEFT,0,0.0,0,0,1,0.2018,0.1423,0.3441,,,,,,,,,,,,,,,,,51.72037062745098,1.226,44,10,314,155,116,39,17.929804,0,ok,logs/seed_286030.log
18671,irt_only,GHEFT,0,0.0,0,0,1,0.1867,0.1281,0.3148,,,,,,,,,,,,,,,,,48.37163846153847,1.1055,53,12,317,165,138,27,20.467761,0,ok,logs/seed_18671.log
348701,irt_only,GHEFT,0,0.0,0,0,1,0.2056,0.1342,0.3398,,,,,,,,,,,,,,,,,51.85494063400576,1.0593,49,11,319,170,145,25,21.897772,0,ok,logs/seed_348701.log
630160,irt_only,GHEFT,0,0.0,0,0,1,0.2201,0.1374,0.3575,,,,,,,,,,,,,,,,,39.30790021598273,1.1899,53,14,318,168,127,41,19.088853,0,ok,logs/seed_630160.log
534421,irt_only,GHEFT,0,0.0,0,0,1,0.1932,0.1252,0.3184,,,,,,,,,,,,,,,,,42.394387577639755,1.2012,46,11,311,161,140,21,19.033824,0,ok,logs/seed_534421.log
550498,irt_only,GHEFT,0,0.0,0,0,1,0.2076,0.1701,0.3777,,,,,,,,,,,,,,,,,56.2235,1.0633,45,10,317,177,141,36,22.594189,0,ok,logs/seed_550498.log
440724,irt_only,GHEFT,0,0.0,0,0,1,0.2147,0.1288,0.3435,,,,,,,,,,,,,,,,,54.94312118863049,1.3764,51,12,320,163,127,36,17.910807,0,ok,logs/seed_440724.log
475946,irt_only,GHEFT,0,0.0,0,0,1,0.2259,0.1619,0.3878,,,,,,,,,,,,,,,,,57.79136045694201,1.4729,48,12,318,161,124,37,15.929782,0,ok,logs/seed_475946.log
522340,irt_only,GHEFT,0,0.0,0,0,1,0.2639,0.1491,0.413,,,,,,,,,,,,,,,,,39.31859444332495,1.1614,48,10,354,145,118,27,11.055492,0,ok,logs/seed_522340.log
514258,irt_only,GHEFT,0,0.0,0,0,1,0.2124,0.1608,0.3732,,,,,,,,,,,,,,,,,55.906495667365476,1.1041,46,9,333,179,141,38,25.045578,0,ok,logs/seed_514258.log
222457,irt_only,GHEFT,0,0.0,0,0,1,0.2236,0.173,0.3966,,,,,,,,,,,,,,,,,48.013684790874535,1.2567,45,11,317,163,131,32,18.324735,0,ok,logs/seed_222457.log
769416,irt_only,GHEFT,0,0.0,0,0,1,0.2152,0.1428,0.358,,,,,,,,,,,,,,,,,49.88125952567567,1.4954,44,12,289,156,130,26,14.706931,0,ok,logs/seed_769416.log
429996,irt_only,GHEFT,0,0.0,0,0,1,0.2094,0.1185,0.3279,,,,,,,,,,,,,,,,,54.776329368029735,1.2799,53,13,342,201,156,45,22.314463,0,ok,logs/seed_429996.log
657311,irt_only,GHEFT,0,0.0,0,0,1,0.2029,0.1309,0.3338,,,,,,,,,,,,,,,,,51.0455568215892,1.0619,44,11,317,160,127,33,19.600774,0,ok,logs/seed_657311.log
402349,irt_only,GHEFT,0,0.0,0,0,1,0.236,0.1357,0.3717,,,,,,,,,,,,,,,,,45.204756791720555,1.1582,46,11,304,156,117,39,17.868363,0,ok,logs/seed_402349.log
434184,irt_only,GHEFT,0,0.0,0,0,1,0.2332,0.1371,0.3703,,,,,,,,,,,,,,,,,42.29097210884354,1.06,54,14,323,161,114,47,18.068941,0,ok,logs/seed_434184.log
786598,irt_only,GHEFT,0,0.0,0,0,1,0.216,0.1092,0.3252,,,,,,,,,,,,,,,,,40.085257807511745,1.086,43,9,338,149,109,40,21.231512,0,ok,logs/seed_786598.log
101351,irt_only,GHEFT,0,0.0,0,0,1,0.2348,0.1539,0.3887,,,,,,,,,,,,,,,,,41.822466150853884,1.2601,51,12,318,166,125,41,17.428221,0,ok,logs/seed_101351.log
155305,irt_only,GHEFT,0,0.0,0,0,1,0.216,0.1467,0.3627,,,,,,,,,,,,,,,,,40.090538049713196,1.1603,51,11,334,168,138,30,19.403372,0,ok,logs/seed_155305.log
218988,irt_only,GHEFT,0,0.0,0,0,1,0.2143,0.1538,0.3681,,,,,,,,,,,,,,,,,45.316144582043336,1.1227,50,12,329,182,139,43,20.219379,0,ok,logs/seed_218988.log
981581,irt_only,GHEFT,0,0.0,0,0,1,0.2145,0.1389,0.3534,,,,,,,,,,,,,,,,,44.599335335689055,1.0776,43,10,306,139,120,19,19.414107,0,ok,logs/seed_981581.log
495855,irt_only,GHEFT,0,0.0,0,0,1,0.2213,0.1373,0.3586,,,,,,,,,,,,,,,,,46.7118619047619,1.3038,51,14,302,178,142,36,15.250542,0,ok,logs/seed_495855.log
708196,irt_only,GHEFT,0,0.0,0,0,1,0.2225,0.1631,0.3856,,,,,,,,,,,,,,,,,59.95362013769363,1.2237,44,10,295,163,126,37,24.113801,0,ok,logs/seed_708196.log
700191,irt_only,GHEFT,0,0.0,0,0,1,0.2302,0.196,0.4262,,,,,,,,,,,,,,,,,48.36077864233576,1.1575,52,12,318,161,108,53,22.354341,0,ok,logs/seed_700191.log
366645,irt_only,GHEFT,0,0.0,0,0,1,0.2137,0.1118,0.3255,,,,,,,,,,,,,,,,,65.02154887459805,1.1799,48,11,329,166,132,34,19.774305,0,ok,logs/seed_366645.log
664766,irt_only,GHEFT,0,0.0,0,0,1,0.2283,0.159,0.3873,,,,,,,,,,,,,,,,,45.34190120481928,1.4256,48,11,310,153,105,48,18.278517,0,ok,logs/seed_664766.log
137324,irt_only,GHEFT,0,0.0,0,0,1,0.2109,0.1494,0.3603,,,,,,,,,,,,,,,,,51.51007871250913,1.3064,47,9,332,135,112,23,20.097344,0,ok,logs/seed_137324.log
93537,irt_only,GHEFT,0,0.0,0,0,1,0.2183,0.1378,0.3561,,,,,,,,,,,,,,,,,51.49253242258651,1.2079,44,10,309,147,120,27,19.028824,0,ok,logs/seed_93537.log
827786,irt_only,GHEFT,0,0.0,0,0,1,0.2395,0.1683,0.4078,,,,,,,,,,,,,,,,,41.119991318327976,1.1725,46,10,319,143,97,46,22.901475,0,ok,logs/seed_827786.log
343941,irt_only,GHEFT,0,0.0,0,0,1,0.2368,0.1265,0.3633,,,,,,,,,,,,,,,,,61.58355467625899,1.3039,49,13,316,164,138,26,21.562312,0,ok,logs/seed_343941.log
710910,irt_only,GHEFT,0,0.0,0,0,1,0.2292,0.1531,0.3823,,,,,,,,,,,,,,,,,42.38625640599002,1.0443,46,11,322,153,124,29,24.668015,0,ok,logs/seed_710910.log
335281,irt_only,GHEFT,0,0.0,0,0,1,0.238,0.1333,0.3713,,,,,,,,,,,,,,,,,37.63631400448431,1.1731,51,12,315,142,111,31,22.246607,0,ok,logs/seed_335281.log
385234,irt_only,GHEFT,0,0.0,0,0,1,0.2165,0.1301,0.3466,,,,,,,,,,,,,,,,,43.070651812366734,1.1643,44,9,310,152,124,28,18.399218,0,ok,logs/seed_385234.log
566861,irt_only,GHEFT,0,0.0,0,0,1,0.2092,0.1154,0.3246,,,,,,,,,,,,,,,,,42.42383846153846,1.1689,45,12,322,147,110,37,25.100895,0,ok,logs/seed_566861.log
794225,irt_only,GHEFT,0,0.0,0,0,1,0.2042,0.1244,0.3286,,,,,,,,,,,,,,,,,43.68648957345972,1.0848,47,13,334,165,123,42,20.939918,0,ok,logs/seed_794225.log
509569,irt_only,GHEFT,0,0.0,0,0,1,0.2214,0.1955,0.4169,,,,,,,,,,,,,,,,,57.659484435797665,1.2132,40,11,307,158,114,44,19.9159,0,ok,logs/seed_509569.log
949698,irt_only,GHEFT,0,0.0,0,0,1,0.24,0.1346,0.3746,,,,,,,,,,,,,,,,,43.57425320334262,1.2169,49,10,326,169,133,36,20.426982,0,ok,logs/seed_949698.log
553382,irt_only,GHEFT,0,0.0,0,0,1,0.2233,0.1749,0.3982,,,,,,,,,,,,,,,,,51.624413151152865,1.2383,52,11,329,172,133,39,20.236404,0,ok,logs/seed_553382.log
572482,irt_only,GHEFT,0,0.0,0,0,1,0.2289,0.1247,0.3536,,,,,,,,,,,,,,,,,40.408723716381424,1.0829,50,13,311,166,143,23,20.601503,0,ok,logs/seed_572482.log
389037,irt_only,GHEFT,0,0.0,0,0,1,0.2438,0.1543,0.3981,,,,,,,,,,,,,,,,,36.84223079847909,1.1264,44,11,312,155,117,38,20.703664,0,ok,logs/seed_389037.log
309802,irt_only,GHEFT,0,0.0,0,0,1,0.2133,0.1581,0.3714,,,,,,,,,,,,,,,,,42.19501183172147,1.2396,40,10,303,149,111,38,19.990717,0,ok,logs/seed_309802.log
704427,irt_only,GHEFT,0,0.0,0,0,1,0.2252,0.1287,0.3539,,,,,,,,,,,,,,,,,57.88646137566138,1.4189,46,11,321,152,126,26,24.261843,0,ok,logs/seed_704427.log
101580,irt_only,GHEFT,0,0.0,0,0,1,0.2573,0.1822,0.4395,,,,,,,,,,,,,,,,,41.71895413529147,1.1548,46,10,309,172,145,27,18.938255,0,ok,logs/seed_101580.log
341337,irt_only,GHEFT,0,0.0,0,0,1,0.2132,0.1141,0.3273,,,,,,,,,,,,,,,,,49.86470616740088,1.0639,47,9,328,139,123,16,21.988532,0,ok,logs/seed_341337.log
392761,irt_only,GHEFT,0,0.0,0,0,1,0.2147,0.1733,0.388,,,,,,,,,,,,,,,,,43.712036576181426,1.3577,53,12,337,191,150,41,18.809081,0,ok,logs/seed_392761.log
481487,irt_only,GHEFT,0,0.0,0,0,1,0.2439,0.1497,0.3936,,,,,,,,,,,,,,,,,47.10513053435114,1.172,51,15,335,175,130,45,20.873877,0,ok,logs/seed_481487.log
399403,irt_only,GHEFT,0,0.0,0,0,1,0.2206,0.1382,0.3588,,,,,,,,,,,,,,,,,44.38594971532157,1.0672,58,14,333,184,142,42,25.573287,0,ok,logs/seed_399403.log
823258,irt_only,GHEFT,0,0.0,0,0,1,0.2447,0.1231,0.3678,,,,,,,,,,,,,,,,,49.169614964370545,1.4324,43,9,297,142,115,27,17.53363,0,ok,logs/seed_823258.log
213758,irt_only,GHEFT,0,0.0,0,0,1,0.2217,0.1511,0.3728,,,,,,,,,,,,,,,,,46.41342105263158,1.332,48,12,332,161,126,35,23.132904,0,ok,logs/seed_213758.log
852462,irt_only,GHEFT,0,0.0,0,0,1,0.1946,0.1354,0.33,,,,,,,,,,,,,,,,,50.906400000000005,1.0434,46,12,309,160,120,40,18.962682,0,ok,logs/seed_852462.log
98150,irt_only,GHEFT,0,0.0,0,0,1,0.2432,0.1404,0.3836,,,,,,,,,,,,,,,,,41.97381824365483,1.147,51,9,336,141,118,23,17.770837,0,ok,logs/seed_98150.log
290105,irt_only,GHEFT,0,0.0,0,0,1,0.2271,0.1551,0.3822,,,,,,,,,,,,,,,,,42.200265284974094,1.4898,49,13,319,178,132,46,11.66098,0,ok,logs/seed_290105.log
411034,irt_only,GHEFT,0,0.0,0,0,1,0.2445,0.1458,0.3903,,,,,,,,,,,,,,,,,45.25976371077762,1.1887,47,11,306,168,124,44,17.246058,0,ok,logs/seed_411034.log
269026,irt_only,GHEFT,0,0.0,0,0,1,0.2508,0.136,0.3868,,,,,,,,,,,,,,,,,56.55012517527087,1.4982,52,12,325,188,150,38,28.056278,0,ok,logs/seed_269026.log
69100,irt_only,GHEFT,0,0.0,0,0,1,0.2006,0.1222,0.3228,,,,,,,,,,,,,,,,,39.390382866043616,1.2688,49,12,321,147,98,49,20.193315,0,ok,logs/seed_69100.log
433242,irt_only,GHEFT,0,0.0,0,0,1,0.2054,0.1521,0.3575,,,,,,,,,,,,,,,,,46.08568492462312,1.1255,44,11,282,130,93,37,16.745185,0,ok,logs/seed_433242.log
931676,irt_only,GHEFT,0,0.0,0,0,1,0.2066,0.1309,0.3375,,,,,,,,,,,,,,,,,49.492442748091605,1.2126,48,12,331,164,133,31,21.935599,0,ok,logs/seed_931676.log
281692,irt_only,GHEFT,0,0.0,0,0,1,0.2188,0.1362,0.355,,,,,,,,,,,,,,,,,41.59272324246771,1.1255,44,10,333,139,103,36,19.885744,0,ok,logs/seed_281692.log
904446,irt_only,GHEFT,0,0.0,0,0,1,0.2033,0.174,0.3773,,,,,,,,,,,,,,,,,44.98540275438596,1.3452,53,12,332,163,132,31,21.452538,0,ok,logs/seed_904446.log
831666,irt_only,GHEFT,0,0.0,0,0,1,0.2244,0.1264,0.3508,,,,,,,,,,,,,,,,,44.624387781350485,1.1682,45,11,331,150,127,23,20.579774,0,ok,logs/seed_831666.log
83588,irt_only,GHEFT,0,0.0,0,0,1,0.2415,0.1365,0.378,,,,,,,,,,,,,,,,,44.95722424242425,1.0739,52,13,327,194,151,43,18.599156,0,ok,logs/seed_83588.log
326878,irt_only,GHEFT,0,0.0,0,0,1,0.2281,0.1476,0.3757,,,,,,,,,,,,,,,,,41.725100000000005,1.1375,44,11,320,157,120,37,25.826453,0,ok,logs/seed_326878.log
928118,irt_only,GHEFT,0,0.0,0,0,1,0.2519,0.1543,0.4062,,,,,,,,,,,,,,,,,56.34334624962327,1.3735,48,12,327,175,135,40,24.675264,0,ok,logs/seed_928118.log
890764,irt_only,GHEFT,0,0.0,0,0,1,0.2086,0.1514,0.36,,,,,,,,,,,,,,,,,60.87251585535464,1.3869,37,9,309,135,114,21,17.259725,0,ok,logs/seed_890764.log
355815,irt_only,GHEFT,0,0.0,0,0,1,0.237,0.1933,0.4303,,,,,,,,,,,,,,,,,48.43720150913423,1.1794,51,10,320,150,118,32,19.075728,0,ok,logs/seed_355815.log
368407,irt_only,GHEFT,0,0.0,0,0,1,0.2519,0.1693,0.4212,,,,,,,,,,,,,,,,,36.30561180392157,1.2553,55,12,357,187,128,59,27.620389,0,ok,logs/seed_368407.log
874310,irt_only,GHEFT,0,0.0,0,0,1,0.2074,0.1258,0.3332,,,,,,,,,,,,,,,,,60.08401526717556,1.2659,55,12,323,179,133,46,23.517048,0,ok,logs/seed_874310.log
971526,irt_only,GHEFT,0,0.0,0,0,1,0.2445,0.1412,0.3857,,,,,,,,,,,,,,,,,47.163595049504956,1.1585,49,12,323,160,127,33,22.154513,0,ok,logs/seed_971526.log
563565,irt_only,GHEFT,0,0.0,0,0,1,0.2013,0.1241,0.3254,,,,,,,,,,,,,,,,,51.82057447447447,1.0595,51,11,313,149,100,49,18.419302,0,ok,logs/seed_563565.log
943133,irt_only,GHEFT,0,0.0,0,0,1,0.2378,0.1476,0.3854,,,,,,,,,,,,,,,,,46.52411428571429,1.1537,46,12,321,192,150,42,19.41374,0,ok,logs/seed_943133.log
455182,irt_only,GHEFT,0,0.0,0,0,1,0.248,0.2096,0.4576,,,,,,,,,,,,,,,,,46.0955,1.1472,51,12,327,169,136,33,21.725685,0,ok,logs/seed_455182.log
719709,irt_only,GHEFT,0,0.0,0,0,1,0.2236,0.1298,0.3534,,,,,,,,,,,,,,,,,63.84781498708011,1.2038,53,12,334,159,133,26,21.933155,0,ok,logs/seed_719709.log
720998,irt_only,GHEFT,0,0.0,0,0,1,0.2266,0.1207,0.3473,,,,,,,,,,,,,,,,,48.72717551669317,1.1326,46,12,316,164,128,36,21.549259,0,ok,logs/seed_720998.log
747524,irt_only,GHEFT,0,0.0,0,0,1,0.2484,0.187,0.4354,,,,,,,,,,,,,,,,,50.27516797038725,1.2737,42,11,328,159,124,35,20.082041,0,ok,logs/seed_747524.log
252772,irt_only,GHEFT,0,0.0,0,0,1,0.2146,0.132,0.3466,,,,,,,,,,,,,,,,,44.75280000000001,1.2035,47,10,336,140,118,22,26.145349,0,ok,logs/seed_252772.log
175281,irt_only,GHEFT,0,0.0,0,0,1,0.2239,0.1393,0.3632,,,,,,,,,,,,,,,,,55.6230208869814,1.4054,47,11,336,159,135,24,20.592216,0,ok,logs/seed_175281.log
72567,irt_only,GHEFT,0,0.0,0,0,1,0.2469,0.1465,0.3934,,,,,,,,,,,,,,,,,36.95026144975288,1.1591,49,12,308,158,118,40,20.225191,0,ok,logs/seed_72567.log
937978,irt_only,GHEFT,0,0.0,0,0,1,0.227,0.1396,0.3666,,,,,,,,,,,,,,,,,52.76407138599106,1.1268,49,11,309,161,129,32,21.914228,0,ok,logs/seed_937978.log
543059,irt_only,GHEFT,0,0.0,0,0,1,0.2477,0.1885,0.4362,,,,,,,,,,,,,,,,,48.96309368088467,1.2305,56,11,308,163,128,35,21.147305,0,ok,logs/seed_543059.log
48503,irt_only,GHEFT,0,0.0,0,0,1,0.2274,0.1241,0.3515,,,,,,,,,,,,,,,,,41.77570246904513,1.1663,49,11,288,149,119,30,19.516688,0,ok,logs/seed_48503.log
738560,irt_only,GHEFT,0,0.0,0,0,1,0.228,0.1242,0.3522,,,,,,,,,,,,,,,,,59.85633575935829,1.2907,53,11,329,166,129,37,23.358583,0,ok,logs/seed_738560.log
975608,irt_only,GHEFT,0,0.0,0,0,1,0.2295,0.127,0.3565,,,,,,,,,,,,,,,,,51.20490365965233,1.11,52,11,316,178,137,41,21.700665,0,ok,logs/seed_975608.log
683245,irt_only,GHEFT,0,0.0,0,0,1,0.225,0.1471,0.3721,,,,,,,,,,,,,,,,,50.43890316573557,1.3674,44,11,306,149,115,34,24.862447,0,ok,logs/seed_683245.log
781133,irt_only,GHEFT,0,0.0,0,0,1,0.225,0.1522,0.3772,,,,,,,,,,,,,,,,,44.1120287671233,1.007,46,12,319,163,137,26,25.446772,0,ok,logs/seed_781133.log
43408,irt_only,GHEFT,0,0.0,0,0,1,0.2466,0.1646,0.4112,,,,,,,,,,,,,,,,,46.475775859434684,1.2677,52,12,309,162,119,43,25.18505,0,ok,logs/seed_43408.log
226631,irt_only,GHEFT,0,0.0,0,0,1,0.2168,0.1487,0.3655,,,,,,,,,,,,,,,,,52.08799237749546,1.1787,46,11,325,171,141,30,24.016409,0,ok,logs/seed_226631.log
181152,irt_only,GHEFT,0,0.0,0,0,1,0.2428,0.18,0.4228,,,,,,,,,,,,,,,,,43.128140813464235,1.3503,53,13,325,193,145,48,26.315833,0,ok,logs/seed_181152.log
429823,irt_only,GHEFT,0,0.0,0,0,1,0.2251,0.1496,0.3747,,,,,,,,,,,,,,,,,41.31965494117647,1.1866,56,13,335,173,116,57,25.597973,0,ok,logs/seed_429823.log
404672,irt_only,GHEFT,0,0.0,0,0,1,0.1895,0.1171,0.3066,,,,,,,,,,,,,,,,,39.938097289972895,1.0157,43,10,311,141,114,27,20.926245,0,ok,logs/seed_404672.log
877698,irt_only,GHEFT,0,0.0,0,0,1,0.2244,0.1016,0.326,,,,,,,,,,,,,,,,,45.901489524590176,1.3174,43,9,313,137,109,28,26.045137,0,ok,logs/seed_877698.log
958202,irt_only,GHEFT,0,0.0,0,0,1,0.2192,0.1786,0.3978,,,,,,,,,,,,,,,,,44.06422523020257,1.1154,53,13,333,163,127,36,23.004548,0,ok,logs/seed_958202.log
544591,irt_only,GHEFT,0,0.0,0,0,1,0.2232,0.1335,0.3567,,,,,,,,,,,,,,,,,39.886608506363025,1.0944,50,12,318,170,140,30,26.931969,0,ok,logs/seed_544591.log
539008,irt_only,GHEFT,0,0.0,0,0,1,0.2107,0.1609,0.3716,,,,,,,,,,,,,,,,,54.68545283018867,1.1074,53,11,333,174,138,36,25.520086,0,ok,logs/seed_539008.log
183645,irt_only,GHEFT,0,0.0,0,0,1,0.2593,0.1663,0.4256,,,,,,,,,,,,,,,,,41.04820000000001,1.0753,50,12,332,167,130,37,21.942334,0,ok,logs/seed_183645.log
701092,irt_only,GHEFT,0,0.0,0,0,1,0.2461,0.1462,0.3923,,,,,,,,,,,,,,,,,55.73462100313481,1.4246,48,12,325,167,141,26,23.597462,0,ok,logs/seed_701092.log
529935,irt_only,GHEFT,0,0.0,0,0,1,0.2384,0.1518,0.3902,,,,,,,,,,,,,,,,,42.21664545454545,1.1715,53,13,324,187,144,43,19.648381,0,ok,logs/seed_529935.log
159302,irt_only,GHEFT,0,0.0,0,0,1,0.2072,0.1254,0.3326,,,,,,,,,,,,,,,,,46.4523890052356,1.2481,56,14,341,193,142,51,27.253844,0,ok,logs/seed_159302.log
946627,irt_only,GHEFT,0,0.0,0,0,1,0.2264,0.1407,0.3671,,,,,,,,,,,,,,,,,44.047187613293055,1.1083,49,10,329,158,129,29,27.570316,0,ok,logs/seed_946627.log
367625,irt_only,GHEFT,0,0.0,0,0,1,0.2252,0.1334,0.3586,,,,,,,,,,,,,,,,,48.73662090188909,1.4795,50,9,300,141,107,34,19.878297,0,ok,logs/seed_367625.log
177782,irt_only,GHEFT,0,0.0,0,0,1,0.2526,0.1543,0.4069,,,,,,,,,,,,,,,,,51.48870391198046,1.3861,46,13,325,175,133,42,20.177157,0,ok,logs/seed_177782.log
302988,irt_only,GHEFT,0,0.0,0,0,1,0.2335,0.179,0.4125,,,,,,,,,,,,,,,,,33.27546986700176,1.2245,50,13,312,151,103,48,22.750781,0,ok,logs/seed_302988.log
192553,irt_only,GHEFT,0,0.0,0,0,1,0.2504,0.1345,0.3849,,,,,,,,,,,,,,,,,38.50041764705883,1.1935,56,11,331,169,130,39,21.597841,0,ok,logs/seed_192553.log
835851,irt_only,GHEFT,0,0.0,0,0,1,0.2298,0.1834,0.4132,,,,,,,,,,,,,,,,,56.716793103448275,1.5619,45,8,313,148,117,31,20.328986,0,ok,logs/seed_835851.log
598671,irt_only,GHEFT,0,0.0,0,0,1,0.2648,0.1489,0.4137,,,,,,,,,,,,,,,,,44.84500448222566,1.2633,53,13,343,190,149,41,23.438777,0,ok,logs/seed_598671.log
517206,irt_only,GHEFT,0,0.0,0,0,1,0.1988,0.1777,0.3765,,,,,,,,,,,,,,,,,62.92806460078278,1.3725,54,12,310,154,107,47,24.000334,0,ok,logs/seed_517206.log
10492,irt_only,GHEFT,0,0.0,0,0,1,0.224,0.139,0.363,,,,,,,,,,,,,,,,,56.31817420814479,1.1727,48,10,300,132,112,20,21.592172,0,ok,logs/seed_10492.log
120821,irt_only,GHEFT,0,0.0,0,0,1,0.2232,0.1574,0.3806,,,,,,,,,,,,,,,,,44.8272194716254,1.1962,45,10,323,167,120,47,24.832075,0,ok,logs/seed_120821.log
41152,irt_only,GHEFT,0,0.0,0,0,1,0.2393,0.1673,0.4066,,,,,,,,,,,,,,,,,43.435762068965516,1.1288,46,12,323,170,128,42,25.828516,0,ok,logs/seed_41152.log
642504,irt_only,GHEFT,0,0.0,0,0,1,0.2465,0.1557,0.4022,,,,,,,,,,,,,,,,,36.677424746743846,1.1746,52,11,319,151,124,27,21.834085,0,ok,logs/seed_642504.log
362252,irt_only,GHEFT,0,0.0,0,0,1,0.2256,0.1572,0.3828,,,,,,,,,,,,,,,,,39.074628664072634,1.1769,44,10,322,144,112,32,25.667373,0,ok,logs/seed_362252.log
129046,irt_only,GHEFT,0,0.0,0,0,1,0.2112,0.1423,0.3535,,,,,,,,,,,,,,,,,50.00296160503541,1.2644,46,12,340,170,146,24,23.535483,0,ok,logs/seed_129046.log
302190,irt_only,GHEFT,0,0.0,0,0,1,0.243,0.1513,0.3943,,,,,,,,,,,,,,,,,40.53909999999999,1.2946,43,11,323,154,116,38,26.91745,0,ok,logs/seed_302190.log
757010,irt_only,GHEFT,0,0.0,0,0,1,0.2243,0.1507,0.375,,,,,,,,,,,,,,,,,48.26862227659575,1.0036,41,10,298,145,112,33,26.932642,0,ok,logs/seed_757010.log
104638,irt_only,GHEFT,0,0.0,0,0,1,0.2569,0.1743,0.4312,,,,,,,,,,,,,,,,,43.4237,1.1854,51,11,332,174,136,38,26.980607,0,ok,logs/seed_104638.log
843408,irt_only,GHEFT,0,0.0,0,0,1,0.2552,0.145,0.4002,,,,,,,,,,,,,,,,,54.2118469684721,1.1026,42,10,295,152,127,25,18.405943,0,ok,logs/seed_843408.log
508994,irt_only,GHEFT,0,0.0,0,0,1,0.2111,0.139,0.3501,,,,,,,,,,,,,,,,,45.341970658682634,1.4474,42,11,320,155,118,37,22.502003,0,ok,logs/seed_508994.log
604086,irt_only,GHEFT,0,0.0,0,0,1,0.2232,0.1456,0.3688,,,,,,,,,,,,,,,,,46.572726415094344,1.5266,50,13,332,168,135,33,22.521242,0,ok,logs/seed_604086.log
756232,irt_only,GHEFT,0,0.0,0,0,1,0.2457,0.1576,0.4033,,,,,,,,,,,,,,,,,41.76844572843451,1.1287,45,13,312,163,123,40,21.291948,0,ok,logs/seed_756232.log
752351,irt_only,GHEFT,0,0.0,0,0,1,0.1979,0.1094,0.3073,,,,,,,,,,,,,,,,,49.70482911877395,1.1321,44,10,311,152,113,39,21.667553,0,ok,logs/seed_752351.log
532132,irt_only,GHEFT,0,0.0,0,0,1,0.2356,0.161,0.3966,,,,,,,,,,,,,,,,,46.46565922330097,1.4659,41,10,301,144,110,34,23.328134,0,ok,logs/seed_532132.log
715672,irt_only,GHEFT,0,0.0,0,0,1,0.2329,0.1546,0.3875,,,,,,,,,,,,,,,,,47.565966423357665,1.2777,48,10,321,173,128,45,18.187652,0,ok,logs/seed_715672.log
244053,irt_only,GHEFT,0,0.0,0,0,1,0.2303,0.1908,0.4211,,,,,,,,,,,,,,,,,52.233570422535216,1.521,53,13,302,149,100,49,20.538329,0,ok,logs/seed_244053.log
360248,irt_only,GHEFT,0,0.0,0,0,1,0.2097,0.1488,0.3585,,,,,,,,,,,,,,,,,47.7879,1.1393,48,12,314,186,147,39,22.083054,0,ok,logs/seed_360248.log
320801,irt_only,GHEFT,0,0.0,0,0,1,0.2546,0.2063,0.4609,,,,,,,,,,,,,,,,,40.437359740259744,1.3025,48,11,334,175,150,25,26.950264,0,ok,logs/seed_320801.log
469418,irt_only,GHEFT,0,0.0,0,0,1,0.244,0.1737,0.4177,,,,,,,,,,,,,,,,,36.8719,1.2405,45,10,301,146,109,37,20.829212,0,ok,logs/seed_469418.log
622181,irt_only,GHEFT,0,0.0,0,0,1,0.193,0.1158,0.3088,,,,,,,,,,,,,,,,,49.681321229050276,1.3162,56,12,320,162,122,40,21.59634,0,ok,logs/seed_622181.log
264411,irt_only,GHEFT,0,0.0,0,0,1,0.2164,0.1333,0.3497,,,,,,,,,,,,,,,,,47.99159315332691,1.2757,45,10,330,144,114,30,27.65101,0,ok,logs/seed_264411.log
311857,irt_only,GHEFT,0,0.0,0,0,1,0.2474,0.1407,0.3881,,,,,,,,,,,,,,,,,48.830457060518725,1.0318,46,10,320,169,130,39,24.21416,0,ok,logs/seed_311857.log
252607,irt_only,GHEFT,0,0.0,0,0,1,0.2205,0.1588,0.3793,,,,,,,,,,,,,,,,,53.895573491773305,1.1063,47,12,320,156,97,59,30.162673,0,ok,logs/seed_252607.log
420553,irt_only,GHEFT,0,0.0,0,0,1,0.2507,0.1439,0.3946,,,,,,,,,,,,,,,,,40.61187467488022,1.0401,50,12,332,190,153,37,22.306034,0,ok,logs/seed_420553.log
802672,irt_only,GHEFT,0,0.0,0,0,1,0.2345,0.1569,0.3914,,,,,,,,,,,,,,,,,53.128232935916536,1.0737,52,9,317,146,109,37,26.082464,0,ok,logs/seed_802672.log
26302,irt_only,GHEFT,0,0.0,0,0,1,0.2294,0.1562,0.3856,,,,,,,,,,,,,,,,,59.76462566086396,1.1318,44,10,295,160,136,24,23.641294,0,ok,logs/seed_26302.log
42701,irt_only,GHEFT,0,0.0,0,0,1,0.2308,0.153,0.3838,,,,,,,,,,,,,,,,,43.40309530332682,1.2918,55,12,352,189,154,35,23.66749,0,ok,logs/seed_42701.log
694217,irt_only,GHEFT,0,0.0,0,0,1,0.2054,0.1422,0.3476,,,,,,,,,,,,,,,,,44.280573073666375,1.4172,44,10,330,154,121,33,25.318972,0,ok,logs/seed_694217.log
730247,irt_only,GHEFT,0,0.0,0,0,1,0.2148,0.1208,0.3356,,,,,,,,,,,,,,,,,43.26736533490012,1.2614,45,11,332,158,130,28,25.489224,0,ok,logs/seed_730247.log
41076,irt_only,GHEFT,0,0.0,0,0,1,0.2383,0.1565,0.3948,,,,,,,,,,,,,,,,,41.12926744186046,1.075,49,13,322,149,123,26,25.631268,0,ok,logs/seed_41076.log
502796,irt_only,GHEFT,0,0.0,0,0,1,0.1986,0.132,0.3306,,,,,,,,,,,,,,,,,52.500634920634916,1.4123,48,11,316,147,108,39,23.087207,0,ok,logs/seed_502796.log
709473,irt_only,GHEFT,0,0.0,0,0,1,0.2143,0.126,0.3403,,,,,,,,,,,,,,,,,42.30828446443173,1.2295,49,11,344,178,141,37,24.934577,0,ok,logs/seed_709473.log
26140,irt_only,GHEFT,0,0.0,0,0,1,0.2464,0.1468,0.3932,,,,,,,,,,,,,,,,,51.297242600896865,1.3951,46,12,339,171,136,35,19.566481,0,ok,logs/seed_26140.log
540656,irt_only,GHEFT,0,0.0,0,0,1,0.2555,0.1522,0.4077,,,,,,,,,,,,,,,,,44.41704045037533,1.1094,49,10,320,173,134,39,20.773779,0,ok,logs/seed_540656.log
343393,irt_only,GHEFT,0,0.0,0,0,1,0.2274,0.1416,0.369,,,,,,,,,,,,,,,,,44.31132236652237,1.0973,53,15,330,185,151,34,20.659948,0,ok,logs/seed_343393.log
412975,irt_only,GHEFT,0,0.0,0,0,1,0.214,0.1229,0.3369,,,,,,,,,,,,,,,,,46.44533007017544,1.0889,44,9,327,144,105,39,26.479982,0,ok,logs/seed_412975.log
497025,irt_only,GHEFT,0,0.0,0,0,1,0.2167,0.1342,0.3509,,,,,,,,,,,,,,,,,45.408100628930825,1.1193,47,10,312,158,133,25,22.215898,0,ok,logs/seed_497025.log
646790,irt_only,GHEFT,0,0.0,0,0,1,0.2654,0.1698,0.4352,,,,,,,,,,,,,,,,,37.13449677419355,1.2698,53,11,322,160,109,51,24.278777,0,ok,logs/seed_646790.log
115672,irt_only,GHEFT,0,0.0,0,0,1,0.2703,0.1711,0.4414,,,,,,,,,,,,,,,,,40.37433255813954,1.2807,44,9,329,165,133,32,22.525602,0,ok,logs/seed_115672.log
517217,irt_only,GHEFT,0,0.0,0,0,1,0.2184,0.1825,0.4009,,,,,,,,,,,,,,,,,46.722999891730616,1.236,51,13,302,161,139,22,24.398423,0,ok,logs/seed_517217.log
289065,irt_only,GHEFT,0,0.0,0,0,1,0.2419,0.1296,0.3715,,,,,,,,,,,,,,,,,42.09064615384615,1.0897,49,11,318,167,129,38,20.756003,0,ok,logs/seed_289065.log
104127,irt_only,GHEFT,0,0.0,0,0,1,0.2275,0.1794,0.4069,,,,,,,,,,,,,,,,,69.46805531914893,1.9085,50,11,320,156,129,27,24.150668,0,ok,logs/seed_104127.log
371163,irt_only,GHEFT,0,0.0,0,0,1,0.2183,0.1383,0.3566,,,,,,,,,,,,,,,,,42.06306788321168,1.1882,52,11,324,164,129,35,23.440256,0,ok,logs/seed_371163.log
883139,irt_only,GHEFT,0,0.0,0,0,1,0.198,0.1633,0.3613,,,,,,,,,,,,,,,,,63.444192481203004,1.305,48,13,330,190,143,47,26.261501,0,ok,logs/seed_883139.log
342132,irt_only,GHEFT,0,0.0,0,0,1,0.21,0.117,0.327,,,,,,,,,,,,,,,,,41.916664102564106,1.2301,51,14,327,184,146,38,20.429104,0,ok,logs/seed_342132.log
704990,irt_only,GHEFT,0,0.0,0,0,1,0.2162,0.1383,0.3545,,,,,,,,,,,,,,,,,44.768137455830384,1.0444,57,16,357,187,146,41,27.119609,0,ok,logs/seed_704990.log
424860,irt_only,GHEFT,0,0.0,0,0,1,0.2396,0.174,0.4136,,,,,,,,,,,,,,,,,44.49699247648903,1.1166,47,12,336,169,138,31,29.056178,0,ok,logs/seed_424860.log
217443,irt_only,GHEFT,0,0.0,0,0,1,0.2259,0.1948,0.4207,,,,,,,,,,,,,,,,,47.348488888888895,1.1441,56,11,327,164,106,58,23.271046,0,ok,logs/seed_217443.log
851006,irt_only,GHEFT,0,0.0,0,0,1,0.2006,0.1308,0.3314,,,,,,,,,,,,,,,,,57.263280392156865,1.1605,47,10,309,169,133,36,17.605391,0,ok,logs/seed_851006.log
100338,irt_only,GHEFT,0,0.0,0,0,1,0.2327,0.1466,0.3793,,,,,,,,,,,,,,,,,46.19550648011783,1.2645,50,13,328,182,129,53,19.84516,0,ok,logs/seed_100338.log
163602,irt_only,GHEFT,0,0.0,0,0,1,0.2215,0.16,0.3815,,,,,,,,,,,,,,,,,47.432002393418095,1.1941,50,13,329,166,130,36,23.348164,0,ok,logs/seed_163602.log
994002,irt_only,GHEFT,0,0.0,0,0,1,0.232,0.1351,0.3671,,,,,,,,,,,,,,,,,50.390811405835535,1.1945,44,12,306,140,108,32,21.197358,0,ok,logs/seed_994002.log
483462,irt_only,GHEFT,0,0.0,0,0,1,0.2164,0.1225,0.3389,,,,,,,,,,,,,,,,,47.29374170351759,1.1138,47,12,305,157,128,29,20.960652,0,ok,logs/seed_483462.log
525884,irt_only,GHEFT,0,0.0,0,0,1,0.2325,0.1629,0.3954,,,,,,,,,,,,,,,,,47.549030434782615,1.2761,52,12,336,171,140,31,27.323678,0,ok,logs/seed_525884.log
142307,irt_only,GHEFT,0,0.0,0,0,1,0.2234,0.1284,0.3518,,,,,,,,,,,,,,,,,40.858448435709526,1.2021,43,10,328,157,125,32,22.897181,0,ok,logs/seed_142307.log
624690,irt_only,GHEFT,0,0.0,0,0,1,0.2271,0.1354,0.3625,,,,,,,,,,,,,,,,,49.63431081081082,1.1061,52,13,348,160,116,44,29.806487,0,ok,logs/seed_624690.log
864874,irt_only,GHEFT,0,0.0,0,0,1,0.2374,0.1365,0.3739,,,,,,,,,,,,,,,,,43.931965611260054,1.2019,47,12,309,175,142,33,23.088632,0,ok,logs/seed_864874.log
679889,irt_only,GHEFT,0,0.0,0,0,1,0.1979,0.1217,0.3196,,,,,,,,,,,,,,,,,48.397280392156866,1.1935,50,13,337,188,166,22,24.966091,0,ok,logs/seed_679889.log
963564,irt_only,GHEFT,0,0.0,0,0,1,0.2242,0.1332,0.3574,,,,,,,,,,,,,,,,,45.33969936908517,1.1395,46,10,317,143,119,24,23.275667,0,ok,logs/seed_963564.log
485084,irt_only,GHEFT,0,0.0,0,0,1,0.251,0.1515,0.4025,,,,,,,,,,,,,,,,,44.37506229508196,1.364,42,10,305,145,122,23,17.586136,0,ok,logs/seed_485084.log
281639,irt_only,GHEFT,0,0.0,0,0,1,0.2269,0.1461,0.373,,,,,,,,,,,,,,,,,47.36624492753622,1.2791,50,11,316,160,122,38,24.992525,0,ok,logs/seed_281639.log
362714,irt_only,GHEFT,0,0.0,0,0,1,0.2097,0.1588,0.3685,,,,,,,,,,,,,,,,,46.296027148703956,1.248,50,11,322,172,135,37,20.631036,0,ok,logs/seed_362714.log
551581,irt_only,GHEFT,0,0.0,0,0,1,0.2406,0.1636,0.4042,,,,,,,,,,,,,,,,,41.740240136054425,1.1016,56,14,322,181,143,38,21.077663,0,ok,logs/seed_551581.log
349348,irt_only,GHEFT,0,0.0,0,0,1,0.232,0.1305,0.3625,,,,,,,,,,,,,,,,,66.52570276110445,1.1837,51,12,320,187,154,33,21.52929,0,ok,logs/seed_349348.log
376087,irt_only,GHEFT,0,0.0,0,0,1,0.2332,0.1298,0.363,,,,,,,,,,,,,,,,,48.67218045862413,1.1074,50,10,332,165,134,31,25.433489,0,ok,logs/seed_376087.log
924562,irt_only,GHEFT,0,0.0,0,0,1,0.2298,0.1908,0.4206,,,,,,,,,,,,,,,,,50.046400000000006,1.4088,52,11,331,165,123,42,26.072242,0,ok,logs/seed_924562.log
1642,irt_only,GHEFT,0,0.0,0,0,1,0.2298,0.1314,0.3612,,,,,,,,,,,,,,,,,68.33540080971657,1.2855,41,9,292,132,106,26,18.589531,0,ok,logs/seed_1642.log
724193,irt_only,GHEFT,0,0.0,0,0,1,0.2349,0.1354,0.3703,,,,,,,,,,,,,,,,,45.56794231242313,1.3106,55,12,329,169,129,40,21.195528,0,ok,logs/seed_724193.log
939156,irt_only,GHEFT,0,0.0,0,0,1,0.2262,0.1278,0.354,,,,,,,,,,,,,,,,,45.254845510035416,1.2083,52,11,321,150,110,40,10.335382,0,ok,logs/seed_939156.log
236458,irt_only,GHEFT,0,0.0,0,0,1,0.2074,0.1128,0.3202,,,,,,,,,,,,,,,,,57.501824196855786,1.2784,48,12,348,176,142,34,6.269813,0,ok,logs/seed_236458.log
703305,irt_only,GHEFT,0,0.0,0,0,1,0.2085,0.1784,0.3869,,,,,,,,,,,,,,,,,52.665311019646374,1.2624,51,11,326,182,145,37,30.039938,0,ok,logs/seed_703305.log
955021,irt_only,GHEFT,0,0.0,0,0,1,0.2125,0.17,0.3825,,,,,,,,,,,,,,,,,50.482264435946455,1.2823,42,10,331,158,109,49,23.007794,0,ok,logs/seed_955021.log
771327,irt_only,GHEFT,0,0.0,0,0,1,0.2479,0.1644,0.4123,,,,,,,,,,,,,,,,,49.69808571428573,1.094,42,10,316,162,110,52,17.455663,0,ok,logs/seed_771327.log
152800,irt_only,GHEFT,0,0.0,0,0,1,0.2507,0.1769,0.4276,,,,,,,,,,,,,,,,,42.61749345037136,1.1228,55,13,341,190,140,50,24.398488,0,ok,logs/seed_152800.log
359783,irt_only,GHEFT,0,0.0,0,0,1,0.2493,0.1432,0.3925,,,,,,,,,,,,,,,,,44.29742469045886,1.1523,45,11,319,176,152,24,23.226575,0,ok,logs/seed_359783.log
812871,irt_only,GHEFT,0,0.0,0,0,1,0.2437,0.1669,0.4106,,,,,,,,,,,,,,,,,51.79341575246133,1.2128,45,13,315,174,142,32,23.054447,0,ok,logs/seed_812871.log
502458,irt_only,GHEFT,0,0.0,0,0,1,0.2376,0.1588,0.3964,,,,,,,,,,,,,,,,,38.14058101761252,1.1137,47,12,329,165,124,41,22.109797,0,ok,logs/seed_502458.log
969372,irt_only,GHEFT,0,0.0,0,0,1,0.202,0.1566,0.3586,,,,,,,,,,,,,,,,,42.54370834463276,1.1533,49,12,330,161,124,37,24.7605,0,ok,logs/seed_969372.log
488676,irt_only,GHEFT,0,0.0,0,0,1,0.2499,0.1164,0.3663,,,,,,,,,,,,,,,,,41.808273090481784,1.1178,41,11,314,145,116,29,20.801231,0,ok,logs/seed_488676.log
109992,irt_only,GHEFT,0,0.0,0,0,1,0.2564,0.1449,0.4013,,,,,,,,,,,,,,,,,42.75687297297297,1.3931,50,10,319,146,124,22,24.114452,0,ok,logs/seed_109992.log
461354,irt_only,GHEFT,0,0.0,0,0,1,0.219,0.1159,0.3349,,,,,,,,,,,,,,,,,57.15390540540541,1.3326,54,13,328,184,140,44,21.376192,0,ok,logs/seed_461354.log
24818,irt_only,GHEFT,0,0.0,0,0,1,0.2199,0.1387,0.3586,,,,,,,,,,,,,,,,,45.596599999999995,1.3159,49,12,306,164,128,36,21.221608,0,ok,logs/seed_24818.log
105885,irt_only,GHEFT,0,0.0,0,0,1,0.2354,0.1544,0.3898,,,,,,,,,,,,,,,,,47.31455951557093,1.4155,48,12,329,144,115,29,18.748823,0,ok,logs/seed_105885.log
165347,irt_only,GHEFT,0,0.0,0,0,1,0.1839,0.1146,0.2985,,,,,,,,,,,,,,,,,50.68081958817123,1.1933,48,12,318,172,142,30,13.716853,0,ok,logs/seed_165347.log
780065,irt_only,GHEFT,0,0.0,0,0,1,0.2485,0.1823,0.4308,,,,,,,,,,,,,,,,,46.24953049645391,1.1881,54,12,345,169,133,36,10.853558,0,ok,logs/seed_780065.log
473614,irt_only,GHEFT,0,0.0,0,0,1,0.2262,0.1764,0.4026,,,,,,,,,,,,,,,,,49.210553077480085,1.4797,50,12,332,172,142,30,23.878764,0,ok,logs/seed_473614.log
69796,irt_only,GHEFT,0,0.0,0,0,1,0.1987,0.1603,0.359,,,,,,,,,,,,,,,,,47.95970544177671,1.1885,44,9,315,154,117,37,21.084181,0,ok,logs/seed_69796.log
181597,irt_only,GHEFT,0,0.0,0,0,1,0.2329,0.1368,0.3697,,,,,,,,,,,,,,,,,41.40543676312969,1.3185,54,12,341,173,131,42,24.606974,0,ok,logs/seed_181597.log
55316,irt_only,GHEFT,0,0.0,0,0,1,0.2222,0.1427,0.3649,,,,,,,,,,,,,,,,,51.629784905982895,1.1393,48,13,330,172,125,47,21.290953,0,ok,logs/seed_55316.log
435633,irt_only,GHEFT,0,0.0,0,0,1,0.2115,0.1375,0.349,,,,,,,,,,,,,,,,,49.58577820632279,1.0511,53,12,342,187,153,34,23.523815,0,ok,logs/seed_435633.log
887668,irt_only,GHEFT,0,0.0,0,0,1,0.2237,0.1166,0.3403,,,,,,,,,,,,,,,,,42.99355437788018,1.1566,41,10,299,140,117,23,16.896,0,ok,logs/seed_887668.log
933960,irt_only,GHEFT,0,0.0,0,0,1,0.2313,0.1762,0.4075,,,,,,,,,,,,,,,,,50.84835255279503,1.3385,52,11,325,174,131,43,23.657805,0,ok,logs/seed_933960.log
529550,irt_only,GHEFT,0,0.0,0,0,1,0.228,0.1275,0.3555,,,,,,,,,,,,,,,,,50.90120476190476,1.2451,45,12,343,177,136,41,18.396636,0,ok,logs/seed_529550.log
735489,irt_only,GHEFT,0,0.0,0,0,1,0.2266,0.1656,0.3922,,,,,,,,,,,,,,,,,40.43482428535138,1.3225,57,13,334,172,124,48,26.967863,0,ok,logs/seed_735489.log
802611,irt_only,GHEFT,0,0.0,0,0,1,0.2124,0.1271,0.3395,,,,,,,,,,,,,,,,,51.59672483660131,1.1765,48,11,307,154,124,30,19.821132,0,ok,logs/seed_802611.log
525482,irt_only,GHEFT,0,0.0,0,0,1,0.2034,0.1638,0.3672,,,,,,,,,,,,,,,,,47.52467446808511,1.1581,44,12,324,155,132,23,25.393077,0,ok,logs/seed_525482.log
523591,irt_only,GHEFT,0,0.0,0,0,1,0.2093,0.1427,0.352,,,,,,,,,,,,,,,,,62.290156037151704,1.2712,54,11,333,177,134,43,23.223425,0,ok,logs/seed_523591.log
412993,irt_only,GHEFT,0,0.0,0,0,1,0.2222,0.136,0.3582,,,,,,,,,,,,,,,,,42.88738895705522,1.2165,44,12,322,187,142,45,20.810213,0,ok,logs/seed_412993.log
463614,irt_only,GHEFT,0,0.0,0,0,1,0.2086,0.1602,0.3688,,,,,,,,,,,,,,,,,68.36108083832335,1.4434,39,10,300,165,128,37,12.811912,0,ok,logs/seed_463614.log
637493,irt_only,GHEFT,0,0.0,0,0,1,0.2379,0.1558,0.3937,,,,,,,,,,,,,,,,,53.584355062823356,1.4391,47,11,309,168,126,42,8.396352,0,ok,logs/seed_637493.log
990693,irt_only,GHEFT,0,0.0,0,0,1,0.2207,0.1417,0.3624,,,,,,,,,,,,,,,,,41.85226447985004,1.1414,45,10,327,155,125,30,11.418446,0,ok,logs/seed_990693.log
50605,irt_only,GHEFT,0,0.0,0,0,1,0.2269,0.1416,0.3685,,,,,,,,,,,,,,,,,50.74159033189034,1.0975,39,11,310,147,131,16,11.126158,0,ok,logs/seed_50605.log
198813,irt_only,GHEFT,0,0.0,0,0,1,0.2589,0.1703,0.4292,,,,,,,,,,,,,,,,,57.34385314009661,1.3947,49,10,306,141,101,40,10.154867,0,ok,logs/seed_198813.log
385020,irt_only,GHEFT,0,0.0,0,0,1,0.2134,0.1317,0.3451,,,,,,,,,,,,,,,,,57.78656173570019,1.0275,45,11,323,164,124,40,9.364887,0,ok,logs/seed_385020.log
771793,irt_only,GHEFT,0,0.0,0,0,1,0.2085,0.1351,0.3436,,,,,,,,,,,,,,,,,50.10938645418326,1.4821,46,11,314,154,119,35,9.66857,0,ok,logs/seed_771793.log
936864,irt_only,GHEFT,0,0.0,0,0,1,0.2007,0.1229,0.3236,,,,,,,,,,,,,,,,,37.23281984841074,1.1389,45,12,320,154,112,42,11.020318,0,ok,logs/seed_936864.log
966220,irt_only,GHEFT,0,0.0,0,0,1,0.2263,0.1561,0.3824,,,,,,,,,,,,,,,,,34.58524493783304,1.2547,44,10,272,141,107,34,6.091688,0,ok,logs/seed_966220.log
764069,irt_only,GHEFT,0,0.0,0,0,1,0.2314,0.1824,0.4138,,,,,,,,,,,,,,,,,41.486009090909086,1.1824,41,9,309,155,121,34,10.921359,0,ok,logs/seed_764069.log
45162,irt_only,GHEFT,0,0.0,0,0,1,0.2284,0.1787,0.4071,,,,,,,,,,,,,,,,,58.95611546707503,1.2056,52,12,334,172,134,38,10.55615,0,ok,logs/seed_45162.log
386688,irt_only,GHEFT,0,0.0,0,0,1,0.2102,0.1351,0.3453,,,,,,,,,,,,,,,,,48.154591291727144,1.1996,47,11,330,167,119,48,10.708238,0,ok,logs/seed_386688.log
911121,irt_only,GHEFT,0,0.0,0,0,1,0.2519,0.1516,0.4035,,,,,,,,,,,,,,,,,45.86797858112094,1.2874,49,13,319,164,130,34,8.056163,0,ok,logs/seed_911121.log
926403,irt_only,GHEFT,0,0.0,0,0,1,0.2305,0.1535,0.384,,,,,,,,,,,,,,,,,39.238015789473685,1.093,57,12,347,192,141,51,7.850233,0,ok,logs/seed_926403.log
452911,irt_only,GHEFT,0,0.0,0,0,1,0.2462,0.1624,0.4086,,,,,,,,,,,,,,,,,43.28072080924856,1.1488,51,10,328,150,121,29,9.120931,0,ok,logs/seed_452911.log
810123,irt_only,GHEFT,0,0.0,0,0,1,0.2228,0.1689,0.3917,,,,,,,,,,,,,,,,,51.122423076923084,1.4099,45,12,325,181,140,41,7.97301,0,ok,logs/seed_810123.log
64740,irt_only,GHEFT,0,0.0,0,0,1,0.2351,0.1735,0.4086,,,,,,,,,,,,,,,,,40.95075979381443,1.2354,58,14,321,185,131,54,24.105913,0,ok,logs/seed_64740.log
937717,irt_only,GHEFT,0,0.0,0,0,1,0.2487,0.1332,0.3819,,,,,,,,,,,,,,,,,46.28935851072963,1.143,47,13,321,170,133,37,21.024887,0,ok,logs/seed_937717.log
118891,irt_only,GHEFT,0,0.0,0,0,1,0.2272,0.1287,0.3559,,,,,,,,,,,,,,,,,57.64248141702921,1.3369,44,11,305,152,134,18,21.017483,0,ok,logs/seed_118891.log
553366,irt_only,GHEFT,0,0.0,0,0,1,0.236,0.1198,0.3558,,,,,,,,,,,,,,,,,41.74505906432748,1.2013,43,10,316,156,115,41,22.778015,0,ok,logs/seed_553366.log
742414,irt_only,GHEFT,0,0.0,0,0,1,0.2076,0.1733,0.3809,,,,,,,,,,,,,,,,,43.21446253520165,1.136,59,12,341,173,101,72,19.725015,0,ok,logs/seed_742414.log
710013,irt_only,GHEFT,0,0.0,0,0,1,0.2282,0.1599,0.3881,,,,,,,,,,,,,,,,,51.08134265010354,1.2289,49,11,327,191,146,45,24.434413,0,ok,logs/seed_710013.log
759523,irt_only,GHEFT,0,0.0,0,0,1,0.2263,0.1535,0.3798,,,,,,,,,,,,,,,,,66.51622903225807,1.3525,52,10,328,161,129,32,28.156041,0,ok,logs/seed_759523.log
712622,irt_only,GHEFT,0,0.0,0,0,1,0.2322,0.1546,0.3868,,,,,,,,,,,,,,,,,44.595329876492706,1.0903,47,11,299,146,118,28,20.178165,0,ok,logs/seed_712622.log
427212,irt_only,GHEFT,0,0.0,0,0,1,0.2329,0.1767,0.4096,,,,,,,,,,,,,,,,,42.48919721546682,1.1691,42,11,311,163,123,40,23.772575,0,ok,logs/seed_427212.log
905211,irt_only,GHEFT,0,0.0,0,0,1,0.2394,0.1324,0.3718,,,,,,,,,,,,,,,,,71.69424137931034,1.4996,46,10,312,176,143,33,21.818757,0,ok,logs/seed_905211.log
489366,irt_only,GHEFT,0,0.0,0,0,1,0.2452,0.1891,0.4343,,,,,,,,,,,,,,,,,41.41218841114983,1.2206,47,12,330,178,146,32,22.443623,0,ok,logs/seed_489366.log
253395,irt_only,GHEFT,0,0.0,0,0,1,0.2482,0.1296,0.3778,,,,,,,,,,,,,,,,,48.13273962401932,1.1591,51,11,346,166,134,32,19.497682,0,ok,logs/seed_253395.log
312505,irt_only,GHEFT,0,0.0,0,0,1,0.2267,0.152,0.3787,,,,,,,,,,,,,,,,,50.48311113892367,1.1927,46,11,314,161,139,22,21.489959,0,ok,logs/seed_312505.log
545465,irt_only,GHEFT,0,0.0,0,0,1,0.2465,0.1732,0.4197,,,,,,,,,,,,,,,,,65.2448738488271,1.3827,42,11,294,167,136,31,11.832639,0,ok,logs/seed_545465.log
567819,irt_only,GHEFT,0,0.0,0,0,1,0.2189,0.141,0.3599,,,,,,,,,,,,,,,,,37.53738493515358,1.3119,44,12,313,156,114,42,6.521888,0,ok,logs/seed_567819.log
924675,irt_only,GHEFT,0,0.0,0,0,1,0.2019,0.1344,0.3363,,,,,,,,,,,,,,,,,49.30045842696629,1.1094,42,9,307,141,116,25,23.818111,0,ok,logs/seed_924675.log
931173,irt_only,GHEFT,0,0.0,0,0,1,0.2182,0.1411,0.3593,,,,,,,,,,,,,,,,,57.03854707646176,1.0296,46,11,347,163,124,39,25.974071,0,ok,logs/seed_931173.log
279170,irt_only,GHEFT,0,0.0,0,0,1,0.2047,0.1255,0.3302,,,,,,,,,,,,,,,,,50.357063386396526,1.0745,47,12,323,178,142,36,22.086444,0,ok,logs/seed_279170.log
994520,irt_only,GHEFT,0,0.0,0,0,1,0.1899,0.1102,0.3001,,,,,,,,,,,,,,,,,52.32610053475936,1.2183,50,10,329,170,131,39,21.430273,0,ok,logs/seed_994520.log
145376,irt_only,GHEFT,0,0.0,0,0,1,0.2377,0.1473,0.385,,,,,,,,,,,,,,,,,51.65130132625994,1.2319,60,13,331,187,137,50,26.358603,0,ok,logs/seed_145376.log
406364,irt_only,GHEFT,0,0.0,0,0,1,0.2058,0.148,0.3538,,,,,,,,,,,,,,,,,45.146769141193595,1.041,45,10,305,153,122,31,20.32499,0,ok,logs/seed_406364.log
250377,irt_only,GHEFT,0,0.0,0,0,1,0.2202,0.1479,0.3681,,,,,,,,,,,,,,,,,38.15549841269841,1.202,49,12,325,154,108,46,21.432783,0,ok,logs/seed_250377.log
446841,irt_only,GHEFT,0,0.0,0,0,1,0.2028,0.1632,0.366,,,,,,,,,,,,,,,,,52.58136655665565,1.454,44,10,314,175,137,38,22.83253,0,ok,logs/seed_446841.log
707398,irt_only,GHEFT,0,0.0,0,0,1,0.2222,0.1518,0.374,,,,,,,,,,,,,,,,,56.08226382722513,1.3506,44,11,319,167,132,35,25.335712,0,ok,logs/seed_707398.log
343108,irt_only,GHEFT,0,0.0,0,0,1,0.2169,0.1336,0.3505,,,,,,,,,,,,,,,,,39.584140885860315,1.094,42,10,307,139,106,33,21.965703,0,ok,logs/seed_343108.log
745842,irt_only,GHEFT,0,0.0,0,0,1,0.2232,0.1714,0.3946,,,,,,,,,,,,,,,,,42.754878923076916,1.2544,45,9,324,150,122,28,22.621519,0,ok,logs/seed_745842.log
664943,irt_only,GHEFT,0,0.0,0,0,1,0.2316,0.1366,0.3682,,,,,,,,,,,,,,,,,38.58198836915298,1.1778,45,11,321,154,125,29,19.08913,0,ok,logs/seed_664943.log
679192,irt_only,GHEFT,0,0.0,0,0,1,0.2384,0.1644,0.4028,,,,,,,,,,,,,,,,,41.895213372956896,1.0587,53,13,297,162,121,41,23.0561,0,ok,logs/seed_679192.log
398887,irt_only,GHEFT,0,0.0,0,0,1,0.2107,0.1294,0.3401,,,,,,,,,,,,,,,,,57.67794197530864,1.4376,48,11,348,161,139,22,23.765086,0,ok,logs/seed_398887.log
830308,irt_only,GHEFT,0,0.0,0,0,1,0.2302,0.1517,0.3819,,,,,,,,,,,,,,,,,45.46874147501982,1.0776,49,12,314,154,116,38,19.334963,0,ok,logs/seed_830308.log
664904,irt_only,GHEFT,0,0.0,0,0,1,0.2117,0.1439,0.3556,,,,,,,,,,,,,,,,,49.15780674157303,1.5693,44,11,293,153,118,35,19.506642,0,ok,logs/seed_664904.log
529590,irt_only,GHEFT,0,0.0,0,0,1,0.2329,0.2112,0.4441,,,,,,,,,,,,,,,,,50.48605442465753,1.2091,61,14,322,176,103,73,25.318755,0,ok,logs/seed_529590.log
897949,irt_only,GHEFT,0,0.0,0,0,1,0.2245,0.1389,0.3634,,,,,,,,,,,,,,,,,45.72659999999999,1.1616,48,13,328,162,125,37,21.515433,0,ok,logs/seed_897949.log
487896,irt_only,GHEFT,0,0.0,0,0,1,0.235,0.1588,0.3938,,,,,,,,,,,,,,,,,46.28921588911427,1.0246,52,11,325,164,133,31,21.577253,0,ok,logs/seed_487896.log
969832,irt_only,GHEFT,0,0.0,0,0,1,0.2239,0.1127,0.3366,,,,,,,,,,,,,,,,,40.10310292027731,1.2552,42,9,303,126,100,26,18.275867,0,ok,logs/seed_969832.log
774939,irt_only,GHEFT,0,0.0,0,0,1,0.2467,0.1711,0.4178,,,,,,,,,,,,,,,,,43.96030099999999,1.2478,45,12,307,147,117,30,23.318517,0,ok,logs/seed_774939.log
634733,irt_only,GHEFT,0,0.0,0,0,1,0.1934,0.1399,0.3333,,,,,,,,,,,,,,,,,47.806936827195464,1.0469,50,12,322,138,98,40,21.276961,0,ok,logs/seed_634733.log
172408,irt_only,GHEFT,0,0.0,0,0,1,0.1992,0.1572,0.3564,,,,,,,,,,,,,,,,,59.372094125500674,1.2866,53,11,324,168,131,37,22.074478,0,ok,logs/seed_172408.log
124353,irt_only,GHEFT,0,0.0,0,0,1,0.2506,0.191,0.4416,,,,,,,,,,,,,,,,,41.45407314484681,1.151,47,12,327,152,103,49,24.023661,0,ok,logs/seed_124353.log
704921,irt_only,GHEFT,0,0.0,0,0,1,0.236,0.1601,0.3961,,,,,,,,,,,,,,,,,38.92075827123696,1.246,52,11,331,175,128,47,24.047887,0,ok,logs/seed_704921.log
140623,irt_only,GHEFT,0,0.0,0,0,1,0.2468,0.1405,0.3873,,,,,,,,,,,,,,,,,40.018357573354486,1.0113,43,10,319,150,131,19,20.078727,0,ok,logs/seed_140623.log
965901,irt_only,GHEFT,0,0.0,0,0,1,0.2086,0.1666,0.3752,,,,,,,,,,,,,,,,,44.794764650283554,1.2188,42,8,316,133,111,22,23.132196,0,ok,logs/seed_965901.log
678805,irt_only,GHEFT,0,0.0,0,0,1,0.2593,0.1619,0.4212,,,,,,,,,,,,,,,,,42.734696360485266,1.2812,55,16,350,196,156,40,25.638857,0,ok,logs/seed_678805.log
888860,irt_only,GHEFT,0,0.0,0,0,1,0.2601,0.1413,0.4014,,,,,,,,,,,,,,,,,50.335102,1.1674,46,11,301,159,130,29,18.765695,0,ok,logs/seed_888860.log
193042,irt_only,GHEFT,0,0.0,0,0,1,0.2374,0.1954,0.4328,,,,,,,,,,,,,,,,,49.88718626031101,1.2965,49,9,323,170,120,50,22.714091,0,ok,logs/seed_193042.log
606306,irt_only,GHEFT,0,0.0,0,0,1,0.2297,0.1522,0.3819,,,,,,,,,,,,,,,,,45.38230974091627,1.2672,39,9,313,136,107,29,22.443687,0,ok,logs/seed_606306.log
353318,irt_only,GHEFT,0,0.0,0,0,1,0.2315,0.1419,0.3734,,,,,,,,,,,,,,,,,43.99637521367522,1.0525,50,12,344,165,135,30,18.146697,0,ok,logs/seed_353318.log
397237,irt_only,GHEFT,0,0.0,0,0,1,0.2456,0.1401,0.3857,,,,,,,,,,,,,,,,,42.28800121317158,1.3298,49,12,329,183,142,41,14.296771,0,ok,logs/seed_397237.log
244510,irt_only,GHEFT,0,0.0,0,0,1,0.2069,0.1392,0.3461,,,,,,,,,,,,,,,,,47.934673913043476,1.1117,49,12,310,147,114,33,9.686874,0,ok,logs/seed_244510.log
580072,irt_only,GHEFT,0,0.0,0,0,1,0.2048,0.1183,0.3231,,,,,,,,,,,,,,,,,39.12325512721665,1.2216,46,10,323,145,104,41,23.687757,0,ok,logs/seed_580072.log
839381,irt_only,GHEFT,0,0.0,0,0,1,0.2307,0.1643,0.395,,,,,,,,,,,,,,,,,57.884798597771955,1.3338,51,10,327,159,116,43,26.398205,0,ok,logs/seed_839381.log
949213,irt_only,GHEFT,0,0.0,0,0,1,0.2507,0.1568,0.4075,,,,,,,,,,,,,,,,,45.04763179633545,1.098,41,12,318,192,133,59,20.103522,0,ok,logs/seed_949213.log
956973,irt_only,GHEFT,0,0.0,0,0,1,0.2102,0.1355,0.3457,,,,,,,,,,,,,,,,,47.26559454094292,1.0074,47,12,315,137,107,30,17.746797,0,ok,logs/seed_956973.log
643831,irt_only,GHEFT,0,0.0,0,0,1,0.2268,0.1327,0.3595,,,,,,,,,,,,,,,,,47.257250000000006,1.1486,54,12,325,177,131,46,19.55693,0,ok,logs/seed_643831.log
602801,irt_only,GHEFT,0,0.0,0,0,1,0.2191,0.1707,0.3898,,,,,,,,,,,,,,,,,50.321209537166915,1.5952,44,11,306,153,109,44,18.727419,0,ok,logs/seed_602801.log
857566,irt_only,GHEFT,0,0.0,0,0,1,0.203,0.1197,0.3227,,,,,,,,,,,,,,,,,41.239301915708815,1.1257,45,11,316,159,121,38,16.076718,0,ok,logs/seed_857566.log
857840,irt_only,GHEFT,0,0.0,0,0,1,0.2339,0.1497,0.3836,,,,,,,,,,,,,,,,,43.91241635220126,1.2259,51,13,339,178,131,47,21.806476,0,ok,logs/seed_857840.log
788394,irt_only,GHEFT,0,0.0,0,0,1,0.2067,0.1723,0.379,,,,,,,,,,,,,,,,,40.749206679764235,1.1504,48,12,313,160,109,51,19.483637,0,ok,logs/seed_788394.log
956037,irt_only,GHEFT,0,0.0,0,0,1,0.2296,0.1245,0.3541,,,,,,,,,,,,,,,,,48.81339156626506,1.2201,49,11,310,178,142,36,21.519802,0,ok,logs/seed_956037.log
352927,irt_only,GHEFT,0,0.0,0,0,1,0.2503,0.1763,0.4266,,,,,,,,,,,,,,,,,45.94888916797488,1.269,53,14,319,196,150,46,20.040548,0,ok,logs/seed_352927.log
836556,irt_only,GHEFT,0,0.0,0,0,1,0.2278,0.1348,0.3626,,,,,,,,,,,,,,,,,50.73310328337642,1.1634,55,12,330,186,161,25,22.683284,0,ok,logs/seed_836556.log
478809,irt_only,GHEFT,0,0.0,0,0,1,0.2144,0.1256,0.34,,,,,,,,,,,,,,,,,41.17234796440326,1.1934,46,12,308,145,116,29,16.226832,0,ok,logs/seed_478809.log
321614,irt_only,GHEFT,0,0.0,0,0,1,0.2011,0.1262,0.3273,,,,,,,,,,,,,,,,,39.51570196078432,1.2381,53,11,324,174,132,42,12.344251,0,ok,logs/seed_321614.log
838657,irt_only,GHEFT,0,0.0,0,0,1,0.2188,0.1638,0.3826,,,,,,,,,,,,,,,,,46.96426221498373,1.135,44,11,298,147,120,27,10.720391,0,ok,logs/seed_838657.log
833785,irt_only,GHEFT,0,0.0,0,0,1,0.1859,0.115,0.3009,,,,,,,,,,,,,,,,,51.75130062597809,1.2075,41,10,315,160,125,35,9.60225,0,ok,logs/seed_833785.log
506833,irt_only,GHEFT,0,0.0,0,0,1,0.2077,0.1168,0.3245,,,,,,,,,,,,,,,,,60.642556371383805,1.2169,42,8,326,153,127,26,22.514019,0,ok,logs/seed_506833.log
108389,irt_only,GHEFT,0,0.0,0,0,1,0.2417,0.1504,0.3921,,,,,,,,,,,,,,,,,43.8969592781457,1.3598,51,10,339,175,133,42,20.891074,0,ok,logs/seed_108389.log
345871,irt_only,GHEFT,0,0.0,0,0,1,0.1893,0.1473,0.3366,,,,,,,,,,,,,,,,,51.259437090432506,1.213,52,11,344,172,133,39,30.77043,0,ok,logs/seed_345871.log
340242,irt_only,GHEFT,0,0.0,0,0,1,0.2259,0.1361,0.362,,,,,,,,,,,,,,,,,47.33645059760956,1.0927,55,11,325,162,135,27,23.457735,0,ok,logs/seed_340242.log
542308,irt_only,GHEFT,0,0.0,0,0,1,0.2159,0.1566,0.3725,,,,,,,,,,,,,,,,,46.11072257996147,1.1124,47,10,320,155,124,31,24.064422,0,ok,logs/seed_542308.log
203875,irt_only,GHEFT,0,0.0,0,0,1,0.2203,0.1307,0.351,,,,,,,,,,,,,,,,,42.80413145478376,1.2196,49,12,321,173,136,37,22.923765,0,ok,logs/seed_203875.log
353268,irt_only,GHEFT,0,0.0,0,0,1,0.2015,0.1446,0.3461,,,,,,,,,,,,,,,,,47.106483658107116,1.196,51,12,336,178,143,35,24.119833,0,ok,logs/seed_353268.log
467050,irt_only,GHEFT,0,0.0,0,0,1,0.2208,0.1628,0.3836,,,,,,,,,,,,,,,,,42.70118305084745,1.1258,58,14,338,192,124,68,24.962436,0,ok,logs/seed_467050.log
652960,irt_only,GHEFT,0,0.0,0,0,1,0.212,0.1331,0.3451,,,,,,,,,,,,,,,,,45.45443044785275,1.1474,43,10,323,155,131,24,22.561993,0,ok,logs/seed_652960.log
97302,irt_only,GHEFT,0,0.0,0,0,1,0.1988,0.1179,0.3167,,,,,,,,,,,,,,,,,43.27496340652029,1.0387,41,10,291,143,122,21,18.612982,0,ok,logs/seed_97302.log
976548,irt_only,GHEFT,0,0.0,0,0,1,0.2434,0.1599,0.4033,,,,,,,,,,,,,,,,,42.626967153786104,1.183,46,9,307,143,123,20,17.908357,0,ok,logs/seed_976548.log
64317,irt_only,GHEFT,0,0.0,0,0,1,0.227,0.125,0.352,,,,,,,,,,,,,,,,,43.40976816524909,1.0912,49,11,304,168,144,24,19.374197,0,ok,logs/seed_64317.log
795969,irt_only,GHEFT,0,0.0,0,0,1,0.202,0.1136,0.3156,,,,,,,,,,,,,,,,,43.997751,1.1956,44,10,327,148,123,25,20.164526,0,ok,logs/seed_795969.log
661815,irt_only,GHEFT,0,0.0,0,0,1,0.2108,0.1323,0.3431,,,,,,,,,,,,,,,,,47.005294011976055,1.4485,50,13,316,179,147,32,15.229326,0,ok,logs/seed_661815.log
74484,irt_only,GHEFT,0,0.0,0,0,1,0.2218,0.131,0.3528,,,,,,,,,,,,,,,,,54.57784125452351,1.0293,52,11,321,183,143,40,10.847777,0,ok,logs/seed_74484.log
86122,irt_only,GHEFT,0,0.0,0,0,1,0.2303,0.1409,0.3712,,,,,,,,,,,,,,,,,45.489590933694174,1.3425,40,11,316,150,103,47,18.30732,0,ok,logs/seed_86122.log
361076,irt_only,GHEFT,0,0.0,0,0,1,0.2079,0.1343,0.3422,,,,,,,,,,,,,,,,,53.11117713598075,1.4243,43,10,306,142,114,28,16.516743,0,ok,logs/seed_361076.log
577910,irt_only,GHEFT,0,0.0,0,0,1,0.2408,0.1606,0.4014,,,,,,,,,,,,,,,,,36.915981526861444,1.3776,50,12,322,169,137,32,16.428577,0,ok,logs/seed_577910.log
353010,irt_only,GHEFT,0,0.0,0,0,1,0.2317,0.12,0.3517,,,,,,,,,,,,,,,,,38.644531059899755,1.1811,47,13,319,177,136,41,13.574663,0,ok,logs/seed_353010.log
970637,irt_only,GHEFT,0,0.0,0,0,1,0.2117,0.1198,0.3315,,,,,,,,,,,,,,,,,39.32465425101215,1.1348,47,11,333,167,136,31,12.466477,0,ok,logs/seed_970637.log
595007,irt_only,GHEFT,0,0.0,0,0,1,0.2079,0.1172,0.3251,,,,,,,,,,,,,,,,,42.443863247863256,1.0473,42,8,295,147,116,31,13.737369,0,ok,logs/seed_595007.log
657766,irt_only,GHEFT,0,0.0,0,0,1,0.219,0.162,0.381,,,,,,,,,,,,,,,,,54.59530252365932,1.1857,50,12,325,161,126,35,19.601885,0,ok,logs/seed_657766.log
496172,irt_only,GHEFT,0,0.0,0,0,1,0.2329,0.1774,0.4103,,,,,,,,,,,,,,,,,48.397198734177216,1.3021,43,11,321,155,135,20,14.98631,0,ok,logs/seed_496172.log
199762,irt_only,GHEFT,0,0.0,0,0,1,0.2234,0.1807,0.4041,,,,,,,,,,,,,,,,,56.587341649935645,1.3879,50,13,315,168,125,43,13.614513,0,ok,logs/seed_199762.log
870033,irt_only,GHEFT,0,0.0,0,0,1,0.2092,0.1095,0.3187,,,,,,,,,,,,,,,,,53.5517622754491,1.1831,41,9,336,162,135,27,12.315797,0,ok,logs/seed_870033.log
805412,irt_only,GHEFT,0,0.0,0,0,1,0.2242,0.1399,0.3641,,,,,,,,,,,,,,,,,56.14422438391699,1.1428,50,10,308,150,118,32,17.779156,0,ok,logs/seed_805412.log
114785,irt_only,GHEFT,0,0.0,0,0,1,0.2319,0.1649,0.3968,,,,,,,,,,,,,,,,,40.017304964539015,1.0842,49,11,329,170,130,40,12.994981,0,ok,logs/seed_114785.log
410342,irt_only,GHEFT,0,0.0,0,0,1,0.2491,0.1559,0.405,,,,,,,,,,,,,,,,,43.207555478007414,1.1193,47,12,301,151,122,29,12.449411,0,ok,logs/seed_410342.log
880653,irt_only,GHEFT,0,0.0,0,0,1,0.2305,0.1438,0.3743,,,,,,,,,,,,,,,,,59.40570454545455,1.3869,52,10,334,164,130,34,11.102455,0,ok,logs/seed_880653.log
135819,irt_only,GHEFT,0,0.0,0,0,1,0.2239,0.1461,0.37,,,,,,,,,,,,,,,,,43.36020534255185,1.2073,46,13,321,167,125,42,8.355522,0,ok,logs/seed_135819.log
751830,irt_only,GHEFT,0,0.0,0,0,1,0.2156,0.1488,0.3644,,,,,,,,,,,,,,,,,43.983965119196995,1.0428,44,13,314,173,134,39,8.592897,0,ok,logs/seed_751830.log
589417,irt_only,GHEFT,0,0.0,0,0,1,0.2584,0.1619,0.4203,,,,,,,,,,,,,,,,,44.46028604651163,1.1087,42,12,310,144,124,20,17.809168,0,ok,logs/seed_589417.log
325641,irt_only,GHEFT,0,0.0,0,0,1,0.2268,0.1214,0.3482,,,,,,,,,,,,,,,,,46.65149099170792,1.1003,49,12,329,164,133,31,19.259421,0,ok,logs/seed_325641.log
386458,irt_only,GHEFT,0,0.0,0,0,1,0.2453,0.1592,0.4045,,,,,,,,,,,,,,,,,63.07187666098808,1.6136,39,7,303,129,107,22,19.996566,0,ok,logs/seed_386458.log
635890,irt_only,GHEFT,0,0.0,0,0,1,0.2072,0.1488,0.356,,,,,,,,,,,,,,,,,42.682753156146184,1.3308,50,12,318,165,125,40,19.94021,0,ok,logs/seed_635890.log
321530,irt_only,GHEFT,0,0.0,0,0,1,0.2243,0.1662,0.3905,,,,,,,,,,,,,,,,,50.938290075630256,1.3955,57,12,320,162,124,38,24.394719,0,ok,logs/seed_321530.log
831017,irt_only,GHEFT,0,0.0,0,0,1,0.2206,0.1538,0.3744,,,,,,,,,,,,,,,,,41.02665525606469,1.2758,44,12,285,154,123,31,19.871829,0,ok,logs/seed_831017.log
656820,irt_only,GHEFT,0,0.0,0,0,1,0.2293,0.138,0.3673,,,,,,,,,,,,,,,,,44.56662831411229,1.1298,49,12,326,157,123,34,22.156054,0,ok,logs/seed_656820.log
52829,irt_only,GHEFT,0,0.0,0,0,1,0.1923,0.1129,0.3052,,,,,,,,,,,,,,,,,52.545969272237194,1.4945,51,12,319,172,130,42,21.01626,0,ok,logs/seed_52829.log
121524,irt_only,GHEFT,0,0.0,0,0,1,0.2374,0.1283,0.3657,,,,,,,,,,,,,,,,,49.497201976284586,1.2426,44,10,318,157,123,34,25.741867,0,ok,logs/seed_121524.log
237123,irt_only,GHEFT,0,0.0,0,0,1,0.239,0.1729,0.4119,,,,,,,,,,,,,,,,,48.92381400329489,1.6086,51,13,315,157,120,37,19.767553,0,ok,logs/seed_237123.log
669751,irt_only,GHEFT,0,0.0,0,0,1,0.2141,0.1387,0.3528,,,,,,,,,,,,,,,,,45.220685464566934,1.3121,46,9,323,141,101,40,23.118838,0,ok,logs/seed_669751.log
113454,irt_only,GHEFT,0,0.0,0,0,1,0.2229,0.1359,0.3588,,,,,,,,,,,,,,,,,48.21149160794363,1.21,42,10,300,143,109,34,23.188507,0,ok,logs/seed_113454.log
438348,irt_only,GHEFT,0,0.0,0,0,1,0.2349,0.2021,0.437,,,,,,,,,,,,,,,,,48.19643793103447,1.3876,51,12,327,169,126,43,24.116758,0,ok,logs/seed_438348.log
899876,irt_only,GHEFT,0,0.0,0,0,1,0.2098,0.1231,0.3329,,,,,,,,,,,,,,,,,53.9089711930165,1.2355,46,13,332,175,124,51,14.929205,0,ok,logs/seed_899876.log
450238,irt_only,GHEFT,0,0.0,0,0,1,0.2086,0.1387,0.3473,,,,,,,,,,,,,,,,,46.845516873015875,1.2618,49,10,331,171,125,46,15.357717,0,ok,logs/seed_450238.log
652597,irt_only,GHEFT,0,0.0,0,0,1,0.2372,0.1928,0.43,,,,,,,,,,,,,,,,,43.127881553398055,1.1572,48,11,341,175,132,43,14.162025,0,ok,logs/seed_652597.log
54061,irt_only,GHEFT,0,0.0,0,0,1,0.2566,0.1399,0.3965,,,,,,,,,,,,,,,,,50.604096202531636,1.374,45,9,330,151,116,35,20.349189,0,ok,logs/seed_54061.log
254848,irt_only,GHEFT,0,0.0,0,0,1,0.2382,0.1377,0.3759,,,,,,,,,,,,,,,,,45.48084657195801,1.1602,51,13,314,162,125,37,23.526505,0,ok,logs/seed_254848.log
1391,irt_only,GHEFT,0,0.0,0,0,1,0.2188,0.1537,0.3725,,,,,,,,,,,,,,,,,43.67309557195573,1.3749,45,10,306,130,104,26,20.192904,0,ok,logs/seed_1391.log
978211,irt_only,GHEFT,0,0.0,0,0,1,0.2252,0.1314,0.3566,,,,,,,,,,,,,,,,,43.636466887417214,1.0908,47,11,318,156,124,32,23.378587,0,ok,logs/seed_978211.log
687522,irt_only,GHEFT,0,0.0,0,0,1,0.2207,0.1505,0.3712,,,,,,,,,,,,,,,,,47.641624068767904,1.2747,50,12,319,160,115,45,23.209489,0,ok,logs/seed_687522.log
642133,irt_only,GHEFT,0,0.0,0,0,1,0.2293,0.1484,0.3777,,,,,,,,,,,,,,,,,47.5202718592965,1.3358,48,11,340,159,124,35,26.832916,0,ok,logs/seed_642133.log
214700,irt_only,GHEFT,0,0.0,0,0,1,0.1926,0.1557,0.3483,,,,,,,,,,,,,,,,,52.32091203703703,1.1104,43,10,302,156,136,20,20.203373,0,ok,logs/seed_214700.log
888370,irt_only,GHEFT,0,0.0,0,0,1,0.2213,0.1339,0.3552,,,,,,,,,,,,,,,,,48.75923559733171,1.2725,47,12,316,181,142,39,21.189992,0,ok,logs/seed_888370.log
483636,irt_only,GHEFT,0,0.0,0,0,1,0.1989,0.1093,0.3082,,,,,,,,,,,,,,,,,44.770227594779364,1.2054,46,9,304,142,119,23,21.714496,0,ok,logs/seed_483636.log
678341,irt_only,GHEFT,0,0.0,0,0,1,0.2228,0.1123,0.3351,,,,,,,,,,,,,,,,,45.29851137884872,1.0597,47,13,329,152,120,32,21.324202,0,ok,logs/seed_678341.log
53458,irt_only,GHEFT,0,0.0,0,0,1,0.2063,0.1619,0.3682,,,,,,,,,,,,,,,,,43.04481096784566,1.1392,48,11,318,167,124,43,21.347864,0,ok,logs/seed_53458.log
235293,irt_only,GHEFT,0,0.0,0,0,1,0.2452,0.1517,0.3969,,,,,,,,,,,,,,,,,43.097603265822784,1.1107,45,10,321,165,133,32,18.49353,0,ok,logs/seed_235293.log
652153,irt_only,GHEFT,0,0.0,0,0,1,0.2482,0.1524,0.4006,,,,,,,,,,,,,,,,,47.03028702163061,1.1012,49,11,322,165,130,35,20.534122,0,ok,logs/seed_652153.log
265987,irt_only,GHEFT,0,0.0,0,0,1,0.218,0.1677,0.3857,,,,,,,,,,,,,,,,,42.57827760051052,1.3358,56,13,342,160,111,49,19.697996,0,ok,logs/seed_265987.log
876344,irt_only,GHEFT,0,0.0,0,0,1,0.2111,0.1577,0.3688,,,,,,,,,,,,,,,,,53.271514240954595,1.348,41,9,302,157,127,30,12.117149,0,ok,logs/seed_876344.log
641296,irt_only,GHEFT,0,0.0,0,0,1,0.2277,0.1583,0.386,,,,,,,,,,,,,,,,,45.913570017331025,1.1115,46,11,308,161,131,30,18.106812,0,ok,logs/seed_641296.log
595834,irt_only,GHEFT,0,0.0,0,0,1,0.2329,0.1144,0.3473,,,,,,,,,,,,,,,,,46.223980362537766,1.1123,49,11,320,163,125,38,19.134178,0,ok,logs/seed_595834.log
738391,irt_only,GHEFT,0,0.0,0,0,1,0.236,0.1534,0.3894,,,,,,,,,,,,,,,,,45.060649999999995,1.0083,47,11,321,171,138,33,20.029936,0,ok,logs/seed_738391.log
928512,irt_only,GHEFT,0,0.0,0,0,1,0.223,0.1325,0.3555,,,,,,,,,,,,,,,,,49.08680763129972,1.1512,50,12,342,172,126,46,28.065382,0,ok,logs/seed_928512.log
181217,irt_only,GHEFT,0,0.0,0,0,1,0.2115,0.1481,0.3596,,,,,,,,,,,,,,,,,55.160941984732816,1.268,40,11,303,163,117,46,17.485885,0,ok,logs/seed_181217.log
93772,irt_only,GHEFT,0,0.0,0,0,1,0.2077,0.1914,0.3991,,,,,,,,,,,,,,,,,53.04004351145039,1.0771,49,10,320,159,126,33,28.452447,0,ok,logs/seed_93772.log
348523,irt_only,GHEFT,0,0.0,0,0,1,0.1956,0.1322,0.3278,,,,,,,,,,,,,,,,,53.60539174184593,1.2109,39,11,291,122,97,25,22.133608,0,ok,logs/seed_348523.log
466445,irt_only,GHEFT,0,0.0,0,0,1,0.2324,0.1747,0.4071,,,,,,,,,,,,,,,,,48.18761739130434,1.3403,52,14,339,178,135,43,26.91398,0,ok,logs/seed_466445.log
520238,irt_only,GHEFT,0,0.0,0,0,1,0.2285,0.1715,0.4,,,,,,,,,,,,,,,,,67.00100201729109,1.6369,51,11,331,182,139,43,22.21635,0,ok,logs/seed_520238.log
512606,irt_only,GHEFT,0,0.0,0,0,1,0.2544,0.1488,0.4032,,,,,,,,,,,,,,,,,52.71228765432101,1.3331,43,8,297,139,115,24,20.123602,0,ok,logs/seed_512606.log
732043,irt_only,GHEFT,0,0.0,0,0,1,0.2481,0.1509,0.399,,,,,,,,,,,,,,,,,40.394018416801295,1.261,53,13,348,195,146,49,23.290305,0,ok,logs/seed_732043.log
912078,irt_only,GHEFT,0,0.0,0,0,1,0.2129,0.1532,0.3661,,,,,,,,,,,,,,,,,39.49037037037038,1.1389,43,8,309,141,106,35,21.672661,0,ok,logs/seed_912078.log
770623,irt_only,GHEFT,0,0.0,0,0,1,0.2394,0.1492,0.3886,,,,,,,,,,,,,,,,,46.47503122676579,1.1551,49,12,312,179,134,45,21.326106,0,ok,logs/seed_770623.log
274449,irt_only,GHEFT,0,0.0,0,0,1,0.2186,0.1299,0.3485,,,,,,,,,,,,,,,,,44.182434020618565,1.215,48,13,314,160,136,24,18.786361,0,ok,logs/seed_274449.log
657848,irt_only,GHEFT,0,0.0,0,0,1,0.216,0.1351,0.3511,,,,,,,,,,,,,,,,,50.988536559896446,1.4462,45,11,315,148,120,28,22.118748,0,ok,logs/seed_657848.log
807691,irt_only,GHEFT,0,0.0,0,0,1,0.2311,0.1865,0.4176,,,,,,,,,,,,,,,,,59.999028722772266,1.4362,46,10,310,146,108,38,18.974618,0,ok,logs/seed_807691.log
351419,irt_only,GHEFT,0,0.0,0,0,1,0.2312,0.155,0.3862,,,,,,,,,,,,,,,,,43.39333568147014,1.1591,43,11,305,165,129,36,19.81368,0,ok,logs/seed_351419.log
726609,irt_only,GHEFT,0,0.0,0,0,1,0.245,0.1535,0.3985,,,,,,,,,,,,,,,,,49.50824180118945,1.2632,49,10,308,166,133,33,20.830513,0,ok,logs/seed_726609.log
560070,irt_only,GHEFT,0,0.0,0,0,1,0.2319,0.1726,0.4045,,,,,,,,,,,,,,,,,47.44343963963965,1.1224,50,12,325,172,133,39,24.446379,0,ok,logs/seed_560070.log
342707,irt_only,GHEFT,0,0.0,0,0,1,0.2271,0.1329,0.36,,,,,,,,,,,,,,,,,62.072182533825334,1.4067,48,9,311,158,126,32,25.265974,0,ok,logs/seed_342707.log
56666,irt_only,GHEFT,0,0.0,0,0,1,0.2295,0.1691,0.3986,,,,,,,,,,,,,,,,,45.71264285714286,1.2799,41,10,302,150,118,32,21.186829,0,ok,logs/seed_56666.log
285209,irt_only,GHEFT,0,0.0,0,0,1,0.2392,0.1496,0.3888,,,,,,,,,,,,,,,,,43.95221812420787,1.1495,50,11,326,171,148,23,23.531758,0,ok,logs/seed_285209.log
886960,irt_only,GHEFT,0,0.0,0,0,1,0.2096,0.1148,0.3244,,,,,,,,,,,,,,,,,52.42599827891155,1.3136,46,11,336,163,141,22,24.846781,0,ok,logs/seed_886960.log
621730,irt_only,GHEFT,0,0.0,0,0,1,0.2178,0.172,0.3898,,,,,,,,,,,,,,,,,38.510570088719895,1.092,50,11,330,173,129,44,18.068655,0,ok,logs/seed_621730.log
904473,irt_only,GHEFT,0,0.0,0,0,1,0.2478,0.1415,0.3893,,,,,,,,,,,,,,,,,52.63676913248151,1.0759,50,12,326,154,130,24,25.337464,0,ok,logs/seed_904473.log
653339,irt_only,GHEFT,0,0.0,0,0,1,0.213,0.1493,0.3623,,,,,,,,,,,,,,,,,42.92464547640572,1.133,45,13,307,150,130,20,17.971082,0,ok,logs/seed_653339.log
168058,irt_only,GHEFT,0,0.0,0,0,1,0.2518,0.1162,0.368,,,,,,,,,,,,,,,,,38.21677070708284,1.1252,47,11,306,143,110,33,19.089575,0,ok,logs/seed_168058.log
442021,irt_only,GHEFT,0,0.0,0,0,1,0.2313,0.1295,0.3608,,,,,,,,,,,,,,,,,51.03386023391814,1.2541,49,14,330,183,138,45,23.089469,0,ok,logs/seed_442021.log
583293,irt_only,GHEFT,0,0.0,0,0,1,0.2637,0.15,0.4137,,,,,,,,,,,,,,,,,41.48613166421208,1.1119,49,9,330,158,121,37,21.723995,0,ok,logs/seed_583293.log
889618,irt_only,GHEFT,0,0.0,0,0,1,0.2034,0.126,0.3294,,,,,,,,,,,,,,,,,53.70861415241634,1.3082,48,12,337,191,156,35,27.540578,0,ok,logs/seed_889618.log
366067,irt_only,GHEFT,0,0.0,0,0,1,0.1989,0.1166,0.3155,,,,,,,,,,,,,,,,,48.02417926565874,1.141,45,10,312,163,130,33,17.985449,0,ok,logs/seed_366067.log
814962,irt_only,GHEFT,0,0.0,0,0,1,0.2323,0.1255,0.3578,,,,,,,,,,,,,,,,,39.26626706875756,1.1265,44,11,326,157,139,18,22.080823,0,ok,logs/seed_814962.log
272538,irt_only,GHEFT,0,0.0,0,0,1,0.2156,0.1402,0.3558,,,,,,,,,,,,,,,,,45.09472565256526,1.1891,50,11,323,179,144,35,22.897707,0,ok,logs/seed_272538.log
997364,irt_only,GHEFT,0,0.0,0,0,1,0.2434,0.1457,0.3891,,,,,,,,,,,,,,,,,42.04196850366748,1.1955,45,11,335,166,128,38,24.652218,0,ok,logs/seed_997364.log
829067,irt_only,GHEFT,0,0.0,0,0,1,0.2384,0.1405,0.3789,,,,,,,,,,,,,,,,,47.440435729847515,1.2449,47,11,326,186,151,35,27.900001,0,ok,logs/seed_829067.log
823366,irt_only,GHEFT,0,0.0,0,0,1,0.2209,0.1479,0.3688,,,,,,,,,,,,,,,,,41.01825862068965,1.2633,47,12,323,155,120,35,19.087249,0,ok,logs/seed_823366.log
492603,irt_only,GHEFT,0,0.0,0,0,1,0.2314,0.1488,0.3802,,,,,,,,,,,,,,,,,44.8389237410072,1.1311,46,10,334,175,136,39,23.760167,0,ok,logs/seed_492603.log
767656,irt_only,GHEFT,0,0.0,0,0,1,0.2201,0.1275,0.3476,,,,,,,,,,,,,,,,,44.02945264847513,1.1715,42,10,314,140,108,32,22.925876,0,ok,logs/seed_767656.log
729327,irt_only,GHEFT,0,0.0,0,0,1,0.2483,0.1403,0.3886,,,,,,,,,,,,,,,,,50.54274900662252,1.2173,46,12,313,174,135,39,21.666173,0,ok,logs/seed_729327.log
666140,irt_only,GHEFT,0,0.0,0,0,1,0.2504,0.1642,0.4146,,,,,,,,,,,,,,,,,40.64443182297155,1.1202,48,11,320,160,132,28,22.247338,0,ok,logs/seed_666140.log
931213,irt_only,GHEFT,0,0.0,0,0,1,0.242,0.1877,0.4297,,,,,,,,,,,,,,,,,70.88320486740331,1.5306,45,11,317,166,110,56,21.389767,0,ok,logs/seed_931213.log
479086,irt_only,GHEFT,0,0.0,0,0,1,0.2314,0.1396,0.371,,,,,,,,,,,,,,,,,37.542847845804985,1.4634,47,12,321,147,123,24,19.410417,0,ok,logs/seed_479086.log
648286,irt_only,GHEFT,0,0.0,0,0,1,0.2258,0.1511,0.3769,,,,,,,,,,,,,,,,,48.892746105428785,1.0278,50,12,322,175,137,38,27.634595,0,ok,logs/seed_648286.log
578832,irt_only,GHEFT,0,0.0,0,0,1,0.2265,0.1437,0.3702,,,,,,,,,,,,,,,,,50.454782834185536,1.2192,55,12,330,162,129,33,22.781776,0,ok,logs/seed_578832.log
781836,irt_only,GHEFT,0,0.0,0,0,1,0.226,0.1722,0.3982,,,,,,,,,,,,,,,,,58.47579950900165,1.8208,36,9,280,140,126,14,19.158706,0,ok,logs/seed_781836.log
659171,irt_only,GHEFT,0,0.0,0,0,1,0.2316,0.1189,0.3505,,,,,,,,,,,,,,,,,35.24428064516129,1.1089,45,11,312,142,117,25,20.244759,0,ok,logs/seed_659171.log
667338,irt_only,GHEFT,0,0.0,0,0,1,0.2294,0.1195,0.3489,,,,,,,,,,,,,,,,,45.795867441860466,1.3667,41,10,320,144,121,23,23.683385,0,ok,logs/seed_667338.log
967649,irt_only,GHEFT,0,0.0,0,0,1,0.2486,0.1465,0.3951,,,,,,,,,,,,,,,,,40.22974943390357,1.3753,48,12,312,159,125,34,25.245259,0,ok,logs/seed_967649.log
413495,irt_only,GHEFT,0,0.0,0,0,1,0.2215,0.1309,0.3524,,,,,,,,,,,,,,,,,50.896254846153845,1.1353,47,10,333,152,113,39,24.166354,0,ok,logs/seed_413495.log
46799,irt_only,GHEFT,0,0.0,0,0,1,0.2281,0.1402,0.3683,,,,,,,,,,,,,,,,,55.66097554585153,1.1136,60,13,338,185,145,40,29.016696,0,ok,logs/seed_46799.log
213320,irt_only,GHEFT,0,0.0,0,0,1,0.2394,0.1158,0.3552,,,,,,,,,,,,,,,,,43.033973708920186,1.1025,41,10,305,160,125,35,20.605426,0,ok,logs/seed_213320.log
84966,irt_only,GHEFT,0,0.0,0,0,1,0.2504,0.1725,0.4229,,,,,,,,,,,,,,,,,34.431202587301584,1.2374,52,11,320,170,121,49,20.780101,0,ok,logs/seed_84966.log
372841,irt_only,GHEFT,0,0.0,0,0,1,0.2195,0.1147,0.3342,,,,,,,,,,,,,,,,,44.03577828162291,1.2793,46,10,332,157,126,31,27.249331,0,ok,logs/seed_372841.log
491732,irt_only,GHEFT,0,0.0,0,0,1,0.2453,0.1568,0.4021,,,,,,,,,,,,,,,,,39.654386166335215,1.2091,49,12,306,160,112,48,21.57103,0,ok,logs/seed_491732.log
770980,irt_only,GHEFT,0,0.0,0,0,1,0.2345,0.151,0.3855,,,,,,,,,,,,,,,,,45.73067098865478,1.3717,48,11,325,178,132,46,19.99682,0,ok,logs/seed_770980.log
811224,irt_only,GHEFT,0,0.0,0,0,1,0.2137,0.1611,0.3748,,,,,,,,,,,,,,,,,47.40370893470791,1.1679,52,11,346,175,138,37,22.343293,0,ok,logs/seed_811224.log
498974,irt_only,GHEFT,0,0.0,0,0,1,0.2217,0.1517,0.3734,,,,,,,,,,,,,,,,,47.98131274787536,1.1311,42,12,328,164,139,25,21.624154,0,ok,logs/seed_498974.log
200046,irt_only,GHEFT,0,0.0,0,0,1,0.2551,0.1508,0.4059,,,,,,,,,,,,,,,,,43.88244880264244,1.3474,39,11,315,176,135,41,20.410705,0,ok,logs/seed_200046.log
326276,irt_only,GHEFT,0,0.0,0,0,1,0.2536,0.1524,0.406,,,,,,,,,,,,,,,,,44.88662373923738,1.2501,47,11,316,155,113,42,21.397541,0,ok,logs/seed_326276.log
640113,irt_only,GHEFT,0,0.0,0,0,1,0.2136,0.1476,0.3612,,,,,,,,,,,,,,,,,52.65153333333334,1.316,58,13,327,182,137,45,24.600322,0,ok,logs/seed_640113.log
695200,irt_only,GHEFT,0,0.0,0,0,1,0.2105,0.1421,0.3526,,,,,,,,,,,,,,,,,55.50714891640867,1.1804,49,13,328,160,121,39,21.105333,0,ok,logs/seed_695200.log
774075,irt_only,GHEFT,0,0.0,0,0,1,0.2397,0.19,0.4297,,,,,,,,,,,,,,,,,41.298346387832694,1.2189,55,12,333,186,137,49,21.049235,0,ok,logs/seed_774075.log
389892,irt_only,GHEFT,0,0.0,0,0,1,0.228,0.1212,0.3492,,,,,,,,,,,,,,,,,46.05383636363637,1.0668,54,12,328,147,123,24,24.036681,0,ok,logs/seed_389892.log
955718,irt_only,GHEFT,0,0.0,0,0,1,0.2537,0.1823,0.436,,,,,,,,,,,,,,,,,58.88780100166946,1.4703,57,13,329,178,129,49,24.517432,0,ok,logs/seed_955718.log
522004,irt_only,GHEFT,0,0.0,0,0,1,0.2509,0.1225,0.3734,,,,,,,,,,,,,,,,,46.702004358353506,1.1651,42,13,296,172,138,34,21.504966,0,ok,logs/seed_522004.log
385731,irt_only,GHEFT,0,0.0,0,0,1,0.2344,0.1207,0.3551,,,,,,,,,,,,,,,,,42.407312852664575,1.2945,38,10,320,134,108,26,17.117903,0,ok,logs/seed_385731.log
726289,irt_only,GHEFT,0,0.0,0,0,1,0.2307,0.1433,0.374,,,,,,,,,,,,,,,,,44.1914117821196,1.2847,49,11,332,154,115,39,24.571561,0,ok,logs/seed_726289.log
840325,irt_only,GHEFT,0,0.0,0,0,1,0.2133,0.1463,0.3596,,,,,,,,,,,,,,,,,49.38903521126762,1.0339,50,13,315,177,143,34,23.968165,0,ok,logs/seed_840325.log
754746,irt_only,GHEFT,0,0.0,0,0,1,0.2111,0.1275,0.3386,,,,,,,,,,,,,,,,,36.63021464400673,1.1516,44,11,300,154,123,31,20.442688,0,ok,logs/seed_754746.log
717000,irt_only,GHEFT,0,0.0,0,0,1,0.2216,0.1233,0.3449,,,,,,,,,,,,,,,,,58.38125913621263,1.0511,55,13,330,182,137,45,22.151695,0,ok,logs/seed_717000.log
70922,irt_only,GHEFT,0,0.0,0,0,1,0.2142,0.1495,0.3637,,,,,,,,,,,,,,,,,48.80513167587477,1.0252,57,13,342,190,136,54,21.684477,0,ok,logs/seed_70922.log
108172,irt_only,GHEFT,0,0.0,0,0,1,0.2295,0.1535,0.383,,,,,,,,,,,,,,,,,43.26159337016574,1.0807,49,12,325,166,123,43,25.653572,0,ok,logs/seed_108172.log
486905,irt_only,GHEFT,0,0.0,0,0,1,0.2168,0.1641,0.3809,,,,,,,,,,,,,,,,,78.06889591836735,1.3775,44,9,321,141,109,32,20.794925,0,ok,logs/seed_486905.log
268061,irt_only,GHEFT,0,0.0,0,0,1,0.1983,0.0978,0.2961,,,,,,,,,,,,,,,,,53.757499788806754,1.105,43,10,293,149,127,22,20.195803,0,ok,logs/seed_268061.log
692334,irt_only,GHEFT,0,0.0,0,0,1,0.2305,0.1422,0.3727,,,,,,,,,,,,,,,,,57.30338609625667,1.1542,43,9,316,164,133,31,26.831209,0,ok,logs/seed_692334.log
719918,irt_only,GHEFT,0,0.0,0,0,1,0.2571,0.1868,0.4439,,,,,,,,,,,,,,,,,41.115811320754716,1.1326,43,11,309,147,118,29,17.481378,0,ok,logs/seed_719918.log
946535,irt_only,GHEFT,0,0.0,0,0,1,0.2319,0.159,0.3909,,,,,,,,,,,,,,,,,45.78853636363637,1.2001,53,9,321,152,115,37,20.991607,0,ok,logs/seed_946535.log
453449,irt_only,GHEFT,0,0.0,0,0,1,0.2444,0.1874,0.4318,,,,,,,,,,,,,,,,,48.67441750841751,1.4174,54,13,343,205,163,42,26.747568,0,ok,logs/seed_453449.log
623966,irt_only,GHEFT,0,0.0,0,0,1,0.2291,0.156,0.3851,,,,,,,,,,,,,,,,,40.413884217595694,1.1904,50,14,329,195,152,43,23.305996,0,ok,logs/seed_623966.log
185535,irt_only,GHEFT,0,0.0,0,0,1,0.2249,0.1491,0.374,,,,,,,,,,,,,,,,,68.45233800738009,1.2727,46,11,323,168,142,26,20.990569,0,ok,logs/seed_185535.log
482729,irt_only,GHEFT,0,0.0,0,0,1,0.2244,0.1478,0.3722,,,,,,,,,,,,,,,,,47.88039253731343,1.324,46,11,304,158,125,33,17.910106,0,ok,logs/seed_482729.log
2208,irt_only,GHEFT,0,0.0,0,0,1,0.2171,0.1195,0.3366,,,,,,,,,,,,,,,,,46.74628128898129,1.1426,54,11,323,176,136,40,23.432706,0,ok,logs/seed_2208.log
226101,irt_only,GHEFT,0,0.0,0,0,1,0.2345,0.1621,0.3966,,,,,,,,,,,,,,,,,40.07052201834863,1.1551,52,12,340,176,143,33,26.158294,0,ok,logs/seed_226101.log
750848,irt_only,GHEFT,0,0.0,0,0,1,0.2045,0.1108,0.3153,,,,,,,,,,,,,,,,,43.56008886509636,1.1401,59,14,327,164,130,34,22.250464,0,ok,logs/seed_750848.log
430115,irt_only,GHEFT,0,0.0,0,0,1,0.2186,0.1243,0.3429,,,,,,,,,,,,,,,,,42.85143014572864,1.1705,49,10,327,169,132,37,20.689551,0,ok,logs/seed_430115.log
360828,irt_only,GHEFT,0,0.0,0,0,1,0.2211,0.1601,0.3812,,,,,,,,,,,,,,,,,56.02462192513368,1.4375,36,9,329,137,110,27,19.884179,0,ok,logs/seed_360828.log
686023,irt_only,GHEFT,0,0.0,0,0,1,0.241,0.1521,0.3931,,,,,,,,,,,,,,,,,42.50014939174614,1.278,55,12,324,165,124,41,25.569191,0,ok,logs/seed_686023.log
910767,irt_only,GHEFT,0,0.0,0,0,1,0.2455,0.1555,0.401,,,,,,,,,,,,,,,,,42.64971826283048,1.0757,52,13,307,157,131,26,23.517918,0,ok,logs/seed_910767.log
867129,irt_only,GHEFT,0,0.0,0,0,1,0.2127,0.1329,0.3456,,,,,,,,,,,,,,,,,47.66454584178499,1.2892,51,12,318,181,149,32,20.272007,0,ok,logs/seed_867129.log
594299,irt_only,GHEFT,0,0.0,0,0,1,0.2437,0.1794,0.4231,,,,,,,,,,,,,,,,,46.82382737030411,1.2081,47,13,328,155,125,30,23.218243,0,ok,logs/seed_594299.log
141316,irt_only,GHEFT,0,0.0,0,0,1,0.2408,0.1168,0.3576,,,,,,,,,,,,,,,,,44.539092468619245,1.3741,44,9,309,156,128,28,19.219206,0,ok,logs/seed_141316.log
200207,irt_only,GHEFT,0,0.0,0,0,1,0.2169,0.1456,0.3625,,,,,,,,,,,,,,,,,51.674327777777776,1.4167,37,9,333,147,103,44,24.021644,0,ok,logs/seed_200207.log
575011,irt_only,GHEFT,0,0.0,0,0,1,0.2268,0.1828,0.4096,,,,,,,,,,,,,,,,,64.53509393939393,1.2012,53,11,337,170,122,48,20.71841,0,ok,logs/seed_575011.log
765419,irt_only,GHEFT,0,0.0,0,0,1,0.2142,0.1271,0.3413,,,,,,,,,,,,,,,,,51.96323793103449,1.1529,41,9,327,147,126,21,19.766498,0,ok,logs/seed_765419.log
676245,irt_only,GHEFT,0,0.0,0,0,1,0.1982,0.1188,0.317,,,,,,,,,,,,,,,,,51.75562082551593,1.1864,44,11,299,150,121,29,18.398514,0,ok,logs/seed_676245.log
743656,irt_only,GHEFT,0,0.0,0,0,1,0.2288,0.1575,0.3863,,,,,,,,,,,,,,,,,42.99123488372093,1.0924,47,11,343,184,153,31,23.149961,0,ok,logs/seed_743656.log
469800,irt_only,GHEFT,0,0.0,0,0,1,0.2234,0.1366,0.36,,,,,,,,,,,,,,,,,51.69694684684684,1.1042,45,11,295,150,125,25,21.415489,0,ok,logs/seed_469800.log
384437,irt_only,GHEFT,0,0.0,0,0,1,0.2187,0.134,0.3527,,,,,,,,,,,,,,,,,69.34054217687076,1.2075,43,10,301,128,107,21,19.059065,0,ok,logs/seed_384437.log
692498,irt_only,GHEFT,0,0.0,0,0,1,0.2266,0.1291,0.3557,,,,,,,,,,,,,,,,,43.98228016666667,1.1512,54,12,306,167,135,32,20.613167,0,ok,logs/seed_692498.log
385750,irt_only,GHEFT,0,0.0,0,0,1,0.2238,0.1739,0.3977,,,,,,,,,,,,,,,,,44.97050014144272,1.1557,48,12,342,157,132,25,24.841867,0,ok,logs/seed_385750.log
966044,irt_only,GHEFT,0,0.0,0,0,1,0.2417,0.1459,0.3876,,,,,,,,,,,,,,,,,45.78790235531647,1.0919,51,13,322,172,129,43,19.424685,0,ok,logs/seed_966044.log
231504,irt_only,GHEFT,0,0.0,0,0,1,0.2104,0.1204,0.3308,,,,,,,,,,,,,,,,,40.265442564792174,1.117,51,12,311,173,130,43,21.816701,0,ok,logs/seed_231504.log
758710,irt_only,GHEFT,0,0.0,0,0,1,0.2195,0.163,0.3825,,,,,,,,,,,,,,,,,45.64353604651163,1.3968,54,14,330,173,127,46,20.611798,0,ok,logs/seed_758710.log
855896,irt_only,GHEFT,0,0.0,0,0,1,0.2234,0.1754,0.3988,,,,,,,,,,,,,,,,,47.76339112271541,1.161,52,12,342,181,140,41,23.896828,0,ok,logs/seed_855896.log
165859,irt_only,GHEFT,0,0.0,0,0,1,0.1848,0.122,0.3068,,,,,,,,,,,,,,,,,47.27837542561066,1.1561,42,10,325,157,127,30,21.364933,0,ok,logs/seed_165859.log
804367,irt_only,GHEFT,0,0.0,0,0,1,0.2414,0.142,0.3834,,,,,,,,,,,,,,,,,39.277486046511626,1.3043,50,9,303,143,116,27,18.09961,0,ok,logs/seed_804367.log
317518,irt_only,GHEFT,0,0.0,0,0,1,0.2301,0.162,0.3921,,,,,,,,,,,,,,,,,47.67217213114754,1.0882,54,13,337,203,159,44,24.853719,0,ok,logs/seed_317518.log
461209,irt_only,GHEFT,0,0.0,0,0,1,0.2202,0.1595,0.3797,,,,,,,,,,,,,,,,,42.176913793103445,1.0376,52,11,337,161,131,30,26.634361,0,ok,logs/seed_461209.log
882850,irt_only,GHEFT,0,0.0,0,0,1,0.2215,0.1755,0.397,,,,,,,,,,,,,,,,,47.6330737080689,1.2841,45,12,343,143,107,36,28.880732,0,ok,logs/seed_882850.log
64681,irt_only,GHEFT,0,0.0,0,0,1,0.2436,0.2146,0.4582,,,,,,,,,,,,,,,,,49.904301564722616,1.3533,53,13,310,171,135,36,19.940011,0,ok,logs/seed_64681.log
173770,irt_only,GHEFT,0,0.0,0,0,1,0.203,0.1242,0.3272,,,,,,,,,,,,,,,,,56.62798444170096,1.2474,53,13,333,181,147,34,27.169139,0,ok,logs/seed_173770.log
258441,irt_only,GHEFT,0,0.0,0,0,1,0.2356,0.1464,0.382,,,,,,,,,,,,,,,,,43.692667074950684,1.1969,48,11,339,173,139,34,24.54642,0,ok,logs/seed_258441.log
324860,irt_only,GHEFT,0,0.0,0,0,1,0.2242,0.1338,0.358,,,,,,,,,,,,,,,,,46.35946260623229,1.2954,45,13,332,152,129,23,23.457541,0,ok,logs/seed_324860.log
107009,irt_only,GHEFT,0,0.0,0,0,1,0.2575,0.1366,0.3941,,,,,,,,,,,,,,,,,48.76867340619307,1.1069,51,12,328,169,135,34,25.452336,0,ok,logs/seed_107009.log
161981,irt_only,GHEFT,0,0.0,0,0,1,0.2074,0.127,0.3344,,,,,,,,,,,,,,,,,40.64393837535015,1.1692,38,9,302,154,128,26,21.305663,0,ok,logs/seed_161981.log
290380,irt_only,GHEFT,0,0.0,0,0,1,0.2285,0.1605,0.389,,,,,,,,,,,,,,,,,50.308066783822476,1.1217,50,11,316,174,138,36,17.894837,0,ok,logs/seed_290380.log
976250,irt_only,GHEFT,0,0.0,0,0,1,0.2149,0.1419,0.3568,,,,,,,,,,,,,,,,,46.30610682279646,1.0711,49,10,315,159,118,41,25.987539,0,ok,logs/seed_976250.log
254077,irt_only,GHEFT,0,0.0,0,0,1,0.223,0.1795,0.4025,,,,,,,,,,,,,,,,,43.78764251669817,1.2037,53,10,334,175,136,39,26.404372,0,ok,logs/seed_254077.log
539967,irt_only,GHEFT,0,0.0,0,0,1,0.2207,0.1194,0.3401,,,,,,,,,,,,,,,,,39.259965373045,1.0798,45,11,325,158,123,35,21.951864,0,ok,logs/seed_539967.log
599304,irt_only,GHEFT,0,0.0,0,0,1,0.2377,0.1447,0.3824,,,,,,,,,,,,,,,,,37.70791237113402,1.0504,51,11,326,165,127,38,23.338894,0,ok,logs/seed_599304.log
287821,irt_only,GHEFT,0,0.0,0,0,1,0.2239,0.1464,0.3703,,,,,,,,,,,,,,,,,41.16363831438416,1.1866,58,11,344,157,125,32,26.278564,0,ok,logs/seed_287821.log
48051,irt_only,GHEFT,0,0.0,0,0,1,0.258,0.1549,0.4129,,,,,,,,,,,,,,,,,39.531374381294974,1.0239,43,10,330,136,100,36,23.889456,0,ok,logs/seed_48051.log
860327,irt_only,GHEFT,0,0.0,0,0,1,0.1997,0.1152,0.3149,,,,,,,,,,,,,,,,,45.781480490150635,1.138,45,10,311,152,124,28,20.576542,0,ok,logs/seed_860327.log
591119,irt_only,GHEFT,0,0.0,0,0,1,0.1983,0.107,0.3053,,,,,,,,,,,,,,,,,50.73985838068813,1.3332,41,9,309,154,130,24,16.855065,0,ok,logs/seed_591119.log
611764,irt_only,GHEFT,0,0.0,0,0,1,0.2197,0.1306,0.3503,,,,,,,,,,,,,,,,,54.422016934487026,1.3043,44,12,320,167,113,54,20.026026,0,ok,logs/seed_611764.log
806683,irt_only,GHEFT,0,0.0,0,0,1,0.2132,0.1503,0.3635,,,,,,,,,,,,,,,,,48.56222312789928,1.0402,52,10,319,154,123,31,25.552074,0,ok,logs/seed_806683.log
848855,irt_only,GHEFT,0,0.0,0,0,1,0.2123,0.1209,0.3332,,,,,,,,,,,,,,,,,48.40847142857144,1.4584,49,11,327,153,117,36,24.694824,0,ok,logs/seed_848855.log
384264,irt_only,GHEFT,0,0.0,0,0,1,0.2153,0.1261,0.3414,,,,,,,,,,,,,,,,,46.994703344481614,1.219,54,13,351,182,140,42,19.742212,0,ok,logs/seed_384264.log
505769,irt_only,GHEFT,0,0.0,0,0,1,0.2356,0.1413,0.3769,,,,,,,,,,,,,,,,,41.14174243281471,1.0918,46,11,307,160,133,27,21.535132,0,ok,logs/seed_505769.log
221230,irt_only,GHEFT,0,0.0,0,0,1,0.2506,0.1607,0.4113,,,,,,,,,,,,,,,,,48.0540244403927,1.2707,41,11,323,170,136,34,18.611112,0,ok,logs/seed_221230.log
940154,irt_only,GHEFT,0,0.0,0,0,1,0.2365,0.1764,0.4129,,,,,,,,,,,,,,,,,41.47168285291944,1.1368,49,10,330,155,129,26,24.939263,0,ok,logs/seed_940154.log
587707,irt_only,GHEFT,0,0.0,0,0,1,0.2339,0.1901,0.424,,,,,,,,,,,,,,,,,46.912656916775035,1.199,51,10,311,141,120,21,25.385425,0,ok,logs/seed_587707.log
595985,irt_only,GHEFT,0,0.0,0,0,1,0.2451,0.165,0.4101,,,,,,,,,,,,,,,,,47.775787994891445,1.6505,51,14,319,195,147,48,20.214804,0,ok,logs/seed_595985.log
54898,irt_only,GHEFT,0,0.0,0,0,1,0.2082,0.1335,0.3417,,,,,,,,,,,,,,,,,43.01236404886563,1.0896,43,10,309,151,124,27,22.114414,0,ok,logs/seed_54898.log
351193,irt_only,GHEFT,0,0.0,0,0,1,0.2491,0.1835,0.4326,,,,,,,,,,,,,,,,,49.69422908988763,1.0302,48,12,309,169,130,39,16.464962,0,ok,logs/seed_351193.log
538951,irt_only,GHEFT,0,0.0,0,0,1,0.2318,0.1538,0.3856,,,,,,,,,,,,,,,,,47.51661538461539,1.2226,43,12,325,144,117,27,23.671822,0,ok,logs/seed_538951.log
503015,irt_only,GHEFT,0,0.0,0,0,1,0.2284,0.1593,0.3877,,,,,,,,,,,,,,,,,42.25759357045144,1.1057,43,11,304,142,100,42,18.290804,0,ok,logs/seed_503015.log
953174,irt_only,GHEFT,0,0.0,0,0,1,0.2433,0.1686,0.4119,,,,,,,,,,,,,,,,,44.79089678456592,1.2825,50,11,304,163,122,41,20.518829,0,ok,logs/seed_953174.log
742910,irt_only,GHEFT,0,0.0,0,0,1,0.2215,0.1366,0.3581,,,,,,,,,,,,,,,,,45.365694438320226,1.0669,58,11,308,158,121,37,21.310829,0,ok,logs/seed_742910.log
61747,irt_only,GHEFT,0,0.0,0,0,1,0.222,0.1503,0.3723,,,,,,,,,,,,,,,,,47.57693694810224,1.361,52,13,337,162,135,27,25.503562,0,ok,logs/seed_61747.log
580612,irt_only,GHEFT,0,0.0,0,0,1,0.2257,0.1548,0.3805,,,,,,,,,,,,,,,,,51.57347079646018,1.337,47,10,297,158,128,30,18.16091,0,ok,logs/seed_580612.log
615914,irt_only,GHEFT,0,0.0,0,0,1,0.2181,0.1409,0.359,,,,,,,,,,,,,,,,,49.116648348348335,1.5559,44,11,310,152,115,37,22.117476,0,ok,logs/seed_615914.log
8172,irt_only,GHEFT,0,0.0,0,0,1,0.2138,0.1557,0.3695,,,,,,,,,,,,,,,,,50.65097744360903,1.2148,50,14,307,170,136,34,19.71161,0,ok,logs/seed_8172.log
590147,irt_only,GHEFT,0,0.0,0,0,1,0.2219,0.1372,0.3591,,,,,,,,,,,,,,,,,45.14274999999999,1.2984,46,10,298,152,125,27,17.174855,0,ok,logs/seed_590147.log
773450,irt_only,GHEFT,0,0.0,0,0,1,0.2393,0.1543,0.3936,,,,,,,,,,,,,,,,,48.81855996705107,1.1008,49,14,317,170,135,35,19.604035,0,ok,logs/seed_773450.log
447391,irt_only,GHEFT,0,0.0,0,0,1,0.2524,0.1239,0.3763,,,,,,,,,,,,,,,,,41.87165755526993,1.2251,51,11,323,153,114,39,23.562377,0,ok,logs/seed_447391.log
234698,irt_only,GHEFT,0,0.0,0,0,1,0.2109,0.1318,0.3427,,,,,,,,,,,,,,,,,61.96176216596345,1.5887,52,12,311,167,126,41,24.420927,0,ok,logs/seed_234698.log
339985,irt_only,GHEFT,0,0.0,0,0,1,0.2416,0.129,0.3706,,,,,,,,,,,,,,,,,47.83430380622837,1.2396,46,14,310,168,147,21,20.596456,0,ok,logs/seed_339985.log
121191,irt_only,GHEFT,0,0.0,0,0,1,0.2271,0.1574,0.3845,,,,,,,,,,,,,,,,,46.39111359223302,1.1805,58,12,355,199,157,42,19.723175,0,ok,logs/seed_121191.log
67314,irt_only,GHEFT,0,0.0,0,0,1,0.2243,0.1567,0.381,,,,,,,,,,,,,,,,,46.040665670658676,1.0631,53,13,321,169,127,42,20.073398,0,ok,logs/seed_67314.log
49664,irt_only,GHEFT,0,0.0,0,0,1,0.2494,0.1543,0.4037,,,,,,,,,,,,,,,,,40.045002319236026,1.2342,56,15,328,174,129,45,20.110729,0,ok,logs/seed_49664.log
216188,irt_only,GHEFT,0,0.0,0,0,1,0.2227,0.1458,0.3685,,,,,,,,,,,,,,,,,45.5490850909091,1.1043,55,11,319,163,132,31,16.909285,0,ok,logs/seed_216188.log
594597,irt_only,GHEFT,0,0.0,0,0,1,0.2288,0.138,0.3668,,,,,,,,,,,,,,,,,37.67216463104325,1.3312,52,11,315,170,137,33,18.760952,0,ok,logs/seed_594597.log
838544,irt_only,GHEFT,0,0.0,0,0,1,0.2253,0.1652,0.3905,,,,,,,,,,,,,,,,,49.8047348675035,1.3222,46,9,332,141,101,40,19.303363,0,ok,logs/seed_838544.log
667390,irt_only,GHEFT,0,0.0,0,0,1,0.199,0.1638,0.3628,,,,,,,,,,,,,,,,,49.722052191235065,1.0125,54,15,316,186,152,34,18.638452,0,ok,logs/seed_667390.log
584425,irt_only,GHEFT,0,0.0,0,0,1,0.2084,0.1346,0.343,,,,,,,,,,,,,,,,,52.46772046577276,1.0754,47,10,297,155,129,26,18.511142,0,ok,logs/seed_584425.log
838220,irt_only,GHEFT,0,0.0,0,0,1,0.2068,0.1252,0.332,,,,,,,,,,,,,,,,,44.076692090395476,1.2485,37,10,309,155,109,46,16.38485,0,ok,logs/seed_838220.log
441512,irt_only,GHEFT,0,0.0,0,0,1,0.2091,0.1078,0.3169,,,,,,,,,,,,,,,,,37.581822016166285,1.1609,44,9,303,126,102,24,16.301653,0,ok,logs/seed_441512.log
350535,irt_only,GHEFT,0,0.0,0,0,1,0.2471,0.1553,0.4024,,,,,,,,,,,,,,,,,57.59708401697313,1.4808,62,11,348,182,152,30,21.732374,0,ok,logs/seed_350535.log
298630,irt_only,GHEFT,0,0.0,0,0,1,0.2317,0.1854,0.4171,,,,,,,,,,,,,,,,,45.75153990147783,1.3081,51,9,322,167,109,58,17.113278,0,ok,logs/seed_298630.log
381642,irt_only,GHEFT,0,0.0,0,0,1,0.1895,0.1404,0.3299,,,,,,,,,,,,,,,,,47.81785147923323,1.5591,51,13,308,153,116,37,18.968591,0,ok,logs/seed_381642.log
831919,irt_only,GHEFT,0,0.0,0,0,1,0.2207,0.1749,0.3956,,,,,,,,,,,,,,,,,40.54332911877394,1.1095,49,9,326,141,105,36,19.671963,0,ok,logs/seed_831919.log
177577,irt_only,GHEFT,0,0.0,0,0,1,0.2075,0.1582,0.3657,,,,,,,,,,,,,,,,,40.35630788235294,1.2101,51,12,324,176,133,43,17.954413,0,ok,logs/seed_177577.log
484873,irt_only,GHEFT,0,0.0,0,0,1,0.2506,0.1468,0.3974,,,,,,,,,,,,,,,,,40.377259643435984,1.3102,42,11,302,155,132,23,16.996292,0,ok,logs/seed_484873.log
861791,irt_only,GHEFT,0,0.0,0,0,1,0.2634,0.1821,0.4455,,,,,,,,,,,,,,,,,39.40646101694916,1.1289,50,12,325,149,109,40,17.656767,0,ok,logs/seed_861791.log
147598,irt_only,GHEFT,0,0.0,0,0,1,0.1911,0.1592,0.3503,,,,,,,,,,,,,,,,,51.72584645454546,1.2511,43,10,283,154,125,29,18.028079,0,ok,logs/seed_147598.log
509060,irt_only,GHEFT,0,0.0,0,0,1,0.2229,0.1399,0.3628,,,,,,,,,,,,,,,,,48.133422665808105,1.0714,49,11,320,167,133,34,21.274325,0,ok,logs/seed_509060.log
734809,irt_only,GHEFT,0,0.0,0,0,1,0.2101,0.1301,0.3402,,,,,,,,,,,,,,,,,47.68748486932599,1.4585,41,9,315,149,111,38,14.426753,0,ok,logs/seed_734809.log
209596,irt_only,GHEFT,0,0.0,0,0,1,0.2148,0.1733,0.3881,,,,,,,,,,,,,,,,,46.027840535372846,1.0851,57,13,353,190,130,60,22.14389,0,ok,logs/seed_209596.log
128530,irt_only,GHEFT,0,0.0,0,0,1,0.2241,0.1318,0.3559,,,,,,,,,,,,,,,,,56.24652367149759,1.2735,44,10,316,150,119,31,18.747739,0,ok,logs/seed_128530.log
839126,irt_only,GHEFT,0,0.0,0,0,1,0.2357,0.1763,0.412,,,,,,,,,,,,,,,,,42.00593736363636,1.3986,48,12,331,161,112,49,22.341324,0,ok,logs/seed_839126.log
735954,irt_only,GHEFT,0,0.0,0,0,1,0.2277,0.1342,0.3619,,,,,,,,,,,,,,,,,50.4737544567339,1.3661,46,10,340,168,133,35,19.721255,0,ok,logs/seed_735954.log
254875,irt_only,GHEFT,0,0.0,0,0,1,0.2257,0.167,0.3927,,,,,,,,,,,,,,,,,54.67811185271317,1.3713,42,12,306,167,134,33,18.02454,0,ok,logs/seed_254875.log
334605,irt_only,GHEFT,0,0.0,0,0,1,0.2268,0.1565,0.3833,,,,,,,,,,,,,,,,,46.41857792307691,1.3445,47,11,330,182,154,28,19.953506,0,ok,logs/seed_334605.log
616765,irt_only,GHEFT,0,0.0,0,0,1,0.2317,0.1477,0.3794,,,,,,,,,,,,,,,,,44.61740640540541,1.1246,51,12,321,185,140,45,18.633515,0,ok,logs/seed_616765.log
249505,irt_only,GHEFT,0,0.0,0,0,1,0.2025,0.1193,0.3218,,,,,,,,,,,,,,,,,47.27513925490196,1.1485,46,9,328,141,106,35,22.080658,0,ok,logs/seed_249505.log
917778,irt_only,GHEFT,0,0.0,0,0,1,0.2195,0.1439,0.3634,,,,,,,,,,,,,,,,,47.32616600249066,1.063,44,12,299,154,123,31,17.440734,0,ok,logs/seed_917778.log
514894,irt_only,GHEFT,0,0.0,0,0,1,0.2531,0.1898,0.4429,,,,,,,,,,,,,,,,,39.092746209386284,1.2161,56,12,336,183,131,52,19.8822,0,ok,logs/seed_514894.log
722280,irt_only,GHEFT,0,0.0,0,0,1,0.2237,0.1255,0.3492,,,,,,,,,,,,,,,,,43.91118923734855,1.197,43,9,308,136,110,26,14.906448,0,ok,logs/seed_722280.log
859753,irt_only,GHEFT,0,0.0,0,0,1,0.2459,0.1748,0.4207,,,,,,,,,,,,,,,,,40.751401147776185,1.1732,48,11,308,173,127,46,21.588384,0,ok,logs/seed_859753.log
380340,irt_only,GHEFT,0,0.0,0,0,1,0.2339,0.15,0.3839,,,,,,,,,,,,,,,,,45.36231635220126,1.2295,48,12,316,158,109,49,19.98439,0,ok,logs/seed_380340.log
832161,irt_only,GHEFT,0,0.0,0,0,1,0.2456,0.1216,0.3672,,,,,,,,,,,,,,,,,51.40610887902331,1.3445,42,10,313,168,123,45,18.694624,0,ok,logs/seed_832161.log
336794,irt_only,GHEFT,0,0.0,0,0,1,0.2276,0.155,0.3826,,,,,,,,,,,,,,,,,45.62277054202671,1.1841,44,11,314,149,121,28,20.148459,0,ok,logs/seed_336794.log
924503,irt_only,GHEFT,0,0.0,0,0,1,0.2475,0.1666,0.4141,,,,,,,,,,,,,,,,,45.40106622864651,1.0226,45,9,312,140,119,21,17.813177,0,ok,logs/seed_924503.log
393523,irt_only,GHEFT,0,0.0,0,0,1,0.2133,0.1499,0.3632,,,,,,,,,,,,,,,,,48.16490622710623,1.2857,44,12,314,173,137,36,17.309236,0,ok,logs/seed_393523.log
310465,irt_only,GHEFT,0,0.0,0,0,1,0.2312,0.1542,0.3854,,,,,,,,,,,,,,,,,54.879454804270466,1.1618,51,11,308,171,140,31,20.124516,0,ok,logs/seed_310465.log
433513,irt_only,GHEFT,0,0.0,0,0,1,0.207,0.1541,0.3611,,,,,,,,,,,,,,,,,42.05450240156293,1.3414,46,11,323,158,132,26,20.898517,0,ok,logs/seed_433513.log
13460,irt_only,GHEFT,0,0.0,0,0,1,0.2201,0.1366,0.3567,,,,,,,,,,,,,,,,,50.924038500635305,1.2119,47,13,332,175,139,36,24.098474,0,ok,logs/seed_13460.log
349575,irt_only,GHEFT,0,0.0,0,0,1,0.2284,0.1707,0.3991,,,,,,,,,,,,,,,,,41.399875453047784,1.2178,50,12,325,167,120,47,18.796141,0,ok,logs/seed_349575.log
593063,irt_only,GHEFT,0,0.0,0,0,1,0.2174,0.1593,0.3767,,,,,,,,,,,,,,,,,65.85998454376163,1.2018,41,11,316,175,116,59,16.836084,0,ok,logs/seed_593063.log
433182,irt_only,GHEFT,0,0.0,0,0,1,0.2245,0.1593,0.3838,,,,,,,,,,,,,,,,,46.93032154794521,1.2281,49,13,306,175,135,40,16.049856,0,ok,logs/seed_433182.log
780580,irt_only,GHEFT,0,0.0,0,0,1,0.2325,0.1296,0.3621,,,,,,,,,,,,,,,,,48.233383301096055,1.1848,52,12,332,169,126,43,23.25566,0,ok,logs/seed_780580.log
152838,irt_only,GHEFT,0,0.0,0,0,1,0.226,0.2092,0.4352,,,,,,,,,,,,,,,,,56.038280116959065,1.2802,48,11,340,163,137,26,18.635299,0,ok,logs/seed_152838.log
222996,irt_only,GHEFT,0,0.0,0,0,1,0.2275,0.1335,0.361,,,,,,,,,,,,,,,,,47.609803690582964,1.1775,46,11,297,155,124,31,17.294732,0,ok,logs/seed_222996.log
298744,irt_only,GHEFT,0,0.0,0,0,1,0.1969,0.1189,0.3158,,,,,,,,,,,,,,,,,59.864053665689156,1.2854,46,12,320,148,115,33,17.74486,0,ok,logs/seed_298744.log
762917,irt_only,GHEFT,0,0.0,0,0,1,0.2101,0.1659,0.376,,,,,,,,,,,,,,,,,43.12161077104178,1.1295,53,11,334,150,108,42,21.202524,0,ok,logs/seed_762917.log
457149,irt_only,GHEFT,0,0.0,0,0,1,0.2572,0.1578,0.415,,,,,,,,,,,,,,,,,39.262368637532134,1.3191,45,13,285,161,126,35,17.398351,0,ok,logs/seed_457149.log
540167,irt_only,GHEFT,0,0.0,0,0,1,0.2564,0.1493,0.4057,,,,,,,,,,,,,,,,,40.719847645429354,1.1853,39,9,278,156,125,31,17.882603,0,ok,logs/seed_540167.log
956256,irt_only,GHEFT,0,0.0,0,0,1,0.2327,0.1539,0.3866,,,,,,,,,,,,,,,,,46.35944820812183,1.112,50,9,312,142,114,28,18.927029,0,ok,logs/seed_956256.log
809026,irt_only,GHEFT,0,0.0,0,0,1,0.2432,0.1538,0.397,,,,,,,,,,,,,,,,,51.40102222222222,1.1814,47,9,315,144,121,23,17.152018,0,ok,logs/seed_809026.log
625059,irt_only,GHEFT,0,0.0,0,0,1,0.2184,0.1289,0.3473,,,,,,,,,,,,,,,,,46.65806853932584,1.0949,61,13,351,184,143,41,24.805565,0,ok,logs/seed_625059.log
451924,irt_only,GHEFT,0,0.0,0,0,1,0.2459,0.1869,0.4328,,,,,,,,,,,,,,,,,47.894667902506974,1.2913,43,10,293,153,129,24,18.122545,0,ok,logs/seed_451924.log
861621,irt_only,GHEFT,0,0.0,0,0,1,0.2373,0.1821,0.4194,,,,,,,,,,,,,,,,,52.55552462311558,1.219,49,12,327,179,137,42,21.377148,0,ok,logs/seed_861621.log
986736,irt_only,GHEFT,0,0.0,0,0,1,0.2082,0.1142,0.3224,,,,,,,,,,,,,,,,,49.23050591016548,1.1119,50,11,309,178,142,36,18.960272,0,ok,logs/seed_986736.log
831918,irt_only,GHEFT,0,0.0,0,0,1,0.2144,0.1323,0.3467,,,,,,,,,,,,,,,,,48.38950636912751,1.4916,44,12,305,159,128,31,19.070585,0,ok,logs/seed_831918.log
126553,irt_only,GHEFT,0,0.0,0,0,1,0.211,0.1258,0.3368,,,,,,,,,,,,,,,,,43.25060873634944,1.2004,45,10,287,143,124,19,17.068477,0,ok,logs/seed_126553.log
916292,irt_only,GHEFT,0,0.0,0,0,1,0.2384,0.1826,0.421,,,,,,,,,,,,,,,,,45.153219315018305,1.4797,56,14,348,184,141,43,19.957764,0,ok,logs/seed_916292.log
478518,irt_only,GHEFT,0,0.0,0,0,1,0.228,0.1515,0.3795,,,,,,,,,,,,,,,,,49.84819411764707,1.2632,49,12,327,178,133,45,22.507345,0,ok,logs/seed_478518.log
368587,irt_only,GHEFT,0,0.0,0,0,1,0.2416,0.1373,0.3789,,,,,,,,,,,,,,,,,39.11765962068966,1.0944,50,13,315,174,137,37,16.485452,0,ok,logs/seed_368587.log
494163,irt_only,GHEFT,0,0.0,0,0,1,0.222,0.158,0.38,,,,,,,,,,,,,,,,,46.7614020979021,1.0558,53,12,313,161,122,39,21.196021,0,ok,logs/seed_494163.log
250163,irt_only,GHEFT,0,0.0,0,0,1,0.2213,0.1331,0.3544,,,,,,,,,,,,,,,,,44.10524662756599,1.0451,50,13,311,167,122,45,18.021247,0,ok,logs/seed_250163.log
674657,irt_only,GHEFT,0,0.0,0,0,1,0.2407,0.1499,0.3906,,,,,,,,,,,,,,,,,40.43874255319149,1.3542,51,10,329,166,130,36,17.495989,0,ok,logs/seed_674657.log
798908,irt_only,GHEFT,0,0.0,0,0,1,0.1974,0.1263,0.3237,,,,,,,,,,,,,,,,,44.578742902208205,1.1472,55,11,351,156,114,42,24.210163,0,ok,logs/seed_798908.log
740163,irt_only,GHEFT,0,0.0,0,0,1,0.2178,0.1137,0.3315,,,,,,,,,,,,,,,,,42.68378733654509,1.088,51,11,326,156,122,34,19.799415,0,ok,logs/seed_740163.log
926974,irt_only,GHEFT,0,0.0,0,0,1,0.2328,0.1296,0.3624,,,,,,,,,,,,,,,,,47.21477575757576,1.1407,54,13,324,162,129,33,17.799602,0,ok,logs/seed_926974.log
107136,irt_only,GHEFT,0,0.0,0,0,1,0.2443,0.1533,0.3976,,,,,,,,,,,,,,,,,48.23388510638299,1.3413,56,11,333,161,114,47,16.48975,0,ok,logs/seed_107136.log
196168,irt_only,GHEFT,0,0.0,0,0,1,0.1932,0.1534,0.3466,,,,,,,,,,,,,,,,,50.3262389380531,1.406,59,12,346,170,114,56,20.020792,0,ok,logs/seed_196168.log
760873,irt_only,GHEFT,0,0.0,0,0,1,0.22,0.1693,0.3893,,,,,,,,,,,,,,,,,53.78313996247655,1.1587,48,11,324,144,120,24,23.174332,0,ok,logs/seed_760873.log
151030,irt_only,GHEFT,0,0.0,0,0,1,0.2227,0.1576,0.3803,,,,,,,,,,,,,,,,,38.333281443298965,1.1987,43,9,312,123,100,23,18.330633,0,ok,logs/seed_151030.log
645995,irt_only,GHEFT,0,0.0,0,0,1,0.199,0.1298,0.3288,,,,,,,,,,,,,,,,,51.89950000000001,1.1645,49,13,324,159,117,42,17.871262,0,ok,logs/seed_645995.log
60607,irt_only,GHEFT,0,0.0,0,0,1,0.2503,0.1587,0.409,,,,,,,,,,,,,,,,,43.17880687218386,1.1373,56,13,337,183,143,40,18.199097,0,ok,logs/seed_60607.log
50707,irt_only,GHEFT,0,0.0,0,0,1,0.2453,0.1928,0.4381,,,,,,,,,,,,,,,,,47.876220271288624,1.2079,47,11,312,167,128,39,17.149418,0,ok,logs/seed_50707.log
568053,irt_only,GHEFT,0,0.0,0,0,1,0.2219,0.117,0.3389,,,,,,,,,,,,,,,,,46.01580621600622,1.1262,39,10,308,151,124,27,16.71153,0,ok,logs/seed_568053.log
891927,irt_only,GHEFT,0,0.0,0,0,1,0.2085,0.1434,0.3519,,,,,,,,,,,,,,,,,49.82509739663093,1.1657,45,9,306,158,124,34,16.641658,0,ok,logs/seed_891927.log
141617,irt_only,GHEFT,0,0.0,0,0,1,0.1978,0.1327,0.3305,,,,,,,,,,,,,,,,,47.2886775147929,1.1832,45,11,311,157,129,28,15.992409,0,ok,logs/seed_141617.log
580680,irt_only,GHEFT,0,0.0,0,0,1,0.198,0.176,0.374,,,,,,,,,,,,,,,,,42.882211494252864,1.1273,55,14,318,163,104,59,22.396221,0,ok,logs/seed_580680.log
784503,irt_only,GHEFT,0,0.0,0,0,1,0.2276,0.1693,0.3969,,,,,,,,,,,,,,,,,50.720912658227846,1.3703,50,10,334,149,109,40,20.239333,0,ok,logs/seed_784503.log
224085,irt_only,GHEFT,0,0.0,0,0,1,0.2256,0.1531,0.3787,,,,,,,,,,,,,,,,,37.49469533962264,1.3676,45,11,310,160,108,52,15.422754,0,ok,logs/seed_224085.log
328255,irt_only,GHEFT,0,0.0,0,0,1,0.2123,0.155,0.3673,,,,,,,,,,,,,,,,,72.95964664371775,1.386,49,10,324,167,134,33,16.517288,0,ok,logs/seed_328255.log
949566,irt_only,GHEFT,0,0.0,0,0,1,0.2565,0.1713,0.4278,,,,,,,,,,,,,,,,,42.23050476190476,1.4295,36,8,305,143,117,26,15.461057,0,ok,logs/seed_949566.log
439895,irt_only,GHEFT,0,0.0,0,0,1,0.2486,0.1428,0.3914,,,,,,,,,,,,,,,,,43.91506424870466,1.0161,48,11,321,167,114,53,17.280028,0,ok,logs/seed_439895.log
504485,irt_only,GHEFT,0,0.0,0,0,1,0.2002,0.11,0.3102,,,,,,,,,,,,,,,,,39.71225323880597,1.354,53,12,312,174,132,42,17.302907,0,ok,logs/seed_504485.log
761223,irt_only,GHEFT,0,0.0,0,0,1,0.2159,0.1638,0.3797,,,,,,,,,,,,,,,,,54.38931038961039,1.0449,47,9,314,145,123,22,18.714218,0,ok,logs/seed_761223.log
34506,irt_only,GHEFT,0,0.0,0,0,1,0.2243,0.1598,0.3841,,,,,,,,,,,,,,,,,49.917986265225935,1.0395,52,10,340,159,118,41,18.319253,0,ok,logs/seed_34506.log
842256,irt_only,GHEFT,0,0.0,0,0,1,0.2254,0.1373,0.3627,,,,,,,,,,,,,,,,,47.60656440677966,1.2089,48,10,310,151,123,28,16.797163,0,ok,logs/seed_842256.log
264456,irt_only,GHEFT,0,0.0,0,0,1,0.2353,0.1372,0.3725,,,,,,,,,,,,,,,,,45.018398559799614,1.2235,49,13,351,178,139,39,19.436852,0,ok,logs/seed_264456.log
899949,irt_only,GHEFT,0,0.0,0,0,1,0.2343,0.1601,0.3944,,,,,,,,,,,,,,,,,44.395148148148145,1.3291,50,13,346,205,153,52,24.455289,0,ok,logs/seed_899949.log
333717,irt_only,GHEFT,0,0.0,0,0,1,0.242,0.1457,0.3877,,,,,,,,,,,,,,,,,39.3809,1.3119,57,12,330,173,135,38,19.13229,0,ok,logs/seed_333717.log
332163,irt_only,GHEFT,0,0.0,0,0,1,0.2391,0.1408,0.3799,,,,,,,,,,,,,,,,,53.01368686244205,1.0852,46,10,319,164,145,19,18.573177,0,ok,logs/seed_332163.log
509204,irt_only,GHEFT,0,0.0,0,0,1,0.1894,0.1299,0.3193,,,,,,,,,,,,,,,,,50.31710398675496,1.3034,44,10,309,148,112,36,15.092432,0,ok,logs/seed_509204.log
749756,irt_only,GHEFT,0,0.0,0,0,1,0.2132,0.1641,0.3773,,,,,,,,,,,,,,,,,45.39491798561151,1.2159,45,10,324,149,119,30,18.662497,0,ok,logs/seed_749756.log
139867,irt_only,GHEFT,0,0.0,0,0,1,0.2132,0.1525,0.3657,,,,,,,,,,,,,,,,,59.836987442661915,1.438,52,11,316,177,144,33,21.182533,0,ok,logs/seed_139867.log
571927,irt_only,GHEFT,0,0.0,0,0,1,0.2277,0.1255,0.3532,,,,,,,,,,,,,,,,,41.73990639324488,1.1242,44,11,330,145,113,32,20.002376,0,ok,logs/seed_571927.log
27872,irt_only,GHEFT,0,0.0,0,0,1,0.2277,0.1927,0.4204,,,,,,,,,,,,,,,,,37.822598537477134,1.1152,56,13,313,178,126,52,18.928355,0,ok,logs/seed_27872.log
570279,irt_only,GHEFT,0,0.0,0,0,1,0.2422,0.1445,0.3867,,,,,,,,,,,,,,,,,46.75211386138615,1.2605,42,11,290,159,124,35,17.780257,0,ok,logs/seed_570279.log
245986,irt_only,GHEFT,0,0.0,0,0,1,0.2152,0.134,0.3492,,,,,,,,,,,,,,,,,46.55256868686869,1.1111,46,10,318,144,115,29,19.481805,0,ok,logs/seed_245986.log
444289,irt_only,GHEFT,0,0.0,0,0,1,0.2132,0.1517,0.3649,,,,,,,,,,,,,,,,,48.75922020033388,1.1495,43,8,349,143,123,20,22.442561,0,ok,logs/seed_444289.log
470037,irt_only,GHEFT,0,0.0,0,0,1,0.194,0.1287,0.3227,,,,,,,,,,,,,,,,,48.07959694232106,1.046,40,10,288,156,133,23,17.618397,0,ok,logs/seed_470037.log
139891,irt_only,GHEFT,0,0.0,0,0,1,0.2514,0.1716,0.423,,,,,,,,,,,,,,,,,46.546635517766504,1.2575,45,11,314,158,136,22,20.242522,0,ok,logs/seed_139891.log
42632,irt_only,GHEFT,0,0.0,0,0,1,0.2245,0.1494,0.3739,,,,,,,,,,,,,,,,,43.16062314566577,1.077,50,12,332,158,135,23,20.299915,0,ok,logs/seed_42632.log
895786,irt_only,GHEFT,0,0.0,0,0,1,0.2474,0.12,0.3674,,,,,,,,,,,,,,,,,40.627401,1.2304,49,9,321,147,121,26,21.079544,0,ok,logs/seed_895786.log
970436,irt_only,GHEFT,0,0.0,0,0,1,0.2243,0.1332,0.3575,,,,,,,,,,,,,,,,,44.665826623840104,1.1386,46,9,310,156,130,26,19.242147,0,ok,logs/seed_970436.log
379750,irt_only,GHEFT,0,0.0,0,0,1,0.247,0.1552,0.4022,,,,,,,,,,,,,,,,,44.732806167706165,1.317,59,17,340,204,133,71,18.263847,0,ok,logs/seed_379750.log
653227,irt_only,GHEFT,0,0.0,0,0,1,0.2173,0.1438,0.3611,,,,,,,,,,,,,,,,,44.54400697232339,1.1466,51,11,357,182,143,39,23.676445,0,ok,logs/seed_653227.log
799540,irt_only,GHEFT,0,0.0,0,0,1,0.2363,0.1311,0.3674,,,,,,,,,,,,,,,,,48.214257371490284,1.1354,45,11,323,159,136,23,17.534147,0,ok,logs/seed_799540.log
514750,irt_only,GHEFT,0,0.0,0,0,1,0.2267,0.1742,0.4009,,,,,,,,,,,,,,,,,60.08092024500322,1.4499,49,11,314,159,121,38,20.176402,0,ok,logs/seed_514750.log
206242,irt_only,GHEFT,0,0.0,0,0,1,0.2149,0.1584,0.3733,,,,,,,,,,,,,,,,,44.926306451612895,1.0925,54,14,347,178,130,48,22.943609,0,ok,logs/seed_206242.log
622844,irt_only,GHEFT,0,0.0,0,0,1,0.2201,0.1476,0.3677,,,,,,,,,,,,,,,,,46.6626761633987,1.1371,49,11,299,157,130,27,19.011642,0,ok,logs/seed_622844.log
366108,irt_only,GHEFT,0,0.0,0,0,1,0.2073,0.1286,0.3359,,,,,,,,,,,,,,,,,46.24960162825279,1.1591,52,12,309,170,136,34,21.541785,0,ok,logs/seed_366108.log
968837,irt_only,GHEFT,0,0.0,0,0,1,0.2051,0.1413,0.3464,,,,,,,,,,,,,,,,,52.24007643020596,1.2032,52,11,305,141,111,30,23.545573,0,ok,logs/seed_968837.log
981812,irt_only,GHEFT,0,0.0,0,0,1,0.2427,0.1219,0.3646,,,,,,,,,,,,,,,,,40.81755621890547,1.039,49,12,295,154,127,27,12.370879,0,ok,logs/seed_981812.log
569345,irt_only,GHEFT,0,0.0,0,0,1,0.2013,0.1208,0.3221,,,,,,,,,,,,,,,,,49.36522164813605,1.3414,43,12,332,168,134,34,23.360936,0,ok,logs/seed_569345.log
861379,irt_only,GHEFT,0,0.0,0,0,1,0.2451,0.1666,0.4117,,,,,,,,,,,,,,,,,47.07866534653465,1.0615,48,11,336,158,116,42,21.239312,0,ok,logs/seed_861379.log
339822,irt_only,GHEFT,0,0.0,0,0,1,0.2266,0.1497,0.3763,,,,,,,,,,,,,,,,,42.91288264208909,1.1105,49,12,307,166,130,36,20.564667,0,ok,logs/seed_339822.log
123042,irt_only,GHEFT,0,0.0,0,0,1,0.2262,0.1651,0.3913,,,,,,,,,,,,,,,,,43.27651907248497,1.1708,58,12,351,171,135,36,20.882095,0,ok,logs/seed_123042.log
596168,irt_only,GHEFT,0,0.0,0,0,1,0.2613,0.1836,0.4449,,,,,,,,,,,,,,,,,45.542786567164185,1.2288,45,12,340,168,121,47,19.904494,0,ok,logs/seed_596168.log
486023,irt_only,GHEFT,0,0.0,0,0,1,0.2299,0.1598,0.3897,,,,,,,,,,,,,,,,,40.088909195402294,1.1225,51,14,328,178,136,42,20.237051,0,ok,logs/seed_486023.log
192534,irt_only,GHEFT,0,0.0,0,0,1,0.249,0.1294,0.3784,,,,,,,,,,,,,,,,,34.40460476190476,1.24,44,12,304,150,119,31,18.890778,0,ok,logs/seed_192534.log
658744,irt_only,GHEFT,0,0.0,0,0,1,0.2316,0.1368,0.3684,,,,,,,,,,,,,,,,,47.00246620775969,1.4329,39,9,326,142,108,34,16.832067,0,ok,logs/seed_658744.log
643336,irt_only,GHEFT,0,0.0,0,0,1,0.2202,0.1606,0.3808,,,,,,,,,,,,,,,,,50.622249485949276,1.3751,43,9,315,136,110,26,17.371335,0,ok,logs/seed_643336.log
320706,irt_only,GHEFT,0,0.0,0,0,1,0.2084,0.1499,0.3583,,,,,,,,,,,,,,,,,50.63327457044674,1.2834,53,11,328,160,131,29,17.776396,0,ok,logs/seed_320706.log
314687,irt_only,GHEFT,0,0.0,0,0,1,0.2427,0.2003,0.443,,,,,,,,,,,,,,,,,47.11109804221636,1.1849,47,11,315,154,123,31,16.662416,0,ok,logs/seed_314687.log
713744,irt_only,GHEFT,0,0.0,0,0,1,0.2298,0.1596,0.3894,,,,,,,,,,,,,,,,,55.21215852090033,1.2006,49,11,302,167,130,37,17.157431,0,ok,logs/seed_713744.log
753976,irt_only,GHEFT,0,0.0,0,0,1,0.2127,0.1391,0.3518,,,,,,,,,,,,,,,,,51.76746440460949,1.1699,46,11,318,162,121,41,13.910812,0,ok,logs/seed_753976.log
497232,irt_only,GHEFT,0,0.0,0,0,1,0.1973,0.1188,0.3161,,,,,,,,,,,,,,,,,54.00792113564669,1.2537,45,10,321,164,135,29,16.700737,0,ok,logs/seed_497232.log
49920,irt_only,GHEFT,0,0.0,0,0,1,0.2468,0.1332,0.38,,,,,,,,,,,,,,,,,46.38272877535688,1.3733,46,11,312,163,129,34,20.514385,0,ok,logs/seed_49920.log
356886,irt_only,GHEFT,0,0.0,0,0,1,0.224,0.1445,0.3685,,,,,,,,,,,,,,,,,53.426916560509554,1.0753,41,10,310,143,119,24,21.208635,0,ok,logs/seed_356886.log
312086,irt_only,GHEFT,0,0.0,0,0,1,0.2509,0.1749,0.4258,,,,,,,,,,,,,,,,,45.50084444444444,1.0529,47,13,309,153,113,40,18.882395,0,ok,logs/seed_312086.log
476905,irt_only,GHEFT,0,0.0,0,0,1,0.2052,0.1247,0.3299,,,,,,,,,,,,,,,,,49.3075962665135,1.0372,41,11,314,157,122,35,19.092773,0,ok,logs/seed_476905.log
719484,irt_only,GHEFT,0,0.0,0,0,1,0.2316,0.1415,0.3731,,,,,,,,,,,,,,,,,50.645846386333766,1.3181,50,12,327,180,137,43,20.567648,0,ok,logs/seed_719484.log
249083,irt_only,GHEFT,0,0.0,0,0,1,0.2149,0.1889,0.4038,,,,,,,,,,,,,,,,,58.356530434782606,1.1891,42,11,308,156,130,26,20.378089,0,ok,logs/seed_249083.log
937244,irt_only,GHEFT,0,0.0,0,0,1,0.2151,0.1407,0.3558,,,,,,,,,,,,,,,,,50.957710704960846,1.2695,45,11,300,151,124,27,17.008713,0,ok,logs/seed_937244.log
384033,irt_only,GHEFT,0,0.0,0,0,1,0.2344,0.1579,0.3923,,,,,,,,,,,,,,,,,49.633863150867846,1.6249,48,12,303,181,142,39,18.138459,0,ok,logs/seed_384033.log
961144,irt_only,GHEFT,0,0.0,0,0,1,0.221,0.121,0.342,,,,,,,,,,,,,,,,,54.485208365019005,1.2445,52,11,341,176,154,22,22.695995,0,ok,logs/seed_961144.log
210154,irt_only,GHEFT,0,0.0,0,0,1,0.24,0.1464,0.3864,,,,,,,,,,,,,,,,,57.72148103683492,1.2979,48,10,326,171,122,49,19.568081,0,ok,logs/seed_210154.log
851207,irt_only,GHEFT,0,0.0,0,0,1,0.2388,0.1732,0.412,,,,,,,,,,,,,,,,,42.456341025641024,1.1414,53,10,327,158,121,37,22.81773,0,ok,logs/seed_851207.log
212767,irt_only,GHEFT,0,0.0,0,0,1,0.2455,0.1867,0.4322,,,,,,,,,,,,,,,,,50.96358361581922,1.2133,44,10,328,148,122,26,23.258898,0,ok,logs/seed_212767.log
678022,irt_only,GHEFT,0,0.0,0,0,1,0.2344,0.1383,0.3727,,,,,,,,,,,,,,,,,53.16679650067295,1.3223,49,10,325,164,132,32,19.613153,0,ok,logs/seed_678022.log
455592,irt_only,GHEFT,0,0.0,0,0,1,0.1975,0.1181,0.3156,,,,,,,,,,,,,,,,,45.405847139903514,1.4672,52,12,335,186,141,45,15.707957,0,ok,logs/seed_455592.log
722649,irt_only,GHEFT,0,0.0,0,0,1,0.2246,0.1595,0.3841,,,,,,,,,,,,,,,,,75.90263626209978,1.3303,51,11,317,174,151,23,17.057834,0,ok,logs/seed_722649.log
903504,irt_only,GHEFT,0,0.0,0,0,1,0.2149,0.1351,0.35,,,,,,,,,,,,,,,,,55.455209980806146,1.1186,52,11,321,186,125,61,13.258803,0,ok,logs/seed_903504.log
505056,irt_only,GHEFT,0,0.0,0,0,1,0.2114,0.1347,0.3461,,,,,,,,,,,,,,,,,47.45972113422819,1.1546,56,14,359,204,147,57,22.048261,0,ok,logs/seed_505056.log
688540,irt_only,GHEFT,0,0.0,0,0,1,0.2303,0.1252,0.3555,,,,,,,,,,,,,,,,,42.765121549031846,1.2333,47,11,352,169,136,33,16.245435,0,ok,logs/seed_688540.log
946226,irt_only,GHEFT,0,0.0,0,0,1,0.2238,0.1243,0.3481,,,,,,,,,,,,,,,,,38.01301633057713,1.0981,49,12,312,154,119,35,15.228965,0,ok,logs/seed_946226.log
661374,irt_only,GHEFT,0,0.0,0,0,1,0.2527,0.1348,0.3875,,,,,,,,,,,,,,,,,54.876955341479466,1.3327,52,12,317,182,140,42,17.39259,0,ok,logs/seed_661374.log
242135,irt_only,GHEFT,0,0.0,0,0,1,0.247,0.1648,0.4118,,,,,,,,,,,,,,,,,45.15981324921135,1.1843,52,12,325,158,131,27,17.495572,0,ok,logs/seed_242135.log
688344,irt_only,GHEFT,0,0.0,0,0,1,0.2287,0.143,0.3717,,,,,,,,,,,,,,,,,42.31998789211619,1.0751,50,11,323,181,141,40,16.340145,0,ok,logs/seed_688344.log
676678,irt_only,GHEFT,0,0.0,0,0,1,0.2247,0.1525,0.3772,,,,,,,,,,,,,,,,,45.83628571428571,1.0652,53,13,335,195,158,37,19.812326,0,ok,logs/seed_676678.log
792505,irt_only,GHEFT,0,0.0,0,0,1,0.2439,0.1346,0.3785,,,,,,,,,,,,,,,,,40.752223665893275,1.2539,48,12,317,156,124,32,14.984948,0,ok,logs/seed_792505.log
119891,irt_only,GHEFT,0,0.0,0,0,1,0.2409,0.1414,0.3823,,,,,,,,,,,,,,,,,43.437884869326005,1.177,53,14,332,171,139,32,18.856658,0,ok,logs/seed_119891.log
929476,irt_only,GHEFT,0,0.0,0,0,1,0.2491,0.1799,0.429,,,,,,,,,,,,,,,,,43.03425554545455,1.4149,59,14,350,188,130,58,20.980937,0,ok,logs/seed_929476.log
547221,irt_only,GHEFT,0,0.0,0,0,1,0.2346,0.1633,0.3979,,,,,,,,,,,,,,,,,44.90156842081448,1.122,52,11,327,164,132,32,15.530221,0,ok,logs/seed_547221.log
706430,irt_only,GHEFT,0,0.0,0,0,1,0.2235,0.1559,0.3794,,,,,,,,,,,,,,,,,40.423300000000005,1.0413,48,11,322,162,116,46,16.525753,0,ok,logs/seed_706430.log
637356,irt_only,GHEFT,0,0.0,0,0,1,0.1891,0.1157,0.3048,,,,,,,,,,,,,,,,,49.78923395638629,1.0679,40,9,296,157,147,10,19.890976,0,ok,logs/seed_637356.log
120701,irt_only,GHEFT,0,0.0,0,0,1,0.2261,0.1739,0.4,,,,,,,,,,,,,,,,,47.634719573551266,1.1798,55,13,317,165,115,50,18.692517,0,ok,logs/seed_120701.log
758600,irt_only,GHEFT,0,0.0,0,0,1,0.2556,0.1689,0.4245,,,,,,,,,,,,,,,,,42.03514050617284,1.2345,53,12,341,182,138,44,14.837211,0,ok,logs/seed_758600.log
201383,irt_only,GHEFT,0,0.0,0,0,1,0.1978,0.141,0.3388,,,,,,,,,,,,,,,,,46.88593855421687,1.1791,36,10,308,132,104,28,18.881854,0,ok,logs/seed_201383.log
18464,irt_only,GHEFT,0,0.0,0,0,1,0.2702,0.1927,0.4629,,,,,,,,,,,,,,,,,41.19878720689655,1.1592,54,13,303,164,118,46,14.859427,0,ok,logs/seed_18464.log
291280,irt_only,GHEFT,0,0.0,0,0,1,0.1876,0.1216,0.3092,,,,,,,,,,,,,,,,,56.331726143790846,1.1239,55,12,350,169,137,32,15.982157,0,ok,logs/seed_291280.log
869924,irt_only,GHEFT,0,0.0,0,0,1,0.2258,0.1259,0.3517,,,,,,,,,,,,,,,,,48.8938053412463,1.0779,52,11,313,159,129,30,12.454986,0,ok,logs/seed_869924.log
159410,irt_only,GHEFT,0,0.0,0,0,1,0.2525,0.1333,0.3858,,,,,,,,,,,,,,,,,44.585409413067566,1.43,58,14,318,174,125,49,16.534363,0,ok,logs/seed_159410.log
742494,irt_only,GHEFT,0,0.0,0,0,1,0.2542,0.1561,0.4103,,,,,,,,,,,,,,,,,48.49961699346406,1.0847,54,12,332,184,147,37,19.504911,0,ok,logs/seed_742494.log
597622,irt_only,GHEFT,0,0.0,0,0,1,0.2282,0.1544,0.3826,,,,,,,,,,,,,,,,,63.21469999999999,1.4683,57,12,335,201,162,39,16.582077,0,ok,logs/seed_597622.log
678698,irt_only,GHEFT,0,0.0,0,0,1,0.2532,0.1919,0.4451,,,,,,,,,,,,,,,,,43.66366920877819,1.0958,53,13,317,182,145,37,17.441074,0,ok,logs/seed_678698.log
456139,irt_only,GHEFT,0,0.0,0,0,1,0.2406,0.1389,0.3795,,,,,,,,,,,,,,,,,41.62189884963023,1.192,46,9,304,148,116,32,13.802625,0,ok,logs/seed_456139.log
992767,irt_only,GHEFT,0,0.0,0,0,1,0.2086,0.1486,0.3572,,,,,,,,,,,,,,,,,47.7698810725552,1.1633,52,12,315,178,131,47,17.334398,0,ok,logs/seed_992767.log
944808,irt_only,GHEFT,0,0.0,0,0,1,0.2158,0.1488,0.3646,,,,,,,,,,,,,,,,,54.622795446880275,1.2904,44,10,332,152,110,42,16.063638,0,ok,logs/seed_944808.log
815988,irt_only,GHEFT,0,0.0,0,0,1,0.2398,0.1511,0.3909,,,,,,,,,,,,,,,,,48.61754645858344,1.2612,50,12,318,171,133,38,11.707513,0,ok,logs/seed_815988.log
957888,irt_only,GHEFT,0,0.0,0,0,1,0.2348,0.1249,0.3597,,,,,,,,,,,,,,,,,37.916970842654734,1.189,50,11,329,160,130,30,14.55482,0,ok,logs/seed_957888.log
894642,irt_only,GHEFT,0,0.0,0,0,1,0.2066,0.1619,0.3685,,,,,,,,,,,,,,,,,47.57091650485437,1.1662,45,11,310,164,126,38,16.948584,0,ok,logs/seed_894642.log
19043,irt_only,GHEFT,0,0.0,0,0,1,0.2087,0.1614,0.3701,,,,,,,,,,,,,,,,,74.52888299096138,1.4942,43,9,317,144,108,36,14.544399,0,ok,logs/seed_19043.log
333312,irt_only,GHEFT,0,0.0,0,0,1,0.2083,0.1279,0.3362,,,,,,,,,,,,,,,,,56.3594424677188,1.2376,50,9,304,173,138,35,17.262185,0,ok,logs/seed_333312.log
652708,irt_only,GHEFT,0,0.0,0,0,1,0.2451,0.1994,0.4445,,,,,,,,,,,,,,,,,47.443939730639734,1.1118,47,10,326,157,124,33,17.081496,0,ok,logs/seed_652708.log
484858,irt_only,GHEFT,0,0.0,0,0,1,0.1986,0.1187,0.3173,,,,,,,,,,,,,,,,,75.95586530134581,1.4364,49,14,306,189,136,53,14.233446,0,ok,logs/seed_484858.log
260711,irt_only,GHEFT,0,0.0,0,0,1,0.2238,0.1477,0.3715,,,,,,,,,,,,,,,,,41.25389457364341,1.0735,47,12,353,168,105,63,17.40087,0,ok,logs/seed_260711.log
260575,irt_only,GHEFT,0,0.0,0,0,1,0.2149,0.15,0.3649,,,,,,,,,,,,,,,,,55.40904813162299,1.4457,50,12,332,194,146,48,14.297366,0,ok,logs/seed_260575.log
814681,irt_only,GHEFT,0,0.0,0,0,1,0.2355,0.1884,0.4239,,,,,,,,,,,,,,,,,41.31807602256699,1.283,50,15,316,184,128,56,13.088337,0,ok,logs/seed_814681.log
593980,irt_only,GHEFT,0,0.0,0,0,1,0.211,0.1183,0.3293,,,,,,,,,,,,,,,,,55.222618181818184,1.1405,48,10,316,156,128,28,17.347645,0,ok,logs/seed_593980.log
784003,irt_only,GHEFT,0,0.0,0,0,1,0.2335,0.1314,0.3649,,,,,,,,,,,,,,,,,47.9921469672301,1.2831,46,12,325,155,119,36,20.267698,0,ok,logs/seed_784003.log
782732,irt_only,GHEFT,0,0.0,0,0,1,0.2084,0.1153,0.3237,,,,,,,,,,,,,,,,,42.597357374233134,1.1782,43,10,305,135,111,24,16.68236,0,ok,logs/seed_782732.log
498415,irt_only,GHEFT,0,0.0,0,0,1,0.2447,0.1704,0.4151,,,,,,,,,,,,,,,,,42.88801711079944,1.2566,54,13,333,177,147,30,18.227156,0,ok,logs/seed_498415.log
433902,irt_only,GHEFT,0,0.0,0,0,1,0.2427,0.1662,0.4089,,,,,,,,,,,,,,,,,47.2497318002628,1.2416,44,10,312,148,121,27,14.81397,0,ok,logs/seed_433902.log
673000,irt_only,GHEFT,0,0.0,0,0,1,0.196,0.1369,0.3329,,,,,,,,,,,,,,,,,56.149899999999995,1.2205,51,13,315,166,133,33,18.480273,0,ok,logs/seed_673000.log
797543,irt_only,GHEFT,0,0.0,0,0,1,0.2296,0.158,0.3876,,,,,,,,,,,,,,,,,41.466,1.1602,48,12,328,165,141,24,13.140179,0,ok,logs/seed_797543.log
466915,irt_only,GHEFT,0,0.0,0,0,1,0.2246,0.1421,0.3667,,,,,,,,,,,,,,,,,43.96175820895522,1.1131,49,12,306,169,124,45,11.676436,0,ok,logs/seed_466915.log
252114,irt_only,GHEFT,0,0.0,0,0,1,0.244,0.1442,0.3882,,,,,,,,,,,,,,,,,57.052951385390436,1.5061,39,9,314,155,122,33,13.271394,0,ok,logs/seed_252114.log
898797,irt_only,GHEFT,0,0.0,0,0,1,0.2216,0.1491,0.3707,,,,,,,,,,,,,,,,,43.40950331786396,1.1052,48,11,329,161,133,28,17.213671,0,ok,logs/seed_898797.log
160378,irt_only,GHEFT,0,0.0,0,0,1,0.1992,0.1389,0.3381,,,,,,,,,,,,,,,,,57.00135339805824,1.4348,44,11,300,156,125,31,14.038625,0,ok,logs/seed_160378.log
627275,irt_only,GHEFT,0,0.0,0,0,1,0.2136,0.1342,0.3478,,,,,,,,,,,,,,,,,52.46305811373092,1.1994,46,13,317,182,142,40,13.773447,0,ok,logs/seed_627275.log
338928,irt_only,GHEFT,0,0.0,0,0,1,0.1986,0.1218,0.3204,,,,,,,,,,,,,,,,,54.27544788979699,1.0378,41,8,309,144,115,29,16.200055,0,ok,logs/seed_338928.log
509757,irt_only,GHEFT,0,0.0,0,0,1,0.2295,0.1469,0.3764,,,,,,,,,,,,,,,,,54.227783481481474,1.3397,50,10,313,157,126,31,15.322281,0,ok,logs/seed_509757.log
919077,irt_only,GHEFT,0,0.0,0,0,1,0.1991,0.1056,0.3047,,,,,,,,,,,,,,,,,69.22147802197803,1.0308,44,10,307,145,114,31,12.849062,0,ok,logs/seed_919077.log
347640,irt_only,GHEFT,0,0.0,0,0,1,0.2297,0.144,0.3737,,,,,,,,,,,,,,,,,49.16126894331655,1.2177,50,13,301,186,146,40,12.015905,0,ok,logs/seed_347640.log
322288,irt_only,GHEFT,0,0.0,0,0,1,0.199,0.1434,0.3424,,,,,,,,,,,,,,,,,48.45136133828996,1.2696,47,11,321,167,131,36,15.475262,0,ok,logs/seed_322288.log
727120,irt_only,GHEFT,0,0.0,0,0,1,0.2261,0.191,0.4171,,,,,,,,,,,,,,,,,43.37704351145039,1.2213,55,12,328,168,141,27,15.290044,0,ok,logs/seed_727120.log
427897,irt_only,GHEFT,0,0.0,0,0,1,0.2375,0.1566,0.3941,,,,,,,,,,,,,,,,,58.41756189735615,1.7352,54,13,325,186,138,48,19.047563,0,ok,logs/seed_427897.log
734330,irt_only,GHEFT,0,0.0,0,0,1,0.215,0.1216,0.3366,,,,,,,,,,,,,,,,,45.516337232524954,1.0607,59,12,338,163,126,37,13.86186,0,ok,logs/seed_734330.log
858654,irt_only,GHEFT,0,0.0,0,0,1,0.197,0.1237,0.3207,,,,,,,,,,,,,,,,,44.522146199497804,1.266,47,11,337,172,142,30,17.217432,0,ok,logs/seed_858654.log
958351,irt_only,GHEFT,0,0.0,0,0,1,0.2162,0.1918,0.408,,,,,,,,,,,,,,,,,43.323858730158726,1.403,46,13,318,159,119,40,17.655313,0,ok,logs/seed_958351.log
40504,irt_only,GHEFT,0,0.0,0,0,1,0.2315,0.1705,0.402,,,,,,,,,,,,,,,,,44.924283045525904,1.2257,48,10,316,153,122,31,15.174683,0,ok,logs/seed_40504.log
330355,irt_only,GHEFT,0,0.0,0,0,1,0.2419,0.1427,0.3846,,,,,,,,,,,,,,,,,40.7455,1.1114,45,10,306,162,127,35,12.63455,0,ok,logs/seed_330355.log
497350,irt_only,GHEFT,0,0.0,0,0,1,0.2185,0.1591,0.3776,,,,,,,,,,,,,,,,,57.263339860139865,1.5187,52,11,309,172,129,43,13.744306,0,ok,logs/seed_497350.log
884312,irt_only,GHEFT,0,0.0,0,0,1,0.244,0.1376,0.3816,,,,,,,,,,,,,,,,,41.465860972017666,1.1645,45,10,301,142,115,27,10.745397,0,ok,logs/seed_884312.log
157239,irt_only,GHEFT,0,0.0,0,0,1,0.2107,0.127,0.3377,,,,,,,,,,,,,,,,,48.534169863013695,1.2318,44,12,335,170,138,32,15.019073,0,ok,logs/seed_157239.log
800522,irt_only,GHEFT,0,0.0,0,0,1,0.2249,0.1257,0.3506,,,,,,,,,,,,,,,,,46.71388111888111,1.0515,50,12,337,166,126,40,14.177583,0,ok,logs/seed_800522.log
659473,irt_only,GHEFT,0,0.0,0,0,1,0.2482,0.1439,0.3921,,,,,,,,,,,,,,,,,57.93469992652462,1.0147,51,12,330,170,137,33,17.556559,0,ok,logs/seed_659473.log
246166,irt_only,GHEFT,0,0.0,0,0,1,0.2409,0.1357,0.3766,,,,,,,,,,,,,,,,,42.744876697469735,1.2124,46,13,315,165,118,47,13.308769,0,ok,logs/seed_246166.log
91598,irt_only,GHEFT,0,0.0,0,0,1,0.2329,0.1559,0.3888,,,,,,,,,,,,,,,,,39.932027272727275,1.1012,46,11,313,150,111,39,13.496736,0,ok,logs/seed_91598.log
197720,irt_only,GHEFT,0,0.0,0,0,1,0.2463,0.1817,0.428,,,,,,,,,,,,,,,,,48.952270110681106,1.1587,56,12,360,190,146,44,14.291392,0,ok,logs/seed_197720.log
209503,irt_only,GHEFT,0,0.0,0,0,1,0.2294,0.1477,0.3771,,,,,,,,,,,,,,,,,47.80371989381834,1.0563,46,9,327,153,115,38,13.210854,0,ok,logs/seed_209503.log
722755,irt_only,GHEFT,0,0.0,0,0,1,0.2521,0.1542,0.4063,,,,,,,,,,,,,,,,,47.0193,1.3518,61,14,344,178,132,46,13.798896,0,ok,logs/seed_722755.log
161572,irt_only,GHEFT,0,0.0,0,0,1,0.2201,0.1375,0.3576,,,,,,,,,,,,,,,,,41.82599656992085,1.1236,42,11,299,159,126,33,10.65954,0,ok,logs/seed_161572.log
134796,irt_only,GHEFT,0,0.0,0,0,1,0.2305,0.1632,0.3937,,,,,,,,,,,,,,,,,38.12070384615385,1.1244,40,9,296,128,104,24,9.017001,0,ok,logs/seed_134796.log
183408,irt_only,GHEFT,0,0.0,0,0,1,0.1922,0.1234,0.3156,,,,,,,,,,,,,,,,,48.757811825833684,1.2857,45,9,329,142,119,23,14.930451,0,ok,logs/seed_183408.log
591958,irt_only,GHEFT,0,0.0,0,0,1,0.2245,0.1466,0.3711,,,,,,,,,,,,,,,,,44.664585997171145,1.4466,53,11,308,158,124,34,14.801345,0,ok,logs/seed_591958.log
767374,irt_only,GHEFT,0,0.0,0,0,1,0.236,0.1743,0.4103,,,,,,,,,,,,,,,,,46.45734881889763,1.3263,51,11,318,153,111,42,13.099529,0,ok,logs/seed_767374.log
718905,irt_only,GHEFT,0,0.0,0,0,1,0.2473,0.1553,0.4026,,,,,,,,,,,,,,,,,45.32057310252997,1.0706,54,13,302,159,121,38,13.828132,0,ok,logs/seed_718905.log
459821,irt_only,GHEFT,0,0.0,0,0,1,0.2145,0.1313,0.3458,,,,,,,,,,,,,,,,,49.63982195121952,1.2739,54,12,332,190,140,50,17.892462,0,ok,logs/seed_459821.log
520213,irt_only,GHEFT,0,0.0,0,0,1,0.2448,0.1569,0.4017,,,,,,,,,,,,,,,,,45.81064908062235,1.1792,47,10,301,140,111,29,12.194605,0,ok,logs/seed_520213.log
779780,irt_only,GHEFT,0,0.0,0,0,1,0.2102,0.1188,0.329,,,,,,,,,,,,,,,,,48.383006397306396,1.0455,46,13,316,167,127,40,14.186876,0,ok,logs/seed_779780.log
213946,irt_only,GHEFT,0,0.0,0,0,1,0.2196,0.1239,0.3435,,,,,,,,,,,,,,,,,44.0114,1.1846,45,11,331,165,124,41,16.70819,0,ok,logs/seed_213946.log
169838,irt_only,GHEFT,0,0.0,0,0,1,0.2572,0.1653,0.4225,,,,,,,,,,,,,,,,,45.21656959734822,1.2242,44,11,324,177,142,35,12.392337,0,ok,logs/seed_169838.log
877886,irt_only,GHEFT,0,0.0,0,0,1,0.2312,0.1449,0.3761,,,,,,,,,,,,,,,,,51.87947541478129,1.0275,52,10,327,152,117,35,17.495559,0,ok,logs/seed_877886.log
851849,irt_only,GHEFT,0,0.0,0,0,1,0.236,0.1611,0.3971,,,,,,,,,,,,,,,,,44.94926163522011,1.4656,48,12,332,169,125,44,13.333173,0,ok,logs/seed_851849.log
979912,irt_only,GHEFT,0,0.0,0,0,1,0.2341,0.1739,0.408,,,,,,,,,,,,,,,,,40.60114339592183,1.1608,52,11,344,173,145,28,15.444816,0,ok,logs/seed_979912.log
694168,irt_only,GHEFT,0,0.0,0,0,1,0.2165,0.1119,0.3284,,,,,,,,,,,,,,,,,45.488394586698334,1.165,47,11,343,163,130,33,15.165317,0,ok,logs/seed_694168.log
866262,irt_only,GHEFT,0,0.0,0,0,1,0.2117,0.1323,0.344,,,,,,,,,,,,,,,,,40.88427685093797,1.3098,47,11,311,160,129,31,10.327984,0,ok,logs/seed_866262.log
208768,irt_only,GHEFT,0,0.0,0,0,1,0.2028,0.1347,0.3375,,,,,,,,,,,,,,,,,57.05304556803995,1.1665,52,12,335,181,148,33,15.36484,0,ok,logs/seed_208768.log
23792,irt_only,GHEFT,0,0.0,0,0,1,0.2177,0.1222,0.3399,,,,,,,,,,,,,,,,,41.37347454289733,1.0866,54,11,353,177,130,47,16.849489,0,ok,logs/seed_23792.log
517603,irt_only,GHEFT,0,0.0,0,0,1,0.1993,0.111,0.3103,,,,,,,,,,,,,,,,,54.236979234972665,1.0808,39,9,302,136,114,22,14.195494,0,ok,logs/seed_517603.log
438614,irt_only,GHEFT,0,0.0,0,0,1,0.2357,0.1593,0.395,,,,,,,,,,,,,,,,,57.54943814616755,1.386,47,10,305,161,126,35,13.559729,0,ok,logs/seed_438614.log
358432,irt_only,GHEFT,0,0.0,0,0,1,0.1933,0.1253,0.3186,,,,,,,,,,,,,,,,,41.3442619047619,1.3267,45,12,315,167,121,46,11.519586,0,ok,logs/seed_358432.log
726885,irt_only,GHEFT,0,0.0,0,0,1,0.2276,0.1571,0.3847,,,,,,,,,,,,,,,,,52.29328494208493,1.2586,49,10,317,155,114,41,11.395011,0,ok,logs/seed_726885.log
985503,irt_only,GHEFT,0,0.0,0,0,1,0.2145,0.1322,0.3467,,,,,,,,,,,,,,,,,50.20905527462947,1.2604,44,11,319,174,137,37,15.156557,0,ok,logs/seed_985503.log
100872,irt_only,GHEFT,0,0.0,0,0,1,0.2286,0.127,0.3556,,,,,,,,,,,,,,,,,39.99683592017739,1.1109,55,12,330,162,118,44,15.195889,0,ok,logs/seed_100872.log
571275,irt_only,GHEFT,0,0.0,0,0,1,0.2296,0.1674,0.397,,,,,,,,,,,,,,,,,46.16567225645439,1.278,49,11,302,176,146,30,11.990417,0,ok,logs/seed_571275.log
304516,irt_only,GHEFT,0,0.0,0,0,1,0.2211,0.1155,0.3366,,,,,,,,,,,,,,,,,40.49707363922519,1.0366,47,11,328,163,123,40,11.302162,0,ok,logs/seed_304516.log
986627,irt_only,GHEFT,0,0.0,0,0,1,0.2489,0.1316,0.3805,,,,,,,,,,,,,,,,,40.69849166666667,1.0456,49,10,306,152,119,33,11.216276,0,ok,logs/seed_986627.log
770441,irt_only,GHEFT,0,0.0,0,0,1,0.2132,0.1497,0.3629,,,,,,,,,,,,,,,,,47.584043182648415,1.0783,49,13,338,193,164,29,12.922513,0,ok,logs/seed_770441.log
153406,irt_only,GHEFT,0,0.0,0,0,1,0.2239,0.1583,0.3822,,,,,,,,,,,,,,,,,58.88261638461538,1.6216,54,10,325,168,136,32,11.894177,0,ok,logs/seed_153406.log
912001,irt_only,GHEFT,0,0.0,0,0,1,0.2045,0.1269,0.3314,,,,,,,,,,,,,,,,,45.422776216968025,1.0602,51,13,328,158,124,34,11.788565,0,ok,logs/seed_912001.log
888595,irt_only,GHEFT,0,0.0,0,0,1,0.22,0.1315,0.3515,,,,,,,,,,,,,,,,,43.12225442247659,1.2495,51,11,331,168,128,40,11.587578,0,ok,logs/seed_888595.log
446012,irt_only,GHEFT,0,0.0,0,0,1,0.2354,0.1577,0.3931,,,,,,,,,,,,,,,,,42.6197310298446,1.2231,52,13,306,169,123,46,9.318665,0,ok,logs/seed_446012.log
93464,irt_only,GHEFT,0,0.0,0,0,1,0.2254,0.1388,0.3642,,,,,,,,,,,,,,,,,38.22116332453827,1.1652,47,11,324,166,125,41,12.564578,0,ok,logs/seed_93464.log
936641,irt_only,GHEFT,0,0.0,0,0,1,0.2387,0.1584,0.3971,,,,,,,,,,,,,,,,,44.890506593406585,1.1276,52,11,323,169,130,39,13.112622,0,ok,logs/seed_936641.log
739948,irt_only,GHEFT,0,0.0,0,0,1,0.1917,0.1112,0.3029,,,,,,,,,,,,,,,,,44.62676977329975,1.3195,41,12,311,160,116,44,13.803294,0,ok,logs/seed_739948.log
62927,irt_only,GHEFT,0,0.0,0,0,1,0.2489,0.1405,0.3894,,,,,,,,,,,,,,,,,39.99332312138728,1.0686,39,10,308,136,93,43,12.802438,0,ok,logs/seed_62927.log
648277,irt_only,GHEFT,0,0.0,0,0,1,0.241,0.1849,0.4259,,,,,,,,,,,,,,,,,50.346535756385066,1.2709,48,12,312,166,117,49,10.418768,0,ok,logs/seed_648277.log
297455,irt_only,GHEFT,0,0.0,0,0,1,0.2205,0.1451,0.3656,,,,,,,,,,,,,,,,,51.356744486692016,1.1711,47,11,325,147,114,33,14.252729,0,ok,logs/seed_297455.log
928299,irt_only,GHEFT,0,0.0,0,0,1,0.2305,0.1607,0.3912,,,,,,,,,,,,,,,,,43.46051234567903,1.267,56,12,334,192,138,54,11.41354,0,ok,logs/seed_928299.log
296307,irt_only,GHEFT,0,0.0,0,0,1,0.2355,0.1649,0.4004,,,,,,,,,,,,,,,,,43.5612231281198,1.251,54,13,343,193,133,60,15.043347,0,ok,logs/seed_296307.log
732766,irt_only,GHEFT,0,0.0,0,0,1,0.2439,0.1446,0.3885,,,,,,,,,,,,,,,,,51.16222906100069,1.1474,45,10,324,151,126,25,11.896515,0,ok,logs/seed_732766.log
399011,irt_only,GHEFT,0,0.0,0,0,1,0.2268,0.1762,0.403,,,,,,,,,,,,,,,,,41.98751212364946,1.3884,43,12,301,171,131,40,10.80696,0,ok,logs/seed_399011.log
148624,irt_only,GHEFT,0,0.0,0,0,1,0.229,0.1676,0.3966,,,,,,,,,,,,,,,,,43.25855167548501,1.1574,49,11,324,192,145,47,11.802891,0,ok,logs/seed_148624.log
409113,irt_only,GHEFT,0,0.0,0,0,1,0.2084,0.1364,0.3448,,,,,,,,,,,,,,,,,51.94879590643276,1.0383,48,10,309,176,141,35,11.789909,0,ok,logs/seed_409113.log
459727,irt_only,GHEFT,0,0.0,0,0,1,0.2378,0.1727,0.4105,,,,,,,,,,,,,,,,,44.019600000000004,1.1267,52,10,337,156,121,35,14.907526,0,ok,logs/seed_459727.log
144132,irt_only,GHEFT,0,0.0,0,0,1,0.2083,0.1299,0.3382,,,,,,,,,,,,,,,,,67.9901282051282,1.5009,50,12,316,160,120,40,13.693009,0,ok,logs/seed_144132.log
749046,irt_only,GHEFT,0,0.0,0,0,1,0.2064,0.1254,0.3318,,,,,,,,,,,,,,,,,47.33250830897009,1.2705,39,10,302,144,115,29,9.344492,0,ok,logs/seed_749046.log
324901,irt_only,GHEFT,0,0.0,0,0,1,0.205,0.1274,0.3324,,,,,,,,,,,,,,,,,45.53561119691119,1.2405,48,11,344,151,123,28,13.127104,0,ok,logs/seed_324901.log
786867,irt_only,GHEFT,0,0.0,0,0,1,0.2018,0.1228,0.3246,,,,,,,,,,,,,,,,,46.993888500000004,1.1542,49,11,321,142,120,22,11.94959,0,ok,logs/seed_786867.log
760274,irt_only,GHEFT,0,0.0,0,0,1,0.2338,0.1637,0.3975,,,,,,,,,,,,,,,,,54.82481470588235,1.315,46,11,322,169,136,33,11.929357,0,ok,logs/seed_760274.log
828516,irt_only,GHEFT,0,0.0,0,0,1,0.2151,0.1141,0.3292,,,,,,,,,,,,,,,,,48.42573333333334,1.2055,54,15,298,176,151,25,9.718711,0,ok,logs/seed_828516.log
583657,irt_only,GHEFT,0,0.0,0,0,1,0.2284,0.1573,0.3857,,,,,,,,,,,,,,,,,47.40853322259136,1.007,51,12,326,148,126,22,16.2896,0,ok,logs/seed_583657.log
678530,irt_only,GHEFT,0,0.0,0,0,1,0.209,0.1461,0.3551,,,,,,,,,,,,,,,,,50.444323294723304,1.339,44,11,309,162,123,39,12.559853,0,ok,logs/seed_678530.log
834347,irt_only,GHEFT,0,0.0,0,0,1,0.2187,0.1461,0.3648,,,,,,,,,,,,,,,,,42.92169281006591,1.0812,45,9,320,148,118,30,11.193232,0,ok,logs/seed_834347.log
751299,irt_only,GHEFT,0,0.0,0,0,1,0.2141,0.1218,0.3359,,,,,,,,,,,,,,,,,44.92937956307259,1.2742,51,12,331,167,140,27,12.253186,0,ok,logs/seed_751299.log
47272,irt_only,GHEFT,0,0.0,0,0,1,0.2315,0.1359,0.3674,,,,,,,,,,,,,,,,,44.57585597484276,1.1836,50,13,296,167,121,46,11.002104,0,ok,logs/seed_47272.log
302457,irt_only,GHEFT,0,0.0,0,0,1,0.2147,0.1268,0.3415,,,,,,,,,,,,,,,,,46.969316216216214,1.3074,47,10,326,181,140,41,12.700725,0,ok,logs/seed_302457.log
506952,irt_only,GHEFT,0,0.0,0,0,1,0.2502,0.1351,0.3853,,,,,,,,,,,,,,,,,39.71326421839081,1.3642,46,13,289,171,129,42,10.48613,0,ok,logs/seed_506952.log
153133,irt_only,GHEFT,0,0.0,0,0,1,0.2277,0.1483,0.376,,,,,,,,,,,,,,,,,44.09318639053254,1.1928,55,13,331,170,126,44,12.61281,0,ok,logs/seed_153133.log
470911,irt_only,GHEFT,0,0.0,0,0,1,0.2514,0.1484,0.3998,,,,,,,,,,,,,,,,,42.66294085239852,1.1721,59,12,338,175,131,44,14.373157,0,ok,logs/seed_470911.log
261338,irt_only,GHEFT,0,0.0,0,0,1,0.2237,0.1341,0.3578,,,,,,,,,,,,,,,,,51.80492565597668,1.3147,43,12,314,158,130,28,13.313931,0,ok,logs/seed_261338.log
669829,irt_only,GHEFT,0,0.0,0,0,1,0.2205,0.1403,0.3608,,,,,,,,,,,,,,,,,46.09130533910533,1.1281,44,12,307,158,130,28,11.942426,0,ok,logs/seed_669829.log
681823,irt_only,GHEFT,0,0.0,0,0,1,0.2275,0.1224,0.3499,,,,,,,,,,,,,,,,,44.842413602015114,1.2272,43,12,320,156,119,37,11.797915,0,ok,logs/seed_681823.log
829532,irt_only,GHEFT,0,0.0,0,0,1,0.2223,0.1243,0.3466,,,,,,,,,,,,,,,,,34.3621462242563,1.1586,42,9,306,137,110,27,11.034659,0,ok,logs/seed_829532.log
100374,irt_only,GHEFT,0,0.0,0,0,1,0.2038,0.1246,0.3284,,,,,,,,,,,,,,,,,44.47582588331815,1.122,53,13,348,185,144,41,13.581688,0,ok,logs/seed_100374.log
332803,irt_only,GHEFT,0,0.0,0,0,1,0.2221,0.1566,0.3787,,,,,,,,,,,,,,,,,45.497884261036475,1.0569,52,12,320,155,123,32,11.10561,0,ok,logs/seed_332803.log
857688,irt_only,GHEFT,0,0.0,0,0,1,0.2224,0.1313,0.3537,,,,,,,,,,,,,,,,,52.42542837273991,1.1267,39,9,310,138,108,30,12.142871,0,ok,logs/seed_857688.log
992778,irt_only,GHEFT,0,0.0,0,0,1,0.2275,0.1897,0.4172,,,,,,,,,,,,,,,,,43.903907188067436,1.2523,50,12,326,162,128,34,13.047466,0,ok,logs/seed_992778.log
553562,irt_only,GHEFT,0,0.0,0,0,1,0.2372,0.1502,0.3874,,,,,,,,,,,,,,,,,43.78295900604229,1.255,48,13,330,160,112,48,11.321643,0,ok,logs/seed_553562.log
536653,irt_only,GHEFT,0,0.0,0,0,1,0.2257,0.1592,0.3849,,,,,,,,,,,,,,,,,59.21445889570551,1.2832,44,10,319,162,119,43,12.740434,0,ok,logs/seed_536653.log
934999,irt_only,GHEFT,0,0.0,0,0,1,0.2282,0.1268,0.355,,,,,,,,,,,,,,,,,41.91443333333334,1.2135,39,9,327,162,139,23,12.343805,0,ok,logs/seed_934999.log
560912,irt_only,GHEFT,0,0.0,0,0,1,0.2474,0.1658,0.4132,,,,,,,,,,,,,,,,,52.21457629578438,1.1688,44,12,313,171,134,37,12.278294,0,ok,logs/seed_560912.log
474714,irt_only,GHEFT,0,0.0,0,0,1,0.2431,0.1714,0.4145,,,,,,,,,,,,,,,,,44.469685294117646,1.1365,51,10,327,161,125,36,10.100129,0,ok,logs/seed_474714.log
221092,irt_only,GHEFT,0,0.0,0,0,1,0.2015,0.1234,0.3249,,,,,,,,,,,,,,,,,44.227979365079364,1.5367,41,10,306,145,116,29,10.204811,0,ok,logs/seed_221092.log
509580,irt_only,GHEFT,0,0.0,0,0,1,0.2433,0.1465,0.3898,,,,,,,,,,,,,,,,,44.227839900634244,1.1798,43,10,295,153,121,32,12.379472,0,ok,logs/seed_509580.log
57053,irt_only,GHEFT,0,0.0,0,0,1,0.2247,0.1804,0.4051,,,,,,,,,,,,,,,,,40.934353125,1.3035,50,11,324,167,136,31,10.641573,0,ok,logs/seed_57053.log
928433,irt_only,GHEFT,0,0.0,0,0,1,0.2159,0.1416,0.3575,,,,,,,,,,,,,,,,,51.398719071310104,1.0276,40,11,319,156,133,23,12.172164,0,ok,logs/seed_928433.log
881017,irt_only,GHEFT,0,0.0,0,0,1,0.2352,0.144,0.3792,,,,,,,,,,,,,,,,,55.16969576719576,1.2705,53,12,332,162,136,26,11.797845,0,ok,logs/seed_881017.log
892380,irt_only,GHEFT,0,0.0,0,0,1,0.2295,0.1533,0.3828,,,,,,,,,,,,,,,,,44.076009712722296,1.1907,49,11,323,156,112,44,12.795719,0,ok,logs/seed_892380.log
758824,irt_only,GHEFT,0,0.0,0,0,1,0.2147,0.1294,0.3441,,,,,,,,,,,,,,,,,42.85826126021003,1.1199,53,13,333,177,142,35,10.850342,0,ok,logs/seed_758824.log
551160,irt_only,GHEFT,0,0.0,0,0,1,0.2487,0.1508,0.3995,,,,,,,,,,,,,,,,,45.89462059025394,1.2304,42,10,311,140,108,32,11.481312,0,ok,logs/seed_551160.log
833352,irt_only,GHEFT,0,0.0,0,0,1,0.2173,0.1247,0.342,,,,,,,,,,,,,,,,,43.62473626373625,1.2558,45,9,313,148,103,45,13.320942,0,ok,logs/seed_833352.log
841142,irt_only,GHEFT,0,0.0,0,0,1,0.2523,0.1613,0.4136,,,,,,,,,,,,,,,,,38.78381642625169,1.2371,45,11,320,148,116,32,12.101437,0,ok,logs/seed_841142.log
484796,irt_only,GHEFT,0,0.0,0,0,1,0.229,0.1412,0.3702,,,,,,,,,,,,,,,,,43.14810000000001,1.0553,50,14,309,165,124,41,11.133211,0,ok,logs/seed_484796.log
648201,irt_only,GHEFT,0,0.0,0,0,1,0.2194,0.1282,0.3476,,,,,,,,,,,,,,,,,51.43524680851063,1.0771,49,13,336,175,139,36,11.317412,0,ok,logs/seed_648201.log
414611,irt_only,GHEFT,0,0.0,0,0,1,0.235,0.1613,0.3963,,,,,,,,,,,,,,,,,53.03563112164297,1.5123,42,9,306,160,124,36,11.917753,0,ok,logs/seed_414611.log
675510,irt_only,GHEFT,0,0.0,0,0,1,0.2154,0.145,0.3604,,,,,,,,,,,,,,,,,57.18420909090908,1.127,46,10,331,167,130,37,11.151296,0,ok,logs/seed_675510.log
648624,irt_only,GHEFT,0,0.0,0,0,1,0.2168,0.143,0.3598,,,,,,,,,,,,,,,,,45.209625239616614,1.089,48,12,329,191,141,50,13.759137,0,ok,logs/seed_648624.log
759693,irt_only,GHEFT,0,0.0,0,0,1,0.2391,0.123,0.3621,,,,,,,,,,,,,,,,,49.356121638330755,1.0594,57,15,327,176,134,42,13.274763,0,ok,logs/seed_759693.log
774549,irt_only,GHEFT,0,0.0,0,0,1,0.219,0.1753,0.3943,,,,,,,,,,,,,,,,,54.507564113006396,1.3475,57,13,350,195,137,58,12.747663,0,ok,logs/seed_774549.log
358234,irt_only,GHEFT,0,0.0,0,0,1,0.2039,0.1634,0.3673,,,,,,,,,,,,,,,,,56.53319523809523,1.4218,49,11,326,162,132,30,13.453389,0,ok,logs/seed_358234.log
601465,irt_only,GHEFT,0,0.0,0,0,1,0.264,0.1413,0.4053,,,,,,,,,,,,,,,,,37.505899540757746,1.162,48,12,317,159,120,39,11.787955,0,ok,logs/seed_601465.log
896564,irt_only,GHEFT,0,0.0,0,0,1,0.244,0.1255,0.3695,,,,,,,,,,,,,,,,,38.6164241813602,1.1821,49,10,327,172,126,46,10.700162,0,ok,logs/seed_896564.log
706427,irt_only,GHEFT,0,0.0,0,0,1,0.2155,0.1213,0.3368,,,,,,,,,,,,,,,,,48.36168818703856,1.4017,41,10,329,150,118,32,11.52016,0,ok,logs/seed_706427.log
677732,irt_only,GHEFT,0,0.0,0,0,1,0.2566,0.1629,0.4195,,,,,,,,,,,,,,,,,45.297733898305076,1.4647,51,12,296,160,127,33,11.532349,0,ok,logs/seed_677732.log
809910,irt_only,GHEFT,0,0.0,0,0,1,0.2169,0.1649,0.3818,,,,,,,,,,,,,,,,,53.74323820933164,1.3482,55,12,348,181,145,36,13.007705,0,ok,logs/seed_809910.log
309949,irt_only,GHEFT,0,0.0,0,0,1,0.2155,0.1423,0.3578,,,,,,,,,,,,,,,,,40.83688811188811,1.3294,44,11,315,166,115,51,11.902995,0,ok,logs/seed_309949.log
966961,irt_only,GHEFT,0,0.0,0,0,1,0.258,0.1834,0.4414,,,,,,,,,,,,,,,,,54.94766574585635,1.6551,41,10,299,169,127,42,11.457369,0,ok,logs/seed_966961.log
502603,irt_only,GHEFT,0,0.0,0,0,1,0.2215,0.1176,0.3391,,,,,,,,,,,,,,,,,50.76022326869807,1.0583,54,12,310,165,135,30,9.522553,0,ok,logs/seed_502603.log
896043,irt_only,GHEFT,0,0.0,0,0,1,0.1887,0.1149,0.3036,,,,,,,,,,,,,,,,,43.917893998679,1.3327,44,10,334,141,120,21,11.2018,0,ok,logs/seed_896043.log
470910,irt_only,GHEFT,0,0.0,0,0,1,0.2068,0.1379,0.3447,,,,,,,,,,,,,,,,,38.45785976789168,1.0642,46,10,301,144,110,34,8.512356,0,ok,logs/seed_470910.log
371373,irt_only,GHEFT,0,0.0,0,0,1,0.2364,0.1132,0.3496,,,,,,,,,,,,,,,,,43.02456129032259,1.0906,39,9,320,146,115,31,9.522594,0,ok,logs/seed_371373.log
463349,irt_only,GHEFT,0,0.0,0,0,1,0.2058,0.1284,0.3342,,,,,,,,,,,,,,,,,47.85889024745269,1.3683,41,10,306,158,131,27,10.040365,0,ok,logs/seed_463349.log
736327,irt_only,GHEFT,0,0.0,0,0,1,0.2032,0.1421,0.3453,,,,,,,,,,,,,,,,,54.333746851385385,1.2268,46,9,318,143,115,28,11.504119,0,ok,logs/seed_736327.log
839398,irt_only,GHEFT,0,0.0,0,0,1,0.2137,0.1328,0.3465,,,,,,,,,,,,,,,,,49.10815133836858,1.1738,51,12,335,165,133,32,10.385459,0,ok,logs/seed_839398.log
966086,irt_only,GHEFT,0,0.0,0,0,1,0.2442,0.1607,0.4049,,,,,,,,,,,,,,,,,49.85277835497835,1.3664,46,13,302,159,124,35,9.314458,0,ok,logs/seed_966086.log
690129,irt_only,GHEFT,0,0.0,0,0,1,0.2489,0.1372,0.3861,,,,,,,,,,,,,,,,,49.88459999999999,1.0812,54,13,316,175,130,45,7.192664,0,ok,logs/seed_690129.log
268750,irt_only,GHEFT,0,0.0,0,0,1,0.2375,0.1698,0.4073,,,,,,,,,,,,,,,,,41.06897532467533,1.2841,51,12,332,168,120,48,9.360593,0,ok,logs/seed_268750.log
918021,irt_only,GHEFT,0,0.0,0,0,1,0.24,0.1479,0.3879,,,,,,,,,,,,,,,,,38.57598176638176,1.1555,47,10,330,148,116,32,10.411085,0,ok,logs/seed_918021.log
611051,irt_only,GHEFT,0,0.0,0,0,1,0.2272,0.136,0.3632,,,,,,,,,,,,,,,,,51.961077535301676,1.2939,44,11,307,144,101,43,8.886951,0,ok,logs/seed_611051.log
728198,irt_only,GHEFT,0,0.0,0,0,1,0.2397,0.1235,0.3632,,,,,,,,,,,,,,,,,60.23617708830549,1.4283,46,10,327,158,129,29,10.552252,0,ok,logs/seed_728198.log
658673,irt_only,GHEFT,0,0.0,0,0,1,0.2596,0.2049,0.4645,,,,,,,,,,,,,,,,,48.84521338582677,1.1882,48,11,306,169,121,48,9.480329,0,ok,logs/seed_658673.log
357871,irt_only,GHEFT,0,0.0,0,0,1,0.2362,0.1452,0.3814,,,,,,,,,,,,,,,,,36.45057795945063,1.0946,51,10,312,140,106,34,9.658419,0,ok,logs/seed_357871.log
152055,irt_only,GHEFT,0,0.0,0,0,1,0.2247,0.136,0.3607,,,,,,,,,,,,,,,,,46.809157142857146,1.2818,48,11,325,163,127,36,8.437477,0,ok,logs/seed_152055.log
262601,irt_only,GHEFT,0,0.0,0,0,1,0.2093,0.1391,0.3484,,,,,,,,,,,,,,,,,44.976393334572485,1.2677,46,10,330,157,112,45,9.092326,0,ok,logs/seed_262601.log
629872,irt_only,GHEFT,0,0.0,0,0,1,0.2606,0.1638,0.4244,,,,,,,,,,,,,,,,,45.28481495681064,1.0808,47,11,321,142,117,25,9.801976,0,ok,logs/seed_629872.log
471208,irt_only,GHEFT,0,0.0,0,0,1,0.2404,0.1424,0.3828,,,,,,,,,,,,,,,,,49.925016962843294,1.0514,48,11,318,171,146,25,10.127436,0,ok,logs/seed_471208.log
255275,irt_only,GHEFT,0,0.0,0,0,1,0.2372,0.144,0.3812,,,,,,,,,,,,,,,,,35.49752105263158,1.1415,47,10,337,138,110,28,10.025698,0,ok,logs/seed_255275.log
730423,irt_only,GHEFT,0,0.0,0,0,1,0.2142,0.1753,0.3895,,,,,,,,,,,,,,,,,46.439781249999996,1.2089,45,12,314,144,101,43,9.306702,0,ok,logs/seed_730423.log
143984,irt_only,GHEFT,0,0.0,0,0,1,0.2097,0.1619,0.3716,,,,,,,,,,,,,,,,,52.532508153502235,1.1822,51,12,325,179,134,45,9.425833,0,ok,logs/seed_143984.log
395892,irt_only,GHEFT,0,0.0,0,0,1,0.2291,0.1574,0.3865,,,,,,,,,,,,,,,,,46.186799999999984,1.4594,39,7,304,133,109,24,10.451783,0,ok,logs/seed_395892.log
773877,irt_only,GHEFT,0,0.0,0,0,1,0.1903,0.1602,0.3505,,,,,,,,,,,,,,,,,44.606655545454544,1.3635,53,11,334,156,111,45,11.09758,0,ok,logs/seed_773877.log
880174,irt_only,GHEFT,0,0.0,0,0,1,0.2341,0.1565,0.3906,,,,,,,,,,,,,,,,,54.89321090573013,1.4314,54,12,332,183,143,40,9.879787,0,ok,logs/seed_880174.log
237837,irt_only,GHEFT,0,0.0,0,0,1,0.235,0.1333,0.3683,,,,,,,,,,,,,,,,,48.158986504210745,1.0732,50,12,321,164,126,38,10.742775,0,ok,logs/seed_237837.log
835442,irt_only,GHEFT,0,0.0,0,0,1,0.2341,0.1632,0.3973,,,,,,,,,,,,,,,,,45.41798461538461,1.2079,45,10,309,137,116,21,9.397403,0,ok,logs/seed_835442.log
453398,irt_only,GHEFT,0,0.0,0,0,1,0.2336,0.1832,0.4168,,,,,,,,,,,,,,,,,46.34614366812228,1.4645,45,12,323,174,123,51,9.077015,0,ok,logs/seed_453398.log
540634,irt_only,GHEFT,0,0.0,0,0,1,0.2282,0.1377,0.3659,,,,,,,,,,,,,,,,,43.78411078398984,1.1057,48,11,321,159,129,30,9.927856,0,ok,logs/seed_540634.log
574410,irt_only,GHEFT,0,0.0,0,0,1,0.2457,0.1403,0.386,,,,,,,,,,,,,,,,,47.02246235679214,1.1022,47,12,310,160,125,35,6.274351,0,ok,logs/seed_574410.log
445140,irt_only,GHEFT,0,0.0,0,0,1,0.2355,0.1348,0.3703,,,,,,,,,,,,,,,,,36.29512043010753,1.1694,49,13,310,149,115,34,9.776464,0,ok,logs/seed_445140.log
264094,irt_only,GHEFT,0,0.0,0,0,1,0.2012,0.1589,0.3601,,,,,,,,,,,,,,,,,53.69610340105079,1.1264,46,12,332,165,128,37,10.302408,0,ok,logs/seed_264094.log
534582,irt_only,GHEFT,0,0.0,0,0,1,0.2024,0.1331,0.3355,,,,,,,,,,,,,,,,,41.498413313161876,1.033,44,10,315,156,121,35,7.083355,0,ok,logs/seed_534582.log
26052,irt_only,GHEFT,0,0.0,0,0,1,0.223,0.1108,0.3338,,,,,,,,,,,,,,,,,55.681282078472954,1.3033,41,10,310,156,123,33,8.005765,0,ok,logs/seed_26052.log
734749,irt_only,GHEFT,0,0.0,0,0,1,0.2359,0.137,0.3729,,,,,,,,,,,,,,,,,48.86861058451817,1.0972,47,12,315,159,137,22,10.04699,0,ok,logs/seed_734749.log
141813,irt_only,GHEFT,0,0.0,0,0,1,0.2111,0.1365,0.3476,,,,,,,,,,,,,,,,,37.05098051948052,1.0972,50,12,325,154,132,22,9.229518,0,ok,logs/seed_141813.log
253057,irt_only,GHEFT,0,0.0,0,0,1,0.2539,0.1928,0.4467,,,,,,,,,,,,,,,,,41.61236589595376,1.1717,45,9,308,147,130,17,7.416641,0,ok,logs/seed_253057.log
862373,irt_only,GHEFT,0,0.0,0,0,1,0.2211,0.1284,0.3495,,,,,,,,,,,,,,,,,57.84029659442724,1.3669,53,11,305,153,124,29,7.407223,0,ok,logs/seed_862373.log
947420,irt_only,GHEFT,0,0.0,0,0,1,0.2076,0.1148,0.3224,,,,,,,,,,,,,,,,,47.15845618891271,1.1337,45,9,317,137,93,44,8.884575,0,ok,logs/seed_947420.log
808853,irt_only,GHEFT,0,0.0,0,0,1,0.2165,0.1678,0.3843,,,,,,,,,,,,,,,,,55.579239703154,1.1693,57,13,343,195,149,46,7.745566,0,ok,logs/seed_808853.log
771950,irt_only,GHEFT,0,0.0,0,0,1,0.2445,0.1774,0.4219,,,,,,,,,,,,,,,,,39.26621170212765,1.0543,53,13,324,168,120,48,8.20587,0,ok,logs/seed_771950.log
198309,irt_only,GHEFT,0,0.0,0,0,1,0.2286,0.1459,0.3745,,,,,,,,,,,,,,,,,44.98964006116207,1.1227,50,11,329,173,135,38,8.278166,0,ok,logs/seed_198309.log
178238,irt_only,GHEFT,0,0.0,0,0,1,0.2512,0.1636,0.4148,,,,,,,,,,,,,,,,,43.02448682170544,1.3151,49,10,322,142,111,31,8.874846,0,ok,logs/seed_178238.log
478635,irt_only,GHEFT,0,0.0,0,0,1,0.2502,0.1392,0.3894,,,,,,,,,,,,,,,,,38.97056209495101,1.2982,50,13,324,178,131,47,9.137413,0,ok,logs/seed_478635.log
665430,irt_only,GHEFT,0,0.0,0,0,1,0.2093,0.122,0.3313,,,,,,,,,,,,,,,,,59.02232076502731,1.0203,47,12,318,178,140,38,6.695621,0,ok,logs/seed_665430.log
841802,irt_only,GHEFT,0,0.0,0,0,1,0.2039,0.1458,0.3497,,,,,,,,,,,,,,,,,45.37382295719845,1.0633,50,12,317,156,118,38,7.631908,0,ok,logs/seed_841802.log
825694,irt_only,GHEFT,0,0.0,0,0,1,0.2266,0.1229,0.3495,,,,,,,,,,,,,,,,,48.93699162561576,1.0312,48,13,313,169,129,40,9.934862,0,ok,logs/seed_825694.log
407219,irt_only,GHEFT,0,0.0,0,0,1,0.2182,0.1522,0.3704,,,,,,,,,,,,,,,,,56.60776379613356,1.1767,47,12,297,150,107,43,7.981375,0,ok,logs/seed_407219.log
290466,irt_only,GHEFT,0,0.0,0,0,1,0.2342,0.1547,0.3889,,,,,,,,,,,,,,,,,43.07618071360382,1.3336,47,11,329,176,134,42,9.417223,0,ok,logs/seed_290466.log
797644,irt_only,GHEFT,0,0.0,0,0,1,0.2307,0.119,0.3497,,,,,,,,,,,,,,,,,52.38815484247374,1.2518,40,10,321,158,132,26,7.461963,0,ok,logs/seed_797644.log
9862,irt_only,GHEFT,0,0.0,0,0,1,0.2185,0.1458,0.3643,,,,,,,,,,,,,,,,,42.460607491856685,1.1034,47,11,319,172,132,40,8.252056,0,ok,logs/seed_9862.log
435679,irt_only,GHEFT,0,0.0,0,0,1,0.2257,0.148,0.3737,,,,,,,,,,,,,,,,,55.739747013390144,1.3895,48,12,323,185,141,44,10.286493,0,ok,logs/seed_435679.log
743887,irt_only,GHEFT,0,0.0,0,0,1,0.2001,0.1247,0.3248,,,,,,,,,,,,,,,,,46.26039888734352,1.0909,41,10,322,162,132,30,9.80747,0,ok,logs/seed_743887.log
807745,irt_only,GHEFT,0,0.0,0,0,1,0.2413,0.1456,0.3869,,,,,,,,,,,,,,,,,47.314219444444454,1.0343,54,13,329,158,101,57,9.692653,0,ok,logs/seed_807745.log
893649,irt_only,GHEFT,0,0.0,0,0,1,0.2305,0.1167,0.3472,,,,,,,,,,,,,,,,,54.284688888888894,1.1473,51,12,309,174,142,32,5.377739,0,ok,logs/seed_893649.log
654989,irt_only,GHEFT,0,0.0,0,0,1,0.2474,0.131,0.3784,,,,,,,,,,,,,,,,,39.62629068684517,1.0558,50,10,320,165,128,37,9.670284,0,ok,logs/seed_654989.log
685027,irt_only,GHEFT,0,0.0,0,0,1,0.2169,0.1828,0.3997,,,,,,,,,,,,,,,,,42.65581494252874,1.3155,48,12,342,186,145,41,9.51818,0,ok,logs/seed_685027.log
967091,irt_only,GHEFT,0,0.0,0,0,1,0.2443,0.1603,0.4046,,,,,,,,,,,,,,,,,41.16857721179625,1.3102,46,11,304,155,123,32,7.247533,0,ok,logs/seed_967091.log
541087,irt_only,GHEFT,0,0.0,0,0,1,0.2104,0.118,0.3284,,,,,,,,,,,,,,,,,45.58312432432431,1.0282,59,13,332,162,125,37,10.316674,0,ok,logs/seed_541087.log
20393,irt_only,GHEFT,0,0.0,0,0,1,0.2316,0.1605,0.3921,,,,,,,,,,,,,,,,,39.24312830790492,1.0377,48,10,314,148,122,26,7.716363,0,ok,logs/seed_20393.log
418812,irt_only,GHEFT,0,0.0,0,0,1,0.2315,0.1451,0.3766,,,,,,,,,,,,,,,,,54.11974622760647,1.401,46,12,327,167,141,26,8.267747,0,ok,logs/seed_418812.log
437790,irt_only,GHEFT,0,0.0,0,0,1,0.2767,0.1714,0.4481,,,,,,,,,,,,,,,,,55.456822097378264,1.4396,46,12,301,161,137,24,8.300916,0,ok,logs/seed_437790.log
855359,irt_only,GHEFT,0,0.0,0,0,1,0.237,0.1574,0.3944,,,,,,,,,,,,,,,,,47.12751254932912,1.2246,46,10,321,162,126,36,7.487022,0,ok,logs/seed_855359.log
510703,irt_only,GHEFT,0,0.0,0,0,1,0.2392,0.1655,0.4047,,,,,,,,,,,,,,,,,43.52087128027682,1.0765,50,11,324,178,132,46,9.306782,0,ok,logs/seed_510703.log
949250,irt_only,GHEFT,0,0.0,0,0,1,0.2333,0.1731,0.4064,,,,,,,,,,,,,,,,,45.07917458490565,1.3726,49,12,317,157,117,40,7.809203,0,ok,logs/seed_949250.log
123134,irt_only,GHEFT,0,0.0,0,0,1,0.2165,0.1557,0.3722,,,,,,,,,,,,,,,,,44.1538219020173,1.3268,47,12,336,165,136,29,11.00738,0,ok,logs/seed_123134.log
90939,irt_only,GHEFT,0,0.0,0,0,1,0.2143,0.1426,0.3569,,,,,,,,,,,,,,,,,45.59078794326243,1.1563,44,14,330,184,138,46,7.511111,0,ok,logs/seed_90939.log
309305,irt_only,GHEFT,0,0.0,0,0,1,0.2142,0.1506,0.3648,,,,,,,,,,,,,,,,,46.42964912098992,1.2441,49,11,327,169,128,41,8.582947,0,ok,logs/seed_309305.log
329467,irt_only,GHEFT,0,0.0,0,0,1,0.226,0.1418,0.3678,,,,,,,,,,,,,,,,,39.68903242506811,1.28,48,12,324,161,110,51,7.456051,0,ok,logs/seed_329467.log
357848,irt_only,GHEFT,0,0.0,0,0,1,0.2238,0.1351,0.3589,,,,,,,,,,,,,,,,,39.52759771283354,1.2341,49,9,303,152,113,39,7.593927,0,ok,logs/seed_357848.log
575107,irt_only,GHEFT,0,0.0,0,0,1,0.2224,0.1265,0.3489,,,,,,,,,,,,,,,,,42.16850713128039,1.19,61,12,346,172,125,47,9.956386,0,ok,logs/seed_575107.log
672485,irt_only,GHEFT,0,0.0,0,0,1,0.2245,0.1386,0.3631,,,,,,,,,,,,,,,,,43.09195429713524,1.3047,49,12,316,161,122,39,7.727084,0,ok,logs/seed_672485.log
454637,irt_only,GHEFT,0,0.0,0,0,1,0.1869,0.1184,0.3053,,,,,,,,,,,,,,,,,57.3556900621118,1.109,47,10,324,156,122,34,8.207913,0,ok,logs/seed_454637.log
178460,irt_only,GHEFT,0,0.0,0,0,1,0.2125,0.1218,0.3343,,,,,,,,,,,,,,,,,53.70717853290184,1.0926,47,10,346,157,119,38,9.387413,0,ok,logs/seed_178460.log
69629,irt_only,GHEFT,0,0.0,0,0,1,0.237,0.1448,0.3818,,,,,,,,,,,,,,,,,48.82080571086738,1.0798,40,9,341,152,129,23,9.439209,0,ok,logs/seed_69629.log
406305,irt_only,GHEFT,0,0.0,0,0,1,0.2441,0.1322,0.3763,,,,,,,,,,,,,,,,,47.59021312121213,1.28,44,10,327,140,112,28,8.436636,0,ok,logs/seed_406305.log
310214,irt_only,GHEFT,0,0.0,0,0,1,0.2328,0.1573,0.3901,,,,,,,,,,,,,,,,,44.18584353312303,1.366,42,10,311,153,118,35,8.399603,0,ok,logs/seed_310214.log
494212,irt_only,GHEFT,0,0.0,0,0,1,0.2023,0.153,0.3553,,,,,,,,,,,,,,,,,50.34820822873082,1.0952,47,10,314,148,126,22,8.562228,0,ok,logs/seed_494212.log
413922,irt_only,GHEFT,0,0.0,0,0,1,0.2281,0.1371,0.3652,,,,,,,,,,,,,,,,,44.495598504418766,1.3105,45,11,331,149,135,14,9.325447,0,ok,logs/seed_413922.log
342318,irt_only,GHEFT,0,0.0,0,0,1,0.2144,0.1152,0.3296,,,,,,,,,,,,,,,,,49.9395,1.1586,49,11,312,164,137,27,9.017278,0,ok,logs/seed_342318.log
98584,irt_only,GHEFT,0,0.0,0,0,1,0.2067,0.1388,0.3455,,,,,,,,,,,,,,,,,47.175258806404656,1.2996,58,10,333,169,121,48,9.463938,0,ok,logs/seed_98584.log
300148,irt_only,GHEFT,0,0.0,0,0,1,0.2314,0.1569,0.3883,,,,,,,,,,,,,,,,,47.27473582887701,1.0422,47,10,285,148,120,28,7.370586,0,ok,logs/seed_300148.log
126455,irt_only,GHEFT,0,0.0,0,0,1,0.221,0.1391,0.3601,,,,,,,,,,,,,,,,,42.132584940778344,1.3664,46,8,315,128,102,26,9.599567,0,ok,logs/seed_126455.log
565222,irt_only,GHEFT,0,0.0,0,0,1,0.2276,0.1379,0.3655,,,,,,,,,,,,,,,,,65.50716314496316,1.2786,44,9,309,155,120,35,7.646973,0,ok,logs/seed_565222.log
239697,irt_only,GHEFT,0,0.0,0,0,1,0.2218,0.1597,0.3815,,,,,,,,,,,,,,,,,52.48524157937147,1.2306,48,11,323,158,126,32,10.008827,0,ok,logs/seed_239697.log
919700,irt_only,GHEFT,0,0.0,0,0,1,0.2464,0.1625,0.4089,,,,,,,,,,,,,,,,,44.9651348573156,1.227,51,13,320,152,118,34,9.209757,0,ok,logs/seed_919700.log
924776,irt_only,GHEFT,0,0.0,0,0,1,0.2132,0.1002,0.3134,,,,,,,,,,,,,,,,,40.509366292134835,1.1205,46,11,290,157,139,18,8.266119,0,ok,logs/seed_924776.log
960470,irt_only,GHEFT,0,0.0,0,0,1,0.2218,0.1105,0.3323,,,,,,,,,,,,,,,,,54.16687592295346,1.2425,48,13,304,143,108,35,8.374826,0,ok,logs/seed_960470.log
8986,irt_only,GHEFT,0,0.0,0,0,1,0.2242,0.1885,0.4127,,,,,,,,,,,,,,,,,55.506040900195686,1.6723,45,9,334,172,133,39,10.187571,0,ok,logs/seed_8986.log
837970,irt_only,GHEFT,0,0.0,0,0,1,0.215,0.1555,0.3705,,,,,,,,,,,,,,,,,40.208248447568835,1.1085,54,14,337,167,131,36,9.082352,0,ok,logs/seed_837970.log
445997,irt_only,GHEFT,0,0.0,0,0,1,0.2123,0.1447,0.357,,,,,,,,,,,,,,,,,46.24996804407713,1.152,44,10,306,163,133,30,8.106163,0,ok,logs/seed_445997.log
415494,irt_only,GHEFT,0,0.0,0,0,1,0.2063,0.1521,0.3584,,,,,,,,,,,,,,,,,47.73667229129663,1.0769,49,11,348,154,129,25,7.806161,0,ok,logs/seed_415494.log
129849,irt_only,GHEFT,0,0.0,0,0,1,0.2496,0.1396,0.3892,,,,,,,,,,,,,,,,,41.81123158231903,1.3323,49,10,340,165,134,31,8.49737,0,ok,logs/seed_129849.log
708068,irt_only,GHEFT,0,0.0,0,0,1,0.2128,0.1566,0.3694,,,,,,,,,,,,,,,,,60.63615423563779,1.4845,44,10,320,152,107,45,8.261651,0,ok,logs/seed_708068.log
238574,irt_only,GHEFT,0,0.0,0,0,1,0.2247,0.1396,0.3643,,,,,,,,,,,,,,,,,53.716313537675596,1.0922,44,12,310,142,124,18,8.497906,0,ok,logs/seed_238574.log
556369,irt_only,GHEFT,0,0.0,0,0,1,0.2094,0.1508,0.3602,,,,,,,,,,,,,,,,,51.10383903990745,1.5317,49,11,323,164,125,39,10.042261,0,ok,logs/seed_556369.log
100974,irt_only,GHEFT,0,0.0,0,0,1,0.2339,0.1588,0.3927,,,,,,,,,,,,,,,,,36.95684925373135,1.3294,58,13,341,155,123,32,9.74833,0,ok,logs/seed_100974.log
539817,irt_only,GHEFT,0,0.0,0,0,1,0.2333,0.1706,0.4039,,,,,,,,,,,,,,,,,40.72121346684351,1.0486,49,14,302,180,139,41,8.850377,0,ok,logs/seed_539817.log
877980,irt_only,GHEFT,0,0.0,0,0,1,0.2357,0.1398,0.3755,,,,,,,,,,,,,,,,,38.04219127316199,1.0663,44,10,328,152,128,24,8.969012,0,ok,logs/seed_877980.log
104840,irt_only,GHEFT,0,0.0,0,0,1,0.2315,0.1334,0.3649,,,,,,,,,,,,,,,,,55.72340000000001,1.0816,42,11,317,139,113,26,8.043758,0,ok,logs/seed_104840.log
17893,irt_only,GHEFT,0,0.0,0,0,1,0.2185,0.1265,0.345,,,,,,,,,,,,,,,,,47.075851948051955,1.1108,53,12,328,162,127,35,10.133365,0,ok,logs/seed_17893.log
915164,irt_only,GHEFT,0,0.0,0,0,1,0.2214,0.1406,0.362,,,,,,,,,,,,,,,,,48.49732652830188,1.5216,50,12,332,166,130,36,10.402569,0,ok,logs/seed_915164.log
423820,irt_only,GHEFT,0,0.0,0,0,1,0.2585,0.2086,0.4671,,,,,,,,,,,,,,,,,64.4828,1.3288,57,13,323,181,124,57,7.069519,0,ok,logs/seed_423820.log
27065,irt_only,GHEFT,0,0.0,0,0,1,0.2074,0.1487,0.3561,,,,,,,,,,,,,,,,,45.961161655773424,1.2164,52,12,318,157,112,45,7.746419,0,ok,logs/seed_27065.log
437214,irt_only,GHEFT,0,0.0,0,0,1,0.2163,0.1722,0.3885,,,,,,,,,,,,,,,,,53.3522384364821,1.4283,47,10,330,157,135,22,8.926745,0,ok,logs/seed_437214.log
832443,irt_only,GHEFT,0,0.0,0,0,1,0.2132,0.1186,0.3318,,,,,,,,,,,,,,,,,60.58385983263598,1.1135,50,13,340,200,165,35,8.221834,0,ok,logs/seed_832443.log
193554,irt_only,GHEFT,0,0.0,0,0,1,0.2458,0.1258,0.3716,,,,,,,,,,,,,,,,,43.47613068035943,1.1881,48,14,335,167,124,43,7.731517,0,ok,logs/seed_193554.log
312935,irt_only,GHEFT,0,0.0,0,0,1,0.2194,0.1738,0.3932,,,,,,,,,,,,,,,,,45.17086956521739,1.5673,53,11,323,153,108,45,7.356526,0,ok,logs/seed_312935.log
518996,irt_only,GHEFT,0,0.0,0,0,1,0.204,0.1383,0.3423,,,,,,,,,,,,,,,,,60.64544440894569,1.0124,51,13,318,150,121,29,5.79453,0,ok,logs/seed_518996.log
94901,irt_only,GHEFT,0,0.0,0,0,1,0.2362,0.1428,0.379,,,,,,,,,,,,,,,,,46.4888,1.0597,43,12,304,143,116,27,7.094943,0,ok,logs/seed_94901.log
960816,irt_only,GHEFT,0,0.0,0,0,1,0.225,0.1389,0.3639,,,,,,,,,,,,,,,,,47.53199445172031,1.0403,51,12,321,170,128,42,5.776227,0,ok,logs/seed_960816.log
171234,irt_only,GHEFT,0,0.0,0,0,1,0.2314,0.1558,0.3872,,,,,,,,,,,,,,,,,41.19452702702702,1.1126,46,11,306,148,124,24,8.367137,0,ok,logs/seed_171234.log
448214,irt_only,GHEFT,0,0.0,0,0,1,0.2474,0.1711,0.4185,,,,,,,,,,,,,,,,,56.03406049822065,1.3931,51,14,338,199,153,46,9.460906,0,ok,logs/seed_448214.log
752309,irt_only,GHEFT,0,0.0,0,0,1,0.232,0.1742,0.4062,,,,,,,,,,,,,,,,,41.74987180385288,1.0352,43,11,310,143,116,27,7.135162,0,ok,logs/seed_752309.log
398469,irt_only,GHEFT,0,0.0,0,0,1,0.2158,0.1817,0.3975,,,,,,,,,,,,,,,,,43.04873563218391,1.1031,47,12,307,148,117,31,6.783876,0,ok,logs/seed_398469.log
345867,irt_only,GHEFT,0,0.0,0,0,1,0.2167,0.1091,0.3258,,,,,,,,,,,,,,,,,43.96214791666666,1.0924,50,11,330,165,145,20,6.554151,0,ok,logs/seed_345867.log
434909,irt_only,GHEFT,0,0.0,0,0,1,0.2378,0.1389,0.3767,,,,,,,,,,,,,,,,,51.83581099050203,1.0143,47,11,322,174,135,39,6.323407,0,ok,logs/seed_434909.log
618745,irt_only,GHEFT,0,0.0,0,0,1,0.2121,0.1495,0.3616,,,,,,,,,,,,,,,,,43.22484793716143,1.1598,55,12,323,179,137,42,7.48135,0,ok,logs/seed_618745.log
86680,irt_only,GHEFT,0,0.0,0,0,1,0.2297,0.1823,0.412,,,,,,,,,,,,,,,,,49.52790136305733,1.312,43,9,305,139,114,25,6.889069,0,ok,logs/seed_86680.log
406773,irt_only,GHEFT,0,0.0,0,0,1,0.246,0.1682,0.4142,,,,,,,,,,,,,,,,,51.247811821086266,1.2649,45,11,335,158,133,25,7.328647,0,ok,logs/seed_406773.log
953452,irt_only,GHEFT,0,0.0,0,0,1,0.2421,0.1227,0.3648,,,,,,,,,,,,,,,,,40.42997777255872,1.1536,51,12,336,148,120,28,6.745193,0,ok,logs/seed_953452.log
869272,irt_only,GHEFT,0,0.0,0,0,1,0.2515,0.1488,0.4003,,,,,,,,,,,,,,,,,53.75542893481716,1.2811,42,9,307,152,113,39,6.061072,0,ok,logs/seed_869272.log
215885,irt_only,GHEFT,0,0.0,0,0,1,0.2145,0.1229,0.3374,,,,,,,,,,,,,,,,,43.283689823278486,1.0782,46,11,321,165,131,34,6.904907,0,ok,logs/seed_215885.log
996183,irt_only,GHEFT,0,0.0,0,0,1,0.2413,0.156,0.3973,,,,,,,,,,,,,,,,,49.66322166780588,1.2921,39,9,281,132,117,15,6.274296,0,ok,logs/seed_996183.log
310239,irt_only,GHEFT,0,0.0,0,0,1,0.2414,0.1587,0.4001,,,,,,,,,,,,,,,,,55.1290157480315,1.4145,45,10,315,173,140,33,6.594376,0,ok,logs/seed_310239.log
819226,irt_only,GHEFT,0,0.0,0,0,1,0.2405,0.1931,0.4336,,,,,,,,,,,,,,,,,40.7606351113764,1.1115,56,11,321,141,107,34,6.84174,0,ok,logs/seed_819226.log
253184,irt_only,GHEFT,0,0.0,0,0,1,0.2428,0.1911,0.4339,,,,,,,,,,,,,,,,,60.37470965058235,1.6239,40,12,285,148,121,27,6.410446,0,ok,logs/seed_253184.log
832005,irt_only,GHEFT,0,0.0,0,0,1,0.1781,0.1155,0.2936,,,,,,,,,,,,,,,,,48.89253486005088,1.1257,56,13,331,159,117,42,7.473117,0,ok,logs/seed_832005.log
623964,irt_only,GHEFT,0,0.0,0,0,1,0.2094,0.14,0.3494,,,,,,,,,,,,,,,,,44.201706653539226,1.2934,38,9,297,137,106,31,5.796841,0,ok,logs/seed_623964.log
57627,irt_only,GHEFT,0,0.0,0,0,1,0.2037,0.1205,0.3242,,,,,,,,,,,,,,,,,57.85548094612352,1.1673,55,13,331,162,114,48,6.748486,0,ok,logs/seed_57627.log
185144,irt_only,GHEFT,0,0.0,0,0,1,0.2155,0.1263,0.3418,,,,,,,,,,,,,,,,,44.02359346405229,1.295,45,11,309,140,99,41,6.140194,0,ok,logs/seed_185144.log
642703,irt_only,GHEFT,0,0.0,0,0,1,0.2187,0.1759,0.3946,,,,,,,,,,,,,,,,,46.518353896914974,1.2217,44,11,326,165,119,46,6.759195,0,ok,logs/seed_642703.log
904483,irt_only,GHEFT,0,0.0,0,0,1,0.2087,0.1438,0.3525,,,,,,,,,,,,,,,,,44.337951000000004,1.209,51,11,329,155,125,30,8.514683,0,ok,logs/seed_904483.log
90576,irt_only,GHEFT,0,0.0,0,0,1,0.2328,0.1501,0.3829,,,,,,,,,,,,,,,,,41.24994301221167,1.1021,47,13,321,156,115,41,8.325103,0,ok,logs/seed_90576.log
613945,irt_only,GHEFT,0,0.0,0,0,1,0.2449,0.1826,0.4275,,,,,,,,,,,,,,,,,44.126240740740734,1.2434,47,11,324,169,131,38,8.276625,0,ok,logs/seed_613945.log
703583,irt_only,GHEFT,0,0.0,0,0,1,0.2291,0.1695,0.3986,,,,,,,,,,,,,,,,,43.228357876943875,1.5141,46,12,309,148,109,39,6.542937,0,ok,logs/seed_703583.log
666965,irt_only,GHEFT,0,0.0,0,0,1,0.2177,0.1417,0.3594,,,,,,,,,,,,,,,,,39.80491834892788,1.0869,56,12,329,161,131,30,7.472735,0,ok,logs/seed_666965.log
78867,irt_only,GHEFT,0,0.0,0,0,1,0.2265,0.1169,0.3434,,,,,,,,,,,,,,,,,43.97130808080808,1.0846,47,12,333,161,130,31,7.556559,0,ok,logs/seed_78867.log
249211,irt_only,GHEFT,0,0.0,0,0,1,0.2339,0.1668,0.4007,,,,,,,,,,,,,,,,,58.870105539358605,1.3961,43,10,336,154,126,28,7.276445,0,ok,logs/seed_249211.log
993304,irt_only,GHEFT,0,0.0,0,0,1,0.2476,0.1753,0.4229,,,,,,,,,,,,,,,,,38.718700999999996,1.1109,59,13,334,178,129,49,8.686722,0,ok,logs/seed_993304.log
677640,irt_only,GHEFT,0,0.0,0,0,1,0.2291,0.1129,0.342,,,,,,,,,,,,,,,,,44.6113082788671,1.2961,48,12,321,154,110,44,7.429918,0,ok,logs/seed_677640.log
807304,irt_only,GHEFT,0,0.0,0,0,1,0.2119,0.1553,0.3672,,,,,,,,,,,,,,,,,51.699409166173865,1.5665,46,11,318,160,111,49,6.321085,0,ok,logs/seed_807304.log
901569,irt_only,GHEFT,0,0.0,0,0,1,0.21,0.164,0.374,,,,,,,,,,,,,,,,,49.44540337446169,1.1391,56,12,334,178,135,43,7.338887,0,ok,logs/seed_901569.log
578684,irt_only,GHEFT,0,0.0,0,0,1,0.2159,0.1662,0.3821,,,,,,,,,,,,,,,,,56.25020447518307,1.4189,46,14,315,170,136,34,6.786792,0,ok,logs/seed_578684.log
40789,irt_only,GHEFT,0,0.0,0,0,1,0.2153,0.1773,0.3926,,,,,,,,,,,,,,,,,51.21293479415671,1.437,36,8,312,139,96,43,7.017636,0,ok,logs/seed_40789.log
514538,irt_only,GHEFT,0,0.0,0,0,1,0.1937,0.1548,0.3485,,,,,,,,,,,,,,,,,49.62134980636605,1.2382,45,12,290,135,114,21,6.134353,0,ok,logs/seed_514538.log
578723,irt_only,GHEFT,0,0.0,0,0,1,0.2233,0.1662,0.3895,,,,,,,,,,,,,,,,,50.19464076655051,1.3363,49,12,323,166,127,39,6.5633,0,ok,logs/seed_578723.log
628956,irt_only,GHEFT,0,0.0,0,0,1,0.248,0.156,0.404,,,,,,,,,,,,,,,,,47.28675981119352,1.1314,56,10,334,182,144,38,6.970688,0,ok,logs/seed_628956.log
780144,irt_only,GHEFT,0,0.0,0,0,1,0.2382,0.1381,0.3763,,,,,,,,,,,,,,,,,39.74459763779527,1.09,47,11,327,174,121,53,7.369476,0,ok,logs/seed_780144.log
334837,irt_only,GHEFT,0,0.0,0,0,1,0.2203,0.1277,0.348,,,,,,,,,,,,,,,,,38.81160229007633,1.0164,45,9,316,151,121,30,7.187092,0,ok,logs/seed_334837.log
891279,irt_only,GHEFT,0,0.0,0,0,1,0.212,0.1571,0.3691,,,,,,,,,,,,,,,,,52.047345259165624,1.5154,50,9,326,154,118,36,6.854613,0,ok,logs/seed_891279.log
345873,irt_only,GHEFT,0,0.0,0,0,1,0.2485,0.1512,0.3997,,,,,,,,,,,,,,,,,39.57745329357798,1.0508,43,10,295,141,119,22,6.243853,0,ok,logs/seed_345873.log
623016,irt_only,GHEFT,0,0.0,0,0,1,0.2631,0.2036,0.4667,,,,,,,,,,,,,,,,,41.5271009104821,1.3554,46,12,307,162,118,44,7.265199,0,ok,logs/seed_623016.log
956557,irt_only,GHEFT,0,0.0,0,0,1,0.2284,0.1362,0.3646,,,,,,,,,,,,,,,,,43.496813592233,1.2509,47,14,317,164,137,27,7.021143,0,ok,logs/seed_956557.log
911304,irt_only,GHEFT,0,0.0,0,0,1,0.2055,0.1345,0.34,,,,,,,,,,,,,,,,,49.819764107485604,1.1829,49,13,334,194,158,36,7.123473,0,ok,logs/seed_911304.log
468687,irt_only,GHEFT,0,0.0,0,0,1,0.2201,0.1421,0.3622,,,,,,,,,,,,,,,,,45.52516392318245,1.4331,51,13,330,167,133,34,7.424872,0,ok,logs/seed_468687.log
312412,irt_only,GHEFT,0,0.0,0,0,1,0.2275,0.1254,0.3529,,,,,,,,,,,,,,,,,58.85289660574411,1.0459,35,9,284,137,108,29,6.22873,0,ok,logs/seed_312412.log
111575,irt_only,GHEFT,0,0.0,0,0,1,0.2049,0.1528,0.3577,,,,,,,,,,,,,,,,,50.97171717171717,1.3007,46,10,324,151,113,38,8.254492,0,ok,logs/seed_111575.log
974625,irt_only,GHEFT,0,0.0,0,0,1,0.2536,0.1442,0.3978,,,,,,,,,,,,,,,,,32.252206443618334,1.0324,45,9,319,139,117,22,7.290435,0,ok,logs/seed_974625.log
281753,irt_only,GHEFT,0,0.0,0,0,1,0.2248,0.1744,0.3992,,,,,,,,,,,,,,,,,54.545417587373166,1.2651,47,10,338,168,132,36,7.511013,0,ok,logs/seed_281753.log
844027,irt_only,GHEFT,0,0.0,0,0,1,0.2266,0.1304,0.357,,,,,,,,,,,,,,,,,59.44130429447852,1.4475,43,12,299,160,138,22,7.51594,0,ok,logs/seed_844027.log
631749,irt_only,GHEFT,0,0.0,0,0,1,0.2165,0.1305,0.347,,,,,,,,,,,,,,,,,61.58776139839766,1.3779,43,10,303,165,133,32,6.663295,0,ok,logs/seed_631749.log
126909,irt_only,GHEFT,0,0.0,0,0,1,0.2309,0.1305,0.3614,,,,,,,,,,,,,,,,,41.57348102016608,1.1637,51,12,320,174,129,45,6.894008,0,ok,logs/seed_126909.log
347245,irt_only,GHEFT,0,0.0,0,0,1,0.218,0.1745,0.3925,,,,,,,,,,,,,,,,,56.31000540540542,1.4113,49,12,326,176,125,51,6.77205,0,ok,logs/seed_347245.log
932428,irt_only,GHEFT,0,0.0,0,0,1,0.2476,0.1439,0.3915,,,,,,,,,,,,,,,,,40.8079962962963,1.1456,60,16,341,184,143,41,7.714001,0,ok,logs/seed_932428.log
543938,irt_only,GHEFT,0,0.0,0,0,1,0.2317,0.1654,0.3971,,,,,,,,,,,,,,,,,53.44911769161468,1.3635,39,11,298,139,112,27,5.881863,0,ok,logs/seed_543938.log
83676,irt_only,GHEFT,0,0.0,0,0,1,0.2444,0.1392,0.3836,,,,,,,,,,,,,,,,,41.93117862728063,1.0701,49,13,319,167,141,26,7.461628,0,ok,logs/seed_83676.log
150986,irt_only,GHEFT,0,0.0,0,0,1,0.2014,0.1384,0.3398,,,,,,,,,,,,,,,,,51.040997222222224,1.3585,43,10,299,150,128,22,6.458667,0,ok,logs/seed_150986.log
661946,irt_only,GHEFT,0,0.0,0,0,1,0.1896,0.1204,0.31,,,,,,,,,,,,,,,,,52.78014525043178,1.1666,52,12,304,148,114,34,6.58938,0,ok,logs/seed_661946.log
328690,irt_only,GHEFT,0,0.0,0,0,1,0.2032,0.1267,0.3299,,,,,,,,,,,,,,,,,50.75884252491695,1.4157,44,13,308,156,130,26,6.757324,0,ok,logs/seed_328690.log
333147,irt_only,GHEFT,0,0.0,0,0,1,0.2186,0.1149,0.3335,,,,,,,,,,,,,,,,,45.531710566356715,1.2185,46,10,331,178,145,33,6.944729,0,ok,logs/seed_333147.log
880442,irt_only,GHEFT,0,0.0,0,0,1,0.2254,0.1677,0.3931,,,,,,,,,,,,,,,,,41.65012158092849,1.1566,45,12,312,175,134,41,5.247427,0,ok,logs/seed_880442.log
790811,irt_only,GHEFT,0,0.0,0,0,1,0.226,0.1207,0.3467,,,,,,,,,,,,,,,,,39.920021234386475,1.2398,54,12,346,175,141,34,8.592682,0,ok,logs/seed_790811.log
894789,irt_only,GHEFT,0,0.0,0,0,1,0.2596,0.1345,0.3941,,,,,,,,,,,,,,,,,43.34779980732177,1.1538,48,11,301,158,123,35,5.839435,0,ok,logs/seed_894789.log
774609,irt_only,GHEFT,0,0.0,0,0,1,0.2234,0.1207,0.3441,,,,,,,,,,,,,,,,,38.41448686131386,1.2153,47,12,319,169,135,34,7.090125,0,ok,logs/seed_774609.log
938046,irt_only,GHEFT,0,0.0,0,0,1,0.2263,0.1521,0.3784,,,,,,,,,,,,,,,,,49.290154474708174,1.0735,44,11,327,156,125,31,6.561552,0,ok,logs/seed_938046.log
679612,irt_only,GHEFT,0,0.0,0,0,1,0.2208,0.1674,0.3882,,,,,,,,,,,,,,,,,44.422127240773285,1.158,43,11,305,155,102,53,5.966099,0,ok,logs/seed_679612.log
718594,irt_only,GHEFT,0,0.0,0,0,1,0.2454,0.1457,0.3911,,,,,,,,,,,,,,,,,49.767237758895384,1.2426,36,8,277,143,117,26,5.379097,0,ok,logs/seed_718594.log
453524,irt_only,GHEFT,0,0.0,0,0,1,0.1799,0.1707,0.3506,,,,,,,,,,,,,,,,,50.61950212765957,1.5506,51,11,303,149,100,49,7.044562,0,ok,logs/seed_453524.log
690475,irt_only,GHEFT,0,0.0,0,0,1,0.2338,0.1799,0.4137,,,,,,,,,,,,,,,,,43.86161088872146,1.298,53,11,320,152,115,37,6.937399,0,ok,logs/seed_690475.log
276650,irt_only,GHEFT,0,0.0,0,0,1,0.2275,0.1584,0.3859,,,,,,,,,,,,,,,,,50.68844703557312,1.2461,41,11,309,163,133,30,8.288755,0,ok,logs/seed_276650.log
117981,irt_only,GHEFT,0,0.0,0,0,1,0.2405,0.1898,0.4303,,,,,,,,,,,,,,,,,51.73351940298508,1.5923,44,10,322,163,124,39,7.02439,0,ok,logs/seed_117981.log
120348,irt_only,GHEFT,0,0.0,0,0,1,0.2342,0.1647,0.3989,,,,,,,,,,,,,,,,,43.258463587921845,1.1566,44,11,325,153,125,28,7.201125,0,ok,logs/seed_120348.log
554439,irt_only,GHEFT,0,0.0,0,0,1,0.2188,0.1376,0.3564,,,,,,,,,,,,,,,,,48.1335145816073,1.0777,50,9,340,159,138,21,6.947179,0,ok,logs/seed_554439.log
686198,irt_only,GHEFT,0,0.0,0,0,1,0.2096,0.1826,0.3922,,,,,,,,,,,,,,,,,62.41265799614643,1.7562,43,10,312,149,111,38,7.77137,0,ok,logs/seed_686198.log
823177,irt_only,GHEFT,0,0.0,0,0,1,0.2149,0.1715,0.3864,,,,,,,,,,,,,,,,,46.14369529042386,1.245,46,13,324,175,141,34,7.035613,0,ok,logs/seed_823177.log
687817,irt_only,GHEFT,0,0.0,0,0,1,0.2271,0.1493,0.3764,,,,,,,,,,,,,,,,,38.41096666666667,1.0779,49,11,342,157,111,46,7.501417,0,ok,logs/seed_687817.log
430187,irt_only,GHEFT,0,0.0,0,0,1,0.2209,0.1224,0.3433,,,,,,,,,,,,,,,,,50.00896904611498,1.0991,44,11,313,160,136,24,5.430669,0,ok,logs/seed_430187.log
782746,irt_only,GHEFT,0,0.0,0,0,1,0.224,0.1461,0.3701,,,,,,,,,,,,,,,,,47.00711649636804,1.3167,45,9,305,145,114,31,6.01573,0,ok,logs/seed_782746.log
