seed,scenario,bucket_index,composition,variant,variant_display_label,gheft_gate,gheft_tolerance,gheft_comp_gate,gheft_drt_gate,gheft_irt_gate,ccr_data,idr_image,nccr_total,dheft_makespan,dheft_slr,dheft_vcpus,dheft_hosts,dheft_instances,dheft_image_dl_total,dheft_image_from_repo,dheft_image_from_host,nheft_makespan,nheft_slr,nheft_vcpus,nheft_hosts,nheft_instances,nheft_image_dl_total,nheft_image_from_repo,nheft_image_from_host,gheft_makespan,gheft_slr,gheft_vcpus,gheft_hosts,gheft_instances,gheft_image_dl_total,gheft_image_from_repo,gheft_image_from_host,time_sec,return_code,status,log_file
741896,e04y,4,y,baseline_plus_gheft,DHEFT/NHEFT/GHEFT,IRT-only,0.0,0,0,1,0.341,0.3675,0.7085,52.99069999999999,1.627,34,8,279,92,40,52,50.75982032520325,1.5585,46,11,322,153,99,54,51.76595154185022,1.5894,40,10,322,151,102,49,8.378029,0,ok,logs/seed_741896.log
430515,e04y,4,y,baseline_plus_gheft,DHEFT/NHEFT/GHEFT,IRT-only,0.0,0,0,1,0.3259,0.389,0.7149,52.961,1.3095,34,7,331,112,52,60,47.34110330033002,1.1705,44,9,329,139,105,34,44.80543589743589,1.1078,42,9,323,141,101,40,9.277248,0,ok,logs/seed_430515.log
888075,e04y,4,y,baseline_plus_gheft,DHEFT/NHEFT/GHEFT,IRT-only,0.0,0,0,1,0.3248,0.3396,0.6644,54.365300000000005,1.3968,36,9,322,118,39,79,54.400205420430865,1.3977,50,13,352,181,131,50,54.400205420430865,1.3977,42,13,353,182,139,43,10.766813,0,ok,logs/seed_888075.log
914983,e04y,4,y,baseline_plus_gheft,DHEFT/NHEFT/GHEFT,IRT-only,0.0,0,0,1,0.3695,0.4432,0.8127,50.558400000000006,1.4155,31,7,301,95,40,55,39.90018387096775,1.1171,47,11,312,137,90,47,40.829582352941166,1.1431,40,9,319,147,102,45,8.301912,0,ok,logs/seed_914983.log
997971,e04y,4,y,baseline_plus_gheft,DHEFT/NHEFT/GHEFT,IRT-only,0.0,0,0,1,0.3278,0.3246,0.6524,53.23300000000002,1.7936,43,8,305,110,41,69,47.174271099597,1.5895,50,11,344,148,101,47,47.174271099597,1.5895,40,11,349,143,104,39,9.892189,0,ok,logs/seed_997971.log
747642,e04y,4,y,baseline_plus_gheft,DHEFT/NHEFT/GHEFT,IRT-only,0.0,0,0,1,0.2884,0.3008,0.5892,53.232699999999994,1.2036,39,9,314,125,43,82,53.38283009708738,1.207,46,14,336,162,98,64,49.62544508899143,1.122,41,11,335,157,104,53,9.083544,0,ok,logs/seed_747642.log
664527,e04y,4,y,baseline_plus_gheft,DHEFT/NHEFT/GHEFT,IRT-only,0.0,0,0,1,0.3221,0.4423,0.7644,54.4615,1.3232,38,8,325,119,50,69,50.70690230179029,1.232,42,10,329,147,109,38,58.02127209515096,1.4097,38,10,331,155,120,35,11.697493,0,ok,logs/seed_664527.log
760044,e04y,4,y,baseline_plus_gheft,DHEFT/NHEFT/GHEFT,IRT-only,0.0,0,0,1,0.2829,0.3149,0.5978,58.69590000000001,1.1131,37,8,307,115,35,80,55.03544402420575,1.0437,56,11,332,156,91,65,55.03544402420575,1.0437,41,9,306,117,80,37,8.573931,0,ok,logs/seed_760044.log
215549,e04y,4,y,baseline_plus_gheft,DHEFT/NHEFT/GHEFT,IRT-only,0.0,0,0,1,0.319,0.3985,0.7175,51.20329999999999,1.449,33,7,321,102,43,59,56.15389481216458,1.5891,44,10,335,135,99,36,56.15389481216458,1.5891,39,10,338,138,98,40,10.112149,0,ok,logs/seed_215549.log
370191,e04y,4,y,baseline_plus_gheft,DHEFT/NHEFT/GHEFT,IRT-only,0.0,0,0,1,0.3044,0.3791,0.6835,55.220299999999995,1.5593,40,10,295,101,40,61,48.422380851063814,1.3673,52,12,343,130,81,49,47.4532614439324,1.34,41,8,317,104,79,25,11.767929,0,ok,logs/seed_370191.log
296947,e04y,4,y,baseline_plus_gheft,DHEFT/NHEFT/GHEFT,IRT-only,0.0,0,0,1,0.283,0.3949,0.6779,67.45360000000002,1.4741,36,9,322,125,39,86,59.1935,1.2936,53,11,338,151,91,60,59.1935,1.2936,50,11,336,156,99,57,10.01046,0,ok,logs/seed_296947.log
963598,e04y,4,y,baseline_plus_gheft,DHEFT/NHEFT/GHEFT,IRT-only,0.0,0,0,1,0.3344,0.3924,0.7268,48.6323,1.2584,35,9,313,118,37,81,44.714248459383754,1.157,53,13,331,170,100,70,44.714248459383754,1.157,48,12,321,157,105,52,10.25437,0,ok,logs/seed_963598.log
388451,e04y,4,y,baseline_plus_gheft,DHEFT/NHEFT/GHEFT,IRT-only,0.0,0,0,1,0.3136,0.3682,0.6818,54.07759999999999,1.4362,36,8,321,110,47,63,48.68855811518324,1.2931,50,10,340,143,90,53,49.47286413043478,1.3139,41,9,320,130,94,36,8.87817,0,ok,logs/seed_388451.log
602873,e04y,4,y,baseline_plus_gheft,DHEFT/NHEFT/GHEFT,IRT-only,0.0,0,0,1,0.2963,0.3394,0.6357,61.49519999999999,1.2464,34,7,305,116,37,79,56.98219936467598,1.1549,46,10,332,144,103,41,66.36880571791613,1.3451,38,9,321,138,104,34,10.798904,0,ok,logs/seed_602873.log
122745,e04y,4,y,baseline_plus_gheft,DHEFT/NHEFT/GHEFT,IRT-only,0.0,0,0,1,0.3181,0.3261,0.6442,50.4333,1.4537,38,6,328,90,35,55,44.22105845153865,1.2747,56,9,345,141,77,64,44.261523588039864,1.2758,42,9,328,121,87,34,9.946365,0,ok,logs/seed_122745.log
484762,e04y,4,y,baseline_plus_gheft,DHEFT/NHEFT/GHEFT,IRT-only,0.0,0,0,1,0.3238,0.4167,0.7405,51.26919999999999,1.4573,35,7,310,98,44,54,51.12317046467219,1.4532,47,10,326,154,116,38,52.25040403889304,1.4852,36,9,319,138,99,39,8.629232,0,ok,logs/seed_484762.log
514215,e04y,4,y,baseline_plus_gheft,DHEFT/NHEFT/GHEFT,IRT-only,0.0,0,0,1,0.3441,0.3492,0.6933,51.275,1.2997,36,8,306,121,39,82,43.27777801608579,1.097,51,14,324,145,93,52,44.90991212121212,1.1384,41,11,312,141,95,46,8.173792,0,ok,logs/seed_514215.log
601161,e04y,4,y,baseline_plus_gheft,DHEFT/NHEFT/GHEFT,IRT-only,0.0,0,0,1,0.2798,0.3329,0.6127,60.9842,1.3594,33,7,311,109,38,71,52.39988804414663,1.1681,46,10,327,136,97,39,60.069117927527024,1.3391,41,10,323,150,106,44,8.394757,0,ok,logs/seed_601161.log
78435,e04y,4,y,baseline_plus_gheft,DHEFT/NHEFT/GHEFT,IRT-only,0.0,0,0,1,0.2926,0.3186,0.6112,54.727199999999996,1.2487,38,9,301,130,45,85,49.76487559409121,1.1355,47,11,326,175,135,40,53.66547559409119,1.2245,43,9,301,144,106,38,8.560512,0,ok,logs/seed_78435.log
480957,e04y,4,y,baseline_plus_gheft,DHEFT/NHEFT/GHEFT,IRT-only,0.0,0,0,1,0.3265,0.3371,0.6636,44.1427,1.2561,34,8,318,121,42,79,41.890657746478865,1.192,44,9,322,144,102,42,41.890657746478865,1.192,40,9,310,143,101,42,8.982495,0,ok,logs/seed_480957.log
113260,e04y,4,y,baseline_plus_gheft,DHEFT/NHEFT/GHEFT,IRT-only,0.0,0,0,1,0.3562,0.4162,0.7724,56.2903,1.2305,47,9,341,129,36,93,52.15552183908045,1.1402,52,11,355,178,110,68,52.15552183908045,1.1402,42,10,354,152,107,45,11.47422,0,ok,logs/seed_113260.log
846854,e04y,4,y,baseline_plus_gheft,DHEFT/NHEFT/GHEFT,IRT-only,0.0,0,0,1,0.306,0.3668,0.6728,47.43610000000001,1.3735,29,7,268,90,36,54,43.71952087114337,1.2659,47,11,295,125,81,44,39.53113757225434,1.1446,39,9,288,116,78,38,8.059004,0,ok,logs/seed_846854.log
422970,e04y,4,y,baseline_plus_gheft,DHEFT/NHEFT/GHEFT,IRT-only,0.0,0,0,1,0.3075,0.4167,0.7242,55.84949999999999,1.4338,33,9,288,106,41,65,51.235330408006156,1.3153,47,9,297,147,106,41,53.22767947019867,1.3665,43,9,298,134,99,35,9.483175,0,ok,logs/seed_422970.log
762973,e04y,4,y,baseline_plus_gheft,DHEFT/NHEFT/GHEFT,IRT-only,0.0,0,0,1,0.3604,0.3194,0.6798,44.8192,1.0887,34,6,307,101,48,53,48.646336889897846,1.1817,47,10,329,138,91,47,48.646336889897846,1.1817,39,9,306,132,94,38,8.264923,0,ok,logs/seed_762973.log
303068,e04y,4,y,baseline_plus_gheft,DHEFT/NHEFT/GHEFT,IRT-only,0.0,0,0,1,0.3715,0.4858,0.8573,52.73819999999999,1.4925,38,9,316,96,43,53,48.05348571428571,1.36,50,11,347,144,97,47,46.513128504233286,1.3164,38,9,329,143,98,45,10.288088,0,ok,logs/seed_303068.log
701483,e04y,4,y,baseline_plus_gheft,DHEFT/NHEFT/GHEFT,IRT-only,0.0,0,0,1,0.3843,0.4526,0.8369,52.2091,1.6811,32,8,285,93,41,52,47.066842324246764,1.5156,45,12,326,160,97,63,47.066842324246764,1.5156,42,11,305,145,104,41,7.141465,0,ok,logs/seed_701483.log
193272,e04y,4,y,baseline_plus_gheft,DHEFT/NHEFT/GHEFT,IRT-only,0.0,0,0,1,0.3264,0.4283,0.7547,67.93639999999999,1.5038,47,10,337,141,44,97,55.68201590909092,1.2326,50,10,347,153,107,46,61.98321268882175,1.3721,43,10,333,152,107,45,10.021294,0,ok,logs/seed_193272.log
609026,e04y,4,y,baseline_plus_gheft,DHEFT/NHEFT/GHEFT,IRT-only,0.0,0,0,1,0.302,0.3538,0.6558,51.25639999999999,1.4095,40,7,327,96,43,53,47.664585449358064,1.3108,46,10,342,158,125,33,50.14755872809864,1.3791,42,10,329,136,111,25,11.663248,0,ok,logs/seed_609026.log
385324,e04y,4,y,baseline_plus_gheft,DHEFT/NHEFT/GHEFT,IRT-only,0.0,0,0,1,0.3437,0.4515,0.7952,45.29579999999999,1.391,32,7,311,90,52,38,42.685270234830526,1.3109,42,10,328,132,101,31,41.34077023483052,1.2696,36,9,318,127,99,28,9.145171,0,ok,logs/seed_385324.log
586699,e04y,4,y,baseline_plus_gheft,DHEFT/NHEFT/GHEFT,IRT-only,0.0,0,0,1,0.3147,0.3978,0.7125,55.07309999999999,1.4132,35,7,298,104,49,55,50.05179186228482,1.2844,39,9,306,138,112,26,56.17193050193048,1.4414,35,8,295,122,88,34,8.934668,0,ok,logs/seed_586699.log
127154,e04y,4,y,baseline_plus_gheft,DHEFT/NHEFT/GHEFT,IRT-only,0.0,0,0,1,0.3664,0.4312,0.7976,57.40860000000002,2.0538,36,9,316,111,44,67,47.186430700179535,1.6881,52,11,362,174,106,68,47.186430700179535,1.6881,46,10,349,163,106,57,9.058653,0,ok,logs/seed_127154.log
140763,e04y,4,y,baseline_plus_gheft,DHEFT/NHEFT/GHEFT,IRT-only,0.0,0,0,1,0.3143,0.361,0.6753,50.269,1.3121,30,8,292,108,52,56,45.422706778087274,1.1856,43,10,337,154,107,47,47.985793353941276,1.2525,38,8,314,142,107,35,9.259621,0,ok,logs/seed_140763.log
162375,e04y,4,y,baseline_plus_gheft,DHEFT/NHEFT/GHEFT,IRT-only,0.0,0,0,1,0.3552,0.4463,0.8015,51.871800000000015,1.2828,29,7,278,89,34,55,46.44350387596899,1.1486,46,10,302,134,86,48,44.82383935309973,1.1085,41,8,310,122,91,31,9.122522,0,ok,logs/seed_162375.log
320372,e04y,4,y,baseline_plus_gheft,DHEFT/NHEFT/GHEFT,IRT-only,0.0,0,0,1,0.3607,0.5012,0.8619,55.0013,1.4564,40,8,325,114,43,71,48.24057484102342,1.2774,51,10,350,150,105,45,48.33368475153165,1.2798,39,8,320,152,105,47,8.664492,0,ok,logs/seed_320372.log
911752,e04y,4,y,baseline_plus_gheft,DHEFT/NHEFT/GHEFT,IRT-only,0.0,0,0,1,0.3783,0.4041,0.7824,53.014399999999995,1.3366,33,6,307,99,50,49,50.656468850072784,1.2771,46,10,333,148,102,46,50.656468850072784,1.2771,40,10,315,132,101,31,9.648765,0,ok,logs/seed_911752.log
185527,e04y,4,y,baseline_plus_gheft,DHEFT/NHEFT/GHEFT,IRT-only,0.0,0,0,1,0.3361,0.3598,0.6959,62.625400000000006,1.2891,39,9,325,126,42,84,60.12186629213484,1.2375,44,9,335,174,114,60,60.99583779904306,1.2555,35,8,311,141,104,37,9.128203,0,ok,logs/seed_185527.log
766339,e04y,4,y,baseline_plus_gheft,DHEFT/NHEFT/GHEFT,IRT-only,0.0,0,0,1,0.3586,0.4043,0.7629,58.32669999999998,1.5165,35,7,289,115,40,75,62.87100284592738,1.6346,45,10,309,138,77,61,62.87100284592738,1.6346,38,9,311,134,84,50,8.144151,0,ok,logs/seed_766339.log
911829,e04y,4,y,baseline_plus_gheft,DHEFT/NHEFT/GHEFT,IRT-only,0.0,0,0,1,0.3239,0.3701,0.694,57.48930000000001,1.1375,31,6,303,91,37,54,52.8851341894061,1.0464,55,10,328,145,86,59,52.8851341894061,1.0464,50,10,326,145,101,44,11.062393,0,ok,logs/seed_911829.log
184906,e04y,4,y,baseline_plus_gheft,DHEFT/NHEFT/GHEFT,IRT-only,0.0,0,0,1,0.3456,0.4033,0.7489,50.6226,1.1808,38,10,297,111,42,69,44.14491460975533,1.0297,48,11,314,140,98,42,45.884061849710996,1.0702,43,11,308,134,100,34,8.272103,0,ok,logs/seed_184906.log
189090,e04y,4,y,baseline_plus_gheft,DHEFT/NHEFT/GHEFT,IRT-only,0.0,0,0,1,0.3448,0.3256,0.6704,45.245200000000004,1.2729,37,9,301,102,39,63,40.28793478260871,1.1335,48,11,330,143,101,42,40.28793478260871,1.1335,41,11,306,137,106,31,9.360866,0,ok,logs/seed_189090.log
355619,e04y,4,y,baseline_plus_gheft,DHEFT/NHEFT/GHEFT,IRT-only,0.0,0,0,1,0.2862,0.3651,0.6513,69.09509999999999,1.499,37,10,320,134,49,85,55.19923385214008,1.1975,63,14,355,180,115,65,58.231299899145164,1.2633,46,12,333,158,110,48,8.284004,0,ok,logs/seed_355619.log
440123,e04y,4,y,baseline_plus_gheft,DHEFT/NHEFT/GHEFT,IRT-only,0.0,0,0,1,0.304,0.3995,0.7035,65.5751,1.4166,33,7,313,112,41,71,50.88077054263565,1.0991,49,13,338,172,113,59,55.946935135135135,1.2086,41,11,328,157,112,45,9.565826,0,ok,logs/seed_440123.log
65843,e04y,4,y,baseline_plus_gheft,DHEFT/NHEFT/GHEFT,IRT-only,0.0,0,0,1,0.3475,0.3399,0.6874,47.320100000000004,1.3337,39,9,280,94,36,58,43.116297297297294,1.2152,45,7,316,137,93,44,43.25220379459214,1.219,38,7,303,132,98,34,7.012837,0,ok,logs/seed_65843.log
356002,e04y,4,y,baseline_plus_gheft,DHEFT/NHEFT/GHEFT,IRT-only,0.0,0,0,1,0.3613,0.3594,0.7207,52.5123,1.3893,39,9,293,105,49,56,44.42224561403509,1.1753,48,12,322,145,112,33,43.14655743145743,1.1415,37,10,307,155,112,43,10.311362,0,ok,logs/seed_356002.log
546160,e04y,4,y,baseline_plus_gheft,DHEFT/NHEFT/GHEFT,IRT-only,0.0,0,0,1,0.3473,0.3687,0.716,56.67879999999998,1.0105,34,9,310,121,56,65,56.678794371482155,1.0105,43,9,319,156,110,46,56.678794371482155,1.0105,39,9,322,154,105,49,8.654993,0,ok,logs/seed_546160.log
466702,e04y,4,y,baseline_plus_gheft,DHEFT/NHEFT/GHEFT,IRT-only,0.0,0,0,1,0.2764,0.2705,0.5469,51.30169999999999,1.4388,33,8,309,133,39,94,46.70065759019742,1.3097,44,10,335,155,92,63,46.74232534775889,1.3109,43,9,330,150,99,51,10.260168,0,ok,logs/seed_466702.log
108594,e04y,4,y,baseline_plus_gheft,DHEFT/NHEFT/GHEFT,IRT-only,0.0,0,0,1,0.3059,0.3483,0.6542,47.654999999999994,1.3808,37,8,302,110,38,72,46.48266666666666,1.3468,52,12,341,180,109,71,51.05313481276006,1.4793,39,10,318,153,117,36,10.205794,0,ok,logs/seed_108594.log
302326,e04y,4,y,baseline_plus_gheft,DHEFT/NHEFT/GHEFT,IRT-only,0.0,0,0,1,0.3477,0.3797,0.7274,50.8675,1.2562,34,8,316,123,38,85,45.23599071117562,1.1171,47,10,342,164,90,74,45.99574296081278,1.1359,40,9,313,141,97,44,9.028602,0,ok,logs/seed_302326.log
830943,e04y,4,y,baseline_plus_gheft,DHEFT/NHEFT/GHEFT,IRT-only,0.0,0,0,1,0.3523,0.3504,0.7027,47.29279999999999,1.3444,33,6,290,81,35,46,44.041355140186916,1.252,51,9,315,123,76,47,38.29110163868305,1.0885,47,9,311,119,75,44,8.018189,0,ok,logs/seed_830943.log
774892,e04y,4,y,baseline_plus_gheft,DHEFT/NHEFT/GHEFT,IRT-only,0.0,0,0,1,0.3183,0.3157,0.634,53.1445,1.3209,46,11,326,127,44,83,51.06831594202898,1.2693,51,13,352,156,111,45,48.97691594202899,1.2173,44,11,339,142,109,33,10.457684,0,ok,logs/seed_774892.log
317399,e04y,4,y,baseline_plus_gheft,DHEFT/NHEFT/GHEFT,IRT-only,0.0,0,0,1,0.3451,0.3601,0.7052,47.76389999999999,1.3298,39,10,317,125,55,70,42.93167806267805,1.1952,44,12,328,148,101,47,42.93167806267805,1.1952,42,11,329,143,110,33,9.05887,0,ok,logs/seed_317399.log
179499,e04y,4,y,baseline_plus_gheft,DHEFT/NHEFT/GHEFT,IRT-only,0.0,0,0,1,0.3346,0.3529,0.6875,58.16459999999999,1.4694,32,7,323,114,42,72,55.35308211382114,1.3984,44,11,332,170,107,63,55.35308211382114,1.3984,39,9,320,156,109,47,8.755456,0,ok,logs/seed_179499.log
551935,e04y,4,y,baseline_plus_gheft,DHEFT/NHEFT/GHEFT,IRT-only,0.0,0,0,1,0.3643,0.4229,0.7872,53.4201,1.055,32,6,305,86,39,47,54.03268228228229,1.0671,46,9,325,141,99,42,54.03868228228229,1.0672,41,9,325,137,102,35,9.860383,0,ok,logs/seed_551935.log
751687,e04y,4,y,baseline_plus_gheft,DHEFT/NHEFT/GHEFT,IRT-only,0.0,0,0,1,0.3114,0.2858,0.5972,55.7237,1.5895,35,9,291,123,43,80,43.54350333482509,1.242,51,12,318,162,101,61,42.35119051918736,1.208,43,11,304,155,109,46,8.592568,0,ok,logs/seed_751687.log
531148,e04y,4,y,baseline_plus_gheft,DHEFT/NHEFT/GHEFT,IRT-only,0.0,0,0,1,0.3188,0.337,0.6558,61.4346,1.3242,38,7,343,115,44,71,58.50429558823529,1.2611,52,10,358,153,113,40,58.014780825958695,1.2505,45,9,346,139,105,34,10.280231,0,ok,logs/seed_531148.log
594138,e04y,4,y,baseline_plus_gheft,DHEFT/NHEFT/GHEFT,IRT-only,0.0,0,0,1,0.3625,0.4017,0.7642,45.78190000000001,1.3301,35,7,300,102,46,56,45.32035114854517,1.3167,48,10,323,141,96,45,45.38772052689352,1.3187,44,10,312,137,96,41,7.832177,0,ok,logs/seed_594138.log
702028,e04y,4,y,baseline_plus_gheft,DHEFT/NHEFT/GHEFT,IRT-only,0.0,0,0,1,0.3505,0.367,0.7175,57.96409999999999,1.4926,40,12,309,129,49,80,47.29831079046424,1.218,56,12,339,175,113,62,49.628010790464245,1.278,43,11,331,159,111,48,9.646227,0,ok,logs/seed_702028.log
492022,e04y,4,y,baseline_plus_gheft,DHEFT/NHEFT/GHEFT,IRT-only,0.0,0,0,1,0.3083,0.333,0.6413,59.89149999999999,1.5696,39,7,298,99,39,60,44.48040534351145,1.1658,59,13,346,174,105,69,44.48040534351145,1.1658,42,11,335,147,94,53,8.870282,0,ok,logs/seed_492022.log
231332,e04y,4,y,baseline_plus_gheft,DHEFT/NHEFT/GHEFT,IRT-only,0.0,0,0,1,0.3426,0.3738,0.7164,51.0235,1.4468,34,7,323,101,45,56,41.26038879056048,1.1699,56,11,352,153,96,57,41.89624101382488,1.188,51,11,345,161,100,61,10.715877,0,ok,logs/seed_231332.log
147537,e04y,4,y,baseline_plus_gheft,DHEFT/NHEFT/GHEFT,IRT-only,0.0,0,0,1,0.3597,0.3977,0.7574,56.4245,1.2365,33,6,320,105,46,59,50.73648604651162,1.1118,48,10,334,135,95,40,51.51186901300689,1.1288,45,9,330,148,109,39,9.962448,0,ok,logs/seed_147537.log
109654,e04y,4,y,baseline_plus_gheft,DHEFT/NHEFT/GHEFT,IRT-only,0.0,0,0,1,0.3077,0.397,0.7047,54.1039,1.325,31,6,310,104,41,63,45.7556464778504,1.1206,49,10,332,158,102,56,54.84393418467583,1.3431,46,10,344,148,99,49,10.941332,0,ok,logs/seed_109654.log
357820,e04y,4,y,baseline_plus_gheft,DHEFT/NHEFT/GHEFT,IRT-only,0.0,0,0,1,0.2827,0.3544,0.6371,46.1712,1.5813,31,5,312,96,48,48,37.553971454656114,1.2861,41,9,354,143,105,38,39.6414659160073,1.3576,37,9,344,138,105,33,8.835154,0,ok,logs/seed_357820.log
813854,e04y,4,y,baseline_plus_gheft,DHEFT/NHEFT/GHEFT,IRT-only,0.0,0,0,1,0.3236,0.3573,0.6809,51.770399999999995,1.1946,36,7,301,108,44,64,44.19555804111246,1.0198,47,10,335,139,96,43,45.31573492286115,1.0457,40,10,310,127,94,33,10.326851,0,ok,logs/seed_813854.log
840701,e04y,4,y,baseline_plus_gheft,DHEFT/NHEFT/GHEFT,IRT-only,0.0,0,0,1,0.3151,0.3926,0.7077,51.92050000000001,1.193,35,8,337,110,53,57,51.86752543757293,1.1918,46,9,350,132,96,36,52.78783370786517,1.2129,39,9,338,127,92,35,11.46593,0,ok,logs/seed_840701.log
528112,e04y,4,y,baseline_plus_gheft,DHEFT/NHEFT/GHEFT,IRT-only,0.0,0,0,1,0.3638,0.404,0.7678,48.68440000000001,1.1608,37,7,303,94,46,48,45.355682902881426,1.0814,44,9,316,127,92,35,46.32727927625179,1.1046,43,9,314,121,89,32,8.619237,0,ok,logs/seed_528112.log
610245,e04y,4,y,baseline_plus_gheft,DHEFT/NHEFT/GHEFT,IRT-only,0.0,0,0,1,0.3553,0.4102,0.7655,50.936400000000006,1.3925,34,9,301,117,48,69,41.52085714285714,1.1351,49,11,331,151,96,55,41.345974074074064,1.1303,36,9,299,138,97,41,8.892547,0,ok,logs/seed_610245.log
540631,e04y,4,y,baseline_plus_gheft,DHEFT/NHEFT/GHEFT,IRT-only,0.0,0,0,1,0.3322,0.3313,0.6635,54.417899999999996,1.5714,38,8,310,104,39,65,44.06141643438458,1.2724,48,12,335,144,89,55,51.5588659400545,1.4889,39,9,327,130,91,39,10.25268,0,ok,logs/seed_540631.log
670354,e04y,4,y,baseline_plus_gheft,DHEFT/NHEFT/GHEFT,IRT-only,0.0,0,0,1,0.3358,0.368,0.7038,51.235,1.2774,39,8,313,114,37,77,48.692930979133216,1.2141,49,11,346,159,103,56,54.49002608695651,1.3586,41,10,320,140,104,36,8.598586,0,ok,logs/seed_670354.log
416284,e04y,4,y,baseline_plus_gheft,DHEFT/NHEFT/GHEFT,IRT-only,0.0,0,0,1,0.343,0.4113,0.7543,56.610700000000016,1.6553,33,8,312,116,50,66,53.42149840810419,1.562,46,11,338,151,110,41,53.42149840810419,1.562,43,11,330,155,110,45,9.496643,0,ok,logs/seed_416284.log
853922,e04y,4,y,baseline_plus_gheft,DHEFT/NHEFT/GHEFT,IRT-only,0.0,0,0,1,0.3547,0.4834,0.8381,45.05579999999999,1.0845,32,7,312,104,43,61,42.059692922859156,1.0124,43,9,322,121,83,38,45.23039292285915,1.0887,38,9,318,126,90,36,8.531856,0,ok,logs/seed_853922.log
703771,e04y,4,y,baseline_plus_gheft,DHEFT/NHEFT/GHEFT,IRT-only,0.0,0,0,1,0.3467,0.4497,0.7964,46.760999999999996,1.2794,39,11,290,114,44,70,41.11204007220217,1.1248,40,10,314,151,108,43,44.350832851985565,1.2134,38,9,309,134,100,34,8.509869,0,ok,logs/seed_703771.log
131782,e04y,4,y,baseline_plus_gheft,DHEFT/NHEFT/GHEFT,IRT-only,0.0,0,0,1,0.3408,0.389,0.7298,42.542,1.3347,33,6,290,88,33,55,44.294308660892746,1.3896,46,9,309,124,88,36,43.496957142857156,1.3646,38,9,312,124,81,43,9.208773,0,ok,logs/seed_131782.log
793335,e04y,4,y,baseline_plus_gheft,DHEFT/NHEFT/GHEFT,IRT-only,0.0,0,0,1,0.3472,0.4433,0.7905,55.537800000000004,1.5749,34,7,296,112,40,72,49.16935302013423,1.3943,41,9,310,150,107,43,48.70695302013422,1.3812,40,10,311,144,100,44,9.177621,0,ok,logs/seed_793335.log
829835,e04y,4,y,baseline_plus_gheft,DHEFT/NHEFT/GHEFT,IRT-only,0.0,0,0,1,0.2962,0.3229,0.6191,50.22880000000001,1.3994,35,8,287,112,54,58,45.195790729379695,1.2591,48,11,319,132,98,34,45.64407590847914,1.2716,40,11,298,131,101,30,10.924968,0,ok,logs/seed_829835.log
517538,e04y,4,y,baseline_plus_gheft,DHEFT/NHEFT/GHEFT,IRT-only,0.0,0,0,1,0.3537,0.3569,0.7106,46.4067,1.1598,35,6,314,98,41,57,42.077092817679556,1.0516,52,10,348,158,98,60,48.91603101604279,1.2225,45,9,337,144,100,44,11.829613,0,ok,logs/seed_517538.log
432977,e04y,4,y,baseline_plus_gheft,DHEFT/NHEFT/GHEFT,IRT-only,0.0,0,0,1,0.3363,0.3653,0.7016,57.505600000000015,1.2803,41,8,342,113,41,72,47.65327954345917,1.0609,50,10,360,182,120,62,49.67274378273095,1.1059,41,8,342,147,106,41,10.62001,0,ok,logs/seed_432977.log
202788,e04y,4,y,baseline_plus_gheft,DHEFT/NHEFT/GHEFT,IRT-only,0.0,0,0,1,0.3467,0.3717,0.7184,48.346500000000006,1.2329,36,7,321,96,35,61,47.61745026833631,1.2143,41,9,329,146,94,52,43.18112703681618,1.1011,38,8,309,131,80,51,10.935463,0,ok,logs/seed_202788.log
455331,e04y,4,y,baseline_plus_gheft,DHEFT/NHEFT/GHEFT,IRT-only,0.0,0,0,1,0.355,0.3654,0.7204,52.7281,1.3785,37,10,317,130,36,94,49.18139464763604,1.2858,40,8,328,160,111,49,49.18139464763604,1.2858,40,10,320,158,111,47,8.681234,0,ok,logs/seed_455331.log
795054,e04y,4,y,baseline_plus_gheft,DHEFT/NHEFT/GHEFT,IRT-only,0.0,0,0,1,0.3535,0.3746,0.7281,50.192,1.5346,34,8,282,106,40,66,40.39508472869541,1.2351,39,10,305,131,80,51,40.60018571428571,1.2413,43,10,319,130,89,41,8.889533,0,ok,logs/seed_795054.log
612732,e04y,4,y,baseline_plus_gheft,DHEFT/NHEFT/GHEFT,IRT-only,0.0,0,0,1,0.341,0.3232,0.6642,47.147400000000005,1.4934,39,7,308,112,41,71,40.121878200692045,1.2709,48,10,316,153,106,47,41.783360815402034,1.3235,44,10,313,151,102,49,10.398371,0,ok,logs/seed_612732.log
753523,e04y,4,y,baseline_plus_gheft,DHEFT/NHEFT/GHEFT,IRT-only,0.0,0,0,1,0.3211,0.3801,0.7012,64.424,1.6488,33,8,298,99,41,58,54.95184574898786,1.4064,49,10,328,157,115,42,54.95184574898786,1.4064,47,9,312,138,100,38,9.402982,0,ok,logs/seed_753523.log
239744,e04y,4,y,baseline_plus_gheft,DHEFT/NHEFT/GHEFT,IRT-only,0.0,0,0,1,0.3319,0.3949,0.7268,51.72090000000001,1.2017,36,9,308,109,46,63,50.16583054752365,1.1656,43,10,336,151,106,45,55.964967078724804,1.3003,40,9,322,156,113,43,10.370774,0,ok,logs/seed_239744.log
838648,e04y,4,y,baseline_plus_gheft,DHEFT/NHEFT/GHEFT,IRT-only,0.0,0,0,1,0.3493,0.3728,0.7221,50.0522,1.1915,34,7,330,117,44,73,44.299743055675194,1.0545,44,9,316,145,98,47,44.04033023516237,1.0484,40,9,310,134,95,39,8.569804,0,ok,logs/seed_838648.log
115403,e04y,4,y,baseline_plus_gheft,DHEFT/NHEFT/GHEFT,IRT-only,0.0,0,0,1,0.2957,0.31,0.6057,56.3147,1.334,36,9,303,98,37,61,47.42379443892751,1.1234,49,11,312,142,84,58,47.23631470766581,1.1189,41,9,315,125,88,37,9.072461,0,ok,logs/seed_115403.log
712189,e04y,4,y,baseline_plus_gheft,DHEFT/NHEFT/GHEFT,IRT-only,0.0,0,0,1,0.3598,0.4518,0.8116,61.369799999999984,1.8245,45,13,293,125,34,91,56.459199678972716,1.6785,53,12,335,169,105,64,49.070550464396284,1.4588,45,11,325,155,95,60,9.997367,0,ok,logs/seed_712189.log
873143,e04y,4,y,baseline_plus_gheft,DHEFT/NHEFT/GHEFT,IRT-only,0.0,0,0,1,0.3172,0.327,0.6442,50.46070000000001,1.7595,29,7,298,100,48,52,43.2201275862069,1.507,43,11,300,138,91,47,39.65885522682445,1.3828,35,9,307,127,97,30,8.949226,0,ok,logs/seed_873143.log
877233,e04y,4,y,baseline_plus_gheft,DHEFT/NHEFT/GHEFT,IRT-only,0.0,0,0,1,0.3135,0.3014,0.6149,53.74619999999998,1.4633,27,6,280,100,46,54,43.33894596273291,1.1799,45,12,308,146,106,40,43.84498947602864,1.1937,39,12,309,143,103,40,11.08954,0,ok,logs/seed_877233.log
663658,e04y,4,y,baseline_plus_gheft,DHEFT/NHEFT/GHEFT,IRT-only,0.0,0,0,1,0.354,0.4543,0.8083,60.41329999999999,1.5691,35,9,320,123,47,76,50.64424615384615,1.3153,51,10,353,159,110,49,49.51110557707204,1.2859,43,9,336,145,106,39,9.255624,0,ok,logs/seed_663658.log
656054,e04y,4,y,baseline_plus_gheft,DHEFT/NHEFT/GHEFT,IRT-only,0.0,0,0,1,0.3174,0.2758,0.5932,50.8548,1.4435,31,6,321,102,45,57,39.43445443645085,1.1193,52,11,342,139,89,50,39.53221798561151,1.1221,47,11,337,137,101,36,11.427941,0,ok,logs/seed_656054.log
464471,e04y,4,y,baseline_plus_gheft,DHEFT/NHEFT/GHEFT,IRT-only,0.0,0,0,1,0.3332,0.4073,0.7405,47.302600000000005,1.3133,31,5,280,83,50,33,42.73665732574679,1.1865,45,9,322,124,89,35,46.5777573257468,1.2932,42,9,317,126,95,31,10.504092,0,ok,logs/seed_464471.log
586510,e04y,4,y,baseline_plus_gheft,DHEFT/NHEFT/GHEFT,IRT-only,0.0,0,0,1,0.328,0.4093,0.7373,46.45750000000001,1.4338,36,8,316,93,33,60,42.4034707108759,1.3087,50,9,324,136,87,49,44.774874934036944,1.3819,45,8,325,125,88,37,10.481916,0,ok,logs/seed_586510.log
50264,e04y,4,y,baseline_plus_gheft,DHEFT/NHEFT/GHEFT,IRT-only,0.0,0,0,1,0.3296,0.3774,0.707,50.525200000000005,1.3901,46,11,304,122,37,85,42.47114670150229,1.1685,51,9,330,156,98,58,43.84624670150228,1.2063,44,9,318,146,98,48,10.447011,0,ok,logs/seed_50264.log
719048,e04y,4,y,baseline_plus_gheft,DHEFT/NHEFT/GHEFT,IRT-only,0.0,0,0,1,0.3548,0.4503,0.8051,50.01789999999999,1.3495,43,10,329,120,48,72,42.95146953892668,1.1588,46,11,359,166,127,39,44.42658907782866,1.1986,45,10,344,166,109,57,10.858246,0,ok,logs/seed_719048.log
677021,e04y,4,y,baseline_plus_gheft,DHEFT/NHEFT/GHEFT,IRT-only,0.0,0,0,1,0.3254,0.4091,0.7345,46.8754,1.2826,35,9,314,116,48,68,37.151611494252876,1.0166,46,10,333,148,100,48,37.818118704284224,1.0348,47,10,332,148,99,49,8.881702,0,ok,logs/seed_677021.log
861718,e04y,4,y,baseline_plus_gheft,DHEFT/NHEFT/GHEFT,IRT-only,0.0,0,0,1,0.3698,0.4339,0.8037,54.65389999999999,1.8445,40,9,298,105,35,70,50.87275887939221,1.7169,52,12,330,152,102,50,50.87275887939221,1.7169,49,10,324,135,90,45,12.658682,0,ok,logs/seed_861718.log
495401,e04y,4,y,baseline_plus_gheft,DHEFT/NHEFT/GHEFT,IRT-only,0.0,0,0,1,0.3332,0.3162,0.6494,53.8235,1.5579,46,10,299,113,41,72,42.35034146341464,1.2259,57,12,344,175,106,69,43.867477619308836,1.2698,51,11,336,159,115,44,12.031882,0,ok,logs/seed_495401.log
209510,e04y,4,y,baseline_plus_gheft,DHEFT/NHEFT/GHEFT,IRT-only,0.0,0,0,1,0.3344,0.3584,0.6928,59.26560000000003,1.3842,33,7,295,85,50,35,49.18004934497818,1.1486,51,10,317,131,89,42,49.18004934497818,1.1486,44,10,327,124,93,31,8.885198,0,ok,logs/seed_209510.log
743312,e04y,4,y,baseline_plus_gheft,DHEFT/NHEFT/GHEFT,IRT-only,0.0,0,0,1,0.3496,0.4354,0.785,53.521200000000015,1.7217,39,9,280,112,39,73,39.69368620689656,1.2769,49,10,310,142,81,61,46.92330689655173,1.5095,36,8,301,135,96,39,11.461313,0,ok,logs/seed_743312.log
212694,e04y,4,y,baseline_plus_gheft,DHEFT/NHEFT/GHEFT,IRT-only,0.0,0,0,1,0.3149,0.3946,0.7095,49.29230000000001,1.6397,39,9,304,116,46,70,45.84839311064719,1.5252,43,11,327,136,94,42,44.809769434502506,1.4906,38,10,320,132,107,25,11.162602,0,ok,logs/seed_212694.log
224701,e04y,4,y,baseline_plus_gheft,DHEFT/NHEFT/GHEFT,IRT-only,0.0,0,0,1,0.3243,0.3501,0.6744,58.02170000000001,1.3331,33,8,282,102,37,65,53.840735955056175,1.2371,47,12,311,152,101,51,53.840735955056175,1.2371,40,9,311,141,109,32,8.703071,0,ok,logs/seed_224701.log
861434,e04y,4,y,baseline_plus_gheft,DHEFT/NHEFT/GHEFT,IRT-only,0.0,0,0,1,0.3428,0.3997,0.7425,52.259499999999996,1.4543,32,7,299,111,47,64,42.995138396299154,1.1965,48,12,327,156,95,61,44.791491545189515,1.2464,37,12,312,123,90,33,11.303854,0,ok,logs/seed_861434.log
844102,e04y,4,y,baseline_plus_gheft,DHEFT/NHEFT/GHEFT,IRT-only,0.0,0,0,1,0.3051,0.3543,0.6594,58.25299999999999,1.3218,36,10,298,111,40,71,49.10104876847289,1.1142,47,10,316,130,82,48,49.29724876847289,1.1186,39,10,303,137,100,37,9.291156,0,ok,logs/seed_844102.log
722064,e04y,4,y,baseline_plus_gheft,DHEFT/NHEFT/GHEFT,IRT-only,0.0,0,0,1,0.3107,0.3544,0.6651,45.7549,1.3867,36,8,298,101,39,62,43.10809267113152,1.3064,45,10,320,141,86,55,49.9688446494465,1.5144,36,10,304,135,99,36,10.274127,0,ok,logs/seed_722064.log
549862,e04y,4,y,baseline_plus_gheft,DHEFT/NHEFT/GHEFT,IRT-only,0.0,0,0,1,0.3654,0.3617,0.7271,54.2891,1.4951,35,9,287,114,38,76,38.5994849002849,1.063,46,11,320,151,95,56,39.0666112407211,1.0759,40,10,315,163,110,53,8.984571,0,ok,logs/seed_549862.log
2010,e04y,4,y,baseline_plus_gheft,DHEFT/NHEFT/GHEFT,IRT-only,0.0,0,0,1,0.3492,0.3203,0.6695,51.40549999999999,1.228,35,9,306,125,40,85,46.49590029476788,1.1107,46,10,328,156,108,48,46.49590029476788,1.1107,41,10,318,153,107,46,9.16762,0,ok,logs/seed_2010.log
796027,e04y,4,y,baseline_plus_gheft,DHEFT/NHEFT/GHEFT,IRT-only,0.0,0,0,1,0.3257,0.3179,0.6436,57.454199999999986,1.5462,30,8,281,108,46,62,45.14624399460188,1.2149,52,11,321,166,112,54,52.18989031305376,1.4045,40,11,295,147,100,47,9.570966,0,ok,logs/seed_796027.log
401997,e04y,4,y,baseline_plus_gheft,DHEFT/NHEFT/GHEFT,IRT-only,0.0,0,0,1,0.2901,0.3298,0.6199,57.96960000000001,1.5165,27,7,274,87,36,51,47.77282549019608,1.2498,49,10,321,140,98,42,50.89286172839506,1.3314,45,9,312,147,98,49,12.017744,0,ok,logs/seed_401997.log
35721,e04y,4,y,baseline_plus_gheft,DHEFT/NHEFT/GHEFT,IRT-only,0.0,0,0,1,0.3868,0.3683,0.7551,49.4171,1.3806,37,9,307,107,36,71,42.67957613614007,1.1923,54,11,313,151,83,68,42.67957613614007,1.1923,49,11,323,151,94,57,10.578935,0,ok,logs/seed_35721.log
724068,e04y,4,y,baseline_plus_gheft,DHEFT/NHEFT/GHEFT,IRT-only,0.0,0,0,1,0.3372,0.3971,0.7343,47.867100000000015,1.1956,39,8,338,128,45,83,46.311202147971365,1.1567,47,10,358,164,112,52,43.91800700104494,1.0969,45,10,348,151,108,43,10.11894,0,ok,logs/seed_724068.log
800182,e04y,4,y,baseline_plus_gheft,DHEFT/NHEFT/GHEFT,IRT-only,0.0,0,0,1,0.2989,0.3682,0.6671,64.4435,1.6917,31,7,282,98,35,63,63.27371311475409,1.661,50,11,327,163,104,59,63.27371311475409,1.661,44,9,328,150,106,44,10.087144,0,ok,logs/seed_800182.log
937614,e04y,4,y,baseline_plus_gheft,DHEFT/NHEFT/GHEFT,IRT-only,0.0,0,0,1,0.2945,0.3897,0.6842,53.501000000000005,1.4096,28,7,297,111,33,78,44.305862140992154,1.1673,42,10,295,140,98,42,52.72776710182768,1.3892,38,9,300,154,110,44,9.277319,0,ok,logs/seed_937614.log
722394,e04y,4,y,baseline_plus_gheft,DHEFT/NHEFT/GHEFT,IRT-only,0.0,0,0,1,0.3145,0.4425,0.757,56.57390000000001,1.4905,37,8,296,117,52,65,50.895399999999995,1.3409,41,10,336,142,108,34,55.05517276264592,1.4505,33,9,313,125,97,28,8.623978,0,ok,logs/seed_722394.log
509760,e04y,4,y,baseline_plus_gheft,DHEFT/NHEFT/GHEFT,IRT-only,0.0,0,0,1,0.3282,0.3684,0.6966,58.71149999999999,1.383,32,9,307,107,41,66,58.52732812051649,1.3786,51,11,321,144,96,48,56.243476894775554,1.3248,48,11,321,139,93,46,11.007385,0,ok,logs/seed_509760.log
70327,e04y,4,y,baseline_plus_gheft,DHEFT/NHEFT/GHEFT,IRT-only,0.0,0,0,1,0.3141,0.3336,0.6477,57.6474,1.3065,36,9,306,109,41,68,48.70770000000001,1.1039,50,10,312,142,85,57,48.25129115861065,1.0935,46,10,325,152,103,49,9.396464,0,ok,logs/seed_70327.log
750147,e04y,4,y,baseline_plus_gheft,DHEFT/NHEFT/GHEFT,IRT-only,0.0,0,0,1,0.4043,0.4298,0.8341,52.95479999999999,1.2619,33,7,297,106,49,57,44.255132457786104,1.0545,49,10,325,152,114,38,45.34684156456173,1.0806,45,10,310,134,98,36,9.009708,0,ok,logs/seed_750147.log
460446,e04y,4,y,baseline_plus_gheft,DHEFT/NHEFT/GHEFT,IRT-only,0.0,0,0,1,0.3447,0.422,0.7667,62.37389999999999,1.213,33,8,327,127,46,81,56.39930000000001,1.0968,48,12,339,174,117,57,56.05766010165185,1.0902,39,10,339,185,131,54,9.970418,0,ok,logs/seed_460446.log
748846,e04y,4,y,baseline_plus_gheft,DHEFT/NHEFT/GHEFT,IRT-only,0.0,0,0,1,0.3162,0.4035,0.7197,53.1656,1.6904,31,7,300,105,38,67,48.19513247863247,1.5324,48,11,327,146,98,48,49.91156054827175,1.5869,36,8,309,133,101,32,9.133847,0,ok,logs/seed_748846.log
610796,e04y,4,y,baseline_plus_gheft,DHEFT/NHEFT/GHEFT,IRT-only,0.0,0,0,1,0.321,0.3863,0.7073,62.72879999999999,1.3083,32,6,312,92,39,53,60.23784705882352,1.2564,55,11,344,158,98,60,58.63714705882353,1.223,44,9,329,145,106,39,10.663796,0,ok,logs/seed_610796.log
372755,e04y,4,y,baseline_plus_gheft,DHEFT/NHEFT/GHEFT,IRT-only,0.0,0,0,1,0.3579,0.4029,0.7608,58.6536,1.8,34,9,281,114,44,70,50.242125490196074,1.5419,49,12,319,151,113,38,51.53694989921489,1.5816,47,12,313,155,108,47,9.919008,0,ok,logs/seed_372755.log
324404,e04y,4,y,baseline_plus_gheft,DHEFT/NHEFT/GHEFT,IRT-only,0.0,0,0,1,0.3301,0.3358,0.6659,51.78309999999999,1.6913,34,6,261,81,31,50,44.71159625585023,1.4604,48,10,315,143,97,46,44.71159625585023,1.4604,46,10,304,144,95,49,9.548109,0,ok,logs/seed_324404.log
138451,e04y,4,y,baseline_plus_gheft,DHEFT/NHEFT/GHEFT,IRT-only,0.0,0,0,1,0.3345,0.4108,0.7453,58.769700000000014,1.2803,32,8,281,105,47,58,52.59761273885352,1.1459,44,11,296,138,109,29,64.31313527420446,1.4011,37,9,308,141,106,35,10.521616,0,ok,logs/seed_138451.log
117059,e04y,4,y,baseline_plus_gheft,DHEFT/NHEFT/GHEFT,IRT-only,0.0,0,0,1,0.3407,0.3961,0.7368,50.810799999999986,1.4865,36,8,294,107,36,71,46.73131038406828,1.3672,50,11,345,167,110,57,49.0041,1.4337,43,10,314,131,91,40,9.492259,0,ok,logs/seed_117059.log
976782,e04y,4,y,baseline_plus_gheft,DHEFT/NHEFT/GHEFT,IRT-only,0.0,0,0,1,0.3208,0.3617,0.6825,53.13080000000001,1.1814,33,8,309,109,46,63,50.93118930390492,1.1325,44,9,309,142,105,37,50.93118930390492,1.1325,38,8,324,145,109,36,8.820368,0,ok,logs/seed_976782.log
574644,e04y,4,y,baseline_plus_gheft,DHEFT/NHEFT/GHEFT,IRT-only,0.0,0,0,1,0.3683,0.4323,0.8006,55.164500000000004,1.0953,40,12,314,127,44,83,57.90847876322213,1.1498,45,9,321,160,107,53,57.90847876322213,1.1498,36,10,313,135,103,32,8.793008,0,ok,logs/seed_574644.log
435308,e04y,4,y,baseline_plus_gheft,DHEFT/NHEFT/GHEFT,IRT-only,0.0,0,0,1,0.3634,0.3668,0.7302,57.187999999999995,1.3146,34,8,292,98,34,64,53.934768990514804,1.2399,52,12,334,141,86,55,53.934768990514804,1.2399,44,10,323,139,86,53,8.69413,0,ok,logs/seed_435308.log
635612,e04y,4,y,baseline_plus_gheft,DHEFT/NHEFT/GHEFT,IRT-only,0.0,0,0,1,0.3159,0.3332,0.6491,55.3524,1.2698,40,9,309,129,48,81,48.47901437271619,1.1122,48,10,333,164,117,47,48.64382321981424,1.1159,44,10,331,171,119,52,10.146419,0,ok,logs/seed_635612.log
289817,e04y,4,y,baseline_plus_gheft,DHEFT/NHEFT/GHEFT,IRT-only,0.0,0,0,1,0.3109,0.3473,0.6582,57.7976,1.6699,35,8,302,114,44,70,52.236659365994235,1.5092,45,10,313,153,104,49,52.236659365994235,1.5092,43,10,314,160,115,45,10.248543,0,ok,logs/seed_289817.log
639065,e04y,4,y,baseline_plus_gheft,DHEFT/NHEFT/GHEFT,IRT-only,0.0,0,0,1,0.3777,0.4167,0.7944,50.4779,1.2348,39,9,317,124,43,81,53.1197494004796,1.2995,50,10,352,161,104,57,53.70922467532466,1.3139,40,9,326,147,105,42,10.853804,0,ok,logs/seed_639065.log
650943,e04y,4,y,baseline_plus_gheft,DHEFT/NHEFT/GHEFT,IRT-only,0.0,0,0,1,0.3339,0.3192,0.6531,48.8912,1.2507,38,7,333,113,51,62,41.91351975531541,1.0722,48,11,348,148,99,49,42.69602512884097,1.0922,43,11,340,143,102,41,11.308496,0,ok,logs/seed_650943.log
110055,e04y,4,y,baseline_plus_gheft,DHEFT/NHEFT/GHEFT,IRT-only,0.0,0,0,1,0.2875,0.2977,0.5852,54.3549,1.4075,39,9,347,140,50,90,50.33513456790123,1.3034,52,13,352,166,106,60,47.994849382716055,1.2428,48,13,349,152,108,44,9.946134,0,ok,logs/seed_110055.log
117791,e04y,4,y,baseline_plus_gheft,DHEFT/NHEFT/GHEFT,IRT-only,0.0,0,0,1,0.3581,0.3783,0.7364,55.92250000000001,1.4897,37,8,299,117,41,76,45.73185658914729,1.2183,55,11,317,151,91,60,45.28352027972028,1.2063,48,9,325,161,106,55,9.7814,0,ok,logs/seed_117791.log
124685,e04y,4,y,baseline_plus_gheft,DHEFT/NHEFT/GHEFT,IRT-only,0.0,0,0,1,0.3169,0.3438,0.6607,57.92890000000001,1.4753,41,10,311,108,38,70,58.57283488372094,1.4917,55,12,335,132,97,35,58.7258180533752,1.4956,49,10,334,161,119,42,9.48183,0,ok,logs/seed_124685.log
997328,e04y,4,y,baseline_plus_gheft,DHEFT/NHEFT/GHEFT,IRT-only,0.0,0,0,1,0.3073,0.3435,0.6508,52.9996,1.526,30,6,315,98,42,56,48.47120555555555,1.3956,54,10,341,154,93,61,48.47120555555555,1.3956,46,11,350,169,106,63,9.818207,0,ok,logs/seed_997328.log
655714,e04y,4,y,baseline_plus_gheft,DHEFT/NHEFT/GHEFT,IRT-only,0.0,0,0,1,0.3534,0.4121,0.7655,54.63249999999999,1.5386,36,9,319,115,37,78,49.3460375160521,1.3897,53,11,342,167,105,62,55.36567129316181,1.5593,42,9,324,142,97,45,9.759503,0,ok,logs/seed_655714.log
512136,e04y,4,y,baseline_plus_gheft,DHEFT/NHEFT/GHEFT,IRT-only,0.0,0,0,1,0.3357,0.3379,0.6736,61.858999999999995,1.5724,34,7,306,103,40,63,51.408450190114074,1.3067,48,10,313,148,94,54,56.17722141057934,1.4279,43,10,311,147,103,44,7.820405,0,ok,logs/seed_512136.log
695034,e04y,4,y,baseline_plus_gheft,DHEFT/NHEFT/GHEFT,IRT-only,0.0,0,0,1,0.3248,0.362,0.6868,51.2193,1.2038,35,8,314,101,53,48,44.065108049993114,1.0357,46,10,322,135,94,41,45.98684859813085,1.0808,38,10,321,138,102,36,10.72803,0,ok,logs/seed_695034.log
539246,e04y,4,y,baseline_plus_gheft,DHEFT/NHEFT/GHEFT,IRT-only,0.0,0,0,1,0.2949,0.3984,0.6933,60.7574,1.6992,28,5,276,88,33,55,69.00841744906998,1.93,43,10,305,138,75,63,69.00841744906998,1.93,41,10,297,133,79,54,9.199038,0,ok,logs/seed_539246.log
354388,e04y,4,y,baseline_plus_gheft,DHEFT/NHEFT/GHEFT,IRT-only,0.0,0,0,1,0.3443,0.361,0.7053,54.5025,1.3862,44,10,340,142,50,92,53.12181235955057,1.3511,46,11,350,167,106,61,53.12181235955057,1.3511,45,10,344,170,133,37,9.176965,0,ok,logs/seed_354388.log
282392,e04y,4,y,baseline_plus_gheft,DHEFT/NHEFT/GHEFT,IRT-only,0.0,0,0,1,0.3221,0.4195,0.7416,47.4244,1.331,38,8,312,108,41,67,41.393550921273025,1.1617,54,11,341,149,94,55,41.393550921273025,1.1617,43,11,328,145,91,54,10.227057,0,ok,logs/seed_282392.log
465345,e04y,4,y,baseline_plus_gheft,DHEFT/NHEFT/GHEFT,IRT-only,0.0,0,0,1,0.3503,0.4317,0.782,49.3322,1.389,39,9,314,98,41,57,43.34702950558214,1.2205,47,9,340,142,95,47,44.81020401146133,1.2617,40,9,318,137,99,38,10.572156,0,ok,logs/seed_465345.log
276209,e04y,4,y,baseline_plus_gheft,DHEFT/NHEFT/GHEFT,IRT-only,0.0,0,0,1,0.3211,0.3156,0.6367,51.477,1.3121,28,7,284,96,39,57,50.27791808815111,1.2816,44,10,313,147,104,43,55.318618088151126,1.41,33,8,301,133,105,28,9.206696,0,ok,logs/seed_276209.log
48268,e04y,4,y,baseline_plus_gheft,DHEFT/NHEFT/GHEFT,IRT-only,0.0,0,0,1,0.3445,0.4174,0.7619,54.9216,1.3419,46,10,304,121,40,81,51.65400503597122,1.262,47,10,348,152,102,50,59.70497762073027,1.4587,35,9,322,159,120,39,9.68881,0,ok,logs/seed_48268.log
312904,e04y,4,y,baseline_plus_gheft,DHEFT/NHEFT/GHEFT,IRT-only,0.0,0,0,1,0.3833,0.4423,0.8256,48.682100000000005,1.2559,32,6,298,89,40,49,43.15538127883982,1.1134,44,10,310,142,92,50,45.284737209302335,1.1683,40,8,317,120,83,37,9.942063,0,ok,logs/seed_312904.log
95163,e04y,4,y,baseline_plus_gheft,DHEFT/NHEFT/GHEFT,IRT-only,0.0,0,0,1,0.3606,0.5118,0.8724,50.36330000000001,1.3331,37,8,318,98,38,60,47.7710381933439,1.2644,39,9,323,146,109,37,47.7710381933439,1.2644,40,9,332,141,104,37,11.202269,0,ok,logs/seed_95163.log
739903,e04y,4,y,baseline_plus_gheft,DHEFT/NHEFT/GHEFT,IRT-only,0.0,0,0,1,0.3256,0.3908,0.7164,47.0403,1.3248,35,7,323,104,49,55,47.388,1.3346,51,12,320,160,112,48,47.584799999999994,1.3401,39,10,306,127,96,31,8.957368,0,ok,logs/seed_739903.log
527611,e04y,4,y,baseline_plus_gheft,DHEFT/NHEFT/GHEFT,IRT-only,0.0,0,0,1,0.3069,0.3192,0.6261,55.33549999999999,1.5575,35,7,302,97,39,58,41.77976314760509,1.176,54,11,329,156,94,62,39.24942685008724,1.1048,50,11,322,144,95,49,10.551893,0,ok,logs/seed_527611.log
591781,e04y,4,y,baseline_plus_gheft,DHEFT/NHEFT/GHEFT,IRT-only,0.0,0,0,1,0.3581,0.3916,0.7497,51.1121,1.2388,39,10,330,107,53,54,47.116192708081535,1.1419,47,9,347,136,100,36,47.797161904761914,1.1584,46,9,347,139,104,35,10.233017,0,ok,logs/seed_591781.log
10602,e04y,4,y,baseline_plus_gheft,DHEFT/NHEFT/GHEFT,IRT-only,0.0,0,0,1,0.3332,0.3974,0.7306,45.616499999999995,1.4117,35,9,290,97,44,53,36.96104994232988,1.1438,45,10,323,125,93,32,39.187277138413684,1.2127,44,10,321,134,94,40,9.252384,0,ok,logs/seed_10602.log
91728,e04y,4,y,baseline_plus_gheft,DHEFT/NHEFT/GHEFT,IRT-only,0.0,0,0,1,0.3788,0.3428,0.7216,60.21969999999999,1.5914,41,8,319,105,40,65,51.78686011338574,1.3686,55,11,337,152,103,49,50.82528693957114,1.3432,42,9,318,146,106,40,10.617736,0,ok,logs/seed_91728.log
777150,e04y,4,y,baseline_plus_gheft,DHEFT/NHEFT/GHEFT,IRT-only,0.0,0,0,1,0.3295,0.3602,0.6897,46.211999999999996,1.259,35,6,307,85,41,44,46.90409122807017,1.2779,44,9,312,129,97,32,46.90409122807017,1.2779,43,8,301,126,93,33,9.422612,0,ok,logs/seed_777150.log
761499,e04y,4,y,baseline_plus_gheft,DHEFT/NHEFT/GHEFT,IRT-only,0.0,0,0,1,0.3246,0.347,0.6716,46.132200000000005,1.1079,40,9,311,108,51,57,45.97218500169238,1.104,51,11,332,153,106,47,45.17033634126334,1.0848,42,11,315,124,86,38,11.354912,0,ok,logs/seed_761499.log
453482,e04y,4,y,baseline_plus_gheft,DHEFT/NHEFT/GHEFT,IRT-only,0.0,0,0,1,0.3422,0.4318,0.774,48.132500000000014,1.4354,35,7,295,98,49,49,45.45576733701585,1.3556,43,10,322,148,106,42,47.43385471698114,1.4146,37,9,318,158,113,45,9.135003,0,ok,logs/seed_453482.log
562121,e04y,4,y,baseline_plus_gheft,DHEFT/NHEFT/GHEFT,IRT-only,0.0,0,0,1,0.3192,0.3457,0.6649,51.32999999999999,1.3566,31,11,266,89,40,49,41.613169949066204,1.0998,48,13,296,148,91,57,41.613169949066204,1.0998,44,11,288,143,92,51,9.139669,0,ok,logs/seed_562121.log
770979,e04y,4,y,baseline_plus_gheft,DHEFT/NHEFT/GHEFT,IRT-only,0.0,0,0,1,0.3058,0.3545,0.6603,47.7586,1.1931,31,7,286,90,38,52,46.44026504297994,1.1602,40,9,309,134,99,35,45.3238,1.1323,41,10,298,125,93,32,8.145413,0,ok,logs/seed_770979.log
703949,e04y,4,y,baseline_plus_gheft,DHEFT/NHEFT/GHEFT,IRT-only,0.0,0,0,1,0.3255,0.3948,0.7203,46.5336,1.2075,33,7,278,103,47,56,48.25482214650767,1.2522,47,9,323,151,113,38,44.55798590604027,1.1563,37,10,308,142,103,39,8.994617,0,ok,logs/seed_703949.log
314686,e04y,4,y,baseline_plus_gheft,DHEFT/NHEFT/GHEFT,IRT-only,0.0,0,0,1,0.319,0.278,0.597,54.850699999999996,1.1929,35,7,296,110,40,70,48.889194656488556,1.0632,55,10,334,167,105,62,62.1581572519084,1.3518,51,10,320,151,100,51,9.551627,0,ok,logs/seed_314686.log
475760,e04y,4,y,baseline_plus_gheft,DHEFT/NHEFT/GHEFT,IRT-only,0.0,0,0,1,0.3334,0.4328,0.7662,56.442,1.5523,39,8,328,103,50,53,44.51562385685884,1.2243,47,10,363,148,107,41,44.51562385685884,1.2243,40,8,358,141,106,35,11.432561,0,ok,logs/seed_475760.log
595079,e04y,4,y,baseline_plus_gheft,DHEFT/NHEFT/GHEFT,IRT-only,0.0,0,0,1,0.3511,0.3757,0.7268,47.6979,1.4144,30,8,292,99,43,56,42.5952132971506,1.2631,44,10,310,153,103,50,41.457744444444444,1.2294,33,9,297,143,111,32,6.757237,0,ok,logs/seed_595079.log
27243,e04y,4,y,baseline_plus_gheft,DHEFT/NHEFT/GHEFT,IRT-only,0.0,0,0,1,0.3157,0.3715,0.6872,56.3382,1.3655,37,9,315,119,49,70,46.39103689770482,1.1244,46,12,327,159,96,63,46.39103689770482,1.1244,37,9,320,155,102,53,9.752121,0,ok,logs/seed_27243.log
143022,e04y,4,y,baseline_plus_gheft,DHEFT/NHEFT/GHEFT,IRT-only,0.0,0,0,1,0.3462,0.4781,0.8243,46.293299999999995,1.0247,34,6,296,105,49,56,46.768899999999995,1.0352,46,11,305,136,106,30,46.768899999999995,1.0352,34,8,297,126,106,20,9.01299,0,ok,logs/seed_143022.log
958432,e04y,4,y,baseline_plus_gheft,DHEFT/NHEFT/GHEFT,IRT-only,0.0,0,0,1,0.3196,0.3418,0.6614,58.5712,1.2513,31,8,286,111,40,71,50.683938487508435,1.0828,49,13,319,167,100,67,50.683938487508435,1.0828,41,11,315,156,108,48,8.480871,0,ok,logs/seed_958432.log
799339,e04y,4,y,baseline_plus_gheft,DHEFT/NHEFT/GHEFT,IRT-only,0.0,0,0,1,0.3657,0.4318,0.7975,48.98769999999998,1.402,40,9,297,124,42,82,39.757362444113255,1.1379,47,10,336,161,109,52,39.757362444113255,1.1379,40,9,319,141,110,31,9.847289,0,ok,logs/seed_799339.log
953842,e04y,4,y,baseline_plus_gheft,DHEFT/NHEFT/GHEFT,IRT-only,0.0,0,0,1,0.3208,0.3787,0.6995,51.66880000000001,1.3899,37,11,309,134,51,83,44.96412169312169,1.2095,48,11,317,167,119,48,48.86267096774194,1.3144,40,11,317,170,125,45,9.56813,0,ok,logs/seed_953842.log
937400,e04y,4,y,baseline_plus_gheft,DHEFT/NHEFT/GHEFT,IRT-only,0.0,0,0,1,0.3543,0.3748,0.7291,47.366200000000006,1.3205,34,7,323,110,49,61,44.98397992132116,1.2541,38,9,328,131,97,34,44.98397992132116,1.2541,33,8,319,132,104,28,9.269032,0,ok,logs/seed_937400.log
919932,e04y,4,y,baseline_plus_gheft,DHEFT/NHEFT/GHEFT,IRT-only,0.0,0,0,1,0.3229,0.4197,0.7426,56.5374,1.6259,38,8,319,138,52,86,50.33187868852459,1.4474,46,10,339,170,114,56,50.33187868852459,1.4474,43,10,341,172,119,53,9.509541,0,ok,logs/seed_919932.log
786261,e04y,4,y,baseline_plus_gheft,DHEFT/NHEFT/GHEFT,IRT-only,0.0,0,0,1,0.3156,0.4682,0.7838,70.61110000000001,1.7352,34,9,299,120,46,74,64.6765,1.5893,47,11,324,162,107,55,67.83284144144146,1.6669,38,10,297,150,110,40,10.354112,0,ok,logs/seed_786261.log
266747,e04y,4,y,baseline_plus_gheft,DHEFT/NHEFT/GHEFT,IRT-only,0.0,0,0,1,0.3211,0.3409,0.662,44.758399999999995,1.4096,27,6,270,90,42,48,34.64125632096897,1.091,48,12,313,140,85,55,36.097156962025316,1.1368,41,11,309,134,90,44,10.592007,0,ok,logs/seed_266747.log
394465,e04y,4,y,baseline_plus_gheft,DHEFT/NHEFT/GHEFT,IRT-only,0.0,0,0,1,0.2945,0.3943,0.6888,55.9608,1.3757,36,7,334,102,50,52,53.21392708333333,1.3082,46,10,344,172,139,33,54.51933083778966,1.3403,42,10,331,145,110,35,9.611541,0,ok,logs/seed_394465.log
725987,e04y,4,y,baseline_plus_gheft,DHEFT/NHEFT/GHEFT,IRT-only,0.0,0,0,1,0.3093,0.3159,0.6252,59.61739999999999,1.0802,37,9,320,121,55,66,60.35870888030887,1.0936,47,11,352,176,124,52,60.35870888030887,1.0936,42,11,339,157,121,36,10.189201,0,ok,logs/seed_725987.log
224478,e04y,4,y,baseline_plus_gheft,DHEFT/NHEFT/GHEFT,IRT-only,0.0,0,0,1,0.2959,0.3711,0.667,55.52649999999999,1.1399,40,11,336,133,42,91,55.83629712230216,1.1462,47,11,336,153,96,57,55.83629712230216,1.1462,38,9,335,142,96,46,10.247382,0,ok,logs/seed_224478.log
408636,e04y,4,y,baseline_plus_gheft,DHEFT/NHEFT/GHEFT,IRT-only,0.0,0,0,1,0.3258,0.3636,0.6894,56.6799,1.4708,36,9,300,116,36,80,48.561010410094624,1.2601,47,11,317,158,105,53,49.37920000000001,1.2813,38,9,320,141,92,49,8.835488,0,ok,logs/seed_408636.log
617269,e04y,4,y,baseline_plus_gheft,DHEFT/NHEFT/GHEFT,IRT-only,0.0,0,0,1,0.3694,0.3522,0.7216,42.999100000000006,1.2424,36,7,295,94,58,36,40.60683348519362,1.1733,50,10,330,140,98,42,40.52028569918054,1.1708,42,10,316,152,113,39,8.514219,0,ok,logs/seed_617269.log
650122,e04y,4,y,baseline_plus_gheft,DHEFT/NHEFT/GHEFT,IRT-only,0.0,0,0,1,0.3281,0.2892,0.6173,48.1916,1.2731,30,7,301,91,35,56,49.92242624821682,1.3188,49,9,320,144,107,37,50.07527651083239,1.3228,44,9,309,141,106,35,9.819525,0,ok,logs/seed_650122.log
522983,e04y,4,y,baseline_plus_gheft,DHEFT/NHEFT/GHEFT,IRT-only,0.0,0,0,1,0.3523,0.4654,0.8177,58.516799999999996,1.3144,39,10,317,135,34,101,49.02132268041237,1.1011,48,10,345,165,109,56,60.322051895043735,1.3549,37,8,326,148,104,44,9.611111,0,ok,logs/seed_522983.log
239950,e04y,4,y,baseline_plus_gheft,DHEFT/NHEFT/GHEFT,IRT-only,0.0,0,0,1,0.3037,0.3977,0.7014,54.2912,1.481,32,7,291,112,43,69,47.774796946564884,1.3032,42,9,306,145,110,35,49.44631668496159,1.3488,37,10,300,123,94,29,8.974515,0,ok,logs/seed_239950.log
258973,e04y,4,y,baseline_plus_gheft,DHEFT/NHEFT/GHEFT,IRT-only,0.0,0,0,1,0.2706,0.2897,0.5603,68.50110000000002,1.28,36,8,311,123,47,76,59.203390524967986,1.1063,48,10,337,157,105,52,69.7587639081687,1.3035,39,9,337,141,94,47,9.427586,0,ok,logs/seed_258973.log
824466,e04y,4,y,baseline_plus_gheft,DHEFT/NHEFT/GHEFT,IRT-only,0.0,0,0,1,0.3339,0.383,0.7169,51.57379999999999,1.6143,42,11,294,137,40,97,40.67486363636363,1.2731,54,12,318,172,106,66,40.57921764016982,1.2701,46,12,318,177,112,65,8.624178,0,ok,logs/seed_824466.log
682056,e04y,4,y,baseline_plus_gheft,DHEFT/NHEFT/GHEFT,IRT-only,0.0,0,0,1,0.3028,0.4161,0.7189,60.46159999999999,1.156,34,8,288,108,43,65,65.8846588993981,1.2597,50,11,320,140,110,30,67.0622588993981,1.2822,34,10,301,124,95,29,9.651106,0,ok,logs/seed_682056.log
431617,e04y,4,y,baseline_plus_gheft,DHEFT/NHEFT/GHEFT,IRT-only,0.0,0,0,1,0.3216,0.3142,0.6358,57.0651,1.0907,32,8,326,106,38,68,54.26104035346098,1.0371,45,11,343,160,102,58,54.177654639175266,1.0355,41,10,333,153,107,46,10.094773,0,ok,logs/seed_431617.log
777731,e04y,4,y,baseline_plus_gheft,DHEFT/NHEFT/GHEFT,IRT-only,0.0,0,0,1,0.3328,0.4508,0.7836,66.5434,1.957,32,6,304,111,46,65,53.536508982826945,1.5745,50,10,330,151,96,55,53.536508982826945,1.5745,48,10,320,140,88,52,9.197655,0,ok,logs/seed_777731.log
65523,e04y,4,y,baseline_plus_gheft,DHEFT/NHEFT/GHEFT,IRT-only,0.0,0,0,1,0.3531,0.3516,0.7047,50.0319,1.4712,32,9,295,110,44,66,41.496800749625194,1.2202,49,12,325,140,93,47,41.496800749625194,1.2202,45,12,311,135,102,33,9.033361,0,ok,logs/seed_65523.log
226267,e04y,4,y,baseline_plus_gheft,DHEFT/NHEFT/GHEFT,IRT-only,0.0,0,0,1,0.3104,0.3806,0.691,52.2055,1.2254,31,7,310,114,46,68,55.03365109489051,1.2918,45,10,337,126,90,36,63.596781275440975,1.4928,34,8,321,129,103,26,13.622645,0,ok,logs/seed_226267.log
20773,e04y,4,y,baseline_plus_gheft,DHEFT/NHEFT/GHEFT,IRT-only,0.0,0,0,1,0.3303,0.3166,0.6469,49.62230000000001,1.1717,37,7,300,102,41,61,45.144474628879884,1.066,51,11,337,156,115,41,45.144474628879884,1.066,48,11,331,150,107,43,9.824604,0,ok,logs/seed_20773.log
75919,e04y,4,y,baseline_plus_gheft,DHEFT/NHEFT/GHEFT,IRT-only,0.0,0,0,1,0.282,0.4055,0.6875,61.50389999999999,1.4671,42,11,328,145,31,114,66.25376394052044,1.5803,53,12,351,174,121,53,66.25376394052044,1.5803,53,11,358,184,124,60,11.485101,0,ok,logs/seed_75919.log
796262,e04y,4,y,baseline_plus_gheft,DHEFT/NHEFT/GHEFT,IRT-only,0.0,0,0,1,0.3036,0.3947,0.6983,54.6605,1.2538,34,6,327,91,49,42,56.15380707964603,1.2881,46,10,341,116,87,29,56.98520707964603,1.3072,44,10,340,119,88,31,9.029463,0,ok,logs/seed_796262.log
557554,e04y,4,y,baseline_plus_gheft,DHEFT/NHEFT/GHEFT,IRT-only,0.0,0,0,1,0.3619,0.4121,0.774,56.5884,1.5649,41,9,313,125,42,83,52.95932509282783,1.4646,46,10,338,158,108,50,52.95932509282783,1.4646,40,9,338,167,107,60,11.154189,0,ok,logs/seed_557554.log
818564,e04y,4,y,baseline_plus_gheft,DHEFT/NHEFT/GHEFT,IRT-only,0.0,0,0,1,0.3311,0.3681,0.6992,46.55140000000001,1.1099,32,7,298,85,34,51,52.205621875,1.2448,44,9,326,131,98,33,47.38000404040404,1.1297,39,8,305,135,96,39,10.182684,0,ok,logs/seed_818564.log
5641,e04y,4,y,baseline_plus_gheft,DHEFT/NHEFT/GHEFT,IRT-only,0.0,0,0,1,0.3323,0.3287,0.661,48.28190000000001,1.3237,34,9,300,117,40,77,42.797394117647066,1.1733,52,14,316,157,102,55,42.797394117647066,1.1733,43,12,308,154,109,45,9.20048,0,ok,logs/seed_5641.log
80721,e04y,4,y,baseline_plus_gheft,DHEFT/NHEFT/GHEFT,IRT-only,0.0,0,0,1,0.3408,0.4136,0.7544,60.218399999999995,1.1579,35,8,317,109,49,60,55.983530342577474,1.0765,45,11,334,156,114,42,59.884130342577485,1.1515,40,10,332,139,105,34,11.452463,0,ok,logs/seed_80721.log
14714,e04y,4,y,baseline_plus_gheft,DHEFT/NHEFT/GHEFT,IRT-only,0.0,0,0,1,0.3175,0.3543,0.6718,61.2052,1.23,33,7,322,105,40,65,59.44017335243554,1.1945,53,11,349,157,102,55,59.44017335243554,1.1945,40,10,335,145,103,42,10.618663,0,ok,logs/seed_14714.log
965327,e04y,4,y,baseline_plus_gheft,DHEFT/NHEFT/GHEFT,IRT-only,0.0,0,0,1,0.3353,0.4326,0.7679,52.46090000000002,1.3334,34,9,321,136,34,102,46.06208490566038,1.1707,46,12,320,158,96,62,46.97000442349528,1.1938,43,11,314,150,99,51,9.280336,0,ok,logs/seed_965327.log
460722,e04y,4,y,baseline_plus_gheft,DHEFT/NHEFT/GHEFT,IRT-only,0.0,0,0,1,0.3254,0.3596,0.685,53.06810000000001,1.4608,29,6,286,85,32,53,58.63049569074778,1.6139,47,10,314,144,92,52,58.63049569074778,1.6139,43,9,301,134,87,47,9.70808,0,ok,logs/seed_460722.log
724036,e04y,4,y,baseline_plus_gheft,DHEFT/NHEFT/GHEFT,IRT-only,0.0,0,0,1,0.3201,0.349,0.6691,59.68220000000001,1.0713,40,8,307,96,39,57,58.711321477428186,1.0539,47,9,319,139,91,48,58.711321477428186,1.0539,43,10,307,134,97,37,9.002816,0,ok,logs/seed_724036.log
901968,e04y,4,y,baseline_plus_gheft,DHEFT/NHEFT/GHEFT,IRT-only,0.0,0,0,1,0.353,0.3701,0.7231,43.129599999999996,1.25,39,9,310,112,49,63,43.42404353518822,1.2586,43,10,319,151,111,40,43.42404353518822,1.2586,37,9,326,147,118,29,10.799093,0,ok,logs/seed_901968.log
287728,e04y,4,y,baseline_plus_gheft,DHEFT/NHEFT/GHEFT,IRT-only,0.0,0,0,1,0.35,0.3714,0.7214,47.480900000000005,1.2939,47,11,320,133,49,84,40.78170498866213,1.1114,51,12,350,149,101,48,41.973363157894745,1.1438,44,11,325,143,101,42,11.275626,0,ok,logs/seed_287728.log
747287,e04y,4,y,baseline_plus_gheft,DHEFT/NHEFT/GHEFT,IRT-only,0.0,0,0,1,0.341,0.3993,0.7403,55.40239999999999,1.6523,38,6,316,92,46,46,58.03030184940554,1.7307,48,9,341,153,104,49,55.72464134742405,1.6619,40,9,330,145,102,43,9.150697,0,ok,logs/seed_747287.log
867108,e04y,4,y,baseline_plus_gheft,DHEFT/NHEFT/GHEFT,IRT-only,0.0,0,0,1,0.3304,0.4042,0.7346,55.3138,1.5516,35,9,291,91,33,58,56.62564958642174,1.5884,53,11,342,145,101,44,62.35757881619938,1.7492,50,11,332,160,108,52,10.506743,0,ok,logs/seed_867108.log
196697,e04y,4,y,baseline_plus_gheft,DHEFT/NHEFT/GHEFT,IRT-only,0.0,0,0,1,0.3412,0.4497,0.7909,50.288,1.2486,36,9,316,128,36,92,46.804475427682746,1.1621,43,10,310,145,86,59,47.78999782270608,1.1866,41,10,314,135,92,43,8.068678,0,ok,logs/seed_196697.log
635464,e04y,4,y,baseline_plus_gheft,DHEFT/NHEFT/GHEFT,IRT-only,0.0,0,0,1,0.3173,0.4372,0.7545,67.5242,1.2774,35,8,295,113,40,73,59.34330969874579,1.1227,51,11,326,159,103,56,59.8248092731395,1.1318,45,10,314,152,103,49,9.981986,0,ok,logs/seed_635464.log
389228,e04y,4,y,baseline_plus_gheft,DHEFT/NHEFT/GHEFT,IRT-only,0.0,0,0,1,0.342,0.3645,0.7065,57.418000000000006,1.1766,34,7,291,101,42,59,51.491038067349926,1.0552,51,9,321,146,90,56,52.092372815533984,1.0675,42,9,311,141,96,45,8.261064,0,ok,logs/seed_389228.log
813617,e04y,4,y,baseline_plus_gheft,DHEFT/NHEFT/GHEFT,IRT-only,0.0,0,0,1,0.3342,0.3932,0.7274,50.92550000000001,1.37,33,7,309,110,52,58,43.780005848787454,1.1778,42,9,321,138,105,33,49.470053922967196,1.3309,37,9,314,140,105,35,9.434533,0,ok,logs/seed_813617.log
232555,e04y,4,y,baseline_plus_gheft,DHEFT/NHEFT/GHEFT,IRT-only,0.0,0,0,1,0.3145,0.414,0.7285,57.470500000000015,1.2541,34,10,311,123,44,79,50.31710219198791,1.098,44,10,349,159,117,42,51.253702191987905,1.1184,41,9,332,154,118,36,11.477998,0,ok,logs/seed_232555.log
932496,e04y,4,y,baseline_plus_gheft,DHEFT/NHEFT/GHEFT,IRT-only,0.0,0,0,1,0.342,0.4766,0.8186,57.5531,1.4333,42,8,319,124,42,82,59.145550000000014,1.4729,44,10,335,174,120,54,60.51455000000001,1.507,41,9,320,152,113,39,10.896019,0,ok,logs/seed_932496.log
544493,e04y,4,y,baseline_plus_gheft,DHEFT/NHEFT/GHEFT,IRT-only,0.0,0,0,1,0.3805,0.4469,0.8274,66.00909999999999,1.3527,34,8,300,98,49,49,65.109078313253,1.3343,49,9,324,160,116,44,72.96326756393005,1.4952,40,9,311,154,104,50,11.981065,0,ok,logs/seed_544493.log
174431,e04y,4,y,baseline_plus_gheft,DHEFT/NHEFT/GHEFT,IRT-only,0.0,0,0,1,0.3634,0.4256,0.789,52.5665,1.4699,36,8,310,108,46,62,40.20297985611511,1.1242,55,12,337,160,99,61,39.876907264296754,1.1151,45,11,312,142,99,43,11.537036,0,ok,logs/seed_174431.log
715533,e04y,4,y,baseline_plus_gheft,DHEFT/NHEFT/GHEFT,IRT-only,0.0,0,0,1,0.3229,0.3447,0.6676,56.232699999999994,1.4099,36,7,315,113,39,74,43.73370338294992,1.0966,51,11,340,169,95,74,46.12608848167538,1.1565,44,11,322,150,92,58,9.435929,0,ok,logs/seed_715533.log
710115,e04y,4,y,baseline_plus_gheft,DHEFT/NHEFT/GHEFT,IRT-only,0.0,0,0,1,0.3102,0.3739,0.6841,59.39649999999999,1.1252,38,7,282,92,35,57,60.13841042893188,1.1393,53,10,300,150,97,53,60.13841042893188,1.1393,44,8,296,145,99,46,10.312319,0,ok,logs/seed_710115.log
69527,e04y,4,y,baseline_plus_gheft,DHEFT/NHEFT/GHEFT,IRT-only,0.0,0,0,1,0.348,0.4115,0.7595,54.18110000000001,1.4956,35,7,316,90,50,40,42.03070838323353,1.1602,52,10,355,147,98,49,42.03070838323353,1.1602,44,9,353,135,95,40,12.492952,0,ok,logs/seed_69527.log
584456,e04y,4,y,baseline_plus_gheft,DHEFT/NHEFT/GHEFT,IRT-only,0.0,0,0,1,0.341,0.3571,0.6981,46.65630000000001,1.2929,37,9,319,124,41,83,46.288236363636365,1.2827,47,11,323,148,98,50,46.288236363636365,1.2827,38,9,316,140,95,45,11.386345,0,ok,logs/seed_584456.log
678197,e04y,4,y,baseline_plus_gheft,DHEFT/NHEFT/GHEFT,IRT-only,0.0,0,0,1,0.3146,0.3736,0.6882,50.80319999999999,1.3273,36,9,304,105,42,63,49.1443244695752,1.2839,43,10,323,132,96,36,45.91221111111112,1.1995,43,11,300,129,92,37,9.046075,0,ok,logs/seed_678197.log
871381,e04y,4,y,baseline_plus_gheft,DHEFT/NHEFT/GHEFT,IRT-only,0.0,0,0,1,0.3276,0.3495,0.6771,56.9366,1.527,39,10,292,106,41,65,50.549782975958415,1.3557,48,11,317,171,107,64,50.549782975958415,1.3557,43,11,320,160,105,55,8.701791,0,ok,logs/seed_871381.log
855755,e04y,4,y,baseline_plus_gheft,DHEFT/NHEFT/GHEFT,IRT-only,0.0,0,0,1,0.3345,0.4517,0.7862,54.91130000000001,1.4118,39,10,303,102,36,66,56.43473498145859,1.4509,48,11,323,137,97,40,56.43473498145859,1.4509,43,11,324,140,99,41,12.61978,0,ok,logs/seed_855755.log
137836,e04y,4,y,baseline_plus_gheft,DHEFT/NHEFT/GHEFT,IRT-only,0.0,0,0,1,0.3208,0.3735,0.6943,55.206700000000005,1.4996,31,7,285,88,38,50,50.53577504921573,1.3727,50,11,313,139,108,31,51.083653872932985,1.3876,41,9,309,130,101,29,10.240737,0,ok,logs/seed_137836.log
560927,e04y,4,y,baseline_plus_gheft,DHEFT/NHEFT/GHEFT,IRT-only,0.0,0,0,1,0.2874,0.3862,0.6736,58.08570000000001,1.4204,31,7,287,100,35,65,53.2796947882736,1.3029,56,11,335,145,84,61,52.695928990228,1.2886,49,10,315,133,87,46,11.516978,0,ok,logs/seed_560927.log
47925,e04y,4,y,baseline_plus_gheft,DHEFT/NHEFT/GHEFT,IRT-only,0.0,0,0,1,0.3349,0.4524,0.7873,51.0926,1.2939,31,6,270,99,44,55,42.06066402289453,1.0652,37,10,295,118,95,23,44.257087384044524,1.1208,35,9,286,117,90,27,13.547183,0,ok,logs/seed_47925.log
667073,e04y,4,y,baseline_plus_gheft,DHEFT/NHEFT/GHEFT,IRT-only,0.0,0,0,1,0.3016,0.3011,0.6027,48.8866,1.2618,33,8,300,120,52,68,43.381300722021656,1.1197,45,10,318,147,115,32,46.78350427163199,1.2076,37,9,293,145,113,32,11.476547,0,ok,logs/seed_667073.log
153349,e04y,4,y,baseline_plus_gheft,DHEFT/NHEFT/GHEFT,IRT-only,0.0,0,0,1,0.3362,0.3547,0.6909,56.023199999999996,1.1466,38,10,320,139,39,100,53.32912778702163,1.0915,56,13,337,188,107,81,53.32912778702163,1.0915,47,11,346,189,117,72,13.435396,0,ok,logs/seed_153349.log
263035,e04y,4,y,baseline_plus_gheft,DHEFT/NHEFT/GHEFT,IRT-only,0.0,0,0,1,0.3089,0.3708,0.6797,54.071400000000004,1.396,42,9,325,121,44,77,52.704884201537155,1.3607,57,11,354,166,117,49,52.71508420153715,1.361,43,10,338,148,112,36,10.257146,0,ok,logs/seed_263035.log
782665,e04y,4,y,baseline_plus_gheft,DHEFT/NHEFT/GHEFT,IRT-only,0.0,0,0,1,0.2966,0.3743,0.6709,56.901399999999995,1.1633,36,8,309,122,50,72,54.787209682804665,1.1201,53,12,337,175,105,70,63.04601795088908,1.289,38,9,308,148,111,37,8.704133,0,ok,logs/seed_782665.log
372049,e04y,4,y,baseline_plus_gheft,DHEFT/NHEFT/GHEFT,IRT-only,0.0,0,0,1,0.3333,0.3237,0.657,58.36249999999999,1.2425,36,8,306,118,51,67,56.67595970149253,1.2066,45,11,333,153,112,41,56.67595970149253,1.2066,38,10,330,158,114,44,10.297173,0,ok,logs/seed_372049.log
15262,e04y,4,y,baseline_plus_gheft,DHEFT/NHEFT/GHEFT,IRT-only,0.0,0,0,1,0.3709,0.4993,0.8702,57.41250000000001,1.6916,33,6,297,104,39,65,50.70675972850679,1.494,44,9,320,161,110,51,54.58928996960488,1.6084,40,9,309,137,90,47,10.645444,0,ok,logs/seed_15262.log
745342,e04y,4,y,baseline_plus_gheft,DHEFT/NHEFT/GHEFT,IRT-only,0.0,0,0,1,0.3622,0.3378,0.7,53.700100000000006,1.3344,38,9,329,103,38,65,53.803286523553965,1.337,52,11,363,162,107,55,54.05704851485148,1.3433,49,10,357,160,116,44,10.014681,0,ok,logs/seed_745342.log
437809,e04y,4,y,baseline_plus_gheft,DHEFT/NHEFT/GHEFT,IRT-only,0.0,0,0,1,0.3597,0.3727,0.7324,46.44,1.3183,37,7,295,103,46,57,39.26594585987261,1.1147,48,10,303,129,91,38,40.21185907429963,1.1415,43,10,303,135,92,43,7.637818,0,ok,logs/seed_437809.log
987435,e04y,4,y,baseline_plus_gheft,DHEFT/NHEFT/GHEFT,IRT-only,0.0,0,0,1,0.3703,0.3483,0.7186,51.5351,1.7277,36,10,306,125,40,85,44.24920105446356,1.4834,52,11,336,175,109,66,37.522487500000004,1.2579,45,11,315,162,105,57,10.001877,0,ok,logs/seed_987435.log
146585,e04y,4,y,baseline_plus_gheft,DHEFT/NHEFT/GHEFT,IRT-only,0.0,0,0,1,0.3231,0.3868,0.7099,79.63439999999999,1.8203,33,8,304,104,42,62,70.06057436508303,1.6015,47,10,329,160,103,57,59.82736368715085,1.3675,43,10,321,145,102,43,10.880482,0,ok,logs/seed_146585.log
368863,e04y,4,y,baseline_plus_gheft,DHEFT/NHEFT/GHEFT,IRT-only,0.0,0,0,1,0.3201,0.3662,0.6863,67.9908,1.4108,34,6,304,95,52,43,51.78956817370613,1.0746,52,13,333,167,90,77,68.96164997025579,1.4309,42,11,312,136,92,44,11.906792,0,ok,logs/seed_368863.log
572806,e04y,4,y,baseline_plus_gheft,DHEFT/NHEFT/GHEFT,IRT-only,0.0,0,0,1,0.3411,0.3972,0.7383,50.1371,1.3824,34,8,327,121,46,75,41.198695597484274,1.136,45,11,346,186,116,70,42.922893081761,1.1835,37,9,333,152,117,35,11.416218,0,ok,logs/seed_572806.log
198288,e04y,4,y,baseline_plus_gheft,DHEFT/NHEFT/GHEFT,IRT-only,0.0,0,0,1,0.3569,0.3819,0.7388,46.641799999999996,1.3248,35,8,310,90,40,50,40.315091390728476,1.1451,49,10,338,139,88,51,47.02689139072848,1.3357,41,9,336,126,87,39,10.912402,0,ok,logs/seed_198288.log
110116,e04y,4,y,baseline_plus_gheft,DHEFT/NHEFT/GHEFT,IRT-only,0.0,0,0,1,0.3155,0.3201,0.6356,59.22309999999998,1.3234,38,8,323,105,37,68,59.89270450751254,1.3384,50,11,338,157,101,56,59.89270450751254,1.3384,39,8,319,141,109,32,8.947622,0,ok,logs/seed_110116.log
149047,e04y,4,y,baseline_plus_gheft,DHEFT/NHEFT/GHEFT,IRT-only,0.0,0,0,1,0.3613,0.3719,0.7332,44.5854,1.4255,31,7,310,81,47,34,40.97810556492412,1.3102,43,10,331,109,83,26,40.97810556492412,1.3102,41,10,327,107,77,30,10.866411,0,ok,logs/seed_149047.log
864824,e04y,4,y,baseline_plus_gheft,DHEFT/NHEFT/GHEFT,IRT-only,0.0,0,0,1,0.3136,0.4226,0.7362,52.11439999999999,1.4887,33,8,300,104,52,52,49.36904776632302,1.4103,42,8,313,139,107,32,50.88411866992069,1.4536,37,9,296,120,90,30,8.682794,0,ok,logs/seed_864824.log
801768,e04y,4,y,baseline_plus_gheft,DHEFT/NHEFT/GHEFT,IRT-only,0.0,0,0,1,0.3369,0.3205,0.6574,52.399100000000004,1.4589,34,8,303,113,49,64,41.96415501858736,1.1683,53,12,336,149,87,62,44.88663047426842,1.2497,47,12,322,144,85,59,10.795005,0,ok,logs/seed_801768.log
262875,e04y,4,y,baseline_plus_gheft,DHEFT/NHEFT/GHEFT,IRT-only,0.0,0,0,1,0.3349,0.345,0.6799,52.632299999999994,1.3602,38,8,319,118,41,77,47.35732424242425,1.2239,45,10,323,123,95,28,47.689044510385756,1.2325,39,10,310,128,103,25,8.366795,0,ok,logs/seed_262875.log
524794,e04y,4,y,baseline_plus_gheft,DHEFT/NHEFT/GHEFT,IRT-only,0.0,0,0,1,0.2929,0.2951,0.588,56.9854,1.1288,41,8,313,120,46,74,55.555981344902385,1.1005,44,10,336,137,90,47,54.17351204330175,1.0731,38,9,309,127,97,30,12.383555,0,ok,logs/seed_524794.log
824487,e04y,4,y,baseline_plus_gheft,DHEFT/NHEFT/GHEFT,IRT-only,0.0,0,0,1,0.3083,0.41,0.7183,68.8619,1.5251,34,8,303,107,42,65,60.468278264060935,1.3392,42,10,304,146,109,37,68.63739479768788,1.5202,39,10,315,160,111,49,8.045707,0,ok,logs/seed_824487.log
927335,e04y,4,y,baseline_plus_gheft,DHEFT/NHEFT/GHEFT,IRT-only,0.0,0,0,1,0.3275,0.3682,0.6957,54.5117,1.1898,32,7,303,108,51,57,55.10404780635401,1.2028,48,11,328,153,118,35,55.10404780635401,1.2028,43,10,315,141,105,36,9.941019,0,ok,logs/seed_927335.log
982015,e04y,4,y,baseline_plus_gheft,DHEFT/NHEFT/GHEFT,IRT-only,0.0,0,0,1,0.3472,0.3715,0.7187,48.000699999999995,1.5115,31,5,288,92,42,50,45.533462500000006,1.4338,44,10,311,129,91,38,45.9641,1.4473,38,9,304,126,92,34,8.72451,0,ok,logs/seed_982015.log
205178,e04y,4,y,baseline_plus_gheft,DHEFT/NHEFT/GHEFT,IRT-only,0.0,0,0,1,0.3225,0.3868,0.7093,54.12729999999999,1.9861,37,7,278,95,39,56,44.28656449704142,1.625,45,9,338,147,105,42,40.17048165680473,1.474,43,9,324,132,93,39,8.982207,0,ok,logs/seed_205178.log
888604,e04y,4,y,baseline_plus_gheft,DHEFT/NHEFT/GHEFT,IRT-only,0.0,0,0,1,0.3228,0.4009,0.7237,59.4818,1.2113,41,10,312,105,36,69,60.03244814814816,1.2225,42,9,333,146,106,40,60.03244814814816,1.2225,39,8,325,141,94,47,10.687125,0,ok,logs/seed_888604.log
546566,e04y,4,y,baseline_plus_gheft,DHEFT/NHEFT/GHEFT,IRT-only,0.0,0,0,1,0.351,0.2952,0.6462,50.2923,1.0454,34,9,297,91,41,50,49.97090879120879,1.0387,48,11,316,127,76,51,49.97090879120879,1.0387,44,9,320,137,85,52,8.492681,0,ok,logs/seed_546566.log
939943,e04y,4,y,baseline_plus_gheft,DHEFT/NHEFT/GHEFT,IRT-only,0.0,0,0,1,0.3517,0.3853,0.737,49.33840000000001,1.4104,31,7,301,108,48,60,44.627720171511065,1.2758,44,11,324,167,110,57,44.57412017151106,1.2742,36,9,311,153,117,36,8.214542,0,ok,logs/seed_939943.log
461796,e04y,4,y,baseline_plus_gheft,DHEFT/NHEFT/GHEFT,IRT-only,0.0,0,0,1,0.3342,0.4196,0.7538,49.339800000000004,1.1069,35,6,310,94,49,45,46.857712925170055,1.0512,44,10,326,138,99,39,47.44110931677018,1.0643,43,9,320,135,101,34,10.15433,0,ok,logs/seed_461796.log
683805,e04y,4,y,baseline_plus_gheft,DHEFT/NHEFT/GHEFT,IRT-only,0.0,0,0,1,0.3423,0.3485,0.6908,60.49159999999999,1.4984,38,9,313,130,39,91,51.59330465116279,1.278,48,11,348,176,113,63,52.4411,1.299,37,9,327,154,108,46,11.333025,0,ok,logs/seed_683805.log
273298,e04y,4,y,baseline_plus_gheft,DHEFT/NHEFT/GHEFT,IRT-only,0.0,0,0,1,0.3009,0.2936,0.5945,51.81779999999999,1.2848,34,9,325,101,47,54,49.61557393310266,1.2302,46,10,342,150,103,47,49.8317572614108,1.2356,42,10,343,153,110,43,10.41022,0,ok,logs/seed_273298.log
870064,e04y,4,y,baseline_plus_gheft,DHEFT/NHEFT/GHEFT,IRT-only,0.0,0,0,1,0.3879,0.4656,0.8535,49.78249999999999,1.3893,35,10,295,117,45,72,50.411470835513434,1.4068,43,12,312,168,116,52,50.411470835513434,1.4068,35,10,296,156,120,36,8.133613,0,ok,logs/seed_870064.log
739336,e04y,4,y,baseline_plus_gheft,DHEFT/NHEFT/GHEFT,IRT-only,0.0,0,0,1,0.3002,0.364,0.6642,66.14380000000001,1.4121,31,10,280,117,46,71,57.28371176470589,1.223,46,11,308,166,116,50,60.52101830985915,1.2921,43,10,307,154,101,53,7.984581,0,ok,logs/seed_739336.log
374908,e04y,4,y,baseline_plus_gheft,DHEFT/NHEFT/GHEFT,IRT-only,0.0,0,0,1,0.3383,0.4586,0.7969,47.4729,1.4523,32,7,298,107,35,72,50.05425813204509,1.5312,45,9,302,150,97,53,42.77134235605559,1.3084,40,9,307,145,90,55,9.785203,0,ok,logs/seed_374908.log
489107,e04y,4,y,baseline_plus_gheft,DHEFT/NHEFT/GHEFT,IRT-only,0.0,0,0,1,0.3101,0.3381,0.6482,55.98420000000001,1.1802,39,8,317,124,41,83,58.00148416289593,1.2227,48,11,327,135,87,48,58.00148416289593,1.2227,44,11,326,147,96,51,10.577053,0,ok,logs/seed_489107.log
676170,e04y,4,y,baseline_plus_gheft,DHEFT/NHEFT/GHEFT,IRT-only,0.0,0,0,1,0.3145,0.3642,0.6787,56.37550000000001,1.2762,36,8,333,124,52,72,47.67769655667144,1.0793,45,10,349,166,117,49,49.78066404160475,1.1269,41,10,341,151,111,40,11.218919,0,ok,logs/seed_676170.log
946643,e04y,4,y,baseline_plus_gheft,DHEFT/NHEFT/GHEFT,IRT-only,0.0,0,0,1,0.3614,0.4702,0.8316,61.06529999999999,1.6879,41,11,308,139,50,89,48.08132346570399,1.329,50,14,341,199,113,86,48.3040326283988,1.3352,44,13,322,189,115,74,8.926571,0,ok,logs/seed_946643.log
245576,e04y,4,y,baseline_plus_gheft,DHEFT/NHEFT/GHEFT,IRT-only,0.0,0,0,1,0.3348,0.4222,0.757,51.15859999999999,1.4873,39,8,321,108,47,61,38.42930434782608,1.1172,52,10,339,142,92,50,43.044101278772374,1.2514,43,8,317,131,88,43,9.073192,0,ok,logs/seed_245576.log
61677,e04y,4,y,baseline_plus_gheft,DHEFT/NHEFT/GHEFT,IRT-only,0.0,0,0,1,0.3412,0.3706,0.7118,64.4563,1.4155,38,10,308,126,43,83,49.68097163289631,1.091,48,11,309,142,91,51,60.64827993138937,1.3318,44,10,313,138,86,52,9.729255,0,ok,logs/seed_61677.log
985204,e04y,4,y,baseline_plus_gheft,DHEFT/NHEFT/GHEFT,IRT-only,0.0,0,0,1,0.3149,0.4405,0.7554,60.85610000000001,1.7399,45,9,299,123,38,85,48.0005812104152,1.3723,58,12,345,182,117,65,48.09456794425087,1.375,54,13,326,159,110,49,10.468892,0,ok,logs/seed_985204.log
957734,e04y,4,y,baseline_plus_gheft,DHEFT/NHEFT/GHEFT,IRT-only,0.0,0,0,1,0.3554,0.4222,0.7776,39.4991,1.27,37,8,319,106,45,61,39.82565144508671,1.2805,43,9,331,140,102,38,40.122562923203965,1.2901,37,9,318,136,108,28,9.694524,0,ok,logs/seed_957734.log
586973,e04y,4,y,baseline_plus_gheft,DHEFT/NHEFT/GHEFT,IRT-only,0.0,0,0,1,0.3053,0.3303,0.6356,47.85490000000001,1.294,37,9,301,108,45,63,49.7935456140351,1.3464,42,10,314,122,86,36,45.57988915662651,1.2324,41,9,329,134,98,36,10.027133,0,ok,logs/seed_586973.log
81222,e04y,4,y,baseline_plus_gheft,DHEFT/NHEFT/GHEFT,IRT-only,0.0,0,0,1,0.3095,0.3813,0.6908,49.47760000000001,1.5335,36,8,301,118,39,79,47.991589400521285,1.4875,41,10,318,149,97,52,47.991589400521285,1.4875,40,9,308,135,99,36,7.64683,0,ok,logs/seed_81222.log
985268,e04y,4,y,baseline_plus_gheft,DHEFT/NHEFT/GHEFT,IRT-only,0.0,0,0,1,0.3585,0.4404,0.7989,49.567400000000006,1.3529,33,7,301,115,51,64,42.070749078726976,1.1483,44,9,337,172,106,66,40.44630776186887,1.104,40,9,334,163,109,54,7.761442,0,ok,logs/seed_985268.log
240715,e04y,4,y,baseline_plus_gheft,DHEFT/NHEFT/GHEFT,IRT-only,0.0,0,0,1,0.3626,0.3943,0.7569,45.75260000000001,1.2496,33,6,295,95,50,45,43.937501328211354,1.2,44,10,315,137,100,37,41.343512819718654,1.1292,40,11,319,128,93,35,10.206513,0,ok,logs/seed_240715.log
336806,e04y,4,y,baseline_plus_gheft,DHEFT/NHEFT/GHEFT,IRT-only,0.0,0,0,1,0.3431,0.4498,0.7929,59.16659999999998,1.7681,38,7,324,103,47,56,52.47347871524449,1.5681,58,12,356,171,102,69,46.89769230769232,1.4014,48,11,362,165,109,56,10.996898,0,ok,logs/seed_336806.log
431396,e04y,4,y,baseline_plus_gheft,DHEFT/NHEFT/GHEFT,IRT-only,0.0,0,0,1,0.3647,0.3869,0.7516,51.45390000000001,1.3919,36,7,303,89,43,46,45.919553066332924,1.2422,49,11,331,145,99,46,47.03113605743946,1.2722,46,10,327,149,104,45,10.297153,0,ok,logs/seed_431396.log
850253,e04y,4,y,baseline_plus_gheft,DHEFT/NHEFT/GHEFT,IRT-only,0.0,0,0,1,0.3421,0.399,0.7411,50.2304,1.4278,38,11,302,120,47,73,40.10115208581646,1.1399,47,11,320,145,97,48,39.14992443438915,1.1128,44,11,309,118,81,37,8.806502,0,ok,logs/seed_850253.log
342204,e04y,4,y,baseline_plus_gheft,DHEFT/NHEFT/GHEFT,IRT-only,0.0,0,0,1,0.3567,0.4041,0.7608,56.0456,1.8806,34,9,298,111,43,68,51.70911054882394,1.7351,44,10,331,160,104,56,51.753355920887834,1.7366,37,10,324,150,99,51,8.815248,0,ok,logs/seed_342204.log
810991,e04y,4,y,baseline_plus_gheft,DHEFT/NHEFT/GHEFT,IRT-only,0.0,0,0,1,0.2991,0.3011,0.6002,51.682800000000015,1.3647,35,8,287,96,35,61,46.160190886998784,1.2188,44,10,297,114,86,28,49.61718111587982,1.3101,39,11,302,133,88,45,10.455738,0,ok,logs/seed_810991.log
895124,e04y,4,y,baseline_plus_gheft,DHEFT/NHEFT/GHEFT,IRT-only,0.0,0,0,1,0.3067,0.4082,0.7149,55.483800000000016,1.5924,42,9,313,112,33,79,53.266151823416514,1.5288,49,9,341,137,85,52,48.98622952086553,1.4059,41,9,336,131,93,38,10.560955,0,ok,logs/seed_895124.log
437866,e04y,4,y,baseline_plus_gheft,DHEFT/NHEFT/GHEFT,IRT-only,0.0,0,0,1,0.3632,0.4164,0.7796,57.94259999999998,1.3845,38,8,271,104,37,67,47.69386722531247,1.1396,54,12,314,143,91,52,46.20595681480518,1.1041,45,12,297,138,96,42,10.638676,0,ok,logs/seed_437866.log
246441,e04y,4,y,baseline_plus_gheft,DHEFT/NHEFT/GHEFT,IRT-only,0.0,0,0,1,0.3064,0.2813,0.5877,49.4031,1.1897,35,8,308,102,42,60,44.700805118411004,1.0764,55,11,340,159,97,62,44.957268754774645,1.0826,36,10,317,156,115,41,10.748898,0,ok,logs/seed_246441.log
834777,e04y,4,y,baseline_plus_gheft,DHEFT/NHEFT/GHEFT,IRT-only,0.0,0,0,1,0.3411,0.4353,0.7764,57.57910000000001,1.4954,39,10,303,102,32,70,56.81118554913295,1.4755,51,11,335,186,126,60,58.03387044145874,1.5072,42,9,330,148,115,33,11.128422,0,ok,logs/seed_834777.log
159109,e04y,4,y,baseline_plus_gheft,DHEFT/NHEFT/GHEFT,IRT-only,0.0,0,0,1,0.3117,0.3287,0.6404,66.46620000000001,1.6975,38,9,317,112,41,71,63.94488396369138,1.6331,50,9,342,159,115,44,54.872742990654196,1.4014,41,10,331,157,114,43,10.460593,0,ok,logs/seed_159109.log
469145,e04y,4,y,baseline_plus_gheft,DHEFT/NHEFT/GHEFT,IRT-only,0.0,0,0,1,0.3315,0.3322,0.6637,52.99470000000001,1.5583,32,8,294,124,46,78,43.39551548055759,1.2761,39,10,300,148,103,45,43.40121548055759,1.2762,37,9,299,141,110,31,7.218659,0,ok,logs/seed_469145.log
359039,e04y,4,y,baseline_plus_gheft,DHEFT/NHEFT/GHEFT,IRT-only,0.0,0,0,1,0.325,0.325,0.65,57.245400000000004,1.3982,33,7,284,86,33,53,48.425032290362935,1.1828,46,10,307,133,79,54,48.848766666666656,1.1931,38,9,312,125,78,47,8.824512,0,ok,logs/seed_359039.log
441554,e04y,4,y,baseline_plus_gheft,DHEFT/NHEFT/GHEFT,IRT-only,0.0,0,0,1,0.365,0.4427,0.8077,82.3664,1.5894,35,8,311,100,40,60,55.0409626186488,1.0621,52,11,341,160,101,59,54.88221009127748,1.0591,45,9,329,136,98,38,9.891915,0,ok,logs/seed_441554.log
981230,e04y,4,y,baseline_plus_gheft,DHEFT/NHEFT/GHEFT,IRT-only,0.0,0,0,1,0.3477,0.4173,0.765,57.00839999999999,1.5429,34,8,305,105,51,54,52.62185723172629,1.4242,46,9,321,144,106,38,53.41945149700599,1.4458,38,9,317,139,116,23,9.933884,0,ok,logs/seed_981230.log
386385,e04y,4,y,baseline_plus_gheft,DHEFT/NHEFT/GHEFT,IRT-only,0.0,0,0,1,0.3467,0.4408,0.7875,47.515,1.2283,36,7,289,108,47,61,42.28276322489392,1.093,41,8,311,133,105,28,46.30570611071171,1.197,34,8,302,120,97,23,8.40725,0,ok,logs/seed_386385.log
667900,e04y,4,y,baseline_plus_gheft,DHEFT/NHEFT/GHEFT,IRT-only,0.0,0,0,1,0.3056,0.421,0.7266,54.0918,1.5102,36,8,314,101,32,69,48.43440512820512,1.3523,60,12,355,158,83,75,48.49027158081705,1.3538,40,8,332,122,83,39,11.076946,0,ok,logs/seed_667900.log
361299,e04y,4,y,baseline_plus_gheft,DHEFT/NHEFT/GHEFT,IRT-only,0.0,0,0,1,0.3361,0.4488,0.7849,51.9671,1.3859,37,9,298,128,37,91,43.28789466920388,1.1544,53,12,333,183,115,68,45.652561532056616,1.2175,45,11,323,158,111,47,10.502229,0,ok,logs/seed_361299.log
270600,e04y,4,y,baseline_plus_gheft,DHEFT/NHEFT/GHEFT,IRT-only,0.0,0,0,1,0.3318,0.326,0.6578,53.6397,1.5872,36,9,280,111,42,69,48.526613329486445,1.4359,48,13,312,147,110,37,47.55148776266997,1.407,42,11,307,144,109,35,8.040894,0,ok,logs/seed_270600.log
399493,e04y,4,y,baseline_plus_gheft,DHEFT/NHEFT/GHEFT,IRT-only,0.0,0,0,1,0.3045,0.3341,0.6386,53.70609999999999,1.2785,31,7,289,111,42,69,49.326372765509994,1.1743,42,9,306,129,85,44,49.23601290322579,1.1721,33,8,290,129,99,30,11.439892,0,ok,logs/seed_399493.log
344401,e04y,4,y,baseline_plus_gheft,DHEFT/NHEFT/GHEFT,IRT-only,0.0,0,0,1,0.3824,0.3943,0.7767,54.001200000000004,1.3709,38,9,317,146,49,97,47.47893820191239,1.2053,48,12,335,167,119,48,47.47893820191239,1.2053,42,11,335,185,145,40,11.300039,0,ok,logs/seed_344401.log
440653,e04y,4,y,baseline_plus_gheft,DHEFT/NHEFT/GHEFT,IRT-only,0.0,0,0,1,0.3156,0.3281,0.6437,66.7069,1.2959,41,12,337,129,43,86,67.1268812041116,1.3041,51,11,357,166,105,61,57.31289373040753,1.1134,44,9,351,159,125,34,9.518468,0,ok,logs/seed_440653.log
422829,e04y,4,y,baseline_plus_gheft,DHEFT/NHEFT/GHEFT,IRT-only,0.0,0,0,1,0.294,0.4525,0.7465,59.95180000000001,1.48,38,9,312,114,46,68,56.36940079681275,1.3916,50,12,338,160,105,55,58.28885477178423,1.439,40,10,300,128,98,30,9.655827,0,ok,logs/seed_422829.log
194493,e04y,4,y,baseline_plus_gheft,DHEFT/NHEFT/GHEFT,IRT-only,0.0,0,0,1,0.3339,0.391,0.7249,63.9597,1.4366,38,9,324,105,49,56,61.539703225806434,1.3822,53,11,346,177,120,57,54.37869837398374,1.2214,45,9,335,162,129,33,11.829197,0,ok,logs/seed_194493.log
79088,e04y,4,y,baseline_plus_gheft,DHEFT/NHEFT/GHEFT,IRT-only,0.0,0,0,1,0.3104,0.3793,0.6897,58.2075,1.2306,41,9,331,130,41,89,56.58883630573248,1.1964,43,10,335,153,96,57,58.59940573248407,1.2389,42,8,337,150,106,44,8.102921,0,ok,logs/seed_79088.log
144274,e04y,4,y,baseline_plus_gheft,DHEFT/NHEFT/GHEFT,IRT-only,0.0,0,0,1,0.2752,0.3169,0.5921,58.123200000000004,1.5101,34,7,329,123,46,77,51.351868371467035,1.3342,41,9,340,143,107,36,52.79421179976163,1.3717,36,10,330,135,98,37,10.491561,0,ok,logs/seed_144274.log
568701,e04y,4,y,baseline_plus_gheft,DHEFT/NHEFT/GHEFT,IRT-only,0.0,0,0,1,0.3763,0.473,0.8493,55.3776,1.9197,35,8,296,109,43,66,44.97407865707434,1.559,49,11,330,148,98,50,42.716769998969184,1.4808,46,10,335,148,97,51,8.611931,0,ok,logs/seed_568701.log
643829,e04y,4,y,baseline_plus_gheft,DHEFT/NHEFT/GHEFT,IRT-only,0.0,0,0,1,0.3212,0.3724,0.6936,46.74269999999999,1.2837,39,9,334,107,43,64,45.93062151898734,1.2614,48,9,345,138,90,48,43.355801541434026,1.1906,41,9,339,143,99,44,9.843126,0,ok,logs/seed_643829.log
271983,e04y,4,y,baseline_plus_gheft,DHEFT/NHEFT/GHEFT,IRT-only,0.0,0,0,1,0.3218,0.3374,0.6592,52.1416,1.4391,32,9,310,110,45,65,45.453198880487584,1.2545,49,9,348,163,105,58,46.09075114988729,1.2721,45,9,345,164,116,48,9.715585,0,ok,logs/seed_271983.log
197314,e04y,4,y,baseline_plus_gheft,DHEFT/NHEFT/GHEFT,IRT-only,0.0,0,0,1,0.3143,0.3343,0.6486,50.40289999999999,1.3113,32,6,293,104,46,58,50.45529788838613,1.3127,49,12,320,138,96,42,50.45529788838613,1.3127,40,11,314,135,97,38,9.333081,0,ok,logs/seed_197314.log
994686,e04y,4,y,baseline_plus_gheft,DHEFT/NHEFT/GHEFT,IRT-only,0.0,0,0,1,0.3585,0.4924,0.8509,51.31659999999999,1.3862,31,6,308,100,44,56,44.56339310344828,1.2038,48,9,336,149,106,43,44.438533786848076,1.2004,42,11,323,133,98,35,10.991695,0,ok,logs/seed_994686.log
282842,e04y,4,y,baseline_plus_gheft,DHEFT/NHEFT/GHEFT,IRT-only,0.0,0,0,1,0.3469,0.4409,0.7878,52.813400000000016,1.4046,31,6,311,109,48,61,54.40877243867243,1.4471,39,8,308,138,101,37,54.40877243867243,1.4471,32,8,315,139,100,39,7.819986,0,ok,logs/seed_282842.log
137602,e04y,4,y,baseline_plus_gheft,DHEFT/NHEFT/GHEFT,IRT-only,0.0,0,0,1,0.3365,0.3411,0.6776,48.094600000000014,1.0324,35,8,309,106,39,67,48.8218153846154,1.048,43,10,316,140,105,35,48.8218153846154,1.048,37,8,322,127,93,34,11.812794,0,ok,logs/seed_137602.log
472131,e04y,4,y,baseline_plus_gheft,DHEFT/NHEFT/GHEFT,IRT-only,0.0,0,0,1,0.3124,0.3188,0.6312,57.5053,1.3765,37,8,311,113,39,74,49.88300744985674,1.1941,50,11,330,151,102,49,49.88300744985674,1.1941,44,10,306,163,122,41,10.328148,0,ok,logs/seed_472131.log
327054,e04y,4,y,baseline_plus_gheft,DHEFT/NHEFT/GHEFT,IRT-only,0.0,0,0,1,0.3496,0.403,0.7526,56.24770000000001,1.4762,36,8,302,109,40,69,50.32491446384039,1.3208,43,10,295,132,92,40,50.49131446384039,1.3251,42,10,301,137,90,47,8.172474,0,ok,logs/seed_327054.log
416581,e04y,4,y,baseline_plus_gheft,DHEFT/NHEFT/GHEFT,IRT-only,0.0,0,0,1,0.3275,0.388,0.7155,55.458200000000005,1.3552,37,6,329,110,51,59,50.26020669456067,1.2282,42,9,334,147,99,48,50.26020669456067,1.2282,36,9,326,137,99,38,8.879432,0,ok,logs/seed_416581.log
223716,e04y,4,y,baseline_plus_gheft,DHEFT/NHEFT/GHEFT,IRT-only,0.0,0,0,1,0.3262,0.4641,0.7903,53.0721,1.3814,37,9,339,122,48,74,48.13934285714286,1.253,45,11,342,162,120,42,48.13934285714286,1.253,36,10,343,158,118,40,13.029299,0,ok,logs/seed_223716.log
116436,e04y,4,y,baseline_plus_gheft,DHEFT/NHEFT/GHEFT,IRT-only,0.0,0,0,1,0.3427,0.4316,0.7743,52.489599999999996,1.4159,39,9,340,150,51,99,44.923273931996505,1.2118,55,13,357,174,109,65,44.923273931996505,1.2118,45,10,345,158,111,47,11.028259,0,ok,logs/seed_116436.log
650936,e04y,4,y,baseline_plus_gheft,DHEFT/NHEFT/GHEFT,IRT-only,0.0,0,0,1,0.3143,0.4772,0.7915,48.126400000000004,1.429,31,7,267,94,52,42,49.05626548323473,1.4566,43,10,310,143,117,26,49.10275818540435,1.458,39,10,292,130,104,26,8.535459,0,ok,logs/seed_650936.log
516657,e04y,4,y,baseline_plus_gheft,DHEFT/NHEFT/GHEFT,IRT-only,0.0,0,0,1,0.3333,0.3873,0.7206,52.0913,1.2904,37,9,325,124,48,76,46.00282346208869,1.1396,51,12,329,151,103,48,47.48735352877308,1.1764,43,9,322,147,109,38,8.333645,0,ok,logs/seed_516657.log
687865,e04y,4,y,baseline_plus_gheft,DHEFT/NHEFT/GHEFT,IRT-only,0.0,0,0,1,0.3129,0.4309,0.7438,52.5501,1.5487,37,10,308,121,54,67,50.11264679802955,1.4769,45,11,326,129,94,35,51.91354679802956,1.53,37,10,311,142,107,35,7.735788,0,ok,logs/seed_687865.log
715106,e04y,4,y,baseline_plus_gheft,DHEFT/NHEFT/GHEFT,IRT-only,0.0,0,0,1,0.3372,0.3589,0.6961,47.91330000000001,1.1134,36,7,322,101,55,46,45.308139573820405,1.0529,44,10,330,134,104,30,47.35356361323155,1.1004,39,10,343,124,92,32,11.354565,0,ok,logs/seed_715106.log
293374,e04y,4,y,baseline_plus_gheft,DHEFT/NHEFT/GHEFT,IRT-only,0.0,0,0,1,0.3365,0.3982,0.7347,53.122299999999996,1.3523,38,9,284,105,48,57,45.04129999999999,1.1466,43,10,304,131,87,44,40.94007841945289,1.0422,38,9,290,123,85,38,8.852054,0,ok,logs/seed_293374.log
658834,e04y,4,y,baseline_plus_gheft,DHEFT/NHEFT/GHEFT,IRT-only,0.0,0,0,1,0.3617,0.5009,0.8626,49.12159999999999,1.4699,37,6,299,97,50,47,44.687371630005636,1.3372,46,10,309,129,96,33,46.424050793650785,1.3892,42,10,303,136,100,36,10.184464,0,ok,logs/seed_658834.log
23329,e04y,4,y,baseline_plus_gheft,DHEFT/NHEFT/GHEFT,IRT-only,0.0,0,0,1,0.3397,0.3249,0.6646,48.076800000000006,1.5421,42,11,312,134,44,90,38.86083102493074,1.2465,53,13,337,175,120,55,38.967706289308175,1.25,41,11,317,165,114,51,8.558584,0,ok,logs/seed_23329.log
661707,e04y,4,y,baseline_plus_gheft,DHEFT/NHEFT/GHEFT,IRT-only,0.0,0,0,1,0.3558,0.3745,0.7303,63.7424,1.3691,38,9,328,121,44,77,49.572272951856334,1.0647,46,10,337,164,115,49,48.99672020460356,1.0524,39,9,321,144,106,38,8.81055,0,ok,logs/seed_661707.log
579773,e04y,4,y,baseline_plus_gheft,DHEFT/NHEFT/GHEFT,IRT-only,0.0,0,0,1,0.3563,0.4497,0.806,53.426399999999994,1.3487,31,7,279,89,33,56,54.09684182754182,1.3657,48,11,320,156,109,47,54.09684182754182,1.3657,44,10,318,150,106,44,10.221876,0,ok,logs/seed_579773.log
688431,e04y,4,y,baseline_plus_gheft,DHEFT/NHEFT/GHEFT,IRT-only,0.0,0,0,1,0.3254,0.3533,0.6787,63.717400000000005,1.4016,35,8,302,100,44,56,61.59724136833732,1.3549,44,10,323,129,90,39,61.59724136833732,1.3549,38,8,303,119,94,25,10.683798,0,ok,logs/seed_688431.log
735633,e04y,4,y,baseline_plus_gheft,DHEFT/NHEFT/GHEFT,IRT-only,0.0,0,0,1,0.3313,0.3831,0.7144,63.329200000000014,1.4523,38,10,301,129,35,94,62.882458556461,1.442,51,13,332,181,111,70,54.44040942956927,1.2484,41,10,312,170,102,68,8.063736,0,ok,logs/seed_735633.log
208263,e04y,4,y,baseline_plus_gheft,DHEFT/NHEFT/GHEFT,IRT-only,0.0,0,0,1,0.3272,0.3558,0.683,49.965199999999996,1.175,35,9,304,120,41,79,49.87942252559726,1.1729,45,11,329,170,115,55,49.87942252559726,1.1729,37,10,308,144,110,34,8.631805,0,ok,logs/seed_208263.log
733953,e04y,4,y,baseline_plus_gheft,DHEFT/NHEFT/GHEFT,IRT-only,0.0,0,0,1,0.3409,0.3535,0.6944,53.1321,1.3307,44,12,325,127,38,89,47.71623464991024,1.1951,51,12,353,166,93,73,43.91550899922421,1.0999,46,11,342,146,98,48,8.99027,0,ok,logs/seed_733953.log
241442,e04y,4,y,baseline_plus_gheft,DHEFT/NHEFT/GHEFT,IRT-only,0.0,0,0,1,0.3213,0.4445,0.7658,57.07379999999999,1.7589,41,9,310,117,47,70,45.088977022433724,1.3895,51,10,330,152,100,52,46.85627702243372,1.444,41,10,314,132,98,34,10.282389,0,ok,logs/seed_241442.log
665452,e04y,4,y,baseline_plus_gheft,DHEFT/NHEFT/GHEFT,IRT-only,0.0,0,0,1,0.3468,0.3586,0.7054,50.12709999999999,1.1739,42,10,322,126,47,79,46.08730167052316,1.0793,48,10,342,152,113,39,45.97034156928213,1.0765,44,10,315,147,105,42,11.372381,0,ok,logs/seed_665452.log
631051,e04y,4,y,baseline_plus_gheft,DHEFT/NHEFT/GHEFT,IRT-only,0.0,0,0,1,0.3229,0.3804,0.7033,57.387299999999996,1.9764,37,8,301,103,42,61,49.565455743481316,1.707,48,11,343,159,105,54,49.565455743481316,1.707,41,10,329,167,111,56,10.429946,0,ok,logs/seed_631051.log
497919,e04y,4,y,baseline_plus_gheft,DHEFT/NHEFT/GHEFT,IRT-only,0.0,0,0,1,0.3062,0.3757,0.6819,53.1836,1.2893,34,9,320,111,35,76,49.30262818791946,1.1952,47,10,331,152,99,53,52.12714730538922,1.2637,42,10,308,131,88,43,9.351029,0,ok,logs/seed_497919.log
960027,e04y,4,y,baseline_plus_gheft,DHEFT/NHEFT/GHEFT,IRT-only,0.0,0,0,1,0.3601,0.385,0.7451,56.852299999999985,1.7729,27,6,243,68,32,36,42.1572447204969,1.3147,43,10,287,116,71,45,44.20543436293436,1.3786,39,8,285,111,71,40,8.389695,0,ok,logs/seed_960027.log
305476,e04y,4,y,baseline_plus_gheft,DHEFT/NHEFT/GHEFT,IRT-only,0.0,0,0,1,0.3788,0.4678,0.8466,65.07099999999998,1.3651,35,6,295,89,46,43,53.38399567751931,1.1199,43,9,346,161,113,48,53.38399567751931,1.1199,42,9,336,162,119,43,10.03462,0,ok,logs/seed_305476.log
365837,e04y,4,y,baseline_plus_gheft,DHEFT/NHEFT/GHEFT,IRT-only,0.0,0,0,1,0.3108,0.357,0.6678,61.20159999999999,1.4859,34,7,312,102,40,62,56.573417069109084,1.3735,51,10,335,171,110,61,52.84074029975022,1.2829,47,11,320,151,88,63,9.834409,0,ok,logs/seed_365837.log
514986,e04y,4,y,baseline_plus_gheft,DHEFT/NHEFT/GHEFT,IRT-only,0.0,0,0,1,0.3008,0.4546,0.7554,84.17840000000001,1.4732,38,9,287,129,43,86,65.60636402877697,1.1482,44,10,328,156,109,47,65.60636402877697,1.1482,42,10,335,167,113,54,8.980028,0,ok,logs/seed_514986.log
291361,e04y,4,y,baseline_plus_gheft,DHEFT/NHEFT/GHEFT,IRT-only,0.0,0,0,1,0.3898,0.3747,0.7645,54.899100000000004,1.328,38,9,317,119,40,79,48.87114578754579,1.1821,42,9,322,139,106,33,48.87114578754579,1.1821,39,9,320,134,97,37,9.5362,0,ok,logs/seed_291361.log
831040,e04y,4,y,baseline_plus_gheft,DHEFT/NHEFT/GHEFT,IRT-only,0.0,0,0,1,0.3331,0.3426,0.6757,55.9239,1.2958,40,9,310,116,44,72,61.174106942590114,1.4174,45,11,312,151,107,44,61.174106942590114,1.4174,43,11,299,147,105,42,8.751211,0,ok,logs/seed_831040.log
900613,e04y,4,y,baseline_plus_gheft,DHEFT/NHEFT/GHEFT,IRT-only,0.0,0,0,1,0.3167,0.3635,0.6802,48.1822,1.2487,41,9,328,118,44,74,40.474557239739184,1.0489,47,11,332,139,92,47,53.44761722745626,1.3852,40,9,313,146,104,42,9.05001,0,ok,logs/seed_900613.log
738426,e04y,4,y,baseline_plus_gheft,DHEFT/NHEFT/GHEFT,IRT-only,0.0,0,0,1,0.3324,0.4148,0.7472,55.9456,1.3938,32,7,322,114,42,72,52.093849999999996,1.2979,44,9,331,137,104,33,57.223479056047196,1.4257,39,9,325,147,111,36,10.022853,0,ok,logs/seed_738426.log
924607,e04y,4,y,baseline_plus_gheft,DHEFT/NHEFT/GHEFT,IRT-only,0.0,0,0,1,0.3431,0.4831,0.8262,51.2443,1.3061,37,10,309,122,44,78,45.69209390681005,1.1646,44,13,322,165,108,57,43.255850777934945,1.1025,41,12,306,144,100,44,10.65318,0,ok,logs/seed_924607.log
461861,e04y,4,y,baseline_plus_gheft,DHEFT/NHEFT/GHEFT,IRT-only,0.0,0,0,1,0.3009,0.378,0.6789,52.4948,1.5936,35,7,300,85,33,52,49.85821975308642,1.5136,46,10,319,125,87,38,44.31841118881119,1.3454,39,9,300,109,78,31,8.361844,0,ok,logs/seed_461861.log
854725,e04y,4,y,baseline_plus_gheft,DHEFT/NHEFT/GHEFT,IRT-only,0.0,0,0,1,0.3412,0.3948,0.736,55.7556,1.5558,36,9,325,119,40,79,47.464865365025474,1.3245,48,12,348,158,99,59,48.37840592662276,1.35,47,12,345,154,105,49,10.102874,0,ok,logs/seed_854725.log
808927,e04y,4,y,baseline_plus_gheft,DHEFT/NHEFT/GHEFT,IRT-only,0.0,0,0,1,0.3522,0.5137,0.8659,54.2683,1.5356,34,8,292,90,45,45,46.11430717311376,1.3049,44,10,327,141,100,41,42.206508312872245,1.1943,38,10,315,136,95,41,11.792488,0,ok,logs/seed_808927.log
826006,e04y,4,y,baseline_plus_gheft,DHEFT/NHEFT/GHEFT,IRT-only,0.0,0,0,1,0.3214,0.4072,0.7286,52.5606,1.2172,39,8,315,117,42,75,50.220621752738644,1.1631,47,11,325,139,96,43,50.220621752738644,1.1631,35,9,305,124,97,27,9.052203,0,ok,logs/seed_826006.log
522333,e04y,4,y,baseline_plus_gheft,DHEFT/NHEFT/GHEFT,IRT-only,0.0,0,0,1,0.3299,0.4832,0.8131,53.54050000000001,1.4402,34,9,296,100,33,67,48.6313862811029,1.3081,50,9,338,136,84,52,51.98699697377269,1.3984,42,9,309,129,93,36,10.095349,0,ok,logs/seed_522333.log
245912,e04y,4,y,baseline_plus_gheft,DHEFT/NHEFT/GHEFT,IRT-only,0.0,0,0,1,0.3546,0.4547,0.8093,54.97429999999999,1.2023,32,7,306,99,40,59,49.68117063621533,1.0865,46,10,324,152,110,42,54.08692950819672,1.1829,43,9,328,149,110,39,10.652398,0,ok,logs/seed_245912.log
758389,e04y,4,y,baseline_plus_gheft,DHEFT/NHEFT/GHEFT,IRT-only,0.0,0,0,1,0.3501,0.3987,0.7488,48.56269999999998,1.4844,42,9,308,117,46,71,43.52429999999999,1.3304,44,10,321,136,94,42,43.52429999999999,1.3304,41,9,317,133,93,40,9.504982,0,ok,logs/seed_758389.log
631363,e04y,4,y,baseline_plus_gheft,DHEFT/NHEFT/GHEFT,IRT-only,0.0,0,0,1,0.3358,0.3992,0.735,52.391200000000005,1.4099,33,8,309,103,37,66,57.644562913907286,1.5513,48,11,331,161,115,46,44.87896291390728,1.2078,48,11,328,147,98,49,10.119263,0,ok,logs/seed_631363.log
766985,e04y,4,y,baseline_plus_gheft,DHEFT/NHEFT/GHEFT,IRT-only,0.0,0,0,1,0.3406,0.3392,0.6798,52.176400000000015,1.3465,36,9,295,115,46,69,45.14068915470494,1.1649,44,9,306,148,88,60,45.810029971031476,1.1822,41,8,310,135,93,42,10.795896,0,ok,logs/seed_766985.log
582309,e04y,4,y,baseline_plus_gheft,DHEFT/NHEFT/GHEFT,IRT-only,0.0,0,0,1,0.345,0.3186,0.6636,57.73789999999999,1.7661,28,6,260,81,38,43,43.69176938775511,1.3365,43,10,306,130,85,45,44.43553544078361,1.3592,33,7,292,104,75,29,7.296928,0,ok,logs/seed_582309.log
846927,e04y,4,y,baseline_plus_gheft,DHEFT/NHEFT/GHEFT,IRT-only,0.0,0,0,1,0.3221,0.4104,0.7325,57.941900000000004,1.6513,37,7,338,109,33,76,49.35828644067796,1.4066,60,12,367,170,92,78,53.45116569804169,1.5233,45,11,342,150,99,51,11.393701,0,ok,logs/seed_846927.log
763059,e04y,4,y,baseline_plus_gheft,DHEFT/NHEFT/GHEFT,IRT-only,0.0,0,0,1,0.3638,0.4451,0.8089,64.7065,1.5458,37,7,295,108,35,73,60.59609865910263,1.4476,45,9,324,167,111,56,65.03729613992763,1.5537,38,10,314,146,103,43,7.626586,0,ok,logs/seed_763059.log
861602,e04y,4,y,baseline_plus_gheft,DHEFT/NHEFT/GHEFT,IRT-only,0.0,0,0,1,0.3837,0.4277,0.8114,54.050099999999986,1.6389,36,9,309,114,42,72,48.382639799570505,1.467,50,12,341,166,109,57,51.36603979957051,1.5575,41,11,337,153,115,38,10.155538,0,ok,logs/seed_861602.log
631173,e04y,4,y,baseline_plus_gheft,DHEFT/NHEFT/GHEFT,IRT-only,0.0,0,0,1,0.3413,0.3484,0.6897,57.9622,1.4236,35,9,307,119,49,70,57.5603506555423,1.4137,47,10,335,149,104,45,57.5603506555423,1.4137,42,10,333,163,119,44,12.247295,0,ok,logs/seed_631173.log
53408,e04y,4,y,baseline_plus_gheft,DHEFT/NHEFT/GHEFT,IRT-only,0.0,0,0,1,0.3406,0.4109,0.7515,64.22210000000003,1.6437,35,10,296,122,47,75,55.2682899580239,1.4145,47,10,312,146,97,49,56.594289958023886,1.4485,43,9,311,145,106,39,10.764258,0,ok,logs/seed_53408.log
328439,e04y,4,y,baseline_plus_gheft,DHEFT/NHEFT/GHEFT,IRT-only,0.0,0,0,1,0.3155,0.3558,0.6713,58.5466,1.6341,37,9,293,86,39,47,46.74452747875354,1.3047,49,11,324,137,82,55,51.868759459459476,1.4477,39,9,301,127,86,41,9.051666,0,ok,logs/seed_328439.log
1087,e04y,4,y,baseline_plus_gheft,DHEFT/NHEFT/GHEFT,IRT-only,0.0,0,0,1,0.3129,0.4049,0.7178,64.15499999999999,1.5024,36,9,298,115,45,70,58.20944770206023,1.3632,47,11,312,161,104,57,61.63668462757527,1.4434,46,11,309,143,107,36,8.696468,0,ok,logs/seed_1087.log
577361,e04y,4,y,baseline_plus_gheft,DHEFT/NHEFT/GHEFT,IRT-only,0.0,0,0,1,0.3603,0.4334,0.7937,51.62880000000002,1.2475,36,7,300,99,41,58,44.66597826086956,1.0793,56,12,334,170,107,63,44.94681594202898,1.086,48,10,322,142,99,43,8.701755,0,ok,logs/seed_577361.log
72146,e04y,4,y,baseline_plus_gheft,DHEFT/NHEFT/GHEFT,IRT-only,0.0,0,0,1,0.3342,0.3914,0.7256,47.4876,1.4214,35,8,314,125,45,80,40.62851133671743,1.2161,53,12,335,174,120,54,40.761452791381,1.2201,49,11,350,175,124,51,10.688196,0,ok,logs/seed_72146.log
479068,e04y,4,y,baseline_plus_gheft,DHEFT/NHEFT/GHEFT,IRT-only,0.0,0,0,1,0.2788,0.3629,0.6417,56.65370000000002,1.7961,37,12,280,128,33,95,43.59789122486288,1.3822,49,12,306,165,93,72,43.59789122486288,1.3822,45,12,314,169,97,72,7.705195,0,ok,logs/seed_479068.log
267093,e04y,4,y,baseline_plus_gheft,DHEFT/NHEFT/GHEFT,IRT-only,0.0,0,0,1,0.2603,0.3324,0.5927,60.24929999999999,1.4975,33,9,300,108,33,75,56.83506983857266,1.4127,47,11,337,149,106,43,56.71986983857264,1.4098,47,11,321,152,109,43,8.88193,0,ok,logs/seed_267093.log
174052,e04y,4,y,baseline_plus_gheft,DHEFT/NHEFT/GHEFT,IRT-only,0.0,0,0,1,0.3035,0.3617,0.6652,48.964499999999994,1.3145,34,8,325,102,43,59,40.981039656311964,1.1002,54,11,343,146,97,49,49.746639656311956,1.3355,45,10,323,160,115,45,10.057518,0,ok,logs/seed_174052.log
224195,e04y,4,y,baseline_plus_gheft,DHEFT/NHEFT/GHEFT,IRT-only,0.0,0,0,1,0.2811,0.308,0.5891,56.83319999999998,1.577,37,9,279,113,36,77,46.259747133757955,1.2836,54,12,323,165,91,74,43.11988639551191,1.1965,49,12,310,143,79,64,9.420401,0,ok,logs/seed_224195.log
203906,e04y,4,y,baseline_plus_gheft,DHEFT/NHEFT/GHEFT,IRT-only,0.0,0,0,1,0.3525,0.4464,0.7989,60.0471,1.5788,43,11,295,129,42,87,53.87403202494101,1.4165,48,12,309,172,117,55,59.48166163410302,1.564,41,10,300,156,115,41,9.372497,0,ok,logs/seed_203906.log
223610,e04y,4,y,baseline_plus_gheft,DHEFT/NHEFT/GHEFT,IRT-only,0.0,0,0,1,0.3114,0.426,0.7374,45.586800000000004,1.3501,35,9,313,117,45,72,38.56413020257827,1.1421,42,9,319,134,87,47,45.19226303501945,1.3384,36,8,320,126,94,32,8.015559,0,ok,logs/seed_223610.log
765827,e04y,4,y,baseline_plus_gheft,DHEFT/NHEFT/GHEFT,IRT-only,0.0,0,0,1,0.3271,0.4099,0.737,62.48749999999999,1.5149,36,8,317,129,51,78,53.932273497036405,1.3075,50,10,362,174,110,64,54.23586278366112,1.3148,40,9,345,152,101,51,9.650819,0,ok,logs/seed_765827.log
597825,e04y,4,y,baseline_plus_gheft,DHEFT/NHEFT/GHEFT,IRT-only,0.0,0,0,1,0.3426,0.4102,0.7528,50.28999999999999,1.2114,32,6,303,93,39,54,50.210806185567,1.2095,47,9,312,119,86,33,50.64580896898575,1.22,43,9,299,121,93,28,9.529222,0,ok,logs/seed_597825.log
743325,e04y,4,y,baseline_plus_gheft,DHEFT/NHEFT/GHEFT,IRT-only,0.0,0,0,1,0.3341,0.4484,0.7825,52.622299999999996,1.7648,34,9,290,98,29,69,48.51180591471802,1.627,52,10,337,130,88,42,48.51180591471802,1.627,48,10,323,136,94,42,10.528661,0,ok,logs/seed_743325.log
459404,e04y,4,y,baseline_plus_gheft,DHEFT/NHEFT/GHEFT,IRT-only,0.0,0,0,1,0.2719,0.3271,0.599,63.646100000000004,1.5105,37,8,300,127,45,82,67.06988991430455,1.5918,49,11,337,166,110,56,68.27502534930139,1.6204,39,9,324,156,111,45,8.60038,0,ok,logs/seed_459404.log
644891,e04y,4,y,baseline_plus_gheft,DHEFT/NHEFT/GHEFT,IRT-only,0.0,0,0,1,0.3423,0.4096,0.7519,53.6373,1.218,31,7,290,88,39,49,52.266742910170755,1.1869,44,10,309,123,90,33,53.56691097372488,1.2164,43,10,313,128,97,31,9.734395,0,ok,logs/seed_644891.log
112316,e04y,4,y,baseline_plus_gheft,DHEFT/NHEFT/GHEFT,IRT-only,0.0,0,0,1,0.3322,0.354,0.6862,54.2002,1.3882,32,7,320,90,33,57,47.2635736228127,1.2105,52,10,339,159,113,46,49.4661736228127,1.2669,45,10,318,141,109,32,11.478205,0,ok,logs/seed_112316.log
708240,e04y,4,y,baseline_plus_gheft,DHEFT/NHEFT/GHEFT,IRT-only,0.0,0,0,1,0.3236,0.4062,0.7298,54.50810000000001,1.2821,37,9,303,134,43,91,60.72349451371571,1.4283,50,12,323,166,114,52,49.46856482412059,1.1636,36,10,305,149,107,42,8.228097,0,ok,logs/seed_708240.log
988612,e04y,4,y,baseline_plus_gheft,DHEFT/NHEFT/GHEFT,IRT-only,0.0,0,0,1,0.3345,0.3166,0.6511,49.353199999999994,1.3907,30,6,289,106,40,66,44.30584905660378,1.2485,52,11,316,134,97,37,44.55049433962265,1.2554,43,9,308,135,99,36,7.284324,0,ok,logs/seed_988612.log
737269,e04y,4,y,baseline_plus_gheft,DHEFT/NHEFT/GHEFT,IRT-only,0.0,0,0,1,0.3561,0.418,0.7741,49.866,1.1773,38,10,325,130,40,90,48.10922477064221,1.1358,52,11,333,164,93,71,48.10922477064221,1.1358,43,11,326,166,99,67,10.108298,0,ok,logs/seed_737269.log
670045,e04y,4,y,baseline_plus_gheft,DHEFT/NHEFT/GHEFT,IRT-only,0.0,0,0,1,0.3391,0.3646,0.7037,52.78130000000001,1.4474,37,10,288,106,45,61,52.053092537313425,1.4274,43,10,326,151,99,52,52.40218828696925,1.437,39,8,308,144,97,47,9.755732,0,ok,logs/seed_670045.log
697981,e04y,4,y,baseline_plus_gheft,DHEFT/NHEFT/GHEFT,IRT-only,0.0,0,0,1,0.3073,0.386,0.6933,50.5808,1.526,35,8,321,112,51,61,43.9376,1.3256,48,11,337,147,103,44,40.24564003825958,1.2142,45,12,331,157,111,46,10.409116,0,ok,logs/seed_697981.log
940926,e04y,4,y,baseline_plus_gheft,DHEFT/NHEFT/GHEFT,IRT-only,0.0,0,0,1,0.3941,0.4729,0.867,51.394200000000005,1.5508,34,9,321,108,40,68,45.470585260824095,1.3721,44,9,329,149,104,45,46.22401191709845,1.3948,42,8,324,149,103,46,8.967121,0,ok,logs/seed_940926.log
245466,e04y,4,y,baseline_plus_gheft,DHEFT/NHEFT/GHEFT,IRT-only,0.0,0,0,1,0.373,0.4253,0.7983,52.8441,1.1331,32,6,317,114,42,72,51.094753532182104,1.0956,54,12,332,154,103,51,51.451785847408274,1.1032,48,11,325,161,107,54,12.463821,0,ok,logs/seed_245466.log
863385,e04y,4,y,baseline_plus_gheft,DHEFT/NHEFT/GHEFT,IRT-only,0.0,0,0,1,0.3388,0.3324,0.6712,67.2837,1.5749,37,9,310,115,44,71,66.88660801576873,1.5656,44,10,335,152,111,41,66.88660801576873,1.5656,44,10,320,146,102,44,9.389576,0,ok,logs/seed_863385.log
502084,e04y,4,y,baseline_plus_gheft,DHEFT/NHEFT/GHEFT,IRT-only,0.0,0,0,1,0.3304,0.4406,0.771,50.447500000000005,1.1583,37,9,324,112,50,62,45.68219537480064,1.0489,49,9,350,159,110,49,54.540929601803164,1.2523,42,10,340,162,124,38,11.301505,0,ok,logs/seed_502084.log
268333,e04y,4,y,baseline_plus_gheft,DHEFT/NHEFT/GHEFT,IRT-only,0.0,0,0,1,0.3487,0.326,0.6747,53.876,1.7944,34,6,287,93,36,57,46.21668928718034,1.5393,45,9,343,132,95,37,45.590464566929136,1.5185,36,9,306,116,82,34,9.710573,0,ok,logs/seed_268333.log
889172,e04y,4,y,baseline_plus_gheft,DHEFT/NHEFT/GHEFT,IRT-only,0.0,0,0,1,0.3234,0.3201,0.6435,43.31470000000001,1.1143,35,7,304,103,40,63,41.08694753309266,1.057,42,10,325,136,90,46,41.08694753309266,1.057,38,8,317,120,90,30,9.041857,0,ok,logs/seed_889172.log
768859,e04y,4,y,baseline_plus_gheft,DHEFT/NHEFT/GHEFT,IRT-only,0.0,0,0,1,0.3216,0.4164,0.738,52.54110000000001,1.4589,36,8,301,113,54,59,49.542630769230776,1.3756,48,10,331,158,111,47,52.516212820512834,1.4582,45,10,327,162,115,47,8.648694,0,ok,logs/seed_768859.log
108511,e04y,4,y,baseline_plus_gheft,DHEFT/NHEFT/GHEFT,IRT-only,0.0,0,0,1,0.3325,0.4248,0.7573,53.778500000000015,1.6344,33,6,330,103,40,63,43.45170450997398,1.3206,47,10,350,156,102,54,44.789670962479605,1.3612,46,11,345,146,104,42,12.699842,0,ok,logs/seed_108511.log
828273,e04y,4,y,baseline_plus_gheft,DHEFT/NHEFT/GHEFT,IRT-only,0.0,0,0,1,0.3219,0.3504,0.6723,49.8622,1.28,34,6,303,103,57,46,45.14987838377967,1.1591,42,8,318,131,101,30,45.837999073434844,1.1767,37,9,319,134,104,30,8.263932,0,ok,logs/seed_828273.log
932667,e04y,4,y,baseline_plus_gheft,DHEFT/NHEFT/GHEFT,IRT-only,0.0,0,0,1,0.3089,0.3512,0.6601,52.739000000000004,1.6913,31,8,280,123,36,87,44.26846698262243,1.4197,53,14,302,163,95,68,45.51191132075473,1.4596,49,12,303,158,94,64,9.824925,0,ok,logs/seed_932667.log
245421,e04y,4,y,baseline_plus_gheft,DHEFT/NHEFT/GHEFT,IRT-only,0.0,0,0,1,0.3188,0.357,0.6758,58.76509999999999,1.6231,32,10,282,110,37,73,57.81366106032907,1.5969,51,12,325,164,112,52,47.746110810810805,1.3188,47,12,318,161,117,44,8.704584,0,ok,logs/seed_245421.log
678641,e04y,4,y,baseline_plus_gheft,DHEFT/NHEFT/GHEFT,IRT-only,0.0,0,0,1,0.3664,0.3751,0.7415,52.1258,1.1844,37,8,315,115,31,84,50.25860851063829,1.142,55,12,334,160,98,62,52.325182578875165,1.189,45,12,324,151,100,51,10.334089,0,ok,logs/seed_678641.log
935125,e04y,4,y,baseline_plus_gheft,DHEFT/NHEFT/GHEFT,IRT-only,0.0,0,0,1,0.356,0.4417,0.7977,69.70009999999999,1.6288,36,9,319,117,49,68,62.2476756097561,1.4546,53,12,342,185,113,72,62.2476756097561,1.4546,43,11,326,175,130,45,10.97458,0,ok,logs/seed_935125.log
605287,e04y,4,y,baseline_plus_gheft,DHEFT/NHEFT/GHEFT,IRT-only,0.0,0,0,1,0.347,0.4417,0.7887,55.154399999999995,1.3959,35,8,312,104,31,73,55.0195125,1.3925,48,11,308,135,94,41,54.676925,1.3838,39,11,307,116,91,25,9.951617,0,ok,logs/seed_605287.log
241117,e04y,4,y,baseline_plus_gheft,DHEFT/NHEFT/GHEFT,IRT-only,0.0,0,0,1,0.3753,0.3452,0.7205,53.18260000000001,1.1394,39,9,324,118,40,78,49.268582125603864,1.0555,55,10,355,182,122,60,54.998715050167235,1.1783,40,9,332,168,122,46,11.6449,0,ok,logs/seed_241117.log
137693,e04y,4,y,baseline_plus_gheft,DHEFT/NHEFT/GHEFT,IRT-only,0.0,0,0,1,0.2816,0.3835,0.6651,68.9931,2.0783,34,9,313,129,35,94,63.587588916140284,1.9155,56,12,359,179,106,73,63.587588916140284,1.9155,51,13,350,182,116,66,12.691089,0,ok,logs/seed_137693.log
519815,e04y,4,y,baseline_plus_gheft,DHEFT/NHEFT/GHEFT,IRT-only,0.0,0,0,1,0.354,0.4007,0.7547,51.557500000000005,1.325,32,7,313,100,50,50,46.32635360501567,1.1905,41,9,332,142,110,32,53.216664367816094,1.3676,36,9,328,141,106,35,9.052704,0,ok,logs/seed_519815.log
825689,e04y,4,y,baseline_plus_gheft,DHEFT/NHEFT/GHEFT,IRT-only,0.0,0,0,1,0.336,0.3508,0.6868,56.352599999999995,1.3445,47,12,306,140,44,96,48.95880451041559,1.1681,51,12,329,175,119,56,47.20295940460081,1.1262,50,12,320,174,110,64,9.538569,0,ok,logs/seed_825689.log
266300,e04y,4,y,baseline_plus_gheft,DHEFT/NHEFT/GHEFT,IRT-only,0.0,0,0,1,0.3569,0.3666,0.7235,47.8748,1.3431,35,7,308,101,61,40,44.07940880503145,1.2367,42,10,323,148,100,48,44.07940880503145,1.2367,43,10,327,151,108,43,10.694041,0,ok,logs/seed_266300.log
353884,e04y,4,y,baseline_plus_gheft,DHEFT/NHEFT/GHEFT,IRT-only,0.0,0,0,1,0.3386,0.4265,0.7651,67.6672,1.4846,34,7,281,91,31,60,67.12583105765827,1.4727,45,10,328,130,81,49,66.70778787878787,1.4635,39,9,315,121,85,36,8.673187,0,ok,logs/seed_353884.log
141574,e04y,4,y,baseline_plus_gheft,DHEFT/NHEFT/GHEFT,IRT-only,0.0,0,0,1,0.3295,0.296,0.6255,58.32930000000001,1.2677,37,8,330,127,45,82,53.94850091743119,1.1725,52,12,359,164,109,55,50.51738390804597,1.0979,48,13,342,154,98,56,9.375344,0,ok,logs/seed_141574.log
211351,e04y,4,y,baseline_plus_gheft,DHEFT/NHEFT/GHEFT,IRT-only,0.0,0,0,1,0.3459,0.391,0.7369,50.14689999999999,1.1879,36,9,317,123,36,87,48.06220608350651,1.1385,46,11,315,157,111,46,47.639656716417896,1.1285,42,10,311,149,104,45,9.389046,0,ok,logs/seed_211351.log
64745,e04y,4,y,baseline_plus_gheft,DHEFT/NHEFT/GHEFT,IRT-only,0.0,0,0,1,0.2845,0.3009,0.5854,62.80999999999998,1.2657,45,10,308,123,45,78,62.418704665260755,1.2578,49,10,341,171,123,48,62.418704665260755,1.2578,45,9,327,163,120,43,10.685675,0,ok,logs/seed_64745.log
827551,e04y,4,y,baseline_plus_gheft,DHEFT/NHEFT/GHEFT,IRT-only,0.0,0,0,1,0.3579,0.4607,0.8186,57.3886,1.2843,31,8,280,123,49,74,54.898041087613294,1.2286,42,9,296,137,112,25,54.9286410876133,1.2293,38,9,277,147,113,34,11.065447,0,ok,logs/seed_827551.log
236634,e04y,4,y,baseline_plus_gheft,DHEFT/NHEFT/GHEFT,IRT-only,0.0,0,0,1,0.339,0.3897,0.7287,51.800900000000006,1.4538,32,8,298,105,41,64,42.403190697674425,1.1901,50,12,318,161,110,51,45.08195891472869,1.2653,44,11,309,160,110,50,8.98938,0,ok,logs/seed_236634.log
554061,e04y,4,y,baseline_plus_gheft,DHEFT/NHEFT/GHEFT,IRT-only,0.0,0,0,1,0.3278,0.3861,0.7139,57.87220000000001,1.332,33,7,284,101,34,67,48.20950992301111,1.1096,54,11,316,149,90,59,50.560307894736845,1.1637,46,10,300,124,86,38,9.74406,0,ok,logs/seed_554061.log
473253,e04y,4,y,baseline_plus_gheft,DHEFT/NHEFT/GHEFT,IRT-only,0.0,0,0,1,0.2967,0.307,0.6037,59.0985,1.5307,39,10,286,113,36,77,47.72054415584416,1.236,46,12,311,150,88,62,47.72054415584416,1.236,41,9,305,141,85,56,9.09973,0,ok,logs/seed_473253.log
397414,e04y,4,y,baseline_plus_gheft,DHEFT/NHEFT/GHEFT,IRT-only,0.0,0,0,1,0.3495,0.4904,0.8399,64.5635,1.8209,42,7,328,100,52,48,60.0171267379679,1.6927,45,9,346,143,104,39,60.0171267379679,1.6927,44,10,352,144,104,40,11.542341,0,ok,logs/seed_397414.log
237902,e04y,4,y,baseline_plus_gheft,DHEFT/NHEFT/GHEFT,IRT-only,0.0,0,0,1,0.3329,0.3431,0.676,48.6515,1.3417,31,8,294,113,42,71,42.52228431214804,1.1727,47,12,314,148,102,46,41.64217599544938,1.1484,42,12,298,129,91,38,9.79669,0,ok,logs/seed_237902.log
57519,e04y,4,y,baseline_plus_gheft,DHEFT/NHEFT/GHEFT,IRT-only,0.0,0,0,1,0.3038,0.3395,0.6433,52.74069999999999,1.6125,33,7,296,101,34,67,44.127900000000004,1.3492,53,9,331,135,91,44,44.70766700143473,1.3669,46,9,313,139,92,47,10.246504,0,ok,logs/seed_57519.log
505780,e04y,4,y,baseline_plus_gheft,DHEFT/NHEFT/GHEFT,IRT-only,0.0,0,0,1,0.3669,0.3634,0.7303,50.1198,1.1955,32,7,284,106,39,67,44.4698179121506,1.0607,46,11,318,150,101,49,54.50432013690816,1.3001,37,9,290,147,103,44,9.511991,0,ok,logs/seed_505780.log
353215,e04y,4,y,baseline_plus_gheft,DHEFT/NHEFT/GHEFT,IRT-only,0.0,0,0,1,0.2686,0.3178,0.5864,58.73800000000001,1.4584,36,8,321,107,34,73,62.13001697171381,1.5426,43,10,339,160,105,55,50.59410930930932,1.2562,43,11,325,160,103,57,9.249488,0,ok,logs/seed_353215.log
60194,e04y,4,y,baseline_plus_gheft,DHEFT/NHEFT/GHEFT,IRT-only,0.0,0,0,1,0.3414,0.3836,0.725,53.86250000000001,1.7663,33,8,307,101,46,55,45.83760735930736,1.5031,50,11,340,141,102,39,42.53969033078881,1.395,43,10,339,140,103,37,12.652411,0,ok,logs/seed_60194.log
21327,e04y,4,y,baseline_plus_gheft,DHEFT/NHEFT/GHEFT,IRT-only,0.0,0,0,1,0.3341,0.3395,0.6736,63.27609999999998,1.3257,35,10,293,109,39,70,62.35557349397591,1.3064,48,10,321,142,102,40,62.35557349397591,1.3064,36,8,312,149,112,37,10.08721,0,ok,logs/seed_21327.log
551141,e04y,4,y,baseline_plus_gheft,DHEFT/NHEFT/GHEFT,IRT-only,0.0,0,0,1,0.3213,0.3018,0.6231,54.72910000000001,1.5321,31,7,254,103,43,60,46.86044080242241,1.3118,43,8,307,144,108,36,45.04181339894021,1.2609,38,8,302,140,104,36,7.427502,0,ok,logs/seed_551141.log
504483,e04y,4,y,baseline_plus_gheft,DHEFT/NHEFT/GHEFT,IRT-only,0.0,0,0,1,0.3359,0.4254,0.7613,44.8542,1.4931,34,6,302,94,41,53,40.3516947368421,1.3432,44,9,320,121,84,37,41.47465094339622,1.3806,40,10,321,119,88,31,9.474877,0,ok,logs/seed_504483.log
50984,e04y,4,y,baseline_plus_gheft,DHEFT/NHEFT/GHEFT,IRT-only,0.0,0,0,1,0.3136,0.3458,0.6594,53.80830000000001,1.1246,42,8,336,123,39,84,58.656238028169014,1.2259,44,10,333,150,111,39,58.656238028169014,1.2259,42,10,327,150,112,38,9.076111,0,ok,logs/seed_50984.log
145299,e04y,4,y,baseline_plus_gheft,DHEFT/NHEFT/GHEFT,IRT-only,0.0,0,0,1,0.3473,0.4028,0.7501,52.736499999999985,1.3812,32,9,293,94,35,59,44.78260875420875,1.1729,54,12,312,131,86,45,44.78260875420875,1.1729,45,11,303,132,91,41,9.671094,0,ok,logs/seed_145299.log
933274,e04y,4,y,baseline_plus_gheft,DHEFT/NHEFT/GHEFT,IRT-only,0.0,0,0,1,0.3182,0.3224,0.6406,60.90359999999999,1.268,30,7,304,118,42,76,58.780007213706035,1.2238,52,12,328,171,118,53,58.780007213706035,1.2238,38,9,321,163,131,32,10.95054,0,ok,logs/seed_933274.log
321337,e04y,4,y,baseline_plus_gheft,DHEFT/NHEFT/GHEFT,IRT-only,0.0,0,0,1,0.3794,0.446,0.8254,55.187200000000004,1.9752,33,9,274,109,37,72,48.65389154929578,1.7413,51,10,332,156,94,62,42.47970748299319,1.5204,40,9,321,138,95,43,8.740423,0,ok,logs/seed_321337.log
181404,e04y,4,y,baseline_plus_gheft,DHEFT/NHEFT/GHEFT,IRT-only,0.0,0,0,1,0.3447,0.4403,0.785,58.6087,1.6166,38,9,315,104,33,71,53.65762220367279,1.48,51,10,339,155,96,59,57.84099473684211,1.5954,40,9,324,145,102,43,9.304007,0,ok,logs/seed_181404.log
3899,e04y,4,y,baseline_plus_gheft,DHEFT/NHEFT/GHEFT,IRT-only,0.0,0,0,1,0.3251,0.3997,0.7248,63.7626,1.2738,30,7,288,91,48,43,63.57922733397498,1.2701,43,10,306,129,97,32,63.57922733397498,1.2701,38,9,297,125,101,24,9.31782,0,ok,logs/seed_3899.log
494958,e04y,4,y,baseline_plus_gheft,DHEFT/NHEFT/GHEFT,IRT-only,0.0,0,0,1,0.3783,0.477,0.8553,54.342600000000004,1.37,30,7,283,97,44,53,50.807864727495414,1.2809,45,11,304,132,90,42,51.481741269841265,1.2978,40,11,297,132,95,37,9.151598,0,ok,logs/seed_494958.log
970507,e04y,4,y,baseline_plus_gheft,DHEFT/NHEFT/GHEFT,IRT-only,0.0,0,0,1,0.2916,0.3711,0.6627,54.94850000000002,1.4622,36,9,279,115,46,69,40.84715845648604,1.0869,49,13,327,158,101,57,44.17085041050903,1.1754,40,11,303,144,104,40,10.398897,0,ok,logs/seed_970507.log
705866,e04y,4,y,baseline_plus_gheft,DHEFT/NHEFT/GHEFT,IRT-only,0.0,0,0,1,0.3298,0.4154,0.7452,61.958900000000014,1.4653,39,10,298,127,43,84,63.281066666666646,1.4966,49,11,316,160,109,51,49.60836486486488,1.1733,43,10,320,171,114,57,10.485615,0,ok,logs/seed_705866.log
296343,e04y,4,y,baseline_plus_gheft,DHEFT/NHEFT/GHEFT,IRT-only,0.0,0,0,1,0.3636,0.372,0.7356,52.56529999999999,1.577,41,8,296,103,36,67,49.22387560975609,1.4767,51,10,326,157,112,45,52.88473259668508,1.5866,39,9,299,143,111,32,8.973182,0,ok,logs/seed_296343.log
586398,e04y,4,y,baseline_plus_gheft,DHEFT/NHEFT/GHEFT,IRT-only,0.0,0,0,1,0.316,0.2862,0.6022,53.8798,1.3631,33,9,307,137,45,92,46.00075594974132,1.1637,44,10,345,162,112,50,47.33631595824012,1.1975,35,9,327,158,115,43,9.557977,0,ok,logs/seed_586398.log
378648,e04y,4,y,baseline_plus_gheft,DHEFT/NHEFT/GHEFT,IRT-only,0.0,0,0,1,0.3489,0.4372,0.7861,46.69070000000001,1.4232,34,8,300,110,55,55,38.97492578616352,1.188,42,10,307,137,100,37,44.003535491606705,1.3412,34,10,295,125,98,27,9.069781,0,ok,logs/seed_378648.log
531966,e04y,4,y,baseline_plus_gheft,DHEFT/NHEFT/GHEFT,IRT-only,0.0,0,0,1,0.3499,0.3696,0.7195,44.0926,1.4673,32,8,285,101,47,54,36.44917534171678,1.213,41,9,318,145,102,43,36.61955548098434,1.2186,35,9,314,137,104,33,8.844211,0,ok,logs/seed_531966.log
596361,e04y,4,y,baseline_plus_gheft,DHEFT/NHEFT/GHEFT,IRT-only,0.0,0,0,1,0.3158,0.3518,0.6676,46.891,1.2673,34,7,314,113,41,72,39.30310389610389,1.0623,45,11,340,162,101,61,40.35750770478508,1.0908,42,10,345,152,99,53,9.842392,0,ok,logs/seed_596361.log
60220,e04y,4,y,baseline_plus_gheft,DHEFT/NHEFT/GHEFT,IRT-only,0.0,0,0,1,0.3421,0.3297,0.6718,49.1923,1.3743,32,7,288,94,38,56,42.734467487684725,1.1939,45,8,329,123,75,48,42.734467487684725,1.1939,41,8,314,129,79,50,10.273296,0,ok,logs/seed_60220.log
189568,e04y,4,y,baseline_plus_gheft,DHEFT/NHEFT/GHEFT,IRT-only,0.0,0,0,1,0.3267,0.4622,0.7889,53.1909,1.2567,37,7,307,111,43,68,51.19303023255814,1.2095,43,10,311,137,92,45,52.16883529411765,1.2325,40,9,305,145,120,25,11.303912,0,ok,logs/seed_189568.log
151000,e04y,4,y,baseline_plus_gheft,DHEFT/NHEFT/GHEFT,IRT-only,0.0,0,0,1,0.312,0.3388,0.6508,57.80789999999999,1.2195,32,7,296,103,42,61,57.9548567164179,1.2226,44,9,317,148,103,45,58.903296819787975,1.2426,40,9,320,145,102,43,7.114905,0,ok,logs/seed_151000.log
72402,e04y,4,y,baseline_plus_gheft,DHEFT/NHEFT/GHEFT,IRT-only,0.0,0,0,1,0.318,0.4308,0.7488,47.9171,1.1435,36,8,317,106,52,54,46.45806472579553,1.1087,45,10,321,140,103,37,46.757761434977574,1.1158,38,10,309,130,100,30,8.057659,0,ok,logs/seed_72402.log
983055,e04y,4,y,baseline_plus_gheft,DHEFT/NHEFT/GHEFT,IRT-only,0.0,0,0,1,0.344,0.3945,0.7385,45.0237,1.2258,35,8,318,98,33,65,45.15085326086957,1.2292,44,9,332,135,95,40,42.90985326086957,1.1682,40,9,322,145,94,51,8.817816,0,ok,logs/seed_983055.log
538582,e04y,4,y,baseline_plus_gheft,DHEFT/NHEFT/GHEFT,IRT-only,0.0,0,0,1,0.3401,0.3674,0.7075,50.7114,1.3505,30,6,288,93,31,62,48.677861336828315,1.2964,49,9,315,140,96,44,51.02749213630406,1.3589,34,8,307,142,111,31,8.609676,0,ok,logs/seed_538582.log
934509,e04y,4,y,baseline_plus_gheft,DHEFT/NHEFT/GHEFT,IRT-only,0.0,0,0,1,0.3441,0.4141,0.7582,50.179500000000004,1.2428,34,7,306,97,40,57,49.96538130081301,1.2375,50,11,343,146,101,45,50.29629025270758,1.2457,41,11,325,137,102,35,10.944597,0,ok,logs/seed_934509.log
220410,e04y,4,y,baseline_plus_gheft,DHEFT/NHEFT/GHEFT,IRT-only,0.0,0,0,1,0.3503,0.3156,0.6659,43.37539999999999,1.3323,30,6,299,86,42,44,42.09813669064748,1.2931,42,10,329,143,102,41,41.5982697309776,1.2777,39,9,313,114,93,21,9.268983,0,ok,logs/seed_220410.log
755547,e04y,4,y,baseline_plus_gheft,DHEFT/NHEFT/GHEFT,IRT-only,0.0,0,0,1,0.3944,0.4463,0.8407,58.9257,1.4123,35,7,310,101,34,67,51.00008805970149,1.2224,48,9,330,143,94,49,51.00008805970149,1.2224,42,8,319,132,96,36,9.691732,0,ok,logs/seed_755547.log
682666,e04y,4,y,baseline_plus_gheft,DHEFT/NHEFT/GHEFT,IRT-only,0.0,0,0,1,0.279,0.3068,0.5858,58.609399999999994,1.6318,31,8,302,118,43,75,45.63522211055276,1.2706,48,12,321,153,88,65,48.70438965517241,1.3561,43,11,314,143,90,53,10.507396,0,ok,logs/seed_682666.log
707759,e04y,4,y,baseline_plus_gheft,DHEFT/NHEFT/GHEFT,IRT-only,0.0,0,0,1,0.3149,0.3778,0.6927,54.195800000000006,1.2946,39,9,308,132,55,77,50.377374881516594,1.2034,45,11,317,133,98,35,50.377374881516594,1.2034,41,11,311,130,92,38,9.342984,0,ok,logs/seed_707759.log
472298,e04y,4,y,baseline_plus_gheft,DHEFT/NHEFT/GHEFT,IRT-only,0.0,0,0,1,0.3021,0.3414,0.6435,52.37529999999999,1.47,35,8,299,114,50,64,45.653117210682495,1.2813,44,11,329,145,101,44,45.653117210682495,1.2813,36,10,321,144,97,47,9.537095,0,ok,logs/seed_472298.log
842827,e04y,4,y,baseline_plus_gheft,DHEFT/NHEFT/GHEFT,IRT-only,0.0,0,0,1,0.3578,0.3839,0.7417,51.5525,1.364,34,7,300,102,45,57,49.977910113519094,1.3224,48,12,329,144,94,50,41.794795317959476,1.1058,45,11,325,132,87,45,10.31099,0,ok,logs/seed_842827.log
598514,e04y,4,y,baseline_plus_gheft,DHEFT/NHEFT/GHEFT,IRT-only,0.0,0,0,1,0.389,0.4104,0.7994,46.7929,1.1481,31,8,300,109,50,59,44.107132663316584,1.0822,46,10,325,132,92,40,44.107132663316584,1.0822,39,10,326,132,98,34,9.963279,0,ok,logs/seed_598514.log
985883,e04y,4,y,baseline_plus_gheft,DHEFT/NHEFT/GHEFT,IRT-only,0.0,0,0,1,0.3081,0.3202,0.6283,47.2425,1.1821,29,5,286,79,35,44,51.05946182572615,1.2776,45,11,305,127,92,35,51.05946182572615,1.2776,41,10,303,143,101,42,10.411677,0,ok,logs/seed_985883.log
595328,e04y,4,y,baseline_plus_gheft,DHEFT/NHEFT/GHEFT,IRT-only,0.0,0,0,1,0.3186,0.384,0.7026,64.6271,1.4631,34,6,333,93,43,50,58.63663535474245,1.3275,52,9,353,130,85,45,58.63663535474245,1.3275,48,9,340,137,99,38,9.792555,0,ok,logs/seed_595328.log
238922,e04y,4,y,baseline_plus_gheft,DHEFT/NHEFT/GHEFT,IRT-only,0.0,0,0,1,0.3356,0.3596,0.6952,51.937,1.4222,40,8,327,117,50,67,45.37081239669421,1.2424,53,12,339,151,94,57,44.31000332717191,1.2133,45,12,324,134,95,39,9.794596,0,ok,logs/seed_238922.log
469556,e04y,4,y,baseline_plus_gheft,DHEFT/NHEFT/GHEFT,IRT-only,0.0,0,0,1,0.3163,0.3633,0.6796,51.67179999999999,1.2392,31,7,300,99,45,54,51.67376402138736,1.2392,46,9,321,132,91,41,51.20251210277215,1.2279,35,8,300,124,94,30,9.281711,0,ok,logs/seed_469556.log
108225,e04y,4,y,baseline_plus_gheft,DHEFT/NHEFT/GHEFT,IRT-only,0.0,0,0,1,0.3254,0.3803,0.7057,50.2192,1.0935,36,8,296,112,53,59,47.464135961680164,1.0335,45,10,314,142,108,34,47.464135961680164,1.0335,43,10,302,130,98,32,8.343775,0,ok,logs/seed_108225.log
899644,e04y,4,y,baseline_plus_gheft,DHEFT/NHEFT/GHEFT,IRT-only,0.0,0,0,1,0.3208,0.4115,0.7323,63.80139999999999,1.5044,41,9,320,146,45,101,44.77330723562152,1.0557,55,12,340,186,95,91,46.413752173913046,1.0944,50,12,330,173,93,80,8.998715,0,ok,logs/seed_899644.log
885107,e04y,4,y,baseline_plus_gheft,DHEFT/NHEFT/GHEFT,IRT-only,0.0,0,0,1,0.3624,0.4796,0.842,54.733999999999995,1.2087,46,10,332,126,43,83,54.45785226128103,1.2026,44,10,319,119,82,37,51.1900221826809,1.1304,41,10,324,135,96,39,13.223812,0,ok,logs/seed_885107.log
624803,e04y,4,y,baseline_plus_gheft,DHEFT/NHEFT/GHEFT,IRT-only,0.0,0,0,1,0.3259,0.3313,0.6572,60.3057,1.3555,35,8,315,126,48,78,49.14744843517139,1.1047,54,11,327,157,103,54,53.17464843517139,1.1952,45,11,333,161,109,52,10.251469,0,ok,logs/seed_624803.log
412384,e04y,4,y,baseline_plus_gheft,DHEFT/NHEFT/GHEFT,IRT-only,0.0,0,0,1,0.3147,0.388,0.7027,52.323,1.5078,35,8,287,107,33,74,46.88928659003832,1.3512,53,12,337,169,101,68,44.19480877192983,1.2736,47,10,333,149,98,51,10.068241,0,ok,logs/seed_412384.log
534437,e04y,4,y,baseline_plus_gheft,DHEFT/NHEFT/GHEFT,IRT-only,0.0,0,0,1,0.3429,0.456,0.7989,53.747299999999996,1.2863,32,7,297,97,34,63,58.35605471698112,1.3965,47,9,335,166,121,45,58.399097169811306,1.3976,38,9,319,145,114,31,10.122296,0,ok,logs/seed_534437.log
28388,e04y,4,y,baseline_plus_gheft,DHEFT/NHEFT/GHEFT,IRT-only,0.0,0,0,1,0.34,0.4076,0.7476,45.11390000000001,1.2669,37,8,312,120,48,72,47.795356345177666,1.3422,38,8,314,148,108,40,45.70985512630015,1.2836,36,8,307,142,105,37,9.460185,0,ok,logs/seed_28388.log
480416,e04y,4,y,baseline_plus_gheft,DHEFT/NHEFT/GHEFT,IRT-only,0.0,0,0,1,0.3313,0.3916,0.7229,54.417099999999984,1.2732,32,7,312,112,44,68,57.479899999999994,1.3449,41,9,309,137,99,38,57.479899999999994,1.3449,38,9,312,154,104,50,8.661181,0,ok,logs/seed_480416.log
6523,e04y,4,y,baseline_plus_gheft,DHEFT/NHEFT/GHEFT,IRT-only,0.0,0,0,1,0.3283,0.4666,0.7949,60.092300000000016,1.3267,35,7,304,112,31,81,52.64087401574803,1.1622,54,11,331,160,101,59,54.622252093473925,1.206,51,13,332,178,98,80,10.669859,0,ok,logs/seed_6523.log
875492,e04y,4,y,baseline_plus_gheft,DHEFT/NHEFT/GHEFT,IRT-only,0.0,0,0,1,0.3235,0.3714,0.6949,51.68479999999999,1.4313,30,6,295,90,35,55,53.95088760330578,1.4941,49,9,330,132,91,41,44.86382271052273,1.2424,44,10,317,132,92,40,8.867926,0,ok,logs/seed_875492.log
445144,e04y,4,y,baseline_plus_gheft,DHEFT/NHEFT/GHEFT,IRT-only,0.0,0,0,1,0.3554,0.3769,0.7323,49.58489999999999,1.3192,38,8,316,103,38,65,53.522432846715326,1.424,47,11,322,151,94,57,41.54212875318067,1.1052,43,9,334,131,82,49,10.106022,0,ok,logs/seed_445144.log
178145,e04y,4,y,baseline_plus_gheft,DHEFT/NHEFT/GHEFT,IRT-only,0.0,0,0,1,0.3036,0.4592,0.7628,58.76249999999999,1.4015,40,8,310,118,44,74,52.818996812749,1.2597,49,11,330,170,115,55,57.918196812748995,1.3813,41,9,339,160,116,44,9.359263,0,ok,logs/seed_178145.log
496478,e04y,4,y,baseline_plus_gheft,DHEFT/NHEFT/GHEFT,IRT-only,0.0,0,0,1,0.3256,0.3765,0.7021,49.04990000000001,1.1205,35,7,312,118,39,79,48.93376835443038,1.1178,50,13,323,154,110,44,49.10716835443038,1.1218,47,11,314,147,97,50,9.548844,0,ok,logs/seed_496478.log
239617,e04y,4,y,baseline_plus_gheft,DHEFT/NHEFT/GHEFT,IRT-only,0.0,0,0,1,0.327,0.3606,0.6876,47.0318,1.3564,37,8,312,121,47,74,44.02167002398081,1.2696,43,9,336,142,94,48,44.61410123609395,1.2867,38,10,315,143,102,41,10.51528,0,ok,logs/seed_239617.log
473997,e04y,4,y,baseline_plus_gheft,DHEFT/NHEFT/GHEFT,IRT-only,0.0,0,0,1,0.3124,0.3593,0.6717,51.978299999999976,1.3115,34,8,310,106,43,63,47.31096685236769,1.1937,52,11,338,159,111,48,44.52498774373258,1.1234,39,10,314,152,110,42,10.411671,0,ok,logs/seed_473997.log
229225,e04y,4,y,baseline_plus_gheft,DHEFT/NHEFT/GHEFT,IRT-only,0.0,0,0,1,0.3667,0.4966,0.8633,53.265,1.1326,33,8,293,106,42,64,52.38629192399049,1.1139,45,10,322,143,102,41,54.92094636591478,1.1678,39,9,312,149,109,40,9.210515,0,ok,logs/seed_229225.log
254791,e04y,4,y,baseline_plus_gheft,DHEFT/NHEFT/GHEFT,IRT-only,0.0,0,0,1,0.3215,0.4231,0.7446,59.1979,1.6816,34,8,302,118,52,66,48.459554123298645,1.3765,44,10,344,140,96,44,50.07940000000001,1.4225,38,10,331,144,103,41,10.935265,0,ok,logs/seed_254791.log
966201,e04y,4,y,baseline_plus_gheft,DHEFT/NHEFT/GHEFT,IRT-only,0.0,0,0,1,0.3822,0.5426,0.9248,47.310599999999994,1.46,32,6,303,93,36,57,47.06664075546719,1.4525,39,9,308,141,96,45,47.06664075546719,1.4525,34,8,306,134,100,34,8.436102,0,ok,logs/seed_966201.log
533361,e04y,4,y,baseline_plus_gheft,DHEFT/NHEFT/GHEFT,IRT-only,0.0,0,0,1,0.3104,0.3753,0.6857,51.126499999999986,1.2469,37,8,333,110,49,61,54.95894597887895,1.3404,51,10,343,146,95,51,54.95894597887895,1.3404,43,10,323,140,98,42,10.346481,0,ok,logs/seed_533361.log
872306,e04y,4,y,baseline_plus_gheft,DHEFT/NHEFT/GHEFT,IRT-only,0.0,0,0,1,0.3294,0.3059,0.6353,56.77509999999999,1.8788,40,9,295,121,44,77,51.05849854989806,1.6896,49,11,320,151,105,46,51.05849854989806,1.6896,46,11,318,146,97,49,8.418917,0,ok,logs/seed_872306.log
444933,e04y,4,y,baseline_plus_gheft,DHEFT/NHEFT/GHEFT,IRT-only,0.0,0,0,1,0.3468,0.4827,0.8295,53.6824,1.1059,32,8,320,103,37,66,49.68962642967543,1.0236,37,8,323,136,95,41,54.90864766839378,1.1311,33,8,310,129,96,33,8.494037,0,ok,logs/seed_444933.log
456356,e04y,4,y,baseline_plus_gheft,DHEFT/NHEFT/GHEFT,IRT-only,0.0,0,0,1,0.3134,0.4196,0.733,49.3182,1.1859,45,9,320,114,41,73,49.18496183574879,1.1827,44,9,325,150,110,40,48.74856183574879,1.1722,39,9,319,151,106,45,10.142443,0,ok,logs/seed_456356.log
853702,e04y,4,y,baseline_plus_gheft,DHEFT/NHEFT/GHEFT,IRT-only,0.0,0,0,1,0.3498,0.409,0.7588,58.75139999999998,1.613,35,8,315,112,43,69,56.089310297166556,1.5399,54,12,355,178,112,66,46.62531029716655,1.2801,47,11,332,150,106,44,10.318608,0,ok,logs/seed_853702.log
176967,e04y,4,y,baseline_plus_gheft,DHEFT/NHEFT/GHEFT,IRT-only,0.0,0,0,1,0.2961,0.3634,0.6595,52.82449999999999,1.3995,35,8,321,111,43,68,47.863077933177934,1.268,48,10,342,146,96,50,47.863077933177934,1.268,45,10,340,153,104,49,10.832382,0,ok,logs/seed_176967.log
33347,e04y,4,y,baseline_plus_gheft,DHEFT/NHEFT/GHEFT,IRT-only,0.0,0,0,1,0.3102,0.3602,0.6704,54.1039,1.4867,31,8,278,108,46,62,45.88307410881801,1.2608,43,10,316,146,103,43,48.154135021097055,1.3232,39,10,291,134,97,37,8.529487,0,ok,logs/seed_33347.log
411283,e04y,4,y,baseline_plus_gheft,DHEFT/NHEFT/GHEFT,IRT-only,0.0,0,0,1,0.3501,0.4429,0.793,44.5169,1.449,32,7,309,98,45,53,41.6575716981132,1.3559,50,11,342,151,102,49,42.7941809549594,1.3929,41,10,325,136,98,38,9.96649,0,ok,logs/seed_411283.log
81911,e04y,4,y,baseline_plus_gheft,DHEFT/NHEFT/GHEFT,IRT-only,0.0,0,0,1,0.3608,0.415,0.7758,57.6261,1.5808,31,6,302,88,46,42,50.29272942037432,1.3796,50,10,346,170,109,61,50.06905574272589,1.3735,49,11,346,168,104,64,10.033863,0,ok,logs/seed_81911.log
956925,e04y,4,y,baseline_plus_gheft,DHEFT/NHEFT/GHEFT,IRT-only,0.0,0,0,1,0.3059,0.2974,0.6033,57.8658,1.3052,30,8,290,102,40,62,52.68889843382928,1.1885,49,10,325,149,104,45,53.48412608695652,1.2064,44,9,308,139,105,34,9.870057,0,ok,logs/seed_956925.log
362804,e04y,4,y,baseline_plus_gheft,DHEFT/NHEFT/GHEFT,IRT-only,0.0,0,0,1,0.3068,0.3916,0.6984,49.689800000000005,1.5886,35,9,300,124,42,82,43.39160457179653,1.3873,39,9,298,154,105,49,43.91991249999999,1.4041,35,9,296,141,112,29,9.275378,0,ok,logs/seed_362804.log
728140,e04y,4,y,baseline_plus_gheft,DHEFT/NHEFT/GHEFT,IRT-only,0.0,0,0,1,0.3414,0.4612,0.8026,45.013,1.1988,34,8,323,117,56,61,38.922331119544594,1.0366,42,10,335,134,100,34,43.206481065088745,1.1507,37,9,331,133,96,37,9.997282,0,ok,logs/seed_728140.log
554565,e04y,4,y,baseline_plus_gheft,DHEFT/NHEFT/GHEFT,IRT-only,0.0,0,0,1,0.3702,0.4023,0.7725,54.69009999999999,1.3428,37,7,329,121,48,73,44.366888770053485,1.0894,45,10,326,140,111,29,44.366888770053485,1.0894,41,11,326,144,107,37,11.263253,0,ok,logs/seed_554565.log
392733,e04y,4,y,baseline_plus_gheft,DHEFT/NHEFT/GHEFT,IRT-only,0.0,0,0,1,0.3383,0.4098,0.7481,49.08540000000002,1.3687,35,6,309,96,47,49,38.79526631833249,1.0818,52,11,335,137,84,53,45.697960744985664,1.2743,41,9,341,135,87,48,10.389338,0,ok,logs/seed_392733.log
769066,e04y,4,y,baseline_plus_gheft,DHEFT/NHEFT/GHEFT,IRT-only,0.0,0,0,1,0.3445,0.3926,0.7371,50.90540000000001,1.3424,37,10,320,113,58,55,43.245766179927074,1.1404,43,10,331,136,106,30,46.50734050179211,1.2264,41,10,333,142,111,31,11.835342,0,ok,logs/seed_769066.log
925520,e04y,4,y,baseline_plus_gheft,DHEFT/NHEFT/GHEFT,IRT-only,0.0,0,0,1,0.301,0.3931,0.6941,55.189400000000006,1.3674,36,9,326,119,50,69,49.613872185430466,1.2292,43,11,328,145,112,33,52.60579205298014,1.3034,42,11,331,147,111,36,11.002118,0,ok,logs/seed_925520.log
4410,e04y,4,y,baseline_plus_gheft,DHEFT/NHEFT/GHEFT,IRT-only,0.0,0,0,1,0.3406,0.4076,0.7482,49.86830000000001,1.3689,38,7,311,112,35,77,47.593335131820965,1.3065,48,10,311,157,106,51,48.47998710644678,1.3308,42,10,304,153,107,46,9.083631,0,ok,logs/seed_4410.log
729459,e04y,4,y,baseline_plus_gheft,DHEFT/NHEFT/GHEFT,IRT-only,0.0,0,0,1,0.3264,0.3041,0.6305,46.558699999999995,1.1235,35,7,309,119,47,72,46.86364290429043,1.1309,42,9,330,153,110,43,44.561169595782076,1.0753,38,9,318,134,104,30,9.291695,0,ok,logs/seed_729459.log
179329,e04y,4,y,baseline_plus_gheft,DHEFT/NHEFT/GHEFT,IRT-only,0.0,0,0,1,0.333,0.3161,0.6491,50.9311,1.6253,30,8,281,106,44,62,38.6036854961832,1.2319,47,11,309,147,96,51,38.856948927038616,1.24,44,12,325,145,105,40,11.286897,0,ok,logs/seed_179329.log
282114,e04y,4,y,baseline_plus_gheft,DHEFT/NHEFT/GHEFT,IRT-only,0.0,0,0,1,0.3385,0.3079,0.6464,45.074799999999996,1.2531,31,6,301,91,42,49,41.9063,1.165,43,10,316,134,98,36,39.755547556615014,1.1052,44,10,315,117,75,42,8.18518,0,ok,logs/seed_282114.log
583172,e04y,4,y,baseline_plus_gheft,DHEFT/NHEFT/GHEFT,IRT-only,0.0,0,0,1,0.348,0.3596,0.7076,50.44840000000001,1.3232,36,8,323,115,48,67,45.940721250419124,1.205,56,13,355,169,116,53,47.874045985401466,1.2557,42,9,324,139,91,48,11.61274,0,ok,logs/seed_583172.log
534010,e04y,4,y,baseline_plus_gheft,DHEFT/NHEFT/GHEFT,IRT-only,0.0,0,0,1,0.3155,0.417,0.7325,55.308299999999996,1.4748,40,8,341,123,53,70,46.997887860394535,1.2532,54,11,362,179,121,58,50.674639908952955,1.3512,49,12,340,170,116,54,8.830058,0,ok,logs/seed_534010.log
824110,e04y,4,y,baseline_plus_gheft,DHEFT/NHEFT/GHEFT,IRT-only,0.0,0,0,1,0.276,0.3121,0.5881,54.63509999999999,1.4169,31,6,300,101,43,58,46.96671835748792,1.218,42,9,319,151,106,45,48.26263381642511,1.2516,37,8,323,140,103,37,9.67762,0,ok,logs/seed_824110.log
897704,e04y,4,y,baseline_plus_gheft,DHEFT/NHEFT/GHEFT,IRT-only,0.0,0,0,1,0.3101,0.3893,0.6994,58.629799999999996,1.3639,37,9,309,103,43,60,52.65896537911301,1.225,50,11,328,149,94,55,59.11204526412394,1.3751,42,10,320,147,98,49,9.637687,0,ok,logs/seed_897704.log
226589,e04y,4,y,baseline_plus_gheft,DHEFT/NHEFT/GHEFT,IRT-only,0.0,0,0,1,0.3296,0.3779,0.7075,48.5283,1.2122,34,9,304,111,60,51,41.87489479684498,1.046,41,11,306,146,115,31,41.87489479684498,1.046,37,9,305,131,102,29,9.950174,0,ok,logs/seed_226589.log
481886,e04y,4,y,baseline_plus_gheft,DHEFT/NHEFT/GHEFT,IRT-only,0.0,0,0,1,0.3151,0.3851,0.7002,54.536999999999985,1.6933,41,9,295,108,40,68,58.212536507936505,1.8074,53,10,308,135,87,48,58.212536507936505,1.8074,43,9,311,129,99,30,7.765324,0,ok,logs/seed_481886.log
982251,e04y,4,y,baseline_plus_gheft,DHEFT/NHEFT/GHEFT,IRT-only,0.0,0,0,1,0.2846,0.3654,0.65,49.0275,1.1968,34,8,297,94,37,57,46.35313363138622,1.1315,43,9,310,123,87,36,45.588192977043406,1.1128,45,10,291,123,88,35,8.320215,0,ok,logs/seed_982251.log
543181,e04y,4,y,baseline_plus_gheft,DHEFT/NHEFT/GHEFT,IRT-only,0.0,0,0,1,0.3068,0.3447,0.6515,54.26639999999998,1.5981,37,7,296,95,45,50,48.33268969359331,1.4233,49,10,332,150,104,46,49.76804206128134,1.4656,41,10,325,162,108,54,10.809786,0,ok,logs/seed_543181.log
397234,e04y,4,y,baseline_plus_gheft,DHEFT/NHEFT/GHEFT,IRT-only,0.0,0,0,1,0.3178,0.3557,0.6735,55.862399999999994,1.4754,43,11,322,138,47,91,59.01914944649447,1.5587,50,11,337,155,105,50,59.01914944649447,1.5587,48,11,339,152,111,41,11.495225,0,ok,logs/seed_397234.log
973889,e04y,4,y,baseline_plus_gheft,DHEFT/NHEFT/GHEFT,IRT-only,0.0,0,0,1,0.2956,0.3227,0.6183,55.520399999999995,1.2005,38,10,327,117,38,79,56.21277533512065,1.2154,51,10,340,156,103,53,61.32875738142952,1.3261,47,10,343,157,112,45,10.40745,0,ok,logs/seed_973889.log
110682,e04y,4,y,baseline_plus_gheft,DHEFT/NHEFT/GHEFT,IRT-only,0.0,0,0,1,0.3093,0.3658,0.6751,69.60189999999999,1.1509,36,8,294,116,41,75,66.05137074954295,1.0922,46,10,305,147,108,39,66.05137074954295,1.0922,40,10,301,143,110,33,7.943987,0,ok,logs/seed_110682.log
663813,e04y,4,y,baseline_plus_gheft,DHEFT/NHEFT/GHEFT,IRT-only,0.0,0,0,1,0.2955,0.3481,0.6436,64.7038,1.6738,35,6,290,104,45,59,57.13661066282421,1.478,50,10,326,131,94,37,57.13661066282421,1.478,44,10,294,121,91,30,9.368607,0,ok,logs/seed_663813.log
895348,e04y,4,y,baseline_plus_gheft,DHEFT/NHEFT/GHEFT,IRT-only,0.0,0,0,1,0.3003,0.3554,0.6557,59.054399999999994,1.678,35,7,289,110,48,62,52.96160472440944,1.5048,53,11,333,144,91,53,52.70629934640522,1.4976,46,10,318,145,104,41,9.183785,0,ok,logs/seed_895348.log
840905,e04y,4,y,baseline_plus_gheft,DHEFT/NHEFT/GHEFT,IRT-only,0.0,0,0,1,0.3603,0.4118,0.7721,48.4232,1.1431,35,9,299,113,49,64,51.538466693354685,1.2166,39,10,312,138,113,25,48.621610843373496,1.1478,37,10,296,139,103,36,9.265143,0,ok,logs/seed_840905.log
366120,e04y,4,y,baseline_plus_gheft,DHEFT/NHEFT/GHEFT,IRT-only,0.0,0,0,1,0.3383,0.4081,0.7464,59.53159999999999,1.3627,35,8,323,119,44,75,51.73029455894476,1.1841,47,10,314,170,113,57,51.817958441558446,1.1861,39,9,314,154,106,48,9.223223,0,ok,logs/seed_366120.log
873087,e04y,4,y,baseline_plus_gheft,DHEFT/NHEFT/GHEFT,IRT-only,0.0,0,0,1,0.3275,0.2916,0.6191,43.7763,1.1116,34,9,306,114,40,74,42.14432072275551,1.0702,49,13,308,167,116,51,43.35899807692307,1.101,40,12,301,142,111,31,9.011591,0,ok,logs/seed_873087.log
333017,e04y,4,y,baseline_plus_gheft,DHEFT/NHEFT/GHEFT,IRT-only,0.0,0,0,1,0.3257,0.3931,0.7188,52.398199999999996,1.3732,33,5,277,90,38,52,52.910402964959566,1.3867,46,9,306,146,101,45,52.910402964959566,1.3867,41,9,287,133,98,35,8.405995,0,ok,logs/seed_333017.log
479679,e04y,4,y,baseline_plus_gheft,DHEFT/NHEFT/GHEFT,IRT-only,0.0,0,0,1,0.3491,0.3406,0.6897,51.20719999999999,1.6135,35,8,293,117,37,80,43.6484,1.3753,48,12,323,164,93,71,43.811099999999996,1.3805,44,12,320,162,104,58,8.977193,0,ok,logs/seed_479679.log
547920,e04y,4,y,baseline_plus_gheft,DHEFT/NHEFT/GHEFT,IRT-only,0.0,0,0,1,0.3378,0.345,0.6828,53.44659999999999,1.4073,33,7,303,95,39,56,49.66087910447761,1.3076,55,9,332,149,91,58,49.66087910447761,1.3076,46,10,323,134,88,46,8.634241,0,ok,logs/seed_547920.log
397055,e04y,4,y,baseline_plus_gheft,DHEFT/NHEFT/GHEFT,IRT-only,0.0,0,0,1,0.3648,0.4515,0.8163,58.1355,1.5476,35,7,304,117,41,76,60.01862775476387,1.5977,46,10,346,149,106,43,60.01862775476387,1.5977,42,10,339,143,100,43,9.62736,0,ok,logs/seed_397055.log
255407,e04y,4,y,baseline_plus_gheft,DHEFT/NHEFT/GHEFT,IRT-only,0.0,0,0,1,0.3401,0.3858,0.7259,53.188199999999995,1.3138,36,9,322,129,45,84,42.48043658536585,1.0493,48,12,345,182,112,70,49.41593821138212,1.2206,38,10,316,151,107,44,9.720469,0,ok,logs/seed_255407.log
529276,e04y,4,y,baseline_plus_gheft,DHEFT/NHEFT/GHEFT,IRT-only,0.0,0,0,1,0.328,0.4255,0.7535,56.16030000000001,1.5819,36,10,313,115,44,71,50.57103157894738,1.4245,45,9,334,139,94,45,51.297133739342264,1.445,40,9,315,109,82,27,9.413978,0,ok,logs/seed_529276.log
772641,e04y,4,y,baseline_plus_gheft,DHEFT/NHEFT/GHEFT,IRT-only,0.0,0,0,1,0.3354,0.3603,0.6957,47.28640000000001,1.2388,43,10,321,117,36,81,44.034191919191926,1.1536,49,11,337,168,102,66,44.13517414965985,1.1562,46,10,328,160,107,53,9.965575,0,ok,logs/seed_772641.log
452290,e04y,4,y,baseline_plus_gheft,DHEFT/NHEFT/GHEFT,IRT-only,0.0,0,0,1,0.3118,0.3056,0.6174,50.926500000000004,1.4305,34,7,298,104,47,57,48.12779440203561,1.3519,44,10,321,146,96,50,48.589798312236276,1.3649,39,10,321,153,108,45,8.681918,0,ok,logs/seed_452290.log
70730,e04y,4,y,baseline_plus_gheft,DHEFT/NHEFT/GHEFT,IRT-only,0.0,0,0,1,0.3461,0.419,0.7651,49.3461,1.4913,32,8,283,101,47,54,40.87665521105372,1.2353,47,11,332,152,94,58,40.763955113192814,1.2319,38,9,325,153,110,43,9.875208,0,ok,logs/seed_70730.log
29523,e04y,4,y,baseline_plus_gheft,DHEFT/NHEFT/GHEFT,IRT-only,0.0,0,0,1,0.3443,0.4148,0.7591,50.2497,1.5345,36,9,296,135,45,90,45.720423076923076,1.3962,48,11,322,164,109,55,42.95883076923077,1.3119,44,11,323,149,100,49,8.174189,0,ok,logs/seed_29523.log
580005,e04y,4,y,baseline_plus_gheft,DHEFT/NHEFT/GHEFT,IRT-only,0.0,0,0,1,0.332,0.302,0.634,54.93350000000001,1.3368,35,7,319,103,38,65,55.840307569386034,1.3589,56,11,343,150,107,43,52.893149735449725,1.2872,45,10,332,138,105,33,11.906387,0,ok,logs/seed_580005.log
273040,e04y,4,y,baseline_plus_gheft,DHEFT/NHEFT/GHEFT,IRT-only,0.0,0,0,1,0.3503,0.3485,0.6988,48.456100000000006,1.1373,30,6,310,110,53,57,46.5500729428173,1.0926,42,9,314,124,92,32,47.20141346153846,1.1079,39,9,315,149,113,36,8.241197,0,ok,logs/seed_273040.log
333143,e04y,4,y,baseline_plus_gheft,DHEFT/NHEFT/GHEFT,IRT-only,0.0,0,0,1,0.3337,0.414,0.7477,55.2197,1.0854,28,5,286,92,50,42,68.03172580195259,1.3372,38,9,308,143,109,34,68.03172580195259,1.3372,32,9,311,142,115,27,9.19304,0,ok,logs/seed_333143.log
6027,e04y,4,y,baseline_plus_gheft,DHEFT/NHEFT/GHEFT,IRT-only,0.0,0,0,1,0.29,0.2815,0.5715,56.357099999999996,1.2849,36,7,341,132,46,86,52.2467113490364,1.1912,57,12,376,193,125,68,50.27957501635057,1.1463,51,12,347,182,125,57,8.90604,0,ok,logs/seed_6027.log
802904,e04y,4,y,baseline_plus_gheft,DHEFT/NHEFT/GHEFT,IRT-only,0.0,0,0,1,0.3172,0.3196,0.6368,50.65319999999999,1.2218,35,7,322,116,46,70,49.164485781990535,1.1859,52,11,338,165,125,40,51.67858578199051,1.2465,44,10,341,147,111,36,10.692404,0,ok,logs/seed_802904.log
495402,e04y,4,y,baseline_plus_gheft,DHEFT/NHEFT/GHEFT,IRT-only,0.0,0,0,1,0.3141,0.3743,0.6884,54.2247,1.2116,40,9,325,124,42,82,51.058732724505326,1.1408,45,10,332,163,105,58,52.13907731755424,1.165,38,9,320,149,105,44,7.835482,0,ok,logs/seed_495402.log
385502,e04y,4,y,baseline_plus_gheft,DHEFT/NHEFT/GHEFT,IRT-only,0.0,0,0,1,0.4063,0.4699,0.8762,53.0351,1.3991,34,9,312,92,40,52,42.13482826266838,1.1115,46,9,340,147,109,38,41.4839126984127,1.0944,43,9,343,133,101,32,9.577312,0,ok,logs/seed_385502.log
847050,e04y,4,y,baseline_plus_gheft,DHEFT/NHEFT/GHEFT,IRT-only,0.0,0,0,1,0.3056,0.3875,0.6931,54.2068,1.4028,36,8,294,108,41,67,53.221574999999994,1.3774,49,9,327,148,99,49,53.221574999999994,1.3774,41,9,312,131,104,27,6.869055,0,ok,logs/seed_847050.log
386832,e04y,4,y,baseline_plus_gheft,DHEFT/NHEFT/GHEFT,IRT-only,0.0,0,0,1,0.3165,0.4529,0.7694,47.1981,1.3306,35,9,305,110,49,61,44.3357055062167,1.2499,47,10,320,151,109,42,50.36535750500333,1.4199,39,10,284,134,98,36,9.26197,0,ok,logs/seed_386832.log
325099,e04y,4,y,baseline_plus_gheft,DHEFT/NHEFT/GHEFT,IRT-only,0.0,0,0,1,0.352,0.3927,0.7447,54.1156,1.1662,38,8,306,114,46,68,49.17502222222222,1.0597,45,9,335,166,126,40,48.95929120234604,1.0551,39,9,325,146,110,36,7.155572,0,ok,logs/seed_325099.log
23707,e04y,4,y,baseline_plus_gheft,DHEFT/NHEFT/GHEFT,IRT-only,0.0,0,0,1,0.2971,0.4454,0.7425,64.9435,1.739,34,8,304,104,33,71,56.67907995735607,1.5177,55,12,352,144,92,52,68.19385705568268,1.8261,39,8,329,136,99,37,6.670188,0,ok,logs/seed_23707.log
