seed,scenario,bucket_index,composition,variant,variant_display_label,gheft_gate,gheft_tolerance,gheft_comp_gate,gheft_drt_gate,gheft_irt_gate,ccr_data,idr_image,nccr_total,dheft_makespan,dheft_slr,dheft_vcpus,dheft_hosts,dheft_instances,dheft_image_dl_total,dheft_image_from_repo,dheft_image_from_host,nheft_makespan,nheft_slr,nheft_vcpus,nheft_hosts,nheft_instances,nheft_image_dl_total,nheft_image_from_repo,nheft_image_from_host,gheft_makespan,gheft_slr,gheft_vcpus,gheft_hosts,gheft_instances,gheft_image_dl_total,gheft_image_from_repo,gheft_image_from_host,time_sec,return_code,status,log_file
741896,e04y,4,y,baseline_plus_gheft,DHEFT/NHEFT/GHEFT,IRT-only,0.0,0,0,1,0.341,0.3675,0.7085,58.75500000000002,1.804,40,9,291,110,42,68,50.75982032520325,1.5585,57,12,329,176,110,66,51.130412195121956,1.5699,44,12,318,180,121,59,19.2537,0,ok,logs/seed_741896.log
430515,e04y,4,y,baseline_plus_gheft,DHEFT/NHEFT/GHEFT,IRT-only,0.0,0,0,1,0.3259,0.389,0.7149,53.8694,1.3319,44,10,307,122,53,69,46.47618817948719,1.1491,54,11,333,158,114,44,45.244135897435896,1.1187,45,9,327,139,106,33,21.781294,0,ok,logs/seed_430515.log
888075,e04y,4,y,baseline_plus_gheft,DHEFT/NHEFT/GHEFT,IRT-only,0.0,0,0,1,0.3248,0.3396,0.6644,56.5304,1.4525,57,12,327,171,53,118,54.400205420430865,1.3977,65,15,365,228,152,76,54.400205420430865,1.3977,47,12,340,179,134,45,23.223935,0,ok,logs/seed_888075.log
914983,e04y,4,y,baseline_plus_gheft,DHEFT/NHEFT/GHEFT,IRT-only,0.0,0,0,1,0.3695,0.4432,0.8127,53.25709999999999,1.4911,37,11,279,110,40,70,39.90018387096775,1.1171,56,13,321,156,97,59,52.039880220779224,1.457,46,10,313,164,104,60,19.06198,0,ok,logs/seed_914983.log
997971,e04y,4,y,baseline_plus_gheft,DHEFT/NHEFT/GHEFT,IRT-only,0.0,0,0,1,0.3278,0.3246,0.6524,55.0318,1.8542,52,11,301,140,45,95,47.174271099597,1.5895,56,13,348,166,113,53,46.77742235866437,1.5761,50,12,330,163,120,43,22.514262,0,ok,logs/seed_997971.log
747642,e04y,4,y,baseline_plus_gheft,DHEFT/NHEFT/GHEFT,IRT-only,0.0,0,0,1,0.2884,0.3008,0.5892,52.970600000000005,1.1977,45,10,320,133,46,87,53.38283009708738,1.207,62,15,335,194,118,76,51.88774508899144,1.1732,49,13,314,189,120,69,23.443406,0,ok,logs/seed_747642.log
664527,e04y,4,y,baseline_plus_gheft,DHEFT/NHEFT/GHEFT,IRT-only,0.0,0,0,1,0.3221,0.4423,0.7644,55.7727,1.355,59,12,331,153,48,105,50.70690230179029,1.232,58,11,335,168,120,48,56.93898654970761,1.3834,46,10,325,163,117,46,28.818298,0,ok,logs/seed_664527.log
760044,e04y,4,y,baseline_plus_gheft,DHEFT/NHEFT/GHEFT,IRT-only,0.0,0,0,1,0.2829,0.3149,0.5978,61.527600000000014,1.1668,44,9,302,114,37,77,55.03544402420575,1.0437,61,14,330,165,96,69,60.08193256150508,1.1394,48,11,317,166,108,58,22.654537,0,ok,logs/seed_760044.log
215549,e04y,4,y,baseline_plus_gheft,DHEFT/NHEFT/GHEFT,IRT-only,0.0,0,0,1,0.319,0.3985,0.7175,51.0225,1.4439,45,9,317,126,51,75,56.15389481216458,1.5891,45,11,325,152,119,33,56.15389481216458,1.5891,44,11,325,155,115,40,24.580224,0,ok,logs/seed_215549.log
370191,e04y,4,y,baseline_plus_gheft,DHEFT/NHEFT/GHEFT,IRT-only,0.0,0,0,1,0.3044,0.3791,0.6835,58.1812,1.6429,43,10,278,112,38,74,48.42238285106381,1.3673,51,12,331,129,87,42,48.222938785588745,1.3617,46,10,323,127,93,34,24.508537,0,ok,logs/seed_370191.log
296947,e04y,4,y,baseline_plus_gheft,DHEFT/NHEFT/GHEFT,IRT-only,0.0,0,0,1,0.283,0.3949,0.6779,70.27580000000002,1.5358,49,11,308,144,42,102,52.27738321678321,1.1424,65,14,340,186,108,78,61.0092,1.3333,60,13,340,174,105,69,20.632484,0,ok,logs/seed_296947.log
963598,e04y,4,y,baseline_plus_gheft,DHEFT/NHEFT/GHEFT,IRT-only,0.0,0,0,1,0.3344,0.3924,0.7268,50.5387,1.3077,46,11,325,140,41,99,44.714248459383754,1.157,64,14,340,181,118,63,47.479034739617674,1.2286,50,12,325,165,115,50,20.954531,0,ok,logs/seed_963598.log
388451,e04y,4,y,baseline_plus_gheft,DHEFT/NHEFT/GHEFT,IRT-only,0.0,0,0,1,0.3136,0.3682,0.6818,57.4721,1.5263,45,9,317,136,44,92,49.41715911518323,1.3124,57,11,329,171,102,69,48.68855911518324,1.2931,51,11,332,166,104,62,19.323531,0,ok,logs/seed_388451.log
602873,e04y,4,y,baseline_plus_gheft,DHEFT/NHEFT/GHEFT,IRT-only,0.0,0,0,1,0.2963,0.3394,0.6357,68.90769999999998,1.3966,49,12,296,134,46,88,60.35849936467598,1.2233,62,13,344,177,114,63,64.83997291867853,1.3142,40,10,302,154,111,43,22.713629,0,ok,logs/seed_602873.log
122745,e04y,4,y,baseline_plus_gheft,DHEFT/NHEFT/GHEFT,IRT-only,0.0,0,0,1,0.3181,0.3261,0.6442,52.426700000000004,1.5112,48,9,324,113,43,70,45.049859451538644,1.2986,66,11,352,162,90,72,46.7042865497076,1.3463,52,11,328,143,100,43,22.421483,0,ok,logs/seed_122745.log
484762,e04y,4,y,baseline_plus_gheft,DHEFT/NHEFT/GHEFT,IRT-only,0.0,0,0,1,0.3238,0.4167,0.7405,51.6103,1.467,48,9,309,130,50,80,51.12317046467219,1.4532,48,10,324,167,127,40,51.21771604095564,1.4558,45,10,320,150,107,43,22.664616,0,ok,logs/seed_484762.log
514215,e04y,4,y,baseline_plus_gheft,DHEFT/NHEFT/GHEFT,IRT-only,0.0,0,0,1,0.3441,0.3492,0.6933,53.512499999999996,1.3564,49,12,301,145,44,101,44.1677686502177,1.1196,65,14,334,179,100,79,48.95237801608581,1.2408,52,14,312,164,104,60,18.648134,0,ok,logs/seed_514215.log
601161,e04y,4,y,baseline_plus_gheft,DHEFT/NHEFT/GHEFT,IRT-only,0.0,0,0,1,0.2798,0.3329,0.6127,61.23219999999999,1.365,49,12,317,144,40,104,56.993653271028045,1.2705,55,12,334,175,112,63,62.69388082345524,1.3976,52,13,314,186,122,64,19.147975,0,ok,logs/seed_601161.log
78435,e04y,4,y,baseline_plus_gheft,DHEFT/NHEFT/GHEFT,IRT-only,0.0,0,0,1,0.2926,0.3186,0.6112,57.48459999999999,1.3116,46,13,304,143,41,102,49.76487559409121,1.1355,51,12,331,171,119,52,54.44765997425998,1.2423,55,14,322,188,134,54,17.729632,0,ok,logs/seed_78435.log
480957,e04y,4,y,baseline_plus_gheft,DHEFT/NHEFT/GHEFT,IRT-only,0.0,0,0,1,0.3265,0.3371,0.6636,45.482200000000006,1.2942,41,10,291,128,48,80,41.890657746478865,1.192,53,12,322,163,111,52,42.39639898657718,1.2064,45,12,308,148,102,46,19.219728,0,ok,logs/seed_480957.log
113260,e04y,4,y,baseline_plus_gheft,DHEFT/NHEFT/GHEFT,IRT-only,0.0,0,0,1,0.3562,0.4162,0.7724,62.8273,1.3734,46,12,316,138,46,92,52.15552183908045,1.1402,57,13,345,188,118,70,84.26380677583286,1.8421,54,13,353,205,134,71,24.725548,0,ok,logs/seed_113260.log
846854,e04y,4,y,baseline_plus_gheft,DHEFT/NHEFT/GHEFT,IRT-only,0.0,0,0,1,0.306,0.3668,0.6728,49.6882,1.4387,38,9,255,98,35,63,45.32600042196531,1.3124,51,11,288,135,98,37,43.4456730586371,1.2579,45,11,278,127,90,37,17.095944,0,ok,logs/seed_846854.log
422970,e04y,4,y,baseline_plus_gheft,DHEFT/NHEFT/GHEFT,IRT-only,0.0,0,0,1,0.3075,0.4167,0.7242,56.074699999999986,1.4395,54,12,307,145,36,109,56.89568558103326,1.4606,55,12,303,165,113,52,56.756363589403975,1.457,48,11,298,153,118,35,19.905236,0,ok,logs/seed_422970.log
762973,e04y,4,y,baseline_plus_gheft,DHEFT/NHEFT/GHEFT,IRT-only,0.0,0,0,1,0.3604,0.3194,0.6798,46.58440000000001,1.1316,37,7,306,105,42,63,48.646336889897846,1.1817,53,12,335,163,109,54,58.79252077764278,1.4282,41,10,312,147,108,39,15.892556,0,ok,logs/seed_762973.log
303068,e04y,4,y,baseline_plus_gheft,DHEFT/NHEFT/GHEFT,IRT-only,0.0,0,0,1,0.3715,0.4858,0.8573,55.72409999999999,1.577,40,10,292,108,53,55,48.05348571428571,1.36,57,13,346,177,117,60,47.173371178739416,1.3351,51,12,344,175,125,50,22.106121,0,ok,logs/seed_303068.log
701483,e04y,4,y,baseline_plus_gheft,DHEFT/NHEFT/GHEFT,IRT-only,0.0,0,0,1,0.3843,0.4526,0.8369,54.14819999999998,1.7436,33,9,292,108,56,52,47.066842324246764,1.5156,50,13,313,163,98,65,51.918775540641306,1.6718,48,11,318,171,105,66,15.43772,0,ok,logs/seed_701483.log
193272,e04y,4,y,baseline_plus_gheft,DHEFT/NHEFT/GHEFT,IRT-only,0.0,0,0,1,0.3264,0.4283,0.7547,59.63480000000001,1.3201,55,15,331,152,37,115,55.68201590909092,1.2326,62,12,345,175,108,67,61.98321268882175,1.3721,49,11,329,164,119,45,22.335292,0,ok,logs/seed_193272.log
609026,e04y,4,y,baseline_plus_gheft,DHEFT/NHEFT/GHEFT,IRT-only,0.0,0,0,1,0.302,0.3538,0.6558,54.27760000000001,1.4926,50,10,340,136,39,97,47.66458644935806,1.3108,53,12,335,164,137,27,50.836258728098656,1.398,48,11,328,156,114,42,25.398296,0,ok,logs/seed_609026.log
385324,e04y,4,y,baseline_plus_gheft,DHEFT/NHEFT/GHEFT,IRT-only,0.0,0,0,1,0.3437,0.4515,0.7952,47.5158,1.4592,34,9,312,86,45,41,43.31075271317829,1.3301,47,11,321,148,115,33,42.685270234830526,1.3109,45,11,327,147,115,32,19.592481,0,ok,logs/seed_385324.log
586699,e04y,4,y,baseline_plus_gheft,DHEFT/NHEFT/GHEFT,IRT-only,0.0,0,0,1,0.3147,0.3978,0.7125,57.7875,1.4829,42,9,281,119,46,73,50.05179186228482,1.2844,50,11,306,143,112,31,51.91659282785602,1.3322,46,11,306,155,106,49,17.986624,0,ok,logs/seed_586699.log
127154,e04y,4,y,baseline_plus_gheft,DHEFT/NHEFT/GHEFT,IRT-only,0.0,0,0,1,0.3664,0.4312,0.7976,58.75350000000001,2.1019,54,12,306,144,47,97,47.186430700179535,1.6881,62,12,368,191,114,77,43.30105627488856,1.5491,61,12,367,194,113,81,16.832428,0,ok,logs/seed_127154.log
140763,e04y,4,y,baseline_plus_gheft,DHEFT/NHEFT/GHEFT,IRT-only,0.0,0,0,1,0.3143,0.361,0.6753,53.83440000000001,1.4051,39,9,295,124,51,73,45.422706778087274,1.1856,50,11,345,167,112,55,47.985793353941276,1.2525,43,10,327,150,110,40,18.940017,0,ok,logs/seed_140763.log
162375,e04y,4,y,baseline_plus_gheft,DHEFT/NHEFT/GHEFT,IRT-only,0.0,0,0,1,0.3552,0.4463,0.8015,53.1198,1.3137,44,10,291,114,40,74,44.202004875969,1.0931,57,10,315,145,94,51,46.63745574912892,1.1534,42,10,292,133,97,36,18.606907,0,ok,logs/seed_162375.log
320372,e04y,4,y,baseline_plus_gheft,DHEFT/NHEFT/GHEFT,IRT-only,0.0,0,0,1,0.3607,0.5012,0.8619,52.7693,1.3973,48,11,320,132,42,90,53.86796499032882,1.4264,58,12,348,182,114,68,53.96184173383254,1.4288,51,10,333,160,114,46,16.997409,0,ok,logs/seed_320372.log
911752,e04y,4,y,baseline_plus_gheft,DHEFT/NHEFT/GHEFT,IRT-only,0.0,0,0,1,0.3783,0.4041,0.7824,53.014399999999995,1.3366,40,9,303,103,52,51,50.656468850072784,1.2771,45,11,330,141,106,35,50.656468850072784,1.2771,51,12,324,148,103,45,22.942219,0,ok,logs/seed_911752.log
185527,e04y,4,y,baseline_plus_gheft,DHEFT/NHEFT/GHEFT,IRT-only,0.0,0,0,1,0.3361,0.3598,0.6959,61.526199999999996,1.2664,50,13,305,159,44,115,60.49676629213483,1.2453,53,11,343,179,120,59,60.67653779904307,1.249,46,9,319,166,117,49,20.526734,0,ok,logs/seed_185527.log
766339,e04y,4,y,baseline_plus_gheft,DHEFT/NHEFT/GHEFT,IRT-only,0.0,0,0,1,0.3586,0.4043,0.7629,61.86879999999999,1.6086,39,9,288,132,39,93,62.871003845927376,1.6346,48,11,302,138,84,54,63.116870166830225,1.641,39,9,310,142,89,53,18.566039,0,ok,logs/seed_766339.log
911829,e04y,4,y,baseline_plus_gheft,DHEFT/NHEFT/GHEFT,IRT-only,0.0,0,0,1,0.3239,0.3701,0.694,60.7677,1.2024,41,12,300,107,36,71,52.8851341894061,1.0464,59,12,331,138,84,54,52.8851341894061,1.0464,53,10,328,140,95,45,23.372185,0,ok,logs/seed_911829.log
184906,e04y,4,y,baseline_plus_gheft,DHEFT/NHEFT/GHEFT,IRT-only,0.0,0,0,1,0.3456,0.4033,0.7489,51.28290000000001,1.1962,44,9,280,118,39,79,44.84012687747037,1.0459,57,13,311,155,97,58,47.11396454610436,1.0989,49,12,298,143,99,44,17.095679,0,ok,logs/seed_184906.log
189090,e04y,4,y,baseline_plus_gheft,DHEFT/NHEFT/GHEFT,IRT-only,0.0,0,0,1,0.3448,0.3256,0.6704,48.67249999999999,1.3694,39,11,296,113,42,71,41.204747341614905,1.1593,51,12,325,141,93,48,38.708103379092535,1.089,43,10,318,135,94,41,18.221816,0,ok,logs/seed_189090.log
355619,e04y,4,y,baseline_plus_gheft,DHEFT/NHEFT/GHEFT,IRT-only,0.0,0,0,1,0.2862,0.3651,0.6513,67.4484,1.4632,52,14,293,159,42,117,56.137683322559795,1.2179,71,15,358,215,142,73,72.51068948290973,1.5731,54,13,337,181,129,52,20.405492,0,ok,logs/seed_355619.log
440123,e04y,4,y,baseline_plus_gheft,DHEFT/NHEFT/GHEFT,IRT-only,0.0,0,0,1,0.304,0.3995,0.7035,66.3567,1.4335,47,12,316,140,41,99,50.712181923873196,1.0955,55,14,349,197,123,74,61.20162745490983,1.3221,53,14,345,200,125,75,21.046499,0,ok,logs/seed_440123.log
65843,e04y,4,y,baseline_plus_gheft,DHEFT/NHEFT/GHEFT,IRT-only,0.0,0,0,1,0.3475,0.3399,0.6874,50.0463,1.4105,45,8,281,109,40,69,43.116297297297294,1.2152,55,10,313,156,103,53,39.5957972972973,1.116,46,9,299,126,90,36,14.245506,0,ok,logs/seed_65843.log
356002,e04y,4,y,baseline_plus_gheft,DHEFT/NHEFT/GHEFT,IRT-only,0.0,0,0,1,0.3613,0.3594,0.7207,51.93539999999999,1.374,49,12,307,145,49,96,45.56717939721255,1.2055,57,12,334,166,122,44,45.142646794952675,1.1943,45,12,306,163,124,39,19.595068,0,ok,logs/seed_356002.log
546160,e04y,4,y,baseline_plus_gheft,DHEFT/NHEFT/GHEFT,IRT-only,0.0,0,0,1,0.3473,0.3687,0.716,57.6482,1.0278,45,11,296,124,51,73,56.678794371482155,1.0105,44,11,329,174,118,56,63.62799437148218,1.1344,41,11,323,167,117,50,18.866235,0,ok,logs/seed_546160.log
466702,e04y,4,y,baseline_plus_gheft,DHEFT/NHEFT/GHEFT,IRT-only,0.0,0,0,1,0.2764,0.2705,0.5469,52.5236,1.473,42,10,321,150,34,116,47.862379204229754,1.3423,55,12,329,173,106,67,49.82088413253012,1.3972,47,10,330,161,103,58,23.58675,0,ok,logs/seed_466702.log
108594,e04y,4,y,baseline_plus_gheft,DHEFT/NHEFT/GHEFT,IRT-only,0.0,0,0,1,0.3059,0.3483,0.6542,50.13250000000002,1.4526,44,11,304,133,40,93,46.48266666666666,1.3468,57,14,343,180,110,70,45.394499999999994,1.3153,49,13,324,164,108,56,22.175575,0,ok,logs/seed_108594.log
302326,e04y,4,y,baseline_plus_gheft,DHEFT/NHEFT/GHEFT,IRT-only,0.0,0,0,1,0.3477,0.3797,0.7274,55.7316,1.3763,44,10,299,133,40,93,42.08004394484762,1.0392,51,13,334,170,101,69,44.69634294484761,1.1038,45,10,331,156,100,56,19.963646,0,ok,logs/seed_302326.log
830943,e04y,4,y,baseline_plus_gheft,DHEFT/NHEFT/GHEFT,IRT-only,0.0,0,0,1,0.3523,0.3504,0.7027,50.6978,1.4412,44,9,273,102,40,62,44.04135714018692,1.252,54,11,317,126,77,49,39.59767015887851,1.1256,50,9,310,120,73,47,16.255482,0,ok,logs/seed_830943.log
774892,e04y,4,y,baseline_plus_gheft,DHEFT/NHEFT/GHEFT,IRT-only,0.0,0,0,1,0.3183,0.3157,0.634,56.275099999999995,1.3987,51,11,326,133,41,92,51.068316942028986,1.2693,63,14,353,176,119,57,47.174283464566926,1.1725,54,12,353,170,117,53,22.1392,0,ok,logs/seed_774892.log
317399,e04y,4,y,baseline_plus_gheft,DHEFT/NHEFT/GHEFT,IRT-only,0.0,0,0,1,0.3451,0.3601,0.7052,51.2247,1.4261,43,10,311,136,59,77,43.89113623188407,1.222,52,13,335,186,120,66,42.44198584848486,1.1816,53,12,343,170,108,62,19.965966,0,ok,logs/seed_317399.log
179499,e04y,4,y,baseline_plus_gheft,DHEFT/NHEFT/GHEFT,IRT-only,0.0,0,0,1,0.3346,0.3529,0.6875,58.26220000000001,1.4719,42,11,296,136,38,98,55.61908211382114,1.4051,55,14,345,170,114,56,55.61908211382114,1.4051,45,12,324,173,122,51,18.627979,0,ok,logs/seed_179499.log
551935,e04y,4,y,baseline_plus_gheft,DHEFT/NHEFT/GHEFT,IRT-only,0.0,0,0,1,0.3643,0.4229,0.7872,53.4201,1.055,40,8,311,94,42,52,54.03268228228229,1.0671,50,10,339,154,109,45,61.00008228228228,1.2047,45,9,312,138,102,36,22.817911,0,ok,logs/seed_551935.log
751687,e04y,4,y,baseline_plus_gheft,DHEFT/NHEFT/GHEFT,IRT-only,0.0,0,0,1,0.3114,0.2858,0.5972,56.3047,1.606,41,9,281,140,47,93,45.579501,1.3001,56,12,314,173,110,63,52.28608115461181,1.4914,44,11,308,157,112,45,18.129422,0,ok,logs/seed_751687.log
531148,e04y,4,y,baseline_plus_gheft,DHEFT/NHEFT/GHEFT,IRT-only,0.0,0,0,1,0.3188,0.337,0.6558,61.47150000000001,1.325,51,15,350,151,47,104,58.50429558823529,1.2611,68,15,372,204,138,66,58.50429558823529,1.2611,53,12,340,156,117,39,23.898478,0,ok,logs/seed_531148.log
594138,e04y,4,y,baseline_plus_gheft,DHEFT/NHEFT/GHEFT,IRT-only,0.0,0,0,1,0.3625,0.4017,0.7642,46.68189999999999,1.3563,47,10,296,129,43,86,45.32035114854517,1.3167,60,13,326,165,102,63,45.32035114854517,1.3167,51,12,310,160,101,59,16.57929,0,ok,logs/seed_594138.log
702028,e04y,4,y,baseline_plus_gheft,DHEFT/NHEFT/GHEFT,IRT-only,0.0,0,0,1,0.3505,0.367,0.7175,58.68659999999999,1.5112,46,12,312,147,52,95,50.51821079046424,1.3009,59,14,340,192,133,59,46.65301079046424,1.2014,46,12,322,164,122,42,19.496737,0,ok,logs/seed_702028.log
492022,e04y,4,y,baseline_plus_gheft,DHEFT/NHEFT/GHEFT,IRT-only,0.0,0,0,1,0.3083,0.333,0.6413,60.53039999999999,1.5864,51,12,317,158,45,113,44.48040734351145,1.1658,72,15,357,192,108,84,45.62627003914591,1.1958,64,14,339,186,117,69,18.907479,0,ok,logs/seed_492022.log
231332,e04y,4,y,baseline_plus_gheft,DHEFT/NHEFT/GHEFT,IRT-only,0.0,0,0,1,0.3426,0.3738,0.7164,51.73949999999999,1.4671,43,9,307,114,46,68,41.84624101382489,1.1865,60,11,351,157,99,58,41.436622222222226,1.1749,58,12,349,167,108,59,22.156937,0,ok,logs/seed_231332.log
147537,e04y,4,y,baseline_plus_gheft,DHEFT/NHEFT/GHEFT,IRT-only,0.0,0,0,1,0.3597,0.3977,0.7574,60.065200000000004,1.3163,44,9,314,132,42,90,50.73648604651162,1.1118,66,13,341,171,108,63,51.798467367712995,1.1351,48,11,331,166,122,44,21.759943,0,ok,logs/seed_147537.log
109654,e04y,4,y,baseline_plus_gheft,DHEFT/NHEFT/GHEFT,IRT-only,0.0,0,0,1,0.3077,0.397,0.7047,59.917399999999994,1.4674,44,12,305,133,53,80,46.23425322720466,1.1323,55,12,333,163,115,48,54.3051244734931,1.33,56,13,326,179,130,49,22.599967,0,ok,logs/seed_109654.log
357820,e04y,4,y,baseline_plus_gheft,DHEFT/NHEFT/GHEFT,IRT-only,0.0,0,0,1,0.2827,0.3544,0.6371,48.3111,1.6546,40,10,294,117,45,72,38.36232681564246,1.3138,53,12,343,153,118,35,38.89899739325131,1.3322,45,10,328,150,103,47,18.866811,0,ok,logs/seed_357820.log
813854,e04y,4,y,baseline_plus_gheft,DHEFT/NHEFT/GHEFT,IRT-only,0.0,0,0,1,0.3236,0.3573,0.6809,55.428999999999995,1.279,40,11,284,119,46,73,46.863226,1.0814,56,13,332,162,107,55,50.56025804111246,1.1667,50,11,332,165,105,60,21.416687,0,ok,logs/seed_813854.log
840701,e04y,4,y,baseline_plus_gheft,DHEFT/NHEFT/GHEFT,IRT-only,0.0,0,0,1,0.3151,0.3926,0.7077,59.0615,1.3571,46,11,327,126,51,75,51.867526437572934,1.1918,58,13,362,164,107,57,52.49271830065359,1.2061,49,11,336,139,108,31,24.224142,0,ok,logs/seed_840701.log
528112,e04y,4,y,baseline_plus_gheft,DHEFT/NHEFT/GHEFT,IRT-only,0.0,0,0,1,0.3638,0.404,0.7678,49.9676,1.1914,47,11,305,138,48,90,45.35568490288143,1.0814,55,11,329,149,104,45,44.314802820685024,1.0566,50,12,318,168,134,34,17.52897,0,ok,logs/seed_528112.log
610245,e04y,4,y,baseline_plus_gheft,DHEFT/NHEFT/GHEFT,IRT-only,0.0,0,0,1,0.3553,0.4102,0.7655,54.74709999999999,1.4966,45,11,300,131,41,90,41.52085714285714,1.1351,54,12,320,154,98,56,45.497889743589745,1.2438,42,12,320,151,109,42,19.064128,0,ok,logs/seed_610245.log
540631,e04y,4,y,baseline_plus_gheft,DHEFT/NHEFT/GHEFT,IRT-only,0.0,0,0,1,0.3322,0.3313,0.6635,56.905999999999985,1.6433,41,9,314,134,44,90,43.413130656934314,1.2536,55,12,344,164,98,66,51.181365940054505,1.478,43,9,338,160,105,55,21.21839,0,ok,logs/seed_540631.log
670354,e04y,4,y,baseline_plus_gheft,DHEFT/NHEFT/GHEFT,IRT-only,0.0,0,0,1,0.3358,0.368,0.7038,60.54069999999999,1.5094,54,10,322,144,46,98,50.291330979133214,1.2539,60,13,337,178,108,70,51.609030979133216,1.2868,48,11,331,161,111,50,16.839157,0,ok,logs/seed_670354.log
416284,e04y,4,y,baseline_plus_gheft,DHEFT/NHEFT/GHEFT,IRT-only,0.0,0,0,1,0.343,0.4113,0.7543,63.0513,1.8436,48,12,270,129,52,77,53.42149840810419,1.562,60,14,343,192,125,67,61.00436538750941,1.7837,47,11,325,169,132,37,17.311382,0,ok,logs/seed_416284.log
853922,e04y,4,y,baseline_plus_gheft,DHEFT/NHEFT/GHEFT,IRT-only,0.0,0,0,1,0.3547,0.4834,0.8381,48.27149999999999,1.1619,40,8,311,111,45,66,47.95990917236255,1.1544,58,12,324,173,109,64,42.539276239207354,1.0239,46,10,321,148,111,37,16.45083,0,ok,logs/seed_853922.log
703771,e04y,4,y,baseline_plus_gheft,DHEFT/NHEFT/GHEFT,IRT-only,0.0,0,0,1,0.3467,0.4497,0.7964,51.12630000000001,1.3988,37,9,272,118,45,73,43.68102960288807,1.1951,48,10,306,152,102,50,42.17380969314079,1.1539,43,10,297,152,105,47,18.161377,0,ok,logs/seed_703771.log
131782,e04y,4,y,baseline_plus_gheft,DHEFT/NHEFT/GHEFT,IRT-only,0.0,0,0,1,0.3408,0.389,0.7298,47.436600000000006,1.4882,50,10,304,134,41,93,44.294308660892746,1.3896,56,10,331,153,100,53,40.796644942323304,1.2799,50,10,307,135,93,42,18.626195,0,ok,logs/seed_131782.log
793335,e04y,4,y,baseline_plus_gheft,DHEFT/NHEFT/GHEFT,IRT-only,0.0,0,0,1,0.3472,0.4433,0.7905,54.5091,1.5458,44,11,276,128,42,86,49.16935302013423,1.3943,57,13,303,164,100,64,48.14103755795981,1.3652,45,11,291,145,100,45,18.97411,0,ok,logs/seed_793335.log
829835,e04y,4,y,baseline_plus_gheft,DHEFT/NHEFT/GHEFT,IRT-only,0.0,0,0,1,0.2962,0.3229,0.6191,52.5982,1.4654,39,9,294,129,45,84,46.77718145875938,1.3032,57,14,309,160,119,41,52.65437025572005,1.4669,53,12,312,160,117,43,23.551655,0,ok,logs/seed_829835.log
517538,e04y,4,y,baseline_plus_gheft,DHEFT/NHEFT/GHEFT,IRT-only,0.0,0,0,1,0.3537,0.3569,0.7106,48.03609999999999,1.2005,41,8,319,110,44,66,46.64028250825081,1.1656,64,13,352,169,110,59,43.54039611764706,1.0881,60,13,334,163,117,46,22.131746,0,ok,logs/seed_517538.log
432977,e04y,4,y,baseline_plus_gheft,DHEFT/NHEFT/GHEFT,IRT-only,0.0,0,0,1,0.3363,0.3653,0.7016,57.73969999999999,1.2855,47,12,322,127,42,85,48.48613558124599,1.0795,60,13,355,189,125,64,48.66708439531859,1.0835,50,11,344,180,123,57,22.067322,0,ok,logs/seed_432977.log
202788,e04y,4,y,baseline_plus_gheft,DHEFT/NHEFT/GHEFT,IRT-only,0.0,0,0,1,0.3467,0.3717,0.7184,50.46960000000001,1.287,46,10,309,123,39,84,47.61745126833631,1.2143,50,11,319,153,91,62,43.040982379349046,1.0976,42,10,313,138,88,50,21.401769,0,ok,logs/seed_202788.log
455331,e04y,4,y,baseline_plus_gheft,DHEFT/NHEFT/GHEFT,IRT-only,0.0,0,0,1,0.355,0.3654,0.7204,56.90669999999999,1.4878,45,10,320,150,47,103,49.18139464763604,1.2858,46,12,331,181,126,55,49.18139464763604,1.2858,46,11,330,185,129,56,17.215008,0,ok,logs/seed_455331.log
795054,e04y,4,y,baseline_plus_gheft,DHEFT/NHEFT/GHEFT,IRT-only,0.0,0,0,1,0.3535,0.3746,0.7281,58.63209999999998,1.7927,45,12,271,122,43,79,40.188084633863966,1.2287,43,11,300,135,79,56,42.77513067720632,1.3078,44,11,304,150,99,51,15.62265,0,ok,logs/seed_795054.log
612732,e04y,4,y,baseline_plus_gheft,DHEFT/NHEFT/GHEFT,IRT-only,0.0,0,0,1,0.341,0.3232,0.6642,45.91780000000001,1.4545,49,11,313,133,45,88,40.10917820069204,1.2705,60,13,321,158,107,51,42.0633,1.3324,54,12,320,155,109,46,18.45604,0,ok,logs/seed_612732.log
753523,e04y,4,y,baseline_plus_gheft,DHEFT/NHEFT/GHEFT,IRT-only,0.0,0,0,1,0.3211,0.3801,0.7012,60.32469999999999,1.5439,48,12,292,143,44,99,54.95184574898786,1.4064,56,12,317,153,113,40,54.95184574898786,1.4064,52,10,312,147,105,42,17.36864,0,ok,logs/seed_753523.log
239744,e04y,4,y,baseline_plus_gheft,DHEFT/NHEFT/GHEFT,IRT-only,0.0,0,0,1,0.3319,0.3949,0.7268,54.1048,1.2571,43,10,295,124,53,71,49.75142361020275,1.1559,47,11,338,152,109,43,60.099823185154314,1.3964,45,10,319,157,116,41,19.505267,0,ok,logs/seed_239744.log
838648,e04y,4,y,baseline_plus_gheft,DHEFT/NHEFT/GHEFT,IRT-only,0.0,0,0,1,0.3493,0.3728,0.7221,49.7519,1.1843,42,9,311,123,44,79,43.82496728398215,1.0432,53,11,331,168,117,51,46.61329230769229,1.1096,51,12,319,161,115,46,18.073284,0,ok,logs/seed_838648.log
115403,e04y,4,y,baseline_plus_gheft,DHEFT/NHEFT/GHEFT,IRT-only,0.0,0,0,1,0.2957,0.31,0.6057,57.282799999999995,1.3569,43,11,314,116,38,78,46.647921652623296,1.105,51,11,324,139,88,51,48.07112269338785,1.1387,55,13,322,148,106,42,17.216532,0,ok,logs/seed_115403.log
712189,e04y,4,y,baseline_plus_gheft,DHEFT/NHEFT/GHEFT,IRT-only,0.0,0,0,1,0.3598,0.4518,0.8116,64.2137,1.909,48,12,288,139,42,97,56.459199678972716,1.6785,55,13,320,179,112,67,56.630055442783764,1.6836,51,13,314,186,132,54,19.038447,0,ok,logs/seed_712189.log
873143,e04y,4,y,baseline_plus_gheft,DHEFT/NHEFT/GHEFT,IRT-only,0.0,0,0,1,0.3172,0.327,0.6442,53.220499999999994,1.8557,46,10,299,136,56,80,43.471382624544354,1.5158,51,13,309,155,106,49,42.53144146341463,1.483,38,10,304,137,100,37,17.61276,0,ok,logs/seed_873143.log
877233,e04y,4,y,baseline_plus_gheft,DHEFT/NHEFT/GHEFT,IRT-only,0.0,0,0,1,0.3135,0.3014,0.6149,51.7633,1.4093,37,9,279,114,44,70,46.81918747854786,1.2747,51,12,319,161,97,64,40.003788198757775,1.0891,51,12,315,162,105,57,23.593777,0,ok,logs/seed_877233.log
663658,e04y,4,y,baseline_plus_gheft,DHEFT/NHEFT/GHEFT,IRT-only,0.0,0,0,1,0.354,0.4543,0.8083,62.0041,1.6104,51,15,308,161,42,119,50.925266155807364,1.3226,61,13,341,184,121,63,55.35736713881019,1.4377,50,12,324,165,109,56,16.132956,0,ok,logs/seed_663658.log
656054,e04y,4,y,baseline_plus_gheft,DHEFT/NHEFT/GHEFT,IRT-only,0.0,0,0,1,0.3174,0.2758,0.5932,51.1499,1.4519,35,7,323,107,45,62,41.92324717251254,1.19,58,13,338,151,98,53,40.54135530569221,1.1507,54,12,342,151,104,47,23.816077,0,ok,logs/seed_656054.log
464471,e04y,4,y,baseline_plus_gheft,DHEFT/NHEFT/GHEFT,IRT-only,0.0,0,0,1,0.3332,0.4073,0.7405,49.88440000000001,1.385,43,11,295,115,50,65,42.73665732574679,1.1865,55,11,316,148,108,40,42.95841287128712,1.1927,45,10,315,135,102,33,19.911466,0,ok,logs/seed_464471.log
586510,e04y,4,y,baseline_plus_gheft,DHEFT/NHEFT/GHEFT,IRT-only,0.0,0,0,1,0.328,0.4093,0.7373,48.8914,1.5089,43,7,308,105,35,70,42.403471710875905,1.3087,57,11,315,156,101,55,42.403471710875905,1.3087,52,9,328,142,100,42,20.409552,0,ok,logs/seed_586510.log
50264,e04y,4,y,baseline_plus_gheft,DHEFT/NHEFT/GHEFT,IRT-only,0.0,0,0,1,0.3296,0.3774,0.707,50.739200000000004,1.3959,44,11,288,128,43,85,42.47114670150229,1.1685,68,12,333,176,101,75,49.57053104189045,1.3638,49,10,309,163,109,54,19.892571,0,ok,logs/seed_50264.log
719048,e04y,4,y,baseline_plus_gheft,DHEFT/NHEFT/GHEFT,IRT-only,0.0,0,0,1,0.3548,0.4503,0.8051,50.92450000000001,1.3739,55,13,335,146,46,100,42.951471538926675,1.1588,52,13,353,173,129,44,49.17270038453792,1.3267,47,11,341,176,119,57,22.615891,0,ok,logs/seed_719048.log
677021,e04y,4,y,baseline_plus_gheft,DHEFT/NHEFT/GHEFT,IRT-only,0.0,0,0,1,0.3254,0.4091,0.7345,49.724999999999994,1.3606,47,11,330,135,49,86,37.151611494252876,1.0166,56,13,343,162,98,64,38.87091870428423,1.0636,53,13,339,161,116,45,19.827456,0,ok,logs/seed_677021.log
861718,e04y,4,y,baseline_plus_gheft,DHEFT/NHEFT/GHEFT,IRT-only,0.0,0,0,1,0.3698,0.4339,0.8037,57.853100000000005,1.9525,44,11,282,130,44,86,50.87275887939221,1.7169,62,14,331,173,112,61,50.87275887939221,1.7169,56,12,337,185,113,72,21.679564,0,ok,logs/seed_861718.log
495401,e04y,4,y,baseline_plus_gheft,DHEFT/NHEFT/GHEFT,IRT-only,0.0,0,0,1,0.3332,0.3162,0.6494,58.809200000000004,1.7023,54,12,296,143,47,96,42.35034146341464,1.2259,67,12,343,193,117,76,47.511505548705294,1.3752,50,11,326,173,121,52,25.439752,0,ok,logs/seed_495401.log
209510,e04y,4,y,baseline_plus_gheft,DHEFT/NHEFT/GHEFT,IRT-only,0.0,0,0,1,0.3344,0.3584,0.6928,54.6977,1.2775,43,8,292,113,47,66,52.504387916951075,1.2263,56,11,330,149,103,46,50.622477300400135,1.1823,46,10,321,135,101,34,18.094573,0,ok,logs/seed_209510.log
743312,e04y,4,y,baseline_plus_gheft,DHEFT/NHEFT/GHEFT,IRT-only,0.0,0,0,1,0.3496,0.4354,0.785,55.540600000000005,1.7867,44,12,280,133,46,87,44.557593021232826,1.4334,54,13,312,162,92,70,51.243579952267304,1.6485,49,12,314,156,104,52,18.339463,0,ok,logs/seed_743312.log
212694,e04y,4,y,baseline_plus_gheft,DHEFT/NHEFT/GHEFT,IRT-only,0.0,0,0,1,0.3149,0.3946,0.7095,50.301199999999994,1.6733,59,11,321,149,40,109,45.84839311064719,1.5252,54,13,326,167,125,42,46.84268636363637,1.5583,47,13,308,161,115,46,21.375043,0,ok,logs/seed_212694.log
224701,e04y,4,y,baseline_plus_gheft,DHEFT/NHEFT/GHEFT,IRT-only,0.0,0,0,1,0.3243,0.3501,0.6744,65.44410000000002,1.5037,45,10,276,129,42,87,53.84073795505617,1.2371,56,13,313,160,105,55,68.16358987341772,1.5662,48,9,314,160,104,56,16.137214,0,ok,logs/seed_224701.log
861434,e04y,4,y,baseline_plus_gheft,DHEFT/NHEFT/GHEFT,IRT-only,0.0,0,0,1,0.3428,0.3997,0.7425,55.06700000000001,1.5324,47,11,301,145,52,93,43.88990382485876,1.2214,53,13,332,176,115,61,45.15050152194699,1.2564,49,12,317,151,99,52,21.830414,0,ok,logs/seed_861434.log
844102,e04y,4,y,baseline_plus_gheft,DHEFT/NHEFT/GHEFT,IRT-only,0.0,0,0,1,0.3051,0.3543,0.6594,58.8535,1.3355,47,10,287,136,43,93,49.10104876847289,1.1142,62,13,316,157,83,74,49.5329385502471,1.124,45,10,302,149,101,48,17.446115,0,ok,logs/seed_844102.log
722064,e04y,4,y,baseline_plus_gheft,DHEFT/NHEFT/GHEFT,IRT-only,0.0,0,0,1,0.3107,0.3544,0.6651,50.4659,1.5294,44,9,305,116,40,76,43.10809467113152,1.3064,52,12,305,156,97,59,42.29793948339484,1.2819,45,12,303,150,106,44,21.314453,0,ok,logs/seed_722064.log
549862,e04y,4,y,baseline_plus_gheft,DHEFT/NHEFT/GHEFT,IRT-only,0.0,0,0,1,0.3654,0.3617,0.7271,51.465999999999994,1.4174,35,10,275,110,41,69,41.6793849002849,1.1479,49,10,315,174,114,60,39.07950148462354,1.0763,47,10,318,176,105,71,17.131019,0,ok,logs/seed_549862.log
2010,e04y,4,y,baseline_plus_gheft,DHEFT/NHEFT/GHEFT,IRT-only,0.0,0,0,1,0.3492,0.3203,0.6695,51.59490000000001,1.2326,47,14,328,151,46,105,46.49590229476787,1.1107,57,14,336,195,125,70,43.97463913043478,1.0505,52,13,330,169,121,48,21.389738,0,ok,logs/seed_2010.log
796027,e04y,4,y,baseline_plus_gheft,DHEFT/NHEFT/GHEFT,IRT-only,0.0,0,0,1,0.3257,0.3179,0.6436,56.357099999999996,1.5166,37,10,273,113,48,65,45.14624399460188,1.2149,62,14,314,172,123,49,69.11685611510791,1.86,39,12,283,154,115,39,18.053182,0,ok,logs/seed_796027.log
401997,e04y,4,y,baseline_plus_gheft,DHEFT/NHEFT/GHEFT,IRT-only,0.0,0,0,1,0.2901,0.3298,0.6199,60.5247,1.5834,38,10,274,107,41,66,50.72251922940971,1.3269,54,12,314,156,107,49,51.395899538638986,1.3446,47,10,307,146,99,47,19.0149,0,ok,logs/seed_401997.log
35721,e04y,4,y,baseline_plus_gheft,DHEFT/NHEFT/GHEFT,IRT-only,0.0,0,0,1,0.3868,0.3683,0.7551,51.007900000000014,1.425,42,9,294,119,38,81,42.67957913614007,1.1923,62,12,316,166,88,78,43.041103213465945,1.2024,56,12,324,167,106,61,20.102113,0,ok,logs/seed_35721.log
724068,e04y,4,y,baseline_plus_gheft,DHEFT/NHEFT/GHEFT,IRT-only,0.0,0,0,1,0.3372,0.3971,0.7343,52.141,1.3023,52,12,353,151,45,106,46.925428767123286,1.172,53,11,366,179,127,52,50.421899346405226,1.2594,41,10,345,169,127,42,22.856146,0,ok,logs/seed_724068.log
800182,e04y,4,y,baseline_plus_gheft,DHEFT/NHEFT/GHEFT,IRT-only,0.0,0,0,1,0.2989,0.3682,0.6671,65.9021,1.73,48,10,289,137,34,103,63.273714114754085,1.661,56,12,334,170,110,60,63.466314114754084,1.666,52,11,315,166,109,57,21.772875,0,ok,logs/seed_800182.log
937614,e04y,4,y,baseline_plus_gheft,DHEFT/NHEFT/GHEFT,IRT-only,0.0,0,0,1,0.2945,0.3897,0.6842,56.66409999999999,1.4929,36,10,279,132,34,98,46.37121887315693,1.2217,50,13,316,167,105,62,60.14681695906433,1.5846,43,11,297,166,113,53,17.943478,0,ok,logs/seed_937614.log
722394,e04y,4,y,baseline_plus_gheft,DHEFT/NHEFT/GHEFT,IRT-only,0.0,0,0,1,0.3145,0.4425,0.757,60.34369999999999,1.5898,37,10,288,132,38,94,53.27675586381323,1.4036,49,14,314,162,114,48,54.890429282808086,1.4462,43,12,306,153,106,47,17.131138,0,ok,logs/seed_722394.log
509760,e04y,4,y,baseline_plus_gheft,DHEFT/NHEFT/GHEFT,IRT-only,0.0,0,0,1,0.3282,0.3684,0.6966,58.89059999999999,1.3872,45,10,302,145,45,100,58.52732812051649,1.3786,50,11,338,161,102,59,58.31718988888888,1.3737,50,10,320,172,121,51,21.851366,0,ok,logs/seed_509760.log
70327,e04y,4,y,baseline_plus_gheft,DHEFT/NHEFT/GHEFT,IRT-only,0.0,0,0,1,0.3141,0.3336,0.6477,63.169300000000014,1.4316,51,12,293,143,44,99,47.52247709497207,1.077,51,10,309,144,94,50,48.25129315861064,1.0935,50,11,298,155,103,52,18.751648,0,ok,logs/seed_70327.log
750147,e04y,4,y,baseline_plus_gheft,DHEFT/NHEFT/GHEFT,IRT-only,0.0,0,0,1,0.4043,0.4298,0.8341,54.662199999999984,1.3025,34,8,298,106,49,57,44.255132457786104,1.0545,55,11,325,151,107,44,44.597054988134474,1.0627,54,10,322,155,123,32,19.432727,0,ok,logs/seed_750147.log
460446,e04y,4,y,baseline_plus_gheft,DHEFT/NHEFT/GHEFT,IRT-only,0.0,0,0,1,0.3447,0.422,0.7667,64.0969,1.2465,39,11,294,141,50,91,56.39930100000001,1.0968,51,12,334,182,125,57,56.39930100000001,1.0968,53,13,336,190,131,59,18.829627,0,ok,logs/seed_460446.log
748846,e04y,4,y,baseline_plus_gheft,DHEFT/NHEFT/GHEFT,IRT-only,0.0,0,0,1,0.3162,0.4035,0.7197,55.994899999999994,1.7803,42,8,307,125,43,82,48.19513247863247,1.5324,54,11,322,158,94,64,48.02873247863248,1.5271,49,11,322,162,103,59,18.291574,0,ok,logs/seed_748846.log
610796,e04y,4,y,baseline_plus_gheft,DHEFT/NHEFT/GHEFT,IRT-only,0.0,0,0,1,0.321,0.3863,0.7073,65.2221,1.3603,40,9,292,113,43,70,61.73176272401433,1.2875,62,12,338,168,106,62,62.793555399061034,1.3097,55,13,328,177,117,60,22.012939,0,ok,logs/seed_610796.log
372755,e04y,4,y,baseline_plus_gheft,DHEFT/NHEFT/GHEFT,IRT-only,0.0,0,0,1,0.3579,0.4029,0.7608,55.940199999999976,1.7167,39,11,284,122,39,83,50.242125490196074,1.5419,54,14,322,165,119,46,50.242125490196074,1.5419,52,12,321,187,127,60,21.064041,0,ok,logs/seed_372755.log
324404,e04y,4,y,baseline_plus_gheft,DHEFT/NHEFT/GHEFT,IRT-only,0.0,0,0,1,0.3301,0.3358,0.6659,58.87389999999998,1.9229,41,9,264,120,46,74,44.71159625585023,1.4604,57,11,317,150,97,53,41.40854600165069,1.3525,51,10,310,151,116,35,20.499176,0,ok,logs/seed_324404.log
138451,e04y,4,y,baseline_plus_gheft,DHEFT/NHEFT/GHEFT,IRT-only,0.0,0,0,1,0.3345,0.4108,0.7453,59.49259999999999,1.2961,53,16,294,150,43,107,52.59761273885352,1.1459,51,11,305,165,121,44,74.59833527420446,1.6252,45,10,311,176,129,47,21.718031,0,ok,logs/seed_138451.log
117059,e04y,4,y,baseline_plus_gheft,DHEFT/NHEFT/GHEFT,IRT-only,0.0,0,0,1,0.3407,0.3961,0.7368,57.984500000000004,1.6964,40,10,302,119,39,80,46.15275814285714,1.3502,58,12,339,189,118,71,54.8100759601707,1.6035,50,12,335,175,117,58,20.467653,0,ok,logs/seed_117059.log
976782,e04y,4,y,baseline_plus_gheft,DHEFT/NHEFT/GHEFT,IRT-only,0.0,0,0,1,0.3208,0.3617,0.6825,56.79130000000001,1.2628,47,12,321,146,46,100,51.768430718954235,1.1511,48,10,314,147,108,39,54.893435410764866,1.2206,46,10,307,160,111,49,17.160503,0,ok,logs/seed_976782.log
574644,e04y,4,y,baseline_plus_gheft,DHEFT/NHEFT/GHEFT,IRT-only,0.0,0,0,1,0.3683,0.4323,0.8006,57.6337,1.1444,43,12,299,132,45,87,57.90847876322213,1.1498,47,12,313,167,115,52,57.90847876322213,1.1498,42,10,313,154,111,43,18.453161,0,ok,logs/seed_574644.log
435308,e04y,4,y,baseline_plus_gheft,DHEFT/NHEFT/GHEFT,IRT-only,0.0,0,0,1,0.3634,0.3668,0.7302,61.075199999999995,1.404,38,9,283,109,39,70,53.93477099051481,1.2399,56,12,329,174,110,64,53.29455509951861,1.2251,50,11,320,175,112,63,17.801486,0,ok,logs/seed_435308.log
635612,e04y,4,y,baseline_plus_gheft,DHEFT/NHEFT/GHEFT,IRT-only,0.0,0,0,1,0.3159,0.3332,0.6491,56.145500000000006,1.288,52,12,306,155,48,107,48.47901437271619,1.1122,53,11,328,181,130,51,49.56476659404503,1.1371,48,10,314,168,122,46,20.82132,0,ok,logs/seed_635612.log
289817,e04y,4,y,baseline_plus_gheft,DHEFT/NHEFT/GHEFT,IRT-only,0.0,0,0,1,0.3109,0.3473,0.6582,57.613500000000016,1.6646,44,10,300,131,42,89,52.662260365994236,1.5215,52,13,323,176,126,50,47.27927513812155,1.366,45,12,307,155,116,39,20.559384,0,ok,logs/seed_289817.log
639065,e04y,4,y,baseline_plus_gheft,DHEFT/NHEFT/GHEFT,IRT-only,0.0,0,0,1,0.3777,0.4167,0.7944,54.11229999999999,1.3238,47,11,313,118,44,74,53.1197494004796,1.2995,58,12,332,177,108,69,51.5437264274062,1.2609,51,11,327,166,118,48,21.197336,0,ok,logs/seed_639065.log
650943,e04y,4,y,baseline_plus_gheft,DHEFT/NHEFT/GHEFT,IRT-only,0.0,0,0,1,0.3339,0.3192,0.6531,57.300200000000004,1.4658,43,10,326,119,49,70,41.91352175531541,1.0722,57,12,343,173,101,72,44.139826832641766,1.1291,48,11,342,150,105,45,23.575818,0,ok,logs/seed_650943.log
110055,e04y,4,y,baseline_plus_gheft,DHEFT/NHEFT/GHEFT,IRT-only,0.0,0,0,1,0.2875,0.2977,0.5852,58.2341,1.508,48,10,327,151,46,105,50.98093556790123,1.3201,62,14,350,179,115,64,49.630347913580245,1.2852,61,13,351,179,119,60,21.289231,0,ok,logs/seed_110055.log
117791,e04y,4,y,baseline_plus_gheft,DHEFT/NHEFT/GHEFT,IRT-only,0.0,0,0,1,0.3581,0.3783,0.7364,56.1743,1.4964,48,11,302,145,46,99,45.73185658914729,1.2183,68,14,351,179,105,74,46.97965174825175,1.2515,56,13,324,167,107,60,20.496138,0,ok,logs/seed_117791.log
124685,e04y,4,y,baseline_plus_gheft,DHEFT/NHEFT/GHEFT,IRT-only,0.0,0,0,1,0.3169,0.3438,0.6607,61.7289,1.572,50,11,309,138,39,99,58.57283488372094,1.4917,68,15,332,166,111,55,64.58085679452056,1.6447,55,11,329,173,118,55,20.22232,0,ok,logs/seed_124685.log
997328,e04y,4,y,baseline_plus_gheft,DHEFT/NHEFT/GHEFT,IRT-only,0.0,0,0,1,0.3073,0.3435,0.6508,53.2843,1.5342,44,9,298,124,37,87,48.27449034749035,1.3899,57,11,330,163,100,63,47.34921799597586,1.3633,57,11,349,169,96,73,19.416797,0,ok,logs/seed_997328.log
655714,e04y,4,y,baseline_plus_gheft,DHEFT/NHEFT/GHEFT,IRT-only,0.0,0,0,1,0.3534,0.4121,0.7655,56.7208,1.5974,46,10,313,142,40,102,49.6885385160521,1.3994,58,11,347,174,99,75,48.481738516052104,1.3654,52,12,337,177,107,70,19.259298,0,ok,logs/seed_655714.log
512136,e04y,4,y,baseline_plus_gheft,DHEFT/NHEFT/GHEFT,IRT-only,0.0,0,0,1,0.3357,0.3379,0.6736,58.88239999999998,1.4967,46,11,270,123,44,79,51.408450190114074,1.3067,56,13,321,160,99,61,56.94101407189542,1.4473,45,12,316,159,120,39,15.645948,0,ok,logs/seed_512136.log
695034,e04y,4,y,baseline_plus_gheft,DHEFT/NHEFT/GHEFT,IRT-only,0.0,0,0,1,0.3248,0.362,0.6868,53.5553,1.2587,42,8,298,114,51,63,44.09059986684421,1.0363,55,12,336,168,115,53,63.37134859813084,1.4894,47,11,315,158,123,35,20.880562,0,ok,logs/seed_695034.log
539246,e04y,4,y,baseline_plus_gheft,DHEFT/NHEFT/GHEFT,IRT-only,0.0,0,0,1,0.2949,0.3984,0.6933,64.3552,1.7998,41,9,272,108,43,65,69.00841844906998,1.93,47,11,306,143,83,60,69.22824898710864,1.9361,43,10,305,143,94,49,19.676789,0,ok,logs/seed_539246.log
354388,e04y,4,y,baseline_plus_gheft,DHEFT/NHEFT/GHEFT,IRT-only,0.0,0,0,1,0.3443,0.361,0.7053,53.75740000000001,1.3672,51,14,321,167,56,111,53.34691235955057,1.3568,54,12,346,192,124,68,53.34691235955057,1.3568,53,12,341,194,136,58,19.743548,0,ok,logs/seed_354388.log
282392,e04y,4,y,baseline_plus_gheft,DHEFT/NHEFT/GHEFT,IRT-only,0.0,0,0,1,0.3221,0.4195,0.7416,54.7209,1.5357,47,12,304,132,38,94,41.393550921273025,1.1617,65,16,353,181,104,77,44.124262893081756,1.2383,56,12,327,167,111,56,21.168172,0,ok,logs/seed_282392.log
465345,e04y,4,y,baseline_plus_gheft,DHEFT/NHEFT/GHEFT,IRT-only,0.0,0,0,1,0.3503,0.4317,0.782,49.111099999999986,1.3827,53,12,315,127,40,87,43.374030036657395,1.2212,61,10,336,175,114,61,43.98280107834101,1.2384,49,10,330,155,115,40,19.963509,0,ok,logs/seed_465345.log
276209,e04y,4,y,baseline_plus_gheft,DHEFT/NHEFT/GHEFT,IRT-only,0.0,0,0,1,0.3211,0.3156,0.6367,59.2889,1.5112,36,10,296,113,41,72,54.22241808815112,1.3821,49,12,315,151,103,48,62.293309235427714,1.5878,43,9,295,152,111,41,17.908223,0,ok,logs/seed_276209.log
48268,e04y,4,y,baseline_plus_gheft,DHEFT/NHEFT/GHEFT,IRT-only,0.0,0,0,1,0.3445,0.4174,0.7619,58.94899999999999,1.4403,54,13,304,152,40,112,51.68010803597122,1.2627,52,13,323,161,107,54,77.46144745762712,1.8926,54,11,342,170,119,51,22.381232,0,ok,logs/seed_48268.log
312904,e04y,4,y,baseline_plus_gheft,DHEFT/NHEFT/GHEFT,IRT-only,0.0,0,0,1,0.3833,0.4423,0.8256,54.9088,1.4166,40,9,295,110,42,68,43.15538127883982,1.1134,54,12,319,159,90,69,43.15538127883982,1.1134,45,9,322,163,110,53,21.208694,0,ok,logs/seed_312904.log
95163,e04y,4,y,baseline_plus_gheft,DHEFT/NHEFT/GHEFT,IRT-only,0.0,0,0,1,0.3606,0.5118,0.8724,51.165099999999995,1.3543,44,10,303,116,46,70,47.7710381933439,1.2644,52,12,318,163,121,42,49.525184466019425,1.3109,41,11,315,155,112,43,22.324254,0,ok,logs/seed_95163.log
739903,e04y,4,y,baseline_plus_gheft,DHEFT/NHEFT/GHEFT,IRT-only,0.0,0,0,1,0.3256,0.3908,0.7164,47.0403,1.3248,47,9,307,125,48,77,47.388,1.3346,67,14,344,192,116,76,47.584799999999994,1.3401,41,10,308,144,113,31,19.51018,0,ok,logs/seed_739903.log
527611,e04y,4,y,baseline_plus_gheft,DHEFT/NHEFT/GHEFT,IRT-only,0.0,0,0,1,0.3069,0.3192,0.6261,57.37639999999999,1.615,45,9,277,110,40,70,41.0462200967716,1.1553,66,12,340,163,92,71,43.9472935729443,1.237,59,11,320,168,111,57,23.990835,0,ok,logs/seed_527611.log
591781,e04y,4,y,baseline_plus_gheft,DHEFT/NHEFT/GHEFT,IRT-only,0.0,0,0,1,0.3581,0.3916,0.7497,50.619,1.2268,43,10,311,122,57,65,47.116192708081535,1.1419,54,10,346,157,126,31,49.68323531669865,1.2041,49,10,338,147,111,36,22.548395,0,ok,logs/seed_591781.log
10602,e04y,4,y,baseline_plus_gheft,DHEFT/NHEFT/GHEFT,IRT-only,0.0,0,0,1,0.3332,0.3974,0.7306,47.4072,1.4671,47,11,272,116,47,69,39.102447878693624,1.2101,51,12,315,146,104,42,37.49442278056952,1.1603,45,11,303,133,103,30,19.047125,0,ok,logs/seed_10602.log
91728,e04y,4,y,baseline_plus_gheft,DHEFT/NHEFT/GHEFT,IRT-only,0.0,0,0,1,0.3788,0.3428,0.7216,63.779,1.6855,43,9,302,126,44,82,54.53297025396826,1.4412,62,13,337,174,124,50,58.23874863221883,1.5391,50,10,316,165,128,37,23.067772,0,ok,logs/seed_91728.log
777150,e04y,4,y,baseline_plus_gheft,DHEFT/NHEFT/GHEFT,IRT-only,0.0,0,0,1,0.3295,0.3602,0.6897,45.9618,1.2522,44,8,310,93,40,53,46.90409122807017,1.2779,55,10,309,144,108,36,46.90409122807017,1.2779,52,11,323,139,102,37,19.868758,0,ok,logs/seed_777150.log
761499,e04y,4,y,baseline_plus_gheft,DHEFT/NHEFT/GHEFT,IRT-only,0.0,0,0,1,0.3246,0.347,0.6716,49.9578,1.1997,38,9,296,113,45,68,45.97218700169238,1.104,59,13,336,167,114,53,47.10818949416343,1.1313,50,12,328,153,108,45,25.835833,0,ok,logs/seed_761499.log
453482,e04y,4,y,baseline_plus_gheft,DHEFT/NHEFT/GHEFT,IRT-only,0.0,0,0,1,0.3422,0.4318,0.774,48.31820000000001,1.4409,38,10,282,119,54,65,49.25692198369331,1.4689,49,11,315,158,109,49,52.125633901134506,1.5545,43,11,309,156,113,43,18.860697,0,ok,logs/seed_453482.log
562121,e04y,4,y,baseline_plus_gheft,DHEFT/NHEFT/GHEFT,IRT-only,0.0,0,0,1,0.3192,0.3457,0.6649,58.5535,1.5475,45,10,257,128,47,81,41.613169949066204,1.0998,51,12,305,170,107,63,53.52914337288136,1.4147,43,10,279,135,108,27,19.323558,0,ok,logs/seed_562121.log
770979,e04y,4,y,baseline_plus_gheft,DHEFT/NHEFT/GHEFT,IRT-only,0.0,0,0,1,0.3058,0.3545,0.6603,48.42300000000001,1.2097,35,9,271,91,38,53,46.631583667621776,1.165,57,14,302,159,100,59,59.52460000000001,1.4871,42,11,299,143,104,39,16.131489,0,ok,logs/seed_770979.log
703949,e04y,4,y,baseline_plus_gheft,DHEFT/NHEFT/GHEFT,IRT-only,0.0,0,0,1,0.3255,0.3948,0.7203,50.880199999999995,1.3203,31,8,260,99,48,51,47.482676167785236,1.2322,51,11,299,159,119,40,44.20224197698036,1.147,55,12,315,165,117,48,18.201076,0,ok,logs/seed_703949.log
314686,e04y,4,y,baseline_plus_gheft,DHEFT/NHEFT/GHEFT,IRT-only,0.0,0,0,1,0.319,0.278,0.597,61.1336,1.3295,45,10,303,128,40,88,48.889194656488556,1.0632,58,11,324,172,108,64,54.88287021791767,1.1936,47,11,315,160,108,52,19.893088,0,ok,logs/seed_314686.log
475760,e04y,4,y,baseline_plus_gheft,DHEFT/NHEFT/GHEFT,IRT-only,0.0,0,0,1,0.3334,0.4328,0.7662,57.55289999999999,1.5828,53,12,313,136,46,90,44.51562385685884,1.2243,59,12,368,171,112,59,45.71288239171228,1.2572,49,10,348,154,108,46,23.600198,0,ok,logs/seed_475760.log
595079,e04y,4,y,baseline_plus_gheft,DHEFT/NHEFT/GHEFT,IRT-only,0.0,0,0,1,0.3511,0.3757,0.7268,51.42929999999999,1.5251,33,8,265,111,49,62,42.595214297150605,1.2631,52,10,312,170,108,62,44.00132592211838,1.3048,40,10,291,141,92,49,12.783401,0,ok,logs/seed_595079.log
27243,e04y,4,y,baseline_plus_gheft,DHEFT/NHEFT/GHEFT,IRT-only,0.0,0,0,1,0.3157,0.3715,0.6872,60.558299999999996,1.4678,42,10,291,132,46,86,48.04007320261438,1.1644,51,12,334,170,100,70,46.20254814902943,1.1199,50,13,310,175,117,58,19.914796,0,ok,logs/seed_27243.log
143022,e04y,4,y,baseline_plus_gheft,DHEFT/NHEFT/GHEFT,IRT-only,0.0,0,0,1,0.3462,0.4781,0.8243,46.293299999999995,1.0247,42,9,296,115,45,70,46.768899999999995,1.0352,53,14,303,152,111,41,49.09570000000001,1.0867,45,11,286,135,103,32,17.700248,0,ok,logs/seed_143022.log
958432,e04y,4,y,baseline_plus_gheft,DHEFT/NHEFT/GHEFT,IRT-only,0.0,0,0,1,0.3196,0.3418,0.6614,61.48209999999999,1.3135,43,12,288,146,45,101,50.683938487508435,1.0828,55,14,320,177,107,70,60.37010544217687,1.2897,47,12,295,174,126,48,17.140566,0,ok,logs/seed_958432.log
799339,e04y,4,y,baseline_plus_gheft,DHEFT/NHEFT/GHEFT,IRT-only,0.0,0,0,1,0.3657,0.4318,0.7975,51.28750000000001,1.4679,41,9,273,116,49,67,38.99976244411326,1.1162,47,12,325,156,107,49,43.26969949706621,1.2384,40,11,315,141,106,35,19.921118,0,ok,logs/seed_799339.log
953842,e04y,4,y,baseline_plus_gheft,DHEFT/NHEFT/GHEFT,IRT-only,0.0,0,0,1,0.3208,0.3787,0.6995,55.19019999999998,1.4846,45,12,284,145,52,93,45.84467096774194,1.2332,51,14,311,178,134,44,48.420144410852714,1.3025,48,11,315,164,124,40,19.12681,0,ok,logs/seed_953842.log
937400,e04y,4,y,baseline_plus_gheft,DHEFT/NHEFT/GHEFT,IRT-only,0.0,0,0,1,0.3543,0.3748,0.7291,49.47070000000001,1.3792,39,9,311,127,54,73,44.983980921321155,1.2541,45,11,328,162,126,36,44.1048335243553,1.2296,42,10,314,160,115,45,18.284143,0,ok,logs/seed_937400.log
919932,e04y,4,y,baseline_plus_gheft,DHEFT/NHEFT/GHEFT,IRT-only,0.0,0,0,1,0.3229,0.4197,0.7426,57.12779999999999,1.6429,48,11,304,144,51,93,50.33187868852459,1.4474,59,12,350,192,118,74,48.77167868852459,1.4026,50,10,318,175,118,57,19.141868,0,ok,logs/seed_919932.log
786261,e04y,4,y,baseline_plus_gheft,DHEFT/NHEFT/GHEFT,IRT-only,0.0,0,0,1,0.3156,0.4682,0.7838,66.95500000000001,1.6453,57,12,324,163,42,121,64.6765,1.5893,56,11,315,187,125,62,66.0144,1.6222,42,10,302,166,118,48,19.05112,0,ok,logs/seed_786261.log
266747,e04y,4,y,baseline_plus_gheft,DHEFT/NHEFT/GHEFT,IRT-only,0.0,0,0,1,0.3211,0.3409,0.662,50.97370000000001,1.6053,52,12,274,124,48,76,38.22065832096897,1.2037,54,12,310,145,94,51,36.50885696202531,1.1498,53,13,312,150,96,54,22.352912,0,ok,logs/seed_266747.log
394465,e04y,4,y,baseline_plus_gheft,DHEFT/NHEFT/GHEFT,IRT-only,0.0,0,0,1,0.2945,0.3943,0.6888,56.6425,1.3925,44,10,342,130,55,75,54.75702808333333,1.3462,60,11,357,177,137,40,55.130662411347515,1.3553,45,10,346,157,127,30,19.863032,0,ok,logs/seed_394465.log
725987,e04y,4,y,baseline_plus_gheft,DHEFT/NHEFT/GHEFT,IRT-only,0.0,0,0,1,0.3093,0.3159,0.6252,60.11799999999999,1.0892,45,12,323,144,62,82,60.35870888030887,1.0936,55,12,336,189,135,54,60.35870888030887,1.0936,44,11,344,191,146,45,23.207683,0,ok,logs/seed_725987.log
224478,e04y,4,y,baseline_plus_gheft,DHEFT/NHEFT/GHEFT,IRT-only,0.0,0,0,1,0.2959,0.3711,0.667,62.3745,1.2805,45,10,318,144,48,96,55.83629712230216,1.1462,53,12,340,162,101,61,55.83629712230216,1.1462,45,11,326,160,99,61,22.054218,0,ok,logs/seed_224478.log
408636,e04y,4,y,baseline_plus_gheft,DHEFT/NHEFT/GHEFT,IRT-only,0.0,0,0,1,0.3258,0.3636,0.6894,60.777,1.5771,43,11,307,134,41,93,49.37920000000001,1.2813,52,13,319,154,101,53,49.37920000000001,1.2813,46,11,305,150,98,52,18.720195,0,ok,logs/seed_408636.log
617269,e04y,4,y,baseline_plus_gheft,DHEFT/NHEFT/GHEFT,IRT-only,0.0,0,0,1,0.3694,0.3522,0.7216,46.0703,1.3311,46,9,308,117,60,57,40.19504102564103,1.1614,50,11,344,158,118,40,41.63642564102564,1.203,60,12,328,151,108,43,17.484873,0,ok,logs/seed_617269.log
650122,e04y,4,y,baseline_plus_gheft,DHEFT/NHEFT/GHEFT,IRT-only,0.0,0,0,1,0.3281,0.2892,0.6173,49.2879,1.302,48,11,294,127,41,86,53.203676510832395,1.4055,52,12,311,143,110,33,49.856778723404254,1.3171,48,12,289,140,115,25,20.464494,0,ok,logs/seed_650122.log
522983,e04y,4,y,baseline_plus_gheft,DHEFT/NHEFT/GHEFT,IRT-only,0.0,0,0,1,0.3523,0.4654,0.8177,61.3583,1.3782,46,13,320,143,45,98,49.302551895043734,1.1074,57,13,339,178,120,58,53.8110047093451,1.2087,45,11,323,167,111,56,20.865624,0,ok,logs/seed_522983.log
239950,e04y,4,y,baseline_plus_gheft,DHEFT/NHEFT/GHEFT,IRT-only,0.0,0,0,1,0.3037,0.3977,0.7014,51.477999999999994,1.4042,42,9,293,120,45,75,47.486886023400935,1.2953,53,12,309,152,106,46,48.8606030241493,1.3328,52,10,310,163,121,42,17.156542,0,ok,logs/seed_239950.log
258973,e04y,4,y,baseline_plus_gheft,DHEFT/NHEFT/GHEFT,IRT-only,0.0,0,0,1,0.2706,0.2897,0.5603,69.885,1.3058,49,11,319,143,46,97,60.307198207426374,1.1269,55,11,343,169,103,66,61.71017536945811,1.1531,48,10,337,169,114,55,19.36346,0,ok,logs/seed_258973.log
824466,e04y,4,y,baseline_plus_gheft,DHEFT/NHEFT/GHEFT,IRT-only,0.0,0,0,1,0.3339,0.383,0.7169,50.20450000000002,1.5714,44,13,295,158,45,113,40.67486363636363,1.2731,59,14,319,183,119,64,41.65639510086456,1.3039,53,13,314,174,108,66,16.315914,0,ok,logs/seed_824466.log
682056,e04y,4,y,baseline_plus_gheft,DHEFT/NHEFT/GHEFT,IRT-only,0.0,0,0,1,0.3028,0.4161,0.7189,62.5033,1.195,42,9,293,120,52,68,65.8846588993981,1.2597,57,10,334,154,125,29,60.975545180279624,1.1658,41,10,317,134,109,25,20.254625,0,ok,logs/seed_682056.log
431617,e04y,4,y,baseline_plus_gheft,DHEFT/NHEFT/GHEFT,IRT-only,0.0,0,0,1,0.3216,0.3142,0.6358,57.0651,1.0907,47,10,320,119,37,82,54.26104135346098,1.0371,52,13,350,175,105,70,58.41785463917527,1.1165,49,12,341,166,111,55,20.865095,0,ok,logs/seed_431617.log
777731,e04y,4,y,baseline_plus_gheft,DHEFT/NHEFT/GHEFT,IRT-only,0.0,0,0,1,0.3328,0.4508,0.7836,61.436499999999995,1.8068,49,10,285,137,39,98,53.53651098282695,1.5745,53,11,322,154,98,56,53.53651098282695,1.5745,53,11,326,160,98,62,19.710863,0,ok,logs/seed_777731.log
65523,e04y,4,y,baseline_plus_gheft,DHEFT/NHEFT/GHEFT,IRT-only,0.0,0,0,1,0.3531,0.3516,0.7047,52.44640000000001,1.5422,49,11,293,138,49,89,41.90960074962519,1.2323,57,13,322,165,111,54,45.13327866990291,1.3271,49,12,310,160,108,52,19.321852,0,ok,logs/seed_65523.log
226267,e04y,4,y,baseline_plus_gheft,DHEFT/NHEFT/GHEFT,IRT-only,0.0,0,0,1,0.3104,0.3806,0.691,52.63589999999999,1.2355,49,10,319,134,44,90,55.03365109489051,1.2918,55,13,329,146,100,46,55.03365109489051,1.2918,50,11,323,160,119,41,26.070492,0,ok,logs/seed_226267.log
20773,e04y,4,y,baseline_plus_gheft,DHEFT/NHEFT/GHEFT,IRT-only,0.0,0,0,1,0.3303,0.3166,0.6469,49.9426,1.1793,37,9,301,101,42,59,45.144474628879884,1.066,61,12,332,172,118,54,45.144474628879884,1.066,53,12,324,170,132,38,20.550115,0,ok,logs/seed_20773.log
75919,e04y,4,y,baseline_plus_gheft,DHEFT/NHEFT/GHEFT,IRT-only,0.0,0,0,1,0.282,0.4055,0.6875,62.29400000000001,1.4859,48,15,307,153,38,115,66.25376394052044,1.5803,63,13,359,197,130,67,68.39180078387457,1.6313,61,12,331,186,138,48,23.150669,0,ok,logs/seed_75919.log
796262,e04y,4,y,baseline_plus_gheft,DHEFT/NHEFT/GHEFT,IRT-only,0.0,0,0,1,0.3036,0.3947,0.6983,55.80200000000001,1.28,40,8,316,100,54,46,56.142007079646035,1.2878,57,11,345,149,105,44,56.31645418038184,1.2918,52,10,341,141,108,33,19.190023,0,ok,logs/seed_796262.log
557554,e04y,4,y,baseline_plus_gheft,DHEFT/NHEFT/GHEFT,IRT-only,0.0,0,0,1,0.3619,0.4121,0.774,59.5953,1.6481,56,12,326,158,41,117,52.95932609282783,1.4646,58,12,353,185,108,77,49.14622486085344,1.3591,48,10,337,158,109,49,21.748897,0,ok,logs/seed_557554.log
818564,e04y,4,y,baseline_plus_gheft,DHEFT/NHEFT/GHEFT,IRT-only,0.0,0,0,1,0.3311,0.3681,0.6992,48.66170000000001,1.1603,40,8,294,104,39,65,52.323121875,1.2476,56,10,315,137,91,46,47.57932961104141,1.1345,44,9,297,142,99,43,20.76807,0,ok,logs/seed_818564.log
5641,e04y,4,y,baseline_plus_gheft,DHEFT/NHEFT/GHEFT,IRT-only,0.0,0,0,1,0.3323,0.3287,0.661,52.160999999999994,1.43,44,11,295,140,49,91,42.797394117647066,1.1733,63,16,325,179,113,66,56.4707357228196,1.5482,50,13,292,160,116,44,19.210364,0,ok,logs/seed_5641.log
80721,e04y,4,y,baseline_plus_gheft,DHEFT/NHEFT/GHEFT,IRT-only,0.0,0,0,1,0.3408,0.4136,0.7544,60.217699999999994,1.1579,41,9,314,126,51,75,55.89340048154093,1.0748,52,12,338,165,114,51,57.530530342577485,1.1062,50,11,338,165,121,44,23.382381,0,ok,logs/seed_80721.log
14714,e04y,4,y,baseline_plus_gheft,DHEFT/NHEFT/GHEFT,IRT-only,0.0,0,0,1,0.3175,0.3543,0.6718,63.113800000000005,1.2683,50,11,344,160,48,112,59.44017335243554,1.1945,57,13,346,174,120,54,59.44017335243554,1.1945,49,12,348,175,119,56,22.546489,0,ok,logs/seed_14714.log
965327,e04y,4,y,baseline_plus_gheft,DHEFT/NHEFT/GHEFT,IRT-only,0.0,0,0,1,0.3353,0.4326,0.7679,55.37939999999998,1.4075,50,14,318,161,34,127,46.9278797319933,1.1927,56,13,332,164,95,69,48.7271611030479,1.2385,51,12,311,155,90,65,19.029975,0,ok,logs/seed_965327.log
460722,e04y,4,y,baseline_plus_gheft,DHEFT/NHEFT/GHEFT,IRT-only,0.0,0,0,1,0.3254,0.3596,0.685,61.559,1.6945,43,12,278,125,42,83,58.630496690747776,1.6139,53,13,309,153,91,62,44.042804816223075,1.2124,52,13,297,143,81,62,17.44038,0,ok,logs/seed_460722.log
724036,e04y,4,y,baseline_plus_gheft,DHEFT/NHEFT/GHEFT,IRT-only,0.0,0,0,1,0.3201,0.349,0.6691,60.314600000000006,1.0826,49,9,281,115,42,73,58.711321477428186,1.0539,61,13,314,155,92,63,65.72544285714287,1.1798,52,11,319,143,93,50,19.046504,0,ok,logs/seed_724036.log
901968,e04y,4,y,baseline_plus_gheft,DHEFT/NHEFT/GHEFT,IRT-only,0.0,0,0,1,0.353,0.3701,0.7231,46.2817,1.3414,53,11,294,150,49,101,43.42404353518822,1.2586,45,12,309,139,102,37,43.68267200591716,1.2661,42,11,314,173,134,39,21.205212,0,ok,logs/seed_901968.log
287728,e04y,4,y,baseline_plus_gheft,DHEFT/NHEFT/GHEFT,IRT-only,0.0,0,0,1,0.35,0.3714,0.7214,53.1049,1.4472,55,14,309,150,48,102,43.0543628041715,1.1733,65,12,342,170,112,58,43.439231670445956,1.1838,52,12,327,151,115,36,24.289105,0,ok,logs/seed_287728.log
747287,e04y,4,y,baseline_plus_gheft,DHEFT/NHEFT/GHEFT,IRT-only,0.0,0,0,1,0.341,0.3993,0.7403,58.334600000000016,1.7398,56,10,304,128,42,86,55.72530284940555,1.662,59,12,327,162,117,45,56.28771604938272,1.6787,49,10,332,154,115,39,18.115036,0,ok,logs/seed_747287.log
867108,e04y,4,y,baseline_plus_gheft,DHEFT/NHEFT/GHEFT,IRT-only,0.0,0,0,1,0.3304,0.4042,0.7346,59.3414,1.6646,41,9,291,113,35,78,44.75883576537911,1.2555,70,14,324,153,91,62,59.0115439906542,1.6554,51,12,314,159,108,51,21.056568,0,ok,logs/seed_867108.log
196697,e04y,4,y,baseline_plus_gheft,DHEFT/NHEFT/GHEFT,IRT-only,0.0,0,0,1,0.3412,0.4497,0.7909,50.23369999999999,1.2472,42,10,299,126,34,92,46.80447742768275,1.1621,50,12,317,166,97,69,47.78999782270608,1.1866,47,11,303,145,89,56,17.074058,0,ok,logs/seed_196697.log
635464,e04y,4,y,baseline_plus_gheft,DHEFT/NHEFT/GHEFT,IRT-only,0.0,0,0,1,0.3173,0.4372,0.7545,69.44149999999999,1.3137,44,9,302,131,38,93,59.34331469874579,1.1227,55,13,321,161,102,59,67.24559450237717,1.2722,50,12,334,171,117,54,20.835105,0,ok,logs/seed_635464.log
389228,e04y,4,y,baseline_plus_gheft,DHEFT/NHEFT/GHEFT,IRT-only,0.0,0,0,1,0.342,0.3645,0.7065,61.1537,1.2532,39,8,289,112,42,70,51.491038067349926,1.0552,55,9,318,148,95,53,73.83889417040359,1.5131,48,9,302,157,101,56,17.22265,0,ok,logs/seed_389228.log
813617,e04y,4,y,baseline_plus_gheft,DHEFT/NHEFT/GHEFT,IRT-only,0.0,0,0,1,0.3342,0.3932,0.7274,51.21630000000001,1.3778,35,8,312,101,52,49,45.394750466192164,1.2212,57,11,322,154,105,49,49.900053922967196,1.3424,45,11,324,151,110,41,19.846152,0,ok,logs/seed_813617.log
232555,e04y,4,y,baseline_plus_gheft,DHEFT/NHEFT/GHEFT,IRT-only,0.0,0,0,1,0.3145,0.414,0.7285,61.01499999999999,1.3314,41,11,314,140,46,94,50.31710219198791,1.098,56,14,345,173,119,54,56.749845801526725,1.2384,51,13,336,188,135,53,23.926268,0,ok,logs/seed_232555.log
932496,e04y,4,y,baseline_plus_gheft,DHEFT/NHEFT/GHEFT,IRT-only,0.0,0,0,1,0.342,0.4766,0.8186,57.5977,1.4344,55,12,338,158,40,118,59.145550000000014,1.4729,52,12,334,182,131,51,59.145550000000014,1.4729,46,11,331,174,124,50,21.748646,0,ok,logs/seed_932496.log
544493,e04y,4,y,baseline_plus_gheft,DHEFT/NHEFT/GHEFT,IRT-only,0.0,0,0,1,0.3805,0.4469,0.8274,66.51849999999999,1.3632,39,8,304,106,47,59,65.109078313253,1.3343,52,11,315,150,122,28,67.008978313253,1.3732,47,10,306,148,117,31,25.623382,0,ok,logs/seed_544493.log
174431,e04y,4,y,baseline_plus_gheft,DHEFT/NHEFT/GHEFT,IRT-only,0.0,0,0,1,0.3634,0.4256,0.789,57.439800000000005,1.6062,49,10,285,135,46,89,40.95070302429149,1.1451,61,14,328,170,105,65,47.48697245053272,1.3279,53,13,312,163,112,51,21.185099,0,ok,logs/seed_174431.log
715533,e04y,4,y,baseline_plus_gheft,DHEFT/NHEFT/GHEFT,IRT-only,0.0,0,0,1,0.3229,0.3447,0.6676,56.866399999999985,1.4258,49,12,317,163,50,113,43.73370538294993,1.0966,57,13,330,184,112,72,47.934271280724445,1.2019,54,13,332,176,108,68,21.727338,0,ok,logs/seed_715533.log
710115,e04y,4,y,baseline_plus_gheft,DHEFT/NHEFT/GHEFT,IRT-only,0.0,0,0,1,0.3102,0.3739,0.6841,68.9071,1.3054,40,11,287,114,39,75,60.138411428931875,1.1393,56,10,301,161,106,55,60.138411428931875,1.1393,48,9,299,160,112,48,22.590735,0,ok,logs/seed_710115.log
69527,e04y,4,y,baseline_plus_gheft,DHEFT/NHEFT/GHEFT,IRT-only,0.0,0,0,1,0.348,0.4115,0.7595,55.866699999999994,1.5421,50,11,325,129,50,79,42.516129172195896,1.1736,60,11,363,158,108,50,56.26239905213269,1.5531,50,10,339,155,110,45,28.42369,0,ok,logs/seed_69527.log
584456,e04y,4,y,baseline_plus_gheft,DHEFT/NHEFT/GHEFT,IRT-only,0.0,0,0,1,0.341,0.3571,0.6981,47.76820000000001,1.3237,51,10,315,149,41,108,46.288236363636365,1.2827,53,11,329,166,106,60,46.288236363636365,1.2827,53,12,317,168,116,52,20.950022,0,ok,logs/seed_584456.log
678197,e04y,4,y,baseline_plus_gheft,DHEFT/NHEFT/GHEFT,IRT-only,0.0,0,0,1,0.3146,0.3736,0.6882,49.1361,1.2837,51,11,299,132,41,91,49.1443254695752,1.2839,51,11,331,151,105,46,43.74719515859766,1.1429,46,11,306,151,108,43,18.971398,0,ok,logs/seed_678197.log
871381,e04y,4,y,baseline_plus_gheft,DHEFT/NHEFT/GHEFT,IRT-only,0.0,0,0,1,0.3276,0.3495,0.6771,59.002099999999984,1.5824,40,10,288,136,50,86,50.54978397595843,1.3557,56,12,321,173,110,63,50.54978397595843,1.3557,54,11,316,170,103,67,17.847683,0,ok,logs/seed_871381.log
855755,e04y,4,y,baseline_plus_gheft,DHEFT/NHEFT/GHEFT,IRT-only,0.0,0,0,1,0.3345,0.4517,0.7862,58.658399999999986,1.5081,55,12,332,142,51,91,56.43473498145859,1.4509,53,12,326,154,115,39,56.43473498145859,1.4509,54,11,330,160,109,51,24.370382,0,ok,logs/seed_855755.log
137836,e04y,4,y,baseline_plus_gheft,DHEFT/NHEFT/GHEFT,IRT-only,0.0,0,0,1,0.3208,0.3735,0.6943,62.77530000000001,1.7052,41,11,266,127,45,82,53.36539770114942,1.4496,53,12,312,154,113,41,54.20034873803307,1.4723,51,12,307,152,106,46,19.527738,0,ok,logs/seed_137836.log
560927,e04y,4,y,baseline_plus_gheft,DHEFT/NHEFT/GHEFT,IRT-only,0.0,0,0,1,0.2874,0.3862,0.6736,65.1747,1.5938,46,11,284,130,38,92,53.2796957882736,1.3029,60,14,338,165,106,59,53.62248306188924,1.3113,54,11,310,137,85,52,21.354326,0,ok,logs/seed_560927.log
47925,e04y,4,y,baseline_plus_gheft,DHEFT/NHEFT/GHEFT,IRT-only,0.0,0,0,1,0.3349,0.4524,0.7873,49.2267,1.2466,39,9,283,109,46,63,44.3009504638219,1.1219,51,13,301,156,109,47,47.52384830983303,1.2035,43,11,294,150,106,44,20.80568,0,ok,logs/seed_47925.log
667073,e04y,4,y,baseline_plus_gheft,DHEFT/NHEFT/GHEFT,IRT-only,0.0,0,0,1,0.3016,0.3011,0.6027,48.34779999999999,1.2479,40,10,305,134,55,79,50.067904271631974,1.2923,51,11,313,161,122,39,47.23440000000001,1.2192,45,11,305,161,126,35,17.063551,0,ok,logs/seed_667073.log
153349,e04y,4,y,baseline_plus_gheft,DHEFT/NHEFT/GHEFT,IRT-only,0.0,0,0,1,0.3362,0.3547,0.6909,58.779899999999984,1.203,51,12,327,164,47,117,53.32912878702164,1.0915,59,13,339,189,114,75,53.32912878702164,1.0915,48,11,331,176,116,60,20.540934,0,ok,logs/seed_153349.log
263035,e04y,4,y,baseline_plus_gheft,DHEFT/NHEFT/GHEFT,IRT-only,0.0,0,0,1,0.3089,0.3708,0.6797,55.13220000000001,1.4234,51,10,324,130,49,81,52.704884201537155,1.3607,67,11,359,183,113,70,52.704884201537155,1.3607,48,10,334,167,120,47,20.738904,0,ok,logs/seed_263035.log
782665,e04y,4,y,baseline_plus_gheft,DHEFT/NHEFT/GHEFT,IRT-only,0.0,0,0,1,0.2966,0.3743,0.6709,56.511400000000016,1.1554,53,12,327,147,40,107,54.787209682804665,1.1201,57,12,326,194,125,69,61.91807110834371,1.2659,50,11,323,176,140,36,18.145833,0,ok,logs/seed_782665.log
372049,e04y,4,y,baseline_plus_gheft,DHEFT/NHEFT/GHEFT,IRT-only,0.0,0,0,1,0.3333,0.3237,0.657,60.45910000000001,1.2871,39,10,318,120,45,75,56.67596070149253,1.2066,55,12,347,187,125,62,52.91474757281553,1.1265,50,12,333,174,134,40,19.726187,0,ok,logs/seed_372049.log
15262,e04y,4,y,baseline_plus_gheft,DHEFT/NHEFT/GHEFT,IRT-only,0.0,0,0,1,0.3709,0.4993,0.8702,61.9508,1.8253,46,11,272,146,40,106,50.70676072850679,1.494,52,11,337,180,121,59,55.87924734896754,1.6464,41,11,301,146,100,46,18.928483,0,ok,logs/seed_15262.log
745342,e04y,4,y,baseline_plus_gheft,DHEFT/NHEFT/GHEFT,IRT-only,0.0,0,0,1,0.3622,0.3378,0.7,59.87589999999999,1.4879,45,13,305,131,42,89,53.803286523553965,1.337,62,14,357,179,117,62,53.94754851485148,1.3406,61,13,359,177,118,59,23.501311,0,ok,logs/seed_745342.log
437809,e04y,4,y,baseline_plus_gheft,DHEFT/NHEFT/GHEFT,IRT-only,0.0,0,0,1,0.3597,0.3727,0.7324,48.2014,1.3683,40,10,275,120,50,70,44.521581284298385,1.2639,52,11,301,137,95,42,40.071045859872605,1.1375,42,10,294,139,102,37,15.53865,0,ok,logs/seed_437809.log
987435,e04y,4,y,baseline_plus_gheft,DHEFT/NHEFT/GHEFT,IRT-only,0.0,0,0,1,0.3703,0.3483,0.7186,53.2462,1.7851,43,11,297,140,40,100,46.16111172319202,1.5475,63,13,335,193,121,72,45.423975,1.5228,50,12,321,160,113,47,21.051822,0,ok,logs/seed_987435.log
146585,e04y,4,y,baseline_plus_gheft,DHEFT/NHEFT/GHEFT,IRT-only,0.0,0,0,1,0.3231,0.3868,0.7099,67.85010000000003,1.5509,45,12,287,112,36,76,70.85587536508302,1.6196,59,11,338,169,107,62,65.38736701307192,1.4946,49,11,338,165,108,57,22.862432,0,ok,logs/seed_146585.log
368863,e04y,4,y,baseline_plus_gheft,DHEFT/NHEFT/GHEFT,IRT-only,0.0,0,0,1,0.3201,0.3662,0.6863,67.9908,1.4108,41,9,315,116,51,65,54.649300000000004,1.134,62,14,343,169,104,65,57.388449970255806,1.1908,50,12,335,164,99,65,25.402021,0,ok,logs/seed_368863.log
572806,e04y,4,y,baseline_plus_gheft,DHEFT/NHEFT/GHEFT,IRT-only,0.0,0,0,1,0.3411,0.3972,0.7383,54.2296,1.4953,42,10,291,137,52,85,40.92519759748428,1.1284,50,12,351,183,118,65,46.782528301886785,1.2899,47,12,331,176,123,53,22.396923,0,ok,logs/seed_572806.log
198288,e04y,4,y,baseline_plus_gheft,DHEFT/NHEFT/GHEFT,IRT-only,0.0,0,0,1,0.3569,0.3819,0.7388,50.13420000000001,1.4239,44,9,312,112,39,73,42.61628075457876,1.2104,54,10,334,159,109,50,44.860041534241,1.2741,55,10,325,153,113,40,21.673655,0,ok,logs/seed_198288.log
110116,e04y,4,y,baseline_plus_gheft,DHEFT/NHEFT/GHEFT,IRT-only,0.0,0,0,1,0.3155,0.3201,0.6356,58.674699999999994,1.3112,43,11,326,126,44,82,59.89270550751254,1.3384,53,14,321,158,99,59,59.77083572454092,1.3357,44,11,313,144,94,50,19.261891,0,ok,logs/seed_110116.log
149047,e04y,4,y,baseline_plus_gheft,DHEFT/NHEFT/GHEFT,IRT-only,0.0,0,0,1,0.3613,0.3719,0.7332,49.1724,1.5722,47,11,290,111,44,67,40.97810556492412,1.3102,48,13,314,139,105,34,42.0855453100159,1.3456,41,12,304,128,103,25,24.812885,0,ok,logs/seed_149047.log
864824,e04y,4,y,baseline_plus_gheft,DHEFT/NHEFT/GHEFT,IRT-only,0.0,0,0,1,0.3136,0.4226,0.7362,57.567400000000006,1.6445,44,13,299,146,43,103,50.60154776632302,1.4455,55,12,320,165,105,60,50.88411866992069,1.4536,45,10,301,156,106,50,18.01902,0,ok,logs/seed_864824.log
801768,e04y,4,y,baseline_plus_gheft,DHEFT/NHEFT/GHEFT,IRT-only,0.0,0,0,1,0.3369,0.3205,0.6574,56.481099999999984,1.5725,44,10,297,129,44,85,43.243604628117915,1.204,56,12,325,154,91,63,53.10336799426698,1.4785,48,11,315,142,84,58,22.522733,0,ok,logs/seed_801768.log
262875,e04y,4,y,baseline_plus_gheft,DHEFT/NHEFT/GHEFT,IRT-only,0.0,0,0,1,0.3349,0.345,0.6799,53.668099999999974,1.387,51,11,310,147,48,99,47.980582781456945,1.24,51,11,315,139,112,27,50.47769606986899,1.3045,47,10,313,152,123,29,18.714675,0,ok,logs/seed_262875.log
524794,e04y,4,y,baseline_plus_gheft,DHEFT/NHEFT/GHEFT,IRT-only,0.0,0,0,1,0.2929,0.2951,0.588,55.62930000000001,1.1019,44,11,320,137,47,90,56.77686845479834,1.1246,63,12,337,167,102,65,53.398104555314546,1.0577,44,10,325,162,112,50,24.112754,0,ok,logs/seed_524794.log
824487,e04y,4,y,baseline_plus_gheft,DHEFT/NHEFT/GHEFT,IRT-only,0.0,0,0,1,0.3083,0.41,0.7183,63.757200000000005,1.4121,39,10,275,113,34,79,61.64129479768787,1.3652,44,9,309,151,115,36,61.078981125226875,1.3528,45,10,302,178,125,53,15.607303,0,ok,logs/seed_824487.log
927335,e04y,4,y,baseline_plus_gheft,DHEFT/NHEFT/GHEFT,IRT-only,0.0,0,0,1,0.3275,0.3682,0.6957,54.737399999999994,1.1948,43,9,311,116,49,67,55.104048806354015,1.2028,52,12,313,159,122,37,55.104048806354015,1.2028,51,12,308,164,111,53,19.69547,0,ok,logs/seed_927335.log
982015,e04y,4,y,baseline_plus_gheft,DHEFT/NHEFT/GHEFT,IRT-only,0.0,0,0,1,0.3472,0.3715,0.7187,51.02689999999999,1.6067,45,10,285,124,46,78,45.5334635,1.4338,56,14,313,158,104,54,45.635970409511245,1.437,52,13,306,162,118,44,18.037266,0,ok,logs/seed_982015.log
205178,e04y,4,y,baseline_plus_gheft,DHEFT/NHEFT/GHEFT,IRT-only,0.0,0,0,1,0.3225,0.3868,0.7093,55.820299999999996,2.0482,37,10,252,90,39,51,42.55238165680474,1.5614,50,11,319,140,95,45,43.66818495415473,1.6023,49,10,318,134,92,42,17.574088,0,ok,logs/seed_205178.log
888604,e04y,4,y,baseline_plus_gheft,DHEFT/NHEFT/GHEFT,IRT-only,0.0,0,0,1,0.3228,0.4009,0.7237,61.50520000000001,1.2525,52,14,330,155,42,113,60.03244914814816,1.2225,47,9,340,168,117,51,60.03244914814816,1.2225,48,10,322,173,116,57,22.172492,0,ok,logs/seed_888604.log
546566,e04y,4,y,baseline_plus_gheft,DHEFT/NHEFT/GHEFT,IRT-only,0.0,0,0,1,0.351,0.2952,0.6462,51.88179999999999,1.0785,45,11,306,119,45,74,49.97090879120879,1.0387,59,13,334,165,94,71,49.97090879120879,1.0387,54,11,310,153,85,68,16.219998,0,ok,logs/seed_546566.log
939943,e04y,4,y,baseline_plus_gheft,DHEFT/NHEFT/GHEFT,IRT-only,0.0,0,0,1,0.3517,0.3853,0.737,54.9113,1.5698,41,9,294,147,52,95,44.627720171511065,1.2758,49,11,312,164,115,49,43.738856781193505,1.2504,49,11,337,167,119,48,16.865603,0,ok,logs/seed_939943.log
461796,e04y,4,y,baseline_plus_gheft,DHEFT/NHEFT/GHEFT,IRT-only,0.0,0,0,1,0.3342,0.4196,0.7538,50.907700000000006,1.1421,51,10,304,112,47,65,46.85771392517005,1.0512,46,10,334,134,95,39,50.245045962732924,1.1272,52,10,323,143,105,38,21.299418,0,ok,logs/seed_461796.log
683805,e04y,4,y,baseline_plus_gheft,DHEFT/NHEFT/GHEFT,IRT-only,0.0,0,0,1,0.3423,0.3485,0.6908,64.9499,1.6088,45,11,319,150,41,109,54.976001000000004,1.3618,49,13,348,177,105,72,54.9204257918552,1.3604,45,12,332,171,109,62,20.589101,0,ok,logs/seed_683805.log
273298,e04y,4,y,baseline_plus_gheft,DHEFT/NHEFT/GHEFT,IRT-only,0.0,0,0,1,0.3009,0.2936,0.5945,51.06320000000001,1.2661,37,9,301,97,44,53,49.61557393310266,1.2302,52,10,339,163,120,43,46.57096341078839,1.1547,42,10,333,156,118,38,20.360953,0,ok,logs/seed_273298.log
870064,e04y,4,y,baseline_plus_gheft,DHEFT/NHEFT/GHEFT,IRT-only,0.0,0,0,1,0.3879,0.4656,0.8535,51.0648,1.425,49,12,293,150,50,100,50.41147183551343,1.4068,47,12,307,169,127,42,50.41147183551343,1.4068,42,11,283,169,124,45,14.884435,0,ok,logs/seed_870064.log
739336,e04y,4,y,baseline_plus_gheft,DHEFT/NHEFT/GHEFT,IRT-only,0.0,0,0,1,0.3002,0.364,0.6642,67.0978,1.4325,38,10,280,142,44,98,57.28371176470589,1.223,55,12,301,186,125,61,57.28371176470589,1.223,47,11,321,183,134,49,16.955733,0,ok,logs/seed_739336.log
374908,e04y,4,y,baseline_plus_gheft,DHEFT/NHEFT/GHEFT,IRT-only,0.0,0,0,1,0.3383,0.4586,0.7969,50.097,1.5325,47,9,299,133,34,99,50.05425813204509,1.5312,54,10,306,164,100,64,50.05425813204509,1.5312,43,10,283,144,96,48,18.969468,0,ok,logs/seed_374908.log
489107,e04y,4,y,baseline_plus_gheft,DHEFT/NHEFT/GHEFT,IRT-only,0.0,0,0,1,0.3101,0.3381,0.6482,59.92530000000001,1.2633,49,10,317,138,40,98,58.001485162895925,1.2227,49,11,336,158,103,55,66.15311240105541,1.3946,46,11,322,156,104,52,20.206622,0,ok,logs/seed_489107.log
676170,e04y,4,y,baseline_plus_gheft,DHEFT/NHEFT/GHEFT,IRT-only,0.0,0,0,1,0.3145,0.3642,0.6787,59.104,1.3379,48,11,334,150,51,99,49.31399655667144,1.1163,57,12,357,186,133,53,50.09036404160475,1.1339,47,12,341,175,134,41,23.133117,0,ok,logs/seed_676170.log
946643,e04y,4,y,baseline_plus_gheft,DHEFT/NHEFT/GHEFT,IRT-only,0.0,0,0,1,0.3614,0.4702,0.8316,61.316500000000005,1.6949,50,15,291,151,40,111,48.08132346570399,1.329,63,17,336,198,111,87,50.91917480966767,1.4075,55,15,319,208,127,81,20.085177,0,ok,logs/seed_946643.log
245576,e04y,4,y,baseline_plus_gheft,DHEFT/NHEFT/GHEFT,IRT-only,0.0,0,0,1,0.3348,0.4222,0.757,54.65229999999999,1.5889,53,10,306,127,46,81,38.94590434782609,1.1322,64,11,338,172,105,67,44.5855,1.2962,53,12,343,171,111,60,19.950512,0,ok,logs/seed_245576.log
61677,e04y,4,y,baseline_plus_gheft,DHEFT/NHEFT/GHEFT,IRT-only,0.0,0,0,1,0.3412,0.3706,0.7118,64.934,1.426,42,11,301,142,47,95,49.68097263289631,1.091,54,11,316,160,89,71,60.64827993138937,1.3318,48,10,295,137,93,44,19.384193,0,ok,logs/seed_61677.log
985204,e04y,4,y,baseline_plus_gheft,DHEFT/NHEFT/GHEFT,IRT-only,0.0,0,0,1,0.3149,0.4405,0.7554,65.4725,1.8718,44,10,294,128,39,89,48.985745838429445,1.4005,73,15,350,186,109,77,47.72405348346237,1.3644,61,13,325,161,109,52,19.671387,0,ok,logs/seed_985204.log
957734,e04y,4,y,baseline_plus_gheft,DHEFT/NHEFT/GHEFT,IRT-only,0.0,0,0,1,0.3554,0.4222,0.7776,41.41259999999998,1.3315,42,10,314,116,44,72,39.82565244508671,1.2805,57,13,336,176,113,63,43.221542857142865,1.3897,45,11,312,135,103,32,19.736019,0,ok,logs/seed_957734.log
586973,e04y,4,y,baseline_plus_gheft,DHEFT/NHEFT/GHEFT,IRT-only,0.0,0,0,1,0.3053,0.3303,0.6356,52.432500000000005,1.4177,44,10,299,130,47,83,50.03393980126184,1.3529,44,11,314,147,96,51,46.803561370716515,1.2655,40,11,324,147,103,44,20.048063,0,ok,logs/seed_586973.log
81222,e04y,4,y,baseline_plus_gheft,DHEFT/NHEFT/GHEFT,IRT-only,0.0,0,0,1,0.3095,0.3813,0.6908,51.6779,1.6017,37,8,297,113,39,74,47.991589400521285,1.4875,59,15,333,181,110,71,48.91482150072149,1.5161,46,11,313,152,96,56,16.172591,0,ok,logs/seed_81222.log
985268,e04y,4,y,baseline_plus_gheft,DHEFT/NHEFT/GHEFT,IRT-only,0.0,0,0,1,0.3585,0.4404,0.7989,50.387100000000004,1.3753,40,11,295,124,52,72,43.270063720073665,1.181,55,11,338,191,118,73,55.227507761868885,1.5074,41,10,312,164,117,47,15.801203,0,ok,logs/seed_985268.log
240715,e04y,4,y,baseline_plus_gheft,DHEFT/NHEFT/GHEFT,IRT-only,0.0,0,0,1,0.3626,0.3943,0.7569,48.5003,1.3246,41,8,298,121,52,69,43.937503328211356,1.2,52,12,309,160,115,45,45.977848167539264,1.2557,47,11,319,159,115,44,18.555201,0,ok,logs/seed_240715.log
336806,e04y,4,y,baseline_plus_gheft,DHEFT/NHEFT/GHEFT,IRT-only,0.0,0,0,1,0.3431,0.4498,0.7929,63.555699999999995,1.8992,41,8,283,117,43,74,52.47347871524449,1.5681,65,12,356,196,119,77,51.96813946153846,1.553,51,11,350,159,116,43,24.656347,0,ok,logs/seed_336806.log
431396,e04y,4,y,baseline_plus_gheft,DHEFT/NHEFT/GHEFT,IRT-only,0.0,0,0,1,0.3647,0.3869,0.7516,50.987300000000005,1.3793,44,9,303,107,39,68,45.919553066332924,1.2422,59,13,328,173,110,63,45.709354810623566,1.2365,47,12,315,163,114,49,19.238944,0,ok,logs/seed_431396.log
850253,e04y,4,y,baseline_plus_gheft,DHEFT/NHEFT/GHEFT,IRT-only,0.0,0,0,1,0.3421,0.399,0.7411,48.032700000000006,1.3653,48,11,301,128,48,80,39.910458376638864,1.1345,54,12,332,154,104,50,41.20373636363637,1.1712,41,10,318,136,98,38,16.664558,0,ok,logs/seed_850253.log
342204,e04y,4,y,baseline_plus_gheft,DHEFT/NHEFT/GHEFT,IRT-only,0.0,0,0,1,0.3567,0.4041,0.7608,55.2037,1.8523,49,13,281,134,37,97,51.70911054882394,1.7351,55,13,327,180,99,81,51.70911054882394,1.7351,43,12,317,166,104,62,18.411783,0,ok,logs/seed_342204.log
810991,e04y,4,y,baseline_plus_gheft,DHEFT/NHEFT/GHEFT,IRT-only,0.0,0,0,1,0.2991,0.3011,0.6002,52.828900000000004,1.3949,40,11,277,117,40,77,48.14787181545064,1.2713,53,13,299,153,103,50,63.64640000000001,1.6805,38,11,280,140,103,37,20.354189,0,ok,logs/seed_810991.log
895124,e04y,4,y,baseline_plus_gheft,DHEFT/NHEFT/GHEFT,IRT-only,0.0,0,0,1,0.3067,0.4082,0.7149,58.088699999999996,1.6672,52,11,323,152,39,113,55.26325182341652,1.5861,62,12,359,173,105,68,45.916593353941266,1.3178,54,10,345,154,104,50,21.693844,0,ok,logs/seed_895124.log
437866,e04y,4,y,baseline_plus_gheft,DHEFT/NHEFT/GHEFT,IRT-only,0.0,0,0,1,0.3632,0.4164,0.7796,63.15619999999999,1.5091,41,8,265,120,37,83,48.663268225312464,1.1628,54,12,298,146,95,51,48.95756808101232,1.1698,51,12,288,150,100,50,20.862689,0,ok,logs/seed_437866.log
246441,e04y,4,y,baseline_plus_gheft,DHEFT/NHEFT/GHEFT,IRT-only,0.0,0,0,1,0.3064,0.2813,0.5877,52.855999999999995,1.2728,45,9,301,123,40,83,44.70080611841101,1.0764,61,13,349,174,108,66,47.109601240876614,1.1345,49,12,290,164,112,52,21.873311,0,ok,logs/seed_246441.log
834777,e04y,4,y,baseline_plus_gheft,DHEFT/NHEFT/GHEFT,IRT-only,0.0,0,0,1,0.3411,0.4353,0.7764,59.65179999999999,1.5493,45,9,295,132,39,93,56.81118654913295,1.4755,61,15,330,200,133,67,53.47312280184235,1.3888,52,12,338,165,105,60,22.353223,0,ok,logs/seed_834777.log
159109,e04y,4,y,baseline_plus_gheft,DHEFT/NHEFT/GHEFT,IRT-only,0.0,0,0,1,0.3117,0.3287,0.6404,72.15480000000001,1.8428,45,12,291,149,43,106,63.94488396369138,1.6331,63,13,354,183,119,64,59.40251617852162,1.5171,58,12,334,175,139,36,21.270922,0,ok,logs/seed_159109.log
469145,e04y,4,y,baseline_plus_gheft,DHEFT/NHEFT/GHEFT,IRT-only,0.0,0,0,1,0.3315,0.3322,0.6637,56.7524,1.6688,35,8,273,129,49,80,42.99563440860214,1.2643,50,11,308,168,109,59,50.01293440860216,1.4707,47,10,309,168,119,49,15.008904,0,ok,logs/seed_469145.log
359039,e04y,4,y,baseline_plus_gheft,DHEFT/NHEFT/GHEFT,IRT-only,0.0,0,0,1,0.325,0.325,0.65,57.8157,1.4121,39,8,281,96,38,58,46.075000999999986,1.1254,51,12,319,134,84,50,47.06991101251564,1.1497,48,11,326,147,83,64,16.656022,0,ok,logs/seed_359039.log
441554,e04y,4,y,baseline_plus_gheft,DHEFT/NHEFT/GHEFT,IRT-only,0.0,0,0,1,0.365,0.4427,0.8077,66.4274,1.2819,46,11,305,132,40,92,55.040963618648796,1.0621,61,13,339,181,114,67,76.42668915325402,1.4748,56,11,332,170,102,68,21.150384,0,ok,logs/seed_441554.log
981230,e04y,4,y,baseline_plus_gheft,DHEFT/NHEFT/GHEFT,IRT-only,0.0,0,0,1,0.3477,0.4173,0.765,57.8748,1.5664,43,9,304,118,46,72,52.62185723172629,1.4242,52,11,313,168,117,51,54.23165100671141,1.4678,48,11,321,152,116,36,21.751303,0,ok,logs/seed_981230.log
386385,e04y,4,y,baseline_plus_gheft,DHEFT/NHEFT/GHEFT,IRT-only,0.0,0,0,1,0.3467,0.4408,0.7875,46.3882,1.1992,39,9,301,127,50,77,42.28276422489392,1.093,48,9,319,151,108,43,45.89471636726548,1.1864,44,8,300,154,117,37,17.698929,0,ok,logs/seed_386385.log
667900,e04y,4,y,baseline_plus_gheft,DHEFT/NHEFT/GHEFT,IRT-only,0.0,0,0,1,0.3056,0.421,0.7266,53.64479999999997,1.4978,47,9,316,122,32,90,48.434406128205126,1.3523,65,15,352,179,93,86,48.45841938461538,1.353,53,12,329,158,102,56,23.471309,0,ok,logs/seed_667900.log
361299,e04y,4,y,baseline_plus_gheft,DHEFT/NHEFT/GHEFT,IRT-only,0.0,0,0,1,0.3361,0.4488,0.7849,52.77199999999999,1.4073,43,13,295,141,42,99,43.28789966920388,1.1544,56,13,325,189,133,56,43.755517069109075,1.1669,59,14,325,191,131,60,21.129929,0,ok,logs/seed_361299.log
270600,e04y,4,y,baseline_plus_gheft,DHEFT/NHEFT/GHEFT,IRT-only,0.0,0,0,1,0.3318,0.326,0.6578,55.829800000000006,1.652,39,11,268,129,43,86,48.526613329486445,1.4359,56,14,314,172,113,59,47.55148776266997,1.407,55,14,309,173,132,41,17.526107,0,ok,logs/seed_270600.log
399493,e04y,4,y,baseline_plus_gheft,DHEFT/NHEFT/GHEFT,IRT-only,0.0,0,0,1,0.3045,0.3341,0.6386,51.5615,1.2275,38,11,284,110,44,66,49.326375765509994,1.1743,54,12,307,149,101,48,49.68891290322579,1.1829,46,11,305,141,99,42,20.299856,0,ok,logs/seed_399493.log
344401,e04y,4,y,baseline_plus_gheft,DHEFT/NHEFT/GHEFT,IRT-only,0.0,0,0,1,0.3824,0.3943,0.7767,55.08689999999998,1.3985,48,13,307,159,47,112,46.5461392019124,1.1816,59,13,338,187,137,50,49.40979326864767,1.2543,52,12,337,167,128,39,22.119973,0,ok,logs/seed_344401.log
440653,e04y,4,y,baseline_plus_gheft,DHEFT/NHEFT/GHEFT,IRT-only,0.0,0,0,1,0.3156,0.3281,0.6437,69.0416,1.3413,45,9,316,143,41,102,57.848023824451424,1.1238,67,13,364,194,115,79,67.4064564858934,1.3095,56,13,360,186,131,55,20.244134,0,ok,logs/seed_440653.log
422829,e04y,4,y,baseline_plus_gheft,DHEFT/NHEFT/GHEFT,IRT-only,0.0,0,0,1,0.294,0.4525,0.7465,62.13490000000001,1.5339,42,10,309,119,50,69,56.36940079681275,1.3916,64,15,334,178,110,68,59.3541796812749,1.4653,52,12,328,174,131,43,19.069116,0,ok,logs/seed_422829.log
194493,e04y,4,y,baseline_plus_gheft,DHEFT/NHEFT/GHEFT,IRT-only,0.0,0,0,1,0.3339,0.391,0.7249,67.1421,1.5081,46,11,323,155,55,100,61.539704225806446,1.3822,62,12,353,181,121,60,62.13566021505376,1.3956,55,10,345,170,124,46,22.275426,0,ok,logs/seed_194493.log
79088,e04y,4,y,baseline_plus_gheft,DHEFT/NHEFT/GHEFT,IRT-only,0.0,0,0,1,0.3104,0.3793,0.6897,62.4595,1.3205,51,11,319,130,44,86,55.19648635031847,1.167,61,14,350,178,113,65,53.3065,1.127,49,11,338,165,114,51,16.613181,0,ok,logs/seed_79088.log
144274,e04y,4,y,baseline_plus_gheft,DHEFT/NHEFT/GHEFT,IRT-only,0.0,0,0,1,0.2752,0.3169,0.5921,53.91870000000001,1.4009,49,12,309,146,44,102,51.351868371467035,1.3342,56,12,347,187,132,55,53.88151179976164,1.3999,49,11,340,178,128,50,21.501424,0,ok,logs/seed_144274.log
568701,e04y,4,y,baseline_plus_gheft,DHEFT/NHEFT/GHEFT,IRT-only,0.0,0,0,1,0.3763,0.473,0.8493,55.652300000000004,1.9292,40,9,278,118,38,80,41.84530459937402,1.4506,57,13,331,162,106,56,42.02585858998435,1.4568,45,11,329,142,87,55,17.682719,0,ok,logs/seed_568701.log
643829,e04y,4,y,baseline_plus_gheft,DHEFT/NHEFT/GHEFT,IRT-only,0.0,0,0,1,0.3212,0.3724,0.6936,48.2624,1.3254,48,12,326,132,55,77,41.77462151898733,1.1472,57,11,334,168,111,57,41.49692151898735,1.1396,54,11,345,171,115,56,21.560475,0,ok,logs/seed_643829.log
271983,e04y,4,y,baseline_plus_gheft,DHEFT/NHEFT/GHEFT,IRT-only,0.0,0,0,1,0.3218,0.3374,0.6592,51.40179999999999,1.4187,43,11,311,140,49,91,45.453198880487584,1.2545,60,13,343,171,115,56,46.090752149887294,1.2721,51,9,324,164,123,41,21.544505,0,ok,logs/seed_271983.log
197314,e04y,4,y,baseline_plus_gheft,DHEFT/NHEFT/GHEFT,IRT-only,0.0,0,0,1,0.3143,0.3343,0.6486,53.34100000000001,1.3878,47,10,310,129,57,72,50.65000115425988,1.3177,58,14,328,174,116,58,51.32263843724696,1.3352,53,13,322,183,125,58,20.321945,0,ok,logs/seed_197314.log
994686,e04y,4,y,baseline_plus_gheft,DHEFT/NHEFT/GHEFT,IRT-only,0.0,0,0,1,0.3585,0.4924,0.8509,52.60099999999998,1.4209,46,11,334,145,43,102,44.563394103448275,1.2038,56,11,341,163,118,45,49.12989410344828,1.3272,44,9,322,148,111,37,20.13825,0,ok,logs/seed_994686.log
282842,e04y,4,y,baseline_plus_gheft,DHEFT/NHEFT/GHEFT,IRT-only,0.0,0,0,1,0.3469,0.4409,0.7878,55.8943,1.4866,36,8,284,116,49,67,53.39927243867245,1.4202,47,10,311,163,118,45,57.77214073506891,1.5365,44,11,305,145,113,32,15.895886,0,ok,logs/seed_282842.log
137602,e04y,4,y,baseline_plus_gheft,DHEFT/NHEFT/GHEFT,IRT-only,0.0,0,0,1,0.3365,0.3411,0.6776,48.094600000000014,1.0324,42,9,302,116,48,68,48.8218153846154,1.048,58,12,316,178,127,51,48.83068429319373,1.0482,48,12,309,150,115,35,22.868662,0,ok,logs/seed_137602.log
472131,e04y,4,y,baseline_plus_gheft,DHEFT/NHEFT/GHEFT,IRT-only,0.0,0,0,1,0.3124,0.3188,0.6312,59.42400000000001,1.4225,42,11,293,132,46,86,49.88300744985674,1.1941,58,13,322,176,111,65,53.96369039242218,1.2918,55,12,314,168,119,49,18.301814,0,ok,logs/seed_472131.log
327054,e04y,4,y,baseline_plus_gheft,DHEFT/NHEFT/GHEFT,IRT-only,0.0,0,0,1,0.3496,0.403,0.7526,58.259600000000006,1.529,40,10,274,109,39,70,50.32491446384039,1.3208,50,11,312,150,99,51,50.49131446384039,1.3251,47,11,294,146,100,46,17.333341,0,ok,logs/seed_327054.log
416581,e04y,4,y,baseline_plus_gheft,DHEFT/NHEFT/GHEFT,IRT-only,0.0,0,0,1,0.3275,0.388,0.7155,55.5048,1.3563,41,9,314,119,50,69,50.26020769456067,1.2282,55,11,352,152,94,58,54.95012738423052,1.3428,47,10,331,155,105,50,18.70417,0,ok,logs/seed_416581.log
223716,e04y,4,y,baseline_plus_gheft,DHEFT/NHEFT/GHEFT,IRT-only,0.0,0,0,1,0.3262,0.4641,0.7903,57.4708,1.4959,53,14,336,164,52,112,48.13934285714286,1.253,50,14,337,169,119,50,48.13934285714286,1.253,43,12,341,147,121,26,26.352175,0,ok,logs/seed_223716.log
116436,e04y,4,y,baseline_plus_gheft,DHEFT/NHEFT/GHEFT,IRT-only,0.0,0,0,1,0.3427,0.4316,0.7743,52.471700000000006,1.4154,49,11,318,151,44,107,46.66836530078466,1.2589,75,15,354,215,142,73,44.92938566221142,1.212,55,13,335,197,132,65,21.570216,0,ok,logs/seed_116436.log
650936,e04y,4,y,baseline_plus_gheft,DHEFT/NHEFT/GHEFT,IRT-only,0.0,0,0,1,0.3143,0.4772,0.7915,50.7901,1.5081,41,9,253,111,50,61,49.05626548323473,1.4566,51,11,294,146,115,31,49.38622223806131,1.4664,41,10,289,126,101,25,16.028309,0,ok,logs/seed_650936.log
516657,e04y,4,y,baseline_plus_gheft,DHEFT/NHEFT/GHEFT,IRT-only,0.0,0,0,1,0.3333,0.3873,0.7206,53.38279999999999,1.3224,46,12,329,143,43,100,48.97086895640687,1.2131,66,14,344,203,126,77,48.84726895640687,1.2101,55,13,312,167,114,53,18.779285,0,ok,logs/seed_516657.log
687865,e04y,4,y,baseline_plus_gheft,DHEFT/NHEFT/GHEFT,IRT-only,0.0,0,0,1,0.3129,0.4309,0.7438,57.18990000000001,1.6855,40,10,279,126,46,80,50.11264679802955,1.4769,50,13,316,158,115,43,56.420950193050196,1.6628,45,12,300,154,120,34,15.737278,0,ok,logs/seed_687865.log
715106,e04y,4,y,baseline_plus_gheft,DHEFT/NHEFT/GHEFT,IRT-only,0.0,0,0,1,0.3372,0.3589,0.6961,54.36010000000001,1.2632,42,9,321,113,42,71,45.308139573820405,1.0529,51,12,326,147,107,40,45.41867325433526,1.0554,44,11,314,141,109,32,21.464669,0,ok,logs/seed_715106.log
293374,e04y,4,y,baseline_plus_gheft,DHEFT/NHEFT/GHEFT,IRT-only,0.0,0,0,1,0.3365,0.3982,0.7347,56.00039999999999,1.4256,36,10,294,123,43,80,45.04130099999999,1.1466,52,12,319,146,92,54,41.03109187947882,1.0445,46,10,311,136,90,46,19.262212,0,ok,logs/seed_293374.log
658834,e04y,4,y,baseline_plus_gheft,DHEFT/NHEFT/GHEFT,IRT-only,0.0,0,0,1,0.3617,0.5009,0.8626,49.95769999999999,1.4949,41,9,306,108,54,54,45.357696021432595,1.3573,52,12,316,140,102,38,46.41632836999435,1.3889,48,11,311,144,108,36,19.631414,0,ok,logs/seed_658834.log
23329,e04y,4,y,baseline_plus_gheft,DHEFT/NHEFT/GHEFT,IRT-only,0.0,0,0,1,0.3397,0.3249,0.6646,48.4268,1.5534,51,13,311,152,49,103,39.92134875346261,1.2805,62,15,340,192,117,75,39.84174150943395,1.278,55,14,328,173,122,51,18.076986,0,ok,logs/seed_23329.log
661707,e04y,4,y,baseline_plus_gheft,DHEFT/NHEFT/GHEFT,IRT-only,0.0,0,0,1,0.3558,0.3745,0.7303,59.077799999999996,1.2689,48,13,314,144,47,97,49.57227495185633,1.0647,58,13,335,184,129,55,55.95134967860188,1.2017,47,10,330,176,122,54,19.830349,0,ok,logs/seed_661707.log
579773,e04y,4,y,baseline_plus_gheft,DHEFT/NHEFT/GHEFT,IRT-only,0.0,0,0,1,0.3563,0.4497,0.806,64.9337,1.6392,43,10,279,130,45,85,54.096842827541835,1.3657,57,12,325,173,114,59,74.48952409638557,1.8805,52,11,299,165,121,44,19.609995,0,ok,logs/seed_579773.log
688431,e04y,4,y,baseline_plus_gheft,DHEFT/NHEFT/GHEFT,IRT-only,0.0,0,0,1,0.3254,0.3533,0.6787,64.9389,1.4284,36,10,296,115,46,69,61.59724136833732,1.3549,48,11,316,151,113,38,62.98734983158744,1.3855,47,10,298,150,119,31,21.895528,0,ok,logs/seed_688431.log
735633,e04y,4,y,baseline_plus_gheft,DHEFT/NHEFT/GHEFT,IRT-only,0.0,0,0,1,0.3313,0.3831,0.7144,64.34189999999998,1.4755,51,11,316,154,37,117,62.943360556461,1.4434,60,13,345,200,113,87,62.9316135250291,1.4431,46,11,326,168,109,59,18.419646,0,ok,logs/seed_735633.log
208263,e04y,4,y,baseline_plus_gheft,DHEFT/NHEFT/GHEFT,IRT-only,0.0,0,0,1,0.3272,0.3558,0.683,52.62650000000001,1.2375,40,10,311,136,45,91,49.87942252559726,1.1729,50,13,311,160,115,45,50.364228399518645,1.1843,42,13,300,162,118,44,18.758603,0,ok,logs/seed_208263.log
733953,e04y,4,y,baseline_plus_gheft,DHEFT/NHEFT/GHEFT,IRT-only,0.0,0,0,1,0.3409,0.3535,0.6944,55.20830000000001,1.3827,49,11,335,146,42,104,48.916034649910245,1.2251,57,14,349,187,104,83,47.71623464991024,1.1951,52,13,341,180,119,61,18.224113,0,ok,logs/seed_733953.log
241442,e04y,4,y,baseline_plus_gheft,DHEFT/NHEFT/GHEFT,IRT-only,0.0,0,0,1,0.3213,0.4445,0.7658,60.1736,1.8544,43,10,296,120,42,78,49.42191495348837,1.5231,61,14,326,174,114,60,49.13880498671096,1.5143,48,12,315,148,109,39,21.5284,0,ok,logs/seed_241442.log
665452,e04y,4,y,baseline_plus_gheft,DHEFT/NHEFT/GHEFT,IRT-only,0.0,0,0,1,0.3468,0.3586,0.7054,51.73,1.2114,43,9,306,132,49,83,46.95520367052317,1.0996,53,11,329,166,114,52,49.79930283806345,1.1662,49,11,336,174,123,51,23.264552,0,ok,logs/seed_665452.log
631051,e04y,4,y,baseline_plus_gheft,DHEFT/NHEFT/GHEFT,IRT-only,0.0,0,0,1,0.3229,0.3804,0.7033,56.74800000000001,1.9544,40,8,290,110,43,67,49.565455743481316,1.707,51,13,330,164,108,56,49.565455743481316,1.707,46,11,320,172,107,65,20.28545,0,ok,logs/seed_631051.log
497919,e04y,4,y,baseline_plus_gheft,DHEFT/NHEFT/GHEFT,IRT-only,0.0,0,0,1,0.3062,0.3757,0.6819,56.9294,1.3801,46,13,314,143,39,104,49.30262818791946,1.1952,57,13,332,175,106,69,52.339,1.2688,57,12,328,165,99,66,20.541876,0,ok,logs/seed_497919.log
960027,e04y,4,y,baseline_plus_gheft,DHEFT/NHEFT/GHEFT,IRT-only,0.0,0,0,1,0.3601,0.385,0.7451,61.3671,1.9137,42,9,260,115,40,75,40.5831387250623,1.2656,49,10,290,129,80,49,51.40856718146718,1.6032,44,10,284,122,85,37,15.332679,0,ok,logs/seed_960027.log
305476,e04y,4,y,baseline_plus_gheft,DHEFT/NHEFT/GHEFT,IRT-only,0.0,0,0,1,0.3788,0.4678,0.8466,65.07099999999998,1.3651,42,9,325,116,52,64,53.428224713349934,1.1208,50,10,321,157,114,43,53.246458869701726,1.117,48,11,316,170,116,54,19.996779,0,ok,logs/seed_305476.log
365837,e04y,4,y,baseline_plus_gheft,DHEFT/NHEFT/GHEFT,IRT-only,0.0,0,0,1,0.3108,0.357,0.6678,62.92239999999999,1.5276,38,9,286,129,40,89,56.573417069109084,1.3735,60,12,341,190,118,72,60.647240540540544,1.4724,52,12,317,173,102,71,19.910029,0,ok,logs/seed_365837.log
514986,e04y,4,y,baseline_plus_gheft,DHEFT/NHEFT/GHEFT,IRT-only,0.0,0,0,1,0.3008,0.4546,0.7554,75.89099999999998,1.3282,42,13,278,137,38,99,65.60636402877697,1.1482,55,12,335,189,113,76,75.1643924302789,1.3155,51,12,316,169,107,62,18.936153,0,ok,logs/seed_514986.log
291361,e04y,4,y,baseline_plus_gheft,DHEFT/NHEFT/GHEFT,IRT-only,0.0,0,0,1,0.3898,0.3747,0.7645,57.48810000000002,1.3906,46,10,315,138,48,90,48.87114578754579,1.1821,48,11,316,147,107,40,48.87114578754579,1.1821,47,10,315,151,106,45,16.21134,0,ok,logs/seed_291361.log
831040,e04y,4,y,baseline_plus_gheft,DHEFT/NHEFT/GHEFT,IRT-only,0.0,0,0,1,0.3331,0.3426,0.6757,63.4602,1.4704,45,11,305,153,53,100,61.174107942590126,1.4174,51,13,307,163,116,47,49.50441283292979,1.147,52,14,311,167,110,57,15.574805,0,ok,logs/seed_831040.log
900613,e04y,4,y,baseline_plus_gheft,DHEFT/NHEFT/GHEFT,IRT-only,0.0,0,0,1,0.3167,0.3635,0.6802,47.91749999999999,1.2418,45,10,319,133,44,89,41.747733647375505,1.0819,51,12,345,154,103,51,53.65709323300972,1.3906,52,10,323,162,102,60,17.969464,0,ok,logs/seed_900613.log
738426,e04y,4,y,baseline_plus_gheft,DHEFT/NHEFT/GHEFT,IRT-only,0.0,0,0,1,0.3324,0.4148,0.7472,55.197900000000004,1.3752,39,8,307,126,49,77,52.289677,1.3027,48,11,342,175,135,40,52.289677,1.3027,46,10,326,159,130,29,19.453246,0,ok,logs/seed_738426.log
924607,e04y,4,y,baseline_plus_gheft,DHEFT/NHEFT/GHEFT,IRT-only,0.0,0,0,1,0.3431,0.4831,0.8262,48.6404,1.2398,47,11,300,125,43,82,45.69209390681005,1.1646,51,12,328,189,112,77,46.52945077793494,1.1859,49,12,314,169,115,54,25.819188,0,ok,logs/seed_924607.log
461861,e04y,4,y,baseline_plus_gheft,DHEFT/NHEFT/GHEFT,IRT-only,0.0,0,0,1,0.3009,0.378,0.6789,53.828500000000005,1.6341,44,7,281,99,33,66,44.96954660327197,1.3652,55,10,319,134,87,47,48.24778055555555,1.4647,46,9,287,111,75,36,15.159256,0,ok,logs/seed_461861.log
854725,e04y,4,y,baseline_plus_gheft,DHEFT/NHEFT/GHEFT,IRT-only,0.0,0,0,1,0.3412,0.3948,0.736,58.852,1.6423,51,12,321,158,42,116,47.464865365025474,1.3245,60,14,352,178,109,69,48.37840592662276,1.35,53,14,347,165,109,56,20.667807,0,ok,logs/seed_854725.log
808927,e04y,4,y,baseline_plus_gheft,DHEFT/NHEFT/GHEFT,IRT-only,0.0,0,0,1,0.3522,0.5137,0.8659,59.334599999999995,1.679,38,10,271,106,44,62,46.11431017311375,1.3049,46,10,314,158,108,50,46.469809312872236,1.3149,43,11,305,129,87,42,24.099712,0,ok,logs/seed_808927.log
826006,e04y,4,y,baseline_plus_gheft,DHEFT/NHEFT/GHEFT,IRT-only,0.0,0,0,1,0.3214,0.4072,0.7286,53.84210000000001,1.2469,42,10,292,118,45,73,50.220621752738644,1.1631,54,12,317,160,110,50,50.220621752738644,1.1631,54,14,312,165,114,51,20.27003,0,ok,logs/seed_826006.log
522333,e04y,4,y,baseline_plus_gheft,DHEFT/NHEFT/GHEFT,IRT-only,0.0,0,0,1,0.3299,0.4832,0.8131,55.5723,1.4948,48,11,301,120,36,84,48.631387281102896,1.3081,63,14,339,162,90,72,48.631387281102896,1.3081,51,12,321,142,97,45,19.521502,0,ok,logs/seed_522333.log
245912,e04y,4,y,baseline_plus_gheft,DHEFT/NHEFT/GHEFT,IRT-only,0.0,0,0,1,0.3546,0.4547,0.8093,62.81299999999999,1.3737,35,8,295,113,43,70,54.28665555474454,1.1873,46,10,320,151,107,44,49.95717862708232,1.0926,55,12,315,171,106,65,24.638455,0,ok,logs/seed_245912.log
758389,e04y,4,y,baseline_plus_gheft,DHEFT/NHEFT/GHEFT,IRT-only,0.0,0,0,1,0.3501,0.3987,0.7488,55.5768,1.6988,49,13,309,159,52,107,44.05939999999999,1.3468,56,12,312,164,111,53,43.04019999999999,1.3156,51,12,316,175,118,57,20.418462,0,ok,logs/seed_758389.log
631363,e04y,4,y,baseline_plus_gheft,DHEFT/NHEFT/GHEFT,IRT-only,0.0,0,0,1,0.3358,0.3992,0.735,60.77000000000001,1.6354,41,10,298,129,40,89,57.644562913907286,1.5513,55,12,332,189,124,65,57.65986291390728,1.5517,51,11,332,174,126,48,21.747783,0,ok,logs/seed_631363.log
766985,e04y,4,y,baseline_plus_gheft,DHEFT/NHEFT/GHEFT,IRT-only,0.0,0,0,1,0.3406,0.3392,0.6798,54.9741,1.4187,48,10,298,125,43,82,45.140690154704934,1.1649,53,12,306,168,109,59,45.32059363645118,1.1696,44,10,303,156,107,49,20.001553,0,ok,logs/seed_766985.log
582309,e04y,4,y,baseline_plus_gheft,DHEFT/NHEFT/GHEFT,IRT-only,0.0,0,0,1,0.345,0.3186,0.6636,54.4469,1.6655,37,7,265,109,41,68,43.69176938775511,1.3365,51,11,302,141,97,44,44.60939701492538,1.3645,40,10,287,130,84,46,14.680362,0,ok,logs/seed_582309.log
846927,e04y,4,y,baseline_plus_gheft,DHEFT/NHEFT/GHEFT,IRT-only,0.0,0,0,1,0.3221,0.4104,0.7325,60.15080000000001,1.7142,49,10,318,141,37,104,49.35828644067796,1.4066,74,15,376,197,98,99,54.27118715476942,1.5466,52,11,338,154,96,58,21.084576,0,ok,logs/seed_846927.log
763059,e04y,4,y,baseline_plus_gheft,DHEFT/NHEFT/GHEFT,IRT-only,0.0,0,0,1,0.3638,0.4451,0.8089,64.7412,1.5467,44,10,301,133,47,86,60.59609965910263,1.4476,60,13,332,196,123,73,51.31538552874847,1.2259,46,10,317,159,108,51,17.053432,0,ok,logs/seed_763059.log
861602,e04y,4,y,baseline_plus_gheft,DHEFT/NHEFT/GHEFT,IRT-only,0.0,0,0,1,0.3837,0.4277,0.8114,53.735099999999996,1.6293,47,12,323,149,40,109,48.23713979957051,1.4626,54,12,346,192,116,76,49.93423979957049,1.5141,47,12,332,169,111,58,20.669034,0,ok,logs/seed_861602.log
631173,e04y,4,y,baseline_plus_gheft,DHEFT/NHEFT/GHEFT,IRT-only,0.0,0,0,1,0.3413,0.3484,0.6897,58.625499999999995,1.4399,45,12,298,123,41,82,58.06645165554231,1.4261,58,12,328,169,110,59,61.893210196987255,1.5201,46,10,296,143,110,33,21.732776,0,ok,logs/seed_631173.log
53408,e04y,4,y,baseline_plus_gheft,DHEFT/NHEFT/GHEFT,IRT-only,0.0,0,0,1,0.3406,0.4109,0.7515,64.4859,1.6504,57,13,295,180,50,130,55.2682909580239,1.4145,51,12,317,152,104,48,55.381890958023895,1.4174,45,10,316,155,110,45,21.330626,0,ok,logs/seed_53408.log
328439,e04y,4,y,baseline_plus_gheft,DHEFT/NHEFT/GHEFT,IRT-only,0.0,0,0,1,0.3155,0.3558,0.6713,59.866899999999994,1.6709,44,11,293,119,46,73,46.14602747875354,1.288,58,12,324,167,97,70,56.354265864864864,1.5729,49,11,322,170,111,59,18.604141,0,ok,logs/seed_328439.log
1087,e04y,4,y,baseline_plus_gheft,DHEFT/NHEFT/GHEFT,IRT-only,0.0,0,0,1,0.3129,0.4049,0.7178,65.68889999999999,1.5383,49,15,293,152,40,112,58.20944770206023,1.3632,53,13,313,166,108,58,58.20944770206023,1.3632,56,13,319,166,113,53,15.882467,0,ok,logs/seed_1087.log
577361,e04y,4,y,baseline_plus_gheft,DHEFT/NHEFT/GHEFT,IRT-only,0.0,0,0,1,0.3603,0.4334,0.7937,60.428699999999985,1.4601,37,8,270,113,43,70,44.66598126086955,1.0793,61,13,336,170,107,63,47.01711594202899,1.1361,49,11,325,151,107,44,17.091346,0,ok,logs/seed_577361.log
72146,e04y,4,y,baseline_plus_gheft,DHEFT/NHEFT/GHEFT,IRT-only,0.0,0,0,1,0.3342,0.3914,0.7256,49.76189999999998,1.4895,44,10,316,144,49,95,40.955014640198506,1.2259,62,13,350,201,140,61,45.424909348441915,1.3597,57,11,334,187,141,46,22.636748,0,ok,logs/seed_72146.log
479068,e04y,4,y,baseline_plus_gheft,DHEFT/NHEFT/GHEFT,IRT-only,0.0,0,0,1,0.2788,0.3629,0.6417,58.6417,1.8591,48,14,274,151,36,115,52.73788168127489,1.6719,50,14,317,182,106,76,46.545891224862885,1.4756,47,14,301,171,110,61,14.880218,0,ok,logs/seed_479068.log
267093,e04y,4,y,baseline_plus_gheft,DHEFT/NHEFT/GHEFT,IRT-only,0.0,0,0,1,0.2603,0.3324,0.5927,66.29589999999999,1.6478,44,11,297,136,35,101,54.84046983857264,1.3631,62,14,334,174,109,65,57.69099042145596,1.4339,56,13,327,174,122,52,18.645695,0,ok,logs/seed_267093.log
174052,e04y,4,y,baseline_plus_gheft,DHEFT/NHEFT/GHEFT,IRT-only,0.0,0,0,1,0.3035,0.3617,0.6652,52.464400000000005,1.4085,44,11,317,127,44,83,40.981039656311964,1.1002,53,11,334,151,108,43,45.41339922405817,1.2192,50,11,329,168,122,46,22.077379,0,ok,logs/seed_174052.log
224195,e04y,4,y,baseline_plus_gheft,DHEFT/NHEFT/GHEFT,IRT-only,0.0,0,0,1,0.2811,0.308,0.5891,57.56019999999999,1.5972,47,10,288,128,40,88,46.25974913375796,1.2836,63,13,313,173,90,83,45.489776753920374,1.2623,59,13,313,174,102,72,18.660699,0,ok,logs/seed_224195.log
203906,e04y,4,y,baseline_plus_gheft,DHEFT/NHEFT/GHEFT,IRT-only,0.0,0,0,1,0.3525,0.4464,0.7989,65.4657,1.7213,47,11,272,145,46,99,48.613188118811884,1.2782,61,14,327,185,116,69,59.48166163410302,1.564,54,14,310,186,133,53,19.230469,0,ok,logs/seed_203906.log
223610,e04y,4,y,baseline_plus_gheft,DHEFT/NHEFT/GHEFT,IRT-only,0.0,0,0,1,0.3114,0.426,0.7374,46.882299999999994,1.3884,41,9,303,119,41,78,39.32551554880295,1.1646,43,11,323,148,99,49,40.43657650644566,1.1976,36,9,312,141,98,43,15.804656,0,ok,logs/seed_223610.log
765827,e04y,4,y,baseline_plus_gheft,DHEFT/NHEFT/GHEFT,IRT-only,0.0,0,0,1,0.3271,0.4099,0.737,66.33279999999998,1.6081,48,13,336,160,50,110,53.932273497036405,1.3075,62,13,359,201,119,82,53.912665102564105,1.307,52,12,333,160,102,58,19.11083,0,ok,logs/seed_765827.log
597825,e04y,4,y,baseline_plus_gheft,DHEFT/NHEFT/GHEFT,IRT-only,0.0,0,0,1,0.3426,0.4102,0.7528,56.1741,1.3531,47,9,284,119,42,77,50.454608185567004,1.2153,52,10,303,135,94,41,49.72290818556701,1.1977,49,10,304,138,100,38,19.764436,0,ok,logs/seed_597825.log
743325,e04y,4,y,baseline_plus_gheft,DHEFT/NHEFT/GHEFT,IRT-only,0.0,0,0,1,0.3341,0.4484,0.7825,59.023799999999994,1.9795,46,11,272,126,35,91,48.51180691471802,1.627,59,13,335,147,100,47,52.939850089126566,1.7755,47,11,310,155,100,55,20.877627,0,ok,logs/seed_743325.log
459404,e04y,4,y,baseline_plus_gheft,DHEFT/NHEFT/GHEFT,IRT-only,0.0,0,0,1,0.2719,0.3271,0.599,69.1187,1.6404,47,12,314,157,44,113,67.06988991430455,1.5918,58,13,338,190,122,68,71.29386339410938,1.692,45,13,334,180,127,53,17.329654,0,ok,logs/seed_459404.log
644891,e04y,4,y,baseline_plus_gheft,DHEFT/NHEFT/GHEFT,IRT-only,0.0,0,0,1,0.3423,0.4096,0.7519,55.96829999999999,1.2709,40,11,290,108,48,60,52.266742910170755,1.1869,52,11,314,144,104,40,53.56691097372488,1.2164,43,11,319,140,104,36,17.816059,0,ok,logs/seed_644891.log
112316,e04y,4,y,baseline_plus_gheft,DHEFT/NHEFT/GHEFT,IRT-only,0.0,0,0,1,0.3322,0.354,0.6862,62.08940000000001,1.5902,57,13,318,149,41,108,47.9646736228127,1.2284,64,12,355,181,129,52,52.75676691056383,1.3512,52,10,342,164,125,39,22.201968,0,ok,logs/seed_112316.log
708240,e04y,4,y,baseline_plus_gheft,DHEFT/NHEFT/GHEFT,IRT-only,0.0,0,0,1,0.3236,0.4062,0.7298,54.688900000000004,1.2863,40,10,304,136,41,95,49.34324902194358,1.1606,58,12,324,193,120,73,47.7960648241206,1.1242,41,10,295,157,108,49,15.905354,0,ok,logs/seed_708240.log
988612,e04y,4,y,baseline_plus_gheft,DHEFT/NHEFT/GHEFT,IRT-only,0.0,0,0,1,0.3345,0.3166,0.6511,54.76369999999999,1.5432,46,9,271,122,46,76,44.37119367088608,1.2504,59,13,314,162,112,50,42.936374655932205,1.2099,49,10,300,148,91,57,15.071963,0,ok,logs/seed_988612.log
737269,e04y,4,y,baseline_plus_gheft,DHEFT/NHEFT/GHEFT,IRT-only,0.0,0,0,1,0.3561,0.418,0.7741,49.90639999999999,1.1782,43,10,316,135,39,96,48.10922477064221,1.1358,61,13,328,179,105,74,48.10922477064221,1.1358,51,12,323,169,117,52,19.044143,0,ok,logs/seed_737269.log
670045,e04y,4,y,baseline_plus_gheft,DHEFT/NHEFT/GHEFT,IRT-only,0.0,0,0,1,0.3391,0.3646,0.7037,59.441599999999994,1.6301,45,10,281,129,44,85,52.05309353731343,1.4274,43,11,320,150,100,50,46.307674084919476,1.2699,46,13,319,155,105,50,18.569707,0,ok,logs/seed_670045.log
697981,e04y,4,y,baseline_plus_gheft,DHEFT/NHEFT/GHEFT,IRT-only,0.0,0,0,1,0.3073,0.386,0.6933,51.9233,1.5665,50,10,329,147,47,100,43.52943592814371,1.3132,58,12,340,172,111,61,43.397712192837474,1.3093,48,12,335,160,117,43,19.705674,0,ok,logs/seed_697981.log
940926,e04y,4,y,baseline_plus_gheft,DHEFT/NHEFT/GHEFT,IRT-only,0.0,0,0,1,0.3941,0.4729,0.867,51.30660000000001,1.5482,43,9,311,124,44,80,45.6231848446121,1.3767,56,12,327,156,103,53,50.260068286245364,1.5166,44,9,329,163,115,48,19.192578,0,ok,logs/seed_940926.log
245466,e04y,4,y,baseline_plus_gheft,DHEFT/NHEFT/GHEFT,IRT-only,0.0,0,0,1,0.373,0.4253,0.7983,53.6075,1.1495,41,7,324,124,46,78,51.094753532182104,1.0956,67,14,342,182,120,62,51.204853532182106,1.0979,51,11,320,162,121,41,26.773408,0,ok,logs/seed_245466.log
863385,e04y,4,y,baseline_plus_gheft,DHEFT/NHEFT/GHEFT,IRT-only,0.0,0,0,1,0.3388,0.3324,0.6712,67.2837,1.5749,49,10,320,142,41,101,67.29630801576873,1.5752,54,12,329,162,110,52,76.3405756440281,1.7869,48,11,327,157,112,45,18.687192,0,ok,logs/seed_863385.log
502084,e04y,4,y,baseline_plus_gheft,DHEFT/NHEFT/GHEFT,IRT-only,0.0,0,0,1,0.3304,0.4406,0.771,54.3462,1.2478,48,11,331,129,57,72,45.68219537480064,1.0489,58,10,351,183,120,63,53.395005450733755,1.226,54,9,335,174,123,51,25.762208,0,ok,logs/seed_502084.log
268333,e04y,4,y,baseline_plus_gheft,DHEFT/NHEFT/GHEFT,IRT-only,0.0,0,0,1,0.3487,0.326,0.6747,57.5866,1.918,38,9,283,113,50,63,46.216690287180334,1.5393,47,10,333,133,92,41,41.01166971866122,1.366,43,12,316,137,91,46,18.666926,0,ok,logs/seed_268333.log
889172,e04y,4,y,baseline_plus_gheft,DHEFT/NHEFT/GHEFT,IRT-only,0.0,0,0,1,0.3234,0.3201,0.6435,47.2397,1.2153,37,8,297,99,53,46,41.08694753309266,1.057,47,11,307,148,100,48,42.531838184791496,1.0942,46,10,307,147,114,33,18.251551,0,ok,logs/seed_889172.log
768859,e04y,4,y,baseline_plus_gheft,DHEFT/NHEFT/GHEFT,IRT-only,0.0,0,0,1,0.3216,0.4164,0.738,57.76370000000001,1.6039,43,11,305,133,51,82,50.75031382051282,1.4091,55,11,313,164,125,39,52.28722513793103,1.4518,53,12,328,164,117,47,17.677788,0,ok,logs/seed_768859.log
108511,e04y,4,y,baseline_plus_gheft,DHEFT/NHEFT/GHEFT,IRT-only,0.0,0,0,1,0.3325,0.4248,0.7573,53.59230000000001,1.6288,50,12,314,146,41,105,43.45170450997398,1.3206,57,11,356,171,118,53,44.58398663648834,1.355,54,13,344,169,115,54,23.101316,0,ok,logs/seed_108511.log
828273,e04y,4,y,baseline_plus_gheft,DHEFT/NHEFT/GHEFT,IRT-only,0.0,0,0,1,0.3219,0.3504,0.6723,45.82130000000001,1.1763,37,9,292,113,50,63,44.44021846346437,1.1409,50,11,315,154,113,41,41.72249230769231,1.0711,43,11,304,144,108,36,16.591222,0,ok,logs/seed_828273.log
932667,e04y,4,y,baseline_plus_gheft,DHEFT/NHEFT/GHEFT,IRT-only,0.0,0,0,1,0.3089,0.3512,0.6601,55.9672,1.7949,37,12,262,136,34,102,44.26846698262243,1.4197,63,17,293,183,100,83,47.12618830963664,1.5113,53,14,298,185,126,59,18.829767,0,ok,logs/seed_932667.log
245421,e04y,4,y,baseline_plus_gheft,DHEFT/NHEFT/GHEFT,IRT-only,0.0,0,0,1,0.3188,0.357,0.6758,62.73969999999998,1.7329,47,11,286,146,44,102,57.81366106032907,1.5969,64,17,314,185,121,64,58.164553694610774,1.6066,49,14,314,178,114,64,16.381736,0,ok,logs/seed_245421.log
678641,e04y,4,y,baseline_plus_gheft,DHEFT/NHEFT/GHEFT,IRT-only,0.0,0,0,1,0.3664,0.3751,0.7415,53.055899999999994,1.2056,45,10,325,131,31,100,51.695408510638295,1.1747,67,15,340,197,114,83,60.799682578875185,1.3815,54,14,322,173,115,58,22.042987,0,ok,logs/seed_678641.log
935125,e04y,4,y,baseline_plus_gheft,DHEFT/NHEFT/GHEFT,IRT-only,0.0,0,0,1,0.356,0.4417,0.7977,75.02460000000002,1.7532,47,13,307,156,57,99,62.247676609756105,1.4546,58,14,334,187,122,65,62.507276609756104,1.4607,54,13,332,191,125,66,24.101266,0,ok,logs/seed_935125.log
605287,e04y,4,y,baseline_plus_gheft,DHEFT/NHEFT/GHEFT,IRT-only,0.0,0,0,1,0.347,0.4417,0.7887,55.5633,1.4062,42,10,283,129,41,88,55.0195145,1.3925,48,11,323,154,97,57,55.314824074074075,1.3999,44,10,315,155,110,45,22.172485,0,ok,logs/seed_605287.log
241117,e04y,4,y,baseline_plus_gheft,DHEFT/NHEFT/GHEFT,IRT-only,0.0,0,0,1,0.3753,0.3452,0.7205,52.973,1.1349,53,11,322,150,41,109,49.268582125603864,1.0555,70,13,366,174,100,74,53.26551505016724,1.1412,53,11,330,170,123,47,22.399602,0,ok,logs/seed_241117.log
137693,e04y,4,y,baseline_plus_gheft,DHEFT/NHEFT/GHEFT,IRT-only,0.0,0,0,1,0.2816,0.3835,0.6651,70.02189999999999,2.1093,50,15,289,158,42,116,63.58758991614028,1.9155,69,15,346,195,116,79,67.06656467432151,2.0203,59,14,340,180,115,65,24.277828,0,ok,logs/seed_137693.log
519815,e04y,4,y,baseline_plus_gheft,DHEFT/NHEFT/GHEFT,IRT-only,0.0,0,0,1,0.354,0.4007,0.7547,53.270700000000005,1.369,35,7,299,104,54,50,49.54239159561128,1.2732,49,10,329,156,110,46,49.06033806119913,1.2608,45,9,327,157,121,36,17.433336,0,ok,logs/seed_519815.log
825689,e04y,4,y,baseline_plus_gheft,DHEFT/NHEFT/GHEFT,IRT-only,0.0,0,0,1,0.336,0.3508,0.6868,57.82899999999999,1.3797,47,14,300,145,46,99,48.95880451041559,1.1681,64,16,331,203,121,82,47.55062132998746,1.1345,59,16,333,202,141,61,20.734915,0,ok,logs/seed_825689.log
266300,e04y,4,y,baseline_plus_gheft,DHEFT/NHEFT/GHEFT,IRT-only,0.0,0,0,1,0.3569,0.3666,0.7235,48.142999999999994,1.3507,42,9,319,123,57,66,44.079409805031446,1.2367,47,11,328,163,115,48,40.87795323880597,1.1468,50,10,328,148,103,45,21.688382,0,ok,logs/seed_266300.log
353884,e04y,4,y,baseline_plus_gheft,DHEFT/NHEFT/GHEFT,IRT-only,0.0,0,0,1,0.3386,0.4265,0.7651,69.1682,1.5175,42,8,299,118,34,84,67.12583205765829,1.4727,51,12,327,143,93,50,69.5709,1.5263,41,10,314,143,99,44,18.625855,0,ok,logs/seed_353884.log
141574,e04y,4,y,baseline_plus_gheft,DHEFT/NHEFT/GHEFT,IRT-only,0.0,0,0,1,0.3295,0.296,0.6255,60.24169999999999,1.3093,48,11,313,139,46,93,53.94850191743119,1.1725,60,14,357,186,119,67,53.549722222222215,1.1638,59,14,346,180,117,63,21.16046,0,ok,logs/seed_141574.log
211351,e04y,4,y,baseline_plus_gheft,DHEFT/NHEFT/GHEFT,IRT-only,0.0,0,0,1,0.3459,0.391,0.7369,56.10430000000001,1.329,38,9,298,131,42,89,48.344149840255604,1.1452,52,11,330,191,130,61,48.37909301277954,1.146,44,11,326,162,118,44,17.681841,0,ok,logs/seed_211351.log
64745,e04y,4,y,baseline_plus_gheft,DHEFT/NHEFT/GHEFT,IRT-only,0.0,0,0,1,0.2845,0.3009,0.5854,64.1214,1.2921,50,10,306,139,45,94,62.41870566526075,1.2578,60,11,344,184,124,60,58.8690435897436,1.1863,52,10,326,172,126,46,21.805411,0,ok,logs/seed_64745.log
827551,e04y,4,y,baseline_plus_gheft,DHEFT/NHEFT/GHEFT,IRT-only,0.0,0,0,1,0.3579,0.4607,0.8186,58.057700000000004,1.2993,52,14,296,153,38,115,57.688341194714866,1.291,54,11,284,157,123,34,55.99240346729708,1.2531,49,11,294,163,129,34,19.646135,0,ok,logs/seed_827551.log
236634,e04y,4,y,baseline_plus_gheft,DHEFT/NHEFT/GHEFT,IRT-only,0.0,0,0,1,0.339,0.3897,0.7287,54.47339999999999,1.5288,44,13,284,130,49,81,43.68815891472868,1.2261,64,13,318,182,121,61,45.18985891472869,1.2683,51,13,313,169,121,48,17.162003,0,ok,logs/seed_236634.log
554061,e04y,4,y,baseline_plus_gheft,DHEFT/NHEFT/GHEFT,IRT-only,0.0,0,0,1,0.3278,0.3861,0.7139,62.83910000000002,1.4464,49,10,304,128,39,89,47.61481192301111,1.096,53,12,313,148,91,57,72.52783421052632,1.6694,46,12,288,128,95,33,19.248438,0,ok,logs/seed_554061.log
473253,e04y,4,y,baseline_plus_gheft,DHEFT/NHEFT/GHEFT,IRT-only,0.0,0,0,1,0.2967,0.307,0.6037,62.05559999999999,1.6073,41,10,259,132,39,93,47.720545155844164,1.236,52,13,299,147,91,56,52.348110389610376,1.3559,42,11,300,157,104,53,17.032783,0,ok,logs/seed_473253.log
397414,e04y,4,y,baseline_plus_gheft,DHEFT/NHEFT/GHEFT,IRT-only,0.0,0,0,1,0.3495,0.4904,0.8399,67.19090000000001,1.895,46,9,306,142,50,92,60.0171267379679,1.6927,55,11,347,150,95,55,60.393048593582876,1.7033,46,9,351,146,109,37,18.986795,0,ok,logs/seed_397414.log
237902,e04y,4,y,baseline_plus_gheft,DHEFT/NHEFT/GHEFT,IRT-only,0.0,0,0,1,0.3329,0.3431,0.676,51.80049999999999,1.4285,38,10,291,115,44,71,42.52228431214804,1.1727,58,14,309,166,107,59,42.27419071038251,1.1658,52,12,317,163,115,48,20.020636,0,ok,logs/seed_237902.log
57519,e04y,4,y,baseline_plus_gheft,DHEFT/NHEFT/GHEFT,IRT-only,0.0,0,0,1,0.3038,0.3395,0.6433,54.8888,1.6782,42,8,270,112,37,75,44.127901,1.3492,59,10,333,138,94,44,49.381893400286955,1.5098,52,10,310,146,95,51,20.429099,0,ok,logs/seed_57519.log
505780,e04y,4,y,baseline_plus_gheft,DHEFT/NHEFT/GHEFT,IRT-only,0.0,0,0,1,0.3669,0.3634,0.7303,52.0783,1.2422,37,10,270,115,35,80,44.4698189121506,1.0607,51,12,299,144,98,46,46.25642013690816,1.1034,50,13,298,158,106,52,18.670937,0,ok,logs/seed_505780.log
353215,e04y,4,y,baseline_plus_gheft,DHEFT/NHEFT/GHEFT,IRT-only,0.0,0,0,1,0.2686,0.3178,0.5864,61.248000000000005,1.5207,52,12,299,148,39,109,62.13001697171381,1.5426,54,13,329,165,98,67,61.67420439999164,1.5313,55,14,323,176,109,67,18.886061,0,ok,logs/seed_353215.log
60194,e04y,4,y,baseline_plus_gheft,DHEFT/NHEFT/GHEFT,IRT-only,0.0,0,0,1,0.3414,0.3836,0.725,53.7377,1.7622,52,12,304,139,47,92,45.83760835930736,1.5031,62,14,333,164,117,47,45.31252569974556,1.4859,51,11,319,150,116,34,24.551773,0,ok,logs/seed_60194.log
21327,e04y,4,y,baseline_plus_gheft,DHEFT/NHEFT/GHEFT,IRT-only,0.0,0,0,1,0.3341,0.3395,0.6736,64.17209999999997,1.3445,41,11,300,119,52,67,62.35557349397591,1.3064,49,11,338,169,121,48,55.641842323651446,1.1658,51,12,317,159,116,43,22.137346,0,ok,logs/seed_21327.log
551141,e04y,4,y,baseline_plus_gheft,DHEFT/NHEFT/GHEFT,IRT-only,0.0,0,0,1,0.3213,0.3018,0.6231,53.68970000000001,1.503,44,9,279,134,45,89,46.86044180242241,1.3118,50,10,311,150,105,45,47.032241802422405,1.3167,46,10,303,141,98,43,14.354853,0,ok,logs/seed_551141.log
504483,e04y,4,y,baseline_plus_gheft,DHEFT/NHEFT/GHEFT,IRT-only,0.0,0,0,1,0.3359,0.4254,0.7613,45.0251,1.4988,40,8,308,108,42,66,45.08846977329975,1.5009,59,13,327,157,103,54,42.55996798679868,1.4167,51,12,314,149,106,43,20.282438,0,ok,logs/seed_504483.log
50984,e04y,4,y,baseline_plus_gheft,DHEFT/NHEFT/GHEFT,IRT-only,0.0,0,0,1,0.3136,0.3458,0.6594,54.4382,1.1378,48,10,318,139,51,88,58.656238028169014,1.2259,57,13,337,179,138,41,58.656238028169014,1.2259,52,11,323,157,131,26,20.053435,0,ok,logs/seed_50984.log
145299,e04y,4,y,baseline_plus_gheft,DHEFT/NHEFT/GHEFT,IRT-only,0.0,0,0,1,0.3473,0.4028,0.7501,60.68379999999999,1.5894,47,13,282,144,38,106,45.73510875420876,1.1978,60,15,321,153,88,65,47.58810875420875,1.2464,45,11,311,141,98,43,18.494272,0,ok,logs/seed_145299.log
933274,e04y,4,y,baseline_plus_gheft,DHEFT/NHEFT/GHEFT,IRT-only,0.0,0,0,1,0.3182,0.3224,0.6406,62.9673,1.311,46,11,318,162,41,121,58.780007213706035,1.2238,53,14,333,183,140,43,58.780007213706035,1.2238,54,12,318,184,133,51,22.019223,0,ok,logs/seed_933274.log
321337,e04y,4,y,baseline_plus_gheft,DHEFT/NHEFT/GHEFT,IRT-only,0.0,0,0,1,0.3794,0.446,0.8254,54.829,1.9623,43,10,296,123,39,84,46.04602122719735,1.648,61,12,337,178,108,70,46.858230519071306,1.6771,47,11,312,158,108,50,16.838887,0,ok,logs/seed_321337.log
181404,e04y,4,y,baseline_plus_gheft,DHEFT/NHEFT/GHEFT,IRT-only,0.0,0,0,1,0.3447,0.4403,0.785,63.204,1.7434,59,13,305,163,41,122,53.65762220367279,1.48,56,11,325,170,110,60,49.531804853564545,1.3662,53,11,338,179,113,66,20.550323,0,ok,logs/seed_181404.log
3899,e04y,4,y,baseline_plus_gheft,DHEFT/NHEFT/GHEFT,IRT-only,0.0,0,0,1,0.3251,0.3997,0.7248,67.9208,1.3569,42,10,302,130,49,81,63.57922733397498,1.2701,50,11,311,158,121,37,61.52492733397497,1.2291,48,11,320,168,114,54,18.881223,0,ok,logs/seed_3899.log
494958,e04y,4,y,baseline_plus_gheft,DHEFT/NHEFT/GHEFT,IRT-only,0.0,0,0,1,0.3783,0.477,0.8553,58.96880000000001,1.4866,45,11,285,141,42,99,50.807866727495416,1.2809,49,12,299,154,107,47,50.807866727495416,1.2809,45,11,301,163,106,57,18.056133,0,ok,logs/seed_494958.log
970507,e04y,4,y,baseline_plus_gheft,DHEFT/NHEFT/GHEFT,IRT-only,0.0,0,0,1,0.2916,0.3711,0.6627,55.2226,1.4695,38,12,298,119,42,77,43.1770766795007,1.1489,52,14,318,166,110,56,43.89662378854626,1.1681,52,15,322,187,132,55,22.233362,0,ok,logs/seed_970507.log
705866,e04y,4,y,baseline_plus_gheft,DHEFT/NHEFT/GHEFT,IRT-only,0.0,0,0,1,0.3298,0.4154,0.7452,61.779600000000016,1.4611,50,13,288,157,45,112,63.281066666666646,1.4966,65,14,335,195,121,74,47.40506666666668,1.1211,54,14,325,179,127,52,23.991684,0,ok,logs/seed_705866.log
296343,e04y,4,y,baseline_plus_gheft,DHEFT/NHEFT/GHEFT,IRT-only,0.0,0,0,1,0.3636,0.372,0.7356,50.28779999999999,1.5086,51,10,284,114,35,79,49.22387660975609,1.4767,61,15,316,172,115,57,49.331704439024385,1.48,61,11,321,160,110,50,19.286858,0,ok,logs/seed_296343.log
586398,e04y,4,y,baseline_plus_gheft,DHEFT/NHEFT/GHEFT,IRT-only,0.0,0,0,1,0.316,0.2862,0.6022,57.52999999999999,1.4554,43,12,317,155,45,110,47.80269726533629,1.2093,56,13,348,200,133,67,48.24708590213723,1.2206,51,13,341,180,123,57,18.648662,0,ok,logs/seed_586398.log
378648,e04y,4,y,baseline_plus_gheft,DHEFT/NHEFT/GHEFT,IRT-only,0.0,0,0,1,0.3489,0.4372,0.7861,47.6516,1.4524,39,8,284,120,56,64,43.01118415034622,1.311,47,11,313,171,127,44,44.42805179856114,1.3542,41,10,300,138,108,30,16.158976,0,ok,logs/seed_378648.log
531966,e04y,4,y,baseline_plus_gheft,DHEFT/NHEFT/GHEFT,IRT-only,0.0,0,0,1,0.3499,0.3696,0.7195,44.10100000000001,1.4676,43,11,290,127,47,80,38.711356521739134,1.2883,54,11,304,165,122,43,37.82985548098434,1.2589,47,11,312,159,115,44,16.414476,0,ok,logs/seed_531966.log
596361,e04y,4,y,baseline_plus_gheft,DHEFT/NHEFT/GHEFT,IRT-only,0.0,0,0,1,0.3158,0.3518,0.6676,48.7754,1.3183,38,10,317,119,44,75,41.22160389610389,1.1141,51,13,333,164,104,60,42.076028250608275,1.1372,48,12,325,169,111,58,20.542088,0,ok,logs/seed_596361.log
60220,e04y,4,y,baseline_plus_gheft,DHEFT/NHEFT/GHEFT,IRT-only,0.0,0,0,1,0.3421,0.3297,0.6718,53.698299999999996,1.5002,42,9,289,106,39,67,40.25236948768473,1.1245,55,13,334,144,88,56,46.64720872946859,1.3032,45,9,314,143,96,47,19.228301,0,ok,logs/seed_60220.log
189568,e04y,4,y,baseline_plus_gheft,DHEFT/NHEFT/GHEFT,IRT-only,0.0,0,0,1,0.3267,0.4622,0.7889,57.434099999999994,1.3569,49,11,291,146,38,108,52.90923529411766,1.25,53,10,308,157,112,45,53.74897158823529,1.2699,43,10,314,149,117,32,22.864635,0,ok,logs/seed_189568.log
151000,e04y,4,y,baseline_plus_gheft,DHEFT/NHEFT/GHEFT,IRT-only,0.0,0,0,1,0.312,0.3388,0.6508,57.80789999999999,1.2195,40,10,312,120,50,70,58.06685714285714,1.2249,53,13,319,164,114,50,68.6001769230769,1.4471,42,9,308,161,129,32,14.996653,0,ok,logs/seed_151000.log
72402,e04y,4,y,baseline_plus_gheft,DHEFT/NHEFT/GHEFT,IRT-only,0.0,0,0,1,0.318,0.4308,0.7488,49.1494,1.1729,47,11,290,117,54,63,46.805164725795535,1.117,54,13,320,161,118,43,47.124164725795524,1.1246,52,11,310,165,126,39,16.558499,0,ok,logs/seed_72402.log
983055,e04y,4,y,baseline_plus_gheft,DHEFT/NHEFT/GHEFT,IRT-only,0.0,0,0,1,0.344,0.3945,0.7385,48.11659999999999,1.31,39,7,285,110,37,73,44.97175326086957,1.2243,46,11,327,151,98,53,43.42072708695652,1.1821,41,10,318,141,95,46,14.895079,0,ok,logs/seed_983055.log
538582,e04y,4,y,baseline_plus_gheft,DHEFT/NHEFT/GHEFT,IRT-only,0.0,0,0,1,0.3401,0.3674,0.7075,51.7779,1.3789,50,12,306,129,39,90,47.0087855513076,1.2519,56,12,320,156,99,57,49.91706871508379,1.3294,47,9,308,141,99,42,16.658724,0,ok,logs/seed_538582.log
934509,e04y,4,y,baseline_plus_gheft,DHEFT/NHEFT/GHEFT,IRT-only,0.0,0,0,1,0.3441,0.4141,0.7582,51.468199999999996,1.2748,52,11,314,133,42,91,49.96538130081301,1.2375,65,13,335,172,105,67,56.59039011748445,1.4016,48,12,302,154,123,31,20.683953,0,ok,logs/seed_934509.log
220410,e04y,4,y,baseline_plus_gheft,DHEFT/NHEFT/GHEFT,IRT-only,0.0,0,0,1,0.3503,0.3156,0.6659,43.64910000000001,1.3407,37,10,289,103,47,56,42.99863858236813,1.3207,53,12,340,173,118,55,42.32834935064935,1.3001,45,11,314,137,103,34,16.133174,0,ok,logs/seed_220410.log
755547,e04y,4,y,baseline_plus_gheft,DHEFT/NHEFT/GHEFT,IRT-only,0.0,0,0,1,0.3944,0.4463,0.8407,58.9257,1.4123,48,12,296,135,42,93,51.00008805970149,1.2224,59,14,345,169,106,63,51.00008805970149,1.2224,43,9,316,147,108,39,17.415909,0,ok,logs/seed_755547.log
682666,e04y,4,y,baseline_plus_gheft,DHEFT/NHEFT/GHEFT,IRT-only,0.0,0,0,1,0.279,0.3068,0.5858,63.57189999999999,1.77,36,10,276,125,38,87,50.34354018592964,1.4017,62,15,327,173,88,85,44.816690743589746,1.2478,47,14,298,159,102,57,17.700044,0,ok,logs/seed_682666.log
707759,e04y,4,y,baseline_plus_gheft,DHEFT/NHEFT/GHEFT,IRT-only,0.0,0,0,1,0.3149,0.3778,0.6927,55.015299999999996,1.3142,38,9,278,115,52,63,50.6704748815166,1.2104,50,12,321,154,111,43,52.23665582625482,1.2478,51,11,319,142,107,35,17.383256,0,ok,logs/seed_707759.log
472298,e04y,4,y,baseline_plus_gheft,DHEFT/NHEFT/GHEFT,IRT-only,0.0,0,0,1,0.3021,0.3414,0.6435,50.88409999999998,1.4281,40,10,293,126,49,77,45.65311921068249,1.2813,51,13,324,160,110,50,45.65311921068249,1.2813,47,12,313,160,117,43,17.66555,0,ok,logs/seed_472298.log
842827,e04y,4,y,baseline_plus_gheft,DHEFT/NHEFT/GHEFT,IRT-only,0.0,0,0,1,0.3578,0.3839,0.7417,46.3605,1.2266,43,11,310,128,42,86,49.977910113519094,1.3224,66,15,338,163,97,66,43.477721077568134,1.1504,54,13,297,148,98,50,18.874535,0,ok,logs/seed_842827.log
598514,e04y,4,y,baseline_plus_gheft,DHEFT/NHEFT/GHEFT,IRT-only,0.0,0,0,1,0.389,0.4104,0.7994,49.235699999999994,1.2081,43,10,298,134,52,82,44.107132663316584,1.0822,49,13,309,159,104,55,44.107132663316584,1.0822,45,12,307,149,107,42,18.647239,0,ok,logs/seed_598514.log
985883,e04y,4,y,baseline_plus_gheft,DHEFT/NHEFT/GHEFT,IRT-only,0.0,0,0,1,0.3081,0.3202,0.6283,46.35259999999998,1.1599,39,9,295,100,40,60,51.05946182572615,1.2776,50,13,303,138,97,41,51.05946182572615,1.2776,48,14,313,150,107,43,19.699973,0,ok,logs/seed_985883.log
595328,e04y,4,y,baseline_plus_gheft,DHEFT/NHEFT/GHEFT,IRT-only,0.0,0,0,1,0.3186,0.384,0.7026,64.64089999999999,1.4634,51,9,322,121,48,73,58.63663635474246,1.3275,56,9,349,144,94,50,58.845560092449915,1.3322,55,10,341,165,115,50,20.908004,0,ok,logs/seed_595328.log
238922,e04y,4,y,baseline_plus_gheft,DHEFT/NHEFT/GHEFT,IRT-only,0.0,0,0,1,0.3356,0.3596,0.6952,53.02479999999999,1.452,48,9,312,132,50,82,43.919912396694215,1.2027,60,13,340,155,106,49,53.10996210045661,1.4543,46,12,317,135,110,25,17.223481,0,ok,logs/seed_238922.log
469556,e04y,4,y,baseline_plus_gheft,DHEFT/NHEFT/GHEFT,IRT-only,0.0,0,0,1,0.3163,0.3633,0.6796,52.226699999999994,1.2525,43,8,308,116,48,68,50.3213867605178,1.2068,55,11,316,155,112,43,54.489027098017786,1.3068,45,11,294,138,105,33,15.734443,0,ok,logs/seed_469556.log
108225,e04y,4,y,baseline_plus_gheft,DHEFT/NHEFT/GHEFT,IRT-only,0.0,0,0,1,0.3254,0.3803,0.7057,51.15719999999999,1.1139,50,13,298,129,48,81,47.464135961680164,1.0335,55,12,312,158,124,34,47.464135961680164,1.0335,44,11,307,146,122,24,13.722463,0,ok,logs/seed_108225.log
899644,e04y,4,y,baseline_plus_gheft,DHEFT/NHEFT/GHEFT,IRT-only,0.0,0,0,1,0.3208,0.4115,0.7323,62.4995,1.4737,42,9,311,151,34,117,45.53037246476761,1.0736,60,13,338,190,107,83,59.65905022488757,1.4067,50,11,320,163,101,62,17.695604,0,ok,logs/seed_899644.log
885107,e04y,4,y,baseline_plus_gheft,DHEFT/NHEFT/GHEFT,IRT-only,0.0,0,0,1,0.3624,0.4796,0.842,54.28699999999999,1.1988,39,8,309,100,48,52,54.45785326128103,1.2026,48,10,332,127,94,33,51.19002418268091,1.1304,47,10,323,131,102,29,24.097554,0,ok,logs/seed_885107.log
624803,e04y,4,y,baseline_plus_gheft,DHEFT/NHEFT/GHEFT,IRT-only,0.0,0,0,1,0.3259,0.3313,0.6572,61.1517,1.3745,43,9,322,125,45,80,49.14744843517139,1.1047,65,14,334,180,111,69,56.12444843517138,1.2615,44,12,310,168,125,43,20.475101,0,ok,logs/seed_624803.log
412384,e04y,4,y,baseline_plus_gheft,DHEFT/NHEFT/GHEFT,IRT-only,0.0,0,0,1,0.3147,0.388,0.7027,54.846700000000006,1.5805,48,11,293,130,40,90,46.88928659003832,1.3512,65,15,342,179,95,84,46.88928659003832,1.3512,53,12,318,160,99,61,19.973901,0,ok,logs/seed_412384.log
534437,e04y,4,y,baseline_plus_gheft,DHEFT/NHEFT/GHEFT,IRT-only,0.0,0,0,1,0.3429,0.456,0.7989,64.21289999999998,1.5367,42,9,292,111,51,60,58.35605571698112,1.3965,53,10,328,164,124,40,58.35605571698112,1.3965,42,9,310,154,125,29,19.551599,0,ok,logs/seed_534437.log
28388,e04y,4,y,baseline_plus_gheft,DHEFT/NHEFT/GHEFT,IRT-only,0.0,0,0,1,0.34,0.4076,0.7476,48.7736,1.3696,41,9,297,123,49,74,47.795356345177666,1.3422,49,8,328,166,122,44,49.364891827637436,1.3862,42,9,313,164,128,36,17.085512,0,ok,logs/seed_28388.log
480416,e04y,4,y,baseline_plus_gheft,DHEFT/NHEFT/GHEFT,IRT-only,0.0,0,0,1,0.3313,0.3916,0.7229,54.9445,1.2856,41,11,312,143,46,97,57.479899999999994,1.3449,48,11,310,159,112,47,57.479899999999994,1.3449,45,10,308,169,115,54,15.8869,0,ok,logs/seed_480416.log
6523,e04y,4,y,baseline_plus_gheft,DHEFT/NHEFT/GHEFT,IRT-only,0.0,0,0,1,0.3283,0.4666,0.7949,60.64810000000002,1.339,41,11,296,122,35,87,51.56034285725346,1.1384,60,13,320,174,109,65,78.48890887401572,1.7329,47,12,308,180,114,66,20.011631,0,ok,logs/seed_6523.log
875492,e04y,4,y,baseline_plus_gheft,DHEFT/NHEFT/GHEFT,IRT-only,0.0,0,0,1,0.3235,0.3714,0.6949,56.26600000000001,1.5582,53,12,315,127,42,85,53.95088860330578,1.4941,49,9,318,141,98,43,46.84026039675174,1.2972,52,10,319,133,90,43,15.978506,0,ok,logs/seed_875492.log
445144,e04y,4,y,baseline_plus_gheft,DHEFT/NHEFT/GHEFT,IRT-only,0.0,0,0,1,0.3554,0.3769,0.7323,48.544399999999996,1.2915,45,9,317,123,40,83,53.52243384671532,1.424,58,13,343,156,98,58,43.411410881422924,1.155,50,13,320,145,95,50,18.220835,0,ok,logs/seed_445144.log
178145,e04y,4,y,baseline_plus_gheft,DHEFT/NHEFT/GHEFT,IRT-only,0.0,0,0,1,0.3036,0.4592,0.7628,61.549099999999996,1.4679,57,14,327,160,53,107,54.849525302788855,1.3081,56,13,340,191,119,72,53.82009539114615,1.2836,45,11,336,164,120,44,14.748566,0,ok,logs/seed_178145.log
496478,e04y,4,y,baseline_plus_gheft,DHEFT/NHEFT/GHEFT,IRT-only,0.0,0,0,1,0.3256,0.3765,0.7021,60.71600000000001,1.3869,44,10,285,130,40,90,48.93376835443038,1.1178,59,13,321,172,102,70,48.93376835443038,1.1178,52,12,307,157,110,47,14.284835,0,ok,logs/seed_496478.log
239617,e04y,4,y,baseline_plus_gheft,DHEFT/NHEFT/GHEFT,IRT-only,0.0,0,0,1,0.327,0.3606,0.6876,50.96200000000001,1.4697,47,11,300,133,56,77,45.93696044499382,1.3248,52,11,330,167,112,55,45.92411754676259,1.3244,43,10,327,152,102,50,17.426464,0,ok,logs/seed_239617.log
473997,e04y,4,y,baseline_plus_gheft,DHEFT/NHEFT/GHEFT,IRT-only,0.0,0,0,1,0.3124,0.3593,0.6717,51.045,1.2879,46,12,303,139,42,97,47.695447508514924,1.2034,68,14,343,189,118,71,43.087687743732594,1.0872,54,11,314,163,115,48,16.693341,0,ok,logs/seed_473997.log
229225,e04y,4,y,baseline_plus_gheft,DHEFT/NHEFT/GHEFT,IRT-only,0.0,0,0,1,0.3667,0.4966,0.8633,53.7308,1.1425,41,9,309,125,41,84,52.38629192399049,1.1139,60,13,320,163,108,55,52.79429192399049,1.1226,51,12,312,160,114,46,14.341665,0,ok,logs/seed_229225.log
254791,e04y,4,y,baseline_plus_gheft,DHEFT/NHEFT/GHEFT,IRT-only,0.0,0,0,1,0.3215,0.4231,0.7446,57.89320000000001,1.6445,47,11,323,142,49,93,50.087174496644295,1.4228,57,12,331,171,113,58,48.740701,1.3845,53,11,325,161,110,51,16.679086,0,ok,logs/seed_254791.log
966201,e04y,4,y,baseline_plus_gheft,DHEFT/NHEFT/GHEFT,IRT-only,0.0,0,0,1,0.3822,0.5426,0.9248,49.86250000000001,1.5388,47,10,308,136,41,95,47.06664075546719,1.4525,51,11,301,158,101,57,47.020485425622375,1.4511,34,10,287,132,96,36,13.830119,0,ok,logs/seed_966201.log
533361,e04y,4,y,baseline_plus_gheft,DHEFT/NHEFT/GHEFT,IRT-only,0.0,0,0,1,0.3104,0.3753,0.6857,56.597899999999996,1.3804,41,10,311,114,42,72,49.36044597887896,1.2038,66,15,350,176,103,73,49.36044597887896,1.2038,53,12,341,164,115,49,15.467211,0,ok,logs/seed_533361.log
872306,e04y,4,y,baseline_plus_gheft,DHEFT/NHEFT/GHEFT,IRT-only,0.0,0,0,1,0.3294,0.3059,0.6353,62.31059999999998,2.062,48,11,293,153,51,102,51.05849954989807,1.6896,62,13,328,187,126,61,47.816422232734155,1.5823,55,13,330,187,125,62,13.438113,0,ok,logs/seed_872306.log
444933,e04y,4,y,baseline_plus_gheft,DHEFT/NHEFT/GHEFT,IRT-only,0.0,0,0,1,0.3468,0.4827,0.8295,54.62580000000001,1.1253,43,10,319,132,51,81,49.68962642967543,1.0236,49,12,320,146,103,43,49.87037410643369,1.0273,40,10,317,155,106,49,12.667258,0,ok,logs/seed_444933.log
456356,e04y,4,y,baseline_plus_gheft,DHEFT/NHEFT/GHEFT,IRT-only,0.0,0,0,1,0.3134,0.4196,0.733,52.6819,1.2668,48,12,320,123,41,82,49.18496183574879,1.1827,58,14,326,163,115,48,51.06686183574878,1.228,54,11,318,176,120,56,17.352979,0,ok,logs/seed_456356.log
853702,e04y,4,y,baseline_plus_gheft,DHEFT/NHEFT/GHEFT,IRT-only,0.0,0,0,1,0.3498,0.409,0.7588,58.034299999999995,1.5933,51,14,321,163,45,118,56.089310297166556,1.5399,54,14,344,172,108,64,51.917002200489,1.4253,51,13,341,171,121,50,15.366386,0,ok,logs/seed_853702.log
176967,e04y,4,y,baseline_plus_gheft,DHEFT/NHEFT/GHEFT,IRT-only,0.0,0,0,1,0.2961,0.3634,0.6595,54.16319999999999,1.4349,45,11,318,135,53,82,47.86307893317794,1.268,61,12,353,185,115,70,47.86307893317794,1.268,52,12,339,166,113,53,15.878898,0,ok,logs/seed_176967.log
33347,e04y,4,y,baseline_plus_gheft,DHEFT/NHEFT/GHEFT,IRT-only,0.0,0,0,1,0.3102,0.3602,0.6704,56.2024,1.5444,40,8,288,130,48,82,48.13127091932457,1.3226,52,12,307,165,103,62,49.39138371385084,1.3572,46,10,296,151,116,35,12.461669,0,ok,logs/seed_33347.log
411283,e04y,4,y,baseline_plus_gheft,DHEFT/NHEFT/GHEFT,IRT-only,0.0,0,0,1,0.3501,0.4429,0.793,46.81060000000001,1.5236,43,11,299,104,51,53,42.173034146341465,1.3727,62,13,333,163,113,50,40.65127226277372,1.3231,50,12,325,141,115,26,14.554137,0,ok,logs/seed_411283.log
81911,e04y,4,y,baseline_plus_gheft,DHEFT/NHEFT/GHEFT,IRT-only,0.0,0,0,1,0.3608,0.415,0.7758,59.5741,1.6342,48,11,325,149,48,101,50.292732420374314,1.3796,64,13,352,183,117,66,50.555813638591125,1.3868,51,12,340,184,127,57,16.332537,0,ok,logs/seed_81911.log
956925,e04y,4,y,baseline_plus_gheft,DHEFT/NHEFT/GHEFT,IRT-only,0.0,0,0,1,0.3059,0.2974,0.6033,58.23749999999999,1.3136,35,8,302,119,47,72,52.68889843382928,1.1885,58,13,313,162,120,42,52.76342619339045,1.1901,52,12,316,177,128,49,16.348473,0,ok,logs/seed_956925.log
362804,e04y,4,y,baseline_plus_gheft,DHEFT/NHEFT/GHEFT,IRT-only,0.0,0,0,1,0.3068,0.3916,0.6984,49.0867,1.5693,37,10,287,129,49,80,45.39310339244103,1.4512,50,13,316,167,110,57,54.1919875,1.7325,37,9,299,170,126,44,14.381952,0,ok,logs/seed_362804.log
728140,e04y,4,y,baseline_plus_gheft,DHEFT/NHEFT/GHEFT,IRT-only,0.0,0,0,1,0.3414,0.4612,0.8026,47.992100000000015,1.2781,40,9,319,132,53,79,46.476523074355924,1.2378,47,11,332,165,115,50,43.901449335863376,1.1692,39,10,324,152,117,35,13.602932,0,ok,logs/seed_728140.log
554565,e04y,4,y,baseline_plus_gheft,DHEFT/NHEFT/GHEFT,IRT-only,0.0,0,0,1,0.3702,0.4023,0.7725,52.67229999999999,1.2933,46,12,310,136,58,78,44.81698877005346,1.1004,60,13,330,169,126,43,47.37650367379679,1.1633,50,11,323,158,119,39,14.250229,0,ok,logs/seed_554565.log
392733,e04y,4,y,baseline_plus_gheft,DHEFT/NHEFT/GHEFT,IRT-only,0.0,0,0,1,0.3383,0.4098,0.7481,52.61619999999998,1.4672,48,11,298,128,42,86,38.795270318332484,1.0818,57,13,346,144,87,57,45.697960744985664,1.2743,46,11,339,140,95,45,14.971148,0,ok,logs/seed_392733.log
769066,e04y,4,y,baseline_plus_gheft,DHEFT/NHEFT/GHEFT,IRT-only,0.0,0,0,1,0.3445,0.3926,0.7371,54.05060000000001,1.4253,51,12,313,146,54,92,42.913782777173196,1.1317,54,12,327,161,128,33,47.75641084182777,1.2594,53,12,324,177,141,36,16.401444,0,ok,logs/seed_769066.log
925520,e04y,4,y,baseline_plus_gheft,DHEFT/NHEFT/GHEFT,IRT-only,0.0,0,0,1,0.301,0.3931,0.6941,55.6144,1.3779,41,10,312,134,53,81,52.75069205298014,1.307,54,13,338,168,122,46,50.339622854304636,1.2472,46,11,324,160,126,34,14.859943,0,ok,logs/seed_925520.log
4410,e04y,4,y,baseline_plus_gheft,DHEFT/NHEFT/GHEFT,IRT-only,0.0,0,0,1,0.3406,0.4076,0.7482,54.1878,1.4875,42,9,294,138,43,95,48.8642764057401,1.3414,55,11,312,167,110,57,50.431535928878,1.3844,44,11,302,150,105,45,12.027483,0,ok,logs/seed_4410.log
729459,e04y,4,y,baseline_plus_gheft,DHEFT/NHEFT/GHEFT,IRT-only,0.0,0,0,1,0.3264,0.3041,0.6305,48.6547,1.1741,48,10,302,154,52,102,46.863644904290425,1.1309,55,13,319,169,109,60,47.73112848751836,1.1518,48,12,302,165,119,46,12.998988,0,ok,logs/seed_729459.log
179329,e04y,4,y,baseline_plus_gheft,DHEFT/NHEFT/GHEFT,IRT-only,0.0,0,0,1,0.333,0.3161,0.6491,53.50949999999999,1.7076,42,10,262,128,52,76,44.666987277353684,1.4254,57,13,298,163,100,63,59.58164892703862,1.9014,48,12,310,166,123,43,15.595143,0,ok,logs/seed_179329.log
282114,e04y,4,y,baseline_plus_gheft,DHEFT/NHEFT/GHEFT,IRT-only,0.0,0,0,1,0.3385,0.3079,0.6464,47.7268,1.3268,42,10,298,110,42,68,41.906301,1.165,50,13,322,166,113,53,42.06640000000001,1.1694,41,10,298,146,111,35,11.140726,0,ok,logs/seed_282114.log
583172,e04y,4,y,baseline_plus_gheft,DHEFT/NHEFT/GHEFT,IRT-only,0.0,0,0,1,0.348,0.3596,0.7076,50.8283,1.3332,41,10,327,123,53,70,46.807545985401454,1.2277,65,13,337,189,116,73,42.393869975186114,1.1119,54,12,324,177,129,48,14.905075,0,ok,logs/seed_583172.log
534010,e04y,4,y,baseline_plus_gheft,DHEFT/NHEFT/GHEFT,IRT-only,0.0,0,0,1,0.3155,0.417,0.7325,55.97329999999999,1.4925,43,10,333,147,48,99,46.99789086039454,1.2532,62,14,357,206,143,63,50.674639908952955,1.3512,50,11,338,174,132,42,12.476754,0,ok,logs/seed_534010.log
824110,e04y,4,y,baseline_plus_gheft,DHEFT/NHEFT/GHEFT,IRT-only,0.0,0,0,1,0.276,0.3121,0.5881,54.43630000000002,1.4117,41,9,297,130,44,86,48.37560058454107,1.2545,58,13,332,169,119,50,48.75102080676328,1.2643,50,11,313,159,109,50,11.960527,0,ok,logs/seed_824110.log
897704,e04y,4,y,baseline_plus_gheft,DHEFT/NHEFT/GHEFT,IRT-only,0.0,0,0,1,0.3101,0.3893,0.6994,66.11049999999999,1.5379,41,11,297,118,41,77,49.948780503144654,1.162,58,13,327,160,96,64,71.57548050314465,1.6651,43,11,311,149,96,53,12.384525,0,ok,logs/seed_897704.log
226589,e04y,4,y,baseline_plus_gheft,DHEFT/NHEFT/GHEFT,IRT-only,0.0,0,0,1,0.3296,0.3779,0.7075,52.453500000000005,1.3103,39,9,295,123,55,68,45.53764026246443,1.1375,51,14,315,168,125,43,43.412348281505736,1.0844,46,13,313,172,132,40,12.800141,0,ok,logs/seed_226589.log
481886,e04y,4,y,baseline_plus_gheft,DHEFT/NHEFT/GHEFT,IRT-only,0.0,0,0,1,0.3151,0.3851,0.7002,58.82619999999999,1.8264,42,9,261,93,46,47,58.212536507936505,1.8074,64,12,308,157,98,59,58.212536507936505,1.8074,52,11,306,156,106,50,11.463105,0,ok,logs/seed_481886.log
982251,e04y,4,y,baseline_plus_gheft,DHEFT/NHEFT/GHEFT,IRT-only,0.0,0,0,1,0.2846,0.3654,0.65,50.619499999999995,1.2357,40,8,299,102,36,66,46.35313463138622,1.1315,50,11,306,137,96,41,45.58819397704342,1.1128,44,11,307,126,91,35,10.72833,0,ok,logs/seed_982251.log
543181,e04y,4,y,baseline_plus_gheft,DHEFT/NHEFT/GHEFT,IRT-only,0.0,0,0,1,0.3068,0.3447,0.6515,57.9285,1.7059,51,11,297,122,46,76,48.332690693593314,1.4233,57,12,332,165,110,55,57.30306543909349,1.6875,47,11,330,162,115,47,14.394548,0,ok,logs/seed_543181.log
397234,e04y,4,y,baseline_plus_gheft,DHEFT/NHEFT/GHEFT,IRT-only,0.0,0,0,1,0.3178,0.3557,0.6735,61.444599999999994,1.6228,44,11,309,135,44,91,59.01914944649447,1.5587,57,11,359,166,112,54,58.72134429530202,1.5509,55,12,338,175,113,62,14.009737,0,ok,logs/seed_397234.log
973889,e04y,4,y,baseline_plus_gheft,DHEFT/NHEFT/GHEFT,IRT-only,0.0,0,0,1,0.2956,0.3227,0.6183,57.41290000000001,1.2414,43,11,320,120,40,80,56.21277633512065,1.2154,59,13,338,168,108,60,66.6562493297587,1.4413,63,13,340,177,111,66,12.906803,0,ok,logs/seed_973889.log
110682,e04y,4,y,baseline_plus_gheft,DHEFT/NHEFT/GHEFT,IRT-only,0.0,0,0,1,0.3093,0.3658,0.6751,70.54269999999998,1.1665,35,7,281,112,41,71,66.37837074954295,1.0976,51,10,307,170,125,45,70.34299715669516,1.1632,49,10,292,144,113,31,9.54765,0,ok,logs/seed_110682.log
663813,e04y,4,y,baseline_plus_gheft,DHEFT/NHEFT/GHEFT,IRT-only,0.0,0,0,1,0.2955,0.3481,0.6436,65.9537,1.7061,42,9,272,112,40,72,57.13661266282421,1.478,55,11,317,148,100,48,56.495200000000004,1.4614,51,11,312,145,100,45,10.911516,0,ok,logs/seed_663813.log
895348,e04y,4,y,baseline_plus_gheft,DHEFT/NHEFT/GHEFT,IRT-only,0.0,0,0,1,0.3003,0.3554,0.6557,61.55499999999999,1.749,44,10,274,129,44,85,52.96160472440944,1.5048,61,13,320,165,100,65,58.64055882352942,1.6662,50,11,300,155,106,49,11.681148,0,ok,logs/seed_895348.log
840905,e04y,4,y,baseline_plus_gheft,DHEFT/NHEFT/GHEFT,IRT-only,0.0,0,0,1,0.3603,0.4118,0.7721,51.693699999999986,1.2203,50,12,292,151,51,100,51.53846769335468,1.2166,50,12,310,170,122,48,52.45445483870967,1.2383,43,11,312,165,128,37,11.951581,0,ok,logs/seed_840905.log
366120,e04y,4,y,baseline_plus_gheft,DHEFT/NHEFT/GHEFT,IRT-only,0.0,0,0,1,0.3383,0.4081,0.7464,55.652,1.2739,46,12,304,138,45,93,52.117427535037095,1.193,55,13,313,173,104,69,67.11185844155844,1.5362,48,12,302,182,116,66,10.071181,0,ok,logs/seed_366120.log
873087,e04y,4,y,baseline_plus_gheft,DHEFT/NHEFT/GHEFT,IRT-only,0.0,0,0,1,0.3275,0.2916,0.6191,45.0649,1.1443,38,10,302,138,41,97,43.34112172275552,1.1006,51,13,311,179,119,60,42.92413060573858,1.09,47,12,310,172,133,39,11.144511,0,ok,logs/seed_873087.log
333017,e04y,4,y,baseline_plus_gheft,DHEFT/NHEFT/GHEFT,IRT-only,0.0,0,0,1,0.3257,0.3931,0.7188,52.008300000000006,1.363,43,8,264,104,38,66,52.91040396495957,1.3867,55,11,306,157,101,56,59.66369704063241,1.5637,48,9,301,152,102,50,9.808889,0,ok,logs/seed_333017.log
479679,e04y,4,y,baseline_plus_gheft,DHEFT/NHEFT/GHEFT,IRT-only,0.0,0,0,1,0.3491,0.3406,0.6897,53.3138,1.6799,43,9,282,138,44,94,43.6484,1.3753,58,14,331,168,105,63,44.908233911368015,1.415,55,12,314,165,105,60,9.812338,0,ok,logs/seed_479679.log
547920,e04y,4,y,baseline_plus_gheft,DHEFT/NHEFT/GHEFT,IRT-only,0.0,0,0,1,0.3378,0.345,0.6828,57.56,1.5156,41,8,281,104,39,65,48.816679104477615,1.2853,56,10,334,143,93,50,49.693422110552774,1.3084,49,9,316,128,89,39,9.274622,0,ok,logs/seed_547920.log
397055,e04y,4,y,baseline_plus_gheft,DHEFT/NHEFT/GHEFT,IRT-only,0.0,0,0,1,0.3648,0.4515,0.8163,56.379099999999994,1.5008,43,12,308,145,41,104,60.01862775476387,1.5977,52,12,334,164,111,53,64.94521392405063,1.7289,55,13,331,179,118,61,10.05544,0,ok,logs/seed_397055.log
255407,e04y,4,y,baseline_plus_gheft,DHEFT/NHEFT/GHEFT,IRT-only,0.0,0,0,1,0.3401,0.3858,0.7259,53.9479,1.3325,48,12,319,149,49,100,43.99586111451317,1.0867,57,13,333,185,108,77,49.684838211382115,1.2272,47,12,326,181,123,58,9.892297,0,ok,logs/seed_255407.log
529276,e04y,4,y,baseline_plus_gheft,DHEFT/NHEFT/GHEFT,IRT-only,0.0,0,0,1,0.328,0.4255,0.7535,63.7575,1.7959,49,12,282,129,41,88,50.57103157894738,1.4245,58,12,346,175,113,62,59.772433739342276,1.6837,47,9,335,138,107,31,10.760844,0,ok,logs/seed_529276.log
772641,e04y,4,y,baseline_plus_gheft,DHEFT/NHEFT/GHEFT,IRT-only,0.0,0,0,1,0.3354,0.3603,0.6957,51.32450000000001,1.3446,45,10,316,139,44,95,47.385124414940385,1.2414,60,12,330,180,112,68,50.47387414965986,1.3223,55,12,320,190,133,57,11.40235,0,ok,logs/seed_772641.log
452290,e04y,4,y,baseline_plus_gheft,DHEFT/NHEFT/GHEFT,IRT-only,0.0,0,0,1,0.3118,0.3056,0.6174,55.04109999999999,1.5461,43,9,273,122,50,72,48.12779440203561,1.3519,55,12,316,163,106,57,49.11600000000001,1.3797,48,11,306,157,109,48,8.752358,0,ok,logs/seed_452290.log
70730,e04y,4,y,baseline_plus_gheft,DHEFT/NHEFT/GHEFT,IRT-only,0.0,0,0,1,0.3461,0.419,0.7651,51.16200000000001,1.5462,40,11,292,133,47,86,46.044897736842096,1.3915,54,12,339,169,99,70,43.541044736842096,1.3159,47,11,332,166,115,51,10.36944,0,ok,logs/seed_70730.log
29523,e04y,4,y,baseline_plus_gheft,DHEFT/NHEFT/GHEFT,IRT-only,0.0,0,0,1,0.3443,0.4148,0.7591,53.77770000000002,1.6422,45,11,296,144,47,97,47.11183076923076,1.4387,53,14,319,183,125,58,47.66005135640785,1.4554,42,12,314,176,133,43,7.780728,0,ok,logs/seed_29523.log
580005,e04y,4,y,baseline_plus_gheft,DHEFT/NHEFT/GHEFT,IRT-only,0.0,0,0,1,0.332,0.302,0.634,53.86429999999999,1.3108,47,10,311,125,48,77,46.64756533978133,1.1352,66,13,335,155,106,49,50.9146084074074,1.239,55,13,340,157,113,44,12.061929,0,ok,logs/seed_580005.log
273040,e04y,4,y,baseline_plus_gheft,DHEFT/NHEFT/GHEFT,IRT-only,0.0,0,0,1,0.3503,0.3485,0.6988,50.448899999999995,1.1841,41,9,304,117,49,68,46.5500729428173,1.0926,50,11,326,143,108,35,47.517825118483415,1.1153,44,10,320,159,116,43,9.366543,0,ok,logs/seed_273040.log
333143,e04y,4,y,baseline_plus_gheft,DHEFT/NHEFT/GHEFT,IRT-only,0.0,0,0,1,0.3337,0.414,0.7477,56.9743,1.1199,32,7,273,102,49,53,68.03172580195259,1.3372,51,10,316,168,122,46,68.03172580195259,1.3372,41,9,306,130,103,27,8.788029,0,ok,logs/seed_333143.log
6027,e04y,4,y,baseline_plus_gheft,DHEFT/NHEFT/GHEFT,IRT-only,0.0,0,0,1,0.29,0.2815,0.5715,56.8813,1.2968,43,9,322,152,46,106,52.2467113490364,1.1912,63,12,375,207,136,71,48.49557915845824,1.1056,57,12,340,196,138,58,9.742361,0,ok,logs/seed_6027.log
802904,e04y,4,y,baseline_plus_gheft,DHEFT/NHEFT/GHEFT,IRT-only,0.0,0,0,1,0.3172,0.3196,0.6368,53.3199,1.2861,49,10,327,141,47,94,50.427985781990536,1.2164,61,13,346,173,112,61,51.266022897800774,1.2366,55,12,343,177,129,48,12.500045,0,ok,logs/seed_802904.log
495402,e04y,4,y,baseline_plus_gheft,DHEFT/NHEFT/GHEFT,IRT-only,0.0,0,0,1,0.3141,0.3743,0.6884,60.0452,1.3416,47,11,316,143,41,102,51.058732724505326,1.1408,57,13,333,180,118,62,51.48723913850837,1.1504,52,13,333,178,120,58,10.588434,0,ok,logs/seed_495402.log
385502,e04y,4,y,baseline_plus_gheft,DHEFT/NHEFT/GHEFT,IRT-only,0.0,0,0,1,0.4063,0.4699,0.8762,53.5763,1.4134,43,9,295,118,46,72,42.20641812620507,1.1134,54,10,343,154,105,49,46.4185126984127,1.2246,48,10,329,157,112,45,11.529958,0,ok,logs/seed_385502.log
847050,e04y,4,y,baseline_plus_gheft,DHEFT/NHEFT/GHEFT,IRT-only,0.0,0,0,1,0.3056,0.3875,0.6931,52.76850000000001,1.3656,42,9,295,116,43,73,53.221574999999994,1.3774,49,10,314,153,112,41,50.79917499999999,1.3147,45,10,309,149,121,28,7.227903,0,ok,logs/seed_847050.log
386832,e04y,4,y,baseline_plus_gheft,DHEFT/NHEFT/GHEFT,IRT-only,0.0,0,0,1,0.3165,0.4529,0.7694,48.78750000000001,1.3755,42,10,300,128,50,78,44.3357055062167,1.2499,57,14,312,166,110,56,50.22985750500334,1.4161,45,12,302,177,133,44,9.072531,0,ok,logs/seed_386832.log
325099,e04y,4,y,baseline_plus_gheft,DHEFT/NHEFT/GHEFT,IRT-only,0.0,0,0,1,0.352,0.3927,0.7447,50.69239999999999,1.0924,44,9,314,121,46,75,55.61627237037037,1.1985,54,11,314,162,113,49,55.61627237037037,1.1985,45,9,312,160,119,41,7.419609,0,ok,logs/seed_325099.log
23707,e04y,4,y,baseline_plus_gheft,DHEFT/NHEFT/GHEFT,IRT-only,0.0,0,0,1,0.2971,0.4454,0.7425,66.90810000000002,1.7916,45,12,285,125,34,91,51.31116202783301,1.374,67,14,355,179,99,80,59.84079688939741,1.6024,54,11,321,158,101,57,8.270654,0,ok,logs/seed_23707.log
